entry,at,order
"The player ""JJJ @ iacG4hF18c"" stand up with the stack of 156.86.",2026-09-27T04:49:45.197Z,179048458519700
"""dih @ GO72Iwd2XL"" shows a 3♣, 6♦.",2026-09-27T04:49:41.125Z,179048458112500
"-- ending hand #542 --",2026-09-27T04:49:38.690Z,179048457869002
"""JJJ @ iacG4hF18c"" collected 72.00 from pot with A High (combination: 8♥, 9♦, 10♥, J♦, A♥)",2026-09-27T04:49:38.690Z,179048457869001
"""JJJ @ iacG4hF18c"" shows a 10♥, 3♠.",2026-09-27T04:49:38.690Z,179048457869000
"""JJJ @ iacG4hF18c"" checks",2026-09-27T04:49:37.875Z,179048457787500
"""dih @ GO72Iwd2XL"" checks",2026-09-27T04:49:36.774Z,179048457677400
"River: 9♦, 8♥, J♦, A♥ [5♦]",2026-09-27T04:49:33.078Z,179048457307800
"""JJJ @ iacG4hF18c"" checks",2026-09-27T04:49:32.254Z,179048457225400
"""dih @ GO72Iwd2XL"" checks",2026-09-27T04:49:31.389Z,179048457138900
"Turn: 9♦, 8♥, J♦ [A♥]",2026-09-27T04:49:30.079Z,179048457007900
"""JJJ @ iacG4hF18c"" checks",2026-09-27T04:49:29.261Z,179048456926100
"""dih @ GO72Iwd2XL"" checks",2026-09-27T04:49:27.349Z,179048456734900
"Flop:  [9♦, 8♥, J♦]",2026-09-27T04:49:25.625Z,179048456562500
"""dih @ GO72Iwd2XL"" calls 36.00",2026-09-27T04:49:24.795Z,179048456479500
"""JJJ @ iacG4hF18c"" raises to 36.00",2026-09-27T04:49:19.651Z,179048455965100
"""dih @ GO72Iwd2XL"" posts a big blind of 0.50",2026-09-27T04:49:09.085Z,179048454908510
"""JJJ @ iacG4hF18c"" posts a small blind of 0.25",2026-09-27T04:49:09.085Z,179048454908509
"Player stacks: #2 ""dih @ GO72Iwd2XL"" (581.03) | #10 ""JJJ @ iacG4hF18c"" (120.86)",2026-09-27T04:49:09.085Z,179048454908506
"The player ""JJJ @ iacG4hF18c"" joined the game with a stack of 120.86.",2026-09-27T04:49:09.085Z,179048454908505
"The player ""sack @ j5H1ebY2vH"" joined the game with a stack of 101.94.",2026-09-27T04:49:09.085Z,179048454908504
"The player ""Will @ h_ZrezeXHs"" joined the game with a stack of 204.26.",2026-09-27T04:49:09.085Z,179048454908503
"The player ""Heech @ wzsls5Sz57"" joined the game with a stack of 56.91.",2026-09-27T04:49:09.085Z,179048454908502
"The player ""dih @ GO72Iwd2XL"" joined the game with a stack of 581.03.",2026-09-27T04:49:09.085Z,179048454908501
"-- starting hand #542 (id: pyfsdmpvu6ry)  No Limit Texas Hold'em (dealer: ""JJJ @ iacG4hF18c"") --",2026-09-27T04:49:09.085Z,179048454908500
"The player ""JJJ @ iacG4hF18c"" sit back with the stack of 120.86.",2026-09-27T04:49:04.448Z,179048454444800
"The player ""JJJ @ iacG4hF18c"" stand up with the stack of 120.86.",2026-09-27T04:47:59.495Z,179048447949500
"""dih @ GO72Iwd2XL"" shows a 10♣, 2♣.",2026-09-27T04:47:55.229Z,179048447522900
"-- ending hand #541 --",2026-09-27T04:47:52.986Z,179048447298602
"""JJJ @ iacG4hF18c"" collected 60.00 from pot with Two Pair, Q's & J's (combination: 9♠, J♣, J♦, Q♥, Q♠)",2026-09-27T04:47:52.986Z,179048447298601
"""JJJ @ iacG4hF18c"" shows a 6♠, Q♥.",2026-09-27T04:47:52.986Z,179048447298600
"""JJJ @ iacG4hF18c"" checks",2026-09-27T04:47:52.150Z,179048447215000
"""dih @ GO72Iwd2XL"" checks",2026-09-27T04:47:51.230Z,179048447123000
"River: J♣, J♦, Q♠, 9♠ [4♥]",2026-09-27T04:47:50.139Z,179048447013900
"""JJJ @ iacG4hF18c"" checks",2026-09-27T04:47:49.289Z,179048446928900
"""dih @ GO72Iwd2XL"" checks",2026-09-27T04:47:48.423Z,179048446842300
"Turn: J♣, J♦, Q♠ [9♠]",2026-09-27T04:47:47.138Z,179048446713800
"""JJJ @ iacG4hF18c"" checks",2026-09-27T04:47:46.314Z,179048446631400
"""dih @ GO72Iwd2XL"" checks",2026-09-27T04:47:45.377Z,179048446537700
"Flop:  [J♣, J♦, Q♠]",2026-09-27T04:47:43.732Z,179048446373200
"""dih @ GO72Iwd2XL"" calls 30.00",2026-09-27T04:47:42.881Z,179048446288100
"""JJJ @ iacG4hF18c"" raises to 30.00",2026-09-27T04:47:39.803Z,179048445980300
"""dih @ GO72Iwd2XL"" posts a big blind of 0.50",2026-09-27T04:47:32.319Z,179048445231910
"""JJJ @ iacG4hF18c"" posts a small blind of 0.25",2026-09-27T04:47:32.319Z,179048445231909
"Player stacks: #2 ""dih @ GO72Iwd2XL"" (611.03) | #10 ""JJJ @ iacG4hF18c"" (90.86)",2026-09-27T04:47:32.319Z,179048445231906
"The player ""JJJ @ iacG4hF18c"" joined the game with a stack of 90.86.",2026-09-27T04:47:32.319Z,179048445231905
"The player ""sack @ j5H1ebY2vH"" joined the game with a stack of 101.94.",2026-09-27T04:47:32.319Z,179048445231904
"The player ""Will @ h_ZrezeXHs"" joined the game with a stack of 204.26.",2026-09-27T04:47:32.319Z,179048445231903
"The player ""Heech @ wzsls5Sz57"" joined the game with a stack of 56.91.",2026-09-27T04:47:32.319Z,179048445231902
"The player ""dih @ GO72Iwd2XL"" joined the game with a stack of 611.03.",2026-09-27T04:47:32.319Z,179048445231901
"-- starting hand #541 (id: t4slmw0tdeq0)  No Limit Texas Hold'em (dealer: ""JJJ @ iacG4hF18c"") --",2026-09-27T04:47:32.319Z,179048445231900
"The player ""dih @ GO72Iwd2XL"" sit back with the stack of 611.03.",2026-09-27T04:47:30.257Z,179048445025700
"The player ""dih @ GO72Iwd2XL"" stand up with the stack of 611.03.",2026-09-27T02:28:17.644Z,179047609764401
"Game Config Changes
* Game Type Cyling: off » off
* Double Board: off » off
* Simulated Fee: off » off
* Simulated Fee Percentage: off » null
* Simulated Fee Max Value: none » none
* 7-2 bounty: 100 » off",2026-09-27T02:28:17.644Z,179047609764400
"The player ""rowan @ GthBpPSqaK"" passed the room ownership to ""dih @ GO72Iwd2XL"".",2026-09-27T02:28:12.795Z,179047609279500
"-- ending hand #540 --",2026-09-27T02:28:11.581Z,179047609158103
"""dih @ GO72Iwd2XL"" collected 1.00 from pot with Pair, 7's (combination: 6♦, 9♠, J♥, 7♦, 7♣)",2026-09-27T02:28:11.581Z,179047609158102
"""dih @ GO72Iwd2XL"" shows a 7♦, J♥.",2026-09-27T02:28:11.581Z,179047609158101
"""JJJ @ iacG4hF18c"" shows a 8♣, 3♠.",2026-09-27T02:28:11.581Z,179047609158100
"""JJJ @ iacG4hF18c"" checks",2026-09-27T02:28:10.741Z,179047609074100
"""dih @ GO72Iwd2XL"" checks",2026-09-27T02:28:09.893Z,179047608989300
"River: 9♠, 3♣, 6♦, 7♣ [2♠]",2026-09-27T02:28:08.950Z,179047608895000
"""JJJ @ iacG4hF18c"" checks",2026-09-27T02:28:08.147Z,179047608814700
"""dih @ GO72Iwd2XL"" checks",2026-09-27T02:28:07.269Z,179047608726900
"Turn: 9♠, 3♣, 6♦ [7♣]",2026-09-27T02:28:05.349Z,179047608534900
"""JJJ @ iacG4hF18c"" checks",2026-09-27T02:28:04.516Z,179047608451600
"""dih @ GO72Iwd2XL"" checks",2026-09-27T02:28:03.434Z,179047608343400
"Flop:  [9♠, 3♣, 6♦]",2026-09-27T02:27:18.420Z,179047603842000
"""dih @ GO72Iwd2XL"" checks",2026-09-27T02:27:17.582Z,179047603758200
"""JJJ @ iacG4hF18c"" calls 0.50",2026-09-27T02:27:16.636Z,179047603663600
"""dih @ GO72Iwd2XL"" posts a big blind of 0.50",2026-09-27T02:27:12.614Z,179047603261406
"""JJJ @ iacG4hF18c"" posts a small blind of 0.25",2026-09-27T02:27:12.614Z,179047603261405
"Player stacks: #2 ""dih @ GO72Iwd2XL"" (610.53) | #10 ""JJJ @ iacG4hF18c"" (91.36)",2026-09-27T02:27:12.614Z,179047603261402
"-- starting hand #540 (id: vprv3es8hjdu)  No Limit Texas Hold'em (dealer: ""JJJ @ iacG4hF18c"") --",2026-09-27T02:27:12.614Z,179047603261401
"The player ""rowan @ GthBpPSqaK"" quits the game with a stack of 0.00.",2026-09-27T02:27:12.614Z,179047603261400
"Asking to busted players the rebuy decision.",2026-09-27T02:27:10.402Z,179047603040200
"-- ending hand #539 --",2026-09-27T02:27:04.388Z,179047602438804
"""rowan @ GthBpPSqaK"" shows a 7♥, 9♥.",2026-09-27T02:27:04.388Z,179047602438803
"""dih @ GO72Iwd2XL"" collected 169.28 from pot with Flush, Q High (combination: 3♣, 4♣, 6♣, 7♣, Q♣)",2026-09-27T02:27:04.388Z,179047602438802
"""dih @ GO72Iwd2XL"" shows a 3♣, Q♣.",2026-09-27T02:27:04.388Z,179047602438801
"Uncalled bet of 441.25 returned to ""dih @ GO72Iwd2XL""",2026-09-27T02:27:04.388Z,179047602438800
"""rowan @ GthBpPSqaK"" calls 64.64 and go all in",2026-09-27T02:27:03.505Z,179047602350500
"""dih @ GO72Iwd2XL"" bets 505.89 and go all in",2026-09-27T02:27:02.489Z,179047602248900
"""rowan @ GthBpPSqaK"" checks",2026-09-27T02:26:54.147Z,179047601414700
"River: 7♠, 10♥, 4♣, 6♣ [7♣]",2026-09-27T02:26:51.183Z,179047601118300
"""rowan @ GthBpPSqaK"" calls 12.00",2026-09-27T02:26:50.347Z,179047601034700
"""dih @ GO72Iwd2XL"" bets 12.00",2026-09-27T02:26:46.507Z,179047600650700
"""rowan @ GthBpPSqaK"" checks",2026-09-27T02:26:42.706Z,179047600270600
"Turn: 7♠, 10♥, 4♣ [6♣]",2026-09-27T02:26:40.951Z,179047600095100
"""JJJ @ iacG4hF18c"" folds",2026-09-27T02:26:40.120Z,179047600012000
"""dih @ GO72Iwd2XL"" calls 3.50",2026-09-27T02:26:39.250Z,179047599925000
"""rowan @ GthBpPSqaK"" bets 3.50",2026-09-27T02:26:37.590Z,179047599759000
"""JJJ @ iacG4hF18c"" checks",2026-09-27T02:26:34.034Z,179047599403400
"Flop:  [7♠, 10♥, 4♣]",2026-09-27T02:26:32.742Z,179047599274200
"""JJJ @ iacG4hF18c"" calls 3.00",2026-09-27T02:26:31.912Z,179047599191200
"""dih @ GO72Iwd2XL"" calls 3.00",2026-09-27T02:26:29.987Z,179047598998700
"""rowan @ GthBpPSqaK"" raises to 3.00",2026-09-27T02:26:28.894Z,179047598889400
"""JJJ @ iacG4hF18c"" calls 0.50",2026-09-27T02:26:25.419Z,179047598541900
"""dih @ GO72Iwd2XL"" calls 0.50",2026-09-27T02:26:21.909Z,179047598190900
"""rowan @ GthBpPSqaK"" posts a big blind of 0.50",2026-09-27T02:26:12.847Z,179047597284706
"""JJJ @ iacG4hF18c"" posts a small blind of 0.25",2026-09-27T02:26:12.847Z,179047597284705
"Player stacks: #1 ""rowan @ GthBpPSqaK"" (83.14) | #2 ""dih @ GO72Iwd2XL"" (524.39) | #10 ""JJJ @ iacG4hF18c"" (94.36)",2026-09-27T02:26:12.847Z,179047597284701
"-- starting hand #539 (id: x8tfermbunmo)  No Limit Texas Hold'em (dealer: ""dih @ GO72Iwd2XL"") --",2026-09-27T02:26:12.847Z,179047597284700
"""JJJ @ iacG4hF18c"" shows a 4♣, 10♣.",2026-09-27T02:26:05.459Z,179047596545900
"-- ending hand #538 --",2026-09-27T02:26:04.317Z,179047596431702
"""rowan @ GthBpPSqaK"" collected 41.57 from pot with Two Pair, K's & Q's on the second run  (combination: 10♠, Q♠, Q♥, K♣, K♠)",2026-09-27T02:26:04.317Z,179047596431701
"""rowan @ GthBpPSqaK"" collected 41.57 from pot with Two Pair, Q's & 10's (combination: K♣, 10♠, 10♥, Q♠, Q♥)",2026-09-27T02:26:04.317Z,179047596431700
"River (second run): Q♥, 7♠, 10♠, 7♦ [K♠]",2026-09-27T02:26:00.308Z,179047596030800
"Turn (second run): Q♥, 7♠, 10♠ [7♦]",2026-09-27T02:25:56.266Z,179047595626600
"River: Q♥, 7♠, 10♠, 10♥ [4♠]",2026-09-27T02:25:52.251Z,179047595225100
"Turn: Q♥, 7♠, 10♠ [10♥]",2026-09-27T02:25:48.175Z,179047594817500
"""dih @ GO72Iwd2XL"" shows a J♠, J♣.",2026-09-27T02:25:44.170Z,179047594417001
"""rowan @ GthBpPSqaK"" shows a K♣, Q♠.",2026-09-27T02:25:44.170Z,179047594417000
"All players in hand choose to run it twice.",2026-09-27T02:25:43.278Z,179047594327801
"""dih @ GO72Iwd2XL"" chooses to  run it twice.",2026-09-27T02:25:43.278Z,179047594327800
"""rowan @ GthBpPSqaK"" chooses to  run it twice.",2026-09-27T02:25:40.625Z,179047594062500
"Remaining players decide whether to run it twice.",2026-09-27T02:25:39.579Z,179047593957901
"""dih @ GO72Iwd2XL"" calls 35.32",2026-09-27T02:25:39.579Z,179047593957900
"""rowan @ GthBpPSqaK"" raises to 35.32 and go all in",2026-09-27T02:25:37.381Z,179047593738100
"""dih @ GO72Iwd2XL"" bets 9.37",2026-09-27T02:25:33.805Z,179047593380500
"Flop:  [Q♥, 7♠, 10♠]",2026-09-27T02:25:30.557Z,179047593055700
"""rowan @ GthBpPSqaK"" calls 6.00",2026-09-27T02:25:29.747Z,179047592974700
"""JJJ @ iacG4hF18c"" folds",2026-09-27T02:25:27.276Z,179047592727600
"""dih @ GO72Iwd2XL"" raises to 6.00",2026-09-27T02:25:25.835Z,179047592583500
"""rowan @ GthBpPSqaK"" raises to 2.00",2026-09-27T02:25:21.935Z,179047592193500
"""JJJ @ iacG4hF18c"" posts a big blind of 0.50",2026-09-27T02:25:19.056Z,179047591905606
"""dih @ GO72Iwd2XL"" posts a small blind of 0.25",2026-09-27T02:25:19.056Z,179047591905605
"Player stacks: #1 ""rowan @ GthBpPSqaK"" (41.32) | #2 ""dih @ GO72Iwd2XL"" (565.71) | #10 ""JJJ @ iacG4hF18c"" (94.86)",2026-09-27T02:25:19.056Z,179047591905601
"-- starting hand #538 (id: ybdl78x0497r)  No Limit Texas Hold'em (dealer: ""rowan @ GthBpPSqaK"") --",2026-09-27T02:25:19.056Z,179047591905600
"-- ending hand #537 --",2026-09-27T02:25:13.143Z,179047591314302
"""dih @ GO72Iwd2XL"" collected 0.50 from pot",2026-09-27T02:25:13.143Z,179047591314301
"Uncalled bet of 0.25 returned to ""dih @ GO72Iwd2XL""",2026-09-27T02:25:13.143Z,179047591314300
"""rowan @ GthBpPSqaK"" folds",2026-09-27T02:25:12.280Z,179047591228000
"""JJJ @ iacG4hF18c"" folds",2026-09-27T02:25:11.354Z,179047591135400
"""dih @ GO72Iwd2XL"" posts a big blind of 0.50",2026-09-27T02:25:09.852Z,179047590985206
"""rowan @ GthBpPSqaK"" posts a small blind of 0.25",2026-09-27T02:25:09.852Z,179047590985205
"Player stacks: #1 ""rowan @ GthBpPSqaK"" (41.57) | #2 ""dih @ GO72Iwd2XL"" (565.46) | #10 ""JJJ @ iacG4hF18c"" (94.86)",2026-09-27T02:25:09.852Z,179047590985201
"-- starting hand #537 (id: jqvldmhbwecx)  No Limit Texas Hold'em (dealer: ""JJJ @ iacG4hF18c"") --",2026-09-27T02:25:09.852Z,179047590985200
"-- ending hand #536 --",2026-09-27T02:25:03.784Z,179047590378403
"""dih @ GO72Iwd2XL"" collected 79.97 from pot with Two Pair, K's & 4's (combination: 5♠, 4♦, 4♣, K♥, K♠)",2026-09-27T02:25:03.784Z,179047590378402
"""dih @ GO72Iwd2XL"" shows a 3♥, K♥.",2026-09-27T02:25:03.784Z,179047590378401
"""rowan @ GthBpPSqaK"" shows a A♠, Q♥.",2026-09-27T02:25:03.784Z,179047590378400
"""dih @ GO72Iwd2XL"" calls 20.74",2026-09-27T02:25:02.931Z,179047590293100
"""rowan @ GthBpPSqaK"" bets 20.74",2026-09-27T02:24:38.230Z,179047587823000
"River: K♠, 5♠, 3♣, 4♦ [4♣]",2026-09-27T02:24:25.281Z,179047586528100
"""dih @ GO72Iwd2XL"" calls 9.62",2026-09-27T02:24:24.466Z,179047586446600
"""rowan @ GthBpPSqaK"" bets 9.62",2026-09-27T02:24:19.626Z,179047585962600
"Turn: K♠, 5♠, 3♣ [4♦]",2026-09-27T02:24:15.332Z,179047585533200
"""rowan @ GthBpPSqaK"" calls 7.00",2026-09-27T02:24:14.479Z,179047585447900
"""dih @ GO72Iwd2XL"" raises to 7.00",2026-09-27T02:24:13.325Z,179047585332500
"""rowan @ GthBpPSqaK"" bets 2.50",2026-09-27T02:24:07.162Z,179047584716200
"Flop:  [K♠, 5♠, 3♣]",2026-09-27T02:24:03.471Z,179047584347100
"""dih @ GO72Iwd2XL"" calls 2.50",2026-09-27T02:24:02.549Z,179047584254900
"""rowan @ GthBpPSqaK"" raises to 2.50",2026-09-27T02:23:55.052Z,179047583505200
"""JJJ @ iacG4hF18c"" folds",2026-09-27T02:23:51.426Z,179047583142600
"""dih @ GO72Iwd2XL"" calls 0.50",2026-09-27T02:23:48.059Z,179047582805900
"""rowan @ GthBpPSqaK"" posts a big blind of 0.50",2026-09-27T02:23:43.800Z,179047582380006
"""JJJ @ iacG4hF18c"" posts a small blind of 0.25",2026-09-27T02:23:43.800Z,179047582380005
"Player stacks: #1 ""rowan @ GthBpPSqaK"" (81.43) | #2 ""dih @ GO72Iwd2XL"" (525.35) | #10 ""JJJ @ iacG4hF18c"" (95.11)",2026-09-27T02:23:43.800Z,179047582380001
"-- starting hand #536 (id: znp4dxmbtdha)  No Limit Texas Hold'em (dealer: ""dih @ GO72Iwd2XL"") --",2026-09-27T02:23:43.800Z,179047582380000
"-- ending hand #535 --",2026-09-27T02:23:37.889Z,179047581788902
"""rowan @ GthBpPSqaK"" collected 1.25 from pot",2026-09-27T02:23:37.889Z,179047581788901
"Uncalled bet of 2.00 returned to ""rowan @ GthBpPSqaK""",2026-09-27T02:23:37.889Z,179047581788900
"""JJJ @ iacG4hF18c"" folds",2026-09-27T02:23:37.018Z,179047581701800
"""dih @ GO72Iwd2XL"" folds",2026-09-27T02:23:35.314Z,179047581531400
"""rowan @ GthBpPSqaK"" raises to 2.50",2026-09-27T02:23:27.744Z,179047580774400
"""JJJ @ iacG4hF18c"" posts a big blind of 0.50",2026-09-27T02:23:24.958Z,179047580495806
"""dih @ GO72Iwd2XL"" posts a small blind of 0.25",2026-09-27T02:23:24.958Z,179047580495805
"Player stacks: #1 ""rowan @ GthBpPSqaK"" (80.68) | #2 ""dih @ GO72Iwd2XL"" (525.60) | #10 ""JJJ @ iacG4hF18c"" (95.61)",2026-09-27T02:23:24.958Z,179047580495801
"-- starting hand #535 (id: c5qsz9ubyiyl)  No Limit Texas Hold'em (dealer: ""rowan @ GthBpPSqaK"") --",2026-09-27T02:23:24.958Z,179047580495800
"-- ending hand #534 --",2026-09-27T02:23:18.954Z,179047579895403
"""JJJ @ iacG4hF18c"" collected 4.25 from pot with A High (combination: 8♠, J♠, Q♦, K♥, A♥)",2026-09-27T02:23:18.954Z,179047579895402
"""JJJ @ iacG4hF18c"" shows a J♠, Q♦.",2026-09-27T02:23:18.954Z,179047579895401
"""dih @ GO72Iwd2XL"" shows a 4♦, 6♦.",2026-09-27T02:23:18.954Z,179047579895400
"""JJJ @ iacG4hF18c"" checks",2026-09-27T02:23:18.117Z,179047579811700
"""dih @ GO72Iwd2XL"" checks",2026-09-27T02:23:17.199Z,179047579719900
"River: 5♥, 2♥, K♥, A♥ [8♠]",2026-09-27T02:23:16.347Z,179047579634700
"""JJJ @ iacG4hF18c"" checks",2026-09-27T02:23:15.523Z,179047579552300
"""dih @ GO72Iwd2XL"" checks",2026-09-27T02:23:14.334Z,179047579433400
"Turn: 5♥, 2♥, K♥ [A♥]",2026-09-27T02:23:13.348Z,179047579334800
"""JJJ @ iacG4hF18c"" checks",2026-09-27T02:23:12.515Z,179047579251500
"""dih @ GO72Iwd2XL"" checks",2026-09-27T02:23:11.659Z,179047579165900
"Flop:  [5♥, 2♥, K♥]",2026-09-27T02:23:09.974Z,179047578997400
"""JJJ @ iacG4hF18c"" calls 2.00",2026-09-27T02:23:09.151Z,179047578915100
"""dih @ GO72Iwd2XL"" raises to 2.00",2026-09-27T02:23:08.140Z,179047578814000
"""rowan @ GthBpPSqaK"" folds",2026-09-27T02:22:49.869Z,179047576986900
"""JJJ @ iacG4hF18c"" calls 0.50",2026-09-27T02:22:48.957Z,179047576895700
"""dih @ GO72Iwd2XL"" posts a big blind of 0.50",2026-09-27T02:22:47.826Z,179047576782606
"""rowan @ GthBpPSqaK"" posts a small blind of 0.25",2026-09-27T02:22:47.826Z,179047576782605
"Player stacks: #1 ""rowan @ GthBpPSqaK"" (80.93) | #2 ""dih @ GO72Iwd2XL"" (527.60) | #10 ""JJJ @ iacG4hF18c"" (93.36)",2026-09-27T02:22:47.826Z,179047576782601
"-- starting hand #534 (id: zwvfm6gknrnh)  No Limit Texas Hold'em (dealer: ""JJJ @ iacG4hF18c"") --",2026-09-27T02:22:47.826Z,179047576782600
"-- ending hand #533 --",2026-09-27T02:22:41.897Z,179047576189702
"""rowan @ GthBpPSqaK"" collected 1.00 from pot",2026-09-27T02:22:41.897Z,179047576189701
"Uncalled bet of 0.50 returned to ""rowan @ GthBpPSqaK""",2026-09-27T02:22:41.897Z,179047576189700
"""JJJ @ iacG4hF18c"" folds",2026-09-27T02:22:41.047Z,179047576104700
"""rowan @ GthBpPSqaK"" bets 0.50",2026-09-27T02:22:40.162Z,179047576016200
"""JJJ @ iacG4hF18c"" checks",2026-09-27T02:22:38.825Z,179047575882500
"Flop:  [Q♣, 2♦, 3♥]",2026-09-27T02:22:37.090Z,179047575709000
"""rowan @ GthBpPSqaK"" checks",2026-09-27T02:22:36.272Z,179047575627200
"""JJJ @ iacG4hF18c"" calls 0.50",2026-09-27T02:22:35.341Z,179047575534100
"""dih @ GO72Iwd2XL"" folds",2026-09-27T02:22:28.850Z,179047574885000
"""rowan @ GthBpPSqaK"" posts a big blind of 0.50",2026-09-27T02:22:26.207Z,179047574620706
"""JJJ @ iacG4hF18c"" posts a small blind of 0.25",2026-09-27T02:22:26.207Z,179047574620705
"Player stacks: #1 ""rowan @ GthBpPSqaK"" (80.43) | #2 ""dih @ GO72Iwd2XL"" (527.60) | #10 ""JJJ @ iacG4hF18c"" (93.86)",2026-09-27T02:22:26.207Z,179047574620701
"-- starting hand #533 (id: fyv9vthxg7db)  No Limit Texas Hold'em (dealer: ""dih @ GO72Iwd2XL"") --",2026-09-27T02:22:26.207Z,179047574620700
"-- ending hand #532 --",2026-09-27T02:22:23.206Z,179047574320602
"""JJJ @ iacG4hF18c"" collected 8.25 from pot",2026-09-27T02:22:23.206Z,179047574320601
"Uncalled bet of 8.25 returned to ""JJJ @ iacG4hF18c""",2026-09-27T02:22:23.206Z,179047574320600
"""rowan @ GthBpPSqaK"" folds",2026-09-27T02:22:22.284Z,179047574228400
"""JJJ @ iacG4hF18c"" bets 8.25",2026-09-27T02:22:20.945Z,179047574094500
"River: A♦, K♦, 7♥, 9♦ [10♣]",2026-09-27T02:22:15.598Z,179047573559800
"""rowan @ GthBpPSqaK"" checks",2026-09-27T02:22:14.689Z,179047573468900
"""JJJ @ iacG4hF18c"" checks",2026-09-27T02:22:12.859Z,179047573285900
"Turn: A♦, K♦, 7♥ [9♦]",2026-09-27T02:22:11.396Z,179047573139600
"""JJJ @ iacG4hF18c"" calls 2.00",2026-09-27T02:22:10.589Z,179047573058900
"""rowan @ GthBpPSqaK"" bets 2.00",2026-09-27T02:22:08.873Z,179047572887300
"""JJJ @ iacG4hF18c"" checks",2026-09-27T02:22:06.226Z,179047572622600
"Flop:  [A♦, K♦, 7♥]",2026-09-27T02:22:04.393Z,179047572439300
"""JJJ @ iacG4hF18c"" calls 2.00",2026-09-27T02:22:03.533Z,179047572353300
"""dih @ GO72Iwd2XL"" folds",2026-09-27T02:21:46.042Z,179047570604200
"""rowan @ GthBpPSqaK"" raises to 2.00",2026-09-27T02:21:30.706Z,179047569070600
"""JJJ @ iacG4hF18c"" posts a big blind of 0.50",2026-09-27T02:21:28.747Z,179047568874706
"""dih @ GO72Iwd2XL"" posts a small blind of 0.25",2026-09-27T02:21:28.747Z,179047568874705
"Player stacks: #1 ""rowan @ GthBpPSqaK"" (84.43) | #2 ""dih @ GO72Iwd2XL"" (527.85) | #10 ""JJJ @ iacG4hF18c"" (89.61)",2026-09-27T02:21:28.747Z,179047568874701
"-- starting hand #532 (id: htxuie8vopee)  No Limit Texas Hold'em (dealer: ""rowan @ GthBpPSqaK"") --",2026-09-27T02:21:28.747Z,179047568874700
"-- ending hand #531 --",2026-09-27T02:21:22.742Z,179047568274201
"""JJJ @ iacG4hF18c"" collected 1.25 from pot",2026-09-27T02:21:22.742Z,179047568274200
"""dih @ GO72Iwd2XL"" folds",2026-09-27T02:21:21.823Z,179047568182300
"""rowan @ GthBpPSqaK"" folds",2026-09-27T02:21:17.161Z,179047567716100
"""JJJ @ iacG4hF18c"" calls 0.50",2026-09-27T02:21:15.692Z,179047567569200
"""dih @ GO72Iwd2XL"" posts a big blind of 0.50",2026-09-27T02:21:14.800Z,179047567480006
"""rowan @ GthBpPSqaK"" posts a small blind of 0.25",2026-09-27T02:21:14.800Z,179047567480005
"Player stacks: #1 ""rowan @ GthBpPSqaK"" (84.68) | #2 ""dih @ GO72Iwd2XL"" (528.35) | #10 ""JJJ @ iacG4hF18c"" (88.86)",2026-09-27T02:21:14.800Z,179047567480001
"-- starting hand #531 (id: yjkomwuvfhza)  No Limit Texas Hold'em (dealer: ""JJJ @ iacG4hF18c"") --",2026-09-27T02:21:14.800Z,179047567480000
"""rowan @ GthBpPSqaK"" shows a 8♣.",2026-09-27T02:21:11.029Z,179047567102900
"""JJJ @ iacG4hF18c"" shows a 5♣.",2026-09-27T02:21:10.221Z,179047567022100
"""JJJ @ iacG4hF18c"" shows a 5♠.",2026-09-27T02:21:09.251Z,179047566925100
"-- ending hand #530 --",2026-09-27T02:21:07.492Z,179047566749202
"""JJJ @ iacG4hF18c"" collected 1.00 from pot",2026-09-27T02:21:07.492Z,179047566749201
"Uncalled bet of 1.00 returned to ""JJJ @ iacG4hF18c""",2026-09-27T02:21:07.492Z,179047566749200
"""rowan @ GthBpPSqaK"" folds",2026-09-27T02:21:06.600Z,179047566660000
"""JJJ @ iacG4hF18c"" bets 1.00",2026-09-27T02:21:05.715Z,179047566571500
"Flop:  [2♥, 2♣, 9♦]",2026-09-27T02:21:02.694Z,179047566269400
"""rowan @ GthBpPSqaK"" checks",2026-09-27T02:21:01.852Z,179047566185200
"""JJJ @ iacG4hF18c"" calls 0.50",2026-09-27T02:21:00.899Z,179047566089900
"""dih @ GO72Iwd2XL"" folds",2026-09-27T02:20:59.487Z,179047565948700
"""rowan @ GthBpPSqaK"" posts a big blind of 0.50",2026-09-27T02:20:52.373Z,179047565237306
"""JJJ @ iacG4hF18c"" posts a small blind of 0.25",2026-09-27T02:20:52.373Z,179047565237305
"Player stacks: #1 ""rowan @ GthBpPSqaK"" (85.18) | #2 ""dih @ GO72Iwd2XL"" (528.35) | #10 ""JJJ @ iacG4hF18c"" (88.36)",2026-09-27T02:20:52.373Z,179047565237301
"-- starting hand #530 (id: c9lezoicvfgt)  No Limit Texas Hold'em (dealer: ""dih @ GO72Iwd2XL"") --",2026-09-27T02:20:52.373Z,179047565237300
"""rowan @ GthBpPSqaK"" shows a 6♦, K♦.",2026-09-27T02:20:46.398Z,179047564639800
"-- ending hand #529 --",2026-09-27T02:20:45.763Z,179047564576302
"""JJJ @ iacG4hF18c"" collected 18.00 from pot",2026-09-27T02:20:45.763Z,179047564576301
"Uncalled bet of 9.00 returned to ""JJJ @ iacG4hF18c""",2026-09-27T02:20:45.763Z,179047564576300
"""dih @ GO72Iwd2XL"" folds",2026-09-27T02:20:44.910Z,179047564491000
"""JJJ @ iacG4hF18c"" bets 9.00",2026-09-27T02:20:41.815Z,179047564181500
"""dih @ GO72Iwd2XL"" checks",2026-09-27T02:20:36.045Z,179047563604500
"Turn: 6♠, 10♣, Q♥ [6♣]",2026-09-27T02:20:33.881Z,179047563388100
"""rowan @ GthBpPSqaK"" folds",2026-09-27T02:20:33.068Z,179047563306800
"""JJJ @ iacG4hF18c"" calls 6.00",2026-09-27T02:20:31.334Z,179047563133400
"""dih @ GO72Iwd2XL"" bets 6.00",2026-09-27T02:20:23.809Z,179047562380900
"Flop:  [6♠, 10♣, Q♥]",2026-09-27T02:20:09.997Z,179047560999700
"""JJJ @ iacG4hF18c"" calls 2.00",2026-09-27T02:20:09.137Z,179047560913700
"""dih @ GO72Iwd2XL"" calls 2.00",2026-09-27T02:20:08.009Z,179047560800900
"""rowan @ GthBpPSqaK"" raises to 2.00",2026-09-27T02:20:05.917Z,179047560591700
"""JJJ @ iacG4hF18c"" posts a big blind of 0.50",2026-09-27T02:20:03.776Z,179047560377606
"""dih @ GO72Iwd2XL"" posts a small blind of 0.25",2026-09-27T02:20:03.776Z,179047560377605
"Player stacks: #1 ""rowan @ GthBpPSqaK"" (87.18) | #2 ""dih @ GO72Iwd2XL"" (536.35) | #10 ""JJJ @ iacG4hF18c"" (78.36)",2026-09-27T02:20:03.776Z,179047560377601
"-- starting hand #529 (id: hfo0jtc5gc6t)  No Limit Texas Hold'em (dealer: ""rowan @ GthBpPSqaK"") --",2026-09-27T02:20:03.776Z,179047560377600
"""rowan @ GthBpPSqaK"" shows a K♥, 7♥.",2026-09-27T02:20:01.604Z,179047560160400
"-- ending hand #528 --",2026-09-27T02:20:00.146Z,179047560014602
"""JJJ @ iacG4hF18c"" collected 5.50 from pot",2026-09-27T02:20:00.146Z,179047560014601
"Uncalled bet of 4.12 returned to ""JJJ @ iacG4hF18c""",2026-09-27T02:20:00.146Z,179047560014600
"""rowan @ GthBpPSqaK"" folds",2026-09-27T02:19:59.215Z,179047559921500
"""JJJ @ iacG4hF18c"" bets 4.12",2026-09-27T02:19:58.363Z,179047559836300
"""rowan @ GthBpPSqaK"" checks",2026-09-27T02:19:55.405Z,179047559540500
"River: 9♦, Q♠, 9♠, 3♦ [5♥]",2026-09-27T02:19:54.526Z,179047559452600
"""JJJ @ iacG4hF18c"" checks",2026-09-27T02:19:53.695Z,179047559369500
"""rowan @ GthBpPSqaK"" checks",2026-09-27T02:19:52.743Z,179047559274300
"Turn: 9♦, Q♠, 9♠ [3♦]",2026-09-27T02:19:51.488Z,179047559148800
"""JJJ @ iacG4hF18c"" checks",2026-09-27T02:19:50.676Z,179047559067600
"""rowan @ GthBpPSqaK"" checks",2026-09-27T02:19:48.862Z,179047558886200
"Flop:  [9♦, Q♠, 9♠]",2026-09-27T02:19:47.123Z,179047558712300
"""JJJ @ iacG4hF18c"" calls 2.50",2026-09-27T02:19:46.314Z,179047558631400
"""dih @ GO72Iwd2XL"" folds",2026-09-27T02:19:45.421Z,179047558542100
"""rowan @ GthBpPSqaK"" raises to 2.50",2026-09-27T02:19:44.563Z,179047558456300
"""JJJ @ iacG4hF18c"" calls 0.50",2026-09-27T02:19:41.907Z,179047558190700
"""dih @ GO72Iwd2XL"" posts a big blind of 0.50",2026-09-27T02:19:40.683Z,179047558068306
"""rowan @ GthBpPSqaK"" posts a small blind of 0.25",2026-09-27T02:19:40.683Z,179047558068305
"Player stacks: #1 ""rowan @ GthBpPSqaK"" (89.68) | #2 ""dih @ GO72Iwd2XL"" (536.85) | #10 ""JJJ @ iacG4hF18c"" (75.36)",2026-09-27T02:19:40.683Z,179047558068301
"-- starting hand #528 (id: vdnzque9hop3)  No Limit Texas Hold'em (dealer: ""JJJ @ iacG4hF18c"") --",2026-09-27T02:19:40.683Z,179047558068300
"-- ending hand #527 --",2026-09-27T02:19:34.764Z,179047557476402
"""rowan @ GthBpPSqaK"" collected 0.50 from pot",2026-09-27T02:19:34.764Z,179047557476401
"Uncalled bet of 0.25 returned to ""rowan @ GthBpPSqaK""",2026-09-27T02:19:34.764Z,179047557476400
"""JJJ @ iacG4hF18c"" folds",2026-09-27T02:19:33.951Z,179047557395100
"""dih @ GO72Iwd2XL"" folds",2026-09-27T02:19:29.138Z,179047556913800
"""rowan @ GthBpPSqaK"" posts a big blind of 0.50",2026-09-27T02:19:14.666Z,179047555466606
"""JJJ @ iacG4hF18c"" posts a small blind of 0.25",2026-09-27T02:19:14.666Z,179047555466605
"Player stacks: #1 ""rowan @ GthBpPSqaK"" (89.43) | #2 ""dih @ GO72Iwd2XL"" (536.85) | #10 ""JJJ @ iacG4hF18c"" (75.61)",2026-09-27T02:19:14.666Z,179047555466601
"-- starting hand #527 (id: jzrgw8fgmex8)  No Limit Texas Hold'em (dealer: ""dih @ GO72Iwd2XL"") --",2026-09-27T02:19:14.666Z,179047555466600
"""dih @ GO72Iwd2XL"" collected 2.00 from the 7-2 bounty",2026-09-27T02:19:11.690Z,179047555169002
"""JJJ @ iacG4hF18c"" paid 1.00 for the 7-2 bounty to ""dih @ GO72Iwd2XL""",2026-09-27T02:19:11.690Z,179047555169001
"""rowan @ GthBpPSqaK"" paid 1.00 for the 7-2 bounty to ""dih @ GO72Iwd2XL""",2026-09-27T02:19:11.690Z,179047555169000
"""dih @ GO72Iwd2XL"" shows a 7♣, 2♦.",2026-09-27T02:19:09.525Z,179047554952500
"-- ending hand #526 --",2026-09-27T02:19:05.085Z,179047554508502
"""dih @ GO72Iwd2XL"" collected 1.00 from pot",2026-09-27T02:19:05.085Z,179047554508501
"Uncalled bet of 2.00 returned to ""dih @ GO72Iwd2XL""",2026-09-27T02:19:05.085Z,179047554508500
"""JJJ @ iacG4hF18c"" folds",2026-09-27T02:19:04.229Z,179047554422900
"""dih @ GO72Iwd2XL"" raises to 2.50",2026-09-27T02:19:03.324Z,179047554332400
"""rowan @ GthBpPSqaK"" folds",2026-09-27T02:18:57.277Z,179047553727700
"""JJJ @ iacG4hF18c"" posts a big blind of 0.50",2026-09-27T02:18:54.298Z,179047553429806
"""dih @ GO72Iwd2XL"" posts a small blind of 0.25",2026-09-27T02:18:54.298Z,179047553429805
"Player stacks: #1 ""rowan @ GthBpPSqaK"" (90.43) | #2 ""dih @ GO72Iwd2XL"" (534.35) | #10 ""JJJ @ iacG4hF18c"" (77.11)",2026-09-27T02:18:54.298Z,179047553429801
"-- starting hand #526 (id: ba6ils8stbsz)  No Limit Texas Hold'em (dealer: ""rowan @ GthBpPSqaK"") --",2026-09-27T02:18:54.298Z,179047553429800
"-- ending hand #525 --",2026-09-27T02:18:48.287Z,179047552828703
"""dih @ GO72Iwd2XL"" collected 37.04 from pot with Two Pair, 10's & 3's (combination: 8♠, 3♠, 3♥, 10♦, 10♥)",2026-09-27T02:18:48.287Z,179047552828702
"""dih @ GO72Iwd2XL"" shows a 8♠, 3♠.",2026-09-27T02:18:48.287Z,179047552828701
"""rowan @ GthBpPSqaK"" shows a Q♠, J♦.",2026-09-27T02:18:48.287Z,179047552828700
"""dih @ GO72Iwd2XL"" calls 8.52",2026-09-27T02:18:47.428Z,179047552742800
"""rowan @ GthBpPSqaK"" bets 8.52",2026-09-27T02:18:46.476Z,179047552647600
"River: 6♥, 2♦, 3♥, 10♦ [10♥]",2026-09-27T02:18:35.883Z,179047551588300
"""dih @ GO72Iwd2XL"" calls 6.00",2026-09-27T02:18:34.998Z,179047551499800
"""rowan @ GthBpPSqaK"" bets 6.00",2026-09-27T02:18:31.603Z,179047551160300
"Turn: 6♥, 2♦, 3♥ [10♦]",2026-09-27T02:18:26.274Z,179047550627400
"""dih @ GO72Iwd2XL"" calls 2.00",2026-09-27T02:18:25.376Z,179047550537600
"""rowan @ GthBpPSqaK"" bets 2.00",2026-09-27T02:18:23.539Z,179047550353900
"Flop:  [6♥, 2♦, 3♥]",2026-09-27T02:18:20.154Z,179047550015400
"""dih @ GO72Iwd2XL"" calls 2.00",2026-09-27T02:18:19.287Z,179047549928700
"""rowan @ GthBpPSqaK"" raises to 2.00",2026-09-27T02:18:18.212Z,179047549821200
"""JJJ @ iacG4hF18c"" folds",2026-09-27T02:18:15.756Z,179047549575600
"""dih @ GO72Iwd2XL"" posts a big blind of 0.50",2026-09-27T02:18:14.149Z,179047549414906
"""rowan @ GthBpPSqaK"" posts a small blind of 0.25",2026-09-27T02:18:14.149Z,179047549414905
"Player stacks: #1 ""rowan @ GthBpPSqaK"" (108.95) | #2 ""dih @ GO72Iwd2XL"" (515.83) | #10 ""JJJ @ iacG4hF18c"" (77.11)",2026-09-27T02:18:14.149Z,179047549414901
"-- starting hand #525 (id: rgqiwheu24z9)  No Limit Texas Hold'em (dealer: ""JJJ @ iacG4hF18c"") --",2026-09-27T02:18:14.149Z,179047549414900
"-- ending hand #524 --",2026-09-27T02:18:08.126Z,179047548812604
"""JJJ @ iacG4hF18c"" collected 0.75 from pot with Pair, A's (combination: 10♣, J♠, K♣, A♣, A♠)",2026-09-27T02:18:08.126Z,179047548812603
"""dih @ GO72Iwd2XL"" collected 0.75 from pot with Pair, A's (combination: 10♠, J♠, K♣, A♣, A♠)",2026-09-27T02:18:08.126Z,179047548812602
"""dih @ GO72Iwd2XL"" shows a 7♥, 10♠.",2026-09-27T02:18:08.126Z,179047548812601
"""JJJ @ iacG4hF18c"" shows a 10♣, 4♣.",2026-09-27T02:18:08.126Z,179047548812600
"""dih @ GO72Iwd2XL"" checks",2026-09-27T02:18:07.292Z,179047548729200
"""JJJ @ iacG4hF18c"" checks",2026-09-27T02:18:05.915Z,179047548591500
"River: A♣, 2♥, K♣, J♠ [A♠]",2026-09-27T02:18:05.054Z,179047548505400
"""dih @ GO72Iwd2XL"" checks",2026-09-27T02:18:04.162Z,179047548416200
"""JJJ @ iacG4hF18c"" checks",2026-09-27T02:18:03.234Z,179047548323400
"Turn: A♣, 2♥, K♣ [J♠]",2026-09-27T02:18:01.634Z,179047548163400
"""dih @ GO72Iwd2XL"" checks",2026-09-27T02:18:00.759Z,179047548075900
"""rowan @ GthBpPSqaK"" folds",2026-09-27T02:17:55.648Z,179047547564800
"""JJJ @ iacG4hF18c"" checks",2026-09-27T02:17:53.482Z,179047547348200
"Flop:  [A♣, 2♥, K♣]",2026-09-27T02:17:45.455Z,179047546545500
"""rowan @ GthBpPSqaK"" checks",2026-09-27T02:17:44.597Z,179047546459700
"""JJJ @ iacG4hF18c"" calls 0.50",2026-09-27T02:17:43.701Z,179047546370100
"""dih @ GO72Iwd2XL"" calls 0.50",2026-09-27T02:17:41.996Z,179047546199600
"""rowan @ GthBpPSqaK"" posts a big blind of 0.50",2026-09-27T02:17:33.138Z,179047545313806
"""JJJ @ iacG4hF18c"" posts a small blind of 0.25",2026-09-27T02:17:33.138Z,179047545313805
"Player stacks: #1 ""rowan @ GthBpPSqaK"" (109.45) | #2 ""dih @ GO72Iwd2XL"" (515.58) | #10 ""JJJ @ iacG4hF18c"" (76.86)",2026-09-27T02:17:33.138Z,179047545313801
"-- starting hand #524 (id: bzsaq7qtyz1r)  No Limit Texas Hold'em (dealer: ""dih @ GO72Iwd2XL"") --",2026-09-27T02:17:33.138Z,179047545313800
"""JJJ @ iacG4hF18c"" collected 2.00 from the 7-2 bounty",2026-09-27T02:17:30.168Z,179047545016802
"""dih @ GO72Iwd2XL"" paid 1.00 for the 7-2 bounty to ""JJJ @ iacG4hF18c""",2026-09-27T02:17:30.168Z,179047545016801
"""rowan @ GthBpPSqaK"" paid 1.00 for the 7-2 bounty to ""JJJ @ iacG4hF18c""",2026-09-27T02:17:30.168Z,179047545016800
"""JJJ @ iacG4hF18c"" shows a 7♥, 2♥.",2026-09-27T02:17:23.987Z,179047544398700
"-- ending hand #523 --",2026-09-27T02:17:23.565Z,179047544356502
"""JJJ @ iacG4hF18c"" collected 0.50 from pot",2026-09-27T02:17:23.565Z,179047544356501
"Uncalled bet of 0.25 returned to ""JJJ @ iacG4hF18c""",2026-09-27T02:17:23.565Z,179047544356500
"""dih @ GO72Iwd2XL"" folds",2026-09-27T02:17:22.758Z,179047544275800
"""rowan @ GthBpPSqaK"" folds",2026-09-27T02:17:16.352Z,179047543635200
"""JJJ @ iacG4hF18c"" posts a big blind of 0.50",2026-09-27T02:17:15.156Z,179047543515606
"""dih @ GO72Iwd2XL"" posts a small blind of 0.25",2026-09-27T02:17:15.156Z,179047543515605
"Player stacks: #1 ""rowan @ GthBpPSqaK"" (110.45) | #2 ""dih @ GO72Iwd2XL"" (516.83) | #10 ""JJJ @ iacG4hF18c"" (74.61)",2026-09-27T02:17:15.156Z,179047543515601
"-- starting hand #523 (id: rpdphoiia5ap)  No Limit Texas Hold'em (dealer: ""rowan @ GthBpPSqaK"") --",2026-09-27T02:17:15.156Z,179047543515600
"-- ending hand #522 --",2026-09-27T02:17:09.149Z,179047542914901
"""JJJ @ iacG4hF18c"" collected 74.61 from pot with Pair, J's (combination: 7♥, Q♥, A♦, J♦, J♥)",2026-09-27T02:17:09.149Z,179047542914900
"River: 4♠, 2♦, 7♥, J♥ [Q♥]",2026-09-27T02:17:05.116Z,179047542511600
"""JJJ @ iacG4hF18c"" shows a J♦, A♦.",2026-09-27T02:17:01.049Z,179047542104901
"""dih @ GO72Iwd2XL"" shows a 7♣, 10♣.",2026-09-27T02:17:01.049Z,179047542104900
"Some players choose to not run it twice.",2026-09-27T02:17:00.186Z,179047542018601
"""JJJ @ iacG4hF18c"" chooses to not run it twice.",2026-09-27T02:17:00.186Z,179047542018600
"Remaining players decide whether to run it twice.",2026-09-27T02:16:58.499Z,179047541849901
"""dih @ GO72Iwd2XL"" calls 31.37",2026-09-27T02:16:58.499Z,179047541849900
"""JJJ @ iacG4hF18c"" bets 31.37 and go all in",2026-09-27T02:16:40.177Z,179047540017700
"""dih @ GO72Iwd2XL"" checks",2026-09-27T02:16:38.216Z,179047539821600
"Turn: 4♠, 2♦, 7♥ [J♥]",2026-09-27T02:16:37.161Z,179047539716100
"""dih @ GO72Iwd2XL"" calls 3.56",2026-09-27T02:16:36.341Z,179047539634100
"""JJJ @ iacG4hF18c"" bets 3.56",2026-09-27T02:16:35.075Z,179047539507500
"""dih @ GO72Iwd2XL"" checks",2026-09-27T02:16:32.519Z,179047539251900
"Flop:  [4♠, 2♦, 7♥]",2026-09-27T02:16:30.272Z,179047539027200
"""dih @ GO72Iwd2XL"" calls 2.25",2026-09-27T02:16:29.440Z,179047538944000
"""rowan @ GthBpPSqaK"" folds",2026-09-27T02:16:28.401Z,179047538840100
"""JJJ @ iacG4hF18c"" raises to 2.25",2026-09-27T02:16:27.509Z,179047538750900
"""dih @ GO72Iwd2XL"" posts a big blind of 0.50",2026-09-27T02:16:24.556Z,179047538455606
"""rowan @ GthBpPSqaK"" posts a small blind of 0.25",2026-09-27T02:16:24.556Z,179047538455605
"Player stacks: #1 ""rowan @ GthBpPSqaK"" (110.70) | #2 ""dih @ GO72Iwd2XL"" (554.01) | #10 ""JJJ @ iacG4hF18c"" (37.18)",2026-09-27T02:16:24.556Z,179047538455601
"-- starting hand #522 (id: yl6msteqzsg9)  No Limit Texas Hold'em (dealer: ""JJJ @ iacG4hF18c"") --",2026-09-27T02:16:24.556Z,179047538455600
"""dih @ GO72Iwd2XL"" shows a 5♣, 9♣.",2026-09-27T02:16:21.139Z,179047538113900
"""rowan @ GthBpPSqaK"" shows a 5♥.",2026-09-27T02:16:18.885Z,179047537888500
"-- ending hand #521 --",2026-09-27T02:16:17.196Z,179047537719602
"""dih @ GO72Iwd2XL"" collected 4.25 from pot",2026-09-27T02:16:17.196Z,179047537719601
"Uncalled bet of 4.25 returned to ""dih @ GO72Iwd2XL""",2026-09-27T02:16:17.196Z,179047537719600
"""rowan @ GthBpPSqaK"" folds",2026-09-27T02:16:16.350Z,179047537635000
"""dih @ GO72Iwd2XL"" bets 4.25",2026-09-27T02:16:15.272Z,179047537527200
"""rowan @ GthBpPSqaK"" checks",2026-09-27T02:16:05.570Z,179047536557000
"Flop:  [Q♣, 8♣, J♠]",2026-09-27T02:16:03.660Z,179047536366000
"""dih @ GO72Iwd2XL"" calls 2.00",2026-09-27T02:16:02.718Z,179047536271800
"""rowan @ GthBpPSqaK"" raises to 2.00",2026-09-27T02:15:59.528Z,179047535952800
"""JJJ @ iacG4hF18c"" folds",2026-09-27T02:15:55.009Z,179047535500900
"""dih @ GO72Iwd2XL"" calls 0.50",2026-09-27T02:15:54.155Z,179047535415500
"""rowan @ GthBpPSqaK"" posts a big blind of 0.50",2026-09-27T02:15:46.609Z,179047534660906
"""JJJ @ iacG4hF18c"" posts a small blind of 0.25",2026-09-27T02:15:46.609Z,179047534660905
"Player stacks: #1 ""rowan @ GthBpPSqaK"" (112.70) | #2 ""dih @ GO72Iwd2XL"" (551.76) | #10 ""JJJ @ iacG4hF18c"" (37.43)",2026-09-27T02:15:46.609Z,179047534660901
"-- starting hand #521 (id: fzb865kacvpf)  No Limit Texas Hold'em (dealer: ""dih @ GO72Iwd2XL"") --",2026-09-27T02:15:46.609Z,179047534660900
"-- ending hand #520 --",2026-09-27T02:15:43.693Z,179047534369302
"""JJJ @ iacG4hF18c"" collected 2.25 from pot",2026-09-27T02:15:43.693Z,179047534369301
"Uncalled bet of 35.18 returned to ""JJJ @ iacG4hF18c""",2026-09-27T02:15:43.693Z,179047534369300
"""rowan @ GthBpPSqaK"" folds",2026-09-27T02:15:42.840Z,179047534284000
"""JJJ @ iacG4hF18c"" bets 35.18 and go all in",2026-09-27T02:15:41.982Z,179047534198200
"River: 3♠, 10♠, Q♦, 7♦ [9♥]",2026-09-27T02:15:36.090Z,179047533609000
"""JJJ @ iacG4hF18c"" calls 0.50",2026-09-27T02:15:35.236Z,179047533523600
"""rowan @ GthBpPSqaK"" bets 0.50",2026-09-27T02:15:32.829Z,179047533282900
"""JJJ @ iacG4hF18c"" checks",2026-09-27T02:15:31.763Z,179047533176300
"Turn: 3♠, 10♠, Q♦ [7♦]",2026-09-27T02:15:29.755Z,179047532975500
"""rowan @ GthBpPSqaK"" checks",2026-09-27T02:15:28.928Z,179047532892800
"""JJJ @ iacG4hF18c"" checks",2026-09-27T02:15:28.076Z,179047532807600
"Flop:  [3♠, 10♠, Q♦]",2026-09-27T02:15:25.998Z,179047532599800
"""JJJ @ iacG4hF18c"" checks",2026-09-27T02:15:25.162Z,179047532516200
"""dih @ GO72Iwd2XL"" folds",2026-09-27T02:15:19.758Z,179047531975800
"""rowan @ GthBpPSqaK"" calls 0.50",2026-09-27T02:15:18.845Z,179047531884500
"""JJJ @ iacG4hF18c"" posts a big blind of 0.50",2026-09-27T02:15:17.543Z,179047531754306
"""dih @ GO72Iwd2XL"" posts a small blind of 0.25",2026-09-27T02:15:17.543Z,179047531754305
"Player stacks: #1 ""rowan @ GthBpPSqaK"" (113.70) | #2 ""dih @ GO72Iwd2XL"" (552.01) | #10 ""JJJ @ iacG4hF18c"" (36.18)",2026-09-27T02:15:17.543Z,179047531754301
"-- starting hand #520 (id: qharcjv9ekk2)  No Limit Texas Hold'em (dealer: ""rowan @ GthBpPSqaK"") --",2026-09-27T02:15:17.543Z,179047531754300
"-- ending hand #519 --",2026-09-27T02:15:11.587Z,179047531158702
"""rowan @ GthBpPSqaK"" collected 4.00 from pot",2026-09-27T02:15:11.587Z,179047531158701
"Uncalled bet of 1.50 returned to ""rowan @ GthBpPSqaK""",2026-09-27T02:15:11.587Z,179047531158700
"""dih @ GO72Iwd2XL"" folds",2026-09-27T02:15:10.777Z,179047531077700
"""rowan @ GthBpPSqaK"" bets 1.50",2026-09-27T02:15:09.747Z,179047530974700
"Flop:  [K♠, 3♣, A♦]",2026-09-27T02:15:06.594Z,179047530659400
"""dih @ GO72Iwd2XL"" calls 2.00",2026-09-27T02:15:05.743Z,179047530574300
"""rowan @ GthBpPSqaK"" raises to 2.00",2026-09-27T02:15:04.621Z,179047530462100
"""JJJ @ iacG4hF18c"" folds",2026-09-27T02:15:02.419Z,179047530241900
"""dih @ GO72Iwd2XL"" posts a big blind of 0.50",2026-09-27T02:14:55.971Z,179047529597106
"""rowan @ GthBpPSqaK"" posts a small blind of 0.25",2026-09-27T02:14:55.971Z,179047529597105
"Player stacks: #1 ""rowan @ GthBpPSqaK"" (111.70) | #2 ""dih @ GO72Iwd2XL"" (554.01) | #10 ""JJJ @ iacG4hF18c"" (36.18)",2026-09-27T02:14:55.971Z,179047529597101
"-- starting hand #519 (id: dzyng0n05tsy)  No Limit Texas Hold'em (dealer: ""JJJ @ iacG4hF18c"") --",2026-09-27T02:14:55.971Z,179047529597100
"-- ending hand #518 --",2026-09-27T02:14:49.958Z,179047528995802
"""JJJ @ iacG4hF18c"" collected 1.00 from pot with Two Pair, Q's & 9's (combination: A♣, 9♥, 9♠, Q♠, Q♥)",2026-09-27T02:14:49.958Z,179047528995801
"""JJJ @ iacG4hF18c"" shows a 10♥, Q♠.",2026-09-27T02:14:49.958Z,179047528995800
"""rowan @ GthBpPSqaK"" checks",2026-09-27T02:14:49.088Z,179047528908800
"""JJJ @ iacG4hF18c"" checks",2026-09-27T02:14:48.094Z,179047528809400
"River: 9♥, 2♥, 9♠, A♣ [Q♥]",2026-09-27T02:14:47.820Z,179047528782000
"""rowan @ GthBpPSqaK"" checks",2026-09-27T02:14:47.015Z,179047528701500
"""JJJ @ iacG4hF18c"" checks",2026-09-27T02:14:46.076Z,179047528607600
"Turn: 9♥, 2♥, 9♠ [A♣]",2026-09-27T02:14:44.755Z,179047528475500
"""rowan @ GthBpPSqaK"" checks",2026-09-27T02:14:43.911Z,179047528391100
"""JJJ @ iacG4hF18c"" checks",2026-09-27T02:14:43.046Z,179047528304600
"Flop:  [9♥, 2♥, 9♠]",2026-09-27T02:14:41.955Z,179047528195500
"""rowan @ GthBpPSqaK"" checks",2026-09-27T02:14:41.074Z,179047528107400
"""JJJ @ iacG4hF18c"" calls 0.50",2026-09-27T02:14:39.868Z,179047527986800
"""dih @ GO72Iwd2XL"" folds",2026-09-27T02:14:38.694Z,179047527869400
"""rowan @ GthBpPSqaK"" posts a big blind of 0.50",2026-09-27T02:14:36.855Z,179047527685506
"""JJJ @ iacG4hF18c"" posts a small blind of 0.25",2026-09-27T02:14:36.855Z,179047527685505
"Player stacks: #1 ""rowan @ GthBpPSqaK"" (112.20) | #2 ""dih @ GO72Iwd2XL"" (554.01) | #10 ""JJJ @ iacG4hF18c"" (35.68)",2026-09-27T02:14:36.855Z,179047527685501
"-- starting hand #518 (id: nmgrfleyk0fx)  No Limit Texas Hold'em (dealer: ""dih @ GO72Iwd2XL"") --",2026-09-27T02:14:36.855Z,179047527685500
"-- ending hand #517 --",2026-09-27T02:14:30.838Z,179047527083803
"""dih @ GO72Iwd2XL"" shows a 8♥, J♦.",2026-09-27T02:14:30.838Z,179047527083802
"""JJJ @ iacG4hF18c"" collected 35.68 from pot with Two Pair, A's & 9's (combination: 7♦, 9♦, 9♣, A♥, A♣)",2026-09-27T02:14:30.838Z,179047527083801
"""JJJ @ iacG4hF18c"" shows a 9♦, 3♠.",2026-09-27T02:14:30.838Z,179047527083800
"""dih @ GO72Iwd2XL"" calls 16.34",2026-09-27T02:14:30.030Z,179047527003000
"""JJJ @ iacG4hF18c"" bets 16.34 and go all in",2026-09-27T02:14:22.532Z,179047526253200
"""dih @ GO72Iwd2XL"" checks",2026-09-27T02:14:20.485Z,179047526048500
"River: 6♣, 7♦, A♥, 9♣ [A♣]",2026-09-27T02:14:19.227Z,179047525922700
"""JJJ @ iacG4hF18c"" calls 1.00",2026-09-27T02:14:18.410Z,179047525841000
"""dih @ GO72Iwd2XL"" bets 1.00",2026-09-27T02:14:17.290Z,179047525729000
"Turn: 6♣, 7♦, A♥ [9♣]",2026-09-27T02:14:14.624Z,179047525462400
"""JJJ @ iacG4hF18c"" checks",2026-09-27T02:14:13.821Z,179047525382100
"""dih @ GO72Iwd2XL"" checks",2026-09-27T02:14:12.875Z,179047525287500
"Flop:  [6♣, 7♦, A♥]",2026-09-27T02:14:10.222Z,179047525022200
"""JJJ @ iacG4hF18c"" checks",2026-09-27T02:14:09.405Z,179047524940500
"""dih @ GO72Iwd2XL"" calls 0.50",2026-09-27T02:14:06.882Z,179047524688200
"""rowan @ GthBpPSqaK"" folds",2026-09-27T02:14:01.417Z,179047524141700
"""JJJ @ iacG4hF18c"" posts a big blind of 0.50",2026-09-27T02:13:59.852Z,179047523985206
"""dih @ GO72Iwd2XL"" posts a small blind of 0.25",2026-09-27T02:13:59.852Z,179047523985205
"Player stacks: #1 ""rowan @ GthBpPSqaK"" (112.20) | #2 ""dih @ GO72Iwd2XL"" (571.85) | #10 ""JJJ @ iacG4hF18c"" (17.84)",2026-09-27T02:13:59.852Z,179047523985201
"-- starting hand #517 (id: w0vd1zrbcaxa)  No Limit Texas Hold'em (dealer: ""rowan @ GthBpPSqaK"") --",2026-09-27T02:13:59.852Z,179047523985200
"""rowan @ GthBpPSqaK"" shows a 2♥, A♥.",2026-09-27T02:13:57.513Z,179047523751300
"""JJJ @ iacG4hF18c"" shows a 3♦, 4♠.",2026-09-27T02:13:57.394Z,179047523739400
"""dih @ GO72Iwd2XL"" shows a A♠, 2♣.",2026-09-27T02:13:56.077Z,179047523607700
"-- ending hand #516 --",2026-09-27T02:13:54.783Z,179047523478302
"""dih @ GO72Iwd2XL"" collected 25.49 from pot",2026-09-27T02:13:54.783Z,179047523478301
"Uncalled bet of 16.36 returned to ""dih @ GO72Iwd2XL""",2026-09-27T02:13:54.783Z,179047523478300
"""rowan @ GthBpPSqaK"" folds",2026-09-27T02:13:53.873Z,179047523387300
"""dih @ GO72Iwd2XL"" raises to 22.73",2026-09-27T02:13:45.419Z,179047522541900
"""rowan @ GthBpPSqaK"" bets 6.37",2026-09-27T02:13:40.388Z,179047522038800
"River: 2♦, 3♥, 5♠, K♠ [6♣]",2026-09-27T02:13:38.792Z,179047521879200
"""dih @ GO72Iwd2XL"" checks",2026-09-27T02:13:37.979Z,179047521797900
"""rowan @ GthBpPSqaK"" checks",2026-09-27T02:13:37.033Z,179047521703300
"Turn: 2♦, 3♥, 5♠ [K♠]",2026-09-27T02:13:36.575Z,179047521657500
"""rowan @ GthBpPSqaK"" calls 4.25",2026-09-27T02:13:35.695Z,179047521569500
"""dih @ GO72Iwd2XL"" bets 4.25",2026-09-27T02:13:34.829Z,179047521482900
"""rowan @ GthBpPSqaK"" checks",2026-09-27T02:13:32.581Z,179047521258100
"Flop:  [2♦, 3♥, 5♠]",2026-09-27T02:13:30.237Z,179047521023700
"""dih @ GO72Iwd2XL"" calls 2.00",2026-09-27T02:13:29.407Z,179047520940700
"""rowan @ GthBpPSqaK"" raises to 2.00",2026-09-27T02:13:27.362Z,179047520736200
"""JJJ @ iacG4hF18c"" folds",2026-09-27T02:13:25.341Z,179047520534100
"""dih @ GO72Iwd2XL"" posts a missing small blind of 0.25",2026-09-27T02:13:24.160Z,179047520416008
"""dih @ GO72Iwd2XL"" posts a big blind of 0.50",2026-09-27T02:13:24.160Z,179047520416007
"""rowan @ GthBpPSqaK"" posts a small blind of 0.25",2026-09-27T02:13:24.160Z,179047520416006
"Player stacks: #1 ""rowan @ GthBpPSqaK"" (124.82) | #2 ""dih @ GO72Iwd2XL"" (559.23) | #10 ""JJJ @ iacG4hF18c"" (17.84)",2026-09-27T02:13:24.160Z,179047520416002
"-- starting hand #516 (id: h28dgfdkowa1)  No Limit Texas Hold'em (dealer: ""JJJ @ iacG4hF18c"") --",2026-09-27T02:13:24.160Z,179047520416001
"The player ""dih @ GO72Iwd2XL"" joined the game with a stack of 559.23.",2026-09-27T02:13:24.160Z,179047520416000
"-- ending hand #515 --",2026-09-27T02:13:18.190Z,179047519819002
"""rowan @ GthBpPSqaK"" collected 1.00 from pot",2026-09-27T02:13:18.190Z,179047519819001
"Uncalled bet of 0.50 returned to ""rowan @ GthBpPSqaK""",2026-09-27T02:13:18.190Z,179047519819000
"""JJJ @ iacG4hF18c"" folds",2026-09-27T02:13:17.377Z,179047519737700
"""rowan @ GthBpPSqaK"" bets 0.50",2026-09-27T02:13:14.992Z,179047519499200
"""JJJ @ iacG4hF18c"" checks",2026-09-27T02:13:13.402Z,179047519340200
"The player ""dih @ GO72Iwd2XL"" sit back with the stack of 559.23.",2026-09-27T02:13:11.588Z,179047519158800
"Flop:  [4♥, 9♣, 7♠]",2026-09-27T02:13:11.572Z,179047519157200
"""JJJ @ iacG4hF18c"" checks",2026-09-27T02:13:10.758Z,179047519075800
"""rowan @ GthBpPSqaK"" calls 0.50",2026-09-27T02:13:09.808Z,179047518980800
"""JJJ @ iacG4hF18c"" posts a big blind of 0.50",2026-09-27T02:13:07.727Z,179047518772705
"""rowan @ GthBpPSqaK"" posts a small blind of 0.25",2026-09-27T02:13:07.727Z,179047518772704
"Player stacks: #1 ""rowan @ GthBpPSqaK"" (124.32) | #10 ""JJJ @ iacG4hF18c"" (18.34)",2026-09-27T02:13:07.727Z,179047518772701
"-- starting hand #515 (id: s0oicxnovimy)  No Limit Texas Hold'em (dealer: ""rowan @ GthBpPSqaK"") --",2026-09-27T02:13:07.727Z,179047518772700
"-- ending hand #514 --",2026-09-27T02:13:01.573Z,179047518157303
"""rowan @ GthBpPSqaK"" collected 2.00 from pot with Pair, 10's (combination: 8♠, Q♥, K♦, 10♣, 10♥)",2026-09-27T02:13:01.573Z,179047518157302
"""rowan @ GthBpPSqaK"" shows a K♦, 10♣.",2026-09-27T02:13:01.573Z,179047518157301
"""JJJ @ iacG4hF18c"" shows a 9♠, 8♣.",2026-09-27T02:13:01.573Z,179047518157300
"""JJJ @ iacG4hF18c"" checks",2026-09-27T02:13:00.528Z,179047518052800
"""rowan @ GthBpPSqaK"" checks",2026-09-27T02:12:59.417Z,179047517941700
"River: 8♠, 5♥, 10♥, Q♥ [7♥]",2026-09-27T02:12:58.578Z,179047517857800
"""JJJ @ iacG4hF18c"" checks",2026-09-27T02:12:57.704Z,179047517770400
"""rowan @ GthBpPSqaK"" checks",2026-09-27T02:12:54.372Z,179047517437200
"Turn: 8♠, 5♥, 10♥ [Q♥]",2026-09-27T02:12:42.769Z,179047516276900
"""JJJ @ iacG4hF18c"" calls 0.50",2026-09-27T02:12:41.843Z,179047516184300
"""rowan @ GthBpPSqaK"" bets 0.50",2026-09-27T02:12:40.426Z,179047516042600
"Flop:  [8♠, 5♥, 10♥]",2026-09-27T02:12:38.806Z,179047515880600
"""rowan @ GthBpPSqaK"" checks",2026-09-27T02:12:37.992Z,179047515799200
"""JJJ @ iacG4hF18c"" calls 0.50",2026-09-27T02:12:35.707Z,179047515570700
"""rowan @ GthBpPSqaK"" posts a big blind of 0.50",2026-09-27T02:12:31.164Z,179047515116405
"""JJJ @ iacG4hF18c"" posts a small blind of 0.25",2026-09-27T02:12:31.164Z,179047515116404
"Player stacks: #1 ""rowan @ GthBpPSqaK"" (123.32) | #10 ""JJJ @ iacG4hF18c"" (19.34)",2026-09-27T02:12:31.164Z,179047515116401
"-- starting hand #514 (id: yatioip8qfyh)  No Limit Texas Hold'em (dealer: ""JJJ @ iacG4hF18c"") --",2026-09-27T02:12:31.164Z,179047515116400
"-- ending hand #513 --",2026-09-27T02:12:25.162Z,179047514516202
"""rowan @ GthBpPSqaK"" collected 1.00 from pot",2026-09-27T02:12:25.162Z,179047514516201
"Uncalled bet of 0.50 returned to ""rowan @ GthBpPSqaK""",2026-09-27T02:12:25.162Z,179047514516200
"""JJJ @ iacG4hF18c"" folds",2026-09-27T02:12:24.308Z,179047514430800
"""rowan @ GthBpPSqaK"" bets 0.50",2026-09-27T02:12:23.366Z,179047514336600
"""JJJ @ iacG4hF18c"" checks",2026-09-27T02:12:22.055Z,179047514205500
"Flop:  [A♣, 4♥, 6♠]",2026-09-27T02:12:20.962Z,179047514096200
"""JJJ @ iacG4hF18c"" checks",2026-09-27T02:12:20.113Z,179047514011300
"""rowan @ GthBpPSqaK"" calls 0.50",2026-09-27T02:12:18.972Z,179047513897200
"""JJJ @ iacG4hF18c"" posts a big blind of 0.50",2026-09-27T02:12:17.753Z,179047513775305
"""rowan @ GthBpPSqaK"" posts a small blind of 0.25",2026-09-27T02:12:17.753Z,179047513775304
"Player stacks: #1 ""rowan @ GthBpPSqaK"" (122.82) | #10 ""JJJ @ iacG4hF18c"" (19.84)",2026-09-27T02:12:17.753Z,179047513775301
"-- starting hand #513 (id: a0trqnx1nupt)  No Limit Texas Hold'em (dealer: ""rowan @ GthBpPSqaK"") --",2026-09-27T02:12:17.753Z,179047513775300
"-- ending hand #512 --",2026-09-27T02:12:11.748Z,179047513174802
"""rowan @ GthBpPSqaK"" collected 4.00 from pot with Full House, A's over 10's (combination: 10♥, 10♠, A♦, A♠, A♥)",2026-09-27T02:12:11.748Z,179047513174801
"""rowan @ GthBpPSqaK"" shows a 2♣, A♦.",2026-09-27T02:12:11.748Z,179047513174800
"""JJJ @ iacG4hF18c"" calls 0.50",2026-09-27T02:12:10.886Z,179047513088600
"""rowan @ GthBpPSqaK"" bets 0.50",2026-09-27T02:12:09.283Z,179047512928300
"River: A♠, J♦, 10♥, 10♠ [A♥]",2026-09-27T02:12:07.519Z,179047512751900
"""JJJ @ iacG4hF18c"" calls 0.50",2026-09-27T02:12:06.646Z,179047512664600
"""rowan @ GthBpPSqaK"" bets 0.50",2026-09-27T02:12:05.746Z,179047512574600
"Turn: A♠, J♦, 10♥ [10♠]",2026-09-27T02:12:04.924Z,179047512492400
"""JJJ @ iacG4hF18c"" calls 0.50",2026-09-27T02:12:04.087Z,179047512408700
"""rowan @ GthBpPSqaK"" bets 0.50",2026-09-27T02:12:02.836Z,179047512283600
"Flop:  [A♠, J♦, 10♥]",2026-09-27T02:12:01.395Z,179047512139500
"""rowan @ GthBpPSqaK"" checks",2026-09-27T02:12:00.503Z,179047512050300
"""JJJ @ iacG4hF18c"" calls 0.50",2026-09-27T02:11:59.381Z,179047511938100
"""rowan @ GthBpPSqaK"" posts a big blind of 0.50",2026-09-27T02:11:58.301Z,179047511830105
"""JJJ @ iacG4hF18c"" posts a small blind of 0.25",2026-09-27T02:11:58.301Z,179047511830104
"Player stacks: #1 ""rowan @ GthBpPSqaK"" (120.82) | #10 ""JJJ @ iacG4hF18c"" (21.84)",2026-09-27T02:11:58.301Z,179047511830101
"-- starting hand #512 (id: g40kts3aonel)  No Limit Texas Hold'em (dealer: ""JJJ @ iacG4hF18c"") --",2026-09-27T02:11:58.301Z,179047511830100
"""rowan @ GthBpPSqaK"" shows a K♦, Q♠.",2026-09-27T02:11:55.302Z,179047511530200
"-- ending hand #511 --",2026-09-27T02:11:54.692Z,179047511469202
"""rowan @ GthBpPSqaK"" collected 9.00 from pot",2026-09-27T02:11:54.692Z,179047511469201
"Uncalled bet of 6.75 returned to ""rowan @ GthBpPSqaK""",2026-09-27T02:11:54.692Z,179047511469200
"""JJJ @ iacG4hF18c"" folds",2026-09-27T02:11:53.780Z,179047511378000
"""rowan @ GthBpPSqaK"" bets 6.75",2026-09-27T02:11:52.910Z,179047511291000
"""JJJ @ iacG4hF18c"" checks",2026-09-27T02:11:46.187Z,179047510618700
"River: Q♣, J♣, 3♥, A♦ [10♥]",2026-09-27T02:11:45.696Z,179047510569600
"""JJJ @ iacG4hF18c"" calls 1.50",2026-09-27T02:11:44.880Z,179047510488000
"""rowan @ GthBpPSqaK"" bets 1.50",2026-09-27T02:11:43.817Z,179047510381700
"""JJJ @ iacG4hF18c"" checks",2026-09-27T02:11:41.217Z,179047510121700
"Turn: Q♣, J♣, 3♥ [A♦]",2026-09-27T02:11:40.692Z,179047510069200
"""JJJ @ iacG4hF18c"" calls 1.50",2026-09-27T02:11:39.830Z,179047509983000
"""rowan @ GthBpPSqaK"" bets 1.50",2026-09-27T02:11:38.959Z,179047509895900
"""JJJ @ iacG4hF18c"" checks",2026-09-27T02:11:35.575Z,179047509557500
"Flop:  [Q♣, J♣, 3♥]",2026-09-27T02:11:34.937Z,179047509493700
"""JJJ @ iacG4hF18c"" calls 1.50",2026-09-27T02:11:34.129Z,179047509412900
"""rowan @ GthBpPSqaK"" raises to 1.50",2026-09-27T02:11:33.213Z,179047509321300
"""JJJ @ iacG4hF18c"" posts a big blind of 0.50",2026-09-27T02:11:30.765Z,179047509076505
"""rowan @ GthBpPSqaK"" posts a small blind of 0.25",2026-09-27T02:11:30.765Z,179047509076504
"Player stacks: #1 ""rowan @ GthBpPSqaK"" (116.32) | #10 ""JJJ @ iacG4hF18c"" (26.34)",2026-09-27T02:11:30.765Z,179047509076501
"-- starting hand #511 (id: nxvz5qut15mm)  No Limit Texas Hold'em (dealer: ""rowan @ GthBpPSqaK"") --",2026-09-27T02:11:30.765Z,179047509076500
"""rowan @ GthBpPSqaK"" shows a 3♦, 6♣.",2026-09-27T02:11:25.829Z,179047508582900
"-- ending hand #510 --",2026-09-27T02:11:24.133Z,179047508413302
"""rowan @ GthBpPSqaK"" collected 0.50 from pot",2026-09-27T02:11:24.133Z,179047508413301
"Uncalled bet of 0.25 returned to ""rowan @ GthBpPSqaK""",2026-09-27T02:11:24.133Z,179047508413300
"""JJJ @ iacG4hF18c"" folds",2026-09-27T02:11:23.319Z,179047508331900
"""rowan @ GthBpPSqaK"" posts a big blind of 0.50",2026-09-27T02:11:22.070Z,179047508207005
"""JJJ @ iacG4hF18c"" posts a small blind of 0.25",2026-09-27T02:11:22.070Z,179047508207004
"Player stacks: #1 ""rowan @ GthBpPSqaK"" (116.07) | #10 ""JJJ @ iacG4hF18c"" (26.59)",2026-09-27T02:11:22.070Z,179047508207001
"-- starting hand #510 (id: s8frpgjvboek)  No Limit Texas Hold'em (dealer: ""JJJ @ iacG4hF18c"") --",2026-09-27T02:11:22.070Z,179047508207000
"""rowan @ GthBpPSqaK"" shows a J♠.",2026-09-27T02:11:18.764Z,179047507876400
"""rowan @ GthBpPSqaK"" shows a 2♣.",2026-09-27T02:11:18.052Z,179047507805200
"""JJJ @ iacG4hF18c"" shows a Q♥, Q♠.",2026-09-27T02:11:16.085Z,179047507608500
"-- ending hand #509 --",2026-09-27T02:11:14.668Z,179047507466802
"""JJJ @ iacG4hF18c"" collected 0.50 from pot",2026-09-27T02:11:14.668Z,179047507466801
"Uncalled bet of 0.25 returned to ""JJJ @ iacG4hF18c""",2026-09-27T02:11:14.668Z,179047507466800
"""rowan @ GthBpPSqaK"" folds",2026-09-27T02:11:13.783Z,179047507378300
"""JJJ @ iacG4hF18c"" posts a big blind of 0.50",2026-09-27T02:11:12.325Z,179047507232505
"""rowan @ GthBpPSqaK"" posts a small blind of 0.25",2026-09-27T02:11:12.325Z,179047507232504
"Player stacks: #1 ""rowan @ GthBpPSqaK"" (116.32) | #10 ""JJJ @ iacG4hF18c"" (26.34)",2026-09-27T02:11:12.325Z,179047507232501
"-- starting hand #509 (id: p2jedhtmrp37)  No Limit Texas Hold'em (dealer: ""rowan @ GthBpPSqaK"") --",2026-09-27T02:11:12.325Z,179047507232500
"-- ending hand #508 --",2026-09-27T02:11:06.266Z,179047506626602
"""rowan @ GthBpPSqaK"" collected 20.00 from pot with Three of a Kind, J's (combination: 7♦, A♣, J♦, J♥, J♠)",2026-09-27T02:11:06.266Z,179047506626601
"""rowan @ GthBpPSqaK"" shows a J♦, J♥.",2026-09-27T02:11:06.266Z,179047506626600
"""JJJ @ iacG4hF18c"" calls 6.00",2026-09-27T02:11:05.403Z,179047506540300
"""rowan @ GthBpPSqaK"" bets 6.00",2026-09-27T02:11:04.545Z,179047506454500
"River: 7♦, 3♥, J♠, 4♦ [A♣]",2026-09-27T02:11:00.263Z,179047506026300
"""JJJ @ iacG4hF18c"" calls 2.00",2026-09-27T02:10:59.420Z,179047505942000
"""rowan @ GthBpPSqaK"" bets 2.00",2026-09-27T02:10:58.502Z,179047505850200
"Turn: 7♦, 3♥, J♠ [4♦]",2026-09-27T02:10:56.480Z,179047505648000
"""JJJ @ iacG4hF18c"" checks",2026-09-27T02:10:55.646Z,179047505564600
"""rowan @ GthBpPSqaK"" checks",2026-09-27T02:10:54.779Z,179047505477900
"Flop:  [7♦, 3♥, J♠]",2026-09-27T02:10:52.871Z,179047505287100
"""JJJ @ iacG4hF18c"" calls 2.00",2026-09-27T02:10:52.016Z,179047505201600
"""rowan @ GthBpPSqaK"" raises to 2.00",2026-09-27T02:10:50.666Z,179047505066600
"""JJJ @ iacG4hF18c"" calls 0.50",2026-09-27T02:10:47.090Z,179047504709000
"""rowan @ GthBpPSqaK"" posts a big blind of 0.50",2026-09-27T02:10:44.867Z,179047504486706
"""JJJ @ iacG4hF18c"" posts a small blind of 0.25",2026-09-27T02:10:44.867Z,179047504486705
"Player stacks: #1 ""rowan @ GthBpPSqaK"" (106.32) | #10 ""JJJ @ iacG4hF18c"" (36.34)",2026-09-27T02:10:44.867Z,179047504486702
"-- starting hand #508 (id: hyil6iykyxx6)  No Limit Texas Hold'em (dealer: ""JJJ @ iacG4hF18c"") --",2026-09-27T02:10:44.867Z,179047504486701
"The player ""dih @ GO72Iwd2XL"" stand up with the stack of 559.23.",2026-09-27T02:10:44.867Z,179047504486700
"-- ending hand #507 --",2026-09-27T02:10:38.857Z,179047503885702
"""dih @ GO72Iwd2XL"" collected 3.00 from pot with Pair, 6's (combination: J♣, Q♣, A♠, 6♥, 6♠)",2026-09-27T02:10:38.857Z,179047503885701
"""dih @ GO72Iwd2XL"" shows a 6♥, A♠.",2026-09-27T02:10:38.857Z,179047503885700
"""JJJ @ iacG4hF18c"" checks",2026-09-27T02:10:38.028Z,179047503802800
"""dih @ GO72Iwd2XL"" checks",2026-09-27T02:10:37.171Z,179047503717100
"River: 6♠, 10♠, J♣, Q♣ [3♠]",2026-09-27T02:10:36.063Z,179047503606300
"""JJJ @ iacG4hF18c"" checks",2026-09-27T02:10:35.224Z,179047503522400
"""dih @ GO72Iwd2XL"" checks",2026-09-27T02:10:34.361Z,179047503436100
"Turn: 6♠, 10♠, J♣ [Q♣]",2026-09-27T02:10:32.585Z,179047503258500
"""JJJ @ iacG4hF18c"" checks",2026-09-27T02:10:31.741Z,179047503174100
"""dih @ GO72Iwd2XL"" checks",2026-09-27T02:10:29.819Z,179047502981900
"Flop:  [6♠, 10♠, J♣]",2026-09-27T02:10:26.884Z,179047502688400
"""dih @ GO72Iwd2XL"" calls 1.50",2026-09-27T02:10:26.066Z,179047502606600
"""JJJ @ iacG4hF18c"" raises to 1.50",2026-09-27T02:10:05.827Z,179047500582700
"""dih @ GO72Iwd2XL"" calls 0.50",2026-09-27T02:10:00.721Z,179047500072100
"""rowan @ GthBpPSqaK"" folds",2026-09-27T02:09:52.382Z,179047499238200
"""JJJ @ iacG4hF18c"" posts a big blind of 0.50",2026-09-27T02:09:47.021Z,179047498702106
"""dih @ GO72Iwd2XL"" posts a small blind of 0.25",2026-09-27T02:09:47.021Z,179047498702105
"Player stacks: #1 ""rowan @ GthBpPSqaK"" (106.32) | #2 ""dih @ GO72Iwd2XL"" (557.73) | #10 ""JJJ @ iacG4hF18c"" (37.84)",2026-09-27T02:09:47.021Z,179047498702101
"-- starting hand #507 (id: iht5bho2pepb)  No Limit Texas Hold'em (dealer: ""rowan @ GthBpPSqaK"") --",2026-09-27T02:09:47.021Z,179047498702100
"-- ending hand #506 --",2026-09-27T02:09:41.107Z,179047498110702
"""JJJ @ iacG4hF18c"" collected 1.25 from pot",2026-09-27T02:09:41.107Z,179047498110701
"Uncalled bet of 1.25 returned to ""JJJ @ iacG4hF18c""",2026-09-27T02:09:41.107Z,179047498110700
"""dih @ GO72Iwd2XL"" folds",2026-09-27T02:09:40.288Z,179047498028800
"""JJJ @ iacG4hF18c"" bets 1.25",2026-09-27T02:09:32.309Z,179047497230900
"""dih @ GO72Iwd2XL"" checks",2026-09-27T02:09:28.371Z,179047496837100
"Flop:  [3♥, 9♦, 2♦]",2026-09-27T02:09:23.481Z,179047496348100
"""dih @ GO72Iwd2XL"" checks",2026-09-27T02:09:22.679Z,179047496267900
"""rowan @ GthBpPSqaK"" folds",2026-09-27T02:09:13.045Z,179047495304500
"""JJJ @ iacG4hF18c"" calls 0.50",2026-09-27T02:09:11.715Z,179047495171500
"""dih @ GO72Iwd2XL"" posts a big blind of 0.50",2026-09-27T02:09:10.794Z,179047495079406
"""rowan @ GthBpPSqaK"" posts a small blind of 0.25",2026-09-27T02:09:10.794Z,179047495079405
"Player stacks: #1 ""rowan @ GthBpPSqaK"" (106.57) | #2 ""dih @ GO72Iwd2XL"" (558.23) | #10 ""JJJ @ iacG4hF18c"" (37.09)",2026-09-27T02:09:10.794Z,179047495079401
"-- starting hand #506 (id: ztzdkzrpgipv)  No Limit Texas Hold'em (dealer: ""JJJ @ iacG4hF18c"") --",2026-09-27T02:09:10.794Z,179047495079400
"""rowan @ GthBpPSqaK"" shows a 3♠.",2026-09-27T02:09:05.908Z,179047494590800
"-- ending hand #505 --",2026-09-27T02:09:04.186Z,179047494418602
"""JJJ @ iacG4hF18c"" collected 1.00 from pot",2026-09-27T02:09:04.186Z,179047494418601
"Uncalled bet of 1.00 returned to ""JJJ @ iacG4hF18c""",2026-09-27T02:09:04.186Z,179047494418600
"""rowan @ GthBpPSqaK"" folds",2026-09-27T02:09:03.328Z,179047494332800
"""JJJ @ iacG4hF18c"" bets 1.00",2026-09-27T02:09:02.337Z,179047494233700
"Flop:  [4♣, 6♦, 10♠]",2026-09-27T02:08:58.758Z,179047493875800
"""rowan @ GthBpPSqaK"" checks",2026-09-27T02:08:57.885Z,179047493788500
"""JJJ @ iacG4hF18c"" calls 0.50",2026-09-27T02:08:56.717Z,179047493671700
"""dih @ GO72Iwd2XL"" folds",2026-09-27T02:08:54.936Z,179047493493600
"""rowan @ GthBpPSqaK"" posts a big blind of 0.50",2026-09-27T02:08:52.382Z,179047493238206
"""JJJ @ iacG4hF18c"" posts a small blind of 0.25",2026-09-27T02:08:52.382Z,179047493238205
"Player stacks: #1 ""rowan @ GthBpPSqaK"" (107.07) | #2 ""dih @ GO72Iwd2XL"" (558.23) | #10 ""JJJ @ iacG4hF18c"" (36.59)",2026-09-27T02:08:52.382Z,179047493238201
"-- starting hand #505 (id: sxy75poqovzx)  No Limit Texas Hold'em (dealer: ""dih @ GO72Iwd2XL"") --",2026-09-27T02:08:52.382Z,179047493238200
"""JJJ @ iacG4hF18c"" shows a 3♦, A♦.",2026-09-27T02:08:47.583Z,179047492758300
"-- ending hand #504 --",2026-09-27T02:08:45.869Z,179047492586902
"""rowan @ GthBpPSqaK"" collected 33.93 from pot with Three of a Kind, 7's (combination: 8♥, A♠, 7♣, 7♦, 7♠)",2026-09-27T02:08:45.869Z,179047492586901
"""rowan @ GthBpPSqaK"" shows a 7♣, 8♥.",2026-09-27T02:08:45.869Z,179047492586900
"""JJJ @ iacG4hF18c"" calls 8.48",2026-09-27T02:08:45.055Z,179047492505500
"""rowan @ GthBpPSqaK"" bets 8.48",2026-09-27T02:08:43.728Z,179047492372800
"""JJJ @ iacG4hF18c"" checks",2026-09-27T02:08:41.565Z,179047492156500
"River: 4♣, 3♠, 7♦, A♠ [7♠]",2026-09-27T02:08:35.157Z,179047491515700
"""JJJ @ iacG4hF18c"" calls 4.24",2026-09-27T02:08:34.353Z,179047491435300
"""rowan @ GthBpPSqaK"" bets 4.24",2026-09-27T02:08:31.467Z,179047491146700
"""JJJ @ iacG4hF18c"" checks",2026-09-27T02:08:27.599Z,179047490759900
"Turn: 4♣, 3♠, 7♦ [A♠]",2026-09-27T02:08:25.348Z,179047490534800
"""JJJ @ iacG4hF18c"" calls 2.12",2026-09-27T02:08:24.513Z,179047490451300
"""rowan @ GthBpPSqaK"" bets 2.12",2026-09-27T02:08:22.772Z,179047490277200
"""JJJ @ iacG4hF18c"" checks",2026-09-27T02:08:20.331Z,179047490033100
"Flop:  [4♣, 3♠, 7♦]",2026-09-27T02:08:19.052Z,179047489905200
"""JJJ @ iacG4hF18c"" calls 2.00",2026-09-27T02:08:18.241Z,179047489824100
"""dih @ GO72Iwd2XL"" folds",2026-09-27T02:08:16.582Z,179047489658200
"""rowan @ GthBpPSqaK"" raises to 2.00",2026-09-27T02:08:14.283Z,179047489428300
"""JJJ @ iacG4hF18c"" posts a big blind of 0.50",2026-09-27T02:08:11.711Z,179047489171106
"""dih @ GO72Iwd2XL"" posts a small blind of 0.25",2026-09-27T02:08:11.711Z,179047489171105
"Player stacks: #1 ""rowan @ GthBpPSqaK"" (89.98) | #2 ""dih @ GO72Iwd2XL"" (558.48) | #10 ""JJJ @ iacG4hF18c"" (53.43)",2026-09-27T02:08:11.711Z,179047489171101
"-- starting hand #504 (id: oh2soqxjq2bc)  No Limit Texas Hold'em (dealer: ""rowan @ GthBpPSqaK"") --",2026-09-27T02:08:11.711Z,179047489171100
"""rowan @ GthBpPSqaK"" shows a 9♣.",2026-09-27T02:08:08.187Z,179047488818700
"-- ending hand #503 --",2026-09-27T02:08:05.087Z,179047488508702
"""rowan @ GthBpPSqaK"" collected 9.50 from pot",2026-09-27T02:08:05.087Z,179047488508701
"Uncalled bet of 4.75 returned to ""rowan @ GthBpPSqaK""",2026-09-27T02:08:05.087Z,179047488508700
"""dih @ GO72Iwd2XL"" folds",2026-09-27T02:08:04.215Z,179047488421500
"""rowan @ GthBpPSqaK"" bets 4.75",2026-09-27T02:08:02.095Z,179047488209500
"Turn: 8♥, J♠, J♥ [2♠]",2026-09-27T02:07:59.268Z,179047487926800
"""dih @ GO72Iwd2XL"" checks",2026-09-27T02:07:58.425Z,179047487842500
"""rowan @ GthBpPSqaK"" checks",2026-09-27T02:07:57.299Z,179047487729900
"Flop:  [8♥, J♠, J♥]",2026-09-27T02:07:55.660Z,179047487566000
"""rowan @ GthBpPSqaK"" calls 4.50",2026-09-27T02:07:54.733Z,179047487473300
"""JJJ @ iacG4hF18c"" folds",2026-09-27T02:07:53.869Z,179047487386900
"""dih @ GO72Iwd2XL"" raises to 4.50",2026-09-27T02:07:52.242Z,179047487224200
"""rowan @ GthBpPSqaK"" raises to 2.50",2026-09-27T02:07:41.846Z,179047486184600
"""JJJ @ iacG4hF18c"" calls 0.50",2026-09-27T02:07:39.768Z,179047485976800
"""dih @ GO72Iwd2XL"" posts a big blind of 0.50",2026-09-27T02:07:38.812Z,179047485881206
"""rowan @ GthBpPSqaK"" posts a small blind of 0.25",2026-09-27T02:07:38.812Z,179047485881205
"Player stacks: #1 ""rowan @ GthBpPSqaK"" (84.98) | #2 ""dih @ GO72Iwd2XL"" (562.98) | #10 ""JJJ @ iacG4hF18c"" (53.93)",2026-09-27T02:07:38.812Z,179047485881201
"-- starting hand #503 (id: bbfufmdekmek)  No Limit Texas Hold'em (dealer: ""JJJ @ iacG4hF18c"") --",2026-09-27T02:07:38.812Z,179047485881200
"-- ending hand #502 --",2026-09-27T02:07:32.812Z,179047485281202
"""JJJ @ iacG4hF18c"" collected 5.50 from pot",2026-09-27T02:07:32.812Z,179047485281201
"Uncalled bet of 4.12 returned to ""JJJ @ iacG4hF18c""",2026-09-27T02:07:32.812Z,179047485281200
"""dih @ GO72Iwd2XL"" folds",2026-09-27T02:07:31.947Z,179047485194700
"""JJJ @ iacG4hF18c"" bets 4.12",2026-09-27T02:07:27.818Z,179047484781800
"Flop:  [4♣, 10♠, J♦]",2026-09-27T02:07:24.606Z,179047484460600
"""rowan @ GthBpPSqaK"" folds",2026-09-27T02:07:23.702Z,179047484370200
"""JJJ @ iacG4hF18c"" calls 2.50",2026-09-27T02:07:22.859Z,179047484285900
"""dih @ GO72Iwd2XL"" raises to 2.50",2026-09-27T02:07:18.851Z,179047483885100
"""rowan @ GthBpPSqaK"" posts a big blind of 0.50",2026-09-27T02:07:15.775Z,179047483577506
"""JJJ @ iacG4hF18c"" posts a small blind of 0.25",2026-09-27T02:07:15.775Z,179047483577505
"Player stacks: #1 ""rowan @ GthBpPSqaK"" (85.48) | #2 ""dih @ GO72Iwd2XL"" (565.48) | #10 ""JJJ @ iacG4hF18c"" (50.93)",2026-09-27T02:07:15.775Z,179047483577501
"-- starting hand #502 (id: y5ckdvjujjmc)  No Limit Texas Hold'em (dealer: ""dih @ GO72Iwd2XL"") --",2026-09-27T02:07:15.775Z,179047483577500
"""JJJ @ iacG4hF18c"" shows a J♥, 8♣.",2026-09-27T02:07:10.251Z,179047483025100
"""rowan @ GthBpPSqaK"" shows a 9♦, 7♦.",2026-09-27T02:07:10.158Z,179047483015800
"-- ending hand #501 --",2026-09-27T02:07:08.444Z,179047482844402
"""rowan @ GthBpPSqaK"" collected 12.00 from pot",2026-09-27T02:07:08.444Z,179047482844401
"Uncalled bet of 12.00 returned to ""rowan @ GthBpPSqaK""",2026-09-27T02:07:08.444Z,179047482844400
"""JJJ @ iacG4hF18c"" folds",2026-09-27T02:07:07.615Z,179047482761500
"""rowan @ GthBpPSqaK"" bets 12.00",2026-09-27T02:07:06.310Z,179047482631000
"""JJJ @ iacG4hF18c"" checks",2026-09-27T02:07:03.337Z,179047482333700
"Turn: 9♥, K♦, 7♠ [Q♠]",2026-09-27T02:07:02.498Z,179047482249800
"""JJJ @ iacG4hF18c"" calls 3.00",2026-09-27T02:07:01.595Z,179047482159500
"""dih @ GO72Iwd2XL"" folds",2026-09-27T02:07:00.536Z,179047482053600
"""rowan @ GthBpPSqaK"" bets 3.00",2026-09-27T02:06:58.906Z,179047481890600
"""JJJ @ iacG4hF18c"" checks",2026-09-27T02:06:56.541Z,179047481654100
"""dih @ GO72Iwd2XL"" checks",2026-09-27T02:06:55.059Z,179047481505900
"Flop:  [9♥, K♦, 7♠]",2026-09-27T02:06:40.001Z,179047480000100
"""JJJ @ iacG4hF18c"" calls 2.00",2026-09-27T02:06:39.182Z,179047479918200
"""dih @ GO72Iwd2XL"" calls 2.00",2026-09-27T02:06:26.729Z,179047478672900
"""rowan @ GthBpPSqaK"" raises to 2.00",2026-09-27T02:06:21.500Z,179047478150000
"""JJJ @ iacG4hF18c"" posts a big blind of 0.50",2026-09-27T02:06:18.631Z,179047477863106
"""dih @ GO72Iwd2XL"" posts a small blind of 0.25",2026-09-27T02:06:18.631Z,179047477863105
"Player stacks: #1 ""rowan @ GthBpPSqaK"" (78.48) | #2 ""dih @ GO72Iwd2XL"" (567.48) | #10 ""JJJ @ iacG4hF18c"" (55.93)",2026-09-27T02:06:18.631Z,179047477863101
"-- starting hand #501 (id: zc5amwuihqna)  No Limit Texas Hold'em (dealer: ""rowan @ GthBpPSqaK"") --",2026-09-27T02:06:18.631Z,179047477863100
"""JJJ @ iacG4hF18c"" shows a 10♦, A♠.",2026-09-27T02:06:14.868Z,179047477486800
"-- ending hand #500 --",2026-09-27T02:06:12.125Z,179047477212502
"""dih @ GO72Iwd2XL"" collected 112.50 from pot with Two Pair, A's & 7's (combination: Q♥, 7♣, 7♦, A♣, A♦)",2026-09-27T02:06:12.125Z,179047477212501
"""dih @ GO72Iwd2XL"" shows a 7♣, A♣.",2026-09-27T02:06:12.125Z,179047477212500
"""JJJ @ iacG4hF18c"" calls 33.75",2026-09-27T02:06:11.246Z,179047477124600
"""dih @ GO72Iwd2XL"" bets 33.75",2026-09-27T02:06:05.537Z,179047476553700
"River: 7♦, 5♠, A♦, 3♠ [Q♥]",2026-09-27T02:06:00.050Z,179047476005000
"""JJJ @ iacG4hF18c"" calls 13.50",2026-09-27T02:05:59.202Z,179047475920200
"""dih @ GO72Iwd2XL"" bets 13.50",2026-09-27T02:05:56.856Z,179047475685600
"Turn: 7♦, 5♠, A♦ [3♠]",2026-09-27T02:05:53.979Z,179047475397900
"""rowan @ GthBpPSqaK"" folds",2026-09-27T02:05:53.098Z,179047475309800
"""JJJ @ iacG4hF18c"" calls 6.00",2026-09-27T02:05:51.134Z,179047475113400
"""dih @ GO72Iwd2XL"" bets 6.00",2026-09-27T02:05:49.505Z,179047474950500
"""rowan @ GthBpPSqaK"" checks",2026-09-27T02:05:39.602Z,179047473960200
"Flop:  [7♦, 5♠, A♦]",2026-09-27T02:05:38.367Z,179047473836700
"""rowan @ GthBpPSqaK"" calls 2.00",2026-09-27T02:05:37.453Z,179047473745300
"""JJJ @ iacG4hF18c"" calls 2.00",2026-09-27T02:05:36.587Z,179047473658700
"""dih @ GO72Iwd2XL"" raises to 2.00",2026-09-27T02:05:33.611Z,179047473361100
"""rowan @ GthBpPSqaK"" calls 0.50",2026-09-27T02:05:28.810Z,179047472881000
"""JJJ @ iacG4hF18c"" calls 0.50",2026-09-27T02:05:27.391Z,179047472739100
"""dih @ GO72Iwd2XL"" posts a big blind of 0.50",2026-09-27T02:05:26.037Z,179047472603706
"""rowan @ GthBpPSqaK"" posts a small blind of 0.25",2026-09-27T02:05:26.037Z,179047472603705
"Player stacks: #1 ""rowan @ GthBpPSqaK"" (80.48) | #2 ""dih @ GO72Iwd2XL"" (510.23) | #10 ""JJJ @ iacG4hF18c"" (111.18)",2026-09-27T02:05:26.037Z,179047472603701
"-- starting hand #500 (id: eawdq4der3ka)  No Limit Texas Hold'em (dealer: ""JJJ @ iacG4hF18c"") --",2026-09-27T02:05:26.037Z,179047472603700
"""dih @ GO72Iwd2XL"" shows a 4♣, 6♣.",2026-09-27T02:05:21.179Z,179047472117900
"-- ending hand #499 --",2026-09-27T02:05:19.428Z,179047471942802
"""dih @ GO72Iwd2XL"" collected 4.50 from pot",2026-09-27T02:05:19.428Z,179047471942801
"Uncalled bet of 4.50 returned to ""dih @ GO72Iwd2XL""",2026-09-27T02:05:19.428Z,179047471942800
"""JJJ @ iacG4hF18c"" folds",2026-09-27T02:05:18.579Z,179047471857900
"""dih @ GO72Iwd2XL"" bets 4.50",2026-09-27T02:05:16.401Z,179047471640100
"""JJJ @ iacG4hF18c"" checks",2026-09-27T02:05:05.259Z,179047470525900
"Flop:  [3♣, 2♠, 7♣]",2026-09-27T02:05:03.562Z,179047470356200
"""rowan @ GthBpPSqaK"" folds",2026-09-27T02:05:02.652Z,179047470265200
"""JJJ @ iacG4hF18c"" calls 2.00",2026-09-27T02:05:01.581Z,179047470158100
"""dih @ GO72Iwd2XL"" raises to 2.00",2026-09-27T02:04:59.363Z,179047469936300
"""rowan @ GthBpPSqaK"" posts a big blind of 0.50",2026-09-27T02:04:53.665Z,179047469366506
"""JJJ @ iacG4hF18c"" posts a small blind of 0.25",2026-09-27T02:04:53.665Z,179047469366505
"Player stacks: #1 ""rowan @ GthBpPSqaK"" (80.98) | #2 ""dih @ GO72Iwd2XL"" (507.73) | #10 ""JJJ @ iacG4hF18c"" (113.18)",2026-09-27T02:04:53.665Z,179047469366501
"-- starting hand #499 (id: yb6v2lt83q2q)  No Limit Texas Hold'em (dealer: ""dih @ GO72Iwd2XL"") --",2026-09-27T02:04:53.665Z,179047469366500
"-- ending hand #498 --",2026-09-27T02:04:47.655Z,179047468765502
"""rowan @ GthBpPSqaK"" collected 4.25 from pot",2026-09-27T02:04:47.655Z,179047468765501
"Uncalled bet of 2.00 returned to ""rowan @ GthBpPSqaK""",2026-09-27T02:04:47.655Z,179047468765500
"""JJJ @ iacG4hF18c"" folds",2026-09-27T02:04:46.838Z,179047468683800
"""rowan @ GthBpPSqaK"" bets 2.00",2026-09-27T02:04:45.104Z,179047468510400
"""JJJ @ iacG4hF18c"" checks",2026-09-27T02:04:42.662Z,179047468266200
"Flop:  [K♥, 3♠, 4♣]",2026-09-27T02:04:41.276Z,179047468127600
"""JJJ @ iacG4hF18c"" calls 2.00",2026-09-27T02:04:40.449Z,179047468044900
"""dih @ GO72Iwd2XL"" folds",2026-09-27T02:04:39.115Z,179047467911500
"""rowan @ GthBpPSqaK"" raises to 2.00",2026-09-27T02:04:32.730Z,179047467273000
"""JJJ @ iacG4hF18c"" posts a big blind of 0.50",2026-09-27T02:04:30.812Z,179047467081206
"""dih @ GO72Iwd2XL"" posts a small blind of 0.25",2026-09-27T02:04:30.812Z,179047467081205
"Player stacks: #1 ""rowan @ GthBpPSqaK"" (78.73) | #2 ""dih @ GO72Iwd2XL"" (507.98) | #10 ""JJJ @ iacG4hF18c"" (115.18)",2026-09-27T02:04:30.812Z,179047467081201
"-- starting hand #498 (id: sofb0awglpoo)  No Limit Texas Hold'em (dealer: ""rowan @ GthBpPSqaK"") --",2026-09-27T02:04:30.812Z,179047467081200
"-- ending hand #497 --",2026-09-27T02:04:24.807Z,179047466480701
"""JJJ @ iacG4hF18c"" collected 1.25 from pot",2026-09-27T02:04:24.807Z,179047466480700
"""dih @ GO72Iwd2XL"" folds",2026-09-27T02:04:23.987Z,179047466398700
"""rowan @ GthBpPSqaK"" folds",2026-09-27T02:04:23.076Z,179047466307600
"""JJJ @ iacG4hF18c"" calls 0.50",2026-09-27T02:04:22.200Z,179047466220000
"""dih @ GO72Iwd2XL"" posts a big blind of 0.50",2026-09-27T02:04:15.398Z,179047465539806
"""rowan @ GthBpPSqaK"" posts a small blind of 0.25",2026-09-27T02:04:15.398Z,179047465539805
"Player stacks: #1 ""rowan @ GthBpPSqaK"" (78.98) | #2 ""dih @ GO72Iwd2XL"" (508.48) | #10 ""JJJ @ iacG4hF18c"" (114.43)",2026-09-27T02:04:15.398Z,179047465539801
"-- starting hand #497 (id: raxntf0j1scf)  No Limit Texas Hold'em (dealer: ""JJJ @ iacG4hF18c"") --",2026-09-27T02:04:15.398Z,179047465539800
"-- ending hand #496 --",2026-09-27T02:04:09.398Z,179047464939802
"""rowan @ GthBpPSqaK"" collected 5.00 from pot",2026-09-27T02:04:09.398Z,179047464939801
"Uncalled bet of 2.00 returned to ""rowan @ GthBpPSqaK""",2026-09-27T02:04:09.398Z,179047464939800
"""JJJ @ iacG4hF18c"" folds",2026-09-27T02:04:08.534Z,179047464853400
"""rowan @ GthBpPSqaK"" bets 2.00",2026-09-27T02:04:07.510Z,179047464751000
"""JJJ @ iacG4hF18c"" checks",2026-09-27T02:04:04.050Z,179047464405000
"Flop:  [Q♦, 10♥, 2♣]",2026-09-27T02:04:02.825Z,179047464282500
"""JJJ @ iacG4hF18c"" calls 2.50",2026-09-27T02:04:01.999Z,179047464199900
"""rowan @ GthBpPSqaK"" raises to 2.50",2026-09-27T02:04:00.736Z,179047464073600
"""JJJ @ iacG4hF18c"" calls 0.50",2026-09-27T02:03:57.024Z,179047463702400
"""dih @ GO72Iwd2XL"" folds",2026-09-27T02:03:55.755Z,179047463575500
"""rowan @ GthBpPSqaK"" posts a big blind of 0.50",2026-09-27T02:03:45.730Z,179047462573006
"""JJJ @ iacG4hF18c"" posts a small blind of 0.25",2026-09-27T02:03:45.730Z,179047462573005
"Player stacks: #1 ""rowan @ GthBpPSqaK"" (76.48) | #2 ""dih @ GO72Iwd2XL"" (508.48) | #10 ""JJJ @ iacG4hF18c"" (116.93)",2026-09-27T02:03:45.730Z,179047462573001
"-- starting hand #496 (id: c79pp7qouvpw)  No Limit Texas Hold'em (dealer: ""dih @ GO72Iwd2XL"") --",2026-09-27T02:03:45.730Z,179047462573000
"""dih @ GO72Iwd2XL"" shows a A♣, 4♣.",2026-09-27T02:03:42.817Z,179047462281700
"""rowan @ GthBpPSqaK"" shows a A♠, 3♦.",2026-09-27T02:03:38.666Z,179047461866600
"-- ending hand #495 --",2026-09-27T02:03:38.345Z,179047461834502
"""dih @ GO72Iwd2XL"" collected 4.50 from pot",2026-09-27T02:03:38.345Z,179047461834501
"Uncalled bet of 3.00 returned to ""dih @ GO72Iwd2XL""",2026-09-27T02:03:38.345Z,179047461834500
"""rowan @ GthBpPSqaK"" folds",2026-09-27T02:03:37.519Z,179047461751900
"""JJJ @ iacG4hF18c"" folds",2026-09-27T02:03:36.072Z,179047461607200
"""dih @ GO72Iwd2XL"" raises to 5.00",2026-09-27T02:03:35.045Z,179047461504500
"""rowan @ GthBpPSqaK"" raises to 2.00",2026-09-27T02:03:28.878Z,179047460887800
"""JJJ @ iacG4hF18c"" posts a big blind of 0.50",2026-09-27T02:03:26.106Z,179047460610606
"""dih @ GO72Iwd2XL"" posts a small blind of 0.25",2026-09-27T02:03:26.106Z,179047460610605
"Player stacks: #1 ""rowan @ GthBpPSqaK"" (78.48) | #2 ""dih @ GO72Iwd2XL"" (505.98) | #10 ""JJJ @ iacG4hF18c"" (117.43)",2026-09-27T02:03:26.106Z,179047460610601
"-- starting hand #495 (id: cfozzerrhg8k)  No Limit Texas Hold'em (dealer: ""rowan @ GthBpPSqaK"") --",2026-09-27T02:03:26.106Z,179047460610600
"-- ending hand #494 --",2026-09-27T02:03:20.098Z,179047460009802
"""dih @ GO72Iwd2XL"" collected 0.50 from pot",2026-09-27T02:03:20.098Z,179047460009801
"Uncalled bet of 0.25 returned to ""dih @ GO72Iwd2XL""",2026-09-27T02:03:20.098Z,179047460009800
"""rowan @ GthBpPSqaK"" folds",2026-09-27T02:03:19.163Z,179047459916300
"""JJJ @ iacG4hF18c"" folds",2026-09-27T02:03:18.228Z,179047459822800
"""dih @ GO72Iwd2XL"" posts a big blind of 0.50",2026-09-27T02:03:16.906Z,179047459690606
"""rowan @ GthBpPSqaK"" posts a small blind of 0.25",2026-09-27T02:03:16.906Z,179047459690605
"Player stacks: #1 ""rowan @ GthBpPSqaK"" (78.73) | #2 ""dih @ GO72Iwd2XL"" (505.73) | #10 ""JJJ @ iacG4hF18c"" (117.43)",2026-09-27T02:03:16.906Z,179047459690601
"-- starting hand #494 (id: z60m8nqcxmpz)  No Limit Texas Hold'em (dealer: ""JJJ @ iacG4hF18c"") --",2026-09-27T02:03:16.906Z,179047459690600
"-- ending hand #493 --",2026-09-27T02:03:10.944Z,179047459094402
"""rowan @ GthBpPSqaK"" collected 1.00 from pot",2026-09-27T02:03:10.944Z,179047459094401
"Uncalled bet of 2.00 returned to ""rowan @ GthBpPSqaK""",2026-09-27T02:03:10.944Z,179047459094400
"""JJJ @ iacG4hF18c"" folds",2026-09-27T02:03:10.132Z,179047459013200
"""rowan @ GthBpPSqaK"" raises to 2.50",2026-09-27T02:03:09.198Z,179047458919800
"""JJJ @ iacG4hF18c"" calls 0.50",2026-09-27T02:03:06.464Z,179047458646400
"""dih @ GO72Iwd2XL"" folds",2026-09-27T02:03:04.747Z,179047458474700
"""rowan @ GthBpPSqaK"" posts a big blind of 0.50",2026-09-27T02:03:01.921Z,179047458192107
"""JJJ @ iacG4hF18c"" posts a small blind of 0.25",2026-09-27T02:03:01.921Z,179047458192106
"Player stacks: #1 ""rowan @ GthBpPSqaK"" (78.23) | #2 ""dih @ GO72Iwd2XL"" (505.73) | #10 ""JJJ @ iacG4hF18c"" (117.93)",2026-09-27T02:03:01.921Z,179047458192102
"-- starting hand #493 (id: zdoj6myvipdr)  No Limit Texas Hold'em (dead button) --",2026-09-27T02:03:01.921Z,179047458192101
"The player ""Neel @ WyajbU_LR7"" quits the game with a stack of 0.00.",2026-09-27T02:03:01.921Z,179047458192100
"Asking to busted players the rebuy decision.",2026-09-27T02:03:00.260Z,179047458026000
"""rowan @ GthBpPSqaK"" shows a A♣, Q♦.",2026-09-27T02:02:54.118Z,179047457411800
"-- ending hand #492 --",2026-09-27T02:02:53.681Z,179047457368105
"""Neel @ WyajbU_LR7"" shows a K♦, 10♣.",2026-09-27T02:02:53.681Z,179047457368104
"""JJJ @ iacG4hF18c"" collected 12.36 from pot with Straight, J High (combination: 7♣, 8♥, 9♥, 10♠, J♥)",2026-09-27T02:02:53.681Z,179047457368103
"""JJJ @ iacG4hF18c"" collected 8.25 from pot with Straight, J High (combination: 7♣, 8♥, 9♥, 10♠, J♥)",2026-09-27T02:02:53.681Z,179047457368102
"""JJJ @ iacG4hF18c"" shows a 10♠, 8♥.",2026-09-27T02:02:53.681Z,179047457368101
"Uncalled bet of 20.61 returned to ""JJJ @ iacG4hF18c""",2026-09-27T02:02:53.681Z,179047457368100
"""rowan @ GthBpPSqaK"" folds",2026-09-27T02:02:52.870Z,179047457287000
"""JJJ @ iacG4hF18c"" bets 20.61",2026-09-27T02:02:40.000Z,179047456000000
"River: K♣, 7♣, 9♥, J♥ [A♠]",2026-09-27T02:02:35.425Z,179047455542500
"""rowan @ GthBpPSqaK"" calls 6.18",2026-09-27T02:02:34.513Z,179047455451300
"""JJJ @ iacG4hF18c"" bets 6.18",2026-09-27T02:02:33.660Z,179047455366000
"Turn: K♣, 7♣, 9♥ [J♥]",2026-09-27T02:02:29.470Z,179047454947000
"""rowan @ GthBpPSqaK"" calls 0.25",2026-09-27T02:02:28.660Z,179047454866000
"""JJJ @ iacG4hF18c"" calls 0.25",2026-09-27T02:02:27.499Z,179047454749900
"""Neel @ WyajbU_LR7"" bets 0.25 and go all in",2026-09-27T02:02:25.799Z,179047454579900
"Flop:  [K♣, 7♣, 9♥]",2026-09-27T02:02:23.224Z,179047454322400
"""JJJ @ iacG4hF18c"" calls 2.50",2026-09-27T02:02:22.382Z,179047454238200
"""Neel @ WyajbU_LR7"" calls 2.50",2026-09-27T02:02:20.661Z,179047454066100
"""dih @ GO72Iwd2XL"" folds",2026-09-27T02:02:19.661Z,179047453966100
"""rowan @ GthBpPSqaK"" raises to 2.50",2026-09-27T02:02:18.658Z,179047453865800
"""JJJ @ iacG4hF18c"" posts a big blind of 0.50",2026-09-27T02:02:14.011Z,179047453401107
"""Neel @ WyajbU_LR7"" posts a small blind of 0.25",2026-09-27T02:02:14.011Z,179047453401106
"Player stacks: #1 ""rowan @ GthBpPSqaK"" (87.16) | #2 ""dih @ GO72Iwd2XL"" (505.73) | #3 ""Neel @ WyajbU_LR7"" (2.75) | #10 ""JJJ @ iacG4hF18c"" (106.25)",2026-09-27T02:02:14.011Z,179047453401101
"-- starting hand #492 (id: o4oyrdwbdq1k)  No Limit Texas Hold'em (dealer: ""dih @ GO72Iwd2XL"") --",2026-09-27T02:02:14.011Z,179047453401100
"""rowan @ GthBpPSqaK"" shows a K♦.",2026-09-27T02:02:08.500Z,179047452850000
"-- ending hand #491 --",2026-09-27T02:02:07.401Z,179047452740103
"""JJJ @ iacG4hF18c"" collected 1.25 from pot with Two Pair, J's & 4's (combination: Q♦, 4♠, 4♦, J♦, J♥)",2026-09-27T02:02:07.401Z,179047452740102
"""JJJ @ iacG4hF18c"" shows a 4♠, 4♦.",2026-09-27T02:02:07.401Z,179047452740101
"""Neel @ WyajbU_LR7"" shows a K♣, 7♠.",2026-09-27T02:02:07.401Z,179047452740100
"""JJJ @ iacG4hF18c"" checks",2026-09-27T02:02:06.477Z,179047452647700
"""Neel @ WyajbU_LR7"" checks",2026-09-27T02:02:05.481Z,179047452548100
"River: Q♦, J♦, 10♦, 6♠ [J♥]",2026-09-27T02:02:03.579Z,179047452357900
"""JJJ @ iacG4hF18c"" checks",2026-09-27T02:02:02.688Z,179047452268800
"""Neel @ WyajbU_LR7"" checks",2026-09-27T02:02:01.756Z,179047452175600
"Turn: Q♦, J♦, 10♦ [6♠]",2026-09-27T02:02:00.600Z,179047452060000
"""JJJ @ iacG4hF18c"" checks",2026-09-27T02:01:59.797Z,179047451979700
"""Neel @ WyajbU_LR7"" checks",2026-09-27T02:01:58.288Z,179047451828800
"Flop:  [Q♦, J♦, 10♦]",2026-09-27T02:01:55.356Z,179047451535600
"""Neel @ WyajbU_LR7"" checks",2026-09-27T02:01:54.397Z,179047451439700
"""dih @ GO72Iwd2XL"" folds",2026-09-27T02:01:53.457Z,179047451345700
"""rowan @ GthBpPSqaK"" folds",2026-09-27T02:01:52.432Z,179047451243200
"""JJJ @ iacG4hF18c"" calls 0.50",2026-09-27T02:01:51.570Z,179047451157000
"""Neel @ WyajbU_LR7"" posts a big blind of 0.50",2026-09-27T02:01:50.357Z,179047451035707
"""dih @ GO72Iwd2XL"" posts a small blind of 0.25",2026-09-27T02:01:50.357Z,179047451035706
"Player stacks: #1 ""rowan @ GthBpPSqaK"" (87.16) | #2 ""dih @ GO72Iwd2XL"" (505.98) | #3 ""Neel @ WyajbU_LR7"" (3.25) | #10 ""JJJ @ iacG4hF18c"" (105.50)",2026-09-27T02:01:50.357Z,179047451035701
"-- starting hand #491 (id: y7sfnmpxz9ke)  No Limit Texas Hold'em (dealer: ""rowan @ GthBpPSqaK"") --",2026-09-27T02:01:50.357Z,179047451035700
"""rowan @ GthBpPSqaK"" shows a 10♥.",2026-09-27T02:01:46.335Z,179047450633500
"-- ending hand #490 --",2026-09-27T02:01:43.750Z,179047450375002
"""JJJ @ iacG4hF18c"" collected 1.25 from pot",2026-09-27T02:01:43.750Z,179047450375001
"Uncalled bet of 1.25 returned to ""JJJ @ iacG4hF18c""",2026-09-27T02:01:43.750Z,179047450375000
"""dih @ GO72Iwd2XL"" folds",2026-09-27T02:01:42.842Z,179047450284200
"""JJJ @ iacG4hF18c"" bets 1.25",2026-09-27T02:01:38.473Z,179047449847300
"""dih @ GO72Iwd2XL"" checks",2026-09-27T02:01:35.916Z,179047449591600
"Turn: 9♣, 8♥, A♥ [J♥]",2026-09-27T02:01:29.896Z,179047448989600
"""JJJ @ iacG4hF18c"" checks",2026-09-27T02:01:29.010Z,179047448901000
"""dih @ GO72Iwd2XL"" checks",2026-09-27T02:01:27.789Z,179047448778900
"Flop:  [9♣, 8♥, A♥]",2026-09-27T02:01:24.301Z,179047448430100
"""dih @ GO72Iwd2XL"" checks",2026-09-27T02:01:23.420Z,179047448342000
"""rowan @ GthBpPSqaK"" folds",2026-09-27T02:01:13.983Z,179047447398300
"""JJJ @ iacG4hF18c"" calls 0.50",2026-09-27T02:01:13.130Z,179047447313000
"""Neel @ WyajbU_LR7"" folds",2026-09-27T02:01:10.943Z,179047447094300
"""dih @ GO72Iwd2XL"" posts a big blind of 0.50",2026-09-27T02:01:09.722Z,179047446972207
"""rowan @ GthBpPSqaK"" posts a small blind of 0.25",2026-09-27T02:01:09.722Z,179047446972206
"Player stacks: #1 ""rowan @ GthBpPSqaK"" (87.41) | #2 ""dih @ GO72Iwd2XL"" (506.48) | #3 ""Neel @ WyajbU_LR7"" (3.25) | #10 ""JJJ @ iacG4hF18c"" (104.75)",2026-09-27T02:01:09.722Z,179047446972201
"-- starting hand #490 (id: otpqljks7klp)  No Limit Texas Hold'em (dealer: ""JJJ @ iacG4hF18c"") --",2026-09-27T02:01:09.722Z,179047446972200
"-- ending hand #489 --",2026-09-27T02:01:03.708Z,179047446370802
"""JJJ @ iacG4hF18c"" collected 9.00 from pot with Pair, 6's (combination: 9♠, 10♥, A♥, 6♥, 6♣)",2026-09-27T02:01:03.708Z,179047446370801
"""JJJ @ iacG4hF18c"" shows a A♥, 6♥.",2026-09-27T02:01:03.708Z,179047446370800
"""Neel @ WyajbU_LR7"" checks",2026-09-27T02:01:02.883Z,179047446288300
"""JJJ @ iacG4hF18c"" checks",2026-09-27T02:01:01.175Z,179047446117500
"River: 7♣, 9♠, 5♥, 6♣ [10♥]",2026-09-27T02:01:00.391Z,179047446039100
"""JJJ @ iacG4hF18c"" calls 2.25",2026-09-27T02:00:59.488Z,179047445948800
"""Neel @ WyajbU_LR7"" bets 2.25",2026-09-27T02:00:58.262Z,179047445826200
"""JJJ @ iacG4hF18c"" checks",2026-09-27T02:00:54.384Z,179047445438400
"Turn: 7♣, 9♠, 5♥ [6♣]",2026-09-27T02:00:53.064Z,179047445306400
"""rowan @ GthBpPSqaK"" folds",2026-09-27T02:00:52.249Z,179047445224900
"""JJJ @ iacG4hF18c"" calls 1.50",2026-09-27T02:00:51.363Z,179047445136300
"""Neel @ WyajbU_LR7"" bets 1.50",2026-09-27T02:00:50.047Z,179047445004700
"""rowan @ GthBpPSqaK"" checks",2026-09-27T02:00:47.110Z,179047444711000
"""JJJ @ iacG4hF18c"" checks",2026-09-27T02:00:46.191Z,179047444619100
"Flop:  [7♣, 9♠, 5♥]",2026-09-27T02:00:44.943Z,179047444494300
"""rowan @ GthBpPSqaK"" checks",2026-09-27T02:00:44.137Z,179047444413700
"""JJJ @ iacG4hF18c"" calls 0.50",2026-09-27T02:00:43.210Z,179047444321000
"""Neel @ WyajbU_LR7"" calls 0.50",2026-09-27T02:00:41.752Z,179047444175200
"""dih @ GO72Iwd2XL"" folds",2026-09-27T02:00:40.806Z,179047444080600
"""rowan @ GthBpPSqaK"" posts a big blind of 0.50",2026-09-27T02:00:37.789Z,179047443778907
"""JJJ @ iacG4hF18c"" posts a small blind of 0.25",2026-09-27T02:00:37.789Z,179047443778906
"Player stacks: #1 ""rowan @ GthBpPSqaK"" (87.91) | #2 ""dih @ GO72Iwd2XL"" (506.48) | #3 ""Neel @ WyajbU_LR7"" (7.50) | #10 ""JJJ @ iacG4hF18c"" (100.00)",2026-09-27T02:00:37.789Z,179047443778901
"-- starting hand #489 (id: r24dfiqirgde)  No Limit Texas Hold'em (dealer: ""Neel @ WyajbU_LR7"") --",2026-09-27T02:00:37.789Z,179047443778900
"""JJJ @ iacG4hF18c"" shows a J♦.",2026-09-27T02:00:34.742Z,179047443474200
"-- ending hand #488 --",2026-09-27T02:00:31.256Z,179047443125602
"""dih @ GO72Iwd2XL"" collected 220.09 from pot with Full House, 4's over J's (combination: J♠, J♣, 4♠, 4♣, 4♦)",2026-09-27T02:00:31.256Z,179047443125601
"""dih @ GO72Iwd2XL"" shows a J♠, 4♠.",2026-09-27T02:00:31.256Z,179047443125600
"""JJJ @ iacG4hF18c"" calls 63.61",2026-09-27T02:00:30.369Z,179047443036900
"""dih @ GO72Iwd2XL"" bets 63.61",2026-09-27T02:00:29.395Z,179047442939500
"""JJJ @ iacG4hF18c"" checks",2026-09-27T02:00:23.216Z,179047442321600
"River: 9♦, J♣, 4♣, 2♦ [4♦]",2026-09-27T02:00:21.552Z,179047442155200
"""JJJ @ iacG4hF18c"" calls 38.63",2026-09-27T02:00:20.732Z,179047442073200
"""dih @ GO72Iwd2XL"" raises to 38.63",2026-09-27T02:00:18.250Z,179047441825000
"""rowan @ GthBpPSqaK"" folds",2026-09-27T02:00:12.636Z,179047441263600
"""JJJ @ iacG4hF18c"" bets 11.70",2026-09-27T02:00:04.131Z,179047440413100
"Turn: 9♦, J♣, 4♣ [2♦]",2026-09-27T01:59:59.966Z,179047439996600
"""JJJ @ iacG4hF18c"" calls 3.12",2026-09-27T01:59:59.149Z,179047439914900
"""dih @ GO72Iwd2XL"" calls 3.12",2026-09-27T01:59:55.627Z,179047439562700
"""rowan @ GthBpPSqaK"" bets 3.12",2026-09-27T01:59:52.187Z,179047439218700
"""JJJ @ iacG4hF18c"" checks",2026-09-27T01:59:49.222Z,179047438922200
"Flop:  [9♦, J♣, 4♣]",2026-09-27T01:59:47.193Z,179047438719300
"""JJJ @ iacG4hF18c"" calls 2.00",2026-09-27T01:59:46.371Z,179047438637100
"""Neel @ WyajbU_LR7"" folds",2026-09-27T01:59:45.078Z,179047438507800
"""dih @ GO72Iwd2XL"" calls 2.00",2026-09-27T01:59:44.193Z,179047438419300
"""rowan @ GthBpPSqaK"" raises to 2.00",2026-09-27T01:59:41.337Z,179047438133700
"""JJJ @ iacG4hF18c"" posts a big blind of 0.50",2026-09-27T01:59:37.741Z,179047437774107
"""Neel @ WyajbU_LR7"" posts a small blind of 0.25",2026-09-27T01:59:37.741Z,179047437774106
"Player stacks: #1 ""rowan @ GthBpPSqaK"" (93.03) | #2 ""dih @ GO72Iwd2XL"" (393.75) | #3 ""Neel @ WyajbU_LR7"" (7.75) | #10 ""JJJ @ iacG4hF18c"" (207.36)",2026-09-27T01:59:37.741Z,179047437774101
"-- starting hand #488 (id: nussmkavuidz)  No Limit Texas Hold'em (dealer: ""dih @ GO72Iwd2XL"") --",2026-09-27T01:59:37.741Z,179047437774100
"""rowan @ GthBpPSqaK"" shows a 3♦, J♠.",2026-09-27T01:59:33.485Z,179047437348500
"-- ending hand #487 --",2026-09-27T01:59:31.140Z,179047437114003
"""Neel @ WyajbU_LR7"" collected 1.00 from pot with Two Pair, 9's & 3's (combination: Q♥, 3♥, 3♠, 9♣, 9♥)",2026-09-27T01:59:31.140Z,179047437114002
"""Neel @ WyajbU_LR7"" shows a 3♥, J♦.",2026-09-27T01:59:31.140Z,179047437114001
"""dih @ GO72Iwd2XL"" shows a 8♣, 2♣.",2026-09-27T01:59:31.140Z,179047437114000
"""Neel @ WyajbU_LR7"" checks",2026-09-27T01:59:30.290Z,179047437029000
"""dih @ GO72Iwd2XL"" checks",2026-09-27T01:59:29.405Z,179047436940500
"River: Q♥, 9♣, 7♠, 3♠ [9♥]",2026-09-27T01:59:28.538Z,179047436853800
"""Neel @ WyajbU_LR7"" checks",2026-09-27T01:59:27.628Z,179047436762800
"""dih @ GO72Iwd2XL"" checks",2026-09-27T01:59:26.739Z,179047436673900
"Turn: Q♥, 9♣, 7♠ [3♠]",2026-09-27T01:59:25.297Z,179047436529700
"""Neel @ WyajbU_LR7"" checks",2026-09-27T01:59:24.428Z,179047436442800
"""dih @ GO72Iwd2XL"" checks",2026-09-27T01:59:23.543Z,179047436354300
"Flop:  [Q♥, 9♣, 7♠]",2026-09-27T01:59:21.574Z,179047436157400
"""Neel @ WyajbU_LR7"" checks",2026-09-27T01:59:20.739Z,179047436073900
"""dih @ GO72Iwd2XL"" calls 0.50",2026-09-27T01:59:19.804Z,179047435980400
"""rowan @ GthBpPSqaK"" folds",2026-09-27T01:59:10.336Z,179047435033600
"""JJJ @ iacG4hF18c"" folds",2026-09-27T01:59:09.453Z,179047434945300
"""Neel @ WyajbU_LR7"" posts a big blind of 0.50",2026-09-27T01:59:08.285Z,179047434828507
"""dih @ GO72Iwd2XL"" posts a small blind of 0.25",2026-09-27T01:59:08.285Z,179047434828506
"Player stacks: #1 ""rowan @ GthBpPSqaK"" (93.03) | #2 ""dih @ GO72Iwd2XL"" (394.25) | #3 ""Neel @ WyajbU_LR7"" (7.25) | #10 ""JJJ @ iacG4hF18c"" (207.36)",2026-09-27T01:59:08.285Z,179047434828501
"-- starting hand #487 (id: zzyxgdcgcnqh)  No Limit Texas Hold'em (dealer: ""rowan @ GthBpPSqaK"") --",2026-09-27T01:59:08.285Z,179047434828500
"-- ending hand #486 --",2026-09-27T01:59:02.363Z,179047434236302
"""dih @ GO72Iwd2XL"" collected 4.50 from pot",2026-09-27T01:59:02.363Z,179047434236301
"Uncalled bet of 2.50 returned to ""dih @ GO72Iwd2XL""",2026-09-27T01:59:02.363Z,179047434236300
"""Neel @ WyajbU_LR7"" folds",2026-09-27T01:59:01.515Z,179047434151500
"""dih @ GO72Iwd2XL"" bets 2.50",2026-09-27T01:59:00.480Z,179047434048000
"Flop:  [8♠, J♦, 6♥]",2026-09-27T01:58:54.413Z,179047433441300
"""rowan @ GthBpPSqaK"" folds",2026-09-27T01:58:53.578Z,179047433357800
"""Neel @ WyajbU_LR7"" calls 2.00",2026-09-27T01:58:52.438Z,179047433243800
"""dih @ GO72Iwd2XL"" raises to 2.00",2026-09-27T01:58:50.271Z,179047433027100
"""rowan @ GthBpPSqaK"" calls 0.50",2026-09-27T01:58:41.981Z,179047432198100
"""JJJ @ iacG4hF18c"" folds",2026-09-27T01:58:41.051Z,179047432105100
"""Neel @ WyajbU_LR7"" calls 0.50",2026-09-27T01:58:39.355Z,179047431935500
"""dih @ GO72Iwd2XL"" posts a big blind of 0.50",2026-09-27T01:58:19.577Z,179047429957707
"""rowan @ GthBpPSqaK"" posts a small blind of 0.25",2026-09-27T01:58:19.577Z,179047429957706
"Player stacks: #1 ""rowan @ GthBpPSqaK"" (93.53) | #2 ""dih @ GO72Iwd2XL"" (391.75) | #3 ""Neel @ WyajbU_LR7"" (9.25) | #10 ""JJJ @ iacG4hF18c"" (207.36)",2026-09-27T01:58:19.577Z,179047429957701
"-- starting hand #486 (id: 9serbrfhzfn5)  No Limit Texas Hold'em (dealer: ""JJJ @ iacG4hF18c"") --",2026-09-27T01:58:19.577Z,179047429957700
"""dih @ GO72Iwd2XL"" shows a 2♣.",2026-09-27T01:58:15.538Z,179047429553800
"""rowan @ GthBpPSqaK"" shows a 8♣, 9♣.",2026-09-27T01:58:13.661Z,179047429366100
"-- ending hand #485 --",2026-09-27T01:58:12.166Z,179047429216602
"""dih @ GO72Iwd2XL"" collected 5.25 from pot",2026-09-27T01:58:12.166Z,179047429216601
"Uncalled bet of 5.25 returned to ""dih @ GO72Iwd2XL""",2026-09-27T01:58:12.166Z,179047429216600
"""rowan @ GthBpPSqaK"" folds",2026-09-27T01:58:11.323Z,179047429132300
"""dih @ GO72Iwd2XL"" bets 5.25",2026-09-27T01:58:08.493Z,179047428849300
"""rowan @ GthBpPSqaK"" checks",2026-09-27T01:58:02.786Z,179047428278600
"Flop:  [7♥, A♠, 2♦]",2026-09-27T01:58:01.751Z,179047428175100
"""rowan @ GthBpPSqaK"" calls 2.50",2026-09-27T01:58:00.821Z,179047428082100
"""JJJ @ iacG4hF18c"" folds",2026-09-27T01:57:59.928Z,179047427992800
"""Neel @ WyajbU_LR7"" folds",2026-09-27T01:57:56.485Z,179047427648500
"""dih @ GO72Iwd2XL"" raises to 2.50",2026-09-27T01:57:55.531Z,179047427553100
"""rowan @ GthBpPSqaK"" posts a big blind of 0.50",2026-09-27T01:57:50.588Z,179047427058807
"""JJJ @ iacG4hF18c"" posts a small blind of 0.25",2026-09-27T01:57:50.588Z,179047427058806
"Player stacks: #1 ""rowan @ GthBpPSqaK"" (96.03) | #2 ""dih @ GO72Iwd2XL"" (389.00) | #3 ""Neel @ WyajbU_LR7"" (9.25) | #10 ""JJJ @ iacG4hF18c"" (207.61)",2026-09-27T01:57:50.588Z,179047427058801
"-- starting hand #485 (id: rhhu11hqm6my)  No Limit Texas Hold'em (dealer: ""Neel @ WyajbU_LR7"") --",2026-09-27T01:57:50.588Z,179047427058800
"""rowan @ GthBpPSqaK"" shows a A♠.",2026-09-27T01:57:49.026Z,179047426902600
"-- ending hand #484 --",2026-09-27T01:57:46.966Z,179047426696602
"""JJJ @ iacG4hF18c"" collected 8.25 from pot",2026-09-27T01:57:46.966Z,179047426696601
"Uncalled bet of 13.25 returned to ""JJJ @ iacG4hF18c""",2026-09-27T01:57:46.966Z,179047426696600
"""rowan @ GthBpPSqaK"" folds",2026-09-27T01:57:46.098Z,179047426609800
"""JJJ @ iacG4hF18c"" bets 13.25",2026-09-27T01:57:44.811Z,179047426481100
"River: 7♦, 10♦, 10♠, 2♦ [8♣]",2026-09-27T01:57:35.161Z,179047425516100
"""rowan @ GthBpPSqaK"" checks",2026-09-27T01:57:34.324Z,179047425432400
"""JJJ @ iacG4hF18c"" checks",2026-09-27T01:57:32.345Z,179047425234500
"Turn: 7♦, 10♦, 10♠ [2♦]",2026-09-27T01:57:30.757Z,179047425075700
"""JJJ @ iacG4hF18c"" calls 2.00",2026-09-27T01:57:29.940Z,179047424994000
"""rowan @ GthBpPSqaK"" bets 2.00",2026-09-27T01:57:26.586Z,179047424658600
"""JJJ @ iacG4hF18c"" checks",2026-09-27T01:57:23.656Z,179047424365600
"Flop:  [7♦, 10♦, 10♠]",2026-09-27T01:57:21.951Z,179047424195100
"""JJJ @ iacG4hF18c"" calls 2.00",2026-09-27T01:57:21.076Z,179047424107600
"""Neel @ WyajbU_LR7"" folds",2026-09-27T01:57:18.528Z,179047423852800
"""dih @ GO72Iwd2XL"" folds",2026-09-27T01:57:17.599Z,179047423759900
"""rowan @ GthBpPSqaK"" raises to 2.00",2026-09-27T01:57:16.690Z,179047423669000
"""JJJ @ iacG4hF18c"" posts a big blind of 0.50",2026-09-27T01:57:14.519Z,179047423451907
"""Neel @ WyajbU_LR7"" posts a small blind of 0.25",2026-09-27T01:57:14.519Z,179047423451906
"Player stacks: #1 ""rowan @ GthBpPSqaK"" (100.03) | #2 ""dih @ GO72Iwd2XL"" (389.00) | #3 ""Neel @ WyajbU_LR7"" (9.50) | #10 ""JJJ @ iacG4hF18c"" (203.36)",2026-09-27T01:57:14.519Z,179047423451901
"-- starting hand #484 (id: ercvz6mtlirl)  No Limit Texas Hold'em (dealer: ""dih @ GO72Iwd2XL"") --",2026-09-27T01:57:14.519Z,179047423451900
"-- ending hand #483 --",2026-09-27T01:57:08.586Z,179047422858602
"""rowan @ GthBpPSqaK"" collected 4.50 from pot",2026-09-27T01:57:08.586Z,179047422858601
"Uncalled bet of 2.00 returned to ""rowan @ GthBpPSqaK""",2026-09-27T01:57:08.586Z,179047422858600
"""dih @ GO72Iwd2XL"" folds",2026-09-27T01:57:07.744Z,179047422774400
"""rowan @ GthBpPSqaK"" bets 2.00",2026-09-27T01:57:03.540Z,179047422354000
"""dih @ GO72Iwd2XL"" checks",2026-09-27T01:57:01.044Z,179047422104400
"Flop:  [2♣, 7♦, A♠]",2026-09-27T01:56:58.939Z,179047421893900
"""Neel @ WyajbU_LR7"" folds",2026-09-27T01:56:58.117Z,179047421811700
"""dih @ GO72Iwd2XL"" calls 2.00",2026-09-27T01:56:57.238Z,179047421723800
"""rowan @ GthBpPSqaK"" raises to 2.00",2026-09-27T01:56:55.292Z,179047421529200
"""JJJ @ iacG4hF18c"" folds",2026-09-27T01:56:53.270Z,179047421327000
"""Neel @ WyajbU_LR7"" posts a big blind of 0.50",2026-09-27T01:56:51.729Z,179047421172907
"""dih @ GO72Iwd2XL"" posts a small blind of 0.25",2026-09-27T01:56:51.729Z,179047421172906
"Player stacks: #1 ""rowan @ GthBpPSqaK"" (97.53) | #2 ""dih @ GO72Iwd2XL"" (391.00) | #3 ""Neel @ WyajbU_LR7"" (10.00) | #10 ""JJJ @ iacG4hF18c"" (203.36)",2026-09-27T01:56:51.729Z,179047421172901
"-- starting hand #483 (id: ygtyhz9ic9qe)  No Limit Texas Hold'em (dealer: ""rowan @ GthBpPSqaK"") --",2026-09-27T01:56:51.729Z,179047421172900
"-- ending hand #482 --",2026-09-27T01:56:45.795Z,179047420579502
"""dih @ GO72Iwd2XL"" collected 0.50 from pot",2026-09-27T01:56:45.795Z,179047420579501
"Uncalled bet of 0.25 returned to ""dih @ GO72Iwd2XL""",2026-09-27T01:56:45.795Z,179047420579500
"""rowan @ GthBpPSqaK"" folds",2026-09-27T01:56:44.957Z,179047420495700
"""JJJ @ iacG4hF18c"" folds",2026-09-27T01:56:42.329Z,179047420232900
"""Neel @ WyajbU_LR7"" folds",2026-09-27T01:56:40.426Z,179047420042600
"""dih @ GO72Iwd2XL"" posts a big blind of 0.50",2026-09-27T01:56:38.918Z,179047419891808
"""rowan @ GthBpPSqaK"" posts a small blind of 0.25",2026-09-27T01:56:38.918Z,179047419891807
"Player stacks: #1 ""rowan @ GthBpPSqaK"" (97.78) | #2 ""dih @ GO72Iwd2XL"" (390.75) | #3 ""Neel @ WyajbU_LR7"" (10.00) | #10 ""JJJ @ iacG4hF18c"" (203.36)",2026-09-27T01:56:38.918Z,179047419891802
"-- starting hand #482 (id: qjfz0nadmkml)  No Limit Texas Hold'em (dealer: ""JJJ @ iacG4hF18c"") --",2026-09-27T01:56:38.918Z,179047419891801
"The player ""Neel @ WyajbU_LR7"" joined the game with a stack of 10.00.",2026-09-27T01:56:38.918Z,179047419891800
"-- ending hand #481 --",2026-09-27T01:56:35.988Z,179047419598802
"""dih @ GO72Iwd2XL"" collected 7.50 from pot",2026-09-27T01:56:35.988Z,179047419598801
"Uncalled bet of 20.00 returned to ""dih @ GO72Iwd2XL""",2026-09-27T01:56:35.988Z,179047419598800
"""rowan @ GthBpPSqaK"" folds",2026-09-27T01:56:35.129Z,179047419512900
"""JJJ @ iacG4hF18c"" folds",2026-09-27T01:56:34.262Z,179047419426200
"""dih @ GO72Iwd2XL"" bets 20.00",2026-09-27T01:56:32.063Z,179047419206300
"""rowan @ GthBpPSqaK"" checks",2026-09-27T01:56:26.476Z,179047418647600
"""JJJ @ iacG4hF18c"" checks",2026-09-27T01:56:24.591Z,179047418459100
"River: K♠, 3♣, 6♦, K♦ [9♥]",2026-09-27T01:56:23.983Z,179047418398300
"""dih @ GO72Iwd2XL"" checks",2026-09-27T01:56:23.123Z,179047418312300
"""rowan @ GthBpPSqaK"" checks",2026-09-27T01:56:20.962Z,179047418096200
"""JJJ @ iacG4hF18c"" checks",2026-09-27T01:56:20.069Z,179047418006900
"Turn: K♠, 3♣, 6♦ [K♦]",2026-09-27T01:56:18.707Z,179047417870700
"""dih @ GO72Iwd2XL"" checks",2026-09-27T01:56:17.905Z,179047417790500
"""rowan @ GthBpPSqaK"" checks",2026-09-27T01:56:15.998Z,179047417599800
"""JJJ @ iacG4hF18c"" checks",2026-09-27T01:56:13.683Z,179047417368300
"The admin approved the player ""Neel @ WyajbU_LR7"" participation with a stack of 10.00.",2026-09-27T01:56:13.354Z,179047417335400
"Flop:  [K♠, 3♣, 6♦]",2026-09-27T01:56:12.671Z,179047417267100
"The player ""Neel @ WyajbU_LR7"" requested a seat.",2026-09-27T01:56:12.151Z,179047417215100
"""rowan @ GthBpPSqaK"" calls 2.50",2026-09-27T01:56:11.825Z,179047417182500
"""JJJ @ iacG4hF18c"" calls 2.50",2026-09-27T01:56:10.963Z,179047417096300
"""dih @ GO72Iwd2XL"" raises to 2.50",2026-09-27T01:56:04.570Z,179047416457000
"""rowan @ GthBpPSqaK"" posts a big blind of 0.50",2026-09-27T01:55:54.896Z,179047415489606
"""JJJ @ iacG4hF18c"" posts a small blind of 0.25",2026-09-27T01:55:54.896Z,179047415489605
"Player stacks: #1 ""rowan @ GthBpPSqaK"" (100.28) | #2 ""dih @ GO72Iwd2XL"" (385.75) | #10 ""JJJ @ iacG4hF18c"" (205.86)",2026-09-27T01:55:54.896Z,179047415489601
"-- starting hand #481 (id: wgkztlhplffh)  No Limit Texas Hold'em (dealer: ""dih @ GO72Iwd2XL"") --",2026-09-27T01:55:54.896Z,179047415489600
"-- ending hand #480 --",2026-09-27T01:55:48.977Z,179047414897702
"""JJJ @ iacG4hF18c"" collected 0.50 from pot",2026-09-27T01:55:48.977Z,179047414897701
"Uncalled bet of 0.25 returned to ""JJJ @ iacG4hF18c""",2026-09-27T01:55:48.977Z,179047414897700
"""dih @ GO72Iwd2XL"" folds",2026-09-27T01:55:48.096Z,179047414809600
"""rowan @ GthBpPSqaK"" folds",2026-09-27T01:55:47.154Z,179047414715400
"""JJJ @ iacG4hF18c"" posts a big blind of 0.50",2026-09-27T01:55:45.978Z,179047414597806
"""dih @ GO72Iwd2XL"" posts a small blind of 0.25",2026-09-27T01:55:45.978Z,179047414597805
"Player stacks: #1 ""rowan @ GthBpPSqaK"" (100.28) | #2 ""dih @ GO72Iwd2XL"" (386.00) | #10 ""JJJ @ iacG4hF18c"" (205.61)",2026-09-27T01:55:45.978Z,179047414597801
"-- starting hand #480 (id: 4ra1vpdvw66t)  No Limit Texas Hold'em (dealer: ""rowan @ GthBpPSqaK"") --",2026-09-27T01:55:45.978Z,179047414597800
"""dih @ GO72Iwd2XL"" shows a K♣, K♠.",2026-09-27T01:55:41.848Z,179047414184800
"-- ending hand #479 --",2026-09-27T01:55:39.368Z,179047413936802
"""dih @ GO72Iwd2XL"" collected 31.00 from pot",2026-09-27T01:55:39.368Z,179047413936801
"Uncalled bet of 15.00 returned to ""dih @ GO72Iwd2XL""",2026-09-27T01:55:39.368Z,179047413936800
"""rowan @ GthBpPSqaK"" folds",2026-09-27T01:55:38.560Z,179047413856000
"""dih @ GO72Iwd2XL"" bets 15.00",2026-09-27T01:55:37.456Z,179047413745600
"""rowan @ GthBpPSqaK"" checks",2026-09-27T01:55:33.893Z,179047413389300
"Turn: 3♣, A♦, 6♠ [Q♣]",2026-09-27T01:55:32.158Z,179047413215800
"""rowan @ GthBpPSqaK"" calls 8.50",2026-09-27T01:55:31.298Z,179047413129800
"""dih @ GO72Iwd2XL"" bets 8.50",2026-09-27T01:55:27.647Z,179047412764700
"""rowan @ GthBpPSqaK"" checks",2026-09-27T01:55:23.815Z,179047412381500
"Flop:  [3♣, A♦, 6♠]",2026-09-27T01:55:22.557Z,179047412255700
"""rowan @ GthBpPSqaK"" calls 7.00",2026-09-27T01:55:21.701Z,179047412170100
"""dih @ GO72Iwd2XL"" raises to 7.00",2026-09-27T01:55:19.887Z,179047411988700
"""rowan @ GthBpPSqaK"" raises to 2.00",2026-09-27T01:55:10.981Z,179047411098100
"""JJJ @ iacG4hF18c"" folds",2026-09-27T01:55:08.712Z,179047410871200
"""dih @ GO72Iwd2XL"" posts a big blind of 0.50",2026-09-27T01:55:05.070Z,179047410507006
"""rowan @ GthBpPSqaK"" posts a small blind of 0.25",2026-09-27T01:55:05.070Z,179047410507005
"Player stacks: #1 ""rowan @ GthBpPSqaK"" (115.78) | #2 ""dih @ GO72Iwd2XL"" (370.50) | #10 ""JJJ @ iacG4hF18c"" (205.61)",2026-09-27T01:55:05.070Z,179047410507001
"-- starting hand #479 (id: 5c94ujph64av)  No Limit Texas Hold'em (dealer: ""JJJ @ iacG4hF18c"") --",2026-09-27T01:55:05.070Z,179047410507000
"-- ending hand #478 --",2026-09-27T01:54:59.083Z,179047409908302
"""dih @ GO72Iwd2XL"" collected 5.50 from pot",2026-09-27T01:54:59.083Z,179047409908301
"Uncalled bet of 5.50 returned to ""dih @ GO72Iwd2XL""",2026-09-27T01:54:59.083Z,179047409908300
"""JJJ @ iacG4hF18c"" folds",2026-09-27T01:54:58.229Z,179047409822900
"""dih @ GO72Iwd2XL"" bets 5.50",2026-09-27T01:54:57.189Z,179047409718900
"""JJJ @ iacG4hF18c"" checks",2026-09-27T01:54:53.450Z,179047409345000
"Turn: Q♠, A♥, A♦ [K♣]",2026-09-27T01:54:52.152Z,179047409215200
"""dih @ GO72Iwd2XL"" checks",2026-09-27T01:54:51.322Z,179047409132200
"""JJJ @ iacG4hF18c"" checks",2026-09-27T01:54:48.385Z,179047408838500
"Flop:  [Q♠, A♥, A♦]",2026-09-27T01:54:46.151Z,179047408615100
"""rowan @ GthBpPSqaK"" folds",2026-09-27T01:54:45.338Z,179047408533800
"""JJJ @ iacG4hF18c"" calls 2.50",2026-09-27T01:54:44.465Z,179047408446500
"""dih @ GO72Iwd2XL"" raises to 2.50",2026-09-27T01:54:42.987Z,179047408298700
"""rowan @ GthBpPSqaK"" posts a big blind of 0.50",2026-09-27T01:54:40.288Z,179047408028806
"""JJJ @ iacG4hF18c"" posts a small blind of 0.25",2026-09-27T01:54:40.288Z,179047408028805
"Player stacks: #1 ""rowan @ GthBpPSqaK"" (116.28) | #2 ""dih @ GO72Iwd2XL"" (367.50) | #10 ""JJJ @ iacG4hF18c"" (208.11)",2026-09-27T01:54:40.288Z,179047408028801
"-- starting hand #478 (id: 09uluvobjdrf)  No Limit Texas Hold'em (dealer: ""dih @ GO72Iwd2XL"") --",2026-09-27T01:54:40.288Z,179047408028800
"-- ending hand #477 --",2026-09-27T01:54:34.269Z,179047407426903
"""JJJ @ iacG4hF18c"" collected 1.00 from pot with Pair, 4's (combination: 9♠, 10♦, J♦, 4♣, 4♦)",2026-09-27T01:54:34.269Z,179047407426902
"""JJJ @ iacG4hF18c"" shows a 4♣, 10♦.",2026-09-27T01:54:34.269Z,179047407426901
"""dih @ GO72Iwd2XL"" shows a 4♥, 5♠.",2026-09-27T01:54:34.269Z,179047407426900
"""JJJ @ iacG4hF18c"" checks",2026-09-27T01:54:33.370Z,179047407337000
"""dih @ GO72Iwd2XL"" checks",2026-09-27T01:54:32.398Z,179047407239800
"River: 3♣, J♦, 8♥, 9♠ [4♦]",2026-09-27T01:54:29.451Z,179047406945100
"""JJJ @ iacG4hF18c"" checks",2026-09-27T01:54:28.606Z,179047406860600
"""dih @ GO72Iwd2XL"" checks",2026-09-27T01:54:27.631Z,179047406763100
"Turn: 3♣, J♦, 8♥ [9♠]",2026-09-27T01:54:22.645Z,179047406264500
"""JJJ @ iacG4hF18c"" checks",2026-09-27T01:54:21.791Z,179047406179100
"""dih @ GO72Iwd2XL"" checks",2026-09-27T01:54:20.793Z,179047406079300
"Flop:  [3♣, J♦, 8♥]",2026-09-27T01:54:17.901Z,179047405790100
"""JJJ @ iacG4hF18c"" checks",2026-09-27T01:54:17.068Z,179047405706800
"""dih @ GO72Iwd2XL"" calls 0.50",2026-09-27T01:54:09.539Z,179047404953900
"""rowan @ GthBpPSqaK"" folds",2026-09-27T01:54:05.027Z,179047404502700
"""JJJ @ iacG4hF18c"" posts a big blind of 0.50",2026-09-27T01:54:01.792Z,179047404179206
"""dih @ GO72Iwd2XL"" posts a small blind of 0.25",2026-09-27T01:54:01.792Z,179047404179205
"Player stacks: #1 ""rowan @ GthBpPSqaK"" (116.28) | #2 ""dih @ GO72Iwd2XL"" (368.00) | #10 ""JJJ @ iacG4hF18c"" (207.61)",2026-09-27T01:54:01.792Z,179047404179201
"-- starting hand #477 (id: rwlh25crmwoh)  No Limit Texas Hold'em (dealer: ""rowan @ GthBpPSqaK"") --",2026-09-27T01:54:01.792Z,179047404179200
"-- ending hand #476 --",2026-09-27T01:53:58.491Z,179047403849102
"""dih @ GO72Iwd2XL"" collected 12.75 from pot",2026-09-27T01:53:58.491Z,179047403849101
"Uncalled bet of 12.75 returned to ""dih @ GO72Iwd2XL""",2026-09-27T01:53:58.491Z,179047403849100
"""JJJ @ iacG4hF18c"" folds",2026-09-27T01:53:57.687Z,179047403768700
"""dih @ GO72Iwd2XL"" bets 12.75",2026-09-27T01:53:42.226Z,179047402222600
"River: 10♥, 9♠, 6♣, 4♥ [Q♣]",2026-09-27T01:53:39.274Z,179047401927400
"""JJJ @ iacG4hF18c"" calls 4.25",2026-09-27T01:53:38.383Z,179047401838300
"""dih @ GO72Iwd2XL"" bets 4.25",2026-09-27T01:53:37.514Z,179047401751400
"Turn: 10♥, 9♠, 6♣ [4♥]",2026-09-27T01:53:33.748Z,179047401374800
"""JJJ @ iacG4hF18c"" checks",2026-09-27T01:53:32.889Z,179047401288900
"""dih @ GO72Iwd2XL"" checks",2026-09-27T01:53:31.502Z,179047401150200
"Flop:  [10♥, 9♠, 6♣]",2026-09-27T01:53:29.778Z,179047400977800
"""JJJ @ iacG4hF18c"" calls 2.00",2026-09-27T01:53:28.973Z,179047400897300
"""dih @ GO72Iwd2XL"" raises to 2.00",2026-09-27T01:53:26.712Z,179047400671200
"""rowan @ GthBpPSqaK"" folds",2026-09-27T01:53:15.101Z,179047399510100
"""JJJ @ iacG4hF18c"" calls 0.50",2026-09-27T01:53:14.226Z,179047399422600
"""dih @ GO72Iwd2XL"" posts a big blind of 0.50",2026-09-27T01:53:06.154Z,179047398615406
"""rowan @ GthBpPSqaK"" posts a small blind of 0.25",2026-09-27T01:53:06.154Z,179047398615405
"Player stacks: #1 ""rowan @ GthBpPSqaK"" (116.53) | #2 ""dih @ GO72Iwd2XL"" (361.50) | #10 ""JJJ @ iacG4hF18c"" (213.86)",2026-09-27T01:53:06.154Z,179047398615401
"-- starting hand #476 (id: nbqb51vsidpb)  No Limit Texas Hold'em (dealer: ""JJJ @ iacG4hF18c"") --",2026-09-27T01:53:06.154Z,179047398615400
"-- ending hand #475 --",2026-09-27T01:53:03.218Z,179047398321802
"""dih @ GO72Iwd2XL"" collected 1.25 from pot",2026-09-27T01:53:03.218Z,179047398321801
"Uncalled bet of 1.50 returned to ""dih @ GO72Iwd2XL""",2026-09-27T01:53:03.218Z,179047398321800
"""rowan @ GthBpPSqaK"" folds",2026-09-27T01:53:02.400Z,179047398240000
"""JJJ @ iacG4hF18c"" folds",2026-09-27T01:53:01.425Z,179047398142500
"""dih @ GO72Iwd2XL"" raises to 2.00",2026-09-27T01:52:52.934Z,179047397293400
"""rowan @ GthBpPSqaK"" posts a big blind of 0.50",2026-09-27T01:52:49.182Z,179047396918206
"""JJJ @ iacG4hF18c"" posts a small blind of 0.25",2026-09-27T01:52:49.182Z,179047396918205
"Player stacks: #1 ""rowan @ GthBpPSqaK"" (117.03) | #2 ""dih @ GO72Iwd2XL"" (360.75) | #10 ""JJJ @ iacG4hF18c"" (214.11)",2026-09-27T01:52:49.182Z,179047396918201
"-- starting hand #475 (id: ceuyritzoczy)  No Limit Texas Hold'em (dealer: ""dih @ GO72Iwd2XL"") --",2026-09-27T01:52:49.182Z,179047396918200
"-- ending hand #474 --",2026-09-27T01:52:43.272Z,179047396327202
"""dih @ GO72Iwd2XL"" collected 1.00 from pot",2026-09-27T01:52:43.272Z,179047396327201
"Uncalled bet of 1.50 returned to ""dih @ GO72Iwd2XL""",2026-09-27T01:52:43.272Z,179047396327200
"""JJJ @ iacG4hF18c"" folds",2026-09-27T01:52:42.415Z,179047396241500
"""dih @ GO72Iwd2XL"" raises to 2.00",2026-09-27T01:52:41.513Z,179047396151300
"""rowan @ GthBpPSqaK"" folds",2026-09-27T01:52:37.630Z,179047395763000
"""JJJ @ iacG4hF18c"" posts a big blind of 0.50",2026-09-27T01:52:36.578Z,179047395657806
"""dih @ GO72Iwd2XL"" posts a small blind of 0.25",2026-09-27T01:52:36.578Z,179047395657805
"Player stacks: #1 ""rowan @ GthBpPSqaK"" (117.03) | #2 ""dih @ GO72Iwd2XL"" (360.25) | #10 ""JJJ @ iacG4hF18c"" (214.61)",2026-09-27T01:52:36.578Z,179047395657801
"-- starting hand #474 (id: s8cfxusofisr)  No Limit Texas Hold'em (dealer: ""rowan @ GthBpPSqaK"") --",2026-09-27T01:52:36.578Z,179047395657800
"-- ending hand #473 --",2026-09-27T01:52:30.584Z,179047395058402
"""JJJ @ iacG4hF18c"" collected 1.50 from pot",2026-09-27T01:52:30.584Z,179047395058401
"Uncalled bet of 1.12 returned to ""JJJ @ iacG4hF18c""",2026-09-27T01:52:30.584Z,179047395058400
"""dih @ GO72Iwd2XL"" folds",2026-09-27T01:52:29.774Z,179047394977400
"""rowan @ GthBpPSqaK"" folds",2026-09-27T01:52:28.492Z,179047394849200
"""JJJ @ iacG4hF18c"" bets 1.12",2026-09-27T01:52:27.628Z,179047394762800
"""dih @ GO72Iwd2XL"" checks",2026-09-27T01:52:25.155Z,179047394515500
"""rowan @ GthBpPSqaK"" checks",2026-09-27T01:52:16.548Z,179047393654800
"Flop:  [9♥, J♠, 9♠]",2026-09-27T01:52:15.768Z,179047393576800
"""dih @ GO72Iwd2XL"" checks",2026-09-27T01:52:14.898Z,179047393489800
"""rowan @ GthBpPSqaK"" calls 0.50",2026-09-27T01:52:13.992Z,179047393399200
"""JJJ @ iacG4hF18c"" calls 0.50",2026-09-27T01:52:12.575Z,179047393257500
"""dih @ GO72Iwd2XL"" posts a big blind of 0.50",2026-09-27T01:52:09.032Z,179047392903206
"""rowan @ GthBpPSqaK"" posts a small blind of 0.25",2026-09-27T01:52:09.032Z,179047392903205
"Player stacks: #1 ""rowan @ GthBpPSqaK"" (117.53) | #2 ""dih @ GO72Iwd2XL"" (360.75) | #10 ""JJJ @ iacG4hF18c"" (213.61)",2026-09-27T01:52:09.032Z,179047392903201
"-- starting hand #473 (id: betmcecqiyxd)  No Limit Texas Hold'em (dealer: ""JJJ @ iacG4hF18c"") --",2026-09-27T01:52:09.032Z,179047392903200
"-- ending hand #472 --",2026-09-27T01:52:02.991Z,179047392299103
"""dih @ GO72Iwd2XL"" collected 1.25 from pot with A High (combination: 6♣, 8♠, 9♥, J♣, A♦)",2026-09-27T01:52:02.991Z,179047392299102
"""dih @ GO72Iwd2XL"" shows a J♣, 8♠.",2026-09-27T01:52:02.991Z,179047392299101
"""rowan @ GthBpPSqaK"" shows a 10♥, 2♦.",2026-09-27T01:52:02.991Z,179047392299100
"""dih @ GO72Iwd2XL"" checks",2026-09-27T01:52:02.126Z,179047392212600
"""rowan @ GthBpPSqaK"" checks",2026-09-27T01:51:55.546Z,179047391554600
"River: 9♥, 6♣, A♦, 5♥ [3♣]",2026-09-27T01:51:55.284Z,179047391528400
"""dih @ GO72Iwd2XL"" checks",2026-09-27T01:51:54.444Z,179047391444400
"""rowan @ GthBpPSqaK"" checks",2026-09-27T01:51:46.030Z,179047390603000
"Turn: 9♥, 6♣, A♦ [5♥]",2026-09-27T01:51:45.552Z,179047390555200
"""dih @ GO72Iwd2XL"" checks",2026-09-27T01:51:44.717Z,179047390471700
"""rowan @ GthBpPSqaK"" checks",2026-09-27T01:51:41.897Z,179047390189700
"Flop:  [9♥, 6♣, A♦]",2026-09-27T01:51:41.153Z,179047390115300
"""rowan @ GthBpPSqaK"" checks",2026-09-27T01:51:40.329Z,179047390032900
"""JJJ @ iacG4hF18c"" folds",2026-09-27T01:51:39.308Z,179047389930800
"""dih @ GO72Iwd2XL"" calls 0.50",2026-09-27T01:51:37.542Z,179047389754200
"""rowan @ GthBpPSqaK"" posts a big blind of 0.50",2026-09-27T01:51:36.271Z,179047389627106
"""JJJ @ iacG4hF18c"" posts a small blind of 0.25",2026-09-27T01:51:36.271Z,179047389627105
"Player stacks: #1 ""rowan @ GthBpPSqaK"" (118.03) | #2 ""dih @ GO72Iwd2XL"" (360.00) | #10 ""JJJ @ iacG4hF18c"" (213.86)",2026-09-27T01:51:36.271Z,179047389627101
"-- starting hand #472 (id: aa7ubhunod9v)  No Limit Texas Hold'em (dealer: ""dih @ GO72Iwd2XL"") --",2026-09-27T01:51:36.271Z,179047389627100
"-- ending hand #471 --",2026-09-27T01:51:33.276Z,179047389327602
"""rowan @ GthBpPSqaK"" collected 72.82 from pot",2026-09-27T01:51:33.276Z,179047389327601
"Uncalled bet of 45.21 returned to ""rowan @ GthBpPSqaK""",2026-09-27T01:51:33.276Z,179047389327600
"""dih @ GO72Iwd2XL"" folds",2026-09-27T01:51:32.418Z,179047389241800
"""rowan @ GthBpPSqaK"" bets 45.21 and go all in",2026-09-27T01:51:30.224Z,179047389022400
"""dih @ GO72Iwd2XL"" checks",2026-09-27T01:51:24.618Z,179047388461800
"River: K♣, 3♠, 2♣, Q♠ [J♠]",2026-09-27T01:51:20.519Z,179047388051900
"""rowan @ GthBpPSqaK"" calls 22.16",2026-09-27T01:51:19.691Z,179047387969100
"""dih @ GO72Iwd2XL"" bets 22.16",2026-09-27T01:51:18.638Z,179047387863800
"Turn: K♣, 3♠, 2♣ [Q♠]",2026-09-27T01:51:10.504Z,179047387050400
"""rowan @ GthBpPSqaK"" calls 12.00",2026-09-27T01:51:09.681Z,179047386968100
"""dih @ GO72Iwd2XL"" raises to 12.00",2026-09-27T01:51:08.656Z,179047386865600
"""rowan @ GthBpPSqaK"" bets 2.50",2026-09-27T01:51:00.833Z,179047386083300
"""dih @ GO72Iwd2XL"" checks",2026-09-27T01:50:57.703Z,179047385770300
"Flop:  [K♣, 3♠, 2♣]",2026-09-27T01:50:50.204Z,179047385020400
"""JJJ @ iacG4hF18c"" folds",2026-09-27T01:50:49.398Z,179047384939800
"""dih @ GO72Iwd2XL"" calls 2.00",2026-09-27T01:50:48.425Z,179047384842500
"""rowan @ GthBpPSqaK"" raises to 2.00",2026-09-27T01:50:37.027Z,179047383702700
"""JJJ @ iacG4hF18c"" posts a big blind of 0.50",2026-09-27T01:50:34.987Z,179047383498706
"""dih @ GO72Iwd2XL"" posts a small blind of 0.25",2026-09-27T01:50:34.987Z,179047383498705
"Player stacks: #1 ""rowan @ GthBpPSqaK"" (81.37) | #2 ""dih @ GO72Iwd2XL"" (396.16) | #10 ""JJJ @ iacG4hF18c"" (214.36)",2026-09-27T01:50:34.987Z,179047383498701
"-- starting hand #471 (id: tzjgit6isfxl)  No Limit Texas Hold'em (dealer: ""rowan @ GthBpPSqaK"") --",2026-09-27T01:50:34.987Z,179047383498700
"-- ending hand #470 --",2026-09-27T01:50:28.981Z,179047382898102
"""rowan @ GthBpPSqaK"" collected 6.50 from pot",2026-09-27T01:50:28.981Z,179047382898101
"Uncalled bet of 3.25 returned to ""rowan @ GthBpPSqaK""",2026-09-27T01:50:28.981Z,179047382898100
"""JJJ @ iacG4hF18c"" folds",2026-09-27T01:50:28.120Z,179047382812000
"""rowan @ GthBpPSqaK"" bets 3.25",2026-09-27T01:50:25.782Z,179047382578200
"Flop:  [7♥, 5♥, 5♣]",2026-09-27T01:50:12.831Z,179047381283100
"""JJJ @ iacG4hF18c"" calls 3.00",2026-09-27T01:50:11.995Z,179047381199500
"""dih @ GO72Iwd2XL"" folds",2026-09-27T01:50:08.863Z,179047380886300
"""rowan @ GthBpPSqaK"" raises to 3.00",2026-09-27T01:50:00.102Z,179047380010200
"""JJJ @ iacG4hF18c"" calls 0.50",2026-09-27T01:49:56.210Z,179047379621000
"""dih @ GO72Iwd2XL"" posts a big blind of 0.50",2026-09-27T01:49:54.595Z,179047379459506
"""rowan @ GthBpPSqaK"" posts a small blind of 0.25",2026-09-27T01:49:54.595Z,179047379459505
"Player stacks: #1 ""rowan @ GthBpPSqaK"" (77.87) | #2 ""dih @ GO72Iwd2XL"" (396.66) | #10 ""JJJ @ iacG4hF18c"" (217.36)",2026-09-27T01:49:54.595Z,179047379459501
"-- starting hand #470 (id: wfkn67ljk5rk)  No Limit Texas Hold'em (dealer: ""JJJ @ iacG4hF18c"") --",2026-09-27T01:49:54.595Z,179047379459500
"-- ending hand #469 --",2026-09-27T01:49:46.579Z,179047378657902
"""JJJ @ iacG4hF18c"" collected 77.87 from pot with Three of a Kind, J's on the second run  (combination: Q♣, A♥, J♣, J♠, J♦)",2026-09-27T01:49:46.579Z,179047378657901
"""rowan @ GthBpPSqaK"" collected 77.87 from pot with Flush, A High (combination: 4♦, 6♦, 7♦, J♦, A♦)",2026-09-27T01:49:46.579Z,179047378657900
"River (second run): 6♦, A♥, J♦, Q♣ [7♠]",2026-09-27T01:49:42.574Z,179047378257400
"Turn (second run): 6♦, A♥, J♦ [Q♣]",2026-09-27T01:49:38.467Z,179047377846700
"River: 6♦, A♥, J♦, 7♦ [8♣]",2026-09-27T01:49:34.373Z,179047377437300
"Turn: 6♦, A♥, J♦ [7♦]",2026-09-27T01:49:30.363Z,179047377036300
"""JJJ @ iacG4hF18c"" shows a J♣, J♠.",2026-09-27T01:49:26.334Z,179047376633401
"""rowan @ GthBpPSqaK"" shows a 4♦, A♦.",2026-09-27T01:49:26.334Z,179047376633400
"All players in hand choose to run it twice.",2026-09-27T01:49:25.467Z,179047376546701
"""JJJ @ iacG4hF18c"" chooses to  run it twice.",2026-09-27T01:49:25.467Z,179047376546700
"""rowan @ GthBpPSqaK"" chooses to  run it twice.",2026-09-27T01:49:25.052Z,179047376505200
"Remaining players decide whether to run it twice.",2026-09-27T01:49:23.990Z,179047376399001
"""JJJ @ iacG4hF18c"" calls 67.94",2026-09-27T01:49:23.990Z,179047376399000
"""dih @ GO72Iwd2XL"" folds",2026-09-27T01:49:08.775Z,179047374877500
"""rowan @ GthBpPSqaK"" raises to 67.94 and go all in",2026-09-27T01:49:02.033Z,179047374203300
"""JJJ @ iacG4hF18c"" bets 14.89",2026-09-27T01:48:56.280Z,179047373628000
"Flop:  [6♦, A♥, J♦]",2026-09-27T01:48:50.407Z,179047373040700
"""dih @ GO72Iwd2XL"" calls 6.62",2026-09-27T01:48:49.596Z,179047372959600
"""rowan @ GthBpPSqaK"" calls 6.62",2026-09-27T01:48:45.617Z,179047372561700
"""JJJ @ iacG4hF18c"" raises to 6.62",2026-09-27T01:48:43.509Z,179047372350900
"""dih @ GO72Iwd2XL"" raises to 2.50",2026-09-27T01:48:41.103Z,179047372110300
"""rowan @ GthBpPSqaK"" posts a big blind of 0.50",2026-09-27T01:48:36.393Z,179047371639306
"""JJJ @ iacG4hF18c"" posts a small blind of 0.25",2026-09-27T01:48:36.393Z,179047371639305
"Player stacks: #1 ""rowan @ GthBpPSqaK"" (74.56) | #2 ""dih @ GO72Iwd2XL"" (403.28) | #10 ""JJJ @ iacG4hF18c"" (214.05)",2026-09-27T01:48:36.393Z,179047371639301
"-- starting hand #469 (id: fuimtfng6w1l)  No Limit Texas Hold'em (dealer: ""dih @ GO72Iwd2XL"") --",2026-09-27T01:48:36.393Z,179047371639300
"-- ending hand #468 --",2026-09-27T01:48:30.466Z,179047371046602
"""JJJ @ iacG4hF18c"" collected 0.50 from pot",2026-09-27T01:48:30.466Z,179047371046601
"Uncalled bet of 0.25 returned to ""JJJ @ iacG4hF18c""",2026-09-27T01:48:30.466Z,179047371046600
"""dih @ GO72Iwd2XL"" folds",2026-09-27T01:48:29.619Z,179047370961900
"""rowan @ GthBpPSqaK"" folds",2026-09-27T01:48:28.746Z,179047370874600
"""JJJ @ iacG4hF18c"" posts a big blind of 0.50",2026-09-27T01:48:24.188Z,179047370418806
"""dih @ GO72Iwd2XL"" posts a small blind of 0.25",2026-09-27T01:48:24.188Z,179047370418805
"Player stacks: #1 ""rowan @ GthBpPSqaK"" (74.56) | #2 ""dih @ GO72Iwd2XL"" (403.53) | #10 ""JJJ @ iacG4hF18c"" (213.80)",2026-09-27T01:48:24.188Z,179047370418801
"-- starting hand #468 (id: h4u3klhifisy)  No Limit Texas Hold'em (dealer: ""rowan @ GthBpPSqaK"") --",2026-09-27T01:48:24.188Z,179047370418800
"""dih @ GO72Iwd2XL"" shows a 4♥.",2026-09-27T01:48:19.365Z,179047369936500
"""rowan @ GthBpPSqaK"" shows a A♥.",2026-09-27T01:48:17.353Z,179047369735300
"-- ending hand #467 --",2026-09-27T01:48:16.858Z,179047369685802
"""dih @ GO72Iwd2XL"" collected 8.00 from pot",2026-09-27T01:48:16.858Z,179047369685801
"Uncalled bet of 8.00 returned to ""dih @ GO72Iwd2XL""",2026-09-27T01:48:16.858Z,179047369685800
"""rowan @ GthBpPSqaK"" folds",2026-09-27T01:48:16.047Z,179047369604700
"""dih @ GO72Iwd2XL"" raises to 10.00",2026-09-27T01:48:05.853Z,179047368585300
"""rowan @ GthBpPSqaK"" bets 2.00",2026-09-27T01:48:00.519Z,179047368051900
"Flop:  [A♣, 10♠, 10♣]",2026-09-27T01:47:57.851Z,179047367785100
"""dih @ GO72Iwd2XL"" calls 2.00",2026-09-27T01:47:57.002Z,179047367700200
"""rowan @ GthBpPSqaK"" raises to 2.00",2026-09-27T01:47:55.187Z,179047367518700
"""JJJ @ iacG4hF18c"" folds",2026-09-27T01:47:53.269Z,179047367326900
"""dih @ GO72Iwd2XL"" posts a big blind of 0.50",2026-09-27T01:47:51.573Z,179047367157306
"""rowan @ GthBpPSqaK"" posts a small blind of 0.25",2026-09-27T01:47:51.573Z,179047367157305
"Player stacks: #1 ""rowan @ GthBpPSqaK"" (78.56) | #2 ""dih @ GO72Iwd2XL"" (399.53) | #10 ""JJJ @ iacG4hF18c"" (213.80)",2026-09-27T01:47:51.573Z,179047367157301
"-- starting hand #467 (id: nv9iame15kaj)  No Limit Texas Hold'em (dealer: ""JJJ @ iacG4hF18c"") --",2026-09-27T01:47:51.573Z,179047367157300
"""JJJ @ iacG4hF18c"" shows a 6♥.",2026-09-27T01:47:49.137Z,179047366913700
"""rowan @ GthBpPSqaK"" shows a 3♣, 5♣.",2026-09-27T01:47:47.930Z,179047366793000
"""JJJ @ iacG4hF18c"" shows a Q♥.",2026-09-27T01:47:46.219Z,179047366621900
"-- ending hand #466 --",2026-09-27T01:47:44.242Z,179047366424202
"""dih @ GO72Iwd2XL"" collected 30.00 from pot",2026-09-27T01:47:44.242Z,179047366424201
"Uncalled bet of 23.00 returned to ""dih @ GO72Iwd2XL""",2026-09-27T01:47:44.242Z,179047366424200
"""rowan @ GthBpPSqaK"" folds",2026-09-27T01:47:43.395Z,179047366339500
"""JJJ @ iacG4hF18c"" folds",2026-09-27T01:47:42.499Z,179047366249900
"""dih @ GO72Iwd2XL"" bets 23.00",2026-09-27T01:47:34.076Z,179047365407600
"""rowan @ GthBpPSqaK"" checks",2026-09-27T01:47:29.892Z,179047364989200
"""JJJ @ iacG4hF18c"" checks",2026-09-27T01:47:28.940Z,179047364894000
"Turn: 2♥, 3♥, A♣ [8♦]",2026-09-27T01:47:28.213Z,179047364821300
"""rowan @ GthBpPSqaK"" calls 7.50",2026-09-27T01:47:27.402Z,179047364740200
"""JJJ @ iacG4hF18c"" calls 7.50",2026-09-27T01:47:26.539Z,179047364653900
"""dih @ GO72Iwd2XL"" bets 7.50",2026-09-27T01:47:25.596Z,179047364559600
"""rowan @ GthBpPSqaK"" checks",2026-09-27T01:47:23.194Z,179047364319400
"""JJJ @ iacG4hF18c"" checks",2026-09-27T01:47:22.245Z,179047364224500
"Flop:  [2♥, 3♥, A♣]",2026-09-27T01:47:20.150Z,179047364015000
"""rowan @ GthBpPSqaK"" calls 2.50",2026-09-27T01:47:19.228Z,179047363922800
"""JJJ @ iacG4hF18c"" calls 2.50",2026-09-27T01:47:18.372Z,179047363837200
"""dih @ GO72Iwd2XL"" raises to 2.50",2026-09-27T01:47:16.608Z,179047363660800
"""rowan @ GthBpPSqaK"" posts a big blind of 0.50",2026-09-27T01:47:10.345Z,179047363034506
"""JJJ @ iacG4hF18c"" posts a small blind of 0.25",2026-09-27T01:47:10.345Z,179047363034505
"Player stacks: #1 ""rowan @ GthBpPSqaK"" (88.56) | #2 ""dih @ GO72Iwd2XL"" (379.53) | #10 ""JJJ @ iacG4hF18c"" (223.80)",2026-09-27T01:47:10.345Z,179047363034501
"-- starting hand #466 (id: rtnfq1h0b5cx)  No Limit Texas Hold'em (dealer: ""dih @ GO72Iwd2XL"") --",2026-09-27T01:47:10.345Z,179047363034500
"-- ending hand #465 --",2026-09-27T01:47:04.391Z,179047362439102
"""JJJ @ iacG4hF18c"" collected 0.50 from pot",2026-09-27T01:47:04.391Z,179047362439101
"Uncalled bet of 0.25 returned to ""JJJ @ iacG4hF18c""",2026-09-27T01:47:04.391Z,179047362439100
"""dih @ GO72Iwd2XL"" folds",2026-09-27T01:47:03.576Z,179047362357600
"""rowan @ GthBpPSqaK"" folds",2026-09-27T01:47:02.364Z,179047362236400
"""JJJ @ iacG4hF18c"" posts a big blind of 0.50",2026-09-27T01:46:57.712Z,179047361771206
"""dih @ GO72Iwd2XL"" posts a small blind of 0.25",2026-09-27T01:46:57.712Z,179047361771205
"Player stacks: #1 ""rowan @ GthBpPSqaK"" (88.56) | #2 ""dih @ GO72Iwd2XL"" (379.78) | #10 ""JJJ @ iacG4hF18c"" (223.55)",2026-09-27T01:46:57.712Z,179047361771201
"-- starting hand #465 (id: 4othqkeovprd)  No Limit Texas Hold'em (dealer: ""rowan @ GthBpPSqaK"") --",2026-09-27T01:46:57.712Z,179047361771200
"""dih @ GO72Iwd2XL"" shows a 10♥.",2026-09-27T01:46:53.757Z,179047361375700
"""JJJ @ iacG4hF18c"" shows a 8♣, 4♣.",2026-09-27T01:46:50.956Z,179047361095600
"-- ending hand #464 --",2026-09-27T01:46:50.384Z,179047361038402
"""dih @ GO72Iwd2XL"" collected 4.25 from pot",2026-09-27T01:46:50.384Z,179047361038401
"Uncalled bet of 4.25 returned to ""dih @ GO72Iwd2XL""",2026-09-27T01:46:50.384Z,179047361038400
"""JJJ @ iacG4hF18c"" folds",2026-09-27T01:46:49.505Z,179047360950500
"""dih @ GO72Iwd2XL"" bets 4.25",2026-09-27T01:46:48.540Z,179047360854000
"Flop:  [10♦, J♦, 3♣]",2026-09-27T01:46:45.181Z,179047360518100
"""JJJ @ iacG4hF18c"" calls 2.00",2026-09-27T01:46:44.325Z,179047360432500
"""dih @ GO72Iwd2XL"" raises to 2.00",2026-09-27T01:46:42.921Z,179047360292100
"""rowan @ GthBpPSqaK"" folds",2026-09-27T01:46:38.630Z,179047359863000
"""JJJ @ iacG4hF18c"" calls 0.50",2026-09-27T01:46:37.753Z,179047359775300
"""dih @ GO72Iwd2XL"" posts a big blind of 0.50",2026-09-27T01:46:36.295Z,179047359629506
"""rowan @ GthBpPSqaK"" posts a small blind of 0.25",2026-09-27T01:46:36.295Z,179047359629505
"Player stacks: #1 ""rowan @ GthBpPSqaK"" (88.81) | #2 ""dih @ GO72Iwd2XL"" (377.53) | #10 ""JJJ @ iacG4hF18c"" (225.55)",2026-09-27T01:46:36.295Z,179047359629501
"-- starting hand #464 (id: rblnx55uowso)  No Limit Texas Hold'em (dealer: ""JJJ @ iacG4hF18c"") --",2026-09-27T01:46:36.295Z,179047359629500
"""JJJ @ iacG4hF18c"" shows a 3♠, 6♠.",2026-09-27T01:46:32.020Z,179047359202000
"""rowan @ GthBpPSqaK"" shows a A♠, J♦.",2026-09-27T01:46:31.740Z,179047359174000
"-- ending hand #463 --",2026-09-27T01:46:28.971Z,179047358897102
"""JJJ @ iacG4hF18c"" collected 12.00 from pot",2026-09-27T01:46:28.971Z,179047358897101
"Uncalled bet of 6.00 returned to ""JJJ @ iacG4hF18c""",2026-09-27T01:46:28.971Z,179047358897100
"""rowan @ GthBpPSqaK"" folds",2026-09-27T01:46:28.162Z,179047358816200
"""JJJ @ iacG4hF18c"" raises to 9.00",2026-09-27T01:46:15.444Z,179047357544400
"""rowan @ GthBpPSqaK"" bets 3.00",2026-09-27T01:46:08.839Z,179047356883900
"""JJJ @ iacG4hF18c"" checks",2026-09-27T01:46:05.778Z,179047356577800
"Flop:  [2♠, 3♥, 6♥]",2026-09-27T01:46:02.003Z,179047356200300
"""JJJ @ iacG4hF18c"" calls 3.00",2026-09-27T01:46:01.160Z,179047356116000
"""rowan @ GthBpPSqaK"" raises to 3.00",2026-09-27T01:45:58.840Z,179047355884000
"""JJJ @ iacG4hF18c"" calls 0.50",2026-09-27T01:45:54.798Z,179047355479800
"""dih @ GO72Iwd2XL"" folds",2026-09-27T01:45:52.193Z,179047355219300
"""rowan @ GthBpPSqaK"" posts a big blind of 0.50",2026-09-27T01:45:48.199Z,179047354819906
"""JJJ @ iacG4hF18c"" posts a small blind of 0.25",2026-09-27T01:45:48.199Z,179047354819905
"Player stacks: #1 ""rowan @ GthBpPSqaK"" (94.81) | #2 ""dih @ GO72Iwd2XL"" (377.53) | #10 ""JJJ @ iacG4hF18c"" (219.55)",2026-09-27T01:45:48.199Z,179047354819901
"-- starting hand #463 (id: 938bk6tiet09)  No Limit Texas Hold'em (dealer: ""dih @ GO72Iwd2XL"") --",2026-09-27T01:45:48.199Z,179047354819900
"-- ending hand #462 --",2026-09-27T01:45:42.292Z,179047354229202
"""JJJ @ iacG4hF18c"" collected 0.50 from pot",2026-09-27T01:45:42.292Z,179047354229201
"Uncalled bet of 0.25 returned to ""JJJ @ iacG4hF18c""",2026-09-27T01:45:42.292Z,179047354229200
"""dih @ GO72Iwd2XL"" folds",2026-09-27T01:45:41.422Z,179047354142200
"""rowan @ GthBpPSqaK"" folds",2026-09-27T01:45:38.881Z,179047353888100
"""JJJ @ iacG4hF18c"" posts a big blind of 0.50",2026-09-27T01:45:37.893Z,179047353789306
"""dih @ GO72Iwd2XL"" posts a small blind of 0.25",2026-09-27T01:45:37.893Z,179047353789305
"Player stacks: #1 ""rowan @ GthBpPSqaK"" (94.81) | #2 ""dih @ GO72Iwd2XL"" (377.78) | #10 ""JJJ @ iacG4hF18c"" (219.30)",2026-09-27T01:45:37.893Z,179047353789301
"-- starting hand #462 (id: la505ev5omtm)  No Limit Texas Hold'em (dealer: ""rowan @ GthBpPSqaK"") --",2026-09-27T01:45:37.893Z,179047353789300
"""rowan @ GthBpPSqaK"" shows a Q♣, J♥.",2026-09-27T01:45:34.921Z,179047353492100
"-- ending hand #461 --",2026-09-27T01:45:31.287Z,179047353128702
"""dih @ GO72Iwd2XL"" collected 19.75 from pot",2026-09-27T01:45:31.287Z,179047353128701
"Uncalled bet of 18.03 returned to ""dih @ GO72Iwd2XL""",2026-09-27T01:45:31.287Z,179047353128700
"""rowan @ GthBpPSqaK"" folds",2026-09-27T01:45:30.393Z,179047353039300
"""dih @ GO72Iwd2XL"" bets 18.03",2026-09-27T01:45:29.350Z,179047352935000
"""rowan @ GthBpPSqaK"" checks",2026-09-27T01:45:24.320Z,179047352432000
"Flop:  [3♣, 5♣, 9♦]",2026-09-27T01:45:22.581Z,179047352258100
"""rowan @ GthBpPSqaK"" calls 8.50",2026-09-27T01:45:21.699Z,179047352169900
"""JJJ @ iacG4hF18c"" folds",2026-09-27T01:45:19.226Z,179047351922600
"""dih @ GO72Iwd2XL"" raises to 8.50",2026-09-27T01:44:51.155Z,179047349115500
"""rowan @ GthBpPSqaK"" calls 2.75",2026-09-27T01:44:47.926Z,179047348792600
"""JJJ @ iacG4hF18c"" raises to 2.75",2026-09-27T01:44:47.028Z,179047348702800
"""dih @ GO72Iwd2XL"" posts a big blind of 0.50",2026-09-27T01:44:43.843Z,179047348384306
"""rowan @ GthBpPSqaK"" posts a small blind of 0.25",2026-09-27T01:44:43.843Z,179047348384305
"Player stacks: #1 ""rowan @ GthBpPSqaK"" (103.31) | #2 ""dih @ GO72Iwd2XL"" (366.53) | #10 ""JJJ @ iacG4hF18c"" (222.05)",2026-09-27T01:44:43.843Z,179047348384301
"-- starting hand #461 (id: yialtw0zthcl)  No Limit Texas Hold'em (dealer: ""JJJ @ iacG4hF18c"") --",2026-09-27T01:44:43.843Z,179047348384300
"""JJJ @ iacG4hF18c"" shows a 6♠.",2026-09-27T01:44:39.268Z,179047347926800
"""rowan @ GthBpPSqaK"" shows a 4♠.",2026-09-27T01:44:37.907Z,179047347790700
"-- ending hand #460 --",2026-09-27T01:44:36.404Z,179047347640402
"""rowan @ GthBpPSqaK"" collected 1.00 from pot",2026-09-27T01:44:36.404Z,179047347640401
"Uncalled bet of 0.50 returned to ""rowan @ GthBpPSqaK""",2026-09-27T01:44:36.404Z,179047347640400
"""JJJ @ iacG4hF18c"" folds",2026-09-27T01:44:35.527Z,179047347552700
"""rowan @ GthBpPSqaK"" bets 0.50",2026-09-27T01:44:34.623Z,179047347462300
"""JJJ @ iacG4hF18c"" checks",2026-09-27T01:44:33.536Z,179047347353600
"Flop:  [4♦, Q♣, J♣]",2026-09-27T01:44:32.603Z,179047347260300
"""rowan @ GthBpPSqaK"" checks",2026-09-27T01:44:31.691Z,179047347169100
"""JJJ @ iacG4hF18c"" calls 0.50",2026-09-27T01:44:30.510Z,179047347051000
"""dih @ GO72Iwd2XL"" folds",2026-09-27T01:44:23.162Z,179047346316200
"""rowan @ GthBpPSqaK"" posts a big blind of 0.50",2026-09-27T01:44:19.779Z,179047345977906
"""JJJ @ iacG4hF18c"" posts a small blind of 0.25",2026-09-27T01:44:19.779Z,179047345977905
"Player stacks: #1 ""rowan @ GthBpPSqaK"" (102.81) | #2 ""dih @ GO72Iwd2XL"" (366.53) | #10 ""JJJ @ iacG4hF18c"" (222.55)",2026-09-27T01:44:19.779Z,179047345977901
"-- starting hand #460 (id: b2ibhab6ysvd)  No Limit Texas Hold'em (dealer: ""dih @ GO72Iwd2XL"") --",2026-09-27T01:44:19.779Z,179047345977900
"-- ending hand #459 --",2026-09-27T01:44:13.772Z,179047345377202
"""rowan @ GthBpPSqaK"" collected 6.00 from pot",2026-09-27T01:44:13.772Z,179047345377201
"Uncalled bet of 3.00 returned to ""rowan @ GthBpPSqaK""",2026-09-27T01:44:13.772Z,179047345377200
"""JJJ @ iacG4hF18c"" folds",2026-09-27T01:44:12.941Z,179047345294100
"""dih @ GO72Iwd2XL"" folds",2026-09-27T01:44:08.091Z,179047344809100
"""rowan @ GthBpPSqaK"" bets 3.00",2026-09-27T01:44:04.688Z,179047344468800
"""JJJ @ iacG4hF18c"" checks",2026-09-27T01:44:01.137Z,179047344113700
"""dih @ GO72Iwd2XL"" checks",2026-09-27T01:43:57.940Z,179047343794000
"Flop:  [A♦, 2♦, Q♦]",2026-09-27T01:43:55.538Z,179047343553800
"""JJJ @ iacG4hF18c"" calls 2.00",2026-09-27T01:43:54.709Z,179047343470900
"""dih @ GO72Iwd2XL"" calls 2.00",2026-09-27T01:43:53.660Z,179047343366000
"""rowan @ GthBpPSqaK"" raises to 2.00",2026-09-27T01:43:49.609Z,179047342960900
"""JJJ @ iacG4hF18c"" posts a big blind of 0.50",2026-09-27T01:43:46.279Z,179047342627906
"""dih @ GO72Iwd2XL"" posts a small blind of 0.25",2026-09-27T01:43:46.279Z,179047342627905
"Player stacks: #1 ""rowan @ GthBpPSqaK"" (98.81) | #2 ""dih @ GO72Iwd2XL"" (368.53) | #10 ""JJJ @ iacG4hF18c"" (224.55)",2026-09-27T01:43:46.279Z,179047342627901
"-- starting hand #459 (id: lcclvi4r45tt)  No Limit Texas Hold'em (dealer: ""rowan @ GthBpPSqaK"") --",2026-09-27T01:43:46.279Z,179047342627900
"""JJJ @ iacG4hF18c"" shows a K♥, 9♣.",2026-09-27T01:43:42.582Z,179047342258200
"""dih @ GO72Iwd2XL"" shows a K♣, 8♥.",2026-09-27T01:43:40.032Z,179047342003200
"-- ending hand #458 --",2026-09-27T01:43:38.930Z,179047341893002
"""dih @ GO72Iwd2XL"" collected 0.50 from pot",2026-09-27T01:43:38.930Z,179047341893001
"Uncalled bet of 0.25 returned to ""dih @ GO72Iwd2XL""",2026-09-27T01:43:38.930Z,179047341893000
"""rowan @ GthBpPSqaK"" folds",2026-09-27T01:43:38.124Z,179047341812400
"""JJJ @ iacG4hF18c"" folds",2026-09-27T01:43:37.126Z,179047341712600
"""dih @ GO72Iwd2XL"" posts a big blind of 0.50",2026-09-27T01:43:35.326Z,179047341532606
"""rowan @ GthBpPSqaK"" posts a small blind of 0.25",2026-09-27T01:43:35.326Z,179047341532605
"Player stacks: #1 ""rowan @ GthBpPSqaK"" (99.06) | #2 ""dih @ GO72Iwd2XL"" (368.28) | #10 ""JJJ @ iacG4hF18c"" (224.55)",2026-09-27T01:43:35.326Z,179047341532601
"-- starting hand #458 (id: ixywfnmddkdo)  No Limit Texas Hold'em (dealer: ""JJJ @ iacG4hF18c"") --",2026-09-27T01:43:35.326Z,179047341532600
"-- ending hand #457 --",2026-09-27T01:43:29.323Z,179047340932302
"""JJJ @ iacG4hF18c"" collected 6.50 from pot with Two Pair, 6's & 2's (combination: A♣, 2♠, 2♣, 6♦, 6♣)",2026-09-27T01:43:29.323Z,179047340932301
"""JJJ @ iacG4hF18c"" shows a 2♠, 2♣.",2026-09-27T01:43:29.323Z,179047340932300
"""dih @ GO72Iwd2XL"" checks",2026-09-27T01:43:28.513Z,179047340851300
"""JJJ @ iacG4hF18c"" checks",2026-09-27T01:43:27.531Z,179047340753100
"River: 6♦, 8♣, A♣, 7♠ [6♣]",2026-09-27T01:43:26.862Z,179047340686200
"""dih @ GO72Iwd2XL"" checks",2026-09-27T01:43:26.002Z,179047340600200
"""JJJ @ iacG4hF18c"" checks",2026-09-27T01:43:25.100Z,179047340510000
"Turn: 6♦, 8♣, A♣ [7♠]",2026-09-27T01:43:21.119Z,179047340111900
"""dih @ GO72Iwd2XL"" checks",2026-09-27T01:43:20.295Z,179047340029500
"""JJJ @ iacG4hF18c"" checks",2026-09-27T01:43:16.293Z,179047339629300
"Flop:  [6♦, 8♣, A♣]",2026-09-27T01:43:13.053Z,179047339305300
"""rowan @ GthBpPSqaK"" folds",2026-09-27T01:43:12.121Z,179047339212100
"""JJJ @ iacG4hF18c"" calls 3.00",2026-09-27T01:43:10.336Z,179047339033600
"""dih @ GO72Iwd2XL"" raises to 3.00",2026-09-27T01:43:09.309Z,179047338930900
"""rowan @ GthBpPSqaK"" posts a big blind of 0.50",2026-09-27T01:43:04.848Z,179047338484806
"""JJJ @ iacG4hF18c"" posts a small blind of 0.25",2026-09-27T01:43:04.848Z,179047338484805
"Player stacks: #1 ""rowan @ GthBpPSqaK"" (99.56) | #2 ""dih @ GO72Iwd2XL"" (371.28) | #10 ""JJJ @ iacG4hF18c"" (221.05)",2026-09-27T01:43:04.848Z,179047338484801
"-- starting hand #457 (id: du9zmdilpkjk)  No Limit Texas Hold'em (dealer: ""dih @ GO72Iwd2XL"") --",2026-09-27T01:43:04.848Z,179047338484800
"""rowan @ GthBpPSqaK"" shows a Q♠, K♦.",2026-09-27T01:42:59.869Z,179047337986900
"-- ending hand #456 --",2026-09-27T01:42:58.184Z,179047337818402
"""rowan @ GthBpPSqaK"" collected 1.25 from pot",2026-09-27T01:42:58.184Z,179047337818401
"Uncalled bet of 1.50 returned to ""rowan @ GthBpPSqaK""",2026-09-27T01:42:58.184Z,179047337818400
"""JJJ @ iacG4hF18c"" folds",2026-09-27T01:42:57.270Z,179047337727000
"""dih @ GO72Iwd2XL"" folds",2026-09-27T01:42:55.837Z,179047337583700
"""rowan @ GthBpPSqaK"" raises to 2.00",2026-09-27T01:42:54.929Z,179047337492900
"""JJJ @ iacG4hF18c"" posts a big blind of 0.50",2026-09-27T01:42:52.858Z,179047337285806
"""dih @ GO72Iwd2XL"" posts a small blind of 0.25",2026-09-27T01:42:52.858Z,179047337285805
"Player stacks: #1 ""rowan @ GthBpPSqaK"" (98.81) | #2 ""dih @ GO72Iwd2XL"" (371.53) | #10 ""JJJ @ iacG4hF18c"" (221.55)",2026-09-27T01:42:52.858Z,179047337285801
"-- starting hand #456 (id: lxrwk1cohsfi)  No Limit Texas Hold'em (dealer: ""rowan @ GthBpPSqaK"") --",2026-09-27T01:42:52.858Z,179047337285800
"""JJJ @ iacG4hF18c"" shows a 6♥, 8♦.",2026-09-27T01:42:48.669Z,179047336866900
"-- ending hand #455 --",2026-09-27T01:42:46.255Z,179047336625502
"""dih @ GO72Iwd2XL"" collected 8.00 from pot",2026-09-27T01:42:46.255Z,179047336625501
"Uncalled bet of 8.00 returned to ""dih @ GO72Iwd2XL""",2026-09-27T01:42:46.255Z,179047336625500
"""rowan @ GthBpPSqaK"" folds",2026-09-27T01:42:45.423Z,179047336542300
"""dih @ GO72Iwd2XL"" raises to 10.00",2026-09-27T01:42:36.578Z,179047335657800
"""rowan @ GthBpPSqaK"" bets 2.00",2026-09-27T01:42:34.126Z,179047335412600
"Turn: 4♥, 10♠, 5♠ [7♣]",2026-09-27T01:42:31.983Z,179047335198300
"""dih @ GO72Iwd2XL"" checks",2026-09-27T01:42:31.173Z,179047335117300
"""rowan @ GthBpPSqaK"" checks",2026-09-27T01:42:29.961Z,179047334996100
"Flop:  [4♥, 10♠, 5♠]",2026-09-27T01:42:28.014Z,179047334801400
"""dih @ GO72Iwd2XL"" calls 2.00",2026-09-27T01:42:27.206Z,179047334720600
"""rowan @ GthBpPSqaK"" raises to 2.00",2026-09-27T01:42:22.989Z,179047334298900
"""JJJ @ iacG4hF18c"" folds",2026-09-27T01:42:13.379Z,179047333337900
"""dih @ GO72Iwd2XL"" posts a big blind of 0.50",2026-09-27T01:42:11.749Z,179047333174906
"""rowan @ GthBpPSqaK"" posts a small blind of 0.25",2026-09-27T01:42:11.749Z,179047333174905
"Player stacks: #1 ""rowan @ GthBpPSqaK"" (102.81) | #2 ""dih @ GO72Iwd2XL"" (367.53) | #10 ""JJJ @ iacG4hF18c"" (221.55)",2026-09-27T01:42:11.749Z,179047333174901
"-- starting hand #455 (id: chsanmhmcb7a)  No Limit Texas Hold'em (dealer: ""JJJ @ iacG4hF18c"") --",2026-09-27T01:42:11.749Z,179047333174900
"""dih @ GO72Iwd2XL"" collected 2.00 from the 7-2 bounty",2026-09-27T01:42:08.803Z,179047332880302
"""JJJ @ iacG4hF18c"" paid 1.00 for the 7-2 bounty to ""dih @ GO72Iwd2XL""",2026-09-27T01:42:08.803Z,179047332880301
"""rowan @ GthBpPSqaK"" paid 1.00 for the 7-2 bounty to ""dih @ GO72Iwd2XL""",2026-09-27T01:42:08.803Z,179047332880300
"""rowan @ GthBpPSqaK"" shows a 4♦, 5♦.",2026-09-27T01:42:03.396Z,179047332339600
"""JJJ @ iacG4hF18c"" shows a K♥, 8♥.",2026-09-27T01:42:03.292Z,179047332329200
"""dih @ GO72Iwd2XL"" shows a 7♠, 2♠.",2026-09-27T01:42:01.066Z,179047332106600
"-- ending hand #454 --",2026-09-27T01:42:00.783Z,179047332078302
"""dih @ GO72Iwd2XL"" collected 7.25 from pot",2026-09-27T01:42:00.783Z,179047332078301
"Uncalled bet of 7.25 returned to ""dih @ GO72Iwd2XL""",2026-09-27T01:42:00.783Z,179047332078300
"""rowan @ GthBpPSqaK"" folds",2026-09-27T01:41:59.912Z,179047331991200
"""dih @ GO72Iwd2XL"" bets 7.25",2026-09-27T01:41:58.021Z,179047331802100
"""rowan @ GthBpPSqaK"" checks",2026-09-27T01:41:55.134Z,179047331513400
"Flop:  [2♣, K♠, 6♠]",2026-09-27T01:41:54.099Z,179047331409900
"""rowan @ GthBpPSqaK"" calls 3.50",2026-09-27T01:41:53.221Z,179047331322100
"""JJJ @ iacG4hF18c"" folds",2026-09-27T01:41:52.371Z,179047331237100
"""dih @ GO72Iwd2XL"" raises to 3.50",2026-09-27T01:41:50.673Z,179047331067300
"""rowan @ GthBpPSqaK"" posts a big blind of 0.50",2026-09-27T01:41:46.192Z,179047330619206
"""JJJ @ iacG4hF18c"" posts a small blind of 0.25",2026-09-27T01:41:46.192Z,179047330619205
"Player stacks: #1 ""rowan @ GthBpPSqaK"" (107.31) | #2 ""dih @ GO72Iwd2XL"" (361.78) | #10 ""JJJ @ iacG4hF18c"" (222.80)",2026-09-27T01:41:46.192Z,179047330619201
"-- starting hand #454 (id: 7jm3zbf0oskv)  No Limit Texas Hold'em (dealer: ""dih @ GO72Iwd2XL"") --",2026-09-27T01:41:46.192Z,179047330619200
"-- ending hand #453 --",2026-09-27T01:41:40.289Z,179047330028902
"""dih @ GO72Iwd2XL"" collected 1.00 from pot",2026-09-27T01:41:40.289Z,179047330028901
"Uncalled bet of 1.50 returned to ""dih @ GO72Iwd2XL""",2026-09-27T01:41:40.289Z,179047330028900
"""JJJ @ iacG4hF18c"" folds",2026-09-27T01:41:39.434Z,179047329943400
"""dih @ GO72Iwd2XL"" raises to 2.00",2026-09-27T01:41:38.549Z,179047329854900
"""rowan @ GthBpPSqaK"" folds",2026-09-27T01:41:34.619Z,179047329461900
"""JJJ @ iacG4hF18c"" posts a big blind of 0.50",2026-09-27T01:41:33.568Z,179047329356806
"""dih @ GO72Iwd2XL"" posts a small blind of 0.25",2026-09-27T01:41:33.568Z,179047329356805
"Player stacks: #1 ""rowan @ GthBpPSqaK"" (107.31) | #2 ""dih @ GO72Iwd2XL"" (361.28) | #10 ""JJJ @ iacG4hF18c"" (223.30)",2026-09-27T01:41:33.568Z,179047329356801
"-- starting hand #453 (id: ifgfowuuulbl)  No Limit Texas Hold'em (dealer: ""rowan @ GthBpPSqaK"") --",2026-09-27T01:41:33.568Z,179047329356800
"-- ending hand #452 --",2026-09-27T01:41:27.657Z,179047328765702
"""dih @ GO72Iwd2XL"" collected 0.50 from pot",2026-09-27T01:41:27.657Z,179047328765701
"Uncalled bet of 0.25 returned to ""dih @ GO72Iwd2XL""",2026-09-27T01:41:27.657Z,179047328765700
"""rowan @ GthBpPSqaK"" folds",2026-09-27T01:41:26.806Z,179047328680600
"""JJJ @ iacG4hF18c"" folds",2026-09-27T01:41:25.938Z,179047328593800
"""dih @ GO72Iwd2XL"" posts a big blind of 0.50",2026-09-27T01:41:22.855Z,179047328285506
"""rowan @ GthBpPSqaK"" posts a small blind of 0.25",2026-09-27T01:41:22.855Z,179047328285505
"Player stacks: #1 ""rowan @ GthBpPSqaK"" (107.56) | #2 ""dih @ GO72Iwd2XL"" (361.03) | #10 ""JJJ @ iacG4hF18c"" (223.30)",2026-09-27T01:41:22.855Z,179047328285501
"-- starting hand #452 (id: mj1wfb8yiugt)  No Limit Texas Hold'em (dealer: ""JJJ @ iacG4hF18c"") --",2026-09-27T01:41:22.855Z,179047328285500
"""JJJ @ iacG4hF18c"" shows a 8♦, J♥.",2026-09-27T01:41:19.248Z,179047327924800
"""rowan @ GthBpPSqaK"" shows a 3♦, J♠.",2026-09-27T01:41:17.194Z,179047327719400
"""dih @ GO72Iwd2XL"" shows a 4♣, J♦.",2026-09-27T01:41:15.194Z,179047327519400
"-- ending hand #451 --",2026-09-27T01:41:14.849Z,179047327484902
"""dih @ GO72Iwd2XL"" collected 1.25 from pot",2026-09-27T01:41:14.849Z,179047327484901
"Uncalled bet of 5.75 returned to ""dih @ GO72Iwd2XL""",2026-09-27T01:41:14.849Z,179047327484900
"""rowan @ GthBpPSqaK"" folds",2026-09-27T01:41:13.998Z,179047327399800
"""JJJ @ iacG4hF18c"" folds",2026-09-27T01:41:13.054Z,179047327305400
"""dih @ GO72Iwd2XL"" raises to 6.25",2026-09-27T01:41:11.362Z,179047327136200
"""rowan @ GthBpPSqaK"" posts a big blind of 0.50",2026-09-27T01:41:04.743Z,179047326474306
"""JJJ @ iacG4hF18c"" posts a small blind of 0.25",2026-09-27T01:41:04.743Z,179047326474305
"Player stacks: #1 ""rowan @ GthBpPSqaK"" (108.06) | #2 ""dih @ GO72Iwd2XL"" (360.28) | #10 ""JJJ @ iacG4hF18c"" (223.55)",2026-09-27T01:41:04.743Z,179047326474301
"-- starting hand #451 (id: 6mn2jqalrt9x)  No Limit Texas Hold'em (dealer: ""dih @ GO72Iwd2XL"") --",2026-09-27T01:41:04.743Z,179047326474300
"-- ending hand #450 --",2026-09-27T01:41:01.790Z,179047326179001
"""rowan @ GthBpPSqaK"" collected 4.25 from pot",2026-09-27T01:41:01.790Z,179047326179000
"""JJJ @ iacG4hF18c"" folds",2026-09-27T01:41:00.941Z,179047326094100
"River: 9♦, 5♥, J♦, 9♠ [Q♣]",2026-09-27T01:40:59.411Z,179047325941100
"""rowan @ GthBpPSqaK"" checks",2026-09-27T01:40:58.581Z,179047325858100
"""JJJ @ iacG4hF18c"" checks",2026-09-27T01:40:57.574Z,179047325757400
"Turn: 9♦, 5♥, J♦ [9♠]",2026-09-27T01:40:54.808Z,179047325480800
"""rowan @ GthBpPSqaK"" checks",2026-09-27T01:40:53.898Z,179047325389800
"""JJJ @ iacG4hF18c"" checks",2026-09-27T01:40:52.607Z,179047325260700
"Flop:  [9♦, 5♥, J♦]",2026-09-27T01:40:50.862Z,179047325086200
"""JJJ @ iacG4hF18c"" calls 2.00",2026-09-27T01:40:50.020Z,179047325002000
"""dih @ GO72Iwd2XL"" folds",2026-09-27T01:40:48.389Z,179047324838900
"""rowan @ GthBpPSqaK"" raises to 2.00",2026-09-27T01:40:47.442Z,179047324744200
"""JJJ @ iacG4hF18c"" posts a big blind of 0.50",2026-09-27T01:40:45.460Z,179047324546006
"""dih @ GO72Iwd2XL"" posts a small blind of 0.25",2026-09-27T01:40:45.460Z,179047324546005
"Player stacks: #1 ""rowan @ GthBpPSqaK"" (105.81) | #2 ""dih @ GO72Iwd2XL"" (360.53) | #10 ""JJJ @ iacG4hF18c"" (225.55)",2026-09-27T01:40:45.460Z,179047324546001
"-- starting hand #450 (id: z6us8g2o7dag)  No Limit Texas Hold'em (dealer: ""rowan @ GthBpPSqaK"") --",2026-09-27T01:40:45.460Z,179047324546000
"""JJJ @ iacG4hF18c"" shows a A♥.",2026-09-27T01:40:41.778Z,179047324177800
"""dih @ GO72Iwd2XL"" shows a K♥.",2026-09-27T01:40:40.164Z,179047324016400
"""rowan @ GthBpPSqaK"" shows a 3♣, 3♥.",2026-09-27T01:40:38.531Z,179047323853100
"-- ending hand #449 --",2026-09-27T01:40:37.403Z,179047323740302
"""JJJ @ iacG4hF18c"" collected 6.00 from pot",2026-09-27T01:40:37.403Z,179047323740301
"Uncalled bet of 4.50 returned to ""JJJ @ iacG4hF18c""",2026-09-27T01:40:37.403Z,179047323740300
"""dih @ GO72Iwd2XL"" folds",2026-09-27T01:40:36.531Z,179047323653100
"""rowan @ GthBpPSqaK"" folds",2026-09-27T01:40:33.114Z,179047323311400
"""JJJ @ iacG4hF18c"" bets 4.50",2026-09-27T01:40:32.232Z,179047323223200
"""dih @ GO72Iwd2XL"" checks",2026-09-27T01:40:27.497Z,179047322749700
"""rowan @ GthBpPSqaK"" checks",2026-09-27T01:40:26.193Z,179047322619300
"Flop:  [6♥, A♠, 2♦]",2026-09-27T01:40:25.584Z,179047322558400
"""rowan @ GthBpPSqaK"" calls 2.00",2026-09-27T01:40:24.681Z,179047322468100
"""JJJ @ iacG4hF18c"" calls 2.00",2026-09-27T01:40:23.800Z,179047322380000
"""dih @ GO72Iwd2XL"" raises to 2.00",2026-09-27T01:40:22.363Z,179047322236300
"""rowan @ GthBpPSqaK"" calls 0.50",2026-09-27T01:40:19.894Z,179047321989400
"""JJJ @ iacG4hF18c"" calls 0.50",2026-09-27T01:40:18.971Z,179047321897100
"""dih @ GO72Iwd2XL"" posts a big blind of 0.50",2026-09-27T01:40:16.836Z,179047321683606
"""rowan @ GthBpPSqaK"" posts a small blind of 0.25",2026-09-27T01:40:16.836Z,179047321683605
"Player stacks: #1 ""rowan @ GthBpPSqaK"" (107.81) | #2 ""dih @ GO72Iwd2XL"" (362.53) | #10 ""JJJ @ iacG4hF18c"" (221.55)",2026-09-27T01:40:16.836Z,179047321683601
"-- starting hand #449 (id: pcw3ldruzqzn)  No Limit Texas Hold'em (dealer: ""JJJ @ iacG4hF18c"") --",2026-09-27T01:40:16.836Z,179047321683600
"""rowan @ GthBpPSqaK"" shows a K♣, 10♦.",2026-09-27T01:40:11.861Z,179047321186100
"-- ending hand #448 --",2026-09-27T01:40:10.231Z,179047321023102
"""rowan @ GthBpPSqaK"" collected 0.50 from pot",2026-09-27T01:40:10.231Z,179047321023101
"Uncalled bet of 0.25 returned to ""rowan @ GthBpPSqaK""",2026-09-27T01:40:10.231Z,179047321023100
"""JJJ @ iacG4hF18c"" folds",2026-09-27T01:40:09.398Z,179047320939800
"""dih @ GO72Iwd2XL"" folds",2026-09-27T01:40:07.864Z,179047320786400
"""rowan @ GthBpPSqaK"" posts a big blind of 0.50",2026-09-27T01:40:06.372Z,179047320637206
"""JJJ @ iacG4hF18c"" posts a small blind of 0.25",2026-09-27T01:40:06.372Z,179047320637205
"Player stacks: #1 ""rowan @ GthBpPSqaK"" (107.56) | #2 ""dih @ GO72Iwd2XL"" (362.53) | #10 ""JJJ @ iacG4hF18c"" (221.80)",2026-09-27T01:40:06.372Z,179047320637201
"-- starting hand #448 (id: puqv9hzrhekj)  No Limit Texas Hold'em (dealer: ""dih @ GO72Iwd2XL"") --",2026-09-27T01:40:06.372Z,179047320637200
"""rowan @ GthBpPSqaK"" shows a 2♦, K♦.",2026-09-27T01:40:01.419Z,179047320141900
"-- ending hand #447 --",2026-09-27T01:39:59.756Z,179047319975602
"""dih @ GO72Iwd2XL"" collected 4.50 from pot",2026-09-27T01:39:59.756Z,179047319975601
"Uncalled bet of 5.03 returned to ""dih @ GO72Iwd2XL""",2026-09-27T01:39:59.756Z,179047319975600
"""rowan @ GthBpPSqaK"" folds",2026-09-27T01:39:58.932Z,179047319893200
"""JJJ @ iacG4hF18c"" folds",2026-09-27T01:39:56.596Z,179047319659600
"""dih @ GO72Iwd2XL"" raises to 7.03",2026-09-27T01:39:55.684Z,179047319568400
"""rowan @ GthBpPSqaK"" raises to 2.00",2026-09-27T01:39:43.877Z,179047318387700
"""JJJ @ iacG4hF18c"" posts a big blind of 0.50",2026-09-27T01:39:40.666Z,179047318066606
"""dih @ GO72Iwd2XL"" posts a small blind of 0.25",2026-09-27T01:39:40.666Z,179047318066605
"Player stacks: #1 ""rowan @ GthBpPSqaK"" (109.56) | #2 ""dih @ GO72Iwd2XL"" (360.03) | #10 ""JJJ @ iacG4hF18c"" (222.30)",2026-09-27T01:39:40.666Z,179047318066601
"-- starting hand #447 (id: ghel0z2lypbk)  No Limit Texas Hold'em (dealer: ""rowan @ GthBpPSqaK"") --",2026-09-27T01:39:40.666Z,179047318066600
"""dih @ GO72Iwd2XL"" shows a 3♥.",2026-09-27T01:39:36.035Z,179047317603500
"""dih @ GO72Iwd2XL"" shows a 8♥.",2026-09-27T01:39:35.719Z,179047317571900
"-- ending hand #446 --",2026-09-27T01:39:34.154Z,179047317415402
"""rowan @ GthBpPSqaK"" collected 40.00 from pot with Two Pair, Q's & 8's (combination: A♦, 8♣, 8♦, Q♣, Q♥)",2026-09-27T01:39:34.154Z,179047317415401
"""rowan @ GthBpPSqaK"" shows a A♦, 8♣.",2026-09-27T01:39:34.154Z,179047317415400
"""dih @ GO72Iwd2XL"" checks",2026-09-27T01:39:33.284Z,179047317328400
"""rowan @ GthBpPSqaK"" checks",2026-09-27T01:39:31.877Z,179047317187700
"River: Q♣, 8♦, 5♥, Q♥ [2♣]",2026-09-27T01:39:30.354Z,179047317035400
"""rowan @ GthBpPSqaK"" calls 15.00",2026-09-27T01:39:29.504Z,179047316950400
"""dih @ GO72Iwd2XL"" raises to 15.00",2026-09-27T01:39:26.848Z,179047316684800
"""rowan @ GthBpPSqaK"" bets 5.00",2026-09-27T01:39:23.097Z,179047316309700
"Turn: Q♣, 8♦, 5♥ [Q♥]",2026-09-27T01:39:20.252Z,179047316025200
"""dih @ GO72Iwd2XL"" calls 2.50",2026-09-27T01:39:19.408Z,179047315940800
"""rowan @ GthBpPSqaK"" bets 2.50",2026-09-27T01:39:18.084Z,179047315808400
"Flop:  [Q♣, 8♦, 5♥]",2026-09-27T01:39:15.241Z,179047315524100
"""dih @ GO72Iwd2XL"" calls 2.50",2026-09-27T01:39:14.316Z,179047315431600
"""rowan @ GthBpPSqaK"" raises to 2.50",2026-09-27T01:39:12.372Z,179047315237200
"""JJJ @ iacG4hF18c"" folds",2026-09-27T01:39:09.036Z,179047314903600
"""dih @ GO72Iwd2XL"" posts a big blind of 0.50",2026-09-27T01:38:48.170Z,179047312817006
"""rowan @ GthBpPSqaK"" posts a small blind of 0.25",2026-09-27T01:38:48.170Z,179047312817005
"Player stacks: #1 ""rowan @ GthBpPSqaK"" (89.56) | #2 ""dih @ GO72Iwd2XL"" (380.03) | #10 ""JJJ @ iacG4hF18c"" (222.30)",2026-09-27T01:38:48.170Z,179047312817001
"-- starting hand #446 (id: nfus1ey9xnkf)  No Limit Texas Hold'em (dealer: ""JJJ @ iacG4hF18c"") --",2026-09-27T01:38:48.170Z,179047312817000
"""rowan @ GthBpPSqaK"" shows a J♥, 7♥.",2026-09-27T01:38:46.718Z,179047312671800
"""dih @ GO72Iwd2XL"" shows a J♠, A♥.",2026-09-27T01:38:45.637Z,179047312563700
"-- ending hand #445 --",2026-09-27T01:38:43.767Z,179047312376702
"""rowan @ GthBpPSqaK"" collected 22.50 from pot",2026-09-27T01:38:43.767Z,179047312376701
"Uncalled bet of 11.25 returned to ""rowan @ GthBpPSqaK""",2026-09-27T01:38:43.767Z,179047312376700
"""dih @ GO72Iwd2XL"" folds",2026-09-27T01:38:42.908Z,179047312290800
"""rowan @ GthBpPSqaK"" bets 11.25",2026-09-27T01:38:42.052Z,179047312205200
"River: 4♥, Q♠, 7♠, 6♣ [10♥]",2026-09-27T01:38:39.968Z,179047311996800
"""dih @ GO72Iwd2XL"" checks",2026-09-27T01:38:39.099Z,179047311909900
"""rowan @ GthBpPSqaK"" checks",2026-09-27T01:38:36.871Z,179047311687100
"Turn: 4♥, Q♠, 7♠ [6♣]",2026-09-27T01:38:36.455Z,179047311645500
"""rowan @ GthBpPSqaK"" calls 7.50",2026-09-27T01:38:35.647Z,179047311564700
"""JJJ @ iacG4hF18c"" folds",2026-09-27T01:38:34.679Z,179047311467900
"""dih @ GO72Iwd2XL"" bets 7.50",2026-09-27T01:38:33.813Z,179047311381300
"""rowan @ GthBpPSqaK"" checks",2026-09-27T01:38:31.227Z,179047311122700
"""JJJ @ iacG4hF18c"" checks",2026-09-27T01:38:30.329Z,179047311032900
"Flop:  [4♥, Q♠, 7♠]",2026-09-27T01:38:29.050Z,179047310905000
"""rowan @ GthBpPSqaK"" calls 2.50",2026-09-27T01:38:28.193Z,179047310819300
"""JJJ @ iacG4hF18c"" calls 2.50",2026-09-27T01:38:27.330Z,179047310733000
"""dih @ GO72Iwd2XL"" raises to 2.50",2026-09-27T01:38:25.274Z,179047310527400
"""rowan @ GthBpPSqaK"" posts a big blind of 0.50",2026-09-27T01:38:21.351Z,179047310135106
"""JJJ @ iacG4hF18c"" posts a small blind of 0.25",2026-09-27T01:38:21.351Z,179047310135105
"Player stacks: #1 ""rowan @ GthBpPSqaK"" (77.06) | #2 ""dih @ GO72Iwd2XL"" (390.03) | #10 ""JJJ @ iacG4hF18c"" (224.80)",2026-09-27T01:38:21.351Z,179047310135101
"-- starting hand #445 (id: yowf1mlhmukl)  No Limit Texas Hold'em (dealer: ""dih @ GO72Iwd2XL"") --",2026-09-27T01:38:21.351Z,179047310135100
"-- ending hand #444 --",2026-09-27T01:38:15.329Z,179047309532903
"""rowan @ GthBpPSqaK"" collected 25.47 from pot with Pair, J's (combination: 9♦, 10♣, Q♦, J♠, J♥)",2026-09-27T01:38:15.329Z,179047309532902
"""rowan @ GthBpPSqaK"" shows a Q♦, J♠.",2026-09-27T01:38:15.329Z,179047309532901
"""JJJ @ iacG4hF18c"" shows a J♣, 8♠.",2026-09-27T01:38:15.329Z,179047309532900
"""rowan @ GthBpPSqaK"" checks",2026-09-27T01:38:14.472Z,179047309447200
"""JJJ @ iacG4hF18c"" checks",2026-09-27T01:38:13.565Z,179047309356500
"River: 10♣, J♥, 9♦, 2♠ [6♠]",2026-09-27T01:38:12.838Z,179047309283800
"""JJJ @ iacG4hF18c"" calls 8.49",2026-09-27T01:38:11.955Z,179047309195500
"""rowan @ GthBpPSqaK"" bets 8.49",2026-09-27T01:38:11.103Z,179047309110300
"""JJJ @ iacG4hF18c"" checks",2026-09-27T01:38:09.021Z,179047308902100
"Turn: 10♣, J♥, 9♦ [2♠]",2026-09-27T01:38:08.238Z,179047308823800
"""JJJ @ iacG4hF18c"" calls 2.12",2026-09-27T01:38:07.367Z,179047308736700
"""rowan @ GthBpPSqaK"" bets 2.12",2026-09-27T01:38:06.192Z,179047308619200
"""JJJ @ iacG4hF18c"" checks",2026-09-27T01:38:03.812Z,179047308381200
"Flop:  [10♣, J♥, 9♦]",2026-09-27T01:38:01.967Z,179047308196700
"""JJJ @ iacG4hF18c"" calls 2.00",2026-09-27T01:38:01.138Z,179047308113800
"""dih @ GO72Iwd2XL"" folds",2026-09-27T01:37:55.487Z,179047307548700
"""rowan @ GthBpPSqaK"" raises to 2.00",2026-09-27T01:37:53.547Z,179047307354700
"""JJJ @ iacG4hF18c"" posts a big blind of 0.50",2026-09-27T01:37:45.067Z,179047306506706
"""dih @ GO72Iwd2XL"" posts a small blind of 0.25",2026-09-27T01:37:45.067Z,179047306506705
"Player stacks: #1 ""rowan @ GthBpPSqaK"" (64.20) | #2 ""dih @ GO72Iwd2XL"" (390.28) | #10 ""JJJ @ iacG4hF18c"" (237.41)",2026-09-27T01:37:45.067Z,179047306506701
"-- starting hand #444 (id: sepa6ethlz11)  No Limit Texas Hold'em (dealer: ""rowan @ GthBpPSqaK"") --",2026-09-27T01:37:45.067Z,179047306506700
"-- ending hand #443 --",2026-09-27T01:37:39.048Z,179047305904802
"""dih @ GO72Iwd2XL"" collected 0.50 from pot",2026-09-27T01:37:39.048Z,179047305904801
"Uncalled bet of 0.25 returned to ""dih @ GO72Iwd2XL""",2026-09-27T01:37:39.048Z,179047305904800
"""rowan @ GthBpPSqaK"" folds",2026-09-27T01:37:38.160Z,179047305816000
"""JJJ @ iacG4hF18c"" folds",2026-09-27T01:37:37.278Z,179047305727800
"""dih @ GO72Iwd2XL"" posts a big blind of 0.50",2026-09-27T01:37:27.678Z,179047304767806
"""rowan @ GthBpPSqaK"" posts a small blind of 0.25",2026-09-27T01:37:27.678Z,179047304767805
"Player stacks: #1 ""rowan @ GthBpPSqaK"" (64.45) | #2 ""dih @ GO72Iwd2XL"" (390.03) | #10 ""JJJ @ iacG4hF18c"" (237.41)",2026-09-27T01:37:27.678Z,179047304767801
"-- starting hand #443 (id: l9h3unsvkrgu)  No Limit Texas Hold'em (dealer: ""JJJ @ iacG4hF18c"") --",2026-09-27T01:37:27.678Z,179047304767800
"-- ending hand #442 --",2026-09-27T01:37:21.643Z,179047304164303
"""dih @ GO72Iwd2XL"" shows a 10♣, Q♥.",2026-09-27T01:37:21.643Z,179047304164302
"""rowan @ GthBpPSqaK"" collected 64.45 from pot with Pair, J's (combination: 7♠, 10♠, K♣, J♠, J♥)",2026-09-27T01:37:21.643Z,179047304164301
"""rowan @ GthBpPSqaK"" shows a J♠, J♥.",2026-09-27T01:37:21.643Z,179047304164300
"""dih @ GO72Iwd2XL"" calls 19.10",2026-09-27T01:37:20.708Z,179047304070800
"""rowan @ GthBpPSqaK"" bets 19.10 and go all in",2026-09-27T01:37:06.741Z,179047302674100
"River: K♣, 7♠, 10♠, 2♦ [3♣]",2026-09-27T01:37:03.901Z,179047302390100
"""dih @ GO72Iwd2XL"" calls 0.50",2026-09-27T01:37:03.057Z,179047302305700
"""rowan @ GthBpPSqaK"" bets 0.50",2026-09-27T01:36:57.809Z,179047301780900
"Turn: K♣, 7♠, 10♠ [2♦]",2026-09-27T01:36:38.350Z,179047299835000
"""dih @ GO72Iwd2XL"" calls 4.50",2026-09-27T01:36:37.533Z,179047299753300
"""rowan @ GthBpPSqaK"" bets 4.50",2026-09-27T01:36:35.987Z,179047299598700
"Flop:  [K♣, 7♠, 10♠]",2026-09-27T01:36:30.542Z,179047299054200
"""dih @ GO72Iwd2XL"" calls 8.00",2026-09-27T01:36:29.733Z,179047298973300
"""rowan @ GthBpPSqaK"" raises to 8.00",2026-09-27T01:36:28.039Z,179047298803900
"""JJJ @ iacG4hF18c"" folds",2026-09-27T01:36:23.348Z,179047298334800
"""dih @ GO72Iwd2XL"" raises to 2.00",2026-09-27T01:36:21.217Z,179047298121700
"""rowan @ GthBpPSqaK"" posts a big blind of 0.50",2026-09-27T01:36:17.737Z,179047297773706
"""JJJ @ iacG4hF18c"" posts a small blind of 0.25",2026-09-27T01:36:17.737Z,179047297773705
"Player stacks: #1 ""rowan @ GthBpPSqaK"" (32.10) | #2 ""dih @ GO72Iwd2XL"" (422.13) | #10 ""JJJ @ iacG4hF18c"" (237.66)",2026-09-27T01:36:17.737Z,179047297773701
"-- starting hand #442 (id: uamqasipucnj)  No Limit Texas Hold'em (dealer: ""dih @ GO72Iwd2XL"") --",2026-09-27T01:36:17.737Z,179047297773700
"-- ending hand #441 --",2026-09-27T01:36:11.767Z,179047297176702
"""dih @ GO72Iwd2XL"" collected 1.00 from pot",2026-09-27T01:36:11.767Z,179047297176701
"Uncalled bet of 2.00 returned to ""dih @ GO72Iwd2XL""",2026-09-27T01:36:11.767Z,179047297176700
"""JJJ @ iacG4hF18c"" folds",2026-09-27T01:36:10.962Z,179047297096200
"""dih @ GO72Iwd2XL"" raises to 2.50",2026-09-27T01:36:08.363Z,179047296836300
"""rowan @ GthBpPSqaK"" folds",2026-09-27T01:36:05.566Z,179047296556600
"""JJJ @ iacG4hF18c"" posts a big blind of 0.50",2026-09-27T01:36:04.569Z,179047296456906
"""dih @ GO72Iwd2XL"" posts a small blind of 0.25",2026-09-27T01:36:04.569Z,179047296456905
"Player stacks: #1 ""rowan @ GthBpPSqaK"" (32.10) | #2 ""dih @ GO72Iwd2XL"" (421.63) | #10 ""JJJ @ iacG4hF18c"" (238.16)",2026-09-27T01:36:04.569Z,179047296456901
"-- starting hand #441 (id: mggiuqegpjzm)  No Limit Texas Hold'em (dealer: ""rowan @ GthBpPSqaK"") --",2026-09-27T01:36:04.569Z,179047296456900
"-- ending hand #440 --",2026-09-27T01:35:58.550Z,179047295855003
"""dih @ GO72Iwd2XL"" collected 4.00 from pot with Pair, K's (combination: 8♥, 10♠, J♠, K♥, K♣)",2026-09-27T01:35:58.550Z,179047295855002
"""dih @ GO72Iwd2XL"" shows a 10♠, 8♥.",2026-09-27T01:35:58.550Z,179047295855001
"""rowan @ GthBpPSqaK"" shows a 9♠, 8♣.",2026-09-27T01:35:58.550Z,179047295855000
"""dih @ GO72Iwd2XL"" checks",2026-09-27T01:35:57.584Z,179047295758400
"""rowan @ GthBpPSqaK"" checks",2026-09-27T01:35:55.607Z,179047295560700
"River: J♠, K♥, 5♦, K♣ [6♣]",2026-09-27T01:35:54.747Z,179047295474700
"""dih @ GO72Iwd2XL"" checks",2026-09-27T01:35:53.807Z,179047295380700
"""rowan @ GthBpPSqaK"" checks",2026-09-27T01:35:52.804Z,179047295280400
"Turn: J♠, K♥, 5♦ [K♣]",2026-09-27T01:35:51.169Z,179047295116900
"""dih @ GO72Iwd2XL"" checks",2026-09-27T01:35:50.337Z,179047295033700
"""rowan @ GthBpPSqaK"" checks",2026-09-27T01:35:40.249Z,179047294024900
"Flop:  [J♠, K♥, 5♦]",2026-09-27T01:35:33.513Z,179047293351300
"""dih @ GO72Iwd2XL"" calls 2.00",2026-09-27T01:35:32.682Z,179047293268200
"""rowan @ GthBpPSqaK"" raises to 2.00",2026-09-27T01:35:29.750Z,179047292975000
"""JJJ @ iacG4hF18c"" folds",2026-09-27T01:35:27.693Z,179047292769300
"""dih @ GO72Iwd2XL"" posts a big blind of 0.50",2026-09-27T01:35:25.301Z,179047292530106
"""rowan @ GthBpPSqaK"" posts a small blind of 0.25",2026-09-27T01:35:25.301Z,179047292530105
"Player stacks: #1 ""rowan @ GthBpPSqaK"" (34.10) | #2 ""dih @ GO72Iwd2XL"" (419.63) | #10 ""JJJ @ iacG4hF18c"" (238.16)",2026-09-27T01:35:25.301Z,179047292530101
"-- starting hand #440 (id: bsajt5wut9li)  No Limit Texas Hold'em (dealer: ""JJJ @ iacG4hF18c"") --",2026-09-27T01:35:25.301Z,179047292530100
"""rowan @ GthBpPSqaK"" shows a A♠, 9♠.",2026-09-27T01:35:19.610Z,179047291961000
"""JJJ @ iacG4hF18c"" shows a J♠, 4♠.",2026-09-27T01:35:18.463Z,179047291846300
"-- ending hand #439 --",2026-09-27T01:35:17.938Z,179047291793802
"""JJJ @ iacG4hF18c"" collected 5.00 from pot",2026-09-27T01:35:17.938Z,179047291793801
"Uncalled bet of 5.00 returned to ""JJJ @ iacG4hF18c""",2026-09-27T01:35:17.938Z,179047291793800
"""rowan @ GthBpPSqaK"" folds",2026-09-27T01:35:17.110Z,179047291711000
"""JJJ @ iacG4hF18c"" bets 5.00",2026-09-27T01:35:16.109Z,179047291610900
"Flop:  [7♣, 6♦, J♦]",2026-09-27T01:35:09.875Z,179047290987500
"""rowan @ GthBpPSqaK"" calls 2.50",2026-09-27T01:35:08.946Z,179047290894600
"""JJJ @ iacG4hF18c"" raises to 2.50",2026-09-27T01:35:08.087Z,179047290808700
"""dih @ GO72Iwd2XL"" folds",2026-09-27T01:35:03.392Z,179047290339200
"""rowan @ GthBpPSqaK"" posts a big blind of 0.50",2026-09-27T01:35:01.651Z,179047290165106
"""JJJ @ iacG4hF18c"" posts a small blind of 0.25",2026-09-27T01:35:01.651Z,179047290165105
"Player stacks: #1 ""rowan @ GthBpPSqaK"" (36.60) | #2 ""dih @ GO72Iwd2XL"" (419.63) | #10 ""JJJ @ iacG4hF18c"" (235.66)",2026-09-27T01:35:01.651Z,179047290165101
"-- starting hand #439 (id: ivg4izhdoumq)  No Limit Texas Hold'em (dealer: ""dih @ GO72Iwd2XL"") --",2026-09-27T01:35:01.651Z,179047290165100
"""rowan @ GthBpPSqaK"" shows a 8♥, A♣.",2026-09-27T01:34:56.192Z,179047289619200
"-- ending hand #438 --",2026-09-27T01:34:55.084Z,179047289508402
"""JJJ @ iacG4hF18c"" collected 5.25 from pot with Pair, 9's (combination: J♥, K♦, A♦, 9♣, 9♦)",2026-09-27T01:34:55.084Z,179047289508401
"""JJJ @ iacG4hF18c"" shows a 9♣, A♦.",2026-09-27T01:34:55.084Z,179047289508400
"""rowan @ GthBpPSqaK"" checks",2026-09-27T01:34:54.274Z,179047289427400
"""JJJ @ iacG4hF18c"" checks",2026-09-27T01:34:52.597Z,179047289259700
"River: 5♠, J♥, 2♥, 9♦ [K♦]",2026-09-27T01:34:50.010Z,179047289001000
"""rowan @ GthBpPSqaK"" checks",2026-09-27T01:34:49.118Z,179047288911800
"""JJJ @ iacG4hF18c"" checks",2026-09-27T01:34:47.856Z,179047288785600
"Turn: 5♠, J♥, 2♥ [9♦]",2026-09-27T01:34:45.266Z,179047288526600
"""rowan @ GthBpPSqaK"" checks",2026-09-27T01:34:44.462Z,179047288446200
"""JJJ @ iacG4hF18c"" checks",2026-09-27T01:34:42.860Z,179047288286000
"Flop:  [5♠, J♥, 2♥]",2026-09-27T01:34:41.280Z,179047288128000
"""JJJ @ iacG4hF18c"" calls 2.50",2026-09-27T01:34:40.475Z,179047288047500
"""dih @ GO72Iwd2XL"" folds",2026-09-27T01:34:38.349Z,179047287834900
"""rowan @ GthBpPSqaK"" raises to 2.50",2026-09-27T01:34:36.356Z,179047287635600
"""JJJ @ iacG4hF18c"" posts a big blind of 0.50",2026-09-27T01:34:34.075Z,179047287407506
"""dih @ GO72Iwd2XL"" posts a small blind of 0.25",2026-09-27T01:34:34.075Z,179047287407505
"Player stacks: #1 ""rowan @ GthBpPSqaK"" (39.10) | #2 ""dih @ GO72Iwd2XL"" (419.88) | #10 ""JJJ @ iacG4hF18c"" (232.91)",2026-09-27T01:34:34.075Z,179047287407501
"-- starting hand #438 (id: hruyctym2gxf)  No Limit Texas Hold'em (dealer: ""rowan @ GthBpPSqaK"") --",2026-09-27T01:34:34.075Z,179047287407500
"""rowan @ GthBpPSqaK"" shows a A♠.",2026-09-27T01:34:30.843Z,179047287084300
"-- ending hand #437 --",2026-09-27T01:34:30.455Z,179047287045502
"""dih @ GO72Iwd2XL"" collected 20.61 from pot",2026-09-27T01:34:30.455Z,179047287045501
"Uncalled bet of 20.61 returned to ""dih @ GO72Iwd2XL""",2026-09-27T01:34:30.455Z,179047287045500
"""JJJ @ iacG4hF18c"" folds",2026-09-27T01:34:29.591Z,179047286959100
"""dih @ GO72Iwd2XL"" bets 20.61",2026-09-27T01:33:43.702Z,179047282370200
"River: 8♦, 2♣, 4♦, A♥ [5♥]",2026-09-27T01:33:41.003Z,179047282100300
"""JJJ @ iacG4hF18c"" checks",2026-09-27T01:33:40.186Z,179047282018600
"""dih @ GO72Iwd2XL"" checks",2026-09-27T01:33:35.552Z,179047281555200
"Turn: 8♦, 2♣, 4♦ [A♥]",2026-09-27T01:33:32.998Z,179047281299800
"""dih @ GO72Iwd2XL"" calls 6.18",2026-09-27T01:33:32.193Z,179047281219300
"""rowan @ GthBpPSqaK"" folds",2026-09-27T01:33:31.226Z,179047281122600
"""JJJ @ iacG4hF18c"" bets 6.18",2026-09-27T01:33:30.074Z,179047281007400
"""dih @ GO72Iwd2XL"" checks",2026-09-27T01:33:23.829Z,179047280382900
"""rowan @ GthBpPSqaK"" checks",2026-09-27T01:33:22.492Z,179047280249200
"Flop:  [8♦, 2♣, 4♦]",2026-09-27T01:33:21.551Z,179047280155100
"""dih @ GO72Iwd2XL"" calls 2.75",2026-09-27T01:33:20.719Z,179047280071900
"""rowan @ GthBpPSqaK"" calls 2.75",2026-09-27T01:33:17.825Z,179047279782500
"""JJJ @ iacG4hF18c"" raises to 2.75",2026-09-27T01:33:15.370Z,179047279537000
"""dih @ GO72Iwd2XL"" posts a big blind of 0.50",2026-09-27T01:33:04.874Z,179047278487406
"""rowan @ GthBpPSqaK"" posts a small blind of 0.25",2026-09-27T01:33:04.874Z,179047278487405
"Player stacks: #1 ""rowan @ GthBpPSqaK"" (41.85) | #2 ""dih @ GO72Iwd2XL"" (408.20) | #10 ""JJJ @ iacG4hF18c"" (241.84)",2026-09-27T01:33:04.874Z,179047278487401
"-- starting hand #437 (id: wto7ia8u4hnu)  No Limit Texas Hold'em (dealer: ""JJJ @ iacG4hF18c"") --",2026-09-27T01:33:04.874Z,179047278487400
"-- ending hand #436 --",2026-09-27T01:32:58.856Z,179047277885603
"""dih @ GO72Iwd2XL"" collected 18.73 from pot with Pair, 5's (combination: 4♦, 9♣, Q♠, 5♦, 5♥)",2026-09-27T01:32:58.856Z,179047277885602
"""dih @ GO72Iwd2XL"" shows a 4♦, 5♦.",2026-09-27T01:32:58.856Z,179047277885601
"""rowan @ GthBpPSqaK"" shows a 7♦, K♦.",2026-09-27T01:32:58.856Z,179047277885600
"""dih @ GO72Iwd2XL"" calls 4.12",2026-09-27T01:32:58.050Z,179047277805000
"""rowan @ GthBpPSqaK"" bets 4.12",2026-09-27T01:32:56.802Z,179047277680200
"River: 2♠, 5♥, 9♣, Q♠ [3♠]",2026-09-27T01:32:35.657Z,179047275565700
"""dih @ GO72Iwd2XL"" checks",2026-09-27T01:32:34.832Z,179047275483200
"""rowan @ GthBpPSqaK"" checks",2026-09-27T01:32:27.518Z,179047274751800
"Turn: 2♠, 5♥, 9♣ [Q♠]",2026-09-27T01:32:20.148Z,179047274014800
"""dih @ GO72Iwd2XL"" calls 2.62",2026-09-27T01:32:19.249Z,179047273924900
"""rowan @ GthBpPSqaK"" bets 2.62",2026-09-27T01:32:16.693Z,179047273669300
"Flop:  [2♠, 5♥, 9♣]",2026-09-27T01:32:12.704Z,179047273270400
"""rowan @ GthBpPSqaK"" calls 2.50",2026-09-27T01:32:11.856Z,179047273185600
"""JJJ @ iacG4hF18c"" folds",2026-09-27T01:32:10.948Z,179047273094800
"""dih @ GO72Iwd2XL"" raises to 2.50",2026-09-27T01:32:08.323Z,179047272832300
"""rowan @ GthBpPSqaK"" posts a big blind of 0.50",2026-09-27T01:32:04.098Z,179047272409806
"""JJJ @ iacG4hF18c"" posts a small blind of 0.25",2026-09-27T01:32:04.098Z,179047272409805
"Player stacks: #1 ""rowan @ GthBpPSqaK"" (51.09) | #2 ""dih @ GO72Iwd2XL"" (398.71) | #10 ""JJJ @ iacG4hF18c"" (242.09)",2026-09-27T01:32:04.098Z,179047272409801
"-- starting hand #436 (id: 1oavgvma10ty)  No Limit Texas Hold'em (dealer: ""dih @ GO72Iwd2XL"") --",2026-09-27T01:32:04.098Z,179047272409800
"-- ending hand #435 --",2026-09-27T01:31:58.182Z,179047271818202
"""JJJ @ iacG4hF18c"" collected 0.50 from pot",2026-09-27T01:31:58.182Z,179047271818201
"Uncalled bet of 0.25 returned to ""JJJ @ iacG4hF18c""",2026-09-27T01:31:58.182Z,179047271818200
"""dih @ GO72Iwd2XL"" folds",2026-09-27T01:31:57.348Z,179047271734800
"""rowan @ GthBpPSqaK"" folds",2026-09-27T01:31:55.395Z,179047271539500
"""JJJ @ iacG4hF18c"" posts a big blind of 0.50",2026-09-27T01:31:54.538Z,179047271453806
"""dih @ GO72Iwd2XL"" posts a small blind of 0.25",2026-09-27T01:31:54.538Z,179047271453805
"Player stacks: #1 ""rowan @ GthBpPSqaK"" (51.09) | #2 ""dih @ GO72Iwd2XL"" (398.96) | #10 ""JJJ @ iacG4hF18c"" (241.84)",2026-09-27T01:31:54.538Z,179047271453801
"-- starting hand #435 (id: p9ipvfp6r9ug)  No Limit Texas Hold'em (dealer: ""rowan @ GthBpPSqaK"") --",2026-09-27T01:31:54.538Z,179047271453800
"""JJJ @ iacG4hF18c"" shows a 8♥, K♠.",2026-09-27T01:31:48.842Z,179047270884200
"-- ending hand #434 --",2026-09-27T01:31:47.916Z,179047270791602
"""dih @ GO72Iwd2XL"" collected 4.50 from pot",2026-09-27T01:31:47.916Z,179047270791601
"Uncalled bet of 4.50 returned to ""dih @ GO72Iwd2XL""",2026-09-27T01:31:47.916Z,179047270791600
"""JJJ @ iacG4hF18c"" folds",2026-09-27T01:31:47.014Z,179047270701400
"""dih @ GO72Iwd2XL"" bets 4.50",2026-09-27T01:31:43.284Z,179047270328400
"Flop:  [J♦, 3♣, 8♠]",2026-09-27T01:31:40.373Z,179047270037300
"""rowan @ GthBpPSqaK"" folds",2026-09-27T01:31:39.565Z,179047269956500
"""JJJ @ iacG4hF18c"" calls 2.00",2026-09-27T01:31:38.639Z,179047269863900
"""dih @ GO72Iwd2XL"" raises to 2.00",2026-09-27T01:31:33.611Z,179047269361100
"""rowan @ GthBpPSqaK"" calls 0.50",2026-09-27T01:31:30.678Z,179047269067800
"""JJJ @ iacG4hF18c"" calls 0.50",2026-09-27T01:31:29.441Z,179047268944100
"""dih @ GO72Iwd2XL"" posts a big blind of 0.50",2026-09-27T01:31:27.698Z,179047268769806
"""rowan @ GthBpPSqaK"" posts a small blind of 0.25",2026-09-27T01:31:27.698Z,179047268769805
"Player stacks: #1 ""rowan @ GthBpPSqaK"" (51.59) | #2 ""dih @ GO72Iwd2XL"" (396.46) | #10 ""JJJ @ iacG4hF18c"" (243.84)",2026-09-27T01:31:27.698Z,179047268769801
"-- starting hand #434 (id: wiofhehtez7r)  No Limit Texas Hold'em (dealer: ""JJJ @ iacG4hF18c"") --",2026-09-27T01:31:27.698Z,179047268769800
"-- ending hand #433 --",2026-09-27T01:31:21.551Z,179047268155102
"""JJJ @ iacG4hF18c"" collected 15.00 from pot with Pair, 3's (combination: 8♥, J♣, A♣, 3♦, 3♥)",2026-09-27T01:31:21.551Z,179047268155101
"""JJJ @ iacG4hF18c"" shows a A♣, 2♠.",2026-09-27T01:31:21.551Z,179047268155100
"""rowan @ GthBpPSqaK"" checks",2026-09-27T01:31:20.710Z,179047268071000
"""JJJ @ iacG4hF18c"" checks",2026-09-27T01:31:16.826Z,179047267682600
"River: 5♣, 3♦, J♣, 8♥ [3♥]",2026-09-27T01:31:14.948Z,179047267494800
"""rowan @ GthBpPSqaK"" checks",2026-09-27T01:31:14.103Z,179047267410300
"""JJJ @ iacG4hF18c"" checks",2026-09-27T01:31:08.214Z,179047266821400
"Turn: 5♣, 3♦, J♣ [8♥]",2026-09-27T01:31:07.072Z,179047266707200
"""JJJ @ iacG4hF18c"" calls 5.00",2026-09-27T01:31:06.226Z,179047266622600
"""rowan @ GthBpPSqaK"" bets 5.00",2026-09-27T01:31:04.743Z,179047266474300
"""JJJ @ iacG4hF18c"" checks",2026-09-27T01:31:02.382Z,179047266238200
"Flop:  [5♣, 3♦, J♣]",2026-09-27T01:31:00.055Z,179047266005500
"""JJJ @ iacG4hF18c"" calls 2.50",2026-09-27T01:30:59.159Z,179047265915900
"""rowan @ GthBpPSqaK"" raises to 2.50",2026-09-27T01:30:57.182Z,179047265718200
"""JJJ @ iacG4hF18c"" calls 0.50",2026-09-27T01:30:54.811Z,179047265481100
"""dih @ GO72Iwd2XL"" folds",2026-09-27T01:30:50.290Z,179047265029000
"""rowan @ GthBpPSqaK"" posts a big blind of 0.50",2026-09-27T01:30:48.902Z,179047264890206
"""JJJ @ iacG4hF18c"" posts a small blind of 0.25",2026-09-27T01:30:48.902Z,179047264890205
"Player stacks: #1 ""rowan @ GthBpPSqaK"" (59.09) | #2 ""dih @ GO72Iwd2XL"" (396.46) | #10 ""JJJ @ iacG4hF18c"" (236.34)",2026-09-27T01:30:48.902Z,179047264890201
"-- starting hand #433 (id: v4vrbt6qsezz)  No Limit Texas Hold'em (dealer: ""dih @ GO72Iwd2XL"") --",2026-09-27T01:30:48.902Z,179047264890200
"-- ending hand #432 --",2026-09-27T01:30:45.985Z,179047264598502
"""rowan @ GthBpPSqaK"" collected 27.50 from pot",2026-09-27T01:30:45.985Z,179047264598501
"Uncalled bet of 31.59 returned to ""rowan @ GthBpPSqaK""",2026-09-27T01:30:45.985Z,179047264598500
"""dih @ GO72Iwd2XL"" folds",2026-09-27T01:30:45.123Z,179047264512300
"""rowan @ GthBpPSqaK"" bets 31.59 and go all in",2026-09-27T01:30:44.179Z,179047264417900
"""dih @ GO72Iwd2XL"" checks",2026-09-27T01:30:41.854Z,179047264185400
"River: 5♦, Q♠, A♠, 3♣ [K♣]",2026-09-27T01:30:40.170Z,179047264017000
"""dih @ GO72Iwd2XL"" calls 8.25",2026-09-27T01:30:39.320Z,179047263932000
"""rowan @ GthBpPSqaK"" bets 8.25",2026-09-27T01:30:37.809Z,179047263780900
"""dih @ GO72Iwd2XL"" checks",2026-09-27T01:30:34.983Z,179047263498300
"Turn: 5♦, Q♠, A♠ [3♣]",2026-09-27T01:30:32.959Z,179047263295900
"""dih @ GO72Iwd2XL"" calls 2.75",2026-09-27T01:30:32.143Z,179047263214300
"""rowan @ GthBpPSqaK"" bets 2.75",2026-09-27T01:30:30.934Z,179047263093400
"""dih @ GO72Iwd2XL"" checks",2026-09-27T01:30:28.497Z,179047262849700
"Flop:  [5♦, Q♠, A♠]",2026-09-27T01:30:26.750Z,179047262675000
"""JJJ @ iacG4hF18c"" folds",2026-09-27T01:30:25.948Z,179047262594800
"""dih @ GO72Iwd2XL"" calls 2.50",2026-09-27T01:30:23.615Z,179047262361500
"""rowan @ GthBpPSqaK"" raises to 2.50",2026-09-27T01:30:21.217Z,179047262121700
"""JJJ @ iacG4hF18c"" posts a big blind of 0.50",2026-09-27T01:30:19.034Z,179047261903406
"""dih @ GO72Iwd2XL"" posts a small blind of 0.25",2026-09-27T01:30:19.034Z,179047261903405
"Player stacks: #1 ""rowan @ GthBpPSqaK"" (45.09) | #2 ""dih @ GO72Iwd2XL"" (409.96) | #10 ""JJJ @ iacG4hF18c"" (236.84)",2026-09-27T01:30:19.034Z,179047261903401
"-- starting hand #432 (id: uzquim0brlzv)  No Limit Texas Hold'em (dealer: ""rowan @ GthBpPSqaK"") --",2026-09-27T01:30:19.034Z,179047261903400
"-- ending hand #431 --",2026-09-27T01:30:13.032Z,179047261303202
"""rowan @ GthBpPSqaK"" collected 1.00 from pot",2026-09-27T01:30:13.032Z,179047261303201
"Uncalled bet of 1.50 returned to ""rowan @ GthBpPSqaK""",2026-09-27T01:30:13.032Z,179047261303200
"""dih @ GO72Iwd2XL"" folds",2026-09-27T01:30:12.173Z,179047261217300
"""rowan @ GthBpPSqaK"" raises to 2.00",2026-09-27T01:30:10.650Z,179047261065000
"""JJJ @ iacG4hF18c"" folds",2026-09-27T01:30:08.238Z,179047260823800
"""dih @ GO72Iwd2XL"" posts a big blind of 0.50",2026-09-27T01:30:06.025Z,179047260602506
"""rowan @ GthBpPSqaK"" posts a small blind of 0.25",2026-09-27T01:30:06.025Z,179047260602505
"Player stacks: #1 ""rowan @ GthBpPSqaK"" (44.59) | #2 ""dih @ GO72Iwd2XL"" (410.46) | #10 ""JJJ @ iacG4hF18c"" (236.84)",2026-09-27T01:30:06.025Z,179047260602501
"-- starting hand #431 (id: 5ddlm1syxvce)  No Limit Texas Hold'em (dealer: ""JJJ @ iacG4hF18c"") --",2026-09-27T01:30:06.025Z,179047260602500
"""JJJ @ iacG4hF18c"" shows a 9♠, 10♣.",2026-09-27T01:30:03.179Z,179047260317900
"""rowan @ GthBpPSqaK"" shows a 8♥, A♣.",2026-09-27T01:30:02.081Z,179047260208100
"-- ending hand #430 --",2026-09-27T01:30:01.659Z,179047260165902
"""JJJ @ iacG4hF18c"" collected 15.00 from pot",2026-09-27T01:30:01.659Z,179047260165901
"Uncalled bet of 11.25 returned to ""JJJ @ iacG4hF18c""",2026-09-27T01:30:01.659Z,179047260165900
"""rowan @ GthBpPSqaK"" folds",2026-09-27T01:30:00.787Z,179047260078700
"""JJJ @ iacG4hF18c"" bets 11.25",2026-09-27T01:29:58.914Z,179047259891400
"River: 2♦, 8♣, 9♦, K♦ [10♥]",2026-09-27T01:29:50.768Z,179047259076800
"""rowan @ GthBpPSqaK"" checks",2026-09-27T01:29:49.946Z,179047258994600
"""JJJ @ iacG4hF18c"" checks",2026-09-27T01:29:44.112Z,179047258411200
"Turn: 2♦, 8♣, 9♦ [K♦]",2026-09-27T01:29:41.674Z,179047258167400
"""JJJ @ iacG4hF18c"" calls 5.00",2026-09-27T01:29:40.848Z,179047258084800
"""rowan @ GthBpPSqaK"" bets 5.00",2026-09-27T01:29:38.329Z,179047257832900
"""JJJ @ iacG4hF18c"" checks",2026-09-27T01:29:36.486Z,179047257648600
"Flop:  [2♦, 8♣, 9♦]",2026-09-27T01:29:32.691Z,179047257269100
"""JJJ @ iacG4hF18c"" calls 2.50",2026-09-27T01:29:31.874Z,179047257187400
"""rowan @ GthBpPSqaK"" raises to 2.50",2026-09-27T01:29:30.959Z,179047257095900
"""JJJ @ iacG4hF18c"" calls 0.50",2026-09-27T01:29:28.725Z,179047256872500
"""dih @ GO72Iwd2XL"" folds",2026-09-27T01:29:27.064Z,179047256706400
"""rowan @ GthBpPSqaK"" posts a big blind of 0.50",2026-09-27T01:29:24.657Z,179047256465706
"""JJJ @ iacG4hF18c"" posts a small blind of 0.25",2026-09-27T01:29:24.657Z,179047256465705
"Player stacks: #1 ""rowan @ GthBpPSqaK"" (52.09) | #2 ""dih @ GO72Iwd2XL"" (410.46) | #10 ""JJJ @ iacG4hF18c"" (229.34)",2026-09-27T01:29:24.657Z,179047256465701
"-- starting hand #430 (id: ljojkopoeje5)  No Limit Texas Hold'em (dealer: ""dih @ GO72Iwd2XL"") --",2026-09-27T01:29:24.657Z,179047256465700
"""JJJ @ iacG4hF18c"" shows a 5♠, 8♠.",2026-09-27T01:29:21.378Z,179047256137800
"""rowan @ GthBpPSqaK"" shows a 9♠, 7♦.",2026-09-27T01:29:18.691Z,179047255869100
"-- ending hand #429 --",2026-09-27T01:29:17.599Z,179047255759902
"""dih @ GO72Iwd2XL"" collected 18.00 from pot with Pair, 7's (combination: 6♣, 9♥, A♠, 7♣, 7♥)",2026-09-27T01:29:17.599Z,179047255759901
"""dih @ GO72Iwd2XL"" shows a 7♣, 9♥.",2026-09-27T01:29:17.599Z,179047255759900
"""JJJ @ iacG4hF18c"" checks",2026-09-27T01:29:16.733Z,179047255673300
"""dih @ GO72Iwd2XL"" checks",2026-09-27T01:29:15.837Z,179047255583700
"River: 7♥, 6♣, 2♥, A♠ [5♣]",2026-09-27T01:29:11.879Z,179047255187900
"""rowan @ GthBpPSqaK"" folds",2026-09-27T01:29:11.051Z,179047255105100
"""JJJ @ iacG4hF18c"" calls 6.00",2026-09-27T01:29:09.820Z,179047254982000
"""dih @ GO72Iwd2XL"" bets 6.00",2026-09-27T01:29:04.929Z,179047254492900
"Turn: 7♥, 6♣, 2♥ [A♠]",2026-09-27T01:29:02.497Z,179047254249700
"""rowan @ GthBpPSqaK"" calls 1.50",2026-09-27T01:29:01.655Z,179047254165500
"""JJJ @ iacG4hF18c"" calls 1.50",2026-09-27T01:29:00.707Z,179047254070700
"""dih @ GO72Iwd2XL"" bets 1.50",2026-09-27T01:28:59.473Z,179047253947300
"Flop:  [7♥, 6♣, 2♥]",2026-09-27T01:28:55.959Z,179047253595900
"""JJJ @ iacG4hF18c"" checks",2026-09-27T01:28:55.136Z,179047253513600
"""dih @ GO72Iwd2XL"" calls 0.50",2026-09-27T01:28:53.927Z,179047253392700
"""rowan @ GthBpPSqaK"" calls 0.50",2026-09-27T01:28:52.072Z,179047253207200
"""JJJ @ iacG4hF18c"" posts a big blind of 0.50",2026-09-27T01:28:50.559Z,179047253055907
"""dih @ GO72Iwd2XL"" posts a small blind of 0.25",2026-09-27T01:28:50.559Z,179047253055906
"Player stacks: #1 ""rowan @ GthBpPSqaK"" (54.09) | #2 ""dih @ GO72Iwd2XL"" (400.46) | #10 ""JJJ @ iacG4hF18c"" (237.34)",2026-09-27T01:28:50.559Z,179047253055902
"-- starting hand #429 (id: ubxgvdpj5uaq)  No Limit Texas Hold'em (dealer: ""rowan @ GthBpPSqaK"") --",2026-09-27T01:28:50.559Z,179047253055901
"The admin updated the player ""rowan @ GthBpPSqaK"" stack from 34.09 to 54.09.",2026-09-27T01:28:50.559Z,179047253055900
"-- ending hand #428 --",2026-09-27T01:28:44.542Z,179047252454204
"""JJJ @ iacG4hF18c"" collected 7.12 from pot with Two Pair, 7's & 3's (combination: A♥, 3♦, 3♣, 7♣, 7♥)",2026-09-27T01:28:44.542Z,179047252454203
"""dih @ GO72Iwd2XL"" collected 7.13 from pot with Two Pair, 7's & 3's (combination: A♣, 3♦, 3♣, 7♣, 7♥)",2026-09-27T01:28:44.542Z,179047252454202
"""JJJ @ iacG4hF18c"" shows a A♥, Q♣.",2026-09-27T01:28:44.542Z,179047252454201
"""dih @ GO72Iwd2XL"" shows a K♦, A♣.",2026-09-27T01:28:44.542Z,179047252454200
"""JJJ @ iacG4hF18c"" checks",2026-09-27T01:28:43.569Z,179047252356900
"""dih @ GO72Iwd2XL"" checks",2026-09-27T01:28:42.605Z,179047252260500
"River: 3♦, 2♥, 7♣, 7♥ [3♣]",2026-09-27T01:28:41.340Z,179047252134000
"""JJJ @ iacG4hF18c"" checks",2026-09-27T01:28:40.438Z,179047252043800
"""dih @ GO72Iwd2XL"" checks",2026-09-27T01:28:39.442Z,179047251944200
"Turn: 3♦, 2♥, 7♣ [7♥]",2026-09-27T01:28:35.540Z,179047251554000
"""JJJ @ iacG4hF18c"" checks",2026-09-27T01:28:34.737Z,179047251473700
"WARNING: the admin queued the stack change for the player ""rowan @ GthBpPSqaK"" adding 20.00 chips in the next hand.",2026-09-27T01:28:32.983Z,179047251298300
"""dih @ GO72Iwd2XL"" checks",2026-09-27T01:28:30.700Z,179047251070000
"Flop:  [3♦, 2♥, 7♣]",2026-09-27T01:28:25.129Z,179047250512900
"""JJJ @ iacG4hF18c"" calls 7.00",2026-09-27T01:28:24.296Z,179047250429600
"""dih @ GO72Iwd2XL"" raises to 7.00",2026-09-27T01:28:19.388Z,179047249938800
"""rowan @ GthBpPSqaK"" folds",2026-09-27T01:28:14.114Z,179047249411400
"""JJJ @ iacG4hF18c"" raises to 2.25",2026-09-27T01:28:13.198Z,179047249319800
"""dih @ GO72Iwd2XL"" posts a big blind of 0.50",2026-09-27T01:28:04.263Z,179047248426306
"""rowan @ GthBpPSqaK"" posts a small blind of 0.25",2026-09-27T01:28:04.263Z,179047248426305
"Player stacks: #1 ""rowan @ GthBpPSqaK"" (34.34) | #2 ""dih @ GO72Iwd2XL"" (400.33) | #10 ""JJJ @ iacG4hF18c"" (237.22)",2026-09-27T01:28:04.263Z,179047248426301
"-- starting hand #428 (id: 6fxwjgpyqjyk)  No Limit Texas Hold'em (dealer: ""JJJ @ iacG4hF18c"") --",2026-09-27T01:28:04.263Z,179047248426300
"""dih @ GO72Iwd2XL"" shows a 9♣.",2026-09-27T01:28:01.347Z,179047248134700
"""rowan @ GthBpPSqaK"" shows a 4♥, 2♠.",2026-09-27T01:27:57.265Z,179047247726500
"-- ending hand #427 --",2026-09-27T01:27:56.841Z,179047247684102
"""rowan @ GthBpPSqaK"" collected 4.25 from pot",2026-09-27T01:27:56.841Z,179047247684101
"Uncalled bet of 4.25 returned to ""rowan @ GthBpPSqaK""",2026-09-27T01:27:56.841Z,179047247684100
"""dih @ GO72Iwd2XL"" folds",2026-09-27T01:27:56.028Z,179047247602800
"""rowan @ GthBpPSqaK"" bets 4.25",2026-09-27T01:27:54.362Z,179047247436200
"Flop:  [3♦, 4♣, Q♣]",2026-09-27T01:27:51.022Z,179047247102200
"""rowan @ GthBpPSqaK"" calls 2.00",2026-09-27T01:27:50.213Z,179047247021300
"""JJJ @ iacG4hF18c"" folds",2026-09-27T01:27:49.339Z,179047246933900
"""dih @ GO72Iwd2XL"" raises to 2.00",2026-09-27T01:27:41.804Z,179047246180400
"""rowan @ GthBpPSqaK"" posts a big blind of 0.50",2026-09-27T01:27:38.759Z,179047245875906
"""JJJ @ iacG4hF18c"" posts a small blind of 0.25",2026-09-27T01:27:38.759Z,179047245875905
"Player stacks: #1 ""rowan @ GthBpPSqaK"" (32.09) | #2 ""dih @ GO72Iwd2XL"" (402.33) | #10 ""JJJ @ iacG4hF18c"" (237.47)",2026-09-27T01:27:38.759Z,179047245875901
"-- starting hand #427 (id: a5ydb5vv6n1g)  No Limit Texas Hold'em (dealer: ""dih @ GO72Iwd2XL"") --",2026-09-27T01:27:38.759Z,179047245875900
"-- ending hand #426 --",2026-09-27T01:27:32.754Z,179047245275402
"""dih @ GO72Iwd2XL"" collected 13.50 from pot",2026-09-27T01:27:32.754Z,179047245275401
"Uncalled bet of 13.50 returned to ""dih @ GO72Iwd2XL""",2026-09-27T01:27:32.754Z,179047245275400
"""rowan @ GthBpPSqaK"" folds",2026-09-27T01:27:31.883Z,179047245188300
"""dih @ GO72Iwd2XL"" bets 13.50",2026-09-27T01:27:30.120Z,179047245012000
"Flop:  [4♣, 7♥, A♣]",2026-09-27T01:27:26.546Z,179047244654600
"""rowan @ GthBpPSqaK"" calls 6.50",2026-09-27T01:27:25.603Z,179047244560300
"""JJJ @ iacG4hF18c"" folds",2026-09-27T01:27:24.636Z,179047244463600
"""dih @ GO72Iwd2XL"" raises to 6.50",2026-09-27T01:27:20.854Z,179047244085400
"""rowan @ GthBpPSqaK"" raises to 2.00",2026-09-27T01:27:15.967Z,179047243596700
"""JJJ @ iacG4hF18c"" posts a big blind of 0.50",2026-09-27T01:27:14.136Z,179047243413606
"""dih @ GO72Iwd2XL"" posts a small blind of 0.25",2026-09-27T01:27:14.136Z,179047243413605
"Player stacks: #1 ""rowan @ GthBpPSqaK"" (38.59) | #2 ""dih @ GO72Iwd2XL"" (395.33) | #10 ""JJJ @ iacG4hF18c"" (237.97)",2026-09-27T01:27:14.136Z,179047243413601
"-- starting hand #426 (id: z0nm5abcisza)  No Limit Texas Hold'em (dealer: ""rowan @ GthBpPSqaK"") --",2026-09-27T01:27:14.136Z,179047243413600
"-- ending hand #425 --",2026-09-27T01:27:08.137Z,179047242813702
"""dih @ GO72Iwd2XL"" collected 0.50 from pot",2026-09-27T01:27:08.137Z,179047242813701
"Uncalled bet of 0.25 returned to ""dih @ GO72Iwd2XL""",2026-09-27T01:27:08.137Z,179047242813700
"""rowan @ GthBpPSqaK"" folds",2026-09-27T01:27:07.228Z,179047242722800
"""JJJ @ iacG4hF18c"" folds",2026-09-27T01:27:06.358Z,179047242635800
"""dih @ GO72Iwd2XL"" posts a big blind of 0.50",2026-09-27T01:26:55.856Z,179047241585606
"""rowan @ GthBpPSqaK"" posts a small blind of 0.25",2026-09-27T01:26:55.856Z,179047241585605
"Player stacks: #1 ""rowan @ GthBpPSqaK"" (38.84) | #2 ""dih @ GO72Iwd2XL"" (395.08) | #10 ""JJJ @ iacG4hF18c"" (237.97)",2026-09-27T01:26:55.856Z,179047241585601
"-- starting hand #425 (id: pkl29trgorkq)  No Limit Texas Hold'em (dealer: ""JJJ @ iacG4hF18c"") --",2026-09-27T01:26:55.856Z,179047241585600
"-- ending hand #424 --",2026-09-27T01:26:49.855Z,179047240985502
"""dih @ GO72Iwd2XL"" collected 5.50 from pot",2026-09-27T01:26:49.855Z,179047240985501
"Uncalled bet of 5.50 returned to ""dih @ GO72Iwd2XL""",2026-09-27T01:26:49.855Z,179047240985500
"""JJJ @ iacG4hF18c"" folds",2026-09-27T01:26:49.042Z,179047240904200
"""dih @ GO72Iwd2XL"" bets 5.50",2026-09-27T01:26:46.967Z,179047240696700
"""JJJ @ iacG4hF18c"" checks",2026-09-27T01:26:44.662Z,179047240466200
"Flop:  [A♦, K♦, 6♣]",2026-09-27T01:26:42.245Z,179047240224500
"""rowan @ GthBpPSqaK"" folds",2026-09-27T01:26:41.292Z,179047240129200
"""JJJ @ iacG4hF18c"" calls 2.50",2026-09-27T01:26:40.284Z,179047240028400
"""dih @ GO72Iwd2XL"" raises to 2.50",2026-09-27T01:26:37.834Z,179047239783400
"""rowan @ GthBpPSqaK"" posts a big blind of 0.50",2026-09-27T01:26:34.841Z,179047239484106
"""JJJ @ iacG4hF18c"" posts a small blind of 0.25",2026-09-27T01:26:34.841Z,179047239484105
"Player stacks: #1 ""rowan @ GthBpPSqaK"" (39.34) | #2 ""dih @ GO72Iwd2XL"" (392.08) | #10 ""JJJ @ iacG4hF18c"" (240.47)",2026-09-27T01:26:34.841Z,179047239484101
"-- starting hand #424 (id: auvn88xrfhlc)  No Limit Texas Hold'em (dealer: ""dih @ GO72Iwd2XL"") --",2026-09-27T01:26:34.841Z,179047239484100
"""rowan @ GthBpPSqaK"" shows a 4♦, 4♠.",2026-09-27T01:26:29.917Z,179047238991700
"-- ending hand #423 --",2026-09-27T01:26:28.197Z,179047238819702
"""dih @ GO72Iwd2XL"" collected 6.00 from pot",2026-09-27T01:26:28.197Z,179047238819701
"Uncalled bet of 6.00 returned to ""dih @ GO72Iwd2XL""",2026-09-27T01:26:28.197Z,179047238819700
"""rowan @ GthBpPSqaK"" folds",2026-09-27T01:26:27.321Z,179047238732100
"""JJJ @ iacG4hF18c"" folds",2026-09-27T01:26:26.413Z,179047238641300
"""dih @ GO72Iwd2XL"" bets 6.00",2026-09-27T01:26:25.161Z,179047238516100
"Turn: 9♥, 3♠, J♥ [8♠]",2026-09-27T01:26:22.394Z,179047238239400
"""rowan @ GthBpPSqaK"" checks",2026-09-27T01:26:21.495Z,179047238149500
"""JJJ @ iacG4hF18c"" checks",2026-09-27T01:26:20.150Z,179047238015000
"""dih @ GO72Iwd2XL"" checks",2026-09-27T01:26:18.495Z,179047237849500
"Flop:  [9♥, 3♠, J♥]",2026-09-27T01:26:16.795Z,179047237679500
"""JJJ @ iacG4hF18c"" calls 2.00",2026-09-27T01:26:15.971Z,179047237597100
"""dih @ GO72Iwd2XL"" calls 2.00",2026-09-27T01:26:14.146Z,179047237414600
"""rowan @ GthBpPSqaK"" raises to 2.00",2026-09-27T01:26:12.669Z,179047237266900
"""JJJ @ iacG4hF18c"" posts a big blind of 0.50",2026-09-27T01:26:10.621Z,179047237062106
"""dih @ GO72Iwd2XL"" posts a small blind of 0.25",2026-09-27T01:26:10.621Z,179047237062105
"Player stacks: #1 ""rowan @ GthBpPSqaK"" (41.34) | #2 ""dih @ GO72Iwd2XL"" (388.08) | #10 ""JJJ @ iacG4hF18c"" (242.47)",2026-09-27T01:26:10.621Z,179047237062101
"-- starting hand #423 (id: 4rqggtol257z)  No Limit Texas Hold'em (dealer: ""rowan @ GthBpPSqaK"") --",2026-09-27T01:26:10.621Z,179047237062100
"-- ending hand #422 --",2026-09-27T01:26:04.582Z,179047236458203
"""dih @ GO72Iwd2XL"" collected 3.00 from pot with Two Pair, J's & 6's (combination: Q♥, 6♦, 6♠, J♣, J♦)",2026-09-27T01:26:04.582Z,179047236458202
"""dih @ GO72Iwd2XL"" shows a 8♥, 6♦.",2026-09-27T01:26:04.582Z,179047236458201
"""rowan @ GthBpPSqaK"" shows a 9♠, 7♥.",2026-09-27T01:26:04.582Z,179047236458200
"""dih @ GO72Iwd2XL"" checks",2026-09-27T01:26:03.687Z,179047236368700
"""rowan @ GthBpPSqaK"" checks",2026-09-27T01:26:02.732Z,179047236273200
"River: 6♠, J♣, Q♥, J♦ [2♣]",2026-09-27T01:26:01.959Z,179047236195900
"""dih @ GO72Iwd2XL"" checks",2026-09-27T01:26:01.074Z,179047236107400
"""rowan @ GthBpPSqaK"" checks",2026-09-27T01:25:59.429Z,179047235942900
"Turn: 6♠, J♣, Q♥ [J♦]",2026-09-27T01:25:58.274Z,179047235827400
"""dih @ GO72Iwd2XL"" checks",2026-09-27T01:25:57.445Z,179047235744500
"""rowan @ GthBpPSqaK"" checks",2026-09-27T01:25:56.298Z,179047235629800
"Flop:  [6♠, J♣, Q♥]",2026-09-27T01:25:54.974Z,179047235497400
"""dih @ GO72Iwd2XL"" calls 1.50",2026-09-27T01:25:54.073Z,179047235407300
"""rowan @ GthBpPSqaK"" raises to 1.50",2026-09-27T01:25:51.910Z,179047235191000
"""JJJ @ iacG4hF18c"" folds",2026-09-27T01:25:48.980Z,179047234898000
"""dih @ GO72Iwd2XL"" posts a big blind of 0.50",2026-09-27T01:25:42.859Z,179047234285906
"""rowan @ GthBpPSqaK"" posts a small blind of 0.25",2026-09-27T01:25:42.859Z,179047234285905
"Player stacks: #1 ""rowan @ GthBpPSqaK"" (42.84) | #2 ""dih @ GO72Iwd2XL"" (386.58) | #10 ""JJJ @ iacG4hF18c"" (242.47)",2026-09-27T01:25:42.859Z,179047234285901
"-- starting hand #422 (id: ikbvo8akling)  No Limit Texas Hold'em (dealer: ""JJJ @ iacG4hF18c"") --",2026-09-27T01:25:42.859Z,179047234285900
"-- ending hand #421 --",2026-09-27T01:25:36.852Z,179047233685203
"""JJJ @ iacG4hF18c"" collected 58.00 from pot with Two Pair, 9's & 5's (combination: K♥, 5♠, 5♥, 9♥, 9♦)",2026-09-27T01:25:36.852Z,179047233685202
"""JJJ @ iacG4hF18c"" shows a 9♥, K♥.",2026-09-27T01:25:36.852Z,179047233685201
"""rowan @ GthBpPSqaK"" shows a 8♦, 6♦.",2026-09-27T01:25:36.852Z,179047233685200
"""JJJ @ iacG4hF18c"" calls 21.50",2026-09-27T01:25:36.047Z,179047233604700
"""rowan @ GthBpPSqaK"" raises to 21.50",2026-09-27T01:25:31.608Z,179047233160800
"""JJJ @ iacG4hF18c"" bets 7.00",2026-09-27T01:25:22.176Z,179047232217600
"River: J♠, 9♦, 5♠, 5♥ [6♣]",2026-09-27T01:25:18.137Z,179047231813700
"""rowan @ GthBpPSqaK"" calls 3.75",2026-09-27T01:25:17.269Z,179047231726900
"""JJJ @ iacG4hF18c"" bets 3.75",2026-09-27T01:25:15.983Z,179047231598300
"Turn: J♠, 9♦, 5♠ [5♥]",2026-09-27T01:25:11.334Z,179047231133400
"""rowan @ GthBpPSqaK"" calls 2.25",2026-09-27T01:25:10.429Z,179047231042900
"""JJJ @ iacG4hF18c"" bets 2.25",2026-09-27T01:25:09.574Z,179047230957400
"Flop:  [J♠, 9♦, 5♠]",2026-09-27T01:25:05.784Z,179047230578400
"""rowan @ GthBpPSqaK"" calls 1.50",2026-09-27T01:25:04.976Z,179047230497600
"""JJJ @ iacG4hF18c"" raises to 1.50",2026-09-27T01:25:04.006Z,179047230400600
"""dih @ GO72Iwd2XL"" folds",2026-09-27T01:25:00.760Z,179047230076000
"""rowan @ GthBpPSqaK"" posts a big blind of 0.50",2026-09-27T01:24:59.230Z,179047229923006
"""JJJ @ iacG4hF18c"" posts a small blind of 0.25",2026-09-27T01:24:59.230Z,179047229923005
"Player stacks: #1 ""rowan @ GthBpPSqaK"" (71.84) | #2 ""dih @ GO72Iwd2XL"" (386.58) | #10 ""JJJ @ iacG4hF18c"" (213.47)",2026-09-27T01:24:59.230Z,179047229923001
"-- starting hand #421 (id: nji1fag4c2rl)  No Limit Texas Hold'em (dealer: ""dih @ GO72Iwd2XL"") --",2026-09-27T01:24:59.230Z,179047229923000
"-- ending hand #420 --",2026-09-27T01:24:53.284Z,179047229328402
"""rowan @ GthBpPSqaK"" collected 5.50 from pot",2026-09-27T01:24:53.284Z,179047229328401
"Uncalled bet of 2.00 returned to ""rowan @ GthBpPSqaK""",2026-09-27T01:24:53.284Z,179047229328400
"""dih @ GO72Iwd2XL"" folds",2026-09-27T01:24:52.462Z,179047229246200
"""rowan @ GthBpPSqaK"" bets 2.00",2026-09-27T01:24:51.379Z,179047229137900
"""dih @ GO72Iwd2XL"" checks",2026-09-27T01:24:49.034Z,179047228903400
"Flop:  [4♠, 4♣, 5♦]",2026-09-27T01:24:47.298Z,179047228729800
"""JJJ @ iacG4hF18c"" folds",2026-09-27T01:24:46.478Z,179047228647800
"""dih @ GO72Iwd2XL"" calls 2.50",2026-09-27T01:24:45.482Z,179047228548200
"""rowan @ GthBpPSqaK"" raises to 2.50",2026-09-27T01:24:44.210Z,179047228421000
"""JJJ @ iacG4hF18c"" posts a big blind of 0.50",2026-09-27T01:24:40.867Z,179047228086706
"""dih @ GO72Iwd2XL"" posts a small blind of 0.25",2026-09-27T01:24:40.867Z,179047228086705
"Player stacks: #1 ""rowan @ GthBpPSqaK"" (68.84) | #2 ""dih @ GO72Iwd2XL"" (389.08) | #10 ""JJJ @ iacG4hF18c"" (213.97)",2026-09-27T01:24:40.867Z,179047228086701
"-- starting hand #420 (id: 9npmknows90c)  No Limit Texas Hold'em (dealer: ""rowan @ GthBpPSqaK"") --",2026-09-27T01:24:40.867Z,179047228086700
"""JJJ @ iacG4hF18c"" shows a A♦, 10♣.",2026-09-27T01:24:34.830Z,179047227483000
"-- ending hand #419 --",2026-09-27T01:24:34.264Z,179047227426402
"""JJJ @ iacG4hF18c"" collected 3.75 from pot",2026-09-27T01:24:34.264Z,179047227426401
"Uncalled bet of 2.81 returned to ""JJJ @ iacG4hF18c""",2026-09-27T01:24:34.264Z,179047227426400
"""dih @ GO72Iwd2XL"" folds",2026-09-27T01:24:33.418Z,179047227341800
"""JJJ @ iacG4hF18c"" bets 2.81",2026-09-27T01:24:32.364Z,179047227236400
"""dih @ GO72Iwd2XL"" checks",2026-09-27T01:24:29.825Z,179047226982500
"Flop:  [A♠, 5♠, J♥]",2026-09-27T01:24:28.037Z,179047226803700
"""dih @ GO72Iwd2XL"" calls 1.75",2026-09-27T01:24:27.206Z,179047226720600
"""rowan @ GthBpPSqaK"" folds",2026-09-27T01:24:24.919Z,179047226491900
"""JJJ @ iacG4hF18c"" raises to 1.75",2026-09-27T01:24:24.059Z,179047226405900
"""dih @ GO72Iwd2XL"" posts a big blind of 0.50",2026-09-27T01:24:20.397Z,179047226039706
"""rowan @ GthBpPSqaK"" posts a small blind of 0.25",2026-09-27T01:24:20.397Z,179047226039705
"Player stacks: #1 ""rowan @ GthBpPSqaK"" (69.09) | #2 ""dih @ GO72Iwd2XL"" (390.83) | #10 ""JJJ @ iacG4hF18c"" (211.97)",2026-09-27T01:24:20.397Z,179047226039701
"-- starting hand #419 (id: f5v19yyljvrd)  No Limit Texas Hold'em (dealer: ""JJJ @ iacG4hF18c"") --",2026-09-27T01:24:20.397Z,179047226039700
"""rowan @ GthBpPSqaK"" shows a 10♣, K♠.",2026-09-27T01:24:15.318Z,179047225531800
"-- ending hand #418 --",2026-09-27T01:24:13.797Z,179047225379702
"""JJJ @ iacG4hF18c"" collected 37.48 from pot with Pair, J's (combination: 9♦, Q♠, A♣, J♥, J♣)",2026-09-27T01:24:13.797Z,179047225379701
"""JJJ @ iacG4hF18c"" shows a J♥, A♣.",2026-09-27T01:24:13.797Z,179047225379700
"""dih @ GO72Iwd2XL"" checks",2026-09-27T01:24:12.907Z,179047225290700
"""JJJ @ iacG4hF18c"" checks",2026-09-27T01:24:10.774Z,179047225077400
"River: J♣, 6♠, 9♦, 3♦ [Q♠]",2026-09-27T01:24:09.075Z,179047224907500
"""dih @ GO72Iwd2XL"" calls 9.37",2026-09-27T01:24:08.223Z,179047224822300
"""JJJ @ iacG4hF18c"" bets 9.37",2026-09-27T01:24:06.414Z,179047224641400
"Turn: J♣, 6♠, 9♦ [3♦]",2026-09-27T01:24:02.036Z,179047224203600
"""dih @ GO72Iwd2XL"" calls 5.62",2026-09-27T01:24:01.129Z,179047224112900
"""rowan @ GthBpPSqaK"" folds",2026-09-27T01:23:59.758Z,179047223975800
"""JJJ @ iacG4hF18c"" bets 5.62",2026-09-27T01:23:58.056Z,179047223805600
"Flop:  [J♣, 6♠, 9♦]",2026-09-27T01:23:55.605Z,179047223560500
"""rowan @ GthBpPSqaK"" calls 2.50",2026-09-27T01:23:54.734Z,179047223473400
"""JJJ @ iacG4hF18c"" calls 2.50",2026-09-27T01:23:53.708Z,179047223370800
"""dih @ GO72Iwd2XL"" raises to 2.50",2026-09-27T01:23:52.049Z,179047223204900
"""rowan @ GthBpPSqaK"" posts a big blind of 0.50",2026-09-27T01:23:48.895Z,179047222889506
"""JJJ @ iacG4hF18c"" posts a small blind of 0.25",2026-09-27T01:23:48.895Z,179047222889505
"Player stacks: #1 ""rowan @ GthBpPSqaK"" (71.59) | #2 ""dih @ GO72Iwd2XL"" (408.32) | #10 ""JJJ @ iacG4hF18c"" (191.98)",2026-09-27T01:23:48.895Z,179047222889501
"-- starting hand #418 (id: ydhfdxmzmsm9)  No Limit Texas Hold'em (dealer: ""dih @ GO72Iwd2XL"") --",2026-09-27T01:23:48.895Z,179047222889500
"-- ending hand #417 --",2026-09-27T01:23:42.987Z,179047222298702
"""JJJ @ iacG4hF18c"" collected 6.00 from pot",2026-09-27T01:23:42.987Z,179047222298701
"Uncalled bet of 3.00 returned to ""JJJ @ iacG4hF18c""",2026-09-27T01:23:42.987Z,179047222298700
"""dih @ GO72Iwd2XL"" folds",2026-09-27T01:23:42.169Z,179047222216900
"""rowan @ GthBpPSqaK"" folds",2026-09-27T01:23:39.463Z,179047221946300
"""JJJ @ iacG4hF18c"" bets 3.00",2026-09-27T01:23:37.628Z,179047221762800
"""dih @ GO72Iwd2XL"" checks",2026-09-27T01:23:34.801Z,179047221480100
"Flop:  [K♥, 2♥, 2♠]",2026-09-27T01:23:33.184Z,179047221318400
"""JJJ @ iacG4hF18c"" calls 2.00",2026-09-27T01:23:32.363Z,179047221236300
"""dih @ GO72Iwd2XL"" calls 2.00",2026-09-27T01:23:30.539Z,179047221053900
"""rowan @ GthBpPSqaK"" raises to 2.00",2026-09-27T01:23:28.039Z,179047220803900
"""JJJ @ iacG4hF18c"" posts a big blind of 0.50",2026-09-27T01:23:23.899Z,179047220389906
"""dih @ GO72Iwd2XL"" posts a small blind of 0.25",2026-09-27T01:23:23.899Z,179047220389905
"Player stacks: #1 ""rowan @ GthBpPSqaK"" (73.59) | #2 ""dih @ GO72Iwd2XL"" (410.32) | #10 ""JJJ @ iacG4hF18c"" (187.98)",2026-09-27T01:23:23.899Z,179047220389901
"-- starting hand #417 (id: 4ucj47uvnapa)  No Limit Texas Hold'em (dealer: ""rowan @ GthBpPSqaK"") --",2026-09-27T01:23:23.899Z,179047220389900
"""dih @ GO72Iwd2XL"" shows a 2♥, 4♣.",2026-09-27T01:23:21.287Z,179047220128700
"""rowan @ GthBpPSqaK"" shows a A♠.",2026-09-27T01:23:20.155Z,179047220015500
"-- ending hand #416 --",2026-09-27T01:23:19.575Z,179047219957502
"""dih @ GO72Iwd2XL"" collected 50.32 from pot",2026-09-27T01:23:19.575Z,179047219957501
"Uncalled bet of 360.00 returned to ""dih @ GO72Iwd2XL""",2026-09-27T01:23:19.575Z,179047219957500
"""rowan @ GthBpPSqaK"" folds",2026-09-27T01:23:18.756Z,179047219875600
"""dih @ GO72Iwd2XL"" bets 360.00 and go all in",2026-09-27T01:22:43.777Z,179047216377700
"""rowan @ GthBpPSqaK"" checks",2026-09-27T01:22:38.364Z,179047215836400
"River: A♥, J♣, 8♠, 5♣ [3♠]",2026-09-27T01:22:37.869Z,179047215786900
"""rowan @ GthBpPSqaK"" calls 13.41",2026-09-27T01:22:36.992Z,179047215699200
"""dih @ GO72Iwd2XL"" bets 13.41",2026-09-27T01:22:35.934Z,179047215593400
"""rowan @ GthBpPSqaK"" checks",2026-09-27T01:22:30.697Z,179047215069700
"Turn: A♥, J♣, 8♠ [5♣]",2026-09-27T01:22:30.097Z,179047215009700
"""rowan @ GthBpPSqaK"" calls 8.00",2026-09-27T01:22:29.282Z,179047214928200
"""JJJ @ iacG4hF18c"" folds",2026-09-27T01:22:28.171Z,179047214817100
"""dih @ GO72Iwd2XL"" raises to 8.00",2026-09-27T01:22:23.368Z,179047214336800
"""rowan @ GthBpPSqaK"" bets 3.00",2026-09-27T01:22:16.476Z,179047213647600
"Flop:  [A♥, J♣, 8♠]",2026-09-27T01:22:12.949Z,179047213294900
"""JJJ @ iacG4hF18c"" calls 2.50",2026-09-27T01:22:12.114Z,179047213211400
"""dih @ GO72Iwd2XL"" calls 2.50",2026-09-27T01:22:06.371Z,179047212637100
"""rowan @ GthBpPSqaK"" raises to 2.50",2026-09-27T01:22:05.119Z,179047212511900
"""JJJ @ iacG4hF18c"" calls 0.50",2026-09-27T01:22:02.854Z,179047212285400
"""dih @ GO72Iwd2XL"" posts a big blind of 0.50",2026-09-27T01:22:01.424Z,179047212142406
"""rowan @ GthBpPSqaK"" posts a small blind of 0.25",2026-09-27T01:22:01.424Z,179047212142405
"Player stacks: #1 ""rowan @ GthBpPSqaK"" (97.50) | #2 ""dih @ GO72Iwd2XL"" (383.91) | #10 ""JJJ @ iacG4hF18c"" (190.48)",2026-09-27T01:22:01.424Z,179047212142401
"-- starting hand #416 (id: g3w2uh9vh8id)  No Limit Texas Hold'em (dealer: ""JJJ @ iacG4hF18c"") --",2026-09-27T01:22:01.424Z,179047212142400
"-- ending hand #415 --",2026-09-27T01:21:55.402Z,179047211540202
"""dih @ GO72Iwd2XL"" collected 1.25 from pot",2026-09-27T01:21:55.402Z,179047211540201
"Uncalled bet of 2.00 returned to ""dih @ GO72Iwd2XL""",2026-09-27T01:21:55.402Z,179047211540200
"""rowan @ GthBpPSqaK"" folds",2026-09-27T01:21:54.500Z,179047211450000
"""JJJ @ iacG4hF18c"" folds",2026-09-27T01:21:53.635Z,179047211363500
"""dih @ GO72Iwd2XL"" raises to 2.50",2026-09-27T01:21:52.666Z,179047211266600
"""rowan @ GthBpPSqaK"" posts a big blind of 0.50",2026-09-27T01:21:48.602Z,179047210860206
"""JJJ @ iacG4hF18c"" posts a small blind of 0.25",2026-09-27T01:21:48.602Z,179047210860205
"Player stacks: #1 ""rowan @ GthBpPSqaK"" (98.00) | #2 ""dih @ GO72Iwd2XL"" (383.16) | #10 ""JJJ @ iacG4hF18c"" (190.73)",2026-09-27T01:21:48.602Z,179047210860201
"-- starting hand #415 (id: aeizmmadt4jr)  No Limit Texas Hold'em (dealer: ""dih @ GO72Iwd2XL"") --",2026-09-27T01:21:48.602Z,179047210860200
"-- ending hand #414 --",2026-09-27T01:21:45.637Z,179047210563702
"""rowan @ GthBpPSqaK"" collected 31.83 from pot",2026-09-27T01:21:45.637Z,179047210563701
"Uncalled bet of 15.91 returned to ""rowan @ GthBpPSqaK""",2026-09-27T01:21:45.637Z,179047210563700
"""JJJ @ iacG4hF18c"" folds",2026-09-27T01:21:44.820Z,179047210482000
"""rowan @ GthBpPSqaK"" bets 15.91",2026-09-27T01:21:43.815Z,179047210381500
"""JJJ @ iacG4hF18c"" checks",2026-09-27T01:21:41.250Z,179047210125000
"River: 5♥, J♦, 8♠, Q♣ [Q♠]",2026-09-27T01:21:36.585Z,179047209658500
"""rowan @ GthBpPSqaK"" calls 10.61",2026-09-27T01:21:35.706Z,179047209570600
"""JJJ @ iacG4hF18c"" bets 10.61",2026-09-27T01:21:34.534Z,179047209453400
"Turn: 5♥, J♦, 8♠ [Q♣]",2026-09-27T01:21:29.621Z,179047208962100
"""rowan @ GthBpPSqaK"" calls 3.18",2026-09-27T01:21:28.816Z,179047208881600
"""JJJ @ iacG4hF18c"" bets 3.18",2026-09-27T01:21:27.917Z,179047208791700
"Flop:  [5♥, J♦, 8♠]",2026-09-27T01:21:24.018Z,179047208401800
"""JJJ @ iacG4hF18c"" calls 2.00",2026-09-27T01:21:23.211Z,179047208321100
"""dih @ GO72Iwd2XL"" folds",2026-09-27T01:21:21.073Z,179047208107300
"""rowan @ GthBpPSqaK"" raises to 2.00",2026-09-27T01:21:18.666Z,179047207866600
"""JJJ @ iacG4hF18c"" posts a big blind of 0.50",2026-09-27T01:21:16.759Z,179047207675906
"""dih @ GO72Iwd2XL"" posts a small blind of 0.25",2026-09-27T01:21:16.759Z,179047207675905
"Player stacks: #1 ""rowan @ GthBpPSqaK"" (81.96) | #2 ""dih @ GO72Iwd2XL"" (383.41) | #10 ""JJJ @ iacG4hF18c"" (206.52)",2026-09-27T01:21:16.759Z,179047207675901
"-- starting hand #414 (id: rczpayi9i4ey)  No Limit Texas Hold'em (dealer: ""rowan @ GthBpPSqaK"") --",2026-09-27T01:21:16.759Z,179047207675900
"-- ending hand #413 --",2026-09-27T01:21:10.760Z,179047207076002
"""rowan @ GthBpPSqaK"" collected 1.00 from pot",2026-09-27T01:21:10.760Z,179047207076001
"Uncalled bet of 1.50 returned to ""rowan @ GthBpPSqaK""",2026-09-27T01:21:10.760Z,179047207076000
"""dih @ GO72Iwd2XL"" folds",2026-09-27T01:21:09.939Z,179047206993900
"""rowan @ GthBpPSqaK"" raises to 2.00",2026-09-27T01:21:08.326Z,179047206832600
"""JJJ @ iacG4hF18c"" folds",2026-09-27T01:21:06.037Z,179047206603700
"""dih @ GO72Iwd2XL"" posts a big blind of 0.50",2026-09-27T01:20:57.911Z,179047205791106
"""rowan @ GthBpPSqaK"" posts a small blind of 0.25",2026-09-27T01:20:57.911Z,179047205791105
"Player stacks: #1 ""rowan @ GthBpPSqaK"" (81.46) | #2 ""dih @ GO72Iwd2XL"" (383.91) | #10 ""JJJ @ iacG4hF18c"" (206.52)",2026-09-27T01:20:57.911Z,179047205791101
"-- starting hand #413 (id: 4j9mcs6kp7hs)  No Limit Texas Hold'em (dealer: ""JJJ @ iacG4hF18c"") --",2026-09-27T01:20:57.911Z,179047205791100
"-- ending hand #412 --",2026-09-27T01:20:51.931Z,179047205193102
"""rowan @ GthBpPSqaK"" collected 22.50 from pot",2026-09-27T01:20:51.931Z,179047205193101
"Uncalled bet of 11.25 returned to ""rowan @ GthBpPSqaK""",2026-09-27T01:20:51.931Z,179047205193100
"""dih @ GO72Iwd2XL"" folds",2026-09-27T01:20:51.123Z,179047205112300
"""rowan @ GthBpPSqaK"" bets 11.25",2026-09-27T01:20:48.644Z,179047204864400
"Turn: A♦, 7♦, 7♠ [A♠]",2026-09-27T01:20:44.977Z,179047204497700
"""rowan @ GthBpPSqaK"" calls 7.50",2026-09-27T01:20:44.131Z,179047204413100
"""JJJ @ iacG4hF18c"" folds",2026-09-27T01:20:43.289Z,179047204328900
"""dih @ GO72Iwd2XL"" bets 7.50",2026-09-27T01:20:41.217Z,179047204121700
"""rowan @ GthBpPSqaK"" checks",2026-09-27T01:20:38.018Z,179047203801800
"""JJJ @ iacG4hF18c"" checks",2026-09-27T01:20:37.150Z,179047203715000
"Flop:  [A♦, 7♦, 7♠]",2026-09-27T01:20:35.573Z,179047203557300
"""rowan @ GthBpPSqaK"" calls 2.50",2026-09-27T01:20:34.732Z,179047203473200
"""JJJ @ iacG4hF18c"" calls 2.50",2026-09-27T01:20:33.884Z,179047203388400
"""dih @ GO72Iwd2XL"" raises to 2.50",2026-09-27T01:20:30.204Z,179047203020400
"""rowan @ GthBpPSqaK"" posts a big blind of 0.50",2026-09-27T01:20:26.878Z,179047202687806
"""JJJ @ iacG4hF18c"" posts a small blind of 0.25",2026-09-27T01:20:26.878Z,179047202687805
"Player stacks: #1 ""rowan @ GthBpPSqaK"" (68.96) | #2 ""dih @ GO72Iwd2XL"" (393.91) | #10 ""JJJ @ iacG4hF18c"" (209.02)",2026-09-27T01:20:26.878Z,179047202687801
"-- starting hand #412 (id: trrezpww7wju)  No Limit Texas Hold'em (dealer: ""dih @ GO72Iwd2XL"") --",2026-09-27T01:20:26.878Z,179047202687800
"-- ending hand #411 --",2026-09-27T01:20:20.872Z,179047202087202
"""dih @ GO72Iwd2XL"" collected 1.00 from pot",2026-09-27T01:20:20.872Z,179047202087201
"Uncalled bet of 2.00 returned to ""dih @ GO72Iwd2XL""",2026-09-27T01:20:20.872Z,179047202087200
"""JJJ @ iacG4hF18c"" folds",2026-09-27T01:20:20.030Z,179047202003000
"""dih @ GO72Iwd2XL"" raises to 2.50",2026-09-27T01:20:16.989Z,179047201698900
"""rowan @ GthBpPSqaK"" folds",2026-09-27T01:20:14.739Z,179047201473900
"""JJJ @ iacG4hF18c"" posts a big blind of 0.50",2026-09-27T01:20:12.863Z,179047201286306
"""dih @ GO72Iwd2XL"" posts a small blind of 0.25",2026-09-27T01:20:12.863Z,179047201286305
"Player stacks: #1 ""rowan @ GthBpPSqaK"" (68.96) | #2 ""dih @ GO72Iwd2XL"" (393.41) | #10 ""JJJ @ iacG4hF18c"" (209.52)",2026-09-27T01:20:12.863Z,179047201286301
"-- starting hand #411 (id: ruq6epdfctx7)  No Limit Texas Hold'em (dealer: ""rowan @ GthBpPSqaK"") --",2026-09-27T01:20:12.863Z,179047201286300
"""dih @ GO72Iwd2XL"" shows a 3♠.",2026-09-27T01:20:08.959Z,179047200895900
"""dih @ GO72Iwd2XL"" shows a 5♥.",2026-09-27T01:20:07.990Z,179047200799000
"-- ending hand #410 --",2026-09-27T01:20:06.349Z,179047200634902
"""rowan @ GthBpPSqaK"" collected 12.00 from pot with Pair, 5's (combination: 8♥, K♦, A♥, 5♠, 5♣)",2026-09-27T01:20:06.349Z,179047200634901
"""rowan @ GthBpPSqaK"" shows a A♥, 5♠.",2026-09-27T01:20:06.349Z,179047200634900
"""dih @ GO72Iwd2XL"" checks",2026-09-27T01:20:05.506Z,179047200550600
"""rowan @ GthBpPSqaK"" checks",2026-09-27T01:20:03.987Z,179047200398700
"River: 4♣, 6♥, 5♣, 8♥ [K♦]",2026-09-27T01:20:03.064Z,179047200306400
"""dih @ GO72Iwd2XL"" checks",2026-09-27T01:20:02.213Z,179047200221300
"""rowan @ GthBpPSqaK"" checks",2026-09-27T01:20:00.499Z,179047200049900
"Turn: 4♣, 6♥, 5♣ [8♥]",2026-09-27T01:19:58.978Z,179047199897800
"""dih @ GO72Iwd2XL"" calls 4.00",2026-09-27T01:19:58.042Z,179047199804200
"""rowan @ GthBpPSqaK"" bets 4.00",2026-09-27T01:19:56.878Z,179047199687800
"Flop:  [4♣, 6♥, 5♣]",2026-09-27T01:19:54.398Z,179047199439800
"""dih @ GO72Iwd2XL"" calls 2.00",2026-09-27T01:19:53.589Z,179047199358900
"""rowan @ GthBpPSqaK"" raises to 2.00",2026-09-27T01:19:50.976Z,179047199097600
"""JJJ @ iacG4hF18c"" folds",2026-09-27T01:19:49.021Z,179047198902100
"""dih @ GO72Iwd2XL"" posts a big blind of 0.50",2026-09-27T01:19:47.354Z,179047198735406
"""rowan @ GthBpPSqaK"" posts a small blind of 0.25",2026-09-27T01:19:47.354Z,179047198735405
"Player stacks: #1 ""rowan @ GthBpPSqaK"" (62.96) | #2 ""dih @ GO72Iwd2XL"" (399.41) | #10 ""JJJ @ iacG4hF18c"" (209.52)",2026-09-27T01:19:47.354Z,179047198735401
"-- starting hand #410 (id: yn1jv4d1wteq)  No Limit Texas Hold'em (dealer: ""JJJ @ iacG4hF18c"") --",2026-09-27T01:19:47.354Z,179047198735400
"-- ending hand #409 --",2026-09-27T01:19:41.372Z,179047198137202
"""dih @ GO72Iwd2XL"" collected 5.50 from pot",2026-09-27T01:19:41.372Z,179047198137201
"Uncalled bet of 5.50 returned to ""dih @ GO72Iwd2XL""",2026-09-27T01:19:41.372Z,179047198137200
"""JJJ @ iacG4hF18c"" folds",2026-09-27T01:19:40.564Z,179047198056400
"""dih @ GO72Iwd2XL"" bets 5.50",2026-09-27T01:19:39.551Z,179047197955100
"""JJJ @ iacG4hF18c"" checks",2026-09-27T01:19:35.940Z,179047197594000
"Flop:  [9♠, 5♦, 4♦]",2026-09-27T01:19:34.587Z,179047197458700
"""rowan @ GthBpPSqaK"" folds",2026-09-27T01:19:33.783Z,179047197378300
"""JJJ @ iacG4hF18c"" calls 2.50",2026-09-27T01:19:32.895Z,179047197289500
"""dih @ GO72Iwd2XL"" raises to 2.50",2026-09-27T01:19:30.739Z,179047197073900
"""rowan @ GthBpPSqaK"" posts a big blind of 0.50",2026-09-27T01:19:26.905Z,179047196690506
"""JJJ @ iacG4hF18c"" posts a small blind of 0.25",2026-09-27T01:19:26.905Z,179047196690505
"Player stacks: #1 ""rowan @ GthBpPSqaK"" (63.46) | #2 ""dih @ GO72Iwd2XL"" (396.41) | #10 ""JJJ @ iacG4hF18c"" (212.02)",2026-09-27T01:19:26.905Z,179047196690501
"-- starting hand #409 (id: mlagwboqf07a)  No Limit Texas Hold'em (dealer: ""dih @ GO72Iwd2XL"") --",2026-09-27T01:19:26.905Z,179047196690500
"-- ending hand #408 --",2026-09-27T01:19:20.907Z,179047196090702
"""JJJ @ iacG4hF18c"" collected 6.00 from pot",2026-09-27T01:19:20.907Z,179047196090701
"Uncalled bet of 3.00 returned to ""JJJ @ iacG4hF18c""",2026-09-27T01:19:20.907Z,179047196090700
"""dih @ GO72Iwd2XL"" folds",2026-09-27T01:19:20.012Z,179047196001200
"""rowan @ GthBpPSqaK"" folds",2026-09-27T01:19:18.946Z,179047195894600
"""JJJ @ iacG4hF18c"" bets 3.00",2026-09-27T01:19:17.988Z,179047195798800
"""dih @ GO72Iwd2XL"" checks",2026-09-27T01:19:14.704Z,179047195470400
"Turn: 6♣, 8♠, 2♦ [6♥]",2026-09-27T01:19:12.892Z,179047195289200
"""rowan @ GthBpPSqaK"" checks",2026-09-27T01:19:11.980Z,179047195198000
"""JJJ @ iacG4hF18c"" checks",2026-09-27T01:19:11.056Z,179047195105600
"""dih @ GO72Iwd2XL"" checks",2026-09-27T01:19:07.680Z,179047194768000
"Flop:  [6♣, 8♠, 2♦]",2026-09-27T01:19:05.089Z,179047194508900
"""JJJ @ iacG4hF18c"" calls 2.00",2026-09-27T01:19:04.220Z,179047194422000
"""dih @ GO72Iwd2XL"" calls 2.00",2026-09-27T01:19:01.278Z,179047194127800
"""rowan @ GthBpPSqaK"" raises to 2.00",2026-09-27T01:18:58.415Z,179047193841500
"""JJJ @ iacG4hF18c"" posts a big blind of 0.50",2026-09-27T01:18:56.602Z,179047193660206
"""dih @ GO72Iwd2XL"" posts a small blind of 0.25",2026-09-27T01:18:56.602Z,179047193660205
"Player stacks: #1 ""rowan @ GthBpPSqaK"" (65.46) | #2 ""dih @ GO72Iwd2XL"" (398.41) | #10 ""JJJ @ iacG4hF18c"" (208.02)",2026-09-27T01:18:56.602Z,179047193660201
"-- starting hand #408 (id: f7fksi3rzakz)  No Limit Texas Hold'em (dealer: ""rowan @ GthBpPSqaK"") --",2026-09-27T01:18:56.602Z,179047193660200
"-- ending hand #407 --",2026-09-27T01:18:50.596Z,179047193059602
"""rowan @ GthBpPSqaK"" collected 1.00 from pot",2026-09-27T01:18:50.596Z,179047193059601
"Uncalled bet of 2.00 returned to ""rowan @ GthBpPSqaK""",2026-09-27T01:18:50.596Z,179047193059600
"""dih @ GO72Iwd2XL"" folds",2026-09-27T01:18:49.777Z,179047192977700
"""rowan @ GthBpPSqaK"" raises to 2.50",2026-09-27T01:18:47.722Z,179047192772200
"""JJJ @ iacG4hF18c"" folds",2026-09-27T01:18:45.129Z,179047192512900
"""dih @ GO72Iwd2XL"" posts a big blind of 0.50",2026-09-27T01:18:43.389Z,179047192338906
"""rowan @ GthBpPSqaK"" posts a small blind of 0.25",2026-09-27T01:18:43.389Z,179047192338905
"Player stacks: #1 ""rowan @ GthBpPSqaK"" (64.96) | #2 ""dih @ GO72Iwd2XL"" (398.91) | #10 ""JJJ @ iacG4hF18c"" (208.02)",2026-09-27T01:18:43.389Z,179047192338901
"-- starting hand #407 (id: unyvd1njghdj)  No Limit Texas Hold'em (dealer: ""JJJ @ iacG4hF18c"") --",2026-09-27T01:18:43.389Z,179047192338900
"""rowan @ GthBpPSqaK"" shows a 7♠, 10♦.",2026-09-27T01:18:38.680Z,179047191868000
"""dih @ GO72Iwd2XL"" shows a 8♦, K♠.",2026-09-27T01:18:37.874Z,179047191787400
"-- ending hand #406 --",2026-09-27T01:18:36.065Z,179047191606502
"""dih @ GO72Iwd2XL"" collected 1.25 from pot",2026-09-27T01:18:36.065Z,179047191606501
"Uncalled bet of 2.00 returned to ""dih @ GO72Iwd2XL""",2026-09-27T01:18:36.065Z,179047191606500
"""rowan @ GthBpPSqaK"" folds",2026-09-27T01:18:35.238Z,179047191523800
"""JJJ @ iacG4hF18c"" folds",2026-09-27T01:18:34.346Z,179047191434600
"""dih @ GO72Iwd2XL"" raises to 2.50",2026-09-27T01:18:33.223Z,179047191322300
"""rowan @ GthBpPSqaK"" posts a big blind of 0.50",2026-09-27T01:18:29.775Z,179047190977506
"""JJJ @ iacG4hF18c"" posts a small blind of 0.25",2026-09-27T01:18:29.775Z,179047190977505
"Player stacks: #1 ""rowan @ GthBpPSqaK"" (65.46) | #2 ""dih @ GO72Iwd2XL"" (398.16) | #10 ""JJJ @ iacG4hF18c"" (208.27)",2026-09-27T01:18:29.775Z,179047190977501
"-- starting hand #406 (id: 9ohsw1mtafww)  No Limit Texas Hold'em (dealer: ""dih @ GO72Iwd2XL"") --",2026-09-27T01:18:29.775Z,179047190977500
"""JJJ @ iacG4hF18c"" shows a 3♥.",2026-09-27T01:18:25.956Z,179047190595600
"-- ending hand #405 --",2026-09-27T01:18:23.169Z,179047190316902
"""rowan @ GthBpPSqaK"" collected 8.25 from pot",2026-09-27T01:18:23.169Z,179047190316901
"Uncalled bet of 4.12 returned to ""rowan @ GthBpPSqaK""",2026-09-27T01:18:23.169Z,179047190316900
"""JJJ @ iacG4hF18c"" folds",2026-09-27T01:18:22.332Z,179047190233200
"""rowan @ GthBpPSqaK"" bets 4.12",2026-09-27T01:18:20.022Z,179047190002200
"""JJJ @ iacG4hF18c"" checks",2026-09-27T01:18:16.097Z,179047189609700
"Turn: 3♠, 10♥, 4♦ [K♠]",2026-09-27T01:18:14.562Z,179047189456200
"""JJJ @ iacG4hF18c"" calls 2.00",2026-09-27T01:18:13.688Z,179047189368800
"""rowan @ GthBpPSqaK"" bets 2.00",2026-09-27T01:18:12.281Z,179047189228100
"""JJJ @ iacG4hF18c"" checks",2026-09-27T01:18:09.978Z,179047188997800
"Flop:  [3♠, 10♥, 4♦]",2026-09-27T01:18:08.555Z,179047188855500
"""JJJ @ iacG4hF18c"" calls 2.00",2026-09-27T01:18:07.651Z,179047188765100
"""dih @ GO72Iwd2XL"" folds",2026-09-27T01:18:06.494Z,179047188649400
"""rowan @ GthBpPSqaK"" raises to 2.00",2026-09-27T01:18:05.488Z,179047188548800
"""JJJ @ iacG4hF18c"" posts a big blind of 0.50",2026-09-27T01:18:03.745Z,179047188374506
"""dih @ GO72Iwd2XL"" posts a small blind of 0.25",2026-09-27T01:18:03.745Z,179047188374505
"Player stacks: #1 ""rowan @ GthBpPSqaK"" (61.21) | #2 ""dih @ GO72Iwd2XL"" (398.41) | #10 ""JJJ @ iacG4hF18c"" (212.27)",2026-09-27T01:18:03.745Z,179047188374501
"-- starting hand #405 (id: aya4cgh5nkpq)  No Limit Texas Hold'em (dealer: ""rowan @ GthBpPSqaK"") --",2026-09-27T01:18:03.745Z,179047188374500
"-- ending hand #404 --",2026-09-27T01:17:57.723Z,179047187772302
"""dih @ GO72Iwd2XL"" collected 15.00 from pot",2026-09-27T01:17:57.723Z,179047187772301
"Uncalled bet of 9.00 returned to ""dih @ GO72Iwd2XL""",2026-09-27T01:17:57.723Z,179047187772300
"""rowan @ GthBpPSqaK"" folds",2026-09-27T01:17:56.840Z,179047187684000
"""dih @ GO72Iwd2XL"" bets 9.00",2026-09-27T01:17:52.543Z,179047187254300
"""rowan @ GthBpPSqaK"" checks",2026-09-27T01:17:47.766Z,179047186776600
"Turn: 9♠, K♦, 3♥ [4♥]",2026-09-27T01:17:47.164Z,179047186716400
"""rowan @ GthBpPSqaK"" calls 5.00",2026-09-27T01:17:46.345Z,179047186634500
"""dih @ GO72Iwd2XL"" bets 5.00",2026-09-27T01:17:45.505Z,179047186550500
"""rowan @ GthBpPSqaK"" checks",2026-09-27T01:17:43.397Z,179047186339700
"Flop:  [9♠, K♦, 3♥]",2026-09-27T01:17:41.682Z,179047186168200
"""dih @ GO72Iwd2XL"" calls 2.50",2026-09-27T01:17:40.780Z,179047186078000
"""rowan @ GthBpPSqaK"" raises to 2.50",2026-09-27T01:17:38.495Z,179047185849500
"""JJJ @ iacG4hF18c"" folds",2026-09-27T01:17:36.118Z,179047185611800
"""dih @ GO72Iwd2XL"" posts a big blind of 0.50",2026-09-27T01:17:35.080Z,179047185508006
"""rowan @ GthBpPSqaK"" posts a small blind of 0.25",2026-09-27T01:17:35.080Z,179047185508005
"Player stacks: #1 ""rowan @ GthBpPSqaK"" (68.71) | #2 ""dih @ GO72Iwd2XL"" (390.91) | #10 ""JJJ @ iacG4hF18c"" (212.27)",2026-09-27T01:17:35.080Z,179047185508001
"-- starting hand #404 (id: h9iyccjl5knh)  No Limit Texas Hold'em (dealer: ""JJJ @ iacG4hF18c"") --",2026-09-27T01:17:35.080Z,179047185508000
"""JJJ @ iacG4hF18c"" shows a J♣, 10♠.",2026-09-27T01:17:30.939Z,179047185093900
"-- ending hand #403 --",2026-09-27T01:17:28.471Z,179047184847102
"""dih @ GO72Iwd2XL"" collected 1.50 from pot",2026-09-27T01:17:28.471Z,179047184847101
"Uncalled bet of 5.00 returned to ""dih @ GO72Iwd2XL""",2026-09-27T01:17:28.471Z,179047184847100
"""rowan @ GthBpPSqaK"" folds",2026-09-27T01:17:27.531Z,179047184753100
"""JJJ @ iacG4hF18c"" folds",2026-09-27T01:17:26.619Z,179047184661900
"""dih @ GO72Iwd2XL"" bets 5.00",2026-09-27T01:17:22.273Z,179047184227300
"""rowan @ GthBpPSqaK"" checks",2026-09-27T01:17:18.092Z,179047183809200
"""JJJ @ iacG4hF18c"" checks",2026-09-27T01:17:17.244Z,179047183724400
"Turn: 7♣, 9♣, K♦ [2♦]",2026-09-27T01:17:16.081Z,179047183608100
"""dih @ GO72Iwd2XL"" checks",2026-09-27T01:17:15.274Z,179047183527400
"""rowan @ GthBpPSqaK"" checks",2026-09-27T01:17:11.881Z,179047183188100
"""JJJ @ iacG4hF18c"" checks",2026-09-27T01:17:11.033Z,179047183103300
"Flop:  [7♣, 9♣, K♦]",2026-09-27T01:17:09.318Z,179047182931800
"""rowan @ GthBpPSqaK"" checks",2026-09-27T01:17:08.491Z,179047182849100
"""JJJ @ iacG4hF18c"" calls 0.50",2026-09-27T01:17:07.600Z,179047182760000
"""dih @ GO72Iwd2XL"" calls 0.50",2026-09-27T01:17:06.239Z,179047182623900
"""rowan @ GthBpPSqaK"" posts a big blind of 0.50",2026-09-27T01:17:04.523Z,179047182452306
"""JJJ @ iacG4hF18c"" posts a small blind of 0.25",2026-09-27T01:17:04.523Z,179047182452305
"Player stacks: #1 ""rowan @ GthBpPSqaK"" (69.21) | #2 ""dih @ GO72Iwd2XL"" (389.91) | #10 ""JJJ @ iacG4hF18c"" (212.77)",2026-09-27T01:17:04.523Z,179047182452301
"-- starting hand #403 (id: foik8ix4xzpd)  No Limit Texas Hold'em (dealer: ""dih @ GO72Iwd2XL"") --",2026-09-27T01:17:04.523Z,179047182452300
"""JJJ @ iacG4hF18c"" collected 2.00 from the 7-2 bounty",2026-09-27T01:17:01.543Z,179047182154302
"""dih @ GO72Iwd2XL"" paid 1.00 for the 7-2 bounty to ""JJJ @ iacG4hF18c""",2026-09-27T01:17:01.543Z,179047182154301
"""rowan @ GthBpPSqaK"" paid 1.00 for the 7-2 bounty to ""JJJ @ iacG4hF18c""",2026-09-27T01:17:01.543Z,179047182154300
"""JJJ @ iacG4hF18c"" shows a 2♥, 7♣.",2026-09-27T01:16:55.730Z,179047181573000
"-- ending hand #402 --",2026-09-27T01:16:54.886Z,179047181488602
"""JJJ @ iacG4hF18c"" collected 0.50 from pot",2026-09-27T01:16:54.886Z,179047181488601
"Uncalled bet of 0.25 returned to ""JJJ @ iacG4hF18c""",2026-09-27T01:16:54.886Z,179047181488600
"""dih @ GO72Iwd2XL"" folds",2026-09-27T01:16:54.075Z,179047181407500
"""rowan @ GthBpPSqaK"" folds",2026-09-27T01:16:51.671Z,179047181167100
"""JJJ @ iacG4hF18c"" posts a big blind of 0.50",2026-09-27T01:16:50.679Z,179047181067906
"""dih @ GO72Iwd2XL"" posts a small blind of 0.25",2026-09-27T01:16:50.679Z,179047181067905
"Player stacks: #1 ""rowan @ GthBpPSqaK"" (70.21) | #2 ""dih @ GO72Iwd2XL"" (391.16) | #10 ""JJJ @ iacG4hF18c"" (210.52)",2026-09-27T01:16:50.679Z,179047181067901
"-- starting hand #402 (id: 8vhyfnjxbn8u)  No Limit Texas Hold'em (dealer: ""rowan @ GthBpPSqaK"") --",2026-09-27T01:16:50.679Z,179047181067900
"-- ending hand #401 --",2026-09-27T01:16:44.638Z,179047180463803
"""dih @ GO72Iwd2XL"" collected 20.00 from pot with Two Pair, 8's & 4's (combination: Q♥, 4♥, 4♣, 8♣, 8♥)",2026-09-27T01:16:44.638Z,179047180463802
"""dih @ GO72Iwd2XL"" shows a Q♥, 8♣.",2026-09-27T01:16:44.638Z,179047180463801
"""rowan @ GthBpPSqaK"" shows a A♣, J♠.",2026-09-27T01:16:44.638Z,179047180463800
"""dih @ GO72Iwd2XL"" calls 5.00",2026-09-27T01:16:43.770Z,179047180377000
"""rowan @ GthBpPSqaK"" bets 5.00",2026-09-27T01:16:41.863Z,179047180186300
"River: 4♥, 3♦, 9♣, 8♥ [4♣]",2026-09-27T01:16:39.434Z,179047179943400
"""dih @ GO72Iwd2XL"" calls 2.50",2026-09-27T01:16:38.537Z,179047179853700
"""rowan @ GthBpPSqaK"" bets 2.50",2026-09-27T01:16:37.554Z,179047179755400
"Turn: 4♥, 3♦, 9♣ [8♥]",2026-09-27T01:16:35.033Z,179047179503300
"""dih @ GO72Iwd2XL"" checks",2026-09-27T01:16:34.156Z,179047179415600
"""rowan @ GthBpPSqaK"" checks",2026-09-27T01:16:31.985Z,179047179198500
"Flop:  [4♥, 3♦, 9♣]",2026-09-27T01:16:30.429Z,179047179042900
"""dih @ GO72Iwd2XL"" calls 2.50",2026-09-27T01:16:29.504Z,179047178950400
"""rowan @ GthBpPSqaK"" raises to 2.50",2026-09-27T01:16:25.499Z,179047178549900
"""JJJ @ iacG4hF18c"" folds",2026-09-27T01:16:13.566Z,179047177356600
"""dih @ GO72Iwd2XL"" posts a big blind of 0.50",2026-09-27T01:16:12.230Z,179047177223006
"""rowan @ GthBpPSqaK"" posts a small blind of 0.25",2026-09-27T01:16:12.230Z,179047177223005
"Player stacks: #1 ""rowan @ GthBpPSqaK"" (80.21) | #2 ""dih @ GO72Iwd2XL"" (381.16) | #10 ""JJJ @ iacG4hF18c"" (210.52)",2026-09-27T01:16:12.230Z,179047177223001
"-- starting hand #401 (id: ugw7obkuik81)  No Limit Texas Hold'em (dealer: ""JJJ @ iacG4hF18c"") --",2026-09-27T01:16:12.230Z,179047177223000
"""dih @ GO72Iwd2XL"" shows a 4♦, 3♥.",2026-09-27T01:16:08.371Z,179047176837100
"""JJJ @ iacG4hF18c"" shows a 8♥, K♠.",2026-09-27T01:16:07.807Z,179047176780700
"""rowan @ GthBpPSqaK"" shows a 3♦.",2026-09-27T01:16:07.435Z,179047176743500
"-- ending hand #400 --",2026-09-27T01:16:07.182Z,179047176718202
"""dih @ GO72Iwd2XL"" collected 3.75 from pot",2026-09-27T01:16:07.182Z,179047176718201
"Uncalled bet of 3.75 returned to ""dih @ GO72Iwd2XL""",2026-09-27T01:16:07.182Z,179047176718200
"""rowan @ GthBpPSqaK"" folds",2026-09-27T01:16:06.351Z,179047176635100
"""dih @ GO72Iwd2XL"" bets 3.75",2026-09-27T01:16:05.440Z,179047176544000
"""rowan @ GthBpPSqaK"" checks",2026-09-27T01:16:03.337Z,179047176333700
"River: K♦, 4♠, K♣, 3♠ [2♦]",2026-09-27T01:16:02.982Z,179047176298200
"""rowan @ GthBpPSqaK"" calls 1.25",2026-09-27T01:16:02.069Z,179047176206900
"""dih @ GO72Iwd2XL"" bets 1.25",2026-09-27T01:16:00.172Z,179047176017200
"""rowan @ GthBpPSqaK"" checks",2026-09-27T01:15:58.343Z,179047175834300
"Turn: K♦, 4♠, K♣ [3♠]",2026-09-27T01:15:57.148Z,179047175714800
"""dih @ GO72Iwd2XL"" checks",2026-09-27T01:15:56.274Z,179047175627400
"""rowan @ GthBpPSqaK"" checks",2026-09-27T01:15:47.684Z,179047174768400
"Flop:  [K♦, 4♠, K♣]",2026-09-27T01:15:46.900Z,179047174690000
"""rowan @ GthBpPSqaK"" checks",2026-09-27T01:15:46.071Z,179047174607100
"""JJJ @ iacG4hF18c"" folds",2026-09-27T01:15:45.167Z,179047174516700
"""dih @ GO72Iwd2XL"" calls 0.50",2026-09-27T01:15:44.242Z,179047174424200
"""rowan @ GthBpPSqaK"" posts a big blind of 0.50",2026-09-27T01:15:41.496Z,179047174149606
"""JJJ @ iacG4hF18c"" posts a small blind of 0.25",2026-09-27T01:15:41.496Z,179047174149605
"Player stacks: #1 ""rowan @ GthBpPSqaK"" (81.96) | #2 ""dih @ GO72Iwd2XL"" (379.16) | #10 ""JJJ @ iacG4hF18c"" (210.77)",2026-09-27T01:15:41.496Z,179047174149601
"-- starting hand #400 (id: umnn7jofarnr)  No Limit Texas Hold'em (dealer: ""dih @ GO72Iwd2XL"") --",2026-09-27T01:15:41.496Z,179047174149600
"""JJJ @ iacG4hF18c"" shows a 5♠, 5♥.",2026-09-27T01:15:35.581Z,179047173558100
"-- ending hand #399 --",2026-09-27T01:15:34.883Z,179047173488302
"""dih @ GO72Iwd2XL"" collected 4.00 from pot",2026-09-27T01:15:34.883Z,179047173488301
"Uncalled bet of 4.00 returned to ""dih @ GO72Iwd2XL""",2026-09-27T01:15:34.883Z,179047173488300
"""JJJ @ iacG4hF18c"" folds",2026-09-27T01:15:34.022Z,179047173402200
"""dih @ GO72Iwd2XL"" bets 4.00",2026-09-27T01:15:29.718Z,179047172971800
"Flop:  [7♣, 8♠, 8♣]",2026-09-27T01:15:25.476Z,179047172547600
"""JJJ @ iacG4hF18c"" calls 2.00",2026-09-27T01:15:24.620Z,179047172462000
"""dih @ GO72Iwd2XL"" raises to 2.00",2026-09-27T01:15:23.735Z,179047172373500
"""rowan @ GthBpPSqaK"" folds",2026-09-27T01:15:20.654Z,179047172065400
"""JJJ @ iacG4hF18c"" posts a big blind of 0.50",2026-09-27T01:15:19.697Z,179047171969706
"""dih @ GO72Iwd2XL"" posts a small blind of 0.25",2026-09-27T01:15:19.697Z,179047171969705
"Player stacks: #1 ""rowan @ GthBpPSqaK"" (81.96) | #2 ""dih @ GO72Iwd2XL"" (377.16) | #10 ""JJJ @ iacG4hF18c"" (212.77)",2026-09-27T01:15:19.697Z,179047171969701
"-- starting hand #399 (id: jdgwqifuqfst)  No Limit Texas Hold'em (dealer: ""rowan @ GthBpPSqaK"") --",2026-09-27T01:15:19.697Z,179047171969700
"-- ending hand #398 --",2026-09-27T01:15:13.774Z,179047171377402
"""dih @ GO72Iwd2XL"" collected 0.50 from pot",2026-09-27T01:15:13.774Z,179047171377401
"Uncalled bet of 0.25 returned to ""dih @ GO72Iwd2XL""",2026-09-27T01:15:13.774Z,179047171377400
"""rowan @ GthBpPSqaK"" folds",2026-09-27T01:15:12.887Z,179047171288700
"""JJJ @ iacG4hF18c"" folds",2026-09-27T01:15:11.988Z,179047171198800
"""dih @ GO72Iwd2XL"" posts a big blind of 0.50",2026-09-27T01:15:10.480Z,179047171048006
"""rowan @ GthBpPSqaK"" posts a small blind of 0.25",2026-09-27T01:15:10.480Z,179047171048005
"Player stacks: #1 ""rowan @ GthBpPSqaK"" (82.21) | #2 ""dih @ GO72Iwd2XL"" (376.91) | #10 ""JJJ @ iacG4hF18c"" (212.77)",2026-09-27T01:15:10.480Z,179047171048001
"-- starting hand #398 (id: ptvachem3vzz)  No Limit Texas Hold'em (dealer: ""JJJ @ iacG4hF18c"") --",2026-09-27T01:15:10.480Z,179047171048000
"-- ending hand #397 --",2026-09-27T01:15:04.449Z,179047170444902
"""rowan @ GthBpPSqaK"" collected 1.25 from pot with A High (combination: 9♦, 10♦, J♦, K♣, A♣)",2026-09-27T01:15:04.449Z,179047170444901
"""rowan @ GthBpPSqaK"" shows a 3♥, 10♦.",2026-09-27T01:15:04.449Z,179047170444900
"""dih @ GO72Iwd2XL"" checks",2026-09-27T01:15:03.621Z,179047170362100
"""rowan @ GthBpPSqaK"" checks",2026-09-27T01:15:02.585Z,179047170258500
"River: K♣, A♣, 4♥, J♦ [9♦]",2026-09-27T01:15:02.346Z,179047170234600
"""dih @ GO72Iwd2XL"" checks",2026-09-27T01:15:01.409Z,179047170140900
"""rowan @ GthBpPSqaK"" checks",2026-09-27T01:15:00.388Z,179047170038800
"Turn: K♣, A♣, 4♥ [J♦]",2026-09-27T01:15:00.102Z,179047170010200
"""dih @ GO72Iwd2XL"" checks",2026-09-27T01:14:59.211Z,179047169921100
"""rowan @ GthBpPSqaK"" checks",2026-09-27T01:14:57.384Z,179047169738400
"Flop:  [K♣, A♣, 4♥]",2026-09-27T01:14:56.548Z,179047169654800
"""rowan @ GthBpPSqaK"" checks",2026-09-27T01:14:55.716Z,179047169571600
"""JJJ @ iacG4hF18c"" folds",2026-09-27T01:14:54.810Z,179047169481000
"""dih @ GO72Iwd2XL"" calls 0.50",2026-09-27T01:14:53.913Z,179047169391300
"""rowan @ GthBpPSqaK"" posts a big blind of 0.50",2026-09-27T01:14:52.271Z,179047169227106
"""JJJ @ iacG4hF18c"" posts a small blind of 0.25",2026-09-27T01:14:52.271Z,179047169227105
"Player stacks: #1 ""rowan @ GthBpPSqaK"" (81.46) | #2 ""dih @ GO72Iwd2XL"" (377.41) | #10 ""JJJ @ iacG4hF18c"" (213.02)",2026-09-27T01:14:52.271Z,179047169227101
"-- starting hand #397 (id: xpwlxf5cnd3h)  No Limit Texas Hold'em (dealer: ""dih @ GO72Iwd2XL"") --",2026-09-27T01:14:52.271Z,179047169227100
"-- ending hand #396 --",2026-09-27T01:14:46.343Z,179047168634302
"""dih @ GO72Iwd2XL"" collected 4.00 from pot",2026-09-27T01:14:46.343Z,179047168634301
"Uncalled bet of 4.00 returned to ""dih @ GO72Iwd2XL""",2026-09-27T01:14:46.343Z,179047168634300
"""JJJ @ iacG4hF18c"" folds",2026-09-27T01:14:45.515Z,179047168551500
"""dih @ GO72Iwd2XL"" bets 4.00",2026-09-27T01:14:44.115Z,179047168411500
"Flop:  [A♣, 7♥, J♠]",2026-09-27T01:14:40.855Z,179047168085500
"""JJJ @ iacG4hF18c"" calls 2.00",2026-09-27T01:14:39.986Z,179047167998600
"""dih @ GO72Iwd2XL"" raises to 2.00",2026-09-27T01:14:38.219Z,179047167821900
"""rowan @ GthBpPSqaK"" folds",2026-09-27T01:14:35.763Z,179047167576300
"""JJJ @ iacG4hF18c"" posts a big blind of 0.50",2026-09-27T01:14:34.714Z,179047167471406
"""dih @ GO72Iwd2XL"" posts a small blind of 0.25",2026-09-27T01:14:34.714Z,179047167471405
"Player stacks: #1 ""rowan @ GthBpPSqaK"" (81.46) | #2 ""dih @ GO72Iwd2XL"" (375.41) | #10 ""JJJ @ iacG4hF18c"" (215.02)",2026-09-27T01:14:34.714Z,179047167471401
"-- starting hand #396 (id: tybdv0qmf6zc)  No Limit Texas Hold'em (dealer: ""rowan @ GthBpPSqaK"") --",2026-09-27T01:14:34.714Z,179047167471400
"""rowan @ GthBpPSqaK"" shows a A♠.",2026-09-27T01:14:30.436Z,179047167043600
"""dih @ GO72Iwd2XL"" shows a A♣, 6♣.",2026-09-27T01:14:30.234Z,179047167023400
"""rowan @ GthBpPSqaK"" shows a 8♠.",2026-09-27T01:14:28.435Z,179047166843500
"""JJJ @ iacG4hF18c"" shows a 6♦, 8♣.",2026-09-27T01:14:27.460Z,179047166746000
"-- ending hand #395 --",2026-09-27T01:14:26.695Z,179047166669502
"""dih @ GO72Iwd2XL"" collected 15.00 from pot",2026-09-27T01:14:26.695Z,179047166669501
"Uncalled bet of 15.00 returned to ""dih @ GO72Iwd2XL""",2026-09-27T01:14:26.695Z,179047166669500
"""rowan @ GthBpPSqaK"" folds",2026-09-27T01:14:25.891Z,179047166589100
"""dih @ GO72Iwd2XL"" bets 15.00",2026-09-27T01:14:20.195Z,179047166019500
"""rowan @ GthBpPSqaK"" checks",2026-09-27T01:14:16.960Z,179047165696000
"Turn: 7♣, 9♠, 10♣ [7♥]",2026-09-27T01:14:16.015Z,179047165601500
"""rowan @ GthBpPSqaK"" calls 5.00",2026-09-27T01:14:15.179Z,179047165517900
"""dih @ GO72Iwd2XL"" bets 5.00",2026-09-27T01:14:14.306Z,179047165430600
"""rowan @ GthBpPSqaK"" checks",2026-09-27T01:14:12.226Z,179047165222600
"Flop:  [7♣, 9♠, 10♣]",2026-09-27T01:14:11.013Z,179047165101300
"""dih @ GO72Iwd2XL"" calls 2.50",2026-09-27T01:14:10.204Z,179047165020400
"""rowan @ GthBpPSqaK"" raises to 2.50",2026-09-27T01:14:09.163Z,179047164916300
"""JJJ @ iacG4hF18c"" folds",2026-09-27T01:14:06.823Z,179047164682300
"""dih @ GO72Iwd2XL"" posts a big blind of 0.50",2026-09-27T01:14:05.536Z,179047164553606
"""rowan @ GthBpPSqaK"" posts a small blind of 0.25",2026-09-27T01:14:05.536Z,179047164553605
"Player stacks: #1 ""rowan @ GthBpPSqaK"" (88.96) | #2 ""dih @ GO72Iwd2XL"" (367.91) | #10 ""JJJ @ iacG4hF18c"" (215.02)",2026-09-27T01:14:05.536Z,179047164553601
"-- starting hand #395 (id: ufsc0yappqvq)  No Limit Texas Hold'em (dealer: ""JJJ @ iacG4hF18c"") --",2026-09-27T01:14:05.536Z,179047164553600
"""rowan @ GthBpPSqaK"" shows a 2♥.",2026-09-27T01:14:00.967Z,179047164096700
"-- ending hand #394 --",2026-09-27T01:13:58.973Z,179047163897302
"""JJJ @ iacG4hF18c"" collected 8.00 from pot with Pair, 7's (combination: 6♥, 9♠, 10♣, 7♠, 7♥)",2026-09-27T01:13:58.973Z,179047163897301
"""JJJ @ iacG4hF18c"" shows a 7♠, 7♥.",2026-09-27T01:13:58.973Z,179047163897300
"""rowan @ GthBpPSqaK"" calls 0.50",2026-09-27T01:13:58.169Z,179047163816900
"""JJJ @ iacG4hF18c"" bets 0.50",2026-09-27T01:13:56.879Z,179047163687900
"River: 9♠, 5♥, 2♦, 10♣ [6♥]",2026-09-27T01:13:53.080Z,179047163308000
"""rowan @ GthBpPSqaK"" calls 0.50",2026-09-27T01:13:52.171Z,179047163217100
"""JJJ @ iacG4hF18c"" bets 0.50",2026-09-27T01:13:51.185Z,179047163118500
"Turn: 9♠, 5♥, 2♦ [10♣]",2026-09-27T01:13:50.548Z,179047163054800
"""rowan @ GthBpPSqaK"" calls 1.50",2026-09-27T01:13:49.713Z,179047162971300
"""JJJ @ iacG4hF18c"" bets 1.50",2026-09-27T01:13:48.785Z,179047162878500
"Flop:  [9♠, 5♥, 2♦]",2026-09-27T01:13:46.077Z,179047162607700
"""rowan @ GthBpPSqaK"" calls 1.50",2026-09-27T01:13:45.257Z,179047162525700
"""JJJ @ iacG4hF18c"" raises to 1.50",2026-09-27T01:13:43.671Z,179047162367100
"""dih @ GO72Iwd2XL"" folds",2026-09-27T01:13:40.285Z,179047162028500
"""rowan @ GthBpPSqaK"" posts a big blind of 0.50",2026-09-27T01:13:33.259Z,179047161325906
"""JJJ @ iacG4hF18c"" posts a small blind of 0.25",2026-09-27T01:13:33.259Z,179047161325905
"Player stacks: #1 ""rowan @ GthBpPSqaK"" (92.96) | #2 ""dih @ GO72Iwd2XL"" (367.91) | #10 ""JJJ @ iacG4hF18c"" (211.02)",2026-09-27T01:13:33.259Z,179047161325901
"-- starting hand #394 (id: dqd2ailjv8fk)  No Limit Texas Hold'em (dealer: ""dih @ GO72Iwd2XL"") --",2026-09-27T01:13:33.259Z,179047161325900
"-- ending hand #393 --",2026-09-27T01:13:27.343Z,179047160734302
"""JJJ @ iacG4hF18c"" collected 0.50 from pot",2026-09-27T01:13:27.343Z,179047160734301
"Uncalled bet of 0.25 returned to ""JJJ @ iacG4hF18c""",2026-09-27T01:13:27.343Z,179047160734300
"""dih @ GO72Iwd2XL"" folds",2026-09-27T01:13:26.504Z,179047160650400
"""rowan @ GthBpPSqaK"" folds",2026-09-27T01:13:25.551Z,179047160555100
"""JJJ @ iacG4hF18c"" posts a big blind of 0.50",2026-09-27T01:13:23.287Z,179047160328706
"""dih @ GO72Iwd2XL"" posts a small blind of 0.25",2026-09-27T01:13:23.287Z,179047160328705
"Player stacks: #1 ""rowan @ GthBpPSqaK"" (92.96) | #2 ""dih @ GO72Iwd2XL"" (368.16) | #10 ""JJJ @ iacG4hF18c"" (210.77)",2026-09-27T01:13:23.287Z,179047160328701
"-- starting hand #393 (id: xeufm76jk4sp)  No Limit Texas Hold'em (dealer: ""rowan @ GthBpPSqaK"") --",2026-09-27T01:13:23.287Z,179047160328700
"""rowan @ GthBpPSqaK"" shows a 4♦, 2♦.",2026-09-27T01:13:20.308Z,179047160030800
"-- ending hand #392 --",2026-09-27T01:13:19.659Z,179047159965902
"""rowan @ GthBpPSqaK"" collected 30.50 from pot",2026-09-27T01:13:19.659Z,179047159965901
"Uncalled bet of 15.25 returned to ""rowan @ GthBpPSqaK""",2026-09-27T01:13:19.659Z,179047159965900
"""JJJ @ iacG4hF18c"" folds",2026-09-27T01:13:18.840Z,179047159884000
"""rowan @ GthBpPSqaK"" bets 15.25",2026-09-27T01:12:38.202Z,179047155820200
"River: J♣, 7♦, A♣, 10♠ [Q♦]",2026-09-27T01:12:09.219Z,179047152921900
"""JJJ @ iacG4hF18c"" calls 8.75",2026-09-27T01:12:08.387Z,179047152838700
"""rowan @ GthBpPSqaK"" bets 8.75",2026-09-27T01:12:05.624Z,179047152562400
"Turn: J♣, 7♦, A♣ [10♠]",2026-09-27T01:11:58.848Z,179047151884800
"""JJJ @ iacG4hF18c"" calls 2.75",2026-09-27T01:11:58.003Z,179047151800300
"""dih @ GO72Iwd2XL"" folds",2026-09-27T01:11:55.666Z,179047151566600
"""rowan @ GthBpPSqaK"" bets 2.75",2026-09-27T01:11:53.214Z,179047151321400
"Flop:  [J♣, 7♦, A♣]",2026-09-27T01:11:48.075Z,179047150807500
"""JJJ @ iacG4hF18c"" calls 2.50",2026-09-27T01:11:47.251Z,179047150725100
"""dih @ GO72Iwd2XL"" calls 2.50",2026-09-27T01:11:45.626Z,179047150562600
"""rowan @ GthBpPSqaK"" raises to 2.50",2026-09-27T01:11:40.816Z,179047150081600
"""JJJ @ iacG4hF18c"" calls 0.50",2026-09-27T01:11:38.199Z,179047149819900
"""dih @ GO72Iwd2XL"" posts a big blind of 0.50",2026-09-27T01:11:36.663Z,179047149666306
"""rowan @ GthBpPSqaK"" posts a small blind of 0.25",2026-09-27T01:11:36.663Z,179047149666305
"Player stacks: #1 ""rowan @ GthBpPSqaK"" (76.46) | #2 ""dih @ GO72Iwd2XL"" (370.66) | #10 ""JJJ @ iacG4hF18c"" (224.77)",2026-09-27T01:11:36.663Z,179047149666301
"-- starting hand #392 (id: xilnsojg9u2v)  No Limit Texas Hold'em (dealer: ""JJJ @ iacG4hF18c"") --",2026-09-27T01:11:36.663Z,179047149666300
"-- ending hand #391 --",2026-09-27T01:11:30.713Z,179047149071302
"""JJJ @ iacG4hF18c"" collected 4.50 from pot",2026-09-27T01:11:30.713Z,179047149071301
"Uncalled bet of 3.37 returned to ""JJJ @ iacG4hF18c""",2026-09-27T01:11:30.713Z,179047149071300
"""dih @ GO72Iwd2XL"" folds",2026-09-27T01:11:29.877Z,179047148987700
"""JJJ @ iacG4hF18c"" bets 3.37",2026-09-27T01:11:28.132Z,179047148813200
"Flop:  [5♦, A♦, 7♥]",2026-09-27T01:11:24.400Z,179047148440000
"""dih @ GO72Iwd2XL"" calls 2.00",2026-09-27T01:11:23.541Z,179047148354100
"""rowan @ GthBpPSqaK"" folds",2026-09-27T01:11:21.830Z,179047148183000
"""JJJ @ iacG4hF18c"" raises to 2.00",2026-09-27T01:11:20.790Z,179047148079000
"""dih @ GO72Iwd2XL"" calls 0.50",2026-09-27T01:11:15.032Z,179047147503200
"""rowan @ GthBpPSqaK"" posts a big blind of 0.50",2026-09-27T01:11:11.415Z,179047147141506
"""JJJ @ iacG4hF18c"" posts a small blind of 0.25",2026-09-27T01:11:11.415Z,179047147141505
"Player stacks: #1 ""rowan @ GthBpPSqaK"" (76.96) | #2 ""dih @ GO72Iwd2XL"" (372.66) | #10 ""JJJ @ iacG4hF18c"" (222.27)",2026-09-27T01:11:11.415Z,179047147141501
"-- starting hand #391 (id: hzib02e9qyt1)  No Limit Texas Hold'em (dealer: ""dih @ GO72Iwd2XL"") --",2026-09-27T01:11:11.415Z,179047147141500
"-- ending hand #390 --",2026-09-27T01:11:05.505Z,179047146550502
"""dih @ GO72Iwd2XL"" collected 1.00 from pot",2026-09-27T01:11:05.505Z,179047146550501
"Uncalled bet of 2.00 returned to ""dih @ GO72Iwd2XL""",2026-09-27T01:11:05.505Z,179047146550500
"""JJJ @ iacG4hF18c"" folds",2026-09-27T01:11:04.684Z,179047146468400
"""dih @ GO72Iwd2XL"" raises to 2.50",2026-09-27T01:11:03.726Z,179047146372600
"""rowan @ GthBpPSqaK"" folds",2026-09-27T01:11:01.373Z,179047146137300
"""JJJ @ iacG4hF18c"" posts a big blind of 0.50",2026-09-27T01:10:59.998Z,179047145999806
"""dih @ GO72Iwd2XL"" posts a small blind of 0.25",2026-09-27T01:10:59.998Z,179047145999805
"Player stacks: #1 ""rowan @ GthBpPSqaK"" (76.96) | #2 ""dih @ GO72Iwd2XL"" (372.16) | #10 ""JJJ @ iacG4hF18c"" (222.77)",2026-09-27T01:10:59.998Z,179047145999801
"-- starting hand #390 (id: 3oowscopehl2)  No Limit Texas Hold'em (dealer: ""rowan @ GthBpPSqaK"") --",2026-09-27T01:10:59.998Z,179047145999800
"-- ending hand #389 --",2026-09-27T01:10:56.997Z,179047145699702
"""rowan @ GthBpPSqaK"" collected 6.00 from pot",2026-09-27T01:10:56.997Z,179047145699701
"Uncalled bet of 3.00 returned to ""rowan @ GthBpPSqaK""",2026-09-27T01:10:56.997Z,179047145699700
"""dih @ GO72Iwd2XL"" folds",2026-09-27T01:10:56.104Z,179047145610400
"""rowan @ GthBpPSqaK"" bets 3.00",2026-09-27T01:10:55.134Z,179047145513400
"River: 7♦, Q♥, A♦, 9♥ [6♥]",2026-09-27T01:10:47.990Z,179047144799000
"""dih @ GO72Iwd2XL"" calls 2.00",2026-09-27T01:10:47.117Z,179047144711700
"""rowan @ GthBpPSqaK"" bets 2.00",2026-09-27T01:10:44.386Z,179047144438600
"Turn: 7♦, Q♥, A♦ [9♥]",2026-09-27T01:10:41.388Z,179047144138800
"""dih @ GO72Iwd2XL"" calls 0.50",2026-09-27T01:10:40.562Z,179047144056200
"""rowan @ GthBpPSqaK"" bets 0.50",2026-09-27T01:10:39.523Z,179047143952300
"Flop:  [7♦, Q♥, A♦]",2026-09-27T01:10:35.779Z,179047143577900
"""dih @ GO72Iwd2XL"" checks",2026-09-27T01:10:34.925Z,179047143492500
"""rowan @ GthBpPSqaK"" calls 0.50",2026-09-27T01:10:31.616Z,179047143161600
"""JJJ @ iacG4hF18c"" folds",2026-09-27T01:10:30.543Z,179047143054300
"""dih @ GO72Iwd2XL"" posts a big blind of 0.50",2026-09-27T01:10:28.572Z,179047142857206
"""rowan @ GthBpPSqaK"" posts a small blind of 0.25",2026-09-27T01:10:28.572Z,179047142857205
"Player stacks: #1 ""rowan @ GthBpPSqaK"" (73.96) | #2 ""dih @ GO72Iwd2XL"" (375.16) | #10 ""JJJ @ iacG4hF18c"" (222.77)",2026-09-27T01:10:28.572Z,179047142857201
"-- starting hand #389 (id: 9upbictvbrmn)  No Limit Texas Hold'em (dealer: ""JJJ @ iacG4hF18c"") --",2026-09-27T01:10:28.572Z,179047142857200
"""rowan @ GthBpPSqaK"" shows a Q♦, K♥.",2026-09-27T01:10:23.102Z,179047142310200
"-- ending hand #388 --",2026-09-27T01:10:22.062Z,179047142206202
"""dih @ GO72Iwd2XL"" collected 141.75 from pot with Flush, K High (combination: 2♠, 3♠, 8♠, 9♠, K♠)",2026-09-27T01:10:22.062Z,179047142206201
"""dih @ GO72Iwd2XL"" shows a 9♠, 8♠.",2026-09-27T01:10:22.062Z,179047142206200
"""rowan @ GthBpPSqaK"" calls 47.25",2026-09-27T01:10:21.230Z,179047142123000
"""dih @ GO72Iwd2XL"" bets 47.25",2026-09-27T01:10:16.125Z,179047141612500
"""rowan @ GthBpPSqaK"" checks",2026-09-27T01:10:12.619Z,179047141261900
"River: 3♠, 2♠, K♠, 2♦ [J♦]",2026-09-27T01:10:12.162Z,179047141216200
"""rowan @ GthBpPSqaK"" calls 15.75",2026-09-27T01:10:11.288Z,179047141128800
"""dih @ GO72Iwd2XL"" bets 15.75",2026-09-27T01:10:10.439Z,179047141043900
"""rowan @ GthBpPSqaK"" checks",2026-09-27T01:10:08.215Z,179047140821500
"Turn: 3♠, 2♠, K♠ [2♦]",2026-09-27T01:10:07.652Z,179047140765200
"""rowan @ GthBpPSqaK"" calls 5.25",2026-09-27T01:10:06.792Z,179047140679200
"""dih @ GO72Iwd2XL"" bets 5.25",2026-09-27T01:10:05.880Z,179047140588000
"""rowan @ GthBpPSqaK"" checks",2026-09-27T01:10:03.819Z,179047140381900
"Flop:  [3♠, 2♠, K♠]",2026-09-27T01:10:02.663Z,179047140266300
"""rowan @ GthBpPSqaK"" calls 2.50",2026-09-27T01:10:01.773Z,179047140177300
"""JJJ @ iacG4hF18c"" folds",2026-09-27T01:09:58.765Z,179047139876500
"""dih @ GO72Iwd2XL"" raises to 2.50",2026-09-27T01:09:57.173Z,179047139717300
"""rowan @ GthBpPSqaK"" posts a big blind of 0.50",2026-09-27T01:09:54.484Z,179047139448406
"""JJJ @ iacG4hF18c"" posts a small blind of 0.25",2026-09-27T01:09:54.484Z,179047139448405
"Player stacks: #1 ""rowan @ GthBpPSqaK"" (144.71) | #2 ""dih @ GO72Iwd2XL"" (304.16) | #10 ""JJJ @ iacG4hF18c"" (223.02)",2026-09-27T01:09:54.484Z,179047139448401
"-- starting hand #388 (id: gub5sgfeq4lk)  No Limit Texas Hold'em (dealer: ""dih @ GO72Iwd2XL"") --",2026-09-27T01:09:54.484Z,179047139448400
"""JJJ @ iacG4hF18c"" shows a A♦, K♦.",2026-09-27T01:09:49.505Z,179047138950500
"""dih @ GO72Iwd2XL"" shows a 3♥, 2♥.",2026-09-27T01:09:48.591Z,179047138859100
"-- ending hand #387 --",2026-09-27T01:09:47.169Z,179047138716902
"""dih @ GO72Iwd2XL"" collected 18.00 from pot",2026-09-27T01:09:47.169Z,179047138716901
"Uncalled bet of 18.00 returned to ""dih @ GO72Iwd2XL""",2026-09-27T01:09:47.169Z,179047138716900
"""rowan @ GthBpPSqaK"" folds",2026-09-27T01:09:46.346Z,179047138634600
"""dih @ GO72Iwd2XL"" bets 18.00",2026-09-27T01:09:23.208Z,179047136320800
"Turn: 6♥, 5♦, 5♥ [2♦]",2026-09-27T01:09:20.866Z,179047136086600
"""rowan @ GthBpPSqaK"" calls 6.00",2026-09-27T01:09:20.037Z,179047136003700
"""JJJ @ iacG4hF18c"" folds",2026-09-27T01:09:19.120Z,179047135912000
"""dih @ GO72Iwd2XL"" bets 6.00",2026-09-27T01:09:10.754Z,179047135075400
"Flop:  [6♥, 5♦, 5♥]",2026-09-27T01:09:06.318Z,179047134631800
"""JJJ @ iacG4hF18c"" calls 2.00",2026-09-27T01:09:05.488Z,179047134548800
"""dih @ GO72Iwd2XL"" calls 2.00",2026-09-27T01:08:48.882Z,179047132888200
"""rowan @ GthBpPSqaK"" raises to 2.00",2026-09-27T01:08:45.951Z,179047132595100
"""JJJ @ iacG4hF18c"" posts a big blind of 0.50",2026-09-27T01:08:44.167Z,179047132416706
"""dih @ GO72Iwd2XL"" posts a small blind of 0.25",2026-09-27T01:08:44.167Z,179047132416705
"Player stacks: #1 ""rowan @ GthBpPSqaK"" (152.71) | #2 ""dih @ GO72Iwd2XL"" (294.16) | #10 ""JJJ @ iacG4hF18c"" (225.02)",2026-09-27T01:08:44.167Z,179047132416701
"-- starting hand #387 (id: or8sg0mbanat)  No Limit Texas Hold'em (dealer: ""rowan @ GthBpPSqaK"") --",2026-09-27T01:08:44.167Z,179047132416700
"-- ending hand #386 --",2026-09-27T01:08:38.161Z,179047131816104
"""JJJ @ iacG4hF18c"" collected 0.62 from pot with Pair, 8's (combination: 5♥, 9♠, A♥, 8♦, 8♠)",2026-09-27T01:08:38.161Z,179047131816103
"""dih @ GO72Iwd2XL"" collected 0.63 from pot with Pair, 8's (combination: 5♥, 9♠, A♣, 8♦, 8♠)",2026-09-27T01:08:38.161Z,179047131816102
"""JJJ @ iacG4hF18c"" shows a 4♠, A♥.",2026-09-27T01:08:38.161Z,179047131816101
"""dih @ GO72Iwd2XL"" shows a 3♥, A♣.",2026-09-27T01:08:38.161Z,179047131816100
"""JJJ @ iacG4hF18c"" checks",2026-09-27T01:08:37.315Z,179047131731500
"""dih @ GO72Iwd2XL"" checks",2026-09-27T01:08:34.525Z,179047131452500
"River: 9♠, 8♦, 5♥, 8♠ [2♥]",2026-09-27T01:08:32.755Z,179047131275500
"""JJJ @ iacG4hF18c"" checks",2026-09-27T01:08:31.905Z,179047131190500
"""dih @ GO72Iwd2XL"" checks",2026-09-27T01:08:30.956Z,179047131095600
"Turn: 9♠, 8♦, 5♥ [8♠]",2026-09-27T01:08:28.515Z,179047130851500
"""JJJ @ iacG4hF18c"" checks",2026-09-27T01:08:27.708Z,179047130770800
"""dih @ GO72Iwd2XL"" checks",2026-09-27T01:08:24.516Z,179047130451600
"Flop:  [9♠, 8♦, 5♥]",2026-09-27T01:08:23.243Z,179047130324300
"""dih @ GO72Iwd2XL"" checks",2026-09-27T01:08:22.425Z,179047130242500
"""rowan @ GthBpPSqaK"" folds",2026-09-27T01:08:17.543Z,179047129754300
"""JJJ @ iacG4hF18c"" calls 0.50",2026-09-27T01:08:16.656Z,179047129665600
"""dih @ GO72Iwd2XL"" posts a big blind of 0.50",2026-09-27T01:08:11.881Z,179047129188106
"""rowan @ GthBpPSqaK"" posts a small blind of 0.25",2026-09-27T01:08:11.881Z,179047129188105
"Player stacks: #1 ""rowan @ GthBpPSqaK"" (152.96) | #2 ""dih @ GO72Iwd2XL"" (294.03) | #10 ""JJJ @ iacG4hF18c"" (224.90)",2026-09-27T01:08:11.881Z,179047129188101
"-- starting hand #386 (id: fhmoovxk9pxm)  No Limit Texas Hold'em (dealer: ""JJJ @ iacG4hF18c"") --",2026-09-27T01:08:11.881Z,179047129188100
"""JJJ @ iacG4hF18c"" shows a Q♦.",2026-09-27T01:08:09.369Z,179047128936900
"""JJJ @ iacG4hF18c"" shows a K♥.",2026-09-27T01:08:09.027Z,179047128902700
"-- ending hand #385 --",2026-09-27T01:08:08.191Z,179047128819102
"""dih @ GO72Iwd2XL"" collected 30.00 from pot",2026-09-27T01:08:08.191Z,179047128819101
"Uncalled bet of 42.50 returned to ""dih @ GO72Iwd2XL""",2026-09-27T01:08:08.191Z,179047128819100
"""JJJ @ iacG4hF18c"" folds",2026-09-27T01:08:07.363Z,179047128736300
"""dih @ GO72Iwd2XL"" raises to 50.00",2026-09-27T01:07:27.623Z,179047124762300
"""JJJ @ iacG4hF18c"" bets 7.50",2026-09-27T01:07:25.166Z,179047124516600
"River: 9♣, 9♦, Q♣, 10♠ [3♥]",2026-09-27T01:07:21.448Z,179047124144800
"""dih @ GO72Iwd2XL"" checks",2026-09-27T01:07:20.603Z,179047124060300
"""JJJ @ iacG4hF18c"" checks",2026-09-27T01:07:18.299Z,179047123829900
"Turn: 9♣, 9♦, Q♣ [10♠]",2026-09-27T01:07:14.241Z,179047123424100
"""dih @ GO72Iwd2XL"" calls 3.75",2026-09-27T01:07:13.420Z,179047123342000
"""rowan @ GthBpPSqaK"" folds",2026-09-27T01:07:12.369Z,179047123236900
"""JJJ @ iacG4hF18c"" bets 3.75",2026-09-27T01:07:11.340Z,179047123134000
"Flop:  [9♣, 9♦, Q♣]",2026-09-27T01:07:06.441Z,179047122644100
"""rowan @ GthBpPSqaK"" calls 2.50",2026-09-27T01:07:05.630Z,179047122563000
"""JJJ @ iacG4hF18c"" calls 2.50",2026-09-27T01:07:04.760Z,179047122476000
"""dih @ GO72Iwd2XL"" raises to 2.50",2026-09-27T01:07:02.132Z,179047122213200
"""rowan @ GthBpPSqaK"" posts a big blind of 0.50",2026-09-27T01:06:59.084Z,179047121908406
"""JJJ @ iacG4hF18c"" posts a small blind of 0.25",2026-09-27T01:06:59.084Z,179047121908405
"Player stacks: #1 ""rowan @ GthBpPSqaK"" (155.46) | #2 ""dih @ GO72Iwd2XL"" (277.78) | #10 ""JJJ @ iacG4hF18c"" (238.65)",2026-09-27T01:06:59.084Z,179047121908401
"-- starting hand #385 (id: rxwce3usryrf)  No Limit Texas Hold'em (dealer: ""dih @ GO72Iwd2XL"") --",2026-09-27T01:06:59.084Z,179047121908400
"-- ending hand #384 --",2026-09-27T01:06:53.175Z,179047121317502
"""dih @ GO72Iwd2XL"" collected 1.00 from pot",2026-09-27T01:06:53.175Z,179047121317501
"Uncalled bet of 1.50 returned to ""dih @ GO72Iwd2XL""",2026-09-27T01:06:53.175Z,179047121317500
"""JJJ @ iacG4hF18c"" folds",2026-09-27T01:06:52.280Z,179047121228000
"""dih @ GO72Iwd2XL"" raises to 2.00",2026-09-27T01:06:49.206Z,179047120920600
"""rowan @ GthBpPSqaK"" folds",2026-09-27T01:06:46.926Z,179047120692600
"""JJJ @ iacG4hF18c"" posts a big blind of 0.50",2026-09-27T01:06:45.769Z,179047120576906
"""dih @ GO72Iwd2XL"" posts a small blind of 0.25",2026-09-27T01:06:45.769Z,179047120576905
"Player stacks: #1 ""rowan @ GthBpPSqaK"" (155.46) | #2 ""dih @ GO72Iwd2XL"" (277.28) | #10 ""JJJ @ iacG4hF18c"" (239.15)",2026-09-27T01:06:45.769Z,179047120576901
"-- starting hand #384 (id: jt8glmhkc71s)  No Limit Texas Hold'em (dealer: ""rowan @ GthBpPSqaK"") --",2026-09-27T01:06:45.769Z,179047120576900
"""rowan @ GthBpPSqaK"" shows a 6♦.",2026-09-27T01:06:42.353Z,179047120235300
"""JJJ @ iacG4hF18c"" shows a 10♥.",2026-09-27T01:06:39.463Z,179047119946300
"""JJJ @ iacG4hF18c"" shows a Q♣.",2026-09-27T01:06:39.108Z,179047119910800
"-- ending hand #383 --",2026-09-27T01:06:38.467Z,179047119846702
"""JJJ @ iacG4hF18c"" collected 4.25 from pot",2026-09-27T01:06:38.467Z,179047119846701
"Uncalled bet of 3.18 returned to ""JJJ @ iacG4hF18c""",2026-09-27T01:06:38.467Z,179047119846700
"""dih @ GO72Iwd2XL"" folds",2026-09-27T01:06:37.615Z,179047119761500
"""JJJ @ iacG4hF18c"" bets 3.18",2026-09-27T01:06:36.706Z,179047119670600
"""dih @ GO72Iwd2XL"" checks",2026-09-27T01:06:33.785Z,179047119378500
"Flop:  [10♦, 2♥, 5♠]",2026-09-27T01:06:31.663Z,179047119166300
"""JJJ @ iacG4hF18c"" calls 2.00",2026-09-27T01:06:30.819Z,179047119081900
"""dih @ GO72Iwd2XL"" raises to 2.00",2026-09-27T01:06:29.966Z,179047118996600
"""rowan @ GthBpPSqaK"" folds",2026-09-27T01:06:27.789Z,179047118778900
"""JJJ @ iacG4hF18c"" calls 0.50",2026-09-27T01:06:26.876Z,179047118687600
"""dih @ GO72Iwd2XL"" posts a big blind of 0.50",2026-09-27T01:06:25.659Z,179047118565906
"""rowan @ GthBpPSqaK"" posts a small blind of 0.25",2026-09-27T01:06:25.659Z,179047118565905
"Player stacks: #1 ""rowan @ GthBpPSqaK"" (155.71) | #2 ""dih @ GO72Iwd2XL"" (279.28) | #10 ""JJJ @ iacG4hF18c"" (236.90)",2026-09-27T01:06:25.659Z,179047118565901
"-- starting hand #383 (id: dteepi6pmvwr)  No Limit Texas Hold'em (dealer: ""JJJ @ iacG4hF18c"") --",2026-09-27T01:06:25.659Z,179047118565900
"-- ending hand #382 --",2026-09-27T01:06:19.733Z,179047117973302
"""dih @ GO72Iwd2XL"" collected 1.25 from pot",2026-09-27T01:06:19.733Z,179047117973301
"Uncalled bet of 2.00 returned to ""dih @ GO72Iwd2XL""",2026-09-27T01:06:19.733Z,179047117973300
"""rowan @ GthBpPSqaK"" folds",2026-09-27T01:06:18.885Z,179047117888500
"""JJJ @ iacG4hF18c"" folds",2026-09-27T01:06:16.996Z,179047117699600
"""dih @ GO72Iwd2XL"" raises to 2.50",2026-09-27T01:06:13.224Z,179047117322400
"""rowan @ GthBpPSqaK"" posts a big blind of 0.50",2026-09-27T01:06:11.130Z,179047117113006
"""JJJ @ iacG4hF18c"" posts a small blind of 0.25",2026-09-27T01:06:11.130Z,179047117113005
"Player stacks: #1 ""rowan @ GthBpPSqaK"" (156.21) | #2 ""dih @ GO72Iwd2XL"" (278.53) | #10 ""JJJ @ iacG4hF18c"" (237.15)",2026-09-27T01:06:11.130Z,179047117113001
"-- starting hand #382 (id: qlxrmoh5p58a)  No Limit Texas Hold'em (dealer: ""dih @ GO72Iwd2XL"") --",2026-09-27T01:06:11.130Z,179047117113000
"-- ending hand #381 --",2026-09-27T01:06:05.175Z,179047116517502
"""dih @ GO72Iwd2XL"" collected 1.00 from pot",2026-09-27T01:06:05.175Z,179047116517501
"Uncalled bet of 1.50 returned to ""dih @ GO72Iwd2XL""",2026-09-27T01:06:05.175Z,179047116517500
"""JJJ @ iacG4hF18c"" folds",2026-09-27T01:06:04.338Z,179047116433800
"""dih @ GO72Iwd2XL"" raises to 2.00",2026-09-27T01:06:02.864Z,179047116286400
"""rowan @ GthBpPSqaK"" folds",2026-09-27T01:05:58.911Z,179047115891100
"""JJJ @ iacG4hF18c"" posts a big blind of 0.50",2026-09-27T01:05:57.820Z,179047115782006
"""dih @ GO72Iwd2XL"" posts a small blind of 0.25",2026-09-27T01:05:57.820Z,179047115782005
"Player stacks: #1 ""rowan @ GthBpPSqaK"" (156.21) | #2 ""dih @ GO72Iwd2XL"" (278.03) | #10 ""JJJ @ iacG4hF18c"" (237.65)",2026-09-27T01:05:57.820Z,179047115782001
"-- starting hand #381 (id: endzztfdqvfi)  No Limit Texas Hold'em (dealer: ""rowan @ GthBpPSqaK"") --",2026-09-27T01:05:57.820Z,179047115782000
"""rowan @ GthBpPSqaK"" shows a 2♥, 9♣.",2026-09-27T01:05:54.355Z,179047115435500
"""dih @ GO72Iwd2XL"" shows a 10♦.",2026-09-27T01:05:50.713Z,179047115071300
"-- ending hand #380 --",2026-09-27T01:05:50.487Z,179047115048702
"""dih @ GO72Iwd2XL"" collected 0.50 from pot",2026-09-27T01:05:50.487Z,179047115048701
"Uncalled bet of 0.25 returned to ""dih @ GO72Iwd2XL""",2026-09-27T01:05:50.487Z,179047115048700
"""rowan @ GthBpPSqaK"" folds",2026-09-27T01:05:49.662Z,179047114966200
"""JJJ @ iacG4hF18c"" folds",2026-09-27T01:05:48.773Z,179047114877300
"""dih @ GO72Iwd2XL"" posts a big blind of 0.50",2026-09-27T01:05:45.468Z,179047114546806
"""rowan @ GthBpPSqaK"" posts a small blind of 0.25",2026-09-27T01:05:45.468Z,179047114546805
"Player stacks: #1 ""rowan @ GthBpPSqaK"" (156.46) | #2 ""dih @ GO72Iwd2XL"" (277.78) | #10 ""JJJ @ iacG4hF18c"" (237.65)",2026-09-27T01:05:45.468Z,179047114546801
"-- starting hand #380 (id: lwzpegcmxnrb)  No Limit Texas Hold'em (dealer: ""JJJ @ iacG4hF18c"") --",2026-09-27T01:05:45.468Z,179047114546800
"""rowan @ GthBpPSqaK"" shows a 8♦, K♠.",2026-09-27T01:05:40.232Z,179047114023200
"-- ending hand #379 --",2026-09-27T01:05:38.857Z,179047113885702
"""dih @ GO72Iwd2XL"" collected 5.25 from pot",2026-09-27T01:05:38.857Z,179047113885701
"Uncalled bet of 5.25 returned to ""dih @ GO72Iwd2XL""",2026-09-27T01:05:38.857Z,179047113885700
"""rowan @ GthBpPSqaK"" folds",2026-09-27T01:05:38.026Z,179047113802600
"""dih @ GO72Iwd2XL"" bets 5.25",2026-09-27T01:05:36.508Z,179047113650800
"""rowan @ GthBpPSqaK"" checks",2026-09-27T01:05:34.279Z,179047113427900
"Flop:  [9♥, J♦, 3♣]",2026-09-27T01:05:33.454Z,179047113345400
"""rowan @ GthBpPSqaK"" calls 2.50",2026-09-27T01:05:32.647Z,179047113264700
"""JJJ @ iacG4hF18c"" folds",2026-09-27T01:05:31.734Z,179047113173400
"""dih @ GO72Iwd2XL"" raises to 2.50",2026-09-27T01:05:29.629Z,179047112962900
"""rowan @ GthBpPSqaK"" posts a big blind of 0.50",2026-09-27T01:05:27.393Z,179047112739306
"""JJJ @ iacG4hF18c"" posts a small blind of 0.25",2026-09-27T01:05:27.393Z,179047112739305
"Player stacks: #1 ""rowan @ GthBpPSqaK"" (158.96) | #2 ""dih @ GO72Iwd2XL"" (275.03) | #10 ""JJJ @ iacG4hF18c"" (237.90)",2026-09-27T01:05:27.393Z,179047112739301
"-- starting hand #379 (id: 9rlo7eyscikj)  No Limit Texas Hold'em (dealer: ""dih @ GO72Iwd2XL"") --",2026-09-27T01:05:27.393Z,179047112739300
"""JJJ @ iacG4hF18c"" shows a 7♥, Q♥.",2026-09-27T01:05:23.251Z,179047112325100
"""dih @ GO72Iwd2XL"" shows a K♣, 8♦.",2026-09-27T01:05:22.302Z,179047112230200
"-- ending hand #378 --",2026-09-27T01:05:19.991Z,179047111999102
"""dih @ GO72Iwd2XL"" collected 1.00 from pot",2026-09-27T01:05:19.991Z,179047111999101
"Uncalled bet of 2.50 returned to ""dih @ GO72Iwd2XL""",2026-09-27T01:05:19.991Z,179047111999100
"""JJJ @ iacG4hF18c"" folds",2026-09-27T01:05:19.131Z,179047111913100
"""dih @ GO72Iwd2XL"" raises to 3.00",2026-09-27T01:05:15.632Z,179047111563200
"""rowan @ GthBpPSqaK"" folds",2026-09-27T01:05:13.082Z,179047111308200
"""JJJ @ iacG4hF18c"" posts a big blind of 0.50",2026-09-27T01:05:12.051Z,179047111205106
"""dih @ GO72Iwd2XL"" posts a small blind of 0.25",2026-09-27T01:05:12.051Z,179047111205105
"Player stacks: #1 ""rowan @ GthBpPSqaK"" (158.96) | #2 ""dih @ GO72Iwd2XL"" (274.53) | #10 ""JJJ @ iacG4hF18c"" (238.40)",2026-09-27T01:05:12.051Z,179047111205101
"-- starting hand #378 (id: atsk2g5yqmsp)  No Limit Texas Hold'em (dealer: ""rowan @ GthBpPSqaK"") --",2026-09-27T01:05:12.051Z,179047111205100
"""JJJ @ iacG4hF18c"" shows a 6♣, A♠.",2026-09-27T01:05:07.875Z,179047110787500
"-- ending hand #377 --",2026-09-27T01:05:05.436Z,179047110543602
"""JJJ @ iacG4hF18c"" collected 8.50 from pot",2026-09-27T01:05:05.436Z,179047110543601
"Uncalled bet of 4.75 returned to ""JJJ @ iacG4hF18c""",2026-09-27T01:05:05.436Z,179047110543600
"""rowan @ GthBpPSqaK"" folds",2026-09-27T01:05:04.604Z,179047110460400
"""JJJ @ iacG4hF18c"" raises to 6.25",2026-09-27T01:04:57.532Z,179047109753200
"""rowan @ GthBpPSqaK"" bets 1.50",2026-09-27T01:04:52.015Z,179047109201500
"Flop:  [A♣, 3♠, 2♠]",2026-09-27T01:04:48.978Z,179047108897800
"""JJJ @ iacG4hF18c"" calls 2.50",2026-09-27T01:04:48.158Z,179047108815800
"""dih @ GO72Iwd2XL"" folds",2026-09-27T01:04:46.639Z,179047108663900
"""rowan @ GthBpPSqaK"" raises to 2.50",2026-09-27T01:04:45.599Z,179047108559900
"""JJJ @ iacG4hF18c"" calls 0.50",2026-09-27T01:04:42.655Z,179047108265500
"""dih @ GO72Iwd2XL"" posts a big blind of 0.50",2026-09-27T01:04:34.968Z,179047107496806
"""rowan @ GthBpPSqaK"" posts a small blind of 0.25",2026-09-27T01:04:34.968Z,179047107496805
"Player stacks: #1 ""rowan @ GthBpPSqaK"" (162.96) | #2 ""dih @ GO72Iwd2XL"" (275.03) | #10 ""JJJ @ iacG4hF18c"" (233.90)",2026-09-27T01:04:34.968Z,179047107496801
"-- starting hand #377 (id: woeezfu5bcjr)  No Limit Texas Hold'em (dealer: ""JJJ @ iacG4hF18c"") --",2026-09-27T01:04:34.968Z,179047107496800
"-- ending hand #376 --",2026-09-27T01:04:28.961Z,179047106896102
"""rowan @ GthBpPSqaK"" collected 5.25 from pot with Two Pair, J's & 6's (combination: A♦, 6♠, 6♥, J♣, J♦)",2026-09-27T01:04:28.961Z,179047106896101
"""rowan @ GthBpPSqaK"" shows a 6♠, 6♥.",2026-09-27T01:04:28.961Z,179047106896100
"""dih @ GO72Iwd2XL"" checks",2026-09-27T01:04:28.106Z,179047106810600
"""rowan @ GthBpPSqaK"" checks",2026-09-27T01:04:27.152Z,179047106715200
"River: J♣, J♦, 4♦, 3♥ [A♦]",2026-09-27T01:04:26.359Z,179047106635900
"""dih @ GO72Iwd2XL"" checks",2026-09-27T01:04:25.539Z,179047106553900
"""rowan @ GthBpPSqaK"" checks",2026-09-27T01:04:24.558Z,179047106455800
"Turn: J♣, J♦, 4♦ [3♥]",2026-09-27T01:04:22.899Z,179047106289900
"""dih @ GO72Iwd2XL"" checks",2026-09-27T01:04:22.084Z,179047106208400
"""rowan @ GthBpPSqaK"" checks",2026-09-27T01:04:21.179Z,179047106117900
"Flop:  [J♣, J♦, 4♦]",2026-09-27T01:04:20.098Z,179047106009800
"""rowan @ GthBpPSqaK"" calls 2.50",2026-09-27T01:04:19.280Z,179047105928000
"""JJJ @ iacG4hF18c"" folds",2026-09-27T01:04:18.407Z,179047105840700
"""dih @ GO72Iwd2XL"" raises to 2.50",2026-09-27T01:04:10.124Z,179047105012400
"""rowan @ GthBpPSqaK"" posts a big blind of 0.50",2026-09-27T01:04:07.820Z,179047104782006
"""JJJ @ iacG4hF18c"" posts a small blind of 0.25",2026-09-27T01:04:07.820Z,179047104782005
"Player stacks: #1 ""rowan @ GthBpPSqaK"" (160.21) | #2 ""dih @ GO72Iwd2XL"" (277.53) | #10 ""JJJ @ iacG4hF18c"" (234.15)",2026-09-27T01:04:07.820Z,179047104782001
"-- starting hand #376 (id: c666izbgsfuy)  No Limit Texas Hold'em (dealer: ""dih @ GO72Iwd2XL"") --",2026-09-27T01:04:07.820Z,179047104782000
"-- ending hand #375 --",2026-09-27T01:04:01.740Z,179047104174002
"""dih @ GO72Iwd2XL"" collected 8.50 from pot with Pair, 6's (combination: 10♠, J♠, K♣, 6♣, 6♦)",2026-09-27T01:04:01.740Z,179047104174001
"""dih @ GO72Iwd2XL"" shows a 6♣, 8♦.",2026-09-27T01:04:01.740Z,179047104174000
"""rowan @ GthBpPSqaK"" checks",2026-09-27T01:04:00.883Z,179047104088300
"""dih @ GO72Iwd2XL"" checks",2026-09-27T01:03:54.194Z,179047103419400
"River: K♣, 6♦, 10♠, J♠ [5♥]",2026-09-27T01:03:53.071Z,179047103307100
"""rowan @ GthBpPSqaK"" checks",2026-09-27T01:03:52.165Z,179047103216500
"""dih @ GO72Iwd2XL"" checks",2026-09-27T01:03:47.836Z,179047102783600
"Turn: K♣, 6♦, 10♠ [J♠]",2026-09-27T01:03:46.754Z,179047102675400
"""dih @ GO72Iwd2XL"" calls 2.00",2026-09-27T01:03:45.910Z,179047102591000
"""rowan @ GthBpPSqaK"" bets 2.00",2026-09-27T01:03:44.967Z,179047102496700
"""dih @ GO72Iwd2XL"" checks",2026-09-27T01:03:42.431Z,179047102243100
"Flop:  [K♣, 6♦, 10♠]",2026-09-27T01:03:40.863Z,179047102086300
"""JJJ @ iacG4hF18c"" folds",2026-09-27T01:03:40.056Z,179047102005600
"""dih @ GO72Iwd2XL"" calls 2.00",2026-09-27T01:03:36.013Z,179047101601300
"""rowan @ GthBpPSqaK"" raises to 2.00",2026-09-27T01:03:35.105Z,179047101510500
"""JJJ @ iacG4hF18c"" posts a big blind of 0.50",2026-09-27T01:03:33.260Z,179047101326006
"""dih @ GO72Iwd2XL"" posts a small blind of 0.25",2026-09-27T01:03:33.260Z,179047101326005
"Player stacks: #1 ""rowan @ GthBpPSqaK"" (164.21) | #2 ""dih @ GO72Iwd2XL"" (273.03) | #10 ""JJJ @ iacG4hF18c"" (234.65)",2026-09-27T01:03:33.260Z,179047101326001
"-- starting hand #375 (id: 514nwhmhuttv)  No Limit Texas Hold'em (dealer: ""rowan @ GthBpPSqaK"") --",2026-09-27T01:03:33.260Z,179047101326000
"-- ending hand #374 --",2026-09-27T01:03:27.338Z,179047100733802
"""dih @ GO72Iwd2XL"" collected 0.50 from pot",2026-09-27T01:03:27.338Z,179047100733801
"Uncalled bet of 0.25 returned to ""dih @ GO72Iwd2XL""",2026-09-27T01:03:27.338Z,179047100733800
"""rowan @ GthBpPSqaK"" folds",2026-09-27T01:03:26.476Z,179047100647600
"""JJJ @ iacG4hF18c"" folds",2026-09-27T01:03:25.567Z,179047100556700
"""dih @ GO72Iwd2XL"" posts a big blind of 0.50",2026-09-27T01:03:21.438Z,179047100143806
"""rowan @ GthBpPSqaK"" posts a small blind of 0.25",2026-09-27T01:03:21.438Z,179047100143805
"Player stacks: #1 ""rowan @ GthBpPSqaK"" (164.46) | #2 ""dih @ GO72Iwd2XL"" (272.78) | #10 ""JJJ @ iacG4hF18c"" (234.65)",2026-09-27T01:03:21.438Z,179047100143801
"-- starting hand #374 (id: q7lwpnollt1w)  No Limit Texas Hold'em (dealer: ""JJJ @ iacG4hF18c"") --",2026-09-27T01:03:21.438Z,179047100143800
"""rowan @ GthBpPSqaK"" shows a A♠.",2026-09-27T01:03:18.230Z,179047099823000
"-- ending hand #373 --",2026-09-27T01:03:17.715Z,179047099771502
"""dih @ GO72Iwd2XL"" collected 12.75 from pot",2026-09-27T01:03:17.715Z,179047099771501
"Uncalled bet of 12.75 returned to ""dih @ GO72Iwd2XL""",2026-09-27T01:03:17.715Z,179047099771500
"""rowan @ GthBpPSqaK"" folds",2026-09-27T01:03:16.909Z,179047099690900
"""dih @ GO72Iwd2XL"" bets 12.75",2026-09-27T01:03:15.584Z,179047099558400
"""rowan @ GthBpPSqaK"" checks",2026-09-27T01:03:12.711Z,179047099271100
"River: 2♠, 2♣, 9♦, J♣ [9♥]",2026-09-27T01:03:12.194Z,179047099219400
"""rowan @ GthBpPSqaK"" calls 4.25",2026-09-27T01:03:11.351Z,179047099135100
"""dih @ GO72Iwd2XL"" bets 4.25",2026-09-27T01:03:10.463Z,179047099046300
"""rowan @ GthBpPSqaK"" checks",2026-09-27T01:03:08.362Z,179047098836200
"Turn: 2♠, 2♣, 9♦ [J♣]",2026-09-27T01:03:07.508Z,179047098750800
"""dih @ GO72Iwd2XL"" checks",2026-09-27T01:03:06.667Z,179047098666700
"""rowan @ GthBpPSqaK"" checks",2026-09-27T01:03:04.899Z,179047098489900
"Flop:  [2♠, 2♣, 9♦]",2026-09-27T01:03:04.026Z,179047098402600
"""rowan @ GthBpPSqaK"" calls 2.00",2026-09-27T01:03:03.207Z,179047098320700
"""JJJ @ iacG4hF18c"" folds",2026-09-27T01:03:02.288Z,179047098228800
"""dih @ GO72Iwd2XL"" raises to 2.00",2026-09-27T01:03:00.338Z,179047098033800
"""rowan @ GthBpPSqaK"" posts a big blind of 0.50",2026-09-27T01:02:56.692Z,179047097669206
"""JJJ @ iacG4hF18c"" posts a small blind of 0.25",2026-09-27T01:02:56.692Z,179047097669205
"Player stacks: #1 ""rowan @ GthBpPSqaK"" (170.71) | #2 ""dih @ GO72Iwd2XL"" (266.28) | #10 ""JJJ @ iacG4hF18c"" (234.90)",2026-09-27T01:02:56.692Z,179047097669201
"-- starting hand #373 (id: acqnup4tdg4n)  No Limit Texas Hold'em (dealer: ""dih @ GO72Iwd2XL"") --",2026-09-27T01:02:56.692Z,179047097669200
"""JJJ @ iacG4hF18c"" shows a K♥, K♠.",2026-09-27T01:02:50.533Z,179047097053300
"""rowan @ GthBpPSqaK"" shows a J♠, 10♠.",2026-09-27T01:02:49.829Z,179047096982900
"-- ending hand #372 --",2026-09-27T01:02:49.363Z,179047096936302
"""JJJ @ iacG4hF18c"" collected 12.75 from pot",2026-09-27T01:02:49.363Z,179047096936301
"Uncalled bet of 9.56 returned to ""JJJ @ iacG4hF18c""",2026-09-27T01:02:49.363Z,179047096936300
"""rowan @ GthBpPSqaK"" folds",2026-09-27T01:02:48.520Z,179047096852000
"""JJJ @ iacG4hF18c"" bets 9.56",2026-09-27T01:02:42.969Z,179047096296900
"Flop:  [6♥, 5♣, Q♥]",2026-09-27T01:02:38.358Z,179047095835800
"""rowan @ GthBpPSqaK"" calls 6.25",2026-09-27T01:02:37.457Z,179047095745700
"""JJJ @ iacG4hF18c"" raises to 6.25",2026-09-27T01:02:36.295Z,179047095629500
"""dih @ GO72Iwd2XL"" folds",2026-09-27T01:02:32.597Z,179047095259700
"""rowan @ GthBpPSqaK"" raises to 2.00",2026-09-27T01:02:31.343Z,179047095134300
"""JJJ @ iacG4hF18c"" posts a big blind of 0.50",2026-09-27T01:02:29.355Z,179047094935506
"""dih @ GO72Iwd2XL"" posts a small blind of 0.25",2026-09-27T01:02:29.355Z,179047094935505
"Player stacks: #1 ""rowan @ GthBpPSqaK"" (176.96) | #2 ""dih @ GO72Iwd2XL"" (266.53) | #10 ""JJJ @ iacG4hF18c"" (228.40)",2026-09-27T01:02:29.355Z,179047094935501
"-- starting hand #372 (id: 1kmwkbqylibn)  No Limit Texas Hold'em (dealer: ""rowan @ GthBpPSqaK"") --",2026-09-27T01:02:29.355Z,179047094935500
"""rowan @ GthBpPSqaK"" shows a 7♠, 2♣.",2026-09-27T01:02:23.473Z,179047094347300
"""JJJ @ iacG4hF18c"" shows a 7♣, 5♣.",2026-09-27T01:02:22.189Z,179047094218900
"-- ending hand #371 --",2026-09-27T01:02:21.945Z,179047094194502
"""dih @ GO72Iwd2XL"" collected 4.25 from pot",2026-09-27T01:02:21.945Z,179047094194501
"Uncalled bet of 4.25 returned to ""dih @ GO72Iwd2XL""",2026-09-27T01:02:21.945Z,179047094194500
"""JJJ @ iacG4hF18c"" folds",2026-09-27T01:02:21.076Z,179047094107600
"""dih @ GO72Iwd2XL"" bets 4.25",2026-09-27T01:02:20.185Z,179047094018500
"Flop:  [9♦, 8♦, K♦]",2026-09-27T01:02:17.749Z,179047093774900
"""JJJ @ iacG4hF18c"" calls 2.00",2026-09-27T01:02:16.895Z,179047093689500
"""dih @ GO72Iwd2XL"" raises to 2.00",2026-09-27T01:02:15.918Z,179047093591800
"""rowan @ GthBpPSqaK"" folds",2026-09-27T01:02:13.773Z,179047093377300
"""JJJ @ iacG4hF18c"" calls 0.50",2026-09-27T01:02:11.336Z,179047093133600
"""dih @ GO72Iwd2XL"" posts a big blind of 0.50",2026-09-27T01:02:09.935Z,179047092993506
"""rowan @ GthBpPSqaK"" posts a small blind of 0.25",2026-09-27T01:02:09.935Z,179047092993505
"Player stacks: #1 ""rowan @ GthBpPSqaK"" (177.21) | #2 ""dih @ GO72Iwd2XL"" (264.28) | #10 ""JJJ @ iacG4hF18c"" (230.40)",2026-09-27T01:02:09.935Z,179047092993501
"-- starting hand #371 (id: pxo0nng7f2pp)  No Limit Texas Hold'em (dealer: ""JJJ @ iacG4hF18c"") --",2026-09-27T01:02:09.935Z,179047092993500
"-- ending hand #370 --",2026-09-27T01:02:04.005Z,179047092400502
"""rowan @ GthBpPSqaK"" collected 0.50 from pot",2026-09-27T01:02:04.005Z,179047092400501
"Uncalled bet of 0.25 returned to ""rowan @ GthBpPSqaK""",2026-09-27T01:02:04.005Z,179047092400500
"""JJJ @ iacG4hF18c"" folds",2026-09-27T01:02:03.158Z,179047092315800
"""dih @ GO72Iwd2XL"" folds",2026-09-27T01:02:02.283Z,179047092228300
"""rowan @ GthBpPSqaK"" posts a big blind of 0.50",2026-09-27T01:02:00.988Z,179047092098806
"""JJJ @ iacG4hF18c"" posts a small blind of 0.25",2026-09-27T01:02:00.988Z,179047092098805
"Player stacks: #1 ""rowan @ GthBpPSqaK"" (176.96) | #2 ""dih @ GO72Iwd2XL"" (264.28) | #10 ""JJJ @ iacG4hF18c"" (230.65)",2026-09-27T01:02:00.988Z,179047092098801
"-- starting hand #370 (id: fxh0ns9j7bdi)  No Limit Texas Hold'em (dealer: ""dih @ GO72Iwd2XL"") --",2026-09-27T01:02:00.988Z,179047092098800
"-- ending hand #369 --",2026-09-27T01:01:55.075Z,179047091507502
"""rowan @ GthBpPSqaK"" collected 31.50 from pot",2026-09-27T01:01:55.075Z,179047091507501
"Uncalled bet of 23.62 returned to ""rowan @ GthBpPSqaK""",2026-09-27T01:01:55.075Z,179047091507500
"""dih @ GO72Iwd2XL"" folds",2026-09-27T01:01:54.186Z,179047091418600
"""rowan @ GthBpPSqaK"" bets 23.62",2026-09-27T01:01:52.894Z,179047091289400
"""dih @ GO72Iwd2XL"" checks",2026-09-27T01:01:50.246Z,179047091024600
"Flop:  [8♦, 9♦, 6♣]",2026-09-27T01:01:47.667Z,179047090766700
"""dih @ GO72Iwd2XL"" calls 15.50",2026-09-27T01:01:46.770Z,179047090677000
"""rowan @ GthBpPSqaK"" raises to 15.50",2026-09-27T01:01:45.058Z,179047090505800
"""JJJ @ iacG4hF18c"" folds",2026-09-27T01:01:39.473Z,179047089947300
"""dih @ GO72Iwd2XL"" raises to 5.50",2026-09-27T01:01:34.501Z,179047089450100
"""rowan @ GthBpPSqaK"" raises to 2.00",2026-09-27T01:01:31.251Z,179047089125100
"""JJJ @ iacG4hF18c"" posts a big blind of 0.50",2026-09-27T01:01:29.074Z,179047088907406
"""dih @ GO72Iwd2XL"" posts a small blind of 0.25",2026-09-27T01:01:29.074Z,179047088907405
"Player stacks: #1 ""rowan @ GthBpPSqaK"" (160.96) | #2 ""dih @ GO72Iwd2XL"" (279.78) | #10 ""JJJ @ iacG4hF18c"" (231.15)",2026-09-27T01:01:29.074Z,179047088907401
"-- starting hand #369 (id: mf0icnqsabrn)  No Limit Texas Hold'em (dealer: ""rowan @ GthBpPSqaK"") --",2026-09-27T01:01:29.074Z,179047088907400
"""dih @ GO72Iwd2XL"" shows a 6♠, 7♣.",2026-09-27T01:01:26.849Z,179047088684900
"-- ending hand #368 --",2026-09-27T01:01:25.443Z,179047088544302
"""dih @ GO72Iwd2XL"" collected 16.50 from pot",2026-09-27T01:01:25.443Z,179047088544301
"Uncalled bet of 16.50 returned to ""dih @ GO72Iwd2XL""",2026-09-27T01:01:25.443Z,179047088544300
"""rowan @ GthBpPSqaK"" folds",2026-09-27T01:01:24.578Z,179047088457800
"""dih @ GO72Iwd2XL"" bets 16.50",2026-09-27T01:01:22.773Z,179047088277300
"""rowan @ GthBpPSqaK"" checks",2026-09-27T01:01:20.089Z,179047088008900
"River: A♣, A♥, A♠, 7♦ [5♥]",2026-09-27T01:01:19.685Z,179047087968500
"""rowan @ GthBpPSqaK"" calls 5.50",2026-09-27T01:01:18.882Z,179047087888200
"""dih @ GO72Iwd2XL"" bets 5.50",2026-09-27T01:01:17.902Z,179047087790200
"""rowan @ GthBpPSqaK"" checks",2026-09-27T01:01:15.556Z,179047087555600
"Turn: A♣, A♥, A♠ [7♦]",2026-09-27T01:01:14.863Z,179047087486300
"""dih @ GO72Iwd2XL"" checks",2026-09-27T01:01:14.054Z,179047087405400
"""rowan @ GthBpPSqaK"" checks",2026-09-27T01:01:12.527Z,179047087252700
"Flop:  [A♣, A♥, A♠]",2026-09-27T01:01:11.025Z,179047087102500
"""JJJ @ iacG4hF18c"" folds",2026-09-27T01:01:10.113Z,179047087011300
"""dih @ GO72Iwd2XL"" calls 2.50",2026-09-27T01:01:03.065Z,179047086306500
"""rowan @ GthBpPSqaK"" raises to 2.50",2026-09-27T01:01:00.275Z,179047086027500
"""JJJ @ iacG4hF18c"" calls 0.50",2026-09-27T01:00:57.295Z,179047085729500
"""dih @ GO72Iwd2XL"" posts a big blind of 0.50",2026-09-27T01:00:55.264Z,179047085526406
"""rowan @ GthBpPSqaK"" posts a small blind of 0.25",2026-09-27T01:00:55.264Z,179047085526405
"Player stacks: #1 ""rowan @ GthBpPSqaK"" (168.96) | #2 ""dih @ GO72Iwd2XL"" (271.28) | #10 ""JJJ @ iacG4hF18c"" (231.65)",2026-09-27T01:00:55.264Z,179047085526401
"-- starting hand #368 (id: 8jrjwzatepba)  No Limit Texas Hold'em (dealer: ""JJJ @ iacG4hF18c"") --",2026-09-27T01:00:55.264Z,179047085526400
"""JJJ @ iacG4hF18c"" shows a 7♥, 7♠.",2026-09-27T01:00:52.480Z,179047085248000
"""rowan @ GthBpPSqaK"" shows a J♠.",2026-09-27T01:00:51.637Z,179047085163700
"-- ending hand #367 --",2026-09-27T01:00:50.954Z,179047085095402
"""JJJ @ iacG4hF18c"" collected 37.50 from pot",2026-09-27T01:00:50.954Z,179047085095401
"Uncalled bet of 37.50 returned to ""JJJ @ iacG4hF18c""",2026-09-27T01:00:50.954Z,179047085095400
"""rowan @ GthBpPSqaK"" folds",2026-09-27T01:00:50.134Z,179047085013400
"""JJJ @ iacG4hF18c"" bets 37.50",2026-09-27T01:00:44.996Z,179047084499600
"River: J♣, 7♦, 6♥, Q♠ [6♦]",2026-09-27T01:00:40.451Z,179047084045100
"""rowan @ GthBpPSqaK"" calls 11.25",2026-09-27T01:00:39.641Z,179047083964100
"""JJJ @ iacG4hF18c"" bets 11.25",2026-09-27T01:00:35.487Z,179047083548700
"Turn: J♣, 7♦, 6♥ [Q♠]",2026-09-27T01:00:31.713Z,179047083171300
"""dih @ GO72Iwd2XL"" folds",2026-09-27T01:00:30.850Z,179047083085000
"""rowan @ GthBpPSqaK"" calls 3.75",2026-09-27T01:00:29.840Z,179047082984000
"""JJJ @ iacG4hF18c"" bets 3.75",2026-09-27T01:00:28.921Z,179047082892100
"Flop:  [J♣, 7♦, 6♥]",2026-09-27T01:00:23.599Z,179047082359900
"""rowan @ GthBpPSqaK"" calls 2.50",2026-09-27T01:00:22.762Z,179047082276200
"""JJJ @ iacG4hF18c"" calls 2.50",2026-09-27T01:00:21.842Z,179047082184200
"""dih @ GO72Iwd2XL"" raises to 2.50",2026-09-27T01:00:09.113Z,179047080911300
"""rowan @ GthBpPSqaK"" posts a big blind of 0.50",2026-09-27T01:00:06.550Z,179047080655006
"""JJJ @ iacG4hF18c"" posts a small blind of 0.25",2026-09-27T01:00:06.550Z,179047080655005
"Player stacks: #1 ""rowan @ GthBpPSqaK"" (186.46) | #2 ""dih @ GO72Iwd2XL"" (273.78) | #10 ""JJJ @ iacG4hF18c"" (211.65)",2026-09-27T01:00:06.550Z,179047080655001
"-- starting hand #367 (id: p0accgfxsb4w)  No Limit Texas Hold'em (dealer: ""dih @ GO72Iwd2XL"") --",2026-09-27T01:00:06.550Z,179047080655000
"-- ending hand #366 --",2026-09-27T01:00:00.602Z,179047080060202
"""JJJ @ iacG4hF18c"" collected 0.50 from pot",2026-09-27T01:00:00.602Z,179047080060201
"Uncalled bet of 0.25 returned to ""JJJ @ iacG4hF18c""",2026-09-27T01:00:00.602Z,179047080060200
"""dih @ GO72Iwd2XL"" folds",2026-09-27T00:59:59.719Z,179047079971900
"""rowan @ GthBpPSqaK"" folds",2026-09-27T00:59:58.772Z,179047079877200
"""JJJ @ iacG4hF18c"" posts a big blind of 0.50",2026-09-27T00:59:57.768Z,179047079776806
"""dih @ GO72Iwd2XL"" posts a small blind of 0.25",2026-09-27T00:59:57.768Z,179047079776805
"Player stacks: #1 ""rowan @ GthBpPSqaK"" (186.46) | #2 ""dih @ GO72Iwd2XL"" (274.03) | #10 ""JJJ @ iacG4hF18c"" (211.40)",2026-09-27T00:59:57.768Z,179047079776801
"-- starting hand #366 (id: d3caouv1nowr)  No Limit Texas Hold'em (dealer: ""rowan @ GthBpPSqaK"") --",2026-09-27T00:59:57.768Z,179047079776800
"-- ending hand #365 --",2026-09-27T00:59:51.799Z,179047079179902
"""dih @ GO72Iwd2XL"" collected 5.25 from pot",2026-09-27T00:59:51.799Z,179047079179901
"Uncalled bet of 5.25 returned to ""dih @ GO72Iwd2XL""",2026-09-27T00:59:51.799Z,179047079179900
"""JJJ @ iacG4hF18c"" folds",2026-09-27T00:59:50.987Z,179047079098700
"""dih @ GO72Iwd2XL"" bets 5.25",2026-09-27T00:59:45.349Z,179047078534900
"Flop:  [Q♠, 5♠, 5♣]",2026-09-27T00:59:42.880Z,179047078288000
"""JJJ @ iacG4hF18c"" calls 2.50",2026-09-27T00:59:42.071Z,179047078207100
"""dih @ GO72Iwd2XL"" raises to 2.50",2026-09-27T00:59:35.442Z,179047077544200
"""rowan @ GthBpPSqaK"" folds",2026-09-27T00:59:32.625Z,179047077262500
"""JJJ @ iacG4hF18c"" calls 0.50",2026-09-27T00:59:31.760Z,179047077176000
"""dih @ GO72Iwd2XL"" posts a big blind of 0.50",2026-09-27T00:59:30.352Z,179047077035206
"""rowan @ GthBpPSqaK"" posts a small blind of 0.25",2026-09-27T00:59:30.352Z,179047077035205
"Player stacks: #1 ""rowan @ GthBpPSqaK"" (186.71) | #2 ""dih @ GO72Iwd2XL"" (271.28) | #10 ""JJJ @ iacG4hF18c"" (213.90)",2026-09-27T00:59:30.352Z,179047077035201
"-- starting hand #365 (id: ppxf77uylcka)  No Limit Texas Hold'em (dealer: ""JJJ @ iacG4hF18c"") --",2026-09-27T00:59:30.352Z,179047077035200
"-- ending hand #364 --",2026-09-27T00:59:24.347Z,179047076434702
"""rowan @ GthBpPSqaK"" collected 1.00 from pot",2026-09-27T00:59:24.347Z,179047076434701
"Uncalled bet of 2.00 returned to ""rowan @ GthBpPSqaK""",2026-09-27T00:59:24.347Z,179047076434700
"""JJJ @ iacG4hF18c"" folds",2026-09-27T00:59:23.434Z,179047076343400
"""rowan @ GthBpPSqaK"" raises to 2.50",2026-09-27T00:59:20.699Z,179047076069900
"""JJJ @ iacG4hF18c"" calls 0.50",2026-09-27T00:59:17.799Z,179047075779900
"""dih @ GO72Iwd2XL"" folds",2026-09-27T00:59:12.497Z,179047075249700
"""rowan @ GthBpPSqaK"" posts a big blind of 0.50",2026-09-27T00:59:11.123Z,179047075112306
"""JJJ @ iacG4hF18c"" posts a small blind of 0.25",2026-09-27T00:59:11.123Z,179047075112305
"Player stacks: #1 ""rowan @ GthBpPSqaK"" (186.21) | #2 ""dih @ GO72Iwd2XL"" (271.28) | #10 ""JJJ @ iacG4hF18c"" (214.40)",2026-09-27T00:59:11.123Z,179047075112301
"-- starting hand #364 (id: hnh1qeetifb0)  No Limit Texas Hold'em (dealer: ""dih @ GO72Iwd2XL"") --",2026-09-27T00:59:11.123Z,179047075112300
"-- ending hand #363 --",2026-09-27T00:59:05.100Z,179047074510003
"""rowan @ GthBpPSqaK"" collected 47.50 from pot with Two Pair, K's & 7's (combination: J♥, 7♦, 7♣, K♠, K♣)",2026-09-27T00:59:05.100Z,179047074510002
"""rowan @ GthBpPSqaK"" shows a K♠, 9♣.",2026-09-27T00:59:05.100Z,179047074510001
"""dih @ GO72Iwd2XL"" shows a A♣, Q♣.",2026-09-27T00:59:05.100Z,179047074510000
"""rowan @ GthBpPSqaK"" checks",2026-09-27T00:59:04.229Z,179047074422900
"""dih @ GO72Iwd2XL"" checks",2026-09-27T00:59:03.180Z,179047074318000
"River: 8♦, K♣, 7♦, 7♣ [J♥]",2026-09-27T00:59:01.594Z,179047074159400
"""dih @ GO72Iwd2XL"" calls 14.25",2026-09-27T00:59:00.762Z,179047074076200
"""rowan @ GthBpPSqaK"" bets 14.25",2026-09-27T00:58:59.754Z,179047073975400
"""dih @ GO72Iwd2XL"" checks",2026-09-27T00:58:57.408Z,179047073740800
"Turn: 8♦, K♣, 7♦ [7♣]",2026-09-27T00:58:49.765Z,179047072976500
"""dih @ GO72Iwd2XL"" calls 4.75",2026-09-27T00:58:48.951Z,179047072895100
"""rowan @ GthBpPSqaK"" bets 4.75",2026-09-27T00:58:47.120Z,179047072712000
"""dih @ GO72Iwd2XL"" checks",2026-09-27T00:58:41.614Z,179047072161400
"Flop:  [8♦, K♣, 7♦]",2026-09-27T00:58:38.691Z,179047071869100
"""rowan @ GthBpPSqaK"" calls 4.50",2026-09-27T00:58:37.880Z,179047071788000
"""JJJ @ iacG4hF18c"" folds",2026-09-27T00:58:33.970Z,179047071397000
"""dih @ GO72Iwd2XL"" raises to 4.50",2026-09-27T00:58:32.834Z,179047071283400
"""rowan @ GthBpPSqaK"" raises to 1.50",2026-09-27T00:58:29.751Z,179047070975100
"""JJJ @ iacG4hF18c"" posts a big blind of 0.50",2026-09-27T00:58:27.472Z,179047070747206
"""dih @ GO72Iwd2XL"" posts a small blind of 0.25",2026-09-27T00:58:27.472Z,179047070747205
"Player stacks: #1 ""rowan @ GthBpPSqaK"" (162.21) | #2 ""dih @ GO72Iwd2XL"" (294.78) | #10 ""JJJ @ iacG4hF18c"" (214.90)",2026-09-27T00:58:27.472Z,179047070747201
"-- starting hand #363 (id: oocycx11etpn)  No Limit Texas Hold'em (dealer: ""rowan @ GthBpPSqaK"") --",2026-09-27T00:58:27.472Z,179047070747200
"-- ending hand #362 --",2026-09-27T00:58:21.444Z,179047070144402
"""rowan @ GthBpPSqaK"" collected 4.50 from pot with Pair, 5's (combination: 8♦, Q♦, A♠, 5♣, 5♦)",2026-09-27T00:58:21.444Z,179047070144401
"""rowan @ GthBpPSqaK"" shows a 8♦, A♠.",2026-09-27T00:58:21.444Z,179047070144400
"""dih @ GO72Iwd2XL"" checks",2026-09-27T00:58:20.596Z,179047070059600
"""rowan @ GthBpPSqaK"" checks",2026-09-27T00:58:19.675Z,179047069967500
"River: 5♣, 5♦, Q♦, 6♥ [3♦]",2026-09-27T00:58:19.512Z,179047069951200
"""dih @ GO72Iwd2XL"" checks",2026-09-27T00:58:18.688Z,179047069868800
"""rowan @ GthBpPSqaK"" checks",2026-09-27T00:58:17.746Z,179047069774600
"Turn: 5♣, 5♦, Q♦ [6♥]",2026-09-27T00:58:17.265Z,179047069726500
"""dih @ GO72Iwd2XL"" checks",2026-09-27T00:58:16.458Z,179047069645800
"""rowan @ GthBpPSqaK"" checks",2026-09-27T00:58:10.750Z,179047069075000
"Flop:  [5♣, 5♦, Q♦]",2026-09-27T00:58:09.710Z,179047068971000
"""rowan @ GthBpPSqaK"" calls 2.00",2026-09-27T00:58:08.896Z,179047068889600
"""JJJ @ iacG4hF18c"" folds",2026-09-27T00:58:08.050Z,179047068805000
"""dih @ GO72Iwd2XL"" raises to 2.00",2026-09-27T00:58:06.028Z,179047068602800
"""rowan @ GthBpPSqaK"" calls 0.50",2026-09-27T00:58:03.361Z,179047068336100
"""JJJ @ iacG4hF18c"" calls 0.50",2026-09-27T00:58:02.276Z,179047068227600
"""dih @ GO72Iwd2XL"" posts a big blind of 0.50",2026-09-27T00:58:00.764Z,179047068076406
"""rowan @ GthBpPSqaK"" posts a small blind of 0.25",2026-09-27T00:58:00.764Z,179047068076405
"Player stacks: #1 ""rowan @ GthBpPSqaK"" (159.71) | #2 ""dih @ GO72Iwd2XL"" (296.78) | #10 ""JJJ @ iacG4hF18c"" (215.40)",2026-09-27T00:58:00.764Z,179047068076401
"-- starting hand #362 (id: ordsdzh8ohns)  No Limit Texas Hold'em (dealer: ""JJJ @ iacG4hF18c"") --",2026-09-27T00:58:00.764Z,179047068076400
"-- ending hand #361 --",2026-09-27T00:57:54.736Z,179047067473603
"""rowan @ GthBpPSqaK"" shows a 10♥, A♥.",2026-09-27T00:57:54.736Z,179047067473602
"""dih @ GO72Iwd2XL"" collected 296.78 from pot with Full House, 9's over A's (combination: A♠, A♦, 9♠, 9♦, 9♥)",2026-09-27T00:57:54.736Z,179047067473601
"""dih @ GO72Iwd2XL"" shows a A♠, 9♠.",2026-09-27T00:57:54.736Z,179047067473600
"""rowan @ GthBpPSqaK"" calls 86.89",2026-09-27T00:57:53.911Z,179047067391100
"""dih @ GO72Iwd2XL"" bets 86.89 and go all in",2026-09-27T00:57:22.966Z,179047064296600
"""rowan @ GthBpPSqaK"" checks",2026-09-27T00:57:20.623Z,179047064062300
"River: 9♦, J♥, 9♥, A♦ [6♦]",2026-09-27T00:57:19.995Z,179047063999500
"""rowan @ GthBpPSqaK"" calls 30.75",2026-09-27T00:57:19.186Z,179047063918600
"""dih @ GO72Iwd2XL"" bets 30.75",2026-09-27T00:57:18.127Z,179047063812700
"""rowan @ GthBpPSqaK"" checks",2026-09-27T00:57:15.039Z,179047063503900
"Turn: 9♦, J♥, 9♥ [A♦]",2026-09-27T00:57:13.393Z,179047063339300
"""rowan @ GthBpPSqaK"" calls 20.50",2026-09-27T00:57:12.533Z,179047063253300
"""dih @ GO72Iwd2XL"" bets 20.50",2026-09-27T00:57:11.486Z,179047063148600
"""rowan @ GthBpPSqaK"" checks",2026-09-27T00:57:09.466Z,179047062946600
"Flop:  [9♦, J♥, 9♥]",2026-09-27T00:57:08.027Z,179047062802700
"""rowan @ GthBpPSqaK"" calls 10.00",2026-09-27T00:57:07.220Z,179047062722000
"""JJJ @ iacG4hF18c"" folds",2026-09-27T00:57:06.324Z,179047062632400
"""dih @ GO72Iwd2XL"" raises to 10.00",2026-09-27T00:57:04.829Z,179047062482900
"""rowan @ GthBpPSqaK"" raises to 2.50",2026-09-27T00:57:00.215Z,179047062021500
"""JJJ @ iacG4hF18c"" calls 0.50",2026-09-27T00:56:42.139Z,179047060213900
"""dih @ GO72Iwd2XL"" calls 0.50",2026-09-27T00:56:37.498Z,179047059749800
"""rowan @ GthBpPSqaK"" posts a big blind of 0.50",2026-09-27T00:56:33.357Z,179047059335706
"""JJJ @ iacG4hF18c"" posts a small blind of 0.25",2026-09-27T00:56:33.357Z,179047059335705
"Player stacks: #1 ""rowan @ GthBpPSqaK"" (307.85) | #2 ""dih @ GO72Iwd2XL"" (148.14) | #10 ""JJJ @ iacG4hF18c"" (215.90)",2026-09-27T00:56:33.357Z,179047059335701
"-- starting hand #361 (id: lbdgjjo2thhk)  No Limit Texas Hold'em (dealer: ""dih @ GO72Iwd2XL"") --",2026-09-27T00:56:33.357Z,179047059335700
"-- ending hand #360 --",2026-09-27T00:56:27.342Z,179047058734203
"""rowan @ GthBpPSqaK"" collected 18.00 from pot with Pair, K's (combination: 9♣, 10♦, A♦, K♦, K♠)",2026-09-27T00:56:27.342Z,179047058734202
"""rowan @ GthBpPSqaK"" shows a K♦, A♦.",2026-09-27T00:56:27.342Z,179047058734201
"""dih @ GO72Iwd2XL"" shows a 9♥, 8♦.",2026-09-27T00:56:27.342Z,179047058734200
"""rowan @ GthBpPSqaK"" checks",2026-09-27T00:56:26.426Z,179047058642600
"""dih @ GO72Iwd2XL"" checks",2026-09-27T00:56:24.022Z,179047058402200
"River: 9♣, 10♦, 7♠, 5♥ [K♠]",2026-09-27T00:56:20.936Z,179047058093600
"""rowan @ GthBpPSqaK"" calls 6.00",2026-09-27T00:56:20.101Z,179047058010100
"""JJJ @ iacG4hF18c"" folds",2026-09-27T00:56:16.247Z,179047057624700
"""dih @ GO72Iwd2XL"" bets 6.00",2026-09-27T00:56:14.744Z,179047057474400
"Turn: 9♣, 10♦, 7♠ [5♥]",2026-09-27T00:56:12.755Z,179047057275500
"""rowan @ GthBpPSqaK"" checks",2026-09-27T00:56:11.875Z,179047057187500
"""JJJ @ iacG4hF18c"" checks",2026-09-27T00:56:10.422Z,179047057042200
"""dih @ GO72Iwd2XL"" checks",2026-09-27T00:56:09.083Z,179047056908300
"Flop:  [9♣, 10♦, 7♠]",2026-09-27T00:56:07.098Z,179047056709800
"""JJJ @ iacG4hF18c"" calls 2.00",2026-09-27T00:56:06.152Z,179047056615200
"""dih @ GO72Iwd2XL"" calls 2.00",2026-09-27T00:55:58.494Z,179047055849400
"""rowan @ GthBpPSqaK"" raises to 2.00",2026-09-27T00:55:57.261Z,179047055726100
"""JJJ @ iacG4hF18c"" posts a big blind of 0.50",2026-09-27T00:55:52.049Z,179047055204906
"""dih @ GO72Iwd2XL"" posts a small blind of 0.25",2026-09-27T00:55:52.049Z,179047055204905
"Player stacks: #1 ""rowan @ GthBpPSqaK"" (297.85) | #2 ""dih @ GO72Iwd2XL"" (156.14) | #10 ""JJJ @ iacG4hF18c"" (217.90)",2026-09-27T00:55:52.049Z,179047055204901
"-- starting hand #360 (id: phfqmx570rip)  No Limit Texas Hold'em (dealer: ""rowan @ GthBpPSqaK"") --",2026-09-27T00:55:52.049Z,179047055204900
"""rowan @ GthBpPSqaK"" shows a 6♣.",2026-09-27T00:55:47.646Z,179047054764600
"-- ending hand #359 --",2026-09-27T00:55:45.439Z,179047054543902
"""dih @ GO72Iwd2XL"" collected 7.50 from pot",2026-09-27T00:55:45.439Z,179047054543901
"Uncalled bet of 7.50 returned to ""dih @ GO72Iwd2XL""",2026-09-27T00:55:45.439Z,179047054543900
"""rowan @ GthBpPSqaK"" folds",2026-09-27T00:55:44.575Z,179047054457500
"""JJJ @ iacG4hF18c"" folds",2026-09-27T00:55:43.278Z,179047054327800
"""dih @ GO72Iwd2XL"" bets 7.50",2026-09-27T00:55:42.259Z,179047054225900
"""rowan @ GthBpPSqaK"" checks",2026-09-27T00:55:40.048Z,179047054004800
"Flop:  [4♣, 7♦, 10♣]",2026-09-27T00:55:39.278Z,179047053927800
"""rowan @ GthBpPSqaK"" calls 2.50",2026-09-27T00:55:38.393Z,179047053839300
"""JJJ @ iacG4hF18c"" calls 2.50",2026-09-27T00:55:37.424Z,179047053742400
"""dih @ GO72Iwd2XL"" raises to 2.50",2026-09-27T00:55:36.012Z,179047053601200
"""rowan @ GthBpPSqaK"" calls 0.50",2026-09-27T00:55:33.875Z,179047053387500
"""JJJ @ iacG4hF18c"" calls 0.50",2026-09-27T00:55:32.136Z,179047053213600
"""dih @ GO72Iwd2XL"" posts a big blind of 0.50",2026-09-27T00:55:31.282Z,179047053128206
"""rowan @ GthBpPSqaK"" posts a small blind of 0.25",2026-09-27T00:55:31.282Z,179047053128205
"Player stacks: #1 ""rowan @ GthBpPSqaK"" (300.35) | #2 ""dih @ GO72Iwd2XL"" (151.14) | #10 ""JJJ @ iacG4hF18c"" (220.40)",2026-09-27T00:55:31.282Z,179047053128201
"-- starting hand #359 (id: 3zl9bwyzkdo6)  No Limit Texas Hold'em (dealer: ""JJJ @ iacG4hF18c"") --",2026-09-27T00:55:31.282Z,179047053128200
"""rowan @ GthBpPSqaK"" shows a 6♦, 2♦.",2026-09-27T00:55:28.098Z,179047052809800
"-- ending hand #358 --",2026-09-27T00:55:27.678Z,179047052767802
"""JJJ @ iacG4hF18c"" collected 1.00 from pot",2026-09-27T00:55:27.678Z,179047052767801
"Uncalled bet of 1.00 returned to ""JJJ @ iacG4hF18c""",2026-09-27T00:55:27.678Z,179047052767800
"""rowan @ GthBpPSqaK"" folds",2026-09-27T00:55:26.863Z,179047052686300
"""JJJ @ iacG4hF18c"" bets 1.00",2026-09-27T00:55:25.516Z,179047052551600
"River: 10♣, 8♦, 4♠, 7♣ [K♥]",2026-09-27T00:55:23.056Z,179047052305600
"""rowan @ GthBpPSqaK"" checks",2026-09-27T00:55:22.222Z,179047052222200
"""JJJ @ iacG4hF18c"" checks",2026-09-27T00:55:21.280Z,179047052128000
"Turn: 10♣, 8♦, 4♠ [7♣]",2026-09-27T00:55:20.181Z,179047052018100
"""rowan @ GthBpPSqaK"" checks",2026-09-27T00:55:19.308Z,179047051930800
"""JJJ @ iacG4hF18c"" checks",2026-09-27T00:55:18.460Z,179047051846000
"Flop:  [10♣, 8♦, 4♠]",2026-09-27T00:55:16.870Z,179047051687000
"""rowan @ GthBpPSqaK"" checks",2026-09-27T00:55:16.052Z,179047051605200
"""JJJ @ iacG4hF18c"" calls 0.50",2026-09-27T00:55:15.102Z,179047051510200
"""dih @ GO72Iwd2XL"" folds",2026-09-27T00:55:13.208Z,179047051320800
"""rowan @ GthBpPSqaK"" posts a big blind of 0.50",2026-09-27T00:55:10.973Z,179047051097306
"""JJJ @ iacG4hF18c"" posts a small blind of 0.25",2026-09-27T00:55:10.973Z,179047051097305
"Player stacks: #1 ""rowan @ GthBpPSqaK"" (300.85) | #2 ""dih @ GO72Iwd2XL"" (151.14) | #10 ""JJJ @ iacG4hF18c"" (219.90)",2026-09-27T00:55:10.973Z,179047051097301
"-- starting hand #358 (id: raopgn2cpnmd)  No Limit Texas Hold'em (dealer: ""dih @ GO72Iwd2XL"") --",2026-09-27T00:55:10.973Z,179047051097300
"-- ending hand #357 --",2026-09-27T00:55:05.050Z,179047050505002
"""JJJ @ iacG4hF18c"" collected 0.50 from pot",2026-09-27T00:55:05.050Z,179047050505001
"Uncalled bet of 0.25 returned to ""JJJ @ iacG4hF18c""",2026-09-27T00:55:05.050Z,179047050505000
"""dih @ GO72Iwd2XL"" folds",2026-09-27T00:55:04.238Z,179047050423800
"""rowan @ GthBpPSqaK"" folds",2026-09-27T00:55:02.620Z,179047050262000
"""JJJ @ iacG4hF18c"" posts a big blind of 0.50",2026-09-27T00:55:01.562Z,179047050156206
"""dih @ GO72Iwd2XL"" posts a small blind of 0.25",2026-09-27T00:55:01.562Z,179047050156205
"Player stacks: #1 ""rowan @ GthBpPSqaK"" (300.85) | #2 ""dih @ GO72Iwd2XL"" (151.39) | #10 ""JJJ @ iacG4hF18c"" (219.65)",2026-09-27T00:55:01.562Z,179047050156201
"-- starting hand #357 (id: ljw4kujnufon)  No Limit Texas Hold'em (dealer: ""rowan @ GthBpPSqaK"") --",2026-09-27T00:55:01.562Z,179047050156200
"-- ending hand #356 --",2026-09-27T00:54:55.517Z,179047049551703
"""JJJ @ iacG4hF18c"" collected 97.47 from pot with Two Pair, A's & 9's (combination: Q♠, 9♣, 9♦, A♦, A♣)",2026-09-27T00:54:55.517Z,179047049551702
"""JJJ @ iacG4hF18c"" shows a 9♣, 9♦.",2026-09-27T00:54:55.517Z,179047049551701
"""dih @ GO72Iwd2XL"" shows a 9♥, 7♥.",2026-09-27T00:54:55.517Z,179047049551700
"""JJJ @ iacG4hF18c"" calls 32.49",2026-09-27T00:54:54.661Z,179047049466100
"""dih @ GO72Iwd2XL"" bets 32.49",2026-09-27T00:54:50.650Z,179047049065000
"River: A♦, 6♥, A♣, 4♣ [Q♠]",2026-09-27T00:54:45.889Z,179047048588900
"""JJJ @ iacG4hF18c"" checks",2026-09-27T00:54:44.986Z,179047048498600
"""dih @ GO72Iwd2XL"" checks",2026-09-27T00:54:43.717Z,179047048371700
"Turn: A♦, 6♥, A♣ [4♣]",2026-09-27T00:54:40.529Z,179047048052900
"""dih @ GO72Iwd2XL"" calls 8.12",2026-09-27T00:54:39.692Z,179047047969200
"""JJJ @ iacG4hF18c"" bets 8.12",2026-09-27T00:54:38.424Z,179047047842400
"""dih @ GO72Iwd2XL"" checks",2026-09-27T00:54:33.449Z,179047047344900
"Flop:  [A♦, 6♥, A♣]",2026-09-27T00:54:30.520Z,179047047052000
"""rowan @ GthBpPSqaK"" folds",2026-09-27T00:54:29.685Z,179047046968500
"""JJJ @ iacG4hF18c"" calls 7.00",2026-09-27T00:54:28.160Z,179047046816000
"""dih @ GO72Iwd2XL"" raises to 7.00",2026-09-27T00:54:26.338Z,179047046633800
"""rowan @ GthBpPSqaK"" calls 2.25",2026-09-27T00:54:21.343Z,179047046134300
"""JJJ @ iacG4hF18c"" raises to 2.25",2026-09-27T00:54:16.822Z,179047045682200
"""dih @ GO72Iwd2XL"" posts a big blind of 0.50",2026-09-27T00:54:13.272Z,179047045327206
"""rowan @ GthBpPSqaK"" posts a small blind of 0.25",2026-09-27T00:54:13.272Z,179047045327205
"Player stacks: #1 ""rowan @ GthBpPSqaK"" (303.10) | #2 ""dih @ GO72Iwd2XL"" (199.00) | #10 ""JJJ @ iacG4hF18c"" (169.79)",2026-09-27T00:54:13.272Z,179047045327201
"-- starting hand #356 (id: 8f7rvcwfnlta)  No Limit Texas Hold'em (dealer: ""JJJ @ iacG4hF18c"") --",2026-09-27T00:54:13.272Z,179047045327200
"""rowan @ GthBpPSqaK"" shows a 9♠, 7♥.",2026-09-27T00:54:07.362Z,179047044736200
"-- ending hand #355 --",2026-09-27T00:54:06.659Z,179047044665902
"""rowan @ GthBpPSqaK"" collected 17.47 from pot",2026-09-27T00:54:06.659Z,179047044665901
"Uncalled bet of 13.10 returned to ""rowan @ GthBpPSqaK""",2026-09-27T00:54:06.659Z,179047044665900
"""dih @ GO72Iwd2XL"" folds",2026-09-27T00:54:05.792Z,179047044579200
"""rowan @ GthBpPSqaK"" raises to 14.10",2026-09-27T00:53:57.121Z,179047043712100
"""dih @ GO72Iwd2XL"" bets 1.00",2026-09-27T00:53:53.714Z,179047043371400
"""rowan @ GthBpPSqaK"" checks",2026-09-27T00:53:51.008Z,179047043100800
"Turn: 9♣, J♦, 7♠ [A♦]",2026-09-27T00:53:50.523Z,179047043052300
"""rowan @ GthBpPSqaK"" calls 5.00",2026-09-27T00:53:49.698Z,179047042969800
"""dih @ GO72Iwd2XL"" bets 5.00",2026-09-27T00:53:48.817Z,179047042881700
"""rowan @ GthBpPSqaK"" checks",2026-09-27T00:53:44.889Z,179047042488900
"Flop:  [9♣, J♦, 7♠]",2026-09-27T00:53:43.721Z,179047042372100
"""rowan @ GthBpPSqaK"" calls 2.61",2026-09-27T00:53:42.903Z,179047042290300
"""JJJ @ iacG4hF18c"" folds",2026-09-27T00:53:41.999Z,179047042199900
"""dih @ GO72Iwd2XL"" raises to 2.61",2026-09-27T00:53:41.163Z,179047042116300
"""rowan @ GthBpPSqaK"" posts a big blind of 0.50",2026-09-27T00:53:37.715Z,179047041771506
"""JJJ @ iacG4hF18c"" posts a small blind of 0.25",2026-09-27T00:53:37.715Z,179047041771505
"Player stacks: #1 ""rowan @ GthBpPSqaK"" (294.24) | #2 ""dih @ GO72Iwd2XL"" (207.61) | #10 ""JJJ @ iacG4hF18c"" (170.04)",2026-09-27T00:53:37.715Z,179047041771501
"-- starting hand #355 (id: vdvvglqja9fh)  No Limit Texas Hold'em (dealer: ""dih @ GO72Iwd2XL"") --",2026-09-27T00:53:37.715Z,179047041771500
"-- ending hand #354 --",2026-09-27T00:53:31.765Z,179047041176502
"""dih @ GO72Iwd2XL"" collected 1.00 from pot",2026-09-27T00:53:31.765Z,179047041176501
"Uncalled bet of 1.50 returned to ""dih @ GO72Iwd2XL""",2026-09-27T00:53:31.765Z,179047041176500
"""JJJ @ iacG4hF18c"" folds",2026-09-27T00:53:30.924Z,179047041092400
"""dih @ GO72Iwd2XL"" raises to 2.00",2026-09-27T00:53:29.662Z,179047040966200
"""rowan @ GthBpPSqaK"" folds",2026-09-27T00:53:27.336Z,179047040733600
"""JJJ @ iacG4hF18c"" posts a big blind of 0.50",2026-09-27T00:53:26.041Z,179047040604106
"""dih @ GO72Iwd2XL"" posts a small blind of 0.25",2026-09-27T00:53:26.041Z,179047040604105
"Player stacks: #1 ""rowan @ GthBpPSqaK"" (294.24) | #2 ""dih @ GO72Iwd2XL"" (207.11) | #10 ""JJJ @ iacG4hF18c"" (170.54)",2026-09-27T00:53:26.041Z,179047040604101
"-- starting hand #354 (id: 4aigz2bzyv7i)  No Limit Texas Hold'em (dealer: ""rowan @ GthBpPSqaK"") --",2026-09-27T00:53:26.041Z,179047040604100
"-- ending hand #353 --",2026-09-27T00:53:20.110Z,179047040011002
"""rowan @ GthBpPSqaK"" collected 5.00 from pot",2026-09-27T00:53:20.110Z,179047040011001
"Uncalled bet of 2.00 returned to ""rowan @ GthBpPSqaK""",2026-09-27T00:53:20.110Z,179047040011000
"""dih @ GO72Iwd2XL"" folds",2026-09-27T00:53:19.240Z,179047039924000
"""rowan @ GthBpPSqaK"" bets 2.00",2026-09-27T00:53:17.286Z,179047039728600
"Turn: K♥, 2♥, 10♥ [2♦]",2026-09-27T00:53:14.909Z,179047039490900
"""dih @ GO72Iwd2XL"" checks",2026-09-27T00:53:14.078Z,179047039407800
"""rowan @ GthBpPSqaK"" checks",2026-09-27T00:53:13.112Z,179047039311200
"Flop:  [K♥, 2♥, 10♥]",2026-09-27T00:53:11.149Z,179047039114900
"""dih @ GO72Iwd2XL"" calls 2.50",2026-09-27T00:53:10.324Z,179047039032400
"""rowan @ GthBpPSqaK"" raises to 2.50",2026-09-27T00:53:09.358Z,179047038935800
"""JJJ @ iacG4hF18c"" folds",2026-09-27T00:53:06.620Z,179047038662000
"""dih @ GO72Iwd2XL"" posts a big blind of 0.50",2026-09-27T00:53:05.224Z,179047038522406
"""rowan @ GthBpPSqaK"" posts a small blind of 0.25",2026-09-27T00:53:05.224Z,179047038522405
"Player stacks: #1 ""rowan @ GthBpPSqaK"" (291.74) | #2 ""dih @ GO72Iwd2XL"" (209.61) | #10 ""JJJ @ iacG4hF18c"" (170.54)",2026-09-27T00:53:05.224Z,179047038522401
"-- starting hand #353 (id: 9kfmtthh43ax)  No Limit Texas Hold'em (dealer: ""JJJ @ iacG4hF18c"") --",2026-09-27T00:53:05.224Z,179047038522400
"""dih @ GO72Iwd2XL"" collected 2.00 from the 7-2 bounty",2026-09-27T00:53:02.239Z,179047038223902
"""JJJ @ iacG4hF18c"" paid 1.00 for the 7-2 bounty to ""dih @ GO72Iwd2XL""",2026-09-27T00:53:02.239Z,179047038223901
"""rowan @ GthBpPSqaK"" paid 1.00 for the 7-2 bounty to ""dih @ GO72Iwd2XL""",2026-09-27T00:53:02.239Z,179047038223900
"""JJJ @ iacG4hF18c"" shows a A♣.",2026-09-27T00:52:57.660Z,179047037766000
"""dih @ GO72Iwd2XL"" shows a 2♠, 7♣.",2026-09-27T00:52:55.319Z,179047037531900
"-- ending hand #352 --",2026-09-27T00:52:54.813Z,179047037481302
"""dih @ GO72Iwd2XL"" collected 8.61 from pot",2026-09-27T00:52:54.813Z,179047037481301
"Uncalled bet of 9.00 returned to ""dih @ GO72Iwd2XL""",2026-09-27T00:52:54.813Z,179047037481300
"""rowan @ GthBpPSqaK"" folds",2026-09-27T00:52:53.966Z,179047037396600
"""JJJ @ iacG4hF18c"" folds",2026-09-27T00:52:52.675Z,179047037267500
"""dih @ GO72Iwd2XL"" bets 9.00",2026-09-27T00:52:49.907Z,179047036990700
"""rowan @ GthBpPSqaK"" checks",2026-09-27T00:52:47.141Z,179047036714100
"""JJJ @ iacG4hF18c"" checks",2026-09-27T00:52:45.117Z,179047036511700
"Flop:  [5♦, 4♣, 9♦]",2026-09-27T00:52:43.409Z,179047036340900
"""rowan @ GthBpPSqaK"" calls 2.87",2026-09-27T00:52:42.459Z,179047036245900
"""JJJ @ iacG4hF18c"" calls 2.87",2026-09-27T00:52:41.563Z,179047036156300
"""dih @ GO72Iwd2XL"" raises to 2.87",2026-09-27T00:52:38.510Z,179047035851000
"""rowan @ GthBpPSqaK"" posts a big blind of 0.50",2026-09-27T00:52:33.008Z,179047035300806
"""JJJ @ iacG4hF18c"" posts a small blind of 0.25",2026-09-27T00:52:33.008Z,179047035300805
"Player stacks: #1 ""rowan @ GthBpPSqaK"" (295.61) | #2 ""dih @ GO72Iwd2XL"" (201.87) | #10 ""JJJ @ iacG4hF18c"" (174.41)",2026-09-27T00:52:33.008Z,179047035300801
"-- starting hand #352 (id: dttom4oehbg3)  No Limit Texas Hold'em (dealer: ""dih @ GO72Iwd2XL"") --",2026-09-27T00:52:33.008Z,179047035300800
"""rowan @ GthBpPSqaK"" shows a 3♦, 2♦.",2026-09-27T00:52:27.334Z,179047034733400
"""dih @ GO72Iwd2XL"" shows a Q♠, K♥.",2026-09-27T00:52:25.811Z,179047034581100
"-- ending hand #351 --",2026-09-27T00:52:25.606Z,179047034560602
"""rowan @ GthBpPSqaK"" collected 14.50 from pot",2026-09-27T00:52:25.606Z,179047034560601
"Uncalled bet of 7.25 returned to ""rowan @ GthBpPSqaK""",2026-09-27T00:52:25.606Z,179047034560600
"""dih @ GO72Iwd2XL"" folds",2026-09-27T00:52:24.707Z,179047034470700
"""rowan @ GthBpPSqaK"" bets 7.25",2026-09-27T00:52:23.127Z,179047034312700
"""dih @ GO72Iwd2XL"" checks",2026-09-27T00:52:20.467Z,179047034046700
"Flop:  [7♣, 6♦, 8♠]",2026-09-27T00:52:17.795Z,179047033779500
"""rowan @ GthBpPSqaK"" calls 7.00",2026-09-27T00:52:16.941Z,179047033694100
"""JJJ @ iacG4hF18c"" folds",2026-09-27T00:52:15.693Z,179047033569300
"""dih @ GO72Iwd2XL"" raises to 7.00",2026-09-27T00:52:14.297Z,179047033429700
"""rowan @ GthBpPSqaK"" raises to 2.00",2026-09-27T00:52:11.316Z,179047033131600
"""JJJ @ iacG4hF18c"" posts a big blind of 0.50",2026-09-27T00:52:08.189Z,179047032818906
"""dih @ GO72Iwd2XL"" posts a small blind of 0.25",2026-09-27T00:52:08.189Z,179047032818905
"Player stacks: #1 ""rowan @ GthBpPSqaK"" (288.11) | #2 ""dih @ GO72Iwd2XL"" (208.87) | #10 ""JJJ @ iacG4hF18c"" (174.91)",2026-09-27T00:52:08.189Z,179047032818901
"-- starting hand #351 (id: zhezgq2ejlsi)  No Limit Texas Hold'em (dealer: ""rowan @ GthBpPSqaK"") --",2026-09-27T00:52:08.189Z,179047032818900
"""dih @ GO72Iwd2XL"" shows a K♥.",2026-09-27T00:52:04.639Z,179047032463900
"""rowan @ GthBpPSqaK"" shows a 9♠, K♦.",2026-09-27T00:52:02.437Z,179047032243700
"-- ending hand #350 --",2026-09-27T00:52:00.751Z,179047032075102
"""dih @ GO72Iwd2XL"" collected 4.00 from pot",2026-09-27T00:52:00.751Z,179047032075101
"Uncalled bet of 4.00 returned to ""dih @ GO72Iwd2XL""",2026-09-27T00:52:00.751Z,179047032075100
"""rowan @ GthBpPSqaK"" folds",2026-09-27T00:51:59.921Z,179047031992100
"""dih @ GO72Iwd2XL"" raises to 6.00",2026-09-27T00:51:57.822Z,179047031782200
"""rowan @ GthBpPSqaK"" raises to 2.00",2026-09-27T00:51:55.069Z,179047031506900
"""JJJ @ iacG4hF18c"" folds",2026-09-27T00:51:52.459Z,179047031245900
"""dih @ GO72Iwd2XL"" posts a big blind of 0.50",2026-09-27T00:51:51.525Z,179047031152506
"""rowan @ GthBpPSqaK"" posts a small blind of 0.25",2026-09-27T00:51:51.525Z,179047031152505
"Player stacks: #1 ""rowan @ GthBpPSqaK"" (290.11) | #2 ""dih @ GO72Iwd2XL"" (206.87) | #10 ""JJJ @ iacG4hF18c"" (174.91)",2026-09-27T00:51:51.525Z,179047031152501
"-- starting hand #350 (id: agq3mfmhqzxn)  No Limit Texas Hold'em (dealer: ""JJJ @ iacG4hF18c"") --",2026-09-27T00:51:51.525Z,179047031152500
"""JJJ @ iacG4hF18c"" shows a K♣.",2026-09-27T00:51:46.955Z,179047030695500
"-- ending hand #349 --",2026-09-27T00:51:44.935Z,179047030493504
"""dih @ GO72Iwd2XL"" collected 7.87 from pot with Two Pair, K's & 10's (combination: Q♠, 10♥, 10♣, K♥, K♠)",2026-09-27T00:51:44.935Z,179047030493503
"""rowan @ GthBpPSqaK"" collected 7.88 from pot with Two Pair, K's & 10's (combination: Q♠, 10♠, 10♣, K♥, K♠)",2026-09-27T00:51:44.935Z,179047030493502
"""dih @ GO72Iwd2XL"" shows a 5♥, 10♥.",2026-09-27T00:51:44.935Z,179047030493501
"""rowan @ GthBpPSqaK"" shows a 6♠, 10♠.",2026-09-27T00:51:44.935Z,179047030493500
"""dih @ GO72Iwd2XL"" checks",2026-09-27T00:51:44.005Z,179047030400500
"""rowan @ GthBpPSqaK"" checks",2026-09-27T00:51:43.112Z,179047030311200
"River: Q♠, K♥, K♠, 4♥ [10♣]",2026-09-27T00:51:42.103Z,179047030210300
"""rowan @ GthBpPSqaK"" calls 5.25",2026-09-27T00:51:41.247Z,179047030124700
"""dih @ GO72Iwd2XL"" bets 5.25",2026-09-27T00:51:40.352Z,179047030035200
"""rowan @ GthBpPSqaK"" checks",2026-09-27T00:51:38.199Z,179047029819900
"Turn: Q♠, K♥, K♠ [4♥]",2026-09-27T00:51:36.999Z,179047029699900
"""dih @ GO72Iwd2XL"" checks",2026-09-27T00:51:36.153Z,179047029615300
"""rowan @ GthBpPSqaK"" checks",2026-09-27T00:51:35.084Z,179047029508400
"Flop:  [Q♠, K♥, K♠]",2026-09-27T00:51:33.997Z,179047029399700
"""rowan @ GthBpPSqaK"" calls 2.50",2026-09-27T00:51:33.133Z,179047029313300
"""JJJ @ iacG4hF18c"" folds",2026-09-27T00:51:32.277Z,179047029227700
"""dih @ GO72Iwd2XL"" raises to 2.50",2026-09-27T00:51:28.396Z,179047028839600
"""rowan @ GthBpPSqaK"" posts a big blind of 0.50",2026-09-27T00:51:22.707Z,179047028270706
"""JJJ @ iacG4hF18c"" posts a small blind of 0.25",2026-09-27T00:51:22.707Z,179047028270705
"Player stacks: #1 ""rowan @ GthBpPSqaK"" (289.98) | #2 ""dih @ GO72Iwd2XL"" (206.75) | #10 ""JJJ @ iacG4hF18c"" (175.16)",2026-09-27T00:51:22.707Z,179047028270701
"-- starting hand #349 (id: qjyfppmpbhko)  No Limit Texas Hold'em (dealer: ""dih @ GO72Iwd2XL"") --",2026-09-27T00:51:22.707Z,179047028270700
"-- ending hand #348 --",2026-09-27T00:51:16.785Z,179047027678502
"""rowan @ GthBpPSqaK"" collected 5.50 from pot",2026-09-27T00:51:16.785Z,179047027678501
"Uncalled bet of 2.00 returned to ""rowan @ GthBpPSqaK""",2026-09-27T00:51:16.785Z,179047027678500
"""dih @ GO72Iwd2XL"" folds",2026-09-27T00:51:15.901Z,179047027590100
"""rowan @ GthBpPSqaK"" bets 2.00",2026-09-27T00:51:14.825Z,179047027482500
"""dih @ GO72Iwd2XL"" checks",2026-09-27T00:51:12.274Z,179047027227400
"Flop:  [A♣, 4♥, J♣]",2026-09-27T00:51:10.782Z,179047027078200
"""JJJ @ iacG4hF18c"" folds",2026-09-27T00:51:09.968Z,179047026996800
"""dih @ GO72Iwd2XL"" calls 2.50",2026-09-27T00:51:09.016Z,179047026901600
"""rowan @ GthBpPSqaK"" raises to 2.50",2026-09-27T00:51:07.999Z,179047026799900
"""JJJ @ iacG4hF18c"" posts a big blind of 0.50",2026-09-27T00:51:05.007Z,179047026500706
"""dih @ GO72Iwd2XL"" posts a small blind of 0.25",2026-09-27T00:51:05.007Z,179047026500705
"Player stacks: #1 ""rowan @ GthBpPSqaK"" (286.98) | #2 ""dih @ GO72Iwd2XL"" (209.25) | #10 ""JJJ @ iacG4hF18c"" (175.66)",2026-09-27T00:51:05.007Z,179047026500701
"-- starting hand #348 (id: usblgvjulgdp)  No Limit Texas Hold'em (dealer: ""rowan @ GthBpPSqaK"") --",2026-09-27T00:51:05.007Z,179047026500700
"""rowan @ GthBpPSqaK"" shows a A♥, Q♣.",2026-09-27T00:50:59.561Z,179047025956100
"-- ending hand #347 --",2026-09-27T00:50:58.400Z,179047025840002
"""dih @ GO72Iwd2XL"" collected 45.00 from pot",2026-09-27T00:50:58.400Z,179047025840001
"Uncalled bet of 25.25 returned to ""dih @ GO72Iwd2XL""",2026-09-27T00:50:58.400Z,179047025840000
"""rowan @ GthBpPSqaK"" folds",2026-09-27T00:50:57.577Z,179047025757700
"""dih @ GO72Iwd2XL"" bets 25.25",2026-09-27T00:50:56.148Z,179047025614800
"""rowan @ GthBpPSqaK"" checks",2026-09-27T00:50:49.946Z,179047024994600
"Turn: 6♣, 5♣, 3♠ [2♠]",2026-09-27T00:50:47.398Z,179047024739800
"""rowan @ GthBpPSqaK"" calls 12.00",2026-09-27T00:50:46.569Z,179047024656900
"""JJJ @ iacG4hF18c"" folds",2026-09-27T00:50:33.307Z,179047023330700
"""dih @ GO72Iwd2XL"" bets 12.00",2026-09-27T00:50:32.269Z,179047023226900
"""rowan @ GthBpPSqaK"" checks",2026-09-27T00:50:27.936Z,179047022793600
"Flop:  [6♣, 5♣, 3♠]",2026-09-27T00:50:26.341Z,179047022634100
"""JJJ @ iacG4hF18c"" calls 7.00",2026-09-27T00:50:25.517Z,179047022551700
"""dih @ GO72Iwd2XL"" calls 7.00",2026-09-27T00:50:22.885Z,179047022288500
"""rowan @ GthBpPSqaK"" raises to 7.00",2026-09-27T00:50:20.922Z,179047022092200
"""JJJ @ iacG4hF18c"" raises to 2.25",2026-09-27T00:50:17.308Z,179047021730800
"""dih @ GO72Iwd2XL"" posts a big blind of 0.50",2026-09-27T00:50:04.221Z,179047020422106
"""rowan @ GthBpPSqaK"" posts a small blind of 0.25",2026-09-27T00:50:04.221Z,179047020422105
"Player stacks: #1 ""rowan @ GthBpPSqaK"" (305.98) | #2 ""dih @ GO72Iwd2XL"" (183.25) | #10 ""JJJ @ iacG4hF18c"" (182.66)",2026-09-27T00:50:04.221Z,179047020422101
"-- starting hand #347 (id: w7al1jq97tlv)  No Limit Texas Hold'em (dealer: ""JJJ @ iacG4hF18c"") --",2026-09-27T00:50:04.221Z,179047020422100
"-- ending hand #346 --",2026-09-27T00:49:58.258Z,179047019825802
"""JJJ @ iacG4hF18c"" collected 4.00 from pot",2026-09-27T00:49:58.258Z,179047019825801
"Uncalled bet of 3.00 returned to ""JJJ @ iacG4hF18c""",2026-09-27T00:49:58.258Z,179047019825800
"""rowan @ GthBpPSqaK"" folds",2026-09-27T00:49:57.409Z,179047019740900
"""JJJ @ iacG4hF18c"" bets 3.00",2026-09-27T00:49:55.924Z,179047019592400
"Turn: 6♥, 6♠, 7♦ [10♥]",2026-09-27T00:49:54.298Z,179047019429800
"""rowan @ GthBpPSqaK"" checks",2026-09-27T00:49:53.488Z,179047019348800
"""JJJ @ iacG4hF18c"" checks",2026-09-27T00:49:52.590Z,179047019259000
"Flop:  [6♥, 6♠, 7♦]",2026-09-27T00:49:50.254Z,179047019025400
"""rowan @ GthBpPSqaK"" calls 2.00",2026-09-27T00:49:49.364Z,179047018936400
"""JJJ @ iacG4hF18c"" raises to 2.00",2026-09-27T00:49:48.082Z,179047018808200
"""dih @ GO72Iwd2XL"" folds",2026-09-27T00:49:43.975Z,179047018397500
"""rowan @ GthBpPSqaK"" posts a big blind of 0.50",2026-09-27T00:49:42.356Z,179047018235606
"""JJJ @ iacG4hF18c"" posts a small blind of 0.25",2026-09-27T00:49:42.356Z,179047018235605
"Player stacks: #1 ""rowan @ GthBpPSqaK"" (307.98) | #2 ""dih @ GO72Iwd2XL"" (183.25) | #10 ""JJJ @ iacG4hF18c"" (180.66)",2026-09-27T00:49:42.356Z,179047018235601
"-- starting hand #346 (id: zsp0svatwxnu)  No Limit Texas Hold'em (dealer: ""dih @ GO72Iwd2XL"") --",2026-09-27T00:49:42.356Z,179047018235600
"""JJJ @ iacG4hF18c"" shows a Q♦.",2026-09-27T00:49:41.102Z,179047018110200
"-- ending hand #345 --",2026-09-27T00:49:38.751Z,179047017875102
"""JJJ @ iacG4hF18c"" collected 24.00 from pot",2026-09-27T00:49:38.751Z,179047017875101
"Uncalled bet of 18.00 returned to ""JJJ @ iacG4hF18c""",2026-09-27T00:49:38.751Z,179047017875100
"""rowan @ GthBpPSqaK"" folds",2026-09-27T00:49:37.910Z,179047017791000
"""JJJ @ iacG4hF18c"" bets 18.00",2026-09-27T00:49:21.666Z,179047016166600
"River: 8♦, Q♣, 2♥, 5♥ [J♠]",2026-09-27T00:49:19.083Z,179047015908300
"""rowan @ GthBpPSqaK"" calls 6.00",2026-09-27T00:49:18.217Z,179047015821700
"""JJJ @ iacG4hF18c"" bets 6.00",2026-09-27T00:49:16.838Z,179047015683800
"Turn: 8♦, Q♣, 2♥ [5♥]",2026-09-27T00:49:13.989Z,179047015398900
"""dih @ GO72Iwd2XL"" folds",2026-09-27T00:49:13.117Z,179047015311700
"""rowan @ GthBpPSqaK"" calls 3.00",2026-09-27T00:49:12.057Z,179047015205700
"""JJJ @ iacG4hF18c"" bets 3.00",2026-09-27T00:49:10.573Z,179047015057300
"""dih @ GO72Iwd2XL"" checks",2026-09-27T00:49:06.479Z,179047014647900
"Flop:  [8♦, Q♣, 2♥]",2026-09-27T00:49:04.675Z,179047014467500
"""JJJ @ iacG4hF18c"" calls 2.00",2026-09-27T00:49:03.850Z,179047014385000
"""dih @ GO72Iwd2XL"" calls 2.00",2026-09-27T00:48:41.077Z,179047012107700
"""rowan @ GthBpPSqaK"" raises to 2.00",2026-09-27T00:48:39.785Z,179047011978500
"""JJJ @ iacG4hF18c"" posts a big blind of 0.50",2026-09-27T00:48:37.557Z,179047011755706
"""dih @ GO72Iwd2XL"" posts a small blind of 0.25",2026-09-27T00:48:37.557Z,179047011755705
"Player stacks: #1 ""rowan @ GthBpPSqaK"" (318.98) | #2 ""dih @ GO72Iwd2XL"" (185.25) | #10 ""JJJ @ iacG4hF18c"" (167.66)",2026-09-27T00:48:37.557Z,179047011755701
"-- starting hand #345 (id: ope0lctlu9lt)  No Limit Texas Hold'em (dealer: ""rowan @ GthBpPSqaK"") --",2026-09-27T00:48:37.557Z,179047011755700
"""dih @ GO72Iwd2XL"" shows a A♥.",2026-09-27T00:48:34.369Z,179047011436900
"-- ending hand #344 --",2026-09-27T00:48:30.952Z,179047011095202
"""JJJ @ iacG4hF18c"" collected 18.74 from pot",2026-09-27T00:48:30.952Z,179047011095201
"Uncalled bet of 13.55 returned to ""JJJ @ iacG4hF18c""",2026-09-27T00:48:30.952Z,179047011095200
"""rowan @ GthBpPSqaK"" folds",2026-09-27T00:48:30.066Z,179047011006600
"""JJJ @ iacG4hF18c"" bets 13.55",2026-09-27T00:48:20.324Z,179047010032400
"""rowan @ GthBpPSqaK"" checks",2026-09-27T00:48:14.764Z,179047009476400
"Turn: J♣, 5♣, 5♠ [3♥]",2026-09-27T00:48:13.417Z,179047009341700
"""dih @ GO72Iwd2XL"" folds",2026-09-27T00:48:12.545Z,179047009254500
"""rowan @ GthBpPSqaK"" calls 5.62",2026-09-27T00:48:11.593Z,179047009159300
"""JJJ @ iacG4hF18c"" bets 5.62",2026-09-27T00:48:10.188Z,179047009018800
"""dih @ GO72Iwd2XL"" checks",2026-09-27T00:48:05.867Z,179047008586700
"""rowan @ GthBpPSqaK"" checks",2026-09-27T00:48:03.839Z,179047008383900
"Flop:  [J♣, 5♣, 5♠]",2026-09-27T00:48:01.513Z,179047008151300
"""JJJ @ iacG4hF18c"" calls 2.50",2026-09-27T00:48:00.596Z,179047008059600
"""dih @ GO72Iwd2XL"" calls 2.50",2026-09-27T00:47:48.549Z,179047006854900
"""rowan @ GthBpPSqaK"" raises to 2.50",2026-09-27T00:47:47.504Z,179047006750400
"""JJJ @ iacG4hF18c"" calls 0.50",2026-09-27T00:47:45.220Z,179047006522000
"""dih @ GO72Iwd2XL"" posts a big blind of 0.50",2026-09-27T00:47:40.780Z,179047006078006
"""rowan @ GthBpPSqaK"" posts a small blind of 0.25",2026-09-27T00:47:40.780Z,179047006078005
"Player stacks: #1 ""rowan @ GthBpPSqaK"" (327.10) | #2 ""dih @ GO72Iwd2XL"" (187.75) | #10 ""JJJ @ iacG4hF18c"" (157.04)",2026-09-27T00:47:40.780Z,179047006078001
"-- starting hand #344 (id: uavx6iakytsx)  No Limit Texas Hold'em (dealer: ""JJJ @ iacG4hF18c"") --",2026-09-27T00:47:40.780Z,179047006078000
"-- ending hand #343 --",2026-09-27T00:47:34.866Z,179047005486602
"""dih @ GO72Iwd2XL"" collected 1.25 from pot",2026-09-27T00:47:34.866Z,179047005486601
"Uncalled bet of 2.00 returned to ""dih @ GO72Iwd2XL""",2026-09-27T00:47:34.866Z,179047005486600
"""rowan @ GthBpPSqaK"" folds",2026-09-27T00:47:33.985Z,179047005398500
"""JJJ @ iacG4hF18c"" folds",2026-09-27T00:47:28.348Z,179047004834800
"""dih @ GO72Iwd2XL"" raises to 2.50",2026-09-27T00:47:19.808Z,179047003980800
"""rowan @ GthBpPSqaK"" posts a big blind of 0.50",2026-09-27T00:47:17.522Z,179047003752206
"""JJJ @ iacG4hF18c"" posts a small blind of 0.25",2026-09-27T00:47:17.522Z,179047003752205
"Player stacks: #1 ""rowan @ GthBpPSqaK"" (327.60) | #2 ""dih @ GO72Iwd2XL"" (187.00) | #10 ""JJJ @ iacG4hF18c"" (157.29)",2026-09-27T00:47:17.522Z,179047003752201
"-- starting hand #343 (id: 48i5qa4siiet)  No Limit Texas Hold'em (dealer: ""dih @ GO72Iwd2XL"") --",2026-09-27T00:47:17.522Z,179047003752200
"-- ending hand #342 --",2026-09-27T00:47:11.518Z,179047003151803
"""rowan @ GthBpPSqaK"" collected 4.50 from pot with Pair, 3's (combination: 7♦, 10♥, A♠, 3♣, 3♥)",2026-09-27T00:47:11.518Z,179047003151802
"""rowan @ GthBpPSqaK"" shows a A♠, 10♥.",2026-09-27T00:47:11.518Z,179047003151801
"""dih @ GO72Iwd2XL"" shows a 10♠, 8♥.",2026-09-27T00:47:11.518Z,179047003151800
"""rowan @ GthBpPSqaK"" checks",2026-09-27T00:47:10.681Z,179047003068100
"""dih @ GO72Iwd2XL"" checks",2026-09-27T00:47:09.807Z,179047002980700
"River: 7♦, 3♣, 3♥, 6♠ [5♠]",2026-09-27T00:47:08.846Z,179047002884600
"""rowan @ GthBpPSqaK"" checks",2026-09-27T00:47:08.040Z,179047002804000
"""dih @ GO72Iwd2XL"" checks",2026-09-27T00:47:07.045Z,179047002704500
"Turn: 7♦, 3♣, 3♥ [6♠]",2026-09-27T00:47:06.918Z,179047002691800
"""rowan @ GthBpPSqaK"" checks",2026-09-27T00:47:06.054Z,179047002605400
"""dih @ GO72Iwd2XL"" checks",2026-09-27T00:47:04.928Z,179047002492800
"Flop:  [7♦, 3♣, 3♥]",2026-09-27T00:47:03.117Z,179047002311700
"""JJJ @ iacG4hF18c"" folds",2026-09-27T00:47:02.220Z,179047002222000
"""dih @ GO72Iwd2XL"" calls 2.00",2026-09-27T00:46:55.553Z,179047001555300
"""rowan @ GthBpPSqaK"" raises to 2.00",2026-09-27T00:46:52.843Z,179047001284300
"""JJJ @ iacG4hF18c"" posts a big blind of 0.50",2026-09-27T00:46:49.908Z,179047000990806
"""dih @ GO72Iwd2XL"" posts a small blind of 0.25",2026-09-27T00:46:49.908Z,179047000990805
"Player stacks: #1 ""rowan @ GthBpPSqaK"" (325.10) | #2 ""dih @ GO72Iwd2XL"" (189.00) | #10 ""JJJ @ iacG4hF18c"" (157.79)",2026-09-27T00:46:49.908Z,179047000990801
"-- starting hand #342 (id: c4h3ztq4xiv3)  No Limit Texas Hold'em (dealer: ""rowan @ GthBpPSqaK"") --",2026-09-27T00:46:49.908Z,179047000990800
"-- ending hand #341 --",2026-09-27T00:46:43.895Z,179047000389503
"""JJJ @ iacG4hF18c"" collected 1.25 from pot with Pair, K's (combination: 8♠, J♠, A♥, K♣, K♦)",2026-09-27T00:46:43.895Z,179047000389502
"""JJJ @ iacG4hF18c"" shows a A♥, 8♠.",2026-09-27T00:46:43.895Z,179047000389501
"""dih @ GO72Iwd2XL"" shows a 4♥, 10♠.",2026-09-27T00:46:43.895Z,179047000389500
"""JJJ @ iacG4hF18c"" checks",2026-09-27T00:46:43.081Z,179047000308100
"""dih @ GO72Iwd2XL"" checks",2026-09-27T00:46:41.424Z,179047000142400
"River: 5♦, K♣, 6♥, J♠ [K♦]",2026-09-27T00:46:40.784Z,179047000078400
"""JJJ @ iacG4hF18c"" checks",2026-09-27T00:46:39.948Z,179046999994800
"""dih @ GO72Iwd2XL"" checks",2026-09-27T00:46:39.079Z,179046999907900
"Turn: 5♦, K♣, 6♥ [J♠]",2026-09-27T00:46:26.564Z,179046998656400
"""JJJ @ iacG4hF18c"" checks",2026-09-27T00:46:25.749Z,179046998574900
"""dih @ GO72Iwd2XL"" checks",2026-09-27T00:46:23.874Z,179046998387400
"Flop:  [5♦, K♣, 6♥]",2026-09-27T00:46:22.521Z,179046998252100
"""dih @ GO72Iwd2XL"" checks",2026-09-27T00:46:21.705Z,179046998170500
"""rowan @ GthBpPSqaK"" folds",2026-09-27T00:46:18.215Z,179046997821500
"""JJJ @ iacG4hF18c"" calls 0.50",2026-09-27T00:46:12.101Z,179046997210100
"""dih @ GO72Iwd2XL"" posts a big blind of 0.50",2026-09-27T00:46:11.051Z,179046997105106
"""rowan @ GthBpPSqaK"" posts a small blind of 0.25",2026-09-27T00:46:11.051Z,179046997105105
"Player stacks: #1 ""rowan @ GthBpPSqaK"" (325.35) | #2 ""dih @ GO72Iwd2XL"" (189.50) | #10 ""JJJ @ iacG4hF18c"" (157.04)",2026-09-27T00:46:11.051Z,179046997105101
"-- starting hand #341 (id: sgpnppuagrm8)  No Limit Texas Hold'em (dealer: ""JJJ @ iacG4hF18c"") --",2026-09-27T00:46:11.051Z,179046997105100
"-- ending hand #340 --",2026-09-27T00:46:05.055Z,179046996505502
"""dih @ GO72Iwd2XL"" collected 6.50 from pot",2026-09-27T00:46:05.055Z,179046996505501
"Uncalled bet of 6.00 returned to ""dih @ GO72Iwd2XL""",2026-09-27T00:46:05.055Z,179046996505500
"""JJJ @ iacG4hF18c"" folds",2026-09-27T00:46:04.206Z,179046996420600
"""dih @ GO72Iwd2XL"" bets 6.00",2026-09-27T00:46:02.997Z,179046996299700
"""JJJ @ iacG4hF18c"" checks",2026-09-27T00:45:57.826Z,179046995782600
"Flop:  [J♦, K♥, 9♣]",2026-09-27T00:45:56.470Z,179046995647000
"""rowan @ GthBpPSqaK"" folds",2026-09-27T00:45:55.585Z,179046995558500
"""JJJ @ iacG4hF18c"" calls 3.00",2026-09-27T00:45:53.681Z,179046995368100
"""dih @ GO72Iwd2XL"" raises to 3.00",2026-09-27T00:45:49.349Z,179046994934900
"""rowan @ GthBpPSqaK"" posts a big blind of 0.50",2026-09-27T00:45:45.310Z,179046994531006
"""JJJ @ iacG4hF18c"" posts a small blind of 0.25",2026-09-27T00:45:45.310Z,179046994531005
"Player stacks: #1 ""rowan @ GthBpPSqaK"" (325.85) | #2 ""dih @ GO72Iwd2XL"" (186.00) | #10 ""JJJ @ iacG4hF18c"" (160.04)",2026-09-27T00:45:45.310Z,179046994531001
"-- starting hand #340 (id: qiqt0dj7eymd)  No Limit Texas Hold'em (dealer: ""dih @ GO72Iwd2XL"") --",2026-09-27T00:45:45.310Z,179046994531000
"-- ending hand #339 --",2026-09-27T00:45:39.263Z,179046993926303
"""dih @ GO72Iwd2XL"" collected 93.50 from pot with Full House, 8's over 7's (combination: 7♣, 7♠, 8♣, 8♠, 8♦)",2026-09-27T00:45:39.263Z,179046993926302
"""dih @ GO72Iwd2XL"" shows a 8♣, 7♣.",2026-09-27T00:45:39.263Z,179046993926301
"""rowan @ GthBpPSqaK"" shows a 7♦, 7♥.",2026-09-27T00:45:39.263Z,179046993926300
"""dih @ GO72Iwd2XL"" calls 40.00",2026-09-27T00:45:38.421Z,179046993842100
"""rowan @ GthBpPSqaK"" raises to 40.00",2026-09-27T00:45:32.073Z,179046993207300
"""dih @ GO72Iwd2XL"" bets 13.50",2026-09-27T00:45:23.708Z,179046992370800
"River: 7♠, 8♠, 8♦, 10♥ [Q♠]",2026-09-27T00:45:20.255Z,179046992025500
"""rowan @ GthBpPSqaK"" calls 4.50",2026-09-27T00:45:19.367Z,179046991936700
"""dih @ GO72Iwd2XL"" bets 4.50",2026-09-27T00:45:16.914Z,179046991691400
"Turn: 7♠, 8♠, 8♦ [10♥]",2026-09-27T00:45:13.445Z,179046991344500
"""rowan @ GthBpPSqaK"" checks",2026-09-27T00:45:12.557Z,179046991255700
"""dih @ GO72Iwd2XL"" checks",2026-09-27T00:45:10.553Z,179046991055300
"Flop:  [7♠, 8♠, 8♦]",2026-09-27T00:45:08.007Z,179046990800700
"""JJJ @ iacG4hF18c"" folds",2026-09-27T00:45:07.150Z,179046990715000
"""dih @ GO72Iwd2XL"" calls 2.00",2026-09-27T00:45:05.914Z,179046990591400
"""rowan @ GthBpPSqaK"" raises to 2.00",2026-09-27T00:45:03.405Z,179046990340500
"""JJJ @ iacG4hF18c"" posts a big blind of 0.50",2026-09-27T00:45:01.210Z,179046990121006
"""dih @ GO72Iwd2XL"" posts a small blind of 0.25",2026-09-27T00:45:01.210Z,179046990121005
"Player stacks: #1 ""rowan @ GthBpPSqaK"" (372.35) | #2 ""dih @ GO72Iwd2XL"" (139.00) | #10 ""JJJ @ iacG4hF18c"" (160.54)",2026-09-27T00:45:01.210Z,179046990121001
"-- starting hand #339 (id: mqfzsbj0qfde)  No Limit Texas Hold'em (dealer: ""rowan @ GthBpPSqaK"") --",2026-09-27T00:45:01.210Z,179046990121000
"-- ending hand #338 --",2026-09-27T00:44:55.258Z,179046989525802
"""dih @ GO72Iwd2XL"" collected 0.50 from pot",2026-09-27T00:44:55.258Z,179046989525801
"Uncalled bet of 0.25 returned to ""dih @ GO72Iwd2XL""",2026-09-27T00:44:55.258Z,179046989525800
"""rowan @ GthBpPSqaK"" folds",2026-09-27T00:44:54.419Z,179046989441900
"""JJJ @ iacG4hF18c"" folds",2026-09-27T00:44:53.554Z,179046989355400
"""dih @ GO72Iwd2XL"" posts a big blind of 0.50",2026-09-27T00:44:50.652Z,179046989065206
"""rowan @ GthBpPSqaK"" posts a small blind of 0.25",2026-09-27T00:44:50.652Z,179046989065205
"Player stacks: #1 ""rowan @ GthBpPSqaK"" (372.60) | #2 ""dih @ GO72Iwd2XL"" (138.75) | #10 ""JJJ @ iacG4hF18c"" (160.54)",2026-09-27T00:44:50.652Z,179046989065201
"-- starting hand #338 (id: l99egpgcsgy6)  No Limit Texas Hold'em (dealer: ""JJJ @ iacG4hF18c"") --",2026-09-27T00:44:50.652Z,179046989065200
"""JJJ @ iacG4hF18c"" shows a 8♠, 6♣.",2026-09-27T00:44:49.089Z,179046988908900
"-- ending hand #337 --",2026-09-27T00:44:44.046Z,179046988404602
"""dih @ GO72Iwd2XL"" collected 1.25 from pot",2026-09-27T00:44:44.046Z,179046988404601
"Uncalled bet of 2.50 returned to ""dih @ GO72Iwd2XL""",2026-09-27T00:44:44.046Z,179046988404600
"""rowan @ GthBpPSqaK"" folds",2026-09-27T00:44:43.240Z,179046988324000
"""JJJ @ iacG4hF18c"" folds",2026-09-27T00:44:41.942Z,179046988194200
"""dih @ GO72Iwd2XL"" raises to 3.00",2026-09-27T00:44:39.101Z,179046987910100
"""rowan @ GthBpPSqaK"" posts a big blind of 0.50",2026-09-27T00:44:36.242Z,179046987624206
"""JJJ @ iacG4hF18c"" posts a small blind of 0.25",2026-09-27T00:44:36.242Z,179046987624205
"Player stacks: #1 ""rowan @ GthBpPSqaK"" (373.10) | #2 ""dih @ GO72Iwd2XL"" (138.00) | #10 ""JJJ @ iacG4hF18c"" (160.79)",2026-09-27T00:44:36.242Z,179046987624201
"-- starting hand #337 (id: taq6yop5hvjg)  No Limit Texas Hold'em (dealer: ""dih @ GO72Iwd2XL"") --",2026-09-27T00:44:36.242Z,179046987624200
"""JJJ @ iacG4hF18c"" shows a A♦, 3♦.",2026-09-27T00:44:33.835Z,179046987383500
"""rowan @ GthBpPSqaK"" shows a 5♦.",2026-09-27T00:44:30.176Z,179046987017600
"-- ending hand #336 --",2026-09-27T00:44:28.905Z,179046986890502
"""dih @ GO72Iwd2XL"" collected 8.50 from pot",2026-09-27T00:44:28.905Z,179046986890501
"Uncalled bet of 8.50 returned to ""dih @ GO72Iwd2XL""",2026-09-27T00:44:28.905Z,179046986890500
"""rowan @ GthBpPSqaK"" folds",2026-09-27T00:44:28.014Z,179046986801400
"""dih @ GO72Iwd2XL"" bets 8.50",2026-09-27T00:44:22.017Z,179046986201700
"Flop:  [5♠, A♣, J♠]",2026-09-27T00:44:18.890Z,179046985889000
"""rowan @ GthBpPSqaK"" calls 4.00",2026-09-27T00:44:18.085Z,179046985808500
"""JJJ @ iacG4hF18c"" folds",2026-09-27T00:44:16.527Z,179046985652700
"""dih @ GO72Iwd2XL"" raises to 4.00",2026-09-27T00:44:13.421Z,179046985342100
"""rowan @ GthBpPSqaK"" raises to 1.50",2026-09-27T00:44:07.774Z,179046984777400
"""JJJ @ iacG4hF18c"" posts a big blind of 0.50",2026-09-27T00:44:04.886Z,179046984488606
"""dih @ GO72Iwd2XL"" posts a small blind of 0.25",2026-09-27T00:44:04.886Z,179046984488605
"Player stacks: #1 ""rowan @ GthBpPSqaK"" (377.10) | #2 ""dih @ GO72Iwd2XL"" (133.50) | #10 ""JJJ @ iacG4hF18c"" (161.29)",2026-09-27T00:44:04.886Z,179046984488601
"-- starting hand #336 (id: h6rcm3lxs7lr)  No Limit Texas Hold'em (dealer: ""rowan @ GthBpPSqaK"") --",2026-09-27T00:44:04.886Z,179046984488600
"-- ending hand #335 --",2026-09-27T00:44:01.901Z,179046984190102
"""dih @ GO72Iwd2XL"" collected 0.50 from pot",2026-09-27T00:44:01.901Z,179046984190101
"Uncalled bet of 0.25 returned to ""dih @ GO72Iwd2XL""",2026-09-27T00:44:01.901Z,179046984190100
"""rowan @ GthBpPSqaK"" folds",2026-09-27T00:44:01.033Z,179046984103300
"""JJJ @ iacG4hF18c"" folds",2026-09-27T00:44:00.166Z,179046984016600
"""dih @ GO72Iwd2XL"" posts a big blind of 0.50",2026-09-27T00:43:58.310Z,179046983831006
"""rowan @ GthBpPSqaK"" posts a small blind of 0.25",2026-09-27T00:43:58.310Z,179046983831005
"Player stacks: #1 ""rowan @ GthBpPSqaK"" (377.35) | #2 ""dih @ GO72Iwd2XL"" (133.25) | #10 ""JJJ @ iacG4hF18c"" (161.29)",2026-09-27T00:43:58.310Z,179046983831001
"-- starting hand #335 (id: eulioswpuzpo)  No Limit Texas Hold'em (dealer: ""JJJ @ iacG4hF18c"") --",2026-09-27T00:43:58.310Z,179046983831000
"-- ending hand #334 --",2026-09-27T00:43:52.376Z,179046983237602
"""dih @ GO72Iwd2XL"" collected 1.75 from pot",2026-09-27T00:43:52.376Z,179046983237601
"Uncalled bet of 2.00 returned to ""dih @ GO72Iwd2XL""",2026-09-27T00:43:52.376Z,179046983237600
"""rowan @ GthBpPSqaK"" folds",2026-09-27T00:43:51.551Z,179046983155100
"""JJJ @ iacG4hF18c"" folds",2026-09-27T00:43:50.689Z,179046983068900
"""dih @ GO72Iwd2XL"" raises to 2.50",2026-09-27T00:43:49.026Z,179046982902600
"""JJJ @ iacG4hF18c"" posts a missed big blind of 0.50",2026-09-27T00:43:46.865Z,179046982686509
"""JJJ @ iacG4hF18c"" posts a missing small blind of 0.25",2026-09-27T00:43:46.865Z,179046982686508
"""rowan @ GthBpPSqaK"" posts a big blind of 0.50",2026-09-27T00:43:46.865Z,179046982686507
"""JJJ @ iacG4hF18c"" posts a small blind of 0.25",2026-09-27T00:43:46.865Z,179046982686506
"Player stacks: #1 ""rowan @ GthBpPSqaK"" (377.85) | #2 ""dih @ GO72Iwd2XL"" (132.00) | #10 ""JJJ @ iacG4hF18c"" (162.04)",2026-09-27T00:43:46.865Z,179046982686502
"-- starting hand #334 (id: juk5ibammrpt)  No Limit Texas Hold'em (dealer: ""dih @ GO72Iwd2XL"") --",2026-09-27T00:43:46.865Z,179046982686501
"The player ""JJJ @ iacG4hF18c"" joined the game with a stack of 162.04.",2026-09-27T00:43:46.865Z,179046982686500
"-- ending hand #333 --",2026-09-27T00:43:40.959Z,179046982095902
"""rowan @ GthBpPSqaK"" collected 3.00 from pot",2026-09-27T00:43:40.959Z,179046982095901
"Uncalled bet of 1.50 returned to ""rowan @ GthBpPSqaK""",2026-09-27T00:43:40.959Z,179046982095900
"""dih @ GO72Iwd2XL"" folds",2026-09-27T00:43:40.101Z,179046982010100
"The player ""JJJ @ iacG4hF18c"" sit back with the stack of 162.04.",2026-09-27T00:43:39.055Z,179046981905500
"""rowan @ GthBpPSqaK"" bets 1.50",2026-09-27T00:43:38.930Z,179046981893000
"""dih @ GO72Iwd2XL"" checks",2026-09-27T00:43:35.443Z,179046981544300
"Flop:  [Q♣, 7♥, A♣]",2026-09-27T00:43:33.755Z,179046981375500
"""dih @ GO72Iwd2XL"" calls 1.50",2026-09-27T00:43:32.941Z,179046981294100
"""rowan @ GthBpPSqaK"" raises to 1.50",2026-09-27T00:43:31.173Z,179046981117300
"""dih @ GO72Iwd2XL"" posts a big blind of 0.50",2026-09-27T00:43:29.211Z,179046980921105
"""rowan @ GthBpPSqaK"" posts a small blind of 0.25",2026-09-27T00:43:29.211Z,179046980921104
"Player stacks: #1 ""rowan @ GthBpPSqaK"" (376.35) | #2 ""dih @ GO72Iwd2XL"" (133.50)",2026-09-27T00:43:29.211Z,179046980921101
"-- starting hand #333 (id: zqtys5ugq3bp)  No Limit Texas Hold'em (dealer: ""rowan @ GthBpPSqaK"") --",2026-09-27T00:43:29.211Z,179046980921100
"-- ending hand #332 --",2026-09-27T00:43:23.294Z,179046980329402
"""rowan @ GthBpPSqaK"" collected 0.50 from pot",2026-09-27T00:43:23.294Z,179046980329401
"Uncalled bet of 0.25 returned to ""rowan @ GthBpPSqaK""",2026-09-27T00:43:23.294Z,179046980329400
"""dih @ GO72Iwd2XL"" folds",2026-09-27T00:43:22.461Z,179046980246100
"""rowan @ GthBpPSqaK"" posts a big blind of 0.50",2026-09-27T00:43:20.548Z,179046980054805
"""dih @ GO72Iwd2XL"" posts a small blind of 0.25",2026-09-27T00:43:20.548Z,179046980054804
"Player stacks: #1 ""rowan @ GthBpPSqaK"" (376.10) | #2 ""dih @ GO72Iwd2XL"" (133.75)",2026-09-27T00:43:20.548Z,179046980054801
"-- starting hand #332 (id: fel2mfkxn34q)  No Limit Texas Hold'em (dealer: ""dih @ GO72Iwd2XL"") --",2026-09-27T00:43:20.548Z,179046980054800
"-- ending hand #331 --",2026-09-27T00:43:14.593Z,179046979459302
"""rowan @ GthBpPSqaK"" collected 1.00 from pot",2026-09-27T00:43:14.593Z,179046979459301
"Uncalled bet of 1.00 returned to ""rowan @ GthBpPSqaK""",2026-09-27T00:43:14.593Z,179046979459300
"""dih @ GO72Iwd2XL"" folds",2026-09-27T00:43:13.767Z,179046979376700
"""rowan @ GthBpPSqaK"" raises to 1.50",2026-09-27T00:43:12.857Z,179046979285700
"""dih @ GO72Iwd2XL"" posts a big blind of 0.50",2026-09-27T00:43:10.886Z,179046979088605
"""rowan @ GthBpPSqaK"" posts a small blind of 0.25",2026-09-27T00:43:10.886Z,179046979088604
"Player stacks: #1 ""rowan @ GthBpPSqaK"" (375.60) | #2 ""dih @ GO72Iwd2XL"" (134.25)",2026-09-27T00:43:10.886Z,179046979088601
"-- starting hand #331 (id: cees9vdkvont)  No Limit Texas Hold'em (dealer: ""rowan @ GthBpPSqaK"") --",2026-09-27T00:43:10.886Z,179046979088600
"""rowan @ GthBpPSqaK"" shows a A♠, 2♣.",2026-09-27T00:43:06.915Z,179046978691500
"-- ending hand #330 --",2026-09-27T00:43:04.292Z,179046978429202
"""dih @ GO72Iwd2XL"" collected 8.00 from pot with Pair, 4's (combination: 5♥, 9♠, Q♠, 4♦, 4♣)",2026-09-27T00:43:04.292Z,179046978429201
"""dih @ GO72Iwd2XL"" shows a 4♦, 5♥.",2026-09-27T00:43:04.292Z,179046978429200
"""dih @ GO72Iwd2XL"" checks",2026-09-27T00:43:03.418Z,179046978341800
"""rowan @ GthBpPSqaK"" checks",2026-09-27T00:43:02.371Z,179046978237100
"River: 9♠, 3♣, Q♠, 2♠ [4♣]",2026-09-27T00:42:53.710Z,179046977371000
"""dih @ GO72Iwd2XL"" calls 2.00",2026-09-27T00:42:52.894Z,179046977289400
"""rowan @ GthBpPSqaK"" bets 2.00",2026-09-27T00:42:49.413Z,179046976941300
"Turn: 9♠, 3♣, Q♠ [2♠]",2026-09-27T00:42:43.676Z,179046976367600
"""dih @ GO72Iwd2XL"" checks",2026-09-27T00:42:42.825Z,179046976282500
"""rowan @ GthBpPSqaK"" checks",2026-09-27T00:42:40.833Z,179046976083300
"Flop:  [9♠, 3♣, Q♠]",2026-09-27T00:42:39.471Z,179046975947100
"""rowan @ GthBpPSqaK"" calls 2.00",2026-09-27T00:42:38.615Z,179046975861500
"""dih @ GO72Iwd2XL"" raises to 2.00",2026-09-27T00:42:28.289Z,179046974828900
"""rowan @ GthBpPSqaK"" posts a big blind of 0.50",2026-09-27T00:42:25.895Z,179046974589505
"""dih @ GO72Iwd2XL"" posts a small blind of 0.25",2026-09-27T00:42:25.895Z,179046974589504
"Player stacks: #1 ""rowan @ GthBpPSqaK"" (379.60) | #2 ""dih @ GO72Iwd2XL"" (130.25)",2026-09-27T00:42:25.895Z,179046974589501
"-- starting hand #330 (id: v8zqthgju9e4)  No Limit Texas Hold'em (dealer: ""dih @ GO72Iwd2XL"") --",2026-09-27T00:42:25.895Z,179046974589500
"-- ending hand #329 --",2026-09-27T00:42:19.973Z,179046973997302
"""dih @ GO72Iwd2XL"" collected 8.00 from pot",2026-09-27T00:42:19.973Z,179046973997301
"Uncalled bet of 6.00 returned to ""dih @ GO72Iwd2XL""",2026-09-27T00:42:19.973Z,179046973997300
"""rowan @ GthBpPSqaK"" folds",2026-09-27T00:42:19.161Z,179046973916100
"""dih @ GO72Iwd2XL"" bets 6.00",2026-09-27T00:42:17.211Z,179046973721100
"Turn: A♣, 4♥, 9♥ [8♠]",2026-09-27T00:42:13.569Z,179046973356900
"""rowan @ GthBpPSqaK"" checks",2026-09-27T00:42:12.741Z,179046973274100
"""dih @ GO72Iwd2XL"" checks",2026-09-27T00:42:11.194Z,179046973119400
"Flop:  [A♣, 4♥, 9♥]",2026-09-27T00:42:09.365Z,179046972936500
"""rowan @ GthBpPSqaK"" calls 4.00",2026-09-27T00:42:08.487Z,179046972848700
"""dih @ GO72Iwd2XL"" raises to 4.00",2026-09-27T00:42:07.635Z,179046972763500
"""rowan @ GthBpPSqaK"" raises to 1.50",2026-09-27T00:42:03.318Z,179046972331800
"""dih @ GO72Iwd2XL"" posts a big blind of 0.50",2026-09-27T00:42:01.114Z,179046972111405
"""rowan @ GthBpPSqaK"" posts a small blind of 0.25",2026-09-27T00:42:01.114Z,179046972111404
"Player stacks: #1 ""rowan @ GthBpPSqaK"" (383.60) | #2 ""dih @ GO72Iwd2XL"" (126.25)",2026-09-27T00:42:01.114Z,179046972111401
"-- starting hand #329 (id: 28mo5zenzvnr)  No Limit Texas Hold'em (dealer: ""rowan @ GthBpPSqaK"") --",2026-09-27T00:42:01.114Z,179046972111400
"""rowan @ GthBpPSqaK"" shows a J♣, A♥.",2026-09-27T00:41:57.873Z,179046971787300
"-- ending hand #328 --",2026-09-27T00:41:57.488Z,179046971748802
"""dih @ GO72Iwd2XL"" collected 75.00 from pot",2026-09-27T00:41:57.488Z,179046971748801
"Uncalled bet of 51.25 returned to ""dih @ GO72Iwd2XL""",2026-09-27T00:41:57.488Z,179046971748800
"""rowan @ GthBpPSqaK"" folds",2026-09-27T00:41:56.665Z,179046971666500
"""dih @ GO72Iwd2XL"" bets 51.25 and go all in",2026-09-27T00:41:18.973Z,179046967897300
"""rowan @ GthBpPSqaK"" checks",2026-09-27T00:41:16.580Z,179046967658000
"River: J♦, 4♠, 8♦, 7♥ [K♠]",2026-09-27T00:41:15.942Z,179046967594200
"""rowan @ GthBpPSqaK"" calls 25.00",2026-09-27T00:41:15.053Z,179046967505300
"""dih @ GO72Iwd2XL"" bets 25.00",2026-09-27T00:41:13.360Z,179046967336000
"""rowan @ GthBpPSqaK"" checks",2026-09-27T00:41:10.129Z,179046967012900
"Turn: J♦, 4♠, 8♦ [7♥]",2026-09-27T00:41:08.006Z,179046966800600
"""dih @ GO72Iwd2XL"" calls 5.50",2026-09-27T00:41:07.202Z,179046966720200
"""rowan @ GthBpPSqaK"" bets 5.50",2026-09-27T00:41:06.221Z,179046966622100
"Flop:  [J♦, 4♠, 8♦]",2026-09-27T00:41:00.788Z,179046966078800
"""dih @ GO72Iwd2XL"" calls 7.00",2026-09-27T00:40:59.950Z,179046965995000
"""rowan @ GthBpPSqaK"" raises to 7.00",2026-09-27T00:40:58.728Z,179046965872800
"""dih @ GO72Iwd2XL"" raises to 2.50",2026-09-27T00:40:54.990Z,179046965499000
"""rowan @ GthBpPSqaK"" posts a big blind of 0.50",2026-09-27T00:40:52.054Z,179046965205405
"""dih @ GO72Iwd2XL"" posts a small blind of 0.25",2026-09-27T00:40:52.054Z,179046965205404
"Player stacks: #1 ""rowan @ GthBpPSqaK"" (421.10) | #2 ""dih @ GO72Iwd2XL"" (88.75)",2026-09-27T00:40:52.054Z,179046965205401
"-- starting hand #328 (id: aaq0b4tfi81t)  No Limit Texas Hold'em (dealer: ""dih @ GO72Iwd2XL"") --",2026-09-27T00:40:52.054Z,179046965205400
"-- ending hand #327 --",2026-09-27T00:40:46.090Z,179046964609002
"""rowan @ GthBpPSqaK"" collected 1.00 from pot",2026-09-27T00:40:46.090Z,179046964609001
"Uncalled bet of 1.00 returned to ""rowan @ GthBpPSqaK""",2026-09-27T00:40:46.090Z,179046964609000
"""dih @ GO72Iwd2XL"" folds",2026-09-27T00:40:45.260Z,179046964526000
"""rowan @ GthBpPSqaK"" raises to 1.50",2026-09-27T00:40:43.510Z,179046964351000
"""dih @ GO72Iwd2XL"" posts a big blind of 0.50",2026-09-27T00:40:40.622Z,179046964062206
"""rowan @ GthBpPSqaK"" posts a small blind of 0.25",2026-09-27T00:40:40.622Z,179046964062205
"Player stacks: #1 ""rowan @ GthBpPSqaK"" (420.60) | #2 ""dih @ GO72Iwd2XL"" (89.25)",2026-09-27T00:40:40.622Z,179046964062202
"-- starting hand #327 (id: 64jmj9fu1zpj)  No Limit Texas Hold'em (dealer: ""rowan @ GthBpPSqaK"") --",2026-09-27T00:40:40.622Z,179046964062201
"The player ""JJJ @ iacG4hF18c"" stand up with the stack of 162.04.",2026-09-27T00:40:40.622Z,179046964062200
"-- ending hand #326 --",2026-09-27T00:40:34.681Z,179046963468102
"""dih @ GO72Iwd2XL"" collected 11.00 from pot",2026-09-27T00:40:34.681Z,179046963468101
"Uncalled bet of 11.00 returned to ""dih @ GO72Iwd2XL""",2026-09-27T00:40:34.681Z,179046963468100
"""JJJ @ iacG4hF18c"" folds",2026-09-27T00:40:33.850Z,179046963385000
"""dih @ GO72Iwd2XL"" raises to 13.75",2026-09-27T00:40:25.181Z,179046962518100
"""JJJ @ iacG4hF18c"" bets 2.75",2026-09-27T00:40:22.539Z,179046962253900
"Flop:  [A♣, K♠, 4♠]",2026-09-27T00:40:18.547Z,179046961854700
"""rowan @ GthBpPSqaK"" folds",2026-09-27T00:40:17.716Z,179046961771600
"""JJJ @ iacG4hF18c"" calls 2.50",2026-09-27T00:40:16.772Z,179046961677200
"""dih @ GO72Iwd2XL"" raises to 2.50",2026-09-27T00:40:15.191Z,179046961519100
"""rowan @ GthBpPSqaK"" posts a big blind of 0.50",2026-09-27T00:40:12.745Z,179046961274506
"""JJJ @ iacG4hF18c"" posts a small blind of 0.25",2026-09-27T00:40:12.745Z,179046961274505
"Player stacks: #1 ""rowan @ GthBpPSqaK"" (421.10) | #2 ""dih @ GO72Iwd2XL"" (83.50) | #10 ""JJJ @ iacG4hF18c"" (167.29)",2026-09-27T00:40:12.745Z,179046961274501
"-- starting hand #326 (id: 81ymyw0pz4qf)  No Limit Texas Hold'em (dealer: ""dih @ GO72Iwd2XL"") --",2026-09-27T00:40:12.745Z,179046961274500
"-- ending hand #325 --",2026-09-27T00:40:06.745Z,179046960674502
"""dih @ GO72Iwd2XL"" collected 4.00 from pot",2026-09-27T00:40:06.745Z,179046960674501
"Uncalled bet of 4.00 returned to ""dih @ GO72Iwd2XL""",2026-09-27T00:40:06.745Z,179046960674500
"""JJJ @ iacG4hF18c"" folds",2026-09-27T00:40:05.891Z,179046960589100
"""dih @ GO72Iwd2XL"" bets 4.00",2026-09-27T00:40:03.999Z,179046960399900
"Flop:  [A♣, 8♦, J♦]",2026-09-27T00:40:01.194Z,179046960119400
"""JJJ @ iacG4hF18c"" calls 2.00",2026-09-27T00:40:00.359Z,179046960035900
"""dih @ GO72Iwd2XL"" raises to 2.00",2026-09-27T00:39:56.469Z,179046959646900
"""rowan @ GthBpPSqaK"" folds",2026-09-27T00:39:54.226Z,179046959422600
"""JJJ @ iacG4hF18c"" posts a big blind of 0.50",2026-09-27T00:39:53.096Z,179046959309606
"""dih @ GO72Iwd2XL"" posts a small blind of 0.25",2026-09-27T00:39:53.096Z,179046959309605
"Player stacks: #1 ""rowan @ GthBpPSqaK"" (421.10) | #2 ""dih @ GO72Iwd2XL"" (81.50) | #10 ""JJJ @ iacG4hF18c"" (169.29)",2026-09-27T00:39:53.096Z,179046959309601
"-- starting hand #325 (id: ik5waebadr9g)  No Limit Texas Hold'em (dealer: ""rowan @ GthBpPSqaK"") --",2026-09-27T00:39:53.096Z,179046959309600
"""rowan @ GthBpPSqaK"" shows a 8♣, 6♦.",2026-09-27T00:39:47.909Z,179046958790900
"""dih @ GO72Iwd2XL"" shows a 4♥, 2♣.",2026-09-27T00:39:46.502Z,179046958650200
"-- ending hand #324 --",2026-09-27T00:39:45.692Z,179046958569202
"""dih @ GO72Iwd2XL"" collected 1.00 from pot",2026-09-27T00:39:45.692Z,179046958569201
"Uncalled bet of 80.50 returned to ""dih @ GO72Iwd2XL""",2026-09-27T00:39:45.692Z,179046958569200
"""rowan @ GthBpPSqaK"" folds",2026-09-27T00:39:44.802Z,179046958480200
"""dih @ GO72Iwd2XL"" raises to 81.00 and go all in",2026-09-27T00:39:43.578Z,179046958357800
"""rowan @ GthBpPSqaK"" calls 0.50",2026-09-27T00:39:41.661Z,179046958166100
"""JJJ @ iacG4hF18c"" folds",2026-09-27T00:39:40.261Z,179046958026100
"""dih @ GO72Iwd2XL"" posts a big blind of 0.50",2026-09-27T00:39:38.293Z,179046957829306
"""rowan @ GthBpPSqaK"" posts a small blind of 0.25",2026-09-27T00:39:38.293Z,179046957829305
"Player stacks: #1 ""rowan @ GthBpPSqaK"" (421.60) | #2 ""dih @ GO72Iwd2XL"" (81.00) | #10 ""JJJ @ iacG4hF18c"" (169.29)",2026-09-27T00:39:38.293Z,179046957829301
"-- starting hand #324 (id: bqusxvz7ppme)  No Limit Texas Hold'em (dealer: ""JJJ @ iacG4hF18c"") --",2026-09-27T00:39:38.293Z,179046957829300
"-- ending hand #323 --",2026-09-27T00:39:32.283Z,179046957228302
"""rowan @ GthBpPSqaK"" collected 0.50 from pot",2026-09-27T00:39:32.283Z,179046957228301
"Uncalled bet of 0.25 returned to ""rowan @ GthBpPSqaK""",2026-09-27T00:39:32.283Z,179046957228300
"""JJJ @ iacG4hF18c"" folds",2026-09-27T00:39:31.352Z,179046957135200
"""dih @ GO72Iwd2XL"" folds",2026-09-27T00:39:28.851Z,179046956885100
"""rowan @ GthBpPSqaK"" posts a big blind of 0.50",2026-09-27T00:39:27.481Z,179046956748106
"""JJJ @ iacG4hF18c"" posts a small blind of 0.25",2026-09-27T00:39:27.481Z,179046956748105
"Player stacks: #1 ""rowan @ GthBpPSqaK"" (421.35) | #2 ""dih @ GO72Iwd2XL"" (81.00) | #10 ""JJJ @ iacG4hF18c"" (169.54)",2026-09-27T00:39:27.481Z,179046956748101
"-- starting hand #323 (id: wfx73w4f51mu)  No Limit Texas Hold'em (dealer: ""dih @ GO72Iwd2XL"") --",2026-09-27T00:39:27.481Z,179046956748100
"""JJJ @ iacG4hF18c"" shows a 3♣, 6♦.",2026-09-27T00:39:23.982Z,179046956398200
"-- ending hand #322 --",2026-09-27T00:39:20.876Z,179046956087602
"""dih @ GO72Iwd2XL"" collected 3.00 from pot",2026-09-27T00:39:20.876Z,179046956087601
"Uncalled bet of 4.50 returned to ""dih @ GO72Iwd2XL""",2026-09-27T00:39:20.876Z,179046956087600
"""JJJ @ iacG4hF18c"" folds",2026-09-27T00:39:20.038Z,179046956003800
"""dih @ GO72Iwd2XL"" bets 4.50",2026-09-27T00:39:17.812Z,179046955781200
"Turn: 7♦, 4♥, A♠ [A♦]",2026-09-27T00:39:14.876Z,179046955487600
"""JJJ @ iacG4hF18c"" calls 1.00",2026-09-27T00:39:13.979Z,179046955397900
"""dih @ GO72Iwd2XL"" bets 1.00",2026-09-27T00:39:12.439Z,179046955243900
"Flop:  [7♦, 4♥, A♠]",2026-09-27T00:39:10.078Z,179046955007800
"""JJJ @ iacG4hF18c"" checks",2026-09-27T00:39:09.265Z,179046954926500
"""dih @ GO72Iwd2XL"" calls 0.50",2026-09-27T00:39:07.505Z,179046954750500
"""rowan @ GthBpPSqaK"" folds",2026-09-27T00:39:05.908Z,179046954590800
"""JJJ @ iacG4hF18c"" posts a big blind of 0.50",2026-09-27T00:39:04.921Z,179046954492106
"""dih @ GO72Iwd2XL"" posts a small blind of 0.25",2026-09-27T00:39:04.921Z,179046954492105
"Player stacks: #1 ""rowan @ GthBpPSqaK"" (421.35) | #2 ""dih @ GO72Iwd2XL"" (79.50) | #10 ""JJJ @ iacG4hF18c"" (171.04)",2026-09-27T00:39:04.921Z,179046954492101
"-- starting hand #322 (id: cdfjtqckvuod)  No Limit Texas Hold'em (dealer: ""rowan @ GthBpPSqaK"") --",2026-09-27T00:39:04.921Z,179046954492100
"-- ending hand #321 --",2026-09-27T00:38:58.996Z,179046953899602
"""dih @ GO72Iwd2XL"" collected 6.00 from pot",2026-09-27T00:38:58.996Z,179046953899601
"Uncalled bet of 6.00 returned to ""dih @ GO72Iwd2XL""",2026-09-27T00:38:58.996Z,179046953899600
"""rowan @ GthBpPSqaK"" folds",2026-09-27T00:38:58.148Z,179046953814800
"""JJJ @ iacG4hF18c"" folds",2026-09-27T00:38:57.284Z,179046953728400
"""dih @ GO72Iwd2XL"" bets 6.00",2026-09-27T00:38:55.995Z,179046953599500
"""rowan @ GthBpPSqaK"" checks",2026-09-27T00:38:53.695Z,179046953369500
"Turn: 8♥, 7♦, A♣ [4♣]",2026-09-27T00:38:52.992Z,179046953299200
"""JJJ @ iacG4hF18c"" checks",2026-09-27T00:38:52.156Z,179046953215600
"""dih @ GO72Iwd2XL"" checks",2026-09-27T00:38:50.826Z,179046953082600
"""rowan @ GthBpPSqaK"" checks",2026-09-27T00:38:49.559Z,179046952955900
"Flop:  [8♥, 7♦, A♣]",2026-09-27T00:38:48.210Z,179046952821000
"""JJJ @ iacG4hF18c"" calls 2.00",2026-09-27T00:38:47.402Z,179046952740200
"""dih @ GO72Iwd2XL"" calls 2.00",2026-09-27T00:38:44.326Z,179046952432600
"""rowan @ GthBpPSqaK"" raises to 2.00",2026-09-27T00:38:43.134Z,179046952313400
"""JJJ @ iacG4hF18c"" calls 0.50",2026-09-27T00:38:40.266Z,179046952026600
"""dih @ GO72Iwd2XL"" posts a big blind of 0.50",2026-09-27T00:38:36.379Z,179046951637906
"""rowan @ GthBpPSqaK"" posts a small blind of 0.25",2026-09-27T00:38:36.379Z,179046951637905
"Player stacks: #1 ""rowan @ GthBpPSqaK"" (423.35) | #2 ""dih @ GO72Iwd2XL"" (75.50) | #10 ""JJJ @ iacG4hF18c"" (173.04)",2026-09-27T00:38:36.379Z,179046951637901
"-- starting hand #321 (id: zd5kivau058g)  No Limit Texas Hold'em (dealer: ""JJJ @ iacG4hF18c"") --",2026-09-27T00:38:36.379Z,179046951637900
"""rowan @ GthBpPSqaK"" shows a A♥, A♦.",2026-09-27T00:38:30.270Z,179046951027000
"-- ending hand #320 --",2026-09-27T00:38:29.774Z,179046950977402
"""rowan @ GthBpPSqaK"" collected 60.00 from pot",2026-09-27T00:38:29.774Z,179046950977401
"Uncalled bet of 45.00 returned to ""rowan @ GthBpPSqaK""",2026-09-27T00:38:29.774Z,179046950977400
"""dih @ GO72Iwd2XL"" folds",2026-09-27T00:38:28.956Z,179046950895600
"""rowan @ GthBpPSqaK"" bets 45.00",2026-09-27T00:38:18.925Z,179046949892500
"Turn: 10♥, 6♣, 2♦ [K♥]",2026-09-27T00:38:10.059Z,179046949005900
"""JJJ @ iacG4hF18c"" folds",2026-09-27T00:38:09.191Z,179046948919100
"""dih @ GO72Iwd2XL"" calls 15.00",2026-09-27T00:38:05.931Z,179046948593100
"""rowan @ GthBpPSqaK"" bets 15.00",2026-09-27T00:38:04.566Z,179046948456600
"""JJJ @ iacG4hF18c"" checks",2026-09-27T00:38:01.317Z,179046948131700
"Flop:  [10♥, 6♣, 2♦]",2026-09-27T00:37:59.346Z,179046947934600
"""JJJ @ iacG4hF18c"" calls 10.00",2026-09-27T00:37:58.532Z,179046947853200
"""dih @ GO72Iwd2XL"" calls 10.00",2026-09-27T00:37:54.303Z,179046947430300
"""rowan @ GthBpPSqaK"" raises to 10.00",2026-09-27T00:37:53.256Z,179046947325600
"""JJJ @ iacG4hF18c"" calls 2.50",2026-09-27T00:37:50.454Z,179046947045400
"""dih @ GO72Iwd2XL"" raises to 2.50",2026-09-27T00:37:48.587Z,179046946858700
"""rowan @ GthBpPSqaK"" posts a big blind of 0.50",2026-09-27T00:37:46.286Z,179046946628606
"""JJJ @ iacG4hF18c"" posts a small blind of 0.25",2026-09-27T00:37:46.286Z,179046946628605
"Player stacks: #1 ""rowan @ GthBpPSqaK"" (388.35) | #2 ""dih @ GO72Iwd2XL"" (100.50) | #10 ""JJJ @ iacG4hF18c"" (183.04)",2026-09-27T00:37:46.286Z,179046946628601
"-- starting hand #320 (id: 6ymdj57drwjc)  No Limit Texas Hold'em (dealer: ""dih @ GO72Iwd2XL"") --",2026-09-27T00:37:46.286Z,179046946628600
"""rowan @ GthBpPSqaK"" shows a 7♣, 7♦.",2026-09-27T00:37:43.301Z,179046946330100
"""dih @ GO72Iwd2XL"" shows a K♠, 8♠.",2026-09-27T00:37:42.190Z,179046946219000
"-- ending hand #319 --",2026-09-27T00:37:41.954Z,179046946195402
"""rowan @ GthBpPSqaK"" collected 9.00 from pot",2026-09-27T00:37:41.954Z,179046946195401
"Uncalled bet of 1.50 returned to ""rowan @ GthBpPSqaK""",2026-09-27T00:37:41.954Z,179046946195400
"""dih @ GO72Iwd2XL"" folds",2026-09-27T00:37:41.110Z,179046946111000
"""rowan @ GthBpPSqaK"" bets 1.50",2026-09-27T00:37:39.986Z,179046945998600
"""dih @ GO72Iwd2XL"" checks",2026-09-27T00:37:37.374Z,179046945737400
"River: 7♥, 3♠, 5♦, 4♣ [10♥]",2026-09-27T00:37:36.151Z,179046945615100
"""rowan @ GthBpPSqaK"" checks",2026-09-27T00:37:35.343Z,179046945534300
"""dih @ GO72Iwd2XL"" checks",2026-09-27T00:37:33.966Z,179046945396600
"Turn: 7♥, 3♠, 5♦ [4♣]",2026-09-27T00:37:32.952Z,179046945295200
"""dih @ GO72Iwd2XL"" calls 2.25",2026-09-27T00:37:32.135Z,179046945213500
"""rowan @ GthBpPSqaK"" bets 2.25",2026-09-27T00:37:31.167Z,179046945116700
"""dih @ GO72Iwd2XL"" checks",2026-09-27T00:37:27.827Z,179046944782700
"Flop:  [7♥, 3♠, 5♦]",2026-09-27T00:37:26.171Z,179046944617100
"""JJJ @ iacG4hF18c"" folds",2026-09-27T00:37:25.315Z,179046944531500
"""dih @ GO72Iwd2XL"" calls 2.00",2026-09-27T00:37:23.329Z,179046944332900
"""rowan @ GthBpPSqaK"" raises to 2.00",2026-09-27T00:37:22.356Z,179046944235600
"""JJJ @ iacG4hF18c"" posts a big blind of 0.50",2026-09-27T00:37:19.970Z,179046943997006
"""dih @ GO72Iwd2XL"" posts a small blind of 0.25",2026-09-27T00:37:19.970Z,179046943997005
"Player stacks: #1 ""rowan @ GthBpPSqaK"" (383.60) | #2 ""dih @ GO72Iwd2XL"" (104.75) | #10 ""JJJ @ iacG4hF18c"" (183.54)",2026-09-27T00:37:19.970Z,179046943997001
"-- starting hand #319 (id: tcsbu4vtpqri)  No Limit Texas Hold'em (dealer: ""rowan @ GthBpPSqaK"") --",2026-09-27T00:37:19.970Z,179046943997000
"-- ending hand #318 --",2026-09-27T00:37:14.064Z,179046943406402
"""dih @ GO72Iwd2XL"" collected 4.25 from pot",2026-09-27T00:37:14.064Z,179046943406401
"Uncalled bet of 4.25 returned to ""dih @ GO72Iwd2XL""",2026-09-27T00:37:14.064Z,179046943406400
"""JJJ @ iacG4hF18c"" folds",2026-09-27T00:37:13.219Z,179046943321900
"""dih @ GO72Iwd2XL"" bets 4.25",2026-09-27T00:37:11.009Z,179046943100900
"Flop:  [A♠, J♥, 8♦]",2026-09-27T00:37:08.658Z,179046942865800
"""JJJ @ iacG4hF18c"" calls 2.00",2026-09-27T00:37:07.772Z,179046942777200
"""dih @ GO72Iwd2XL"" raises to 2.00",2026-09-27T00:37:06.842Z,179046942684200
"""rowan @ GthBpPSqaK"" folds",2026-09-27T00:37:04.882Z,179046942488200
"""JJJ @ iacG4hF18c"" calls 0.50",2026-09-27T00:37:03.948Z,179046942394800
"""dih @ GO72Iwd2XL"" posts a big blind of 0.50",2026-09-27T00:37:02.202Z,179046942220206
"""rowan @ GthBpPSqaK"" posts a small blind of 0.25",2026-09-27T00:37:02.202Z,179046942220205
"Player stacks: #1 ""rowan @ GthBpPSqaK"" (383.85) | #2 ""dih @ GO72Iwd2XL"" (102.50) | #10 ""JJJ @ iacG4hF18c"" (185.54)",2026-09-27T00:37:02.202Z,179046942220201
"-- starting hand #318 (id: tcd8ouou74mc)  No Limit Texas Hold'em (dealer: ""JJJ @ iacG4hF18c"") --",2026-09-27T00:37:02.202Z,179046942220200
"-- ending hand #317 --",2026-09-27T00:36:56.183Z,179046941618302
"""dih @ GO72Iwd2XL"" collected 4.25 from pot",2026-09-27T00:36:56.183Z,179046941618301
"Uncalled bet of 4.25 returned to ""dih @ GO72Iwd2XL""",2026-09-27T00:36:56.183Z,179046941618300
"""rowan @ GthBpPSqaK"" folds",2026-09-27T00:36:55.337Z,179046941533700
"""dih @ GO72Iwd2XL"" bets 4.25",2026-09-27T00:36:53.804Z,179046941380400
"""rowan @ GthBpPSqaK"" checks",2026-09-27T00:36:51.022Z,179046941102200
"Flop:  [3♠, 2♥, 6♥]",2026-09-27T00:36:50.280Z,179046941028000
"""rowan @ GthBpPSqaK"" calls 2.00",2026-09-27T00:36:49.459Z,179046940945900
"""JJJ @ iacG4hF18c"" folds",2026-09-27T00:36:48.620Z,179046940862000
"""dih @ GO72Iwd2XL"" raises to 2.00",2026-09-27T00:36:47.679Z,179046940767900
"""rowan @ GthBpPSqaK"" posts a big blind of 0.50",2026-09-27T00:36:44.022Z,179046940402206
"""JJJ @ iacG4hF18c"" posts a small blind of 0.25",2026-09-27T00:36:44.022Z,179046940402205
"Player stacks: #1 ""rowan @ GthBpPSqaK"" (385.85) | #2 ""dih @ GO72Iwd2XL"" (100.25) | #10 ""JJJ @ iacG4hF18c"" (185.79)",2026-09-27T00:36:44.022Z,179046940402201
"-- starting hand #317 (id: d25luan20fhm)  No Limit Texas Hold'em (dealer: ""dih @ GO72Iwd2XL"") --",2026-09-27T00:36:44.022Z,179046940402200
"""rowan @ GthBpPSqaK"" shows a 8♠, K♥.",2026-09-27T00:36:41.461Z,179046940146100
"-- ending hand #316 --",2026-09-27T00:36:37.378Z,179046939737802
"""dih @ GO72Iwd2XL"" collected 4.50 from pot",2026-09-27T00:36:37.378Z,179046939737801
"Uncalled bet of 4.50 returned to ""dih @ GO72Iwd2XL""",2026-09-27T00:36:37.378Z,179046939737800
"""rowan @ GthBpPSqaK"" folds",2026-09-27T00:36:36.556Z,179046939655600
"""dih @ GO72Iwd2XL"" bets 4.50",2026-09-27T00:36:33.923Z,179046939392300
"Turn: 5♦, 3♣, A♥ [2♦]",2026-09-27T00:36:32.014Z,179046939201400
"""rowan @ GthBpPSqaK"" checks",2026-09-27T00:36:31.200Z,179046939120000
"""dih @ GO72Iwd2XL"" checks",2026-09-27T00:36:29.961Z,179046938996100
"Flop:  [5♦, 3♣, A♥]",2026-09-27T00:36:28.206Z,179046938820600
"""JJJ @ iacG4hF18c"" folds",2026-09-27T00:36:27.365Z,179046938736500
"""dih @ GO72Iwd2XL"" calls 2.00",2026-09-27T00:36:25.475Z,179046938547500
"""rowan @ GthBpPSqaK"" raises to 2.00",2026-09-27T00:36:24.598Z,179046938459800
"""JJJ @ iacG4hF18c"" posts a big blind of 0.50",2026-09-27T00:36:22.462Z,179046938246206
"""dih @ GO72Iwd2XL"" posts a small blind of 0.25",2026-09-27T00:36:22.462Z,179046938246205
"Player stacks: #1 ""rowan @ GthBpPSqaK"" (387.85) | #2 ""dih @ GO72Iwd2XL"" (97.75) | #10 ""JJJ @ iacG4hF18c"" (186.29)",2026-09-27T00:36:22.462Z,179046938246201
"-- starting hand #316 (id: feyzdonm94ez)  No Limit Texas Hold'em (dealer: ""rowan @ GthBpPSqaK"") --",2026-09-27T00:36:22.462Z,179046938246200
"-- ending hand #315 --",2026-09-27T00:36:16.555Z,179046937655502
"""dih @ GO72Iwd2XL"" collected 0.50 from pot",2026-09-27T00:36:16.555Z,179046937655501
"Uncalled bet of 0.25 returned to ""dih @ GO72Iwd2XL""",2026-09-27T00:36:16.555Z,179046937655500
"""rowan @ GthBpPSqaK"" folds",2026-09-27T00:36:15.697Z,179046937569700
"""JJJ @ iacG4hF18c"" folds",2026-09-27T00:36:14.803Z,179046937480300
"""dih @ GO72Iwd2XL"" posts a big blind of 0.50",2026-09-27T00:36:11.951Z,179046937195106
"""rowan @ GthBpPSqaK"" posts a small blind of 0.25",2026-09-27T00:36:11.951Z,179046937195105
"Player stacks: #1 ""rowan @ GthBpPSqaK"" (388.10) | #2 ""dih @ GO72Iwd2XL"" (97.50) | #10 ""JJJ @ iacG4hF18c"" (186.29)",2026-09-27T00:36:11.951Z,179046937195101
"-- starting hand #315 (id: irtlj4joncpc)  No Limit Texas Hold'em (dealer: ""JJJ @ iacG4hF18c"") --",2026-09-27T00:36:11.951Z,179046937195100
"-- ending hand #314 --",2026-09-27T00:36:05.945Z,179046936594502
"""dih @ GO72Iwd2XL"" collected 5.50 from pot",2026-09-27T00:36:05.945Z,179046936594501
"Uncalled bet of 5.50 returned to ""dih @ GO72Iwd2XL""",2026-09-27T00:36:05.945Z,179046936594500
"""JJJ @ iacG4hF18c"" folds",2026-09-27T00:36:05.092Z,179046936509200
"""dih @ GO72Iwd2XL"" bets 5.50",2026-09-27T00:36:02.221Z,179046936222100
"""JJJ @ iacG4hF18c"" checks",2026-09-27T00:35:59.952Z,179046935995200
"Flop:  [A♥, 10♠, J♦]",2026-09-27T00:35:58.049Z,179046935804900
"""rowan @ GthBpPSqaK"" folds",2026-09-27T00:35:57.213Z,179046935721300
"""JJJ @ iacG4hF18c"" calls 2.50",2026-09-27T00:35:56.255Z,179046935625500
"""dih @ GO72Iwd2XL"" raises to 2.50",2026-09-27T00:35:53.862Z,179046935386200
"""rowan @ GthBpPSqaK"" posts a big blind of 0.50",2026-09-27T00:35:49.003Z,179046934900306
"""JJJ @ iacG4hF18c"" posts a small blind of 0.25",2026-09-27T00:35:49.003Z,179046934900305
"Player stacks: #1 ""rowan @ GthBpPSqaK"" (388.60) | #2 ""dih @ GO72Iwd2XL"" (94.50) | #10 ""JJJ @ iacG4hF18c"" (188.79)",2026-09-27T00:35:49.003Z,179046934900301
"-- starting hand #314 (id: yqmcbj8hj6ym)  No Limit Texas Hold'em (dealer: ""dih @ GO72Iwd2XL"") --",2026-09-27T00:35:49.003Z,179046934900300
"-- ending hand #313 --",2026-09-27T00:35:42.959Z,179046934295903
"""rowan @ GthBpPSqaK"" collected 7.50 from pot with Pair, 6's (combination: J♠, Q♦, A♥, 6♦, 6♥)",2026-09-27T00:35:42.959Z,179046934295902
"""rowan @ GthBpPSqaK"" shows a Q♦, 6♦.",2026-09-27T00:35:42.959Z,179046934295901
"""dih @ GO72Iwd2XL"" shows a 7♣, K♣.",2026-09-27T00:35:42.959Z,179046934295900
"""rowan @ GthBpPSqaK"" checks",2026-09-27T00:35:42.140Z,179046934214000
"""dih @ GO72Iwd2XL"" checks",2026-09-27T00:35:40.883Z,179046934088300
"River: 9♠, A♥, 10♦, J♠ [6♥]",2026-09-27T00:35:39.556Z,179046933955600
"""dih @ GO72Iwd2XL"" calls 1.50",2026-09-27T00:35:38.614Z,179046933861400
"""rowan @ GthBpPSqaK"" bets 1.50",2026-09-27T00:35:37.619Z,179046933761900
"""dih @ GO72Iwd2XL"" checks",2026-09-27T00:35:35.114Z,179046933511400
"Turn: 9♠, A♥, 10♦ [J♠]",2026-09-27T00:35:33.931Z,179046933393100
"""rowan @ GthBpPSqaK"" checks",2026-09-27T00:35:33.015Z,179046933301500
"""dih @ GO72Iwd2XL"" checks",2026-09-27T00:35:31.565Z,179046933156500
"Flop:  [9♠, A♥, 10♦]",2026-09-27T00:35:29.928Z,179046932992800
"""JJJ @ iacG4hF18c"" folds",2026-09-27T00:35:29.003Z,179046932900300
"""dih @ GO72Iwd2XL"" calls 2.00",2026-09-27T00:35:25.898Z,179046932589800
"""rowan @ GthBpPSqaK"" raises to 2.00",2026-09-27T00:35:24.450Z,179046932445000
"""JJJ @ iacG4hF18c"" posts a big blind of 0.50",2026-09-27T00:35:19.172Z,179046931917206
"""dih @ GO72Iwd2XL"" posts a small blind of 0.25",2026-09-27T00:35:19.172Z,179046931917205
"Player stacks: #1 ""rowan @ GthBpPSqaK"" (384.60) | #2 ""dih @ GO72Iwd2XL"" (98.00) | #10 ""JJJ @ iacG4hF18c"" (189.29)",2026-09-27T00:35:19.172Z,179046931917201
"-- starting hand #313 (id: lwco9djhxjax)  No Limit Texas Hold'em (dealer: ""rowan @ GthBpPSqaK"") --",2026-09-27T00:35:19.172Z,179046931917200
"-- ending hand #312 --",2026-09-27T00:35:13.167Z,179046931316703
"""dih @ GO72Iwd2XL"" collected 8.00 from pot with Two Pair, A's & K's (combination: J♣, K♥, K♠, A♣, A♦)",2026-09-27T00:35:13.167Z,179046931316702
"""dih @ GO72Iwd2XL"" shows a A♣, 5♣.",2026-09-27T00:35:13.167Z,179046931316701
"""rowan @ GthBpPSqaK"" shows a 8♣, 10♥.",2026-09-27T00:35:13.167Z,179046931316700
"""dih @ GO72Iwd2XL"" calls 2.00",2026-09-27T00:35:12.363Z,179046931236300
"""rowan @ GthBpPSqaK"" bets 2.00",2026-09-27T00:35:11.473Z,179046931147300
"River: J♣, K♥, 2♥, K♠ [A♦]",2026-09-27T00:35:08.531Z,179046930853100
"""dih @ GO72Iwd2XL"" checks",2026-09-27T00:35:07.652Z,179046930765200
"""rowan @ GthBpPSqaK"" checks",2026-09-27T00:35:06.623Z,179046930662300
"Turn: J♣, K♥, 2♥ [K♠]",2026-09-27T00:35:05.367Z,179046930536700
"""dih @ GO72Iwd2XL"" checks",2026-09-27T00:35:04.557Z,179046930455700
"""rowan @ GthBpPSqaK"" checks",2026-09-27T00:35:03.369Z,179046930336900
"Flop:  [J♣, K♥, 2♥]",2026-09-27T00:35:01.068Z,179046930106800
"""dih @ GO72Iwd2XL"" calls 2.00",2026-09-27T00:35:00.230Z,179046930023000
"""rowan @ GthBpPSqaK"" raises to 2.00",2026-09-27T00:34:59.234Z,179046929923400
"""JJJ @ iacG4hF18c"" folds",2026-09-27T00:34:56.413Z,179046929641300
"""dih @ GO72Iwd2XL"" posts a big blind of 0.50",2026-09-27T00:34:52.055Z,179046929205506
"""rowan @ GthBpPSqaK"" posts a small blind of 0.25",2026-09-27T00:34:52.055Z,179046929205505
"Player stacks: #1 ""rowan @ GthBpPSqaK"" (388.60) | #2 ""dih @ GO72Iwd2XL"" (94.00) | #10 ""JJJ @ iacG4hF18c"" (189.29)",2026-09-27T00:34:52.055Z,179046929205501
"-- starting hand #312 (id: xcb0tyw6awpf)  No Limit Texas Hold'em (dealer: ""JJJ @ iacG4hF18c"") --",2026-09-27T00:34:52.055Z,179046929205500
"""rowan @ GthBpPSqaK"" shows a 5♠.",2026-09-27T00:34:49.729Z,179046928972900
"""dih @ GO72Iwd2XL"" shows a 4♠, 2♣.",2026-09-27T00:34:47.889Z,179046928788900
"-- ending hand #311 --",2026-09-27T00:34:47.654Z,179046928765402
"""rowan @ GthBpPSqaK"" collected 12.75 from pot",2026-09-27T00:34:47.654Z,179046928765401
"Uncalled bet of 6.37 returned to ""rowan @ GthBpPSqaK""",2026-09-27T00:34:47.654Z,179046928765400
"""dih @ GO72Iwd2XL"" folds",2026-09-27T00:34:46.807Z,179046928680700
"""rowan @ GthBpPSqaK"" bets 6.37",2026-09-27T00:34:45.849Z,179046928584900
"River: 5♥, 7♣, K♣, 5♦ [3♣]",2026-09-27T00:34:43.910Z,179046928391000
"""dih @ GO72Iwd2XL"" checks",2026-09-27T00:34:43.090Z,179046928309000
"""rowan @ GthBpPSqaK"" checks",2026-09-27T00:34:42.045Z,179046928204500
"Turn: 5♥, 7♣, K♣ [5♦]",2026-09-27T00:34:41.448Z,179046928144800
"""rowan @ GthBpPSqaK"" calls 4.25",2026-09-27T00:34:40.556Z,179046928055600
"""dih @ GO72Iwd2XL"" bets 4.25",2026-09-27T00:34:39.394Z,179046927939400
"""rowan @ GthBpPSqaK"" checks",2026-09-27T00:34:37.302Z,179046927730200
"Flop:  [5♥, 7♣, K♣]",2026-09-27T00:34:36.463Z,179046927646300
"""rowan @ GthBpPSqaK"" calls 2.00",2026-09-27T00:34:35.643Z,179046927564300
"""JJJ @ iacG4hF18c"" folds",2026-09-27T00:34:34.759Z,179046927475900
"""dih @ GO72Iwd2XL"" raises to 2.00",2026-09-27T00:34:33.510Z,179046927351000
"""rowan @ GthBpPSqaK"" posts a big blind of 0.50",2026-09-27T00:34:31.169Z,179046927116906
"""JJJ @ iacG4hF18c"" posts a small blind of 0.25",2026-09-27T00:34:31.169Z,179046927116905
"Player stacks: #1 ""rowan @ GthBpPSqaK"" (382.10) | #2 ""dih @ GO72Iwd2XL"" (100.25) | #10 ""JJJ @ iacG4hF18c"" (189.54)",2026-09-27T00:34:31.169Z,179046927116901
"-- starting hand #311 (id: 17akinkgdysd)  No Limit Texas Hold'em (dealer: ""dih @ GO72Iwd2XL"") --",2026-09-27T00:34:31.169Z,179046927116900
"-- ending hand #310 --",2026-09-27T00:34:25.195Z,179046926519502
"""JJJ @ iacG4hF18c"" collected 0.50 from pot",2026-09-27T00:34:25.195Z,179046926519501
"Uncalled bet of 0.25 returned to ""JJJ @ iacG4hF18c""",2026-09-27T00:34:25.195Z,179046926519500
"""dih @ GO72Iwd2XL"" folds",2026-09-27T00:34:24.335Z,179046926433500
"""rowan @ GthBpPSqaK"" folds",2026-09-27T00:34:23.375Z,179046926337500
"""JJJ @ iacG4hF18c"" posts a big blind of 0.50",2026-09-27T00:34:22.296Z,179046926229606
"""dih @ GO72Iwd2XL"" posts a small blind of 0.25",2026-09-27T00:34:22.296Z,179046926229605
"Player stacks: #1 ""rowan @ GthBpPSqaK"" (382.10) | #2 ""dih @ GO72Iwd2XL"" (100.50) | #10 ""JJJ @ iacG4hF18c"" (189.29)",2026-09-27T00:34:22.296Z,179046926229601
"-- starting hand #310 (id: qeoowxmxjtpm)  No Limit Texas Hold'em (dealer: ""rowan @ GthBpPSqaK"") --",2026-09-27T00:34:22.296Z,179046926229600
"""JJJ @ iacG4hF18c"" shows a 9♦.",2026-09-27T00:34:16.783Z,179046925678300
"-- ending hand #309 --",2026-09-27T00:34:15.691Z,179046925569102
"""dih @ GO72Iwd2XL"" collected 4.25 from pot",2026-09-27T00:34:15.691Z,179046925569101
"Uncalled bet of 4.25 returned to ""dih @ GO72Iwd2XL""",2026-09-27T00:34:15.691Z,179046925569100
"""JJJ @ iacG4hF18c"" folds",2026-09-27T00:34:14.875Z,179046925487500
"""dih @ GO72Iwd2XL"" bets 4.25",2026-09-27T00:34:04.967Z,179046924496700
"Flop:  [J♠, J♣, 9♣]",2026-09-27T00:34:02.034Z,179046924203400
"""JJJ @ iacG4hF18c"" calls 2.00",2026-09-27T00:34:01.193Z,179046924119300
"""dih @ GO72Iwd2XL"" raises to 2.00",2026-09-27T00:33:59.626Z,179046923962600
"""rowan @ GthBpPSqaK"" folds",2026-09-27T00:33:57.319Z,179046923731900
"""JJJ @ iacG4hF18c"" calls 0.50",2026-09-27T00:33:56.460Z,179046923646000
"""dih @ GO72Iwd2XL"" posts a big blind of 0.50",2026-09-27T00:33:53.786Z,179046923378606
"""rowan @ GthBpPSqaK"" posts a small blind of 0.25",2026-09-27T00:33:53.786Z,179046923378605
"Player stacks: #1 ""rowan @ GthBpPSqaK"" (382.35) | #2 ""dih @ GO72Iwd2XL"" (98.25) | #10 ""JJJ @ iacG4hF18c"" (191.29)",2026-09-27T00:33:53.786Z,179046923378601
"-- starting hand #309 (id: 5vptq5v7qcvb)  No Limit Texas Hold'em (dealer: ""JJJ @ iacG4hF18c"") --",2026-09-27T00:33:53.786Z,179046923378600
"-- ending hand #308 --",2026-09-27T00:33:47.860Z,179046922786002
"""dih @ GO72Iwd2XL"" collected 12.75 from pot",2026-09-27T00:33:47.860Z,179046922786001
"Uncalled bet of 12.75 returned to ""dih @ GO72Iwd2XL""",2026-09-27T00:33:47.860Z,179046922786000
"""rowan @ GthBpPSqaK"" folds",2026-09-27T00:33:47.017Z,179046922701700
"""dih @ GO72Iwd2XL"" bets 12.75",2026-09-27T00:33:45.780Z,179046922578000
"""rowan @ GthBpPSqaK"" checks",2026-09-27T00:33:42.868Z,179046922286800
"Turn: K♦, 8♥, 10♠ [5♠]",2026-09-27T00:33:41.977Z,179046922197700
"""rowan @ GthBpPSqaK"" calls 4.25",2026-09-27T00:33:41.150Z,179046922115000
"""dih @ GO72Iwd2XL"" bets 4.25",2026-09-27T00:33:39.532Z,179046921953200
"""rowan @ GthBpPSqaK"" checks",2026-09-27T00:33:37.084Z,179046921708400
"Flop:  [K♦, 8♥, 10♠]",2026-09-27T00:33:36.322Z,179046921632200
"""rowan @ GthBpPSqaK"" calls 2.00",2026-09-27T00:33:35.490Z,179046921549000
"""JJJ @ iacG4hF18c"" folds",2026-09-27T00:33:34.577Z,179046921457700
"""dih @ GO72Iwd2XL"" raises to 2.00",2026-09-27T00:33:32.877Z,179046921287700
"""rowan @ GthBpPSqaK"" posts a big blind of 0.50",2026-09-27T00:33:29.515Z,179046920951506
"""JJJ @ iacG4hF18c"" posts a small blind of 0.25",2026-09-27T00:33:29.515Z,179046920951505
"Player stacks: #1 ""rowan @ GthBpPSqaK"" (388.60) | #2 ""dih @ GO72Iwd2XL"" (91.75) | #10 ""JJJ @ iacG4hF18c"" (191.54)",2026-09-27T00:33:29.515Z,179046920951501
"-- starting hand #308 (id: yugbu2ygvuqr)  No Limit Texas Hold'em (dealer: ""dih @ GO72Iwd2XL"") --",2026-09-27T00:33:29.515Z,179046920951500
"""dih @ GO72Iwd2XL"" shows a 4♥.",2026-09-27T00:33:27.614Z,179046920761400
"""rowan @ GthBpPSqaK"" shows a 8♠, 8♦.",2026-09-27T00:33:25.376Z,179046920537600
"-- ending hand #307 --",2026-09-27T00:33:25.167Z,179046920516702
"""dih @ GO72Iwd2XL"" collected 6.00 from pot",2026-09-27T00:33:25.167Z,179046920516701
"Uncalled bet of 6.00 returned to ""dih @ GO72Iwd2XL""",2026-09-27T00:33:25.167Z,179046920516700
"""rowan @ GthBpPSqaK"" folds",2026-09-27T00:33:24.357Z,179046920435700
"""JJJ @ iacG4hF18c"" folds",2026-09-27T00:33:15.229Z,179046919522900
"""dih @ GO72Iwd2XL"" bets 6.00",2026-09-27T00:33:14.028Z,179046919402800
"River: 10♥, 7♥, J♣, 5♥ [8♥]",2026-09-27T00:33:11.953Z,179046919195300
"""rowan @ GthBpPSqaK"" checks",2026-09-27T00:33:11.106Z,179046919110600
"""JJJ @ iacG4hF18c"" checks",2026-09-27T00:33:09.691Z,179046918969100
"""dih @ GO72Iwd2XL"" checks",2026-09-27T00:33:08.506Z,179046918850600
"Turn: 10♥, 7♥, J♣ [5♥]",2026-09-27T00:33:07.304Z,179046918730400
"""rowan @ GthBpPSqaK"" checks",2026-09-27T00:33:06.399Z,179046918639900
"""JJJ @ iacG4hF18c"" checks",2026-09-27T00:33:04.659Z,179046918465900
"""dih @ GO72Iwd2XL"" checks",2026-09-27T00:33:03.474Z,179046918347400
"Flop:  [10♥, 7♥, J♣]",2026-09-27T00:33:01.306Z,179046918130600
"""JJJ @ iacG4hF18c"" calls 2.00",2026-09-27T00:33:00.370Z,179046918037000
"""dih @ GO72Iwd2XL"" calls 2.00",2026-09-27T00:32:50.178Z,179046917017800
"""rowan @ GthBpPSqaK"" raises to 2.00",2026-09-27T00:32:49.058Z,179046916905800
"""JJJ @ iacG4hF18c"" posts a big blind of 0.50",2026-09-27T00:32:46.130Z,179046916613006
"""dih @ GO72Iwd2XL"" posts a small blind of 0.25",2026-09-27T00:32:46.130Z,179046916613005
"Player stacks: #1 ""rowan @ GthBpPSqaK"" (390.60) | #2 ""dih @ GO72Iwd2XL"" (87.75) | #10 ""JJJ @ iacG4hF18c"" (193.54)",2026-09-27T00:32:46.130Z,179046916613001
"-- starting hand #307 (id: 4aboeitvx9ty)  No Limit Texas Hold'em (dealer: ""rowan @ GthBpPSqaK"") --",2026-09-27T00:32:46.130Z,179046916613000
"""rowan @ GthBpPSqaK"" shows a J♥, 3♥.",2026-09-27T00:32:40.645Z,179046916064500
"-- ending hand #306 --",2026-09-27T00:32:39.509Z,179046915950902
"""dih @ GO72Iwd2XL"" collected 3.00 from pot",2026-09-27T00:32:39.509Z,179046915950901
"Uncalled bet of 3.00 returned to ""dih @ GO72Iwd2XL""",2026-09-27T00:32:39.509Z,179046915950900
"""rowan @ GthBpPSqaK"" folds",2026-09-27T00:32:38.699Z,179046915869900
"""dih @ GO72Iwd2XL"" bets 3.00",2026-09-27T00:32:37.727Z,179046915772700
"""rowan @ GthBpPSqaK"" checks",2026-09-27T00:32:35.340Z,179046915534000
"Flop:  [8♠, 4♣, 6♠]",2026-09-27T00:32:34.061Z,179046915406100
"""dih @ GO72Iwd2XL"" calls 1.50",2026-09-27T00:32:33.127Z,179046915312700
"""rowan @ GthBpPSqaK"" raises to 1.50",2026-09-27T00:32:31.633Z,179046915163300
"""JJJ @ iacG4hF18c"" folds",2026-09-27T00:32:29.227Z,179046914922700
"""dih @ GO72Iwd2XL"" posts a big blind of 0.50",2026-09-27T00:32:25.060Z,179046914506006
"""rowan @ GthBpPSqaK"" posts a small blind of 0.25",2026-09-27T00:32:25.060Z,179046914506005
"Player stacks: #1 ""rowan @ GthBpPSqaK"" (392.10) | #2 ""dih @ GO72Iwd2XL"" (86.25) | #10 ""JJJ @ iacG4hF18c"" (193.54)",2026-09-27T00:32:25.060Z,179046914506001
"-- starting hand #306 (id: elhkqbsejnb3)  No Limit Texas Hold'em (dealer: ""JJJ @ iacG4hF18c"") --",2026-09-27T00:32:25.060Z,179046914506000
"-- ending hand #305 --",2026-09-27T00:32:19.054Z,179046913905402
"""rowan @ GthBpPSqaK"" collected 0.50 from pot",2026-09-27T00:32:19.054Z,179046913905401
"Uncalled bet of 0.25 returned to ""rowan @ GthBpPSqaK""",2026-09-27T00:32:19.054Z,179046913905400
"""JJJ @ iacG4hF18c"" folds",2026-09-27T00:32:18.140Z,179046913814000
"""dih @ GO72Iwd2XL"" folds",2026-09-27T00:32:17.171Z,179046913717100
"""rowan @ GthBpPSqaK"" posts a big blind of 0.50",2026-09-27T00:32:15.841Z,179046913584106
"""JJJ @ iacG4hF18c"" posts a small blind of 0.25",2026-09-27T00:32:15.841Z,179046913584105
"Player stacks: #1 ""rowan @ GthBpPSqaK"" (391.85) | #2 ""dih @ GO72Iwd2XL"" (86.25) | #10 ""JJJ @ iacG4hF18c"" (193.79)",2026-09-27T00:32:15.841Z,179046913584101
"-- starting hand #305 (id: as5pomrb4p5j)  No Limit Texas Hold'em (dealer: ""dih @ GO72Iwd2XL"") --",2026-09-27T00:32:15.841Z,179046913584100
"""rowan @ GthBpPSqaK"" shows a 5♣.",2026-09-27T00:32:12.673Z,179046913267300
"-- ending hand #304 --",2026-09-27T00:32:09.227Z,179046912922702
"""dih @ GO72Iwd2XL"" collected 16.50 from pot",2026-09-27T00:32:09.227Z,179046912922701
"Uncalled bet of 16.50 returned to ""dih @ GO72Iwd2XL""",2026-09-27T00:32:09.227Z,179046912922700
"""rowan @ GthBpPSqaK"" folds",2026-09-27T00:32:08.313Z,179046912831300
"""dih @ GO72Iwd2XL"" bets 16.50",2026-09-27T00:32:02.143Z,179046912214300
"Turn: 3♦, A♥, 5♠ [6♣]",2026-09-27T00:32:00.032Z,179046912003200
"""rowan @ GthBpPSqaK"" calls 5.50",2026-09-27T00:31:59.212Z,179046911921200
"""dih @ GO72Iwd2XL"" bets 5.50",2026-09-27T00:31:58.299Z,179046911829900
"Flop:  [3♦, A♥, 5♠]",2026-09-27T00:31:55.785Z,179046911578500
"""rowan @ GthBpPSqaK"" calls 2.50",2026-09-27T00:31:54.978Z,179046911497800
"""JJJ @ iacG4hF18c"" folds",2026-09-27T00:31:53.137Z,179046911313700
"""dih @ GO72Iwd2XL"" raises to 2.50",2026-09-27T00:31:51.433Z,179046911143300
"""rowan @ GthBpPSqaK"" calls 0.50",2026-09-27T00:31:49.000Z,179046910900000
"""JJJ @ iacG4hF18c"" posts a big blind of 0.50",2026-09-27T00:31:47.566Z,179046910756607
"""dih @ GO72Iwd2XL"" posts a small blind of 0.25",2026-09-27T00:31:47.566Z,179046910756606
"Player stacks: #1 ""rowan @ GthBpPSqaK"" (399.85) | #2 ""dih @ GO72Iwd2XL"" (77.75) | #10 ""JJJ @ iacG4hF18c"" (194.29)",2026-09-27T00:31:47.566Z,179046910756602
"-- starting hand #304 (id: ejcl7ermwes2)  No Limit Texas Hold'em (dealer: ""rowan @ GthBpPSqaK"") --",2026-09-27T00:31:47.566Z,179046910756601
"The player ""Will @ h_ZrezeXHs"" stand up with the stack of 204.26.",2026-09-27T00:31:47.566Z,179046910756600
"""rowan @ GthBpPSqaK"" shows a J♦, A♥.",2026-09-27T00:31:43.289Z,179046910328900
"-- ending hand #303 --",2026-09-27T00:31:40.962Z,179046910096202
"""rowan @ GthBpPSqaK"" collected 1.00 from pot",2026-09-27T00:31:40.962Z,179046910096201
"Uncalled bet of 1.50 returned to ""rowan @ GthBpPSqaK""",2026-09-27T00:31:40.962Z,179046910096200
"""dih @ GO72Iwd2XL"" folds",2026-09-27T00:31:40.158Z,179046910015800
"""rowan @ GthBpPSqaK"" raises to 2.00",2026-09-27T00:31:39.037Z,179046909903700
"""JJJ @ iacG4hF18c"" folds",2026-09-27T00:31:35.263Z,179046909526300
"""Will @ h_ZrezeXHs"" folds",2026-09-27T00:31:23.504Z,179046908350400
"""dih @ GO72Iwd2XL"" posts a big blind of 0.50",2026-09-27T00:31:22.515Z,179046908251507
"""rowan @ GthBpPSqaK"" posts a small blind of 0.25",2026-09-27T00:31:22.515Z,179046908251506
"Player stacks: #1 ""rowan @ GthBpPSqaK"" (399.35) | #2 ""dih @ GO72Iwd2XL"" (78.25) | #8 ""Will @ h_ZrezeXHs"" (204.26) | #10 ""JJJ @ iacG4hF18c"" (194.29)",2026-09-27T00:31:22.515Z,179046908251501
"-- starting hand #303 (id: ljhitw7gykti)  No Limit Texas Hold'em (dealer: ""JJJ @ iacG4hF18c"") --",2026-09-27T00:31:22.515Z,179046908251500
"""rowan @ GthBpPSqaK"" shows a 7♠, 8♥.",2026-09-27T00:31:19.450Z,179046907945000
"""Will @ h_ZrezeXHs"" shows a 7♦, J♦.",2026-09-27T00:31:17.168Z,179046907716800
"-- ending hand #302 --",2026-09-27T00:31:15.114Z,179046907511401
"""Will @ h_ZrezeXHs"" collected 5.25 from pot",2026-09-27T00:31:15.114Z,179046907511400
"""rowan @ GthBpPSqaK"" folds",2026-09-27T00:31:14.239Z,179046907423900
"Flop:  [K♦, A♣, 4♦]",2026-09-27T00:31:12.338Z,179046907233800
"""rowan @ GthBpPSqaK"" calls 2.50",2026-09-27T00:31:11.517Z,179046907151700
"""JJJ @ iacG4hF18c"" folds",2026-09-27T00:31:09.641Z,179046906964100
"""Will @ h_ZrezeXHs"" raises to 2.50",2026-09-27T00:31:07.300Z,179046906730000
"""dih @ GO72Iwd2XL"" folds",2026-09-27T00:31:04.520Z,179046906452000
"""rowan @ GthBpPSqaK"" posts a big blind of 0.50",2026-09-27T00:31:03.314Z,179046906331407
"""JJJ @ iacG4hF18c"" posts a small blind of 0.25",2026-09-27T00:31:03.314Z,179046906331406
"Player stacks: #1 ""rowan @ GthBpPSqaK"" (401.85) | #2 ""dih @ GO72Iwd2XL"" (78.25) | #8 ""Will @ h_ZrezeXHs"" (201.51) | #10 ""JJJ @ iacG4hF18c"" (194.54)",2026-09-27T00:31:03.314Z,179046906331401
"-- starting hand #302 (id: ydomelztxgcy)  No Limit Texas Hold'em (dealer: ""Will @ h_ZrezeXHs"") --",2026-09-27T00:31:03.314Z,179046906331400
"-- ending hand #301 --",2026-09-27T00:30:57.259Z,179046905725902
"""rowan @ GthBpPSqaK"" collected 6.50 from pot",2026-09-27T00:30:57.259Z,179046905725901
"Uncalled bet of 3.25 returned to ""rowan @ GthBpPSqaK""",2026-09-27T00:30:57.259Z,179046905725900
"""Will @ h_ZrezeXHs"" folds",2026-09-27T00:30:56.360Z,179046905636000
"""rowan @ GthBpPSqaK"" bets 3.25",2026-09-27T00:30:55.233Z,179046905523300
"""Will @ h_ZrezeXHs"" checks",2026-09-27T00:30:52.624Z,179046905262400
"Flop:  [7♣, 8♠, 9♠]",2026-09-27T00:30:51.055Z,179046905105500
"""rowan @ GthBpPSqaK"" calls 3.00",2026-09-27T00:30:50.138Z,179046905013800
"""JJJ @ iacG4hF18c"" folds",2026-09-27T00:30:43.552Z,179046904355200
"""Will @ h_ZrezeXHs"" raises to 3.00",2026-09-27T00:30:42.360Z,179046904236000
"""dih @ GO72Iwd2XL"" folds",2026-09-27T00:30:39.586Z,179046903958600
"""rowan @ GthBpPSqaK"" calls 0.50",2026-09-27T00:30:38.732Z,179046903873200
"""JJJ @ iacG4hF18c"" posts a big blind of 0.50",2026-09-27T00:30:35.739Z,179046903573907
"""Will @ h_ZrezeXHs"" posts a small blind of 0.25",2026-09-27T00:30:35.739Z,179046903573906
"Player stacks: #1 ""rowan @ GthBpPSqaK"" (398.35) | #2 ""dih @ GO72Iwd2XL"" (78.25) | #8 ""Will @ h_ZrezeXHs"" (204.51) | #10 ""JJJ @ iacG4hF18c"" (195.04)",2026-09-27T00:30:35.739Z,179046903573901
"-- starting hand #301 (id: yzurj5xcqpr3)  No Limit Texas Hold'em (dealer: ""dih @ GO72Iwd2XL"") --",2026-09-27T00:30:35.739Z,179046903573900
"-- ending hand #300 --",2026-09-27T00:30:29.736Z,179046902973603
"""rowan @ GthBpPSqaK"" collected 46.00 from pot with Pair, 10's (combination: 7♠, 9♥, J♥, 10♣, 10♦)",2026-09-27T00:30:29.736Z,179046902973602
"""rowan @ GthBpPSqaK"" shows a 10♣, 10♦.",2026-09-27T00:30:29.736Z,179046902973601
"""dih @ GO72Iwd2XL"" shows a 6♥, 5♣.",2026-09-27T00:30:29.736Z,179046902973600
"""rowan @ GthBpPSqaK"" checks",2026-09-27T00:30:28.915Z,179046902891500
"""dih @ GO72Iwd2XL"" checks",2026-09-27T00:30:27.807Z,179046902780700
"River: 7♠, 9♥, 5♦, J♥ [3♦]",2026-09-27T00:30:24.293Z,179046902429300
"""rowan @ GthBpPSqaK"" calls 17.00",2026-09-27T00:30:23.471Z,179046902347100
"""dih @ GO72Iwd2XL"" raises to 17.00",2026-09-27T00:30:19.494Z,179046901949400
"""rowan @ GthBpPSqaK"" bets 6.00",2026-09-27T00:30:13.725Z,179046901372500
"""dih @ GO72Iwd2XL"" checks",2026-09-27T00:30:08.596Z,179046900859600
"Turn: 7♠, 9♥, 5♦ [J♥]",2026-09-27T00:30:07.252Z,179046900725200
"""Will @ h_ZrezeXHs"" folds",2026-09-27T00:30:06.305Z,179046900630500
"""dih @ GO72Iwd2XL"" calls 3.00",2026-09-27T00:30:05.429Z,179046900542900
"""rowan @ GthBpPSqaK"" bets 3.00",2026-09-27T00:30:04.095Z,179046900409500
"""Will @ h_ZrezeXHs"" checks",2026-09-27T00:30:01.274Z,179046900127400
"""dih @ GO72Iwd2XL"" checks",2026-09-27T00:30:00.222Z,179046900022200
"Flop:  [7♠, 9♥, 5♦]",2026-09-27T00:29:58.399Z,179046899839900
"""Will @ h_ZrezeXHs"" calls 2.00",2026-09-27T00:29:57.507Z,179046899750700
"""dih @ GO72Iwd2XL"" calls 2.00",2026-09-27T00:29:56.048Z,179046899604800
"""rowan @ GthBpPSqaK"" raises to 2.00",2026-09-27T00:29:54.686Z,179046899468600
"""JJJ @ iacG4hF18c"" folds",2026-09-27T00:29:47.834Z,179046898783400
"""Will @ h_ZrezeXHs"" posts a big blind of 0.50",2026-09-27T00:29:41.152Z,179046898115207
"""dih @ GO72Iwd2XL"" posts a small blind of 0.25",2026-09-27T00:29:41.152Z,179046898115206
"Player stacks: #1 ""rowan @ GthBpPSqaK"" (374.35) | #2 ""dih @ GO72Iwd2XL"" (100.25) | #8 ""Will @ h_ZrezeXHs"" (206.51) | #10 ""JJJ @ iacG4hF18c"" (195.04)",2026-09-27T00:29:41.152Z,179046898115201
"-- starting hand #300 (id: jnezroaf0ynf)  No Limit Texas Hold'em (dealer: ""rowan @ GthBpPSqaK"") --",2026-09-27T00:29:41.152Z,179046898115200
"""JJJ @ iacG4hF18c"" shows a K♦, 10♥.",2026-09-27T00:29:36.835Z,179046897683500
"""rowan @ GthBpPSqaK"" shows a 5♠.",2026-09-27T00:29:35.555Z,179046897555500
"-- ending hand #299 --",2026-09-27T00:29:33.748Z,179046897374802
"""JJJ @ iacG4hF18c"" collected 1.50 from pot",2026-09-27T00:29:33.748Z,179046897374801
"Uncalled bet of 1.50 returned to ""JJJ @ iacG4hF18c""",2026-09-27T00:29:33.748Z,179046897374800
"""dih @ GO72Iwd2XL"" folds",2026-09-27T00:29:32.791Z,179046897279100
"""rowan @ GthBpPSqaK"" folds",2026-09-27T00:29:31.922Z,179046897192200
"""JJJ @ iacG4hF18c"" bets 1.50",2026-09-27T00:29:30.435Z,179046897043500
"""dih @ GO72Iwd2XL"" checks",2026-09-27T00:29:27.585Z,179046896758500
"""rowan @ GthBpPSqaK"" checks",2026-09-27T00:29:22.584Z,179046896258400
"Flop:  [10♣, 5♥, 6♣]",2026-09-27T00:29:20.941Z,179046896094100
"""dih @ GO72Iwd2XL"" checks",2026-09-27T00:29:20.024Z,179046896002400
"""rowan @ GthBpPSqaK"" calls 0.50",2026-09-27T00:29:19.170Z,179046895917000
"""JJJ @ iacG4hF18c"" calls 0.50",2026-09-27T00:29:18.210Z,179046895821000
"""Will @ h_ZrezeXHs"" folds",2026-09-27T00:29:16.240Z,179046895624000
"""dih @ GO72Iwd2XL"" posts a big blind of 0.50",2026-09-27T00:29:13.738Z,179046895373807
"""rowan @ GthBpPSqaK"" posts a small blind of 0.25",2026-09-27T00:29:13.738Z,179046895373806
"Player stacks: #1 ""rowan @ GthBpPSqaK"" (374.85) | #2 ""dih @ GO72Iwd2XL"" (100.75) | #8 ""Will @ h_ZrezeXHs"" (206.51) | #10 ""JJJ @ iacG4hF18c"" (194.04)",2026-09-27T00:29:13.738Z,179046895373801
"-- starting hand #299 (id: 6gxcktpk2ivh)  No Limit Texas Hold'em (dealer: ""JJJ @ iacG4hF18c"") --",2026-09-27T00:29:13.738Z,179046895373800
"-- ending hand #298 --",2026-09-27T00:29:07.703Z,179046894770302
"""dih @ GO72Iwd2XL"" collected 1.25 from pot",2026-09-27T00:29:07.703Z,179046894770301
"Uncalled bet of 2.50 returned to ""dih @ GO72Iwd2XL""",2026-09-27T00:29:07.703Z,179046894770300
"""rowan @ GthBpPSqaK"" folds",2026-09-27T00:29:06.894Z,179046894689400
"""JJJ @ iacG4hF18c"" folds",2026-09-27T00:29:05.405Z,179046894540500
"""Will @ h_ZrezeXHs"" folds",2026-09-27T00:29:02.632Z,179046894263200
"""dih @ GO72Iwd2XL"" raises to 3.00",2026-09-27T00:29:01.617Z,179046894161700
"""rowan @ GthBpPSqaK"" posts a big blind of 0.50",2026-09-27T00:28:58.088Z,179046893808807
"""JJJ @ iacG4hF18c"" posts a small blind of 0.25",2026-09-27T00:28:58.088Z,179046893808806
"Player stacks: #1 ""rowan @ GthBpPSqaK"" (375.35) | #2 ""dih @ GO72Iwd2XL"" (100.00) | #8 ""Will @ h_ZrezeXHs"" (206.51) | #10 ""JJJ @ iacG4hF18c"" (194.29)",2026-09-27T00:28:58.088Z,179046893808801
"-- starting hand #298 (id: xfzoso60r1mv)  No Limit Texas Hold'em (dealer: ""Will @ h_ZrezeXHs"") --",2026-09-27T00:28:58.088Z,179046893808800
"-- ending hand #297 --",2026-09-27T00:28:52.166Z,179046893216602
"""Will @ h_ZrezeXHs"" collected 7.50 from pot",2026-09-27T00:28:52.166Z,179046893216601
"Uncalled bet of 5.62 returned to ""Will @ h_ZrezeXHs""",2026-09-27T00:28:52.166Z,179046893216600
"""rowan @ GthBpPSqaK"" folds",2026-09-27T00:28:51.284Z,179046893128400
"""JJJ @ iacG4hF18c"" folds",2026-09-27T00:28:50.380Z,179046893038000
"""Will @ h_ZrezeXHs"" bets 5.62",2026-09-27T00:28:47.306Z,179046892730600
"Turn: A♥, 9♥, K♦ [5♠]",2026-09-27T00:28:44.415Z,179046892441500
"""rowan @ GthBpPSqaK"" checks",2026-09-27T00:28:43.608Z,179046892360800
"""JJJ @ iacG4hF18c"" checks",2026-09-27T00:28:42.712Z,179046892271200
"""Will @ h_ZrezeXHs"" checks",2026-09-27T00:28:41.459Z,179046892145900
"Flop:  [A♥, 9♥, K♦]",2026-09-27T00:28:39.011Z,179046891901100
"""rowan @ GthBpPSqaK"" calls 2.50",2026-09-27T00:28:38.201Z,179046891820100
"""JJJ @ iacG4hF18c"" calls 2.50",2026-09-27T00:28:37.252Z,179046891725200
"""Will @ h_ZrezeXHs"" raises to 2.50",2026-09-27T00:28:34.001Z,179046891400100
"""dih @ GO72Iwd2XL"" folds",2026-09-27T00:28:31.053Z,179046891105300
"""rowan @ GthBpPSqaK"" calls 0.50",2026-09-27T00:28:30.118Z,179046891011800
"""JJJ @ iacG4hF18c"" posts a big blind of 0.50",2026-09-27T00:28:28.350Z,179046890835007
"""Will @ h_ZrezeXHs"" posts a small blind of 0.25",2026-09-27T00:28:28.350Z,179046890835006
"Player stacks: #1 ""rowan @ GthBpPSqaK"" (377.85) | #2 ""dih @ GO72Iwd2XL"" (100.00) | #8 ""Will @ h_ZrezeXHs"" (201.51) | #10 ""JJJ @ iacG4hF18c"" (196.79)",2026-09-27T00:28:28.350Z,179046890835001
"-- starting hand #297 (id: n7oizps9ltpm)  No Limit Texas Hold'em (dealer: ""dih @ GO72Iwd2XL"") --",2026-09-27T00:28:28.350Z,179046890835000
"""JJJ @ iacG4hF18c"" shows a K♥, 2♣.",2026-09-27T00:28:24.841Z,179046890484100
"-- ending hand #296 --",2026-09-27T00:28:21.802Z,179046890180202
"""dih @ GO72Iwd2XL"" collected 15.50 from pot with Two Pair, 5's & 2's (combination: A♦, 2♦, 2♠, 5♣, 5♠)",2026-09-27T00:28:21.802Z,179046890180201
"""dih @ GO72Iwd2XL"" shows a 5♣, 5♠.",2026-09-27T00:28:21.802Z,179046890180200
"""rowan @ GthBpPSqaK"" checks",2026-09-27T00:28:20.984Z,179046890098400
"""dih @ GO72Iwd2XL"" checks",2026-09-27T00:28:17.250Z,179046889725000
"River: K♠, A♦, 2♦, Q♦ [2♠]",2026-09-27T00:28:15.797Z,179046889579700
"""dih @ GO72Iwd2XL"" calls 3.00",2026-09-27T00:28:14.943Z,179046889494300
"""rowan @ GthBpPSqaK"" bets 3.00",2026-09-27T00:28:14.034Z,179046889403400
"""dih @ GO72Iwd2XL"" checks",2026-09-27T00:28:07.570Z,179046888757000
"Turn: K♠, A♦, 2♦ [Q♦]",2026-09-27T00:28:05.635Z,179046888563500
"""rowan @ GthBpPSqaK"" checks",2026-09-27T00:28:04.787Z,179046888478700
"""dih @ GO72Iwd2XL"" checks",2026-09-27T00:28:02.754Z,179046888275400
"Flop:  [K♠, A♦, 2♦]",2026-09-27T00:28:00.955Z,179046888095500
"""rowan @ GthBpPSqaK"" calls 4.50",2026-09-27T00:28:00.139Z,179046888013900
"""Will @ h_ZrezeXHs"" folds",2026-09-27T00:27:58.826Z,179046887882600
"""dih @ GO72Iwd2XL"" raises to 4.50",2026-09-27T00:27:57.941Z,179046887794100
"""rowan @ GthBpPSqaK"" raises to 1.50",2026-09-27T00:27:55.315Z,179046887531500
"""JJJ @ iacG4hF18c"" folds",2026-09-27T00:27:51.830Z,179046887183000
"""Will @ h_ZrezeXHs"" posts a big blind of 0.50",2026-09-27T00:27:50.659Z,179046887065907
"""dih @ GO72Iwd2XL"" posts a small blind of 0.25",2026-09-27T00:27:50.659Z,179046887065906
"Player stacks: #1 ""rowan @ GthBpPSqaK"" (385.35) | #2 ""dih @ GO72Iwd2XL"" (92.00) | #8 ""Will @ h_ZrezeXHs"" (202.01) | #10 ""JJJ @ iacG4hF18c"" (196.79)",2026-09-27T00:27:50.659Z,179046887065901
"-- starting hand #296 (id: lbrobnq0bxpl)  No Limit Texas Hold'em (dealer: ""rowan @ GthBpPSqaK"") --",2026-09-27T00:27:50.659Z,179046887065900
"-- ending hand #295 --",2026-09-27T00:27:44.748Z,179046886474802
"""dih @ GO72Iwd2XL"" collected 1.25 from pot",2026-09-27T00:27:44.748Z,179046886474801
"Uncalled bet of 2.00 returned to ""dih @ GO72Iwd2XL""",2026-09-27T00:27:44.748Z,179046886474800
"""JJJ @ iacG4hF18c"" folds",2026-09-27T00:27:43.884Z,179046886388400
"""dih @ GO72Iwd2XL"" raises to 2.50",2026-09-27T00:27:42.884Z,179046886288400
"""rowan @ GthBpPSqaK"" folds",2026-09-27T00:27:40.091Z,179046886009100
"""JJJ @ iacG4hF18c"" calls 0.50",2026-09-27T00:27:38.940Z,179046885894000
"""Will @ h_ZrezeXHs"" folds",2026-09-27T00:27:37.582Z,179046885758200
"""dih @ GO72Iwd2XL"" posts a big blind of 0.50",2026-09-27T00:27:36.354Z,179046885635407
"""rowan @ GthBpPSqaK"" posts a small blind of 0.25",2026-09-27T00:27:36.354Z,179046885635406
"Player stacks: #1 ""rowan @ GthBpPSqaK"" (385.60) | #2 ""dih @ GO72Iwd2XL"" (91.25) | #8 ""Will @ h_ZrezeXHs"" (202.01) | #10 ""JJJ @ iacG4hF18c"" (197.29)",2026-09-27T00:27:36.354Z,179046885635401
"-- starting hand #295 (id: vbpbd92jjx1v)  No Limit Texas Hold'em (dealer: ""JJJ @ iacG4hF18c"") --",2026-09-27T00:27:36.354Z,179046885635400
"""rowan @ GthBpPSqaK"" shows a 5♠.",2026-09-27T00:27:32.681Z,179046885268100
"-- ending hand #294 --",2026-09-27T00:27:29.848Z,179046884984803
"""Will @ h_ZrezeXHs"" collected 116.50 from pot with Pair, 9's (combination: 4♦, 6♠, K♦, 9♥, 9♠)",2026-09-27T00:27:29.848Z,179046884984802
"""Will @ h_ZrezeXHs"" shows a 9♥, K♦.",2026-09-27T00:27:29.848Z,179046884984801
"""dih @ GO72Iwd2XL"" shows a K♠, J♦.",2026-09-27T00:27:29.848Z,179046884984800
"""Will @ h_ZrezeXHs"" calls 29.00",2026-09-27T00:27:28.973Z,179046884897300
"""dih @ GO72Iwd2XL"" bets 29.00",2026-09-27T00:27:08.101Z,179046882810100
"River: 3♦, 9♠, 6♠, 2♦ [4♦]",2026-09-27T00:27:01.253Z,179046882125300
"""Will @ h_ZrezeXHs"" calls 15.00",2026-09-27T00:27:00.392Z,179046882039200
"""dih @ GO72Iwd2XL"" bets 15.00",2026-09-27T00:26:58.055Z,179046881805500
"Turn: 3♦, 9♠, 6♠ [2♦]",2026-09-27T00:26:51.946Z,179046881194600
"""JJJ @ iacG4hF18c"" folds",2026-09-27T00:26:51.112Z,179046881111200
"""Will @ h_ZrezeXHs"" calls 9.50",2026-09-27T00:26:49.976Z,179046880997600
"""dih @ GO72Iwd2XL"" bets 9.50",2026-09-27T00:26:48.197Z,179046880819700
"""JJJ @ iacG4hF18c"" checks",2026-09-27T00:26:44.492Z,179046880449200
"Flop:  [3♦, 9♠, 6♠]",2026-09-27T00:26:42.141Z,179046880214100
"""rowan @ GthBpPSqaK"" folds",2026-09-27T00:26:41.285Z,179046880128500
"""JJJ @ iacG4hF18c"" calls 3.00",2026-09-27T00:26:38.793Z,179046879879300
"""Will @ h_ZrezeXHs"" calls 3.00",2026-09-27T00:26:36.580Z,179046879658000
"""dih @ GO72Iwd2XL"" raises to 3.00",2026-09-27T00:26:35.331Z,179046879533100
"""rowan @ GthBpPSqaK"" posts a big blind of 0.50",2026-09-27T00:26:32.275Z,179046879227507
"""JJJ @ iacG4hF18c"" posts a small blind of 0.25",2026-09-27T00:26:32.275Z,179046879227506
"Player stacks: #1 ""rowan @ GthBpPSqaK"" (386.10) | #2 ""dih @ GO72Iwd2XL"" (147.75) | #8 ""Will @ h_ZrezeXHs"" (142.01) | #10 ""JJJ @ iacG4hF18c"" (200.29)",2026-09-27T00:26:32.275Z,179046879227501
"-- starting hand #294 (id: e8tqmzwiqtwd)  No Limit Texas Hold'em (dealer: ""Will @ h_ZrezeXHs"") --",2026-09-27T00:26:32.275Z,179046879227500
"-- ending hand #293 --",2026-09-27T00:26:29.274Z,179046878927402
"""rowan @ GthBpPSqaK"" collected 6.50 from pot",2026-09-27T00:26:29.274Z,179046878927401
"Uncalled bet of 2.50 returned to ""rowan @ GthBpPSqaK""",2026-09-27T00:26:29.274Z,179046878927400
"""Will @ h_ZrezeXHs"" folds",2026-09-27T00:26:28.403Z,179046878840300
"""rowan @ GthBpPSqaK"" bets 2.50",2026-09-27T00:26:27.337Z,179046878733700
"""Will @ h_ZrezeXHs"" checks",2026-09-27T00:26:20.711Z,179046878071100
"River: J♦, 4♠, K♠, A♥ [J♥]",2026-09-27T00:26:17.666Z,179046877766600
"""rowan @ GthBpPSqaK"" checks",2026-09-27T00:26:16.848Z,179046877684800
"""Will @ h_ZrezeXHs"" checks",2026-09-27T00:26:15.472Z,179046877547200
"Turn: J♦, 4♠, K♠ [A♥]",2026-09-27T00:26:14.465Z,179046877446500
"""Will @ h_ZrezeXHs"" calls 1.50",2026-09-27T00:26:13.624Z,179046877362400
"""rowan @ GthBpPSqaK"" bets 1.50",2026-09-27T00:26:11.981Z,179046877198100
"""Will @ h_ZrezeXHs"" checks",2026-09-27T00:26:08.921Z,179046876892100
"Flop:  [J♦, 4♠, K♠]",2026-09-27T00:26:07.527Z,179046876752700
"""JJJ @ iacG4hF18c"" folds",2026-09-27T00:26:06.692Z,179046876669200
"""Will @ h_ZrezeXHs"" calls 1.50",2026-09-27T00:26:05.004Z,179046876500400
"""dih @ GO72Iwd2XL"" folds",2026-09-27T00:26:03.210Z,179046876321000
"""rowan @ GthBpPSqaK"" raises to 1.50",2026-09-27T00:26:02.241Z,179046876224100
"""JJJ @ iacG4hF18c"" posts a big blind of 0.50",2026-09-27T00:25:57.889Z,179046875788907
"""Will @ h_ZrezeXHs"" posts a small blind of 0.25",2026-09-27T00:25:57.889Z,179046875788906
"Player stacks: #1 ""rowan @ GthBpPSqaK"" (382.60) | #2 ""dih @ GO72Iwd2XL"" (147.75) | #8 ""Will @ h_ZrezeXHs"" (145.01) | #10 ""JJJ @ iacG4hF18c"" (200.79)",2026-09-27T00:25:57.889Z,179046875788901
"-- starting hand #293 (id: qgnjdnqfwyqk)  No Limit Texas Hold'em (dealer: ""dih @ GO72Iwd2XL"") --",2026-09-27T00:25:57.889Z,179046875788900
"-- ending hand #292 --",2026-09-27T00:25:51.966Z,179046875196602
"""dih @ GO72Iwd2XL"" collected 1.00 from pot",2026-09-27T00:25:51.966Z,179046875196601
"Uncalled bet of 2.00 returned to ""dih @ GO72Iwd2XL""",2026-09-27T00:25:51.966Z,179046875196600
"""Will @ h_ZrezeXHs"" folds",2026-09-27T00:25:51.086Z,179046875108600
"""dih @ GO72Iwd2XL"" raises to 2.50",2026-09-27T00:25:50.208Z,179046875020800
"""rowan @ GthBpPSqaK"" folds",2026-09-27T00:25:47.869Z,179046874786900
"""JJJ @ iacG4hF18c"" folds",2026-09-27T00:25:46.988Z,179046874698800
"""Will @ h_ZrezeXHs"" posts a big blind of 0.50",2026-09-27T00:25:44.612Z,179046874461207
"""dih @ GO72Iwd2XL"" posts a small blind of 0.25",2026-09-27T00:25:44.612Z,179046874461206
"Player stacks: #1 ""rowan @ GthBpPSqaK"" (382.60) | #2 ""dih @ GO72Iwd2XL"" (147.25) | #8 ""Will @ h_ZrezeXHs"" (145.51) | #10 ""JJJ @ iacG4hF18c"" (200.79)",2026-09-27T00:25:44.612Z,179046874461201
"-- starting hand #292 (id: 79jbqfjxdg5h)  No Limit Texas Hold'em (dealer: ""rowan @ GthBpPSqaK"") --",2026-09-27T00:25:44.612Z,179046874461200
"-- ending hand #291 --",2026-09-27T00:25:41.611Z,179046874161102
"""Will @ h_ZrezeXHs"" collected 48.00 from pot",2026-09-27T00:25:41.611Z,179046874161101
"Uncalled bet of 36.00 returned to ""Will @ h_ZrezeXHs""",2026-09-27T00:25:41.611Z,179046874161100
"""JJJ @ iacG4hF18c"" folds",2026-09-27T00:25:40.794Z,179046874079400
"""Will @ h_ZrezeXHs"" bets 36.00",2026-09-27T00:25:11.954Z,179046871195400
"River: 6♠, K♠, 10♣, J♥ [A♥]",2026-09-27T00:25:05.423Z,179046870542300
"""Will @ h_ZrezeXHs"" calls 14.00",2026-09-27T00:25:04.593Z,179046870459300
"""JJJ @ iacG4hF18c"" bets 14.00",2026-09-27T00:25:02.984Z,179046870298400
"""Will @ h_ZrezeXHs"" checks",2026-09-27T00:24:48.876Z,179046868887600
"Turn: 6♠, K♠, 10♣ [J♥]",2026-09-27T00:24:46.399Z,179046868639900
"""dih @ GO72Iwd2XL"" folds",2026-09-27T00:24:45.579Z,179046868557900
"""rowan @ GthBpPSqaK"" folds",2026-09-27T00:24:44.249Z,179046868424900
"""JJJ @ iacG4hF18c"" calls 5.00",2026-09-27T00:24:43.279Z,179046868327900
"""Will @ h_ZrezeXHs"" bets 5.00",2026-09-27T00:24:37.143Z,179046867714300
"""dih @ GO72Iwd2XL"" checks",2026-09-27T00:24:34.131Z,179046867413100
"""rowan @ GthBpPSqaK"" checks",2026-09-27T00:24:32.676Z,179046867267600
"Flop:  [6♠, K♠, 10♣]",2026-09-27T00:24:31.555Z,179046867155500
"""dih @ GO72Iwd2XL"" calls 2.50",2026-09-27T00:24:30.620Z,179046867062000
"""rowan @ GthBpPSqaK"" calls 2.50",2026-09-27T00:24:29.647Z,179046866964700
"""JJJ @ iacG4hF18c"" calls 2.50",2026-09-27T00:24:28.593Z,179046866859300
"""Will @ h_ZrezeXHs"" raises to 2.50",2026-09-27T00:24:26.442Z,179046866644200
"""dih @ GO72Iwd2XL"" posts a big blind of 0.50",2026-09-27T00:24:24.154Z,179046866415407
"""rowan @ GthBpPSqaK"" posts a small blind of 0.25",2026-09-27T00:24:24.154Z,179046866415406
"Player stacks: #1 ""rowan @ GthBpPSqaK"" (385.10) | #2 ""dih @ GO72Iwd2XL"" (149.75) | #8 ""Will @ h_ZrezeXHs"" (119.01) | #10 ""JJJ @ iacG4hF18c"" (222.29)",2026-09-27T00:24:24.154Z,179046866415401
"-- starting hand #291 (id: wcwbiz7eezs5)  No Limit Texas Hold'em (dealer: ""JJJ @ iacG4hF18c"") --",2026-09-27T00:24:24.154Z,179046866415400
"""dih @ GO72Iwd2XL"" shows a A♣, A♥.",2026-09-27T00:24:19.221Z,179046865922100
"""rowan @ GthBpPSqaK"" shows a 9♥, 9♠.",2026-09-27T00:24:17.180Z,179046865718000
"-- ending hand #290 --",2026-09-27T00:24:16.752Z,179046865675202
"""dih @ GO72Iwd2XL"" collected 36.25 from pot",2026-09-27T00:24:16.752Z,179046865675201
"Uncalled bet of 21.12 returned to ""dih @ GO72Iwd2XL""",2026-09-27T00:24:16.752Z,179046865675200
"""rowan @ GthBpPSqaK"" folds",2026-09-27T00:24:15.919Z,179046865591900
"""dih @ GO72Iwd2XL"" bets 21.12",2026-09-27T00:23:58.378Z,179046863837800
"""rowan @ GthBpPSqaK"" checks",2026-09-27T00:23:50.965Z,179046863096500
"Turn: 6♠, 4♦, A♦ [A♠]",2026-09-27T00:23:47.256Z,179046862725600
"""dih @ GO72Iwd2XL"" checks",2026-09-27T00:23:46.387Z,179046862638700
"""rowan @ GthBpPSqaK"" checks",2026-09-27T00:23:39.757Z,179046861975700
"Flop:  [6♠, 4♦, A♦]",2026-09-27T00:23:38.453Z,179046861845300
"""rowan @ GthBpPSqaK"" calls 18.00",2026-09-27T00:23:37.550Z,179046861755000
"""dih @ GO72Iwd2XL"" raises to 18.00",2026-09-27T00:23:35.273Z,179046861527300
"""rowan @ GthBpPSqaK"" raises to 8.00",2026-09-27T00:23:29.818Z,179046860981800
"""JJJ @ iacG4hF18c"" folds",2026-09-27T00:23:26.821Z,179046860682100
"""Will @ h_ZrezeXHs"" folds",2026-09-27T00:23:23.770Z,179046860377000
"""dih @ GO72Iwd2XL"" raises to 3.00",2026-09-27T00:23:22.834Z,179046860283400
"""rowan @ GthBpPSqaK"" posts a big blind of 0.50",2026-09-27T00:23:19.817Z,179046859981707
"""JJJ @ iacG4hF18c"" posts a small blind of 0.25",2026-09-27T00:23:19.817Z,179046859981706
"Player stacks: #1 ""rowan @ GthBpPSqaK"" (403.10) | #2 ""dih @ GO72Iwd2XL"" (131.50) | #8 ""Will @ h_ZrezeXHs"" (119.01) | #10 ""JJJ @ iacG4hF18c"" (222.54)",2026-09-27T00:23:19.817Z,179046859981701
"-- starting hand #290 (id: 7znelcq9czxi)  No Limit Texas Hold'em (dealer: ""Will @ h_ZrezeXHs"") --",2026-09-27T00:23:19.817Z,179046859981700
"""rowan @ GthBpPSqaK"" shows a A♠, 8♣.",2026-09-27T00:23:14.416Z,179046859441600
"-- ending hand #289 --",2026-09-27T00:23:13.218Z,179046859321802
"""JJJ @ iacG4hF18c"" collected 13.50 from pot with Pair, A's (combination: 10♠, J♠, Q♣, A♥, A♣)",2026-09-27T00:23:13.218Z,179046859321801
"""JJJ @ iacG4hF18c"" shows a J♠, A♥.",2026-09-27T00:23:13.218Z,179046859321800
"""rowan @ GthBpPSqaK"" checks",2026-09-27T00:23:12.336Z,179046859233600
"""JJJ @ iacG4hF18c"" checks",2026-09-27T00:23:11.131Z,179046859113100
"River: 2♣, 10♠, A♣, 6♦ [Q♣]",2026-09-27T00:23:09.815Z,179046858981500
"""JJJ @ iacG4hF18c"" calls 3.00",2026-09-27T00:23:09.009Z,179046858900900
"""rowan @ GthBpPSqaK"" bets 3.00",2026-09-27T00:23:07.596Z,179046858759600
"""JJJ @ iacG4hF18c"" checks",2026-09-27T00:23:03.763Z,179046858376300
"Turn: 2♣, 10♠, A♣ [6♦]",2026-09-27T00:23:02.814Z,179046858281400
"""JJJ @ iacG4hF18c"" calls 1.50",2026-09-27T00:23:01.886Z,179046858188600
"""Will @ h_ZrezeXHs"" folds",2026-09-27T00:23:00.349Z,179046858034900
"""rowan @ GthBpPSqaK"" bets 1.50",2026-09-27T00:22:58.822Z,179046857882200
"""JJJ @ iacG4hF18c"" checks",2026-09-27T00:22:55.827Z,179046857582700
"""Will @ h_ZrezeXHs"" checks",2026-09-27T00:22:54.174Z,179046857417400
"Flop:  [2♣, 10♠, A♣]",2026-09-27T00:22:52.799Z,179046857279900
"""JJJ @ iacG4hF18c"" calls 1.50",2026-09-27T00:22:51.932Z,179046857193200
"""Will @ h_ZrezeXHs"" calls 1.50",2026-09-27T00:22:47.379Z,179046856737900
"""dih @ GO72Iwd2XL"" folds",2026-09-27T00:22:46.023Z,179046856602300
"""rowan @ GthBpPSqaK"" raises to 1.50",2026-09-27T00:22:45.120Z,179046856512000
"""JJJ @ iacG4hF18c"" posts a big blind of 0.50",2026-09-27T00:22:40.605Z,179046856060507
"""Will @ h_ZrezeXHs"" posts a small blind of 0.25",2026-09-27T00:22:40.605Z,179046856060506
"Player stacks: #1 ""rowan @ GthBpPSqaK"" (409.10) | #2 ""dih @ GO72Iwd2XL"" (131.50) | #8 ""Will @ h_ZrezeXHs"" (120.51) | #10 ""JJJ @ iacG4hF18c"" (215.04)",2026-09-27T00:22:40.605Z,179046856060501
"-- starting hand #289 (id: dvz6wjktp2d8)  No Limit Texas Hold'em (dealer: ""dih @ GO72Iwd2XL"") --",2026-09-27T00:22:40.605Z,179046856060500
"-- ending hand #288 --",2026-09-27T00:22:34.598Z,179046855459803
"""rowan @ GthBpPSqaK"" collected 106.00 from pot with Three of a Kind, 10's (combination: K♥, A♥, 10♥, 10♦, 10♠)",2026-09-27T00:22:34.598Z,179046855459802
"""rowan @ GthBpPSqaK"" shows a A♥, 10♥.",2026-09-27T00:22:34.598Z,179046855459801
"""Will @ h_ZrezeXHs"" shows a A♠, K♣.",2026-09-27T00:22:34.598Z,179046855459800
"""rowan @ GthBpPSqaK"" checks",2026-09-27T00:22:33.788Z,179046855378800
"""Will @ h_ZrezeXHs"" checks",2026-09-27T00:22:32.100Z,179046855210000
"River: 6♠, K♥, 10♦, 10♠ [Q♠]",2026-09-27T00:22:30.879Z,179046855087900
"""Will @ h_ZrezeXHs"" calls 25.50",2026-09-27T00:22:30.002Z,179046855000200
"""rowan @ GthBpPSqaK"" bets 25.50",2026-09-27T00:22:26.072Z,179046854607200
"""Will @ h_ZrezeXHs"" checks",2026-09-27T00:22:20.719Z,179046854071900
"Turn: 6♠, K♥, 10♦ [10♠]",2026-09-27T00:22:19.156Z,179046853915600
"""dih @ GO72Iwd2XL"" folds",2026-09-27T00:22:18.278Z,179046853827800
"""rowan @ GthBpPSqaK"" calls 12.50",2026-09-27T00:22:17.398Z,179046853739800
"""Will @ h_ZrezeXHs"" bets 12.50",2026-09-27T00:22:16.358Z,179046853635800
"""dih @ GO72Iwd2XL"" checks",2026-09-27T00:22:12.884Z,179046853288400
"Flop:  [6♠, K♥, 10♦]",2026-09-27T00:22:11.010Z,179046853101000
"""dih @ GO72Iwd2XL"" calls 10.00",2026-09-27T00:22:10.183Z,179046853018300
"""rowan @ GthBpPSqaK"" calls 10.00",2026-09-27T00:22:08.991Z,179046852899100
"""Will @ h_ZrezeXHs"" raises to 10.00",2026-09-27T00:22:08.035Z,179046852803500
"""dih @ GO72Iwd2XL"" calls 2.00",2026-09-27T00:22:05.535Z,179046852553500
"""rowan @ GthBpPSqaK"" raises to 2.00",2026-09-27T00:22:02.059Z,179046852205900
"""JJJ @ iacG4hF18c"" folds",2026-09-27T00:21:58.225Z,179046851822500
"""Will @ h_ZrezeXHs"" posts a big blind of 0.50",2026-09-27T00:21:52.880Z,179046851288007
"""dih @ GO72Iwd2XL"" posts a small blind of 0.25",2026-09-27T00:21:52.880Z,179046851288006
"Player stacks: #1 ""rowan @ GthBpPSqaK"" (351.10) | #2 ""dih @ GO72Iwd2XL"" (141.50) | #8 ""Will @ h_ZrezeXHs"" (168.51) | #10 ""JJJ @ iacG4hF18c"" (215.04)",2026-09-27T00:21:52.880Z,179046851288001
"-- starting hand #288 (id: q8lwegkdt1rz)  No Limit Texas Hold'em (dealer: ""rowan @ GthBpPSqaK"") --",2026-09-27T00:21:52.880Z,179046851288000
"-- ending hand #287 --",2026-09-27T00:21:46.963Z,179046850696302
"""dih @ GO72Iwd2XL"" collected 0.50 from pot",2026-09-27T00:21:46.963Z,179046850696301
"Uncalled bet of 0.25 returned to ""dih @ GO72Iwd2XL""",2026-09-27T00:21:46.963Z,179046850696300
"""rowan @ GthBpPSqaK"" folds",2026-09-27T00:21:46.089Z,179046850608900
"""JJJ @ iacG4hF18c"" folds",2026-09-27T00:21:44.607Z,179046850460700
"""Will @ h_ZrezeXHs"" folds",2026-09-27T00:21:38.584Z,179046849858400
"""dih @ GO72Iwd2XL"" posts a big blind of 0.50",2026-09-27T00:21:37.259Z,179046849725907
"""rowan @ GthBpPSqaK"" posts a small blind of 0.25",2026-09-27T00:21:37.259Z,179046849725906
"Player stacks: #1 ""rowan @ GthBpPSqaK"" (351.35) | #2 ""dih @ GO72Iwd2XL"" (141.25) | #8 ""Will @ h_ZrezeXHs"" (168.51) | #10 ""JJJ @ iacG4hF18c"" (215.04)",2026-09-27T00:21:37.259Z,179046849725901
"-- starting hand #287 (id: 93qdmjbir0i3)  No Limit Texas Hold'em (dealer: ""JJJ @ iacG4hF18c"") --",2026-09-27T00:21:37.259Z,179046849725900
"""rowan @ GthBpPSqaK"" shows a K♥, 8♣.",2026-09-27T00:21:34.514Z,179046849451400
"-- ending hand #286 --",2026-09-27T00:21:30.748Z,179046849074803
"""dih @ GO72Iwd2XL"" shows a Q♦, Q♥.",2026-09-27T00:21:30.748Z,179046849074802
"""JJJ @ iacG4hF18c"" collected 215.04 from pot with Four of a Kind, 4's (combination: A♥, 4♣, 4♠, 4♥, 4♦)",2026-09-27T00:21:30.748Z,179046849074801
"""JJJ @ iacG4hF18c"" shows a 4♣, 4♠.",2026-09-27T00:21:30.748Z,179046849074800
"""dih @ GO72Iwd2XL"" calls 71.27",2026-09-27T00:21:29.930Z,179046848993000
"""JJJ @ iacG4hF18c"" bets 71.27 and go all in",2026-09-27T00:21:06.362Z,179046846636200
"River: 8♠, 4♥, 5♦, 4♦ [A♥]",2026-09-27T00:21:03.059Z,179046846305900
"""rowan @ GthBpPSqaK"" folds",2026-09-27T00:21:02.218Z,179046846221800
"""JJJ @ iacG4hF18c"" calls 19.00",2026-09-27T00:20:55.029Z,179046845502900
"""dih @ GO72Iwd2XL"" bets 19.00",2026-09-27T00:20:50.076Z,179046845007600
"""rowan @ GthBpPSqaK"" checks",2026-09-27T00:20:43.364Z,179046844336400
"""JJJ @ iacG4hF18c"" checks",2026-09-27T00:20:41.158Z,179046844115800
"Turn: 8♠, 4♥, 5♦ [4♦]",2026-09-27T00:20:39.141Z,179046843914100
"""rowan @ GthBpPSqaK"" calls 9.00",2026-09-27T00:20:38.299Z,179046843829900
"""JJJ @ iacG4hF18c"" calls 9.00",2026-09-27T00:20:36.388Z,179046843638800
"""dih @ GO72Iwd2XL"" raises to 9.00",2026-09-27T00:20:33.413Z,179046843341300
"""rowan @ GthBpPSqaK"" bets 3.75",2026-09-27T00:20:28.875Z,179046842887500
"""JJJ @ iacG4hF18c"" checks",2026-09-27T00:20:25.070Z,179046842507000
"Flop:  [8♠, 4♥, 5♦]",2026-09-27T00:20:22.931Z,179046842293100
"""rowan @ GthBpPSqaK"" calls 2.50",2026-09-27T00:20:22.072Z,179046842207200
"""JJJ @ iacG4hF18c"" calls 2.50",2026-09-27T00:20:21.076Z,179046842107600
"""Will @ h_ZrezeXHs"" folds",2026-09-27T00:20:19.344Z,179046841934400
"""dih @ GO72Iwd2XL"" raises to 2.50",2026-09-27T00:20:18.429Z,179046841842900
"""rowan @ GthBpPSqaK"" posts a big blind of 0.50",2026-09-27T00:20:14.125Z,179046841412507
"""JJJ @ iacG4hF18c"" posts a small blind of 0.25",2026-09-27T00:20:14.125Z,179046841412506
"Player stacks: #1 ""rowan @ GthBpPSqaK"" (362.85) | #2 ""dih @ GO72Iwd2XL"" (243.02) | #8 ""Will @ h_ZrezeXHs"" (168.51) | #10 ""JJJ @ iacG4hF18c"" (101.77)",2026-09-27T00:20:14.125Z,179046841412501
"-- starting hand #286 (id: svkowaolyv6h)  No Limit Texas Hold'em (dealer: ""Will @ h_ZrezeXHs"") --",2026-09-27T00:20:14.125Z,179046841412500
"-- ending hand #285 --",2026-09-27T00:20:08.219Z,179046840821902
"""Will @ h_ZrezeXHs"" collected 1.00 from pot",2026-09-27T00:20:08.219Z,179046840821901
"Uncalled bet of 2.00 returned to ""Will @ h_ZrezeXHs""",2026-09-27T00:20:08.219Z,179046840821900
"""JJJ @ iacG4hF18c"" folds",2026-09-27T00:20:07.380Z,179046840738000
"""Will @ h_ZrezeXHs"" raises to 2.50",2026-09-27T00:20:03.662Z,179046840366200
"""dih @ GO72Iwd2XL"" folds",2026-09-27T00:20:00.947Z,179046840094700
"""rowan @ GthBpPSqaK"" folds",2026-09-27T00:19:59.972Z,179046839997200
"""JJJ @ iacG4hF18c"" posts a big blind of 0.50",2026-09-27T00:19:58.872Z,179046839887207
"""Will @ h_ZrezeXHs"" posts a small blind of 0.25",2026-09-27T00:19:58.872Z,179046839887206
"Player stacks: #1 ""rowan @ GthBpPSqaK"" (362.85) | #2 ""dih @ GO72Iwd2XL"" (243.02) | #8 ""Will @ h_ZrezeXHs"" (168.01) | #10 ""JJJ @ iacG4hF18c"" (102.27)",2026-09-27T00:19:58.872Z,179046839887201
"-- starting hand #285 (id: a2uqhr7z0w3z)  No Limit Texas Hold'em (dealer: ""dih @ GO72Iwd2XL"") --",2026-09-27T00:19:58.872Z,179046839887200
"""rowan @ GthBpPSqaK"" shows a A♥, A♠.",2026-09-27T00:19:55.719Z,179046839571900
"-- ending hand #284 --",2026-09-27T00:19:55.257Z,179046839525702
"""rowan @ GthBpPSqaK"" collected 28.71 from pot",2026-09-27T00:19:55.257Z,179046839525701
"Uncalled bet of 0.50 returned to ""rowan @ GthBpPSqaK""",2026-09-27T00:19:55.257Z,179046839525700
"""JJJ @ iacG4hF18c"" folds",2026-09-27T00:19:54.425Z,179046839442500
"""rowan @ GthBpPSqaK"" bets 0.50",2026-09-27T00:19:53.487Z,179046839348700
"""JJJ @ iacG4hF18c"" checks",2026-09-27T00:19:51.555Z,179046839155500
"River: 5♦, 8♦, 3♠, J♥ [5♠]",2026-09-27T00:19:43.192Z,179046838319200
"""JJJ @ iacG4hF18c"" calls 8.61",2026-09-27T00:19:42.326Z,179046838232600
"""rowan @ GthBpPSqaK"" bets 8.61",2026-09-27T00:19:40.271Z,179046838027100
"""JJJ @ iacG4hF18c"" checks",2026-09-27T00:19:37.414Z,179046837741400
"Turn: 5♦, 8♦, 3♠ [J♥]",2026-09-27T00:19:35.988Z,179046837598800
"""JJJ @ iacG4hF18c"" calls 2.87",2026-09-27T00:19:35.118Z,179046837511800
"""rowan @ GthBpPSqaK"" bets 2.87",2026-09-27T00:19:33.124Z,179046837312400
"""JJJ @ iacG4hF18c"" checks",2026-09-27T00:19:30.617Z,179046837061700
"Flop:  [5♦, 8♦, 3♠]",2026-09-27T00:19:28.586Z,179046836858600
"""JJJ @ iacG4hF18c"" calls 2.50",2026-09-27T00:19:27.703Z,179046836770300
"""Will @ h_ZrezeXHs"" folds",2026-09-27T00:19:23.128Z,179046836312800
"""dih @ GO72Iwd2XL"" folds",2026-09-27T00:19:22.088Z,179046836208800
"""rowan @ GthBpPSqaK"" raises to 2.50",2026-09-27T00:19:21.125Z,179046836112500
"""JJJ @ iacG4hF18c"" calls 0.50",2026-09-27T00:19:18.066Z,179046835806600
"""Will @ h_ZrezeXHs"" posts a big blind of 0.50",2026-09-27T00:19:16.166Z,179046835616607
"""dih @ GO72Iwd2XL"" posts a small blind of 0.25",2026-09-27T00:19:16.166Z,179046835616606
"Player stacks: #1 ""rowan @ GthBpPSqaK"" (348.12) | #2 ""dih @ GO72Iwd2XL"" (243.27) | #8 ""Will @ h_ZrezeXHs"" (168.51) | #10 ""JJJ @ iacG4hF18c"" (116.25)",2026-09-27T00:19:16.166Z,179046835616601
"-- starting hand #284 (id: nta6sqffze0c)  No Limit Texas Hold'em (dealer: ""rowan @ GthBpPSqaK"") --",2026-09-27T00:19:16.166Z,179046835616600
"""dih @ GO72Iwd2XL"" shows a Q♥, A♣.",2026-09-27T00:19:13.236Z,179046835323600
"-- ending hand #283 --",2026-09-27T00:19:07.588Z,179046834758802
"""JJJ @ iacG4hF18c"" collected 116.25 from pot with Three of a Kind, 9's on the second run  (combination: 7♠, 10♣, 9♣, 9♠, 9♥)",2026-09-27T00:19:07.588Z,179046834758801
"""Will @ h_ZrezeXHs"" collected 116.25 from pot with Flush, 10 High (combination: 5♥, 6♥, 7♥, 9♥, 10♥)",2026-09-27T00:19:07.588Z,179046834758800
"River (second run): 7♠, 5♥, 9♥, 10♣ [6♣]",2026-09-27T00:19:03.584Z,179046834358400
"Turn (second run): 7♠, 5♥, 9♥ [10♣]",2026-09-27T00:18:59.575Z,179046833957500
"River: 7♠, 5♥, 9♥, 6♥ [10♥]",2026-09-27T00:18:55.569Z,179046833556900
"Turn: 7♠, 5♥, 9♥ [6♥]",2026-09-27T00:18:51.514Z,179046833151400
"""JJJ @ iacG4hF18c"" shows a 9♣, 9♠.",2026-09-27T00:18:47.470Z,179046832747001
"""Will @ h_ZrezeXHs"" shows a 7♥, 7♣.",2026-09-27T00:18:47.470Z,179046832747000
"All players in hand choose to run it twice.",2026-09-27T00:18:46.631Z,179046832663101
"""JJJ @ iacG4hF18c"" chooses to  run it twice.",2026-09-27T00:18:46.631Z,179046832663100
"""Will @ h_ZrezeXHs"" chooses to  run it twice.",2026-09-27T00:18:45.803Z,179046832580300
"Remaining players decide whether to run it twice.",2026-09-27T00:18:44.844Z,179046832484401
"""Will @ h_ZrezeXHs"" calls 89.25",2026-09-27T00:18:44.844Z,179046832484400
"""dih @ GO72Iwd2XL"" folds",2026-09-27T00:18:43.511Z,179046832351100
"""rowan @ GthBpPSqaK"" folds",2026-09-27T00:18:42.310Z,179046832231000
"""JJJ @ iacG4hF18c"" raises to 89.25 and go all in",2026-09-27T00:18:41.443Z,179046832144300
"""Will @ h_ZrezeXHs"" raises to 45.00",2026-09-27T00:18:36.283Z,179046831628300
"""dih @ GO72Iwd2XL"" bets 18.00",2026-09-27T00:18:29.402Z,179046830940200
"""rowan @ GthBpPSqaK"" checks",2026-09-27T00:18:24.255Z,179046830425500
"Flop:  [7♠, 5♥, 9♥]",2026-09-27T00:18:23.251Z,179046830325100
"""rowan @ GthBpPSqaK"" calls 9.00",2026-09-27T00:18:22.378Z,179046830237800
"""JJJ @ iacG4hF18c"" calls 9.00",2026-09-27T00:18:20.417Z,179046830041700
"""Will @ h_ZrezeXHs"" calls 9.00",2026-09-27T00:18:17.974Z,179046829797400
"""dih @ GO72Iwd2XL"" raises to 9.00",2026-09-27T00:18:16.381Z,179046829638100
"""rowan @ GthBpPSqaK"" calls 2.50",2026-09-27T00:18:12.274Z,179046829227400
"""JJJ @ iacG4hF18c"" calls 2.50",2026-09-27T00:18:09.616Z,179046828961600
"""Will @ h_ZrezeXHs"" raises to 2.50",2026-09-27T00:18:06.083Z,179046828608300
"""dih @ GO72Iwd2XL"" posts a big blind of 0.50",2026-09-27T00:18:03.505Z,179046828350507
"""rowan @ GthBpPSqaK"" posts a small blind of 0.25",2026-09-27T00:18:03.505Z,179046828350506
"Player stacks: #1 ""rowan @ GthBpPSqaK"" (357.12) | #2 ""dih @ GO72Iwd2XL"" (270.27) | #8 ""Will @ h_ZrezeXHs"" (150.51) | #10 ""JJJ @ iacG4hF18c"" (98.25)",2026-09-27T00:18:03.505Z,179046828350501
"-- starting hand #283 (id: ise8rj8lcj1c)  No Limit Texas Hold'em (dealer: ""JJJ @ iacG4hF18c"") --",2026-09-27T00:18:03.505Z,179046828350500
"""rowan @ GthBpPSqaK"" shows a 6♣.",2026-09-27T00:18:02.558Z,179046828255800
"""rowan @ GthBpPSqaK"" shows a Q♣.",2026-09-27T00:18:01.790Z,179046828179000
"-- ending hand #282 --",2026-09-27T00:17:59.898Z,179046827989802
"""rowan @ GthBpPSqaK"" collected 31.87 from pot",2026-09-27T00:17:59.898Z,179046827989801
"Uncalled bet of 15.93 returned to ""rowan @ GthBpPSqaK""",2026-09-27T00:17:59.898Z,179046827989800
"""Will @ h_ZrezeXHs"" folds",2026-09-27T00:17:59.071Z,179046827907100
"""rowan @ GthBpPSqaK"" bets 15.93",2026-09-27T00:17:41.407Z,179046826140700
"River: 5♠, J♠, 6♥, 2♥ [Q♦]",2026-09-27T00:17:35.442Z,179046825544200
"""rowan @ GthBpPSqaK"" calls 9.56",2026-09-27T00:17:34.614Z,179046825461400
"""Will @ h_ZrezeXHs"" bets 9.56",2026-09-27T00:17:32.943Z,179046825294300
"""rowan @ GthBpPSqaK"" checks",2026-09-27T00:17:30.150Z,179046825015000
"Turn: 5♠, J♠, 6♥ [2♥]",2026-09-27T00:17:29.548Z,179046824954800
"""dih @ GO72Iwd2XL"" folds",2026-09-27T00:17:28.678Z,179046824867800
"""rowan @ GthBpPSqaK"" calls 2.50",2026-09-27T00:17:27.668Z,179046824766800
"""Will @ h_ZrezeXHs"" bets 2.50",2026-09-27T00:17:26.261Z,179046824626100
"""dih @ GO72Iwd2XL"" checks",2026-09-27T00:17:24.016Z,179046824401600
"""rowan @ GthBpPSqaK"" checks",2026-09-27T00:17:16.913Z,179046823691300
"Flop:  [5♠, J♠, 6♥]",2026-09-27T00:17:15.840Z,179046823584000
"""rowan @ GthBpPSqaK"" calls 2.50",2026-09-27T00:17:14.980Z,179046823498000
"""JJJ @ iacG4hF18c"" folds",2026-09-27T00:17:14.074Z,179046823407400
"""Will @ h_ZrezeXHs"" calls 2.50",2026-09-27T00:17:11.918Z,179046823191800
"""dih @ GO72Iwd2XL"" raises to 2.50",2026-09-27T00:17:10.922Z,179046823092200
"""rowan @ GthBpPSqaK"" posts a big blind of 0.50",2026-09-27T00:17:06.337Z,179046822633707
"""JJJ @ iacG4hF18c"" posts a small blind of 0.25",2026-09-27T00:17:06.337Z,179046822633706
"Player stacks: #1 ""rowan @ GthBpPSqaK"" (339.81) | #2 ""dih @ GO72Iwd2XL"" (272.77) | #8 ""Will @ h_ZrezeXHs"" (165.07) | #10 ""JJJ @ iacG4hF18c"" (98.50)",2026-09-27T00:17:06.337Z,179046822633701
"-- starting hand #282 (id: zvypvma3lskt)  No Limit Texas Hold'em (dealer: ""Will @ h_ZrezeXHs"") --",2026-09-27T00:17:06.337Z,179046822633700
"""Will @ h_ZrezeXHs"" collected 3.00 from the 7-2 bounty",2026-09-27T00:17:03.338Z,179046822333803
"""JJJ @ iacG4hF18c"" paid 1.00 for the 7-2 bounty to ""Will @ h_ZrezeXHs""",2026-09-27T00:17:03.338Z,179046822333802
"""dih @ GO72Iwd2XL"" paid 1.00 for the 7-2 bounty to ""Will @ h_ZrezeXHs""",2026-09-27T00:17:03.338Z,179046822333801
"""rowan @ GthBpPSqaK"" paid 1.00 for the 7-2 bounty to ""Will @ h_ZrezeXHs""",2026-09-27T00:17:03.338Z,179046822333800
"""Will @ h_ZrezeXHs"" shows a 7♠, 2♥.",2026-09-27T00:16:57.357Z,179046821735700
"-- ending hand #281 --",2026-09-27T00:16:56.641Z,179046821664102
"""Will @ h_ZrezeXHs"" collected 1.00 from pot",2026-09-27T00:16:56.641Z,179046821664101
"Uncalled bet of 3.00 returned to ""Will @ h_ZrezeXHs""",2026-09-27T00:16:56.641Z,179046821664100
"""JJJ @ iacG4hF18c"" folds",2026-09-27T00:16:55.762Z,179046821576200
"""Will @ h_ZrezeXHs"" raises to 3.50",2026-09-27T00:16:54.423Z,179046821442300
"""dih @ GO72Iwd2XL"" folds",2026-09-27T00:16:51.448Z,179046821144800
"""rowan @ GthBpPSqaK"" folds",2026-09-27T00:16:47.757Z,179046820775700
"""JJJ @ iacG4hF18c"" posts a big blind of 0.50",2026-09-27T00:16:46.475Z,179046820647508
"""Will @ h_ZrezeXHs"" posts a small blind of 0.25",2026-09-27T00:16:46.475Z,179046820647507
"Player stacks: #1 ""rowan @ GthBpPSqaK"" (340.81) | #2 ""dih @ GO72Iwd2XL"" (273.77) | #8 ""Will @ h_ZrezeXHs"" (161.57) | #10 ""JJJ @ iacG4hF18c"" (100.00)",2026-09-27T00:16:46.475Z,179046820647502
"-- starting hand #281 (id: iftekvufongc)  No Limit Texas Hold'em (dealer: ""dih @ GO72Iwd2XL"") --",2026-09-27T00:16:46.475Z,179046820647501
"The player ""JJJ @ iacG4hF18c"" rebought. New stack 100.00.",2026-09-27T00:16:46.475Z,179046820647500
"Waiting for the game owner to approve or reject pending rebuy requests.",2026-09-27T00:16:45.676Z,179046820567601
"The player ""JJJ @ iacG4hF18c"" requested a rebuy of 100.00.",2026-09-27T00:16:45.676Z,179046820567600
"Asking to busted players the rebuy decision.",2026-09-27T00:16:39.972Z,179046819997200
"""rowan @ GthBpPSqaK"" shows a K♥, Q♠.",2026-09-27T00:16:34.822Z,179046819482200
"-- ending hand #280 --",2026-09-27T00:16:33.458Z,179046819345801
"""dih @ GO72Iwd2XL"" collected 79.63 from pot with Full House, 4's over J's (combination: J♠, J♥, 4♣, 4♠, 4♥)",2026-09-27T00:16:33.458Z,179046819345800
"River: 8♠, 4♣, 7♠, 4♠ [4♥]",2026-09-27T00:16:29.454Z,179046818945400
"Turn: 8♠, 4♣, 7♠ [4♠]",2026-09-27T00:16:25.363Z,179046818536300
"Flop:  [8♠, 4♣, 7♠]",2026-09-27T00:16:21.360Z,179046818136000
"""JJJ @ iacG4hF18c"" shows a K♦, A♥.",2026-09-27T00:16:17.310Z,179046817731001
"""dih @ GO72Iwd2XL"" shows a J♠, J♥.",2026-09-27T00:16:17.310Z,179046817731000
"Some players choose to not run it twice.",2026-09-27T00:16:16.471Z,179046817647101
"""dih @ GO72Iwd2XL"" chooses to not run it twice.",2026-09-27T00:16:16.471Z,179046817647100
"Remaining players decide whether to run it twice.",2026-09-27T00:16:10.964Z,179046817096401
"""dih @ GO72Iwd2XL"" calls 38.44",2026-09-27T00:16:10.964Z,179046817096400
"""rowan @ GthBpPSqaK"" folds",2026-09-27T00:16:04.073Z,179046816407300
"""JJJ @ iacG4hF18c"" raises to 38.44 and go all in",2026-09-27T00:16:02.472Z,179046816247200
"""Will @ h_ZrezeXHs"" folds",2026-09-27T00:15:59.655Z,179046815965500
"""dih @ GO72Iwd2XL"" raises to 7.50",2026-09-27T00:15:58.593Z,179046815859300
"""rowan @ GthBpPSqaK"" calls 2.25",2026-09-27T00:15:54.408Z,179046815440800
"""JJJ @ iacG4hF18c"" raises to 2.25",2026-09-27T00:15:53.371Z,179046815337100
"""Will @ h_ZrezeXHs"" posts a big blind of 0.50",2026-09-27T00:15:51.081Z,179046815108107
"""dih @ GO72Iwd2XL"" posts a small blind of 0.25",2026-09-27T00:15:51.081Z,179046815108106
"Player stacks: #1 ""rowan @ GthBpPSqaK"" (343.06) | #2 ""dih @ GO72Iwd2XL"" (232.58) | #8 ""Will @ h_ZrezeXHs"" (162.07) | #10 ""JJJ @ iacG4hF18c"" (38.44)",2026-09-27T00:15:51.081Z,179046815108101
"-- starting hand #280 (id: quggksv722n4)  No Limit Texas Hold'em (dealer: ""rowan @ GthBpPSqaK"") --",2026-09-27T00:15:51.081Z,179046815108100
"-- ending hand #279 --",2026-09-27T00:15:45.061Z,179046814506103
"""JJJ @ iacG4hF18c"" collected 23.00 from pot with Two Pair, 7's & 5's (combination: K♣, 5♥, 5♣, 7♦, 7♥)",2026-09-27T00:15:45.061Z,179046814506102
"""JJJ @ iacG4hF18c"" shows a 8♥, 7♦.",2026-09-27T00:15:45.061Z,179046814506101
"""Will @ h_ZrezeXHs"" shows a 2♣, A♣.",2026-09-27T00:15:45.061Z,179046814506100
"""JJJ @ iacG4hF18c"" checks",2026-09-27T00:15:44.175Z,179046814417500
"""Will @ h_ZrezeXHs"" checks",2026-09-27T00:15:43.140Z,179046814314000
"River: 7♥, K♣, 5♥, 4♦ [5♣]",2026-09-27T00:15:38.457Z,179046813845700
"""dih @ GO72Iwd2XL"" folds",2026-09-27T00:15:37.602Z,179046813760200
"""JJJ @ iacG4hF18c"" calls 6.50",2026-09-27T00:15:33.998Z,179046813399800
"""Will @ h_ZrezeXHs"" bets 6.50",2026-09-27T00:15:33.091Z,179046813309100
"""dih @ GO72Iwd2XL"" checks",2026-09-27T00:15:29.211Z,179046812921100
"""rowan @ GthBpPSqaK"" folds",2026-09-27T00:15:27.707Z,179046812770700
"Turn: 7♥, K♣, 5♥ [4♦]",2026-09-27T00:15:22.634Z,179046812263400
"""JJJ @ iacG4hF18c"" checks",2026-09-27T00:15:21.717Z,179046812171700
"""Will @ h_ZrezeXHs"" checks",2026-09-27T00:15:16.089Z,179046811608900
"""dih @ GO72Iwd2XL"" checks",2026-09-27T00:15:13.883Z,179046811388300
"""rowan @ GthBpPSqaK"" checks",2026-09-27T00:15:12.288Z,179046811228800
"Flop:  [7♥, K♣, 5♥]",2026-09-27T00:15:11.231Z,179046811123100
"""dih @ GO72Iwd2XL"" calls 2.50",2026-09-27T00:15:10.420Z,179046811042000
"""rowan @ GthBpPSqaK"" calls 2.50",2026-09-27T00:15:08.908Z,179046810890800
"""JJJ @ iacG4hF18c"" calls 2.50",2026-09-27T00:15:07.121Z,179046810712100
"""Will @ h_ZrezeXHs"" raises to 2.50",2026-09-27T00:14:59.542Z,179046809954200
"""dih @ GO72Iwd2XL"" posts a big blind of 0.50",2026-09-27T00:14:57.198Z,179046809719807
"""rowan @ GthBpPSqaK"" posts a small blind of 0.25",2026-09-27T00:14:57.198Z,179046809719806
"Player stacks: #1 ""rowan @ GthBpPSqaK"" (345.56) | #2 ""dih @ GO72Iwd2XL"" (235.08) | #8 ""Will @ h_ZrezeXHs"" (171.07) | #10 ""JJJ @ iacG4hF18c"" (24.44)",2026-09-27T00:14:57.198Z,179046809719801
"-- starting hand #279 (id: possh5x6fin9)  No Limit Texas Hold'em (dealer: ""JJJ @ iacG4hF18c"") --",2026-09-27T00:14:57.198Z,179046809719800
"""Will @ h_ZrezeXHs"" shows a K♥, 2♦.",2026-09-27T00:14:53.922Z,179046809392200
"""dih @ GO72Iwd2XL"" shows a J♦, K♦.",2026-09-27T00:14:52.186Z,179046809218600
"""rowan @ GthBpPSqaK"" shows a 2♣, 5♦.",2026-09-27T00:14:49.570Z,179046808957000
"-- ending hand #278 --",2026-09-27T00:14:49.165Z,179046808916502
"""dih @ GO72Iwd2XL"" collected 1.25 from pot",2026-09-27T00:14:49.165Z,179046808916501
"Uncalled bet of 2.00 returned to ""dih @ GO72Iwd2XL""",2026-09-27T00:14:49.165Z,179046808916500
"""rowan @ GthBpPSqaK"" folds",2026-09-27T00:14:48.319Z,179046808831900
"""JJJ @ iacG4hF18c"" folds",2026-09-27T00:14:47.460Z,179046808746000
"""Will @ h_ZrezeXHs"" folds",2026-09-27T00:14:39.465Z,179046807946500
"""dih @ GO72Iwd2XL"" raises to 2.50",2026-09-27T00:14:38.417Z,179046807841700
"""rowan @ GthBpPSqaK"" posts a big blind of 0.50",2026-09-27T00:14:35.388Z,179046807538807
"""JJJ @ iacG4hF18c"" posts a small blind of 0.25",2026-09-27T00:14:35.388Z,179046807538806
"Player stacks: #1 ""rowan @ GthBpPSqaK"" (346.06) | #2 ""dih @ GO72Iwd2XL"" (234.33) | #8 ""Will @ h_ZrezeXHs"" (171.07) | #10 ""JJJ @ iacG4hF18c"" (24.69)",2026-09-27T00:14:35.388Z,179046807538801
"-- starting hand #278 (id: 09gpyuohmmwo)  No Limit Texas Hold'em (dealer: ""Will @ h_ZrezeXHs"") --",2026-09-27T00:14:35.388Z,179046807538800
"-- ending hand #277 --",2026-09-27T00:14:29.464Z,179046806946402
"""Will @ h_ZrezeXHs"" collected 1.00 from pot",2026-09-27T00:14:29.464Z,179046806946401
"Uncalled bet of 1.00 returned to ""Will @ h_ZrezeXHs""",2026-09-27T00:14:29.464Z,179046806946400
"""JJJ @ iacG4hF18c"" folds",2026-09-27T00:14:28.632Z,179046806863200
"""Will @ h_ZrezeXHs"" raises to 1.50",2026-09-27T00:14:26.769Z,179046806676900
"""dih @ GO72Iwd2XL"" folds",2026-09-27T00:14:22.503Z,179046806250300
"""rowan @ GthBpPSqaK"" folds",2026-09-27T00:14:21.632Z,179046806163200
"""JJJ @ iacG4hF18c"" posts a big blind of 0.50",2026-09-27T00:14:19.521Z,179046805952107
"""Will @ h_ZrezeXHs"" posts a small blind of 0.25",2026-09-27T00:14:19.521Z,179046805952106
"Player stacks: #1 ""rowan @ GthBpPSqaK"" (346.06) | #2 ""dih @ GO72Iwd2XL"" (234.33) | #8 ""Will @ h_ZrezeXHs"" (170.57) | #10 ""JJJ @ iacG4hF18c"" (25.19)",2026-09-27T00:14:19.521Z,179046805952101
"-- starting hand #277 (id: erpoqwoq54o8)  No Limit Texas Hold'em (dealer: ""dih @ GO72Iwd2XL"") --",2026-09-27T00:14:19.521Z,179046805952100
"-- ending hand #276 --",2026-09-27T00:14:13.517Z,179046805351703
"""JJJ @ iacG4hF18c"" collected 3.75 from pot with Pair, 8's (combination: 6♣, J♥, K♠, 8♣, 8♠)",2026-09-27T00:14:13.517Z,179046805351702
"""JJJ @ iacG4hF18c"" shows a 8♣, 8♠.",2026-09-27T00:14:13.517Z,179046805351701
"""Will @ h_ZrezeXHs"" shows a 10♦, 7♣.",2026-09-27T00:14:13.517Z,179046805351700
"""JJJ @ iacG4hF18c"" checks",2026-09-27T00:14:12.683Z,179046805268300
"""Will @ h_ZrezeXHs"" checks",2026-09-27T00:14:11.798Z,179046805179800
"River: J♥, 5♥, 6♣, 4♦ [K♠]",2026-09-27T00:14:09.335Z,179046804933500
"""JJJ @ iacG4hF18c"" calls 1.25",2026-09-27T00:14:08.500Z,179046804850000
"""Will @ h_ZrezeXHs"" bets 1.25",2026-09-27T00:14:07.026Z,179046804702600
"Turn: J♥, 5♥, 6♣ [4♦]",2026-09-27T00:14:03.245Z,179046804324500
"""JJJ @ iacG4hF18c"" checks",2026-09-27T00:14:02.411Z,179046804241100
"""Will @ h_ZrezeXHs"" checks",2026-09-27T00:14:01.239Z,179046804123900
"Flop:  [J♥, 5♥, 6♣]",2026-09-27T00:13:59.950Z,179046803995000
"""Will @ h_ZrezeXHs"" checks",2026-09-27T00:13:59.122Z,179046803912200
"""dih @ GO72Iwd2XL"" folds",2026-09-27T00:13:58.158Z,179046803815800
"""rowan @ GthBpPSqaK"" folds",2026-09-27T00:13:56.098Z,179046803609800
"""JJJ @ iacG4hF18c"" calls 0.50",2026-09-27T00:13:53.864Z,179046803386400
"""Will @ h_ZrezeXHs"" posts a big blind of 0.50",2026-09-27T00:13:51.917Z,179046803191707
"""dih @ GO72Iwd2XL"" posts a small blind of 0.25",2026-09-27T00:13:51.917Z,179046803191706
"Player stacks: #1 ""rowan @ GthBpPSqaK"" (346.06) | #2 ""dih @ GO72Iwd2XL"" (234.58) | #8 ""Will @ h_ZrezeXHs"" (172.32) | #10 ""JJJ @ iacG4hF18c"" (23.19)",2026-09-27T00:13:51.917Z,179046803191701
"-- starting hand #276 (id: npeu8j4jgkqg)  No Limit Texas Hold'em (dealer: ""rowan @ GthBpPSqaK"") --",2026-09-27T00:13:51.917Z,179046803191700
"""rowan @ GthBpPSqaK"" shows a 6♦.",2026-09-27T00:13:50.515Z,179046803051500
"-- ending hand #275 --",2026-09-27T00:13:45.292Z,179046802529202
"""dih @ GO72Iwd2XL"" collected 0.50 from pot",2026-09-27T00:13:45.292Z,179046802529201
"Uncalled bet of 0.25 returned to ""dih @ GO72Iwd2XL""",2026-09-27T00:13:45.292Z,179046802529200
"""rowan @ GthBpPSqaK"" folds",2026-09-27T00:13:44.467Z,179046802446700
"""JJJ @ iacG4hF18c"" folds",2026-09-27T00:13:43.205Z,179046802320500
"""Will @ h_ZrezeXHs"" folds",2026-09-27T00:13:42.182Z,179046802218200
"""dih @ GO72Iwd2XL"" posts a big blind of 0.50",2026-09-27T00:13:40.111Z,179046802011107
"""rowan @ GthBpPSqaK"" posts a small blind of 0.25",2026-09-27T00:13:40.111Z,179046802011106
"Player stacks: #1 ""rowan @ GthBpPSqaK"" (346.31) | #2 ""dih @ GO72Iwd2XL"" (234.33) | #8 ""Will @ h_ZrezeXHs"" (172.32) | #10 ""JJJ @ iacG4hF18c"" (23.19)",2026-09-27T00:13:40.111Z,179046802011101
"-- starting hand #275 (id: wsshzkzmqyfk)  No Limit Texas Hold'em (dealer: ""JJJ @ iacG4hF18c"") --",2026-09-27T00:13:40.111Z,179046802011100
"-- ending hand #274 --",2026-09-27T00:13:34.083Z,179046801408303
"""rowan @ GthBpPSqaK"" collected 5.00 from pot with Pair, Q's (combination: 10♦, J♦, A♣, Q♠, Q♥)",2026-09-27T00:13:34.083Z,179046801408302
"""rowan @ GthBpPSqaK"" shows a J♦, A♣.",2026-09-27T00:13:34.083Z,179046801408301
"""JJJ @ iacG4hF18c"" shows a K♥, 8♥.",2026-09-27T00:13:34.083Z,179046801408300
"""rowan @ GthBpPSqaK"" calls 0.50",2026-09-27T00:13:33.253Z,179046801325300
"""JJJ @ iacG4hF18c"" bets 0.50",2026-09-27T00:13:31.674Z,179046801167400
"River: 10♦, Q♠, 7♥, Q♥ [5♣]",2026-09-27T00:13:29.480Z,179046800948000
"""JJJ @ iacG4hF18c"" calls 0.50",2026-09-27T00:13:28.621Z,179046800862100
"""rowan @ GthBpPSqaK"" bets 0.50",2026-09-27T00:13:25.643Z,179046800564300
"""JJJ @ iacG4hF18c"" checks",2026-09-27T00:13:24.138Z,179046800413800
"Turn: 10♦, Q♠, 7♥ [Q♥]",2026-09-27T00:13:22.873Z,179046800287300
"""JJJ @ iacG4hF18c"" calls 0.50",2026-09-27T00:13:22.007Z,179046800200700
"""rowan @ GthBpPSqaK"" bets 0.50",2026-09-27T00:13:20.273Z,179046800027300
"""JJJ @ iacG4hF18c"" checks",2026-09-27T00:13:18.647Z,179046799864700
"Flop:  [10♦, Q♠, 7♥]",2026-09-27T00:13:16.283Z,179046799628300
"""JJJ @ iacG4hF18c"" calls 1.00",2026-09-27T00:13:15.446Z,179046799544600
"""rowan @ GthBpPSqaK"" raises to 1.00",2026-09-27T00:13:14.484Z,179046799448400
"""JJJ @ iacG4hF18c"" calls 0.50",2026-09-27T00:13:12.198Z,179046799219800
"""Will @ h_ZrezeXHs"" folds",2026-09-27T00:13:09.920Z,179046798992000
"""dih @ GO72Iwd2XL"" folds",2026-09-27T00:13:08.873Z,179046798887300
"""rowan @ GthBpPSqaK"" posts a big blind of 0.50",2026-09-27T00:13:07.014Z,179046798701407
"""JJJ @ iacG4hF18c"" posts a small blind of 0.25",2026-09-27T00:13:07.014Z,179046798701406
"Player stacks: #1 ""rowan @ GthBpPSqaK"" (343.81) | #2 ""dih @ GO72Iwd2XL"" (234.33) | #8 ""Will @ h_ZrezeXHs"" (172.32) | #10 ""JJJ @ iacG4hF18c"" (25.69)",2026-09-27T00:13:07.014Z,179046798701401
"-- starting hand #274 (id: l4speb7sq8gd)  No Limit Texas Hold'em (dealer: ""Will @ h_ZrezeXHs"") --",2026-09-27T00:13:07.014Z,179046798701400
"-- ending hand #273 --",2026-09-27T00:13:01.010Z,179046798101003
"""dih @ GO72Iwd2XL"" shows a Q♣, J♣.",2026-09-27T00:13:01.010Z,179046798101002
"""Will @ h_ZrezeXHs"" collected 172.32 from pot with Full House, 5's over 6's (combination: 6♥, 6♣, 5♥, 5♦, 5♠)",2026-09-27T00:13:01.010Z,179046798101001
"""Will @ h_ZrezeXHs"" shows a 6♥, 5♥.",2026-09-27T00:13:01.010Z,179046798101000
"""dih @ GO72Iwd2XL"" calls 77.16",2026-09-27T00:13:00.187Z,179046798018700
"""Will @ h_ZrezeXHs"" raises to 77.16 and go all in",2026-09-27T00:12:32.594Z,179046795259400
"""dih @ GO72Iwd2XL"" bets 18.00",2026-09-27T00:12:21.904Z,179046794190400
"""Will @ h_ZrezeXHs"" checks",2026-09-27T00:12:18.985Z,179046793898500
"River: 6♣, 5♦, 5♠, 2♣ [10♣]",2026-09-27T00:12:17.361Z,179046793736100
"""JJJ @ iacG4hF18c"" folds",2026-09-27T00:12:16.473Z,179046793647300
"""Will @ h_ZrezeXHs"" calls 6.00",2026-09-27T00:12:15.070Z,179046793507000
"""dih @ GO72Iwd2XL"" bets 6.00",2026-09-27T00:12:01.166Z,179046792116600
"""JJJ @ iacG4hF18c"" checks",2026-09-27T00:11:58.757Z,179046791875700
"""Will @ h_ZrezeXHs"" checks",2026-09-27T00:11:57.790Z,179046791779000
"Turn: 6♣, 5♦, 5♠ [2♣]",2026-09-27T00:11:55.363Z,179046791536300
"""dih @ GO72Iwd2XL"" checks",2026-09-27T00:11:54.514Z,179046791451400
"""JJJ @ iacG4hF18c"" checks",2026-09-27T00:11:53.302Z,179046791330200
"""Will @ h_ZrezeXHs"" checks",2026-09-27T00:11:51.837Z,179046791183700
"Flop:  [6♣, 5♦, 5♠]",2026-09-27T00:11:50.415Z,179046791041500
"""JJJ @ iacG4hF18c"" calls 2.00",2026-09-27T00:11:49.597Z,179046790959700
"""Will @ h_ZrezeXHs"" calls 2.00",2026-09-27T00:11:46.945Z,179046790694500
"""dih @ GO72Iwd2XL"" raises to 2.00",2026-09-27T00:11:45.905Z,179046790590500
"""rowan @ GthBpPSqaK"" folds",2026-09-27T00:11:42.847Z,179046790284700
"""JJJ @ iacG4hF18c"" posts a big blind of 0.50",2026-09-27T00:11:41.806Z,179046790180607
"""Will @ h_ZrezeXHs"" posts a small blind of 0.25",2026-09-27T00:11:41.806Z,179046790180606
"Player stacks: #1 ""rowan @ GthBpPSqaK"" (343.81) | #2 ""dih @ GO72Iwd2XL"" (319.49) | #8 ""Will @ h_ZrezeXHs"" (85.16) | #10 ""JJJ @ iacG4hF18c"" (27.69)",2026-09-27T00:11:41.806Z,179046790180601
"-- starting hand #273 (id: qrjjkuumwecv)  No Limit Texas Hold'em (dealer: ""dih @ GO72Iwd2XL"") --",2026-09-27T00:11:41.806Z,179046790180600
"-- ending hand #272 --",2026-09-27T00:11:38.878Z,179046789887802
"""Will @ h_ZrezeXHs"" collected 2.49 from pot",2026-09-27T00:11:38.878Z,179046789887801
"Uncalled bet of 0.75 returned to ""Will @ h_ZrezeXHs""",2026-09-27T00:11:38.878Z,179046789887800
"""JJJ @ iacG4hF18c"" folds",2026-09-27T00:11:38.009Z,179046789800900
"""Will @ h_ZrezeXHs"" bets 0.75",2026-09-27T00:11:37.013Z,179046789701300
"River: 6♠, 2♣, A♦, 8♥ [J♦]",2026-09-27T00:11:31.350Z,179046789135000
"""JJJ @ iacG4hF18c"" calls 0.62",2026-09-27T00:11:30.534Z,179046789053400
"""Will @ h_ZrezeXHs"" bets 0.62",2026-09-27T00:11:28.996Z,179046788899600
"Turn: 6♠, 2♣, A♦ [8♥]",2026-09-27T00:11:25.948Z,179046788594800
"""JJJ @ iacG4hF18c"" checks",2026-09-27T00:11:25.118Z,179046788511800
"""Will @ h_ZrezeXHs"" checks",2026-09-27T00:11:24.048Z,179046788404800
"Flop:  [6♠, 2♣, A♦]",2026-09-27T00:11:22.745Z,179046788274500
"""Will @ h_ZrezeXHs"" checks",2026-09-27T00:11:21.913Z,179046788191300
"""dih @ GO72Iwd2XL"" folds",2026-09-27T00:11:20.905Z,179046788090500
"""rowan @ GthBpPSqaK"" folds",2026-09-27T00:11:20.000Z,179046788000000
"""JJJ @ iacG4hF18c"" calls 0.50",2026-09-27T00:11:19.126Z,179046787912600
"""Will @ h_ZrezeXHs"" posts a big blind of 0.50",2026-09-27T00:11:14.541Z,179046787454107
"""dih @ GO72Iwd2XL"" posts a small blind of 0.25",2026-09-27T00:11:14.541Z,179046787454106
"Player stacks: #1 ""rowan @ GthBpPSqaK"" (343.81) | #2 ""dih @ GO72Iwd2XL"" (319.74) | #8 ""Will @ h_ZrezeXHs"" (83.79) | #10 ""JJJ @ iacG4hF18c"" (28.81)",2026-09-27T00:11:14.541Z,179046787454101
"-- starting hand #272 (id: bhvffikcufo6)  No Limit Texas Hold'em (dealer: ""rowan @ GthBpPSqaK"") --",2026-09-27T00:11:14.541Z,179046787454100
"-- ending hand #271 --",2026-09-27T00:11:08.516Z,179046786851602
"""rowan @ GthBpPSqaK"" collected 7.50 from pot with Pair, A's (combination: 8♥, 9♦, Q♦, A♠, A♥)",2026-09-27T00:11:08.516Z,179046786851601
"""rowan @ GthBpPSqaK"" shows a A♠, 6♠.",2026-09-27T00:11:08.516Z,179046786851600
"""Will @ h_ZrezeXHs"" checks",2026-09-27T00:11:07.677Z,179046786767700
"""dih @ GO72Iwd2XL"" checks",2026-09-27T00:11:06.759Z,179046786675900
"""rowan @ GthBpPSqaK"" checks",2026-09-27T00:11:05.843Z,179046786584300
"River: 7♥, A♥, 8♥, 9♦ [Q♦]",2026-09-27T00:11:05.044Z,179046786504400
"""Will @ h_ZrezeXHs"" checks",2026-09-27T00:11:04.200Z,179046786420000
"""dih @ GO72Iwd2XL"" checks",2026-09-27T00:11:03.061Z,179046786306100
"""rowan @ GthBpPSqaK"" checks",2026-09-27T00:11:01.421Z,179046786142100
"Turn: 7♥, A♥, 8♥ [9♦]",2026-09-27T00:10:59.656Z,179046785965600
"""Will @ h_ZrezeXHs"" checks",2026-09-27T00:10:58.810Z,179046785881000
"""dih @ GO72Iwd2XL"" checks",2026-09-27T00:10:57.708Z,179046785770800
"""rowan @ GthBpPSqaK"" checks",2026-09-27T00:10:56.841Z,179046785684100
"Flop:  [7♥, A♥, 8♥]",2026-09-27T00:10:54.652Z,179046785465200
"""dih @ GO72Iwd2XL"" calls 2.50",2026-09-27T00:10:53.826Z,179046785382600
"""rowan @ GthBpPSqaK"" calls 2.50",2026-09-27T00:10:52.075Z,179046785207500
"""JJJ @ iacG4hF18c"" folds",2026-09-27T00:10:50.896Z,179046785089600
"""Will @ h_ZrezeXHs"" raises to 2.50",2026-09-27T00:10:41.760Z,179046784176000
"""dih @ GO72Iwd2XL"" posts a big blind of 0.50",2026-09-27T00:10:39.446Z,179046783944607
"""rowan @ GthBpPSqaK"" posts a small blind of 0.25",2026-09-27T00:10:39.446Z,179046783944606
"Player stacks: #1 ""rowan @ GthBpPSqaK"" (338.81) | #2 ""dih @ GO72Iwd2XL"" (322.24) | #8 ""Will @ h_ZrezeXHs"" (86.29) | #10 ""JJJ @ iacG4hF18c"" (28.81)",2026-09-27T00:10:39.446Z,179046783944601
"-- starting hand #271 (id: pwfjapei2hx4)  No Limit Texas Hold'em (dealer: ""JJJ @ iacG4hF18c"") --",2026-09-27T00:10:39.446Z,179046783944600
"-- ending hand #270 --",2026-09-27T00:10:33.506Z,179046783350602
"""dih @ GO72Iwd2XL"" collected 5.75 from pot",2026-09-27T00:10:33.506Z,179046783350601
"Uncalled bet of 5.75 returned to ""dih @ GO72Iwd2XL""",2026-09-27T00:10:33.506Z,179046783350600
"""Will @ h_ZrezeXHs"" folds",2026-09-27T00:10:32.644Z,179046783264400
"""dih @ GO72Iwd2XL"" bets 5.75",2026-09-27T00:10:31.557Z,179046783155700
"Flop:  [2♥, K♣, 10♣]",2026-09-27T00:10:26.809Z,179046782680900
"""rowan @ GthBpPSqaK"" folds",2026-09-27T00:10:25.991Z,179046782599100
"""JJJ @ iacG4hF18c"" folds",2026-09-27T00:10:25.144Z,179046782514400
"""Will @ h_ZrezeXHs"" calls 2.50",2026-09-27T00:10:24.296Z,179046782429600
"""dih @ GO72Iwd2XL"" raises to 2.50",2026-09-27T00:10:22.834Z,179046782283400
"""rowan @ GthBpPSqaK"" posts a big blind of 0.50",2026-09-27T00:10:19.402Z,179046781940207
"""JJJ @ iacG4hF18c"" posts a small blind of 0.25",2026-09-27T00:10:19.402Z,179046781940206
"Player stacks: #1 ""rowan @ GthBpPSqaK"" (339.31) | #2 ""dih @ GO72Iwd2XL"" (318.99) | #8 ""Will @ h_ZrezeXHs"" (88.79) | #10 ""JJJ @ iacG4hF18c"" (29.06)",2026-09-27T00:10:19.402Z,179046781940201
"-- starting hand #270 (id: 47l3tpwzith6)  No Limit Texas Hold'em (dealer: ""Will @ h_ZrezeXHs"") --",2026-09-27T00:10:19.402Z,179046781940200
"""dih @ GO72Iwd2XL"" shows a K♥, 9♣.",2026-09-27T00:10:14.340Z,179046781434000
"-- ending hand #269 --",2026-09-27T00:10:12.895Z,179046781289502
"""rowan @ GthBpPSqaK"" collected 51.50 from pot with Two Pair, K's & 8's (combination: A♥, 8♦, 8♣, K♦, K♠)",2026-09-27T00:10:12.895Z,179046781289501
"""rowan @ GthBpPSqaK"" shows a 8♦, K♦.",2026-09-27T00:10:12.895Z,179046781289500
"""JJJ @ iacG4hF18c"" calls 0.50",2026-09-27T00:10:12.049Z,179046781204900
"""dih @ GO72Iwd2XL"" calls 0.50",2026-09-27T00:10:11.130Z,179046781113000
"""rowan @ GthBpPSqaK"" bets 0.50",2026-09-27T00:10:09.134Z,179046780913400
"""JJJ @ iacG4hF18c"" checks",2026-09-27T00:10:07.113Z,179046780711300
"River: 5♥, K♠, 7♠, 8♣ [A♥]",2026-09-27T00:10:04.694Z,179046780469400
"""JJJ @ iacG4hF18c"" calls 10.00",2026-09-27T00:10:03.861Z,179046780386100
"""dih @ GO72Iwd2XL"" calls 10.00",2026-09-27T00:09:59.081Z,179046779908100
"""rowan @ GthBpPSqaK"" bets 10.00",2026-09-27T00:09:55.883Z,179046779588300
"""JJJ @ iacG4hF18c"" checks",2026-09-27T00:09:50.126Z,179046779012600
"Turn: 5♥, K♠, 7♠ [8♣]",2026-09-27T00:09:48.768Z,179046778876800
"""JJJ @ iacG4hF18c"" calls 4.00",2026-09-27T00:09:47.933Z,179046778793300
"""Will @ h_ZrezeXHs"" folds",2026-09-27T00:09:45.900Z,179046778590000
"""dih @ GO72Iwd2XL"" calls 4.00",2026-09-27T00:09:44.918Z,179046778491800
"""rowan @ GthBpPSqaK"" bets 4.00",2026-09-27T00:09:41.766Z,179046778176600
"""JJJ @ iacG4hF18c"" checks",2026-09-27T00:09:39.228Z,179046777922800
"""Will @ h_ZrezeXHs"" checks",2026-09-27T00:09:37.712Z,179046777771200
"Flop:  [5♥, K♠, 7♠]",2026-09-27T00:09:36.267Z,179046777626700
"""JJJ @ iacG4hF18c"" calls 2.00",2026-09-27T00:09:35.401Z,179046777540100
"""Will @ h_ZrezeXHs"" calls 2.00",2026-09-27T00:09:33.942Z,179046777394200
"""dih @ GO72Iwd2XL"" calls 2.00",2026-09-27T00:09:32.471Z,179046777247100
"""rowan @ GthBpPSqaK"" raises to 2.00",2026-09-27T00:09:29.997Z,179046776999700
"""JJJ @ iacG4hF18c"" posts a big blind of 0.50",2026-09-27T00:09:27.464Z,179046776746407
"""Will @ h_ZrezeXHs"" posts a small blind of 0.25",2026-09-27T00:09:27.464Z,179046776746406
"Player stacks: #1 ""rowan @ GthBpPSqaK"" (304.31) | #2 ""dih @ GO72Iwd2XL"" (335.49) | #8 ""Will @ h_ZrezeXHs"" (90.79) | #10 ""JJJ @ iacG4hF18c"" (45.56)",2026-09-27T00:09:27.464Z,179046776746401
"-- starting hand #269 (id: qeckjurag3dv)  No Limit Texas Hold'em (dead button) --",2026-09-27T00:09:27.464Z,179046776746400
"-- ending hand #268 --",2026-09-27T00:09:21.505Z,179046776150502
"""Will @ h_ZrezeXHs"" collected 0.00 from pot",2026-09-27T00:09:21.505Z,179046776150501
"Uncalled bet of 0.50 returned to ""Will @ h_ZrezeXHs""",2026-09-27T00:09:21.505Z,179046776150500
"""dih @ GO72Iwd2XL"" folds",2026-09-27T00:09:20.691Z,179046776069100
"""rowan @ GthBpPSqaK"" folds",2026-09-27T00:09:19.700Z,179046775970000
"""JJJ @ iacG4hF18c"" folds",2026-09-27T00:09:18.775Z,179046775877500
"""Will @ h_ZrezeXHs"" posts a big blind of 0.50",2026-09-27T00:09:14.451Z,179046775445108
"Dead Small Blind",2026-09-27T00:09:14.451Z,179046775445107
"Player stacks: #1 ""rowan @ GthBpPSqaK"" (304.31) | #2 ""dih @ GO72Iwd2XL"" (335.49) | #8 ""Will @ h_ZrezeXHs"" (90.79) | #10 ""JJJ @ iacG4hF18c"" (45.56)",2026-09-27T00:09:14.451Z,179046775445102
"-- starting hand #268 (id: aejq96kuuehc)  No Limit Texas Hold'em (dealer: ""dih @ GO72Iwd2XL"") --",2026-09-27T00:09:14.451Z,179046775445101
"The player ""Barbie's Men @ 1MAe7RP1K5"" quits the game with a stack of 0.00.",2026-09-27T00:09:14.451Z,179046775445100
"Asking to busted players the rebuy decision.",2026-09-27T00:09:12.246Z,179046775224600
"-- ending hand #267 --",2026-09-27T00:09:04.241Z,179046774424102
"""dih @ GO72Iwd2XL"" collected 42.07 from pot with Two Pair, J's & 7's on the second run  (combination: K♦, 7♣, 7♦, J♦, J♠)",2026-09-27T00:09:04.241Z,179046774424101
"""dih @ GO72Iwd2XL"" collected 42.07 from pot with Four of a Kind, J's (combination: K♦, J♦, J♠, J♥, J♣)",2026-09-27T00:09:04.241Z,179046774424100
"River (second run): J♠, 2♣, 7♣, 6♠ [7♦]",2026-09-27T00:09:00.232Z,179046774023200
"Turn (second run): J♠, 2♣, 7♣ [6♠]",2026-09-27T00:08:56.210Z,179046773621000
"River: J♠, 2♣, 7♣, J♥ [J♣]",2026-09-27T00:08:52.203Z,179046773220300
"Turn: J♠, 2♣, 7♣ [J♥]",2026-09-27T00:08:48.185Z,179046772818500
"""Barbie's Men @ 1MAe7RP1K5"" shows a 9♠, 9♦.",2026-09-27T00:08:44.159Z,179046772415901
"""dih @ GO72Iwd2XL"" shows a K♦, J♦.",2026-09-27T00:08:44.159Z,179046772415900
"All players in hand choose to run it twice.",2026-09-27T00:08:43.281Z,179046772328101
"""dih @ GO72Iwd2XL"" chooses to  run it twice.",2026-09-27T00:08:43.281Z,179046772328100
"""Barbie's Men @ 1MAe7RP1K5"" chooses to  run it twice.",2026-09-27T00:08:42.611Z,179046772261100
"Remaining players decide whether to run it twice.",2026-09-27T00:08:41.916Z,179046772191601
"""dih @ GO72Iwd2XL"" calls 35.32",2026-09-27T00:08:41.916Z,179046772191600
"""Barbie's Men @ 1MAe7RP1K5"" bets 35.32 and go all in",2026-09-27T00:08:40.699Z,179046772069900
"""dih @ GO72Iwd2XL"" checks",2026-09-27T00:08:37.240Z,179046771724000
"Flop:  [J♠, 2♣, 7♣]",2026-09-27T00:08:35.562Z,179046771556200
"""dih @ GO72Iwd2XL"" calls 6.50",2026-09-27T00:08:34.675Z,179046771467500
"""JJJ @ iacG4hF18c"" folds",2026-09-27T00:08:33.340Z,179046771334000
"""Barbie's Men @ 1MAe7RP1K5"" raises to 6.50",2026-09-27T00:08:30.879Z,179046771087900
"""dih @ GO72Iwd2XL"" raises to 2.00",2026-09-27T00:08:16.372Z,179046769637200
"""rowan @ GthBpPSqaK"" folds",2026-09-27T00:08:12.745Z,179046769274500
"""JJJ @ iacG4hF18c"" calls 0.50",2026-09-27T00:08:11.746Z,179046769174600
"""Will @ h_ZrezeXHs"" folds",2026-09-27T00:08:09.369Z,179046768936900
"""Barbie's Men @ 1MAe7RP1K5"" posts a big blind of 0.50",2026-09-27T00:08:07.494Z,179046768749408
"""dih @ GO72Iwd2XL"" posts a small blind of 0.25",2026-09-27T00:08:07.494Z,179046768749407
"Player stacks: #1 ""rowan @ GthBpPSqaK"" (304.31) | #2 ""dih @ GO72Iwd2XL"" (293.17) | #3 ""Barbie's Men @ 1MAe7RP1K5"" (41.82) | #8 ""Will @ h_ZrezeXHs"" (90.79) | #10 ""JJJ @ iacG4hF18c"" (46.06)",2026-09-27T00:08:07.494Z,179046768749401
"-- starting hand #267 (id: toqqkj2odzoc)  No Limit Texas Hold'em (dealer: ""rowan @ GthBpPSqaK"") --",2026-09-27T00:08:07.494Z,179046768749400
"""JJJ @ iacG4hF18c"" shows a 6♦, 7♠.",2026-09-27T00:08:03.362Z,179046768336200
"-- ending hand #266 --",2026-09-27T00:08:00.904Z,179046768090403
"""dih @ GO72Iwd2XL"" collected 2.00 from pot with Pair, 5's (combination: 8♠, 10♦, J♥, 5♥, 5♠)",2026-09-27T00:08:00.904Z,179046768090402
"""dih @ GO72Iwd2XL"" shows a J♥, 5♥.",2026-09-27T00:08:00.904Z,179046768090401
"""rowan @ GthBpPSqaK"" shows a Q♠, 9♣.",2026-09-27T00:08:00.904Z,179046768090400
"""Barbie's Men @ 1MAe7RP1K5"" checks",2026-09-27T00:08:00.078Z,179046768007800
"""dih @ GO72Iwd2XL"" checks",2026-09-27T00:07:50.989Z,179046767098900
"""rowan @ GthBpPSqaK"" checks",2026-09-27T00:07:50.085Z,179046767008500
"River: 10♦, 4♠, 2♦, 8♠ [5♠]",2026-09-27T00:07:48.271Z,179046766827100
"""Barbie's Men @ 1MAe7RP1K5"" checks",2026-09-27T00:07:47.399Z,179046766739900
"""dih @ GO72Iwd2XL"" checks",2026-09-27T00:07:46.438Z,179046766643800
"""rowan @ GthBpPSqaK"" checks",2026-09-27T00:07:44.747Z,179046766474700
"Turn: 10♦, 4♠, 2♦ [8♠]",2026-09-27T00:07:43.258Z,179046766325800
"""JJJ @ iacG4hF18c"" folds",2026-09-27T00:07:42.406Z,179046766240600
"""Barbie's Men @ 1MAe7RP1K5"" checks",2026-09-27T00:07:40.316Z,179046766031600
"""dih @ GO72Iwd2XL"" checks",2026-09-27T00:07:38.107Z,179046765810700
"""rowan @ GthBpPSqaK"" checks",2026-09-27T00:07:37.121Z,179046765712100
"Flop:  [10♦, 4♠, 2♦]",2026-09-27T00:07:35.854Z,179046765585400
"""dih @ GO72Iwd2XL"" checks",2026-09-27T00:07:35.023Z,179046765502300
"""rowan @ GthBpPSqaK"" calls 0.50",2026-09-27T00:07:26.593Z,179046764659300
"""JJJ @ iacG4hF18c"" calls 0.50",2026-09-27T00:07:21.518Z,179046764151800
"""Will @ h_ZrezeXHs"" folds",2026-09-27T00:07:20.296Z,179046764029600
"""Barbie's Men @ 1MAe7RP1K5"" calls 0.50",2026-09-27T00:07:19.348Z,179046763934800
"""dih @ GO72Iwd2XL"" posts a big blind of 0.50",2026-09-27T00:07:06.419Z,179046762641908
"""rowan @ GthBpPSqaK"" posts a small blind of 0.25",2026-09-27T00:07:06.419Z,179046762641907
"Player stacks: #1 ""rowan @ GthBpPSqaK"" (304.81) | #2 ""dih @ GO72Iwd2XL"" (291.67) | #3 ""Barbie's Men @ 1MAe7RP1K5"" (42.32) | #8 ""Will @ h_ZrezeXHs"" (90.79) | #10 ""JJJ @ iacG4hF18c"" (46.56)",2026-09-27T00:07:06.419Z,179046762641901
"-- starting hand #266 (id: jfveyrdj30mh)  No Limit Texas Hold'em (dealer: ""JJJ @ iacG4hF18c"") --",2026-09-27T00:07:06.419Z,179046762641900
"-- ending hand #265 --",2026-09-27T00:07:00.381Z,179046762038102
"""dih @ GO72Iwd2XL"" collected 96.75 from pot",2026-09-27T00:07:00.381Z,179046762038101
"Uncalled bet of 194.92 returned to ""dih @ GO72Iwd2XL""",2026-09-27T00:07:00.381Z,179046762038100
"""Barbie's Men @ 1MAe7RP1K5"" folds",2026-09-27T00:06:59.536Z,179046761953600
"""dih @ GO72Iwd2XL"" raises to 227.17 and go all in",2026-09-27T00:06:43.795Z,179046760379500
"""Barbie's Men @ 1MAe7RP1K5"" bets 32.25",2026-09-27T00:06:36.384Z,179046759638400
"""dih @ GO72Iwd2XL"" checks",2026-09-27T00:06:33.362Z,179046759336200
"Turn: Q♠, 2♥, 4♣ [3♦]",2026-09-27T00:06:30.357Z,179046759035700
"""dih @ GO72Iwd2XL"" calls 10.75",2026-09-27T00:06:29.515Z,179046758951500
"""Barbie's Men @ 1MAe7RP1K5"" bets 10.75",2026-09-27T00:06:27.611Z,179046758761100
"""dih @ GO72Iwd2XL"" checks",2026-09-27T00:06:25.430Z,179046758543000
"Flop:  [Q♠, 2♥, 4♣]",2026-09-27T00:06:22.729Z,179046758272900
"""dih @ GO72Iwd2XL"" calls 5.00",2026-09-27T00:06:21.877Z,179046758187700
"""rowan @ GthBpPSqaK"" folds",2026-09-27T00:06:19.989Z,179046757998900
"""JJJ @ iacG4hF18c"" folds",2026-09-27T00:06:17.743Z,179046757774300
"""Will @ h_ZrezeXHs"" folds",2026-09-27T00:06:16.067Z,179046757606700
"""Barbie's Men @ 1MAe7RP1K5"" raises to 5.00",2026-09-27T00:06:14.047Z,179046757404700
"""dih @ GO72Iwd2XL"" raises to 2.50",2026-09-27T00:06:06.758Z,179046756675800
"""rowan @ GthBpPSqaK"" posts a big blind of 0.50",2026-09-27T00:06:01.687Z,179046756168708
"""JJJ @ iacG4hF18c"" posts a small blind of 0.25",2026-09-27T00:06:01.687Z,179046756168707
"Player stacks: #1 ""rowan @ GthBpPSqaK"" (305.31) | #2 ""dih @ GO72Iwd2XL"" (242.92) | #3 ""Barbie's Men @ 1MAe7RP1K5"" (90.32) | #8 ""Will @ h_ZrezeXHs"" (90.79) | #10 ""JJJ @ iacG4hF18c"" (46.81)",2026-09-27T00:06:01.687Z,179046756168701
"-- starting hand #265 (id: b1etpz8895cs)  No Limit Texas Hold'em (dealer: ""Will @ h_ZrezeXHs"") --",2026-09-27T00:06:01.687Z,179046756168700
"""rowan @ GthBpPSqaK"" shows a 3♥.",2026-09-27T00:05:59.019Z,179046755901900
"-- ending hand #264 --",2026-09-27T00:05:58.050Z,179046755805002
"""rowan @ GthBpPSqaK"" collected 17.50 from pot",2026-09-27T00:05:58.050Z,179046755805001
"Uncalled bet of 0.50 returned to ""rowan @ GthBpPSqaK""",2026-09-27T00:05:58.050Z,179046755805000
"""Barbie's Men @ 1MAe7RP1K5"" folds",2026-09-27T00:05:57.177Z,179046755717700
"""rowan @ GthBpPSqaK"" bets 0.50",2026-09-27T00:05:56.201Z,179046755620100
"River: 10♠, 3♣, 3♦, 4♠ [5♣]",2026-09-27T00:05:51.672Z,179046755167200
"""Will @ h_ZrezeXHs"" folds",2026-09-27T00:05:50.869Z,179046755086900
"""Barbie's Men @ 1MAe7RP1K5"" calls 4.00",2026-09-27T00:05:49.807Z,179046754980700
"""rowan @ GthBpPSqaK"" bets 4.00",2026-09-27T00:05:48.484Z,179046754848400
"""Will @ h_ZrezeXHs"" checks",2026-09-27T00:05:44.107Z,179046754410700
"Turn: 10♠, 3♣, 3♦ [4♠]",2026-09-27T00:05:42.640Z,179046754264000
"""Barbie's Men @ 1MAe7RP1K5"" checks",2026-09-27T00:05:41.733Z,179046754173300
"""rowan @ GthBpPSqaK"" checks",2026-09-27T00:05:40.707Z,179046754070700
"""Will @ h_ZrezeXHs"" checks",2026-09-27T00:05:38.608Z,179046753860800
"Flop:  [10♠, 3♣, 3♦]",2026-09-27T00:05:37.238Z,179046753723800
"""rowan @ GthBpPSqaK"" calls 3.00",2026-09-27T00:05:36.344Z,179046753634400
"""JJJ @ iacG4hF18c"" folds",2026-09-27T00:05:35.486Z,179046753548600
"""Will @ h_ZrezeXHs"" calls 3.00",2026-09-27T00:05:31.006Z,179046753100600
"""Barbie's Men @ 1MAe7RP1K5"" raises to 3.00",2026-09-27T00:05:29.818Z,179046752981800
"""dih @ GO72Iwd2XL"" folds",2026-09-27T00:05:26.708Z,179046752670800
"""rowan @ GthBpPSqaK"" calls 0.50",2026-09-27T00:05:25.714Z,179046752571400
"""JJJ @ iacG4hF18c"" posts a big blind of 0.50",2026-09-27T00:05:21.691Z,179046752169108
"""Will @ h_ZrezeXHs"" posts a small blind of 0.25",2026-09-27T00:05:21.691Z,179046752169107
"Player stacks: #1 ""rowan @ GthBpPSqaK"" (294.81) | #2 ""dih @ GO72Iwd2XL"" (242.92) | #3 ""Barbie's Men @ 1MAe7RP1K5"" (97.32) | #8 ""Will @ h_ZrezeXHs"" (93.79) | #10 ""JJJ @ iacG4hF18c"" (47.31)",2026-09-27T00:05:21.691Z,179046752169101
"-- starting hand #264 (id: vrgrzmizgqoa)  No Limit Texas Hold'em (dealer: ""Barbie's Men @ 1MAe7RP1K5"") --",2026-09-27T00:05:21.691Z,179046752169100
"""Will @ h_ZrezeXHs"" shows a Q♦.",2026-09-27T00:05:17.595Z,179046751759500
"""dih @ GO72Iwd2XL"" shows a A♠.",2026-09-27T00:05:17.055Z,179046751705500
"""rowan @ GthBpPSqaK"" shows a Q♥.",2026-09-27T00:05:15.347Z,179046751534700
"-- ending hand #263 --",2026-09-27T00:05:13.687Z,179046751368702
"""dih @ GO72Iwd2XL"" collected 20.00 from pot",2026-09-27T00:05:13.687Z,179046751368701
"Uncalled bet of 13.00 returned to ""dih @ GO72Iwd2XL""",2026-09-27T00:05:13.687Z,179046751368700
"""rowan @ GthBpPSqaK"" folds",2026-09-27T00:05:12.841Z,179046751284100
"""Barbie's Men @ 1MAe7RP1K5"" folds",2026-09-27T00:05:11.470Z,179046751147000
"""dih @ GO72Iwd2XL"" bets 13.00",2026-09-27T00:05:09.190Z,179046750919000
"""rowan @ GthBpPSqaK"" checks",2026-09-27T00:05:02.978Z,179046750297800
"""Barbie's Men @ 1MAe7RP1K5"" checks",2026-09-27T00:05:01.993Z,179046750199300
"Flop:  [10♠, 10♦, 5♥]",2026-09-27T00:04:58.264Z,179046749826400
"""rowan @ GthBpPSqaK"" calls 6.50",2026-09-27T00:04:57.394Z,179046749739400
"""Will @ h_ZrezeXHs"" folds",2026-09-27T00:04:55.564Z,179046749556400
"""Barbie's Men @ 1MAe7RP1K5"" calls 6.50",2026-09-27T00:04:54.558Z,179046749455800
"""dih @ GO72Iwd2XL"" raises to 6.50",2026-09-27T00:04:52.936Z,179046749293600
"""rowan @ GthBpPSqaK"" raises to 2.00",2026-09-27T00:04:49.454Z,179046748945400
"""JJJ @ iacG4hF18c"" folds",2026-09-27T00:04:47.290Z,179046748729000
"""Will @ h_ZrezeXHs"" posts a big blind of 0.50",2026-09-27T00:04:41.454Z,179046748145408
"""Barbie's Men @ 1MAe7RP1K5"" posts a small blind of 0.25",2026-09-27T00:04:41.454Z,179046748145407
"Player stacks: #1 ""rowan @ GthBpPSqaK"" (301.31) | #2 ""dih @ GO72Iwd2XL"" (229.42) | #3 ""Barbie's Men @ 1MAe7RP1K5"" (103.82) | #8 ""Will @ h_ZrezeXHs"" (94.29) | #10 ""JJJ @ iacG4hF18c"" (47.31)",2026-09-27T00:04:41.454Z,179046748145401
"-- starting hand #263 (id: pqvouguawrno)  No Limit Texas Hold'em (dealer: ""dih @ GO72Iwd2XL"") --",2026-09-27T00:04:41.454Z,179046748145400
"""rowan @ GthBpPSqaK"" shows a 7♦.",2026-09-27T00:04:36.474Z,179046747647400
"-- ending hand #262 --",2026-09-27T00:04:34.814Z,179046747481402
"""rowan @ GthBpPSqaK"" collected 10.25 from pot",2026-09-27T00:04:34.814Z,179046747481401
"Uncalled bet of 3.50 returned to ""rowan @ GthBpPSqaK""",2026-09-27T00:04:34.814Z,179046747481400
"""JJJ @ iacG4hF18c"" folds",2026-09-27T00:04:33.935Z,179046747393500
"""Will @ h_ZrezeXHs"" folds",2026-09-27T00:04:32.938Z,179046747293800
"""Barbie's Men @ 1MAe7RP1K5"" folds",2026-09-27T00:04:31.868Z,179046747186800
"""rowan @ GthBpPSqaK"" bets 3.50",2026-09-27T00:04:30.936Z,179046747093600
"""JJJ @ iacG4hF18c"" checks",2026-09-27T00:04:26.974Z,179046746697400
"""Will @ h_ZrezeXHs"" checks",2026-09-27T00:04:26.103Z,179046746610300
"""Barbie's Men @ 1MAe7RP1K5"" checks",2026-09-27T00:04:24.969Z,179046746496900
"Flop:  [3♣, 7♠, A♥]",2026-09-27T00:04:22.853Z,179046746285300
"""Barbie's Men @ 1MAe7RP1K5"" calls 2.50",2026-09-27T00:04:22.042Z,179046746204200
"""dih @ GO72Iwd2XL"" folds",2026-09-27T00:04:20.696Z,179046746069600
"""rowan @ GthBpPSqaK"" calls 2.50",2026-09-27T00:04:19.830Z,179046745983000
"""JJJ @ iacG4hF18c"" calls 2.50",2026-09-27T00:04:18.901Z,179046745890100
"""Will @ h_ZrezeXHs"" raises to 2.50",2026-09-27T00:04:16.857Z,179046745685700
"""Barbie's Men @ 1MAe7RP1K5"" posts a big blind of 0.50",2026-09-27T00:04:13.915Z,179046745391508
"""dih @ GO72Iwd2XL"" posts a small blind of 0.25",2026-09-27T00:04:13.915Z,179046745391507
"Player stacks: #1 ""rowan @ GthBpPSqaK"" (293.56) | #2 ""dih @ GO72Iwd2XL"" (229.67) | #3 ""Barbie's Men @ 1MAe7RP1K5"" (106.32) | #8 ""Will @ h_ZrezeXHs"" (96.79) | #10 ""JJJ @ iacG4hF18c"" (49.81)",2026-09-27T00:04:13.915Z,179046745391501
"-- starting hand #262 (id: a8oyz7qijv3f)  No Limit Texas Hold'em (dealer: ""rowan @ GthBpPSqaK"") --",2026-09-27T00:04:13.915Z,179046745391500
"""Barbie's Men @ 1MAe7RP1K5"" shows a 2♦, 4♣.",2026-09-27T00:04:09.538Z,179046744953800
"-- ending hand #261 --",2026-09-27T00:04:07.385Z,179046744738502
"""rowan @ GthBpPSqaK"" collected 30.24 from pot with Two Pair, J's & 9's (combination: 7♣, 9♥, 9♦, J♣, J♥)",2026-09-27T00:04:07.385Z,179046744738501
"""rowan @ GthBpPSqaK"" shows a 7♣, J♣.",2026-09-27T00:04:07.385Z,179046744738500
"""JJJ @ iacG4hF18c"" checks",2026-09-27T00:04:06.538Z,179046744653800
"""rowan @ GthBpPSqaK"" checks",2026-09-27T00:04:00.442Z,179046744044200
"River: J♥, 9♥, 2♣, 9♦ [4♥]",2026-09-27T00:03:55.540Z,179046743554000
"""JJJ @ iacG4hF18c"" checks",2026-09-27T00:03:54.670Z,179046743467000
"""rowan @ GthBpPSqaK"" checks",2026-09-27T00:03:48.995Z,179046742899500
"Turn: J♥, 9♥, 2♣ [9♦]",2026-09-27T00:03:47.662Z,179046742766200
"""Will @ h_ZrezeXHs"" folds",2026-09-27T00:03:46.822Z,179046742682200
"""dih @ GO72Iwd2XL"" folds",2026-09-27T00:03:45.910Z,179046742591000
"""rowan @ GthBpPSqaK"" calls 8.87",2026-09-27T00:03:42.187Z,179046742218700
"""JJJ @ iacG4hF18c"" bets 8.87",2026-09-27T00:03:41.066Z,179046742106600
"""Will @ h_ZrezeXHs"" checks",2026-09-27T00:03:36.030Z,179046741603000
"""dih @ GO72Iwd2XL"" checks",2026-09-27T00:03:34.812Z,179046741481200
"""rowan @ GthBpPSqaK"" checks",2026-09-27T00:03:32.373Z,179046741237300
"Flop:  [J♥, 9♥, 2♣]",2026-09-27T00:03:30.652Z,179046741065200
"""Barbie's Men @ 1MAe7RP1K5"" folds",2026-09-27T00:03:29.796Z,179046740979600
"""dih @ GO72Iwd2XL"" calls 3.00",2026-09-27T00:03:28.899Z,179046740889900
"""rowan @ GthBpPSqaK"" calls 3.00",2026-09-27T00:03:24.884Z,179046740488400
"""JJJ @ iacG4hF18c"" calls 3.00",2026-09-27T00:03:23.354Z,179046740335400
"""Will @ h_ZrezeXHs"" raises to 3.00",2026-09-27T00:03:18.817Z,179046739881700
"""Barbie's Men @ 1MAe7RP1K5"" calls 0.50",2026-09-27T00:03:16.677Z,179046739667700
"""dih @ GO72Iwd2XL"" posts a big blind of 0.50",2026-09-27T00:03:10.025Z,179046739002508
"""rowan @ GthBpPSqaK"" posts a small blind of 0.25",2026-09-27T00:03:10.025Z,179046739002507
"Player stacks: #1 ""rowan @ GthBpPSqaK"" (275.19) | #2 ""dih @ GO72Iwd2XL"" (232.67) | #3 ""Barbie's Men @ 1MAe7RP1K5"" (106.82) | #8 ""Will @ h_ZrezeXHs"" (99.79) | #10 ""JJJ @ iacG4hF18c"" (61.68)",2026-09-27T00:03:10.025Z,179046739002501
"-- starting hand #261 (id: 3wbxwhakmnls)  No Limit Texas Hold'em (dealer: ""JJJ @ iacG4hF18c"") --",2026-09-27T00:03:10.025Z,179046739002500
"""Barbie's Men @ 1MAe7RP1K5"" shows a 5♦, 3♥.",2026-09-27T00:03:04.844Z,179046738484400
"""rowan @ GthBpPSqaK"" shows a 9♦, 9♣.",2026-09-27T00:03:04.638Z,179046738463800
"-- ending hand #260 --",2026-09-27T00:03:02.685Z,179046738268502
"""rowan @ GthBpPSqaK"" collected 24.25 from pot",2026-09-27T00:03:02.685Z,179046738268501
"Uncalled bet of 8.00 returned to ""rowan @ GthBpPSqaK""",2026-09-27T00:03:02.685Z,179046738268500
"""Will @ h_ZrezeXHs"" folds",2026-09-27T00:03:01.843Z,179046738184300
"""Barbie's Men @ 1MAe7RP1K5"" folds",2026-09-27T00:03:00.869Z,179046738086900
"""rowan @ GthBpPSqaK"" bets 8.00",2026-09-27T00:02:59.328Z,179046737932800
"Flop:  [4♥, K♣, K♦]",2026-09-27T00:02:51.589Z,179046737158900
"""Will @ h_ZrezeXHs"" calls 8.00",2026-09-27T00:02:50.680Z,179046737068000
"""Barbie's Men @ 1MAe7RP1K5"" calls 8.00",2026-09-27T00:02:49.093Z,179046736909300
"""rowan @ GthBpPSqaK"" raises to 8.00",2026-09-27T00:02:47.628Z,179046736762800
"""JJJ @ iacG4hF18c"" folds",2026-09-27T00:02:43.038Z,179046736303800
"""Will @ h_ZrezeXHs"" raises to 3.00",2026-09-27T00:02:41.542Z,179046736154200
"""Barbie's Men @ 1MAe7RP1K5"" calls 0.50",2026-09-27T00:02:39.264Z,179046735926400
"""dih @ GO72Iwd2XL"" folds",2026-09-27T00:02:30.812Z,179046735081200
"""rowan @ GthBpPSqaK"" posts a big blind of 0.50",2026-09-27T00:02:25.174Z,179046734517408
"""JJJ @ iacG4hF18c"" posts a small blind of 0.25",2026-09-27T00:02:25.174Z,179046734517407
"Player stacks: #1 ""rowan @ GthBpPSqaK"" (258.94) | #2 ""dih @ GO72Iwd2XL"" (232.67) | #3 ""Barbie's Men @ 1MAe7RP1K5"" (114.82) | #8 ""Will @ h_ZrezeXHs"" (107.79) | #10 ""JJJ @ iacG4hF18c"" (61.93)",2026-09-27T00:02:25.174Z,179046734517401
"-- starting hand #260 (id: nezgowuf2u74)  No Limit Texas Hold'em (dealer: ""Will @ h_ZrezeXHs"") --",2026-09-27T00:02:25.174Z,179046734517400
"-- ending hand #259 --",2026-09-27T00:02:19.172Z,179046733917202
"""JJJ @ iacG4hF18c"" collected 6.25 from pot",2026-09-27T00:02:19.172Z,179046733917201
"Uncalled bet of 4.68 returned to ""JJJ @ iacG4hF18c""",2026-09-27T00:02:19.172Z,179046733917200
"""dih @ GO72Iwd2XL"" folds",2026-09-27T00:02:18.272Z,179046733827200
"""JJJ @ iacG4hF18c"" bets 4.68",2026-09-27T00:02:13.208Z,179046733320800
"Flop:  [8♥, 9♦, 5♥]",2026-09-27T00:02:06.762Z,179046732676200
"""Barbie's Men @ 1MAe7RP1K5"" folds",2026-09-27T00:02:05.808Z,179046732580800
"""dih @ GO72Iwd2XL"" calls 2.75",2026-09-27T00:02:01.135Z,179046732113500
"""JJJ @ iacG4hF18c"" raises to 2.75",2026-09-27T00:01:57.893Z,179046731789300
"""Will @ h_ZrezeXHs"" folds",2026-09-27T00:01:51.961Z,179046731196100
"""Barbie's Men @ 1MAe7RP1K5"" calls 0.50",2026-09-27T00:01:51.006Z,179046731100600
"""dih @ GO72Iwd2XL"" calls 0.50",2026-09-27T00:01:50.129Z,179046731012900
"""rowan @ GthBpPSqaK"" folds",2026-09-27T00:01:43.504Z,179046730350400
"""JJJ @ iacG4hF18c"" posts a big blind of 0.50",2026-09-27T00:01:41.929Z,179046730192908
"""Will @ h_ZrezeXHs"" posts a small blind of 0.25",2026-09-27T00:01:41.929Z,179046730192907
"Player stacks: #1 ""rowan @ GthBpPSqaK"" (258.94) | #2 ""dih @ GO72Iwd2XL"" (235.42) | #3 ""Barbie's Men @ 1MAe7RP1K5"" (115.32) | #8 ""Will @ h_ZrezeXHs"" (108.04) | #10 ""JJJ @ iacG4hF18c"" (58.43)",2026-09-27T00:01:41.929Z,179046730192901
"-- starting hand #259 (id: udfqpwvmuqoo)  No Limit Texas Hold'em (dealer: ""Barbie's Men @ 1MAe7RP1K5"") --",2026-09-27T00:01:41.929Z,179046730192900
"-- ending hand #258 --",2026-09-27T00:01:35.926Z,179046729592604
"""dih @ GO72Iwd2XL"" collected 21.50 from pot with Pair, K's (combination: 10♣, Q♣, A♠, K♠, K♥)",2026-09-27T00:01:35.926Z,179046729592603
"""dih @ GO72Iwd2XL"" shows a Q♣, A♠.",2026-09-27T00:01:35.926Z,179046729592602
"""JJJ @ iacG4hF18c"" shows a A♣, J♦.",2026-09-27T00:01:35.926Z,179046729592601
"""Barbie's Men @ 1MAe7RP1K5"" shows a 7♠, 6♦.",2026-09-27T00:01:35.926Z,179046729592600
"""dih @ GO72Iwd2XL"" checks",2026-09-27T00:01:35.122Z,179046729512200
"""JJJ @ iacG4hF18c"" checks",2026-09-27T00:01:34.196Z,179046729419600
"""Barbie's Men @ 1MAe7RP1K5"" checks",2026-09-27T00:01:32.931Z,179046729293100
"River: K♠, K♥, 10♣, 4♦ [2♦]",2026-09-27T00:01:32.096Z,179046729209600
"""dih @ GO72Iwd2XL"" checks",2026-09-27T00:01:31.279Z,179046729127900
"""JJJ @ iacG4hF18c"" checks",2026-09-27T00:01:29.726Z,179046728972600
"""Barbie's Men @ 1MAe7RP1K5"" checks",2026-09-27T00:01:27.927Z,179046728792700
"Turn: K♠, K♥, 10♣ [4♦]",2026-09-27T00:01:26.670Z,179046728667000
"""dih @ GO72Iwd2XL"" checks",2026-09-27T00:01:25.746Z,179046728574600
"""JJJ @ iacG4hF18c"" checks",2026-09-27T00:01:21.176Z,179046728117600
"""Barbie's Men @ 1MAe7RP1K5"" checks",2026-09-27T00:01:19.320Z,179046727932000
"Flop:  [K♠, K♥, 10♣]",2026-09-27T00:01:17.661Z,179046727766100
"""JJJ @ iacG4hF18c"" calls 7.00",2026-09-27T00:01:16.724Z,179046727672400
"""Will @ h_ZrezeXHs"" folds",2026-09-27T00:01:09.467Z,179046726946700
"""Barbie's Men @ 1MAe7RP1K5"" calls 7.00",2026-09-27T00:01:08.349Z,179046726834900
"""dih @ GO72Iwd2XL"" raises to 7.00",2026-09-27T00:01:00.843Z,179046726084300
"""rowan @ GthBpPSqaK"" folds",2026-09-27T00:00:55.644Z,179046725564400
"""JJJ @ iacG4hF18c"" raises to 2.25",2026-09-27T00:00:54.771Z,179046725477100
"""Will @ h_ZrezeXHs"" posts a big blind of 0.50",2026-09-27T00:00:51.764Z,179046725176408
"""Barbie's Men @ 1MAe7RP1K5"" posts a small blind of 0.25",2026-09-27T00:00:51.764Z,179046725176407
"Player stacks: #1 ""rowan @ GthBpPSqaK"" (258.94) | #2 ""dih @ GO72Iwd2XL"" (220.92) | #3 ""Barbie's Men @ 1MAe7RP1K5"" (122.32) | #8 ""Will @ h_ZrezeXHs"" (108.54) | #10 ""JJJ @ iacG4hF18c"" (65.43)",2026-09-27T00:00:51.764Z,179046725176401
"-- starting hand #258 (id: dnkwhtamior4)  No Limit Texas Hold'em (dealer: ""dih @ GO72Iwd2XL"") --",2026-09-27T00:00:51.764Z,179046725176400
"""JJJ @ iacG4hF18c"" shows a 9♥.",2026-09-27T00:00:50.473Z,179046725047300
"""dih @ GO72Iwd2XL"" shows a 8♣, 10♦.",2026-09-27T00:00:45.379Z,179046724537900
"-- ending hand #257 --",2026-09-27T00:00:44.359Z,179046724435902
"""dih @ GO72Iwd2XL"" collected 6.00 from pot",2026-09-27T00:00:44.359Z,179046724435901
"Uncalled bet of 6.00 returned to ""dih @ GO72Iwd2XL""",2026-09-27T00:00:44.359Z,179046724435900
"""JJJ @ iacG4hF18c"" folds",2026-09-27T00:00:43.427Z,179046724342700
"""dih @ GO72Iwd2XL"" raises to 8.00",2026-09-27T00:00:30.671Z,179046723067100
"""rowan @ GthBpPSqaK"" folds",2026-09-27T00:00:28.165Z,179046722816500
"""JJJ @ iacG4hF18c"" bets 2.00",2026-09-27T00:00:27.270Z,179046722727000
"""dih @ GO72Iwd2XL"" checks",2026-09-27T00:00:24.482Z,179046722448200
"Flop:  [6♦, 9♦, 7♦]",2026-09-27T00:00:19.530Z,179046721953000
"""Barbie's Men @ 1MAe7RP1K5"" folds",2026-09-27T00:00:18.632Z,179046721863200
"""dih @ GO72Iwd2XL"" calls 0.50",2026-09-27T00:00:17.696Z,179046721769600
"""rowan @ GthBpPSqaK"" calls 0.50",2026-09-27T00:00:15.175Z,179046721517500
"""JJJ @ iacG4hF18c"" calls 0.50",2026-09-27T00:00:13.917Z,179046721391700
"""Will @ h_ZrezeXHs"" folds",2026-09-27T00:00:08.418Z,179046720841800
"""Barbie's Men @ 1MAe7RP1K5"" posts a big blind of 0.50",2026-09-27T00:00:07.142Z,179046720714208
"""dih @ GO72Iwd2XL"" posts a small blind of 0.25",2026-09-27T00:00:07.142Z,179046720714207
"Player stacks: #1 ""rowan @ GthBpPSqaK"" (259.44) | #2 ""dih @ GO72Iwd2XL"" (217.42) | #3 ""Barbie's Men @ 1MAe7RP1K5"" (122.82) | #8 ""Will @ h_ZrezeXHs"" (108.54) | #10 ""JJJ @ iacG4hF18c"" (67.93)",2026-09-27T00:00:07.142Z,179046720714201
"-- starting hand #257 (id: qaehwezyabot)  No Limit Texas Hold'em (dealer: ""rowan @ GthBpPSqaK"") --",2026-09-27T00:00:07.142Z,179046720714200
"""Barbie's Men @ 1MAe7RP1K5"" shows a 5♦, 5♠.",2026-09-27T00:00:02.990Z,179046720299000
"""rowan @ GthBpPSqaK"" shows a 3♦, 2♠.",2026-09-27T00:00:01.729Z,179046720172900
"-- ending hand #256 --",2026-09-26T23:59:59.689Z,179046719968902
"""Barbie's Men @ 1MAe7RP1K5"" collected 9.75 from pot",2026-09-26T23:59:59.689Z,179046719968901
"Uncalled bet of 9.75 returned to ""Barbie's Men @ 1MAe7RP1K5""",2026-09-26T23:59:59.689Z,179046719968900
"""JJJ @ iacG4hF18c"" folds",2026-09-26T23:59:58.765Z,179046719876500
"""Will @ h_ZrezeXHs"" folds",2026-09-26T23:59:55.030Z,179046719503000
"""Barbie's Men @ 1MAe7RP1K5"" bets 9.75",2026-09-26T23:59:52.863Z,179046719286300
"Flop:  [10♥, 3♣, 3♠]",2026-09-26T23:59:48.882Z,179046718888200
"""dih @ GO72Iwd2XL"" folds",2026-09-26T23:59:47.969Z,179046718796900
"""rowan @ GthBpPSqaK"" folds",2026-09-26T23:59:47.027Z,179046718702700
"""JJJ @ iacG4hF18c"" calls 3.00",2026-09-26T23:59:45.968Z,179046718596800
"""Will @ h_ZrezeXHs"" calls 3.00",2026-09-26T23:59:37.239Z,179046717723900
"""Barbie's Men @ 1MAe7RP1K5"" raises to 3.00",2026-09-26T23:59:32.075Z,179046717207500
"""dih @ GO72Iwd2XL"" posts a big blind of 0.50",2026-09-26T23:59:27.905Z,179046716790508
"""rowan @ GthBpPSqaK"" posts a small blind of 0.25",2026-09-26T23:59:27.905Z,179046716790507
"Player stacks: #1 ""rowan @ GthBpPSqaK"" (259.69) | #2 ""dih @ GO72Iwd2XL"" (217.92) | #3 ""Barbie's Men @ 1MAe7RP1K5"" (116.07) | #8 ""Will @ h_ZrezeXHs"" (111.54) | #10 ""JJJ @ iacG4hF18c"" (70.93)",2026-09-26T23:59:27.905Z,179046716790501
"-- starting hand #256 (id: yiorfkv7u5ba)  No Limit Texas Hold'em (dealer: ""JJJ @ iacG4hF18c"") --",2026-09-26T23:59:27.905Z,179046716790500
"-- ending hand #255 --",2026-09-26T23:59:21.860Z,179046716186003
"""Will @ h_ZrezeXHs"" collected 32.25 from pot with Two Pair, A's & Q's (combination: J♦, Q♦, Q♠, A♦, A♣)",2026-09-26T23:59:21.860Z,179046716186002
"""Will @ h_ZrezeXHs"" shows a A♦, 2♠.",2026-09-26T23:59:21.860Z,179046716186001
"""Barbie's Men @ 1MAe7RP1K5"" shows a 9♥, 5♠.",2026-09-26T23:59:21.860Z,179046716186000
"""Will @ h_ZrezeXHs"" checks",2026-09-26T23:59:21.010Z,179046716101000
"""Barbie's Men @ 1MAe7RP1K5"" checks",2026-09-26T23:59:19.392Z,179046715939200
"River: J♦, Q♦, Q♠, 9♦ [A♣]",2026-09-26T23:59:18.058Z,179046715805800
"""Will @ h_ZrezeXHs"" calls 10.75",2026-09-26T23:59:17.134Z,179046715713400
"""Barbie's Men @ 1MAe7RP1K5"" bets 10.75",2026-09-26T23:59:12.660Z,179046715266000
"Turn: J♦, Q♦, Q♠ [9♦]",2026-09-26T23:59:09.256Z,179046714925600
"""Barbie's Men @ 1MAe7RP1K5"" calls 2.00",2026-09-26T23:59:08.391Z,179046714839100
"""Will @ h_ZrezeXHs"" bets 2.00",2026-09-26T23:59:07.440Z,179046714744000
"""Barbie's Men @ 1MAe7RP1K5"" checks",2026-09-26T23:59:05.422Z,179046714542200
"Flop:  [J♦, Q♦, Q♠]",2026-09-26T23:59:03.694Z,179046714369400
"""Barbie's Men @ 1MAe7RP1K5"" calls 3.00",2026-09-26T23:59:02.878Z,179046714287800
"""rowan @ GthBpPSqaK"" folds",2026-09-26T23:59:01.155Z,179046714115500
"""JJJ @ iacG4hF18c"" folds",2026-09-26T23:59:00.239Z,179046714023900
"""Will @ h_ZrezeXHs"" raises to 3.00",2026-09-26T23:58:56.341Z,179046713634100
"""Barbie's Men @ 1MAe7RP1K5"" calls 0.50",2026-09-26T23:58:54.038Z,179046713403800
"""dih @ GO72Iwd2XL"" folds",2026-09-26T23:58:42.937Z,179046712293700
"""rowan @ GthBpPSqaK"" posts a big blind of 0.50",2026-09-26T23:58:41.961Z,179046712196108
"""JJJ @ iacG4hF18c"" posts a small blind of 0.25",2026-09-26T23:58:41.961Z,179046712196107
"Player stacks: #1 ""rowan @ GthBpPSqaK"" (260.19) | #2 ""dih @ GO72Iwd2XL"" (217.92) | #3 ""Barbie's Men @ 1MAe7RP1K5"" (131.82) | #8 ""Will @ h_ZrezeXHs"" (95.04) | #10 ""JJJ @ iacG4hF18c"" (71.18)",2026-09-26T23:58:41.961Z,179046712196101
"-- starting hand #255 (id: p61nl0pnlbjv)  No Limit Texas Hold'em (dealer: ""Will @ h_ZrezeXHs"") --",2026-09-26T23:58:41.961Z,179046712196100
"""rowan @ GthBpPSqaK"" shows a 10♣.",2026-09-26T23:58:38.779Z,179046711877900
"""rowan @ GthBpPSqaK"" shows a 3♦.",2026-09-26T23:58:37.987Z,179046711798700
"""Barbie's Men @ 1MAe7RP1K5"" shows a J♦, K♠.",2026-09-26T23:58:36.428Z,179046711642800
"-- ending hand #254 --",2026-09-26T23:58:34.956Z,179046711495602
"""JJJ @ iacG4hF18c"" collected 45.99 from pot with Two Pair, Q's & 3's (combination: 10♠, 3♠, 3♣, Q♠, Q♦)",2026-09-26T23:58:34.956Z,179046711495601
"""JJJ @ iacG4hF18c"" shows a 3♠, 6♠.",2026-09-26T23:58:34.956Z,179046711495600
"""Barbie's Men @ 1MAe7RP1K5"" checks",2026-09-26T23:58:34.100Z,179046711410000
"""JJJ @ iacG4hF18c"" checks",2026-09-26T23:58:33.151Z,179046711315100
"River: 3♣, Q♠, Q♦, 10♠ [8♥]",2026-09-26T23:58:31.242Z,179046711124200
"""JJJ @ iacG4hF18c"" calls 15.33",2026-09-26T23:58:30.401Z,179046711040100
"""Barbie's Men @ 1MAe7RP1K5"" bets 15.33",2026-09-26T23:58:27.489Z,179046710748900
"""JJJ @ iacG4hF18c"" checks",2026-09-26T23:58:25.377Z,179046710537700
"Turn: 3♣, Q♠, Q♦ [10♠]",2026-09-26T23:58:24.151Z,179046710415100
"""JJJ @ iacG4hF18c"" calls 5.11",2026-09-26T23:58:23.316Z,179046710331600
"""Barbie's Men @ 1MAe7RP1K5"" bets 5.11",2026-09-26T23:58:19.872Z,179046709987200
"""JJJ @ iacG4hF18c"" checks",2026-09-26T23:58:17.542Z,179046709754200
"Flop:  [3♣, Q♠, Q♦]",2026-09-26T23:58:15.867Z,179046709586700
"""JJJ @ iacG4hF18c"" calls 2.43",2026-09-26T23:58:15.047Z,179046709504700
"""Will @ h_ZrezeXHs"" folds",2026-09-26T23:58:10.465Z,179046709046500
"""Barbie's Men @ 1MAe7RP1K5"" raises to 2.43",2026-09-26T23:58:09.532Z,179046708953200
"""dih @ GO72Iwd2XL"" folds",2026-09-26T23:58:04.050Z,179046708405000
"""rowan @ GthBpPSqaK"" folds",2026-09-26T23:58:01.777Z,179046708177700
"""JJJ @ iacG4hF18c"" posts a big blind of 0.50",2026-09-26T23:58:00.451Z,179046708045109
"""Will @ h_ZrezeXHs"" posts a small blind of 0.25",2026-09-26T23:58:00.451Z,179046708045108
"Player stacks: #1 ""rowan @ GthBpPSqaK"" (260.19) | #2 ""dih @ GO72Iwd2XL"" (217.92) | #3 ""Barbie's Men @ 1MAe7RP1K5"" (154.69) | #8 ""Will @ h_ZrezeXHs"" (95.29) | #10 ""JJJ @ iacG4hF18c"" (48.06)",2026-09-26T23:58:00.451Z,179046708045102
"-- starting hand #254 (id: 7alcvopor0bj)  No Limit Texas Hold'em (dead button) --",2026-09-26T23:58:00.451Z,179046708045101
"The player ""Heech @ wzsls5Sz57"" stand up with the stack of 56.91.",2026-09-26T23:58:00.451Z,179046708045100
"""rowan @ GthBpPSqaK"" shows a 9♣.",2026-09-26T23:57:57.950Z,179046707795000
"-- ending hand #253 --",2026-09-26T23:57:56.765Z,179046707676502
"""rowan @ GthBpPSqaK"" collected 12.75 from pot",2026-09-26T23:57:56.765Z,179046707676501
"Uncalled bet of 9.56 returned to ""rowan @ GthBpPSqaK""",2026-09-26T23:57:56.765Z,179046707676500
"""Barbie's Men @ 1MAe7RP1K5"" folds",2026-09-26T23:57:55.908Z,179046707590800
"""rowan @ GthBpPSqaK"" bets 9.56",2026-09-26T23:57:45.486Z,179046706548600
"River: 9♦, 6♦, 9♥, 6♠ [4♠]",2026-09-26T23:57:40.758Z,179046706075800
"""JJJ @ iacG4hF18c"" folds",2026-09-26T23:57:39.944Z,179046705994400
"""Barbie's Men @ 1MAe7RP1K5"" calls 3.00",2026-09-26T23:57:37.254Z,179046705725400
"""rowan @ GthBpPSqaK"" bets 3.00",2026-09-26T23:57:35.532Z,179046705553200
"""JJJ @ iacG4hF18c"" checks",2026-09-26T23:57:31.683Z,179046705168300
"Turn: 9♦, 6♦, 9♥ [6♠]",2026-09-26T23:57:30.080Z,179046705008000
"""Barbie's Men @ 1MAe7RP1K5"" checks",2026-09-26T23:57:29.274Z,179046704927400
"""rowan @ GthBpPSqaK"" checks",2026-09-26T23:57:28.320Z,179046704832000
"""JJJ @ iacG4hF18c"" checks",2026-09-26T23:57:22.692Z,179046704269200
"Flop:  [9♦, 6♦, 9♥]",2026-09-26T23:57:20.273Z,179046704027300
"""JJJ @ iacG4hF18c"" calls 2.00",2026-09-26T23:57:19.463Z,179046703946300
"""Will @ h_ZrezeXHs"" folds",2026-09-26T23:57:17.322Z,179046703732200
"""Heech @ wzsls5Sz57"" folds",2026-09-26T23:57:16.274Z,179046703627400
"""Barbie's Men @ 1MAe7RP1K5"" calls 2.00",2026-09-26T23:57:14.140Z,179046703414000
"""dih @ GO72Iwd2XL"" folds",2026-09-26T23:57:13.244Z,179046703324400
"""rowan @ GthBpPSqaK"" raises to 2.00",2026-09-26T23:57:12.357Z,179046703235700
"""JJJ @ iacG4hF18c"" calls 0.50",2026-09-26T23:57:08.010Z,179046702801000
"""Will @ h_ZrezeXHs"" posts a big blind of 0.50",2026-09-26T23:56:55.249Z,179046701524909
"""Heech @ wzsls5Sz57"" posts a small blind of 0.25",2026-09-26T23:56:55.249Z,179046701524908
"Player stacks: #1 ""rowan @ GthBpPSqaK"" (252.44) | #2 ""dih @ GO72Iwd2XL"" (217.92) | #3 ""Barbie's Men @ 1MAe7RP1K5"" (159.69) | #4 ""Heech @ wzsls5Sz57"" (57.16) | #8 ""Will @ h_ZrezeXHs"" (95.79) | #10 ""JJJ @ iacG4hF18c"" (50.06)",2026-09-26T23:56:55.249Z,179046701524901
"-- starting hand #253 (id: xtlanen05wm7)  No Limit Texas Hold'em (dealer: ""Barbie's Men @ 1MAe7RP1K5"") --",2026-09-26T23:56:55.249Z,179046701524900
"""Barbie's Men @ 1MAe7RP1K5"" shows a 3♣.",2026-09-26T23:56:53.655Z,179046701365500
"""Barbie's Men @ 1MAe7RP1K5"" shows a 10♥.",2026-09-26T23:56:53.477Z,179046701347700
"-- ending hand #252 --",2026-09-26T23:56:51.590Z,179046701159002
"""Barbie's Men @ 1MAe7RP1K5"" collected 14.22 from pot",2026-09-26T23:56:51.590Z,179046701159001
"Uncalled bet of 2.50 returned to ""Barbie's Men @ 1MAe7RP1K5""",2026-09-26T23:56:51.590Z,179046701159000
"""Heech @ wzsls5Sz57"" folds",2026-09-26T23:56:50.666Z,179046701066600
"""Barbie's Men @ 1MAe7RP1K5"" bets 2.50",2026-09-26T23:56:43.930Z,179046700393000
"River: 3♦, 7♦, J♣, 10♦ [5♥]",2026-09-26T23:56:40.577Z,179046700057700
"""Heech @ wzsls5Sz57"" calls 6.36",2026-09-26T23:56:39.732Z,179046699973200
"""Barbie's Men @ 1MAe7RP1K5"" raises to 6.36",2026-09-26T23:56:37.941Z,179046699794100
"""JJJ @ iacG4hF18c"" folds",2026-09-26T23:56:34.874Z,179046699487400
"""Heech @ wzsls5Sz57"" bets 1.12",2026-09-26T23:56:33.028Z,179046699302800
"""Barbie's Men @ 1MAe7RP1K5"" checks",2026-09-26T23:56:30.379Z,179046699037900
"Turn: 3♦, 7♦, J♣ [10♦]",2026-09-26T23:56:30.169Z,179046699016900
"""JJJ @ iacG4hF18c"" checks",2026-09-26T23:56:29.300Z,179046698930000
"""Heech @ wzsls5Sz57"" checks",2026-09-26T23:56:27.855Z,179046698785500
"""Barbie's Men @ 1MAe7RP1K5"" checks",2026-09-26T23:56:25.082Z,179046698508200
"Flop:  [3♦, 7♦, J♣]",2026-09-26T23:56:23.955Z,179046698395500
"""Heech @ wzsls5Sz57"" checks",2026-09-26T23:56:23.041Z,179046698304100
"""Barbie's Men @ 1MAe7RP1K5"" calls 0.50",2026-09-26T23:56:21.684Z,179046698168400
"""dih @ GO72Iwd2XL"" folds",2026-09-26T23:56:20.786Z,179046698078600
"""rowan @ GthBpPSqaK"" folds",2026-09-26T23:56:19.861Z,179046697986100
"""JJJ @ iacG4hF18c"" calls 0.50",2026-09-26T23:56:18.993Z,179046697899300
"""Will @ h_ZrezeXHs"" folds",2026-09-26T23:56:09.233Z,179046696923300
"""Heech @ wzsls5Sz57"" posts a big blind of 0.50",2026-09-26T23:56:08.209Z,179046696820909
"""Barbie's Men @ 1MAe7RP1K5"" posts a small blind of 0.25",2026-09-26T23:56:08.209Z,179046696820908
"Player stacks: #1 ""rowan @ GthBpPSqaK"" (252.44) | #2 ""dih @ GO72Iwd2XL"" (217.92) | #3 ""Barbie's Men @ 1MAe7RP1K5"" (152.33) | #4 ""Heech @ wzsls5Sz57"" (64.02) | #8 ""Will @ h_ZrezeXHs"" (95.79) | #10 ""JJJ @ iacG4hF18c"" (50.56)",2026-09-26T23:56:08.209Z,179046696820901
"-- starting hand #252 (id: 1rcdat8rucdd)  No Limit Texas Hold'em (dealer: ""dih @ GO72Iwd2XL"") --",2026-09-26T23:56:08.209Z,179046696820900
"""rowan @ GthBpPSqaK"" shows a 8♠, 3♠.",2026-09-26T23:56:04.124Z,179046696412400
"""Heech @ wzsls5Sz57"" shows a 7♣, 6♣.",2026-09-26T23:56:02.584Z,179046696258400
"-- ending hand #251 --",2026-09-26T23:56:01.177Z,179046696117702
"""Barbie's Men @ 1MAe7RP1K5"" collected 42.00 from pot with Two Pair, 6's & 4's (combination: 10♥, 4♥, 4♣, 6♦, 6♥)",2026-09-26T23:56:01.177Z,179046696117701
"""Barbie's Men @ 1MAe7RP1K5"" shows a 6♦, 10♥.",2026-09-26T23:56:01.177Z,179046696117700
"""Heech @ wzsls5Sz57"" checks",2026-09-26T23:56:00.327Z,179046696032700
"""Barbie's Men @ 1MAe7RP1K5"" checks",2026-09-26T23:55:59.059Z,179046695905900
"River: 4♥, 4♣, 6♥, 5♠ [2♠]",2026-09-26T23:55:58.081Z,179046695808100
"""Barbie's Men @ 1MAe7RP1K5"" calls 10.50",2026-09-26T23:55:57.202Z,179046695720200
"""Heech @ wzsls5Sz57"" bets 10.50",2026-09-26T23:55:55.739Z,179046695573900
"""Barbie's Men @ 1MAe7RP1K5"" checks",2026-09-26T23:55:51.460Z,179046695146000
"Turn: 4♥, 4♣, 6♥ [5♠]",2026-09-26T23:55:50.274Z,179046695027400
"""Heech @ wzsls5Sz57"" calls 7.00",2026-09-26T23:55:49.364Z,179046694936400
"""Barbie's Men @ 1MAe7RP1K5"" raises to 7.00",2026-09-26T23:55:46.758Z,179046694675800
"""JJJ @ iacG4hF18c"" folds",2026-09-26T23:55:43.770Z,179046694377000
"""Heech @ wzsls5Sz57"" bets 3.50",2026-09-26T23:55:40.746Z,179046694074600
"""Barbie's Men @ 1MAe7RP1K5"" checks",2026-09-26T23:55:37.208Z,179046693720800
"Flop:  [4♥, 4♣, 6♥]",2026-09-26T23:55:31.863Z,179046693186300
"""Heech @ wzsls5Sz57"" calls 2.25",2026-09-26T23:55:30.946Z,179046693094600
"""Barbie's Men @ 1MAe7RP1K5"" calls 2.25",2026-09-26T23:55:29.052Z,179046692905200
"""dih @ GO72Iwd2XL"" folds",2026-09-26T23:55:27.585Z,179046692758500
"""rowan @ GthBpPSqaK"" folds",2026-09-26T23:55:26.724Z,179046692672400
"""JJJ @ iacG4hF18c"" raises to 2.25",2026-09-26T23:55:25.547Z,179046692554700
"""Will @ h_ZrezeXHs"" folds",2026-09-26T23:55:16.995Z,179046691699500
"""Heech @ wzsls5Sz57"" calls 0.50",2026-09-26T23:55:15.993Z,179046691599300
"""Barbie's Men @ 1MAe7RP1K5"" posts a big blind of 0.50",2026-09-26T23:55:12.335Z,179046691233509
"""dih @ GO72Iwd2XL"" posts a small blind of 0.25",2026-09-26T23:55:12.335Z,179046691233508
"Player stacks: #1 ""rowan @ GthBpPSqaK"" (252.44) | #2 ""dih @ GO72Iwd2XL"" (218.17) | #3 ""Barbie's Men @ 1MAe7RP1K5"" (130.08) | #4 ""Heech @ wzsls5Sz57"" (83.77) | #8 ""Will @ h_ZrezeXHs"" (95.79) | #10 ""JJJ @ iacG4hF18c"" (52.81)",2026-09-26T23:55:12.335Z,179046691233501
"-- starting hand #251 (id: 9opznkfecoff)  No Limit Texas Hold'em (dealer: ""rowan @ GthBpPSqaK"") --",2026-09-26T23:55:12.335Z,179046691233500
"-- ending hand #250 --",2026-09-26T23:55:06.410Z,179046690641002
"""dih @ GO72Iwd2XL"" collected 9.00 from pot",2026-09-26T23:55:06.410Z,179046690641001
"Uncalled bet of 6.75 returned to ""dih @ GO72Iwd2XL""",2026-09-26T23:55:06.410Z,179046690641000
"""rowan @ GthBpPSqaK"" folds",2026-09-26T23:55:05.568Z,179046690556800
"""Heech @ wzsls5Sz57"" folds",2026-09-26T23:55:04.673Z,179046690467300
"""Barbie's Men @ 1MAe7RP1K5"" folds",2026-09-26T23:55:03.767Z,179046690376700
"""dih @ GO72Iwd2XL"" bets 6.75",2026-09-26T23:55:02.777Z,179046690277700
"""rowan @ GthBpPSqaK"" checks",2026-09-26T23:54:59.387Z,179046689938700
"Turn: A♦, 7♦, 4♠ [3♦]",2026-09-26T23:54:57.971Z,179046689797100
"""Heech @ wzsls5Sz57"" checks",2026-09-26T23:54:57.162Z,179046689716200
"""Barbie's Men @ 1MAe7RP1K5"" checks",2026-09-26T23:54:55.406Z,179046689540600
"""dih @ GO72Iwd2XL"" checks",2026-09-26T23:54:54.492Z,179046689449200
"""rowan @ GthBpPSqaK"" checks",2026-09-26T23:54:44.142Z,179046688414200
"Flop:  [A♦, 7♦, 4♠]",2026-09-26T23:54:42.487Z,179046688248700
"""Barbie's Men @ 1MAe7RP1K5"" calls 2.25",2026-09-26T23:54:41.629Z,179046688162900
"""dih @ GO72Iwd2XL"" calls 2.25",2026-09-26T23:54:40.750Z,179046688075000
"""rowan @ GthBpPSqaK"" calls 2.25",2026-09-26T23:54:37.397Z,179046687739700
"""JJJ @ iacG4hF18c"" folds",2026-09-26T23:54:35.713Z,179046687571300
"""Will @ h_ZrezeXHs"" folds",2026-09-26T23:54:13.610Z,179046685361000
"""Heech @ wzsls5Sz57"" raises to 2.25",2026-09-26T23:54:12.707Z,179046685270700
"""Barbie's Men @ 1MAe7RP1K5"" calls 0.50",2026-09-26T23:54:07.973Z,179046684797300
"""dih @ GO72Iwd2XL"" posts a big blind of 0.50",2026-09-26T23:54:03.084Z,179046684308409
"""rowan @ GthBpPSqaK"" posts a small blind of 0.25",2026-09-26T23:54:03.084Z,179046684308408
"Player stacks: #1 ""rowan @ GthBpPSqaK"" (254.69) | #2 ""dih @ GO72Iwd2XL"" (211.42) | #3 ""Barbie's Men @ 1MAe7RP1K5"" (132.33) | #4 ""Heech @ wzsls5Sz57"" (86.02) | #8 ""Will @ h_ZrezeXHs"" (95.79) | #10 ""JJJ @ iacG4hF18c"" (52.81)",2026-09-26T23:54:03.084Z,179046684308401
"-- starting hand #250 (id: 5xtibot5jvig)  No Limit Texas Hold'em (dealer: ""JJJ @ iacG4hF18c"") --",2026-09-26T23:54:03.084Z,179046684308400
"""rowan @ GthBpPSqaK"" shows a Q♠, K♦.",2026-09-26T23:53:57.148Z,179046683714800
"-- ending hand #249 --",2026-09-26T23:53:56.463Z,179046683646302
"""dih @ GO72Iwd2XL"" collected 6.25 from pot",2026-09-26T23:53:56.463Z,179046683646301
"Uncalled bet of 6.25 returned to ""dih @ GO72Iwd2XL""",2026-09-26T23:53:56.463Z,179046683646300
"""rowan @ GthBpPSqaK"" folds",2026-09-26T23:53:55.647Z,179046683564700
"""Barbie's Men @ 1MAe7RP1K5"" folds",2026-09-26T23:53:54.742Z,179046683474200
"""dih @ GO72Iwd2XL"" bets 6.25",2026-09-26T23:53:53.807Z,179046683380700
"""rowan @ GthBpPSqaK"" checks",2026-09-26T23:53:50.969Z,179046683096900
"Turn: 2♣, J♠, 4♦ [7♥]",2026-09-26T23:53:50.501Z,179046683050100
"""Barbie's Men @ 1MAe7RP1K5"" checks",2026-09-26T23:53:49.691Z,179046682969100
"""dih @ GO72Iwd2XL"" checks",2026-09-26T23:53:48.727Z,179046682872700
"""rowan @ GthBpPSqaK"" checks",2026-09-26T23:53:47.442Z,179046682744200
"Flop:  [2♣, J♠, 4♦]",2026-09-26T23:53:46.858Z,179046682685800
"""rowan @ GthBpPSqaK"" calls 2.00",2026-09-26T23:53:46.026Z,179046682602600
"""JJJ @ iacG4hF18c"" folds",2026-09-26T23:53:45.119Z,179046682511900
"""Will @ h_ZrezeXHs"" folds",2026-09-26T23:53:42.783Z,179046682278300
"""Heech @ wzsls5Sz57"" folds",2026-09-26T23:53:41.797Z,179046682179700
"""Barbie's Men @ 1MAe7RP1K5"" calls 2.00",2026-09-26T23:53:40.312Z,179046682031200
"""dih @ GO72Iwd2XL"" raises to 2.00",2026-09-26T23:53:38.230Z,179046681823000
"""rowan @ GthBpPSqaK"" posts a big blind of 0.50",2026-09-26T23:53:34.851Z,179046681485109
"""JJJ @ iacG4hF18c"" posts a small blind of 0.25",2026-09-26T23:53:34.851Z,179046681485108
"Player stacks: #1 ""rowan @ GthBpPSqaK"" (256.69) | #2 ""dih @ GO72Iwd2XL"" (207.17) | #3 ""Barbie's Men @ 1MAe7RP1K5"" (134.33) | #4 ""Heech @ wzsls5Sz57"" (86.02) | #8 ""Will @ h_ZrezeXHs"" (95.79) | #10 ""JJJ @ iacG4hF18c"" (53.06)",2026-09-26T23:53:34.851Z,179046681485101
"-- starting hand #249 (id: eamic5jfxad5)  No Limit Texas Hold'em (dealer: ""Will @ h_ZrezeXHs"") --",2026-09-26T23:53:34.851Z,179046681485100
"-- ending hand #248 --",2026-09-26T23:53:28.786Z,179046680878602
"""rowan @ GthBpPSqaK"" collected 62.49 from pot with Flush, A High (combination: 4♥, 6♥, 7♥, K♥, A♥)",2026-09-26T23:53:28.786Z,179046680878601
"""rowan @ GthBpPSqaK"" shows a A♥, 7♥.",2026-09-26T23:53:28.786Z,179046680878600
"""JJJ @ iacG4hF18c"" calls 18.12",2026-09-26T23:53:27.938Z,179046680793800
"""rowan @ GthBpPSqaK"" bets 18.12",2026-09-26T23:53:26.818Z,179046680681800
"""JJJ @ iacG4hF18c"" checks",2026-09-26T23:53:17.681Z,179046679768100
"River: 10♣, 4♥, K♥, 2♦ [6♥]",2026-09-26T23:53:16.789Z,179046679678900
"""JJJ @ iacG4hF18c"" calls 6.00",2026-09-26T23:53:15.978Z,179046679597800
"""rowan @ GthBpPSqaK"" bets 6.00",2026-09-26T23:53:14.612Z,179046679461200
"""JJJ @ iacG4hF18c"" checks",2026-09-26T23:53:09.071Z,179046678907100
"Turn: 10♣, 4♥, K♥ [2♦]",2026-09-26T23:53:08.166Z,179046678816600
"""JJJ @ iacG4hF18c"" calls 3.00",2026-09-26T23:53:07.359Z,179046678735900
"""Will @ h_ZrezeXHs"" folds",2026-09-26T23:53:05.918Z,179046678591800
"""Barbie's Men @ 1MAe7RP1K5"" folds",2026-09-26T23:53:04.877Z,179046678487700
"""rowan @ GthBpPSqaK"" bets 3.00",2026-09-26T23:53:03.836Z,179046678383600
"""JJJ @ iacG4hF18c"" checks",2026-09-26T23:53:00.422Z,179046678042200
"""Will @ h_ZrezeXHs"" checks",2026-09-26T23:52:59.225Z,179046677922500
"Flop:  [10♣, 4♥, K♥]",2026-09-26T23:52:57.806Z,179046677780600
"""JJJ @ iacG4hF18c"" calls 2.00",2026-09-26T23:52:56.944Z,179046677694400
"""Will @ h_ZrezeXHs"" calls 2.00",2026-09-26T23:52:54.985Z,179046677498500
"""Heech @ wzsls5Sz57"" folds",2026-09-26T23:52:53.759Z,179046677375900
"""Barbie's Men @ 1MAe7RP1K5"" calls 2.00",2026-09-26T23:52:48.486Z,179046676848600
"""dih @ GO72Iwd2XL"" folds",2026-09-26T23:52:47.532Z,179046676753200
"""rowan @ GthBpPSqaK"" raises to 2.00",2026-09-26T23:52:46.557Z,179046676655700
"""Barbie's Men @ 1MAe7RP1K5"" posts a missed big blind of 0.50",2026-09-26T23:52:43.588Z,179046676358812
"""Barbie's Men @ 1MAe7RP1K5"" posts a missing small blind of 0.25",2026-09-26T23:52:43.588Z,179046676358811
"""JJJ @ iacG4hF18c"" posts a big blind of 0.50",2026-09-26T23:52:43.588Z,179046676358810
"""Will @ h_ZrezeXHs"" posts a small blind of 0.25",2026-09-26T23:52:43.588Z,179046676358809
"Player stacks: #1 ""rowan @ GthBpPSqaK"" (223.32) | #2 ""dih @ GO72Iwd2XL"" (207.17) | #3 ""Barbie's Men @ 1MAe7RP1K5"" (136.58) | #4 ""Heech @ wzsls5Sz57"" (86.02) | #8 ""Will @ h_ZrezeXHs"" (97.79) | #10 ""JJJ @ iacG4hF18c"" (82.18)",2026-09-26T23:52:43.588Z,179046676358802
"-- starting hand #248 (id: 3n0h5uqfa0wi)  No Limit Texas Hold'em (dealer: ""Heech @ wzsls5Sz57"") --",2026-09-26T23:52:43.588Z,179046676358801
"The player ""Barbie's Men @ 1MAe7RP1K5"" joined the game with a stack of 136.58.",2026-09-26T23:52:43.588Z,179046676358800
"""Will @ h_ZrezeXHs"" shows a 9♣, 8♣.",2026-09-26T23:52:40.738Z,179046676073800
"""Heech @ wzsls5Sz57"" shows a J♠.",2026-09-26T23:52:40.690Z,179046676069000
"""Heech @ wzsls5Sz57"" shows a Q♣.",2026-09-26T23:52:39.838Z,179046675983800
"-- ending hand #247 --",2026-09-26T23:52:39.277Z,179046675927702
"""Will @ h_ZrezeXHs"" collected 14.96 from pot",2026-09-26T23:52:39.277Z,179046675927701
"Uncalled bet of 16.26 returned to ""Will @ h_ZrezeXHs""",2026-09-26T23:52:39.277Z,179046675927700
"""Heech @ wzsls5Sz57"" folds",2026-09-26T23:52:38.428Z,179046675842800
"The player ""Barbie's Men @ 1MAe7RP1K5"" sit back with the stack of 136.58.",2026-09-26T23:52:23.611Z,179046674361100
"""Will @ h_ZrezeXHs"" raises to 20.00",2026-09-26T23:52:20.450Z,179046674045000
"""Heech @ wzsls5Sz57"" bets 3.74",2026-09-26T23:52:09.142Z,179046672914200
"River: 6♣, 10♦, Q♠, K♦ [4♥]",2026-09-26T23:52:05.550Z,179046672555000
"""Will @ h_ZrezeXHs"" calls 1.87",2026-09-26T23:52:04.700Z,179046672470000
"""Heech @ wzsls5Sz57"" bets 1.87",2026-09-26T23:52:01.046Z,179046672104600
"Turn: 6♣, 10♦, Q♠ [K♦]",2026-09-26T23:51:57.480Z,179046671748000
"""dih @ GO72Iwd2XL"" folds",2026-09-26T23:51:56.675Z,179046671667500
"""Will @ h_ZrezeXHs"" calls 1.12",2026-09-26T23:51:55.723Z,179046671572300
"""Heech @ wzsls5Sz57"" bets 1.12",2026-09-26T23:51:54.475Z,179046671447500
"Flop:  [6♣, 10♦, Q♠]",2026-09-26T23:51:47.190Z,179046670719000
"""Will @ h_ZrezeXHs"" checks",2026-09-26T23:51:46.356Z,179046670635600
"""Heech @ wzsls5Sz57"" calls 0.50",2026-09-26T23:51:40.899Z,179046670089900
"""dih @ GO72Iwd2XL"" calls 0.50",2026-09-26T23:51:38.618Z,179046669861800
"""rowan @ GthBpPSqaK"" folds",2026-09-26T23:51:36.229Z,179046669622900
"""JJJ @ iacG4hF18c"" folds",2026-09-26T23:51:35.341Z,179046669534100
"""Will @ h_ZrezeXHs"" posts a big blind of 0.50",2026-09-26T23:51:16.773Z,179046667677308
"""Heech @ wzsls5Sz57"" posts a small blind of 0.25",2026-09-26T23:51:16.773Z,179046667677307
"Player stacks: #1 ""rowan @ GthBpPSqaK"" (223.32) | #2 ""dih @ GO72Iwd2XL"" (207.67) | #4 ""Heech @ wzsls5Sz57"" (93.25) | #8 ""Will @ h_ZrezeXHs"" (90.06) | #10 ""JJJ @ iacG4hF18c"" (82.18)",2026-09-26T23:51:16.773Z,179046667677301
"-- starting hand #247 (id: 5u6lww4g25wa)  No Limit Texas Hold'em (dealer: ""dih @ GO72Iwd2XL"") --",2026-09-26T23:51:16.773Z,179046667677300
"""dih @ GO72Iwd2XL"" shows a Q♦, Q♠.",2026-09-26T23:51:12.394Z,179046667239400
"""rowan @ GthBpPSqaK"" shows a 4♣.",2026-09-26T23:51:11.311Z,179046667131100
"-- ending hand #246 --",2026-09-26T23:51:09.431Z,179046666943102
"""dih @ GO72Iwd2XL"" collected 3.50 from pot",2026-09-26T23:51:09.431Z,179046666943101
"Uncalled bet of 3.50 returned to ""dih @ GO72Iwd2XL""",2026-09-26T23:51:09.431Z,179046666943100
"""rowan @ GthBpPSqaK"" folds",2026-09-26T23:51:08.550Z,179046666855000
"""Heech @ wzsls5Sz57"" folds",2026-09-26T23:51:06.699Z,179046666669900
"""dih @ GO72Iwd2XL"" raises to 5.00",2026-09-26T23:51:05.104Z,179046666510400
"""rowan @ GthBpPSqaK"" raises to 1.50",2026-09-26T23:51:01.050Z,179046666105000
"""JJJ @ iacG4hF18c"" folds",2026-09-26T23:50:58.134Z,179046665813400
"""Will @ h_ZrezeXHs"" folds",2026-09-26T23:50:50.436Z,179046665043600
"""Heech @ wzsls5Sz57"" posts a big blind of 0.50",2026-09-26T23:50:49.278Z,179046664927808
"""dih @ GO72Iwd2XL"" posts a small blind of 0.25",2026-09-26T23:50:49.278Z,179046664927807
"Player stacks: #1 ""rowan @ GthBpPSqaK"" (224.82) | #2 ""dih @ GO72Iwd2XL"" (205.67) | #4 ""Heech @ wzsls5Sz57"" (93.75) | #8 ""Will @ h_ZrezeXHs"" (90.06) | #10 ""JJJ @ iacG4hF18c"" (82.18)",2026-09-26T23:50:49.278Z,179046664927801
"-- starting hand #246 (id: qm7k5arrech2)  No Limit Texas Hold'em (dealer: ""rowan @ GthBpPSqaK"") --",2026-09-26T23:50:49.278Z,179046664927800
"""rowan @ GthBpPSqaK"" shows a 3♦, 8♠.",2026-09-26T23:50:46.238Z,179046664623800
"-- ending hand #245 --",2026-09-26T23:50:42.674Z,179046664267402
"""dih @ GO72Iwd2XL"" collected 16.25 from pot",2026-09-26T23:50:42.674Z,179046664267401
"Uncalled bet of 9.62 returned to ""dih @ GO72Iwd2XL""",2026-09-26T23:50:42.674Z,179046664267400
"""Will @ h_ZrezeXHs"" folds",2026-09-26T23:50:41.814Z,179046664181400
"""dih @ GO72Iwd2XL"" bets 9.62",2026-09-26T23:50:40.281Z,179046664028100
"Flop:  [3♥, 6♠, 9♦]",2026-09-26T23:50:35.268Z,179046663526800
"""Will @ h_ZrezeXHs"" calls 8.00",2026-09-26T23:50:34.419Z,179046663441900
"""dih @ GO72Iwd2XL"" raises to 8.00",2026-09-26T23:50:32.874Z,179046663287400
"""rowan @ GthBpPSqaK"" folds",2026-09-26T23:50:26.693Z,179046662669300
"""JJJ @ iacG4hF18c"" folds",2026-09-26T23:50:25.826Z,179046662582600
"""Will @ h_ZrezeXHs"" raises to 2.50",2026-09-26T23:50:16.063Z,179046661606300
"""Heech @ wzsls5Sz57"" folds",2026-09-26T23:50:13.619Z,179046661361900
"""dih @ GO72Iwd2XL"" posts a big blind of 0.50",2026-09-26T23:50:11.643Z,179046661164308
"""rowan @ GthBpPSqaK"" posts a small blind of 0.25",2026-09-26T23:50:11.643Z,179046661164307
"Player stacks: #1 ""rowan @ GthBpPSqaK"" (225.07) | #2 ""dih @ GO72Iwd2XL"" (197.42) | #4 ""Heech @ wzsls5Sz57"" (93.75) | #8 ""Will @ h_ZrezeXHs"" (98.06) | #10 ""JJJ @ iacG4hF18c"" (82.18)",2026-09-26T23:50:11.643Z,179046661164301
"-- starting hand #245 (id: qmjtkmuvxafb)  No Limit Texas Hold'em (dealer: ""JJJ @ iacG4hF18c"") --",2026-09-26T23:50:11.643Z,179046661164300
"""dih @ GO72Iwd2XL"" shows a J♦, Q♦.",2026-09-26T23:50:08.040Z,179046660804000
"""rowan @ GthBpPSqaK"" shows a 3♣.",2026-09-26T23:50:06.655Z,179046660665500
"""rowan @ GthBpPSqaK"" shows a 2♦.",2026-09-26T23:50:06.235Z,179046660623500
"-- ending hand #244 --",2026-09-26T23:50:04.236Z,179046660423602
"""Will @ h_ZrezeXHs"" collected 8.00 from pot",2026-09-26T23:50:04.236Z,179046660423601
"Uncalled bet of 6.00 returned to ""Will @ h_ZrezeXHs""",2026-09-26T23:50:04.236Z,179046660423600
"""dih @ GO72Iwd2XL"" folds",2026-09-26T23:50:03.345Z,179046660334500
"""JJJ @ iacG4hF18c"" folds",2026-09-26T23:50:02.309Z,179046660230900
"""Will @ h_ZrezeXHs"" bets 6.00",2026-09-26T23:50:01.170Z,179046660117000
"""dih @ GO72Iwd2XL"" checks",2026-09-26T23:49:58.951Z,179046659895100
"""JJJ @ iacG4hF18c"" checks",2026-09-26T23:49:57.436Z,179046659743600
"Turn: K♣, 2♥, 6♥ [3♠]",2026-09-26T23:49:56.564Z,179046659656400
"""Will @ h_ZrezeXHs"" checks",2026-09-26T23:49:55.737Z,179046659573700
"""dih @ GO72Iwd2XL"" checks",2026-09-26T23:49:53.340Z,179046659334000
"""JJJ @ iacG4hF18c"" checks",2026-09-26T23:49:50.996Z,179046659099600
"Flop:  [K♣, 2♥, 6♥]",2026-09-26T23:49:49.599Z,179046658959900
"""rowan @ GthBpPSqaK"" folds",2026-09-26T23:49:48.792Z,179046658879200
"""JJJ @ iacG4hF18c"" calls 2.50",2026-09-26T23:49:47.866Z,179046658786600
"""Will @ h_ZrezeXHs"" calls 2.50",2026-09-26T23:49:41.023Z,179046658102300
"""Heech @ wzsls5Sz57"" folds",2026-09-26T23:49:39.350Z,179046657935000
"""dih @ GO72Iwd2XL"" raises to 2.50",2026-09-26T23:49:36.652Z,179046657665200
"""rowan @ GthBpPSqaK"" posts a big blind of 0.50",2026-09-26T23:49:32.945Z,179046657294508
"""JJJ @ iacG4hF18c"" posts a small blind of 0.25",2026-09-26T23:49:32.945Z,179046657294507
"Player stacks: #1 ""rowan @ GthBpPSqaK"" (225.57) | #2 ""dih @ GO72Iwd2XL"" (199.92) | #4 ""Heech @ wzsls5Sz57"" (93.75) | #8 ""Will @ h_ZrezeXHs"" (92.56) | #10 ""JJJ @ iacG4hF18c"" (84.68)",2026-09-26T23:49:32.945Z,179046657294501
"-- starting hand #244 (id: 7otyupo0uest)  No Limit Texas Hold'em (dealer: ""Will @ h_ZrezeXHs"") --",2026-09-26T23:49:32.945Z,179046657294500
"-- ending hand #243 --",2026-09-26T23:49:26.940Z,179046656694003
"""Heech @ wzsls5Sz57"" collected 1.50 from pot with Two Pair, A's & 7's (combination: K♦, 7♥, 7♦, A♦, A♥)",2026-09-26T23:49:26.940Z,179046656694002
"""Heech @ wzsls5Sz57"" shows a 7♥, 8♠.",2026-09-26T23:49:26.940Z,179046656694001
"""Will @ h_ZrezeXHs"" shows a 10♥, 5♥.",2026-09-26T23:49:26.940Z,179046656694000
"""Heech @ wzsls5Sz57"" checks",2026-09-26T23:49:26.033Z,179046656603300
"""JJJ @ iacG4hF18c"" folds",2026-09-26T23:49:25.167Z,179046656516700
"""Will @ h_ZrezeXHs"" checks",2026-09-26T23:49:24.213Z,179046656421300
"River: K♦, 7♦, 4♦, A♦ [A♥]",2026-09-26T23:49:22.738Z,179046656273800
"""Heech @ wzsls5Sz57"" checks",2026-09-26T23:49:21.790Z,179046656179000
"""JJJ @ iacG4hF18c"" checks",2026-09-26T23:49:20.817Z,179046656081700
"""Will @ h_ZrezeXHs"" checks",2026-09-26T23:49:19.787Z,179046655978700
"Turn: K♦, 7♦, 4♦ [A♦]",2026-09-26T23:49:18.137Z,179046655813700
"""Heech @ wzsls5Sz57"" checks",2026-09-26T23:49:17.318Z,179046655731800
"""JJJ @ iacG4hF18c"" checks",2026-09-26T23:49:16.010Z,179046655601000
"""Will @ h_ZrezeXHs"" checks",2026-09-26T23:49:15.136Z,179046655513600
"Flop:  [K♦, 7♦, 4♦]",2026-09-26T23:49:13.906Z,179046655390600
"""JJJ @ iacG4hF18c"" checks",2026-09-26T23:49:12.983Z,179046655298300
"""Will @ h_ZrezeXHs"" calls 0.50",2026-09-26T23:49:11.337Z,179046655133700
"""Heech @ wzsls5Sz57"" calls 0.50",2026-09-26T23:49:09.961Z,179046654996100
"""dih @ GO72Iwd2XL"" folds",2026-09-26T23:49:08.245Z,179046654824500
"""rowan @ GthBpPSqaK"" folds",2026-09-26T23:49:06.749Z,179046654674900
"""JJJ @ iacG4hF18c"" posts a big blind of 0.50",2026-09-26T23:49:05.102Z,179046654510208
"""Will @ h_ZrezeXHs"" posts a small blind of 0.25",2026-09-26T23:49:05.102Z,179046654510207
"Player stacks: #1 ""rowan @ GthBpPSqaK"" (225.57) | #2 ""dih @ GO72Iwd2XL"" (199.92) | #4 ""Heech @ wzsls5Sz57"" (92.75) | #8 ""Will @ h_ZrezeXHs"" (93.06) | #10 ""JJJ @ iacG4hF18c"" (85.18)",2026-09-26T23:49:05.102Z,179046654510201
"-- starting hand #243 (id: 5ieoveskwkuf)  No Limit Texas Hold'em (dealer: ""Heech @ wzsls5Sz57"") --",2026-09-26T23:49:05.102Z,179046654510200
"""JJJ @ iacG4hF18c"" collected 4.00 from the 7-2 bounty",2026-09-26T23:49:02.129Z,179046654212904
"""Heech @ wzsls5Sz57"" paid 1.00 for the 7-2 bounty to ""JJJ @ iacG4hF18c""",2026-09-26T23:49:02.129Z,179046654212903
"""Will @ h_ZrezeXHs"" paid 1.00 for the 7-2 bounty to ""JJJ @ iacG4hF18c""",2026-09-26T23:49:02.129Z,179046654212902
"""dih @ GO72Iwd2XL"" paid 1.00 for the 7-2 bounty to ""JJJ @ iacG4hF18c""",2026-09-26T23:49:02.129Z,179046654212901
"""rowan @ GthBpPSqaK"" paid 1.00 for the 7-2 bounty to ""JJJ @ iacG4hF18c""",2026-09-26T23:49:02.129Z,179046654212900
"""rowan @ GthBpPSqaK"" shows a 5♦, 2♠.",2026-09-26T23:48:58.346Z,179046653834600
"""JJJ @ iacG4hF18c"" shows a 7♥, 2♣.",2026-09-26T23:48:55.100Z,179046653510000
"-- ending hand #242 --",2026-09-26T23:48:54.723Z,179046653472302
"""JJJ @ iacG4hF18c"" collected 1.25 from pot",2026-09-26T23:48:54.723Z,179046653472301
"Uncalled bet of 2.25 returned to ""JJJ @ iacG4hF18c""",2026-09-26T23:48:54.723Z,179046653472300
"""Will @ h_ZrezeXHs"" folds",2026-09-26T23:48:53.907Z,179046653390700
"""Heech @ wzsls5Sz57"" folds",2026-09-26T23:48:52.990Z,179046653299000
"""dih @ GO72Iwd2XL"" folds",2026-09-26T23:48:51.791Z,179046653179100
"""rowan @ GthBpPSqaK"" folds",2026-09-26T23:48:50.877Z,179046653087700
"""JJJ @ iacG4hF18c"" raises to 2.75",2026-09-26T23:48:49.922Z,179046652992200
"""Will @ h_ZrezeXHs"" posts a big blind of 0.50",2026-09-26T23:48:44.771Z,179046652477108
"""Heech @ wzsls5Sz57"" posts a small blind of 0.25",2026-09-26T23:48:44.771Z,179046652477107
"Player stacks: #1 ""rowan @ GthBpPSqaK"" (226.57) | #2 ""dih @ GO72Iwd2XL"" (200.92) | #4 ""Heech @ wzsls5Sz57"" (94.00) | #8 ""Will @ h_ZrezeXHs"" (94.56) | #10 ""JJJ @ iacG4hF18c"" (80.43)",2026-09-26T23:48:44.771Z,179046652477101
"-- starting hand #242 (id: 7v9gw6d5owwl)  No Limit Texas Hold'em (dealer: ""dih @ GO72Iwd2XL"") --",2026-09-26T23:48:44.771Z,179046652477100
"""dih @ GO72Iwd2XL"" shows a J♦, 10♣.",2026-09-26T23:48:40.766Z,179046652076600
"""JJJ @ iacG4hF18c"" shows a 8♣, 9♦.",2026-09-26T23:48:39.202Z,179046651920200
"-- ending hand #241 --",2026-09-26T23:48:37.468Z,179046651746802
"""dih @ GO72Iwd2XL"" collected 7.50 from pot",2026-09-26T23:48:37.468Z,179046651746801
"Uncalled bet of 7.50 returned to ""dih @ GO72Iwd2XL""",2026-09-26T23:48:37.468Z,179046651746800
"""JJJ @ iacG4hF18c"" folds",2026-09-26T23:48:36.579Z,179046651657900
"""Heech @ wzsls5Sz57"" folds",2026-09-26T23:48:35.502Z,179046651550200
"""dih @ GO72Iwd2XL"" bets 7.50",2026-09-26T23:48:33.083Z,179046651308300
"Flop:  [3♠, 10♠, J♠]",2026-09-26T23:48:29.263Z,179046650926300
"""JJJ @ iacG4hF18c"" calls 2.50",2026-09-26T23:48:28.452Z,179046650845200
"""Heech @ wzsls5Sz57"" calls 2.50",2026-09-26T23:48:26.921Z,179046650692100
"""dih @ GO72Iwd2XL"" raises to 2.50",2026-09-26T23:48:16.060Z,179046649606000
"""rowan @ GthBpPSqaK"" folds",2026-09-26T23:48:12.090Z,179046649209000
"""JJJ @ iacG4hF18c"" calls 0.50",2026-09-26T23:48:11.142Z,179046649114200
"""Will @ h_ZrezeXHs"" folds",2026-09-26T23:48:06.454Z,179046648645400
"""Heech @ wzsls5Sz57"" posts a big blind of 0.50",2026-09-26T23:48:04.637Z,179046648463708
"""dih @ GO72Iwd2XL"" posts a small blind of 0.25",2026-09-26T23:48:04.637Z,179046648463707
"Player stacks: #1 ""rowan @ GthBpPSqaK"" (226.57) | #2 ""dih @ GO72Iwd2XL"" (195.92) | #4 ""Heech @ wzsls5Sz57"" (96.50) | #8 ""Will @ h_ZrezeXHs"" (94.56) | #10 ""JJJ @ iacG4hF18c"" (82.93)",2026-09-26T23:48:04.637Z,179046648463701
"-- starting hand #241 (id: uy2inh3wckli)  No Limit Texas Hold'em (dealer: ""rowan @ GthBpPSqaK"") --",2026-09-26T23:48:04.637Z,179046648463700
"-- ending hand #240 --",2026-09-26T23:47:58.575Z,179046647857503
"""Heech @ wzsls5Sz57"" collected 65.00 from pot with Two Pair, Q's & J's (combination: 7♦, J♠, J♣, Q♠, Q♥)",2026-09-26T23:47:58.575Z,179046647857502
"""Heech @ wzsls5Sz57"" shows a Q♠, J♠.",2026-09-26T23:47:58.575Z,179046647857501
"""JJJ @ iacG4hF18c"" shows a 10♥, Q♦.",2026-09-26T23:47:58.575Z,179046647857500
"""Heech @ wzsls5Sz57"" calls 19.50",2026-09-26T23:47:57.750Z,179046647775000
"""dih @ GO72Iwd2XL"" folds",2026-09-26T23:47:56.771Z,179046647677100
"""JJJ @ iacG4hF18c"" bets 19.50",2026-09-26T23:47:55.572Z,179046647557200
"""Heech @ wzsls5Sz57"" checks",2026-09-26T23:47:52.002Z,179046647200200
"""dih @ GO72Iwd2XL"" checks",2026-09-26T23:47:49.232Z,179046646923200
"River: 3♥, 6♠, Q♥, 7♦ [J♣]",2026-09-26T23:47:46.766Z,179046646676600
"""Heech @ wzsls5Sz57"" calls 6.00",2026-09-26T23:47:45.945Z,179046646594500
"""dih @ GO72Iwd2XL"" calls 6.00",2026-09-26T23:47:43.803Z,179046646380300
"""JJJ @ iacG4hF18c"" bets 6.00",2026-09-26T23:47:40.415Z,179046646041500
"""Heech @ wzsls5Sz57"" checks",2026-09-26T23:47:31.405Z,179046645140500
"""dih @ GO72Iwd2XL"" checks",2026-09-26T23:47:26.401Z,179046644640100
"Turn: 3♥, 6♠, Q♥ [7♦]",2026-09-26T23:47:24.950Z,179046644495000
"""dih @ GO72Iwd2XL"" calls 2.00",2026-09-26T23:47:24.096Z,179046644409600
"""rowan @ GthBpPSqaK"" folds",2026-09-26T23:47:22.788Z,179046644278800
"""JJJ @ iacG4hF18c"" calls 2.00",2026-09-26T23:47:21.897Z,179046644189700
"""Heech @ wzsls5Sz57"" bets 2.00",2026-09-26T23:47:17.442Z,179046643744200
"""dih @ GO72Iwd2XL"" checks",2026-09-26T23:47:15.213Z,179046643521300
"""rowan @ GthBpPSqaK"" checks",2026-09-26T23:47:13.281Z,179046643328100
"Flop:  [3♥, 6♠, Q♥]",2026-09-26T23:47:12.189Z,179046643218900
"""dih @ GO72Iwd2XL"" checks",2026-09-26T23:47:11.369Z,179046643136900
"""rowan @ GthBpPSqaK"" calls 0.50",2026-09-26T23:47:09.906Z,179046642990600
"""JJJ @ iacG4hF18c"" calls 0.50",2026-09-26T23:47:07.184Z,179046642718400
"""Will @ h_ZrezeXHs"" folds",2026-09-26T23:47:04.850Z,179046642485000
"""Heech @ wzsls5Sz57"" calls 0.50",2026-09-26T23:47:03.857Z,179046642385700
"""dih @ GO72Iwd2XL"" posts a big blind of 0.50",2026-09-26T23:47:00.707Z,179046642070708
"""rowan @ GthBpPSqaK"" posts a small blind of 0.25",2026-09-26T23:47:00.707Z,179046642070707
"Player stacks: #1 ""rowan @ GthBpPSqaK"" (227.07) | #2 ""dih @ GO72Iwd2XL"" (204.42) | #4 ""Heech @ wzsls5Sz57"" (59.50) | #8 ""Will @ h_ZrezeXHs"" (94.56) | #10 ""JJJ @ iacG4hF18c"" (110.93)",2026-09-26T23:47:00.707Z,179046642070701
"-- starting hand #240 (id: dqhcnbe93ia6)  No Limit Texas Hold'em (dealer: ""JJJ @ iacG4hF18c"") --",2026-09-26T23:47:00.707Z,179046642070700
"""rowan @ GthBpPSqaK"" shows a 6♣, 4♣.",2026-09-26T23:46:57.124Z,179046641712400
"""dih @ GO72Iwd2XL"" shows a 2♦, 9♣.",2026-09-26T23:46:55.670Z,179046641567000
"-- ending hand #239 --",2026-09-26T23:46:53.370Z,179046641337002
"""JJJ @ iacG4hF18c"" collected 10.00 from pot",2026-09-26T23:46:53.370Z,179046641337001
"Uncalled bet of 7.50 returned to ""JJJ @ iacG4hF18c""",2026-09-26T23:46:53.370Z,179046641337000
"""Will @ h_ZrezeXHs"" folds",2026-09-26T23:46:52.560Z,179046641256000
"""Heech @ wzsls5Sz57"" folds",2026-09-26T23:46:51.404Z,179046641140400
"""rowan @ GthBpPSqaK"" folds",2026-09-26T23:46:49.999Z,179046640999900
"""JJJ @ iacG4hF18c"" bets 7.50",2026-09-26T23:46:48.895Z,179046640889500
"Turn: 5♦, Q♣, 2♥ [9♦]",2026-09-26T23:46:43.190Z,179046640319000
"""Will @ h_ZrezeXHs"" checks",2026-09-26T23:46:42.364Z,179046640236400
"""Heech @ wzsls5Sz57"" checks",2026-09-26T23:46:40.616Z,179046640061600
"""rowan @ GthBpPSqaK"" checks",2026-09-26T23:46:38.154Z,179046639815400
"""JJJ @ iacG4hF18c"" checks",2026-09-26T23:46:37.116Z,179046639711600
"Flop:  [5♦, Q♣, 2♥]",2026-09-26T23:46:34.687Z,179046639468700
"""rowan @ GthBpPSqaK"" calls 2.50",2026-09-26T23:46:33.795Z,179046639379500
"""JJJ @ iacG4hF18c"" calls 2.50",2026-09-26T23:46:32.946Z,179046639294600
"""Will @ h_ZrezeXHs"" calls 2.50",2026-09-26T23:46:31.445Z,179046639144500
"""Heech @ wzsls5Sz57"" raises to 2.50",2026-09-26T23:46:30.226Z,179046639022600
"""dih @ GO72Iwd2XL"" folds",2026-09-26T23:46:27.181Z,179046638718100
"""rowan @ GthBpPSqaK"" posts a big blind of 0.50",2026-09-26T23:46:25.378Z,179046638537808
"""JJJ @ iacG4hF18c"" posts a small blind of 0.25",2026-09-26T23:46:25.378Z,179046638537807
"Player stacks: #1 ""rowan @ GthBpPSqaK"" (229.57) | #2 ""dih @ GO72Iwd2XL"" (204.42) | #4 ""Heech @ wzsls5Sz57"" (62.00) | #8 ""Will @ h_ZrezeXHs"" (97.06) | #10 ""JJJ @ iacG4hF18c"" (103.43)",2026-09-26T23:46:25.378Z,179046638537801
"-- starting hand #239 (id: hzspzrlkd129)  No Limit Texas Hold'em (dealer: ""Will @ h_ZrezeXHs"") --",2026-09-26T23:46:25.378Z,179046638537800
"""JJJ @ iacG4hF18c"" collected 4.00 from the 7-2 bounty",2026-09-26T23:46:22.460Z,179046638246004
"""Heech @ wzsls5Sz57"" paid 1.00 for the 7-2 bounty to ""JJJ @ iacG4hF18c""",2026-09-26T23:46:22.460Z,179046638246003
"""Will @ h_ZrezeXHs"" paid 1.00 for the 7-2 bounty to ""JJJ @ iacG4hF18c""",2026-09-26T23:46:22.460Z,179046638246002
"""dih @ GO72Iwd2XL"" paid 1.00 for the 7-2 bounty to ""JJJ @ iacG4hF18c""",2026-09-26T23:46:22.460Z,179046638246001
"""rowan @ GthBpPSqaK"" paid 1.00 for the 7-2 bounty to ""JJJ @ iacG4hF18c""",2026-09-26T23:46:22.460Z,179046638246000
"""dih @ GO72Iwd2XL"" shows a K♦.",2026-09-26T23:46:20.895Z,179046638089500
"""Heech @ wzsls5Sz57"" shows a 6♠, 4♠.",2026-09-26T23:46:16.664Z,179046637666400
"""JJJ @ iacG4hF18c"" shows a 7♥, 2♦.",2026-09-26T23:46:15.403Z,179046637540300
"""rowan @ GthBpPSqaK"" shows a A♠, 8♠.",2026-09-26T23:46:14.925Z,179046637492500
"-- ending hand #238 --",2026-09-26T23:46:13.750Z,179046637375002
"""JJJ @ iacG4hF18c"" collected 6.25 from pot",2026-09-26T23:46:13.750Z,179046637375001
"Uncalled bet of 4.68 returned to ""JJJ @ iacG4hF18c""",2026-09-26T23:46:13.750Z,179046637375000
"""dih @ GO72Iwd2XL"" folds",2026-09-26T23:46:12.931Z,179046637293100
"""rowan @ GthBpPSqaK"" folds",2026-09-26T23:46:09.290Z,179046636929000
"""JJJ @ iacG4hF18c"" bets 4.68",2026-09-26T23:46:08.259Z,179046636825900
"Flop:  [J♦, 9♥, 6♦]",2026-09-26T23:45:56.816Z,179046635681600
"""JJJ @ iacG4hF18c"" calls 2.00",2026-09-26T23:45:55.992Z,179046635599200
"""Will @ h_ZrezeXHs"" folds",2026-09-26T23:45:54.502Z,179046635450200
"""Heech @ wzsls5Sz57"" folds",2026-09-26T23:45:53.507Z,179046635350700
"""dih @ GO72Iwd2XL"" calls 2.00",2026-09-26T23:45:52.625Z,179046635262500
"""rowan @ GthBpPSqaK"" raises to 2.00",2026-09-26T23:45:51.589Z,179046635158900
"""JJJ @ iacG4hF18c"" posts a big blind of 0.50",2026-09-26T23:45:49.204Z,179046634920408
"""Will @ h_ZrezeXHs"" posts a small blind of 0.25",2026-09-26T23:45:49.204Z,179046634920407
"Player stacks: #1 ""rowan @ GthBpPSqaK"" (232.57) | #2 ""dih @ GO72Iwd2XL"" (207.42) | #4 ""Heech @ wzsls5Sz57"" (63.00) | #8 ""Will @ h_ZrezeXHs"" (98.31) | #10 ""JJJ @ iacG4hF18c"" (95.18)",2026-09-26T23:45:49.204Z,179046634920401
"-- starting hand #238 (id: avibsidcpiu8)  No Limit Texas Hold'em (dealer: ""Heech @ wzsls5Sz57"") --",2026-09-26T23:45:49.204Z,179046634920400
"-- ending hand #237 --",2026-09-26T23:45:43.202Z,179046634320202
"""Will @ h_ZrezeXHs"" collected 1.00 from pot",2026-09-26T23:45:43.202Z,179046634320201
"Uncalled bet of 2.50 returned to ""Will @ h_ZrezeXHs""",2026-09-26T23:45:43.202Z,179046634320200
"""Heech @ wzsls5Sz57"" folds",2026-09-26T23:45:42.298Z,179046634229800
"""Will @ h_ZrezeXHs"" raises to 3.00",2026-09-26T23:45:40.834Z,179046634083400
"""Heech @ wzsls5Sz57"" calls 0.50",2026-09-26T23:45:38.490Z,179046633849000
"""dih @ GO72Iwd2XL"" folds",2026-09-26T23:45:37.538Z,179046633753800
"""rowan @ GthBpPSqaK"" folds",2026-09-26T23:45:36.498Z,179046633649800
"""JJJ @ iacG4hF18c"" folds",2026-09-26T23:45:35.617Z,179046633561700
"""Will @ h_ZrezeXHs"" posts a big blind of 0.50",2026-09-26T23:45:33.999Z,179046633399908
"""Heech @ wzsls5Sz57"" posts a small blind of 0.25",2026-09-26T23:45:33.999Z,179046633399907
"Player stacks: #1 ""rowan @ GthBpPSqaK"" (232.57) | #2 ""dih @ GO72Iwd2XL"" (207.42) | #4 ""Heech @ wzsls5Sz57"" (63.50) | #8 ""Will @ h_ZrezeXHs"" (97.81) | #10 ""JJJ @ iacG4hF18c"" (95.18)",2026-09-26T23:45:33.999Z,179046633399901
"-- starting hand #237 (id: 5tzmwos6hfuk)  No Limit Texas Hold'em (dealer: ""dih @ GO72Iwd2XL"") --",2026-09-26T23:45:33.999Z,179046633399900
"""dih @ GO72Iwd2XL"" shows a 8♠.",2026-09-26T23:45:29.116Z,179046632911600
"-- ending hand #236 --",2026-09-26T23:45:27.451Z,179046632745103
"""Will @ h_ZrezeXHs"" collected 10.25 from pot with Two Pair, 10's & 8's (combination: 7♥, 8♦, 8♥, 10♣, 10♥)",2026-09-26T23:45:27.451Z,179046632745102
"""Will @ h_ZrezeXHs"" shows a 10♣, 7♣.",2026-09-26T23:45:27.451Z,179046632745101
"""Heech @ wzsls5Sz57"" shows a Q♣, J♠.",2026-09-26T23:45:27.451Z,179046632745100
"""rowan @ GthBpPSqaK"" checks",2026-09-26T23:45:26.631Z,179046632663100
"""JJJ @ iacG4hF18c"" checks",2026-09-26T23:45:25.746Z,179046632574600
"""Will @ h_ZrezeXHs"" checks",2026-09-26T23:45:24.289Z,179046632428900
"""Heech @ wzsls5Sz57"" checks",2026-09-26T23:45:23.226Z,179046632322600
"River: 10♥, 7♥, 8♦, 8♥ [4♣]",2026-09-26T23:45:21.057Z,179046632105700
"""rowan @ GthBpPSqaK"" checks",2026-09-26T23:45:20.241Z,179046632024100
"""JJJ @ iacG4hF18c"" checks",2026-09-26T23:45:19.272Z,179046631927200
"""Will @ h_ZrezeXHs"" checks",2026-09-26T23:45:18.382Z,179046631838200
"""Heech @ wzsls5Sz57"" checks",2026-09-26T23:45:15.656Z,179046631565600
"Turn: 10♥, 7♥, 8♦ [8♥]",2026-09-26T23:45:14.240Z,179046631424000
"""rowan @ GthBpPSqaK"" checks",2026-09-26T23:45:13.422Z,179046631342200
"""JJJ @ iacG4hF18c"" checks",2026-09-26T23:45:12.516Z,179046631251600
"""Will @ h_ZrezeXHs"" checks",2026-09-26T23:45:08.992Z,179046630899200
"""Heech @ wzsls5Sz57"" checks",2026-09-26T23:45:07.155Z,179046630715500
"Flop:  [10♥, 7♥, 8♦]",2026-09-26T23:45:02.807Z,179046630280700
"""Heech @ wzsls5Sz57"" calls 2.50",2026-09-26T23:45:01.959Z,179046630195900
"""dih @ GO72Iwd2XL"" folds",2026-09-26T23:45:00.685Z,179046630068500
"""rowan @ GthBpPSqaK"" calls 2.50",2026-09-26T23:44:59.784Z,179046629978400
"""JJJ @ iacG4hF18c"" calls 2.50",2026-09-26T23:44:56.641Z,179046629664100
"""Will @ h_ZrezeXHs"" raises to 2.50",2026-09-26T23:44:55.127Z,179046629512700
"""Heech @ wzsls5Sz57"" posts a big blind of 0.50",2026-09-26T23:44:52.684Z,179046629268408
"""dih @ GO72Iwd2XL"" posts a small blind of 0.25",2026-09-26T23:44:52.684Z,179046629268407
"Player stacks: #1 ""rowan @ GthBpPSqaK"" (235.07) | #2 ""dih @ GO72Iwd2XL"" (207.67) | #4 ""Heech @ wzsls5Sz57"" (66.00) | #8 ""Will @ h_ZrezeXHs"" (90.06) | #10 ""JJJ @ iacG4hF18c"" (97.68)",2026-09-26T23:44:52.684Z,179046629268401
"-- starting hand #236 (id: ykmytvms4vxi)  No Limit Texas Hold'em (dealer: ""rowan @ GthBpPSqaK"") --",2026-09-26T23:44:52.684Z,179046629268400
"-- ending hand #235 --",2026-09-26T23:44:49.705Z,179046628970502
"""dih @ GO72Iwd2XL"" collected 31.75 from pot",2026-09-26T23:44:49.705Z,179046628970501
"Uncalled bet of 45.00 returned to ""dih @ GO72Iwd2XL""",2026-09-26T23:44:49.705Z,179046628970500
"""JJJ @ iacG4hF18c"" folds",2026-09-26T23:44:48.887Z,179046628888700
"""Will @ h_ZrezeXHs"" folds",2026-09-26T23:44:44.076Z,179046628407600
"""dih @ GO72Iwd2XL"" bets 45.00",2026-09-26T23:44:42.884Z,179046628288400
"River: 5♦, 6♦, 4♣, 8♣ [2♥]",2026-09-26T23:44:33.698Z,179046627369800
"""JJJ @ iacG4hF18c"" checks",2026-09-26T23:44:32.856Z,179046627285600
"""Will @ h_ZrezeXHs"" checks",2026-09-26T23:44:27.122Z,179046626712200
"""dih @ GO72Iwd2XL"" checks",2026-09-26T23:44:24.971Z,179046626497100
"Turn: 5♦, 6♦, 4♣ [8♣]",2026-09-26T23:44:21.490Z,179046626149000
"""Heech @ wzsls5Sz57"" folds",2026-09-26T23:44:20.671Z,179046626067100
"""dih @ GO72Iwd2XL"" calls 6.50",2026-09-26T23:44:19.603Z,179046625960300
"""JJJ @ iacG4hF18c"" calls 6.50",2026-09-26T23:44:16.843Z,179046625684300
"""Will @ h_ZrezeXHs"" bets 6.50",2026-09-26T23:43:38.127Z,179046621812700
"""Heech @ wzsls5Sz57"" checks",2026-09-26T23:43:29.503Z,179046620950300
"""dih @ GO72Iwd2XL"" checks",2026-09-26T23:43:28.149Z,179046620814900
"Flop:  [5♦, 6♦, 4♣]",2026-09-26T23:43:25.706Z,179046620570600
"""Heech @ wzsls5Sz57"" calls 3.00",2026-09-26T23:43:24.882Z,179046620488200
"""dih @ GO72Iwd2XL"" calls 3.00",2026-09-26T23:43:23.299Z,179046620329900
"""rowan @ GthBpPSqaK"" folds",2026-09-26T23:43:18.812Z,179046619881200
"""JJJ @ iacG4hF18c"" calls 3.00",2026-09-26T23:43:17.966Z,179046619796600
"""Will @ h_ZrezeXHs"" raises to 3.00",2026-09-26T23:43:09.848Z,179046618984800
"""Heech @ wzsls5Sz57"" calls 0.50",2026-09-26T23:43:07.196Z,179046618719600
"""dih @ GO72Iwd2XL"" posts a big blind of 0.50",2026-09-26T23:43:05.619Z,179046618561908
"""rowan @ GthBpPSqaK"" posts a small blind of 0.25",2026-09-26T23:43:05.619Z,179046618561907
"Player stacks: #1 ""rowan @ GthBpPSqaK"" (235.32) | #2 ""dih @ GO72Iwd2XL"" (185.42) | #4 ""Heech @ wzsls5Sz57"" (69.00) | #8 ""Will @ h_ZrezeXHs"" (99.56) | #10 ""JJJ @ iacG4hF18c"" (107.18)",2026-09-26T23:43:05.619Z,179046618561901
"-- starting hand #235 (id: wrjctec0cmgc)  No Limit Texas Hold'em (dealer: ""JJJ @ iacG4hF18c"") --",2026-09-26T23:43:05.619Z,179046618561900
"""JJJ @ iacG4hF18c"" shows a 6♦, 7♦.",2026-09-26T23:43:02.746Z,179046618274600
"-- ending hand #234 --",2026-09-26T23:42:59.076Z,179046617907603
"""Heech @ wzsls5Sz57"" collected 49.00 from pot with Three of a Kind, K's (combination: 5♣, 8♦, K♦, K♥, K♠)",2026-09-26T23:42:59.076Z,179046617907602
"""Heech @ wzsls5Sz57"" shows a 8♦, K♦.",2026-09-26T23:42:59.076Z,179046617907601
"""dih @ GO72Iwd2XL"" shows a 6♣, Q♣.",2026-09-26T23:42:59.076Z,179046617907600
"""Heech @ wzsls5Sz57"" calls 12.00",2026-09-26T23:42:58.245Z,179046617824500
"""dih @ GO72Iwd2XL"" bets 12.00",2026-09-26T23:42:55.765Z,179046617576500
"River: 3♠, 5♣, K♥, 4♥ [K♠]",2026-09-26T23:42:46.360Z,179046616636000
"""Heech @ wzsls5Sz57"" checks",2026-09-26T23:42:45.509Z,179046616550900
"""dih @ GO72Iwd2XL"" checks",2026-09-26T23:42:43.232Z,179046616323200
"Turn: 3♠, 5♣, K♥ [4♥]",2026-09-26T23:42:33.389Z,179046615338900
"""JJJ @ iacG4hF18c"" folds",2026-09-26T23:42:32.580Z,179046615258000
"""Heech @ wzsls5Sz57"" calls 7.50",2026-09-26T23:42:26.231Z,179046614623100
"""dih @ GO72Iwd2XL"" bets 7.50",2026-09-26T23:42:23.672Z,179046614367200
"""rowan @ GthBpPSqaK"" folds",2026-09-26T23:42:19.480Z,179046613948000
"""JJJ @ iacG4hF18c"" checks",2026-09-26T23:42:18.617Z,179046613861700
"Flop:  [3♠, 5♣, K♥]",2026-09-26T23:42:16.541Z,179046613654100
"""rowan @ GthBpPSqaK"" calls 2.50",2026-09-26T23:42:15.736Z,179046613573600
"""JJJ @ iacG4hF18c"" calls 2.50",2026-09-26T23:42:14.573Z,179046613457300
"""Will @ h_ZrezeXHs"" folds",2026-09-26T23:42:06.554Z,179046612655400
"""Heech @ wzsls5Sz57"" calls 2.50",2026-09-26T23:42:05.543Z,179046612554300
"""dih @ GO72Iwd2XL"" raises to 2.50",2026-09-26T23:42:01.449Z,179046612144900
"""rowan @ GthBpPSqaK"" posts a big blind of 0.50",2026-09-26T23:41:57.857Z,179046611785708
"""JJJ @ iacG4hF18c"" posts a small blind of 0.25",2026-09-26T23:41:57.857Z,179046611785707
"Player stacks: #1 ""rowan @ GthBpPSqaK"" (237.82) | #2 ""dih @ GO72Iwd2XL"" (207.42) | #4 ""Heech @ wzsls5Sz57"" (42.00) | #8 ""Will @ h_ZrezeXHs"" (99.56) | #10 ""JJJ @ iacG4hF18c"" (109.68)",2026-09-26T23:41:57.857Z,179046611785701
"-- starting hand #234 (id: yqo4xvi7jy8a)  No Limit Texas Hold'em (dealer: ""Will @ h_ZrezeXHs"") --",2026-09-26T23:41:57.857Z,179046611785700
"-- ending hand #233 --",2026-09-26T23:41:51.848Z,179046611184803
"""Heech @ wzsls5Sz57"" collected 12.75 from pot with Two Pair, Q's & 10's (combination: 9♥, 10♦, 10♣, Q♥, Q♦)",2026-09-26T23:41:51.848Z,179046611184802
"""Heech @ wzsls5Sz57"" shows a 10♦, Q♥.",2026-09-26T23:41:51.848Z,179046611184801
"""rowan @ GthBpPSqaK"" shows a A♥, 10♥.",2026-09-26T23:41:51.848Z,179046611184800
"""Heech @ wzsls5Sz57"" calls 0.50",2026-09-26T23:41:50.997Z,179046611099700
"""rowan @ GthBpPSqaK"" bets 0.50",2026-09-26T23:41:50.041Z,179046611004100
"River: 9♠, 10♣, Q♦, 9♥ [7♦]",2026-09-26T23:41:47.278Z,179046610727800
"""Heech @ wzsls5Sz57"" calls 2.00",2026-09-26T23:41:46.459Z,179046610645900
"""rowan @ GthBpPSqaK"" bets 2.00",2026-09-26T23:41:45.536Z,179046610553600
"Turn: 9♠, 10♣, Q♦ [9♥]",2026-09-26T23:41:40.820Z,179046610082000
"""Heech @ wzsls5Sz57"" calls 1.50",2026-09-26T23:41:40.005Z,179046610000500
"""rowan @ GthBpPSqaK"" bets 1.50",2026-09-26T23:41:38.497Z,179046609849700
"Flop:  [9♠, 10♣, Q♦]",2026-09-26T23:41:35.475Z,179046609547500
"""JJJ @ iacG4hF18c"" folds",2026-09-26T23:41:34.658Z,179046609465800
"""Will @ h_ZrezeXHs"" folds",2026-09-26T23:41:30.916Z,179046609091600
"""Heech @ wzsls5Sz57"" calls 2.00",2026-09-26T23:41:29.866Z,179046608986600
"""dih @ GO72Iwd2XL"" folds",2026-09-26T23:41:26.558Z,179046608655800
"""rowan @ GthBpPSqaK"" raises to 2.00",2026-09-26T23:41:25.614Z,179046608561400
"""JJJ @ iacG4hF18c"" posts a big blind of 0.50",2026-09-26T23:41:22.955Z,179046608295508
"""Will @ h_ZrezeXHs"" posts a small blind of 0.25",2026-09-26T23:41:22.955Z,179046608295507
"Player stacks: #1 ""rowan @ GthBpPSqaK"" (243.82) | #2 ""dih @ GO72Iwd2XL"" (207.42) | #4 ""Heech @ wzsls5Sz57"" (35.25) | #8 ""Will @ h_ZrezeXHs"" (99.81) | #10 ""JJJ @ iacG4hF18c"" (110.18)",2026-09-26T23:41:22.955Z,179046608295501
"-- starting hand #233 (id: opf1fsluifv5)  No Limit Texas Hold'em (dealer: ""Heech @ wzsls5Sz57"") --",2026-09-26T23:41:22.955Z,179046608295500
"""Heech @ wzsls5Sz57"" shows a J♣.",2026-09-26T23:41:21.364Z,179046608136400
"""dih @ GO72Iwd2XL"" shows a 2♣, 4♥.",2026-09-26T23:41:19.037Z,179046607903700
"-- ending hand #232 --",2026-09-26T23:41:18.603Z,179046607860302
"""Heech @ wzsls5Sz57"" collected 24.00 from pot",2026-09-26T23:41:18.603Z,179046607860301
"Uncalled bet of 11.25 returned to ""Heech @ wzsls5Sz57""",2026-09-26T23:41:18.603Z,179046607860300
"""Will @ h_ZrezeXHs"" folds",2026-09-26T23:41:17.784Z,179046607778400
"""Heech @ wzsls5Sz57"" bets 11.25 and go all in",2026-09-26T23:41:16.206Z,179046607620600
"River: 8♥, 8♠, 9♣, J♦ [K♥]",2026-09-26T23:41:14.154Z,179046607415400
"""dih @ GO72Iwd2XL"" folds",2026-09-26T23:41:13.294Z,179046607329400
"""Will @ h_ZrezeXHs"" calls 6.00",2026-09-26T23:41:12.404Z,179046607240400
"""Heech @ wzsls5Sz57"" bets 6.00",2026-09-26T23:41:11.152Z,179046607115200
"Turn: 8♥, 8♠, 9♣ [J♦]",2026-09-26T23:41:08.749Z,179046606874900
"""dih @ GO72Iwd2XL"" checks",2026-09-26T23:41:07.888Z,179046606788800
"""Will @ h_ZrezeXHs"" checks",2026-09-26T23:41:06.359Z,179046606635900
"""Heech @ wzsls5Sz57"" checks",2026-09-26T23:41:04.877Z,179046606487700
"Flop:  [8♥, 8♠, 9♣]",2026-09-26T23:41:02.909Z,179046606290900
"""Heech @ wzsls5Sz57"" calls 4.00",2026-09-26T23:41:02.092Z,179046606209200
"""dih @ GO72Iwd2XL"" calls 4.00",2026-09-26T23:40:59.489Z,179046605948900
"""Will @ h_ZrezeXHs"" raises to 4.00",2026-09-26T23:40:58.039Z,179046605803900
"""Heech @ wzsls5Sz57"" calls 0.50",2026-09-26T23:40:55.686Z,179046605568600
"""dih @ GO72Iwd2XL"" calls 0.50",2026-09-26T23:40:54.589Z,179046605458900
"""rowan @ GthBpPSqaK"" folds",2026-09-26T23:40:52.112Z,179046605211200
"""JJJ @ iacG4hF18c"" folds",2026-09-26T23:40:51.200Z,179046605120000
"""Will @ h_ZrezeXHs"" posts a big blind of 0.50",2026-09-26T23:40:48.664Z,179046604866408
"""Heech @ wzsls5Sz57"" posts a small blind of 0.25",2026-09-26T23:40:48.664Z,179046604866407
"Player stacks: #1 ""rowan @ GthBpPSqaK"" (243.82) | #2 ""dih @ GO72Iwd2XL"" (211.42) | #4 ""Heech @ wzsls5Sz57"" (21.25) | #8 ""Will @ h_ZrezeXHs"" (109.81) | #10 ""JJJ @ iacG4hF18c"" (110.18)",2026-09-26T23:40:48.664Z,179046604866401
"-- starting hand #232 (id: lx0qzji0yyrt)  No Limit Texas Hold'em (dealer: ""dih @ GO72Iwd2XL"") --",2026-09-26T23:40:48.664Z,179046604866400
"-- ending hand #231 --",2026-09-26T23:40:45.662Z,179046604566202
"""Will @ h_ZrezeXHs"" collected 20.61 from pot",2026-09-26T23:40:45.662Z,179046604566201
"Uncalled bet of 15.45 returned to ""Will @ h_ZrezeXHs""",2026-09-26T23:40:45.662Z,179046604566200
"""rowan @ GthBpPSqaK"" folds",2026-09-26T23:40:44.804Z,179046604480400
"""JJJ @ iacG4hF18c"" folds",2026-09-26T23:40:43.952Z,179046604395200
"""Will @ h_ZrezeXHs"" bets 15.45",2026-09-26T23:40:27.986Z,179046602798600
"River: 9♣, 2♥, 10♣, A♥ [Q♦]",2026-09-26T23:40:17.149Z,179046601714900
"""rowan @ GthBpPSqaK"" calls 4.12",2026-09-26T23:40:16.338Z,179046601633800
"""JJJ @ iacG4hF18c"" calls 4.12",2026-09-26T23:40:11.823Z,179046601182300
"""Will @ h_ZrezeXHs"" bets 4.12",2026-09-26T23:40:09.606Z,179046600960600
"Turn: 9♣, 2♥, 10♣ [A♥]",2026-09-26T23:40:07.341Z,179046600734100
"""rowan @ GthBpPSqaK"" checks",2026-09-26T23:40:06.516Z,179046600651600
"""JJJ @ iacG4hF18c"" checks",2026-09-26T23:40:04.907Z,179046600490700
"""Will @ h_ZrezeXHs"" checks",2026-09-26T23:40:03.444Z,179046600344400
"Flop:  [9♣, 2♥, 10♣]",2026-09-26T23:40:01.124Z,179046600112400
"""Heech @ wzsls5Sz57"" folds",2026-09-26T23:40:00.316Z,179046600031600
"""dih @ GO72Iwd2XL"" folds",2026-09-26T23:39:56.650Z,179046599665000
"""rowan @ GthBpPSqaK"" calls 2.50",2026-09-26T23:39:55.664Z,179046599566400
"""JJJ @ iacG4hF18c"" calls 2.50",2026-09-26T23:39:54.678Z,179046599467800
"""Will @ h_ZrezeXHs"" raises to 2.50",2026-09-26T23:39:52.850Z,179046599285000
"""Heech @ wzsls5Sz57"" posts a big blind of 0.50",2026-09-26T23:39:50.168Z,179046599016808
"""dih @ GO72Iwd2XL"" posts a small blind of 0.25",2026-09-26T23:39:50.168Z,179046599016807
"Player stacks: #1 ""rowan @ GthBpPSqaK"" (250.44) | #2 ""dih @ GO72Iwd2XL"" (211.67) | #4 ""Heech @ wzsls5Sz57"" (21.75) | #8 ""Will @ h_ZrezeXHs"" (95.82) | #10 ""JJJ @ iacG4hF18c"" (116.80)",2026-09-26T23:39:50.168Z,179046599016801
"-- starting hand #231 (id: br8oiksjcbku)  No Limit Texas Hold'em (dealer: ""rowan @ GthBpPSqaK"") --",2026-09-26T23:39:50.168Z,179046599016800
"""dih @ GO72Iwd2XL"" shows a 5♦, 5♣.",2026-09-26T23:39:46.926Z,179046598692600
"""Heech @ wzsls5Sz57"" shows a 7♥, 8♦.",2026-09-26T23:39:44.655Z,179046598465500
"-- ending hand #230 --",2026-09-26T23:39:42.859Z,179046598285902
"""Heech @ wzsls5Sz57"" collected 4.25 from pot",2026-09-26T23:39:42.859Z,179046598285901
"Uncalled bet of 17.50 returned to ""Heech @ wzsls5Sz57""",2026-09-26T23:39:42.859Z,179046598285900
"""dih @ GO72Iwd2XL"" folds",2026-09-26T23:39:42.051Z,179046598205100
"""Heech @ wzsls5Sz57"" bets 17.50 and go all in",2026-09-26T23:39:37.056Z,179046597705600
"""dih @ GO72Iwd2XL"" checks",2026-09-26T23:39:34.910Z,179046597491000
"Flop:  [Q♦, 9♦, 6♠]",2026-09-26T23:39:32.754Z,179046597275400
"""Heech @ wzsls5Sz57"" calls 2.00",2026-09-26T23:39:31.931Z,179046597193100
"""dih @ GO72Iwd2XL"" raises to 2.00",2026-09-26T23:39:29.236Z,179046596923600
"""rowan @ GthBpPSqaK"" folds",2026-09-26T23:39:24.401Z,179046596440100
"""JJJ @ iacG4hF18c"" folds",2026-09-26T23:39:23.483Z,179046596348300
"""Will @ h_ZrezeXHs"" folds",2026-09-26T23:39:19.429Z,179046595942900
"""Heech @ wzsls5Sz57"" calls 0.50",2026-09-26T23:39:18.482Z,179046595848200
"""dih @ GO72Iwd2XL"" posts a big blind of 0.50",2026-09-26T23:39:16.145Z,179046595614509
"""rowan @ GthBpPSqaK"" posts a small blind of 0.25",2026-09-26T23:39:16.145Z,179046595614508
"Player stacks: #1 ""rowan @ GthBpPSqaK"" (250.69) | #2 ""dih @ GO72Iwd2XL"" (213.67) | #4 ""Heech @ wzsls5Sz57"" (19.50) | #8 ""Will @ h_ZrezeXHs"" (95.82) | #10 ""JJJ @ iacG4hF18c"" (116.80)",2026-09-26T23:39:16.145Z,179046595614502
"-- starting hand #230 (id: 9ozbqcoko2sg)  No Limit Texas Hold'em (dealer: ""JJJ @ iacG4hF18c"") --",2026-09-26T23:39:16.145Z,179046595614501
"The player ""Barbie's Men @ 1MAe7RP1K5"" stand up with the stack of 136.58.",2026-09-26T23:39:16.145Z,179046595614500
"""Barbie's Men @ 1MAe7RP1K5"" shows a K♥.",2026-09-26T23:39:08.238Z,179046594823800
"-- ending hand #229 --",2026-09-26T23:39:07.583Z,179046594758302
"""Heech @ wzsls5Sz57"" collected 19.50 from pot with Two Pair, 4's & 2's on the second run  (combination: Q♥, 2♠, 2♥, 4♠, 4♣)",2026-09-26T23:39:07.583Z,179046594758301
"""rowan @ GthBpPSqaK"" collected 19.50 from pot with Pair, K's (combination: 6♥, 8♥, A♦, K♣, K♠)",2026-09-26T23:39:07.583Z,179046594758300
"River (second run): 6♣, J♠, Q♥, 2♠ [2♥]",2026-09-26T23:39:03.578Z,179046594357800
"Turn (second run): 6♣, J♠, Q♥ [2♠]",2026-09-26T23:38:59.557Z,179046593955700
"Flop (second run):  [6♣, J♠, Q♥]",2026-09-26T23:38:55.465Z,179046593546500
"River: 6♥, 8♥, 3♠, 5♥ [K♠]",2026-09-26T23:38:51.434Z,179046593143400
"Turn: 6♥, 8♥, 3♠ [5♥]",2026-09-26T23:38:47.370Z,179046592737000
"Flop:  [6♥, 8♥, 3♠]",2026-09-26T23:38:43.366Z,179046592336600
"""Heech @ wzsls5Sz57"" shows a 4♠, 4♣.",2026-09-26T23:38:39.363Z,179046591936302
"""rowan @ GthBpPSqaK"" shows a K♣, A♦.",2026-09-26T23:38:39.363Z,179046591936301
"Uncalled bet of 0.75 returned to ""rowan @ GthBpPSqaK""",2026-09-26T23:38:39.363Z,179046591936300
"All players in hand choose to run it twice.",2026-09-26T23:38:38.547Z,179046591854701
"""Heech @ wzsls5Sz57"" chooses to  run it twice.",2026-09-26T23:38:38.547Z,179046591854700
"""rowan @ GthBpPSqaK"" chooses to  run it twice.",2026-09-26T23:38:38.456Z,179046591845600
"Remaining players decide whether to run it twice.",2026-09-26T23:38:35.943Z,179046591594301
"""JJJ @ iacG4hF18c"" folds",2026-09-26T23:38:35.943Z,179046591594300
"""Will @ h_ZrezeXHs"" folds",2026-09-26T23:38:32.536Z,179046591253600
"""Heech @ wzsls5Sz57"" calls 15.25 and go all in",2026-09-26T23:38:31.458Z,179046591145800
"""Barbie's Men @ 1MAe7RP1K5"" folds",2026-09-26T23:38:24.613Z,179046590461300
"""rowan @ GthBpPSqaK"" raises to 16.00",2026-09-26T23:38:23.674Z,179046590367400
"""JJJ @ iacG4hF18c"" calls 4.00",2026-09-26T23:38:13.498Z,179046589349800
"""Will @ h_ZrezeXHs"" raises to 4.00",2026-09-26T23:38:11.132Z,179046589113200
"""Heech @ wzsls5Sz57"" calls 0.50",2026-09-26T23:38:08.797Z,179046588879700
"""Barbie's Men @ 1MAe7RP1K5"" calls 0.50",2026-09-26T23:38:06.477Z,179046588647700
"""dih @ GO72Iwd2XL"" folds",2026-09-26T23:38:03.445Z,179046588344500
"""rowan @ GthBpPSqaK"" posts a big blind of 0.50",2026-09-26T23:38:01.301Z,179046588130109
"""JJJ @ iacG4hF18c"" posts a small blind of 0.25",2026-09-26T23:38:01.301Z,179046588130108
"Player stacks: #1 ""rowan @ GthBpPSqaK"" (246.44) | #2 ""dih @ GO72Iwd2XL"" (213.67) | #3 ""Barbie's Men @ 1MAe7RP1K5"" (137.08) | #4 ""Heech @ wzsls5Sz57"" (15.25) | #8 ""Will @ h_ZrezeXHs"" (99.82) | #10 ""JJJ @ iacG4hF18c"" (120.80)",2026-09-26T23:38:01.301Z,179046588130101
"-- starting hand #229 (id: 7kdpk0ccxngi)  No Limit Texas Hold'em (dealer: ""Will @ h_ZrezeXHs"") --",2026-09-26T23:38:01.301Z,179046588130100
"-- ending hand #228 --",2026-09-26T23:37:55.364Z,179046587536402
"""JJJ @ iacG4hF18c"" collected 26.00 from pot",2026-09-26T23:37:55.364Z,179046587536401
"Uncalled bet of 13.50 returned to ""JJJ @ iacG4hF18c""",2026-09-26T23:37:55.364Z,179046587536400
"""Will @ h_ZrezeXHs"" folds",2026-09-26T23:37:54.534Z,179046587453400
"""dih @ GO72Iwd2XL"" folds",2026-09-26T23:37:53.464Z,179046587346400
"""JJJ @ iacG4hF18c"" bets 13.50",2026-09-26T23:37:51.900Z,179046587190000
"""Will @ h_ZrezeXHs"" checks",2026-09-26T23:37:40.758Z,179046586075800
"Flop:  [2♠, 2♣, 6♥]",2026-09-26T23:37:39.500Z,179046585950000
"""Will @ h_ZrezeXHs"" calls 8.00",2026-09-26T23:37:38.686Z,179046585868600
"""Heech @ wzsls5Sz57"" folds",2026-09-26T23:37:37.427Z,179046585742700
"""dih @ GO72Iwd2XL"" calls 8.00",2026-09-26T23:37:34.109Z,179046585410900
"""JJJ @ iacG4hF18c"" raises to 8.00",2026-09-26T23:37:32.515Z,179046585251500
"""Will @ h_ZrezeXHs"" calls 2.00",2026-09-26T23:37:27.230Z,179046584723000
"""Heech @ wzsls5Sz57"" calls 2.00",2026-09-26T23:37:26.204Z,179046584620400
"""Barbie's Men @ 1MAe7RP1K5"" folds",2026-09-26T23:37:24.958Z,179046584495800
"""dih @ GO72Iwd2XL"" raises to 2.00",2026-09-26T23:37:22.965Z,179046584296500
"""rowan @ GthBpPSqaK"" folds",2026-09-26T23:37:20.166Z,179046584016600
"""JJJ @ iacG4hF18c"" posts a big blind of 0.50",2026-09-26T23:37:18.879Z,179046583887909
"""Will @ h_ZrezeXHs"" posts a small blind of 0.25",2026-09-26T23:37:18.879Z,179046583887908
"Player stacks: #1 ""rowan @ GthBpPSqaK"" (246.44) | #2 ""dih @ GO72Iwd2XL"" (221.67) | #3 ""Barbie's Men @ 1MAe7RP1K5"" (137.08) | #4 ""Heech @ wzsls5Sz57"" (17.25) | #8 ""Will @ h_ZrezeXHs"" (107.82) | #10 ""JJJ @ iacG4hF18c"" (102.80)",2026-09-26T23:37:18.879Z,179046583887901
"-- starting hand #228 (id: ilflr4ubh1sk)  No Limit Texas Hold'em (dealer: ""Heech @ wzsls5Sz57"") --",2026-09-26T23:37:18.879Z,179046583887900
"""Barbie's Men @ 1MAe7RP1K5"" shows a A♦.",2026-09-26T23:37:15.377Z,179046583537700
"""rowan @ GthBpPSqaK"" shows a K♥, 8♠.",2026-09-26T23:37:15.020Z,179046583502000
"""Heech @ wzsls5Sz57"" shows a Q♥, 6♣.",2026-09-26T23:37:14.302Z,179046583430200
"-- ending hand #227 --",2026-09-26T23:37:13.875Z,179046583387502
"""Barbie's Men @ 1MAe7RP1K5"" collected 83.49 from pot",2026-09-26T23:37:13.875Z,179046583387501
"Uncalled bet of 53.59 returned to ""Barbie's Men @ 1MAe7RP1K5""",2026-09-26T23:37:13.875Z,179046583387500
"""Will @ h_ZrezeXHs"" folds",2026-09-26T23:37:13.061Z,179046583306100
"""Barbie's Men @ 1MAe7RP1K5"" bets 53.59 and go all in",2026-09-26T23:36:39.697Z,179046579969700
"""Will @ h_ZrezeXHs"" checks",2026-09-26T23:36:37.676Z,179046579767600
"River: 3♥, 2♣, 4♦, 10♦ [5♥]",2026-09-26T23:36:34.136Z,179046579413600
"""Barbie's Men @ 1MAe7RP1K5"" calls 20.87",2026-09-26T23:36:33.299Z,179046579329900
"""dih @ GO72Iwd2XL"" folds",2026-09-26T23:36:32.308Z,179046579230800
"""Will @ h_ZrezeXHs"" bets 20.87",2026-09-26T23:36:30.606Z,179046579060600
"Turn: 3♥, 2♣, 4♦ [10♦]",2026-09-26T23:36:28.025Z,179046578802500
"""Barbie's Men @ 1MAe7RP1K5"" checks",2026-09-26T23:36:27.158Z,179046578715800
"""dih @ GO72Iwd2XL"" checks",2026-09-26T23:36:26.124Z,179046578612400
"""Will @ h_ZrezeXHs"" checks",2026-09-26T23:36:22.599Z,179046578259900
"Flop:  [3♥, 2♣, 4♦]",2026-09-26T23:36:08.090Z,179046576809000
"""Barbie's Men @ 1MAe7RP1K5"" calls 13.00",2026-09-26T23:36:07.278Z,179046576727800
"""dih @ GO72Iwd2XL"" calls 13.00",2026-09-26T23:36:05.410Z,179046576541000
"""rowan @ GthBpPSqaK"" folds",2026-09-26T23:36:00.690Z,179046576069000
"""JJJ @ iacG4hF18c"" folds",2026-09-26T23:35:54.725Z,179046575472500
"""Will @ h_ZrezeXHs"" raises to 13.00",2026-09-26T23:35:53.311Z,179046575331100
"""Heech @ wzsls5Sz57"" folds",2026-09-26T23:35:47.121Z,179046574712100
"""Barbie's Men @ 1MAe7RP1K5"" raises to 3.50",2026-09-26T23:35:46.217Z,179046574621700
"""dih @ GO72Iwd2XL"" calls 2.00",2026-09-26T23:35:44.404Z,179046574440400
"""rowan @ GthBpPSqaK"" raises to 2.00",2026-09-26T23:35:41.794Z,179046574179400
"""JJJ @ iacG4hF18c"" calls 0.50",2026-09-26T23:35:39.026Z,179046573902600
"""Will @ h_ZrezeXHs"" posts a big blind of 0.50",2026-09-26T23:35:18.784Z,179046571878409
"""Heech @ wzsls5Sz57"" posts a small blind of 0.25",2026-09-26T23:35:18.784Z,179046571878408
"Player stacks: #1 ""rowan @ GthBpPSqaK"" (248.44) | #2 ""dih @ GO72Iwd2XL"" (234.67) | #3 ""Barbie's Men @ 1MAe7RP1K5"" (87.46) | #4 ""Heech @ wzsls5Sz57"" (17.50) | #8 ""Will @ h_ZrezeXHs"" (141.69) | #10 ""JJJ @ iacG4hF18c"" (103.30)",2026-09-26T23:35:18.784Z,179046571878401
"-- starting hand #227 (id: k2btlkli2kj1)  No Limit Texas Hold'em (dealer: ""Barbie's Men @ 1MAe7RP1K5"") --",2026-09-26T23:35:18.784Z,179046571878400
"""Heech @ wzsls5Sz57"" shows a 2♥, 8♥.",2026-09-26T23:35:17.460Z,179046571746000
"""Barbie's Men @ 1MAe7RP1K5"" shows a 7♦, 8♣.",2026-09-26T23:35:13.777Z,179046571377700
"-- ending hand #226 --",2026-09-26T23:35:11.447Z,179046571144702
"""Barbie's Men @ 1MAe7RP1K5"" collected 31.25 from pot",2026-09-26T23:35:11.447Z,179046571144701
"Uncalled bet of 56.21 returned to ""Barbie's Men @ 1MAe7RP1K5""",2026-09-26T23:35:11.447Z,179046571144700
"""JJJ @ iacG4hF18c"" folds",2026-09-26T23:35:10.628Z,179046571062800
"""Will @ h_ZrezeXHs"" folds",2026-09-26T23:34:37.045Z,179046567704500
"""Barbie's Men @ 1MAe7RP1K5"" bets 56.21 and go all in",2026-09-26T23:34:10.218Z,179046565021800
"Turn: 9♠, 7♠, 2♦ [7♥]",2026-09-26T23:34:07.223Z,179046564722300
"""Heech @ wzsls5Sz57"" folds",2026-09-26T23:34:06.413Z,179046564641300
"""Barbie's Men @ 1MAe7RP1K5"" calls 6.25",2026-09-26T23:34:05.297Z,179046564529700
"""rowan @ GthBpPSqaK"" folds",2026-09-26T23:34:04.417Z,179046564441700
"""JJJ @ iacG4hF18c"" calls 6.25",2026-09-26T23:34:03.550Z,179046564355000
"""Will @ h_ZrezeXHs"" bets 6.25",2026-09-26T23:34:02.648Z,179046564264800
"""Heech @ wzsls5Sz57"" checks",2026-09-26T23:33:58.865Z,179046563886500
"""Barbie's Men @ 1MAe7RP1K5"" checks",2026-09-26T23:33:55.838Z,179046563583800
"Flop:  [9♠, 7♠, 2♦]",2026-09-26T23:33:51.931Z,179046563193100
"""Heech @ wzsls5Sz57"" calls 2.50",2026-09-26T23:33:51.126Z,179046563112600
"""Barbie's Men @ 1MAe7RP1K5"" calls 2.50",2026-09-26T23:33:48.257Z,179046562825700
"""dih @ GO72Iwd2XL"" folds",2026-09-26T23:33:47.297Z,179046562729700
"""rowan @ GthBpPSqaK"" calls 2.50",2026-09-26T23:33:46.402Z,179046562640200
"""JJJ @ iacG4hF18c"" calls 2.50",2026-09-26T23:33:45.527Z,179046562552700
"""Will @ h_ZrezeXHs"" raises to 2.50",2026-09-26T23:33:43.661Z,179046562366100
"""Heech @ wzsls5Sz57"" posts a big blind of 0.50",2026-09-26T23:33:41.362Z,179046562136209
"""Barbie's Men @ 1MAe7RP1K5"" posts a small blind of 0.25",2026-09-26T23:33:41.362Z,179046562136208
"Player stacks: #1 ""rowan @ GthBpPSqaK"" (250.94) | #2 ""dih @ GO72Iwd2XL"" (234.67) | #3 ""Barbie's Men @ 1MAe7RP1K5"" (64.96) | #4 ""Heech @ wzsls5Sz57"" (20.00) | #8 ""Will @ h_ZrezeXHs"" (150.44) | #10 ""JJJ @ iacG4hF18c"" (112.05)",2026-09-26T23:33:41.362Z,179046562136201
"-- starting hand #226 (id: kcugfchyde2f)  No Limit Texas Hold'em (dealer: ""dih @ GO72Iwd2XL"") --",2026-09-26T23:33:41.362Z,179046562136200
"-- ending hand #225 --",2026-09-26T23:33:35.324Z,179046561532403
"""JJJ @ iacG4hF18c"" collected 7.49 from pot with Two Pair, 9's & 5's (combination: A♣, 5♠, 5♣, 9♠, 9♦)",2026-09-26T23:33:35.324Z,179046561532402
"""JJJ @ iacG4hF18c"" shows a 5♠, 6♠.",2026-09-26T23:33:35.324Z,179046561532401
"""Barbie's Men @ 1MAe7RP1K5"" shows a 8♦, 10♦.",2026-09-26T23:33:35.324Z,179046561532400
"""JJJ @ iacG4hF18c"" checks",2026-09-26T23:33:34.484Z,179046561448400
"""Barbie's Men @ 1MAe7RP1K5"" checks",2026-09-26T23:33:33.618Z,179046561361800
"River: 5♣, 9♠, 9♦, A♣ [4♠]",2026-09-26T23:33:33.403Z,179046561340300
"""Barbie's Men @ 1MAe7RP1K5"" calls 1.87",2026-09-26T23:33:32.578Z,179046561257800
"""JJJ @ iacG4hF18c"" bets 1.87",2026-09-26T23:33:31.603Z,179046561160300
"""Barbie's Men @ 1MAe7RP1K5"" checks",2026-09-26T23:33:29.317Z,179046560931700
"Turn: 5♣, 9♠, 9♦ [A♣]",2026-09-26T23:33:28.201Z,179046560820100
"""Barbie's Men @ 1MAe7RP1K5"" calls 1.25",2026-09-26T23:33:27.377Z,179046560737700
"""JJJ @ iacG4hF18c"" bets 1.25",2026-09-26T23:33:26.475Z,179046560647500
"""Barbie's Men @ 1MAe7RP1K5"" checks",2026-09-26T23:33:23.797Z,179046560379700
"Flop:  [5♣, 9♠, 9♦]",2026-09-26T23:33:22.305Z,179046560230500
"""Barbie's Men @ 1MAe7RP1K5"" checks",2026-09-26T23:33:21.497Z,179046560149700
"""dih @ GO72Iwd2XL"" folds",2026-09-26T23:33:19.438Z,179046559943800
"""rowan @ GthBpPSqaK"" folds",2026-09-26T23:33:18.436Z,179046559843600
"""JJJ @ iacG4hF18c"" calls 0.50",2026-09-26T23:33:17.550Z,179046559755000
"""Will @ h_ZrezeXHs"" folds",2026-09-26T23:33:16.150Z,179046559615000
"""Heech @ wzsls5Sz57"" folds",2026-09-26T23:33:15.198Z,179046559519800
"""Barbie's Men @ 1MAe7RP1K5"" posts a big blind of 0.50",2026-09-26T23:33:13.904Z,179046559390409
"""dih @ GO72Iwd2XL"" posts a small blind of 0.25",2026-09-26T23:33:13.904Z,179046559390408
"Player stacks: #1 ""rowan @ GthBpPSqaK"" (250.94) | #2 ""dih @ GO72Iwd2XL"" (234.92) | #3 ""Barbie's Men @ 1MAe7RP1K5"" (68.58) | #4 ""Heech @ wzsls5Sz57"" (20.00) | #8 ""Will @ h_ZrezeXHs"" (150.44) | #10 ""JJJ @ iacG4hF18c"" (108.18)",2026-09-26T23:33:13.904Z,179046559390401
"-- starting hand #225 (id: azfy2utr9fxu)  No Limit Texas Hold'em (dealer: ""rowan @ GthBpPSqaK"") --",2026-09-26T23:33:13.904Z,179046559390400
"""JJJ @ iacG4hF18c"" shows a 8♦.",2026-09-26T23:33:10.332Z,179046559033200
"-- ending hand #224 --",2026-09-26T23:33:07.298Z,179046558729802
"""dih @ GO72Iwd2XL"" collected 4.25 from pot",2026-09-26T23:33:07.298Z,179046558729801
"Uncalled bet of 4.25 returned to ""dih @ GO72Iwd2XL""",2026-09-26T23:33:07.298Z,179046558729800
"""JJJ @ iacG4hF18c"" folds",2026-09-26T23:33:06.395Z,179046558639500
"""dih @ GO72Iwd2XL"" bets 4.25",2026-09-26T23:33:04.139Z,179046558413900
"Flop:  [Q♠, 8♥, 9♥]",2026-09-26T23:33:00.947Z,179046558094700
"""JJJ @ iacG4hF18c"" calls 2.00",2026-09-26T23:33:00.120Z,179046558012000
"""dih @ GO72Iwd2XL"" raises to 2.00",2026-09-26T23:32:59.023Z,179046557902300
"""rowan @ GthBpPSqaK"" folds",2026-09-26T23:32:54.915Z,179046557491500
"""JJJ @ iacG4hF18c"" calls 0.50",2026-09-26T23:32:54.055Z,179046557405500
"""Will @ h_ZrezeXHs"" folds",2026-09-26T23:32:52.492Z,179046557249200
"""Heech @ wzsls5Sz57"" folds",2026-09-26T23:32:51.543Z,179046557154300
"""Barbie's Men @ 1MAe7RP1K5"" folds",2026-09-26T23:32:50.077Z,179046557007700
"""dih @ GO72Iwd2XL"" posts a big blind of 0.50",2026-09-26T23:32:47.843Z,179046556784309
"""rowan @ GthBpPSqaK"" posts a small blind of 0.25",2026-09-26T23:32:47.843Z,179046556784308
"Player stacks: #1 ""rowan @ GthBpPSqaK"" (251.19) | #2 ""dih @ GO72Iwd2XL"" (232.67) | #3 ""Barbie's Men @ 1MAe7RP1K5"" (68.58) | #4 ""Heech @ wzsls5Sz57"" (20.00) | #8 ""Will @ h_ZrezeXHs"" (150.44) | #10 ""JJJ @ iacG4hF18c"" (110.18)",2026-09-26T23:32:47.843Z,179046556784301
"-- starting hand #224 (id: pvzsyqt5nyxa)  No Limit Texas Hold'em (dealer: ""JJJ @ iacG4hF18c"") --",2026-09-26T23:32:47.843Z,179046556784300
"""Will @ h_ZrezeXHs"" shows a 2♠.",2026-09-26T23:32:45.778Z,179046556577800
"""rowan @ GthBpPSqaK"" shows a A♣.",2026-09-26T23:32:43.877Z,179046556387700
"-- ending hand #223 --",2026-09-26T23:32:43.455Z,179046556345502
"""Will @ h_ZrezeXHs"" collected 15.25 from pot",2026-09-26T23:32:43.455Z,179046556345501
"Uncalled bet of 15.25 returned to ""Will @ h_ZrezeXHs""",2026-09-26T23:32:43.455Z,179046556345500
"""rowan @ GthBpPSqaK"" folds",2026-09-26T23:32:42.632Z,179046556263200
"""Will @ h_ZrezeXHs"" bets 15.25",2026-09-26T23:32:21.563Z,179046554156300
"""rowan @ GthBpPSqaK"" checks",2026-09-26T23:32:18.032Z,179046553803200
"River: 5♣, 2♦, 5♠, J♠ [J♥]",2026-09-26T23:32:16.888Z,179046553688800
"""Will @ h_ZrezeXHs"" checks",2026-09-26T23:32:16.066Z,179046553606600
"""rowan @ GthBpPSqaK"" checks",2026-09-26T23:32:14.544Z,179046553454400
"Turn: 5♣, 2♦, 5♠ [J♠]",2026-09-26T23:32:13.887Z,179046553388700
"""Barbie's Men @ 1MAe7RP1K5"" folds",2026-09-26T23:32:13.048Z,179046553304800
"""rowan @ GthBpPSqaK"" calls 3.00",2026-09-26T23:32:12.184Z,179046553218400
"""Will @ h_ZrezeXHs"" bets 3.00",2026-09-26T23:32:10.979Z,179046553097900
"""Barbie's Men @ 1MAe7RP1K5"" checks",2026-09-26T23:32:09.038Z,179046552903800
"""rowan @ GthBpPSqaK"" checks",2026-09-26T23:32:08.098Z,179046552809800
"Flop:  [5♣, 2♦, 5♠]",2026-09-26T23:32:06.964Z,179046552696400
"""Barbie's Men @ 1MAe7RP1K5"" calls 3.00",2026-09-26T23:32:06.142Z,179046552614200
"""rowan @ GthBpPSqaK"" calls 3.00",2026-09-26T23:32:05.217Z,179046552521700
"""JJJ @ iacG4hF18c"" folds",2026-09-26T23:32:04.369Z,179046552436900
"""Will @ h_ZrezeXHs"" raises to 3.00",2026-09-26T23:32:03.460Z,179046552346000
"""Heech @ wzsls5Sz57"" folds",2026-09-26T23:32:01.270Z,179046552127000
"""Barbie's Men @ 1MAe7RP1K5"" calls 0.50",2026-09-26T23:32:00.061Z,179046552006100
"""dih @ GO72Iwd2XL"" folds",2026-09-26T23:31:59.123Z,179046551912300
"""rowan @ GthBpPSqaK"" posts a big blind of 0.50",2026-09-26T23:31:56.670Z,179046551667010
"""JJJ @ iacG4hF18c"" posts a small blind of 0.25",2026-09-26T23:31:56.670Z,179046551667009
"Player stacks: #1 ""rowan @ GthBpPSqaK"" (257.19) | #2 ""dih @ GO72Iwd2XL"" (232.67) | #3 ""Barbie's Men @ 1MAe7RP1K5"" (71.58) | #4 ""Heech @ wzsls5Sz57"" (20.00) | #8 ""Will @ h_ZrezeXHs"" (141.19) | #10 ""JJJ @ iacG4hF18c"" (110.43)",2026-09-26T23:31:56.670Z,179046551667002
"-- starting hand #223 (id: c55ple78uure)  No Limit Texas Hold'em (dealer: ""Will @ h_ZrezeXHs"") --",2026-09-26T23:31:56.670Z,179046551667001
"The player ""Heech @ wzsls5Sz57"" joined the game with a stack of 20.00.",2026-09-26T23:31:56.670Z,179046551667000
"""dih @ GO72Iwd2XL"" shows a 8♣.",2026-09-26T23:31:51.508Z,179046551150800
"-- ending hand #222 --",2026-09-26T23:31:50.066Z,179046551006602
"""Will @ h_ZrezeXHs"" collected 1.50 from pot with Two Pair, 8's & 5's (combination: A♦, 5♠, 5♣, 8♦, 8♥)",2026-09-26T23:31:50.066Z,179046551006601
"""Will @ h_ZrezeXHs"" shows a 5♠, 5♣.",2026-09-26T23:31:50.066Z,179046551006600
"""Barbie's Men @ 1MAe7RP1K5"" checks",2026-09-26T23:31:49.227Z,179046550922700
"""JJJ @ iacG4hF18c"" checks",2026-09-26T23:31:48.344Z,179046550834400
"""Will @ h_ZrezeXHs"" checks",2026-09-26T23:31:47.423Z,179046550742300
"River: A♦, Q♥, 8♦, 8♥ [9♣]",2026-09-26T23:31:46.352Z,179046550635200
"""Barbie's Men @ 1MAe7RP1K5"" checks",2026-09-26T23:31:45.537Z,179046550553700
"""JJJ @ iacG4hF18c"" checks",2026-09-26T23:31:44.554Z,179046550455400
"""Will @ h_ZrezeXHs"" checks",2026-09-26T23:31:43.591Z,179046550359100
"Turn: A♦, Q♥, 8♦ [8♥]",2026-09-26T23:31:42.700Z,179046550270000
"""Barbie's Men @ 1MAe7RP1K5"" checks",2026-09-26T23:31:41.877Z,179046550187700
"""JJJ @ iacG4hF18c"" checks",2026-09-26T23:31:40.784Z,179046550078400
"""Will @ h_ZrezeXHs"" checks",2026-09-26T23:31:39.908Z,179046549990800
"Flop:  [A♦, Q♥, 8♦]",2026-09-26T23:31:37.865Z,179046549786500
"""JJJ @ iacG4hF18c"" checks",2026-09-26T23:31:37.056Z,179046549705600
"""Will @ h_ZrezeXHs"" calls 0.50",2026-09-26T23:31:33.772Z,179046549377200
"""Barbie's Men @ 1MAe7RP1K5"" calls 0.50",2026-09-26T23:31:32.084Z,179046549208400
"The admin approved the player ""Heech @ wzsls5Sz57"" participation with a stack of 20.00.",2026-09-26T23:31:32.008Z,179046549200800
"""dih @ GO72Iwd2XL"" folds",2026-09-26T23:31:27.519Z,179046548751900
"""rowan @ GthBpPSqaK"" folds",2026-09-26T23:31:26.654Z,179046548665400
"""JJJ @ iacG4hF18c"" posts a big blind of 0.50",2026-09-26T23:31:25.656Z,179046548565608
"""Will @ h_ZrezeXHs"" posts a small blind of 0.25",2026-09-26T23:31:25.656Z,179046548565607
"Player stacks: #1 ""rowan @ GthBpPSqaK"" (257.19) | #2 ""dih @ GO72Iwd2XL"" (232.67) | #3 ""Barbie's Men @ 1MAe7RP1K5"" (72.08) | #8 ""Will @ h_ZrezeXHs"" (140.19) | #10 ""JJJ @ iacG4hF18c"" (110.93)",2026-09-26T23:31:25.656Z,179046548565601
"-- starting hand #222 (id: xry1no7obnlj)  No Limit Texas Hold'em (dealer: ""Barbie's Men @ 1MAe7RP1K5"") --",2026-09-26T23:31:25.656Z,179046548565600
"""JJJ @ iacG4hF18c"" shows a Q♠.",2026-09-26T23:31:20.882Z,179046548088200
"-- ending hand #221 --",2026-09-26T23:31:19.051Z,179046547905102
"""Barbie's Men @ 1MAe7RP1K5"" collected 10.50 from pot with Two Pair, Q's & 3's (combination: A♥, 3♥, 3♦, Q♦, Q♣)",2026-09-26T23:31:19.051Z,179046547905101
"""Barbie's Men @ 1MAe7RP1K5"" shows a 6♥, A♥.",2026-09-26T23:31:19.051Z,179046547905100
"""dih @ GO72Iwd2XL"" checks",2026-09-26T23:31:18.193Z,179046547819300
"""Barbie's Men @ 1MAe7RP1K5"" checks",2026-09-26T23:31:16.818Z,179046547681800
"River: 3♥, 2♦, Q♦, Q♣ [3♦]",2026-09-26T23:31:15.739Z,179046547573900
"""dih @ GO72Iwd2XL"" checks",2026-09-26T23:31:14.888Z,179046547488800
"""Barbie's Men @ 1MAe7RP1K5"" checks",2026-09-26T23:31:12.997Z,179046547299700
"Turn: 3♥, 2♦, Q♦ [Q♣]",2026-09-26T23:31:11.686Z,179046547168600
"""dih @ GO72Iwd2XL"" checks",2026-09-26T23:31:10.875Z,179046547087500
"""Barbie's Men @ 1MAe7RP1K5"" checks",2026-09-26T23:31:08.818Z,179046546881800
"Flop:  [3♥, 2♦, Q♦]",2026-09-26T23:31:07.016Z,179046546701600
"""dih @ GO72Iwd2XL"" calls 4.50",2026-09-26T23:31:06.155Z,179046546615500
"""rowan @ GthBpPSqaK"" folds",2026-09-26T23:30:57.301Z,179046545730100
"""JJJ @ iacG4hF18c"" folds",2026-09-26T23:30:56.292Z,179046545629200
"""Will @ h_ZrezeXHs"" folds",2026-09-26T23:30:53.355Z,179046545335500
"""Barbie's Men @ 1MAe7RP1K5"" raises to 4.50",2026-09-26T23:30:52.477Z,179046545247700
"""dih @ GO72Iwd2XL"" raises to 2.00",2026-09-26T23:30:48.758Z,179046544875800
"""rowan @ GthBpPSqaK"" calls 0.50",2026-09-26T23:30:43.130Z,179046544313000
"""JJJ @ iacG4hF18c"" calls 0.50",2026-09-26T23:30:40.827Z,179046544082700
"""Will @ h_ZrezeXHs"" posts a big blind of 0.50",2026-09-26T23:30:27.350Z,179046542735008
"""Barbie's Men @ 1MAe7RP1K5"" posts a small blind of 0.25",2026-09-26T23:30:27.350Z,179046542735007
"Player stacks: #1 ""rowan @ GthBpPSqaK"" (257.69) | #2 ""dih @ GO72Iwd2XL"" (237.17) | #3 ""Barbie's Men @ 1MAe7RP1K5"" (66.08) | #8 ""Will @ h_ZrezeXHs"" (140.69) | #10 ""JJJ @ iacG4hF18c"" (111.43)",2026-09-26T23:30:27.350Z,179046542735001
"-- starting hand #221 (id: bxr6i0x6lncd)  No Limit Texas Hold'em (dealer: ""dih @ GO72Iwd2XL"") --",2026-09-26T23:30:27.350Z,179046542735000
"-- ending hand #220 --",2026-09-26T23:30:19.345Z,179046541934502
"""Barbie's Men @ 1MAe7RP1K5"" collected 66.08 from pot with Two Pair, A's & 2's on the second run  (combination: 10♥, 2♥, 2♠, A♥, A♣)",2026-09-26T23:30:19.345Z,179046541934501
"""dih @ GO72Iwd2XL"" collected 66.08 from pot with Pair, 10's (combination: 8♣, Q♠, K♠, 10♦, 10♥)",2026-09-26T23:30:19.345Z,179046541934500
"River (second run): 10♥, 2♠, 6♥, A♣ [9♠]",2026-09-26T23:30:15.286Z,179046541528600
"Turn (second run): 10♥, 2♠, 6♥ [A♣]",2026-09-26T23:30:11.283Z,179046541128300
"River: 10♥, 2♠, 6♥, Q♠ [8♣]",2026-09-26T23:30:07.270Z,179046540727000
"Turn: 10♥, 2♠, 6♥ [Q♠]",2026-09-26T23:30:03.165Z,179046540316500
"""Barbie's Men @ 1MAe7RP1K5"" shows a A♥, 2♥.",2026-09-26T23:29:58.665Z,179046539866501
"""dih @ GO72Iwd2XL"" shows a K♠, 10♦.",2026-09-26T23:29:58.665Z,179046539866500
"All players in hand choose to run it twice.",2026-09-26T23:29:57.817Z,179046539781701
"""Barbie's Men @ 1MAe7RP1K5"" chooses to  run it twice.",2026-09-26T23:29:57.817Z,179046539781700
"""dih @ GO72Iwd2XL"" chooses to  run it twice.",2026-09-26T23:29:57.686Z,179046539768600
"Remaining players decide whether to run it twice.",2026-09-26T23:29:56.576Z,179046539657601
"""dih @ GO72Iwd2XL"" calls 58.58",2026-09-26T23:29:56.576Z,179046539657600
"""Will @ h_ZrezeXHs"" folds",2026-09-26T23:29:48.091Z,179046538809100
"""Barbie's Men @ 1MAe7RP1K5"" raises to 58.58 and go all in",2026-09-26T23:29:42.718Z,179046538271800
"""dih @ GO72Iwd2XL"" bets 7.50",2026-09-26T23:29:40.475Z,179046538047500
"The player ""Heech @ wzsls5Sz57"" requested a seat.",2026-09-26T23:29:17.011Z,179046535701100
"Flop:  [10♥, 2♠, 6♥]",2026-09-26T23:29:07.354Z,179046534735400
"""dih @ GO72Iwd2XL"" calls 5.00",2026-09-26T23:29:06.495Z,179046534649500
"""Will @ h_ZrezeXHs"" calls 5.00",2026-09-26T23:29:04.471Z,179046534447100
"""Barbie's Men @ 1MAe7RP1K5"" raises to 5.00",2026-09-26T23:29:02.899Z,179046534289900
"""dih @ GO72Iwd2XL"" calls 2.50",2026-09-26T23:28:52.094Z,179046533209400
"""rowan @ GthBpPSqaK"" folds",2026-09-26T23:28:46.927Z,179046532692700
"""JJJ @ iacG4hF18c"" folds",2026-09-26T23:28:46.067Z,179046532606700
"""Will @ h_ZrezeXHs"" raises to 2.50",2026-09-26T23:28:37.410Z,179046531741000
"""Barbie's Men @ 1MAe7RP1K5"" posts a big blind of 0.50",2026-09-26T23:28:34.756Z,179046531475608
"""dih @ GO72Iwd2XL"" posts a small blind of 0.25",2026-09-26T23:28:34.756Z,179046531475607
"Player stacks: #1 ""rowan @ GthBpPSqaK"" (257.69) | #2 ""dih @ GO72Iwd2XL"" (234.67) | #3 ""Barbie's Men @ 1MAe7RP1K5"" (63.58) | #8 ""Will @ h_ZrezeXHs"" (145.69) | #10 ""JJJ @ iacG4hF18c"" (111.43)",2026-09-26T23:28:34.756Z,179046531475601
"-- starting hand #220 (id: j52zzopdufq2)  No Limit Texas Hold'em (dealer: ""rowan @ GthBpPSqaK"") --",2026-09-26T23:28:34.756Z,179046531475600
"""Barbie's Men @ 1MAe7RP1K5"" shows a 7♣.",2026-09-26T23:28:30.477Z,179046531047700
"-- ending hand #219 --",2026-09-26T23:28:28.153Z,179046530815302
"""Will @ h_ZrezeXHs"" collected 6.75 from pot",2026-09-26T23:28:28.153Z,179046530815301
"Uncalled bet of 2.00 returned to ""Will @ h_ZrezeXHs""",2026-09-26T23:28:28.153Z,179046530815300
"""Barbie's Men @ 1MAe7RP1K5"" folds",2026-09-26T23:28:27.337Z,179046530733700
"""Will @ h_ZrezeXHs"" bets 2.00",2026-09-26T23:28:26.376Z,179046530637600
"""Barbie's Men @ 1MAe7RP1K5"" checks",2026-09-26T23:28:23.303Z,179046530330300
"Flop:  [9♠, K♦, 5♦]",2026-09-26T23:28:21.893Z,179046530189300
"""Barbie's Men @ 1MAe7RP1K5"" calls 3.00",2026-09-26T23:28:21.078Z,179046530107800
"""dih @ GO72Iwd2XL"" folds",2026-09-26T23:28:20.044Z,179046530004400
"""rowan @ GthBpPSqaK"" folds",2026-09-26T23:28:09.363Z,179046528936300
"""JJJ @ iacG4hF18c"" folds",2026-09-26T23:28:08.496Z,179046528849600
"""Will @ h_ZrezeXHs"" raises to 3.00",2026-09-26T23:27:58.778Z,179046527877800
"""Barbie's Men @ 1MAe7RP1K5"" calls 0.50",2026-09-26T23:27:56.638Z,179046527663800
"""dih @ GO72Iwd2XL"" posts a big blind of 0.50",2026-09-26T23:27:54.759Z,179046527475909
"""rowan @ GthBpPSqaK"" posts a small blind of 0.25",2026-09-26T23:27:54.759Z,179046527475908
"Player stacks: #1 ""rowan @ GthBpPSqaK"" (257.94) | #2 ""dih @ GO72Iwd2XL"" (235.17) | #3 ""Barbie's Men @ 1MAe7RP1K5"" (66.58) | #8 ""Will @ h_ZrezeXHs"" (141.94) | #10 ""JJJ @ iacG4hF18c"" (111.43)",2026-09-26T23:27:54.759Z,179046527475902
"-- starting hand #219 (id: qfvy3bznebwb)  No Limit Texas Hold'em (dealer: ""JJJ @ iacG4hF18c"") --",2026-09-26T23:27:54.759Z,179046527475901
"The admin updated the player ""Will @ h_ZrezeXHs"" stack from 91.94 to 141.94.",2026-09-26T23:27:54.759Z,179046527475900
"-- ending hand #218 --",2026-09-26T23:27:48.843Z,179046526884302
"""JJJ @ iacG4hF18c"" collected 23.00 from pot",2026-09-26T23:27:48.843Z,179046526884301
"Uncalled bet of 11.50 returned to ""JJJ @ iacG4hF18c""",2026-09-26T23:27:48.843Z,179046526884300
"""Barbie's Men @ 1MAe7RP1K5"" folds",2026-09-26T23:27:47.979Z,179046526797900
"""JJJ @ iacG4hF18c"" bets 11.50",2026-09-26T23:27:45.346Z,179046526534600
"Flop:  [6♥, A♦, 2♦]",2026-09-26T23:27:38.265Z,179046525826500
"""Will @ h_ZrezeXHs"" folds",2026-09-26T23:27:37.456Z,179046525745600
"""Barbie's Men @ 1MAe7RP1K5"" calls 9.50",2026-09-26T23:27:36.418Z,179046525641800
"""rowan @ GthBpPSqaK"" folds",2026-09-26T23:27:30.575Z,179046525057500
"""JJJ @ iacG4hF18c"" raises to 9.50",2026-09-26T23:27:29.689Z,179046524968900
"""Will @ h_ZrezeXHs"" raises to 3.50",2026-09-26T23:27:25.208Z,179046524520800
"WARNING: the admin queued the stack change for the player ""Will @ h_ZrezeXHs"" adding 50.00 chips in the next hand.",2026-09-26T23:27:23.655Z,179046524365500
"""Barbie's Men @ 1MAe7RP1K5"" calls 0.50",2026-09-26T23:27:22.777Z,179046524277700
"""dih @ GO72Iwd2XL"" folds",2026-09-26T23:27:16.107Z,179046523610700
"""rowan @ GthBpPSqaK"" posts a big blind of 0.50",2026-09-26T23:27:14.578Z,179046523457808
"""JJJ @ iacG4hF18c"" posts a small blind of 0.25",2026-09-26T23:27:14.578Z,179046523457807
"Player stacks: #1 ""rowan @ GthBpPSqaK"" (258.44) | #2 ""dih @ GO72Iwd2XL"" (235.17) | #3 ""Barbie's Men @ 1MAe7RP1K5"" (76.08) | #8 ""Will @ h_ZrezeXHs"" (95.44) | #10 ""JJJ @ iacG4hF18c"" (97.93)",2026-09-26T23:27:14.578Z,179046523457801
"-- starting hand #218 (id: tki2pweydtz7)  No Limit Texas Hold'em (dealer: ""Will @ h_ZrezeXHs"") --",2026-09-26T23:27:14.578Z,179046523457800
"""Barbie's Men @ 1MAe7RP1K5"" shows a 8♠.",2026-09-26T23:27:12.678Z,179046523267800
"""JJJ @ iacG4hF18c"" shows a 6♥, A♣.",2026-09-26T23:27:11.351Z,179046523135100
"""rowan @ GthBpPSqaK"" shows a Q♦, Q♥.",2026-09-26T23:27:09.907Z,179046522990700
"-- ending hand #217 --",2026-09-26T23:27:09.511Z,179046522951102
"""JJJ @ iacG4hF18c"" collected 15.97 from pot",2026-09-26T23:27:09.511Z,179046522951101
"Uncalled bet of 11.97 returned to ""JJJ @ iacG4hF18c""",2026-09-26T23:27:09.511Z,179046522951100
"""rowan @ GthBpPSqaK"" folds",2026-09-26T23:27:08.691Z,179046522869100
"""JJJ @ iacG4hF18c"" bets 11.97",2026-09-26T23:26:44.296Z,179046520429600
"River: 3♠, 10♦, 9♠, 7♣ [J♣]",2026-09-26T23:26:35.867Z,179046519586700
"""JJJ @ iacG4hF18c"" calls 3.74",2026-09-26T23:26:35.022Z,179046519502200
"""rowan @ GthBpPSqaK"" bets 3.74",2026-09-26T23:26:31.589Z,179046519158900
"""JJJ @ iacG4hF18c"" checks",2026-09-26T23:26:22.650Z,179046518265000
"Turn: 3♠, 10♦, 9♠ [7♣]",2026-09-26T23:26:21.561Z,179046518156100
"""JJJ @ iacG4hF18c"" calls 2.12",2026-09-26T23:26:20.756Z,179046518075600
"""rowan @ GthBpPSqaK"" bets 2.12",2026-09-26T23:26:17.561Z,179046517756100
"""JJJ @ iacG4hF18c"" checks",2026-09-26T23:26:13.515Z,179046517351500
"Flop:  [3♠, 10♦, 9♠]",2026-09-26T23:26:12.048Z,179046517204800
"""JJJ @ iacG4hF18c"" calls 2.00",2026-09-26T23:26:11.236Z,179046517123600
"""Will @ h_ZrezeXHs"" folds",2026-09-26T23:26:09.597Z,179046516959700
"""Barbie's Men @ 1MAe7RP1K5"" folds",2026-09-26T23:26:08.618Z,179046516861800
"""dih @ GO72Iwd2XL"" folds",2026-09-26T23:26:06.698Z,179046516669800
"""rowan @ GthBpPSqaK"" raises to 2.00",2026-09-26T23:26:05.794Z,179046516579400
"""JJJ @ iacG4hF18c"" posts a big blind of 0.50",2026-09-26T23:26:00.508Z,179046516050808
"""Will @ h_ZrezeXHs"" posts a small blind of 0.25",2026-09-26T23:26:00.508Z,179046516050807
"Player stacks: #1 ""rowan @ GthBpPSqaK"" (266.30) | #2 ""dih @ GO72Iwd2XL"" (235.17) | #3 ""Barbie's Men @ 1MAe7RP1K5"" (76.08) | #8 ""Will @ h_ZrezeXHs"" (95.69) | #10 ""JJJ @ iacG4hF18c"" (89.82)",2026-09-26T23:26:00.508Z,179046516050801
"-- starting hand #217 (id: bpgdyrakrf5l)  No Limit Texas Hold'em (dealer: ""Barbie's Men @ 1MAe7RP1K5"") --",2026-09-26T23:26:00.508Z,179046516050800
"""rowan @ GthBpPSqaK"" shows a J♠, K♦.",2026-09-26T23:25:55.898Z,179046515589800
"-- ending hand #216 --",2026-09-26T23:25:53.990Z,179046515399003
"""dih @ GO72Iwd2XL"" collected 42.97 from pot with Pair, A's (combination: 9♦, J♥, Q♣, A♥, A♠)",2026-09-26T23:25:53.990Z,179046515399002
"""dih @ GO72Iwd2XL"" shows a A♥, 8♠.",2026-09-26T23:25:53.990Z,179046515399001
"""Barbie's Men @ 1MAe7RP1K5"" shows a 6♦, Q♦.",2026-09-26T23:25:53.990Z,179046515399000
"""dih @ GO72Iwd2XL"" checks",2026-09-26T23:25:53.179Z,179046515317900
"""JJJ @ iacG4hF18c"" checks",2026-09-26T23:25:52.201Z,179046515220100
"""Will @ h_ZrezeXHs"" checks",2026-09-26T23:25:51.187Z,179046515118700
"""Barbie's Men @ 1MAe7RP1K5"" checks",2026-09-26T23:25:50.015Z,179046515001500
"River: J♥, Q♣, A♠, 5♠ [9♦]",2026-09-26T23:25:48.416Z,179046514841600
"""dih @ GO72Iwd2XL"" checks",2026-09-26T23:25:47.596Z,179046514759600
"""JJJ @ iacG4hF18c"" checks",2026-09-26T23:25:40.740Z,179046514074000
"""Will @ h_ZrezeXHs"" checks",2026-09-26T23:25:35.256Z,179046513525600
"""Barbie's Men @ 1MAe7RP1K5"" checks",2026-09-26T23:25:33.998Z,179046513399800
"Turn: J♥, Q♣, A♠ [5♠]",2026-09-26T23:25:32.779Z,179046513277900
"""Will @ h_ZrezeXHs"" calls 7.93",2026-09-26T23:25:31.900Z,179046513190000
"""Barbie's Men @ 1MAe7RP1K5"" calls 7.93",2026-09-26T23:25:30.178Z,179046513017800
"""dih @ GO72Iwd2XL"" calls 7.93",2026-09-26T23:25:29.075Z,179046512907500
"""rowan @ GthBpPSqaK"" folds",2026-09-26T23:25:27.051Z,179046512705100
"""JJJ @ iacG4hF18c"" bets 7.93",2026-09-26T23:25:22.215Z,179046512221500
"""Will @ h_ZrezeXHs"" checks",2026-09-26T23:25:10.588Z,179046511058800
"""Barbie's Men @ 1MAe7RP1K5"" checks",2026-09-26T23:25:09.557Z,179046510955700
"Flop:  [J♥, Q♣, A♠]",2026-09-26T23:25:07.768Z,179046510776800
"""Will @ h_ZrezeXHs"" calls 2.25",2026-09-26T23:25:06.937Z,179046510693700
"""Barbie's Men @ 1MAe7RP1K5"" calls 2.25",2026-09-26T23:25:05.858Z,179046510585800
"""dih @ GO72Iwd2XL"" calls 2.25",2026-09-26T23:25:04.931Z,179046510493100
"""rowan @ GthBpPSqaK"" calls 2.25",2026-09-26T23:25:03.642Z,179046510364200
"""JJJ @ iacG4hF18c"" raises to 2.25",2026-09-26T23:24:58.143Z,179046509814300
"""Will @ h_ZrezeXHs"" posts a big blind of 0.50",2026-09-26T23:24:54.261Z,179046509426109
"""Barbie's Men @ 1MAe7RP1K5"" posts a small blind of 0.25",2026-09-26T23:24:54.261Z,179046509426108
"Player stacks: #1 ""rowan @ GthBpPSqaK"" (268.55) | #2 ""dih @ GO72Iwd2XL"" (202.38) | #3 ""Barbie's Men @ 1MAe7RP1K5"" (86.26) | #8 ""Will @ h_ZrezeXHs"" (105.87) | #10 ""JJJ @ iacG4hF18c"" (100.00)",2026-09-26T23:24:54.261Z,179046509426102
"-- starting hand #216 (id: pew5bmvh3fxx)  No Limit Texas Hold'em (dealer: ""dih @ GO72Iwd2XL"") --",2026-09-26T23:24:54.261Z,179046509426101
"The player ""JJJ @ iacG4hF18c"" rebought. New stack 100.00.",2026-09-26T23:24:54.261Z,179046509426100
"Waiting for the game owner to approve or reject pending rebuy requests.",2026-09-26T23:24:53.621Z,179046509362101
"The player ""JJJ @ iacG4hF18c"" requested a rebuy of 100.00.",2026-09-26T23:24:53.621Z,179046509362100
"Asking to busted players the rebuy decision.",2026-09-26T23:24:49.391Z,179046508939100
"-- ending hand #215 --",2026-09-26T23:24:43.388Z,179046508338801
"""rowan @ GthBpPSqaK"" collected 41.93 from pot with Three of a Kind, J's (combination: 8♦, 9♠, J♥, J♦, J♠)",2026-09-26T23:24:43.388Z,179046508338800
"River: 5♦, 4♠, 8♦, J♠ [9♠]",2026-09-26T23:24:39.331Z,179046507933100
"Turn: 5♦, 4♠, 8♦ [J♠]",2026-09-26T23:24:35.305Z,179046507530500
"""JJJ @ iacG4hF18c"" shows a 5♣, A♠.",2026-09-26T23:24:31.300Z,179046507130001
"""rowan @ GthBpPSqaK"" shows a J♥, J♦.",2026-09-26T23:24:31.300Z,179046507130000
"Some players choose to not run it twice.",2026-09-26T23:24:30.438Z,179046507043801
"""JJJ @ iacG4hF18c"" chooses to not run it twice.",2026-09-26T23:24:30.438Z,179046507043800
"""rowan @ GthBpPSqaK"" chooses to  run it twice.",2026-09-26T23:24:29.313Z,179046506931300
"Remaining players decide whether to run it twice.",2026-09-26T23:24:28.318Z,179046506831801
"""Barbie's Men @ 1MAe7RP1K5"" folds",2026-09-26T23:24:28.318Z,179046506831800
"""rowan @ GthBpPSqaK"" calls 17.84",2026-09-26T23:24:26.973Z,179046506697300
"""JJJ @ iacG4hF18c"" bets 17.84 and go all in",2026-09-26T23:24:25.010Z,179046506501000
"""Barbie's Men @ 1MAe7RP1K5"" checks",2026-09-26T23:24:21.777Z,179046506177700
"Flop:  [5♦, 4♠, 8♦]",2026-09-26T23:24:18.712Z,179046505871200
"""JJJ @ iacG4hF18c"" calls 2.00",2026-09-26T23:24:17.897Z,179046505789700
"""Barbie's Men @ 1MAe7RP1K5"" calls 2.00",2026-09-26T23:24:16.657Z,179046505665700
"""dih @ GO72Iwd2XL"" folds",2026-09-26T23:24:14.877Z,179046505487700
"""rowan @ GthBpPSqaK"" raises to 2.00",2026-09-26T23:24:14.000Z,179046505400000
"""JJJ @ iacG4hF18c"" calls 0.50",2026-09-26T23:24:11.618Z,179046505161800
"""Will @ h_ZrezeXHs"" folds",2026-09-26T23:24:09.643Z,179046504964300
"""Barbie's Men @ 1MAe7RP1K5"" posts a big blind of 0.50",2026-09-26T23:24:08.506Z,179046504850608
"""dih @ GO72Iwd2XL"" posts a small blind of 0.25",2026-09-26T23:24:08.506Z,179046504850607
"Player stacks: #1 ""rowan @ GthBpPSqaK"" (246.46) | #2 ""dih @ GO72Iwd2XL"" (202.63) | #3 ""Barbie's Men @ 1MAe7RP1K5"" (88.26) | #8 ""Will @ h_ZrezeXHs"" (105.87) | #10 ""JJJ @ iacG4hF18c"" (19.84)",2026-09-26T23:24:08.506Z,179046504850601
"-- starting hand #215 (id: v8cked8w2fpm)  No Limit Texas Hold'em (dealer: ""rowan @ GthBpPSqaK"") --",2026-09-26T23:24:08.506Z,179046504850600
"""JJJ @ iacG4hF18c"" shows a Q♠.",2026-09-26T23:24:04.906Z,179046504490600
"-- ending hand #214 --",2026-09-26T23:24:01.983Z,179046504198302
"""Barbie's Men @ 1MAe7RP1K5"" collected 12.00 from pot with Straight, Q High (combination: 8♣, 9♠, 10♥, J♥, Q♣)",2026-09-26T23:24:01.983Z,179046504198301
"""Barbie's Men @ 1MAe7RP1K5"" shows a 8♣, 10♥.",2026-09-26T23:24:01.983Z,179046504198300
"""dih @ GO72Iwd2XL"" folds",2026-09-26T23:24:01.002Z,179046504100200
"""rowan @ GthBpPSqaK"" folds",2026-09-26T23:24:00.134Z,179046504013400
"""JJJ @ iacG4hF18c"" calls 5.00",2026-09-26T23:23:59.190Z,179046503919000
"""Barbie's Men @ 1MAe7RP1K5"" bets 5.00",2026-09-26T23:23:58.237Z,179046503823700
"""dih @ GO72Iwd2XL"" checks",2026-09-26T23:23:54.247Z,179046503424700
"""rowan @ GthBpPSqaK"" checks",2026-09-26T23:23:53.324Z,179046503332400
"River: J♥, 9♥, 9♠, 2♣ [Q♣]",2026-09-26T23:23:53.100Z,179046503310000
"""JJJ @ iacG4hF18c"" checks",2026-09-26T23:23:52.282Z,179046503228200
"""Barbie's Men @ 1MAe7RP1K5"" checks",2026-09-26T23:23:51.319Z,179046503131900
"""dih @ GO72Iwd2XL"" checks",2026-09-26T23:23:50.402Z,179046503040200
"""rowan @ GthBpPSqaK"" checks",2026-09-26T23:23:49.446Z,179046502944600
"Turn: J♥, 9♥, 9♠ [2♣]",2026-09-26T23:23:49.054Z,179046502905400
"""JJJ @ iacG4hF18c"" checks",2026-09-26T23:23:48.187Z,179046502818700
"""Barbie's Men @ 1MAe7RP1K5"" checks",2026-09-26T23:23:47.217Z,179046502721700
"""dih @ GO72Iwd2XL"" checks",2026-09-26T23:23:46.314Z,179046502631400
"""rowan @ GthBpPSqaK"" checks",2026-09-26T23:23:44.374Z,179046502437400
"Flop:  [J♥, 9♥, 9♠]",2026-09-26T23:23:43.047Z,179046502304700
"""dih @ GO72Iwd2XL"" checks",2026-09-26T23:23:42.196Z,179046502219600
"""rowan @ GthBpPSqaK"" calls 0.50",2026-09-26T23:23:37.451Z,179046501745100
"""JJJ @ iacG4hF18c"" calls 0.50",2026-09-26T23:23:35.451Z,179046501545100
"""Will @ h_ZrezeXHs"" folds",2026-09-26T23:23:32.308Z,179046501230800
"""Barbie's Men @ 1MAe7RP1K5"" calls 0.50",2026-09-26T23:23:29.238Z,179046500923800
"""dih @ GO72Iwd2XL"" posts a big blind of 0.50",2026-09-26T23:23:27.454Z,179046500745408
"""rowan @ GthBpPSqaK"" posts a small blind of 0.25",2026-09-26T23:23:27.454Z,179046500745407
"Player stacks: #1 ""rowan @ GthBpPSqaK"" (246.96) | #2 ""dih @ GO72Iwd2XL"" (203.13) | #3 ""Barbie's Men @ 1MAe7RP1K5"" (81.76) | #8 ""Will @ h_ZrezeXHs"" (105.87) | #10 ""JJJ @ iacG4hF18c"" (25.34)",2026-09-26T23:23:27.454Z,179046500745401
"-- starting hand #214 (id: 0rpytliocref)  No Limit Texas Hold'em (dealer: ""JJJ @ iacG4hF18c"") --",2026-09-26T23:23:27.454Z,179046500745400
"-- ending hand #213 --",2026-09-26T23:23:19.450Z,179046499945002
"""JJJ @ iacG4hF18c"" collected 25.34 from pot with Two Pair, A's & 9's on the second run  (combination: K♣, 9♥, 9♦, A♦, A♠)",2026-09-26T23:23:19.450Z,179046499945001
"""Barbie's Men @ 1MAe7RP1K5"" collected 25.34 from pot with Three of a Kind, J's (combination: 10♥, K♥, J♠, J♦, J♣)",2026-09-26T23:23:19.450Z,179046499945000
"River (second run): K♣, 6♦, 9♥, A♠ [9♦]",2026-09-26T23:23:15.393Z,179046499539300
"Turn (second run): K♣, 6♦, 9♥ [A♠]",2026-09-26T23:23:11.388Z,179046499138800
"Flop (second run):  [K♣, 6♦, 9♥]",2026-09-26T23:23:07.382Z,179046498738200
"River: 10♥, 6♠, J♦, J♣ [3♥]",2026-09-26T23:23:03.324Z,179046498332400
"Turn: 10♥, 6♠, J♦ [J♣]",2026-09-26T23:22:59.296Z,179046497929600
"Flop:  [10♥, 6♠, J♦]",2026-09-26T23:22:55.292Z,179046497529200
"""JJJ @ iacG4hF18c"" shows a A♦, 10♠.",2026-09-26T23:22:51.217Z,179046497121701
"""Barbie's Men @ 1MAe7RP1K5"" shows a K♥, J♠.",2026-09-26T23:22:51.217Z,179046497121700
"All players in hand choose to run it twice.",2026-09-26T23:22:50.389Z,179046497038901
"""JJJ @ iacG4hF18c"" chooses to  run it twice.",2026-09-26T23:22:50.389Z,179046497038900
"""Barbie's Men @ 1MAe7RP1K5"" chooses to  run it twice.",2026-09-26T23:22:47.978Z,179046496797800
"Remaining players decide whether to run it twice.",2026-09-26T23:22:47.373Z,179046496737301
"""Barbie's Men @ 1MAe7RP1K5"" calls 24.09",2026-09-26T23:22:47.373Z,179046496737300
"""dih @ GO72Iwd2XL"" folds",2026-09-26T23:22:40.888Z,179046496088800
"""rowan @ GthBpPSqaK"" folds",2026-09-26T23:22:39.842Z,179046495984200
"""JJJ @ iacG4hF18c"" raises to 24.09 and go all in",2026-09-26T23:22:38.994Z,179046495899400
"""Will @ h_ZrezeXHs"" folds",2026-09-26T23:22:34.303Z,179046495430300
"""Barbie's Men @ 1MAe7RP1K5"" raises to 8.25",2026-09-26T23:22:32.550Z,179046495255000
"""dih @ GO72Iwd2XL"" raises to 2.00",2026-09-26T23:22:27.796Z,179046494779600
"""rowan @ GthBpPSqaK"" posts a big blind of 0.50",2026-09-26T23:22:23.770Z,179046494377009
"""JJJ @ iacG4hF18c"" posts a small blind of 0.25",2026-09-26T23:22:23.770Z,179046494377008
"Player stacks: #1 ""rowan @ GthBpPSqaK"" (247.46) | #2 ""dih @ GO72Iwd2XL"" (205.13) | #3 ""Barbie's Men @ 1MAe7RP1K5"" (80.51) | #8 ""Will @ h_ZrezeXHs"" (105.87) | #10 ""JJJ @ iacG4hF18c"" (24.09)",2026-09-26T23:22:23.770Z,179046494377002
"-- starting hand #213 (id: uo2lyucczacp)  No Limit Texas Hold'em (dealer: ""Will @ h_ZrezeXHs"") --",2026-09-26T23:22:23.770Z,179046494377001
"Game Config Changes
* Decision Limit Time: 20s » 30s
* Max Time Bank: 10s » 15s",2026-09-26T23:22:23.770Z,179046494377000
"""Barbie's Men @ 1MAe7RP1K5"" shows a 6♣, J♠.",2026-09-26T23:22:21.617Z,179046494161700
"""dih @ GO72Iwd2XL"" shows a A♣, K♦.",2026-09-26T23:22:20.149Z,179046494014900
"-- ending hand #212 --",2026-09-26T23:22:19.396Z,179046493939602
"""dih @ GO72Iwd2XL"" collected 51.75 from pot",2026-09-26T23:22:19.396Z,179046493939601
"Uncalled bet of 23.38 returned to ""dih @ GO72Iwd2XL""",2026-09-26T23:22:19.396Z,179046493939600
"""Barbie's Men @ 1MAe7RP1K5"" folds",2026-09-26T23:22:18.587Z,179046493858700
"""dih @ GO72Iwd2XL"" bets 23.38",2026-09-26T23:21:50.745Z,179046491074500
"River: Q♦, 10♠, J♦, Q♣ [4♦]",2026-09-26T23:21:43.882Z,179046490388200
"""Barbie's Men @ 1MAe7RP1K5"" calls 17.25",2026-09-26T23:21:43.033Z,179046490303300
"""dih @ GO72Iwd2XL"" bets 17.25",2026-09-26T23:21:41.923Z,179046490192300
"Turn: Q♦, 10♠, J♦ [Q♣]",2026-09-26T23:21:34.479Z,179046489447900
"""Barbie's Men @ 1MAe7RP1K5"" calls 5.75",2026-09-26T23:21:33.572Z,179046489357200
"""dih @ GO72Iwd2XL"" bets 5.75",2026-09-26T23:21:32.115Z,179046489211500
"Flop:  [Q♦, 10♠, J♦]",2026-09-26T23:21:26.878Z,179046488687800
"""JJJ @ iacG4hF18c"" folds",2026-09-26T23:21:26.071Z,179046488607100
"""Will @ h_ZrezeXHs"" folds",2026-09-26T23:21:22.198Z,179046488219800
"""Barbie's Men @ 1MAe7RP1K5"" calls 2.50",2026-09-26T23:21:19.547Z,179046487954700
"""dih @ GO72Iwd2XL"" raises to 2.50",2026-09-26T23:21:18.227Z,179046487822700
"""rowan @ GthBpPSqaK"" folds",2026-09-26T23:21:15.654Z,179046487565400
"""JJJ @ iacG4hF18c"" posts a big blind of 0.50",2026-09-26T23:21:14.260Z,179046487426008
"""Will @ h_ZrezeXHs"" posts a small blind of 0.25",2026-09-26T23:21:14.260Z,179046487426007
"Player stacks: #1 ""rowan @ GthBpPSqaK"" (247.46) | #2 ""dih @ GO72Iwd2XL"" (178.88) | #3 ""Barbie's Men @ 1MAe7RP1K5"" (106.01) | #8 ""Will @ h_ZrezeXHs"" (106.12) | #10 ""JJJ @ iacG4hF18c"" (24.59)",2026-09-26T23:21:14.260Z,179046487426001
"-- starting hand #212 (id: iebipdpirdr2)  No Limit Texas Hold'em (dealer: ""Barbie's Men @ 1MAe7RP1K5"") --",2026-09-26T23:21:14.260Z,179046487426000
"-- ending hand #211 --",2026-09-26T23:21:11.258Z,179046487125802
"""Will @ h_ZrezeXHs"" collected 16.24 from pot",2026-09-26T23:21:11.258Z,179046487125801
"Uncalled bet of 16.24 returned to ""Will @ h_ZrezeXHs""",2026-09-26T23:21:11.258Z,179046487125800
"""Barbie's Men @ 1MAe7RP1K5"" folds",2026-09-26T23:21:10.387Z,179046487038700
"""Will @ h_ZrezeXHs"" bets 16.24",2026-09-26T23:21:09.467Z,179046486946700
"""Barbie's Men @ 1MAe7RP1K5"" checks",2026-09-26T23:21:05.848Z,179046486584800
"River: J♦, J♣, 5♦, 2♥ [8♠]",2026-09-26T23:21:04.671Z,179046486467100
"""Barbie's Men @ 1MAe7RP1K5"" calls 4.87",2026-09-26T23:21:03.847Z,179046486384700
"""dih @ GO72Iwd2XL"" folds",2026-09-26T23:21:02.747Z,179046486274700
"""Will @ h_ZrezeXHs"" bets 4.87",2026-09-26T23:21:00.976Z,179046486097600
"""Barbie's Men @ 1MAe7RP1K5"" checks",2026-09-26T23:20:58.908Z,179046485890800
"Turn: J♦, J♣, 5♦ [2♥]",2026-09-26T23:20:57.889Z,179046485788900
"""dih @ GO72Iwd2XL"" checks",2026-09-26T23:20:57.025Z,179046485702500
"""Will @ h_ZrezeXHs"" checks",2026-09-26T23:20:55.289Z,179046485528900
"""Barbie's Men @ 1MAe7RP1K5"" checks",2026-09-26T23:20:54.232Z,179046485423200
"Flop:  [J♦, J♣, 5♦]",2026-09-26T23:20:51.605Z,179046485160500
"""JJJ @ iacG4hF18c"" folds",2026-09-26T23:20:50.794Z,179046485079400
"""Will @ h_ZrezeXHs"" calls 2.00",2026-09-26T23:20:49.531Z,179046484953100
"""Barbie's Men @ 1MAe7RP1K5"" calls 2.00",2026-09-26T23:20:48.490Z,179046484849000
"""dih @ GO72Iwd2XL"" raises to 2.00",2026-09-26T23:20:47.291Z,179046484729100
"""rowan @ GthBpPSqaK"" folds",2026-09-26T23:20:42.536Z,179046484253600
"""JJJ @ iacG4hF18c"" calls 0.50",2026-09-26T23:20:40.937Z,179046484093700
"""Will @ h_ZrezeXHs"" posts a big blind of 0.50",2026-09-26T23:20:39.594Z,179046483959408
"""Barbie's Men @ 1MAe7RP1K5"" posts a small blind of 0.25",2026-09-26T23:20:39.594Z,179046483959407
"Player stacks: #1 ""rowan @ GthBpPSqaK"" (247.46) | #2 ""dih @ GO72Iwd2XL"" (180.88) | #3 ""Barbie's Men @ 1MAe7RP1K5"" (112.88) | #8 ""Will @ h_ZrezeXHs"" (96.75) | #10 ""JJJ @ iacG4hF18c"" (25.09)",2026-09-26T23:20:39.594Z,179046483959401
"-- starting hand #211 (id: cwgarof0o5uv)  No Limit Texas Hold'em (dealer: ""dih @ GO72Iwd2XL"") --",2026-09-26T23:20:39.594Z,179046483959400
"""Barbie's Men @ 1MAe7RP1K5"" shows a 6♦, 7♣.",2026-09-26T23:20:34.912Z,179046483491200
"-- ending hand #210 --",2026-09-26T23:20:32.983Z,179046483298302
"""Barbie's Men @ 1MAe7RP1K5"" collected 10.00 from pot",2026-09-26T23:20:32.983Z,179046483298301
"Uncalled bet of 102.88 returned to ""Barbie's Men @ 1MAe7RP1K5""",2026-09-26T23:20:32.983Z,179046483298300
"""dih @ GO72Iwd2XL"" folds",2026-09-26T23:20:32.156Z,179046483215600
"""JJJ @ iacG4hF18c"" folds",2026-09-26T23:20:31.272Z,179046483127200
"""Will @ h_ZrezeXHs"" folds",2026-09-26T23:20:30.266Z,179046483026600
"""Barbie's Men @ 1MAe7RP1K5"" bets 102.88 and go all in",2026-09-26T23:20:29.111Z,179046482911100
"""dih @ GO72Iwd2XL"" checks",2026-09-26T23:20:26.793Z,179046482679300
"Turn: A♦, 9♥, 5♠ [8♥]",2026-09-26T23:20:22.455Z,179046482245500
"""JJJ @ iacG4hF18c"" checks",2026-09-26T23:20:21.592Z,179046482159200
"""Will @ h_ZrezeXHs"" checks",2026-09-26T23:20:20.448Z,179046482044800
"""Barbie's Men @ 1MAe7RP1K5"" checks",2026-09-26T23:20:19.168Z,179046481916800
"""dih @ GO72Iwd2XL"" checks",2026-09-26T23:20:16.937Z,179046481693700
"Flop:  [A♦, 9♥, 5♠]",2026-09-26T23:20:15.173Z,179046481517300
"""Barbie's Men @ 1MAe7RP1K5"" calls 2.50",2026-09-26T23:20:14.313Z,179046481431300
"""dih @ GO72Iwd2XL"" calls 2.50",2026-09-26T23:20:13.374Z,179046481337400
"""rowan @ GthBpPSqaK"" folds",2026-09-26T23:20:12.287Z,179046481228700
"""JJJ @ iacG4hF18c"" calls 2.50",2026-09-26T23:20:11.368Z,179046481136800
"""Will @ h_ZrezeXHs"" raises to 2.50",2026-09-26T23:20:08.336Z,179046480833600
"""Barbie's Men @ 1MAe7RP1K5"" posts a big blind of 0.50",2026-09-26T23:20:05.605Z,179046480560508
"""dih @ GO72Iwd2XL"" posts a small blind of 0.25",2026-09-26T23:20:05.605Z,179046480560507
"Player stacks: #1 ""rowan @ GthBpPSqaK"" (247.46) | #2 ""dih @ GO72Iwd2XL"" (183.38) | #3 ""Barbie's Men @ 1MAe7RP1K5"" (105.38) | #8 ""Will @ h_ZrezeXHs"" (99.25) | #10 ""JJJ @ iacG4hF18c"" (27.59)",2026-09-26T23:20:05.605Z,179046480560501
"-- starting hand #210 (id: npupiqkhph5s)  No Limit Texas Hold'em (dealer: ""rowan @ GthBpPSqaK"") --",2026-09-26T23:20:05.605Z,179046480560500
"-- ending hand #209 --",2026-09-26T23:20:02.654Z,179046480265402
"""JJJ @ iacG4hF18c"" collected 5.25 from pot",2026-09-26T23:20:02.654Z,179046480265401
"Uncalled bet of 22.34 returned to ""JJJ @ iacG4hF18c""",2026-09-26T23:20:02.654Z,179046480265400
"""Barbie's Men @ 1MAe7RP1K5"" folds",2026-09-26T23:20:01.783Z,179046480178300
"""JJJ @ iacG4hF18c"" bets 22.34 and go all in",2026-09-26T23:20:00.320Z,179046480032000
"""Barbie's Men @ 1MAe7RP1K5"" checks",2026-09-26T23:19:57.587Z,179046479758700
"River: A♥, 6♠, 9♦, 9♠ [9♥]",2026-09-26T23:19:55.490Z,179046479549000
"""JJJ @ iacG4hF18c"" checks",2026-09-26T23:19:54.650Z,179046479465000
"""Barbie's Men @ 1MAe7RP1K5"" checks",2026-09-26T23:19:52.950Z,179046479295000
"Turn: A♥, 6♠, 9♦ [9♠]",2026-09-26T23:19:51.718Z,179046479171800
"""Barbie's Men @ 1MAe7RP1K5"" calls 1.75",2026-09-26T23:19:50.892Z,179046479089200
"""dih @ GO72Iwd2XL"" folds",2026-09-26T23:19:49.799Z,179046478979900
"""JJJ @ iacG4hF18c"" bets 1.75",2026-09-26T23:19:46.088Z,179046478608800
"""Barbie's Men @ 1MAe7RP1K5"" checks",2026-09-26T23:19:43.977Z,179046478397700
"""dih @ GO72Iwd2XL"" checks",2026-09-26T23:19:43.037Z,179046478303700
"Flop:  [A♥, 6♠, 9♦]",2026-09-26T23:19:38.886Z,179046477888600
"""dih @ GO72Iwd2XL"" checks",2026-09-26T23:19:37.993Z,179046477799300
"""rowan @ GthBpPSqaK"" folds",2026-09-26T23:19:36.525Z,179046477652500
"""JJJ @ iacG4hF18c"" calls 0.50",2026-09-26T23:19:35.570Z,179046477557000
"""Will @ h_ZrezeXHs"" folds",2026-09-26T23:19:34.456Z,179046477445600
"""Barbie's Men @ 1MAe7RP1K5"" calls 0.50",2026-09-26T23:19:33.548Z,179046477354800
"""dih @ GO72Iwd2XL"" posts a big blind of 0.50",2026-09-26T23:19:32.474Z,179046477247408
"""rowan @ GthBpPSqaK"" posts a small blind of 0.25",2026-09-26T23:19:32.474Z,179046477247407
"Player stacks: #1 ""rowan @ GthBpPSqaK"" (247.71) | #2 ""dih @ GO72Iwd2XL"" (183.88) | #3 ""Barbie's Men @ 1MAe7RP1K5"" (107.63) | #8 ""Will @ h_ZrezeXHs"" (99.25) | #10 ""JJJ @ iacG4hF18c"" (24.59)",2026-09-26T23:19:32.474Z,179046477247401
"-- starting hand #209 (id: auujlp6jv7pf)  No Limit Texas Hold'em (dealer: ""JJJ @ iacG4hF18c"") --",2026-09-26T23:19:32.474Z,179046477247400
"-- ending hand #208 --",2026-09-26T23:19:26.454Z,179046476645402
"""Will @ h_ZrezeXHs"" collected 1.25 from pot",2026-09-26T23:19:26.454Z,179046476645401
"Uncalled bet of 2.00 returned to ""Will @ h_ZrezeXHs""",2026-09-26T23:19:26.454Z,179046476645400
"""rowan @ GthBpPSqaK"" folds",2026-09-26T23:19:25.551Z,179046476555100
"""JJJ @ iacG4hF18c"" folds",2026-09-26T23:19:23.052Z,179046476305200
"""Will @ h_ZrezeXHs"" raises to 2.50",2026-09-26T23:19:16.939Z,179046475693900
"""Barbie's Men @ 1MAe7RP1K5"" folds",2026-09-26T23:19:13.947Z,179046475394700
"""dih @ GO72Iwd2XL"" folds",2026-09-26T23:19:13.064Z,179046475306400
"""rowan @ GthBpPSqaK"" posts a big blind of 0.50",2026-09-26T23:19:10.935Z,179046475093508
"""JJJ @ iacG4hF18c"" posts a small blind of 0.25",2026-09-26T23:19:10.935Z,179046475093507
"Player stacks: #1 ""rowan @ GthBpPSqaK"" (248.21) | #2 ""dih @ GO72Iwd2XL"" (183.88) | #3 ""Barbie's Men @ 1MAe7RP1K5"" (107.63) | #8 ""Will @ h_ZrezeXHs"" (98.50) | #10 ""JJJ @ iacG4hF18c"" (24.84)",2026-09-26T23:19:10.935Z,179046475093501
"-- starting hand #208 (id: lyieqxpikb18)  No Limit Texas Hold'em (dealer: ""Will @ h_ZrezeXHs"") --",2026-09-26T23:19:10.935Z,179046475093500
"-- ending hand #207 --",2026-09-26T23:19:05.025Z,179046474502502
"""JJJ @ iacG4hF18c"" collected 6.00 from pot",2026-09-26T23:19:05.025Z,179046474502501
"Uncalled bet of 4.50 returned to ""JJJ @ iacG4hF18c""",2026-09-26T23:19:05.025Z,179046474502500
"""Will @ h_ZrezeXHs"" folds",2026-09-26T23:19:04.186Z,179046474418600
"""Barbie's Men @ 1MAe7RP1K5"" folds",2026-09-26T23:19:03.287Z,179046474328700
"""dih @ GO72Iwd2XL"" folds",2026-09-26T23:19:02.345Z,179046474234500
"""JJJ @ iacG4hF18c"" bets 4.50",2026-09-26T23:18:59.530Z,179046473953000
"""Will @ h_ZrezeXHs"" checks",2026-09-26T23:18:54.636Z,179046473463600
"Flop:  [3♦, K♦, 8♣]",2026-09-26T23:18:53.278Z,179046473327800
"""JJJ @ iacG4hF18c"" calls 1.50",2026-09-26T23:18:52.419Z,179046473241900
"""Will @ h_ZrezeXHs"" calls 1.50",2026-09-26T23:18:49.978Z,179046472997800
"""Barbie's Men @ 1MAe7RP1K5"" calls 1.50",2026-09-26T23:18:48.354Z,179046472835400
"""dih @ GO72Iwd2XL"" raises to 1.50",2026-09-26T23:18:47.068Z,179046472706800
"""rowan @ GthBpPSqaK"" folds",2026-09-26T23:18:44.576Z,179046472457600
"""JJJ @ iacG4hF18c"" posts a big blind of 0.50",2026-09-26T23:18:43.323Z,179046472332309
"""Will @ h_ZrezeXHs"" posts a small blind of 0.25",2026-09-26T23:18:43.323Z,179046472332308
"Player stacks: #1 ""rowan @ GthBpPSqaK"" (248.21) | #2 ""dih @ GO72Iwd2XL"" (185.38) | #3 ""Barbie's Men @ 1MAe7RP1K5"" (109.13) | #8 ""Will @ h_ZrezeXHs"" (100.00) | #10 ""JJJ @ iacG4hF18c"" (20.34)",2026-09-26T23:18:43.323Z,179046472332302
"-- starting hand #207 (id: wvkxaph2aqmk)  No Limit Texas Hold'em (dealer: ""Barbie's Men @ 1MAe7RP1K5"") --",2026-09-26T23:18:43.323Z,179046472332301
"The player ""Will @ h_ZrezeXHs"" rebought. New stack 100.00.",2026-09-26T23:18:43.323Z,179046472332300
"Waiting for the game owner to approve or reject pending rebuy requests.",2026-09-26T23:18:42.243Z,179046472224301
"The player ""Will @ h_ZrezeXHs"" requested a rebuy of 100.00.",2026-09-26T23:18:42.243Z,179046472224300
"Asking to busted players the rebuy decision.",2026-09-26T23:18:31.353Z,179046471135300
"-- ending hand #206 --",2026-09-26T23:18:25.338Z,179046470533803
"""rowan @ GthBpPSqaK"" collected 181.26 from pot with Flush, A High (combination: 6♠, 7♠, 8♠, K♠, A♠)",2026-09-26T23:18:25.338Z,179046470533802
"""rowan @ GthBpPSqaK"" shows a 7♠, 6♠.",2026-09-26T23:18:25.338Z,179046470533801
"""Will @ h_ZrezeXHs"" shows a K♣, K♥.",2026-09-26T23:18:25.338Z,179046470533800
"""rowan @ GthBpPSqaK"" calls 63.38",2026-09-26T23:18:24.468Z,179046470446800
"""Will @ h_ZrezeXHs"" bets 63.38 and go all in",2026-09-26T23:18:23.396Z,179046470339600
"River: K♠, 6♣, A♠, 8♠ [10♣]",2026-09-26T23:17:58.150Z,179046467815000
"""rowan @ GthBpPSqaK"" calls 13.50",2026-09-26T23:17:57.326Z,179046467732600
"""Will @ h_ZrezeXHs"" bets 13.50",2026-09-26T23:17:50.897Z,179046467089700
"Turn: K♠, 6♣, A♠ [8♠]",2026-09-26T23:17:42.593Z,179046466259300
"""rowan @ GthBpPSqaK"" calls 5.50",2026-09-26T23:17:41.767Z,179046466176700
"""Will @ h_ZrezeXHs"" bets 5.50",2026-09-26T23:17:40.284Z,179046466028400
"Flop:  [K♠, 6♣, A♠]",2026-09-26T23:17:36.221Z,179046465622100
"""Barbie's Men @ 1MAe7RP1K5"" folds",2026-09-26T23:17:35.389Z,179046465538900
"""rowan @ GthBpPSqaK"" calls 7.50",2026-09-26T23:17:32.923Z,179046465292300
"""Will @ h_ZrezeXHs"" raises to 7.50",2026-09-26T23:17:31.380Z,179046465138000
"""Barbie's Men @ 1MAe7RP1K5"" calls 1.50",2026-09-26T23:17:28.952Z,179046464895200
"""dih @ GO72Iwd2XL"" folds",2026-09-26T23:17:26.198Z,179046464619800
"""rowan @ GthBpPSqaK"" raises to 1.50",2026-09-26T23:17:25.241Z,179046464524100
"""JJJ @ iacG4hF18c"" folds",2026-09-26T23:17:22.783Z,179046464278300
"""Will @ h_ZrezeXHs"" posts a big blind of 0.50",2026-09-26T23:17:21.479Z,179046464147908
"""Barbie's Men @ 1MAe7RP1K5"" posts a small blind of 0.25",2026-09-26T23:17:21.479Z,179046464147907
"Player stacks: #1 ""rowan @ GthBpPSqaK"" (156.83) | #2 ""dih @ GO72Iwd2XL"" (185.38) | #3 ""Barbie's Men @ 1MAe7RP1K5"" (110.63) | #8 ""Will @ h_ZrezeXHs"" (89.88) | #10 ""JJJ @ iacG4hF18c"" (20.34)",2026-09-26T23:17:21.479Z,179046464147901
"-- starting hand #206 (id: 5veuir8l7kvu)  No Limit Texas Hold'em (dealer: ""dih @ GO72Iwd2XL"") --",2026-09-26T23:17:21.479Z,179046464147900
"""Barbie's Men @ 1MAe7RP1K5"" shows a K♣.",2026-09-26T23:17:19.247Z,179046463924700
"""dih @ GO72Iwd2XL"" shows a 10♦.",2026-09-26T23:17:16.851Z,179046463685100
"-- ending hand #205 --",2026-09-26T23:17:14.175Z,179046463417502
"""dih @ GO72Iwd2XL"" collected 25.38 from pot",2026-09-26T23:17:14.175Z,179046463417501
"Uncalled bet of 17.00 returned to ""dih @ GO72Iwd2XL""",2026-09-26T23:17:14.175Z,179046463417500
"""Barbie's Men @ 1MAe7RP1K5"" folds",2026-09-26T23:17:13.288Z,179046463328800
"""dih @ GO72Iwd2XL"" bets 17.00",2026-09-26T23:17:12.216Z,179046463221600
"Turn: 10♣, 5♣, 8♠ [3♥]",2026-09-26T23:17:06.398Z,179046462639800
"""rowan @ GthBpPSqaK"" folds",2026-09-26T23:17:05.565Z,179046462556500
"""JJJ @ iacG4hF18c"" folds",2026-09-26T23:17:04.730Z,179046462473000
"""Barbie's Men @ 1MAe7RP1K5"" calls 8.69",2026-09-26T23:17:03.734Z,179046462373400
"""dih @ GO72Iwd2XL"" bets 8.69",2026-09-26T23:17:02.772Z,179046462277200
"Flop:  [10♣, 5♣, 8♠]",2026-09-26T23:16:57.763Z,179046461776300
"""rowan @ GthBpPSqaK"" calls 2.00",2026-09-26T23:16:56.936Z,179046461693600
"""JJJ @ iacG4hF18c"" calls 2.00",2026-09-26T23:16:56.095Z,179046461609500
"""Barbie's Men @ 1MAe7RP1K5"" calls 2.00",2026-09-26T23:16:55.188Z,179046461518800
"""dih @ GO72Iwd2XL"" raises to 2.00",2026-09-26T23:16:53.898Z,179046461389800
"""rowan @ GthBpPSqaK"" calls 0.50",2026-09-26T23:16:47.587Z,179046460758700
"""JJJ @ iacG4hF18c"" calls 0.50",2026-09-26T23:16:46.646Z,179046460664600
"""Will @ h_ZrezeXHs"" folds",2026-09-26T23:16:45.747Z,179046460574700
"""Barbie's Men @ 1MAe7RP1K5"" posts a big blind of 0.50",2026-09-26T23:16:44.805Z,179046460480508
"""dih @ GO72Iwd2XL"" posts a small blind of 0.25",2026-09-26T23:16:44.805Z,179046460480507
"Player stacks: #1 ""rowan @ GthBpPSqaK"" (158.83) | #2 ""dih @ GO72Iwd2XL"" (170.69) | #3 ""Barbie's Men @ 1MAe7RP1K5"" (121.32) | #8 ""Will @ h_ZrezeXHs"" (89.88) | #10 ""JJJ @ iacG4hF18c"" (22.34)",2026-09-26T23:16:44.805Z,179046460480501
"-- starting hand #205 (id: vc1tnze6wcso)  No Limit Texas Hold'em (dealer: ""rowan @ GthBpPSqaK"") --",2026-09-26T23:16:44.805Z,179046460480500
"-- ending hand #204 --",2026-09-26T23:16:38.891Z,179046459889102
"""Will @ h_ZrezeXHs"" collected 13.75 from pot",2026-09-26T23:16:38.891Z,179046459889101
"Uncalled bet of 10.31 returned to ""Will @ h_ZrezeXHs""",2026-09-26T23:16:38.891Z,179046459889100
"""Barbie's Men @ 1MAe7RP1K5"" folds",2026-09-26T23:16:38.078Z,179046459807800
"""Will @ h_ZrezeXHs"" bets 10.31",2026-09-26T23:16:37.091Z,179046459709100
"""Barbie's Men @ 1MAe7RP1K5"" checks",2026-09-26T23:16:34.858Z,179046459485800
"Turn: A♣, A♥, 5♥ [9♦]",2026-09-26T23:16:33.686Z,179046459368600
"""Barbie's Men @ 1MAe7RP1K5"" calls 2.50",2026-09-26T23:16:32.849Z,179046459284900
"""Will @ h_ZrezeXHs"" bets 2.50",2026-09-26T23:16:29.379Z,179046458937900
"""Barbie's Men @ 1MAe7RP1K5"" checks",2026-09-26T23:16:26.289Z,179046458628900
"Flop:  [A♣, A♥, 5♥]",2026-09-26T23:16:24.344Z,179046458434400
"""dih @ GO72Iwd2XL"" folds",2026-09-26T23:16:23.515Z,179046458351500
"""rowan @ GthBpPSqaK"" folds",2026-09-26T23:16:19.639Z,179046457963900
"""JJJ @ iacG4hF18c"" folds",2026-09-26T23:16:18.785Z,179046457878500
"""Will @ h_ZrezeXHs"" calls 4.00",2026-09-26T23:16:17.893Z,179046457789300
"""Barbie's Men @ 1MAe7RP1K5"" raises to 4.00",2026-09-26T23:16:14.747Z,179046457474700
"""dih @ GO72Iwd2XL"" posts a big blind of 0.50",2026-09-26T23:16:01.989Z,179046456198908
"""rowan @ GthBpPSqaK"" posts a small blind of 0.25",2026-09-26T23:16:01.989Z,179046456198907
"Player stacks: #1 ""rowan @ GthBpPSqaK"" (159.08) | #2 ""dih @ GO72Iwd2XL"" (171.19) | #3 ""Barbie's Men @ 1MAe7RP1K5"" (127.82) | #8 ""Will @ h_ZrezeXHs"" (82.63) | #10 ""JJJ @ iacG4hF18c"" (22.34)",2026-09-26T23:16:01.989Z,179046456198901
"-- starting hand #204 (id: zx3swnqzrbeq)  No Limit Texas Hold'em (dealer: ""JJJ @ iacG4hF18c"") --",2026-09-26T23:16:01.989Z,179046456198900
"""Barbie's Men @ 1MAe7RP1K5"" shows a 9♠.",2026-09-26T23:16:00.191Z,179046456019100
"""rowan @ GthBpPSqaK"" shows a 7♣.",2026-09-26T23:15:59.046Z,179046455904600
"""Barbie's Men @ 1MAe7RP1K5"" shows a 8♣.",2026-09-26T23:15:56.227Z,179046455622700
"-- ending hand #203 --",2026-09-26T23:15:54.949Z,179046455494902
"""dih @ GO72Iwd2XL"" collected 30.00 from pot with Flush, A High (combination: 4♣, 9♣, J♣, Q♣, A♣)",2026-09-26T23:15:54.949Z,179046455494901
"""dih @ GO72Iwd2XL"" shows a 4♣, 9♣.",2026-09-26T23:15:54.949Z,179046455494900
"""Barbie's Men @ 1MAe7RP1K5"" checks",2026-09-26T23:15:54.087Z,179046455408700
"""dih @ GO72Iwd2XL"" checks",2026-09-26T23:15:53.183Z,179046455318300
"River: 3♣, A♣, J♣, Q♣ [5♦]",2026-09-26T23:15:48.945Z,179046454894500
"""dih @ GO72Iwd2XL"" calls 12.00",2026-09-26T23:15:48.121Z,179046454812100
"""Barbie's Men @ 1MAe7RP1K5"" raises to 12.00",2026-09-26T23:15:45.673Z,179046454567300
"""dih @ GO72Iwd2XL"" bets 6.00",2026-09-26T23:15:42.616Z,179046454261600
"Turn: 3♣, A♣, J♣ [Q♣]",2026-09-26T23:15:39.942Z,179046453994200
"""rowan @ GthBpPSqaK"" folds",2026-09-26T23:15:39.078Z,179046453907800
"""JJJ @ iacG4hF18c"" folds",2026-09-26T23:15:38.196Z,179046453819600
"""Barbie's Men @ 1MAe7RP1K5"" calls 2.00",2026-09-26T23:15:35.847Z,179046453584700
"""dih @ GO72Iwd2XL"" bets 2.00",2026-09-26T23:15:34.893Z,179046453489300
"""rowan @ GthBpPSqaK"" checks",2026-09-26T23:15:30.591Z,179046453059100
"""JJJ @ iacG4hF18c"" checks",2026-09-26T23:15:29.635Z,179046452963500
"Flop:  [3♣, A♣, J♣]",2026-09-26T23:15:15.698Z,179046451569800
"""rowan @ GthBpPSqaK"" checks",2026-09-26T23:15:14.871Z,179046451487100
"""JJJ @ iacG4hF18c"" calls 0.50",2026-09-26T23:15:13.614Z,179046451361400
"""Will @ h_ZrezeXHs"" folds",2026-09-26T23:15:00.734Z,179046450073400
"""Barbie's Men @ 1MAe7RP1K5"" calls 0.50",2026-09-26T23:14:59.672Z,179046449967200
"""dih @ GO72Iwd2XL"" calls 0.50",2026-09-26T23:14:57.467Z,179046449746700
"""rowan @ GthBpPSqaK"" posts a big blind of 0.50",2026-09-26T23:14:52.089Z,179046449208908
"""JJJ @ iacG4hF18c"" posts a small blind of 0.25",2026-09-26T23:14:52.089Z,179046449208907
"Player stacks: #1 ""rowan @ GthBpPSqaK"" (159.58) | #2 ""dih @ GO72Iwd2XL"" (155.69) | #3 ""Barbie's Men @ 1MAe7RP1K5"" (142.32) | #8 ""Will @ h_ZrezeXHs"" (82.63) | #10 ""JJJ @ iacG4hF18c"" (22.84)",2026-09-26T23:14:52.089Z,179046449208901
"-- starting hand #203 (id: tynsmjgv4en5)  No Limit Texas Hold'em (dealer: ""Will @ h_ZrezeXHs"") --",2026-09-26T23:14:52.089Z,179046449208900
"""Barbie's Men @ 1MAe7RP1K5"" shows a 10♥, 4♠.",2026-09-26T23:14:47.967Z,179046448796700
"""rowan @ GthBpPSqaK"" shows a 10♠, K♦.",2026-09-26T23:14:45.479Z,179046448547900
"""dih @ GO72Iwd2XL"" shows a K♠, 8♦.",2026-09-26T23:14:44.328Z,179046448432800
"-- ending hand #202 --",2026-09-26T23:14:44.083Z,179046448408302
"""dih @ GO72Iwd2XL"" collected 3.75 from pot",2026-09-26T23:14:44.083Z,179046448408301
"Uncalled bet of 4.00 returned to ""dih @ GO72Iwd2XL""",2026-09-26T23:14:44.083Z,179046448408300
"""rowan @ GthBpPSqaK"" folds",2026-09-26T23:14:43.220Z,179046448322000
"""JJJ @ iacG4hF18c"" folds",2026-09-26T23:14:39.927Z,179046447992700
"""Will @ h_ZrezeXHs"" folds",2026-09-26T23:14:38.996Z,179046447899600
"""Barbie's Men @ 1MAe7RP1K5"" folds",2026-09-26T23:14:38.068Z,179046447806800
"""dih @ GO72Iwd2XL"" raises to 5.50",2026-09-26T23:14:37.190Z,179046447719000
"""rowan @ GthBpPSqaK"" raises to 1.50",2026-09-26T23:14:33.902Z,179046447390200
"""JJJ @ iacG4hF18c"" posts a big blind of 0.50",2026-09-26T23:14:31.466Z,179046447146608
"""Will @ h_ZrezeXHs"" posts a small blind of 0.25",2026-09-26T23:14:31.466Z,179046447146607
"Player stacks: #1 ""rowan @ GthBpPSqaK"" (161.08) | #2 ""dih @ GO72Iwd2XL"" (153.44) | #3 ""Barbie's Men @ 1MAe7RP1K5"" (142.32) | #8 ""Will @ h_ZrezeXHs"" (82.88) | #10 ""JJJ @ iacG4hF18c"" (23.34)",2026-09-26T23:14:31.466Z,179046447146601
"-- starting hand #202 (id: mu2ttrjxdzxu)  No Limit Texas Hold'em (dealer: ""Barbie's Men @ 1MAe7RP1K5"") --",2026-09-26T23:14:31.466Z,179046447146600
"-- ending hand #201 --",2026-09-26T23:14:28.548Z,179046446854802
"""rowan @ GthBpPSqaK"" collected 14.00 from pot",2026-09-26T23:14:28.548Z,179046446854801
"Uncalled bet of 5.00 returned to ""rowan @ GthBpPSqaK""",2026-09-26T23:14:28.548Z,179046446854800
"""Barbie's Men @ 1MAe7RP1K5"" folds",2026-09-26T23:14:27.692Z,179046446769200
"""rowan @ GthBpPSqaK"" bets 5.00",2026-09-26T23:14:26.648Z,179046446664800
"""Barbie's Men @ 1MAe7RP1K5"" checks",2026-09-26T23:14:19.607Z,179046445960700
"River: 3♥, K♥, K♦, 8♣ [10♣]",2026-09-26T23:14:18.267Z,179046445826700
"""rowan @ GthBpPSqaK"" checks",2026-09-26T23:14:17.394Z,179046445739400
"""Barbie's Men @ 1MAe7RP1K5"" checks",2026-09-26T23:14:14.567Z,179046445456700
"Turn: 3♥, K♥, K♦ [8♣]",2026-09-26T23:14:13.337Z,179046445333700
"""JJJ @ iacG4hF18c"" folds",2026-09-26T23:14:12.450Z,179046445245000
"""Will @ h_ZrezeXHs"" folds",2026-09-26T23:14:10.538Z,179046445053800
"""Barbie's Men @ 1MAe7RP1K5"" calls 3.00",2026-09-26T23:14:09.447Z,179046444944700
"""rowan @ GthBpPSqaK"" bets 3.00",2026-09-26T23:14:06.982Z,179046444698200
"""JJJ @ iacG4hF18c"" checks",2026-09-26T23:14:00.620Z,179046444062000
"""Will @ h_ZrezeXHs"" checks",2026-09-26T23:13:53.186Z,179046443318600
"""Barbie's Men @ 1MAe7RP1K5"" checks",2026-09-26T23:13:51.728Z,179046443172800
"Flop:  [3♥, K♥, K♦]",2026-09-26T23:13:49.770Z,179046442977000
"""JJJ @ iacG4hF18c"" calls 2.00",2026-09-26T23:13:48.886Z,179046442888600
"""Will @ h_ZrezeXHs"" calls 2.00",2026-09-26T23:13:45.654Z,179046442565400
"""Barbie's Men @ 1MAe7RP1K5"" calls 2.00",2026-09-26T23:13:42.897Z,179046442289700
"""dih @ GO72Iwd2XL"" folds",2026-09-26T23:13:41.929Z,179046442192900
"""rowan @ GthBpPSqaK"" raises to 2.00",2026-09-26T23:13:38.758Z,179046441875800
"""JJJ @ iacG4hF18c"" calls 0.50",2026-09-26T23:13:36.016Z,179046441601600
"""Will @ h_ZrezeXHs"" posts a big blind of 0.50",2026-09-26T23:13:34.964Z,179046441496408
"""Barbie's Men @ 1MAe7RP1K5"" posts a small blind of 0.25",2026-09-26T23:13:34.964Z,179046441496407
"Player stacks: #1 ""rowan @ GthBpPSqaK"" (152.08) | #2 ""dih @ GO72Iwd2XL"" (153.44) | #3 ""Barbie's Men @ 1MAe7RP1K5"" (147.32) | #8 ""Will @ h_ZrezeXHs"" (84.88) | #10 ""JJJ @ iacG4hF18c"" (25.34)",2026-09-26T23:13:34.964Z,179046441496401
"-- starting hand #201 (id: aspiqbausphe)  No Limit Texas Hold'em (dealer: ""dih @ GO72Iwd2XL"") --",2026-09-26T23:13:34.964Z,179046441496400
"-- ending hand #200 --",2026-09-26T23:13:29.050Z,179046440905002
"""Will @ h_ZrezeXHs"" collected 5.50 from pot",2026-09-26T23:13:29.050Z,179046440905001
"Uncalled bet of 2.00 returned to ""Will @ h_ZrezeXHs""",2026-09-26T23:13:29.050Z,179046440905000
"""dih @ GO72Iwd2XL"" folds",2026-09-26T23:13:28.211Z,179046440821100
"""Will @ h_ZrezeXHs"" bets 2.00",2026-09-26T23:13:27.233Z,179046440723300
"""dih @ GO72Iwd2XL"" checks",2026-09-26T23:13:25.036Z,179046440503600
"Flop:  [A♥, 7♠, 7♦]",2026-09-26T23:13:21.953Z,179046440195300
"""Barbie's Men @ 1MAe7RP1K5"" folds",2026-09-26T23:13:21.107Z,179046440110700
"""dih @ GO72Iwd2XL"" calls 2.50",2026-09-26T23:13:20.159Z,179046440015900
"""rowan @ GthBpPSqaK"" folds",2026-09-26T23:13:14.459Z,179046439445900
"""JJJ @ iacG4hF18c"" folds",2026-09-26T23:13:13.591Z,179046439359100
"""Will @ h_ZrezeXHs"" raises to 2.50",2026-09-26T23:13:12.380Z,179046439238000
"""Barbie's Men @ 1MAe7RP1K5"" posts a big blind of 0.50",2026-09-26T23:13:09.183Z,179046438918308
"""dih @ GO72Iwd2XL"" posts a small blind of 0.25",2026-09-26T23:13:09.183Z,179046438918307
"Player stacks: #1 ""rowan @ GthBpPSqaK"" (152.08) | #2 ""dih @ GO72Iwd2XL"" (155.94) | #3 ""Barbie's Men @ 1MAe7RP1K5"" (147.82) | #8 ""Will @ h_ZrezeXHs"" (81.88) | #10 ""JJJ @ iacG4hF18c"" (25.34)",2026-09-26T23:13:09.183Z,179046438918301
"-- starting hand #200 (id: 2qiln1q87bgd)  No Limit Texas Hold'em (dealer: ""rowan @ GthBpPSqaK"") --",2026-09-26T23:13:09.183Z,179046438918300
"""JJJ @ iacG4hF18c"" shows a 2♥, 4♠.",2026-09-26T23:13:03.239Z,179046438323900
"-- ending hand #199 --",2026-09-26T23:13:02.503Z,179046438250302
"""JJJ @ iacG4hF18c"" collected 14.49 from pot",2026-09-26T23:13:02.503Z,179046438250301
"Uncalled bet of 10.85 returned to ""JJJ @ iacG4hF18c""",2026-09-26T23:13:02.503Z,179046438250300
"""Will @ h_ZrezeXHs"" folds",2026-09-26T23:13:01.658Z,179046438165800
"""JJJ @ iacG4hF18c"" raises to 14.47 and go all in",2026-09-26T23:13:00.522Z,179046438052200
"""Will @ h_ZrezeXHs"" bets 3.62",2026-09-26T23:12:52.351Z,179046437235100
"Flop:  [9♠, J♣, K♥]",2026-09-26T23:12:43.746Z,179046436374600
"""Barbie's Men @ 1MAe7RP1K5"" folds",2026-09-26T23:12:42.872Z,179046436287200
"""dih @ GO72Iwd2XL"" folds",2026-09-26T23:12:41.865Z,179046436186500
"""rowan @ GthBpPSqaK"" folds",2026-09-26T23:12:40.979Z,179046436097900
"""JJJ @ iacG4hF18c"" calls 3.00",2026-09-26T23:12:40.097Z,179046436009700
"""Will @ h_ZrezeXHs"" raises to 3.00",2026-09-26T23:12:27.396Z,179046434739600
"""Barbie's Men @ 1MAe7RP1K5"" calls 0.50",2026-09-26T23:12:24.390Z,179046434439000
"""dih @ GO72Iwd2XL"" posts a big blind of 0.50",2026-09-26T23:12:22.639Z,179046434263908
"""rowan @ GthBpPSqaK"" posts a small blind of 0.25",2026-09-26T23:12:22.639Z,179046434263907
"Player stacks: #1 ""rowan @ GthBpPSqaK"" (152.33) | #2 ""dih @ GO72Iwd2XL"" (156.44) | #3 ""Barbie's Men @ 1MAe7RP1K5"" (148.32) | #8 ""Will @ h_ZrezeXHs"" (88.50) | #10 ""JJJ @ iacG4hF18c"" (17.47)",2026-09-26T23:12:22.639Z,179046434263901
"-- starting hand #199 (id: 4d9pjddkuwm5)  No Limit Texas Hold'em (dealer: ""JJJ @ iacG4hF18c"") --",2026-09-26T23:12:22.639Z,179046434263900
"""Barbie's Men @ 1MAe7RP1K5"" shows a 6♥, 7♥.",2026-09-26T23:12:17.967Z,179046433796700
"-- ending hand #198 --",2026-09-26T23:12:16.098Z,179046433609802
"""dih @ GO72Iwd2XL"" collected 11.75 from pot with Pair, A's (combination: 9♠, 10♦, Q♦, A♥, A♣)",2026-09-26T23:12:16.098Z,179046433609801
"""dih @ GO72Iwd2XL"" shows a 10♦, Q♦.",2026-09-26T23:12:16.098Z,179046433609800
"""Barbie's Men @ 1MAe7RP1K5"" checks",2026-09-26T23:12:15.288Z,179046433528800
"""dih @ GO72Iwd2XL"" checks",2026-09-26T23:12:14.386Z,179046433438600
"River: 9♠, A♥, A♣, 5♦ [4♠]",2026-09-26T23:12:11.551Z,179046433155100
"""Barbie's Men @ 1MAe7RP1K5"" checks",2026-09-26T23:12:10.708Z,179046433070800
"""dih @ GO72Iwd2XL"" checks",2026-09-26T23:12:09.787Z,179046432978700
"Turn: 9♠, A♥, A♣ [5♦]",2026-09-26T23:11:58.184Z,179046431818400
"""Barbie's Men @ 1MAe7RP1K5"" calls 3.50",2026-09-26T23:11:57.372Z,179046431737200
"""dih @ GO72Iwd2XL"" bets 3.50",2026-09-26T23:11:56.402Z,179046431640200
"Flop:  [9♠, A♥, A♣]",2026-09-26T23:11:51.006Z,179046431100600
"""rowan @ GthBpPSqaK"" folds",2026-09-26T23:11:50.193Z,179046431019300
"""JJJ @ iacG4hF18c"" folds",2026-09-26T23:11:49.246Z,179046430924600
"""Will @ h_ZrezeXHs"" folds",2026-09-26T23:11:43.169Z,179046430316900
"""Barbie's Men @ 1MAe7RP1K5"" calls 2.00",2026-09-26T23:11:42.053Z,179046430205300
"""dih @ GO72Iwd2XL"" raises to 2.00",2026-09-26T23:11:39.718Z,179046429971800
"""rowan @ GthBpPSqaK"" posts a big blind of 0.50",2026-09-26T23:11:36.500Z,179046429650008
"""JJJ @ iacG4hF18c"" posts a small blind of 0.25",2026-09-26T23:11:36.500Z,179046429650007
"Player stacks: #1 ""rowan @ GthBpPSqaK"" (152.83) | #2 ""dih @ GO72Iwd2XL"" (150.19) | #3 ""Barbie's Men @ 1MAe7RP1K5"" (153.82) | #8 ""Will @ h_ZrezeXHs"" (88.50) | #10 ""JJJ @ iacG4hF18c"" (17.72)",2026-09-26T23:11:36.500Z,179046429650001
"-- starting hand #198 (id: aqyr61yrhd8s)  No Limit Texas Hold'em (dealer: ""Will @ h_ZrezeXHs"") --",2026-09-26T23:11:36.500Z,179046429650000
"-- ending hand #197 --",2026-09-26T23:11:30.495Z,179046429049502
"""rowan @ GthBpPSqaK"" collected 3.75 from pot",2026-09-26T23:11:30.495Z,179046429049501
"Uncalled bet of 1.50 returned to ""rowan @ GthBpPSqaK""",2026-09-26T23:11:30.495Z,179046429049500
"""Barbie's Men @ 1MAe7RP1K5"" folds",2026-09-26T23:11:29.687Z,179046428968700
"""rowan @ GthBpPSqaK"" bets 1.50",2026-09-26T23:11:28.610Z,179046428861000
"Flop:  [6♦, A♥, 9♠]",2026-09-26T23:11:25.496Z,179046428549600
"""JJJ @ iacG4hF18c"" folds",2026-09-26T23:11:24.673Z,179046428467300
"""Will @ h_ZrezeXHs"" folds",2026-09-26T23:11:22.041Z,179046428204100
"""Barbie's Men @ 1MAe7RP1K5"" calls 1.50",2026-09-26T23:11:20.968Z,179046428096800
"""dih @ GO72Iwd2XL"" folds",2026-09-26T23:11:20.047Z,179046428004700
"""rowan @ GthBpPSqaK"" raises to 1.50",2026-09-26T23:11:17.199Z,179046427719900
"""JJJ @ iacG4hF18c"" posts a big blind of 0.50",2026-09-26T23:11:13.881Z,179046427388108
"""Will @ h_ZrezeXHs"" posts a small blind of 0.25",2026-09-26T23:11:13.881Z,179046427388107
"Player stacks: #1 ""rowan @ GthBpPSqaK"" (150.58) | #2 ""dih @ GO72Iwd2XL"" (150.19) | #3 ""Barbie's Men @ 1MAe7RP1K5"" (155.32) | #8 ""Will @ h_ZrezeXHs"" (88.75) | #10 ""JJJ @ iacG4hF18c"" (18.22)",2026-09-26T23:11:13.881Z,179046427388101
"-- starting hand #197 (id: 15ioda87iekd)  No Limit Texas Hold'em (dealer: ""Barbie's Men @ 1MAe7RP1K5"") --",2026-09-26T23:11:13.881Z,179046427388100
"""Barbie's Men @ 1MAe7RP1K5"" shows a 6♠, 6♣.",2026-09-26T23:11:10.447Z,179046427044700
"-- ending hand #196 --",2026-09-26T23:11:07.149Z,179046426714902
"""Barbie's Men @ 1MAe7RP1K5"" collected 13.00 from pot",2026-09-26T23:11:07.149Z,179046426714901
"Uncalled bet of 13.00 returned to ""Barbie's Men @ 1MAe7RP1K5""",2026-09-26T23:11:07.149Z,179046426714900
"""dih @ GO72Iwd2XL"" folds",2026-09-26T23:11:06.332Z,179046426633200
"""Barbie's Men @ 1MAe7RP1K5"" bets 13.00",2026-09-26T23:11:04.748Z,179046426474800
"Flop:  [Q♠, 2♠, Q♥]",2026-09-26T23:11:00.271Z,179046426027100
"""dih @ GO72Iwd2XL"" calls 6.00",2026-09-26T23:10:59.439Z,179046425943900
"""JJJ @ iacG4hF18c"" folds",2026-09-26T23:10:57.877Z,179046425787700
"""Will @ h_ZrezeXHs"" folds",2026-09-26T23:10:54.853Z,179046425485300
"""Barbie's Men @ 1MAe7RP1K5"" raises to 6.00",2026-09-26T23:10:53.869Z,179046425386900
"""dih @ GO72Iwd2XL"" raises to 2.00",2026-09-26T23:10:50.694Z,179046425069400
"""rowan @ GthBpPSqaK"" folds",2026-09-26T23:10:46.751Z,179046424675100
"""JJJ @ iacG4hF18c"" calls 0.50",2026-09-26T23:10:45.879Z,179046424587900
"""Will @ h_ZrezeXHs"" posts a big blind of 0.50",2026-09-26T23:10:43.908Z,179046424390808
"""Barbie's Men @ 1MAe7RP1K5"" posts a small blind of 0.25",2026-09-26T23:10:43.908Z,179046424390807
"Player stacks: #1 ""rowan @ GthBpPSqaK"" (150.58) | #2 ""dih @ GO72Iwd2XL"" (156.19) | #3 ""Barbie's Men @ 1MAe7RP1K5"" (148.32) | #8 ""Will @ h_ZrezeXHs"" (89.25) | #10 ""JJJ @ iacG4hF18c"" (18.72)",2026-09-26T23:10:43.908Z,179046424390801
"-- starting hand #196 (id: zkiyaqw1fl9a)  No Limit Texas Hold'em (dealer: ""dih @ GO72Iwd2XL"") --",2026-09-26T23:10:43.908Z,179046424390800
"-- ending hand #195 --",2026-09-26T23:10:40.966Z,179046424096602
"""dih @ GO72Iwd2XL"" collected 24.00 from pot",2026-09-26T23:10:40.966Z,179046424096601
"Uncalled bet of 12.00 returned to ""dih @ GO72Iwd2XL""",2026-09-26T23:10:40.966Z,179046424096600
"""Will @ h_ZrezeXHs"" folds",2026-09-26T23:10:40.114Z,179046424011400
"""dih @ GO72Iwd2XL"" bets 12.00",2026-09-26T23:10:24.319Z,179046422431900
"River: 8♠, 4♦, 3♣, 4♠ [4♣]",2026-09-26T23:10:17.493Z,179046421749300
"""JJJ @ iacG4hF18c"" folds",2026-09-26T23:10:16.674Z,179046421667400
"""Will @ h_ZrezeXHs"" calls 8.00",2026-09-26T23:10:15.333Z,179046421533300
"""Barbie's Men @ 1MAe7RP1K5"" folds",2026-09-26T23:10:14.088Z,179046421408800
"""dih @ GO72Iwd2XL"" bets 8.00",2026-09-26T23:10:13.185Z,179046421318500
"Turn: 8♠, 4♦, 3♣ [4♠]",2026-09-26T23:10:09.997Z,179046420999700
"""JJJ @ iacG4hF18c"" checks",2026-09-26T23:10:09.186Z,179046420918600
"""Will @ h_ZrezeXHs"" checks",2026-09-26T23:10:04.161Z,179046420416100
"""Barbie's Men @ 1MAe7RP1K5"" checks",2026-09-26T23:10:02.761Z,179046420276100
"""dih @ GO72Iwd2XL"" checks",2026-09-26T23:10:01.853Z,179046420185300
"Flop:  [8♠, 4♦, 3♣]",2026-09-26T23:09:59.854Z,179046419985400
"""Barbie's Men @ 1MAe7RP1K5"" calls 2.00",2026-09-26T23:09:58.987Z,179046419898700
"""dih @ GO72Iwd2XL"" calls 2.00",2026-09-26T23:09:56.277Z,179046419627700
"""rowan @ GthBpPSqaK"" folds",2026-09-26T23:09:53.923Z,179046419392300
"""JJJ @ iacG4hF18c"" calls 2.00",2026-09-26T23:09:53.067Z,179046419306700
"""Will @ h_ZrezeXHs"" raises to 2.00",2026-09-26T23:09:52.103Z,179046419210300
"""Barbie's Men @ 1MAe7RP1K5"" posts a big blind of 0.50",2026-09-26T23:09:48.645Z,179046418864508
"""dih @ GO72Iwd2XL"" posts a small blind of 0.25",2026-09-26T23:09:48.645Z,179046418864507
"Player stacks: #1 ""rowan @ GthBpPSqaK"" (150.58) | #2 ""dih @ GO72Iwd2XL"" (142.19) | #3 ""Barbie's Men @ 1MAe7RP1K5"" (150.32) | #8 ""Will @ h_ZrezeXHs"" (99.25) | #10 ""JJJ @ iacG4hF18c"" (20.72)",2026-09-26T23:09:48.645Z,179046418864501
"-- starting hand #195 (id: msxa6zm3u34j)  No Limit Texas Hold'em (dealer: ""rowan @ GthBpPSqaK"") --",2026-09-26T23:09:48.645Z,179046418864500
"""Will @ h_ZrezeXHs"" shows a 5♥, 10♥.",2026-09-26T23:09:43.738Z,179046418373800
"""rowan @ GthBpPSqaK"" shows a 3♥.",2026-09-26T23:09:42.128Z,179046418212800
"""dih @ GO72Iwd2XL"" shows a 7♥.",2026-09-26T23:09:41.800Z,179046418180000
"-- ending hand #194 --",2026-09-26T23:09:40.631Z,179046418063102
"""dih @ GO72Iwd2XL"" collected 1.75 from pot",2026-09-26T23:09:40.631Z,179046418063101
"Uncalled bet of 1.75 returned to ""dih @ GO72Iwd2XL""",2026-09-26T23:09:40.631Z,179046418063100
"""Barbie's Men @ 1MAe7RP1K5"" folds",2026-09-26T23:09:39.807Z,179046417980700
"""dih @ GO72Iwd2XL"" bets 1.75",2026-09-26T23:09:38.900Z,179046417890000
"Turn: 4♥, 2♥, 9♥ [8♥]",2026-09-26T23:09:35.213Z,179046417521300
"""JJJ @ iacG4hF18c"" folds",2026-09-26T23:09:34.376Z,179046417437600
"""Barbie's Men @ 1MAe7RP1K5"" checks",2026-09-26T23:09:33.527Z,179046417352700
"""dih @ GO72Iwd2XL"" checks",2026-09-26T23:09:32.398Z,179046417239800
"Flop:  [4♥, 2♥, 9♥]",2026-09-26T23:09:25.571Z,179046416557100
"""dih @ GO72Iwd2XL"" checks",2026-09-26T23:09:24.763Z,179046416476300
"""rowan @ GthBpPSqaK"" folds",2026-09-26T23:09:22.590Z,179046416259000
"""JJJ @ iacG4hF18c"" calls 0.50",2026-09-26T23:09:21.731Z,179046416173100
"""Will @ h_ZrezeXHs"" folds",2026-09-26T23:09:19.916Z,179046415991600
"""Barbie's Men @ 1MAe7RP1K5"" calls 0.50",2026-09-26T23:09:18.967Z,179046415896700
"""dih @ GO72Iwd2XL"" posts a big blind of 0.50",2026-09-26T23:09:17.545Z,179046415754508
"""rowan @ GthBpPSqaK"" posts a small blind of 0.25",2026-09-26T23:09:17.545Z,179046415754507
"Player stacks: #1 ""rowan @ GthBpPSqaK"" (150.83) | #2 ""dih @ GO72Iwd2XL"" (140.94) | #3 ""Barbie's Men @ 1MAe7RP1K5"" (150.82) | #8 ""Will @ h_ZrezeXHs"" (99.25) | #10 ""JJJ @ iacG4hF18c"" (21.22)",2026-09-26T23:09:17.545Z,179046415754501
"-- starting hand #194 (id: 2giu8mgjab8z)  No Limit Texas Hold'em (dealer: ""JJJ @ iacG4hF18c"") --",2026-09-26T23:09:17.545Z,179046415754500
"-- ending hand #193 --",2026-09-26T23:09:11.543Z,179046415154302
"""dih @ GO72Iwd2XL"" collected 15.50 from pot",2026-09-26T23:09:11.543Z,179046415154301
"Uncalled bet of 11.44 returned to ""dih @ GO72Iwd2XL""",2026-09-26T23:09:11.543Z,179046415154300
"""Barbie's Men @ 1MAe7RP1K5"" folds",2026-09-26T23:09:10.709Z,179046415070900
"""dih @ GO72Iwd2XL"" bets 11.44",2026-09-26T23:09:09.157Z,179046414915700
"Turn: 6♥, 8♥, A♠ [K♦]",2026-09-26T23:08:58.674Z,179046413867400
"""JJJ @ iacG4hF18c"" folds",2026-09-26T23:08:57.854Z,179046413785400
"""Barbie's Men @ 1MAe7RP1K5"" calls 4.50",2026-09-26T23:08:56.479Z,179046413647900
"""dih @ GO72Iwd2XL"" bets 4.50",2026-09-26T23:08:54.194Z,179046413419400
"""JJJ @ iacG4hF18c"" checks",2026-09-26T23:08:50.368Z,179046413036800
"Flop:  [6♥, 8♥, A♠]",2026-09-26T23:08:48.812Z,179046412881200
"""rowan @ GthBpPSqaK"" folds",2026-09-26T23:08:48.000Z,179046412800000
"""JJJ @ iacG4hF18c"" calls 2.00",2026-09-26T23:08:47.114Z,179046412711400
"""Will @ h_ZrezeXHs"" folds",2026-09-26T23:08:40.692Z,179046412069200
"""Barbie's Men @ 1MAe7RP1K5"" calls 2.00",2026-09-26T23:08:39.747Z,179046411974700
"""dih @ GO72Iwd2XL"" raises to 2.00",2026-09-26T23:08:38.856Z,179046411885600
"""rowan @ GthBpPSqaK"" posts a big blind of 0.50",2026-09-26T23:08:35.153Z,179046411515308
"""JJJ @ iacG4hF18c"" posts a small blind of 0.25",2026-09-26T23:08:35.153Z,179046411515307
"Player stacks: #1 ""rowan @ GthBpPSqaK"" (151.33) | #2 ""dih @ GO72Iwd2XL"" (131.94) | #3 ""Barbie's Men @ 1MAe7RP1K5"" (157.32) | #8 ""Will @ h_ZrezeXHs"" (99.25) | #10 ""JJJ @ iacG4hF18c"" (23.22)",2026-09-26T23:08:35.153Z,179046411515301
"-- starting hand #193 (id: 01rayngspinn)  No Limit Texas Hold'em (dealer: ""Will @ h_ZrezeXHs"") --",2026-09-26T23:08:35.153Z,179046411515300
"-- ending hand #192 --",2026-09-26T23:08:29.055Z,179046410905503
"""Barbie's Men @ 1MAe7RP1K5"" collected 15.27 from pot with Two Pair, Q's & 3's (combination: 10♠, 3♥, 3♦, Q♣, Q♦)",2026-09-26T23:08:29.055Z,179046410905502
"""Barbie's Men @ 1MAe7RP1K5"" shows a 3♥, 3♦.",2026-09-26T23:08:29.055Z,179046410905501
"""JJJ @ iacG4hF18c"" shows a 7♥, J♥.",2026-09-26T23:08:29.055Z,179046410905500
"""Barbie's Men @ 1MAe7RP1K5"" checks",2026-09-26T23:08:28.228Z,179046410822800
"""JJJ @ iacG4hF18c"" checks",2026-09-26T23:08:27.276Z,179046410727600
"River: Q♣, 6♥, 8♣, Q♦ [10♠]",2026-09-26T23:08:22.150Z,179046410215000
"""Barbie's Men @ 1MAe7RP1K5"" calls 4.58",2026-09-26T23:08:21.284Z,179046410128400
"""JJJ @ iacG4hF18c"" bets 4.58",2026-09-26T23:08:20.228Z,179046410022800
"Turn: Q♣, 6♥, 8♣ [Q♦]",2026-09-26T23:08:15.946Z,179046409594600
"""Barbie's Men @ 1MAe7RP1K5"" checks",2026-09-26T23:08:15.048Z,179046409504800
"""JJJ @ iacG4hF18c"" checks",2026-09-26T23:08:14.038Z,179046409403800
"Flop:  [Q♣, 6♥, 8♣]",2026-09-26T23:08:12.543Z,179046409254300
"""JJJ @ iacG4hF18c"" calls 2.93",2026-09-26T23:08:11.639Z,179046409163900
"""Will @ h_ZrezeXHs"" folds",2026-09-26T23:08:09.559Z,179046408955900
"""Barbie's Men @ 1MAe7RP1K5"" raises to 2.93",2026-09-26T23:08:08.587Z,179046408858700
"""dih @ GO72Iwd2XL"" folds",2026-09-26T23:08:04.496Z,179046408449600
"""rowan @ GthBpPSqaK"" folds",2026-09-26T23:08:03.602Z,179046408360200
"""JJJ @ iacG4hF18c"" posts a big blind of 0.50",2026-09-26T23:08:01.602Z,179046408160208
"""Will @ h_ZrezeXHs"" posts a small blind of 0.25",2026-09-26T23:08:01.602Z,179046408160207
"Player stacks: #1 ""rowan @ GthBpPSqaK"" (151.33) | #2 ""dih @ GO72Iwd2XL"" (131.94) | #3 ""Barbie's Men @ 1MAe7RP1K5"" (149.56) | #8 ""Will @ h_ZrezeXHs"" (99.50) | #10 ""JJJ @ iacG4hF18c"" (30.73)",2026-09-26T23:08:01.602Z,179046408160201
"-- starting hand #192 (id: cyp4efkezrjo)  No Limit Texas Hold'em (dealer: ""Barbie's Men @ 1MAe7RP1K5"") --",2026-09-26T23:08:01.602Z,179046408160200
"-- ending hand #191 --",2026-09-26T23:07:55.643Z,179046407564302
"""rowan @ GthBpPSqaK"" collected 1.25 from pot",2026-09-26T23:07:55.643Z,179046407564301
"Uncalled bet of 1.00 returned to ""rowan @ GthBpPSqaK""",2026-09-26T23:07:55.643Z,179046407564300
"""Will @ h_ZrezeXHs"" folds",2026-09-26T23:07:54.803Z,179046407480300
"""Barbie's Men @ 1MAe7RP1K5"" folds",2026-09-26T23:07:51.907Z,179046407190700
"""dih @ GO72Iwd2XL"" folds",2026-09-26T23:07:50.915Z,179046407091500
"""rowan @ GthBpPSqaK"" raises to 1.50",2026-09-26T23:07:49.909Z,179046406990900
"""JJJ @ iacG4hF18c"" folds",2026-09-26T23:07:47.967Z,179046406796700
"""Will @ h_ZrezeXHs"" posts a big blind of 0.50",2026-09-26T23:07:46.669Z,179046406666909
"""Barbie's Men @ 1MAe7RP1K5"" posts a small blind of 0.25",2026-09-26T23:07:46.669Z,179046406666908
"Player stacks: #1 ""rowan @ GthBpPSqaK"" (150.58) | #2 ""dih @ GO72Iwd2XL"" (131.94) | #3 ""Barbie's Men @ 1MAe7RP1K5"" (149.81) | #8 ""Will @ h_ZrezeXHs"" (100.00) | #10 ""JJJ @ iacG4hF18c"" (30.73)",2026-09-26T23:07:46.669Z,179046406666902
"-- starting hand #191 (id: mzypyrg0w2ix)  No Limit Texas Hold'em (dealer: ""dih @ GO72Iwd2XL"") --",2026-09-26T23:07:46.669Z,179046406666901
"The player ""Will @ h_ZrezeXHs"" joined the game with a stack of 100.00.",2026-09-26T23:07:46.669Z,179046406666900
"""JJJ @ iacG4hF18c"" shows a Q♠, J♠.",2026-09-26T23:07:44.616Z,179046406461600
"-- ending hand #190 --",2026-09-26T23:07:43.001Z,179046406300102
"""JJJ @ iacG4hF18c"" collected 11.25 from pot",2026-09-26T23:07:43.001Z,179046406300101
"Uncalled bet of 19.48 returned to ""JJJ @ iacG4hF18c""",2026-09-26T23:07:43.001Z,179046406300100
"""Barbie's Men @ 1MAe7RP1K5"" folds",2026-09-26T23:07:42.187Z,179046406218700
"""JJJ @ iacG4hF18c"" bets 19.48 and go all in",2026-09-26T23:07:40.661Z,179046406066100
"The admin approved the player ""Will @ h_ZrezeXHs"" participation with a stack of 100.00.",2026-09-26T23:07:38.512Z,179046405851200
"""Barbie's Men @ 1MAe7RP1K5"" checks",2026-09-26T23:07:37.567Z,179046405756700
"The player ""Will @ h_ZrezeXHs"" requested a seat.",2026-09-26T23:07:37.422Z,179046405742200
"River: 9♠, Q♥, 4♣, J♥ [Q♦]",2026-09-26T23:07:35.794Z,179046405579400
"""Barbie's Men @ 1MAe7RP1K5"" calls 3.75",2026-09-26T23:07:34.907Z,179046405490700
"""JJJ @ iacG4hF18c"" bets 3.75",2026-09-26T23:07:32.691Z,179046405269100
"""Barbie's Men @ 1MAe7RP1K5"" checks",2026-09-26T23:07:29.428Z,179046404942800
"Turn: 9♠, Q♥, 4♣ [J♥]",2026-09-26T23:07:27.986Z,179046404798600
"""Barbie's Men @ 1MAe7RP1K5"" calls 1.25",2026-09-26T23:07:27.107Z,179046404710700
"""JJJ @ iacG4hF18c"" bets 1.25",2026-09-26T23:07:25.828Z,179046404582800
"""Barbie's Men @ 1MAe7RP1K5"" checks",2026-09-26T23:07:23.468Z,179046404346800
"Flop:  [9♠, Q♥, 4♣]",2026-09-26T23:07:20.054Z,179046404005400
"""Barbie's Men @ 1MAe7RP1K5"" checks",2026-09-26T23:07:19.227Z,179046403922700
"""dih @ GO72Iwd2XL"" folds",2026-09-26T23:07:12.109Z,179046403210900
"""rowan @ GthBpPSqaK"" folds",2026-09-26T23:07:11.187Z,179046403118700
"""JJJ @ iacG4hF18c"" calls 0.50",2026-09-26T23:07:09.817Z,179046402981700
"""Barbie's Men @ 1MAe7RP1K5"" posts a big blind of 0.50",2026-09-26T23:07:08.407Z,179046402840707
"""dih @ GO72Iwd2XL"" posts a small blind of 0.25",2026-09-26T23:07:08.407Z,179046402840706
"Player stacks: #1 ""rowan @ GthBpPSqaK"" (150.58) | #2 ""dih @ GO72Iwd2XL"" (132.19) | #3 ""Barbie's Men @ 1MAe7RP1K5"" (155.31) | #10 ""JJJ @ iacG4hF18c"" (24.98)",2026-09-26T23:07:08.407Z,179046402840701
"-- starting hand #190 (id: jprt6hcnadef)  No Limit Texas Hold'em (dealer: ""rowan @ GthBpPSqaK"") --",2026-09-26T23:07:08.407Z,179046402840700
"""dih @ GO72Iwd2XL"" shows a 8♥.",2026-09-26T23:07:06.217Z,179046402621700
"""Barbie's Men @ 1MAe7RP1K5"" shows a Q♠, J♦.",2026-09-26T23:07:02.124Z,179046402212400
"-- ending hand #189 --",2026-09-26T23:07:01.387Z,179046402138702
"""rowan @ GthBpPSqaK"" collected 9.00 from pot with Pair, Q's (combination: 7♥, J♣, K♣, Q♣, Q♥)",2026-09-26T23:07:01.387Z,179046402138701
"""rowan @ GthBpPSqaK"" shows a Q♣, K♣.",2026-09-26T23:07:01.387Z,179046402138700
"""dih @ GO72Iwd2XL"" checks",2026-09-26T23:07:00.513Z,179046402051300
"""rowan @ GthBpPSqaK"" checks",2026-09-26T23:06:59.520Z,179046401952000
"River: 7♥, J♣, Q♥, 5♥ [4♦]",2026-09-26T23:06:58.635Z,179046401863500
"""dih @ GO72Iwd2XL"" checks",2026-09-26T23:06:57.799Z,179046401779900
"""rowan @ GthBpPSqaK"" checks",2026-09-26T23:06:56.142Z,179046401614200
"Turn: 7♥, J♣, Q♥ [5♥]",2026-09-26T23:06:54.564Z,179046401456400
"""dih @ GO72Iwd2XL"" calls 2.25",2026-09-26T23:06:53.690Z,179046401369000
"""rowan @ GthBpPSqaK"" bets 2.25",2026-09-26T23:06:48.180Z,179046400818000
"Flop:  [7♥, J♣, Q♥]",2026-09-26T23:06:33.755Z,179046399375500
"""Barbie's Men @ 1MAe7RP1K5"" folds",2026-09-26T23:06:32.910Z,179046399291000
"""dih @ GO72Iwd2XL"" calls 2.00",2026-09-26T23:06:01.992Z,179046396199200
"""rowan @ GthBpPSqaK"" raises to 2.00",2026-09-26T23:06:00.556Z,179046396055600
"""JJJ @ iacG4hF18c"" folds",2026-09-26T23:05:57.548Z,179046395754800
"""Barbie's Men @ 1MAe7RP1K5"" calls 0.50",2026-09-26T23:05:56.667Z,179046395666700
"""dih @ GO72Iwd2XL"" posts a big blind of 0.50",2026-09-26T23:05:53.862Z,179046395386207
"""rowan @ GthBpPSqaK"" posts a small blind of 0.25",2026-09-26T23:05:53.862Z,179046395386206
"Player stacks: #1 ""rowan @ GthBpPSqaK"" (145.83) | #2 ""dih @ GO72Iwd2XL"" (136.44) | #3 ""Barbie's Men @ 1MAe7RP1K5"" (155.81) | #10 ""JJJ @ iacG4hF18c"" (24.98)",2026-09-26T23:05:53.862Z,179046395386201
"-- starting hand #189 (id: eoepjj64frxs)  No Limit Texas Hold'em (dealer: ""JJJ @ iacG4hF18c"") --",2026-09-26T23:05:53.862Z,179046395386200
"""Barbie's Men @ 1MAe7RP1K5"" shows a 9♣.",2026-09-26T23:05:48.678Z,179046394867800
"""Barbie's Men @ 1MAe7RP1K5"" shows a 9♠.",2026-09-26T23:05:48.532Z,179046394853200
"""rowan @ GthBpPSqaK"" shows a 7♠, A♥.",2026-09-26T23:05:48.219Z,179046394821900
"-- ending hand #188 --",2026-09-26T23:05:46.511Z,179046394651102
"""Barbie's Men @ 1MAe7RP1K5"" collected 10.43 from pot",2026-09-26T23:05:46.511Z,179046394651101
"Uncalled bet of 7.82 returned to ""Barbie's Men @ 1MAe7RP1K5""",2026-09-26T23:05:46.511Z,179046394651100
"""dih @ GO72Iwd2XL"" folds",2026-09-26T23:05:45.679Z,179046394567900
"""JJJ @ iacG4hF18c"" folds",2026-09-26T23:05:44.773Z,179046394477300
"""Barbie's Men @ 1MAe7RP1K5"" bets 7.82",2026-09-26T23:05:42.608Z,179046394260800
"""dih @ GO72Iwd2XL"" checks",2026-09-26T23:05:39.817Z,179046393981700
"""JJJ @ iacG4hF18c"" checks",2026-09-26T23:05:38.214Z,179046393821400
"Flop:  [K♦, 10♦, A♠]",2026-09-26T23:05:36.548Z,179046393654800
"""dih @ GO72Iwd2XL"" calls 3.31",2026-09-26T23:05:35.734Z,179046393573400
"""rowan @ GthBpPSqaK"" folds",2026-09-26T23:05:31.194Z,179046393119400
"""JJJ @ iacG4hF18c"" calls 3.31",2026-09-26T23:05:30.302Z,179046393030200
"""Barbie's Men @ 1MAe7RP1K5"" raises to 3.31",2026-09-26T23:05:27.167Z,179046392716700
"""dih @ GO72Iwd2XL"" calls 0.50",2026-09-26T23:05:22.150Z,179046392215000
"""rowan @ GthBpPSqaK"" posts a big blind of 0.50",2026-09-26T23:05:18.702Z,179046391870207
"""JJJ @ iacG4hF18c"" posts a small blind of 0.25",2026-09-26T23:05:18.702Z,179046391870206
"Player stacks: #1 ""rowan @ GthBpPSqaK"" (146.33) | #2 ""dih @ GO72Iwd2XL"" (139.75) | #3 ""Barbie's Men @ 1MAe7RP1K5"" (148.69) | #10 ""JJJ @ iacG4hF18c"" (28.29)",2026-09-26T23:05:18.702Z,179046391870201
"-- starting hand #188 (id: ykqoqesw7zpm)  No Limit Texas Hold'em (dealer: ""Barbie's Men @ 1MAe7RP1K5"") --",2026-09-26T23:05:18.702Z,179046391870200
"""dih @ GO72Iwd2XL"" shows a J♦, A♠.",2026-09-26T23:05:16.205Z,179046391620500
"""rowan @ GthBpPSqaK"" shows a 10♦, 3♦.",2026-09-26T23:05:14.948Z,179046391494800
"-- ending hand #187 --",2026-09-26T23:05:14.395Z,179046391439502
"""rowan @ GthBpPSqaK"" collected 11.50 from pot",2026-09-26T23:05:14.395Z,179046391439501
"Uncalled bet of 8.62 returned to ""rowan @ GthBpPSqaK""",2026-09-26T23:05:14.395Z,179046391439500
"""dih @ GO72Iwd2XL"" folds",2026-09-26T23:05:13.559Z,179046391355900
"""rowan @ GthBpPSqaK"" bets 8.62",2026-09-26T23:05:10.711Z,179046391071100
"River: 8♦, K♦, 3♥, 10♠ [2♣]",2026-09-26T23:05:07.191Z,179046390719100
"""Barbie's Men @ 1MAe7RP1K5"" folds",2026-09-26T23:05:06.329Z,179046390632900
"""dih @ GO72Iwd2XL"" calls 2.50",2026-09-26T23:05:04.882Z,179046390488200
"""rowan @ GthBpPSqaK"" bets 2.50",2026-09-26T23:05:03.027Z,179046390302700
"""Barbie's Men @ 1MAe7RP1K5"" checks",2026-09-26T23:04:59.594Z,179046389959400
"Turn: 8♦, K♦, 3♥ [10♠]",2026-09-26T23:04:58.683Z,179046389868300
"""dih @ GO72Iwd2XL"" checks",2026-09-26T23:04:57.817Z,179046389781700
"""rowan @ GthBpPSqaK"" checks",2026-09-26T23:04:55.858Z,179046389585800
"""Barbie's Men @ 1MAe7RP1K5"" checks",2026-09-26T23:04:54.707Z,179046389470700
"Flop:  [8♦, K♦, 3♥]",2026-09-26T23:04:53.282Z,179046389328200
"""rowan @ GthBpPSqaK"" calls 2.00",2026-09-26T23:04:52.425Z,179046389242500
"""JJJ @ iacG4hF18c"" folds",2026-09-26T23:04:51.532Z,179046389153200
"""Barbie's Men @ 1MAe7RP1K5"" calls 2.00",2026-09-26T23:04:50.627Z,179046389062700
"""dih @ GO72Iwd2XL"" raises to 2.00",2026-09-26T23:04:49.022Z,179046388902200
"""rowan @ GthBpPSqaK"" calls 0.50",2026-09-26T23:04:45.990Z,179046388599000
"""JJJ @ iacG4hF18c"" posts a big blind of 0.50",2026-09-26T23:04:44.520Z,179046388452007
"""Barbie's Men @ 1MAe7RP1K5"" posts a small blind of 0.25",2026-09-26T23:04:44.520Z,179046388452006
"Player stacks: #1 ""rowan @ GthBpPSqaK"" (139.33) | #2 ""dih @ GO72Iwd2XL"" (144.25) | #3 ""Barbie's Men @ 1MAe7RP1K5"" (150.69) | #10 ""JJJ @ iacG4hF18c"" (28.79)",2026-09-26T23:04:44.520Z,179046388452001
"-- starting hand #187 (id: zzbyl3g5culg)  No Limit Texas Hold'em (dealer: ""dih @ GO72Iwd2XL"") --",2026-09-26T23:04:44.520Z,179046388452000
"-- ending hand #186 --",2026-09-26T23:04:38.585Z,179046387858502
"""Barbie's Men @ 1MAe7RP1K5"" collected 0.50 from pot",2026-09-26T23:04:38.585Z,179046387858501
"Uncalled bet of 0.25 returned to ""Barbie's Men @ 1MAe7RP1K5""",2026-09-26T23:04:38.585Z,179046387858500
"""dih @ GO72Iwd2XL"" folds",2026-09-26T23:04:37.757Z,179046387775700
"""rowan @ GthBpPSqaK"" folds",2026-09-26T23:04:36.881Z,179046387688100
"""JJJ @ iacG4hF18c"" folds",2026-09-26T23:04:36.041Z,179046387604100
"""Barbie's Men @ 1MAe7RP1K5"" posts a big blind of 0.50",2026-09-26T23:04:31.179Z,179046387117908
"""dih @ GO72Iwd2XL"" posts a small blind of 0.25",2026-09-26T23:04:31.179Z,179046387117907
"Player stacks: #1 ""rowan @ GthBpPSqaK"" (139.33) | #2 ""dih @ GO72Iwd2XL"" (144.50) | #3 ""Barbie's Men @ 1MAe7RP1K5"" (150.44) | #10 ""JJJ @ iacG4hF18c"" (28.79)",2026-09-26T23:04:31.179Z,179046387117902
"-- starting hand #186 (id: dyzbg28wcl9w)  No Limit Texas Hold'em (dealer: ""rowan @ GthBpPSqaK"") --",2026-09-26T23:04:31.179Z,179046387117901
"The admin updated the player ""dih @ GO72Iwd2XL"" stack from 99.50 to 144.50.",2026-09-26T23:04:31.179Z,179046387117900
"-- ending hand #185 --",2026-09-26T23:04:28.222Z,179046386822202
"""Barbie's Men @ 1MAe7RP1K5"" collected 1.50 from pot",2026-09-26T23:04:28.222Z,179046386822201
"Uncalled bet of 3.12 returned to ""Barbie's Men @ 1MAe7RP1K5""",2026-09-26T23:04:28.222Z,179046386822200
"""dih @ GO72Iwd2XL"" folds",2026-09-26T23:04:27.406Z,179046386740600
"""Barbie's Men @ 1MAe7RP1K5"" bets 3.12",2026-09-26T23:04:24.327Z,179046386432700
"""dih @ GO72Iwd2XL"" checks",2026-09-26T23:04:20.955Z,179046386095500
"""rowan @ GthBpPSqaK"" folds",2026-09-26T23:04:19.111Z,179046385911100
"River: 2♠, 10♠, A♦, 5♥ [A♠]",2026-09-26T23:04:17.371Z,179046385737100
"""Barbie's Men @ 1MAe7RP1K5"" checks",2026-09-26T23:04:16.548Z,179046385654800
"""dih @ GO72Iwd2XL"" checks",2026-09-26T23:04:12.389Z,179046385238900
"""rowan @ GthBpPSqaK"" checks",2026-09-26T23:04:10.423Z,179046385042300
"Turn: 2♠, 10♠, A♦ [5♥]",2026-09-26T23:04:09.566Z,179046384956600
"""Barbie's Men @ 1MAe7RP1K5"" checks",2026-09-26T23:04:08.759Z,179046384875900
"""dih @ GO72Iwd2XL"" checks",2026-09-26T23:04:02.479Z,179046384247900
"""rowan @ GthBpPSqaK"" checks",2026-09-26T23:04:00.541Z,179046384054100
"Flop:  [2♠, 10♠, A♦]",2026-09-26T23:03:59.294Z,179046383929400
"""dih @ GO72Iwd2XL"" checks",2026-09-26T23:03:58.483Z,179046383848300
"""rowan @ GthBpPSqaK"" calls 0.50",2026-09-26T23:03:54.532Z,179046383453200
"WARNING: the admin queued the stack change for the player ""dih @ GO72Iwd2XL"" adding 45.00 chips in the next hand.",2026-09-26T23:03:52.299Z,179046383229900
"WARNING: the admin queued the stack change for the player ""dih @ GO72Iwd2XL"" adding 5.00 chips in the next hand.",2026-09-26T23:03:45.560Z,179046382556000
"""JJJ @ iacG4hF18c"" folds",2026-09-26T23:03:43.214Z,179046382321400
"""Barbie's Men @ 1MAe7RP1K5"" calls 0.50",2026-09-26T23:03:37.809Z,179046381780900
"""dih @ GO72Iwd2XL"" posts a big blind of 0.50",2026-09-26T23:03:31.143Z,179046381114308
"""rowan @ GthBpPSqaK"" posts a small blind of 0.25",2026-09-26T23:03:31.143Z,179046381114307
"Player stacks: #1 ""rowan @ GthBpPSqaK"" (139.83) | #2 ""dih @ GO72Iwd2XL"" (100.00) | #3 ""Barbie's Men @ 1MAe7RP1K5"" (149.44) | #10 ""JJJ @ iacG4hF18c"" (28.79)",2026-09-26T23:03:31.143Z,179046381114302
"-- starting hand #185 (id: fdlcbi65ikdk)  No Limit Texas Hold'em (dealer: ""JJJ @ iacG4hF18c"") --",2026-09-26T23:03:31.143Z,179046381114301
"The admin updated the player ""dih @ GO72Iwd2XL"" stack from 10000.00 to 100.00.",2026-09-26T23:03:31.143Z,179046381114300
"-- ending hand #184 --",2026-09-26T23:03:28.221Z,179046380822102
"""JJJ @ iacG4hF18c"" collected 1.50 from pot",2026-09-26T23:03:28.221Z,179046380822101
"Uncalled bet of 27.29 returned to ""JJJ @ iacG4hF18c""",2026-09-26T23:03:28.221Z,179046380822100
"""Barbie's Men @ 1MAe7RP1K5"" folds",2026-09-26T23:03:27.388Z,179046380738800
"""rowan @ GthBpPSqaK"" folds",2026-09-26T23:03:26.403Z,179046380640300
"""JJJ @ iacG4hF18c"" bets 27.29 and go all in",2026-09-26T23:03:25.415Z,179046380541500
"River: 4♣, J♦, 7♠, 9♦ [6♣]",2026-09-26T23:03:23.711Z,179046380371100
"""Barbie's Men @ 1MAe7RP1K5"" checks",2026-09-26T23:03:22.847Z,179046380284700
"""rowan @ GthBpPSqaK"" checks",2026-09-26T23:03:21.953Z,179046380195300
"""JJJ @ iacG4hF18c"" checks",2026-09-26T23:03:21.023Z,179046380102300
"Turn: 4♣, J♦, 7♠ [9♦]",2026-09-26T23:03:19.314Z,179046379931400
"""Barbie's Men @ 1MAe7RP1K5"" checks",2026-09-26T23:03:18.474Z,179046379847400
"""rowan @ GthBpPSqaK"" checks",2026-09-26T23:03:17.553Z,179046379755300
"""JJJ @ iacG4hF18c"" checks",2026-09-26T23:03:16.655Z,179046379665500
"Flop:  [4♣, J♦, 7♠]",2026-09-26T23:03:14.145Z,179046379414500
"""rowan @ GthBpPSqaK"" checks",2026-09-26T23:03:13.339Z,179046379333900
"WARNING: the admin queued the stack change for the player ""dih @ GO72Iwd2XL"" removing 9900.00 chips in the next hand.",2026-09-26T23:03:08.209Z,179046378820900
"""JJJ @ iacG4hF18c"" calls 0.50",2026-09-26T23:02:50.187Z,179046377018700
"""Barbie's Men @ 1MAe7RP1K5"" calls 0.50",2026-09-26T23:02:47.528Z,179046376752800
"""dih @ GO72Iwd2XL"" folds",2026-09-26T23:02:40.504Z,179046376050400
"""rowan @ GthBpPSqaK"" posts a big blind of 0.50",2026-09-26T23:02:36.099Z,179046375609908
"""JJJ @ iacG4hF18c"" posts a small blind of 0.25",2026-09-26T23:02:36.099Z,179046375609907
"Player stacks: #1 ""rowan @ GthBpPSqaK"" (140.33) | #2 ""dih @ GO72Iwd2XL"" (10000.00) | #3 ""Barbie's Men @ 1MAe7RP1K5"" (149.94) | #10 ""JJJ @ iacG4hF18c"" (27.79)",2026-09-26T23:02:36.099Z,179046375609902
"-- starting hand #184 (id: 3lh90g6blx2u)  No Limit Texas Hold'em (dealer: ""Barbie's Men @ 1MAe7RP1K5"") --",2026-09-26T23:02:36.099Z,179046375609901
"The player ""dih @ GO72Iwd2XL"" rebought. New stack 10000.00.",2026-09-26T23:02:36.099Z,179046375609900
"Waiting for the game owner to approve or reject pending rebuy requests.",2026-09-26T23:02:35.290Z,179046375529001
"The player ""dih @ GO72Iwd2XL"" requested a rebuy of 10000.00.",2026-09-26T23:02:35.290Z,179046375529000
"Asking to busted players the rebuy decision.",2026-09-26T23:02:22.874Z,179046374287400
"-- ending hand #183 --",2026-09-26T23:02:16.871Z,179046373687101
"""Barbie's Men @ 1MAe7RP1K5"" collected 81.20 from pot with Straight, J High (combination: 7♦, 8♣, 9♦, 10♠, J♦)",2026-09-26T23:02:16.871Z,179046373687100
"River: J♦, 8♣, 9♦, K♦ [7♦]",2026-09-26T23:02:12.861Z,179046373286100
"Turn: J♦, 8♣, 9♦ [K♦]",2026-09-26T23:02:08.845Z,179046372884500
"""Barbie's Men @ 1MAe7RP1K5"" shows a 10♥, 10♠.",2026-09-26T23:02:04.744Z,179046372474401
"""dih @ GO72Iwd2XL"" shows a J♠, 8♠.",2026-09-26T23:02:04.744Z,179046372474400
"Some players choose to not run it twice.",2026-09-26T23:02:03.909Z,179046372390901
"""dih @ GO72Iwd2XL"" chooses to not run it twice.",2026-09-26T23:02:03.909Z,179046372390900
"""Barbie's Men @ 1MAe7RP1K5"" chooses to  run it twice.",2026-09-26T23:02:03.161Z,179046372316100
"Remaining players decide whether to run it twice.",2026-09-26T23:02:02.589Z,179046372258901
"""Barbie's Men @ 1MAe7RP1K5"" calls 36.85",2026-09-26T23:02:02.589Z,179046372258900
"""dih @ GO72Iwd2XL"" raises to 36.85 and go all in",2026-09-26T23:02:01.422Z,179046372142200
"""Barbie's Men @ 1MAe7RP1K5"" bets 10.00",2026-09-26T23:01:58.607Z,179046371860700
"Flop:  [J♦, 8♣, 9♦]",2026-09-26T23:01:50.370Z,179046371037000
"""dih @ GO72Iwd2XL"" calls 3.50",2026-09-26T23:01:49.544Z,179046370954400
"""JJJ @ iacG4hF18c"" folds",2026-09-26T23:01:48.571Z,179046370857100
"""Barbie's Men @ 1MAe7RP1K5"" raises to 3.50",2026-09-26T23:01:47.667Z,179046370766700
"""dih @ GO72Iwd2XL"" raises to 2.00",2026-09-26T23:01:44.605Z,179046370460500
"""rowan @ GthBpPSqaK"" folds",2026-09-26T23:01:41.356Z,179046370135600
"""JJJ @ iacG4hF18c"" posts a big blind of 0.50",2026-09-26T23:01:36.758Z,179046369675807
"""Barbie's Men @ 1MAe7RP1K5"" posts a small blind of 0.25",2026-09-26T23:01:36.758Z,179046369675806
"Player stacks: #1 ""rowan @ GthBpPSqaK"" (140.33) | #2 ""dih @ GO72Iwd2XL"" (40.35) | #3 ""Barbie's Men @ 1MAe7RP1K5"" (109.09) | #10 ""JJJ @ iacG4hF18c"" (28.29)",2026-09-26T23:01:36.758Z,179046369675801
"-- starting hand #183 (id: 5fbbws4ztdbw)  No Limit Texas Hold'em (dealer: ""dih @ GO72Iwd2XL"") --",2026-09-26T23:01:36.758Z,179046369675800
"-- ending hand #182 --",2026-09-26T23:01:30.753Z,179046369075303
"""Barbie's Men @ 1MAe7RP1K5"" collected 4.25 from pot with Two Pair, 5's & 2's (combination: A♣, 2♣, 2♥, 5♣, 5♠)",2026-09-26T23:01:30.753Z,179046369075302
"""Barbie's Men @ 1MAe7RP1K5"" shows a 2♣, 5♣.",2026-09-26T23:01:30.753Z,179046369075301
"""rowan @ GthBpPSqaK"" shows a A♦, 8♥.",2026-09-26T23:01:30.753Z,179046369075300
"""Barbie's Men @ 1MAe7RP1K5"" calls 0.50",2026-09-26T23:01:29.926Z,179046368992600
"""rowan @ GthBpPSqaK"" bets 0.50",2026-09-26T23:01:28.891Z,179046368889100
"""Barbie's Men @ 1MAe7RP1K5"" checks",2026-09-26T23:01:26.887Z,179046368688700
"River: 5♠, J♣, 2♥, K♠ [A♣]",2026-09-26T23:01:25.122Z,179046368512200
"""rowan @ GthBpPSqaK"" checks",2026-09-26T23:01:24.216Z,179046368421600
"""Barbie's Men @ 1MAe7RP1K5"" checks",2026-09-26T23:01:21.168Z,179046368116800
"Turn: 5♠, J♣, 2♥ [K♠]",2026-09-26T23:01:12.145Z,179046367214500
"""rowan @ GthBpPSqaK"" checks",2026-09-26T23:01:11.339Z,179046367133900
"""Barbie's Men @ 1MAe7RP1K5"" checks",2026-09-26T23:01:10.050Z,179046367005000
"Flop:  [5♠, J♣, 2♥]",2026-09-26T23:01:08.743Z,179046366874300
"""Barbie's Men @ 1MAe7RP1K5"" calls 1.50",2026-09-26T23:01:07.908Z,179046366790800
"""dih @ GO72Iwd2XL"" folds",2026-09-26T23:01:04.570Z,179046366457000
"""rowan @ GthBpPSqaK"" raises to 1.50",2026-09-26T23:00:59.356Z,179046365935600
"""JJJ @ iacG4hF18c"" folds",2026-09-26T23:00:56.931Z,179046365693100
"""Barbie's Men @ 1MAe7RP1K5"" posts a big blind of 0.50",2026-09-26T23:00:55.976Z,179046365597607
"""dih @ GO72Iwd2XL"" posts a small blind of 0.25",2026-09-26T23:00:55.976Z,179046365597606
"Player stacks: #1 ""rowan @ GthBpPSqaK"" (142.33) | #2 ""dih @ GO72Iwd2XL"" (40.60) | #3 ""Barbie's Men @ 1MAe7RP1K5"" (106.84) | #10 ""JJJ @ iacG4hF18c"" (28.29)",2026-09-26T23:00:55.976Z,179046365597601
"-- starting hand #182 (id: toxklv2nagtp)  No Limit Texas Hold'em (dealer: ""rowan @ GthBpPSqaK"") --",2026-09-26T23:00:55.976Z,179046365597600
"""Barbie's Men @ 1MAe7RP1K5"" shows a K♦, A♣.",2026-09-26T23:00:50.568Z,179046365056800
"-- ending hand #181 --",2026-09-26T23:00:49.437Z,179046364943702
"""dih @ GO72Iwd2XL"" collected 4.25 from pot with Pair, 7's (combination: 10♦, Q♥, K♣, 7♦, 7♣)",2026-09-26T23:00:49.437Z,179046364943701
"""dih @ GO72Iwd2XL"" shows a 7♦, K♣.",2026-09-26T23:00:49.437Z,179046364943700
"""Barbie's Men @ 1MAe7RP1K5"" checks",2026-09-26T23:00:48.630Z,179046364863000
"""dih @ GO72Iwd2XL"" checks",2026-09-26T23:00:46.863Z,179046364686300
"River: 10♦, 3♦, 7♣, 6♦ [Q♥]",2026-09-26T23:00:45.368Z,179046364536800
"""Barbie's Men @ 1MAe7RP1K5"" checks",2026-09-26T23:00:44.487Z,179046364448700
"""dih @ GO72Iwd2XL"" checks",2026-09-26T23:00:43.506Z,179046364350600
"Turn: 10♦, 3♦, 7♣ [6♦]",2026-09-26T23:00:41.803Z,179046364180300
"""Barbie's Men @ 1MAe7RP1K5"" checks",2026-09-26T23:00:40.977Z,179046364097700
"""dih @ GO72Iwd2XL"" checks",2026-09-26T23:00:39.890Z,179046363989000
"Flop:  [10♦, 3♦, 7♣]",2026-09-26T23:00:38.282Z,179046363828200
"""dih @ GO72Iwd2XL"" calls 2.00",2026-09-26T23:00:37.452Z,179046363745200
"""rowan @ GthBpPSqaK"" folds",2026-09-26T23:00:34.276Z,179046363427600
"""JJJ @ iacG4hF18c"" folds",2026-09-26T23:00:33.421Z,179046363342100
"""Barbie's Men @ 1MAe7RP1K5"" raises to 2.00",2026-09-26T23:00:30.191Z,179046363019100
"""dih @ GO72Iwd2XL"" posts a big blind of 0.50",2026-09-26T23:00:22.119Z,179046362211907
"""rowan @ GthBpPSqaK"" posts a small blind of 0.25",2026-09-26T23:00:22.119Z,179046362211906
"Player stacks: #1 ""rowan @ GthBpPSqaK"" (142.58) | #2 ""dih @ GO72Iwd2XL"" (38.35) | #3 ""Barbie's Men @ 1MAe7RP1K5"" (108.84) | #10 ""JJJ @ iacG4hF18c"" (28.29)",2026-09-26T23:00:22.119Z,179046362211901
"-- starting hand #181 (id: zpii8zgtx2vz)  No Limit Texas Hold'em (dealer: ""JJJ @ iacG4hF18c"") --",2026-09-26T23:00:22.119Z,179046362211900
"""dih @ GO72Iwd2XL"" collected 3.00 from the 7-2 bounty",2026-09-26T23:00:19.186Z,179046361918603
"""Barbie's Men @ 1MAe7RP1K5"" paid 1.00 for the 7-2 bounty to ""dih @ GO72Iwd2XL""",2026-09-26T23:00:19.186Z,179046361918602
"""JJJ @ iacG4hF18c"" paid 1.00 for the 7-2 bounty to ""dih @ GO72Iwd2XL""",2026-09-26T23:00:19.186Z,179046361918601
"""rowan @ GthBpPSqaK"" paid 1.00 for the 7-2 bounty to ""dih @ GO72Iwd2XL""",2026-09-26T23:00:19.186Z,179046361918600
"""JJJ @ iacG4hF18c"" shows a 7♠, 2♠.",2026-09-26T23:00:14.165Z,179046361416500
"""dih @ GO72Iwd2XL"" shows a 7♥, 2♣.",2026-09-26T23:00:13.850Z,179046361385000
"-- ending hand #180 --",2026-09-26T23:00:11.865Z,179046361186502
"""dih @ GO72Iwd2XL"" collected 1.25 from pot",2026-09-26T23:00:11.865Z,179046361186501
"Uncalled bet of 34.10 returned to ""dih @ GO72Iwd2XL""",2026-09-26T23:00:11.865Z,179046361186500
"""rowan @ GthBpPSqaK"" folds",2026-09-26T23:00:11.003Z,179046361100300
"""JJJ @ iacG4hF18c"" folds",2026-09-26T23:00:10.169Z,179046361016900
"""Barbie's Men @ 1MAe7RP1K5"" folds",2026-09-26T23:00:02.696Z,179046360269600
"""dih @ GO72Iwd2XL"" raises to 34.60 and go all in",2026-09-26T22:59:58.259Z,179046359825900
"""rowan @ GthBpPSqaK"" posts a big blind of 0.50",2026-09-26T22:59:55.277Z,179046359527707
"""JJJ @ iacG4hF18c"" posts a small blind of 0.25",2026-09-26T22:59:55.277Z,179046359527706
"Player stacks: #1 ""rowan @ GthBpPSqaK"" (144.08) | #2 ""dih @ GO72Iwd2XL"" (34.60) | #3 ""Barbie's Men @ 1MAe7RP1K5"" (109.84) | #10 ""JJJ @ iacG4hF18c"" (29.54)",2026-09-26T22:59:55.277Z,179046359527701
"-- starting hand #180 (id: elvz348gr1ke)  No Limit Texas Hold'em (dealer: ""Barbie's Men @ 1MAe7RP1K5"") --",2026-09-26T22:59:55.277Z,179046359527700
"-- ending hand #179 --",2026-09-26T22:59:49.258Z,179046358925805
"""Barbie's Men @ 1MAe7RP1K5"" collected 34.60 from pot with Straight, A High (combination: 10♥, J♠, Q♦, K♠, A♥)",2026-09-26T22:59:49.258Z,179046358925804
"""dih @ GO72Iwd2XL"" collected 34.60 from pot with Straight, A High (combination: 10♦, J♠, Q♦, K♠, A♥)",2026-09-26T22:59:49.258Z,179046358925803
"""dih @ GO72Iwd2XL"" shows a 9♥, 10♦.",2026-09-26T22:59:49.258Z,179046358925802
"""Barbie's Men @ 1MAe7RP1K5"" shows a 10♥, 7♠.",2026-09-26T22:59:49.258Z,179046358925801
"Uncalled bet of 75.24 returned to ""Barbie's Men @ 1MAe7RP1K5""",2026-09-26T22:59:49.258Z,179046358925800
"""dih @ GO72Iwd2XL"" calls 30.35 and go all in",2026-09-26T22:59:48.401Z,179046358840100
"""Barbie's Men @ 1MAe7RP1K5"" bets 105.59 and go all in",2026-09-26T22:59:47.453Z,179046358745300
"River: J♠, 7♣, Q♦, A♥ [K♠]",2026-09-26T22:59:44.061Z,179046358406100
"""dih @ GO72Iwd2XL"" checks",2026-09-26T22:59:43.192Z,179046358319200
"""Barbie's Men @ 1MAe7RP1K5"" checks",2026-09-26T22:59:40.483Z,179046358048300
"Turn: J♠, 7♣, Q♦ [A♥]",2026-09-26T22:59:39.153Z,179046357915300
"""Barbie's Men @ 1MAe7RP1K5"" calls 3.50",2026-09-26T22:59:38.340Z,179046357834000
"""dih @ GO72Iwd2XL"" raises to 3.50",2026-09-26T22:59:33.174Z,179046357317400
"""JJJ @ iacG4hF18c"" folds",2026-09-26T22:59:17.658Z,179046355765800
"""Barbie's Men @ 1MAe7RP1K5"" bets 1.00",2026-09-26T22:59:15.067Z,179046355506700
"Flop:  [J♠, 7♣, Q♦]",2026-09-26T22:59:10.832Z,179046355083200
"""JJJ @ iacG4hF18c"" checks",2026-09-26T22:59:09.970Z,179046354997000
"""Barbie's Men @ 1MAe7RP1K5"" calls 0.50",2026-09-26T22:59:07.367Z,179046354736700
"""dih @ GO72Iwd2XL"" calls 0.50",2026-09-26T22:58:58.041Z,179046353804100
"""rowan @ GthBpPSqaK"" folds",2026-09-26T22:58:54.373Z,179046353437300
"""JJJ @ iacG4hF18c"" posts a big blind of 0.50",2026-09-26T22:58:53.194Z,179046353319407
"""Barbie's Men @ 1MAe7RP1K5"" posts a small blind of 0.25",2026-09-26T22:58:53.194Z,179046353319406
"Player stacks: #1 ""rowan @ GthBpPSqaK"" (144.08) | #2 ""dih @ GO72Iwd2XL"" (34.35) | #3 ""Barbie's Men @ 1MAe7RP1K5"" (109.59) | #10 ""JJJ @ iacG4hF18c"" (30.04)",2026-09-26T22:58:53.194Z,179046353319401
"-- starting hand #179 (id: rvpvvwh1eaqu)  No Limit Texas Hold'em (dealer: ""dih @ GO72Iwd2XL"") --",2026-09-26T22:58:53.194Z,179046353319400
"""Barbie's Men @ 1MAe7RP1K5"" shows a 9♥, A♣.",2026-09-26T22:58:51.068Z,179046353106800
"""rowan @ GthBpPSqaK"" shows a K♠, J♠.",2026-09-26T22:58:49.520Z,179046352952000
"-- ending hand #178 --",2026-09-26T22:58:48.881Z,179046352888102
"""dih @ GO72Iwd2XL"" collected 4.50 from pot",2026-09-26T22:58:48.881Z,179046352888101
"Uncalled bet of 15.00 returned to ""dih @ GO72Iwd2XL""",2026-09-26T22:58:48.881Z,179046352888100
"""rowan @ GthBpPSqaK"" folds",2026-09-26T22:58:48.015Z,179046352801500
"""Barbie's Men @ 1MAe7RP1K5"" folds",2026-09-26T22:58:47.113Z,179046352711300
"""dih @ GO72Iwd2XL"" bets 15.00",2026-09-26T22:58:32.877Z,179046351287700
"River: Q♦, Q♣, 2♣, 9♠ [6♠]",2026-09-26T22:58:27.380Z,179046350738000
"""rowan @ GthBpPSqaK"" checks",2026-09-26T22:58:26.553Z,179046350655300
"""Barbie's Men @ 1MAe7RP1K5"" checks",2026-09-26T22:58:25.348Z,179046350534800
"""dih @ GO72Iwd2XL"" checks",2026-09-26T22:58:24.042Z,179046350404200
"Turn: Q♦, Q♣, 2♣ [9♠]",2026-09-26T22:58:22.977Z,179046350297700
"""rowan @ GthBpPSqaK"" checks",2026-09-26T22:58:22.173Z,179046350217300
"""Barbie's Men @ 1MAe7RP1K5"" checks",2026-09-26T22:58:20.809Z,179046350080900
"""dih @ GO72Iwd2XL"" checks",2026-09-26T22:58:19.791Z,179046349979100
"Flop:  [Q♦, Q♣, 2♣]",2026-09-26T22:58:18.100Z,179046349810000
"""Barbie's Men @ 1MAe7RP1K5"" calls 1.50",2026-09-26T22:58:17.272Z,179046349727200
"""dih @ GO72Iwd2XL"" calls 1.50",2026-09-26T22:58:14.364Z,179046349436400
"""rowan @ GthBpPSqaK"" raises to 1.50",2026-09-26T22:58:05.904Z,179046348590400
"""JJJ @ iacG4hF18c"" folds",2026-09-26T22:58:02.209Z,179046348220900
"""Barbie's Men @ 1MAe7RP1K5"" posts a big blind of 0.50",2026-09-26T22:57:44.960Z,179046346496007
"""dih @ GO72Iwd2XL"" posts a small blind of 0.25",2026-09-26T22:57:44.960Z,179046346496006
"Player stacks: #1 ""rowan @ GthBpPSqaK"" (145.58) | #2 ""dih @ GO72Iwd2XL"" (31.35) | #3 ""Barbie's Men @ 1MAe7RP1K5"" (111.09) | #10 ""JJJ @ iacG4hF18c"" (30.04)",2026-09-26T22:57:44.960Z,179046346496001
"-- starting hand #178 (id: 4dvpkvbwtdik)  No Limit Texas Hold'em (dealer: ""rowan @ GthBpPSqaK"") --",2026-09-26T22:57:44.960Z,179046346496000
"-- ending hand #177 --",2026-09-26T22:57:36.949Z,179046345694902
"""Barbie's Men @ 1MAe7RP1K5"" collected 55.54 from pot with Pair, K's on the second run  (combination: 8♦, 9♠, Q♦, K♦, K♥)",2026-09-26T22:57:36.949Z,179046345694901
"""Barbie's Men @ 1MAe7RP1K5"" collected 55.55 from pot with Flush, K High (combination: 2♦, 6♦, 8♦, Q♦, K♦)",2026-09-26T22:57:36.949Z,179046345694900
"River (second run): 5♥, 8♦, 2♦, K♥ [9♠]",2026-09-26T22:57:32.930Z,179046345293000
"Turn (second run): 5♥, 8♦, 2♦ [K♥]",2026-09-26T22:57:28.927Z,179046344892700
"River: 5♥, 8♦, 2♦, 6♦ [5♠]",2026-09-26T22:57:24.923Z,179046344492300
"Turn: 5♥, 8♦, 2♦ [6♦]",2026-09-26T22:57:20.907Z,179046344090700
"""Barbie's Men @ 1MAe7RP1K5"" shows a Q♦, K♦.",2026-09-26T22:57:16.880Z,179046343688002
"""dih @ GO72Iwd2XL"" shows a J♠, A♠.",2026-09-26T22:57:16.880Z,179046343688001
"Uncalled bet of 31.35 returned to ""dih @ GO72Iwd2XL""",2026-09-26T22:57:16.880Z,179046343688000
"All players in hand choose to run it twice.",2026-09-26T22:57:16.053Z,179046343605301
"""dih @ GO72Iwd2XL"" chooses to  run it twice.",2026-09-26T22:57:16.053Z,179046343605300
"""Barbie's Men @ 1MAe7RP1K5"" chooses to  run it twice.",2026-09-26T22:57:15.068Z,179046343506800
"Remaining players decide whether to run it twice.",2026-09-26T22:57:14.455Z,179046343445501
"""JJJ @ iacG4hF18c"" folds",2026-09-26T22:57:14.455Z,179046343445500
"""Barbie's Men @ 1MAe7RP1K5"" calls 39.17 and go all in",2026-09-26T22:57:13.353Z,179046343335300
"""dih @ GO72Iwd2XL"" bets 70.52 and go all in",2026-09-26T22:57:12.252Z,179046343225200
"Flop:  [5♥, 8♦, 2♦]",2026-09-26T22:57:07.071Z,179046342707100
"""rowan @ GthBpPSqaK"" folds",2026-09-26T22:57:06.236Z,179046342623600
"""JJJ @ iacG4hF18c"" calls 10.00",2026-09-26T22:57:05.343Z,179046342534300
"""Barbie's Men @ 1MAe7RP1K5"" calls 10.00",2026-09-26T22:57:02.401Z,179046342240100
"""dih @ GO72Iwd2XL"" raises to 10.00",2026-09-26T22:56:57.437Z,179046341743700
"""rowan @ GthBpPSqaK"" calls 2.75",2026-09-26T22:56:54.819Z,179046341481900
"""JJJ @ iacG4hF18c"" calls 2.75",2026-09-26T22:56:53.343Z,179046341334300
"""Barbie's Men @ 1MAe7RP1K5"" raises to 2.75",2026-09-26T22:56:48.988Z,179046340898800
"""dih @ GO72Iwd2XL"" posts a big blind of 0.50",2026-09-26T22:56:38.258Z,179046339825807
"""rowan @ GthBpPSqaK"" posts a small blind of 0.25",2026-09-26T22:56:38.258Z,179046339825806
"Player stacks: #1 ""rowan @ GthBpPSqaK"" (148.33) | #2 ""dih @ GO72Iwd2XL"" (80.52) | #3 ""Barbie's Men @ 1MAe7RP1K5"" (49.17) | #10 ""JJJ @ iacG4hF18c"" (40.04)",2026-09-26T22:56:38.258Z,179046339825801
"-- starting hand #177 (id: 6pzu7m6w3l2k)  No Limit Texas Hold'em (dealer: ""JJJ @ iacG4hF18c"") --",2026-09-26T22:56:38.258Z,179046339825800
"""Barbie's Men @ 1MAe7RP1K5"" shows a 10♠.",2026-09-26T22:56:36.713Z,179046339671300
"""dih @ GO72Iwd2XL"" shows a 9♦.",2026-09-26T22:56:35.318Z,179046339531800
"-- ending hand #176 --",2026-09-26T22:56:33.948Z,179046339394802
"""Barbie's Men @ 1MAe7RP1K5"" collected 23.71 from pot",2026-09-26T22:56:33.948Z,179046339394801
"Uncalled bet of 25.46 returned to ""Barbie's Men @ 1MAe7RP1K5""",2026-09-26T22:56:33.948Z,179046339394800
"""dih @ GO72Iwd2XL"" folds",2026-09-26T22:56:33.144Z,179046339314400
"""Barbie's Men @ 1MAe7RP1K5"" bets 25.46 and go all in",2026-09-26T22:56:20.413Z,179046338041300
"""dih @ GO72Iwd2XL"" checks",2026-09-26T22:56:18.392Z,179046337839200
"River: 9♥, 8♦, 3♣, J♥ [Q♥]",2026-09-26T22:56:07.088Z,179046336708800
"""Barbie's Men @ 1MAe7RP1K5"" calls 7.11",2026-09-26T22:56:06.267Z,179046336626700
"""dih @ GO72Iwd2XL"" bets 7.11",2026-09-26T22:56:02.140Z,179046336214000
"Turn: 9♥, 8♦, 3♣ [J♥]",2026-09-26T22:55:58.572Z,179046335857200
"""Barbie's Men @ 1MAe7RP1K5"" checks",2026-09-26T22:55:57.746Z,179046335774600
"""dih @ GO72Iwd2XL"" checks",2026-09-26T22:55:56.180Z,179046335618000
"Flop:  [9♥, 8♦, 3♣]",2026-09-26T22:55:52.259Z,179046335225900
"""dih @ GO72Iwd2XL"" calls 4.37",2026-09-26T22:55:51.404Z,179046335140400
"""rowan @ GthBpPSqaK"" folds",2026-09-26T22:55:49.516Z,179046334951600
"""JJJ @ iacG4hF18c"" folds",2026-09-26T22:55:48.656Z,179046334865600
"""Barbie's Men @ 1MAe7RP1K5"" raises to 4.37",2026-09-26T22:55:26.808Z,179046332680800
"""dih @ GO72Iwd2XL"" raises to 2.00",2026-09-26T22:55:17.641Z,179046331764100
"""rowan @ GthBpPSqaK"" posts a big blind of 0.50",2026-09-26T22:55:14.989Z,179046331498907
"""JJJ @ iacG4hF18c"" posts a small blind of 0.25",2026-09-26T22:55:14.989Z,179046331498906
"Player stacks: #1 ""rowan @ GthBpPSqaK"" (148.83) | #2 ""dih @ GO72Iwd2XL"" (92.00) | #3 ""Barbie's Men @ 1MAe7RP1K5"" (36.94) | #10 ""JJJ @ iacG4hF18c"" (40.29)",2026-09-26T22:55:14.989Z,179046331498901
"-- starting hand #176 (id: d5slvfltrpcp)  No Limit Texas Hold'em (dealer: ""Barbie's Men @ 1MAe7RP1K5"") --",2026-09-26T22:55:14.989Z,179046331498900
"-- ending hand #175 --",2026-09-26T22:55:09.056Z,179046330905602
"""rowan @ GthBpPSqaK"" collected 31.87 from pot",2026-09-26T22:55:09.056Z,179046330905601
"Uncalled bet of 9.43 returned to ""rowan @ GthBpPSqaK""",2026-09-26T22:55:09.056Z,179046330905600
"""JJJ @ iacG4hF18c"" folds",2026-09-26T22:55:08.228Z,179046330822800
"""rowan @ GthBpPSqaK"" bets 9.43",2026-09-26T22:54:47.383Z,179046328738300
"""JJJ @ iacG4hF18c"" checks",2026-09-26T22:54:40.868Z,179046328086800
"Turn: A♦, 2♦, 10♥ [A♠]",2026-09-26T22:54:10.850Z,179046325085000
"""rowan @ GthBpPSqaK"" calls 9.56",2026-09-26T22:54:10.007Z,179046325000700
"""JJJ @ iacG4hF18c"" bets 9.56",2026-09-26T22:54:04.706Z,179046324470600
"Flop:  [A♦, 2♦, 10♥]",2026-09-26T22:53:57.131Z,179046323713100
"""rowan @ GthBpPSqaK"" calls 6.25",2026-09-26T22:53:56.319Z,179046323631900
"""JJJ @ iacG4hF18c"" raises to 6.25",2026-09-26T22:53:53.676Z,179046323367600
"""Barbie's Men @ 1MAe7RP1K5"" folds",2026-09-26T22:53:47.835Z,179046322783500
"""dih @ GO72Iwd2XL"" folds",2026-09-26T22:53:46.753Z,179046322675300
"""rowan @ GthBpPSqaK"" raises to 1.50",2026-09-26T22:53:45.809Z,179046322580900
"""JJJ @ iacG4hF18c"" posts a big blind of 0.50",2026-09-26T22:53:43.486Z,179046322348607
"""Barbie's Men @ 1MAe7RP1K5"" posts a small blind of 0.25",2026-09-26T22:53:43.486Z,179046322348606
"Player stacks: #1 ""rowan @ GthBpPSqaK"" (132.77) | #2 ""dih @ GO72Iwd2XL"" (92.00) | #3 ""Barbie's Men @ 1MAe7RP1K5"" (37.19) | #10 ""JJJ @ iacG4hF18c"" (56.10)",2026-09-26T22:53:43.486Z,179046322348601
"-- starting hand #175 (id: x9mbgfypebv7)  No Limit Texas Hold'em (dealer: ""dih @ GO72Iwd2XL"") --",2026-09-26T22:53:43.486Z,179046322348600
"""rowan @ GthBpPSqaK"" shows a 8♦.",2026-09-26T22:53:38.446Z,179046321844600
"-- ending hand #174 --",2026-09-26T22:53:36.876Z,179046321687602
"""rowan @ GthBpPSqaK"" collected 7.50 from pot",2026-09-26T22:53:36.876Z,179046321687601
"Uncalled bet of 2.00 returned to ""rowan @ GthBpPSqaK""",2026-09-26T22:53:36.876Z,179046321687600
"""Barbie's Men @ 1MAe7RP1K5"" folds",2026-09-26T22:53:36.029Z,179046321602900
"""rowan @ GthBpPSqaK"" bets 2.00",2026-09-26T22:53:34.394Z,179046321439400
"""Barbie's Men @ 1MAe7RP1K5"" checks",2026-09-26T22:53:30.869Z,179046321086900
"Turn: A♠, A♦, 3♦ [8♠]",2026-09-26T22:53:29.972Z,179046320997200
"""Barbie's Men @ 1MAe7RP1K5"" calls 1.50",2026-09-26T22:53:29.149Z,179046320914900
"""dih @ GO72Iwd2XL"" folds",2026-09-26T22:53:28.246Z,179046320824600
"""rowan @ GthBpPSqaK"" bets 1.50",2026-09-26T22:53:26.814Z,179046320681400
"""Barbie's Men @ 1MAe7RP1K5"" checks",2026-09-26T22:53:23.849Z,179046320384900
"""dih @ GO72Iwd2XL"" checks",2026-09-26T22:53:22.912Z,179046320291200
"Flop:  [A♠, A♦, 3♦]",2026-09-26T22:53:21.066Z,179046320106600
"""Barbie's Men @ 1MAe7RP1K5"" calls 1.50",2026-09-26T22:53:20.188Z,179046320018800
"""dih @ GO72Iwd2XL"" calls 1.50",2026-09-26T22:53:18.758Z,179046319875800
"""rowan @ GthBpPSqaK"" raises to 1.50",2026-09-26T22:53:13.624Z,179046319362400
"""JJJ @ iacG4hF18c"" folds",2026-09-26T22:53:09.898Z,179046318989800
"""Barbie's Men @ 1MAe7RP1K5"" posts a big blind of 0.50",2026-09-26T22:53:00.579Z,179046318057907
"""dih @ GO72Iwd2XL"" posts a small blind of 0.25",2026-09-26T22:53:00.579Z,179046318057906
"Player stacks: #1 ""rowan @ GthBpPSqaK"" (128.27) | #2 ""dih @ GO72Iwd2XL"" (93.50) | #3 ""Barbie's Men @ 1MAe7RP1K5"" (40.19) | #10 ""JJJ @ iacG4hF18c"" (56.10)",2026-09-26T22:53:00.579Z,179046318057901
"-- starting hand #174 (id: q2b19rahmx7o)  No Limit Texas Hold'em (dealer: ""rowan @ GthBpPSqaK"") --",2026-09-26T22:53:00.579Z,179046318057900
"""dih @ GO72Iwd2XL"" shows a J♠.",2026-09-26T22:52:56.176Z,179046317617600
"""Barbie's Men @ 1MAe7RP1K5"" shows a Q♠.",2026-09-26T22:52:56.108Z,179046317610800
"""dih @ GO72Iwd2XL"" shows a 8♠.",2026-09-26T22:52:55.588Z,179046317558800
"-- ending hand #173 --",2026-09-26T22:52:53.567Z,179046317356702
"""rowan @ GthBpPSqaK"" collected 15.00 from pot with Two Pair, A's & 10's (combination: K♣, 10♥, 10♦, A♥, A♣)",2026-09-26T22:52:53.567Z,179046317356701
"""rowan @ GthBpPSqaK"" shows a A♥, 6♥.",2026-09-26T22:52:53.567Z,179046317356700
"""dih @ GO72Iwd2XL"" calls 0.50",2026-09-26T22:52:52.723Z,179046317272300
"""rowan @ GthBpPSqaK"" bets 0.50",2026-09-26T22:52:50.923Z,179046317092300
"River: 10♥, 10♦, 8♣, A♣ [K♣]",2026-09-26T22:52:44.081Z,179046316408100
"""dih @ GO72Iwd2XL"" checks",2026-09-26T22:52:43.266Z,179046316326600
"""rowan @ GthBpPSqaK"" checks",2026-09-26T22:52:39.215Z,179046315921500
"Turn: 10♥, 10♦, 8♣ [A♣]",2026-09-26T22:52:38.476Z,179046315847600
"""rowan @ GthBpPSqaK"" calls 4.00",2026-09-26T22:52:37.628Z,179046315762800
"""JJJ @ iacG4hF18c"" folds",2026-09-26T22:52:36.711Z,179046315671100
"""dih @ GO72Iwd2XL"" bets 4.00",2026-09-26T22:52:34.812Z,179046315481200
"""rowan @ GthBpPSqaK"" checks",2026-09-26T22:52:29.760Z,179046314976000
"Flop:  [10♥, 10♦, 8♣]",2026-09-26T22:52:28.379Z,179046314837900
"""JJJ @ iacG4hF18c"" calls 2.00",2026-09-26T22:52:27.546Z,179046314754600
"""dih @ GO72Iwd2XL"" calls 2.00",2026-09-26T22:52:22.722Z,179046314272200
"""rowan @ GthBpPSqaK"" raises to 2.00",2026-09-26T22:52:21.477Z,179046314147700
"""JJJ @ iacG4hF18c"" calls 0.50",2026-09-26T22:52:18.908Z,179046313890800
"""Barbie's Men @ 1MAe7RP1K5"" folds",2026-09-26T22:52:13.808Z,179046313380800
"""dih @ GO72Iwd2XL"" posts a big blind of 0.50",2026-09-26T22:52:09.458Z,179046312945807
"""rowan @ GthBpPSqaK"" posts a small blind of 0.25",2026-09-26T22:52:09.458Z,179046312945806
"Player stacks: #1 ""rowan @ GthBpPSqaK"" (119.77) | #2 ""dih @ GO72Iwd2XL"" (100.00) | #3 ""Barbie's Men @ 1MAe7RP1K5"" (40.19) | #10 ""JJJ @ iacG4hF18c"" (58.10)",2026-09-26T22:52:09.458Z,179046312945801
"-- starting hand #173 (id: c0vouj5wqxdq)  No Limit Texas Hold'em (dealer: ""JJJ @ iacG4hF18c"") --",2026-09-26T22:52:09.458Z,179046312945800
"""Barbie's Men @ 1MAe7RP1K5"" shows a 4♥, 9♦.",2026-09-26T22:52:07.429Z,179046312742900
"-- ending hand #172 --",2026-09-26T22:52:02.917Z,179046312291702
"""JJJ @ iacG4hF18c"" collected 13.50 from pot with Two Pair, A's & K's (combination: 7♠, K♣, K♦, A♠, A♣)",2026-09-26T22:52:02.917Z,179046312291701
"""JJJ @ iacG4hF18c"" shows a 4♦, K♣.",2026-09-26T22:52:02.917Z,179046312291700
"""Barbie's Men @ 1MAe7RP1K5"" calls 4.50",2026-09-26T22:52:02.085Z,179046312208500
"""JJJ @ iacG4hF18c"" bets 4.50",2026-09-26T22:51:42.831Z,179046310283100
"River: A♠, A♣, 4♠, 7♠ [K♦]",2026-09-26T22:51:40.651Z,179046310065100
"""Barbie's Men @ 1MAe7RP1K5"" checks",2026-09-26T22:51:39.848Z,179046309984800
"""JJJ @ iacG4hF18c"" checks",2026-09-26T22:51:38.856Z,179046309885600
"Turn: A♠, A♣, 4♠ [7♠]",2026-09-26T22:51:37.005Z,179046309700500
"""Barbie's Men @ 1MAe7RP1K5"" calls 1.50",2026-09-26T22:51:36.169Z,179046309616900
"""rowan @ GthBpPSqaK"" folds",2026-09-26T22:51:35.213Z,179046309521300
"""JJJ @ iacG4hF18c"" bets 1.50",2026-09-26T22:51:34.319Z,179046309431900
"Flop:  [A♠, A♣, 4♠]",2026-09-26T22:51:27.110Z,179046308711000
"""rowan @ GthBpPSqaK"" checks",2026-09-26T22:51:26.302Z,179046308630200
"""JJJ @ iacG4hF18c"" calls 0.50",2026-09-26T22:51:25.404Z,179046308540400
"""Barbie's Men @ 1MAe7RP1K5"" calls 0.50",2026-09-26T22:51:24.069Z,179046308406900
"""dih @ GO72Iwd2XL"" folds",2026-09-26T22:51:16.693Z,179046307669300
"""rowan @ GthBpPSqaK"" posts a big blind of 0.50",2026-09-26T22:51:15.476Z,179046307547608
"""JJJ @ iacG4hF18c"" posts a small blind of 0.25",2026-09-26T22:51:15.476Z,179046307547607
"Player stacks: #1 ""rowan @ GthBpPSqaK"" (120.27) | #2 ""dih @ GO72Iwd2XL"" (100.00) | #3 ""Barbie's Men @ 1MAe7RP1K5"" (46.69) | #10 ""JJJ @ iacG4hF18c"" (51.10)",2026-09-26T22:51:15.476Z,179046307547602
"-- starting hand #172 (id: foomxdjbzwgt)  No Limit Texas Hold'em (dealer: ""Barbie's Men @ 1MAe7RP1K5"") --",2026-09-26T22:51:15.476Z,179046307547601
"The player ""dih @ GO72Iwd2XL"" rebought. New stack 100.00.",2026-09-26T22:51:15.476Z,179046307547600
"Waiting for the game owner to approve or reject pending rebuy requests.",2026-09-26T22:51:14.659Z,179046307465901
"The player ""dih @ GO72Iwd2XL"" requested a rebuy of 100.00.",2026-09-26T22:51:14.659Z,179046307465900
"Asking to busted players the rebuy decision.",2026-09-26T22:51:12.503Z,179046307250300
"-- ending hand #171 --",2026-09-26T22:51:06.498Z,179046306649802
"""rowan @ GthBpPSqaK"" collected 26.88 from pot with Two Pair, A's & Q's (combination: 9♥, Q♥, Q♦, A♦, A♠)",2026-09-26T22:51:06.498Z,179046306649801
"""Barbie's Men @ 1MAe7RP1K5"" collected 46.69 from pot with Flush, Q High (combination: 5♥, 6♥, 9♥, 10♥, Q♥)",2026-09-26T22:51:06.498Z,179046306649800
"River: 9♥, 6♥, Q♥, Q♦ [5♥]",2026-09-26T22:51:02.459Z,179046306245900
"Turn: 9♥, 6♥, Q♥ [Q♦]",2026-09-26T22:50:58.408Z,179046305840800
"Flop:  [9♥, 6♥, Q♥]",2026-09-26T22:50:54.402Z,179046305440200
"""Barbie's Men @ 1MAe7RP1K5"" shows a 10♠, 10♥.",2026-09-26T22:50:50.400Z,179046305040002
"""dih @ GO72Iwd2XL"" shows a 4♣, 5♣.",2026-09-26T22:50:50.400Z,179046305040001
"""rowan @ GthBpPSqaK"" shows a A♦, A♠.",2026-09-26T22:50:50.400Z,179046305040000
"Some players choose to not run it twice.",2026-09-26T22:50:49.594Z,179046304959401
"""dih @ GO72Iwd2XL"" chooses to not run it twice.",2026-09-26T22:50:49.594Z,179046304959400
"""Barbie's Men @ 1MAe7RP1K5"" chooses to  run it twice.",2026-09-26T22:50:44.274Z,179046304427400
"""rowan @ GthBpPSqaK"" chooses to  run it twice.",2026-09-26T22:50:44.178Z,179046304417800
"Remaining players decide whether to run it twice.",2026-09-26T22:50:43.426Z,179046304342601
"""rowan @ GthBpPSqaK"" calls 28.17",2026-09-26T22:50:43.426Z,179046304342600
"""JJJ @ iacG4hF18c"" folds",2026-09-26T22:50:42.565Z,179046304256500
"""Barbie's Men @ 1MAe7RP1K5"" calls 14.73 and go all in",2026-09-26T22:50:41.114Z,179046304111400
"""dih @ GO72Iwd2XL"" raises to 28.17 and go all in",2026-09-26T22:50:36.515Z,179046303651500
"""rowan @ GthBpPSqaK"" raises to 9.00",2026-09-26T22:50:34.157Z,179046303415700
"""JJJ @ iacG4hF18c"" calls 2.50",2026-09-26T22:50:19.767Z,179046301976700
"""Barbie's Men @ 1MAe7RP1K5"" raises to 2.50",2026-09-26T22:50:17.228Z,179046301722800
"""dih @ GO72Iwd2XL"" calls 1.50",2026-09-26T22:50:08.098Z,179046300809800
"""rowan @ GthBpPSqaK"" raises to 1.50",2026-09-26T22:50:01.895Z,179046300189500
"""JJJ @ iacG4hF18c"" posts a big blind of 0.50",2026-09-26T22:49:57.620Z,179046299762007
"""Barbie's Men @ 1MAe7RP1K5"" posts a small blind of 0.25",2026-09-26T22:49:57.620Z,179046299762006
"Player stacks: #1 ""rowan @ GthBpPSqaK"" (121.56) | #2 ""dih @ GO72Iwd2XL"" (28.17) | #3 ""Barbie's Men @ 1MAe7RP1K5"" (14.73) | #10 ""JJJ @ iacG4hF18c"" (53.60)",2026-09-26T22:49:57.620Z,179046299762001
"-- starting hand #171 (id: 0d2updqac9gd)  No Limit Texas Hold'em (dealer: ""dih @ GO72Iwd2XL"") --",2026-09-26T22:49:57.620Z,179046299762000
"""Barbie's Men @ 1MAe7RP1K5"" shows a 6♣, K♥.",2026-09-26T22:49:53.733Z,179046299373300
"-- ending hand #170 --",2026-09-26T22:49:51.099Z,179046299109904
"""rowan @ GthBpPSqaK"" collected 121.56 from pot with Straight, A High (combination: 10♠, J♦, Q♠, K♦, A♥)",2026-09-26T22:49:51.099Z,179046299109903
"""rowan @ GthBpPSqaK"" shows a 10♥, Q♠.",2026-09-26T22:49:51.099Z,179046299109902
"""dih @ GO72Iwd2XL"" shows a 2♥, 2♠.",2026-09-26T22:49:51.099Z,179046299109901
"Uncalled bet of 28.17 returned to ""dih @ GO72Iwd2XL""",2026-09-26T22:49:51.099Z,179046299109900
"""rowan @ GthBpPSqaK"" calls 27.33 and go all in",2026-09-26T22:49:50.224Z,179046299022400
"""dih @ GO72Iwd2XL"" bets 55.50 and go all in",2026-09-26T22:49:49.381Z,179046298938100
"River: K♦, J♦, 8♣, A♥ [10♠]",2026-09-26T22:49:43.143Z,179046298314300
"""dih @ GO72Iwd2XL"" calls 24.50",2026-09-26T22:49:42.316Z,179046298231600
"""rowan @ GthBpPSqaK"" raises to 24.50",2026-09-26T22:49:24.310Z,179046296431000
"""dih @ GO72Iwd2XL"" bets 10.00",2026-09-26T22:49:18.597Z,179046295859700
"Turn: K♦, J♦, 8♣ [A♥]",2026-09-26T22:49:11.731Z,179046295173100
"""rowan @ GthBpPSqaK"" calls 4.45",2026-09-26T22:49:10.908Z,179046295090800
"""dih @ GO72Iwd2XL"" bets 4.45",2026-09-26T22:49:09.925Z,179046294992500
"Flop:  [K♦, J♦, 8♣]",2026-09-26T22:49:02.394Z,179046294239400
"""rowan @ GthBpPSqaK"" calls 4.00",2026-09-26T22:49:01.574Z,179046294157400
"""JJJ @ iacG4hF18c"" folds",2026-09-26T22:48:59.901Z,179046293990100
"""Barbie's Men @ 1MAe7RP1K5"" folds",2026-09-26T22:48:58.409Z,179046293840900
"""dih @ GO72Iwd2XL"" raises to 4.00",2026-09-26T22:48:57.124Z,179046293712400
"""rowan @ GthBpPSqaK"" raises to 1.50",2026-09-26T22:48:52.114Z,179046293211400
"""JJJ @ iacG4hF18c"" calls 0.50",2026-09-26T22:48:47.793Z,179046292779300
"""Barbie's Men @ 1MAe7RP1K5"" posts a big blind of 0.50",2026-09-26T22:48:35.768Z,179046291576807
"""dih @ GO72Iwd2XL"" posts a small blind of 0.25",2026-09-26T22:48:35.768Z,179046291576806
"Player stacks: #1 ""rowan @ GthBpPSqaK"" (60.28) | #2 ""dih @ GO72Iwd2XL"" (88.45) | #3 ""Barbie's Men @ 1MAe7RP1K5"" (15.23) | #10 ""JJJ @ iacG4hF18c"" (54.10)",2026-09-26T22:48:35.768Z,179046291576801
"-- starting hand #170 (id: pn8syqyueppg)  No Limit Texas Hold'em (dealer: ""rowan @ GthBpPSqaK"") --",2026-09-26T22:48:35.768Z,179046291576800
"""dih @ GO72Iwd2XL"" shows a 5♦.",2026-09-26T22:48:34.112Z,179046291411200
"""rowan @ GthBpPSqaK"" shows a A♦.",2026-09-26T22:48:32.436Z,179046291243600
"-- ending hand #169 --",2026-09-26T22:48:31.437Z,179046291143701
"""JJJ @ iacG4hF18c"" collected 11.25 from pot",2026-09-26T22:48:31.437Z,179046291143700
"""dih @ GO72Iwd2XL"" folds",2026-09-26T22:48:30.634Z,179046291063400
"River: 9♦, 8♦, Q♦, Q♣ [A♥]",2026-09-26T22:48:19.388Z,179046289938800
"""JJJ @ iacG4hF18c"" calls 3.75",2026-09-26T22:48:18.581Z,179046289858100
"""dih @ GO72Iwd2XL"" bets 3.75",2026-09-26T22:48:17.672Z,179046289767200
"Turn: 9♦, 8♦, Q♦ [Q♣]",2026-09-26T22:48:13.784Z,179046289378400
"""JJJ @ iacG4hF18c"" checks",2026-09-26T22:48:12.965Z,179046289296500
"""dih @ GO72Iwd2XL"" checks",2026-09-26T22:48:11.229Z,179046289122900
"Flop:  [9♦, 8♦, Q♦]",2026-09-26T22:48:09.183Z,179046288918300
"""dih @ GO72Iwd2XL"" calls 1.75",2026-09-26T22:48:08.374Z,179046288837400
"""rowan @ GthBpPSqaK"" folds",2026-09-26T22:48:07.257Z,179046288725700
"""JJJ @ iacG4hF18c"" raises to 1.75",2026-09-26T22:48:03.680Z,179046288368000
"""Barbie's Men @ 1MAe7RP1K5"" folds",2026-09-26T22:48:00.809Z,179046288080900
"""dih @ GO72Iwd2XL"" posts a big blind of 0.50",2026-09-26T22:47:57.287Z,179046287728707
"""rowan @ GthBpPSqaK"" posts a small blind of 0.25",2026-09-26T22:47:57.287Z,179046287728706
"Player stacks: #1 ""rowan @ GthBpPSqaK"" (60.53) | #2 ""dih @ GO72Iwd2XL"" (93.95) | #3 ""Barbie's Men @ 1MAe7RP1K5"" (15.23) | #10 ""JJJ @ iacG4hF18c"" (48.35)",2026-09-26T22:47:57.287Z,179046287728701
"-- starting hand #169 (id: uibhangwfacv)  No Limit Texas Hold'em (dealer: ""JJJ @ iacG4hF18c"") --",2026-09-26T22:47:57.287Z,179046287728700
"-- ending hand #168 --",2026-09-26T22:47:51.263Z,179046287126303
"""rowan @ GthBpPSqaK"" collected 9.75 from pot with Pair, Q's (combination: 7♥, 10♥, A♣, Q♥, Q♦)",2026-09-26T22:47:51.263Z,179046287126302
"""rowan @ GthBpPSqaK"" shows a Q♥, 7♥.",2026-09-26T22:47:51.263Z,179046287126301
"""JJJ @ iacG4hF18c"" shows a J♣, 8♣.",2026-09-26T22:47:51.263Z,179046287126300
"""Barbie's Men @ 1MAe7RP1K5"" calls 2.25",2026-09-26T22:47:50.388Z,179046287038800
"""rowan @ GthBpPSqaK"" calls 2.25",2026-09-26T22:47:48.831Z,179046286883100
"""JJJ @ iacG4hF18c"" bets 2.25",2026-09-26T22:47:46.649Z,179046286664900
"River: 3♣, 4♥, Q♦, A♣ [10♥]",2026-09-26T22:47:41.460Z,179046286146000
"""Barbie's Men @ 1MAe7RP1K5"" checks",2026-09-26T22:47:40.529Z,179046286052900
"""rowan @ GthBpPSqaK"" checks",2026-09-26T22:47:39.578Z,179046285957800
"""JJJ @ iacG4hF18c"" checks",2026-09-26T22:47:38.611Z,179046285861100
"Turn: 3♣, 4♥, Q♦ [A♣]",2026-09-26T22:47:37.650Z,179046285765000
"""JJJ @ iacG4hF18c"" calls 0.50",2026-09-26T22:47:36.737Z,179046285673700
"""Barbie's Men @ 1MAe7RP1K5"" calls 0.50",2026-09-26T22:47:34.709Z,179046285470900
"""rowan @ GthBpPSqaK"" bets 0.50",2026-09-26T22:47:33.615Z,179046285361500
"""JJJ @ iacG4hF18c"" checks",2026-09-26T22:47:32.430Z,179046285243000
"Flop:  [3♣, 4♥, Q♦]",2026-09-26T22:47:30.649Z,179046285064900
"""rowan @ GthBpPSqaK"" checks",2026-09-26T22:47:29.824Z,179046284982400
"""JJJ @ iacG4hF18c"" calls 0.50",2026-09-26T22:47:25.366Z,179046284536600
"""Barbie's Men @ 1MAe7RP1K5"" calls 0.50",2026-09-26T22:47:17.111Z,179046283711100
"""dih @ GO72Iwd2XL"" folds",2026-09-26T22:47:14.301Z,179046283430100
"""rowan @ GthBpPSqaK"" posts a big blind of 0.50",2026-09-26T22:47:11.798Z,179046283179807
"""JJJ @ iacG4hF18c"" posts a small blind of 0.25",2026-09-26T22:47:11.798Z,179046283179806
"Player stacks: #1 ""rowan @ GthBpPSqaK"" (54.03) | #2 ""dih @ GO72Iwd2XL"" (93.95) | #3 ""Barbie's Men @ 1MAe7RP1K5"" (18.48) | #10 ""JJJ @ iacG4hF18c"" (51.60)",2026-09-26T22:47:11.798Z,179046283179801
"-- starting hand #168 (id: in0llibxskhz)  No Limit Texas Hold'em (dealer: ""Barbie's Men @ 1MAe7RP1K5"") --",2026-09-26T22:47:11.798Z,179046283179800
"""dih @ GO72Iwd2XL"" shows a 3♠.",2026-09-26T22:47:06.741Z,179046282674100
"-- ending hand #167 --",2026-09-26T22:47:05.195Z,179046282519502
"""Barbie's Men @ 1MAe7RP1K5"" collected 2.00 from pot with Pair, 2's (combination: 8♠, 10♣, J♥, 2♦, 2♥)",2026-09-26T22:47:05.195Z,179046282519501
"""Barbie's Men @ 1MAe7RP1K5"" shows a J♥, 10♣.",2026-09-26T22:47:05.195Z,179046282519500
"""JJJ @ iacG4hF18c"" checks",2026-09-26T22:47:04.319Z,179046282431900
"""Barbie's Men @ 1MAe7RP1K5"" checks",2026-09-26T22:47:03.450Z,179046282345000
"River: 3♣, 2♦, 2♥, 7♦ [8♠]",2026-09-26T22:47:02.034Z,179046282203400
"""JJJ @ iacG4hF18c"" checks",2026-09-26T22:47:01.071Z,179046282107100
"""Barbie's Men @ 1MAe7RP1K5"" checks",2026-09-26T22:46:59.668Z,179046281966800
"Turn: 3♣, 2♦, 2♥ [7♦]",2026-09-26T22:46:58.783Z,179046281878300
"""Barbie's Men @ 1MAe7RP1K5"" calls 0.50",2026-09-26T22:46:57.963Z,179046281796300
"""JJJ @ iacG4hF18c"" bets 0.50",2026-09-26T22:46:55.621Z,179046281562100
"""Barbie's Men @ 1MAe7RP1K5"" checks",2026-09-26T22:46:52.478Z,179046281247800
"Flop:  [3♣, 2♦, 2♥]",2026-09-26T22:46:50.255Z,179046281025500
"""JJJ @ iacG4hF18c"" checks",2026-09-26T22:46:49.393Z,179046280939300
"""Barbie's Men @ 1MAe7RP1K5"" calls 0.50",2026-09-26T22:46:44.408Z,179046280440800
"""dih @ GO72Iwd2XL"" folds",2026-09-26T22:46:43.515Z,179046280351500
"""rowan @ GthBpPSqaK"" folds",2026-09-26T22:46:39.531Z,179046279953100
"""JJJ @ iacG4hF18c"" posts a big blind of 0.50",2026-09-26T22:46:35.143Z,179046279514307
"""Barbie's Men @ 1MAe7RP1K5"" posts a small blind of 0.25",2026-09-26T22:46:35.143Z,179046279514306
"Player stacks: #1 ""rowan @ GthBpPSqaK"" (54.03) | #2 ""dih @ GO72Iwd2XL"" (93.95) | #3 ""Barbie's Men @ 1MAe7RP1K5"" (17.48) | #10 ""JJJ @ iacG4hF18c"" (52.60)",2026-09-26T22:46:35.143Z,179046279514301
"-- starting hand #167 (id: pndcbfy6p4sw)  No Limit Texas Hold'em (dealer: ""dih @ GO72Iwd2XL"") --",2026-09-26T22:46:35.143Z,179046279514300
"-- ending hand #166 --",2026-09-26T22:46:29.138Z,179046278913803
"""rowan @ GthBpPSqaK"" collected 12.49 from pot with Pair, A's (combination: 6♥, 7♠, 9♥, A♥, A♣)",2026-09-26T22:46:29.138Z,179046278913802
"""rowan @ GthBpPSqaK"" shows a 9♥, A♥.",2026-09-26T22:46:29.138Z,179046278913801
"""Barbie's Men @ 1MAe7RP1K5"" shows a 9♣, 3♣.",2026-09-26T22:46:29.138Z,179046278913800
"""rowan @ GthBpPSqaK"" checks",2026-09-26T22:46:28.317Z,179046278831700
"""Barbie's Men @ 1MAe7RP1K5"" checks",2026-09-26T22:46:27.368Z,179046278736800
"River: 5♦, 3♠, A♣, 6♥ [7♠]",2026-09-26T22:46:27.088Z,179046278708800
"""rowan @ GthBpPSqaK"" checks",2026-09-26T22:46:26.240Z,179046278624000
"""Barbie's Men @ 1MAe7RP1K5"" checks",2026-09-26T22:46:19.649Z,179046277964900
"Turn: 5♦, 3♠, A♣ [6♥]",2026-09-26T22:46:18.351Z,179046277835100
"""JJJ @ iacG4hF18c"" folds",2026-09-26T22:46:17.517Z,179046277751700
"""Barbie's Men @ 1MAe7RP1K5"" calls 3.12",2026-09-26T22:46:12.909Z,179046277290900
"""rowan @ GthBpPSqaK"" bets 3.12",2026-09-26T22:46:11.439Z,179046277143900
"""JJJ @ iacG4hF18c"" checks",2026-09-26T22:46:06.145Z,179046276614500
"""Barbie's Men @ 1MAe7RP1K5"" checks",2026-09-26T22:46:05.011Z,179046276501100
"Flop:  [5♦, 3♠, A♣]",2026-09-26T22:46:02.681Z,179046276268100
"""JJJ @ iacG4hF18c"" calls 2.00",2026-09-26T22:46:01.847Z,179046276184700
"""Barbie's Men @ 1MAe7RP1K5"" calls 2.00",2026-09-26T22:46:00.533Z,179046276053300
"""dih @ GO72Iwd2XL"" folds",2026-09-26T22:45:59.581Z,179046275958100
"""rowan @ GthBpPSqaK"" raises to 2.00",2026-09-26T22:45:58.658Z,179046275865800
"""JJJ @ iacG4hF18c"" calls 0.50",2026-09-26T22:45:55.550Z,179046275555000
"""Barbie's Men @ 1MAe7RP1K5"" posts a big blind of 0.50",2026-09-26T22:45:49.220Z,179046274922007
"""dih @ GO72Iwd2XL"" posts a small blind of 0.25",2026-09-26T22:45:49.220Z,179046274922006
"Player stacks: #1 ""rowan @ GthBpPSqaK"" (46.66) | #2 ""dih @ GO72Iwd2XL"" (94.20) | #3 ""Barbie's Men @ 1MAe7RP1K5"" (22.60) | #10 ""JJJ @ iacG4hF18c"" (54.60)",2026-09-26T22:45:49.220Z,179046274922001
"-- starting hand #166 (id: xh7zc6vobgo3)  No Limit Texas Hold'em (dealer: ""rowan @ GthBpPSqaK"") --",2026-09-26T22:45:49.220Z,179046274922000
"""dih @ GO72Iwd2XL"" shows a A♣, 10♥.",2026-09-26T22:45:44.664Z,179046274466400
"""Barbie's Men @ 1MAe7RP1K5"" shows a 8♦, 7♥.",2026-09-26T22:45:41.628Z,179046274162800
"""rowan @ GthBpPSqaK"" shows a 7♣, 3♥.",2026-09-26T22:45:41.337Z,179046274133700
"""JJJ @ iacG4hF18c"" shows a 9♥, A♥.",2026-09-26T22:45:40.966Z,179046274096600
"-- ending hand #165 --",2026-09-26T22:45:40.459Z,179046274045902
"""JJJ @ iacG4hF18c"" collected 17.50 from pot",2026-09-26T22:45:40.459Z,179046274045901
"Uncalled bet of 8.75 returned to ""JJJ @ iacG4hF18c""",2026-09-26T22:45:40.459Z,179046274045900
"""Barbie's Men @ 1MAe7RP1K5"" folds",2026-09-26T22:45:39.654Z,179046273965400
"""JJJ @ iacG4hF18c"" bets 8.75",2026-09-26T22:45:30.993Z,179046273099300
"""Barbie's Men @ 1MAe7RP1K5"" checks",2026-09-26T22:45:27.288Z,179046272728800
"Turn: 9♠, 7♦, 3♠ [4♠]",2026-09-26T22:45:25.724Z,179046272572400
"""Barbie's Men @ 1MAe7RP1K5"" calls 5.25",2026-09-26T22:45:24.888Z,179046272488800
"""dih @ GO72Iwd2XL"" folds",2026-09-26T22:44:56.869Z,179046269686900
"""JJJ @ iacG4hF18c"" bets 5.25",2026-09-26T22:44:54.187Z,179046269418700
"""Barbie's Men @ 1MAe7RP1K5"" checks",2026-09-26T22:44:51.253Z,179046269125300
"""dih @ GO72Iwd2XL"" checks",2026-09-26T22:44:50.376Z,179046269037600
"Flop:  [9♠, 7♦, 3♠]",2026-09-26T22:44:48.515Z,179046268851500
"""Barbie's Men @ 1MAe7RP1K5"" calls 2.25",2026-09-26T22:44:47.700Z,179046268770000
"""dih @ GO72Iwd2XL"" calls 2.25",2026-09-26T22:44:41.642Z,179046268164200
"""rowan @ GthBpPSqaK"" folds",2026-09-26T22:44:39.907Z,179046267990700
"""JJJ @ iacG4hF18c"" raises to 2.25",2026-09-26T22:44:39.042Z,179046267904200
"""Barbie's Men @ 1MAe7RP1K5"" calls 0.50",2026-09-26T22:44:27.009Z,179046266700900
"""dih @ GO72Iwd2XL"" posts a big blind of 0.50",2026-09-26T22:44:24.719Z,179046266471907
"""rowan @ GthBpPSqaK"" posts a small blind of 0.25",2026-09-26T22:44:24.719Z,179046266471906
"Player stacks: #1 ""rowan @ GthBpPSqaK"" (46.91) | #2 ""dih @ GO72Iwd2XL"" (96.45) | #3 ""Barbie's Men @ 1MAe7RP1K5"" (30.10) | #10 ""JJJ @ iacG4hF18c"" (44.60)",2026-09-26T22:44:24.719Z,179046266471901
"-- starting hand #165 (id: ig9k6fdcszv4)  No Limit Texas Hold'em (dealer: ""JJJ @ iacG4hF18c"") --",2026-09-26T22:44:24.719Z,179046266471900
"-- ending hand #164 --",2026-09-26T22:44:18.716Z,179046265871603
"""Barbie's Men @ 1MAe7RP1K5"" collected 10.00 from pot with Pair, A's (combination: 7♣, 8♠, 9♣, A♠, A♥)",2026-09-26T22:44:18.716Z,179046265871602
"""Barbie's Men @ 1MAe7RP1K5"" shows a 7♣, A♠.",2026-09-26T22:44:18.716Z,179046265871601
"""dih @ GO72Iwd2XL"" shows a 4♣, 3♠.",2026-09-26T22:44:18.716Z,179046265871600
"""Barbie's Men @ 1MAe7RP1K5"" checks",2026-09-26T22:44:17.909Z,179046265790900
"""dih @ GO72Iwd2XL"" checks",2026-09-26T22:44:16.989Z,179046265698900
"River: A♥, 4♦, 9♣, 2♥ [8♠]",2026-09-26T22:44:14.748Z,179046265474800
"""Barbie's Men @ 1MAe7RP1K5"" checks",2026-09-26T22:44:13.928Z,179046265392800
"""dih @ GO72Iwd2XL"" checks",2026-09-26T22:44:13.030Z,179046265303000
"Turn: A♥, 4♦, 9♣ [2♥]",2026-09-26T22:44:11.052Z,179046265105200
"""dih @ GO72Iwd2XL"" calls 4.00",2026-09-26T22:44:10.220Z,179046265022000
"""rowan @ GthBpPSqaK"" folds",2026-09-26T22:44:09.349Z,179046264934900
"""JJJ @ iacG4hF18c"" folds",2026-09-26T22:44:06.341Z,179046264634100
"""Barbie's Men @ 1MAe7RP1K5"" raises to 4.00",2026-09-26T22:44:05.429Z,179046264542900
"""dih @ GO72Iwd2XL"" bets 2.00",2026-09-26T22:44:03.215Z,179046264321500
"""rowan @ GthBpPSqaK"" checks",2026-09-26T22:44:00.105Z,179046264010500
"""JJJ @ iacG4hF18c"" checks",2026-09-26T22:43:59.036Z,179046263903600
"Flop:  [A♥, 4♦, 9♣]",2026-09-26T22:43:57.007Z,179046263700700
"""rowan @ GthBpPSqaK"" checks",2026-09-26T22:43:56.169Z,179046263616900
"""JJJ @ iacG4hF18c"" calls 0.50",2026-09-26T22:43:51.579Z,179046263157900
"""Barbie's Men @ 1MAe7RP1K5"" calls 0.50",2026-09-26T22:43:49.629Z,179046262962900
"""dih @ GO72Iwd2XL"" calls 0.50",2026-09-26T22:43:48.714Z,179046262871400
"""rowan @ GthBpPSqaK"" posts a big blind of 0.50",2026-09-26T22:43:47.308Z,179046262730807
"""JJJ @ iacG4hF18c"" posts a small blind of 0.25",2026-09-26T22:43:47.308Z,179046262730806
"Player stacks: #1 ""rowan @ GthBpPSqaK"" (47.41) | #2 ""dih @ GO72Iwd2XL"" (100.95) | #3 ""Barbie's Men @ 1MAe7RP1K5"" (24.60) | #10 ""JJJ @ iacG4hF18c"" (45.10)",2026-09-26T22:43:47.308Z,179046262730801
"-- starting hand #164 (id: zywuo5liyspx)  No Limit Texas Hold'em (dealer: ""Barbie's Men @ 1MAe7RP1K5"") --",2026-09-26T22:43:47.308Z,179046262730800
"""Barbie's Men @ 1MAe7RP1K5"" shows a 8♥, 5♥.",2026-09-26T22:43:43.248Z,179046262324800
"""dih @ GO72Iwd2XL"" shows a 4♦.",2026-09-26T22:43:41.849Z,179046262184900
"-- ending hand #163 --",2026-09-26T22:43:39.992Z,179046261999202
"""dih @ GO72Iwd2XL"" collected 4.50 from pot",2026-09-26T22:43:39.992Z,179046261999201
"Uncalled bet of 4.50 returned to ""dih @ GO72Iwd2XL""",2026-09-26T22:43:39.992Z,179046261999200
"""Barbie's Men @ 1MAe7RP1K5"" folds",2026-09-26T22:43:39.189Z,179046261918900
"""dih @ GO72Iwd2XL"" bets 4.50",2026-09-26T22:43:38.093Z,179046261809300
"""Barbie's Men @ 1MAe7RP1K5"" checks",2026-09-26T22:43:35.729Z,179046261572900
"Flop:  [9♣, 4♠, K♣]",2026-09-26T22:43:33.501Z,179046261350100
"""JJJ @ iacG4hF18c"" folds",2026-09-26T22:43:32.691Z,179046261269100
"""Barbie's Men @ 1MAe7RP1K5"" calls 2.00",2026-09-26T22:43:29.170Z,179046260917000
"""dih @ GO72Iwd2XL"" raises to 2.00",2026-09-26T22:43:28.246Z,179046260824600
"""rowan @ GthBpPSqaK"" folds",2026-09-26T22:43:16.143Z,179046259614300
"""JJJ @ iacG4hF18c"" posts a big blind of 0.50",2026-09-26T22:43:15.180Z,179046259518007
"""Barbie's Men @ 1MAe7RP1K5"" posts a small blind of 0.25",2026-09-26T22:43:15.180Z,179046259518006
"Player stacks: #1 ""rowan @ GthBpPSqaK"" (47.41) | #2 ""dih @ GO72Iwd2XL"" (98.45) | #3 ""Barbie's Men @ 1MAe7RP1K5"" (26.60) | #10 ""JJJ @ iacG4hF18c"" (45.60)",2026-09-26T22:43:15.180Z,179046259518001
"-- starting hand #163 (id: cgqecqqwhjdp)  No Limit Texas Hold'em (dealer: ""dih @ GO72Iwd2XL"") --",2026-09-26T22:43:15.180Z,179046259518000
"""Barbie's Men @ 1MAe7RP1K5"" shows a 3♠.",2026-09-26T22:43:13.333Z,179046259333300
"-- ending hand #162 --",2026-09-26T22:43:08.575Z,179046258857502
"""Barbie's Men @ 1MAe7RP1K5"" collected 0.50 from pot",2026-09-26T22:43:08.575Z,179046258857501
"Uncalled bet of 0.25 returned to ""Barbie's Men @ 1MAe7RP1K5""",2026-09-26T22:43:08.575Z,179046258857500
"""dih @ GO72Iwd2XL"" folds",2026-09-26T22:43:07.723Z,179046258772300
"""rowan @ GthBpPSqaK"" folds",2026-09-26T22:43:06.838Z,179046258683800
"""JJJ @ iacG4hF18c"" folds",2026-09-26T22:43:05.985Z,179046258598500
"""Barbie's Men @ 1MAe7RP1K5"" posts a big blind of 0.50",2026-09-26T22:43:04.317Z,179046258431707
"""dih @ GO72Iwd2XL"" posts a small blind of 0.25",2026-09-26T22:43:04.317Z,179046258431706
"Player stacks: #1 ""rowan @ GthBpPSqaK"" (47.41) | #2 ""dih @ GO72Iwd2XL"" (98.70) | #3 ""Barbie's Men @ 1MAe7RP1K5"" (26.35) | #10 ""JJJ @ iacG4hF18c"" (45.60)",2026-09-26T22:43:04.317Z,179046258431701
"-- starting hand #162 (id: fincajzvrkj2)  No Limit Texas Hold'em (dealer: ""rowan @ GthBpPSqaK"") --",2026-09-26T22:43:04.317Z,179046258431700
"""rowan @ GthBpPSqaK"" shows a 4♣, 6♠.",2026-09-26T22:42:59.651Z,179046257965100
"-- ending hand #161 --",2026-09-26T22:42:57.790Z,179046257779003
"""Barbie's Men @ 1MAe7RP1K5"" collected 2.00 from pot with Pair, J's (combination: 9♥, K♣, A♥, J♣, J♥)",2026-09-26T22:42:57.790Z,179046257779002
"""Barbie's Men @ 1MAe7RP1K5"" shows a 4♠, J♣.",2026-09-26T22:42:57.790Z,179046257779001
"""dih @ GO72Iwd2XL"" shows a 2♥, 8♦.",2026-09-26T22:42:57.790Z,179046257779000
"""JJJ @ iacG4hF18c"" folds",2026-09-26T22:42:56.987Z,179046257698700
"""Barbie's Men @ 1MAe7RP1K5"" checks",2026-09-26T22:42:55.210Z,179046257521000
"""dih @ GO72Iwd2XL"" checks",2026-09-26T22:42:54.277Z,179046257427700
"""rowan @ GthBpPSqaK"" folds",2026-09-26T22:42:52.786Z,179046257278600
"River: 3♣, 9♥, J♥, K♣ [A♥]",2026-09-26T22:42:51.552Z,179046257155200
"""JJJ @ iacG4hF18c"" checks",2026-09-26T22:42:50.732Z,179046257073200
"""Barbie's Men @ 1MAe7RP1K5"" checks",2026-09-26T22:42:49.769Z,179046256976900
"""dih @ GO72Iwd2XL"" checks",2026-09-26T22:42:48.866Z,179046256886600
"""rowan @ GthBpPSqaK"" checks",2026-09-26T22:42:46.979Z,179046256697900
"Turn: 3♣, 9♥, J♥ [K♣]",2026-09-26T22:42:46.098Z,179046256609800
"""JJJ @ iacG4hF18c"" checks",2026-09-26T22:42:45.268Z,179046256526800
"""Barbie's Men @ 1MAe7RP1K5"" checks",2026-09-26T22:42:42.089Z,179046256208900
"""dih @ GO72Iwd2XL"" checks",2026-09-26T22:42:41.136Z,179046256113600
"""rowan @ GthBpPSqaK"" checks",2026-09-26T22:42:38.836Z,179046255883600
"Flop:  [3♣, 9♥, J♥]",2026-09-26T22:42:37.750Z,179046255775000
"""dih @ GO72Iwd2XL"" checks",2026-09-26T22:42:36.948Z,179046255694800
"""rowan @ GthBpPSqaK"" calls 0.50",2026-09-26T22:42:34.375Z,179046255437500
"""JJJ @ iacG4hF18c"" calls 0.50",2026-09-26T22:42:32.836Z,179046255283600
"""Barbie's Men @ 1MAe7RP1K5"" calls 0.50",2026-09-26T22:42:27.329Z,179046254732900
"""dih @ GO72Iwd2XL"" posts a big blind of 0.50",2026-09-26T22:42:23.718Z,179046254371808
"""rowan @ GthBpPSqaK"" posts a small blind of 0.25",2026-09-26T22:42:23.718Z,179046254371807
"Player stacks: #1 ""rowan @ GthBpPSqaK"" (47.91) | #2 ""dih @ GO72Iwd2XL"" (99.20) | #3 ""Barbie's Men @ 1MAe7RP1K5"" (24.85) | #10 ""JJJ @ iacG4hF18c"" (46.10)",2026-09-26T22:42:23.718Z,179046254371802
"-- starting hand #161 (id: wn14vhbjlxed)  No Limit Texas Hold'em (dealer: ""JJJ @ iacG4hF18c"") --",2026-09-26T22:42:23.718Z,179046254371801
"The player ""Barbie's Men @ 1MAe7RP1K5"" joined the game with a stack of 24.85.",2026-09-26T22:42:23.718Z,179046254371800
"""dih @ GO72Iwd2XL"" shows a Q♥, J♥.",2026-09-26T22:42:18.571Z,179046253857100
"""JJJ @ iacG4hF18c"" shows a 3♣, 3♠.",2026-09-26T22:42:16.779Z,179046253677900
"-- ending hand #160 --",2026-09-26T22:42:16.400Z,179046253640002
"""JJJ @ iacG4hF18c"" collected 4.50 from pot",2026-09-26T22:42:16.400Z,179046253640001
"Uncalled bet of 4.50 returned to ""JJJ @ iacG4hF18c""",2026-09-26T22:42:16.400Z,179046253640000
"""dih @ GO72Iwd2XL"" folds",2026-09-26T22:42:15.577Z,179046253557700
"""JJJ @ iacG4hF18c"" bets 4.50",2026-09-26T22:42:13.773Z,179046253377300
"Turn: 3♥, 3♦, 7♦ [A♠]",2026-09-26T22:42:09.894Z,179046252989400
"""dih @ GO72Iwd2XL"" checks",2026-09-26T22:42:09.078Z,179046252907800
"""JJJ @ iacG4hF18c"" checks",2026-09-26T22:42:08.125Z,179046252812500
"Flop:  [3♥, 3♦, 7♦]",2026-09-26T22:42:04.467Z,179046252446700
"""rowan @ GthBpPSqaK"" folds",2026-09-26T22:42:03.610Z,179046252361000
"""JJJ @ iacG4hF18c"" calls 2.00",2026-09-26T22:42:02.596Z,179046252259600
"""dih @ GO72Iwd2XL"" raises to 2.00",2026-09-26T22:41:58.481Z,179046251848100
"""rowan @ GthBpPSqaK"" posts a big blind of 0.50",2026-09-26T22:41:52.621Z,179046251262106
"""JJJ @ iacG4hF18c"" posts a small blind of 0.25",2026-09-26T22:41:52.621Z,179046251262105
"Player stacks: #1 ""rowan @ GthBpPSqaK"" (48.41) | #2 ""dih @ GO72Iwd2XL"" (101.20) | #10 ""JJJ @ iacG4hF18c"" (43.60)",2026-09-26T22:41:52.621Z,179046251262101
"-- starting hand #160 (id: 9vetqcjola67)  No Limit Texas Hold'em (dealer: ""dih @ GO72Iwd2XL"") --",2026-09-26T22:41:52.621Z,179046251262100
"The admin approved the player ""Barbie's Men @ 1MAe7RP1K5"" participation with a stack of 24.85.",2026-09-26T22:41:48.881Z,179046250888100
"-- ending hand #159 --",2026-09-26T22:41:46.595Z,179046250659502
"""dih @ GO72Iwd2XL"" collected 31.20 from pot with Two Pair, 9's & 7's (combination: J♠, 7♠, 7♥, 9♣, 9♦)",2026-09-26T22:41:46.595Z,179046250659501
"""dih @ GO72Iwd2XL"" shows a J♠, 7♠.",2026-09-26T22:41:46.595Z,179046250659500
"The player ""Barbie's Men @ 1MAe7RP1K5"" requested a seat.",2026-09-26T22:41:46.511Z,179046250651100
"""rowan @ GthBpPSqaK"" calls 10.00",2026-09-26T22:41:45.754Z,179046250575400
"""dih @ GO72Iwd2XL"" bets 10.00",2026-09-26T22:41:44.112Z,179046250411200
"River: 7♥, 4♠, 9♣, 4♣ [9♦]",2026-09-26T22:41:39.944Z,179046249994400
"""rowan @ GthBpPSqaK"" calls 2.35",2026-09-26T22:41:39.093Z,179046249909300
"""dih @ GO72Iwd2XL"" bets 2.35",2026-09-26T22:41:37.227Z,179046249722700
"Turn: 7♥, 4♠, 9♣ [4♣]",2026-09-26T22:41:34.408Z,179046249440800
"""rowan @ GthBpPSqaK"" calls 1.50",2026-09-26T22:41:33.602Z,179046249360200
"""dih @ GO72Iwd2XL"" bets 1.50",2026-09-26T22:41:32.295Z,179046249229500
"Flop:  [7♥, 4♠, 9♣]",2026-09-26T22:41:26.537Z,179046248653700
"""JJJ @ iacG4hF18c"" folds",2026-09-26T22:41:25.728Z,179046248572800
"""dih @ GO72Iwd2XL"" calls 1.50",2026-09-26T22:41:22.216Z,179046248221600
"""rowan @ GthBpPSqaK"" raises to 1.50",2026-09-26T22:41:21.025Z,179046248102500
"""JJJ @ iacG4hF18c"" posts a big blind of 0.50",2026-09-26T22:41:15.132Z,179046247513206
"""dih @ GO72Iwd2XL"" posts a small blind of 0.25",2026-09-26T22:41:15.132Z,179046247513205
"Player stacks: #1 ""rowan @ GthBpPSqaK"" (63.76) | #2 ""dih @ GO72Iwd2XL"" (85.35) | #10 ""JJJ @ iacG4hF18c"" (44.10)",2026-09-26T22:41:15.132Z,179046247513201
"-- starting hand #159 (id: p9qhc2sszzst)  No Limit Texas Hold'em (dealer: ""rowan @ GthBpPSqaK"") --",2026-09-26T22:41:15.132Z,179046247513200
"-- ending hand #158 --",2026-09-26T22:41:12.174Z,179046247217402
"""dih @ GO72Iwd2XL"" collected 0.50 from pot",2026-09-26T22:41:12.174Z,179046247217401
"Uncalled bet of 0.25 returned to ""dih @ GO72Iwd2XL""",2026-09-26T22:41:12.174Z,179046247217400
"""rowan @ GthBpPSqaK"" folds",2026-09-26T22:41:11.366Z,179046247136600
"""JJJ @ iacG4hF18c"" folds",2026-09-26T22:41:10.416Z,179046247041600
"""dih @ GO72Iwd2XL"" posts a big blind of 0.50",2026-09-26T22:41:09.126Z,179046246912606
"""rowan @ GthBpPSqaK"" posts a small blind of 0.25",2026-09-26T22:41:09.126Z,179046246912605
"Player stacks: #1 ""rowan @ GthBpPSqaK"" (64.01) | #2 ""dih @ GO72Iwd2XL"" (85.10) | #10 ""JJJ @ iacG4hF18c"" (44.10)",2026-09-26T22:41:09.126Z,179046246912601
"-- starting hand #158 (id: 4ogk4ao3ymxy)  No Limit Texas Hold'em (dealer: ""JJJ @ iacG4hF18c"") --",2026-09-26T22:41:09.126Z,179046246912600
"-- ending hand #157 --",2026-09-26T22:41:03.188Z,179046246318802
"""dih @ GO72Iwd2XL"" collected 1.25 from pot",2026-09-26T22:41:03.188Z,179046246318801
"Uncalled bet of 1.50 returned to ""dih @ GO72Iwd2XL""",2026-09-26T22:41:03.188Z,179046246318800
"""rowan @ GthBpPSqaK"" folds",2026-09-26T22:41:02.381Z,179046246238100
"""JJJ @ iacG4hF18c"" folds",2026-09-26T22:41:01.143Z,179046246114300
"""dih @ GO72Iwd2XL"" raises to 2.00",2026-09-26T22:40:58.196Z,179046245819600
"""rowan @ GthBpPSqaK"" posts a big blind of 0.50",2026-09-26T22:40:55.772Z,179046245577206
"""JJJ @ iacG4hF18c"" posts a small blind of 0.25",2026-09-26T22:40:55.772Z,179046245577205
"Player stacks: #1 ""rowan @ GthBpPSqaK"" (64.51) | #2 ""dih @ GO72Iwd2XL"" (84.35) | #10 ""JJJ @ iacG4hF18c"" (44.35)",2026-09-26T22:40:55.772Z,179046245577201
"-- starting hand #157 (id: fvlqmlksfpjp)  No Limit Texas Hold'em (dealer: ""dih @ GO72Iwd2XL"") --",2026-09-26T22:40:55.772Z,179046245577200
"-- ending hand #156 --",2026-09-26T22:40:49.758Z,179046244975803
"""JJJ @ iacG4hF18c"" collected 1.00 from pot with Two Pair, Q's & 6's (combination: K♠, 6♣, 6♥, Q♣, Q♦)",2026-09-26T22:40:49.758Z,179046244975802
"""JJJ @ iacG4hF18c"" shows a 4♠, 6♣.",2026-09-26T22:40:49.758Z,179046244975801
"""dih @ GO72Iwd2XL"" shows a A♠, 3♦.",2026-09-26T22:40:49.758Z,179046244975800
"""JJJ @ iacG4hF18c"" checks",2026-09-26T22:40:48.939Z,179046244893900
"""dih @ GO72Iwd2XL"" checks",2026-09-26T22:40:47.428Z,179046244742800
"River: K♠, 7♣, Q♣, Q♦ [6♥]",2026-09-26T22:40:46.271Z,179046244627100
"""JJJ @ iacG4hF18c"" checks",2026-09-26T22:40:45.430Z,179046244543000
"""dih @ GO72Iwd2XL"" checks",2026-09-26T22:40:44.503Z,179046244450300
"Turn: K♠, 7♣, Q♣ [Q♦]",2026-09-26T22:40:43.554Z,179046244355400
"""JJJ @ iacG4hF18c"" checks",2026-09-26T22:40:42.702Z,179046244270200
"""dih @ GO72Iwd2XL"" checks",2026-09-26T22:40:41.778Z,179046244177800
"Flop:  [K♠, 7♣, Q♣]",2026-09-26T22:40:39.964Z,179046243996400
"""JJJ @ iacG4hF18c"" checks",2026-09-26T22:40:39.130Z,179046243913000
"""dih @ GO72Iwd2XL"" calls 0.50",2026-09-26T22:40:34.565Z,179046243456500
"""rowan @ GthBpPSqaK"" folds",2026-09-26T22:40:33.107Z,179046243310700
"""JJJ @ iacG4hF18c"" posts a big blind of 0.50",2026-09-26T22:40:28.158Z,179046242815806
"""dih @ GO72Iwd2XL"" posts a small blind of 0.25",2026-09-26T22:40:28.158Z,179046242815805
"Player stacks: #1 ""rowan @ GthBpPSqaK"" (64.51) | #2 ""dih @ GO72Iwd2XL"" (84.85) | #10 ""JJJ @ iacG4hF18c"" (43.85)",2026-09-26T22:40:28.158Z,179046242815801
"-- starting hand #156 (id: iiaohcxaeg8w)  No Limit Texas Hold'em (dealer: ""rowan @ GthBpPSqaK"") --",2026-09-26T22:40:28.158Z,179046242815800
"-- ending hand #155 --",2026-09-26T22:40:22.193Z,179046242219302
"""JJJ @ iacG4hF18c"" collected 1.25 from pot",2026-09-26T22:40:22.193Z,179046242219301
"Uncalled bet of 1.25 returned to ""JJJ @ iacG4hF18c""",2026-09-26T22:40:22.193Z,179046242219300
"""dih @ GO72Iwd2XL"" folds",2026-09-26T22:40:21.378Z,179046242137800
"""JJJ @ iacG4hF18c"" bets 1.25",2026-09-26T22:40:20.101Z,179046242010100
"""dih @ GO72Iwd2XL"" checks",2026-09-26T22:40:16.768Z,179046241676800
"Flop:  [4♣, 9♦, 4♦]",2026-09-26T22:40:14.645Z,179046241464500
"""dih @ GO72Iwd2XL"" checks",2026-09-26T22:40:13.803Z,179046241380300
"""rowan @ GthBpPSqaK"" folds",2026-09-26T22:40:08.160Z,179046240816000
"""JJJ @ iacG4hF18c"" calls 0.50",2026-09-26T22:40:07.289Z,179046240728900
"""dih @ GO72Iwd2XL"" posts a big blind of 0.50",2026-09-26T22:40:05.440Z,179046240544006
"""rowan @ GthBpPSqaK"" posts a small blind of 0.25",2026-09-26T22:40:05.440Z,179046240544005
"Player stacks: #1 ""rowan @ GthBpPSqaK"" (64.76) | #2 ""dih @ GO72Iwd2XL"" (85.35) | #10 ""JJJ @ iacG4hF18c"" (43.10)",2026-09-26T22:40:05.440Z,179046240544001
"-- starting hand #155 (id: mew2smdby7yt)  No Limit Texas Hold'em (dealer: ""JJJ @ iacG4hF18c"") --",2026-09-26T22:40:05.440Z,179046240544000
"-- ending hand #154 --",2026-09-26T22:39:59.474Z,179046239947402
"""JJJ @ iacG4hF18c"" collected 4.50 from pot",2026-09-26T22:39:59.474Z,179046239947401
"Uncalled bet of 3.37 returned to ""JJJ @ iacG4hF18c""",2026-09-26T22:39:59.474Z,179046239947400
"""dih @ GO72Iwd2XL"" folds",2026-09-26T22:39:58.665Z,179046239866500
"""JJJ @ iacG4hF18c"" bets 3.37",2026-09-26T22:39:57.373Z,179046239737300
"Flop:  [4♣, J♥, 10♣]",2026-09-26T22:39:50.480Z,179046239048000
"""dih @ GO72Iwd2XL"" calls 2.00",2026-09-26T22:39:49.670Z,179046238967000
"""rowan @ GthBpPSqaK"" folds",2026-09-26T22:39:45.801Z,179046238580100
"""JJJ @ iacG4hF18c"" raises to 2.00",2026-09-26T22:39:44.343Z,179046238434300
"""dih @ GO72Iwd2XL"" calls 0.50",2026-09-26T22:39:40.792Z,179046238079200
"""rowan @ GthBpPSqaK"" posts a big blind of 0.50",2026-09-26T22:39:39.402Z,179046237940206
"""JJJ @ iacG4hF18c"" posts a small blind of 0.25",2026-09-26T22:39:39.402Z,179046237940205
"Player stacks: #1 ""rowan @ GthBpPSqaK"" (65.26) | #2 ""dih @ GO72Iwd2XL"" (87.35) | #10 ""JJJ @ iacG4hF18c"" (40.60)",2026-09-26T22:39:39.402Z,179046237940201
"-- starting hand #154 (id: lyobdhkusbtx)  No Limit Texas Hold'em (dealer: ""dih @ GO72Iwd2XL"") --",2026-09-26T22:39:39.402Z,179046237940200
"""dih @ GO72Iwd2XL"" shows a Q♠, A♠.",2026-09-26T22:39:36.254Z,179046237625400
"""rowan @ GthBpPSqaK"" shows a J♥, 3♥.",2026-09-26T22:39:33.953Z,179046237395300
"-- ending hand #153 --",2026-09-26T22:39:32.044Z,179046237204402
"""dih @ GO72Iwd2XL"" collected 3.50 from pot",2026-09-26T22:39:32.044Z,179046237204401
"Uncalled bet of 2.00 returned to ""dih @ GO72Iwd2XL""",2026-09-26T22:39:32.044Z,179046237204400
"""rowan @ GthBpPSqaK"" folds",2026-09-26T22:39:31.211Z,179046237121100
"""JJJ @ iacG4hF18c"" folds",2026-09-26T22:39:29.729Z,179046236972900
"""dih @ GO72Iwd2XL"" raises to 3.50",2026-09-26T22:39:26.789Z,179046236678900
"""rowan @ GthBpPSqaK"" raises to 1.50",2026-09-26T22:39:22.714Z,179046236271400
"""JJJ @ iacG4hF18c"" posts a big blind of 0.50",2026-09-26T22:39:20.636Z,179046236063606
"""dih @ GO72Iwd2XL"" posts a small blind of 0.25",2026-09-26T22:39:20.636Z,179046236063605
"Player stacks: #1 ""rowan @ GthBpPSqaK"" (66.76) | #2 ""dih @ GO72Iwd2XL"" (85.35) | #10 ""JJJ @ iacG4hF18c"" (41.10)",2026-09-26T22:39:20.636Z,179046236063601
"-- starting hand #153 (id: f5bzxitkrlxd)  No Limit Texas Hold'em (dealer: ""rowan @ GthBpPSqaK"") --",2026-09-26T22:39:20.636Z,179046236063600
"""JJJ @ iacG4hF18c"" shows a K♥.",2026-09-26T22:39:17.057Z,179046235705700
"-- ending hand #152 --",2026-09-26T22:39:13.988Z,179046235398801
"""JJJ @ iacG4hF18c"" collected 3.75 from pot",2026-09-26T22:39:13.988Z,179046235398800
"""dih @ GO72Iwd2XL"" folds",2026-09-26T22:39:13.099Z,179046235309900
"Flop:  [2♦, 4♦, 3♦]",2026-09-26T22:39:10.988Z,179046235098800
"""dih @ GO72Iwd2XL"" calls 1.75",2026-09-26T22:39:10.162Z,179046235016200
"""rowan @ GthBpPSqaK"" folds",2026-09-26T22:39:04.299Z,179046234429900
"""JJJ @ iacG4hF18c"" raises to 1.75",2026-09-26T22:39:01.666Z,179046234166600
"""dih @ GO72Iwd2XL"" posts a big blind of 0.50",2026-09-26T22:38:57.901Z,179046233790106
"""rowan @ GthBpPSqaK"" posts a small blind of 0.25",2026-09-26T22:38:57.901Z,179046233790105
"Player stacks: #1 ""rowan @ GthBpPSqaK"" (67.01) | #2 ""dih @ GO72Iwd2XL"" (87.10) | #10 ""JJJ @ iacG4hF18c"" (39.10)",2026-09-26T22:38:57.901Z,179046233790101
"-- starting hand #152 (id: fnwoeclgrddb)  No Limit Texas Hold'em (dealer: ""JJJ @ iacG4hF18c"") --",2026-09-26T22:38:57.901Z,179046233790100
"""dih @ GO72Iwd2XL"" shows a Q♣, 4♣.",2026-09-26T22:38:54.712Z,179046233471200
"""rowan @ GthBpPSqaK"" shows a 6♣, 3♣.",2026-09-26T22:38:53.819Z,179046233381900
"-- ending hand #151 --",2026-09-26T22:38:53.525Z,179046233352501
"""dih @ GO72Iwd2XL"" collected 27.10 from pot",2026-09-26T22:38:53.525Z,179046233352500
"""rowan @ GthBpPSqaK"" folds",2026-09-26T22:38:52.702Z,179046233270200
"River: 5♥, K♣, 2♥, 2♣ [9♥]",2026-09-26T22:38:49.497Z,179046232949700
"""rowan @ GthBpPSqaK"" calls 6.00",2026-09-26T22:38:48.633Z,179046232863300
"""dih @ GO72Iwd2XL"" bets 6.00",2026-09-26T22:38:46.904Z,179046232690400
"""rowan @ GthBpPSqaK"" checks",2026-09-26T22:38:41.502Z,179046232150200
"Turn: 5♥, K♣, 2♥ [2♣]",2026-09-26T22:38:40.569Z,179046232056900
"""rowan @ GthBpPSqaK"" calls 4.55",2026-09-26T22:38:39.762Z,179046231976200
"""JJJ @ iacG4hF18c"" folds",2026-09-26T22:38:38.924Z,179046231892400
"""dih @ GO72Iwd2XL"" bets 4.55",2026-09-26T22:38:36.891Z,179046231689100
"""rowan @ GthBpPSqaK"" checks",2026-09-26T22:38:33.524Z,179046231352400
"""JJJ @ iacG4hF18c"" checks",2026-09-26T22:38:32.009Z,179046231200900
"Flop:  [5♥, K♣, 2♥]",2026-09-26T22:38:30.274Z,179046231027400
"""rowan @ GthBpPSqaK"" calls 2.00",2026-09-26T22:38:29.421Z,179046230942100
"""JJJ @ iacG4hF18c"" calls 2.00",2026-09-26T22:38:28.373Z,179046230837300
"""dih @ GO72Iwd2XL"" raises to 2.00",2026-09-26T22:38:15.416Z,179046229541600
"""rowan @ GthBpPSqaK"" posts a big blind of 0.50",2026-09-26T22:38:11.451Z,179046229145106
"""JJJ @ iacG4hF18c"" posts a small blind of 0.25",2026-09-26T22:38:11.451Z,179046229145105
"Player stacks: #1 ""rowan @ GthBpPSqaK"" (79.56) | #2 ""dih @ GO72Iwd2XL"" (72.55) | #10 ""JJJ @ iacG4hF18c"" (41.10)",2026-09-26T22:38:11.451Z,179046229145101
"-- starting hand #151 (id: wqo8jiwzoldv)  No Limit Texas Hold'em (dealer: ""dih @ GO72Iwd2XL"") --",2026-09-26T22:38:11.451Z,179046229145100
"-- ending hand #150 --",2026-09-26T22:38:05.449Z,179046228544902
"""dih @ GO72Iwd2XL"" collected 1.00 from pot",2026-09-26T22:38:05.449Z,179046228544901
"Uncalled bet of 1.50 returned to ""dih @ GO72Iwd2XL""",2026-09-26T22:38:05.449Z,179046228544900
"""JJJ @ iacG4hF18c"" folds",2026-09-26T22:38:04.611Z,179046228461100
"""dih @ GO72Iwd2XL"" raises to 2.00",2026-09-26T22:37:54.185Z,179046227418500
"""rowan @ GthBpPSqaK"" folds",2026-09-26T22:37:51.928Z,179046227192800
"""JJJ @ iacG4hF18c"" posts a big blind of 0.50",2026-09-26T22:37:50.830Z,179046227083006
"""dih @ GO72Iwd2XL"" posts a small blind of 0.25",2026-09-26T22:37:50.830Z,179046227083005
"Player stacks: #1 ""rowan @ GthBpPSqaK"" (79.56) | #2 ""dih @ GO72Iwd2XL"" (72.05) | #10 ""JJJ @ iacG4hF18c"" (41.60)",2026-09-26T22:37:50.830Z,179046227083001
"-- starting hand #150 (id: okxccerzqa9x)  No Limit Texas Hold'em (dealer: ""rowan @ GthBpPSqaK"") --",2026-09-26T22:37:50.830Z,179046227083000
"""rowan @ GthBpPSqaK"" shows a 9♥, 8♥.",2026-09-26T22:37:46.228Z,179046226622800
"-- ending hand #149 --",2026-09-26T22:37:44.223Z,179046226422302
"""rowan @ GthBpPSqaK"" collected 3.50 from pot",2026-09-26T22:37:44.223Z,179046226422301
"Uncalled bet of 1.75 returned to ""rowan @ GthBpPSqaK""",2026-09-26T22:37:44.223Z,179046226422300
"""JJJ @ iacG4hF18c"" folds",2026-09-26T22:37:43.396Z,179046226339600
"""rowan @ GthBpPSqaK"" bets 1.75",2026-09-26T22:37:41.803Z,179046226180300
"Flop:  [7♥, 7♠, J♥]",2026-09-26T22:37:38.016Z,179046225801600
"""JJJ @ iacG4hF18c"" calls 1.50",2026-09-26T22:37:37.163Z,179046225716300
"""dih @ GO72Iwd2XL"" folds",2026-09-26T22:37:35.482Z,179046225548200
"""rowan @ GthBpPSqaK"" raises to 1.50",2026-09-26T22:37:32.318Z,179046225231800
"""JJJ @ iacG4hF18c"" calls 0.50",2026-09-26T22:37:29.221Z,179046224922100
"""dih @ GO72Iwd2XL"" posts a big blind of 0.50",2026-09-26T22:37:24.345Z,179046224434506
"""rowan @ GthBpPSqaK"" posts a small blind of 0.25",2026-09-26T22:37:24.345Z,179046224434505
"Player stacks: #1 ""rowan @ GthBpPSqaK"" (77.56) | #2 ""dih @ GO72Iwd2XL"" (72.55) | #10 ""JJJ @ iacG4hF18c"" (43.10)",2026-09-26T22:37:24.345Z,179046224434501
"-- starting hand #149 (id: 7oscsyvhn7kj)  No Limit Texas Hold'em (dealer: ""JJJ @ iacG4hF18c"") --",2026-09-26T22:37:24.345Z,179046224434500
"""dih @ GO72Iwd2XL"" shows a 9♦.",2026-09-26T22:37:19.695Z,179046223969500
"""dih @ GO72Iwd2XL"" shows a 4♦.",2026-09-26T22:37:19.267Z,179046223926700
"-- ending hand #148 --",2026-09-26T22:37:17.795Z,179046223779502
"""rowan @ GthBpPSqaK"" collected 49.00 from pot with Flush, A High (combination: 2♥, 4♥, 9♥, K♥, A♥)",2026-09-26T22:37:17.795Z,179046223779501
"""rowan @ GthBpPSqaK"" shows a 9♥, A♥.",2026-09-26T22:37:17.795Z,179046223779500
"""dih @ GO72Iwd2XL"" calls 9.00",2026-09-26T22:37:16.948Z,179046223694800
"""rowan @ GthBpPSqaK"" bets 9.00",2026-09-26T22:37:11.074Z,179046223107400
"River: 2♥, 5♠, 4♥, K♥ [4♠]",2026-09-26T22:36:57.952Z,179046221795200
"""dih @ GO72Iwd2XL"" calls 8.00",2026-09-26T22:36:57.112Z,179046221711200
"""rowan @ GthBpPSqaK"" bets 8.00",2026-09-26T22:36:52.970Z,179046221297000
"Turn: 2♥, 5♠, 4♥ [K♥]",2026-09-26T22:36:43.071Z,179046220307100
"""JJJ @ iacG4hF18c"" folds",2026-09-26T22:36:42.200Z,179046220220000
"""dih @ GO72Iwd2XL"" calls 3.75",2026-09-26T22:36:35.423Z,179046219542300
"""rowan @ GthBpPSqaK"" bets 3.75",2026-09-26T22:36:30.915Z,179046219091500
"""JJJ @ iacG4hF18c"" checks",2026-09-26T22:36:27.737Z,179046218773700
"Flop:  [2♥, 5♠, 4♥]",2026-09-26T22:36:22.860Z,179046218286000
"""JJJ @ iacG4hF18c"" calls 2.50",2026-09-26T22:36:22.009Z,179046218200900
"""dih @ GO72Iwd2XL"" calls 2.50",2026-09-26T22:36:18.794Z,179046217879400
"""rowan @ GthBpPSqaK"" raises to 2.50",2026-09-26T22:36:16.109Z,179046217610900
"""JJJ @ iacG4hF18c"" calls 0.50",2026-09-26T22:36:12.643Z,179046217264300
"""dih @ GO72Iwd2XL"" calls 0.50",2026-09-26T22:36:10.171Z,179046217017100
"""rowan @ GthBpPSqaK"" posts a big blind of 0.50",2026-09-26T22:35:58.508Z,179046215850806
"""JJJ @ iacG4hF18c"" posts a small blind of 0.25",2026-09-26T22:35:58.508Z,179046215850805
"Player stacks: #1 ""rowan @ GthBpPSqaK"" (51.81) | #2 ""dih @ GO72Iwd2XL"" (95.80) | #10 ""JJJ @ iacG4hF18c"" (45.60)",2026-09-26T22:35:58.508Z,179046215850801
"-- starting hand #148 (id: 5k029l6ues3l)  No Limit Texas Hold'em (dealer: ""dih @ GO72Iwd2XL"") --",2026-09-26T22:35:58.508Z,179046215850800
"-- ending hand #147 --",2026-09-26T22:35:52.591Z,179046215259102
"""rowan @ GthBpPSqaK"" collected 1.25 from pot",2026-09-26T22:35:52.591Z,179046215259101
"Uncalled bet of 1.00 returned to ""rowan @ GthBpPSqaK""",2026-09-26T22:35:52.591Z,179046215259100
"""JJJ @ iacG4hF18c"" folds",2026-09-26T22:35:51.763Z,179046215176300
"""dih @ GO72Iwd2XL"" folds",2026-09-26T22:35:50.922Z,179046215092200
"""rowan @ GthBpPSqaK"" raises to 1.50",2026-09-26T22:35:49.376Z,179046214937600
"""JJJ @ iacG4hF18c"" posts a big blind of 0.50",2026-09-26T22:35:44.286Z,179046214428606
"""dih @ GO72Iwd2XL"" posts a small blind of 0.25",2026-09-26T22:35:44.286Z,179046214428605
"Player stacks: #1 ""rowan @ GthBpPSqaK"" (51.06) | #2 ""dih @ GO72Iwd2XL"" (96.05) | #10 ""JJJ @ iacG4hF18c"" (46.10)",2026-09-26T22:35:44.286Z,179046214428601
"-- starting hand #147 (id: cooouxn1eabo)  No Limit Texas Hold'em (dealer: ""rowan @ GthBpPSqaK"") --",2026-09-26T22:35:44.286Z,179046214428600
"""rowan @ GthBpPSqaK"" shows a 5♠, J♥.",2026-09-26T22:35:41.921Z,179046214192100
"""dih @ GO72Iwd2XL"" shows a Q♣.",2026-09-26T22:35:39.655Z,179046213965500
"-- ending hand #146 --",2026-09-26T22:35:36.981Z,179046213698102
"""dih @ GO72Iwd2XL"" collected 0.50 from pot",2026-09-26T22:35:36.981Z,179046213698101
"Uncalled bet of 0.25 returned to ""dih @ GO72Iwd2XL""",2026-09-26T22:35:36.981Z,179046213698100
"""rowan @ GthBpPSqaK"" folds",2026-09-26T22:35:36.106Z,179046213610600
"""JJJ @ iacG4hF18c"" folds",2026-09-26T22:35:35.249Z,179046213524900
"""dih @ GO72Iwd2XL"" posts a big blind of 0.50",2026-09-26T22:35:30.483Z,179046213048310
"""rowan @ GthBpPSqaK"" posts a small blind of 0.25",2026-09-26T22:35:30.483Z,179046213048309
"Player stacks: #1 ""rowan @ GthBpPSqaK"" (51.31) | #2 ""dih @ GO72Iwd2XL"" (95.80) | #10 ""JJJ @ iacG4hF18c"" (46.10)",2026-09-26T22:35:30.483Z,179046213048305
"-- starting hand #146 (id: jlkqb81mgqs0)  No Limit Texas Hold'em (dealer: ""JJJ @ iacG4hF18c"") --",2026-09-26T22:35:30.483Z,179046213048304
"The game's ante was changed from 0.00 to 0.00.",2026-09-26T22:35:30.483Z,179046213048303
"The game's big blind was changed from 0.20 to 0.50.",2026-09-26T22:35:30.483Z,179046213048302
"The game's small blind was changed from 0.10 to 0.25.",2026-09-26T22:35:30.483Z,179046213048301
"Game Config Changes
* Blind Schedule: L1: 10/20 » L1: 25/50
* 7-2 bounty: 40 » 100
* Restart Blind Schedule at Level: none » 1",2026-09-26T22:35:30.483Z,179046213048300
"""rowan @ GthBpPSqaK"" shows a 8♠, 3♥.",2026-09-26T22:35:25.214Z,179046212521400
"-- ending hand #145 --",2026-09-26T22:35:23.967Z,179046212396702
"""JJJ @ iacG4hF18c"" collected 0.40 from pot with Two Pair, 10's & 9's (combination: K♦, 9♣, 9♦, 10♦, 10♠)",2026-09-26T22:35:23.967Z,179046212396701
"""JJJ @ iacG4hF18c"" shows a 9♣, K♦.",2026-09-26T22:35:23.967Z,179046212396700
"""rowan @ GthBpPSqaK"" checks",2026-09-26T22:35:23.098Z,179046212309800
"""JJJ @ iacG4hF18c"" checks",2026-09-26T22:35:22.247Z,179046212224700
"River: 10♦, 10♠, 2♦, 9♦ [6♣]",2026-09-26T22:35:20.963Z,179046212096300
"""rowan @ GthBpPSqaK"" checks",2026-09-26T22:35:20.093Z,179046212009300
"""JJJ @ iacG4hF18c"" checks",2026-09-26T22:35:19.234Z,179046211923400
"Turn: 10♦, 10♠, 2♦ [9♦]",2026-09-26T22:35:17.034Z,179046211703400
"""rowan @ GthBpPSqaK"" checks",2026-09-26T22:35:16.207Z,179046211620700
"""JJJ @ iacG4hF18c"" checks",2026-09-26T22:35:15.345Z,179046211534500
"Flop:  [10♦, 10♠, 2♦]",2026-09-26T22:35:10.829Z,179046211082900
"""rowan @ GthBpPSqaK"" checks",2026-09-26T22:35:09.938Z,179046210993800
"""JJJ @ iacG4hF18c"" calls 0.20",2026-09-26T22:35:00.658Z,179046210065800
"""dih @ GO72Iwd2XL"" folds",2026-09-26T22:34:56.667Z,179046209666700
"""rowan @ GthBpPSqaK"" posts a big blind of 0.20",2026-09-26T22:34:51.475Z,179046209147506
"""JJJ @ iacG4hF18c"" posts a small blind of 0.10",2026-09-26T22:34:51.475Z,179046209147505
"Player stacks: #1 ""rowan @ GthBpPSqaK"" (51.51) | #2 ""dih @ GO72Iwd2XL"" (95.80) | #10 ""JJJ @ iacG4hF18c"" (45.90)",2026-09-26T22:34:51.475Z,179046209147501
"-- starting hand #145 (id: owxvayozl5uz)  No Limit Texas Hold'em (dealer: ""dih @ GO72Iwd2XL"") --",2026-09-26T22:34:51.475Z,179046209147500
"""rowan @ GthBpPSqaK"" shows a A♦, J♣.",2026-09-26T22:34:45.926Z,179046208592600
"-- ending hand #144 --",2026-09-26T22:34:44.943Z,179046208494302
"""dih @ GO72Iwd2XL"" collected 71.80 from pot with Straight, J High (combination: 7♥, 8♣, 9♠, 10♠, J♦)",2026-09-26T22:34:44.943Z,179046208494301
"""dih @ GO72Iwd2XL"" shows a 9♠, 10♠.",2026-09-26T22:34:44.943Z,179046208494300
"""rowan @ GthBpPSqaK"" calls 25.00",2026-09-26T22:34:44.121Z,179046208412100
"""dih @ GO72Iwd2XL"" bets 25.00",2026-09-26T22:34:33.558Z,179046207355800
"River: A♠, 2♣, J♦, 8♣ [7♥]",2026-09-26T22:34:26.659Z,179046206665900
"""rowan @ GthBpPSqaK"" calls 6.00",2026-09-26T22:34:25.768Z,179046206576800
"""dih @ GO72Iwd2XL"" bets 6.00",2026-09-26T22:34:22.244Z,179046206224400
"Turn: A♠, 2♣, J♦ [8♣]",2026-09-26T22:34:15.946Z,179046205594600
"""rowan @ GthBpPSqaK"" calls 2.60",2026-09-26T22:34:15.123Z,179046205512300
"""dih @ GO72Iwd2XL"" bets 2.60",2026-09-26T22:34:13.062Z,179046205306200
"Flop:  [A♠, 2♣, J♦]",2026-09-26T22:34:06.851Z,179046204685100
"""rowan @ GthBpPSqaK"" calls 2.20",2026-09-26T22:34:06.041Z,179046204604100
"""JJJ @ iacG4hF18c"" folds",2026-09-26T22:34:04.074Z,179046204407400
"""dih @ GO72Iwd2XL"" raises to 2.20",2026-09-26T22:33:54.235Z,179046203423500
"""rowan @ GthBpPSqaK"" raises to 0.80",2026-09-26T22:33:50.392Z,179046203039200
"""JJJ @ iacG4hF18c"" posts a big blind of 0.20",2026-09-26T22:33:47.083Z,179046202708306
"""dih @ GO72Iwd2XL"" posts a small blind of 0.10",2026-09-26T22:33:47.083Z,179046202708305
"Player stacks: #1 ""rowan @ GthBpPSqaK"" (87.31) | #2 ""dih @ GO72Iwd2XL"" (59.80) | #10 ""JJJ @ iacG4hF18c"" (46.10)",2026-09-26T22:33:47.083Z,179046202708301
"-- starting hand #144 (id: hhp6xq2jntx5)  No Limit Texas Hold'em (dealer: ""rowan @ GthBpPSqaK"") --",2026-09-26T22:33:47.083Z,179046202708300
"""JJJ @ iacG4hF18c"" shows a Q♠, 3♠.",2026-09-26T22:33:45.534Z,179046202553400
"""rowan @ GthBpPSqaK"" shows a Q♦, K♦.",2026-09-26T22:33:43.284Z,179046202328400
"-- ending hand #143 --",2026-09-26T22:33:42.764Z,179046202276402
"""rowan @ GthBpPSqaK"" collected 8.40 from pot",2026-09-26T22:33:42.764Z,179046202276401
"Uncalled bet of 4.20 returned to ""rowan @ GthBpPSqaK""",2026-09-26T22:33:42.764Z,179046202276400
"""JJJ @ iacG4hF18c"" folds",2026-09-26T22:33:41.954Z,179046202195400
"""rowan @ GthBpPSqaK"" bets 4.20",2026-09-26T22:33:39.163Z,179046201916300
"River: 10♦, 10♠, K♠, 4♦ [10♥]",2026-09-26T22:33:35.765Z,179046201576500
"""JJJ @ iacG4hF18c"" calls 2.10",2026-09-26T22:33:34.954Z,179046201495400
"""rowan @ GthBpPSqaK"" bets 2.10",2026-09-26T22:33:32.228Z,179046201222800
"Turn: 10♦, 10♠, K♠ [4♦]",2026-09-26T22:33:15.246Z,179046199524600
"""JJJ @ iacG4hF18c"" calls 0.80",2026-09-26T22:33:14.394Z,179046199439400
"""rowan @ GthBpPSqaK"" bets 0.80",2026-09-26T22:33:11.325Z,179046199132500
"Flop:  [10♦, 10♠, K♠]",2026-09-26T22:33:06.885Z,179046198688500
"""JJJ @ iacG4hF18c"" calls 1.20",2026-09-26T22:33:06.079Z,179046198607900
"""dih @ GO72Iwd2XL"" folds",2026-09-26T22:33:04.403Z,179046198440300
"""rowan @ GthBpPSqaK"" raises to 1.20",2026-09-26T22:33:02.473Z,179046198247300
"""JJJ @ iacG4hF18c"" calls 0.20",2026-09-26T22:32:58.912Z,179046197891200
"""dih @ GO72Iwd2XL"" posts a big blind of 0.20",2026-09-26T22:32:57.467Z,179046197746706
"""rowan @ GthBpPSqaK"" posts a small blind of 0.10",2026-09-26T22:32:57.467Z,179046197746705
"Player stacks: #1 ""rowan @ GthBpPSqaK"" (83.01) | #2 ""dih @ GO72Iwd2XL"" (60.00) | #10 ""JJJ @ iacG4hF18c"" (50.20)",2026-09-26T22:32:57.467Z,179046197746701
"-- starting hand #143 (id: ldwscjjewyqu)  No Limit Texas Hold'em (dealer: ""JJJ @ iacG4hF18c"") --",2026-09-26T22:32:57.467Z,179046197746700
"""dih @ GO72Iwd2XL"" shows a 4♥, Q♣.",2026-09-26T22:32:54.002Z,179046197400200
"""JJJ @ iacG4hF18c"" shows a Q♦.",2026-09-26T22:32:52.760Z,179046197276000
"""rowan @ GthBpPSqaK"" shows a 2♠, 9♥.",2026-09-26T22:32:50.229Z,179046197022900
"-- ending hand #142 --",2026-09-26T22:32:49.464Z,179046196946402
"""JJJ @ iacG4hF18c"" collected 0.40 from pot",2026-09-26T22:32:49.464Z,179046196946401
"Uncalled bet of 0.40 returned to ""JJJ @ iacG4hF18c""",2026-09-26T22:32:49.464Z,179046196946400
"""rowan @ GthBpPSqaK"" folds",2026-09-26T22:32:48.651Z,179046196865100
"""JJJ @ iacG4hF18c"" raises to 0.60",2026-09-26T22:32:47.330Z,179046196733000
"""dih @ GO72Iwd2XL"" folds",2026-09-26T22:32:44.535Z,179046196453500
"""rowan @ GthBpPSqaK"" posts a big blind of 0.20",2026-09-26T22:32:43.212Z,179046196321207
"""JJJ @ iacG4hF18c"" posts a small blind of 0.10",2026-09-26T22:32:43.212Z,179046196321206
"Player stacks: #1 ""rowan @ GthBpPSqaK"" (83.21) | #2 ""dih @ GO72Iwd2XL"" (60.00) | #10 ""JJJ @ iacG4hF18c"" (50.00)",2026-09-26T22:32:43.212Z,179046196321202
"-- starting hand #142 (id: vxnkaevzyfas)  No Limit Texas Hold'em (dealer: ""dih @ GO72Iwd2XL"") --",2026-09-26T22:32:43.212Z,179046196321201
"The player ""JJJ @ iacG4hF18c"" joined the game with a stack of 50.00.",2026-09-26T22:32:43.212Z,179046196321200
"-- ending hand #141 --",2026-09-26T22:32:37.188Z,179046195718803
"""rowan @ GthBpPSqaK"" collected 36.00 from pot with Three of a Kind, 6's (combination: 9♣, 10♦, 6♥, 6♠, 6♦)",2026-09-26T22:32:37.188Z,179046195718802
"""rowan @ GthBpPSqaK"" shows a 6♥, 7♣.",2026-09-26T22:32:37.188Z,179046195718801
"""dih @ GO72Iwd2XL"" shows a 7♥, 5♠.",2026-09-26T22:32:37.188Z,179046195718800
"""rowan @ GthBpPSqaK"" calls 12.00",2026-09-26T22:32:36.328Z,179046195632800
"""dih @ GO72Iwd2XL"" bets 12.00",2026-09-26T22:32:35.264Z,179046195526400
"The admin approved the player ""JJJ @ iacG4hF18c"" participation with a stack of 50.00.",2026-09-26T22:32:32.903Z,179046195290300
"The player ""JJJ @ iacG4hF18c"" requested a seat.",2026-09-26T22:32:31.964Z,179046195196400
"River: 9♣, 5♣, 6♠, 6♦ [10♦]",2026-09-26T22:32:27.986Z,179046194798600
"""rowan @ GthBpPSqaK"" calls 3.40",2026-09-26T22:32:27.170Z,179046194717000
"""dih @ GO72Iwd2XL"" bets 3.40",2026-09-26T22:32:22.745Z,179046194274500
"Turn: 9♣, 5♣, 6♠ [6♦]",2026-09-26T22:32:18.580Z,179046193858000
"""rowan @ GthBpPSqaK"" calls 2.00",2026-09-26T22:32:17.722Z,179046193772200
"""dih @ GO72Iwd2XL"" raises to 2.00",2026-09-26T22:32:16.854Z,179046193685400
"""rowan @ GthBpPSqaK"" bets 0.60",2026-09-26T22:32:10.413Z,179046193041300
"""dih @ GO72Iwd2XL"" checks",2026-09-26T22:32:07.803Z,179046192780300
"Flop:  [9♣, 5♣, 6♠]",2026-09-26T22:32:06.082Z,179046192608200
"""dih @ GO72Iwd2XL"" calls 0.60",2026-09-26T22:32:05.238Z,179046192523800
"""rowan @ GthBpPSqaK"" raises to 0.60",2026-09-26T22:32:03.471Z,179046192347100
"""dih @ GO72Iwd2XL"" posts a big blind of 0.20",2026-09-26T22:31:57.372Z,179046191737205
"""rowan @ GthBpPSqaK"" posts a small blind of 0.10",2026-09-26T22:31:57.372Z,179046191737204
"Player stacks: #1 ""rowan @ GthBpPSqaK"" (65.21) | #2 ""dih @ GO72Iwd2XL"" (78.00)",2026-09-26T22:31:57.372Z,179046191737201
"-- starting hand #141 (id: yfoxopsyzaff)  No Limit Texas Hold'em (dealer: ""rowan @ GthBpPSqaK"") --",2026-09-26T22:31:57.372Z,179046191737200
"""rowan @ GthBpPSqaK"" shows a 10♠, A♦.",2026-09-26T22:31:52.346Z,179046191234600
"-- ending hand #140 --",2026-09-26T22:31:50.759Z,179046191075902
"""rowan @ GthBpPSqaK"" collected 0.20 from pot",2026-09-26T22:31:50.759Z,179046191075901
"Uncalled bet of 0.10 returned to ""rowan @ GthBpPSqaK""",2026-09-26T22:31:50.759Z,179046191075900
"""dih @ GO72Iwd2XL"" folds",2026-09-26T22:31:49.932Z,179046190993200
"""rowan @ GthBpPSqaK"" posts a big blind of 0.20",2026-09-26T22:31:48.559Z,179046190855905
"""dih @ GO72Iwd2XL"" posts a small blind of 0.10",2026-09-26T22:31:48.559Z,179046190855904
"Player stacks: #1 ""rowan @ GthBpPSqaK"" (65.11) | #2 ""dih @ GO72Iwd2XL"" (78.10)",2026-09-26T22:31:48.559Z,179046190855901
"-- starting hand #140 (id: alpejhbebfg7)  No Limit Texas Hold'em (dealer: ""dih @ GO72Iwd2XL"") --",2026-09-26T22:31:48.559Z,179046190855900
"""rowan @ GthBpPSqaK"" shows a 2♥, J♦.",2026-09-26T22:31:46.625Z,179046190662500
"""dih @ GO72Iwd2XL"" shows a 8♣, 8♦.",2026-09-26T22:31:44.531Z,179046190453100
"-- ending hand #139 --",2026-09-26T22:31:41.225Z,179046190122502
"""dih @ GO72Iwd2XL"" collected 0.20 from pot",2026-09-26T22:31:41.225Z,179046190122501
"Uncalled bet of 0.10 returned to ""dih @ GO72Iwd2XL""",2026-09-26T22:31:41.225Z,179046190122500
"""rowan @ GthBpPSqaK"" folds",2026-09-26T22:31:40.415Z,179046190041500
"""dih @ GO72Iwd2XL"" posts a big blind of 0.20",2026-09-26T22:31:38.950Z,179046189895005
"""rowan @ GthBpPSqaK"" posts a small blind of 0.10",2026-09-26T22:31:38.950Z,179046189895004
"Player stacks: #1 ""rowan @ GthBpPSqaK"" (65.21) | #2 ""dih @ GO72Iwd2XL"" (78.00)",2026-09-26T22:31:38.950Z,179046189895001
"-- starting hand #139 (id: qd3tpvein7fx)  No Limit Texas Hold'em (dealer: ""rowan @ GthBpPSqaK"") --",2026-09-26T22:31:38.950Z,179046189895000
"""rowan @ GthBpPSqaK"" shows a 7♦, 9♦.",2026-09-26T22:31:33.489Z,179046189348900
"-- ending hand #138 --",2026-09-26T22:31:32.374Z,179046189237402
"""dih @ GO72Iwd2XL"" collected 11.80 from pot with Pair, 8's (combination: 5♠, 7♠, J♣, 8♣, 8♠)",2026-09-26T22:31:32.374Z,179046189237401
"""dih @ GO72Iwd2XL"" shows a 8♣, 5♠.",2026-09-26T22:31:32.374Z,179046189237400
"""dih @ GO72Iwd2XL"" checks",2026-09-26T22:31:31.550Z,179046189155000
"""rowan @ GthBpPSqaK"" checks",2026-09-26T22:31:28.696Z,179046188869600
"River: 8♠, 3♦, J♣, 4♦ [7♠]",2026-09-26T22:31:27.970Z,179046188797000
"""rowan @ GthBpPSqaK"" calls 3.50",2026-09-26T22:31:27.144Z,179046188714400
"""dih @ GO72Iwd2XL"" bets 3.50",2026-09-26T22:31:26.246Z,179046188624600
"""rowan @ GthBpPSqaK"" checks",2026-09-26T22:31:21.499Z,179046188149900
"Turn: 8♠, 3♦, J♣ [4♦]",2026-09-26T22:31:20.998Z,179046188099800
"""rowan @ GthBpPSqaK"" calls 1.60",2026-09-26T22:31:20.174Z,179046188017400
"""dih @ GO72Iwd2XL"" bets 1.60",2026-09-26T22:31:19.187Z,179046187918700
"""rowan @ GthBpPSqaK"" checks",2026-09-26T22:31:17.202Z,179046187720200
"Flop:  [8♠, 3♦, J♣]",2026-09-26T22:31:14.784Z,179046187478400
"""dih @ GO72Iwd2XL"" calls 0.80",2026-09-26T22:31:13.969Z,179046187396900
"""rowan @ GthBpPSqaK"" raises to 0.80",2026-09-26T22:31:10.578Z,179046187057800
"""dih @ GO72Iwd2XL"" calls 0.20",2026-09-26T22:31:08.358Z,179046186835800
"""rowan @ GthBpPSqaK"" posts a big blind of 0.20",2026-09-26T22:31:06.297Z,179046186629705
"""dih @ GO72Iwd2XL"" posts a small blind of 0.10",2026-09-26T22:31:06.297Z,179046186629704
"Player stacks: #1 ""rowan @ GthBpPSqaK"" (71.11) | #2 ""dih @ GO72Iwd2XL"" (72.10)",2026-09-26T22:31:06.297Z,179046186629701
"-- starting hand #138 (id: 342julupmogm)  No Limit Texas Hold'em (dealer: ""dih @ GO72Iwd2XL"") --",2026-09-26T22:31:06.297Z,179046186629700
"-- ending hand #137 --",2026-09-26T22:31:00.375Z,179046186037502
"""dih @ GO72Iwd2XL"" collected 0.20 from pot",2026-09-26T22:31:00.375Z,179046186037501
"Uncalled bet of 0.10 returned to ""dih @ GO72Iwd2XL""",2026-09-26T22:31:00.375Z,179046186037500
"""rowan @ GthBpPSqaK"" folds",2026-09-26T22:30:59.546Z,179046185954600
"""dih @ GO72Iwd2XL"" posts a big blind of 0.20",2026-09-26T22:30:58.165Z,179046185816505
"""rowan @ GthBpPSqaK"" posts a small blind of 0.10",2026-09-26T22:30:58.165Z,179046185816504
"Player stacks: #1 ""rowan @ GthBpPSqaK"" (71.21) | #2 ""dih @ GO72Iwd2XL"" (72.00)",2026-09-26T22:30:58.165Z,179046185816501
"-- starting hand #137 (id: wibshopbi5jx)  No Limit Texas Hold'em (dealer: ""rowan @ GthBpPSqaK"") --",2026-09-26T22:30:58.165Z,179046185816500
"-- ending hand #136 --",2026-09-26T22:30:52.159Z,179046185215903
"""rowan @ GthBpPSqaK"" collected 8.60 from pot with Two Pair, A's & K's (combination: 8♠, K♥, K♦, A♦, A♣)",2026-09-26T22:30:52.159Z,179046185215902
"""rowan @ GthBpPSqaK"" shows a A♦, 3♥.",2026-09-26T22:30:52.159Z,179046185215901
"""dih @ GO72Iwd2XL"" shows a Q♠, J♦.",2026-09-26T22:30:52.159Z,179046185215900
"""rowan @ GthBpPSqaK"" calls 2.70",2026-09-26T22:30:51.315Z,179046185131500
"""dih @ GO72Iwd2XL"" bets 2.70",2026-09-26T22:30:49.683Z,179046184968300
"""rowan @ GthBpPSqaK"" checks",2026-09-26T22:30:45.443Z,179046184544300
"River: 2♣, K♥, K♦, A♣ [8♠]",2026-09-26T22:30:44.389Z,179046184438900
"""dih @ GO72Iwd2XL"" calls 0.80",2026-09-26T22:30:43.558Z,179046184355800
"""rowan @ GthBpPSqaK"" bets 0.80",2026-09-26T22:30:42.136Z,179046184213600
"Turn: 2♣, K♥, K♦ [A♣]",2026-09-26T22:30:39.778Z,179046183977800
"""dih @ GO72Iwd2XL"" checks",2026-09-26T22:30:38.949Z,179046183894900
"""rowan @ GthBpPSqaK"" checks",2026-09-26T22:30:37.406Z,179046183740600
"Flop:  [2♣, K♥, K♦]",2026-09-26T22:30:36.547Z,179046183654700
"""rowan @ GthBpPSqaK"" calls 0.80",2026-09-26T22:30:35.689Z,179046183568900
"""dih @ GO72Iwd2XL"" raises to 0.80",2026-09-26T22:30:34.558Z,179046183455800
"""rowan @ GthBpPSqaK"" posts a big blind of 0.20",2026-09-26T22:30:26.742Z,179046182674205
"""dih @ GO72Iwd2XL"" posts a small blind of 0.10",2026-09-26T22:30:26.742Z,179046182674204
"Player stacks: #1 ""rowan @ GthBpPSqaK"" (66.91) | #2 ""dih @ GO72Iwd2XL"" (76.30)",2026-09-26T22:30:26.742Z,179046182674201
"-- starting hand #136 (id: sdh4nmmy3otd)  No Limit Texas Hold'em (dealer: ""dih @ GO72Iwd2XL"") --",2026-09-26T22:30:26.742Z,179046182674200
"""rowan @ GthBpPSqaK"" shows a 9♦, J♣.",2026-09-26T22:30:23.484Z,179046182348400
"-- ending hand #135 --",2026-09-26T22:30:23.085Z,179046182308502
"""rowan @ GthBpPSqaK"" collected 14.80 from pot",2026-09-26T22:30:23.085Z,179046182308501
"Uncalled bet of 8.20 returned to ""rowan @ GthBpPSqaK""",2026-09-26T22:30:23.085Z,179046182308500
"""dih @ GO72Iwd2XL"" folds",2026-09-26T22:30:22.273Z,179046182227300
"""rowan @ GthBpPSqaK"" bets 8.20",2026-09-26T22:30:13.671Z,179046181367100
"""dih @ GO72Iwd2XL"" checks",2026-09-26T22:30:07.883Z,179046180788300
"River: 10♥, 4♣, 8♥, 2♦ [8♣]",2026-09-26T22:30:05.231Z,179046180523100
"""dih @ GO72Iwd2XL"" calls 3.70",2026-09-26T22:30:04.308Z,179046180430800
"""rowan @ GthBpPSqaK"" bets 3.70",2026-09-26T22:30:01.434Z,179046180143400
"""dih @ GO72Iwd2XL"" checks",2026-09-26T22:29:59.092Z,179046179909200
"Turn: 10♥, 4♣, 8♥ [2♦]",2026-09-26T22:29:55.110Z,179046179511000
"""rowan @ GthBpPSqaK"" calls 2.10",2026-09-26T22:29:54.305Z,179046179430500
"""dih @ GO72Iwd2XL"" bets 2.10",2026-09-26T22:29:53.398Z,179046179339800
"Flop:  [10♥, 4♣, 8♥]",2026-09-26T22:29:48.974Z,179046178897400
"""rowan @ GthBpPSqaK"" calls 1.60",2026-09-26T22:29:48.097Z,179046178809700
"""dih @ GO72Iwd2XL"" raises to 1.60",2026-09-26T22:29:47.193Z,179046178719300
"""rowan @ GthBpPSqaK"" raises to 0.60",2026-09-26T22:29:44.863Z,179046178486300
"""dih @ GO72Iwd2XL"" posts a big blind of 0.20",2026-09-26T22:29:43.072Z,179046178307205
"""rowan @ GthBpPSqaK"" posts a small blind of 0.10",2026-09-26T22:29:43.072Z,179046178307204
"Player stacks: #1 ""rowan @ GthBpPSqaK"" (59.51) | #2 ""dih @ GO72Iwd2XL"" (83.70)",2026-09-26T22:29:43.072Z,179046178307201
"-- starting hand #135 (id: 30zt2lntam5i)  No Limit Texas Hold'em (dealer: ""rowan @ GthBpPSqaK"") --",2026-09-26T22:29:43.072Z,179046178307200
"-- ending hand #134 --",2026-09-26T22:29:37.165Z,179046177716502
"""rowan @ GthBpPSqaK"" collected 1.20 from pot",2026-09-26T22:29:37.165Z,179046177716501
"Uncalled bet of 0.60 returned to ""rowan @ GthBpPSqaK""",2026-09-26T22:29:37.165Z,179046177716500
"""dih @ GO72Iwd2XL"" folds",2026-09-26T22:29:36.298Z,179046177629800
"""rowan @ GthBpPSqaK"" bets 0.60",2026-09-26T22:29:35.280Z,179046177528000
"Turn: 5♣, 9♠, 3♦ [5♥]",2026-09-26T22:29:33.165Z,179046177316500
"""dih @ GO72Iwd2XL"" checks",2026-09-26T22:29:32.349Z,179046177234900
"""rowan @ GthBpPSqaK"" checks",2026-09-26T22:29:31.189Z,179046177118900
"Flop:  [5♣, 9♠, 3♦]",2026-09-26T22:29:30.643Z,179046177064300
"""rowan @ GthBpPSqaK"" calls 0.60",2026-09-26T22:29:29.803Z,179046176980300
"""dih @ GO72Iwd2XL"" raises to 0.60",2026-09-26T22:29:28.874Z,179046176887400
"""rowan @ GthBpPSqaK"" posts a big blind of 0.20",2026-09-26T22:29:26.549Z,179046176654905
"""dih @ GO72Iwd2XL"" posts a small blind of 0.10",2026-09-26T22:29:26.549Z,179046176654904
"Player stacks: #1 ""rowan @ GthBpPSqaK"" (58.91) | #2 ""dih @ GO72Iwd2XL"" (84.30)",2026-09-26T22:29:26.549Z,179046176654901
"-- starting hand #134 (id: fcwx7k5tupwr)  No Limit Texas Hold'em (dealer: ""dih @ GO72Iwd2XL"") --",2026-09-26T22:29:26.549Z,179046176654900
"""dih @ GO72Iwd2XL"" shows a J♦.",2026-09-26T22:29:23.317Z,179046176331700
"""dih @ GO72Iwd2XL"" shows a K♦.",2026-09-26T22:29:22.782Z,179046176278200
"""rowan @ GthBpPSqaK"" shows a 2♠, 4♦.",2026-09-26T22:29:19.532Z,179046175953200
"-- ending hand #133 --",2026-09-26T22:29:19.243Z,179046175924302
"""dih @ GO72Iwd2XL"" collected 7.60 from pot",2026-09-26T22:29:19.243Z,179046175924301
"Uncalled bet of 4.10 returned to ""dih @ GO72Iwd2XL""",2026-09-26T22:29:19.243Z,179046175924300
"""rowan @ GthBpPSqaK"" folds",2026-09-26T22:29:18.438Z,179046175843800
"""dih @ GO72Iwd2XL"" bets 4.10",2026-09-26T22:29:08.325Z,179046174832500
"Turn: 6♥, 7♠, 2♥ [K♣]",2026-09-26T22:29:00.408Z,179046174040800
"""rowan @ GthBpPSqaK"" calls 2.20",2026-09-26T22:28:59.599Z,179046173959900
"""dih @ GO72Iwd2XL"" bets 2.20",2026-09-26T22:28:58.254Z,179046173825400
"Flop:  [6♥, 7♠, 2♥]",2026-09-26T22:28:53.396Z,179046173339600
"""rowan @ GthBpPSqaK"" calls 1.60",2026-09-26T22:28:52.592Z,179046173259200
"""dih @ GO72Iwd2XL"" raises to 1.60",2026-09-26T22:28:48.958Z,179046172895800
"""rowan @ GthBpPSqaK"" raises to 0.60",2026-09-26T22:28:45.989Z,179046172598900
"""dih @ GO72Iwd2XL"" posts a big blind of 0.20",2026-09-26T22:28:43.787Z,179046172378705
"""rowan @ GthBpPSqaK"" posts a small blind of 0.10",2026-09-26T22:28:43.787Z,179046172378704
"Player stacks: #1 ""rowan @ GthBpPSqaK"" (62.71) | #2 ""dih @ GO72Iwd2XL"" (80.50)",2026-09-26T22:28:43.787Z,179046172378701
"-- starting hand #133 (id: xrhsg3p131y8)  No Limit Texas Hold'em (dealer: ""rowan @ GthBpPSqaK"") --",2026-09-26T22:28:43.787Z,179046172378700
"""dih @ GO72Iwd2XL"" collected 0.40 from the 7-2 bounty",2026-09-26T22:28:40.869Z,179046172086901
"""rowan @ GthBpPSqaK"" paid 0.40 for the 7-2 bounty to ""dih @ GO72Iwd2XL""",2026-09-26T22:28:40.869Z,179046172086900
"""rowan @ GthBpPSqaK"" shows a 3♥, 4♥.",2026-09-26T22:28:34.842Z,179046171484200
"""dih @ GO72Iwd2XL"" shows a 7♥, 2♠.",2026-09-26T22:28:33.844Z,179046171384400
"-- ending hand #132 --",2026-09-26T22:28:33.546Z,179046171354602
"""dih @ GO72Iwd2XL"" collected 1.60 from pot",2026-09-26T22:28:33.546Z,179046171354601
"Uncalled bet of 0.80 returned to ""dih @ GO72Iwd2XL""",2026-09-26T22:28:33.546Z,179046171354600
"""rowan @ GthBpPSqaK"" folds",2026-09-26T22:28:32.725Z,179046171272500
"""dih @ GO72Iwd2XL"" bets 0.80",2026-09-26T22:28:31.774Z,179046171177400
"""rowan @ GthBpPSqaK"" checks",2026-09-26T22:28:27.852Z,179046170785200
"Flop:  [8♦, Q♣, 9♥]",2026-09-26T22:28:27.133Z,179046170713300
"""rowan @ GthBpPSqaK"" calls 0.80",2026-09-26T22:28:26.324Z,179046170632400
"""dih @ GO72Iwd2XL"" raises to 0.80",2026-09-26T22:28:24.939Z,179046170493900
"""rowan @ GthBpPSqaK"" posts a big blind of 0.20",2026-09-26T22:28:20.655Z,179046170065505
"""dih @ GO72Iwd2XL"" posts a small blind of 0.10",2026-09-26T22:28:20.655Z,179046170065504
"Player stacks: #1 ""rowan @ GthBpPSqaK"" (63.91) | #2 ""dih @ GO72Iwd2XL"" (79.30)",2026-09-26T22:28:20.655Z,179046170065501
"-- starting hand #132 (id: q3bg1r8zffx8)  No Limit Texas Hold'em (dealer: ""dih @ GO72Iwd2XL"") --",2026-09-26T22:28:20.655Z,179046170065500
"""dih @ GO72Iwd2XL"" shows a 8♦, K♣.",2026-09-26T22:28:14.255Z,179046169425500
"-- ending hand #131 --",2026-09-26T22:28:14.049Z,179046169404902
"""rowan @ GthBpPSqaK"" collected 1.20 from pot",2026-09-26T22:28:14.049Z,179046169404901
"Uncalled bet of 0.60 returned to ""rowan @ GthBpPSqaK""",2026-09-26T22:28:14.049Z,179046169404900
"""dih @ GO72Iwd2XL"" folds",2026-09-26T22:28:13.165Z,179046169316500
"""rowan @ GthBpPSqaK"" bets 0.60",2026-09-26T22:28:12.157Z,179046169215700
"""dih @ GO72Iwd2XL"" checks",2026-09-26T22:28:09.339Z,179046168933900
"Flop:  [6♠, A♥, 4♥]",2026-09-26T22:28:07.645Z,179046168764500
"""dih @ GO72Iwd2XL"" calls 0.60",2026-09-26T22:28:06.778Z,179046168677800
"""rowan @ GthBpPSqaK"" raises to 0.60",2026-09-26T22:28:05.644Z,179046168564400
"""dih @ GO72Iwd2XL"" posts a big blind of 0.20",2026-09-26T22:28:03.457Z,179046168345705
"""rowan @ GthBpPSqaK"" posts a small blind of 0.10",2026-09-26T22:28:03.457Z,179046168345704
"Player stacks: #1 ""rowan @ GthBpPSqaK"" (63.31) | #2 ""dih @ GO72Iwd2XL"" (79.90)",2026-09-26T22:28:03.457Z,179046168345701
"-- starting hand #131 (id: jzww5m8mdpl1)  No Limit Texas Hold'em (dealer: ""rowan @ GthBpPSqaK"") --",2026-09-26T22:28:03.457Z,179046168345700
"-- ending hand #130 --",2026-09-26T22:27:57.426Z,179046167742602
"""dih @ GO72Iwd2XL"" collected 1.20 from pot",2026-09-26T22:27:57.426Z,179046167742601
"Uncalled bet of 0.80 returned to ""dih @ GO72Iwd2XL""",2026-09-26T22:27:57.426Z,179046167742600
"""rowan @ GthBpPSqaK"" folds",2026-09-26T22:27:56.563Z,179046167656300
"""dih @ GO72Iwd2XL"" bets 0.80",2026-09-26T22:27:54.882Z,179046167488200
"""rowan @ GthBpPSqaK"" checks",2026-09-26T22:27:51.218Z,179046167121800
"Flop:  [3♥, 7♠, 2♣]",2026-09-26T22:27:50.419Z,179046167041900
"""rowan @ GthBpPSqaK"" calls 0.60",2026-09-26T22:27:49.593Z,179046166959300
"""dih @ GO72Iwd2XL"" raises to 0.60",2026-09-26T22:27:48.356Z,179046166835600
"""rowan @ GthBpPSqaK"" posts a big blind of 0.20",2026-09-26T22:27:45.939Z,179046166593905
"""dih @ GO72Iwd2XL"" posts a small blind of 0.10",2026-09-26T22:27:45.939Z,179046166593904
"Player stacks: #1 ""rowan @ GthBpPSqaK"" (63.91) | #2 ""dih @ GO72Iwd2XL"" (79.30)",2026-09-26T22:27:45.939Z,179046166593901
"-- starting hand #130 (id: k7bzwl1wujyp)  No Limit Texas Hold'em (dealer: ""dih @ GO72Iwd2XL"") --",2026-09-26T22:27:45.939Z,179046166593900
"-- ending hand #129 --",2026-09-26T22:27:39.904Z,179046165990402
"""rowan @ GthBpPSqaK"" collected 2.40 from pot with Pair, Q's (combination: 6♠, 10♣, A♦, Q♠, Q♥)",2026-09-26T22:27:39.904Z,179046165990401
"""rowan @ GthBpPSqaK"" shows a Q♠, 6♠.",2026-09-26T22:27:39.904Z,179046165990400
"""rowan @ GthBpPSqaK"" checks",2026-09-26T22:27:39.053Z,179046165905300
"""dih @ GO72Iwd2XL"" checks",2026-09-26T22:27:37.933Z,179046165793300
"River: Q♥, A♦, 3♥, 10♣ [2♥]",2026-09-26T22:27:34.103Z,179046165410300
"""rowan @ GthBpPSqaK"" checks",2026-09-26T22:27:33.248Z,179046165324800
"""dih @ GO72Iwd2XL"" checks",2026-09-26T22:27:30.726Z,179046165072600
"Turn: Q♥, A♦, 3♥ [10♣]",2026-09-26T22:27:28.698Z,179046164869800
"""dih @ GO72Iwd2XL"" calls 0.60",2026-09-26T22:27:27.842Z,179046164784200
"""rowan @ GthBpPSqaK"" bets 0.60",2026-09-26T22:27:21.001Z,179046164100100
"""dih @ GO72Iwd2XL"" checks",2026-09-26T22:27:18.105Z,179046163810500
"Flop:  [Q♥, A♦, 3♥]",2026-09-26T22:27:16.091Z,179046163609100
"""dih @ GO72Iwd2XL"" calls 0.60",2026-09-26T22:27:15.267Z,179046163526700
"""rowan @ GthBpPSqaK"" raises to 0.60",2026-09-26T22:27:13.829Z,179046163382900
"""dih @ GO72Iwd2XL"" posts a big blind of 0.20",2026-09-26T22:27:11.970Z,179046163197005
"""rowan @ GthBpPSqaK"" posts a small blind of 0.10",2026-09-26T22:27:11.970Z,179046163197004
"Player stacks: #1 ""rowan @ GthBpPSqaK"" (62.71) | #2 ""dih @ GO72Iwd2XL"" (80.50)",2026-09-26T22:27:11.970Z,179046163197001
"-- starting hand #129 (id: lrxutyy5lete)  No Limit Texas Hold'em (dealer: ""rowan @ GthBpPSqaK"") --",2026-09-26T22:27:11.970Z,179046163197000
"""rowan @ GthBpPSqaK"" shows a Q♣.",2026-09-26T22:27:07.835Z,179046162783500
"-- ending hand #128 --",2026-09-26T22:27:05.358Z,179046162535802
"""rowan @ GthBpPSqaK"" collected 0.20 from pot",2026-09-26T22:27:05.358Z,179046162535801
"Uncalled bet of 0.10 returned to ""rowan @ GthBpPSqaK""",2026-09-26T22:27:05.358Z,179046162535800
"""dih @ GO72Iwd2XL"" folds",2026-09-26T22:27:04.484Z,179046162448400
"""rowan @ GthBpPSqaK"" posts a big blind of 0.20",2026-09-26T22:27:02.529Z,179046162252905
"""dih @ GO72Iwd2XL"" posts a small blind of 0.10",2026-09-26T22:27:02.529Z,179046162252904
"Player stacks: #1 ""rowan @ GthBpPSqaK"" (62.61) | #2 ""dih @ GO72Iwd2XL"" (80.60)",2026-09-26T22:27:02.529Z,179046162252901
"-- starting hand #128 (id: mcau2ubzs7jl)  No Limit Texas Hold'em (dealer: ""dih @ GO72Iwd2XL"") --",2026-09-26T22:27:02.529Z,179046162252900
"""rowan @ GthBpPSqaK"" shows a 3♥, 2♦.",2026-09-26T22:26:57.353Z,179046161735300
"-- ending hand #127 --",2026-09-26T22:26:55.892Z,179046161589202
"""dih @ GO72Iwd2XL"" collected 0.40 from pot",2026-09-26T22:26:55.892Z,179046161589201
"Uncalled bet of 0.40 returned to ""dih @ GO72Iwd2XL""",2026-09-26T22:26:55.892Z,179046161589200
"""rowan @ GthBpPSqaK"" folds",2026-09-26T22:26:55.039Z,179046161503900
"""dih @ GO72Iwd2XL"" raises to 0.60",2026-09-26T22:26:51.866Z,179046161186600
"""rowan @ GthBpPSqaK"" calls 0.20",2026-09-26T22:26:49.143Z,179046160914300
"""dih @ GO72Iwd2XL"" posts a big blind of 0.20",2026-09-26T22:26:47.807Z,179046160780705
"""rowan @ GthBpPSqaK"" posts a small blind of 0.10",2026-09-26T22:26:47.807Z,179046160780704
"Player stacks: #1 ""rowan @ GthBpPSqaK"" (62.81) | #2 ""dih @ GO72Iwd2XL"" (80.40)",2026-09-26T22:26:47.807Z,179046160780701
"-- starting hand #127 (id: rtc2nv7zxnwp)  No Limit Texas Hold'em (dealer: ""rowan @ GthBpPSqaK"") --",2026-09-26T22:26:47.807Z,179046160780700
"-- ending hand #126 --",2026-09-26T22:26:41.876Z,179046160187602
"""rowan @ GthBpPSqaK"" collected 0.20 from pot",2026-09-26T22:26:41.876Z,179046160187601
"Uncalled bet of 0.10 returned to ""rowan @ GthBpPSqaK""",2026-09-26T22:26:41.876Z,179046160187600
"""dih @ GO72Iwd2XL"" folds",2026-09-26T22:26:41.058Z,179046160105800
"""rowan @ GthBpPSqaK"" posts a big blind of 0.20",2026-09-26T22:26:39.558Z,179046159955805
"""dih @ GO72Iwd2XL"" posts a small blind of 0.10",2026-09-26T22:26:39.558Z,179046159955804
"Player stacks: #1 ""rowan @ GthBpPSqaK"" (62.71) | #2 ""dih @ GO72Iwd2XL"" (80.50)",2026-09-26T22:26:39.558Z,179046159955801
"-- starting hand #126 (id: vippgewwiruw)  No Limit Texas Hold'em (dealer: ""dih @ GO72Iwd2XL"") --",2026-09-26T22:26:39.558Z,179046159955800
"""rowan @ GthBpPSqaK"" shows a 8♣.",2026-09-26T22:26:36.806Z,179046159680600
"-- ending hand #125 --",2026-09-26T22:26:32.955Z,179046159295502
"""rowan @ GthBpPSqaK"" collected 1.20 from pot",2026-09-26T22:26:32.955Z,179046159295501
"Uncalled bet of 0.60 returned to ""rowan @ GthBpPSqaK""",2026-09-26T22:26:32.955Z,179046159295500
"""dih @ GO72Iwd2XL"" folds",2026-09-26T22:26:32.138Z,179046159213800
"""rowan @ GthBpPSqaK"" bets 0.60",2026-09-26T22:26:30.936Z,179046159093600
"""dih @ GO72Iwd2XL"" checks",2026-09-26T22:26:27.839Z,179046158783900
"Flop:  [8♦, 5♠, 3♣]",2026-09-26T22:26:26.059Z,179046158605900
"""dih @ GO72Iwd2XL"" calls 0.60",2026-09-26T22:26:25.241Z,179046158524100
"""rowan @ GthBpPSqaK"" raises to 0.60",2026-09-26T22:26:22.824Z,179046158282400
"""dih @ GO72Iwd2XL"" posts a big blind of 0.20",2026-09-26T22:26:20.753Z,179046158075305
"""rowan @ GthBpPSqaK"" posts a small blind of 0.10",2026-09-26T22:26:20.753Z,179046158075304
"Player stacks: #1 ""rowan @ GthBpPSqaK"" (62.11) | #2 ""dih @ GO72Iwd2XL"" (81.10)",2026-09-26T22:26:20.753Z,179046158075301
"-- starting hand #125 (id: btwrlyhmy5ik)  No Limit Texas Hold'em (dealer: ""rowan @ GthBpPSqaK"") --",2026-09-26T22:26:20.753Z,179046158075300
"-- ending hand #124 --",2026-09-26T22:26:14.849Z,179046157484902
"""rowan @ GthBpPSqaK"" collected 0.20 from pot",2026-09-26T22:26:14.849Z,179046157484901
"Uncalled bet of 0.10 returned to ""rowan @ GthBpPSqaK""",2026-09-26T22:26:14.849Z,179046157484900
"""dih @ GO72Iwd2XL"" folds",2026-09-26T22:26:13.949Z,179046157394900
"""rowan @ GthBpPSqaK"" posts a big blind of 0.20",2026-09-26T22:26:10.064Z,179046157006405
"""dih @ GO72Iwd2XL"" posts a small blind of 0.10",2026-09-26T22:26:10.064Z,179046157006404
"Player stacks: #1 ""rowan @ GthBpPSqaK"" (62.01) | #2 ""dih @ GO72Iwd2XL"" (81.20)",2026-09-26T22:26:10.064Z,179046157006401
"-- starting hand #124 (id: fvhintysekbm)  No Limit Texas Hold'em (dealer: ""dih @ GO72Iwd2XL"") --",2026-09-26T22:26:10.064Z,179046157006400
"-- ending hand #123 --",2026-09-26T22:26:04.141Z,179046156414102
"""dih @ GO72Iwd2XL"" collected 0.80 from pot",2026-09-26T22:26:04.141Z,179046156414101
"Uncalled bet of 0.60 returned to ""dih @ GO72Iwd2XL""",2026-09-26T22:26:04.141Z,179046156414100
"""rowan @ GthBpPSqaK"" folds",2026-09-26T22:26:03.309Z,179046156330900
"""dih @ GO72Iwd2XL"" raises to 0.80",2026-09-26T22:26:01.190Z,179046156119000
"""rowan @ GthBpPSqaK"" bets 0.20",2026-09-26T22:25:58.491Z,179046155849100
"""dih @ GO72Iwd2XL"" checks",2026-09-26T22:25:56.628Z,179046155662800
"Flop:  [6♥, 5♦, K♣]",2026-09-26T22:25:54.176Z,179046155417600
"""dih @ GO72Iwd2XL"" checks",2026-09-26T22:25:53.308Z,179046155330800
"""rowan @ GthBpPSqaK"" calls 0.20",2026-09-26T22:25:52.373Z,179046155237300
"""dih @ GO72Iwd2XL"" posts a big blind of 0.20",2026-09-26T22:25:50.494Z,179046155049405
"""rowan @ GthBpPSqaK"" posts a small blind of 0.10",2026-09-26T22:25:50.494Z,179046155049404
"Player stacks: #1 ""rowan @ GthBpPSqaK"" (62.41) | #2 ""dih @ GO72Iwd2XL"" (80.80)",2026-09-26T22:25:50.494Z,179046155049401
"-- starting hand #123 (id: fdccobdizaub)  No Limit Texas Hold'em (dealer: ""rowan @ GthBpPSqaK"") --",2026-09-26T22:25:50.494Z,179046155049400
"""dih @ GO72Iwd2XL"" shows a 3♥.",2026-09-26T22:25:48.192Z,179046154819200
"""rowan @ GthBpPSqaK"" shows a 5♠, J♠.",2026-09-26T22:25:45.140Z,179046154514000
"-- ending hand #122 --",2026-09-26T22:25:43.164Z,179046154316402
"""rowan @ GthBpPSqaK"" collected 0.20 from pot",2026-09-26T22:25:43.164Z,179046154316401
"Uncalled bet of 0.10 returned to ""rowan @ GthBpPSqaK""",2026-09-26T22:25:43.164Z,179046154316400
"""dih @ GO72Iwd2XL"" folds",2026-09-26T22:25:42.356Z,179046154235600
"""rowan @ GthBpPSqaK"" posts a big blind of 0.20",2026-09-26T22:25:41.162Z,179046154116205
"""dih @ GO72Iwd2XL"" posts a small blind of 0.10",2026-09-26T22:25:41.162Z,179046154116204
"Player stacks: #1 ""rowan @ GthBpPSqaK"" (62.31) | #2 ""dih @ GO72Iwd2XL"" (80.90)",2026-09-26T22:25:41.162Z,179046154116201
"-- starting hand #122 (id: olgctxmai4ei)  No Limit Texas Hold'em (dealer: ""dih @ GO72Iwd2XL"") --",2026-09-26T22:25:41.162Z,179046154116200
"""dih @ GO72Iwd2XL"" shows a 5♣.",2026-09-26T22:25:38.608Z,179046153860800
"""dih @ GO72Iwd2XL"" shows a K♥.",2026-09-26T22:25:37.687Z,179046153768700
"""rowan @ GthBpPSqaK"" shows a 5♦, 2♣.",2026-09-26T22:25:35.483Z,179046153548300
"-- ending hand #121 --",2026-09-26T22:25:33.818Z,179046153381802
"""dih @ GO72Iwd2XL"" collected 0.20 from pot",2026-09-26T22:25:33.818Z,179046153381801
"Uncalled bet of 0.10 returned to ""dih @ GO72Iwd2XL""",2026-09-26T22:25:33.818Z,179046153381800
"""rowan @ GthBpPSqaK"" folds",2026-09-26T22:25:32.958Z,179046153295800
"""dih @ GO72Iwd2XL"" posts a big blind of 0.20",2026-09-26T22:25:31.654Z,179046153165405
"""rowan @ GthBpPSqaK"" posts a small blind of 0.10",2026-09-26T22:25:31.654Z,179046153165404
"Player stacks: #1 ""rowan @ GthBpPSqaK"" (62.41) | #2 ""dih @ GO72Iwd2XL"" (80.80)",2026-09-26T22:25:31.654Z,179046153165401
"-- starting hand #121 (id: lwgterivtzyy)  No Limit Texas Hold'em (dealer: ""rowan @ GthBpPSqaK"") --",2026-09-26T22:25:31.654Z,179046153165400
"-- ending hand #120 --",2026-09-26T22:25:25.751Z,179046152575102
"""dih @ GO72Iwd2XL"" collected 1.20 from pot",2026-09-26T22:25:25.751Z,179046152575101
"Uncalled bet of 0.90 returned to ""dih @ GO72Iwd2XL""",2026-09-26T22:25:25.751Z,179046152575100
"""rowan @ GthBpPSqaK"" folds",2026-09-26T22:25:24.910Z,179046152491000
"""dih @ GO72Iwd2XL"" bets 0.90",2026-09-26T22:25:23.822Z,179046152382200
"""rowan @ GthBpPSqaK"" checks",2026-09-26T22:25:21.559Z,179046152155900
"Flop:  [A♠, J♦, 2♠]",2026-09-26T22:25:20.751Z,179046152075100
"""rowan @ GthBpPSqaK"" calls 0.60",2026-09-26T22:25:19.870Z,179046151987000
"""dih @ GO72Iwd2XL"" raises to 0.60",2026-09-26T22:25:18.239Z,179046151823900
"""rowan @ GthBpPSqaK"" posts a big blind of 0.20",2026-09-26T22:25:15.749Z,179046151574905
"""dih @ GO72Iwd2XL"" posts a small blind of 0.10",2026-09-26T22:25:15.749Z,179046151574904
"Player stacks: #1 ""rowan @ GthBpPSqaK"" (63.01) | #2 ""dih @ GO72Iwd2XL"" (80.20)",2026-09-26T22:25:15.749Z,179046151574901
"-- starting hand #120 (id: 6fis7w365qj4)  No Limit Texas Hold'em (dealer: ""dih @ GO72Iwd2XL"") --",2026-09-26T22:25:15.749Z,179046151574900
"-- ending hand #119 --",2026-09-26T22:25:09.811Z,179046150981102
"""rowan @ GthBpPSqaK"" collected 0.40 from pot",2026-09-26T22:25:09.811Z,179046150981101
"Uncalled bet of 0.40 returned to ""rowan @ GthBpPSqaK""",2026-09-26T22:25:09.811Z,179046150981100
"""dih @ GO72Iwd2XL"" folds",2026-09-26T22:25:08.996Z,179046150899600
"""rowan @ GthBpPSqaK"" raises to 0.60",2026-09-26T22:25:07.548Z,179046150754800
"""dih @ GO72Iwd2XL"" posts a big blind of 0.20",2026-09-26T22:25:02.066Z,179046150206608
"""rowan @ GthBpPSqaK"" posts a small blind of 0.10",2026-09-26T22:25:02.066Z,179046150206607
"Player stacks: #1 ""rowan @ GthBpPSqaK"" (62.81) | #2 ""dih @ GO72Iwd2XL"" (80.40)",2026-09-26T22:25:02.066Z,179046150206604
"The player ""sack @ j5H1ebY2vH"" joined the game with a stack of 101.94.",2026-09-26T22:25:02.066Z,179046150206603
"The player ""dih @ GO72Iwd2XL"" joined the game with a stack of 80.40.",2026-09-26T22:25:02.066Z,179046150206602
"The player ""rowan @ GthBpPSqaK"" joined the game with a stack of 62.81.",2026-09-26T22:25:02.066Z,179046150206601
"-- starting hand #119 (id: ct7y1458yfvf)  No Limit Texas Hold'em (dealer: ""rowan @ GthBpPSqaK"") --",2026-09-26T22:25:02.066Z,179046150206600
"The player ""dih @ GO72Iwd2XL"" sit back with the stack of 80.40.",2026-09-26T22:17:52.917Z,179046107291700
"The player ""dih @ GO72Iwd2XL"" stand up with the stack of 80.40.",2026-09-26T20:51:17.214Z,179045587721400
"""rowan @ GthBpPSqaK"" shows a 2♣, J♦.",2026-09-26T20:51:12.279Z,179045587227900
"""dih @ GO72Iwd2XL"" shows a Q♥, A♥.",2026-09-26T20:51:10.661Z,179045587066100
"-- ending hand #118 --",2026-09-26T20:51:09.860Z,179045586986002
"""dih @ GO72Iwd2XL"" collected 0.20 from pot",2026-09-26T20:51:09.860Z,179045586986001
"Uncalled bet of 0.10 returned to ""dih @ GO72Iwd2XL""",2026-09-26T20:51:09.860Z,179045586986000
"""rowan @ GthBpPSqaK"" folds",2026-09-26T20:51:09.053Z,179045586905300
"""dih @ GO72Iwd2XL"" posts a big blind of 0.20",2026-09-26T20:51:05.632Z,179045586563206
"""rowan @ GthBpPSqaK"" posts a small blind of 0.10",2026-09-26T20:51:05.632Z,179045586563205
"Player stacks: #1 ""rowan @ GthBpPSqaK"" (62.91) | #2 ""dih @ GO72Iwd2XL"" (80.30)",2026-09-26T20:51:05.632Z,179045586563202
"-- starting hand #118 (id: wekzkab8byml)  No Limit Texas Hold'em (dealer: ""rowan @ GthBpPSqaK"") --",2026-09-26T20:51:05.632Z,179045586563201
"The player ""sack @ j5H1ebY2vH"" stand up with the stack of 101.94.",2026-09-26T20:51:05.632Z,179045586563200
"""rowan @ GthBpPSqaK"" shows a Q♦, 9♥.",2026-09-26T20:51:04.085Z,179045586408500
"""dih @ GO72Iwd2XL"" shows a 9♣, 8♣.",2026-09-26T20:51:01.803Z,179045586180300
"-- ending hand #117 --",2026-09-26T20:51:01.304Z,179045586130402
"""dih @ GO72Iwd2XL"" collected 63.30 from pot",2026-09-26T20:51:01.304Z,179045586130401
"Uncalled bet of 17.00 returned to ""dih @ GO72Iwd2XL""",2026-09-26T20:51:01.304Z,179045586130400
"""rowan @ GthBpPSqaK"" folds",2026-09-26T20:51:00.472Z,179045586047200
"""dih @ GO72Iwd2XL"" bets 17.00 and go all in",2026-09-26T20:50:58.695Z,179045585869500
"""rowan @ GthBpPSqaK"" checks",2026-09-26T20:50:56.457Z,179045585645700
"River: 7♦, J♦, 10♥, Q♠ [A♠]",2026-09-26T20:50:55.268Z,179045585526800
"""rowan @ GthBpPSqaK"" calls 13.00",2026-09-26T20:50:54.432Z,179045585443200
"""dih @ GO72Iwd2XL"" bets 13.00",2026-09-26T20:50:45.551Z,179045584555100
"""rowan @ GthBpPSqaK"" checks",2026-09-26T20:50:36.273Z,179045583627300
"Turn: 7♦, J♦, 10♥ [Q♠]",2026-09-26T20:50:34.786Z,179045583478600
"""rowan @ GthBpPSqaK"" calls 10.55",2026-09-26T20:50:33.966Z,179045583396600
"""sack @ j5H1ebY2vH"" folds",2026-09-26T20:50:31.233Z,179045583123300
"""dih @ GO72Iwd2XL"" bets 10.55",2026-09-26T20:50:29.325Z,179045582932500
"""rowan @ GthBpPSqaK"" checks",2026-09-26T20:50:25.179Z,179045582517900
"Flop:  [7♦, J♦, 10♥]",2026-09-26T20:50:22.549Z,179045582254900
"""rowan @ GthBpPSqaK"" calls 5.40",2026-09-26T20:50:21.681Z,179045582168100
"""sack @ j5H1ebY2vH"" calls 5.40",2026-09-26T20:50:18.270Z,179045581827000
"""dih @ GO72Iwd2XL"" raises to 5.40",2026-09-26T20:50:12.725Z,179045581272500
"""rowan @ GthBpPSqaK"" calls 2.00",2026-09-26T20:50:07.723Z,179045580772300
"""sack @ j5H1ebY2vH"" raises to 2.00",2026-09-26T20:50:06.557Z,179045580655700
"""dih @ GO72Iwd2XL"" posts a big blind of 0.20",2026-09-26T20:50:03.526Z,179045580352606
"""rowan @ GthBpPSqaK"" posts a small blind of 0.10",2026-09-26T20:50:03.526Z,179045580352605
"Player stacks: #1 ""rowan @ GthBpPSqaK"" (91.86) | #2 ""dih @ GO72Iwd2XL"" (45.95) | #9 ""sack @ j5H1ebY2vH"" (107.34)",2026-09-26T20:50:03.526Z,179045580352601
"-- starting hand #117 (id: 2mc5yzim6d2g)  No Limit Texas Hold'em (dealer: ""sack @ j5H1ebY2vH"") --",2026-09-26T20:50:03.526Z,179045580352600
"""rowan @ GthBpPSqaK"" shows a 5♥, 2♥.",2026-09-26T20:49:57.380Z,179045579738000
"-- ending hand #116 --",2026-09-26T20:49:56.845Z,179045579684502
"""rowan @ GthBpPSqaK"" collected 1.20 from pot",2026-09-26T20:49:56.845Z,179045579684501
"Uncalled bet of 0.60 returned to ""rowan @ GthBpPSqaK""",2026-09-26T20:49:56.845Z,179045579684500
"""sack @ j5H1ebY2vH"" folds",2026-09-26T20:49:55.975Z,179045579597500
"""rowan @ GthBpPSqaK"" bets 0.60",2026-09-26T20:49:55.035Z,179045579503500
"""sack @ j5H1ebY2vH"" checks",2026-09-26T20:49:52.916Z,179045579291600
"Flop:  [K♥, 9♥, K♦]",2026-09-26T20:49:50.566Z,179045579056600
"""sack @ j5H1ebY2vH"" calls 0.60",2026-09-26T20:49:49.738Z,179045578973800
"""rowan @ GthBpPSqaK"" raises to 0.60",2026-09-26T20:49:48.846Z,179045578884600
"""sack @ j5H1ebY2vH"" calls 0.20",2026-09-26T20:49:45.920Z,179045578592000
"""dih @ GO72Iwd2XL"" folds",2026-09-26T20:49:44.749Z,179045578474900
"""rowan @ GthBpPSqaK"" posts a big blind of 0.20",2026-09-26T20:49:22.151Z,179045576215106
"""sack @ j5H1ebY2vH"" posts a small blind of 0.10",2026-09-26T20:49:22.151Z,179045576215105
"Player stacks: #1 ""rowan @ GthBpPSqaK"" (91.26) | #2 ""dih @ GO72Iwd2XL"" (45.95) | #9 ""sack @ j5H1ebY2vH"" (107.94)",2026-09-26T20:49:22.151Z,179045576215101
"-- starting hand #116 (id: gvwm2w3wgyu1)  No Limit Texas Hold'em (dealer: ""dih @ GO72Iwd2XL"") --",2026-09-26T20:49:22.151Z,179045576215100
"""rowan @ GthBpPSqaK"" shows a Q♦.",2026-09-26T20:49:17.527Z,179045575752700
"""rowan @ GthBpPSqaK"" shows a 8♣.",2026-09-26T20:49:17.139Z,179045575713900
"-- ending hand #115 --",2026-09-26T20:49:15.618Z,179045575561802
"""sack @ j5H1ebY2vH"" collected 1.80 from pot with Two Pair, J's & 9's (combination: K♣, 9♥, 9♦, J♣, J♦)",2026-09-26T20:49:15.618Z,179045575561801
"""sack @ j5H1ebY2vH"" shows a 4♥, 9♥.",2026-09-26T20:49:15.618Z,179045575561800
"""rowan @ GthBpPSqaK"" checks",2026-09-26T20:49:14.792Z,179045575479200
"""sack @ j5H1ebY2vH"" checks",2026-09-26T20:49:13.094Z,179045575309400
"River: K♣, 9♦, 8♦, J♣ [J♦]",2026-09-26T20:49:11.541Z,179045575154100
"""rowan @ GthBpPSqaK"" calls 0.45",2026-09-26T20:49:10.733Z,179045575073300
"""sack @ j5H1ebY2vH"" bets 0.45",2026-09-26T20:49:09.559Z,179045574955900
"Turn: K♣, 9♦, 8♦ [J♣]",2026-09-26T20:49:04.965Z,179045574496500
"""rowan @ GthBpPSqaK"" calls 0.20",2026-09-26T20:49:04.147Z,179045574414700
"""sack @ j5H1ebY2vH"" bets 0.20",2026-09-26T20:49:02.980Z,179045574298000
"Flop:  [K♣, 9♦, 8♦]",2026-09-26T20:48:58.724Z,179045573872400
"""sack @ j5H1ebY2vH"" checks",2026-09-26T20:48:57.922Z,179045573792200
"""dih @ GO72Iwd2XL"" folds",2026-09-26T20:48:55.898Z,179045573589800
"""rowan @ GthBpPSqaK"" calls 0.20",2026-09-26T20:48:51.806Z,179045573180600
"""sack @ j5H1ebY2vH"" posts a big blind of 0.20",2026-09-26T20:48:50.278Z,179045573027806
"""dih @ GO72Iwd2XL"" posts a small blind of 0.10",2026-09-26T20:48:50.278Z,179045573027805
"Player stacks: #1 ""rowan @ GthBpPSqaK"" (92.11) | #2 ""dih @ GO72Iwd2XL"" (46.05) | #9 ""sack @ j5H1ebY2vH"" (106.99)",2026-09-26T20:48:50.278Z,179045573027801
"-- starting hand #115 (id: fvuxjim6ddk2)  No Limit Texas Hold'em (dealer: ""rowan @ GthBpPSqaK"") --",2026-09-26T20:48:50.278Z,179045573027800
"""rowan @ GthBpPSqaK"" shows a 8♠.",2026-09-26T20:48:46.844Z,179045572684400
"-- ending hand #114 --",2026-09-26T20:48:43.659Z,179045572365902
"""rowan @ GthBpPSqaK"" collected 0.60 from pot",2026-09-26T20:48:43.659Z,179045572365901
"Uncalled bet of 0.60 returned to ""rowan @ GthBpPSqaK""",2026-09-26T20:48:43.659Z,179045572365900
"""sack @ j5H1ebY2vH"" folds",2026-09-26T20:48:42.827Z,179045572282700
"""dih @ GO72Iwd2XL"" folds",2026-09-26T20:48:39.891Z,179045571989100
"""rowan @ GthBpPSqaK"" raises to 0.80",2026-09-26T20:48:38.906Z,179045571890600
"""sack @ j5H1ebY2vH"" calls 0.20",2026-09-26T20:48:36.722Z,179045571672200
"""dih @ GO72Iwd2XL"" posts a big blind of 0.20",2026-09-26T20:48:34.808Z,179045571480806
"""rowan @ GthBpPSqaK"" posts a small blind of 0.10",2026-09-26T20:48:34.808Z,179045571480805
"Player stacks: #1 ""rowan @ GthBpPSqaK"" (91.71) | #2 ""dih @ GO72Iwd2XL"" (46.25) | #9 ""sack @ j5H1ebY2vH"" (107.19)",2026-09-26T20:48:34.808Z,179045571480801
"-- starting hand #114 (id: 057sdw14qmvz)  No Limit Texas Hold'em (dealer: ""sack @ j5H1ebY2vH"") --",2026-09-26T20:48:34.808Z,179045571480800
"-- ending hand #113 --",2026-09-26T20:48:28.901Z,179045570890102
"""sack @ j5H1ebY2vH"" collected 0.60 from pot",2026-09-26T20:48:28.901Z,179045570890101
"Uncalled bet of 0.20 returned to ""sack @ j5H1ebY2vH""",2026-09-26T20:48:28.901Z,179045570890100
"""dih @ GO72Iwd2XL"" folds",2026-09-26T20:48:28.050Z,179045570805000
"""rowan @ GthBpPSqaK"" folds",2026-09-26T20:48:27.203Z,179045570720300
"""sack @ j5H1ebY2vH"" bets 0.20",2026-09-26T20:48:26.354Z,179045570635400
"Turn: J♦, 2♠, 10♦ [6♦]",2026-09-26T20:48:24.901Z,179045570490100
"""dih @ GO72Iwd2XL"" checks",2026-09-26T20:48:24.047Z,179045570404700
"""rowan @ GthBpPSqaK"" checks",2026-09-26T20:48:21.938Z,179045570193800
"""sack @ j5H1ebY2vH"" checks",2026-09-26T20:48:21.060Z,179045570106000
"Flop:  [J♦, 2♠, 10♦]",2026-09-26T20:48:18.602Z,179045569860200
"""rowan @ GthBpPSqaK"" checks",2026-09-26T20:48:17.778Z,179045569777800
"""sack @ j5H1ebY2vH"" calls 0.20",2026-09-26T20:48:15.935Z,179045569593500
"""dih @ GO72Iwd2XL"" calls 0.20",2026-09-26T20:48:11.710Z,179045569171000
"""rowan @ GthBpPSqaK"" posts a big blind of 0.20",2026-09-26T20:48:06.282Z,179045568628206
"""sack @ j5H1ebY2vH"" posts a small blind of 0.10",2026-09-26T20:48:06.282Z,179045568628205
"Player stacks: #1 ""rowan @ GthBpPSqaK"" (91.91) | #2 ""dih @ GO72Iwd2XL"" (46.45) | #9 ""sack @ j5H1ebY2vH"" (106.79)",2026-09-26T20:48:06.282Z,179045568628201
"-- starting hand #113 (id: 75eid2kyrvf7)  No Limit Texas Hold'em (dealer: ""dih @ GO72Iwd2XL"") --",2026-09-26T20:48:06.282Z,179045568628200
"-- ending hand #112 --",2026-09-26T20:48:00.274Z,179045568027402
"""sack @ j5H1ebY2vH"" collected 3.30 from pot with Two Pair, K's & 4's (combination: 6♣, 4♥, 4♠, K♠, K♥)",2026-09-26T20:48:00.274Z,179045568027401
"""sack @ j5H1ebY2vH"" shows a 3♥, 4♥.",2026-09-26T20:48:00.274Z,179045568027400
"""rowan @ GthBpPSqaK"" checks",2026-09-26T20:47:59.437Z,179045567943700
"""sack @ j5H1ebY2vH"" checks",2026-09-26T20:47:58.592Z,179045567859200
"River: 6♣, K♠, 2♦, 4♠ [K♥]",2026-09-26T20:47:55.643Z,179045567564300
"""rowan @ GthBpPSqaK"" checks",2026-09-26T20:47:54.801Z,179045567480100
"""sack @ j5H1ebY2vH"" checks",2026-09-26T20:47:53.931Z,179045567393100
"Turn: 6♣, K♠, 2♦ [4♠]",2026-09-26T20:47:47.562Z,179045566756200
"""sack @ j5H1ebY2vH"" calls 0.80",2026-09-26T20:47:46.711Z,179045566671100
"""rowan @ GthBpPSqaK"" bets 0.80",2026-09-26T20:47:44.111Z,179045566411100
"""sack @ j5H1ebY2vH"" checks",2026-09-26T20:47:41.352Z,179045566135200
"Flop:  [6♣, K♠, 2♦]",2026-09-26T20:47:36.053Z,179045565605300
"""sack @ j5H1ebY2vH"" calls 0.80",2026-09-26T20:47:35.204Z,179045565520400
"""dih @ GO72Iwd2XL"" folds",2026-09-26T20:47:33.030Z,179045565303000
"""rowan @ GthBpPSqaK"" raises to 0.80",2026-09-26T20:47:31.612Z,179045565161200
"""sack @ j5H1ebY2vH"" posts a big blind of 0.20",2026-09-26T20:47:29.247Z,179045564924706
"""dih @ GO72Iwd2XL"" posts a small blind of 0.10",2026-09-26T20:47:29.247Z,179045564924705
"Player stacks: #1 ""rowan @ GthBpPSqaK"" (93.51) | #2 ""dih @ GO72Iwd2XL"" (46.55) | #9 ""sack @ j5H1ebY2vH"" (105.09)",2026-09-26T20:47:29.247Z,179045564924701
"-- starting hand #112 (id: mw5fmipcsejl)  No Limit Texas Hold'em (dealer: ""rowan @ GthBpPSqaK"") --",2026-09-26T20:47:29.247Z,179045564924700
"-- ending hand #111 --",2026-09-26T20:47:23.242Z,179045564324203
"""sack @ j5H1ebY2vH"" collected 9.00 from pot with Pair, A's (combination: 8♥, 10♣, K♠, A♦, A♥)",2026-09-26T20:47:23.242Z,179045564324202
"""sack @ j5H1ebY2vH"" shows a A♦, 6♠.",2026-09-26T20:47:23.242Z,179045564324201
"""rowan @ GthBpPSqaK"" shows a J♥, 8♠.",2026-09-26T20:47:23.242Z,179045564324200
"""sack @ j5H1ebY2vH"" checks",2026-09-26T20:47:22.372Z,179045564237200
"""rowan @ GthBpPSqaK"" checks",2026-09-26T20:47:21.457Z,179045564145700
"River: A♥, 8♥, 10♣, 7♦ [K♠]",2026-09-26T20:47:20.441Z,179045564044100
"""rowan @ GthBpPSqaK"" calls 3.00",2026-09-26T20:47:19.562Z,179045563956200
"""sack @ j5H1ebY2vH"" bets 3.00",2026-09-26T20:47:18.211Z,179045563821100
"""rowan @ GthBpPSqaK"" checks",2026-09-26T20:47:15.624Z,179045563562400
"Turn: A♥, 8♥, 10♣ [7♦]",2026-09-26T20:47:14.137Z,179045563413700
"""rowan @ GthBpPSqaK"" calls 1.20",2026-09-26T20:47:13.312Z,179045563331200
"""sack @ j5H1ebY2vH"" raises to 1.20",2026-09-26T20:47:10.650Z,179045563065000
"""rowan @ GthBpPSqaK"" bets 0.20",2026-09-26T20:47:05.555Z,179045562555500
"Flop:  [A♥, 8♥, 10♣]",2026-09-26T20:46:55.083Z,179045561508300
"""dih @ GO72Iwd2XL"" folds",2026-09-26T20:46:54.216Z,179045561421600
"""rowan @ GthBpPSqaK"" calls 0.20",2026-09-26T20:46:53.289Z,179045561328900
"""sack @ j5H1ebY2vH"" calls 0.20",2026-09-26T20:46:52.103Z,179045561210300
"""dih @ GO72Iwd2XL"" posts a big blind of 0.20",2026-09-26T20:46:49.569Z,179045560956906
"""rowan @ GthBpPSqaK"" posts a small blind of 0.10",2026-09-26T20:46:49.569Z,179045560956905
"Player stacks: #1 ""rowan @ GthBpPSqaK"" (97.91) | #2 ""dih @ GO72Iwd2XL"" (46.75) | #9 ""sack @ j5H1ebY2vH"" (100.49)",2026-09-26T20:46:49.569Z,179045560956901
"-- starting hand #111 (id: whwjxwix61ad)  No Limit Texas Hold'em (dealer: ""sack @ j5H1ebY2vH"") --",2026-09-26T20:46:49.569Z,179045560956900
"""sack @ j5H1ebY2vH"" shows a 4♠, 2♦.",2026-09-26T20:46:44.783Z,179045560478300
"""rowan @ GthBpPSqaK"" shows a 4♥, 2♠.",2026-09-26T20:46:42.890Z,179045560289000
"-- ending hand #110 --",2026-09-26T20:46:42.263Z,179045560226302
"""rowan @ GthBpPSqaK"" collected 0.20 from pot",2026-09-26T20:46:42.263Z,179045560226301
"Uncalled bet of 0.10 returned to ""rowan @ GthBpPSqaK""",2026-09-26T20:46:42.263Z,179045560226300
"""sack @ j5H1ebY2vH"" folds",2026-09-26T20:46:41.411Z,179045560141100
"""dih @ GO72Iwd2XL"" folds",2026-09-26T20:46:40.526Z,179045560052600
"""rowan @ GthBpPSqaK"" posts a big blind of 0.20",2026-09-26T20:46:37.357Z,179045559735706
"""sack @ j5H1ebY2vH"" posts a small blind of 0.10",2026-09-26T20:46:37.357Z,179045559735705
"Player stacks: #1 ""rowan @ GthBpPSqaK"" (97.81) | #2 ""dih @ GO72Iwd2XL"" (46.75) | #9 ""sack @ j5H1ebY2vH"" (100.59)",2026-09-26T20:46:37.357Z,179045559735701
"-- starting hand #110 (id: 3xoole1juhfh)  No Limit Texas Hold'em (dealer: ""dih @ GO72Iwd2XL"") --",2026-09-26T20:46:37.357Z,179045559735700
"""rowan @ GthBpPSqaK"" shows a 7♠.",2026-09-26T20:46:33.103Z,179045559310300
"-- ending hand #109 --",2026-09-26T20:46:30.713Z,179045559071302
"""rowan @ GthBpPSqaK"" collected 7.50 from pot",2026-09-26T20:46:30.713Z,179045559071301
"Uncalled bet of 3.75 returned to ""rowan @ GthBpPSqaK""",2026-09-26T20:46:30.713Z,179045559071300
"""dih @ GO72Iwd2XL"" folds",2026-09-26T20:46:29.897Z,179045558989700
"""rowan @ GthBpPSqaK"" bets 3.75",2026-09-26T20:46:28.446Z,179045558844600
"""dih @ GO72Iwd2XL"" checks",2026-09-26T20:46:24.864Z,179045558486400
"Turn: K♥, 4♠, J♠ [5♠]",2026-09-26T20:46:20.446Z,179045558044600
"""rowan @ GthBpPSqaK"" calls 2.25",2026-09-26T20:46:19.640Z,179045557964000
"""sack @ j5H1ebY2vH"" folds",2026-09-26T20:46:11.056Z,179045557105600
"""dih @ GO72Iwd2XL"" bets 2.25",2026-09-26T20:46:09.794Z,179045556979400
"Flop:  [K♥, 4♠, J♠]",2026-09-26T20:46:05.452Z,179045556545200
"""rowan @ GthBpPSqaK"" calls 1.00",2026-09-26T20:46:04.637Z,179045556463700
"""sack @ j5H1ebY2vH"" calls 1.00",2026-09-26T20:46:00.656Z,179045556065600
"""dih @ GO72Iwd2XL"" raises to 1.00",2026-09-26T20:45:59.415Z,179045555941500
"""rowan @ GthBpPSqaK"" posts a big blind of 0.20",2026-09-26T20:45:56.083Z,179045555608308
"""sack @ j5H1ebY2vH"" posts a small blind of 0.10",2026-09-26T20:45:56.083Z,179045555608307
"Player stacks: #1 ""rowan @ GthBpPSqaK"" (93.56) | #2 ""dih @ GO72Iwd2XL"" (50.00) | #9 ""sack @ j5H1ebY2vH"" (101.59)",2026-09-26T20:45:56.083Z,179045555608303
"-- starting hand #109 (id: xeepwvgdxzgz)  No Limit Texas Hold'em (dealer: ""rowan @ GthBpPSqaK"") --",2026-09-26T20:45:56.083Z,179045555608302
"The player ""dih @ GO72Iwd2XL"" joined the game with a stack of 50.00.",2026-09-26T20:45:56.083Z,179045555608301
"The player ""Barbie's Men @ 1MAe7RP1K5"" quits the game with a stack of 24.85.",2026-09-26T20:45:56.083Z,179045555608300
"-- ending hand #108 --",2026-09-26T20:45:53.176Z,179045555317601
"""sack @ j5H1ebY2vH"" collected 3.89 from pot",2026-09-26T20:45:53.176Z,179045555317600
"""rowan @ GthBpPSqaK"" folds",2026-09-26T20:45:52.317Z,179045555231700
"River: 7♠, 3♣, 6♥, A♣ [K♠]",2026-09-26T20:45:49.884Z,179045554988400
"""Barbie's Men @ 1MAe7RP1K5"" folds",2026-09-26T20:45:49.072Z,179045554907200
"""sack @ j5H1ebY2vH"" calls 0.97",2026-09-26T20:45:43.254Z,179045554325400
"""rowan @ GthBpPSqaK"" bets 0.97",2026-09-26T20:45:42.194Z,179045554219400
"The admin approved the player ""dih @ GO72Iwd2XL"" participation with a stack of 50.00.",2026-09-26T20:45:39.048Z,179045553904800
"The player ""dih @ GO72Iwd2XL"" requested a seat.",2026-09-26T20:45:38.037Z,179045553803700
"Turn: 7♠, 3♣, 6♥ [A♣]",2026-09-26T20:45:37.641Z,179045553764100
"""Barbie's Men @ 1MAe7RP1K5"" checks",2026-09-26T20:45:36.822Z,179045553682200
"""sack @ j5H1ebY2vH"" checks",2026-09-26T20:45:35.883Z,179045553588300
"""rowan @ GthBpPSqaK"" checks",2026-09-26T20:45:32.875Z,179045553287500
"Flop:  [7♠, 3♣, 6♥]",2026-09-26T20:45:32.159Z,179045553215900
"""rowan @ GthBpPSqaK"" calls 0.65",2026-09-26T20:45:31.296Z,179045553129600
"""Barbie's Men @ 1MAe7RP1K5"" calls 0.65",2026-09-26T20:45:30.097Z,179045553009700
"""sack @ j5H1ebY2vH"" raises to 0.65",2026-09-26T20:45:26.815Z,179045552681500
"""rowan @ GthBpPSqaK"" calls 0.20",2026-09-26T20:45:21.786Z,179045552178600
"""Barbie's Men @ 1MAe7RP1K5"" calls 0.20",2026-09-26T20:45:19.908Z,179045551990800
"""sack @ j5H1ebY2vH"" posts a big blind of 0.20",2026-09-26T20:45:10.598Z,179045551059806
"""rowan @ GthBpPSqaK"" posts a small blind of 0.10",2026-09-26T20:45:10.598Z,179045551059805
"Player stacks: #1 ""rowan @ GthBpPSqaK"" (95.18) | #9 ""sack @ j5H1ebY2vH"" (99.32) | #10 ""Barbie's Men @ 1MAe7RP1K5"" (25.50)",2026-09-26T20:45:10.598Z,179045551059801
"-- starting hand #108 (id: cwdarmupscgl)  No Limit Texas Hold'em (dealer: ""Barbie's Men @ 1MAe7RP1K5"") --",2026-09-26T20:45:10.598Z,179045551059800
"-- ending hand #107 --",2026-09-26T20:45:04.584Z,179045550458402
"""rowan @ GthBpPSqaK"" collected 1.80 from pot with Pair, A's (combination: 7♠, 10♦, J♦, A♣, A♥)",2026-09-26T20:45:04.584Z,179045550458401
"""rowan @ GthBpPSqaK"" shows a 3♣, A♣.",2026-09-26T20:45:04.584Z,179045550458400
"""sack @ j5H1ebY2vH"" checks",2026-09-26T20:45:03.731Z,179045550373100
"""rowan @ GthBpPSqaK"" checks",2026-09-26T20:45:01.731Z,179045550173100
"River: 5♠, 7♠, 10♦, J♦ [A♥]",2026-09-26T20:45:01.369Z,179045550136900
"""sack @ j5H1ebY2vH"" checks",2026-09-26T20:45:00.530Z,179045550053000
"""rowan @ GthBpPSqaK"" checks",2026-09-26T20:44:55.871Z,179045549587100
"Turn: 5♠, 7♠, 10♦ [J♦]",2026-09-26T20:44:55.234Z,179045549523400
"""sack @ j5H1ebY2vH"" checks",2026-09-26T20:44:54.411Z,179045549441100
"""rowan @ GthBpPSqaK"" checks",2026-09-26T20:44:52.630Z,179045549263000
"Flop:  [5♠, 7♠, 10♦]",2026-09-26T20:44:51.220Z,179045549122000
"""Barbie's Men @ 1MAe7RP1K5"" folds",2026-09-26T20:44:50.400Z,179045549040000
"""sack @ j5H1ebY2vH"" calls 0.80",2026-09-26T20:44:49.145Z,179045548914500
"""rowan @ GthBpPSqaK"" raises to 0.80",2026-09-26T20:44:47.541Z,179045548754100
"""Barbie's Men @ 1MAe7RP1K5"" calls 0.20",2026-09-26T20:44:44.085Z,179045548408500
"""sack @ j5H1ebY2vH"" calls 0.20",2026-09-26T20:44:43.169Z,179045548316900
"""rowan @ GthBpPSqaK"" posts a big blind of 0.20",2026-09-26T20:44:40.651Z,179045548065106
"""Barbie's Men @ 1MAe7RP1K5"" posts a small blind of 0.10",2026-09-26T20:44:40.651Z,179045548065105
"Player stacks: #1 ""rowan @ GthBpPSqaK"" (94.18) | #9 ""sack @ j5H1ebY2vH"" (100.12) | #10 ""Barbie's Men @ 1MAe7RP1K5"" (25.70)",2026-09-26T20:44:40.651Z,179045548065101
"-- starting hand #107 (id: egyjki7vj3id)  No Limit Texas Hold'em (dealer: ""sack @ j5H1ebY2vH"") --",2026-09-26T20:44:40.651Z,179045548065100
"""sack @ j5H1ebY2vH"" shows a 6♣, 7♣.",2026-09-26T20:44:38.275Z,179045547827500
"-- ending hand #106 --",2026-09-26T20:44:36.994Z,179045547699402
"""sack @ j5H1ebY2vH"" collected 15.07 from pot",2026-09-26T20:44:36.994Z,179045547699401
"Uncalled bet of 15.07 returned to ""sack @ j5H1ebY2vH""",2026-09-26T20:44:36.994Z,179045547699400
"""rowan @ GthBpPSqaK"" folds",2026-09-26T20:44:36.185Z,179045547618500
"""sack @ j5H1ebY2vH"" bets 15.07",2026-09-26T20:44:33.851Z,179045547385100
"River: 4♠, 7♥, 3♣, 9♦ [7♠]",2026-09-26T20:44:30.422Z,179045547042200
"""rowan @ GthBpPSqaK"" calls 4.52",2026-09-26T20:44:29.602Z,179045546960200
"""sack @ j5H1ebY2vH"" bets 4.52",2026-09-26T20:44:25.799Z,179045546579900
"Turn: 4♠, 7♥, 3♣ [9♦]",2026-09-26T20:44:21.620Z,179045546162000
"""rowan @ GthBpPSqaK"" calls 2.01",2026-09-26T20:44:20.804Z,179045546080400
"""Barbie's Men @ 1MAe7RP1K5"" folds",2026-09-26T20:44:17.857Z,179045545785700
"""sack @ j5H1ebY2vH"" bets 2.01",2026-09-26T20:44:16.409Z,179045545640900
"Flop:  [4♠, 7♥, 3♣]",2026-09-26T20:44:11.922Z,179045545192200
"""rowan @ GthBpPSqaK"" calls 0.67",2026-09-26T20:44:11.106Z,179045545110600
"""Barbie's Men @ 1MAe7RP1K5"" calls 0.67",2026-09-26T20:44:10.237Z,179045545023700
"""sack @ j5H1ebY2vH"" raises to 0.67",2026-09-26T20:43:47.592Z,179045542759200
"""rowan @ GthBpPSqaK"" calls 0.20",2026-09-26T20:43:41.763Z,179045542176300
"""Barbie's Men @ 1MAe7RP1K5"" posts a big blind of 0.20",2026-09-26T20:43:40.380Z,179045542038006
"""sack @ j5H1ebY2vH"" posts a small blind of 0.10",2026-09-26T20:43:40.380Z,179045542038005
"Player stacks: #1 ""rowan @ GthBpPSqaK"" (101.38) | #9 ""sack @ j5H1ebY2vH"" (92.25) | #10 ""Barbie's Men @ 1MAe7RP1K5"" (26.37)",2026-09-26T20:43:40.380Z,179045542038001
"-- starting hand #106 (id: poyvr1egkfvb)  No Limit Texas Hold'em (dealer: ""rowan @ GthBpPSqaK"") --",2026-09-26T20:43:40.380Z,179045542038000
"-- ending hand #105 --",2026-09-26T20:43:34.370Z,179045541437003
"""Barbie's Men @ 1MAe7RP1K5"" collected 0.90 from pot with Pair, 10's (combination: 8♥, 9♣, A♣, 10♠, 10♦)",2026-09-26T20:43:34.370Z,179045541437002
"""Barbie's Men @ 1MAe7RP1K5"" shows a 10♠, 8♥.",2026-09-26T20:43:34.370Z,179045541437001
"""sack @ j5H1ebY2vH"" shows a Q♣, 9♠.",2026-09-26T20:43:34.370Z,179045541437000
"""Barbie's Men @ 1MAe7RP1K5"" calls 0.20",2026-09-26T20:43:33.521Z,179045541352100
"""sack @ j5H1ebY2vH"" bets 0.20",2026-09-26T20:43:32.282Z,179045541228200
"River: 10♦, 9♣, A♣, 4♠ [2♦]",2026-09-26T20:43:31.252Z,179045541125200
"""Barbie's Men @ 1MAe7RP1K5"" checks",2026-09-26T20:43:30.442Z,179045541044200
"""sack @ j5H1ebY2vH"" checks",2026-09-26T20:43:29.554Z,179045540955400
"Turn: 10♦, 9♣, A♣ [4♠]",2026-09-26T20:43:27.205Z,179045540720500
"""Barbie's Men @ 1MAe7RP1K5"" checks",2026-09-26T20:43:26.390Z,179045540639000
"""sack @ j5H1ebY2vH"" checks",2026-09-26T20:43:24.323Z,179045540432300
"Flop:  [10♦, 9♣, A♣]",2026-09-26T20:43:20.155Z,179045540015500
"""sack @ j5H1ebY2vH"" checks",2026-09-26T20:43:19.318Z,179045539931800
"""rowan @ GthBpPSqaK"" folds",2026-09-26T20:43:15.207Z,179045539520700
"""Barbie's Men @ 1MAe7RP1K5"" calls 0.20",2026-09-26T20:43:06.501Z,179045538650100
"""sack @ j5H1ebY2vH"" posts a big blind of 0.20",2026-09-26T20:43:04.305Z,179045538430506
"""rowan @ GthBpPSqaK"" posts a small blind of 0.10",2026-09-26T20:43:04.305Z,179045538430505
"Player stacks: #1 ""rowan @ GthBpPSqaK"" (101.48) | #9 ""sack @ j5H1ebY2vH"" (92.65) | #10 ""Barbie's Men @ 1MAe7RP1K5"" (25.87)",2026-09-26T20:43:04.305Z,179045538430501
"-- starting hand #105 (id: mxgmt7wvdty9)  No Limit Texas Hold'em (dealer: ""Barbie's Men @ 1MAe7RP1K5"") --",2026-09-26T20:43:04.305Z,179045538430500
"""Barbie's Men @ 1MAe7RP1K5"" shows a K♥, 8♦.",2026-09-26T20:43:01.280Z,179045538128000
"""rowan @ GthBpPSqaK"" shows a 4♣, Q♣.",2026-09-26T20:42:59.447Z,179045537944700
"-- ending hand #104 --",2026-09-26T20:42:56.926Z,179045537692602
"""sack @ j5H1ebY2vH"" collected 6.15 from pot",2026-09-26T20:42:56.926Z,179045537692601
"Uncalled bet of 6.15 returned to ""sack @ j5H1ebY2vH""",2026-09-26T20:42:56.926Z,179045537692600
"""rowan @ GthBpPSqaK"" folds",2026-09-26T20:42:56.111Z,179045537611100
"""Barbie's Men @ 1MAe7RP1K5"" folds",2026-09-26T20:42:53.642Z,179045537364200
"""sack @ j5H1ebY2vH"" bets 6.15",2026-09-26T20:42:22.895Z,179045534289500
"""rowan @ GthBpPSqaK"" checks",2026-09-26T20:42:20.750Z,179045534075000
"""Barbie's Men @ 1MAe7RP1K5"" checks",2026-09-26T20:42:19.887Z,179045533988700
"Flop:  [7♠, A♣, A♠]",2026-09-26T20:42:18.187Z,179045533818700
"""sack @ j5H1ebY2vH"" calls 2.05",2026-09-26T20:42:17.376Z,179045533737600
"""rowan @ GthBpPSqaK"" calls 2.05",2026-09-26T20:42:16.122Z,179045533612200
"""Barbie's Men @ 1MAe7RP1K5"" raises to 2.05",2026-09-26T20:42:13.968Z,179045533396800
"""sack @ j5H1ebY2vH"" calls 0.20",2026-09-26T20:42:03.564Z,179045532356400
"""rowan @ GthBpPSqaK"" posts a big blind of 0.20",2026-09-26T20:41:59.672Z,179045531967206
"""Barbie's Men @ 1MAe7RP1K5"" posts a small blind of 0.10",2026-09-26T20:41:59.672Z,179045531967205
"Player stacks: #1 ""rowan @ GthBpPSqaK"" (103.53) | #9 ""sack @ j5H1ebY2vH"" (88.55) | #10 ""Barbie's Men @ 1MAe7RP1K5"" (27.92)",2026-09-26T20:41:59.672Z,179045531967201
"-- starting hand #104 (id: piidcl4ei0z2)  No Limit Texas Hold'em (dealer: ""sack @ j5H1ebY2vH"") --",2026-09-26T20:41:59.672Z,179045531967200
"""rowan @ GthBpPSqaK"" shows a 7♠, 10♠.",2026-09-26T20:41:53.303Z,179045531330300
"-- ending hand #103 --",2026-09-26T20:41:53.068Z,179045531306802
"""sack @ j5H1ebY2vH"" collected 4.50 from pot",2026-09-26T20:41:53.068Z,179045531306801
"Uncalled bet of 2.25 returned to ""sack @ j5H1ebY2vH""",2026-09-26T20:41:53.068Z,179045531306800
"""rowan @ GthBpPSqaK"" folds",2026-09-26T20:41:52.202Z,179045531220200
"""Barbie's Men @ 1MAe7RP1K5"" folds",2026-09-26T20:41:51.310Z,179045531131000
"""sack @ j5H1ebY2vH"" bets 2.25",2026-09-26T20:41:48.986Z,179045530898600
"Turn: A♠, J♣, 8♣ [6♦]",2026-09-26T20:41:42.387Z,179045530238700
"""Barbie's Men @ 1MAe7RP1K5"" calls 0.90",2026-09-26T20:41:41.567Z,179045530156700
"""sack @ j5H1ebY2vH"" calls 0.90",2026-09-26T20:41:39.240Z,179045529924000
"""rowan @ GthBpPSqaK"" bets 0.90",2026-09-26T20:41:36.549Z,179045529654900
"""Barbie's Men @ 1MAe7RP1K5"" checks",2026-09-26T20:41:30.333Z,179045529033300
"""sack @ j5H1ebY2vH"" checks",2026-09-26T20:41:23.808Z,179045528380800
"Flop:  [A♠, J♣, 8♣]",2026-09-26T20:41:19.342Z,179045527934200
"""Barbie's Men @ 1MAe7RP1K5"" calls 0.60",2026-09-26T20:41:18.512Z,179045527851200
"""sack @ j5H1ebY2vH"" calls 0.60",2026-09-26T20:41:05.533Z,179045526553300
"""rowan @ GthBpPSqaK"" raises to 0.60",2026-09-26T20:41:04.158Z,179045526415800
"""Barbie's Men @ 1MAe7RP1K5"" posts a big blind of 0.20",2026-09-26T20:41:01.936Z,179045526193606
"""sack @ j5H1ebY2vH"" posts a small blind of 0.10",2026-09-26T20:41:01.936Z,179045526193605
"Player stacks: #1 ""rowan @ GthBpPSqaK"" (105.03) | #9 ""sack @ j5H1ebY2vH"" (85.55) | #10 ""Barbie's Men @ 1MAe7RP1K5"" (29.42)",2026-09-26T20:41:01.936Z,179045526193601
"-- starting hand #103 (id: nz4s1ahnmlz8)  No Limit Texas Hold'em (dealer: ""rowan @ GthBpPSqaK"") --",2026-09-26T20:41:01.936Z,179045526193600
"""rowan @ GthBpPSqaK"" shows a A♣, 3♠.",2026-09-26T20:40:57.056Z,179045525705600
"-- ending hand #102 --",2026-09-26T20:40:55.258Z,179045525525802
"""Barbie's Men @ 1MAe7RP1K5"" collected 0.50 from pot",2026-09-26T20:40:55.258Z,179045525525801
"Uncalled bet of 0.80 returned to ""Barbie's Men @ 1MAe7RP1K5""",2026-09-26T20:40:55.258Z,179045525525800
"""sack @ j5H1ebY2vH"" folds",2026-09-26T20:40:54.418Z,179045525441800
"""rowan @ GthBpPSqaK"" folds",2026-09-26T20:40:52.141Z,179045525214100
"""Barbie's Men @ 1MAe7RP1K5"" raises to 1.00",2026-09-26T20:40:49.648Z,179045524964800
"""sack @ j5H1ebY2vH"" posts a big blind of 0.20",2026-09-26T20:40:46.895Z,179045524689506
"""rowan @ GthBpPSqaK"" posts a small blind of 0.10",2026-09-26T20:40:46.895Z,179045524689505
"Player stacks: #1 ""rowan @ GthBpPSqaK"" (105.13) | #9 ""sack @ j5H1ebY2vH"" (85.75) | #10 ""Barbie's Men @ 1MAe7RP1K5"" (29.12)",2026-09-26T20:40:46.895Z,179045524689501
"-- starting hand #102 (id: t0ftdvhwn9vm)  No Limit Texas Hold'em (dealer: ""Barbie's Men @ 1MAe7RP1K5"") --",2026-09-26T20:40:46.895Z,179045524689500
"-- ending hand #101 --",2026-09-26T20:40:40.892Z,179045524089203
"""rowan @ GthBpPSqaK"" collected 0.90 from pot with Pair, J's (combination: 7♠, 8♦, A♠, J♣, J♦)",2026-09-26T20:40:40.892Z,179045524089202
"""rowan @ GthBpPSqaK"" shows a 3♥, J♣.",2026-09-26T20:40:40.892Z,179045524089201
"""sack @ j5H1ebY2vH"" shows a K♠, 7♣.",2026-09-26T20:40:40.892Z,179045524089200
"""rowan @ GthBpPSqaK"" calls 0.20",2026-09-26T20:40:40.079Z,179045524007900
"""sack @ j5H1ebY2vH"" bets 0.20",2026-09-26T20:40:39.191Z,179045523919100
"""rowan @ GthBpPSqaK"" checks",2026-09-26T20:40:37.616Z,179045523761600
"River: 6♦, A♠, 8♦, J♦ [7♠]",2026-09-26T20:40:37.442Z,179045523744200
"""sack @ j5H1ebY2vH"" checks",2026-09-26T20:40:36.626Z,179045523662600
"""rowan @ GthBpPSqaK"" checks",2026-09-26T20:40:35.187Z,179045523518700
"Turn: 6♦, A♠, 8♦ [J♦]",2026-09-26T20:40:35.071Z,179045523507100
"""sack @ j5H1ebY2vH"" checks",2026-09-26T20:40:34.268Z,179045523426800
"""rowan @ GthBpPSqaK"" checks",2026-09-26T20:40:32.329Z,179045523232900
"Flop:  [6♦, A♠, 8♦]",2026-09-26T20:40:31.668Z,179045523166800
"""rowan @ GthBpPSqaK"" checks",2026-09-26T20:40:30.852Z,179045523085200
"""Barbie's Men @ 1MAe7RP1K5"" folds",2026-09-26T20:40:29.367Z,179045522936700
"""sack @ j5H1ebY2vH"" calls 0.20",2026-09-26T20:40:28.492Z,179045522849200
"""rowan @ GthBpPSqaK"" posts a big blind of 0.20",2026-09-26T20:40:26.171Z,179045522617106
"""Barbie's Men @ 1MAe7RP1K5"" posts a small blind of 0.10",2026-09-26T20:40:26.171Z,179045522617105
"Player stacks: #1 ""rowan @ GthBpPSqaK"" (104.63) | #9 ""sack @ j5H1ebY2vH"" (86.15) | #10 ""Barbie's Men @ 1MAe7RP1K5"" (29.22)",2026-09-26T20:40:26.171Z,179045522617101
"-- starting hand #101 (id: mwna2yfmozbx)  No Limit Texas Hold'em (dealer: ""sack @ j5H1ebY2vH"") --",2026-09-26T20:40:26.171Z,179045522617100
"""Barbie's Men @ 1MAe7RP1K5"" shows a 5♣.",2026-09-26T20:40:20.807Z,179045522080700
"""Barbie's Men @ 1MAe7RP1K5"" shows a A♥.",2026-09-26T20:40:20.328Z,179045522032800
"""sack @ j5H1ebY2vH"" shows a 2♠, 7♥.",2026-09-26T20:40:19.940Z,179045521994000
"-- ending hand #100 --",2026-09-26T20:40:18.851Z,179045521885102
"""Barbie's Men @ 1MAe7RP1K5"" collected 8.10 from pot",2026-09-26T20:40:18.851Z,179045521885101
"Uncalled bet of 21.12 returned to ""Barbie's Men @ 1MAe7RP1K5""",2026-09-26T20:40:18.851Z,179045521885100
"""sack @ j5H1ebY2vH"" folds",2026-09-26T20:40:18.038Z,179045521803800
"""Barbie's Men @ 1MAe7RP1K5"" raises to 23.82 and go all in",2026-09-26T20:40:15.893Z,179045521589300
"""sack @ j5H1ebY2vH"" bets 2.70",2026-09-26T20:40:09.837Z,179045520983700
"Flop:  [5♠, A♦, 4♥]",2026-09-26T20:40:05.196Z,179045520519600
"""rowan @ GthBpPSqaK"" folds",2026-09-26T20:40:04.378Z,179045520437800
"""Barbie's Men @ 1MAe7RP1K5"" calls 1.25",2026-09-26T20:40:03.507Z,179045520350700
"""sack @ j5H1ebY2vH"" raises to 1.25",2026-09-26T20:39:41.545Z,179045518154500
"""rowan @ GthBpPSqaK"" calls 0.20",2026-09-26T20:39:36.949Z,179045517694900
"""Barbie's Men @ 1MAe7RP1K5"" posts a big blind of 0.20",2026-09-26T20:39:35.479Z,179045517547906
"""sack @ j5H1ebY2vH"" posts a small blind of 0.10",2026-09-26T20:39:35.479Z,179045517547905
"Player stacks: #1 ""rowan @ GthBpPSqaK"" (104.83) | #9 ""sack @ j5H1ebY2vH"" (90.10) | #10 ""Barbie's Men @ 1MAe7RP1K5"" (25.07)",2026-09-26T20:39:35.479Z,179045517547901
"-- starting hand #100 (id: aoihmshwarc6)  No Limit Texas Hold'em (dealer: ""rowan @ GthBpPSqaK"") --",2026-09-26T20:39:35.479Z,179045517547900
"""sack @ j5H1ebY2vH"" shows a 8♣.",2026-09-26T20:39:34.706Z,179045517470600
"""sack @ j5H1ebY2vH"" shows a Q♥.",2026-09-26T20:39:34.330Z,179045517433000
"""rowan @ GthBpPSqaK"" shows a 4♦, 5♠.",2026-09-26T20:39:32.665Z,179045517266500
"-- ending hand #99 --",2026-09-26T20:39:31.167Z,179045517116701
"""Barbie's Men @ 1MAe7RP1K5"" collected 2.54 from pot",2026-09-26T20:39:31.167Z,179045517116700
"""rowan @ GthBpPSqaK"" folds",2026-09-26T20:39:30.327Z,179045517032700
"River: A♥, 3♦, 10♦, J♣ [8♠]",2026-09-26T20:39:28.242Z,179045516824200
"""Barbie's Men @ 1MAe7RP1K5"" checks",2026-09-26T20:39:27.439Z,179045516743900
"""rowan @ GthBpPSqaK"" checks",2026-09-26T20:39:26.401Z,179045516640100
"Turn: A♥, 3♦, 10♦ [J♣]",2026-09-26T20:39:25.163Z,179045516516300
"""Barbie's Men @ 1MAe7RP1K5"" checks",2026-09-26T20:39:24.359Z,179045516435900
"""rowan @ GthBpPSqaK"" checks",2026-09-26T20:39:22.021Z,179045516202100
"Flop:  [A♥, 3♦, 10♦]",2026-09-26T20:39:18.646Z,179045515864600
"""sack @ j5H1ebY2vH"" folds",2026-09-26T20:39:17.832Z,179045515783200
"""rowan @ GthBpPSqaK"" calls 1.17",2026-09-26T20:39:16.729Z,179045515672900
"""Barbie's Men @ 1MAe7RP1K5"" raises to 1.17",2026-09-26T20:39:14.780Z,179045515478000
"""sack @ j5H1ebY2vH"" posts a big blind of 0.20",2026-09-26T20:39:11.156Z,179045515115606
"""rowan @ GthBpPSqaK"" posts a small blind of 0.10",2026-09-26T20:39:11.156Z,179045515115605
"Player stacks: #1 ""rowan @ GthBpPSqaK"" (106.00) | #9 ""sack @ j5H1ebY2vH"" (90.30) | #10 ""Barbie's Men @ 1MAe7RP1K5"" (23.70)",2026-09-26T20:39:11.156Z,179045515115601
"-- starting hand #99 (id: rkh6mu5adft8)  No Limit Texas Hold'em (dealer: ""Barbie's Men @ 1MAe7RP1K5"") --",2026-09-26T20:39:11.156Z,179045515115600
"""sack @ j5H1ebY2vH"" shows a K♣, 8♥.",2026-09-26T20:39:05.734Z,179045514573400
"""rowan @ GthBpPSqaK"" shows a 3♥, Q♠.",2026-09-26T20:39:04.094Z,179045514409400
"-- ending hand #98 --",2026-09-26T20:39:03.814Z,179045514381402
"""sack @ j5H1ebY2vH"" collected 0.50 from pot",2026-09-26T20:39:03.814Z,179045514381401
"Uncalled bet of 0.40 returned to ""sack @ j5H1ebY2vH""",2026-09-26T20:39:03.814Z,179045514381400
"""rowan @ GthBpPSqaK"" folds",2026-09-26T20:39:02.981Z,179045514298100
"""Barbie's Men @ 1MAe7RP1K5"" folds",2026-09-26T20:39:02.096Z,179045514209600
"""sack @ j5H1ebY2vH"" raises to 0.60",2026-09-26T20:38:57.423Z,179045513742300
"""rowan @ GthBpPSqaK"" posts a big blind of 0.20",2026-09-26T20:38:52.872Z,179045513287206
"""Barbie's Men @ 1MAe7RP1K5"" posts a small blind of 0.10",2026-09-26T20:38:52.872Z,179045513287205
"Player stacks: #1 ""rowan @ GthBpPSqaK"" (106.20) | #9 ""sack @ j5H1ebY2vH"" (90.00) | #10 ""Barbie's Men @ 1MAe7RP1K5"" (23.80)",2026-09-26T20:38:52.872Z,179045513287201
"-- starting hand #98 (id: t016ydexrz3e)  No Limit Texas Hold'em (dealer: ""sack @ j5H1ebY2vH"") --",2026-09-26T20:38:52.872Z,179045513287200
"-- ending hand #97 --",2026-09-26T20:38:49.953Z,179045512995302
"""Barbie's Men @ 1MAe7RP1K5"" collected 0.40 from pot",2026-09-26T20:38:49.953Z,179045512995301
"Uncalled bet of 1.00 returned to ""Barbie's Men @ 1MAe7RP1K5""",2026-09-26T20:38:49.953Z,179045512995300
"""sack @ j5H1ebY2vH"" folds",2026-09-26T20:38:49.137Z,179045512913700
"""Barbie's Men @ 1MAe7RP1K5"" bets 1.00",2026-09-26T20:38:48.241Z,179045512824100
"""sack @ j5H1ebY2vH"" checks",2026-09-26T20:38:44.996Z,179045512499600
"River: 2♠, 6♠, A♥, 6♣ [K♦]",2026-09-26T20:38:43.750Z,179045512375000
"""Barbie's Men @ 1MAe7RP1K5"" checks",2026-09-26T20:38:42.922Z,179045512292200
"""sack @ j5H1ebY2vH"" checks",2026-09-26T20:38:38.337Z,179045511833700
"Turn: 2♠, 6♠, A♥ [6♣]",2026-09-26T20:38:37.031Z,179045511703100
"""Barbie's Men @ 1MAe7RP1K5"" checks",2026-09-26T20:38:36.201Z,179045511620100
"""sack @ j5H1ebY2vH"" checks",2026-09-26T20:38:28.749Z,179045510874900
"Flop:  [2♠, 6♠, A♥]",2026-09-26T20:38:26.822Z,179045510682200
"""Barbie's Men @ 1MAe7RP1K5"" checks",2026-09-26T20:38:26.006Z,179045510600600
"""sack @ j5H1ebY2vH"" calls 0.20",2026-09-26T20:38:25.105Z,179045510510500
"""rowan @ GthBpPSqaK"" folds",2026-09-26T20:38:22.856Z,179045510285600
"""Barbie's Men @ 1MAe7RP1K5"" posts a big blind of 0.20",2026-09-26T20:38:21.558Z,179045510155806
"""sack @ j5H1ebY2vH"" posts a small blind of 0.10",2026-09-26T20:38:21.558Z,179045510155805
"Player stacks: #1 ""rowan @ GthBpPSqaK"" (106.20) | #9 ""sack @ j5H1ebY2vH"" (90.20) | #10 ""Barbie's Men @ 1MAe7RP1K5"" (23.60)",2026-09-26T20:38:21.558Z,179045510155801
"-- starting hand #97 (id: giqbakcjand9)  No Limit Texas Hold'em (dealer: ""rowan @ GthBpPSqaK"") --",2026-09-26T20:38:21.558Z,179045510155800
"""Barbie's Men @ 1MAe7RP1K5"" shows a K♥, Q♥.",2026-09-26T20:38:18.581Z,179045509858100
"""rowan @ GthBpPSqaK"" shows a 10♠, 9♠.",2026-09-26T20:38:18.163Z,179045509816300
"-- ending hand #96 --",2026-09-26T20:38:17.247Z,179045509724702
"""rowan @ GthBpPSqaK"" collected 7.01 from pot",2026-09-26T20:38:17.247Z,179045509724701
"Uncalled bet of 3.50 returned to ""rowan @ GthBpPSqaK""",2026-09-26T20:38:17.247Z,179045509724700
"""Barbie's Men @ 1MAe7RP1K5"" folds",2026-09-26T20:38:16.418Z,179045509641800
"""rowan @ GthBpPSqaK"" bets 3.50",2026-09-26T20:38:12.036Z,179045509203600
"River: 7♥, 2♣, 9♦, 8♠ [2♠]",2026-09-26T20:38:09.288Z,179045508928800
"""Barbie's Men @ 1MAe7RP1K5"" calls 1.75",2026-09-26T20:38:08.457Z,179045508845700
"""sack @ j5H1ebY2vH"" folds",2026-09-26T20:38:07.565Z,179045508756500
"""rowan @ GthBpPSqaK"" bets 1.75",2026-09-26T20:38:06.693Z,179045508669300
"Turn: 7♥, 2♣, 9♦ [8♠]",2026-09-26T20:38:04.484Z,179045508448400
"""Barbie's Men @ 1MAe7RP1K5"" checks",2026-09-26T20:38:03.667Z,179045508366700
"""sack @ j5H1ebY2vH"" checks",2026-09-26T20:38:02.696Z,179045508269600
"""rowan @ GthBpPSqaK"" checks",2026-09-26T20:38:01.531Z,179045508153100
"Flop:  [7♥, 2♣, 9♦]",2026-09-26T20:38:00.109Z,179045508010900
"""sack @ j5H1ebY2vH"" calls 1.17",2026-09-26T20:37:59.197Z,179045507919700
"""rowan @ GthBpPSqaK"" calls 1.17",2026-09-26T20:37:56.679Z,179045507667900
"""Barbie's Men @ 1MAe7RP1K5"" raises to 1.17",2026-09-26T20:37:55.804Z,179045507580400
"""sack @ j5H1ebY2vH"" posts a big blind of 0.20",2026-09-26T20:37:52.241Z,179045507224106
"""rowan @ GthBpPSqaK"" posts a small blind of 0.10",2026-09-26T20:37:52.241Z,179045507224105
"Player stacks: #1 ""rowan @ GthBpPSqaK"" (102.11) | #9 ""sack @ j5H1ebY2vH"" (91.37) | #10 ""Barbie's Men @ 1MAe7RP1K5"" (26.52)",2026-09-26T20:37:52.241Z,179045507224101
"-- starting hand #96 (id: 9dhj3z3jbdyl)  No Limit Texas Hold'em (dealer: ""Barbie's Men @ 1MAe7RP1K5"") --",2026-09-26T20:37:52.241Z,179045507224100
"""sack @ j5H1ebY2vH"" shows a A♦, Q♣.",2026-09-26T20:37:47.680Z,179045506768000
"""rowan @ GthBpPSqaK"" shows a J♦, 4♦.",2026-09-26T20:37:45.079Z,179045506507900
"-- ending hand #95 --",2026-09-26T20:37:44.902Z,179045506490202
"""sack @ j5H1ebY2vH"" collected 1.30 from pot",2026-09-26T20:37:44.902Z,179045506490201
"Uncalled bet of 0.20 returned to ""sack @ j5H1ebY2vH""",2026-09-26T20:37:44.902Z,179045506490200
"""rowan @ GthBpPSqaK"" folds",2026-09-26T20:37:44.099Z,179045506409900
"""sack @ j5H1ebY2vH"" bets 0.20",2026-09-26T20:37:43.239Z,179045506323900
"""rowan @ GthBpPSqaK"" checks",2026-09-26T20:37:40.728Z,179045506072800
"Flop:  [7♣, 2♥, A♥]",2026-09-26T20:37:40.007Z,179045506000700
"""rowan @ GthBpPSqaK"" calls 0.60",2026-09-26T20:37:39.196Z,179045505919600
"""Barbie's Men @ 1MAe7RP1K5"" folds",2026-09-26T20:37:38.317Z,179045505831700
"""sack @ j5H1ebY2vH"" raises to 0.60",2026-09-26T20:37:31.074Z,179045505107400
"""rowan @ GthBpPSqaK"" posts a big blind of 0.20",2026-09-26T20:37:26.670Z,179045504667006
"""Barbie's Men @ 1MAe7RP1K5"" posts a small blind of 0.10",2026-09-26T20:37:26.670Z,179045504667005
"Player stacks: #1 ""rowan @ GthBpPSqaK"" (102.71) | #9 ""sack @ j5H1ebY2vH"" (90.67) | #10 ""Barbie's Men @ 1MAe7RP1K5"" (26.62)",2026-09-26T20:37:26.670Z,179045504667001
"-- starting hand #95 (id: uzrnvi0z0rdc)  No Limit Texas Hold'em (dealer: ""sack @ j5H1ebY2vH"") --",2026-09-26T20:37:26.670Z,179045504667000
"-- ending hand #94 --",2026-09-26T20:37:18.667Z,179045503866702
"""Barbie's Men @ 1MAe7RP1K5"" collected 13.31 from pot with Full House, 3's over Q's on the second run  (combination: Q♣, Q♥, 3♠, 3♣, 3♦)",2026-09-26T20:37:18.667Z,179045503866701
"""Barbie's Men @ 1MAe7RP1K5"" collected 13.31 from pot with Three of a Kind, 3's (combination: Q♣, A♣, 3♠, 3♣, 3♦)",2026-09-26T20:37:18.667Z,179045503866700
"River (second run): 6♥, 3♦, A♣, Q♣ [Q♥]",2026-09-26T20:37:14.663Z,179045503466300
"River: 6♥, 3♦, A♣, Q♣ [7♣]",2026-09-26T20:37:10.660Z,179045503066000
"""Barbie's Men @ 1MAe7RP1K5"" shows a 3♠, 3♣.",2026-09-26T20:37:06.640Z,179045502664001
"""sack @ j5H1ebY2vH"" shows a A♠, 5♠.",2026-09-26T20:37:06.640Z,179045502664000
"All players in hand choose to run it twice.",2026-09-26T20:37:05.811Z,179045502581101
"""sack @ j5H1ebY2vH"" chooses to  run it twice.",2026-09-26T20:37:05.811Z,179045502581100
"""Barbie's Men @ 1MAe7RP1K5"" chooses to  run it twice.",2026-09-26T20:37:05.164Z,179045502516400
"Remaining players decide whether to run it twice.",2026-09-26T20:37:04.342Z,179045502434201
"""sack @ j5H1ebY2vH"" calls 9.91",2026-09-26T20:37:04.342Z,179045502434200
"""Barbie's Men @ 1MAe7RP1K5"" bets 9.91 and go all in",2026-09-26T20:36:55.923Z,179045501592300
"""sack @ j5H1ebY2vH"" checks",2026-09-26T20:36:53.710Z,179045501371000
"Turn: 6♥, 3♦, A♣ [Q♣]",2026-09-26T20:36:51.479Z,179045501147900
"""sack @ j5H1ebY2vH"" calls 3.00",2026-09-26T20:36:50.649Z,179045501064900
"""Barbie's Men @ 1MAe7RP1K5"" raises to 3.00",2026-09-26T20:36:49.595Z,179045500959500
"""sack @ j5H1ebY2vH"" bets 0.40",2026-09-26T20:36:43.648Z,179045500364800
"Flop:  [6♥, 3♦, A♣]",2026-09-26T20:36:40.356Z,179045500035600
"""Barbie's Men @ 1MAe7RP1K5"" calls 0.40",2026-09-26T20:36:39.534Z,179045499953400
"""sack @ j5H1ebY2vH"" raises to 0.40",2026-09-26T20:36:38.215Z,179045499821500
"""rowan @ GthBpPSqaK"" folds",2026-09-26T20:36:34.517Z,179045499451700
"""Barbie's Men @ 1MAe7RP1K5"" posts a big blind of 0.20",2026-09-26T20:36:33.374Z,179045499337406
"""sack @ j5H1ebY2vH"" posts a small blind of 0.10",2026-09-26T20:36:33.374Z,179045499337405
"Player stacks: #1 ""rowan @ GthBpPSqaK"" (102.71) | #9 ""sack @ j5H1ebY2vH"" (103.98) | #10 ""Barbie's Men @ 1MAe7RP1K5"" (13.31)",2026-09-26T20:36:33.374Z,179045499337401
"-- starting hand #94 (id: bh9pfdfulysp)  No Limit Texas Hold'em (dealer: ""rowan @ GthBpPSqaK"") --",2026-09-26T20:36:33.374Z,179045499337400
"""rowan @ GthBpPSqaK"" shows a 2♥, K♥.",2026-09-26T20:36:30.076Z,179045499007600
"-- ending hand #93 --",2026-09-26T20:36:29.747Z,179045498974702
"""sack @ j5H1ebY2vH"" collected 2.40 from pot",2026-09-26T20:36:29.747Z,179045498974701
"Uncalled bet of 2.40 returned to ""sack @ j5H1ebY2vH""",2026-09-26T20:36:29.747Z,179045498974700
"""Barbie's Men @ 1MAe7RP1K5"" folds",2026-09-26T20:36:28.942Z,179045498894200
"""sack @ j5H1ebY2vH"" bets 2.40",2026-09-26T20:36:27.421Z,179045498742100
"River: Q♣, 2♠, A♥, 8♠ [6♦]",2026-09-26T20:36:24.865Z,179045498486500
"""rowan @ GthBpPSqaK"" folds",2026-09-26T20:36:24.021Z,179045498402100
"""Barbie's Men @ 1MAe7RP1K5"" calls 0.60",2026-09-26T20:36:22.770Z,179045498277000
"""sack @ j5H1ebY2vH"" bets 0.60",2026-09-26T20:36:21.866Z,179045498186600
"""rowan @ GthBpPSqaK"" checks",2026-09-26T20:36:19.381Z,179045497938100
"Turn: Q♣, 2♠, A♥ [8♠]",2026-09-26T20:36:18.263Z,179045497826300
"""Barbie's Men @ 1MAe7RP1K5"" calls 0.20",2026-09-26T20:36:17.382Z,179045497738200
"""sack @ j5H1ebY2vH"" calls 0.20",2026-09-26T20:36:16.419Z,179045497641900
"""rowan @ GthBpPSqaK"" bets 0.20",2026-09-26T20:36:14.654Z,179045497465400
"Flop:  [Q♣, 2♠, A♥]",2026-09-26T20:36:13.339Z,179045497333900
"""sack @ j5H1ebY2vH"" checks",2026-09-26T20:36:12.514Z,179045497251400
"""rowan @ GthBpPSqaK"" calls 0.20",2026-09-26T20:36:09.553Z,179045496955300
"""Barbie's Men @ 1MAe7RP1K5"" calls 0.20",2026-09-26T20:36:08.654Z,179045496865400
"""sack @ j5H1ebY2vH"" posts a big blind of 0.20",2026-09-26T20:36:03.081Z,179045496308106
"""rowan @ GthBpPSqaK"" posts a small blind of 0.10",2026-09-26T20:36:03.081Z,179045496308105
"Player stacks: #1 ""rowan @ GthBpPSqaK"" (103.11) | #9 ""sack @ j5H1ebY2vH"" (102.58) | #10 ""Barbie's Men @ 1MAe7RP1K5"" (14.31)",2026-09-26T20:36:03.081Z,179045496308101
"-- starting hand #93 (id: ujm8kcygddm8)  No Limit Texas Hold'em (dealer: ""Barbie's Men @ 1MAe7RP1K5"") --",2026-09-26T20:36:03.081Z,179045496308100
"""Barbie's Men @ 1MAe7RP1K5"" shows a 3♠, 6♠.",2026-09-26T20:36:00.914Z,179045496091400
"""rowan @ GthBpPSqaK"" shows a 7♥, 4♠.",2026-09-26T20:35:58.003Z,179045495800300
"-- ending hand #92 --",2026-09-26T20:35:55.686Z,179045495568601
"""Barbie's Men @ 1MAe7RP1K5"" collected 0.40 from pot",2026-09-26T20:35:55.686Z,179045495568600
"""rowan @ GthBpPSqaK"" folds",2026-09-26T20:35:54.877Z,179045495487700
"""Barbie's Men @ 1MAe7RP1K5"" checks",2026-09-26T20:35:53.318Z,179045495331800
"Flop:  [A♣, 5♠, K♦]",2026-09-26T20:35:50.582Z,179045495058200
"""rowan @ GthBpPSqaK"" checks",2026-09-26T20:35:49.691Z,179045494969100
"""Barbie's Men @ 1MAe7RP1K5"" calls 0.20",2026-09-26T20:35:48.778Z,179045494877800
"""sack @ j5H1ebY2vH"" folds",2026-09-26T20:35:47.434Z,179045494743400
"""rowan @ GthBpPSqaK"" posts a big blind of 0.20",2026-09-26T20:35:45.380Z,179045494538006
"""Barbie's Men @ 1MAe7RP1K5"" posts a small blind of 0.10",2026-09-26T20:35:45.380Z,179045494538005
"Player stacks: #1 ""rowan @ GthBpPSqaK"" (103.31) | #9 ""sack @ j5H1ebY2vH"" (102.58) | #10 ""Barbie's Men @ 1MAe7RP1K5"" (14.11)",2026-09-26T20:35:45.380Z,179045494538001
"-- starting hand #92 (id: zfcitiyx5nun)  No Limit Texas Hold'em (dealer: ""sack @ j5H1ebY2vH"") --",2026-09-26T20:35:45.380Z,179045494538000
"-- ending hand #91 --",2026-09-26T20:35:39.340Z,179045493934003
"""rowan @ GthBpPSqaK"" collected 1.40 from pot with Flush, A High (combination: 5♣, 7♣, 10♣, K♣, A♣)",2026-09-26T20:35:39.340Z,179045493934002
"""rowan @ GthBpPSqaK"" shows a 5♣, 3♦.",2026-09-26T20:35:39.340Z,179045493934001
"""sack @ j5H1ebY2vH"" shows a 10♦, 4♠.",2026-09-26T20:35:39.340Z,179045493934000
"""rowan @ GthBpPSqaK"" calls 0.20",2026-09-26T20:35:38.522Z,179045493852200
"""sack @ j5H1ebY2vH"" bets 0.20",2026-09-26T20:35:36.263Z,179045493626300
"River: K♣, 3♥, 10♣, 7♣ [A♣]",2026-09-26T20:35:32.835Z,179045493283500
"""rowan @ GthBpPSqaK"" checks",2026-09-26T20:35:32.021Z,179045493202100
"""sack @ j5H1ebY2vH"" checks",2026-09-26T20:35:31.138Z,179045493113800
"Turn: K♣, 3♥, 10♣ [7♣]",2026-09-26T20:35:28.652Z,179045492865200
"""Barbie's Men @ 1MAe7RP1K5"" folds",2026-09-26T20:35:27.798Z,179045492779800
"""sack @ j5H1ebY2vH"" calls 0.20",2026-09-26T20:35:15.944Z,179045491594400
"""rowan @ GthBpPSqaK"" bets 0.20",2026-09-26T20:35:14.838Z,179045491483800
"""Barbie's Men @ 1MAe7RP1K5"" checks",2026-09-26T20:35:13.491Z,179045491349100
"""sack @ j5H1ebY2vH"" checks",2026-09-26T20:35:12.619Z,179045491261900
"Flop:  [K♣, 3♥, 10♣]",2026-09-26T20:35:10.624Z,179045491062400
"""Barbie's Men @ 1MAe7RP1K5"" checks",2026-09-26T20:35:09.804Z,179045490980400
"""sack @ j5H1ebY2vH"" calls 0.20",2026-09-26T20:35:08.853Z,179045490885300
"""rowan @ GthBpPSqaK"" calls 0.20",2026-09-26T20:35:07.829Z,179045490782900
"""Barbie's Men @ 1MAe7RP1K5"" posts a big blind of 0.20",2026-09-26T20:35:06.522Z,179045490652206
"""sack @ j5H1ebY2vH"" posts a small blind of 0.10",2026-09-26T20:35:06.522Z,179045490652205
"Player stacks: #1 ""rowan @ GthBpPSqaK"" (102.51) | #9 ""sack @ j5H1ebY2vH"" (103.18) | #10 ""Barbie's Men @ 1MAe7RP1K5"" (14.31)",2026-09-26T20:35:06.522Z,179045490652201
"-- starting hand #91 (id: kgeum2rb1maj)  No Limit Texas Hold'em (dealer: ""rowan @ GthBpPSqaK"") --",2026-09-26T20:35:06.522Z,179045490652200
"-- ending hand #90 --",2026-09-26T20:35:00.463Z,179045490046304
"""Barbie's Men @ 1MAe7RP1K5"" collected 14.31 from pot with Two Pair, J's & 3's (combination: 10♠, 3♠, 3♦, J♣, J♦)",2026-09-26T20:35:00.463Z,179045490046303
"""Barbie's Men @ 1MAe7RP1K5"" shows a J♣, J♦.",2026-09-26T20:35:00.463Z,179045490046302
"""sack @ j5H1ebY2vH"" shows a K♦, 5♥.",2026-09-26T20:35:00.463Z,179045490046301
"""rowan @ GthBpPSqaK"" shows a 9♣, 4♥.",2026-09-26T20:35:00.463Z,179045490046300
"""sack @ j5H1ebY2vH"" checks",2026-09-26T20:34:59.603Z,179045489960300
"""rowan @ GthBpPSqaK"" checks",2026-09-26T20:34:57.548Z,179045489754800
"River: 3♠, 6♣, 10♠, 5♦ [3♦]",2026-09-26T20:34:56.982Z,179045489698200
"""sack @ j5H1ebY2vH"" checks",2026-09-26T20:34:56.090Z,179045489609000
"""rowan @ GthBpPSqaK"" checks",2026-09-26T20:34:55.158Z,179045489515800
"Turn: 3♠, 6♣, 10♠ [5♦]",2026-09-26T20:34:54.782Z,179045489478200
"""sack @ j5H1ebY2vH"" checks",2026-09-26T20:34:53.924Z,179045489392400
"""rowan @ GthBpPSqaK"" checks",2026-09-26T20:34:52.997Z,179045489299700
"Flop:  [3♠, 6♣, 10♠]",2026-09-26T20:34:51.672Z,179045489167200
"""sack @ j5H1ebY2vH"" calls 4.77",2026-09-26T20:34:50.867Z,179045489086700
"""rowan @ GthBpPSqaK"" calls 4.77",2026-09-26T20:34:49.850Z,179045488985000
"""Barbie's Men @ 1MAe7RP1K5"" raises to 4.77 and go all in",2026-09-26T20:34:48.779Z,179045488877900
"""sack @ j5H1ebY2vH"" calls 4.75",2026-09-26T20:34:46.581Z,179045488658100
"""rowan @ GthBpPSqaK"" raises to 4.75",2026-09-26T20:34:45.072Z,179045488507200
"""Barbie's Men @ 1MAe7RP1K5"" calls 0.20",2026-09-26T20:34:24.798Z,179045486479800
"""sack @ j5H1ebY2vH"" posts a big blind of 0.20",2026-09-26T20:34:23.383Z,179045486338306
"""rowan @ GthBpPSqaK"" posts a small blind of 0.10",2026-09-26T20:34:23.383Z,179045486338305
"Player stacks: #1 ""rowan @ GthBpPSqaK"" (107.28) | #9 ""sack @ j5H1ebY2vH"" (107.95) | #10 ""Barbie's Men @ 1MAe7RP1K5"" (4.77)",2026-09-26T20:34:23.383Z,179045486338301
"-- starting hand #90 (id: hvynbbve4kvu)  No Limit Texas Hold'em (dealer: ""Barbie's Men @ 1MAe7RP1K5"") --",2026-09-26T20:34:23.383Z,179045486338300
"-- ending hand #89 --",2026-09-26T20:34:17.451Z,179045485745101
"""Barbie's Men @ 1MAe7RP1K5"" collected 0.40 from pot",2026-09-26T20:34:17.451Z,179045485745100
"""rowan @ GthBpPSqaK"" folds",2026-09-26T20:34:16.617Z,179045485661700
"""Barbie's Men @ 1MAe7RP1K5"" checks",2026-09-26T20:34:00.972Z,179045484097200
"Flop:  [Q♣, 10♥, A♦]",2026-09-26T20:33:57.562Z,179045483756200
"""rowan @ GthBpPSqaK"" checks",2026-09-26T20:33:56.739Z,179045483673900
"""Barbie's Men @ 1MAe7RP1K5"" calls 0.20",2026-09-26T20:33:55.453Z,179045483545300
"""sack @ j5H1ebY2vH"" folds",2026-09-26T20:33:53.397Z,179045483339700
"""rowan @ GthBpPSqaK"" posts a big blind of 0.20",2026-09-26T20:33:38.956Z,179045481895606
"""Barbie's Men @ 1MAe7RP1K5"" posts a small blind of 0.10",2026-09-26T20:33:38.956Z,179045481895605
"Player stacks: #1 ""rowan @ GthBpPSqaK"" (107.48) | #9 ""sack @ j5H1ebY2vH"" (107.95) | #10 ""Barbie's Men @ 1MAe7RP1K5"" (4.57)",2026-09-26T20:33:38.956Z,179045481895601
"-- starting hand #89 (id: rwkuqdaiywyy)  No Limit Texas Hold'em (dealer: ""sack @ j5H1ebY2vH"") --",2026-09-26T20:33:38.956Z,179045481895600
"""Barbie's Men @ 1MAe7RP1K5"" shows a K♥, A♠.",2026-09-26T20:33:34.279Z,179045481427900
"""rowan @ GthBpPSqaK"" shows a 7♦, 6♥.",2026-09-26T20:33:31.937Z,179045481193700
"-- ending hand #88 --",2026-09-26T20:33:31.613Z,179045481161302
"""rowan @ GthBpPSqaK"" collected 19.80 from pot",2026-09-26T20:33:31.613Z,179045481161301
"Uncalled bet of 19.80 returned to ""rowan @ GthBpPSqaK""",2026-09-26T20:33:31.613Z,179045481161300
"""Barbie's Men @ 1MAe7RP1K5"" folds",2026-09-26T20:33:30.792Z,179045481079200
"""rowan @ GthBpPSqaK"" raises to 26.40",2026-09-26T20:33:08.518Z,179045478851800
"""Barbie's Men @ 1MAe7RP1K5"" bets 6.60",2026-09-26T20:32:52.879Z,179045477287900
"Turn: 10♦, K♣, 6♦ [6♣]",2026-09-26T20:32:49.648Z,179045476964800
"""rowan @ GthBpPSqaK"" calls 2.20",2026-09-26T20:32:48.770Z,179045476877000
"""Barbie's Men @ 1MAe7RP1K5"" bets 2.20",2026-09-26T20:32:47.337Z,179045476733700
"Flop:  [10♦, K♣, 6♦]",2026-09-26T20:32:44.434Z,179045476443400
"""sack @ j5H1ebY2vH"" folds",2026-09-26T20:32:43.565Z,179045476356500
"""rowan @ GthBpPSqaK"" calls 1.00",2026-09-26T20:32:42.638Z,179045476263800
"""Barbie's Men @ 1MAe7RP1K5"" raises to 1.00",2026-09-26T20:32:41.244Z,179045476124400
"""sack @ j5H1ebY2vH"" calls 0.20",2026-09-26T20:32:37.719Z,179045475771900
"""rowan @ GthBpPSqaK"" calls 0.20",2026-09-26T20:32:35.577Z,179045475557700
"""Barbie's Men @ 1MAe7RP1K5"" posts a big blind of 0.20",2026-09-26T20:32:34.424Z,179045475442406
"""sack @ j5H1ebY2vH"" posts a small blind of 0.10",2026-09-26T20:32:34.424Z,179045475442405
"Player stacks: #1 ""rowan @ GthBpPSqaK"" (97.48) | #9 ""sack @ j5H1ebY2vH"" (108.15) | #10 ""Barbie's Men @ 1MAe7RP1K5"" (14.37)",2026-09-26T20:32:34.424Z,179045475442401
"-- starting hand #88 (id: cymdv5ewpkrd)  No Limit Texas Hold'em (dealer: ""rowan @ GthBpPSqaK"") --",2026-09-26T20:32:34.424Z,179045475442400
"""Barbie's Men @ 1MAe7RP1K5"" shows a 6♣, J♣.",2026-09-26T20:32:30.757Z,179045475075700
"""rowan @ GthBpPSqaK"" shows a A♠.",2026-09-26T20:32:29.214Z,179045474921400
"""rowan @ GthBpPSqaK"" shows a K♥.",2026-09-26T20:32:28.605Z,179045474860500
"-- ending hand #87 --",2026-09-26T20:32:27.115Z,179045474711502
"""rowan @ GthBpPSqaK"" collected 3.00 from pot",2026-09-26T20:32:27.115Z,179045474711501
"Uncalled bet of 1.00 returned to ""rowan @ GthBpPSqaK""",2026-09-26T20:32:27.115Z,179045474711500
"""Barbie's Men @ 1MAe7RP1K5"" folds",2026-09-26T20:32:26.291Z,179045474629100
"""sack @ j5H1ebY2vH"" folds",2026-09-26T20:32:25.338Z,179045474533800
"""rowan @ GthBpPSqaK"" bets 1.00",2026-09-26T20:32:24.361Z,179045474436100
"Flop:  [3♣, 4♦, K♦]",2026-09-26T20:32:21.012Z,179045474101200
"""Barbie's Men @ 1MAe7RP1K5"" calls 1.00",2026-09-26T20:32:20.146Z,179045474014600
"""sack @ j5H1ebY2vH"" calls 1.00",2026-09-26T20:32:16.588Z,179045473658800
"""rowan @ GthBpPSqaK"" raises to 1.00",2026-09-26T20:32:13.454Z,179045473345400
"""Barbie's Men @ 1MAe7RP1K5"" calls 0.20",2026-09-26T20:32:10.787Z,179045473078700
"""sack @ j5H1ebY2vH"" posts a big blind of 0.20",2026-09-26T20:32:09.233Z,179045472923306
"""rowan @ GthBpPSqaK"" posts a small blind of 0.10",2026-09-26T20:32:09.233Z,179045472923305
"Player stacks: #1 ""rowan @ GthBpPSqaK"" (95.48) | #9 ""sack @ j5H1ebY2vH"" (109.15) | #10 ""Barbie's Men @ 1MAe7RP1K5"" (15.37)",2026-09-26T20:32:09.233Z,179045472923301
"-- starting hand #87 (id: 6ujw4qpzh1af)  No Limit Texas Hold'em (dealer: ""Barbie's Men @ 1MAe7RP1K5"") --",2026-09-26T20:32:09.233Z,179045472923300
"-- ending hand #86 --",2026-09-26T20:32:03.210Z,179045472321002
"""rowan @ GthBpPSqaK"" collected 0.50 from pot with K High (combination: 5♦, 7♣, 8♦, J♠, K♠)",2026-09-26T20:32:03.210Z,179045472321001
"""rowan @ GthBpPSqaK"" shows a K♠, 2♣.",2026-09-26T20:32:03.210Z,179045472321000
"""sack @ j5H1ebY2vH"" checks",2026-09-26T20:32:02.311Z,179045472231100
"""rowan @ GthBpPSqaK"" checks",2026-09-26T20:32:01.333Z,179045472133300
"River: J♠, 3♠, 8♦, 7♣ [5♦]",2026-09-26T20:32:00.981Z,179045472098100
"""sack @ j5H1ebY2vH"" checks",2026-09-26T20:32:00.161Z,179045472016100
"""rowan @ GthBpPSqaK"" checks",2026-09-26T20:31:59.201Z,179045471920100
"Turn: J♠, 3♠, 8♦ [7♣]",2026-09-26T20:31:58.826Z,179045471882600
"""sack @ j5H1ebY2vH"" checks",2026-09-26T20:31:58.010Z,179045471801000
"""rowan @ GthBpPSqaK"" checks",2026-09-26T20:31:56.939Z,179045471693900
"Flop:  [J♠, 3♠, 8♦]",2026-09-26T20:31:56.224Z,179045471622400
"""rowan @ GthBpPSqaK"" checks",2026-09-26T20:31:55.415Z,179045471541500
"""Barbie's Men @ 1MAe7RP1K5"" folds",2026-09-26T20:31:54.414Z,179045471441400
"""sack @ j5H1ebY2vH"" calls 0.20",2026-09-26T20:31:50.582Z,179045471058200
"""rowan @ GthBpPSqaK"" posts a big blind of 0.20",2026-09-26T20:31:48.381Z,179045470838106
"""Barbie's Men @ 1MAe7RP1K5"" posts a small blind of 0.10",2026-09-26T20:31:48.381Z,179045470838105
"Player stacks: #1 ""rowan @ GthBpPSqaK"" (95.18) | #9 ""sack @ j5H1ebY2vH"" (109.35) | #10 ""Barbie's Men @ 1MAe7RP1K5"" (15.47)",2026-09-26T20:31:48.381Z,179045470838101
"-- starting hand #86 (id: vssorga6lffb)  No Limit Texas Hold'em (dealer: ""sack @ j5H1ebY2vH"") --",2026-09-26T20:31:48.381Z,179045470838100
"""sack @ j5H1ebY2vH"" shows a A♣.",2026-09-26T20:31:43.056Z,179045470305600
"""Barbie's Men @ 1MAe7RP1K5"" shows a Q♣.",2026-09-26T20:31:42.596Z,179045470259600
"""rowan @ GthBpPSqaK"" shows a J♣.",2026-09-26T20:31:42.203Z,179045470220300
"-- ending hand #85 --",2026-09-26T20:31:40.373Z,179045470037302
"""Barbie's Men @ 1MAe7RP1K5"" collected 4.50 from pot",2026-09-26T20:31:40.373Z,179045470037301
"Uncalled bet of 4.50 returned to ""Barbie's Men @ 1MAe7RP1K5""",2026-09-26T20:31:40.373Z,179045470037300
"""sack @ j5H1ebY2vH"" folds",2026-09-26T20:31:39.565Z,179045469956500
"""rowan @ GthBpPSqaK"" folds",2026-09-26T20:31:38.618Z,179045469861800
"""Barbie's Men @ 1MAe7RP1K5"" raises to 5.40",2026-09-26T20:31:37.494Z,179045469749400
"""sack @ j5H1ebY2vH"" calls 0.90",2026-09-26T20:31:34.916Z,179045469491600
"""rowan @ GthBpPSqaK"" bets 0.90",2026-09-26T20:31:33.034Z,179045469303400
"""Barbie's Men @ 1MAe7RP1K5"" checks",2026-09-26T20:31:30.242Z,179045469024200
"""sack @ j5H1ebY2vH"" checks",2026-09-26T20:31:29.234Z,179045468923400
"Turn: Q♦, 10♥, K♣ [K♦]",2026-09-26T20:31:27.543Z,179045468754300
"""rowan @ GthBpPSqaK"" checks",2026-09-26T20:31:26.713Z,179045468671300
"""Barbie's Men @ 1MAe7RP1K5"" checks",2026-09-26T20:31:25.016Z,179045468501600
"""sack @ j5H1ebY2vH"" checks",2026-09-26T20:31:21.788Z,179045468178800
"Flop:  [Q♦, 10♥, K♣]",2026-09-26T20:31:19.683Z,179045467968300
"""Barbie's Men @ 1MAe7RP1K5"" calls 0.60",2026-09-26T20:31:18.844Z,179045467884400
"""sack @ j5H1ebY2vH"" calls 0.60",2026-09-26T20:31:17.046Z,179045467704600
"""rowan @ GthBpPSqaK"" raises to 0.60",2026-09-26T20:31:15.449Z,179045467544900
"""Barbie's Men @ 1MAe7RP1K5"" posts a big blind of 0.20",2026-09-26T20:31:12.814Z,179045467281406
"""sack @ j5H1ebY2vH"" posts a small blind of 0.10",2026-09-26T20:31:12.814Z,179045467281405
"Player stacks: #1 ""rowan @ GthBpPSqaK"" (96.68) | #9 ""sack @ j5H1ebY2vH"" (110.85) | #10 ""Barbie's Men @ 1MAe7RP1K5"" (12.47)",2026-09-26T20:31:12.814Z,179045467281401
"-- starting hand #85 (id: bycgdjrklhfp)  No Limit Texas Hold'em (dealer: ""rowan @ GthBpPSqaK"") --",2026-09-26T20:31:12.814Z,179045467281400
"""sack @ j5H1ebY2vH"" shows a 3♥, 7♣.",2026-09-26T20:31:07.992Z,179045466799200
"""Barbie's Men @ 1MAe7RP1K5"" shows a K♣.",2026-09-26T20:31:07.435Z,179045466743500
"""Barbie's Men @ 1MAe7RP1K5"" shows a A♥.",2026-09-26T20:31:07.316Z,179045466731600
"""rowan @ GthBpPSqaK"" shows a 8♦, 7♦.",2026-09-26T20:31:06.181Z,179045466618100
"-- ending hand #84 --",2026-09-26T20:31:04.809Z,179045466480902
"""Barbie's Men @ 1MAe7RP1K5"" collected 2.20 from pot",2026-09-26T20:31:04.809Z,179045466480901
"Uncalled bet of 2.20 returned to ""Barbie's Men @ 1MAe7RP1K5""",2026-09-26T20:31:04.809Z,179045466480900
"""rowan @ GthBpPSqaK"" folds",2026-09-26T20:31:03.990Z,179045466399000
"""Barbie's Men @ 1MAe7RP1K5"" bets 2.20",2026-09-26T20:31:03.032Z,179045466303200
"""rowan @ GthBpPSqaK"" checks",2026-09-26T20:30:59.845Z,179045465984500
"Flop:  [Q♥, A♣, 5♠]",2026-09-26T20:30:58.898Z,179045465889800
"""sack @ j5H1ebY2vH"" folds",2026-09-26T20:30:58.092Z,179045465809200
"""rowan @ GthBpPSqaK"" calls 1.00",2026-09-26T20:30:57.194Z,179045465719400
"""Barbie's Men @ 1MAe7RP1K5"" raises to 1.00",2026-09-26T20:30:56.006Z,179045465600600
"""sack @ j5H1ebY2vH"" posts a big blind of 0.20",2026-09-26T20:30:53.710Z,179045465371006
"""rowan @ GthBpPSqaK"" posts a small blind of 0.10",2026-09-26T20:30:53.710Z,179045465371005
"Player stacks: #1 ""rowan @ GthBpPSqaK"" (97.68) | #9 ""sack @ j5H1ebY2vH"" (111.05) | #10 ""Barbie's Men @ 1MAe7RP1K5"" (11.27)",2026-09-26T20:30:53.710Z,179045465371001
"-- starting hand #84 (id: vwxhfjxdppzv)  No Limit Texas Hold'em (dealer: ""Barbie's Men @ 1MAe7RP1K5"") --",2026-09-26T20:30:53.710Z,179045465371000
"""Barbie's Men @ 1MAe7RP1K5"" shows a Q♥.",2026-09-26T20:30:52.681Z,179045465268100
"""Barbie's Men @ 1MAe7RP1K5"" shows a 4♠.",2026-09-26T20:30:52.370Z,179045465237000
"-- ending hand #83 --",2026-09-26T20:30:47.105Z,179045464710502
"""rowan @ GthBpPSqaK"" collected 0.60 from pot",2026-09-26T20:30:47.105Z,179045464710501
"Uncalled bet of 0.45 returned to ""rowan @ GthBpPSqaK""",2026-09-26T20:30:47.105Z,179045464710500
"""Barbie's Men @ 1MAe7RP1K5"" folds",2026-09-26T20:30:46.297Z,179045464629700
"""sack @ j5H1ebY2vH"" folds",2026-09-26T20:30:44.945Z,179045464494500
"""rowan @ GthBpPSqaK"" bets 0.45",2026-09-26T20:30:43.334Z,179045464333400
"""Barbie's Men @ 1MAe7RP1K5"" checks",2026-09-26T20:30:40.628Z,179045464062800
"Flop:  [9♠, A♦, 8♦]",2026-09-26T20:30:13.078Z,179045461307800
"""rowan @ GthBpPSqaK"" checks",2026-09-26T20:30:12.243Z,179045461224300
"""Barbie's Men @ 1MAe7RP1K5"" calls 0.20",2026-09-26T20:30:11.112Z,179045461111200
"""sack @ j5H1ebY2vH"" calls 0.20",2026-09-26T20:29:58.631Z,179045459863100
"""rowan @ GthBpPSqaK"" posts a big blind of 0.20",2026-09-26T20:29:56.461Z,179045459646106
"""Barbie's Men @ 1MAe7RP1K5"" posts a small blind of 0.10",2026-09-26T20:29:56.461Z,179045459646105
"Player stacks: #1 ""rowan @ GthBpPSqaK"" (97.28) | #9 ""sack @ j5H1ebY2vH"" (111.25) | #10 ""Barbie's Men @ 1MAe7RP1K5"" (11.47)",2026-09-26T20:29:56.461Z,179045459646101
"-- starting hand #83 (id: a9mjtzcfq8m0)  No Limit Texas Hold'em (dealer: ""sack @ j5H1ebY2vH"") --",2026-09-26T20:29:56.461Z,179045459646100
"""rowan @ GthBpPSqaK"" shows a Q♣, 5♦.",2026-09-26T20:29:53.377Z,179045459337700
"-- ending hand #82 --",2026-09-26T20:29:49.950Z,179045458995003
"""Barbie's Men @ 1MAe7RP1K5"" collected 0.40 from pot with Pair, 4's (combination: 6♣, Q♦, A♠, 4♣, 4♥)",2026-09-26T20:29:49.950Z,179045458995002
"""Barbie's Men @ 1MAe7RP1K5"" shows a 2♥, Q♦.",2026-09-26T20:29:49.950Z,179045458995001
"""sack @ j5H1ebY2vH"" shows a 8♦, J♦.",2026-09-26T20:29:49.950Z,179045458995000
"""Barbie's Men @ 1MAe7RP1K5"" checks",2026-09-26T20:29:49.129Z,179045458912900
"""sack @ j5H1ebY2vH"" checks",2026-09-26T20:29:48.221Z,179045458822100
"River: 5♥, 4♣, A♠, 6♣ [4♥]",2026-09-26T20:29:46.949Z,179045458694900
"""Barbie's Men @ 1MAe7RP1K5"" checks",2026-09-26T20:29:46.135Z,179045458613500
"""sack @ j5H1ebY2vH"" checks",2026-09-26T20:29:39.021Z,179045457902100
"Turn: 5♥, 4♣, A♠ [6♣]",2026-09-26T20:29:38.654Z,179045457865400
"""Barbie's Men @ 1MAe7RP1K5"" checks",2026-09-26T20:29:37.808Z,179045457780800
"""sack @ j5H1ebY2vH"" checks",2026-09-26T20:29:36.887Z,179045457688700
"Flop:  [5♥, 4♣, A♠]",2026-09-26T20:29:34.942Z,179045457494200
"""Barbie's Men @ 1MAe7RP1K5"" checks",2026-09-26T20:29:34.118Z,179045457411800
"""sack @ j5H1ebY2vH"" calls 0.20",2026-09-26T20:29:33.187Z,179045457318700
"""rowan @ GthBpPSqaK"" folds",2026-09-26T20:29:30.591Z,179045457059100
"""Barbie's Men @ 1MAe7RP1K5"" posts a big blind of 0.20",2026-09-26T20:29:29.070Z,179045456907006
"""sack @ j5H1ebY2vH"" posts a small blind of 0.10",2026-09-26T20:29:29.070Z,179045456907005
"Player stacks: #1 ""rowan @ GthBpPSqaK"" (97.28) | #9 ""sack @ j5H1ebY2vH"" (111.45) | #10 ""Barbie's Men @ 1MAe7RP1K5"" (11.27)",2026-09-26T20:29:29.070Z,179045456907001
"-- starting hand #82 (id: umobybxpmzc4)  No Limit Texas Hold'em (dealer: ""rowan @ GthBpPSqaK"") --",2026-09-26T20:29:29.070Z,179045456907000
"""rowan @ GthBpPSqaK"" shows a Q♠, K♣.",2026-09-26T20:29:22.542Z,179045456254200
"-- ending hand #81 --",2026-09-26T20:29:20.544Z,179045456054402
"""Barbie's Men @ 1MAe7RP1K5"" collected 11.27 from pot with Two Pair, 7's & 2's on the second run  (combination: A♠, 2♦, 2♣, 7♦, 7♥)",2026-09-26T20:29:20.544Z,179045456054401
"""sack @ j5H1ebY2vH"" collected 11.27 from pot with Flush, J High (combination: 2♦, 4♦, 5♦, 9♦, J♦)",2026-09-26T20:29:20.544Z,179045456054400
"River (second run): 7♥, 5♦, 2♦, A♠ [2♣]",2026-09-26T20:29:16.541Z,179045455654100
"Turn (second run): 7♥, 5♦, 2♦ [A♠]",2026-09-26T20:29:12.466Z,179045455246600
"River: 7♥, 5♦, 2♦, 2♥ [9♦]",2026-09-26T20:29:08.456Z,179045454845600
"Turn: 7♥, 5♦, 2♦ [2♥]",2026-09-26T20:29:04.441Z,179045454444100
"""Barbie's Men @ 1MAe7RP1K5"" shows a 7♦, 10♦.",2026-09-26T20:29:00.421Z,179045454042101
"""sack @ j5H1ebY2vH"" shows a J♦, 4♦.",2026-09-26T20:29:00.421Z,179045454042100
"All players in hand choose to run it twice.",2026-09-26T20:28:59.591Z,179045453959101
"""sack @ j5H1ebY2vH"" chooses to  run it twice.",2026-09-26T20:28:59.591Z,179045453959100
"""Barbie's Men @ 1MAe7RP1K5"" chooses to  run it twice.",2026-09-26T20:28:59.155Z,179045453915500
"Remaining players decide whether to run it twice.",2026-09-26T20:28:58.253Z,179045453825301
"""sack @ j5H1ebY2vH"" calls 10.07",2026-09-26T20:28:58.253Z,179045453825300
"""rowan @ GthBpPSqaK"" folds",2026-09-26T20:28:56.713Z,179045453671300
"""Barbie's Men @ 1MAe7RP1K5"" raises to 10.07 and go all in",2026-09-26T20:28:55.629Z,179045453562900
"""sack @ j5H1ebY2vH"" bets 1.20",2026-09-26T20:28:52.528Z,179045453252800
"""rowan @ GthBpPSqaK"" checks",2026-09-26T20:28:46.669Z,179045452666900
"Flop:  [7♥, 5♦, 2♦]",2026-09-26T20:28:38.477Z,179045451847700
"""sack @ j5H1ebY2vH"" calls 0.80",2026-09-26T20:28:37.660Z,179045451766000
"""rowan @ GthBpPSqaK"" calls 0.80",2026-09-26T20:28:32.608Z,179045451260800
"""Barbie's Men @ 1MAe7RP1K5"" raises to 0.80",2026-09-26T20:28:30.196Z,179045451019600
"""sack @ j5H1ebY2vH"" posts a big blind of 0.20",2026-09-26T20:28:25.860Z,179045450586006
"""rowan @ GthBpPSqaK"" posts a small blind of 0.10",2026-09-26T20:28:25.860Z,179045450586005
"Player stacks: #1 ""rowan @ GthBpPSqaK"" (98.08) | #9 ""sack @ j5H1ebY2vH"" (111.05) | #10 ""Barbie's Men @ 1MAe7RP1K5"" (10.87)",2026-09-26T20:28:25.860Z,179045450586001
"-- starting hand #81 (id: wycbhqzbyxqh)  No Limit Texas Hold'em (dealer: ""Barbie's Men @ 1MAe7RP1K5"") --",2026-09-26T20:28:25.860Z,179045450586000
"-- ending hand #80 --",2026-09-26T20:28:19.904Z,179045449990402
"""sack @ j5H1ebY2vH"" collected 0.50 from pot",2026-09-26T20:28:19.904Z,179045449990401
"Uncalled bet of 1.30 returned to ""sack @ j5H1ebY2vH""",2026-09-26T20:28:19.904Z,179045449990400
"""rowan @ GthBpPSqaK"" folds",2026-09-26T20:28:19.101Z,179045449910100
"""Barbie's Men @ 1MAe7RP1K5"" folds",2026-09-26T20:28:18.211Z,179045449821100
"""sack @ j5H1ebY2vH"" raises to 1.50",2026-09-26T20:28:07.824Z,179045448782400
"""rowan @ GthBpPSqaK"" posts a big blind of 0.20",2026-09-26T20:28:03.633Z,179045448363306
"""Barbie's Men @ 1MAe7RP1K5"" posts a small blind of 0.10",2026-09-26T20:28:03.633Z,179045448363305
"Player stacks: #1 ""rowan @ GthBpPSqaK"" (98.28) | #9 ""sack @ j5H1ebY2vH"" (110.75) | #10 ""Barbie's Men @ 1MAe7RP1K5"" (10.97)",2026-09-26T20:28:03.633Z,179045448363301
"-- starting hand #80 (id: sewxqjlvx0hk)  No Limit Texas Hold'em (dealer: ""sack @ j5H1ebY2vH"") --",2026-09-26T20:28:03.633Z,179045448363300
"""sack @ j5H1ebY2vH"" shows a 7♠, K♣.",2026-09-26T20:28:01.393Z,179045448139300
"""Barbie's Men @ 1MAe7RP1K5"" shows a 4♥, 4♣.",2026-09-26T20:27:57.451Z,179045447745100
"""rowan @ GthBpPSqaK"" shows a 8♥.",2026-09-26T20:27:57.392Z,179045447739200
"-- ending hand #79 --",2026-09-26T20:27:55.558Z,179045447555802
"""Barbie's Men @ 1MAe7RP1K5"" collected 0.60 from pot",2026-09-26T20:27:55.558Z,179045447555801
"Uncalled bet of 1.05 returned to ""Barbie's Men @ 1MAe7RP1K5""",2026-09-26T20:27:55.558Z,179045447555800
"""sack @ j5H1ebY2vH"" folds",2026-09-26T20:27:54.725Z,179045447472500
"""rowan @ GthBpPSqaK"" folds",2026-09-26T20:27:51.984Z,179045447198400
"""Barbie's Men @ 1MAe7RP1K5"" bets 1.05",2026-09-26T20:27:51.115Z,179045447111500
"""sack @ j5H1ebY2vH"" checks",2026-09-26T20:27:45.839Z,179045446583900
"Flop:  [3♠, 6♣, 6♠]",2026-09-26T20:27:43.280Z,179045446328000
"""Barbie's Men @ 1MAe7RP1K5"" checks",2026-09-26T20:27:42.427Z,179045446242700
"""sack @ j5H1ebY2vH"" calls 0.20",2026-09-26T20:27:41.535Z,179045446153500
"""rowan @ GthBpPSqaK"" calls 0.20",2026-09-26T20:27:40.401Z,179045446040100
"""Barbie's Men @ 1MAe7RP1K5"" posts a big blind of 0.20",2026-09-26T20:27:38.378Z,179045445837806
"""sack @ j5H1ebY2vH"" posts a small blind of 0.10",2026-09-26T20:27:38.378Z,179045445837805
"Player stacks: #1 ""rowan @ GthBpPSqaK"" (98.48) | #9 ""sack @ j5H1ebY2vH"" (110.95) | #10 ""Barbie's Men @ 1MAe7RP1K5"" (10.57)",2026-09-26T20:27:38.378Z,179045445837801
"-- starting hand #79 (id: p8fbuizw2jl5)  No Limit Texas Hold'em (dealer: ""rowan @ GthBpPSqaK"") --",2026-09-26T20:27:38.378Z,179045445837800
"""rowan @ GthBpPSqaK"" shows a A♦, Q♣.",2026-09-26T20:27:34.823Z,179045445482300
"""Barbie's Men @ 1MAe7RP1K5"" shows a 9♦, 3♥.",2026-09-26T20:27:34.222Z,179045445422200
"""sack @ j5H1ebY2vH"" shows a 2♣, 7♠.",2026-09-26T20:27:33.811Z,179045445381100
"-- ending hand #78 --",2026-09-26T20:27:33.374Z,179045445337402
"""rowan @ GthBpPSqaK"" collected 20.00 from pot",2026-09-26T20:27:33.374Z,179045445337401
"Uncalled bet of 10.00 returned to ""rowan @ GthBpPSqaK""",2026-09-26T20:27:33.374Z,179045445337400
"""sack @ j5H1ebY2vH"" folds",2026-09-26T20:27:32.544Z,179045445254400
"""rowan @ GthBpPSqaK"" bets 10.00",2026-09-26T20:27:30.803Z,179045445080300
"River: 6♦, K♣, Q♥, 5♠ [2♠]",2026-09-26T20:27:28.656Z,179045444865600
"""sack @ j5H1ebY2vH"" checks",2026-09-26T20:27:27.771Z,179045444777100
"""rowan @ GthBpPSqaK"" checks",2026-09-26T20:27:26.391Z,179045444639100
"Turn: 6♦, K♣, Q♥ [5♠]",2026-09-26T20:27:25.254Z,179045444525400
"""rowan @ GthBpPSqaK"" calls 6.00",2026-09-26T20:27:24.380Z,179045444438000
"""sack @ j5H1ebY2vH"" bets 6.00",2026-09-26T20:27:22.806Z,179045444280600
"""rowan @ GthBpPSqaK"" checks",2026-09-26T20:27:16.492Z,179045443649200
"Flop:  [6♦, K♣, Q♥]",2026-09-26T20:27:14.889Z,179045443488900
"""rowan @ GthBpPSqaK"" calls 4.00",2026-09-26T20:27:14.084Z,179045443408400
"""sack @ j5H1ebY2vH"" raises to 4.00",2026-09-26T20:27:12.635Z,179045443263500
"""rowan @ GthBpPSqaK"" raises to 1.00",2026-09-26T20:27:06.054Z,179045442605400
"""Barbie's Men @ 1MAe7RP1K5"" folds",2026-09-26T20:26:56.870Z,179045441687000
"""sack @ j5H1ebY2vH"" posts a big blind of 0.20",2026-09-26T20:26:54.377Z,179045441437706
"""rowan @ GthBpPSqaK"" posts a small blind of 0.10",2026-09-26T20:26:54.377Z,179045441437705
"Player stacks: #1 ""rowan @ GthBpPSqaK"" (88.48) | #9 ""sack @ j5H1ebY2vH"" (120.95) | #10 ""Barbie's Men @ 1MAe7RP1K5"" (10.57)",2026-09-26T20:26:54.377Z,179045441437701
"-- starting hand #78 (id: rnmghhehc0xw)  No Limit Texas Hold'em (dealer: ""Barbie's Men @ 1MAe7RP1K5"") --",2026-09-26T20:26:54.377Z,179045441437700
"""sack @ j5H1ebY2vH"" shows a 6♦, 3♠.",2026-09-26T20:26:48.440Z,179045440844000
"-- ending hand #77 --",2026-09-26T20:26:47.774Z,179045440777402
"""rowan @ GthBpPSqaK"" collected 0.50 from pot",2026-09-26T20:26:47.774Z,179045440777401
"Uncalled bet of 1.00 returned to ""rowan @ GthBpPSqaK""",2026-09-26T20:26:47.774Z,179045440777400
"""sack @ j5H1ebY2vH"" folds",2026-09-26T20:26:46.968Z,179045440696800
"""rowan @ GthBpPSqaK"" raises to 1.20",2026-09-26T20:26:43.525Z,179045440352500
"""Barbie's Men @ 1MAe7RP1K5"" folds",2026-09-26T20:26:40.728Z,179045440072800
"""sack @ j5H1ebY2vH"" calls 0.20",2026-09-26T20:26:32.478Z,179045439247800
"""rowan @ GthBpPSqaK"" posts a big blind of 0.20",2026-09-26T20:26:28.460Z,179045438846007
"""Barbie's Men @ 1MAe7RP1K5"" posts a small blind of 0.10",2026-09-26T20:26:28.460Z,179045438846006
"Player stacks: #1 ""rowan @ GthBpPSqaK"" (88.18) | #9 ""sack @ j5H1ebY2vH"" (121.15) | #10 ""Barbie's Men @ 1MAe7RP1K5"" (10.67)",2026-09-26T20:26:28.460Z,179045438846002
"-- starting hand #77 (id: oocbyvycuqfn)  No Limit Texas Hold'em (dealer: ""sack @ j5H1ebY2vH"") --",2026-09-26T20:26:28.460Z,179045438846001
"The player ""dih @ GO72Iwd2XL"" quits the game with a stack of 0.00.",2026-09-26T20:26:28.460Z,179045438846000
"Asking to busted players the rebuy decision.",2026-09-26T20:26:27.067Z,179045438706700
"""sack @ j5H1ebY2vH"" shows a K♣.",2026-09-26T20:26:19.508Z,179045437950800
"-- ending hand #76 --",2026-09-26T20:26:18.545Z,179045437854502
"""rowan @ GthBpPSqaK"" collected 20.65 from pot with Pair, J's on the second run  (combination: 6♣, 9♣, 10♣, J♥, J♣)",2026-09-26T20:26:18.545Z,179045437854501
"""rowan @ GthBpPSqaK"" collected 20.65 from pot with Pair, J's (combination: 6♣, 9♣, 10♣, J♥, J♣)",2026-09-26T20:26:18.545Z,179045437854500
"River (second run): 9♣, 4♦, 6♣, 10♣ [5♦]",2026-09-26T20:26:14.494Z,179045437449400
"River: 9♣, 4♦, 6♣, 10♣ [5♥]",2026-09-26T20:26:10.488Z,179045437048800
"""dih @ GO72Iwd2XL"" shows a Q♣, 10♠.",2026-09-26T20:26:06.458Z,179045436645801
"""rowan @ GthBpPSqaK"" shows a J♥, J♣.",2026-09-26T20:26:06.458Z,179045436645800
"All players in hand choose to run it twice.",2026-09-26T20:26:05.626Z,179045436562601
"""dih @ GO72Iwd2XL"" chooses to  run it twice.",2026-09-26T20:26:05.626Z,179045436562600
"""rowan @ GthBpPSqaK"" chooses to  run it twice.",2026-09-26T20:26:03.119Z,179045436311900
"Remaining players decide whether to run it twice.",2026-09-26T20:26:02.591Z,179045436259101
"""rowan @ GthBpPSqaK"" calls 16.00",2026-09-26T20:26:02.591Z,179045436259100
"""dih @ GO72Iwd2XL"" raises to 16.00 and go all in",2026-09-26T20:25:51.957Z,179045435195700
"""rowan @ GthBpPSqaK"" bets 4.65",2026-09-26T20:25:48.993Z,179045434899300
"Turn: 9♣, 4♦, 6♣ [10♣]",2026-09-26T20:25:44.960Z,179045434496000
"""Barbie's Men @ 1MAe7RP1K5"" folds",2026-09-26T20:25:44.151Z,179045434415100
"""dih @ GO72Iwd2XL"" calls 3.10",2026-09-26T20:25:38.922Z,179045433892200
"""rowan @ GthBpPSqaK"" bets 3.10",2026-09-26T20:25:37.309Z,179045433730900
"""Barbie's Men @ 1MAe7RP1K5"" checks",2026-09-26T20:25:35.110Z,179045433511000
"Flop:  [9♣, 4♦, 6♣]",2026-09-26T20:25:30.351Z,179045433035100
"""Barbie's Men @ 1MAe7RP1K5"" calls 1.00",2026-09-26T20:25:29.489Z,179045432948900
"""sack @ j5H1ebY2vH"" folds",2026-09-26T20:25:28.465Z,179045432846500
"""dih @ GO72Iwd2XL"" calls 1.00",2026-09-26T20:25:27.478Z,179045432747800
"""rowan @ GthBpPSqaK"" raises to 1.00",2026-09-26T20:25:26.403Z,179045432640300
"""Barbie's Men @ 1MAe7RP1K5"" posts a big blind of 0.20",2026-09-26T20:25:23.773Z,179045432377307
"""sack @ j5H1ebY2vH"" posts a small blind of 0.10",2026-09-26T20:25:23.773Z,179045432377306
"Player stacks: #1 ""rowan @ GthBpPSqaK"" (66.98) | #2 ""dih @ GO72Iwd2XL"" (20.10) | #9 ""sack @ j5H1ebY2vH"" (121.25) | #10 ""Barbie's Men @ 1MAe7RP1K5"" (11.67)",2026-09-26T20:25:23.773Z,179045432377301
"-- starting hand #76 (id: wpm8oxz6ny9n)  No Limit Texas Hold'em (dealer: ""dih @ GO72Iwd2XL"") --",2026-09-26T20:25:23.773Z,179045432377300
"""rowan @ GthBpPSqaK"" shows a 8♣, 8♦.",2026-09-26T20:25:17.655Z,179045431765500
"-- ending hand #75 --",2026-09-26T20:25:17.158Z,179045431715802
"""rowan @ GthBpPSqaK"" collected 4.40 from pot",2026-09-26T20:25:17.158Z,179045431715801
"Uncalled bet of 4.40 returned to ""rowan @ GthBpPSqaK""",2026-09-26T20:25:17.158Z,179045431715800
"""Barbie's Men @ 1MAe7RP1K5"" folds",2026-09-26T20:25:16.349Z,179045431634900
"""sack @ j5H1ebY2vH"" folds",2026-09-26T20:25:14.846Z,179045431484600
"""dih @ GO72Iwd2XL"" folds",2026-09-26T20:25:13.424Z,179045431342400
"""rowan @ GthBpPSqaK"" bets 4.40",2026-09-26T20:25:12.079Z,179045431207900
"""Barbie's Men @ 1MAe7RP1K5"" checks",2026-09-26T20:25:09.603Z,179045430960300
"""sack @ j5H1ebY2vH"" checks",2026-09-26T20:25:08.719Z,179045430871900
"""dih @ GO72Iwd2XL"" checks",2026-09-26T20:25:06.806Z,179045430680600
"Flop:  [K♥, 10♥, 8♥]",2026-09-26T20:25:04.599Z,179045430459900
"""Barbie's Men @ 1MAe7RP1K5"" calls 1.10",2026-09-26T20:25:03.770Z,179045430377000
"""sack @ j5H1ebY2vH"" calls 1.10",2026-09-26T20:24:54.243Z,179045429424300
"""dih @ GO72Iwd2XL"" calls 1.10",2026-09-26T20:24:50.938Z,179045429093800
"""rowan @ GthBpPSqaK"" raises to 1.10",2026-09-26T20:24:50.036Z,179045429003600
"""Barbie's Men @ 1MAe7RP1K5"" calls 0.20",2026-09-26T20:24:47.194Z,179045428719400
"""sack @ j5H1ebY2vH"" posts a big blind of 0.20",2026-09-26T20:24:41.977Z,179045428197707
"""dih @ GO72Iwd2XL"" posts a small blind of 0.10",2026-09-26T20:24:41.977Z,179045428197706
"Player stacks: #1 ""rowan @ GthBpPSqaK"" (63.68) | #2 ""dih @ GO72Iwd2XL"" (21.20) | #9 ""sack @ j5H1ebY2vH"" (122.35) | #10 ""Barbie's Men @ 1MAe7RP1K5"" (12.77)",2026-09-26T20:24:41.977Z,179045428197701
"-- starting hand #75 (id: 9vnlzuwvpei9)  No Limit Texas Hold'em (dealer: ""rowan @ GthBpPSqaK"") --",2026-09-26T20:24:41.977Z,179045428197700
"-- ending hand #74 --",2026-09-26T20:24:36.055Z,179045427605502
"""dih @ GO72Iwd2XL"" collected 2.20 from pot",2026-09-26T20:24:36.055Z,179045427605501
"Uncalled bet of 2.00 returned to ""dih @ GO72Iwd2XL""",2026-09-26T20:24:36.055Z,179045427605500
"""rowan @ GthBpPSqaK"" folds",2026-09-26T20:24:35.232Z,179045427523200
"""dih @ GO72Iwd2XL"" bets 2.00",2026-09-26T20:24:33.686Z,179045427368600
"""rowan @ GthBpPSqaK"" checks",2026-09-26T20:24:30.811Z,179045427081100
"Flop:  [7♠, 6♠, 7♣]",2026-09-26T20:24:29.852Z,179045426985200
"""rowan @ GthBpPSqaK"" calls 1.00",2026-09-26T20:24:29.018Z,179045426901800
"""Barbie's Men @ 1MAe7RP1K5"" folds",2026-09-26T20:24:28.169Z,179045426816900
"""dih @ GO72Iwd2XL"" raises to 1.00",2026-09-26T20:24:02.638Z,179045424263800
"""rowan @ GthBpPSqaK"" calls 0.20",2026-09-26T20:23:57.694Z,179045423769400
"""Barbie's Men @ 1MAe7RP1K5"" calls 0.20",2026-09-26T20:23:56.127Z,179045423612700
"""sack @ j5H1ebY2vH"" folds",2026-09-26T20:23:49.218Z,179045422921800
"""dih @ GO72Iwd2XL"" posts a big blind of 0.20",2026-09-26T20:23:44.970Z,179045422497008
"""rowan @ GthBpPSqaK"" posts a small blind of 0.10",2026-09-26T20:23:44.970Z,179045422497007
"Player stacks: #1 ""rowan @ GthBpPSqaK"" (64.68) | #2 ""dih @ GO72Iwd2XL"" (20.00) | #9 ""sack @ j5H1ebY2vH"" (122.35) | #10 ""Barbie's Men @ 1MAe7RP1K5"" (12.97)",2026-09-26T20:23:44.970Z,179045422497002
"-- starting hand #74 (id: j4vyya9dq4tk)  No Limit Texas Hold'em (dealer: ""Barbie's Men @ 1MAe7RP1K5"") --",2026-09-26T20:23:44.970Z,179045422497001
"The player ""dih @ GO72Iwd2XL"" rebought. New stack 20.00.",2026-09-26T20:23:44.970Z,179045422497000
"Waiting for the game owner to approve or reject pending rebuy requests.",2026-09-26T20:23:44.150Z,179045422415001
"The player ""dih @ GO72Iwd2XL"" requested a rebuy of 20.00.",2026-09-26T20:23:44.150Z,179045422415000
"Asking to busted players the rebuy decision.",2026-09-26T20:23:42.275Z,179045422227500
"-- ending hand #73 --",2026-09-26T20:23:36.244Z,179045421624403
"""sack @ j5H1ebY2vH"" collected 38.90 from pot with Two Pair, 9's & 7's (combination: 4♠, 7♥, 7♦, 9♥, 9♠)",2026-09-26T20:23:36.244Z,179045421624402
"""sack @ j5H1ebY2vH"" shows a 9♥, 7♥.",2026-09-26T20:23:36.244Z,179045421624401
"""dih @ GO72Iwd2XL"" shows a K♠, 9♦.",2026-09-26T20:23:36.244Z,179045421624400
"""sack @ j5H1ebY2vH"" calls 13.00",2026-09-26T20:23:35.416Z,179045421541600
"""dih @ GO72Iwd2XL"" bets 13.00 and go all in",2026-09-26T20:23:34.514Z,179045421451400
"River: 9♠, 2♥, 4♠, 3♣ [7♦]",2026-09-26T20:23:31.840Z,179045421184000
"""sack @ j5H1ebY2vH"" calls 3.35",2026-09-26T20:23:30.986Z,179045421098600
"""dih @ GO72Iwd2XL"" bets 3.35",2026-09-26T20:23:29.710Z,179045420971000
"Turn: 9♠, 2♥, 4♠ [3♣]",2026-09-26T20:23:26.036Z,179045420603600
"""rowan @ GthBpPSqaK"" folds",2026-09-26T20:23:25.230Z,179045420523000
"""sack @ j5H1ebY2vH"" calls 1.85",2026-09-26T20:23:24.344Z,179045420434400
"""dih @ GO72Iwd2XL"" bets 1.85",2026-09-26T20:23:23.346Z,179045420334600
"""rowan @ GthBpPSqaK"" checks",2026-09-26T20:23:17.732Z,179045419773200
"Flop:  [9♠, 2♥, 4♠]",2026-09-26T20:23:16.917Z,179045419691700
"""rowan @ GthBpPSqaK"" calls 0.80",2026-09-26T20:23:16.110Z,179045419611000
"""Barbie's Men @ 1MAe7RP1K5"" folds",2026-09-26T20:23:15.251Z,179045419525100
"""sack @ j5H1ebY2vH"" calls 0.80",2026-09-26T20:23:14.289Z,179045419428900
"""dih @ GO72Iwd2XL"" raises to 0.80",2026-09-26T20:23:12.021Z,179045419202100
"""rowan @ GthBpPSqaK"" posts a big blind of 0.20",2026-09-26T20:23:08.592Z,179045418859207
"""Barbie's Men @ 1MAe7RP1K5"" posts a small blind of 0.10",2026-09-26T20:23:08.592Z,179045418859206
"Player stacks: #1 ""rowan @ GthBpPSqaK"" (65.48) | #2 ""dih @ GO72Iwd2XL"" (19.00) | #9 ""sack @ j5H1ebY2vH"" (102.45) | #10 ""Barbie's Men @ 1MAe7RP1K5"" (13.07)",2026-09-26T20:23:08.592Z,179045418859201
"-- starting hand #73 (id: 8xvp4ig5nge1)  No Limit Texas Hold'em (dealer: ""sack @ j5H1ebY2vH"") --",2026-09-26T20:23:08.592Z,179045418859200
"""sack @ j5H1ebY2vH"" shows a Q♥.",2026-09-26T20:23:02.172Z,179045418217200
"""rowan @ GthBpPSqaK"" shows a 10♦.",2026-09-26T20:23:01.927Z,179045418192700
"-- ending hand #72 --",2026-09-26T20:23:01.272Z,179045418127202
"""sack @ j5H1ebY2vH"" collected 4.00 from pot",2026-09-26T20:23:01.272Z,179045418127201
"Uncalled bet of 4.00 returned to ""sack @ j5H1ebY2vH""",2026-09-26T20:23:01.272Z,179045418127200
"""dih @ GO72Iwd2XL"" folds",2026-09-26T20:23:00.460Z,179045418046000
"""rowan @ GthBpPSqaK"" folds",2026-09-26T20:22:59.589Z,179045417958900
"""Barbie's Men @ 1MAe7RP1K5"" folds",2026-09-26T20:22:50.912Z,179045417091200
"""sack @ j5H1ebY2vH"" bets 4.00",2026-09-26T20:22:50.044Z,179045417004400
"Flop:  [10♠, 7♣, Q♦]",2026-09-26T20:22:45.958Z,179045416595800
"""rowan @ GthBpPSqaK"" calls 1.00",2026-09-26T20:22:45.088Z,179045416508800
"""Barbie's Men @ 1MAe7RP1K5"" calls 1.00",2026-09-26T20:22:44.227Z,179045416422700
"""sack @ j5H1ebY2vH"" calls 1.00",2026-09-26T20:22:37.880Z,179045415788000
"""dih @ GO72Iwd2XL"" raises to 1.00",2026-09-26T20:22:33.228Z,179045415322800
"""rowan @ GthBpPSqaK"" calls 0.20",2026-09-26T20:22:28.542Z,179045414854200
"""Barbie's Men @ 1MAe7RP1K5"" posts a big blind of 0.20",2026-09-26T20:22:18.511Z,179045413851107
"""sack @ j5H1ebY2vH"" posts a small blind of 0.10",2026-09-26T20:22:18.511Z,179045413851106
"Player stacks: #1 ""rowan @ GthBpPSqaK"" (66.48) | #2 ""dih @ GO72Iwd2XL"" (20.00) | #9 ""sack @ j5H1ebY2vH"" (99.45) | #10 ""Barbie's Men @ 1MAe7RP1K5"" (14.07)",2026-09-26T20:22:18.511Z,179045413851101
"-- starting hand #72 (id: 4s3zbch1oow9)  No Limit Texas Hold'em (dealer: ""dih @ GO72Iwd2XL"") --",2026-09-26T20:22:18.511Z,179045413851100
"""rowan @ GthBpPSqaK"" shows a 10♥, A♣.",2026-09-26T20:22:12.303Z,179045413230300
"-- ending hand #71 --",2026-09-26T20:22:11.898Z,179045413189802
"""rowan @ GthBpPSqaK"" collected 13.60 from pot",2026-09-26T20:22:11.898Z,179045413189801
"Uncalled bet of 6.80 returned to ""rowan @ GthBpPSqaK""",2026-09-26T20:22:11.898Z,179045413189800
"""dih @ GO72Iwd2XL"" folds",2026-09-26T20:22:11.077Z,179045413107700
"""rowan @ GthBpPSqaK"" bets 6.80",2026-09-26T20:22:03.467Z,179045412346700
"""dih @ GO72Iwd2XL"" checks",2026-09-26T20:22:00.608Z,179045412060800
"Turn: 3♥, 7♥, J♦ [8♥]",2026-09-26T20:21:54.836Z,179045411483600
"""rowan @ GthBpPSqaK"" calls 3.80",2026-09-26T20:21:54.018Z,179045411401800
"""sack @ j5H1ebY2vH"" folds",2026-09-26T20:21:53.084Z,179045411308400
"""dih @ GO72Iwd2XL"" bets 3.80",2026-09-26T20:21:51.795Z,179045411179500
"Flop:  [3♥, 7♥, J♦]",2026-09-26T20:21:48.345Z,179045410834500
"""rowan @ GthBpPSqaK"" calls 2.00",2026-09-26T20:21:47.520Z,179045410752000
"""sack @ j5H1ebY2vH"" calls 2.00",2026-09-26T20:21:46.670Z,179045410667000
"""dih @ GO72Iwd2XL"" raises to 2.00",2026-09-26T20:21:45.079Z,179045410507900
"""rowan @ GthBpPSqaK"" raises to 0.80",2026-09-26T20:21:41.997Z,179045410199700
"""Barbie's Men @ 1MAe7RP1K5"" folds",2026-09-26T20:21:39.861Z,179045409986100
"""sack @ j5H1ebY2vH"" posts a big blind of 0.20",2026-09-26T20:21:37.205Z,179045409720507
"""dih @ GO72Iwd2XL"" posts a small blind of 0.10",2026-09-26T20:21:37.205Z,179045409720506
"Player stacks: #1 ""rowan @ GthBpPSqaK"" (58.68) | #2 ""dih @ GO72Iwd2XL"" (25.80) | #9 ""sack @ j5H1ebY2vH"" (101.45) | #10 ""Barbie's Men @ 1MAe7RP1K5"" (14.07)",2026-09-26T20:21:37.205Z,179045409720501
"-- starting hand #71 (id: bqml2lvk2fnt)  No Limit Texas Hold'em (dealer: ""rowan @ GthBpPSqaK"") --",2026-09-26T20:21:37.205Z,179045409720500
"""Barbie's Men @ 1MAe7RP1K5"" shows a Q♠.",2026-09-26T20:21:34.288Z,179045409428800
"""Barbie's Men @ 1MAe7RP1K5"" shows a K♣.",2026-09-26T20:21:33.201Z,179045409320100
"""dih @ GO72Iwd2XL"" shows a 9♣, K♠.",2026-09-26T20:21:32.791Z,179045409279100
"""rowan @ GthBpPSqaK"" shows a 2♦, 7♦.",2026-09-26T20:21:30.443Z,179045409044300
"-- ending hand #70 --",2026-09-26T20:21:29.696Z,179045408969602
"""sack @ j5H1ebY2vH"" collected 6.70 from pot with Pair, 10's (combination: 7♥, 8♥, A♣, 10♥, 10♠)",2026-09-26T20:21:29.696Z,179045408969601
"""sack @ j5H1ebY2vH"" shows a 8♥, A♣.",2026-09-26T20:21:29.696Z,179045408969600
"""dih @ GO72Iwd2XL"" calls 0.20",2026-09-26T20:21:28.891Z,179045408889100
"""Barbie's Men @ 1MAe7RP1K5"" calls 0.20",2026-09-26T20:21:27.681Z,179045408768100
"""sack @ j5H1ebY2vH"" bets 0.20",2026-09-26T20:21:25.134Z,179045408513400
"""dih @ GO72Iwd2XL"" checks",2026-09-26T20:21:22.863Z,179045408286300
"River: 10♥, 7♥, 2♣, 6♦ [10♠]",2026-09-26T20:21:21.188Z,179045408118800
"""Barbie's Men @ 1MAe7RP1K5"" checks",2026-09-26T20:21:20.382Z,179045408038200
"""sack @ j5H1ebY2vH"" checks",2026-09-26T20:21:18.915Z,179045407891500
"""dih @ GO72Iwd2XL"" checks",2026-09-26T20:21:18.022Z,179045407802200
"Turn: 10♥, 7♥, 2♣ [6♦]",2026-09-26T20:21:15.790Z,179045407579000
"""Barbie's Men @ 1MAe7RP1K5"" checks",2026-09-26T20:21:14.988Z,179045407498800
"""sack @ j5H1ebY2vH"" checks",2026-09-26T20:21:14.102Z,179045407410200
"""dih @ GO72Iwd2XL"" checks",2026-09-26T20:21:12.432Z,179045407243200
"Flop:  [10♥, 7♥, 2♣]",2026-09-26T20:21:10.741Z,179045407074100
"""sack @ j5H1ebY2vH"" calls 2.00",2026-09-26T20:21:09.921Z,179045406992100
"""dih @ GO72Iwd2XL"" calls 2.00",2026-09-26T20:21:09.001Z,179045406900100
"""rowan @ GthBpPSqaK"" folds",2026-09-26T20:21:08.039Z,179045406803900
"""Barbie's Men @ 1MAe7RP1K5"" raises to 2.00",2026-09-26T20:21:06.971Z,179045406697100
"""sack @ j5H1ebY2vH"" raises to 0.70",2026-09-26T20:21:02.305Z,179045406230500
"""dih @ GO72Iwd2XL"" posts a big blind of 0.20",2026-09-26T20:20:58.670Z,179045405867007
"""rowan @ GthBpPSqaK"" posts a small blind of 0.10",2026-09-26T20:20:58.670Z,179045405867006
"Player stacks: #1 ""rowan @ GthBpPSqaK"" (58.78) | #2 ""dih @ GO72Iwd2XL"" (28.00) | #9 ""sack @ j5H1ebY2vH"" (96.95) | #10 ""Barbie's Men @ 1MAe7RP1K5"" (16.27)",2026-09-26T20:20:58.670Z,179045405867001
"-- starting hand #70 (id: q7rxrzzkzfm3)  No Limit Texas Hold'em (dealer: ""Barbie's Men @ 1MAe7RP1K5"") --",2026-09-26T20:20:58.670Z,179045405867000
"""rowan @ GthBpPSqaK"" shows a J♠, K♣.",2026-09-26T20:20:52.993Z,179045405299300
"""dih @ GO72Iwd2XL"" shows a 9♠, 7♣.",2026-09-26T20:20:52.656Z,179045405265600
"-- ending hand #69 --",2026-09-26T20:20:51.353Z,179045405135302
"""rowan @ GthBpPSqaK"" collected 2.60 from pot",2026-09-26T20:20:51.353Z,179045405135301
"Uncalled bet of 1.30 returned to ""rowan @ GthBpPSqaK""",2026-09-26T20:20:51.353Z,179045405135300
"""sack @ j5H1ebY2vH"" folds",2026-09-26T20:20:50.540Z,179045405054000
"""rowan @ GthBpPSqaK"" bets 1.30",2026-09-26T20:20:49.521Z,179045404952100
"Flop:  [J♦, 7♥, 9♣]",2026-09-26T20:20:46.715Z,179045404671500
"""Barbie's Men @ 1MAe7RP1K5"" folds",2026-09-26T20:20:45.895Z,179045404589500
"""sack @ j5H1ebY2vH"" calls 1.20",2026-09-26T20:20:35.463Z,179045403546300
"""rowan @ GthBpPSqaK"" raises to 1.20",2026-09-26T20:20:33.896Z,179045403389600
"""Barbie's Men @ 1MAe7RP1K5"" calls 0.20",2026-09-26T20:20:30.962Z,179045403096200
"""sack @ j5H1ebY2vH"" calls 0.20",2026-09-26T20:20:30.075Z,179045403007500
"""dih @ GO72Iwd2XL"" folds",2026-09-26T20:20:27.610Z,179045402761000
"""rowan @ GthBpPSqaK"" posts a big blind of 0.20",2026-09-26T20:20:25.994Z,179045402599407
"""Barbie's Men @ 1MAe7RP1K5"" posts a small blind of 0.10",2026-09-26T20:20:25.994Z,179045402599406
"Player stacks: #1 ""rowan @ GthBpPSqaK"" (57.38) | #2 ""dih @ GO72Iwd2XL"" (28.00) | #9 ""sack @ j5H1ebY2vH"" (98.15) | #10 ""Barbie's Men @ 1MAe7RP1K5"" (16.47)",2026-09-26T20:20:25.994Z,179045402599401
"-- starting hand #69 (id: pg1jdwqlitjw)  No Limit Texas Hold'em (dealer: ""sack @ j5H1ebY2vH"") --",2026-09-26T20:20:25.994Z,179045402599400
"""dih @ GO72Iwd2XL"" shows a 9♥.",2026-09-26T20:20:24.360Z,179045402436000
"""sack @ j5H1ebY2vH"" shows a A♠.",2026-09-26T20:20:22.245Z,179045402224500
"""rowan @ GthBpPSqaK"" shows a Q♣, 6♣.",2026-09-26T20:20:18.405Z,179045401840500
"-- ending hand #68 --",2026-09-26T20:20:17.986Z,179045401798602
"""sack @ j5H1ebY2vH"" collected 2.00 from pot",2026-09-26T20:20:17.986Z,179045401798601
"Uncalled bet of 2.00 returned to ""sack @ j5H1ebY2vH""",2026-09-26T20:20:17.986Z,179045401798600
"""dih @ GO72Iwd2XL"" folds",2026-09-26T20:20:17.113Z,179045401711300
"""rowan @ GthBpPSqaK"" folds",2026-09-26T20:20:16.266Z,179045401626600
"""sack @ j5H1ebY2vH"" bets 2.00",2026-09-26T20:20:15.401Z,179045401540100
"Flop:  [7♠, 2♠, 8♠]",2026-09-26T20:20:11.389Z,179045401138900
"""Barbie's Men @ 1MAe7RP1K5"" folds",2026-09-26T20:20:10.544Z,179045401054400
"""sack @ j5H1ebY2vH"" calls 0.60",2026-09-26T20:20:01.535Z,179045400153500
"""dih @ GO72Iwd2XL"" calls 0.60",2026-09-26T20:20:00.401Z,179045400040100
"""rowan @ GthBpPSqaK"" raises to 0.60",2026-09-26T20:19:58.818Z,179045399881800
"""Barbie's Men @ 1MAe7RP1K5"" posts a big blind of 0.20",2026-09-26T20:19:55.895Z,179045399589507
"""sack @ j5H1ebY2vH"" posts a small blind of 0.10",2026-09-26T20:19:55.895Z,179045399589506
"Player stacks: #1 ""rowan @ GthBpPSqaK"" (57.98) | #2 ""dih @ GO72Iwd2XL"" (28.60) | #9 ""sack @ j5H1ebY2vH"" (96.75) | #10 ""Barbie's Men @ 1MAe7RP1K5"" (16.67)",2026-09-26T20:19:55.895Z,179045399589501
"-- starting hand #68 (id: 5wx7x6egrvcj)  No Limit Texas Hold'em (dealer: ""dih @ GO72Iwd2XL"") --",2026-09-26T20:19:55.895Z,179045399589500
"-- ending hand #67 --",2026-09-26T20:19:49.924Z,179045398992402
"""dih @ GO72Iwd2XL"" collected 3.00 from pot",2026-09-26T20:19:49.924Z,179045398992401
"Uncalled bet of 3.00 returned to ""dih @ GO72Iwd2XL""",2026-09-26T20:19:49.924Z,179045398992400
"""Barbie's Men @ 1MAe7RP1K5"" folds",2026-09-26T20:19:49.104Z,179045398910400
"""dih @ GO72Iwd2XL"" bets 3.00",2026-09-26T20:19:47.412Z,179045398741200
"Turn: 9♣, 5♠, 2♦ [5♣]",2026-09-26T20:19:45.597Z,179045398559700
"""Barbie's Men @ 1MAe7RP1K5"" checks",2026-09-26T20:19:44.784Z,179045398478400
"""dih @ GO72Iwd2XL"" checks",2026-09-26T20:19:43.828Z,179045398382800
"Flop:  [9♣, 5♠, 2♦]",2026-09-26T20:19:41.921Z,179045398192100
"""sack @ j5H1ebY2vH"" folds",2026-09-26T20:19:41.106Z,179045398110600
"""dih @ GO72Iwd2XL"" calls 1.40",2026-09-26T20:19:38.822Z,179045397882200
"""rowan @ GthBpPSqaK"" folds",2026-09-26T20:19:37.822Z,179045397782200
"""Barbie's Men @ 1MAe7RP1K5"" raises to 1.40",2026-09-26T20:19:36.951Z,179045397695100
"""sack @ j5H1ebY2vH"" posts a big blind of 0.20",2026-09-26T20:19:33.369Z,179045397336907
"""dih @ GO72Iwd2XL"" posts a small blind of 0.10",2026-09-26T20:19:33.369Z,179045397336906
"Player stacks: #1 ""rowan @ GthBpPSqaK"" (57.98) | #2 ""dih @ GO72Iwd2XL"" (27.00) | #9 ""sack @ j5H1ebY2vH"" (96.95) | #10 ""Barbie's Men @ 1MAe7RP1K5"" (18.07)",2026-09-26T20:19:33.369Z,179045397336901
"-- starting hand #67 (id: 12ht7ug1gcfw)  No Limit Texas Hold'em (dealer: ""rowan @ GthBpPSqaK"") --",2026-09-26T20:19:33.369Z,179045397336900
"""Barbie's Men @ 1MAe7RP1K5"" shows a 4♦, K♦.",2026-09-26T20:19:30.944Z,179045397094400
"""sack @ j5H1ebY2vH"" shows a 7♦, K♣.",2026-09-26T20:19:29.529Z,179045396952900
"-- ending hand #66 --",2026-09-26T20:19:29.058Z,179045396905802
"""sack @ j5H1ebY2vH"" collected 27.30 from pot",2026-09-26T20:19:29.058Z,179045396905801
"Uncalled bet of 69.65 returned to ""sack @ j5H1ebY2vH""",2026-09-26T20:19:29.058Z,179045396905800
"""Barbie's Men @ 1MAe7RP1K5"" folds",2026-09-26T20:19:28.240Z,179045396824000
"""sack @ j5H1ebY2vH"" bets 69.65 and go all in",2026-09-26T20:19:19.737Z,179045395973700
"River: 10♦, K♠, 9♥, 8♥ [6♥]",2026-09-26T20:19:15.575Z,179045395557500
"""dih @ GO72Iwd2XL"" folds",2026-09-26T20:19:14.761Z,179045395476100
"""Barbie's Men @ 1MAe7RP1K5"" calls 9.10",2026-09-26T20:19:13.181Z,179045395318100
"""sack @ j5H1ebY2vH"" bets 9.10",2026-09-26T20:19:12.220Z,179045395222000
"""dih @ GO72Iwd2XL"" checks",2026-09-26T20:19:06.358Z,179045394635800
"Turn: 10♦, K♠, 9♥ [8♥]",2026-09-26T20:19:04.744Z,179045394474400
"""sack @ j5H1ebY2vH"" calls 2.80",2026-09-26T20:19:03.937Z,179045394393700
"""dih @ GO72Iwd2XL"" calls 2.80",2026-09-26T20:19:02.918Z,179045394291800
"""Barbie's Men @ 1MAe7RP1K5"" raises to 2.80",2026-09-26T20:19:01.327Z,179045394132700
"""sack @ j5H1ebY2vH"" calls 0.70",2026-09-26T20:18:58.686Z,179045393868600
"""dih @ GO72Iwd2XL"" bets 0.70",2026-09-26T20:18:55.625Z,179045393562500
"Flop:  [10♦, K♠, 9♥]",2026-09-26T20:18:52.066Z,179045393206600
"""dih @ GO72Iwd2XL"" checks",2026-09-26T20:18:51.183Z,179045393118300
"""rowan @ GthBpPSqaK"" folds",2026-09-26T20:18:48.092Z,179045392809200
"""Barbie's Men @ 1MAe7RP1K5"" calls 0.20",2026-09-26T20:18:45.945Z,179045392594500
"""sack @ j5H1ebY2vH"" calls 0.20",2026-09-26T20:18:44.971Z,179045392497100
"""dih @ GO72Iwd2XL"" posts a big blind of 0.20",2026-09-26T20:18:41.471Z,179045392147108
"""rowan @ GthBpPSqaK"" posts a small blind of 0.10",2026-09-26T20:18:41.471Z,179045392147107
"Player stacks: #1 ""rowan @ GthBpPSqaK"" (58.08) | #2 ""dih @ GO72Iwd2XL"" (30.00) | #9 ""sack @ j5H1ebY2vH"" (81.75) | #10 ""Barbie's Men @ 1MAe7RP1K5"" (30.17)",2026-09-26T20:18:41.471Z,179045392147102
"-- starting hand #66 (id: 08b0c5y62oq4)  No Limit Texas Hold'em (dealer: ""Barbie's Men @ 1MAe7RP1K5"") --",2026-09-26T20:18:41.471Z,179045392147101
"The player ""dih @ GO72Iwd2XL"" rebought. New stack 30.00.",2026-09-26T20:18:41.471Z,179045392147100
"Waiting for the game owner to approve or reject pending rebuy requests.",2026-09-26T20:18:39.863Z,179045391986301
"The player ""dih @ GO72Iwd2XL"" requested a rebuy of 30.00.",2026-09-26T20:18:39.863Z,179045391986300
"Asking to busted players the rebuy decision.",2026-09-26T20:18:34.961Z,179045391496100
"""Barbie's Men @ 1MAe7RP1K5"" shows a A♣, 10♥.",2026-09-26T20:18:31.161Z,179045391116100
"""rowan @ GthBpPSqaK"" shows a 5♣, K♥.",2026-09-26T20:18:26.858Z,179045390685800
"-- ending hand #65 --",2026-09-26T20:18:25.949Z,179045390594902
"""sack @ j5H1ebY2vH"" collected 13.38 from pot with Flush, 10 High on the second run  (combination: 3♦, 4♦, 6♦, 7♦, 10♦)",2026-09-26T20:18:25.949Z,179045390594901
"""sack @ j5H1ebY2vH"" collected 13.38 from pot with Flush, 10 High (combination: 3♦, 4♦, 6♦, 7♦, 10♦)",2026-09-26T20:18:25.949Z,179045390594900
"River (second run): 3♦, 10♦, 4♦, K♠ [5♠]",2026-09-26T20:18:21.945Z,179045390194500
"River: 3♦, 10♦, 4♦, K♠ [9♠]",2026-09-26T20:18:17.926Z,179045389792600
"""sack @ j5H1ebY2vH"" shows a 7♦, 6♦.",2026-09-26T20:18:13.923Z,179045389392302
"""dih @ GO72Iwd2XL"" shows a Q♦, J♠.",2026-09-26T20:18:13.923Z,179045389392301
"Uncalled bet of 7.20 returned to ""sack @ j5H1ebY2vH""",2026-09-26T20:18:13.923Z,179045389392300
"All players in hand choose to run it twice.",2026-09-26T20:18:13.121Z,179045389312101
"""sack @ j5H1ebY2vH"" chooses to  run it twice.",2026-09-26T20:18:13.121Z,179045389312100
"""dih @ GO72Iwd2XL"" chooses to  run it twice.",2026-09-26T20:18:12.817Z,179045389281700
"Remaining players decide whether to run it twice.",2026-09-26T20:18:11.541Z,179045389154101
"""dih @ GO72Iwd2XL"" calls 6.52 and go all in",2026-09-26T20:18:11.541Z,179045389154100
"""sack @ j5H1ebY2vH"" bets 13.72",2026-09-26T20:18:09.443Z,179045388944300
"""dih @ GO72Iwd2XL"" checks",2026-09-26T20:18:06.475Z,179045388647500
"Turn: 3♦, 10♦, 4♦ [K♠]",2026-09-26T20:18:04.040Z,179045388404000
"""dih @ GO72Iwd2XL"" calls 4.96",2026-09-26T20:18:03.192Z,179045388319200
"""Barbie's Men @ 1MAe7RP1K5"" folds",2026-09-26T20:18:00.636Z,179045388063600
"""sack @ j5H1ebY2vH"" raises to 4.96",2026-09-26T20:17:59.744Z,179045387974400
"""dih @ GO72Iwd2XL"" bets 2.48",2026-09-26T20:17:55.226Z,179045387522600
"""Barbie's Men @ 1MAe7RP1K5"" checks",2026-09-26T20:17:50.710Z,179045387071000
"Flop:  [3♦, 10♦, 4♦]",2026-09-26T20:17:49.126Z,179045386912600
"""rowan @ GthBpPSqaK"" folds",2026-09-26T20:17:48.307Z,179045386830700
"""Barbie's Men @ 1MAe7RP1K5"" calls 1.20",2026-09-26T20:17:47.397Z,179045386739700
"""sack @ j5H1ebY2vH"" calls 1.20",2026-09-26T20:17:46.514Z,179045386651400
"""dih @ GO72Iwd2XL"" raises to 1.20",2026-09-26T20:17:44.407Z,179045386440700
"""rowan @ GthBpPSqaK"" posts a big blind of 0.20",2026-09-26T20:17:41.461Z,179045386146107
"""Barbie's Men @ 1MAe7RP1K5"" posts a small blind of 0.10",2026-09-26T20:17:41.461Z,179045386146106
"Player stacks: #1 ""rowan @ GthBpPSqaK"" (58.28) | #2 ""dih @ GO72Iwd2XL"" (12.68) | #9 ""sack @ j5H1ebY2vH"" (67.67) | #10 ""Barbie's Men @ 1MAe7RP1K5"" (31.37)",2026-09-26T20:17:41.461Z,179045386146101
"-- starting hand #65 (id: d3qx9z4c6u3o)  No Limit Texas Hold'em (dealer: ""sack @ j5H1ebY2vH"") --",2026-09-26T20:17:41.461Z,179045386146100
"""rowan @ GthBpPSqaK"" shows a A♥, 6♥.",2026-09-26T20:17:36.006Z,179045385600600
"-- ending hand #64 --",2026-09-26T20:17:34.956Z,179045385495601
"""dih @ GO72Iwd2XL"" collected 12.68 from pot with Two Pair, K's & J's (combination: 9♠, J♠, J♣, K♠, K♥)",2026-09-26T20:17:34.956Z,179045385495600
"River: 8♣, K♠, K♥, J♣ [9♠]",2026-09-26T20:17:30.918Z,179045385091800
"Turn: 8♣, K♠, K♥ [J♣]",2026-09-26T20:17:26.913Z,179045384691300
"""Barbie's Men @ 1MAe7RP1K5"" shows a 5♦, 5♥.",2026-09-26T20:17:22.905Z,179045384290502
"""dih @ GO72Iwd2XL"" shows a 8♥, J♠.",2026-09-26T20:17:22.905Z,179045384290501
"Uncalled bet of 31.37 returned to ""Barbie's Men @ 1MAe7RP1K5""",2026-09-26T20:17:22.905Z,179045384290500
"Some players choose to not run it twice.",2026-09-26T20:17:22.095Z,179045384209501
"""dih @ GO72Iwd2XL"" chooses to not run it twice.",2026-09-26T20:17:22.095Z,179045384209500
"""Barbie's Men @ 1MAe7RP1K5"" chooses to  run it twice.",2026-09-26T20:17:21.591Z,179045384159100
"Remaining players decide whether to run it twice.",2026-09-26T20:17:20.310Z,179045384031001
"""rowan @ GthBpPSqaK"" folds",2026-09-26T20:17:20.310Z,179045384031000
"""Barbie's Men @ 1MAe7RP1K5"" bets 31.37 and go all in",2026-09-26T20:17:16.900Z,179045383690000
"Flop:  [8♣, K♠, K♥]",2026-09-26T20:17:14.095Z,179045383409500
"""rowan @ GthBpPSqaK"" calls 3.96",2026-09-26T20:17:13.270Z,179045383327000
"""Barbie's Men @ 1MAe7RP1K5"" calls 3.96",2026-09-26T20:17:12.392Z,179045383239200
"""sack @ j5H1ebY2vH"" folds",2026-09-26T20:17:08.094Z,179045382809400
"""dih @ GO72Iwd2XL"" raises to 3.96 and go all in",2026-09-26T20:17:06.708Z,179045382670800
"""rowan @ GthBpPSqaK"" calls 1.40",2026-09-26T20:17:04.913Z,179045382491300
"""Barbie's Men @ 1MAe7RP1K5"" raises to 1.40",2026-09-26T20:17:03.390Z,179045382339000
"""sack @ j5H1ebY2vH"" calls 0.80",2026-09-26T20:16:57.346Z,179045381734600
"""dih @ GO72Iwd2XL"" calls 0.80",2026-09-26T20:16:54.159Z,179045381415900
"""rowan @ GthBpPSqaK"" raises to 0.80",2026-09-26T20:16:51.098Z,179045381109800
"""Barbie's Men @ 1MAe7RP1K5"" posts a big blind of 0.20",2026-09-26T20:16:48.390Z,179045380839007
"""sack @ j5H1ebY2vH"" posts a small blind of 0.10",2026-09-26T20:16:48.390Z,179045380839006
"Player stacks: #1 ""rowan @ GthBpPSqaK"" (62.24) | #2 ""dih @ GO72Iwd2XL"" (3.96) | #9 ""sack @ j5H1ebY2vH"" (68.47) | #10 ""Barbie's Men @ 1MAe7RP1K5"" (35.33)",2026-09-26T20:16:48.390Z,179045380839001
"-- starting hand #64 (id: hqzpccvfuwid)  No Limit Texas Hold'em (dealer: ""dih @ GO72Iwd2XL"") --",2026-09-26T20:16:48.390Z,179045380839000
"-- ending hand #63 --",2026-09-26T20:16:42.351Z,179045380235101
"""Barbie's Men @ 1MAe7RP1K5"" collected 35.33 from pot with Pair, K's (combination: 6♣, 8♣, Q♦, K♦, K♠)",2026-09-26T20:16:42.351Z,179045380235100
"River: 6♣, K♠, 8♣, 2♦ [5♣]",2026-09-26T20:16:38.273Z,179045379827300
"""Barbie's Men @ 1MAe7RP1K5"" shows a Q♦, K♦.",2026-09-26T20:16:34.259Z,179045379425902
"""dih @ GO72Iwd2XL"" shows a 2♥, A♣.",2026-09-26T20:16:34.259Z,179045379425901
"Uncalled bet of 3.96 returned to ""dih @ GO72Iwd2XL""",2026-09-26T20:16:34.259Z,179045379425900
"Some players choose to not run it twice.",2026-09-26T20:16:33.417Z,179045379341701
"""dih @ GO72Iwd2XL"" chooses to not run it twice.",2026-09-26T20:16:33.417Z,179045379341700
"""Barbie's Men @ 1MAe7RP1K5"" chooses to  run it twice.",2026-09-26T20:16:27.790Z,179045378779000
"Remaining players decide whether to run it twice.",2026-09-26T20:16:26.890Z,179045378689001
"""sack @ j5H1ebY2vH"" folds",2026-09-26T20:16:26.890Z,179045378689000
"""dih @ GO72Iwd2XL"" raises to 19.75 and go all in",2026-09-26T20:16:26.038Z,179045378603800
"""Barbie's Men @ 1MAe7RP1K5"" bets 15.79 and go all in",2026-09-26T20:16:05.355Z,179045376535500
"""sack @ j5H1ebY2vH"" checks",2026-09-26T20:16:02.243Z,179045376224300
"""dih @ GO72Iwd2XL"" checks",2026-09-26T20:15:59.270Z,179045375927000
"Turn: 6♣, K♠, 8♣ [2♦]",2026-09-26T20:15:56.047Z,179045375604700
"""sack @ j5H1ebY2vH"" calls 1.05",2026-09-26T20:15:55.215Z,179045375521500
"""dih @ GO72Iwd2XL"" calls 1.05",2026-09-26T20:15:52.429Z,179045375242900
"""Barbie's Men @ 1MAe7RP1K5"" bets 1.05",2026-09-26T20:15:50.230Z,179045375023000
"""sack @ j5H1ebY2vH"" checks",2026-09-26T20:15:44.470Z,179045374447000
"""dih @ GO72Iwd2XL"" checks",2026-09-26T20:15:43.481Z,179045374348100
"Flop:  [6♣, K♠, 8♣]",2026-09-26T20:15:41.758Z,179045374175800
"""sack @ j5H1ebY2vH"" checks",2026-09-26T20:15:40.865Z,179045374086500
"""dih @ GO72Iwd2XL"" calls 0.20",2026-09-26T20:15:38.847Z,179045373884700
"""rowan @ GthBpPSqaK"" folds",2026-09-26T20:15:37.021Z,179045373702100
"""Barbie's Men @ 1MAe7RP1K5"" calls 0.20",2026-09-26T20:15:36.150Z,179045373615000
"""sack @ j5H1ebY2vH"" posts a big blind of 0.20",2026-09-26T20:15:33.860Z,179045373386007
"""dih @ GO72Iwd2XL"" posts a small blind of 0.10",2026-09-26T20:15:33.860Z,179045373386006
"Player stacks: #1 ""rowan @ GthBpPSqaK"" (62.24) | #2 ""dih @ GO72Iwd2XL"" (21.00) | #9 ""sack @ j5H1ebY2vH"" (69.72) | #10 ""Barbie's Men @ 1MAe7RP1K5"" (17.04)",2026-09-26T20:15:33.860Z,179045373386001
"-- starting hand #63 (id: zinvdc88tynq)  No Limit Texas Hold'em (dealer: ""rowan @ GthBpPSqaK"") --",2026-09-26T20:15:33.860Z,179045373386000
"""Barbie's Men @ 1MAe7RP1K5"" shows a Q♠, 5♦.",2026-09-26T20:15:31.752Z,179045373175200
"""dih @ GO72Iwd2XL"" shows a 9♠.",2026-09-26T20:15:29.108Z,179045372910800
"""sack @ j5H1ebY2vH"" shows a 5♥, 3♥.",2026-09-26T20:15:27.167Z,179045372716700
"""rowan @ GthBpPSqaK"" shows a A♦, 3♣.",2026-09-26T20:15:26.689Z,179045372668900
"-- ending hand #62 --",2026-09-26T20:15:25.139Z,179045372513902
"""dih @ GO72Iwd2XL"" collected 2.00 from pot",2026-09-26T20:15:25.139Z,179045372513901
"Uncalled bet of 1.50 returned to ""dih @ GO72Iwd2XL""",2026-09-26T20:15:25.139Z,179045372513900
"""sack @ j5H1ebY2vH"" folds",2026-09-26T20:15:24.298Z,179045372429800
"""dih @ GO72Iwd2XL"" bets 1.50",2026-09-26T20:15:23.386Z,179045372338600
"Flop:  [J♠, J♥, 2♠]",2026-09-26T20:15:19.134Z,179045371913400
"""rowan @ GthBpPSqaK"" folds",2026-09-26T20:15:18.287Z,179045371828700
"""Barbie's Men @ 1MAe7RP1K5"" folds",2026-09-26T20:15:16.716Z,179045371671600
"""sack @ j5H1ebY2vH"" calls 0.80",2026-09-26T20:15:15.832Z,179045371583200
"""dih @ GO72Iwd2XL"" raises to 0.80",2026-09-26T20:15:13.128Z,179045371312800
"""rowan @ GthBpPSqaK"" calls 0.20",2026-09-26T20:15:10.076Z,179045371007600
"""Barbie's Men @ 1MAe7RP1K5"" calls 0.20",2026-09-26T20:15:09.231Z,179045370923100
"""sack @ j5H1ebY2vH"" calls 0.20",2026-09-26T20:15:04.850Z,179045370485000
"""dih @ GO72Iwd2XL"" posts a big blind of 0.20",2026-09-26T20:15:01.319Z,179045370131907
"""rowan @ GthBpPSqaK"" posts a small blind of 0.10",2026-09-26T20:15:01.319Z,179045370131906
"Player stacks: #1 ""rowan @ GthBpPSqaK"" (62.44) | #2 ""dih @ GO72Iwd2XL"" (19.80) | #9 ""sack @ j5H1ebY2vH"" (70.52) | #10 ""Barbie's Men @ 1MAe7RP1K5"" (17.24)",2026-09-26T20:15:01.319Z,179045370131901
"-- starting hand #62 (id: ghowfwnhpsop)  No Limit Texas Hold'em (dealer: ""Barbie's Men @ 1MAe7RP1K5"") --",2026-09-26T20:15:01.319Z,179045370131900
"""Barbie's Men @ 1MAe7RP1K5"" shows a 6♣, Q♦.",2026-09-26T20:14:57.670Z,179045369767000
"""rowan @ GthBpPSqaK"" shows a 3♠, A♣.",2026-09-26T20:14:54.931Z,179045369493100
"-- ending hand #61 --",2026-09-26T20:14:53.888Z,179045369388802
"""rowan @ GthBpPSqaK"" collected 0.60 from pot",2026-09-26T20:14:53.888Z,179045369388801
"Uncalled bet of 0.20 returned to ""rowan @ GthBpPSqaK""",2026-09-26T20:14:53.888Z,179045369388800
"""Barbie's Men @ 1MAe7RP1K5"" folds",2026-09-26T20:14:53.073Z,179045369307300
"""sack @ j5H1ebY2vH"" folds",2026-09-26T20:14:52.160Z,179045369216000
"""rowan @ GthBpPSqaK"" bets 0.20",2026-09-26T20:14:50.804Z,179045369080400
"""Barbie's Men @ 1MAe7RP1K5"" checks",2026-09-26T20:14:49.751Z,179045368975100
"Flop:  [10♥, 7♥, A♥]",2026-09-26T20:14:46.685Z,179045368668500
"""rowan @ GthBpPSqaK"" checks",2026-09-26T20:14:45.869Z,179045368586900
"""Barbie's Men @ 1MAe7RP1K5"" calls 0.20",2026-09-26T20:14:44.951Z,179045368495100
"""sack @ j5H1ebY2vH"" calls 0.20",2026-09-26T20:14:43.935Z,179045368393500
"""dih @ GO72Iwd2XL"" folds",2026-09-26T20:14:41.235Z,179045368123500
"""rowan @ GthBpPSqaK"" posts a big blind of 0.20",2026-09-26T20:14:40.057Z,179045368005707
"""Barbie's Men @ 1MAe7RP1K5"" posts a small blind of 0.10",2026-09-26T20:14:40.057Z,179045368005706
"Player stacks: #1 ""rowan @ GthBpPSqaK"" (62.04) | #2 ""dih @ GO72Iwd2XL"" (19.80) | #9 ""sack @ j5H1ebY2vH"" (70.72) | #10 ""Barbie's Men @ 1MAe7RP1K5"" (17.44)",2026-09-26T20:14:40.057Z,179045368005701
"-- starting hand #61 (id: kvk2ygmpdt6n)  No Limit Texas Hold'em (dealer: ""sack @ j5H1ebY2vH"") --",2026-09-26T20:14:40.057Z,179045368005700
"""rowan @ GthBpPSqaK"" shows a Q♥.",2026-09-26T20:14:35.703Z,179045367570300
"-- ending hand #60 --",2026-09-26T20:14:33.456Z,179045367345604
"""sack @ j5H1ebY2vH"" collected 0.90 from pot with Three of a Kind, J's (combination: Q♦, K♦, J♠, J♣, J♦)",2026-09-26T20:14:33.456Z,179045367345603
"""dih @ GO72Iwd2XL"" collected 0.90 from pot with Three of a Kind, J's (combination: Q♦, K♦, J♠, J♣, J♦)",2026-09-26T20:14:33.456Z,179045367345602
"""dih @ GO72Iwd2XL"" shows a 5♠, 8♠.",2026-09-26T20:14:33.456Z,179045367345601
"""sack @ j5H1ebY2vH"" shows a 7♦, 6♠.",2026-09-26T20:14:33.456Z,179045367345600
"""dih @ GO72Iwd2XL"" checks",2026-09-26T20:14:32.591Z,179045367259100
"""sack @ j5H1ebY2vH"" checks",2026-09-26T20:14:31.704Z,179045367170400
"River: J♠, K♦, J♣, Q♦ [J♦]",2026-09-26T20:14:31.545Z,179045367154500
"""dih @ GO72Iwd2XL"" checks",2026-09-26T20:14:30.707Z,179045367070700
"""sack @ j5H1ebY2vH"" checks",2026-09-26T20:14:29.846Z,179045366984600
"Turn: J♠, K♦, J♣ [Q♦]",2026-09-26T20:14:29.324Z,179045366932400
"""dih @ GO72Iwd2XL"" checks",2026-09-26T20:14:28.506Z,179045366850600
"""sack @ j5H1ebY2vH"" checks",2026-09-26T20:14:27.658Z,179045366765800
"Flop:  [J♠, K♦, J♣]",2026-09-26T20:14:25.124Z,179045366512400
"""Barbie's Men @ 1MAe7RP1K5"" folds",2026-09-26T20:14:24.311Z,179045366431100
"""sack @ j5H1ebY2vH"" calls 0.80",2026-09-26T20:14:23.274Z,179045366327400
"""dih @ GO72Iwd2XL"" raises to 0.80",2026-09-26T20:14:20.445Z,179045366044500
"""rowan @ GthBpPSqaK"" folds",2026-09-26T20:14:16.411Z,179045365641100
"""Barbie's Men @ 1MAe7RP1K5"" posts a big blind of 0.20",2026-09-26T20:14:15.238Z,179045365523807
"""sack @ j5H1ebY2vH"" posts a small blind of 0.10",2026-09-26T20:14:15.238Z,179045365523806
"Player stacks: #1 ""rowan @ GthBpPSqaK"" (62.04) | #2 ""dih @ GO72Iwd2XL"" (19.70) | #9 ""sack @ j5H1ebY2vH"" (70.62) | #10 ""Barbie's Men @ 1MAe7RP1K5"" (17.64)",2026-09-26T20:14:15.238Z,179045365523801
"-- starting hand #60 (id: cp6x7mrgx8su)  No Limit Texas Hold'em (dealer: ""dih @ GO72Iwd2XL"") --",2026-09-26T20:14:15.238Z,179045365523800
"""sack @ j5H1ebY2vH"" shows a Q♥.",2026-09-26T20:14:11.950Z,179045365195000
"""sack @ j5H1ebY2vH"" shows a A♦.",2026-09-26T20:14:09.787Z,179045364978700
"""rowan @ GthBpPSqaK"" shows a 9♦.",2026-09-26T20:14:08.255Z,179045364825500
"-- ending hand #59 --",2026-09-26T20:14:07.866Z,179045364786602
"""sack @ j5H1ebY2vH"" collected 6.60 from pot",2026-09-26T20:14:07.866Z,179045364786601
"Uncalled bet of 6.60 returned to ""sack @ j5H1ebY2vH""",2026-09-26T20:14:07.866Z,179045364786600
"""rowan @ GthBpPSqaK"" folds",2026-09-26T20:14:07.031Z,179045364703100
"""sack @ j5H1ebY2vH"" bets 6.60",2026-09-26T20:14:06.042Z,179045364604200
"Turn: A♣, 9♠, 2♣ [J♥]",2026-09-26T20:14:01.784Z,179045364178400
"""rowan @ GthBpPSqaK"" calls 1.65",2026-09-26T20:14:00.965Z,179045364096500
"""sack @ j5H1ebY2vH"" bets 1.65",2026-09-26T20:14:00.047Z,179045364004700
"Flop:  [A♣, 9♠, 2♣]",2026-09-26T20:13:56.515Z,179045363651500
"""rowan @ GthBpPSqaK"" calls 1.50",2026-09-26T20:13:55.630Z,179045363563000
"""Barbie's Men @ 1MAe7RP1K5"" folds",2026-09-26T20:13:54.591Z,179045363459100
"""sack @ j5H1ebY2vH"" raises to 1.50",2026-09-26T20:13:53.638Z,179045363363800
"""dih @ GO72Iwd2XL"" folds",2026-09-26T20:13:48.988Z,179045362898800
"""rowan @ GthBpPSqaK"" calls 0.20",2026-09-26T20:13:48.061Z,179045362806100
"""Barbie's Men @ 1MAe7RP1K5"" calls 0.20",2026-09-26T20:13:47.192Z,179045362719200
"""sack @ j5H1ebY2vH"" posts a big blind of 0.20",2026-09-26T20:13:45.120Z,179045362512007
"""dih @ GO72Iwd2XL"" posts a small blind of 0.10",2026-09-26T20:13:45.120Z,179045362512006
"Player stacks: #1 ""rowan @ GthBpPSqaK"" (65.19) | #2 ""dih @ GO72Iwd2XL"" (19.80) | #9 ""sack @ j5H1ebY2vH"" (67.17) | #10 ""Barbie's Men @ 1MAe7RP1K5"" (17.84)",2026-09-26T20:13:45.120Z,179045362512001
"-- starting hand #59 (id: wftsvwczv9c5)  No Limit Texas Hold'em (dealer: ""rowan @ GthBpPSqaK"") --",2026-09-26T20:13:45.120Z,179045362512000
"""Barbie's Men @ 1MAe7RP1K5"" shows a 5♥, K♠.",2026-09-26T20:13:42.493Z,179045362249300
"-- ending hand #58 --",2026-09-26T20:13:41.503Z,179045362150302
"""sack @ j5H1ebY2vH"" collected 2.40 from pot",2026-09-26T20:13:41.503Z,179045362150301
"Uncalled bet of 2.40 returned to ""sack @ j5H1ebY2vH""",2026-09-26T20:13:41.503Z,179045362150300
"""Barbie's Men @ 1MAe7RP1K5"" folds",2026-09-26T20:13:40.631Z,179045362063100
"""sack @ j5H1ebY2vH"" bets 2.40",2026-09-26T20:13:39.497Z,179045361949700
"River: 8♠, J♠, Q♥, 3♣ [5♦]",2026-09-26T20:13:37.100Z,179045361710000
"""Barbie's Men @ 1MAe7RP1K5"" checks",2026-09-26T20:13:36.270Z,179045361627000
"""sack @ j5H1ebY2vH"" checks",2026-09-26T20:13:35.366Z,179045361536600
"Turn: 8♠, J♠, Q♥ [3♣]",2026-09-26T20:13:33.091Z,179045361309100
"""rowan @ GthBpPSqaK"" folds",2026-09-26T20:13:32.199Z,179045361219900
"""Barbie's Men @ 1MAe7RP1K5"" calls 0.80",2026-09-26T20:13:30.830Z,179045361083000
"""sack @ j5H1ebY2vH"" bets 0.80",2026-09-26T20:13:29.365Z,179045360936500
"""rowan @ GthBpPSqaK"" checks",2026-09-26T20:13:26.017Z,179045360601700
"Flop:  [8♠, J♠, Q♥]",2026-09-26T20:13:25.119Z,179045360511900
"""dih @ GO72Iwd2XL"" folds",2026-09-26T20:13:24.310Z,179045360431000
"""rowan @ GthBpPSqaK"" calls 0.20",2026-09-26T20:13:23.334Z,179045360333400
"""Barbie's Men @ 1MAe7RP1K5"" calls 0.20",2026-09-26T20:13:22.432Z,179045360243200
"""sack @ j5H1ebY2vH"" calls 0.20",2026-09-26T20:13:21.511Z,179045360151100
"""dih @ GO72Iwd2XL"" posts a big blind of 0.20",2026-09-26T20:13:19.275Z,179045359927507
"""rowan @ GthBpPSqaK"" posts a small blind of 0.10",2026-09-26T20:13:19.275Z,179045359927506
"Player stacks: #1 ""rowan @ GthBpPSqaK"" (65.39) | #2 ""dih @ GO72Iwd2XL"" (20.00) | #9 ""sack @ j5H1ebY2vH"" (65.77) | #10 ""Barbie's Men @ 1MAe7RP1K5"" (18.84)",2026-09-26T20:13:19.275Z,179045359927501
"-- starting hand #58 (id: 5qzaonqoivqb)  No Limit Texas Hold'em (dealer: ""Barbie's Men @ 1MAe7RP1K5"") --",2026-09-26T20:13:19.275Z,179045359927500
"-- ending hand #57 --",2026-09-26T20:13:13.253Z,179045359325303
"""sack @ j5H1ebY2vH"" collected 7.40 from pot with Two Pair, A's & 8's (combination: 7♠, 8♠, 8♥, A♦, A♠)",2026-09-26T20:13:13.253Z,179045359325302
"""sack @ j5H1ebY2vH"" shows a 6♣, 8♠.",2026-09-26T20:13:13.253Z,179045359325301
"""rowan @ GthBpPSqaK"" shows a 10♣, 9♣.",2026-09-26T20:13:13.253Z,179045359325300
"""sack @ j5H1ebY2vH"" calls 1.85",2026-09-26T20:13:12.406Z,179045359240600
"""rowan @ GthBpPSqaK"" bets 1.85",2026-09-26T20:13:11.465Z,179045359146500
"River: 2♦, A♦, A♠, 8♥ [7♠]",2026-09-26T20:13:07.448Z,179045358744800
"""sack @ j5H1ebY2vH"" calls 0.80",2026-09-26T20:13:06.617Z,179045358661700
"""rowan @ GthBpPSqaK"" bets 0.80",2026-09-26T20:13:05.150Z,179045358515000
"Turn: 2♦, A♦, A♠ [8♥]",2026-09-26T20:12:49.133Z,179045356913300
"""sack @ j5H1ebY2vH"" checks",2026-09-26T20:12:48.283Z,179045356828300
"""rowan @ GthBpPSqaK"" checks",2026-09-26T20:12:46.985Z,179045356698500
"Flop:  [2♦, A♦, A♠]",2026-09-26T20:12:44.182Z,179045356418200
"""sack @ j5H1ebY2vH"" calls 1.00",2026-09-26T20:12:43.353Z,179045356335300
"""rowan @ GthBpPSqaK"" raises to 1.00",2026-09-26T20:12:42.238Z,179045356223800
"""Barbie's Men @ 1MAe7RP1K5"" folds",2026-09-26T20:12:38.201Z,179045355820100
"""sack @ j5H1ebY2vH"" calls 0.20",2026-09-26T20:12:37.191Z,179045355719100
"""dih @ GO72Iwd2XL"" folds",2026-09-26T20:12:36.270Z,179045355627000
"""rowan @ GthBpPSqaK"" posts a big blind of 0.20",2026-09-26T20:12:32.168Z,179045355216807
"""Barbie's Men @ 1MAe7RP1K5"" posts a small blind of 0.10",2026-09-26T20:12:32.168Z,179045355216806
"Player stacks: #1 ""rowan @ GthBpPSqaK"" (69.04) | #2 ""dih @ GO72Iwd2XL"" (20.00) | #9 ""sack @ j5H1ebY2vH"" (62.02) | #10 ""Barbie's Men @ 1MAe7RP1K5"" (18.94)",2026-09-26T20:12:32.168Z,179045355216801
"-- starting hand #57 (id: ffrfzxskcbkm)  No Limit Texas Hold'em (dealer: ""sack @ j5H1ebY2vH"") --",2026-09-26T20:12:32.168Z,179045355216800
"-- ending hand #56 --",2026-09-26T20:12:26.162Z,179045354616203
"""rowan @ GthBpPSqaK"" collected 41.90 from pot with Three of a Kind, Q's (combination: 10♣, K♠, Q♣, Q♥, Q♦)",2026-09-26T20:12:26.162Z,179045354616202
"""rowan @ GthBpPSqaK"" shows a Q♣, 10♣.",2026-09-26T20:12:26.162Z,179045354616201
"""dih @ GO72Iwd2XL"" shows a K♥, 7♥.",2026-09-26T20:12:26.162Z,179045354616200
"""rowan @ GthBpPSqaK"" calls 12.00",2026-09-26T20:12:25.358Z,179045354535800
"""dih @ GO72Iwd2XL"" bets 12.00",2026-09-26T20:12:24.442Z,179045354444200
"""rowan @ GthBpPSqaK"" checks",2026-09-26T20:12:18.027Z,179045353802700
"River: 9♥, Q♥, K♠, Q♦ [3♣]",2026-09-26T20:12:17.139Z,179045353713900
"""rowan @ GthBpPSqaK"" calls 5.00",2026-09-26T20:12:16.270Z,179045353627000
"""dih @ GO72Iwd2XL"" bets 5.00",2026-09-26T20:12:14.769Z,179045353476900
"""rowan @ GthBpPSqaK"" checks",2026-09-26T20:12:10.215Z,179045353021500
"Turn: 9♥, Q♥, K♠ [Q♦]",2026-09-26T20:12:07.513Z,179045352751300
"""rowan @ GthBpPSqaK"" calls 3.00",2026-09-26T20:12:06.706Z,179045352670600
"""dih @ GO72Iwd2XL"" raises to 3.00",2026-09-26T20:12:04.068Z,179045352406800
"""rowan @ GthBpPSqaK"" bets 0.95",2026-09-26T20:12:00.208Z,179045352020800
"Flop:  [9♥, Q♥, K♠]",2026-09-26T20:11:56.461Z,179045351646100
"""Barbie's Men @ 1MAe7RP1K5"" folds",2026-09-26T20:11:55.643Z,179045351564300
"""sack @ j5H1ebY2vH"" folds",2026-09-26T20:11:54.666Z,179045351466600
"""dih @ GO72Iwd2XL"" calls 0.80",2026-09-26T20:11:51.266Z,179045351126600
"""rowan @ GthBpPSqaK"" raises to 0.80",2026-09-26T20:11:48.884Z,179045350888400
"""Barbie's Men @ 1MAe7RP1K5"" posts a big blind of 0.20",2026-09-26T20:11:46.450Z,179045350645007
"""sack @ j5H1ebY2vH"" posts a small blind of 0.10",2026-09-26T20:11:46.450Z,179045350645006
"Player stacks: #1 ""rowan @ GthBpPSqaK"" (47.94) | #2 ""dih @ GO72Iwd2XL"" (40.80) | #9 ""sack @ j5H1ebY2vH"" (62.12) | #10 ""Barbie's Men @ 1MAe7RP1K5"" (19.14)",2026-09-26T20:11:46.450Z,179045350645001
"-- starting hand #56 (id: xfvhmxyxj7xd)  No Limit Texas Hold'em (dealer: ""dih @ GO72Iwd2XL"") --",2026-09-26T20:11:46.450Z,179045350645000
"-- ending hand #55 --",2026-09-26T20:11:40.419Z,179045350041903
"""sack @ j5H1ebY2vH"" collected 8.00 from pot with Two Pair, 7's & 3's (combination: A♣, 3♦, 3♠, 7♥, 7♣)",2026-09-26T20:11:40.419Z,179045350041902
"""sack @ j5H1ebY2vH"" shows a 7♥, 7♣.",2026-09-26T20:11:40.419Z,179045350041901
"""dih @ GO72Iwd2XL"" shows a 6♥, K♥.",2026-09-26T20:11:40.419Z,179045350041900
"""rowan @ GthBpPSqaK"" checks",2026-09-26T20:11:39.577Z,179045349957700
"""sack @ j5H1ebY2vH"" checks",2026-09-26T20:11:32.985Z,179045349298500
"""dih @ GO72Iwd2XL"" checks",2026-09-26T20:11:29.632Z,179045348963200
"River: 6♣, 3♦, A♣, 3♠ [4♥]",2026-09-26T20:11:25.543Z,179045348554300
"""rowan @ GthBpPSqaK"" checks",2026-09-26T20:11:24.684Z,179045348468400
"""sack @ j5H1ebY2vH"" checks",2026-09-26T20:11:22.618Z,179045348261800
"""dih @ GO72Iwd2XL"" checks",2026-09-26T20:11:20.432Z,179045348043200
"Turn: 6♣, 3♦, A♣ [3♠]",2026-09-26T20:11:18.468Z,179045347846800
"""sack @ j5H1ebY2vH"" calls 1.60",2026-09-26T20:11:17.649Z,179045347764900
"""dih @ GO72Iwd2XL"" calls 1.60",2026-09-26T20:11:15.850Z,179045347585000
"""rowan @ GthBpPSqaK"" bets 1.60",2026-09-26T20:11:13.872Z,179045347387200
"""sack @ j5H1ebY2vH"" checks",2026-09-26T20:11:08.645Z,179045346864500
"""dih @ GO72Iwd2XL"" checks",2026-09-26T20:11:06.958Z,179045346695800
"Flop:  [6♣, 3♦, A♣]",2026-09-26T20:11:05.042Z,179045346504200
"""Barbie's Men @ 1MAe7RP1K5"" folds",2026-09-26T20:11:04.218Z,179045346421800
"""sack @ j5H1ebY2vH"" calls 1.00",2026-09-26T20:11:03.264Z,179045346326400
"""dih @ GO72Iwd2XL"" calls 1.00",2026-09-26T20:11:01.033Z,179045346103300
"""rowan @ GthBpPSqaK"" raises to 1.00",2026-09-26T20:10:59.185Z,179045345918500
"""Barbie's Men @ 1MAe7RP1K5"" calls 0.20",2026-09-26T20:10:56.830Z,179045345683000
"""sack @ j5H1ebY2vH"" posts a big blind of 0.20",2026-09-26T20:10:55.301Z,179045345530107
"""dih @ GO72Iwd2XL"" posts a small blind of 0.10",2026-09-26T20:10:55.301Z,179045345530106
"Player stacks: #1 ""rowan @ GthBpPSqaK"" (50.54) | #2 ""dih @ GO72Iwd2XL"" (43.40) | #9 ""sack @ j5H1ebY2vH"" (56.72) | #10 ""Barbie's Men @ 1MAe7RP1K5"" (19.34)",2026-09-26T20:10:55.301Z,179045345530101
"-- starting hand #55 (id: v0i2diylritg)  No Limit Texas Hold'em (dealer: ""rowan @ GthBpPSqaK"") --",2026-09-26T20:10:55.301Z,179045345530100
"-- ending hand #54 --",2026-09-26T20:10:49.288Z,179045344928802
"""dih @ GO72Iwd2XL"" collected 7.40 from pot with Two Pair, K's & 8's (combination: Q♣, 8♥, 8♣, K♠, K♦)",2026-09-26T20:10:49.288Z,179045344928801
"""dih @ GO72Iwd2XL"" shows a 8♥, 6♥.",2026-09-26T20:10:49.288Z,179045344928800
"""Barbie's Men @ 1MAe7RP1K5"" checks",2026-09-26T20:10:48.470Z,179045344847000
"""dih @ GO72Iwd2XL"" checks",2026-09-26T20:10:47.562Z,179045344756200
"River: Q♣, 8♣, J♦, K♠ [K♦]",2026-09-26T20:10:45.573Z,179045344557300
"""Barbie's Men @ 1MAe7RP1K5"" checks",2026-09-26T20:10:44.756Z,179045344475600
"""dih @ GO72Iwd2XL"" checks",2026-09-26T20:10:43.877Z,179045344387700
"Turn: Q♣, 8♣, J♦ [K♠]",2026-09-26T20:10:39.815Z,179045343981500
"""Barbie's Men @ 1MAe7RP1K5"" calls 2.10",2026-09-26T20:10:38.991Z,179045343899100
"""dih @ GO72Iwd2XL"" bets 2.10",2026-09-26T20:10:32.275Z,179045343227500
"Flop:  [Q♣, 8♣, J♦]",2026-09-26T20:10:27.539Z,179045342753900
"""rowan @ GthBpPSqaK"" folds",2026-09-26T20:10:26.692Z,179045342669200
"""Barbie's Men @ 1MAe7RP1K5"" calls 1.40",2026-09-26T20:10:24.350Z,179045342435000
"""sack @ j5H1ebY2vH"" folds",2026-09-26T20:10:23.412Z,179045342341200
"""dih @ GO72Iwd2XL"" raises to 1.40",2026-09-26T20:10:20.126Z,179045342012600
"""rowan @ GthBpPSqaK"" calls 0.20",2026-09-26T20:10:17.695Z,179045341769500
"""Barbie's Men @ 1MAe7RP1K5"" calls 0.20",2026-09-26T20:10:16.801Z,179045341680100
"""sack @ j5H1ebY2vH"" calls 0.20",2026-09-26T20:10:15.830Z,179045341583000
"""dih @ GO72Iwd2XL"" posts a big blind of 0.20",2026-09-26T20:10:13.391Z,179045341339107
"""rowan @ GthBpPSqaK"" posts a small blind of 0.10",2026-09-26T20:10:13.391Z,179045341339106
"Player stacks: #1 ""rowan @ GthBpPSqaK"" (50.74) | #2 ""dih @ GO72Iwd2XL"" (39.50) | #9 ""sack @ j5H1ebY2vH"" (56.92) | #10 ""Barbie's Men @ 1MAe7RP1K5"" (22.84)",2026-09-26T20:10:13.391Z,179045341339101
"-- starting hand #54 (id: xjmnrufzett8)  No Limit Texas Hold'em (dealer: ""Barbie's Men @ 1MAe7RP1K5"") --",2026-09-26T20:10:13.391Z,179045341339100
"-- ending hand #53 --",2026-09-26T20:10:07.384Z,179045340738403
"""Barbie's Men @ 1MAe7RP1K5"" collected 1.60 from pot with Straight, J High (combination: 7♥, 8♥, 9♥, 10♠, J♥)",2026-09-26T20:10:07.384Z,179045340738402
"""Barbie's Men @ 1MAe7RP1K5"" shows a 10♠, J♥.",2026-09-26T20:10:07.384Z,179045340738401
"""rowan @ GthBpPSqaK"" shows a Q♦, 8♠.",2026-09-26T20:10:07.384Z,179045340738400
"""Barbie's Men @ 1MAe7RP1K5"" calls 0.20",2026-09-26T20:10:06.554Z,179045340655400
"""rowan @ GthBpPSqaK"" bets 0.20",2026-09-26T20:10:05.589Z,179045340558900
"""Barbie's Men @ 1MAe7RP1K5"" checks",2026-09-26T20:10:04.440Z,179045340444000
"River: 7♦, 7♥, 8♥, 3♣ [9♥]",2026-09-26T20:10:04.193Z,179045340419300
"""Barbie's Men @ 1MAe7RP1K5"" calls 0.20",2026-09-26T20:10:03.364Z,179045340336400
"""rowan @ GthBpPSqaK"" bets 0.20",2026-09-26T20:10:02.161Z,179045340216100
"""Barbie's Men @ 1MAe7RP1K5"" checks",2026-09-26T20:10:00.910Z,179045340091000
"Turn: 7♦, 7♥, 8♥ [3♣]",2026-09-26T20:10:00.684Z,179045340068400
"""Barbie's Men @ 1MAe7RP1K5"" calls 0.20",2026-09-26T20:09:59.870Z,179045339987000
"""rowan @ GthBpPSqaK"" bets 0.20",2026-09-26T20:09:58.755Z,179045339875500
"""Barbie's Men @ 1MAe7RP1K5"" checks",2026-09-26T20:09:57.551Z,179045339755100
"Flop:  [7♦, 7♥, 8♥]",2026-09-26T20:09:57.040Z,179045339704000
"""rowan @ GthBpPSqaK"" checks",2026-09-26T20:09:56.200Z,179045339620000
"""Barbie's Men @ 1MAe7RP1K5"" calls 0.20",2026-09-26T20:09:54.832Z,179045339483200
"""sack @ j5H1ebY2vH"" folds",2026-09-26T20:09:52.570Z,179045339257000
"""dih @ GO72Iwd2XL"" folds",2026-09-26T20:09:51.504Z,179045339150400
"""rowan @ GthBpPSqaK"" posts a big blind of 0.20",2026-09-26T20:09:49.209Z,179045338920907
"""Barbie's Men @ 1MAe7RP1K5"" posts a small blind of 0.10",2026-09-26T20:09:49.209Z,179045338920906
"Player stacks: #1 ""rowan @ GthBpPSqaK"" (51.54) | #2 ""dih @ GO72Iwd2XL"" (39.50) | #9 ""sack @ j5H1ebY2vH"" (56.92) | #10 ""Barbie's Men @ 1MAe7RP1K5"" (22.04)",2026-09-26T20:09:49.209Z,179045338920901
"-- starting hand #53 (id: om6iuixcw4qu)  No Limit Texas Hold'em (dealer: ""sack @ j5H1ebY2vH"") --",2026-09-26T20:09:49.209Z,179045338920900
"-- ending hand #52 --",2026-09-26T20:09:43.194Z,179045338319403
"""rowan @ GthBpPSqaK"" collected 13.50 from pot with Two Pair, A's & Q's (combination: K♥, Q♣, Q♠, A♥, A♣)",2026-09-26T20:09:43.194Z,179045338319402
"""rowan @ GthBpPSqaK"" shows a A♥, 8♣.",2026-09-26T20:09:43.194Z,179045338319401
"""Barbie's Men @ 1MAe7RP1K5"" shows a K♣, 9♠.",2026-09-26T20:09:43.194Z,179045338319400
"""rowan @ GthBpPSqaK"" checks",2026-09-26T20:09:42.390Z,179045338239000
"""Barbie's Men @ 1MAe7RP1K5"" checks",2026-09-26T20:09:41.473Z,179045338147300
"River: Q♣, K♥, A♣, Q♠ [J♥]",2026-09-26T20:09:38.526Z,179045337852600
"""rowan @ GthBpPSqaK"" calls 4.50",2026-09-26T20:09:37.703Z,179045337770300
"""Barbie's Men @ 1MAe7RP1K5"" bets 4.50",2026-09-26T20:09:34.631Z,179045337463100
"Turn: Q♣, K♥, A♣ [Q♠]",2026-09-26T20:09:31.898Z,179045337189800
"""Barbie's Men @ 1MAe7RP1K5"" calls 1.35",2026-09-26T20:09:31.043Z,179045337104300
"""sack @ j5H1ebY2vH"" folds",2026-09-26T20:09:30.149Z,179045337014900
"""rowan @ GthBpPSqaK"" bets 1.35",2026-09-26T20:09:28.818Z,179045336881800
"""Barbie's Men @ 1MAe7RP1K5"" checks",2026-09-26T20:09:26.351Z,179045336635100
"""sack @ j5H1ebY2vH"" checks",2026-09-26T20:09:24.391Z,179045336439100
"Flop:  [Q♣, K♥, A♣]",2026-09-26T20:09:22.154Z,179045336215400
"""Barbie's Men @ 1MAe7RP1K5"" calls 0.60",2026-09-26T20:09:21.350Z,179045336135000
"""sack @ j5H1ebY2vH"" calls 0.60",2026-09-26T20:09:10.632Z,179045335063200
"""dih @ GO72Iwd2XL"" folds",2026-09-26T20:09:09.390Z,179045334939000
"""rowan @ GthBpPSqaK"" raises to 0.60",2026-09-26T20:09:08.503Z,179045334850300
"""Barbie's Men @ 1MAe7RP1K5"" posts a big blind of 0.20",2026-09-26T20:09:05.150Z,179045334515007
"""sack @ j5H1ebY2vH"" posts a small blind of 0.10",2026-09-26T20:09:05.150Z,179045334515006
"Player stacks: #1 ""rowan @ GthBpPSqaK"" (44.49) | #2 ""dih @ GO72Iwd2XL"" (39.50) | #9 ""sack @ j5H1ebY2vH"" (57.52) | #10 ""Barbie's Men @ 1MAe7RP1K5"" (28.49)",2026-09-26T20:09:05.150Z,179045334515001
"-- starting hand #52 (id: aazgsopzofmt)  No Limit Texas Hold'em (dealer: ""dih @ GO72Iwd2XL"") --",2026-09-26T20:09:05.150Z,179045334515000
"""rowan @ GthBpPSqaK"" shows a 9♥, J♥.",2026-09-26T20:09:03.111Z,179045334311100
"""Barbie's Men @ 1MAe7RP1K5"" shows a 7♥, 2♣.",2026-09-26T20:09:01.757Z,179045334175700
"-- ending hand #51 --",2026-09-26T20:08:58.126Z,179045333812602
"""dih @ GO72Iwd2XL"" collected 20.00 from pot with Full House, Q's over 10's (combination: 10♠, 10♦, Q♦, Q♥, Q♣)",2026-09-26T20:08:58.126Z,179045333812601
"""dih @ GO72Iwd2XL"" shows a Q♦, 3♦.",2026-09-26T20:08:58.126Z,179045333812600
"""rowan @ GthBpPSqaK"" checks",2026-09-26T20:08:57.313Z,179045333731300
"""Barbie's Men @ 1MAe7RP1K5"" checks",2026-09-26T20:08:56.471Z,179045333647100
"""sack @ j5H1ebY2vH"" folds",2026-09-26T20:08:55.381Z,179045333538100
"""dih @ GO72Iwd2XL"" checks",2026-09-26T20:08:54.379Z,179045333437900
"River: 10♠, 9♣, Q♥, Q♣ [10♦]",2026-09-26T20:08:49.840Z,179045332984000
"""rowan @ GthBpPSqaK"" checks",2026-09-26T20:08:49.008Z,179045332900800
"""Barbie's Men @ 1MAe7RP1K5"" checks",2026-09-26T20:08:48.157Z,179045332815700
"""sack @ j5H1ebY2vH"" checks",2026-09-26T20:08:47.171Z,179045332717100
"""dih @ GO72Iwd2XL"" checks",2026-09-26T20:08:44.605Z,179045332460500
"Turn: 10♠, 9♣, Q♥ [Q♣]",2026-09-26T20:08:41.089Z,179045332108900
"""sack @ j5H1ebY2vH"" calls 4.00",2026-09-26T20:08:40.249Z,179045332024900
"""dih @ GO72Iwd2XL"" calls 4.00",2026-09-26T20:08:38.402Z,179045331840200
"""rowan @ GthBpPSqaK"" calls 4.00",2026-09-26T20:08:37.314Z,179045331731400
"""Barbie's Men @ 1MAe7RP1K5"" raises to 4.00",2026-09-26T20:08:36.233Z,179045331623300
"""sack @ j5H1ebY2vH"" calls 2.00",2026-09-26T20:08:34.255Z,179045331425500
"""dih @ GO72Iwd2XL"" calls 2.00",2026-09-26T20:08:31.388Z,179045331138800
"""rowan @ GthBpPSqaK"" bets 2.00",2026-09-26T20:08:29.598Z,179045330959800
"""Barbie's Men @ 1MAe7RP1K5"" checks",2026-09-26T20:08:27.670Z,179045330767000
"""sack @ j5H1ebY2vH"" checks",2026-09-26T20:08:26.722Z,179045330672200
"""dih @ GO72Iwd2XL"" checks",2026-09-26T20:08:25.518Z,179045330551800
"Flop:  [10♠, 9♣, Q♥]",2026-09-26T20:08:23.395Z,179045330339500
"""Barbie's Men @ 1MAe7RP1K5"" calls 1.00",2026-09-26T20:08:22.553Z,179045330255300
"""sack @ j5H1ebY2vH"" calls 1.00",2026-09-26T20:08:21.486Z,179045330148600
"""dih @ GO72Iwd2XL"" calls 1.00",2026-09-26T20:08:20.591Z,179045330059100
"""rowan @ GthBpPSqaK"" raises to 1.00",2026-09-26T20:08:19.591Z,179045329959100
"""Barbie's Men @ 1MAe7RP1K5"" calls 0.20",2026-09-26T20:08:17.237Z,179045329723700
"""sack @ j5H1ebY2vH"" posts a big blind of 0.20",2026-09-26T20:08:15.951Z,179045329595107
"""dih @ GO72Iwd2XL"" posts a small blind of 0.10",2026-09-26T20:08:15.951Z,179045329595106
"Player stacks: #1 ""rowan @ GthBpPSqaK"" (49.49) | #2 ""dih @ GO72Iwd2XL"" (24.50) | #9 ""sack @ j5H1ebY2vH"" (62.52) | #10 ""Barbie's Men @ 1MAe7RP1K5"" (33.49)",2026-09-26T20:08:15.951Z,179045329595101
"-- starting hand #51 (id: e59utf5esavw)  No Limit Texas Hold'em (dealer: ""rowan @ GthBpPSqaK"") --",2026-09-26T20:08:15.951Z,179045329595100
"-- ending hand #50 --",2026-09-26T20:08:10.045Z,179045329004502
"""rowan @ GthBpPSqaK"" collected 0.60 from pot",2026-09-26T20:08:10.045Z,179045329004501
"Uncalled bet of 0.60 returned to ""rowan @ GthBpPSqaK""",2026-09-26T20:08:10.045Z,179045329004500
"""Barbie's Men @ 1MAe7RP1K5"" folds",2026-09-26T20:08:09.193Z,179045328919300
"""dih @ GO72Iwd2XL"" folds",2026-09-26T20:07:57.362Z,179045327736200
"""rowan @ GthBpPSqaK"" bets 0.60",2026-09-26T20:07:55.703Z,179045327570300
"Turn: 4♣, Q♠, 8♥ [10♣]",2026-09-26T20:07:52.355Z,179045327235500
"""Barbie's Men @ 1MAe7RP1K5"" checks",2026-09-26T20:07:51.517Z,179045327151700
"""dih @ GO72Iwd2XL"" checks",2026-09-26T20:07:50.599Z,179045327059900
"""rowan @ GthBpPSqaK"" checks",2026-09-26T20:07:49.732Z,179045326973200
"Flop:  [4♣, Q♠, 8♥]",2026-09-26T20:07:46.455Z,179045326645500
"""dih @ GO72Iwd2XL"" checks",2026-09-26T20:07:45.605Z,179045326560500
"""rowan @ GthBpPSqaK"" calls 0.20",2026-09-26T20:07:44.376Z,179045326437600
"""Barbie's Men @ 1MAe7RP1K5"" calls 0.20",2026-09-26T20:07:41.722Z,179045326172200
"""sack @ j5H1ebY2vH"" folds",2026-09-26T20:07:40.770Z,179045326077000
"""dih @ GO72Iwd2XL"" posts a big blind of 0.20",2026-09-26T20:07:32.167Z,179045325216707
"""rowan @ GthBpPSqaK"" posts a small blind of 0.10",2026-09-26T20:07:32.167Z,179045325216706
"Player stacks: #1 ""rowan @ GthBpPSqaK"" (49.09) | #2 ""dih @ GO72Iwd2XL"" (24.70) | #9 ""sack @ j5H1ebY2vH"" (62.52) | #10 ""Barbie's Men @ 1MAe7RP1K5"" (33.69)",2026-09-26T20:07:32.167Z,179045325216701
"-- starting hand #50 (id: uqm65b9hr5p0)  No Limit Texas Hold'em (dealer: ""Barbie's Men @ 1MAe7RP1K5"") --",2026-09-26T20:07:32.167Z,179045325216700
"""dih @ GO72Iwd2XL"" shows a J♦.",2026-09-26T20:07:26.839Z,179045324683900
"""sack @ j5H1ebY2vH"" shows a A♦, K♥.",2026-09-26T20:07:25.911Z,179045324591100
"-- ending hand #49 --",2026-09-26T20:07:24.849Z,179045324484902
"""sack @ j5H1ebY2vH"" collected 14.10 from pot",2026-09-26T20:07:24.849Z,179045324484901
"Uncalled bet of 7.05 returned to ""sack @ j5H1ebY2vH""",2026-09-26T20:07:24.849Z,179045324484900
"""dih @ GO72Iwd2XL"" folds",2026-09-26T20:07:24.020Z,179045324402000
"""sack @ j5H1ebY2vH"" bets 7.05",2026-09-26T20:07:14.443Z,179045323444300
"""dih @ GO72Iwd2XL"" checks",2026-09-26T20:07:09.918Z,179045322991800
"Turn: A♥, 9♠, K♦ [10♠]",2026-09-26T20:07:06.614Z,179045322661400
"""dih @ GO72Iwd2XL"" calls 2.00",2026-09-26T20:07:05.795Z,179045322579500
"""Barbie's Men @ 1MAe7RP1K5"" folds",2026-09-26T20:07:04.448Z,179045322444800
"""sack @ j5H1ebY2vH"" bets 2.00",2026-09-26T20:07:01.869Z,179045322186900
"""dih @ GO72Iwd2XL"" checks",2026-09-26T20:06:58.752Z,179045321875200
"""Barbie's Men @ 1MAe7RP1K5"" checks",2026-09-26T20:06:55.712Z,179045321571200
"Flop:  [A♥, 9♠, K♦]",2026-09-26T20:06:54.360Z,179045321436000
"""dih @ GO72Iwd2XL"" calls 3.30",2026-09-26T20:06:53.555Z,179045321355500
"""rowan @ GthBpPSqaK"" folds",2026-09-26T20:06:51.503Z,179045321150300
"""Barbie's Men @ 1MAe7RP1K5"" calls 3.30",2026-09-26T20:06:50.636Z,179045321063600
"""sack @ j5H1ebY2vH"" raises to 3.30",2026-09-26T20:06:49.701Z,179045320970100
"""dih @ GO72Iwd2XL"" raises to 1.00",2026-09-26T20:06:46.668Z,179045320666800
"""rowan @ GthBpPSqaK"" posts a big blind of 0.20",2026-09-26T20:06:44.434Z,179045320443408
"""Barbie's Men @ 1MAe7RP1K5"" posts a small blind of 0.10",2026-09-26T20:06:44.434Z,179045320443407
"Player stacks: #1 ""rowan @ GthBpPSqaK"" (49.29) | #2 ""dih @ GO72Iwd2XL"" (30.00) | #9 ""sack @ j5H1ebY2vH"" (53.72) | #10 ""Barbie's Men @ 1MAe7RP1K5"" (36.99)",2026-09-26T20:06:44.434Z,179045320443402
"-- starting hand #49 (id: pfgaa3qqt2oe)  No Limit Texas Hold'em (dealer: ""sack @ j5H1ebY2vH"") --",2026-09-26T20:06:44.434Z,179045320443401
"The player ""dih @ GO72Iwd2XL"" rebought. New stack 30.00.",2026-09-26T20:06:44.434Z,179045320443400
"Waiting for the game owner to approve or reject pending rebuy requests.",2026-09-26T20:06:43.701Z,179045320370101
"The player ""dih @ GO72Iwd2XL"" requested a rebuy of 30.00.",2026-09-26T20:06:43.701Z,179045320370100
"Asking to busted players the rebuy decision.",2026-09-26T20:06:40.019Z,179045320001900
"""rowan @ GthBpPSqaK"" shows a 4♦, 2♠.",2026-09-26T20:06:34.656Z,179045319465600
"-- ending hand #48 --",2026-09-26T20:06:33.514Z,179045319351403
"""Barbie's Men @ 1MAe7RP1K5"" collected 13.48 from pot with Two Pair, J's & 10's (combination: 7♣, 10♦, 10♠, J♥, J♠)",2026-09-26T20:06:33.514Z,179045319351402
"""Barbie's Men @ 1MAe7RP1K5"" shows a 10♦, 5♥.",2026-09-26T20:06:33.514Z,179045319351401
"""sack @ j5H1ebY2vH"" shows a K♣, 3♣.",2026-09-26T20:06:33.514Z,179045319351400
"""rowan @ GthBpPSqaK"" checks",2026-09-26T20:06:32.698Z,179045319269800
"""Barbie's Men @ 1MAe7RP1K5"" checks",2026-09-26T20:06:31.831Z,179045319183100
"""sack @ j5H1ebY2vH"" checks",2026-09-26T20:06:30.872Z,179045319087200
"River: 3♠, 7♣, 10♠, J♥ [J♠]",2026-09-26T20:06:30.608Z,179045319060800
"""rowan @ GthBpPSqaK"" checks",2026-09-26T20:06:29.802Z,179045318980200
"""Barbie's Men @ 1MAe7RP1K5"" checks",2026-09-26T20:06:28.950Z,179045318895000
"""sack @ j5H1ebY2vH"" checks",2026-09-26T20:06:27.867Z,179045318786700
"Turn: 3♠, 7♣, 10♠ [J♥]",2026-09-26T20:06:26.711Z,179045318671100
"""rowan @ GthBpPSqaK"" checks",2026-09-26T20:06:25.901Z,179045318590100
"""Barbie's Men @ 1MAe7RP1K5"" checks",2026-09-26T20:06:19.989Z,179045317998900
"""sack @ j5H1ebY2vH"" checks",2026-09-26T20:06:18.999Z,179045317899900
"Flop:  [3♠, 7♣, 10♠]",2026-09-26T20:06:15.301Z,179045317530100
"""rowan @ GthBpPSqaK"" calls 3.37",2026-09-26T20:06:14.466Z,179045317446600
"""Barbie's Men @ 1MAe7RP1K5"" calls 3.37",2026-09-26T20:06:12.713Z,179045317271300
"""sack @ j5H1ebY2vH"" calls 3.37",2026-09-26T20:06:10.884Z,179045317088400
"""dih @ GO72Iwd2XL"" raises to 3.37 and go all in",2026-09-26T20:06:08.912Z,179045316891200
"""rowan @ GthBpPSqaK"" calls 0.20",2026-09-26T20:06:05.550Z,179045316555000
"""Barbie's Men @ 1MAe7RP1K5"" posts a big blind of 0.20",2026-09-26T20:06:03.730Z,179045316373007
"""sack @ j5H1ebY2vH"" posts a small blind of 0.10",2026-09-26T20:06:03.730Z,179045316373006
"Player stacks: #1 ""rowan @ GthBpPSqaK"" (52.66) | #2 ""dih @ GO72Iwd2XL"" (3.37) | #9 ""sack @ j5H1ebY2vH"" (57.09) | #10 ""Barbie's Men @ 1MAe7RP1K5"" (26.88)",2026-09-26T20:06:03.730Z,179045316373001
"-- starting hand #48 (id: 3rk6skccird1)  No Limit Texas Hold'em (dealer: ""dih @ GO72Iwd2XL"") --",2026-09-26T20:06:03.730Z,179045316373000
"""Barbie's Men @ 1MAe7RP1K5"" shows a Q♠, 2♦.",2026-09-26T20:05:58.473Z,179045315847300
"-- ending hand #47 --",2026-09-26T20:05:57.188Z,179045315718804
"""rowan @ GthBpPSqaK"" collected 52.66 from pot with Two Pair, 10's & 7's (combination: A♥, 7♥, 7♣, 10♣, 10♠)",2026-09-26T20:05:57.188Z,179045315718803
"""rowan @ GthBpPSqaK"" shows a A♥, 7♥.",2026-09-26T20:05:57.188Z,179045315718802
"""dih @ GO72Iwd2XL"" shows a 7♦, 8♠.",2026-09-26T20:05:57.188Z,179045315718801
"Uncalled bet of 3.37 returned to ""dih @ GO72Iwd2XL""",2026-09-26T20:05:57.188Z,179045315718800
"""rowan @ GthBpPSqaK"" calls 7.63 and go all in",2026-09-26T20:05:56.372Z,179045315637200
"""dih @ GO72Iwd2XL"" bets 11.00 and go all in",2026-09-26T20:05:55.506Z,179045315550600
"River: 5♦, 7♣, 10♣, 10♠ [2♣]",2026-09-26T20:05:51.134Z,179045315113400
"""rowan @ GthBpPSqaK"" calls 13.70",2026-09-26T20:05:50.320Z,179045315032000
"""sack @ j5H1ebY2vH"" folds",2026-09-26T20:05:42.029Z,179045314202900
"""dih @ GO72Iwd2XL"" raises to 13.70",2026-09-26T20:05:41.192Z,179045314119200
"""rowan @ GthBpPSqaK"" bets 5.00",2026-09-26T20:05:23.404Z,179045312340400
"""sack @ j5H1ebY2vH"" checks",2026-09-26T20:05:18.135Z,179045311813500
"""dih @ GO72Iwd2XL"" checks",2026-09-26T20:05:14.088Z,179045311408800
"Turn: 5♦, 7♣, 10♣ [10♠]",2026-09-26T20:05:11.835Z,179045311183500
"""Barbie's Men @ 1MAe7RP1K5"" folds",2026-09-26T20:05:10.994Z,179045311099400
"""sack @ j5H1ebY2vH"" calls 2.00",2026-09-26T20:05:10.041Z,179045311004100
"""dih @ GO72Iwd2XL"" calls 2.00",2026-09-26T20:05:08.923Z,179045310892300
"""rowan @ GthBpPSqaK"" bets 2.00",2026-09-26T20:05:06.138Z,179045310613800
"""Barbie's Men @ 1MAe7RP1K5"" checks",2026-09-26T20:05:03.910Z,179045310391000
"""sack @ j5H1ebY2vH"" checks",2026-09-26T20:05:02.959Z,179045310295900
"""dih @ GO72Iwd2XL"" checks",2026-09-26T20:05:01.487Z,179045310148700
"Flop:  [5♦, 7♣, 10♣]",2026-09-26T20:04:58.689Z,179045309868900
"""Barbie's Men @ 1MAe7RP1K5"" calls 1.00",2026-09-26T20:04:57.870Z,179045309787000
"""sack @ j5H1ebY2vH"" calls 1.00",2026-09-26T20:04:56.868Z,179045309686800
"""dih @ GO72Iwd2XL"" calls 1.00",2026-09-26T20:04:54.401Z,179045309440100
"""rowan @ GthBpPSqaK"" raises to 1.00",2026-09-26T20:04:52.454Z,179045309245400
"""Barbie's Men @ 1MAe7RP1K5"" calls 0.20",2026-09-26T20:04:50.270Z,179045309027000
"""sack @ j5H1ebY2vH"" posts a big blind of 0.20",2026-09-26T20:04:48.489Z,179045308848907
"""dih @ GO72Iwd2XL"" posts a small blind of 0.10",2026-09-26T20:04:48.489Z,179045308848906
"Player stacks: #1 ""rowan @ GthBpPSqaK"" (24.33) | #2 ""dih @ GO72Iwd2XL"" (27.70) | #9 ""sack @ j5H1ebY2vH"" (60.09) | #10 ""Barbie's Men @ 1MAe7RP1K5"" (27.88)",2026-09-26T20:04:48.489Z,179045308848901
"-- starting hand #47 (id: fdnybtnaphgr)  No Limit Texas Hold'em (dealer: ""rowan @ GthBpPSqaK"") --",2026-09-26T20:04:48.489Z,179045308848900
"""Barbie's Men @ 1MAe7RP1K5"" shows a J♠.",2026-09-26T20:04:46.032Z,179045308603200
"""Barbie's Men @ 1MAe7RP1K5"" shows a 6♥.",2026-09-26T20:04:45.825Z,179045308582500
"-- ending hand #46 --",2026-09-26T20:04:41.877Z,179045308187702
"""dih @ GO72Iwd2XL"" collected 0.70 from pot",2026-09-26T20:04:41.877Z,179045308187701
"Uncalled bet of 1.00 returned to ""dih @ GO72Iwd2XL""",2026-09-26T20:04:41.877Z,179045308187700
"""Barbie's Men @ 1MAe7RP1K5"" folds",2026-09-26T20:04:41.067Z,179045308106700
"""sack @ j5H1ebY2vH"" folds",2026-09-26T20:04:40.092Z,179045308009200
"""dih @ GO72Iwd2XL"" raises to 1.20",2026-09-26T20:04:38.079Z,179045307807900
"""rowan @ GthBpPSqaK"" folds",2026-09-26T20:04:31.820Z,179045307182000
"""Barbie's Men @ 1MAe7RP1K5"" calls 0.20",2026-09-26T20:04:30.947Z,179045307094700
"""sack @ j5H1ebY2vH"" calls 0.20",2026-09-26T20:04:28.862Z,179045306886200
"""dih @ GO72Iwd2XL"" posts a big blind of 0.20",2026-09-26T20:04:26.131Z,179045306613107
"""rowan @ GthBpPSqaK"" posts a small blind of 0.10",2026-09-26T20:04:26.131Z,179045306613106
"Player stacks: #1 ""rowan @ GthBpPSqaK"" (24.43) | #2 ""dih @ GO72Iwd2XL"" (27.20) | #9 ""sack @ j5H1ebY2vH"" (60.29) | #10 ""Barbie's Men @ 1MAe7RP1K5"" (28.08)",2026-09-26T20:04:26.131Z,179045306613101
"-- starting hand #46 (id: vm6cps2fupa0)  No Limit Texas Hold'em (dealer: ""Barbie's Men @ 1MAe7RP1K5"") --",2026-09-26T20:04:26.131Z,179045306613100
"""Barbie's Men @ 1MAe7RP1K5"" shows a 9♣.",2026-09-26T20:04:22.381Z,179045306238100
"-- ending hand #45 --",2026-09-26T20:04:19.599Z,179045305959903
"""sack @ j5H1ebY2vH"" collected 0.50 from pot with Pair, 3's (combination: 9♠, 10♠, K♠, 3♠, 3♥)",2026-09-26T20:04:19.599Z,179045305959902
"""sack @ j5H1ebY2vH"" shows a K♠, 6♥.",2026-09-26T20:04:19.599Z,179045305959901
"""rowan @ GthBpPSqaK"" shows a J♣, 4♥.",2026-09-26T20:04:19.599Z,179045305959900
"""sack @ j5H1ebY2vH"" checks",2026-09-26T20:04:18.778Z,179045305877800
"""rowan @ GthBpPSqaK"" checks",2026-09-26T20:04:17.890Z,179045305789000
"River: 9♠, 3♠, 2♦, 3♥ [10♠]",2026-09-26T20:04:17.762Z,179045305776200
"""sack @ j5H1ebY2vH"" checks",2026-09-26T20:04:16.951Z,179045305695100
"""rowan @ GthBpPSqaK"" checks",2026-09-26T20:04:16.056Z,179045305605600
"Turn: 9♠, 3♠, 2♦ [3♥]",2026-09-26T20:04:15.844Z,179045305584400
"""sack @ j5H1ebY2vH"" checks",2026-09-26T20:04:15.031Z,179045305503100
"""rowan @ GthBpPSqaK"" checks",2026-09-26T20:04:13.959Z,179045305395900
"Flop:  [9♠, 3♠, 2♦]",2026-09-26T20:04:13.098Z,179045305309800
"""rowan @ GthBpPSqaK"" checks",2026-09-26T20:04:12.270Z,179045305227000
"""Barbie's Men @ 1MAe7RP1K5"" folds",2026-09-26T20:04:11.388Z,179045305138800
"""sack @ j5H1ebY2vH"" calls 0.20",2026-09-26T20:04:10.341Z,179045305034100
"""dih @ GO72Iwd2XL"" folds",2026-09-26T20:04:08.868Z,179045304886800
"""rowan @ GthBpPSqaK"" posts a big blind of 0.20",2026-09-26T20:04:07.358Z,179045304735807
"""Barbie's Men @ 1MAe7RP1K5"" posts a small blind of 0.10",2026-09-26T20:04:07.358Z,179045304735806
"Player stacks: #1 ""rowan @ GthBpPSqaK"" (24.63) | #2 ""dih @ GO72Iwd2XL"" (27.20) | #9 ""sack @ j5H1ebY2vH"" (59.99) | #10 ""Barbie's Men @ 1MAe7RP1K5"" (28.18)",2026-09-26T20:04:07.358Z,179045304735801
"-- starting hand #45 (id: hz5iicmzmgva)  No Limit Texas Hold'em (dealer: ""sack @ j5H1ebY2vH"") --",2026-09-26T20:04:07.358Z,179045304735800
"-- ending hand #44 --",2026-09-26T20:04:01.347Z,179045304134703
"""Barbie's Men @ 1MAe7RP1K5"" collected 0.40 from pot with Pair, A's (combination: 8♥, 9♠, 10♣, A♠, A♥)",2026-09-26T20:04:01.347Z,179045304134702
"""Barbie's Men @ 1MAe7RP1K5"" shows a 8♥, 10♣.",2026-09-26T20:04:01.347Z,179045304134701
"""sack @ j5H1ebY2vH"" shows a 5♥, 2♣.",2026-09-26T20:04:01.347Z,179045304134700
"""Barbie's Men @ 1MAe7RP1K5"" checks",2026-09-26T20:04:00.466Z,179045304046600
"""sack @ j5H1ebY2vH"" checks",2026-09-26T20:03:59.475Z,179045303947500
"River: A♠, 3♣, 6♠, A♥ [9♠]",2026-09-26T20:03:58.843Z,179045303884300
"""Barbie's Men @ 1MAe7RP1K5"" checks",2026-09-26T20:03:57.907Z,179045303790700
"""sack @ j5H1ebY2vH"" checks",2026-09-26T20:03:56.935Z,179045303693500
"Turn: A♠, 3♣, 6♠ [A♥]",2026-09-26T20:03:56.042Z,179045303604200
"""Barbie's Men @ 1MAe7RP1K5"" checks",2026-09-26T20:03:55.155Z,179045303515500
"""sack @ j5H1ebY2vH"" checks",2026-09-26T20:03:54.246Z,179045303424600
"Flop:  [A♠, 3♣, 6♠]",2026-09-26T20:03:51.880Z,179045303188000
"""Barbie's Men @ 1MAe7RP1K5"" checks",2026-09-26T20:03:51.075Z,179045303107500
"""sack @ j5H1ebY2vH"" calls 0.20",2026-09-26T20:03:49.512Z,179045302951200
"""dih @ GO72Iwd2XL"" folds",2026-09-26T20:03:47.695Z,179045302769500
"""rowan @ GthBpPSqaK"" folds",2026-09-26T20:03:46.733Z,179045302673300
"""Barbie's Men @ 1MAe7RP1K5"" posts a big blind of 0.20",2026-09-26T20:03:42.253Z,179045302225307
"""sack @ j5H1ebY2vH"" posts a small blind of 0.10",2026-09-26T20:03:42.253Z,179045302225306
"Player stacks: #1 ""rowan @ GthBpPSqaK"" (24.63) | #2 ""dih @ GO72Iwd2XL"" (27.20) | #9 ""sack @ j5H1ebY2vH"" (60.19) | #10 ""Barbie's Men @ 1MAe7RP1K5"" (27.98)",2026-09-26T20:03:42.253Z,179045302225301
"-- starting hand #44 (id: qjkaodop6wte)  No Limit Texas Hold'em (dealer: ""dih @ GO72Iwd2XL"") --",2026-09-26T20:03:42.253Z,179045302225300
"""sack @ j5H1ebY2vH"" shows a K♦.",2026-09-26T20:03:39.738Z,179045301973800
"""sack @ j5H1ebY2vH"" shows a 6♦.",2026-09-26T20:03:39.476Z,179045301947600
"""rowan @ GthBpPSqaK"" shows a K♣, 8♣.",2026-09-26T20:03:37.565Z,179045301756500
"-- ending hand #43 --",2026-09-26T20:03:35.244Z,179045301524402
"""dih @ GO72Iwd2XL"" collected 3.20 from pot with Two Pair, 6's & 2's (combination: J♥, 2♠, 2♥, 6♠, 6♣)",2026-09-26T20:03:35.244Z,179045301524401
"""dih @ GO72Iwd2XL"" shows a 6♠, 2♠.",2026-09-26T20:03:35.244Z,179045301524400
"""rowan @ GthBpPSqaK"" checks",2026-09-26T20:03:34.426Z,179045301442600
"""sack @ j5H1ebY2vH"" checks",2026-09-26T20:03:32.646Z,179045301264600
"""dih @ GO72Iwd2XL"" checks",2026-09-26T20:03:31.605Z,179045301160500
"River: 6♣, 7♥, J♥, 5♥ [2♥]",2026-09-26T20:03:30.009Z,179045301000900
"""rowan @ GthBpPSqaK"" checks",2026-09-26T20:03:29.188Z,179045300918800
"""sack @ j5H1ebY2vH"" checks",2026-09-26T20:03:28.004Z,179045300800400
"""dih @ GO72Iwd2XL"" checks",2026-09-26T20:03:27.080Z,179045300708000
"Turn: 6♣, 7♥, J♥ [5♥]",2026-09-26T20:03:25.372Z,179045300537200
"""rowan @ GthBpPSqaK"" checks",2026-09-26T20:03:24.476Z,179045300447600
"""sack @ j5H1ebY2vH"" checks",2026-09-26T20:03:23.176Z,179045300317600
"""dih @ GO72Iwd2XL"" checks",2026-09-26T20:03:21.490Z,179045300149000
"Flop:  [6♣, 7♥, J♥]",2026-09-26T20:03:19.643Z,179045299964300
"""Barbie's Men @ 1MAe7RP1K5"" folds",2026-09-26T20:03:18.840Z,179045299884000
"""sack @ j5H1ebY2vH"" calls 1.00",2026-09-26T20:03:17.920Z,179045299792000
"""dih @ GO72Iwd2XL"" calls 1.00",2026-09-26T20:03:16.396Z,179045299639600
"""rowan @ GthBpPSqaK"" raises to 1.00",2026-09-26T20:03:15.434Z,179045299543400
"""Barbie's Men @ 1MAe7RP1K5"" calls 0.20",2026-09-26T20:03:12.761Z,179045299276100
"""sack @ j5H1ebY2vH"" posts a big blind of 0.20",2026-09-26T20:03:10.747Z,179045299074707
"""dih @ GO72Iwd2XL"" posts a small blind of 0.10",2026-09-26T20:03:10.747Z,179045299074706
"Player stacks: #1 ""rowan @ GthBpPSqaK"" (25.63) | #2 ""dih @ GO72Iwd2XL"" (25.00) | #9 ""sack @ j5H1ebY2vH"" (61.19) | #10 ""Barbie's Men @ 1MAe7RP1K5"" (28.18)",2026-09-26T20:03:10.747Z,179045299074701
"-- starting hand #43 (id: w0yrljtwtaoo)  No Limit Texas Hold'em (dealer: ""rowan @ GthBpPSqaK"") --",2026-09-26T20:03:10.747Z,179045299074700
"""dih @ GO72Iwd2XL"" shows a 3♦, Q♦.",2026-09-26T20:03:06.481Z,179045298648100
"""rowan @ GthBpPSqaK"" shows a 8♥, Q♥.",2026-09-26T20:03:06.161Z,179045298616100
"""Barbie's Men @ 1MAe7RP1K5"" shows a J♠, A♥.",2026-09-26T20:03:04.796Z,179045298479600
"-- ending hand #42 --",2026-09-26T20:03:02.727Z,179045298272702
"""rowan @ GthBpPSqaK"" collected 8.00 from pot",2026-09-26T20:03:02.727Z,179045298272701
"Uncalled bet of 4.00 returned to ""rowan @ GthBpPSqaK""",2026-09-26T20:03:02.727Z,179045298272700
"""Barbie's Men @ 1MAe7RP1K5"" folds",2026-09-26T20:03:01.872Z,179045298187200
"""sack @ j5H1ebY2vH"" folds",2026-09-26T20:02:58.006Z,179045297800600
"""dih @ GO72Iwd2XL"" folds",2026-09-26T20:02:57.123Z,179045297712300
"""rowan @ GthBpPSqaK"" bets 4.00",2026-09-26T20:02:55.714Z,179045297571400
"Flop:  [5♠, 2♦, 8♣]",2026-09-26T20:02:52.255Z,179045297225500
"""sack @ j5H1ebY2vH"" calls 2.00",2026-09-26T20:02:51.396Z,179045297139600
"""dih @ GO72Iwd2XL"" calls 2.00",2026-09-26T20:02:50.430Z,179045297043000
"""rowan @ GthBpPSqaK"" calls 2.00",2026-09-26T20:02:49.277Z,179045296927700
"""Barbie's Men @ 1MAe7RP1K5"" raises to 2.00",2026-09-26T20:02:47.503Z,179045296750300
"""sack @ j5H1ebY2vH"" raises to 0.70",2026-09-26T20:02:44.070Z,179045296407000
"""dih @ GO72Iwd2XL"" posts a big blind of 0.20",2026-09-26T20:02:37.446Z,179045295744607
"""rowan @ GthBpPSqaK"" posts a small blind of 0.10",2026-09-26T20:02:37.446Z,179045295744606
"Player stacks: #1 ""rowan @ GthBpPSqaK"" (19.63) | #2 ""dih @ GO72Iwd2XL"" (27.00) | #9 ""sack @ j5H1ebY2vH"" (63.19) | #10 ""Barbie's Men @ 1MAe7RP1K5"" (30.18)",2026-09-26T20:02:37.446Z,179045295744601
"-- starting hand #42 (id: r7ymzua6k7hc)  No Limit Texas Hold'em (dealer: ""Barbie's Men @ 1MAe7RP1K5"") --",2026-09-26T20:02:37.446Z,179045295744600
"""sack @ j5H1ebY2vH"" shows a 6♣.",2026-09-26T20:02:35.965Z,179045295596500
"-- ending hand #41 --",2026-09-26T20:02:33.776Z,179045295377602
"""sack @ j5H1ebY2vH"" collected 11.50 from pot",2026-09-26T20:02:33.776Z,179045295377601
"Uncalled bet of 5.75 returned to ""sack @ j5H1ebY2vH""",2026-09-26T20:02:33.776Z,179045295377600
"""dih @ GO72Iwd2XL"" folds",2026-09-26T20:02:32.937Z,179045295293700
"""sack @ j5H1ebY2vH"" bets 5.75",2026-09-26T20:02:28.455Z,179045294845500
"""dih @ GO72Iwd2XL"" checks",2026-09-26T20:02:22.679Z,179045294267900
"River: 5♣, 10♣, 6♥, 6♠ [2♦]",2026-09-26T20:02:20.904Z,179045294090400
"""sack @ j5H1ebY2vH"" calls 3.00",2026-09-26T20:02:20.098Z,179045294009800
"""dih @ GO72Iwd2XL"" bets 3.00",2026-09-26T20:02:17.067Z,179045293706700
"Turn: 5♣, 10♣, 6♥ [6♠]",2026-09-26T20:02:12.436Z,179045293243600
"""rowan @ GthBpPSqaK"" folds",2026-09-26T20:02:11.587Z,179045293158700
"""sack @ j5H1ebY2vH"" calls 1.50",2026-09-26T20:02:10.686Z,179045293068600
"""dih @ GO72Iwd2XL"" bets 1.50",2026-09-26T20:02:08.391Z,179045292839100
"""rowan @ GthBpPSqaK"" checks",2026-09-26T20:02:05.349Z,179045292534900
"Flop:  [5♣, 10♣, 6♥]",2026-09-26T20:02:04.413Z,179045292441300
"""rowan @ GthBpPSqaK"" calls 0.80",2026-09-26T20:02:03.596Z,179045292359600
"""Barbie's Men @ 1MAe7RP1K5"" folds",2026-09-26T20:02:01.370Z,179045292137000
"""sack @ j5H1ebY2vH"" calls 0.80",2026-09-26T20:02:00.419Z,179045292041900
"""dih @ GO72Iwd2XL"" raises to 0.80",2026-09-26T20:01:59.421Z,179045291942100
"""rowan @ GthBpPSqaK"" posts a big blind of 0.20",2026-09-26T20:01:54.356Z,179045291435607
"""Barbie's Men @ 1MAe7RP1K5"" posts a small blind of 0.10",2026-09-26T20:01:54.356Z,179045291435606
"Player stacks: #1 ""rowan @ GthBpPSqaK"" (20.43) | #2 ""dih @ GO72Iwd2XL"" (32.30) | #9 ""sack @ j5H1ebY2vH"" (56.99) | #10 ""Barbie's Men @ 1MAe7RP1K5"" (30.28)",2026-09-26T20:01:54.356Z,179045291435601
"-- starting hand #41 (id: xi2bdpypstgl)  No Limit Texas Hold'em (dealer: ""sack @ j5H1ebY2vH"") --",2026-09-26T20:01:54.356Z,179045291435600
"-- ending hand #40 --",2026-09-26T20:01:48.347Z,179045290834703
"""rowan @ GthBpPSqaK"" shows a 8♣, J♣.",2026-09-26T20:01:48.347Z,179045290834702
"""Barbie's Men @ 1MAe7RP1K5"" collected 30.28 from pot with Flush, K High (combination: 6♥, 7♥, 8♥, 9♥, K♥)",2026-09-26T20:01:48.347Z,179045290834701
"""Barbie's Men @ 1MAe7RP1K5"" shows a 6♥, K♥.",2026-09-26T20:01:48.347Z,179045290834700
"""sack @ j5H1ebY2vH"" folds",2026-09-26T20:01:47.515Z,179045290751500
"""rowan @ GthBpPSqaK"" calls 11.24",2026-09-26T20:01:46.615Z,179045290661500
"""Barbie's Men @ 1MAe7RP1K5"" bets 11.24 and go all in",2026-09-26T20:01:45.619Z,179045290561900
"""sack @ j5H1ebY2vH"" checks",2026-09-26T20:01:43.382Z,179045290338200
"River: 9♣, 10♣, 8♥, 9♥ [7♥]",2026-09-26T20:01:39.073Z,179045289907300
"""rowan @ GthBpPSqaK"" checks",2026-09-26T20:01:38.237Z,179045289823700
"""Barbie's Men @ 1MAe7RP1K5"" checks",2026-09-26T20:01:35.455Z,179045289545500
"""sack @ j5H1ebY2vH"" checks",2026-09-26T20:01:34.481Z,179045289448100
"Turn: 9♣, 10♣, 8♥ [9♥]",2026-09-26T20:01:31.618Z,179045289161800
"""Barbie's Men @ 1MAe7RP1K5"" calls 1.80",2026-09-26T20:01:30.814Z,179045289081400
"""sack @ j5H1ebY2vH"" calls 1.80",2026-09-26T20:01:29.818Z,179045288981800
"""rowan @ GthBpPSqaK"" bets 1.80",2026-09-26T20:01:25.502Z,179045288550200
"""Barbie's Men @ 1MAe7RP1K5"" checks",2026-09-26T20:01:22.947Z,179045288294700
"""sack @ j5H1ebY2vH"" checks",2026-09-26T20:01:17.705Z,179045287770500
"Flop:  [9♣, 10♣, 8♥]",2026-09-26T20:01:15.102Z,179045287510200
"""Barbie's Men @ 1MAe7RP1K5"" calls 0.80",2026-09-26T20:01:14.253Z,179045287425300
"""sack @ j5H1ebY2vH"" calls 0.80",2026-09-26T20:01:12.669Z,179045287266900
"""dih @ GO72Iwd2XL"" folds",2026-09-26T20:01:11.763Z,179045287176300
"""rowan @ GthBpPSqaK"" raises to 0.80",2026-09-26T20:01:10.883Z,179045287088300
"""Barbie's Men @ 1MAe7RP1K5"" posts a big blind of 0.20",2026-09-26T20:01:07.882Z,179045286788207
"""sack @ j5H1ebY2vH"" posts a small blind of 0.10",2026-09-26T20:01:07.882Z,179045286788206
"Player stacks: #1 ""rowan @ GthBpPSqaK"" (34.27) | #2 ""dih @ GO72Iwd2XL"" (32.30) | #9 ""sack @ j5H1ebY2vH"" (59.59) | #10 ""Barbie's Men @ 1MAe7RP1K5"" (13.84)",2026-09-26T20:01:07.882Z,179045286788201
"-- starting hand #40 (id: 5fwiysj7mpcv)  No Limit Texas Hold'em (dealer: ""dih @ GO72Iwd2XL"") --",2026-09-26T20:01:07.882Z,179045286788200
"""dih @ GO72Iwd2XL"" collected 1.20 from the 7-2 bounty",2026-09-26T20:01:04.963Z,179045286496303
"""sack @ j5H1ebY2vH"" paid 0.40 for the 7-2 bounty to ""dih @ GO72Iwd2XL""",2026-09-26T20:01:04.963Z,179045286496302
"""Barbie's Men @ 1MAe7RP1K5"" paid 0.40 for the 7-2 bounty to ""dih @ GO72Iwd2XL""",2026-09-26T20:01:04.963Z,179045286496301
"""rowan @ GthBpPSqaK"" paid 0.40 for the 7-2 bounty to ""dih @ GO72Iwd2XL""",2026-09-26T20:01:04.963Z,179045286496300
"""sack @ j5H1ebY2vH"" shows a A♣, 8♦.",2026-09-26T20:01:00.105Z,179045286010500
"""Barbie's Men @ 1MAe7RP1K5"" shows a Q♦, 10♠.",2026-09-26T20:00:59.079Z,179045285907900
"""dih @ GO72Iwd2XL"" shows a 2♠, 7♦.",2026-09-26T20:00:57.330Z,179045285733000
"-- ending hand #39 --",2026-09-26T20:00:56.942Z,179045285694202
"""dih @ GO72Iwd2XL"" collected 3.00 from pot",2026-09-26T20:00:56.942Z,179045285694201
"Uncalled bet of 2.10 returned to ""dih @ GO72Iwd2XL""",2026-09-26T20:00:56.942Z,179045285694200
"""Barbie's Men @ 1MAe7RP1K5"" folds",2026-09-26T20:00:56.111Z,179045285611100
"""sack @ j5H1ebY2vH"" folds",2026-09-26T20:00:55.043Z,179045285504300
"""dih @ GO72Iwd2XL"" bets 2.10",2026-09-26T20:00:53.203Z,179045285320300
"Flop:  [J♦, 6♥, 2♥]",2026-09-26T20:00:49.552Z,179045284955200
"""Barbie's Men @ 1MAe7RP1K5"" calls 1.00",2026-09-26T20:00:48.734Z,179045284873400
"""sack @ j5H1ebY2vH"" calls 1.00",2026-09-26T20:00:47.758Z,179045284775800
"""dih @ GO72Iwd2XL"" raises to 1.00",2026-09-26T20:00:46.022Z,179045284602200
"""rowan @ GthBpPSqaK"" folds",2026-09-26T20:00:43.137Z,179045284313700
"""Barbie's Men @ 1MAe7RP1K5"" calls 0.20",2026-09-26T20:00:42.267Z,179045284226700
"""sack @ j5H1ebY2vH"" posts a big blind of 0.20",2026-09-26T20:00:41.116Z,179045284111607
"""dih @ GO72Iwd2XL"" posts a small blind of 0.10",2026-09-26T20:00:41.116Z,179045284111606
"Player stacks: #1 ""rowan @ GthBpPSqaK"" (34.67) | #2 ""dih @ GO72Iwd2XL"" (29.10) | #9 ""sack @ j5H1ebY2vH"" (60.99) | #10 ""Barbie's Men @ 1MAe7RP1K5"" (15.24)",2026-09-26T20:00:41.116Z,179045284111601
"-- starting hand #39 (id: ysskjlijz3kk)  No Limit Texas Hold'em (dealer: ""rowan @ GthBpPSqaK"") --",2026-09-26T20:00:41.116Z,179045284111600
"-- ending hand #38 --",2026-09-26T20:00:35.211Z,179045283521102
"""dih @ GO72Iwd2XL"" collected 0.20 from pot",2026-09-26T20:00:35.211Z,179045283521101
"Uncalled bet of 0.10 returned to ""dih @ GO72Iwd2XL""",2026-09-26T20:00:35.211Z,179045283521100
"""rowan @ GthBpPSqaK"" folds",2026-09-26T20:00:34.386Z,179045283438600
"""Barbie's Men @ 1MAe7RP1K5"" folds",2026-09-26T20:00:33.534Z,179045283353400
"""sack @ j5H1ebY2vH"" folds",2026-09-26T20:00:32.658Z,179045283265800
"""dih @ GO72Iwd2XL"" posts a big blind of 0.20",2026-09-26T20:00:31.153Z,179045283115307
"""rowan @ GthBpPSqaK"" posts a small blind of 0.10",2026-09-26T20:00:31.153Z,179045283115306
"Player stacks: #1 ""rowan @ GthBpPSqaK"" (34.77) | #2 ""dih @ GO72Iwd2XL"" (29.00) | #9 ""sack @ j5H1ebY2vH"" (60.99) | #10 ""Barbie's Men @ 1MAe7RP1K5"" (15.24)",2026-09-26T20:00:31.153Z,179045283115301
"-- starting hand #38 (id: tofnnehjsqji)  No Limit Texas Hold'em (dealer: ""Barbie's Men @ 1MAe7RP1K5"") --",2026-09-26T20:00:31.153Z,179045283115300
"-- ending hand #37 --",2026-09-26T20:00:25.222Z,179045282522202
"""rowan @ GthBpPSqaK"" collected 0.20 from pot",2026-09-26T20:00:25.222Z,179045282522201
"Uncalled bet of 0.10 returned to ""rowan @ GthBpPSqaK""",2026-09-26T20:00:25.222Z,179045282522200
"""Barbie's Men @ 1MAe7RP1K5"" folds",2026-09-26T20:00:24.417Z,179045282441700
"""sack @ j5H1ebY2vH"" folds",2026-09-26T20:00:23.375Z,179045282337500
"""dih @ GO72Iwd2XL"" folds",2026-09-26T20:00:22.499Z,179045282249900
"""rowan @ GthBpPSqaK"" posts a big blind of 0.20",2026-09-26T20:00:20.520Z,179045282052007
"""Barbie's Men @ 1MAe7RP1K5"" posts a small blind of 0.10",2026-09-26T20:00:20.520Z,179045282052006
"Player stacks: #1 ""rowan @ GthBpPSqaK"" (34.67) | #2 ""dih @ GO72Iwd2XL"" (29.00) | #9 ""sack @ j5H1ebY2vH"" (60.99) | #10 ""Barbie's Men @ 1MAe7RP1K5"" (15.34)",2026-09-26T20:00:20.520Z,179045282052001
"-- starting hand #37 (id: 5qnlzz4yephy)  No Limit Texas Hold'em (dealer: ""sack @ j5H1ebY2vH"") --",2026-09-26T20:00:20.520Z,179045282052000
"""dih @ GO72Iwd2XL"" shows a A♠.",2026-09-26T20:00:17.452Z,179045281745200
"""dih @ GO72Iwd2XL"" shows a 5♦.",2026-09-26T20:00:17.067Z,179045281706700
"""Barbie's Men @ 1MAe7RP1K5"" shows a J♣.",2026-09-26T20:00:17.045Z,179045281704500
"""sack @ j5H1ebY2vH"" shows a 10♥, 9♠.",2026-09-26T20:00:16.825Z,179045281682500
"-- ending hand #36 --",2026-09-26T20:00:15.517Z,179045281551702
"""sack @ j5H1ebY2vH"" collected 3.80 from pot",2026-09-26T20:00:15.517Z,179045281551701
"Uncalled bet of 3.80 returned to ""sack @ j5H1ebY2vH""",2026-09-26T20:00:15.517Z,179045281551700
"""dih @ GO72Iwd2XL"" folds",2026-09-26T20:00:14.702Z,179045281470200
"""sack @ j5H1ebY2vH"" bets 3.80",2026-09-26T20:00:13.672Z,179045281367200
"River: Q♠, 3♠, 8♥, 8♣ [J♠]",2026-09-26T20:00:09.917Z,179045280991700
"""dih @ GO72Iwd2XL"" checks",2026-09-26T20:00:09.087Z,179045280908700
"""sack @ j5H1ebY2vH"" checks",2026-09-26T20:00:07.449Z,179045280744900
"Turn: Q♠, 3♠, 8♥ [8♣]",2026-09-26T20:00:02.196Z,179045280219600
"""Barbie's Men @ 1MAe7RP1K5"" folds",2026-09-26T20:00:01.282Z,179045280128200
"""sack @ j5H1ebY2vH"" calls 1.00",2026-09-26T20:00:00.242Z,179045280024200
"""dih @ GO72Iwd2XL"" bets 1.00",2026-09-26T19:59:58.015Z,179045279801500
"""Barbie's Men @ 1MAe7RP1K5"" checks",2026-09-26T19:59:55.636Z,179045279563600
"""sack @ j5H1ebY2vH"" checks",2026-09-26T19:59:54.755Z,179045279475500
"Flop:  [Q♠, 3♠, 8♥]",2026-09-26T19:59:52.168Z,179045279216800
"""Barbie's Men @ 1MAe7RP1K5"" calls 0.60",2026-09-26T19:59:51.349Z,179045279134900
"""sack @ j5H1ebY2vH"" calls 0.60",2026-09-26T19:59:50.449Z,179045279044900
"""dih @ GO72Iwd2XL"" raises to 0.60",2026-09-26T19:59:49.516Z,179045278951600
"""rowan @ GthBpPSqaK"" folds",2026-09-26T19:59:46.879Z,179045278687900
"""Barbie's Men @ 1MAe7RP1K5"" posts a big blind of 0.20",2026-09-26T19:59:45.366Z,179045278536607
"""sack @ j5H1ebY2vH"" posts a small blind of 0.10",2026-09-26T19:59:45.366Z,179045278536606
"Player stacks: #1 ""rowan @ GthBpPSqaK"" (34.67) | #2 ""dih @ GO72Iwd2XL"" (30.60) | #9 ""sack @ j5H1ebY2vH"" (58.79) | #10 ""Barbie's Men @ 1MAe7RP1K5"" (15.94)",2026-09-26T19:59:45.366Z,179045278536601
"-- starting hand #36 (id: whqing4xjzhu)  No Limit Texas Hold'em (dealer: ""dih @ GO72Iwd2XL"") --",2026-09-26T19:59:45.366Z,179045278536600
"""dih @ GO72Iwd2XL"" shows a J♦.",2026-09-26T19:59:42.532Z,179045278253200
"""dih @ GO72Iwd2XL"" shows a A♣.",2026-09-26T19:59:42.038Z,179045278203800
"""Barbie's Men @ 1MAe7RP1K5"" shows a 6♦, 6♣.",2026-09-26T19:59:40.217Z,179045278021700
"-- ending hand #35 --",2026-09-26T19:59:38.049Z,179045277804902
"""dih @ GO72Iwd2XL"" collected 6.60 from pot",2026-09-26T19:59:38.049Z,179045277804901
"Uncalled bet of 4.00 returned to ""dih @ GO72Iwd2XL""",2026-09-26T19:59:38.049Z,179045277804900
"""Barbie's Men @ 1MAe7RP1K5"" folds",2026-09-26T19:59:37.218Z,179045277721800
"""dih @ GO72Iwd2XL"" bets 4.00",2026-09-26T19:59:35.669Z,179045277566900
"Flop:  [7♦, A♦, Q♣]",2026-09-26T19:59:31.557Z,179045277155700
"""Barbie's Men @ 1MAe7RP1K5"" calls 3.20",2026-09-26T19:59:30.714Z,179045277071400
"""sack @ j5H1ebY2vH"" folds",2026-09-26T19:59:29.679Z,179045276967900
"""dih @ GO72Iwd2XL"" raises to 3.20",2026-09-26T19:59:27.638Z,179045276763800
"""rowan @ GthBpPSqaK"" folds",2026-09-26T19:59:21.776Z,179045276177600
"""Barbie's Men @ 1MAe7RP1K5"" raises to 1.00",2026-09-26T19:59:20.938Z,179045276093800
"""sack @ j5H1ebY2vH"" posts a big blind of 0.20",2026-09-26T19:59:16.414Z,179045275641407
"""dih @ GO72Iwd2XL"" posts a small blind of 0.10",2026-09-26T19:59:16.414Z,179045275641406
"Player stacks: #1 ""rowan @ GthBpPSqaK"" (34.67) | #2 ""dih @ GO72Iwd2XL"" (27.20) | #9 ""sack @ j5H1ebY2vH"" (58.99) | #10 ""Barbie's Men @ 1MAe7RP1K5"" (19.14)",2026-09-26T19:59:16.414Z,179045275641401
"-- starting hand #35 (id: bhbebrcij8fu)  No Limit Texas Hold'em (dealer: ""rowan @ GthBpPSqaK"") --",2026-09-26T19:59:16.414Z,179045275641400
"""rowan @ GthBpPSqaK"" shows a 7♥.",2026-09-26T19:59:13.030Z,179045275303000
"-- ending hand #34 --",2026-09-26T19:59:09.890Z,179045274989002
"""sack @ j5H1ebY2vH"" collected 21.20 from pot with Two Pair, A's & 3's (combination: 7♠, 3♠, 3♣, A♠, A♦)",2026-09-26T19:59:09.890Z,179045274989001
"""sack @ j5H1ebY2vH"" shows a A♠, 4♣.",2026-09-26T19:59:09.890Z,179045274989000
"""rowan @ GthBpPSqaK"" calls 5.30",2026-09-26T19:59:09.084Z,179045274908400
"""sack @ j5H1ebY2vH"" bets 5.30",2026-09-26T19:58:52.923Z,179045273292300
"""rowan @ GthBpPSqaK"" checks",2026-09-26T19:58:45.864Z,179045272586400
"River: A♦, 3♠, 5♣, 7♠ [3♣]",2026-09-26T19:58:44.756Z,179045272475600
"""rowan @ GthBpPSqaK"" calls 2.00",2026-09-26T19:58:43.919Z,179045272391900
"""sack @ j5H1ebY2vH"" bets 2.00",2026-09-26T19:58:42.887Z,179045272288700
"""rowan @ GthBpPSqaK"" checks",2026-09-26T19:58:36.571Z,179045271657100
"Turn: A♦, 3♠, 5♣ [7♠]",2026-09-26T19:58:33.550Z,179045271355000
"""Barbie's Men @ 1MAe7RP1K5"" folds",2026-09-26T19:58:32.718Z,179045271271800
"""sack @ j5H1ebY2vH"" calls 1.40",2026-09-26T19:58:31.828Z,179045271182800
"""rowan @ GthBpPSqaK"" bets 1.40",2026-09-26T19:58:30.640Z,179045271064000
"Flop:  [A♦, 3♠, 5♣]",2026-09-26T19:58:24.818Z,179045270481800
"""Barbie's Men @ 1MAe7RP1K5"" calls 1.20",2026-09-26T19:58:24.013Z,179045270401300
"""sack @ j5H1ebY2vH"" calls 1.20",2026-09-26T19:58:23.122Z,179045270312200
"""dih @ GO72Iwd2XL"" folds",2026-09-26T19:58:19.374Z,179045269937400
"""rowan @ GthBpPSqaK"" raises to 1.20",2026-09-26T19:58:18.200Z,179045269820000
"""Barbie's Men @ 1MAe7RP1K5"" calls 0.20",2026-09-26T19:58:15.378Z,179045269537800
"""sack @ j5H1ebY2vH"" calls 0.20",2026-09-26T19:58:13.723Z,179045269372300
"""dih @ GO72Iwd2XL"" posts a big blind of 0.20",2026-09-26T19:58:11.073Z,179045269107307
"""rowan @ GthBpPSqaK"" posts a small blind of 0.10",2026-09-26T19:58:11.073Z,179045269107306
"Player stacks: #1 ""rowan @ GthBpPSqaK"" (44.57) | #2 ""dih @ GO72Iwd2XL"" (27.40) | #9 ""sack @ j5H1ebY2vH"" (47.69) | #10 ""Barbie's Men @ 1MAe7RP1K5"" (20.34)",2026-09-26T19:58:11.073Z,179045269107301
"-- starting hand #34 (id: t18drf5genbg)  No Limit Texas Hold'em (dealer: ""Barbie's Men @ 1MAe7RP1K5"") --",2026-09-26T19:58:11.073Z,179045269107300
"""rowan @ GthBpPSqaK"" shows a 3♦, 3♥.",2026-09-26T19:58:06.467Z,179045268646700
"-- ending hand #33 --",2026-09-26T19:58:04.508Z,179045268450803
"""sack @ j5H1ebY2vH"" shows a A♠, 6♦.",2026-09-26T19:58:04.508Z,179045268450802
"""Barbie's Men @ 1MAe7RP1K5"" collected 20.34 from pot with Two Pair, A's & 7's (combination: J♠, 7♥, 7♦, A♦, A♣)",2026-09-26T19:58:04.508Z,179045268450801
"""Barbie's Men @ 1MAe7RP1K5"" shows a 7♥, A♦.",2026-09-26T19:58:04.508Z,179045268450800
"""sack @ j5H1ebY2vH"" calls 8.62",2026-09-26T19:58:03.706Z,179045268370600
"""Barbie's Men @ 1MAe7RP1K5"" raises to 8.62 and go all in",2026-09-26T19:58:01.058Z,179045268105800
"""sack @ j5H1ebY2vH"" bets 1.55",2026-09-26T19:57:58.842Z,179045267884200
"""Barbie's Men @ 1MAe7RP1K5"" checks",2026-09-26T19:57:56.497Z,179045267649700
"River: J♠, A♣, 2♥, 3♠ [7♦]",2026-09-26T19:57:55.352Z,179045267535200
"""sack @ j5H1ebY2vH"" checks",2026-09-26T19:57:54.506Z,179045267450600
"""Barbie's Men @ 1MAe7RP1K5"" checks",2026-09-26T19:57:51.521Z,179045267152100
"Turn: J♠, A♣, 2♥ [3♠]",2026-09-26T19:57:48.090Z,179045266809000
"""sack @ j5H1ebY2vH"" calls 1.25",2026-09-26T19:57:47.274Z,179045266727400
"""rowan @ GthBpPSqaK"" folds",2026-09-26T19:57:46.368Z,179045266636800
"""Barbie's Men @ 1MAe7RP1K5"" bets 1.25",2026-09-26T19:57:45.343Z,179045266534300
"Flop:  [J♠, A♣, 2♥]",2026-09-26T19:57:39.286Z,179045265928600
"""rowan @ GthBpPSqaK"" checks",2026-09-26T19:57:38.480Z,179045265848000
"""Barbie's Men @ 1MAe7RP1K5"" calls 0.20",2026-09-26T19:57:37.603Z,179045265760300
"""sack @ j5H1ebY2vH"" calls 0.20",2026-09-26T19:57:36.707Z,179045265670700
"""dih @ GO72Iwd2XL"" folds",2026-09-26T19:57:33.802Z,179045265380200
"""rowan @ GthBpPSqaK"" posts a big blind of 0.20",2026-09-26T19:57:31.183Z,179045265118307
"""Barbie's Men @ 1MAe7RP1K5"" posts a small blind of 0.10",2026-09-26T19:57:31.183Z,179045265118306
"Player stacks: #1 ""rowan @ GthBpPSqaK"" (44.77) | #2 ""dih @ GO72Iwd2XL"" (27.40) | #9 ""sack @ j5H1ebY2vH"" (57.76) | #10 ""Barbie's Men @ 1MAe7RP1K5"" (10.07)",2026-09-26T19:57:31.183Z,179045265118301
"-- starting hand #33 (id: xbi5mutjd2mt)  No Limit Texas Hold'em (dealer: ""sack @ j5H1ebY2vH"") --",2026-09-26T19:57:31.183Z,179045265118300
"-- ending hand #32 --",2026-09-26T19:57:25.178Z,179045264517803
"""dih @ GO72Iwd2XL"" collected 0.60 from pot with Two Pair, A's & 7's (combination: Q♥, 7♦, 7♣, A♠, A♦)",2026-09-26T19:57:25.178Z,179045264517802
"""dih @ GO72Iwd2XL"" shows a Q♥, 6♥.",2026-09-26T19:57:25.178Z,179045264517801
"""sack @ j5H1ebY2vH"" shows a 9♥, 10♣.",2026-09-26T19:57:25.178Z,179045264517800
"""dih @ GO72Iwd2XL"" checks",2026-09-26T19:57:24.314Z,179045264431400
"""Barbie's Men @ 1MAe7RP1K5"" checks",2026-09-26T19:57:23.469Z,179045264346900
"""sack @ j5H1ebY2vH"" checks",2026-09-26T19:57:22.451Z,179045264245100
"River: 7♦, 7♣, A♠, 5♦ [A♦]",2026-09-26T19:57:22.177Z,179045264217700
"""dih @ GO72Iwd2XL"" checks",2026-09-26T19:57:21.338Z,179045264133800
"""Barbie's Men @ 1MAe7RP1K5"" checks",2026-09-26T19:57:20.460Z,179045264046000
"""sack @ j5H1ebY2vH"" checks",2026-09-26T19:57:19.564Z,179045263956400
"Turn: 7♦, 7♣, A♠ [5♦]",2026-09-26T19:57:18.588Z,179045263858800
"""dih @ GO72Iwd2XL"" checks",2026-09-26T19:57:17.757Z,179045263775700
"""Barbie's Men @ 1MAe7RP1K5"" checks",2026-09-26T19:57:16.848Z,179045263684800
"""sack @ j5H1ebY2vH"" checks",2026-09-26T19:57:13.786Z,179045263378600
"Flop:  [7♦, 7♣, A♠]",2026-09-26T19:57:11.950Z,179045263195000
"""Barbie's Men @ 1MAe7RP1K5"" checks",2026-09-26T19:57:11.117Z,179045263111700
"""sack @ j5H1ebY2vH"" calls 0.20",2026-09-26T19:57:10.210Z,179045263021000
"""dih @ GO72Iwd2XL"" calls 0.20",2026-09-26T19:57:05.642Z,179045262564200
"""rowan @ GthBpPSqaK"" folds",2026-09-26T19:57:04.208Z,179045262420800
"""Barbie's Men @ 1MAe7RP1K5"" posts a big blind of 0.20",2026-09-26T19:57:01.891Z,179045262189107
"""sack @ j5H1ebY2vH"" posts a small blind of 0.10",2026-09-26T19:57:01.891Z,179045262189106
"Player stacks: #1 ""rowan @ GthBpPSqaK"" (44.77) | #2 ""dih @ GO72Iwd2XL"" (27.00) | #9 ""sack @ j5H1ebY2vH"" (57.96) | #10 ""Barbie's Men @ 1MAe7RP1K5"" (10.27)",2026-09-26T19:57:01.891Z,179045262189101
"-- starting hand #32 (id: imggcd7j0ap9)  No Limit Texas Hold'em (dealer: ""dih @ GO72Iwd2XL"") --",2026-09-26T19:57:01.891Z,179045262189100
"-- ending hand #31 --",2026-09-26T19:56:55.816Z,179045261581603
"""sack @ j5H1ebY2vH"" collected 20.80 from pot with Three of a Kind, 10's (combination: 7♠, Q♥, 10♣, 10♥, 10♠)",2026-09-26T19:56:55.816Z,179045261581602
"""sack @ j5H1ebY2vH"" shows a 7♠, 10♣.",2026-09-26T19:56:55.816Z,179045261581601
"""dih @ GO72Iwd2XL"" shows a 5♥, 2♥.",2026-09-26T19:56:55.816Z,179045261581600
"""sack @ j5H1ebY2vH"" calls 7.00",2026-09-26T19:56:55.014Z,179045261501400
"""dih @ GO72Iwd2XL"" bets 7.00",2026-09-26T19:56:53.712Z,179045261371200
"River: 4♦, 10♥, Q♥, 10♠ [3♠]",2026-09-26T19:56:48.572Z,179045260857200
"""rowan @ GthBpPSqaK"" folds",2026-09-26T19:56:47.737Z,179045260773700
"""sack @ j5H1ebY2vH"" calls 2.20",2026-09-26T19:56:46.851Z,179045260685100
"""dih @ GO72Iwd2XL"" bets 2.20",2026-09-26T19:56:44.789Z,179045260478900
"Turn: 4♦, 10♥, Q♥ [10♠]",2026-09-26T19:56:41.358Z,179045260135800
"""rowan @ GthBpPSqaK"" checks",2026-09-26T19:56:40.496Z,179045260049600
"""sack @ j5H1ebY2vH"" checks",2026-09-26T19:56:37.506Z,179045259750600
"""dih @ GO72Iwd2XL"" checks",2026-09-26T19:56:35.889Z,179045259588900
"Flop:  [4♦, 10♥, Q♥]",2026-09-26T19:56:34.096Z,179045259409600
"""sack @ j5H1ebY2vH"" calls 0.80",2026-09-26T19:56:33.207Z,179045259320700
"""dih @ GO72Iwd2XL"" calls 0.80",2026-09-26T19:56:32.371Z,179045259237100
"""rowan @ GthBpPSqaK"" raises to 0.80",2026-09-26T19:56:31.004Z,179045259100400
"""Barbie's Men @ 1MAe7RP1K5"" folds",2026-09-26T19:56:27.972Z,179045258797200
"""sack @ j5H1ebY2vH"" posts a big blind of 0.20",2026-09-26T19:56:26.769Z,179045258676907
"""dih @ GO72Iwd2XL"" posts a small blind of 0.10",2026-09-26T19:56:26.769Z,179045258676906
"Player stacks: #1 ""rowan @ GthBpPSqaK"" (45.57) | #2 ""dih @ GO72Iwd2XL"" (37.00) | #9 ""sack @ j5H1ebY2vH"" (47.16) | #10 ""Barbie's Men @ 1MAe7RP1K5"" (10.27)",2026-09-26T19:56:26.769Z,179045258676901
"-- starting hand #31 (id: hgqlmgulhzmu)  No Limit Texas Hold'em (dealer: ""rowan @ GthBpPSqaK"") --",2026-09-26T19:56:26.769Z,179045258676900
"-- ending hand #30 --",2026-09-26T19:56:18.756Z,179045257875602
"""sack @ j5H1ebY2vH"" collected 23.58 from pot with Pair, K's on the second run  (combination: 8♠, 10♣, A♣, K♣, K♦)",2026-09-26T19:56:18.756Z,179045257875601
"""sack @ j5H1ebY2vH"" collected 23.58 from pot with Pair, K's (combination: 9♣, Q♥, A♦, K♣, K♦)",2026-09-26T19:56:18.756Z,179045257875600
"River (second run): A♣, 7♥, 8♠, 4♣ [10♣]",2026-09-26T19:56:14.747Z,179045257474700
"Turn (second run): A♣, 7♥, 8♠ [4♣]",2026-09-26T19:56:10.741Z,179045257074100
"Flop (second run):  [A♣, 7♥, 8♠]",2026-09-26T19:56:06.736Z,179045256673600
"River: 9♣, Q♥, 5♥, A♦ [2♣]",2026-09-26T19:56:02.712Z,179045256271200
"Turn: 9♣, Q♥, 5♥ [A♦]",2026-09-26T19:55:58.660Z,179045255866000
"Flop:  [9♣, Q♥, 5♥]",2026-09-26T19:55:54.657Z,179045255465700
"""Barbie's Men @ 1MAe7RP1K5"" shows a K♥, Q♦.",2026-09-26T19:55:50.623Z,179045255062301
"""sack @ j5H1ebY2vH"" shows a K♣, K♦.",2026-09-26T19:55:50.623Z,179045255062300
"All players in hand choose to run it twice.",2026-09-26T19:55:49.795Z,179045254979501
"""sack @ j5H1ebY2vH"" chooses to  run it twice.",2026-09-26T19:55:49.795Z,179045254979500
"""Barbie's Men @ 1MAe7RP1K5"" chooses to  run it twice.",2026-09-26T19:55:49.054Z,179045254905400
"Remaining players decide whether to run it twice.",2026-09-26T19:55:48.391Z,179045254839101
"""Barbie's Men @ 1MAe7RP1K5"" calls 23.43",2026-09-26T19:55:48.391Z,179045254839100
"""sack @ j5H1ebY2vH"" raises to 23.43 and go all in",2026-09-26T19:55:47.277Z,179045254727700
"""dih @ GO72Iwd2XL"" folds",2026-09-26T19:55:44.928Z,179045254492800
"""rowan @ GthBpPSqaK"" folds",2026-09-26T19:55:44.083Z,179045254408300
"""Barbie's Men @ 1MAe7RP1K5"" raises to 4.00",2026-09-26T19:55:41.288Z,179045254128800
"""sack @ j5H1ebY2vH"" raises to 1.50",2026-09-26T19:55:34.643Z,179045253464300
"""dih @ GO72Iwd2XL"" posts a big blind of 0.20",2026-09-26T19:55:25.858Z,179045252585807
"""rowan @ GthBpPSqaK"" posts a small blind of 0.10",2026-09-26T19:55:25.858Z,179045252585806
"Player stacks: #1 ""rowan @ GthBpPSqaK"" (45.67) | #2 ""dih @ GO72Iwd2XL"" (37.20) | #9 ""sack @ j5H1ebY2vH"" (23.43) | #10 ""Barbie's Men @ 1MAe7RP1K5"" (33.70)",2026-09-26T19:55:25.858Z,179045252585801
"-- starting hand #30 (id: dmdz6elbxgva)  No Limit Texas Hold'em (dealer: ""Barbie's Men @ 1MAe7RP1K5"") --",2026-09-26T19:55:25.858Z,179045252585800
"""sack @ j5H1ebY2vH"" shows a 8♣, 10♣.",2026-09-26T19:55:24.152Z,179045252415200
"""Barbie's Men @ 1MAe7RP1K5"" shows a K♥.",2026-09-26T19:55:23.126Z,179045252312600
"-- ending hand #29 --",2026-09-26T19:55:21.554Z,179045252155402
"""sack @ j5H1ebY2vH"" collected 3.20 from pot",2026-09-26T19:55:21.554Z,179045252155401
"Uncalled bet of 1.60 returned to ""sack @ j5H1ebY2vH""",2026-09-26T19:55:21.554Z,179045252155400
"""Barbie's Men @ 1MAe7RP1K5"" folds",2026-09-26T19:55:20.726Z,179045252072600
"""sack @ j5H1ebY2vH"" bets 1.60",2026-09-26T19:55:19.794Z,179045251979400
"""Barbie's Men @ 1MAe7RP1K5"" checks",2026-09-26T19:55:17.366Z,179045251736600
"River: J♥, 4♣, K♣, A♣ [6♠]",2026-09-26T19:55:16.366Z,179045251636600
"""sack @ j5H1ebY2vH"" checks",2026-09-26T19:55:15.563Z,179045251556300
"""Barbie's Men @ 1MAe7RP1K5"" checks",2026-09-26T19:55:14.273Z,179045251427300
"Turn: J♥, 4♣, K♣ [A♣]",2026-09-26T19:55:12.545Z,179045251254500
"""sack @ j5H1ebY2vH"" calls 1.20",2026-09-26T19:55:11.664Z,179045251166400
"""dih @ GO72Iwd2XL"" folds",2026-09-26T19:55:10.759Z,179045251075900
"""rowan @ GthBpPSqaK"" folds",2026-09-26T19:55:03.075Z,179045250307500
"""Barbie's Men @ 1MAe7RP1K5"" bets 1.20",2026-09-26T19:55:02.150Z,179045250215000
"Flop:  [J♥, 4♣, K♣]",2026-09-26T19:54:56.359Z,179045249635900
"""rowan @ GthBpPSqaK"" checks",2026-09-26T19:54:55.517Z,179045249551700
"""Barbie's Men @ 1MAe7RP1K5"" calls 0.20",2026-09-26T19:54:54.646Z,179045249464600
"""sack @ j5H1ebY2vH"" calls 0.20",2026-09-26T19:54:53.675Z,179045249367500
"""dih @ GO72Iwd2XL"" calls 0.20",2026-09-26T19:54:51.424Z,179045249142400
"""rowan @ GthBpPSqaK"" posts a big blind of 0.20",2026-09-26T19:54:50.155Z,179045249015507
"""Barbie's Men @ 1MAe7RP1K5"" posts a small blind of 0.10",2026-09-26T19:54:50.155Z,179045249015506
"Player stacks: #1 ""rowan @ GthBpPSqaK"" (45.87) | #2 ""dih @ GO72Iwd2XL"" (37.40) | #9 ""sack @ j5H1ebY2vH"" (21.63) | #10 ""Barbie's Men @ 1MAe7RP1K5"" (35.10)",2026-09-26T19:54:50.155Z,179045249015501
"-- starting hand #29 (id: 8z8iy89deqcj)  No Limit Texas Hold'em (dealer: ""sack @ j5H1ebY2vH"") --",2026-09-26T19:54:50.155Z,179045249015500
"""sack @ j5H1ebY2vH"" shows a 9♦, K♦.",2026-09-26T19:54:47.195Z,179045248719500
"""Barbie's Men @ 1MAe7RP1K5"" shows a 10♣, 7♦.",2026-09-26T19:54:45.968Z,179045248596800
"""rowan @ GthBpPSqaK"" shows a 3♦, 3♣.",2026-09-26T19:54:43.939Z,179045248393900
"-- ending hand #28 --",2026-09-26T19:54:42.151Z,179045248215102
"""sack @ j5H1ebY2vH"" collected 8.00 from pot",2026-09-26T19:54:42.151Z,179045248215101
"Uncalled bet of 6.00 returned to ""sack @ j5H1ebY2vH""",2026-09-26T19:54:42.151Z,179045248215100
"""dih @ GO72Iwd2XL"" folds",2026-09-26T19:54:41.317Z,179045248131700
"""rowan @ GthBpPSqaK"" folds",2026-09-26T19:54:40.384Z,179045248038400
"""sack @ j5H1ebY2vH"" bets 6.00",2026-09-26T19:54:39.544Z,179045247954400
"Flop:  [J♥, 7♠, A♦]",2026-09-26T19:54:33.363Z,179045247336300
"""dih @ GO72Iwd2XL"" calls 2.60",2026-09-26T19:54:32.556Z,179045247255600
"""rowan @ GthBpPSqaK"" calls 2.60",2026-09-26T19:54:31.390Z,179045247139000
"""Barbie's Men @ 1MAe7RP1K5"" folds",2026-09-26T19:54:28.567Z,179045246856700
"""sack @ j5H1ebY2vH"" raises to 2.60",2026-09-26T19:54:27.538Z,179045246753800
"""dih @ GO72Iwd2XL"" calls 0.60",2026-09-26T19:54:23.559Z,179045246355900
"""rowan @ GthBpPSqaK"" raises to 0.60",2026-09-26T19:54:20.593Z,179045246059300
"""Barbie's Men @ 1MAe7RP1K5"" posts a big blind of 0.20",2026-09-26T19:54:16.113Z,179045245611307
"""sack @ j5H1ebY2vH"" posts a small blind of 0.10",2026-09-26T19:54:16.113Z,179045245611306
"Player stacks: #1 ""rowan @ GthBpPSqaK"" (48.47) | #2 ""dih @ GO72Iwd2XL"" (40.00) | #9 ""sack @ j5H1ebY2vH"" (16.23) | #10 ""Barbie's Men @ 1MAe7RP1K5"" (35.30)",2026-09-26T19:54:16.113Z,179045245611301
"-- starting hand #28 (id: iedaokcc83jj)  No Limit Texas Hold'em (dealer: ""dih @ GO72Iwd2XL"") --",2026-09-26T19:54:16.113Z,179045245611300
"""Barbie's Men @ 1MAe7RP1K5"" shows a A♦.",2026-09-26T19:54:11.591Z,179045245159100
"-- ending hand #27 --",2026-09-26T19:54:09.509Z,179045244950902
"""Barbie's Men @ 1MAe7RP1K5"" collected 7.60 from pot",2026-09-26T19:54:09.509Z,179045244950901
"Uncalled bet of 2.60 returned to ""Barbie's Men @ 1MAe7RP1K5""",2026-09-26T19:54:09.509Z,179045244950900
"""dih @ GO72Iwd2XL"" folds",2026-09-26T19:54:08.669Z,179045244866900
"""Barbie's Men @ 1MAe7RP1K5"" raises to 5.20",2026-09-26T19:53:59.769Z,179045243976900
"""sack @ j5H1ebY2vH"" folds",2026-09-26T19:53:58.042Z,179045243804200
"""dih @ GO72Iwd2XL"" bets 2.60",2026-09-26T19:53:57.125Z,179045243712500
"Flop:  [A♥, 5♥, 5♦]",2026-09-26T19:53:51.560Z,179045243156000
"""Barbie's Men @ 1MAe7RP1K5"" calls 0.80",2026-09-26T19:53:50.746Z,179045243074600
"""sack @ j5H1ebY2vH"" calls 0.80",2026-09-26T19:53:48.546Z,179045242854600
"""dih @ GO72Iwd2XL"" raises to 0.80",2026-09-26T19:53:47.480Z,179045242748000
"""rowan @ GthBpPSqaK"" folds",2026-09-26T19:53:45.229Z,179045242522900
"""Barbie's Men @ 1MAe7RP1K5"" calls 0.20",2026-09-26T19:53:44.387Z,179045242438700
"""sack @ j5H1ebY2vH"" posts a big blind of 0.20",2026-09-26T19:53:42.865Z,179045242286507
"""dih @ GO72Iwd2XL"" posts a small blind of 0.10",2026-09-26T19:53:42.865Z,179045242286506
"Player stacks: #1 ""rowan @ GthBpPSqaK"" (48.47) | #2 ""dih @ GO72Iwd2XL"" (43.40) | #9 ""sack @ j5H1ebY2vH"" (17.03) | #10 ""Barbie's Men @ 1MAe7RP1K5"" (31.10)",2026-09-26T19:53:42.865Z,179045242286501
"-- starting hand #27 (id: 4m74butmtkor)  No Limit Texas Hold'em (dealer: ""rowan @ GthBpPSqaK"") --",2026-09-26T19:53:42.865Z,179045242286500
"""sack @ j5H1ebY2vH"" shows a 6♠, 7♥.",2026-09-26T19:53:40.800Z,179045242080000
"""Barbie's Men @ 1MAe7RP1K5"" shows a 2♠, 10♦.",2026-09-26T19:53:38.240Z,179045241824000
"-- ending hand #26 --",2026-09-26T19:53:35.554Z,179045241555402
"""sack @ j5H1ebY2vH"" collected 5.40 from pot",2026-09-26T19:53:35.554Z,179045241555401
"Uncalled bet of 2.70 returned to ""sack @ j5H1ebY2vH""",2026-09-26T19:53:35.554Z,179045241555400
"""rowan @ GthBpPSqaK"" folds",2026-09-26T19:53:34.711Z,179045241471100
"""sack @ j5H1ebY2vH"" bets 2.70",2026-09-26T19:53:33.183Z,179045241318300
"""rowan @ GthBpPSqaK"" checks",2026-09-26T19:53:30.370Z,179045241037000
"Flop:  [6♦, 9♥, 8♥]",2026-09-26T19:53:29.450Z,179045240945000
"""rowan @ GthBpPSqaK"" calls 2.60",2026-09-26T19:53:28.611Z,179045240861100
"""sack @ j5H1ebY2vH"" raises to 2.60",2026-09-26T19:53:26.720Z,179045240672000
"""dih @ GO72Iwd2XL"" folds",2026-09-26T19:53:23.105Z,179045240310500
"""rowan @ GthBpPSqaK"" raises to 0.80",2026-09-26T19:53:21.364Z,179045240136400
"""Barbie's Men @ 1MAe7RP1K5"" folds",2026-09-26T19:53:16.727Z,179045239672700
"""sack @ j5H1ebY2vH"" calls 0.20",2026-09-26T19:53:15.724Z,179045239572400
"""dih @ GO72Iwd2XL"" posts a big blind of 0.20",2026-09-26T19:53:12.630Z,179045239263007
"""rowan @ GthBpPSqaK"" posts a small blind of 0.10",2026-09-26T19:53:12.630Z,179045239263006
"Player stacks: #1 ""rowan @ GthBpPSqaK"" (51.07) | #2 ""dih @ GO72Iwd2XL"" (43.60) | #9 ""sack @ j5H1ebY2vH"" (14.23) | #10 ""Barbie's Men @ 1MAe7RP1K5"" (31.10)",2026-09-26T19:53:12.630Z,179045239263001
"-- starting hand #26 (id: fhldi31dvvjt)  No Limit Texas Hold'em (dealer: ""Barbie's Men @ 1MAe7RP1K5"") --",2026-09-26T19:53:12.630Z,179045239263000
"""sack @ j5H1ebY2vH"" shows a K♦.",2026-09-26T19:53:10.602Z,179045239060200
"-- ending hand #25 --",2026-09-26T19:53:06.119Z,179045238611902
"""rowan @ GthBpPSqaK"" collected 10.24 from pot with Pair, A's (combination: 10♦, J♥, Q♣, A♥, A♦)",2026-09-26T19:53:06.119Z,179045238611901
"""rowan @ GthBpPSqaK"" shows a J♥, A♥.",2026-09-26T19:53:06.119Z,179045238611900
"""sack @ j5H1ebY2vH"" checks",2026-09-26T19:53:05.308Z,179045238530800
"""rowan @ GthBpPSqaK"" checks",2026-09-26T19:53:04.274Z,179045238427400
"River: 10♦, Q♣, A♦, 6♦ [2♣]",2026-09-26T19:53:03.413Z,179045238341300
"""rowan @ GthBpPSqaK"" calls 3.07",2026-09-26T19:53:02.584Z,179045238258400
"""sack @ j5H1ebY2vH"" bets 3.07",2026-09-26T19:53:00.521Z,179045238052100
"""rowan @ GthBpPSqaK"" checks",2026-09-26T19:52:53.840Z,179045237384000
"Turn: 10♦, Q♣, A♦ [6♦]",2026-09-26T19:52:52.491Z,179045237249100
"""sack @ j5H1ebY2vH"" calls 1.00",2026-09-26T19:52:51.652Z,179045237165200
"""rowan @ GthBpPSqaK"" bets 1.00",2026-09-26T19:52:49.828Z,179045236982800
"Flop:  [10♦, Q♣, A♦]",2026-09-26T19:52:44.155Z,179045236415500
"""sack @ j5H1ebY2vH"" calls 1.00",2026-09-26T19:52:43.302Z,179045236330200
"""rowan @ GthBpPSqaK"" raises to 1.00",2026-09-26T19:52:40.512Z,179045236051200
"""Barbie's Men @ 1MAe7RP1K5"" folds",2026-09-26T19:52:37.917Z,179045235791700
"""sack @ j5H1ebY2vH"" calls 0.20",2026-09-26T19:52:37.010Z,179045235701000
"""dih @ GO72Iwd2XL"" folds",2026-09-26T19:52:32.795Z,179045235279500
"""rowan @ GthBpPSqaK"" posts a big blind of 0.20",2026-09-26T19:52:31.644Z,179045235164407
"""Barbie's Men @ 1MAe7RP1K5"" posts a small blind of 0.10",2026-09-26T19:52:31.644Z,179045235164406
"Player stacks: #1 ""rowan @ GthBpPSqaK"" (45.90) | #2 ""dih @ GO72Iwd2XL"" (43.60) | #9 ""sack @ j5H1ebY2vH"" (19.30) | #10 ""Barbie's Men @ 1MAe7RP1K5"" (31.20)",2026-09-26T19:52:31.644Z,179045235164401
"-- starting hand #25 (id: npizvpbjk68r)  No Limit Texas Hold'em (dealer: ""sack @ j5H1ebY2vH"") --",2026-09-26T19:52:31.644Z,179045235164400
"""sack @ j5H1ebY2vH"" shows a 2♥.",2026-09-26T19:52:25.510Z,179045234551000
"""dih @ GO72Iwd2XL"" shows a 7♦, 10♦.",2026-09-26T19:52:24.958Z,179045234495800
"""Barbie's Men @ 1MAe7RP1K5"" shows a 5♠.",2026-09-26T19:52:24.671Z,179045234467100
"""rowan @ GthBpPSqaK"" shows a J♣, 4♣.",2026-09-26T19:52:24.210Z,179045234421000
"""sack @ j5H1ebY2vH"" shows a 5♥.",2026-09-26T19:52:24.113Z,179045234411300
"-- ending hand #24 --",2026-09-26T19:52:22.893Z,179045234289302
"""dih @ GO72Iwd2XL"" collected 8.20 from pot",2026-09-26T19:52:22.893Z,179045234289301
"Uncalled bet of 5.40 returned to ""dih @ GO72Iwd2XL""",2026-09-26T19:52:22.893Z,179045234289300
"""rowan @ GthBpPSqaK"" folds",2026-09-26T19:52:22.084Z,179045234208400
"""dih @ GO72Iwd2XL"" bets 5.40",2026-09-26T19:52:20.510Z,179045234051000
"""rowan @ GthBpPSqaK"" checks",2026-09-26T19:52:15.976Z,179045233597600
"Turn: 5♣, 5♦, 7♣ [10♠]",2026-09-26T19:52:14.665Z,179045233466500
"""rowan @ GthBpPSqaK"" calls 2.15",2026-09-26T19:52:13.819Z,179045233381900
"""dih @ GO72Iwd2XL"" bets 2.15",2026-09-26T19:52:11.354Z,179045233135400
"""rowan @ GthBpPSqaK"" checks",2026-09-26T19:52:07.509Z,179045232750900
"Flop:  [5♣, 5♦, 7♣]",2026-09-26T19:52:06.136Z,179045232613600
"""rowan @ GthBpPSqaK"" calls 1.80",2026-09-26T19:52:05.326Z,179045232532600
"""Barbie's Men @ 1MAe7RP1K5"" folds",2026-09-26T19:52:03.344Z,179045232334400
"""sack @ j5H1ebY2vH"" folds",2026-09-26T19:52:02.022Z,179045232202200
"""dih @ GO72Iwd2XL"" raises to 1.80",2026-09-26T19:52:00.420Z,179045232042000
"""rowan @ GthBpPSqaK"" raises to 0.60",2026-09-26T19:51:57.186Z,179045231718600
"""Barbie's Men @ 1MAe7RP1K5"" posts a big blind of 0.20",2026-09-26T19:51:53.682Z,179045231368207
"""sack @ j5H1ebY2vH"" posts a small blind of 0.10",2026-09-26T19:51:53.682Z,179045231368206
"Player stacks: #1 ""rowan @ GthBpPSqaK"" (49.85) | #2 ""dih @ GO72Iwd2XL"" (39.35) | #9 ""sack @ j5H1ebY2vH"" (19.40) | #10 ""Barbie's Men @ 1MAe7RP1K5"" (31.40)",2026-09-26T19:51:53.682Z,179045231368201
"-- starting hand #24 (id: lgdhfff7drci)  No Limit Texas Hold'em (dealer: ""dih @ GO72Iwd2XL"") --",2026-09-26T19:51:53.682Z,179045231368200
"""Barbie's Men @ 1MAe7RP1K5"" shows a 10♦, A♠.",2026-09-26T19:51:50.511Z,179045231051100
"-- ending hand #23 --",2026-09-26T19:51:47.166Z,179045230716602
"""dih @ GO72Iwd2XL"" collected 9.60 from pot with Pair, 5's (combination: J♣, Q♣, A♥, 5♦, 5♣)",2026-09-26T19:51:47.166Z,179045230716601
"""dih @ GO72Iwd2XL"" shows a A♥, 5♦.",2026-09-26T19:51:47.166Z,179045230716600
"""Barbie's Men @ 1MAe7RP1K5"" checks",2026-09-26T19:51:46.344Z,179045230634400
"""dih @ GO72Iwd2XL"" checks",2026-09-26T19:51:45.440Z,179045230544000
"River: 9♠, 5♣, 4♠, J♣ [Q♣]",2026-09-26T19:51:43.143Z,179045230314300
"""Barbie's Men @ 1MAe7RP1K5"" calls 2.40",2026-09-26T19:51:42.309Z,179045230230900
"""dih @ GO72Iwd2XL"" bets 2.40",2026-09-26T19:51:41.155Z,179045230115500
"Turn: 9♠, 5♣, 4♠ [J♣]",2026-09-26T19:51:37.536Z,179045229753600
"""Barbie's Men @ 1MAe7RP1K5"" checks",2026-09-26T19:51:36.689Z,179045229668900
"""dih @ GO72Iwd2XL"" checks",2026-09-26T19:51:35.774Z,179045229577400
"Flop:  [9♠, 5♣, 4♠]",2026-09-26T19:51:33.470Z,179045229347000
"""sack @ j5H1ebY2vH"" folds",2026-09-26T19:51:32.645Z,179045229264500
"""dih @ GO72Iwd2XL"" calls 2.00",2026-09-26T19:51:31.786Z,179045229178600
"""rowan @ GthBpPSqaK"" folds",2026-09-26T19:51:30.674Z,179045229067400
"""Barbie's Men @ 1MAe7RP1K5"" raises to 2.00",2026-09-26T19:51:29.451Z,179045228945100
"""sack @ j5H1ebY2vH"" calls 0.60",2026-09-26T19:51:22.762Z,179045228276200
"""dih @ GO72Iwd2XL"" raises to 0.60",2026-09-26T19:51:21.021Z,179045228102100
"""rowan @ GthBpPSqaK"" calls 0.20",2026-09-26T19:51:17.849Z,179045227784900
"""Barbie's Men @ 1MAe7RP1K5"" calls 0.20",2026-09-26T19:51:15.508Z,179045227550800
"""sack @ j5H1ebY2vH"" posts a big blind of 0.20",2026-09-26T19:51:14.199Z,179045227419908
"""dih @ GO72Iwd2XL"" posts a small blind of 0.10",2026-09-26T19:51:14.199Z,179045227419907
"Player stacks: #1 ""rowan @ GthBpPSqaK"" (50.05) | #2 ""dih @ GO72Iwd2XL"" (34.15) | #9 ""sack @ j5H1ebY2vH"" (20.00) | #10 ""Barbie's Men @ 1MAe7RP1K5"" (35.80)",2026-09-26T19:51:14.199Z,179045227419902
"-- starting hand #23 (id: oss6byfuutku)  No Limit Texas Hold'em (dealer: ""rowan @ GthBpPSqaK"") --",2026-09-26T19:51:14.199Z,179045227419901
"The player ""sack @ j5H1ebY2vH"" joined the game with a stack of 20.00.",2026-09-26T19:51:14.199Z,179045227419900
"-- ending hand #22 --",2026-09-26T19:51:08.254Z,179045226825402
"""rowan @ GthBpPSqaK"" collected 1.20 from pot",2026-09-26T19:51:08.254Z,179045226825401
"Uncalled bet of 0.90 returned to ""rowan @ GthBpPSqaK""",2026-09-26T19:51:08.254Z,179045226825400
"""Barbie's Men @ 1MAe7RP1K5"" folds",2026-09-26T19:51:07.448Z,179045226744800
"The admin approved the player ""sack @ j5H1ebY2vH"" participation with a stack of 20.00.",2026-09-26T19:50:56.238Z,179045225623800
"The player ""sack @ j5H1ebY2vH"" requested a seat.",2026-09-26T19:50:55.096Z,179045225509600
"""rowan @ GthBpPSqaK"" bets 0.90",2026-09-26T19:50:53.898Z,179045225389800
"Turn: Q♠, 10♦, 10♥ [4♦]",2026-09-26T19:50:51.364Z,179045225136400
"""Barbie's Men @ 1MAe7RP1K5"" calls 0.30",2026-09-26T19:50:50.529Z,179045225052900
"""dih @ GO72Iwd2XL"" folds",2026-09-26T19:50:43.717Z,179045224371700
"""rowan @ GthBpPSqaK"" bets 0.30",2026-09-26T19:50:42.806Z,179045224280600
"Flop:  [Q♠, 10♦, 10♥]",2026-09-26T19:50:39.953Z,179045223995300
"""dih @ GO72Iwd2XL"" checks",2026-09-26T19:50:39.106Z,179045223910600
"""rowan @ GthBpPSqaK"" calls 0.20",2026-09-26T19:50:37.648Z,179045223764800
"""Barbie's Men @ 1MAe7RP1K5"" calls 0.20",2026-09-26T19:50:36.654Z,179045223665400
"""dih @ GO72Iwd2XL"" posts a big blind of 0.20",2026-09-26T19:50:35.152Z,179045223515206
"""rowan @ GthBpPSqaK"" posts a small blind of 0.10",2026-09-26T19:50:35.152Z,179045223515205
"Player stacks: #1 ""rowan @ GthBpPSqaK"" (49.35) | #2 ""dih @ GO72Iwd2XL"" (34.35) | #10 ""Barbie's Men @ 1MAe7RP1K5"" (36.30)",2026-09-26T19:50:35.152Z,179045223515201
"-- starting hand #22 (id: vovmltn9zbme)  No Limit Texas Hold'em (dealer: ""Barbie's Men @ 1MAe7RP1K5"") --",2026-09-26T19:50:35.152Z,179045223515200
"""dih @ GO72Iwd2XL"" shows a 7♣.",2026-09-26T19:50:32.876Z,179045223287600
"-- ending hand #21 --",2026-09-26T19:50:28.633Z,179045222863303
"""rowan @ GthBpPSqaK"" collected 5.40 from pot with Pair, 5's (combination: 7♥, 9♦, K♠, 5♥, 5♣)",2026-09-26T19:50:28.633Z,179045222863302
"""rowan @ GthBpPSqaK"" shows a 5♥, 4♥.",2026-09-26T19:50:28.633Z,179045222863301
"""Barbie's Men @ 1MAe7RP1K5"" shows a 10♣, J♥.",2026-09-26T19:50:28.633Z,179045222863300
"""rowan @ GthBpPSqaK"" checks",2026-09-26T19:50:27.813Z,179045222781300
"""Barbie's Men @ 1MAe7RP1K5"" checks",2026-09-26T19:50:26.950Z,179045222695000
"River: 2♥, K♠, 9♦, 7♥ [5♣]",2026-09-26T19:50:25.866Z,179045222586600
"""rowan @ GthBpPSqaK"" checks",2026-09-26T19:50:25.060Z,179045222506000
"""Barbie's Men @ 1MAe7RP1K5"" checks",2026-09-26T19:50:23.656Z,179045222365600
"Turn: 2♥, K♠, 9♦ [7♥]",2026-09-26T19:50:13.051Z,179045221305100
"""Barbie's Men @ 1MAe7RP1K5"" calls 1.20",2026-09-26T19:50:12.210Z,179045221221000
"""dih @ GO72Iwd2XL"" folds",2026-09-26T19:50:11.171Z,179045221117100
"""rowan @ GthBpPSqaK"" bets 1.20",2026-09-26T19:50:10.078Z,179045221007800
"""Barbie's Men @ 1MAe7RP1K5"" checks",2026-09-26T19:50:06.370Z,179045220637000
"Flop:  [2♥, K♠, 9♦]",2026-09-26T19:50:04.320Z,179045220432000
"""Barbie's Men @ 1MAe7RP1K5"" calls 1.00",2026-09-26T19:50:03.509Z,179045220350900
"""dih @ GO72Iwd2XL"" calls 1.00",2026-09-26T19:50:02.526Z,179045220252600
"""rowan @ GthBpPSqaK"" raises to 1.00",2026-09-26T19:50:00.743Z,179045220074300
"""Barbie's Men @ 1MAe7RP1K5"" calls 0.20",2026-09-26T19:49:57.390Z,179045219739000
"""dih @ GO72Iwd2XL"" calls 0.20",2026-09-26T19:49:56.510Z,179045219651000
"""rowan @ GthBpPSqaK"" posts a big blind of 0.20",2026-09-26T19:49:55.261Z,179045219526106
"""Barbie's Men @ 1MAe7RP1K5"" posts a small blind of 0.10",2026-09-26T19:49:55.261Z,179045219526105
"Player stacks: #1 ""rowan @ GthBpPSqaK"" (46.15) | #2 ""dih @ GO72Iwd2XL"" (35.35) | #10 ""Barbie's Men @ 1MAe7RP1K5"" (38.50)",2026-09-26T19:49:55.261Z,179045219526101
"-- starting hand #21 (id: umclkvvt1i88)  No Limit Texas Hold'em (dealer: ""dih @ GO72Iwd2XL"") --",2026-09-26T19:49:55.261Z,179045219526100
"""rowan @ GthBpPSqaK"" shows a 8♦, 3♥.",2026-09-26T19:49:52.467Z,179045219246700
"""Barbie's Men @ 1MAe7RP1K5"" shows a Q♠.",2026-09-26T19:49:50.696Z,179045219069600
"""Barbie's Men @ 1MAe7RP1K5"" shows a K♥.",2026-09-26T19:49:50.508Z,179045219050800
"""dih @ GO72Iwd2XL"" shows a 4♠.",2026-09-26T19:49:49.971Z,179045218997100
"-- ending hand #20 --",2026-09-26T19:49:47.249Z,179045218724902
"""Barbie's Men @ 1MAe7RP1K5"" collected 0.20 from pot",2026-09-26T19:49:47.249Z,179045218724901
"Uncalled bet of 0.10 returned to ""Barbie's Men @ 1MAe7RP1K5""",2026-09-26T19:49:47.249Z,179045218724900
"""dih @ GO72Iwd2XL"" folds",2026-09-26T19:49:46.412Z,179045218641200
"""rowan @ GthBpPSqaK"" folds",2026-09-26T19:49:45.547Z,179045218554700
"""Barbie's Men @ 1MAe7RP1K5"" posts a big blind of 0.20",2026-09-26T19:49:44.567Z,179045218456706
"""dih @ GO72Iwd2XL"" posts a small blind of 0.10",2026-09-26T19:49:44.567Z,179045218456705
"Player stacks: #1 ""rowan @ GthBpPSqaK"" (46.15) | #2 ""dih @ GO72Iwd2XL"" (35.45) | #10 ""Barbie's Men @ 1MAe7RP1K5"" (38.40)",2026-09-26T19:49:44.567Z,179045218456701
"-- starting hand #20 (id: ptkxzo69gcyg)  No Limit Texas Hold'em (dealer: ""rowan @ GthBpPSqaK"") --",2026-09-26T19:49:44.567Z,179045218456700
"""Barbie's Men @ 1MAe7RP1K5"" shows a J♦.",2026-09-26T19:49:39.951Z,179045217995100
"-- ending hand #19 --",2026-09-26T19:49:38.040Z,179045217804002
"""rowan @ GthBpPSqaK"" collected 1.80 from pot with K High (combination: 6♥, 7♥, 9♦, Q♥, K♣)",2026-09-26T19:49:38.040Z,179045217804001
"""rowan @ GthBpPSqaK"" shows a K♣, 4♣.",2026-09-26T19:49:38.040Z,179045217804000
"""Barbie's Men @ 1MAe7RP1K5"" checks",2026-09-26T19:49:37.190Z,179045217719000
"""rowan @ GthBpPSqaK"" checks",2026-09-26T19:49:36.291Z,179045217629100
"River: Q♥, 6♥, 2♠, 9♦ [7♥]",2026-09-26T19:49:35.359Z,179045217535900
"""Barbie's Men @ 1MAe7RP1K5"" checks",2026-09-26T19:49:34.531Z,179045217453100
"""rowan @ GthBpPSqaK"" checks",2026-09-26T19:49:32.542Z,179045217254200
"Turn: Q♥, 6♥, 2♠ [9♦]",2026-09-26T19:49:31.632Z,179045217163200
"""Barbie's Men @ 1MAe7RP1K5"" checks",2026-09-26T19:49:30.769Z,179045217076900
"""rowan @ GthBpPSqaK"" checks",2026-09-26T19:49:29.766Z,179045216976600
"Flop:  [Q♥, 6♥, 2♠]",2026-09-26T19:49:28.430Z,179045216843000
"""Barbie's Men @ 1MAe7RP1K5"" calls 0.80",2026-09-26T19:49:27.568Z,179045216756800
"""dih @ GO72Iwd2XL"" folds",2026-09-26T19:49:26.630Z,179045216663000
"""rowan @ GthBpPSqaK"" raises to 0.80",2026-09-26T19:49:24.962Z,179045216496200
"""Barbie's Men @ 1MAe7RP1K5"" calls 0.20",2026-09-26T19:49:21.349Z,179045216134900
"""dih @ GO72Iwd2XL"" posts a big blind of 0.20",2026-09-26T19:49:13.530Z,179045215353006
"""rowan @ GthBpPSqaK"" posts a small blind of 0.10",2026-09-26T19:49:13.530Z,179045215353005
"Player stacks: #1 ""rowan @ GthBpPSqaK"" (45.15) | #2 ""dih @ GO72Iwd2XL"" (35.65) | #10 ""Barbie's Men @ 1MAe7RP1K5"" (39.20)",2026-09-26T19:49:13.530Z,179045215353001
"-- starting hand #19 (id: 7wxirwnylhch)  No Limit Texas Hold'em (dealer: ""Barbie's Men @ 1MAe7RP1K5"") --",2026-09-26T19:49:13.530Z,179045215353000
"-- ending hand #18 --",2026-09-26T19:49:07.620Z,179045214762002
"""rowan @ GthBpPSqaK"" collected 0.20 from pot",2026-09-26T19:49:07.620Z,179045214762001
"Uncalled bet of 0.10 returned to ""rowan @ GthBpPSqaK""",2026-09-26T19:49:07.620Z,179045214762000
"""Barbie's Men @ 1MAe7RP1K5"" folds",2026-09-26T19:49:06.768Z,179045214676800
"""dih @ GO72Iwd2XL"" folds",2026-09-26T19:49:05.827Z,179045214582700
"""rowan @ GthBpPSqaK"" posts a big blind of 0.20",2026-09-26T19:49:02.713Z,179045214271306
"""Barbie's Men @ 1MAe7RP1K5"" posts a small blind of 0.10",2026-09-26T19:49:02.713Z,179045214271305
"Player stacks: #1 ""rowan @ GthBpPSqaK"" (45.05) | #2 ""dih @ GO72Iwd2XL"" (35.65) | #10 ""Barbie's Men @ 1MAe7RP1K5"" (39.30)",2026-09-26T19:49:02.713Z,179045214271301
"-- starting hand #18 (id: zlmo7pajsp4v)  No Limit Texas Hold'em (dealer: ""dih @ GO72Iwd2XL"") --",2026-09-26T19:49:02.713Z,179045214271300
"-- ending hand #17 --",2026-09-26T19:48:56.789Z,179045213678902
"""dih @ GO72Iwd2XL"" collected 2.40 from pot",2026-09-26T19:48:56.789Z,179045213678901
"Uncalled bet of 1.20 returned to ""dih @ GO72Iwd2XL""",2026-09-26T19:48:56.789Z,179045213678900
"""rowan @ GthBpPSqaK"" folds",2026-09-26T19:48:55.984Z,179045213598400
"""Barbie's Men @ 1MAe7RP1K5"" folds",2026-09-26T19:48:55.109Z,179045213510900
"""dih @ GO72Iwd2XL"" bets 1.20",2026-09-26T19:48:48.843Z,179045212884300
"Flop:  [A♠, 7♠, K♠]",2026-09-26T19:48:43.452Z,179045212345200
"""rowan @ GthBpPSqaK"" calls 0.80",2026-09-26T19:48:42.621Z,179045212262100
"""Barbie's Men @ 1MAe7RP1K5"" calls 0.80",2026-09-26T19:48:41.507Z,179045212150700
"""dih @ GO72Iwd2XL"" raises to 0.80",2026-09-26T19:48:40.378Z,179045212037800
"""rowan @ GthBpPSqaK"" calls 0.20",2026-09-26T19:48:36.861Z,179045211686100
"""Barbie's Men @ 1MAe7RP1K5"" posts a big blind of 0.20",2026-09-26T19:48:35.041Z,179045211504106
"""dih @ GO72Iwd2XL"" posts a small blind of 0.10",2026-09-26T19:48:35.041Z,179045211504105
"Player stacks: #1 ""rowan @ GthBpPSqaK"" (45.85) | #2 ""dih @ GO72Iwd2XL"" (34.05) | #10 ""Barbie's Men @ 1MAe7RP1K5"" (40.10)",2026-09-26T19:48:35.041Z,179045211504101
"-- starting hand #17 (id: va22xj4xqr7b)  No Limit Texas Hold'em (dealer: ""rowan @ GthBpPSqaK"") --",2026-09-26T19:48:35.041Z,179045211504100
"""Barbie's Men @ 1MAe7RP1K5"" shows a 7♦, 8♥.",2026-09-26T19:48:32.749Z,179045211274900
"-- ending hand #16 --",2026-09-26T19:48:28.488Z,179045210848802
"""dih @ GO72Iwd2XL"" collected 0.50 from pot with K High (combination: 5♣, 6♦, 10♥, Q♥, K♣)",2026-09-26T19:48:28.488Z,179045210848801
"""dih @ GO72Iwd2XL"" shows a K♣, 2♠.",2026-09-26T19:48:28.488Z,179045210848800
"""Barbie's Men @ 1MAe7RP1K5"" checks",2026-09-26T19:48:27.654Z,179045210765400
"""dih @ GO72Iwd2XL"" checks",2026-09-26T19:48:20.190Z,179045210019000
"River: Q♥, 3♠, 6♦, 5♣ [10♥]",2026-09-26T19:48:19.120Z,179045209912000
"""Barbie's Men @ 1MAe7RP1K5"" checks",2026-09-26T19:48:18.303Z,179045209830300
"""dih @ GO72Iwd2XL"" checks",2026-09-26T19:48:15.556Z,179045209555600
"Turn: Q♥, 3♠, 6♦ [5♣]",2026-09-26T19:48:14.317Z,179045209431700
"""Barbie's Men @ 1MAe7RP1K5"" checks",2026-09-26T19:48:13.502Z,179045209350200
"""dih @ GO72Iwd2XL"" checks",2026-09-26T19:48:10.062Z,179045209006200
"Flop:  [Q♥, 3♠, 6♦]",2026-09-26T19:48:08.278Z,179045208827800
"""dih @ GO72Iwd2XL"" checks",2026-09-26T19:48:07.459Z,179045208745900
"""rowan @ GthBpPSqaK"" folds",2026-09-26T19:48:06.511Z,179045208651100
"""Barbie's Men @ 1MAe7RP1K5"" calls 0.20",2026-09-26T19:48:05.629Z,179045208562900
"""dih @ GO72Iwd2XL"" posts a big blind of 0.20",2026-09-26T19:48:04.126Z,179045208412606
"""rowan @ GthBpPSqaK"" posts a small blind of 0.10",2026-09-26T19:48:04.126Z,179045208412605
"Player stacks: #1 ""rowan @ GthBpPSqaK"" (45.95) | #2 ""dih @ GO72Iwd2XL"" (33.75) | #10 ""Barbie's Men @ 1MAe7RP1K5"" (40.30)",2026-09-26T19:48:04.126Z,179045208412601
"-- starting hand #16 (id: avlkcvckeda0)  No Limit Texas Hold'em (dealer: ""Barbie's Men @ 1MAe7RP1K5"") --",2026-09-26T19:48:04.126Z,179045208412600
"-- ending hand #15 --",2026-09-26T19:47:58.209Z,179045207820902
"""rowan @ GthBpPSqaK"" collected 0.40 from pot",2026-09-26T19:47:58.209Z,179045207820901
"Uncalled bet of 0.20 returned to ""rowan @ GthBpPSqaK""",2026-09-26T19:47:58.209Z,179045207820900
"""Barbie's Men @ 1MAe7RP1K5"" folds",2026-09-26T19:47:57.366Z,179045207736600
"""rowan @ GthBpPSqaK"" bets 0.20",2026-09-26T19:47:55.745Z,179045207574500
"""Barbie's Men @ 1MAe7RP1K5"" checks",2026-09-26T19:47:54.589Z,179045207458900
"Turn: 8♣, 4♥, A♦ [K♣]",2026-09-26T19:47:52.949Z,179045207294900
"""rowan @ GthBpPSqaK"" checks",2026-09-26T19:47:52.133Z,179045207213300
"""Barbie's Men @ 1MAe7RP1K5"" checks",2026-09-26T19:47:51.251Z,179045207125100
"Flop:  [8♣, 4♥, A♦]",2026-09-26T19:47:37.544Z,179045205754400
"""rowan @ GthBpPSqaK"" checks",2026-09-26T19:47:36.738Z,179045205673800
"""Barbie's Men @ 1MAe7RP1K5"" calls 0.20",2026-09-26T19:47:35.249Z,179045205524900
"""dih @ GO72Iwd2XL"" folds",2026-09-26T19:47:32.998Z,179045205299800
"""rowan @ GthBpPSqaK"" posts a big blind of 0.20",2026-09-26T19:47:31.466Z,179045205146606
"""Barbie's Men @ 1MAe7RP1K5"" posts a small blind of 0.10",2026-09-26T19:47:31.466Z,179045205146605
"Player stacks: #1 ""rowan @ GthBpPSqaK"" (45.75) | #2 ""dih @ GO72Iwd2XL"" (33.75) | #10 ""Barbie's Men @ 1MAe7RP1K5"" (40.50)",2026-09-26T19:47:31.466Z,179045205146601
"-- starting hand #15 (id: x25vhnhgyywr)  No Limit Texas Hold'em (dealer: ""dih @ GO72Iwd2XL"") --",2026-09-26T19:47:31.466Z,179045205146600
"-- ending hand #14 --",2026-09-26T19:47:23.455Z,179045204345502
"""Barbie's Men @ 1MAe7RP1K5"" collected 40.50 from pot with Flush, A High on the second run  (combination: 4♥, 5♥, 10♥, K♥, A♥)",2026-09-26T19:47:23.455Z,179045204345501
"""rowan @ GthBpPSqaK"" collected 40.50 from pot with Straight, 6 High (combination: 2♣, 3♦, 4♥, 5♥, 6♠)",2026-09-26T19:47:23.455Z,179045204345500
"River (second run): 6♦, 5♥, 4♥, A♥ [10♥]",2026-09-26T19:47:19.425Z,179045203942500
"Turn (second run): 6♦, 5♥, 4♥ [A♥]",2026-09-26T19:47:15.415Z,179045203541500
"River: 6♦, 5♥, 4♥, 9♠ [6♠]",2026-09-26T19:47:11.409Z,179045203140900
"Turn: 6♦, 5♥, 4♥ [9♠]",2026-09-26T19:47:07.406Z,179045202740600
"""Barbie's Men @ 1MAe7RP1K5"" shows a K♥, 3♥.",2026-09-26T19:47:03.358Z,179045202335802
"""rowan @ GthBpPSqaK"" shows a 2♣, 3♦.",2026-09-26T19:47:03.358Z,179045202335801
"Uncalled bet of 5.25 returned to ""rowan @ GthBpPSqaK""",2026-09-26T19:47:03.358Z,179045202335800
"All players in hand choose to run it twice.",2026-09-26T19:47:02.521Z,179045202252101
"""rowan @ GthBpPSqaK"" chooses to  run it twice.",2026-09-26T19:47:02.521Z,179045202252100
"""Barbie's Men @ 1MAe7RP1K5"" chooses to  run it twice.",2026-09-26T19:47:02.286Z,179045202228600
"Remaining players decide whether to run it twice.",2026-09-26T19:47:01.607Z,179045202160701
"""Barbie's Men @ 1MAe7RP1K5"" calls 39.80 and go all in",2026-09-26T19:47:01.607Z,179045202160700
"""rowan @ GthBpPSqaK"" raises to 45.05 and go all in",2026-09-26T19:47:00.382Z,179045202038200
"""Barbie's Men @ 1MAe7RP1K5"" raises to 8.40",2026-09-26T19:46:57.625Z,179045201762500
"""dih @ GO72Iwd2XL"" folds",2026-09-26T19:46:55.578Z,179045201557800
"""rowan @ GthBpPSqaK"" raises to 5.00",2026-09-26T19:46:53.940Z,179045201394000
"""Barbie's Men @ 1MAe7RP1K5"" raises to 1.60",2026-09-26T19:46:48.990Z,179045200899000
"""dih @ GO72Iwd2XL"" calls 0.80",2026-09-26T19:46:47.178Z,179045200717800
"""rowan @ GthBpPSqaK"" bets 0.80",2026-09-26T19:46:45.825Z,179045200582500
"""Barbie's Men @ 1MAe7RP1K5"" checks",2026-09-26T19:46:42.015Z,179045200201500
"""dih @ GO72Iwd2XL"" checks",2026-09-26T19:46:38.716Z,179045199871600
"Flop:  [6♦, 5♥, 4♥]",2026-09-26T19:46:36.787Z,179045199678700
"""Barbie's Men @ 1MAe7RP1K5"" checks",2026-09-26T19:46:35.983Z,179045199598300
"""dih @ GO72Iwd2XL"" calls 0.20",2026-09-26T19:46:35.088Z,179045199508800
"""rowan @ GthBpPSqaK"" calls 0.20",2026-09-26T19:46:32.428Z,179045199242800
"""Barbie's Men @ 1MAe7RP1K5"" posts a big blind of 0.20",2026-09-26T19:46:30.879Z,179045199087907
"""dih @ GO72Iwd2XL"" posts a small blind of 0.10",2026-09-26T19:46:30.879Z,179045199087906
"Player stacks: #1 ""rowan @ GthBpPSqaK"" (45.25) | #2 ""dih @ GO72Iwd2XL"" (34.75) | #10 ""Barbie's Men @ 1MAe7RP1K5"" (40.00)",2026-09-26T19:46:30.879Z,179045199087902
"-- starting hand #14 (id: aevdcnn3awau)  No Limit Texas Hold'em (dealer: ""rowan @ GthBpPSqaK"") --",2026-09-26T19:46:30.879Z,179045199087901
"The player ""Barbie's Men @ 1MAe7RP1K5"" rebought. New stack 40.00.",2026-09-26T19:46:30.879Z,179045199087900
"Waiting for the game owner to approve or reject pending rebuy requests.",2026-09-26T19:46:29.728Z,179045198972801
"The player ""Barbie's Men @ 1MAe7RP1K5"" requested a rebuy of 40.00.",2026-09-26T19:46:29.728Z,179045198972800
"Asking to busted players the rebuy decision.",2026-09-26T19:46:26.088Z,179045198608800
"-- ending hand #13 --",2026-09-26T19:46:20.085Z,179045198008504
"""Barbie's Men @ 1MAe7RP1K5"" shows a J♥, Q♥.",2026-09-26T19:46:20.085Z,179045198008503
"""dih @ GO72Iwd2XL"" collected 16.80 from pot with Three of a Kind, 6's (combination: 8♣, Q♦, 6♦, 6♠, 6♣)",2026-09-26T19:46:20.085Z,179045198008502
"""dih @ GO72Iwd2XL"" shows a 6♦, 6♠.",2026-09-26T19:46:20.085Z,179045198008501
"Uncalled bet of 2.58 returned to ""dih @ GO72Iwd2XL""",2026-09-26T19:46:20.085Z,179045198008500
"""Barbie's Men @ 1MAe7RP1K5"" calls 4.74 and go all in",2026-09-26T19:46:19.248Z,179045197924800
"""dih @ GO72Iwd2XL"" bets 7.32",2026-09-26T19:46:18.301Z,179045197830100
"River: 8♣, 5♣, 6♣, Q♦ [3♠]",2026-09-26T19:46:15.352Z,179045197535200
"""Barbie's Men @ 1MAe7RP1K5"" calls 2.44",2026-09-26T19:46:14.529Z,179045197452900
"""dih @ GO72Iwd2XL"" bets 2.44",2026-09-26T19:46:10.157Z,179045197015700
"Turn: 8♣, 5♣, 6♣ [Q♦]",2026-09-26T19:46:07.407Z,179045196740700
"""Barbie's Men @ 1MAe7RP1K5"" checks",2026-09-26T19:46:06.585Z,179045196658500
"""dih @ GO72Iwd2XL"" checks",2026-09-26T19:45:58.695Z,179045195869500
"Flop:  [8♣, 5♣, 6♣]",2026-09-26T19:45:56.540Z,179045195654000
"""dih @ GO72Iwd2XL"" calls 1.17",2026-09-26T19:45:55.716Z,179045195571600
"""rowan @ GthBpPSqaK"" folds",2026-09-26T19:45:54.312Z,179045195431200
"""Barbie's Men @ 1MAe7RP1K5"" raises to 1.17",2026-09-26T19:45:53.368Z,179045195336800
"""dih @ GO72Iwd2XL"" posts a big blind of 0.20",2026-09-26T19:45:48.250Z,179045194825006
"""rowan @ GthBpPSqaK"" posts a small blind of 0.10",2026-09-26T19:45:48.250Z,179045194825005
"Player stacks: #1 ""rowan @ GthBpPSqaK"" (45.35) | #2 ""dih @ GO72Iwd2XL"" (26.30) | #10 ""Barbie's Men @ 1MAe7RP1K5"" (8.35)",2026-09-26T19:45:48.250Z,179045194825001
"-- starting hand #13 (id: pou0j2hnm0or)  No Limit Texas Hold'em (dealer: ""Barbie's Men @ 1MAe7RP1K5"") --",2026-09-26T19:45:48.250Z,179045194825000
"""rowan @ GthBpPSqaK"" collected 0.80 from the 7-2 bounty",2026-09-26T19:45:45.265Z,179045194526502
"""Barbie's Men @ 1MAe7RP1K5"" paid 0.40 for the 7-2 bounty to ""rowan @ GthBpPSqaK""",2026-09-26T19:45:45.265Z,179045194526501
"""dih @ GO72Iwd2XL"" paid 0.40 for the 7-2 bounty to ""rowan @ GthBpPSqaK""",2026-09-26T19:45:45.265Z,179045194526500
"-- ending hand #12 --",2026-09-26T19:45:39.254Z,179045193925403
"""rowan @ GthBpPSqaK"" collected 1.20 from pot with Pair, 2's (combination: 7♥, 8♦, 9♦, 2♠, 2♣)",2026-09-26T19:45:39.254Z,179045193925402
"""rowan @ GthBpPSqaK"" shows a 7♥, 2♠.",2026-09-26T19:45:39.254Z,179045193925401
"""Barbie's Men @ 1MAe7RP1K5"" shows a 5♥, A♣.",2026-09-26T19:45:39.254Z,179045193925400
"""rowan @ GthBpPSqaK"" checks",2026-09-26T19:45:38.451Z,179045193845100
"""Barbie's Men @ 1MAe7RP1K5"" checks",2026-09-26T19:45:36.890Z,179045193689000
"River: 9♦, 8♦, 6♣, 4♠ [2♣]",2026-09-26T19:45:33.905Z,179045193390500
"""rowan @ GthBpPSqaK"" calls 0.20",2026-09-26T19:45:33.088Z,179045193308800
"""Barbie's Men @ 1MAe7RP1K5"" bets 0.20",2026-09-26T19:45:31.971Z,179045193197100
"Turn: 9♦, 8♦, 6♣ [4♠]",2026-09-26T19:45:19.404Z,179045191940400
"""Barbie's Men @ 1MAe7RP1K5"" calls 0.20",2026-09-26T19:45:18.570Z,179045191857000
"""rowan @ GthBpPSqaK"" bets 0.20",2026-09-26T19:45:17.120Z,179045191712000
"""Barbie's Men @ 1MAe7RP1K5"" checks",2026-09-26T19:45:15.172Z,179045191517200
"Flop:  [9♦, 8♦, 6♣]",2026-09-26T19:45:11.881Z,179045191188100
"""rowan @ GthBpPSqaK"" checks",2026-09-26T19:45:11.057Z,179045191105700
"""Barbie's Men @ 1MAe7RP1K5"" calls 0.20",2026-09-26T19:45:07.665Z,179045190766500
"""dih @ GO72Iwd2XL"" folds",2026-09-26T19:45:06.761Z,179045190676100
"""rowan @ GthBpPSqaK"" posts a big blind of 0.20",2026-09-26T19:44:58.950Z,179045189895006
"""Barbie's Men @ 1MAe7RP1K5"" posts a small blind of 0.10",2026-09-26T19:44:58.950Z,179045189895005
"Player stacks: #1 ""rowan @ GthBpPSqaK"" (43.95) | #2 ""dih @ GO72Iwd2XL"" (26.70) | #10 ""Barbie's Men @ 1MAe7RP1K5"" (9.35)",2026-09-26T19:44:58.950Z,179045189895001
"-- starting hand #12 (id: 3mktblfalxnh)  No Limit Texas Hold'em (dealer: ""dih @ GO72Iwd2XL"") --",2026-09-26T19:44:58.950Z,179045189895000
"-- ending hand #11 --",2026-09-26T19:44:55.991Z,179045189599102
"""dih @ GO72Iwd2XL"" collected 12.70 from pot",2026-09-26T19:44:55.991Z,179045189599101
"Uncalled bet of 14.00 returned to ""dih @ GO72Iwd2XL""",2026-09-26T19:44:55.991Z,179045189599100
"""rowan @ GthBpPSqaK"" folds",2026-09-26T19:44:55.186Z,179045189518600
"""dih @ GO72Iwd2XL"" bets 14.00 and go all in",2026-09-26T19:44:42.440Z,179045188244000
"River: 3♣, 3♦, 5♣, 8♠ [4♥]",2026-09-26T19:44:36.730Z,179045187673000
"""rowan @ GthBpPSqaK"" calls 3.45",2026-09-26T19:44:35.889Z,179045187588900
"""dih @ GO72Iwd2XL"" bets 3.45",2026-09-26T19:44:34.906Z,179045187490600
"Turn: 3♣, 3♦, 5♣ [8♠]",2026-09-26T19:44:29.755Z,179045186975500
"""rowan @ GthBpPSqaK"" calls 2.00",2026-09-26T19:44:28.932Z,179045186893200
"""Barbie's Men @ 1MAe7RP1K5"" folds",2026-09-26T19:44:28.069Z,179045186806900
"""dih @ GO72Iwd2XL"" raises to 2.00",2026-09-26T19:44:27.194Z,179045186719400
"""rowan @ GthBpPSqaK"" bets 0.80",2026-09-26T19:44:21.666Z,179045186166600
"""Barbie's Men @ 1MAe7RP1K5"" checks",2026-09-26T19:44:18.855Z,179045185885500
"""dih @ GO72Iwd2XL"" checks",2026-09-26T19:44:16.883Z,179045185688300
"Flop:  [3♣, 3♦, 5♣]",2026-09-26T19:44:15.124Z,179045185512400
"""Barbie's Men @ 1MAe7RP1K5"" calls 0.60",2026-09-26T19:44:14.309Z,179045185430900
"""dih @ GO72Iwd2XL"" calls 0.60",2026-09-26T19:44:13.162Z,179045185316200
"""rowan @ GthBpPSqaK"" raises to 0.60",2026-09-26T19:44:11.684Z,179045185168400
"""Barbie's Men @ 1MAe7RP1K5"" posts a big blind of 0.20",2026-09-26T19:44:09.120Z,179045184912006
"""dih @ GO72Iwd2XL"" posts a small blind of 0.10",2026-09-26T19:44:09.120Z,179045184912005
"Player stacks: #1 ""rowan @ GthBpPSqaK"" (50.00) | #2 ""dih @ GO72Iwd2XL"" (20.05) | #10 ""Barbie's Men @ 1MAe7RP1K5"" (9.95)",2026-09-26T19:44:09.120Z,179045184912001
"-- starting hand #11 (id: 4rtntghdpl7d)  No Limit Texas Hold'em (dealer: ""rowan @ GthBpPSqaK"") --",2026-09-26T19:44:09.120Z,179045184912000
"-- ending hand #10 --",2026-09-26T19:44:03.066Z,179045184306604
"""Barbie's Men @ 1MAe7RP1K5"" collected 0.25 from pot with A High (combination: 8♥, J♠, Q♦, K♥, A♦)",2026-09-26T19:44:03.066Z,179045184306603
"""dih @ GO72Iwd2XL"" collected 0.25 from pot with A High (combination: 8♥, J♠, Q♦, K♥, A♦)",2026-09-26T19:44:03.066Z,179045184306602
"""Barbie's Men @ 1MAe7RP1K5"" shows a 3♥, 2♣.",2026-09-26T19:44:03.066Z,179045184306601
"""dih @ GO72Iwd2XL"" shows a 6♠, 4♥.",2026-09-26T19:44:03.066Z,179045184306600
"""Barbie's Men @ 1MAe7RP1K5"" checks",2026-09-26T19:44:02.223Z,179045184222300
"""dih @ GO72Iwd2XL"" checks",2026-09-26T19:44:01.031Z,179045184103100
"River: 8♥, J♠, Q♦, A♦ [K♥]",2026-09-26T19:44:00.203Z,179045184020300
"""Barbie's Men @ 1MAe7RP1K5"" checks",2026-09-26T19:43:59.365Z,179045183936500
"""dih @ GO72Iwd2XL"" checks",2026-09-26T19:43:49.065Z,179045182906500
"Turn: 8♥, J♠, Q♦ [A♦]",2026-09-26T19:43:48.167Z,179045182816700
"""Barbie's Men @ 1MAe7RP1K5"" checks",2026-09-26T19:43:47.298Z,179045182729800
"""dih @ GO72Iwd2XL"" checks",2026-09-26T19:43:44.707Z,179045182470700
"Flop:  [8♥, J♠, Q♦]",2026-09-26T19:43:43.284Z,179045182328400
"""dih @ GO72Iwd2XL"" checks",2026-09-26T19:43:42.442Z,179045182244200
"""rowan @ GthBpPSqaK"" folds",2026-09-26T19:43:40.971Z,179045182097100
"""Barbie's Men @ 1MAe7RP1K5"" calls 0.20",2026-09-26T19:43:39.919Z,179045181991900
"""dih @ GO72Iwd2XL"" posts a big blind of 0.20",2026-09-26T19:43:33.939Z,179045181393906
"""rowan @ GthBpPSqaK"" posts a small blind of 0.10",2026-09-26T19:43:33.939Z,179045181393905
"Player stacks: #1 ""rowan @ GthBpPSqaK"" (50.10) | #2 ""dih @ GO72Iwd2XL"" (20.00) | #10 ""Barbie's Men @ 1MAe7RP1K5"" (9.90)",2026-09-26T19:43:33.939Z,179045181393901
"-- starting hand #10 (id: rpztsfd2desm)  No Limit Texas Hold'em (dealer: ""Barbie's Men @ 1MAe7RP1K5"") --",2026-09-26T19:43:33.939Z,179045181393900
"-- ending hand #9 --",2026-09-26T19:43:27.912Z,179045180791203
"""rowan @ GthBpPSqaK"" collected 0.80 from pot with Pair, 4's (combination: 8♦, Q♦, K♥, 4♥, 4♦)",2026-09-26T19:43:27.912Z,179045180791202
"""rowan @ GthBpPSqaK"" shows a K♥, 4♥.",2026-09-26T19:43:27.912Z,179045180791201
"""Barbie's Men @ 1MAe7RP1K5"" shows a 10♥, 6♥.",2026-09-26T19:43:27.912Z,179045180791200
"""rowan @ GthBpPSqaK"" checks",2026-09-26T19:43:27.058Z,179045180705800
"""Barbie's Men @ 1MAe7RP1K5"" checks",2026-09-26T19:43:26.208Z,179045180620800
"River: Q♦, 4♦, 3♣, 5♦ [8♦]",2026-09-26T19:43:24.990Z,179045180499000
"""rowan @ GthBpPSqaK"" checks",2026-09-26T19:43:24.150Z,179045180415000
"""Barbie's Men @ 1MAe7RP1K5"" checks",2026-09-26T19:43:23.227Z,179045180322700
"Turn: Q♦, 4♦, 3♣ [5♦]",2026-09-26T19:43:22.111Z,179045180211100
"""Barbie's Men @ 1MAe7RP1K5"" calls 0.20",2026-09-26T19:43:21.247Z,179045180124700
"""rowan @ GthBpPSqaK"" bets 0.20",2026-09-26T19:43:20.287Z,179045180028700
"""Barbie's Men @ 1MAe7RP1K5"" checks",2026-09-26T19:43:19.028Z,179045179902800
"Flop:  [Q♦, 4♦, 3♣]",2026-09-26T19:43:16.107Z,179045179610700
"""rowan @ GthBpPSqaK"" checks",2026-09-26T19:43:15.284Z,179045179528400
"""Barbie's Men @ 1MAe7RP1K5"" calls 0.20",2026-09-26T19:43:14.223Z,179045179422300
"""dih @ GO72Iwd2XL"" folds",2026-09-26T19:43:13.302Z,179045179330200
"""rowan @ GthBpPSqaK"" posts a big blind of 0.20",2026-09-26T19:43:08.892Z,179045178889206
"""Barbie's Men @ 1MAe7RP1K5"" posts a small blind of 0.10",2026-09-26T19:43:08.892Z,179045178889205
"Player stacks: #1 ""rowan @ GthBpPSqaK"" (49.70) | #2 ""dih @ GO72Iwd2XL"" (20.00) | #10 ""Barbie's Men @ 1MAe7RP1K5"" (10.30)",2026-09-26T19:43:08.892Z,179045178889201
"-- starting hand #9 (id: 52dpzjtswh5i)  No Limit Texas Hold'em (dealer: ""dih @ GO72Iwd2XL"") --",2026-09-26T19:43:08.892Z,179045178889200
"-- ending hand #8 --",2026-09-26T19:43:02.814Z,179045178281403
"""rowan @ GthBpPSqaK"" collected 25.00 from pot with Pair, K's (combination: 10♦, Q♦, A♥, K♥, K♣)",2026-09-26T19:43:02.814Z,179045178281402
"""rowan @ GthBpPSqaK"" shows a K♥, A♥.",2026-09-26T19:43:02.814Z,179045178281401
"""dih @ GO72Iwd2XL"" shows a 5♦, A♣.",2026-09-26T19:43:02.814Z,179045178281400
"""rowan @ GthBpPSqaK"" calls 7.00",2026-09-26T19:43:01.993Z,179045178199300
"""dih @ GO72Iwd2XL"" bets 7.00",2026-09-26T19:42:56.011Z,179045177601100
"River: 10♦, 2♣, 5♣, K♣ [Q♦]",2026-09-26T19:42:50.787Z,179045177078700
"""rowan @ GthBpPSqaK"" calls 3.10",2026-09-26T19:42:49.933Z,179045176993300
"""dih @ GO72Iwd2XL"" bets 3.10",2026-09-26T19:42:48.052Z,179045176805200
"Turn: 10♦, 2♣, 5♣ [K♣]",2026-09-26T19:42:42.330Z,179045176233000
"""rowan @ GthBpPSqaK"" calls 1.20",2026-09-26T19:42:41.491Z,179045176149100
"""Barbie's Men @ 1MAe7RP1K5"" folds",2026-09-26T19:42:39.861Z,179045175986100
"""dih @ GO72Iwd2XL"" bets 1.20",2026-09-26T19:42:23.070Z,179045174307000
"Flop:  [10♦, 2♣, 5♣]",2026-09-26T19:42:19.555Z,179045173955500
"""Barbie's Men @ 1MAe7RP1K5"" calls 0.80",2026-09-26T19:42:18.719Z,179045173871900
"""dih @ GO72Iwd2XL"" calls 0.80",2026-09-26T19:42:16.209Z,179045173620900
"""rowan @ GthBpPSqaK"" raises to 0.80",2026-09-26T19:42:15.077Z,179045173507700
"""Barbie's Men @ 1MAe7RP1K5"" posts a big blind of 0.20",2026-09-26T19:42:12.983Z,179045173298306
"""dih @ GO72Iwd2XL"" posts a small blind of 0.10",2026-09-26T19:42:12.983Z,179045173298305
"Player stacks: #1 ""rowan @ GthBpPSqaK"" (36.80) | #2 ""dih @ GO72Iwd2XL"" (32.10) | #10 ""Barbie's Men @ 1MAe7RP1K5"" (11.10)",2026-09-26T19:42:12.983Z,179045173298301
"-- starting hand #8 (id: r8ldazrmbym8)  No Limit Texas Hold'em (dealer: ""rowan @ GthBpPSqaK"") --",2026-09-26T19:42:12.983Z,179045173298300
"-- ending hand #7 --",2026-09-26T19:42:06.949Z,179045172694902
"""dih @ GO72Iwd2XL"" collected 10.10 from pot with Two Pair, 10's & 3's (combination: Q♦, 3♠, 3♦, 10♠, 10♣)",2026-09-26T19:42:06.949Z,179045172694901
"""dih @ GO72Iwd2XL"" shows a Q♦, 10♠.",2026-09-26T19:42:06.949Z,179045172694900
"""Barbie's Men @ 1MAe7RP1K5"" calls 2.50",2026-09-26T19:42:06.137Z,179045172613700
"""dih @ GO72Iwd2XL"" bets 2.50",2026-09-26T19:42:04.359Z,179045172435900
"River: 10♣, 3♠, J♦, 2♦ [3♦]",2026-09-26T19:41:58.864Z,179045171886400
"""Barbie's Men @ 1MAe7RP1K5"" checks",2026-09-26T19:41:58.058Z,179045171805800
"""dih @ GO72Iwd2XL"" checks",2026-09-26T19:41:57.108Z,179045171710800
"Turn: 10♣, 3♠, J♦ [2♦]",2026-09-26T19:41:54.859Z,179045171485900
"""dih @ GO72Iwd2XL"" calls 2.10",2026-09-26T19:41:54.030Z,179045171403000
"""Barbie's Men @ 1MAe7RP1K5"" bets 2.10",2026-09-26T19:41:52.164Z,179045171216400
"""dih @ GO72Iwd2XL"" checks",2026-09-26T19:41:48.117Z,179045170811700
"Flop:  [10♣, 3♠, J♦]",2026-09-26T19:41:46.558Z,179045170655800
"""dih @ GO72Iwd2XL"" calls 0.40",2026-09-26T19:41:45.720Z,179045170572000
"""rowan @ GthBpPSqaK"" folds",2026-09-26T19:41:43.398Z,179045170339800
"""Barbie's Men @ 1MAe7RP1K5"" raises to 0.40",2026-09-26T19:41:42.438Z,179045170243800
"""dih @ GO72Iwd2XL"" posts a big blind of 0.20",2026-09-26T19:41:38.886Z,179045169888606
"""rowan @ GthBpPSqaK"" posts a small blind of 0.10",2026-09-26T19:41:38.886Z,179045169888605
"Player stacks: #1 ""rowan @ GthBpPSqaK"" (36.90) | #2 ""dih @ GO72Iwd2XL"" (27.00) | #10 ""Barbie's Men @ 1MAe7RP1K5"" (16.10)",2026-09-26T19:41:38.886Z,179045169888601
"-- starting hand #7 (id: az66b4li5tdj)  No Limit Texas Hold'em (dealer: ""Barbie's Men @ 1MAe7RP1K5"") --",2026-09-26T19:41:38.886Z,179045169888600
"""Barbie's Men @ 1MAe7RP1K5"" shows a 9♠, 5♣.",2026-09-26T19:41:36.258Z,179045169625800
"""dih @ GO72Iwd2XL"" shows a 8♣.",2026-09-26T19:41:35.400Z,179045169540000
"-- ending hand #6 --",2026-09-26T19:41:34.583Z,179045169458302
"""Barbie's Men @ 1MAe7RP1K5"" collected 1.80 from pot",2026-09-26T19:41:34.583Z,179045169458301
"Uncalled bet of 14.30 returned to ""Barbie's Men @ 1MAe7RP1K5""",2026-09-26T19:41:34.583Z,179045169458300
"""dih @ GO72Iwd2XL"" folds",2026-09-26T19:41:33.780Z,179045169378000
"""Barbie's Men @ 1MAe7RP1K5"" bets 14.30 and go all in",2026-09-26T19:41:30.586Z,179045169058600
"River: 8♥, Q♣, 7♠, 6♠ [10♥]",2026-09-26T19:41:28.132Z,179045168813200
"""dih @ GO72Iwd2XL"" calls 0.60",2026-09-26T19:41:27.311Z,179045168731100
"""rowan @ GthBpPSqaK"" folds",2026-09-26T19:41:26.430Z,179045168643000
"""Barbie's Men @ 1MAe7RP1K5"" bets 0.60",2026-09-26T19:41:25.565Z,179045168556500
"Turn: 8♥, Q♣, 7♠ [6♠]",2026-09-26T19:41:22.468Z,179045168246800
"""dih @ GO72Iwd2XL"" checks",2026-09-26T19:41:21.608Z,179045168160800
"""rowan @ GthBpPSqaK"" checks",2026-09-26T19:41:20.392Z,179045168039200
"""Barbie's Men @ 1MAe7RP1K5"" checks",2026-09-26T19:41:19.368Z,179045167936800
"Flop:  [8♥, Q♣, 7♠]",2026-09-26T19:41:17.924Z,179045167792400
"""rowan @ GthBpPSqaK"" checks",2026-09-26T19:41:17.106Z,179045167710600
"""Barbie's Men @ 1MAe7RP1K5"" calls 0.20",2026-09-26T19:41:08.324Z,179045166832400
"""dih @ GO72Iwd2XL"" calls 0.20",2026-09-26T19:41:07.400Z,179045166740000
"""rowan @ GthBpPSqaK"" posts a big blind of 0.20",2026-09-26T19:41:01.911Z,179045166191106
"""Barbie's Men @ 1MAe7RP1K5"" posts a small blind of 0.10",2026-09-26T19:41:01.911Z,179045166191105
"Player stacks: #1 ""rowan @ GthBpPSqaK"" (37.10) | #2 ""dih @ GO72Iwd2XL"" (27.80) | #10 ""Barbie's Men @ 1MAe7RP1K5"" (15.10)",2026-09-26T19:41:01.911Z,179045166191101
"-- starting hand #6 (id: fmouekpokjiv)  No Limit Texas Hold'em (dealer: ""dih @ GO72Iwd2XL"") --",2026-09-26T19:41:01.911Z,179045166191100
"""Barbie's Men @ 1MAe7RP1K5"" shows a 10♥, 5♥.",2026-09-26T19:40:59.224Z,179045165922400
"-- ending hand #5 --",2026-09-26T19:40:58.240Z,179045165824002
"""Barbie's Men @ 1MAe7RP1K5"" collected 0.20 from pot",2026-09-26T19:40:58.240Z,179045165824001
"Uncalled bet of 0.10 returned to ""Barbie's Men @ 1MAe7RP1K5""",2026-09-26T19:40:58.240Z,179045165824000
"""dih @ GO72Iwd2XL"" folds",2026-09-26T19:40:57.395Z,179045165739500
"""rowan @ GthBpPSqaK"" folds",2026-09-26T19:40:54.050Z,179045165405000
"""Barbie's Men @ 1MAe7RP1K5"" posts a big blind of 0.20",2026-09-26T19:40:52.962Z,179045165296206
"""dih @ GO72Iwd2XL"" posts a small blind of 0.10",2026-09-26T19:40:52.962Z,179045165296205
"Player stacks: #1 ""rowan @ GthBpPSqaK"" (37.10) | #2 ""dih @ GO72Iwd2XL"" (27.90) | #10 ""Barbie's Men @ 1MAe7RP1K5"" (15.00)",2026-09-26T19:40:52.962Z,179045165296201
"-- starting hand #5 (id: ag2hmnzwu4rs)  No Limit Texas Hold'em (dealer: ""rowan @ GthBpPSqaK"") --",2026-09-26T19:40:52.962Z,179045165296200
"-- ending hand #4 --",2026-09-26T19:40:47.028Z,179045164702802
"""rowan @ GthBpPSqaK"" collected 0.40 from pot",2026-09-26T19:40:47.028Z,179045164702801
"Uncalled bet of 0.40 returned to ""rowan @ GthBpPSqaK""",2026-09-26T19:40:47.028Z,179045164702800
"""dih @ GO72Iwd2XL"" folds",2026-09-26T19:40:46.216Z,179045164621600
"""rowan @ GthBpPSqaK"" raises to 0.60",2026-09-26T19:40:43.806Z,179045164380600
"""Barbie's Men @ 1MAe7RP1K5"" folds",2026-09-26T19:40:41.760Z,179045164176000
"""dih @ GO72Iwd2XL"" posts a big blind of 0.20",2026-09-26T19:40:40.558Z,179045164055806
"""rowan @ GthBpPSqaK"" posts a small blind of 0.10",2026-09-26T19:40:40.558Z,179045164055805
"Player stacks: #1 ""rowan @ GthBpPSqaK"" (36.90) | #2 ""dih @ GO72Iwd2XL"" (28.10) | #10 ""Barbie's Men @ 1MAe7RP1K5"" (15.00)",2026-09-26T19:40:40.558Z,179045164055801
"-- starting hand #4 (id: i3yzzgiackgw)  No Limit Texas Hold'em (dealer: ""Barbie's Men @ 1MAe7RP1K5"") --",2026-09-26T19:40:40.558Z,179045164055800
"-- ending hand #3 --",2026-09-26T19:40:34.553Z,179045163455303
"""dih @ GO72Iwd2XL"" collected 10.40 from pot with Pair, 8's (combination: 6♥, 7♠, 10♥, 8♥, 8♣)",2026-09-26T19:40:34.553Z,179045163455302
"""dih @ GO72Iwd2XL"" shows a 8♥, 8♣.",2026-09-26T19:40:34.553Z,179045163455301
"""Barbie's Men @ 1MAe7RP1K5"" shows a 4♦, 2♣.",2026-09-26T19:40:34.553Z,179045163455300
"""dih @ GO72Iwd2XL"" checks",2026-09-26T19:40:33.709Z,179045163370900
"""Barbie's Men @ 1MAe7RP1K5"" checks",2026-09-26T19:40:32.219Z,179045163221900
"River: 3♥, 7♠, 6♥, 10♥ [4♠]",2026-09-26T19:40:31.991Z,179045163199100
"""Barbie's Men @ 1MAe7RP1K5"" calls 2.60",2026-09-26T19:40:31.184Z,179045163118400
"""dih @ GO72Iwd2XL"" bets 2.60",2026-09-26T19:40:30.119Z,179045163011900
"""Barbie's Men @ 1MAe7RP1K5"" checks",2026-09-26T19:40:26.544Z,179045162654400
"Turn: 3♥, 7♠, 6♥ [10♥]",2026-09-26T19:40:26.284Z,179045162628400
"""rowan @ GthBpPSqaK"" folds",2026-09-26T19:40:25.445Z,179045162544500
"""Barbie's Men @ 1MAe7RP1K5"" calls 1.40",2026-09-26T19:40:24.531Z,179045162453100
"""dih @ GO72Iwd2XL"" bets 1.40",2026-09-26T19:40:23.626Z,179045162362600
"""rowan @ GthBpPSqaK"" checks",2026-09-26T19:40:19.826Z,179045161982600
"""Barbie's Men @ 1MAe7RP1K5"" checks",2026-09-26T19:40:16.224Z,179045161622400
"Flop:  [3♥, 7♠, 6♥]",2026-09-26T19:40:08.598Z,179045160859800
"""rowan @ GthBpPSqaK"" calls 0.80",2026-09-26T19:40:07.791Z,179045160779100
"""Barbie's Men @ 1MAe7RP1K5"" calls 0.80",2026-09-26T19:40:06.944Z,179045160694400
"""dih @ GO72Iwd2XL"" raises to 0.80",2026-09-26T19:40:06.052Z,179045160605200
"""rowan @ GthBpPSqaK"" posts a big blind of 0.20",2026-09-26T19:40:02.241Z,179045160224106
"""Barbie's Men @ 1MAe7RP1K5"" posts a small blind of 0.10",2026-09-26T19:40:02.241Z,179045160224105
"Player stacks: #1 ""rowan @ GthBpPSqaK"" (37.70) | #2 ""dih @ GO72Iwd2XL"" (22.50) | #10 ""Barbie's Men @ 1MAe7RP1K5"" (19.80)",2026-09-26T19:40:02.241Z,179045160224101
"-- starting hand #3 (id: rqf9a3835nud)  No Limit Texas Hold'em (dealer: ""dih @ GO72Iwd2XL"") --",2026-09-26T19:40:02.241Z,179045160224100
"""dih @ GO72Iwd2XL"" shows a 4♦, 5♥.",2026-09-26T19:39:59.448Z,179045159944800
"""rowan @ GthBpPSqaK"" shows a 2♦, 7♦.",2026-09-26T19:39:58.219Z,179045159821900
"-- ending hand #2 --",2026-09-26T19:39:57.834Z,179045159783402
"""dih @ GO72Iwd2XL"" collected 5.20 from pot",2026-09-26T19:39:57.834Z,179045159783401
"Uncalled bet of 5.30 returned to ""dih @ GO72Iwd2XL""",2026-09-26T19:39:57.834Z,179045159783400
"""rowan @ GthBpPSqaK"" folds",2026-09-26T19:39:57.025Z,179045159702500
"""dih @ GO72Iwd2XL"" bets 5.30",2026-09-26T19:39:55.288Z,179045159528800
"River: 6♦, J♠, Q♣, 8♣ [3♥]",2026-09-26T19:39:50.758Z,179045159075800
"""dih @ GO72Iwd2XL"" calls 1.30",2026-09-26T19:39:49.920Z,179045158992000
"""rowan @ GthBpPSqaK"" bets 1.30",2026-09-26T19:39:47.151Z,179045158715100
"""dih @ GO72Iwd2XL"" checks",2026-09-26T19:39:41.925Z,179045158192500
"Turn: 6♦, J♠, Q♣ [8♣]",2026-09-26T19:39:40.262Z,179045158026200
"""dih @ GO72Iwd2XL"" calls 0.60",2026-09-26T19:39:39.433Z,179045157943300
"""rowan @ GthBpPSqaK"" bets 0.60",2026-09-26T19:39:37.635Z,179045157763500
"""dih @ GO72Iwd2XL"" checks",2026-09-26T19:39:35.471Z,179045157547100
"Flop:  [6♦, J♠, Q♣]",2026-09-26T19:39:33.456Z,179045157345600
"""Barbie's Men @ 1MAe7RP1K5"" folds",2026-09-26T19:39:32.610Z,179045157261000
"""dih @ GO72Iwd2XL"" calls 0.60",2026-09-26T19:39:31.726Z,179045157172600
"""rowan @ GthBpPSqaK"" raises to 0.60",2026-09-26T19:39:29.975Z,179045156997500
"""Barbie's Men @ 1MAe7RP1K5"" posts a big blind of 0.20",2026-09-26T19:39:27.569Z,179045156756906
"""dih @ GO72Iwd2XL"" posts a small blind of 0.10",2026-09-26T19:39:27.569Z,179045156756905
"Player stacks: #1 ""rowan @ GthBpPSqaK"" (40.20) | #2 ""dih @ GO72Iwd2XL"" (19.80) | #10 ""Barbie's Men @ 1MAe7RP1K5"" (20.00)",2026-09-26T19:39:27.569Z,179045156756901
"-- starting hand #2 (id: ofpggiiys2xy)  No Limit Texas Hold'em (dealer: ""rowan @ GthBpPSqaK"") --",2026-09-26T19:39:27.569Z,179045156756900
"-- ending hand #1 --",2026-09-26T19:39:19.559Z,179045155955902
"""rowan @ GthBpPSqaK"" collected 20.10 from pot with Full House, 4's over 3's on the second run  (combination: 3♦, 3♥, 4♥, 4♦, 4♠)",2026-09-26T19:39:19.559Z,179045155955901
"""rowan @ GthBpPSqaK"" collected 20.10 from pot with Full House, 4's over 3's (combination: 3♣, 3♦, 4♥, 4♦, 4♠)",2026-09-26T19:39:19.559Z,179045155955900
"River (second run): Q♠, 4♦, 3♦, 4♠ [3♥]",2026-09-26T19:39:15.555Z,179045155555500
"River: Q♠, 4♦, 3♦, 4♠ [J♦]",2026-09-26T19:39:11.548Z,179045155154800
"""Barbie's Men @ 1MAe7RP1K5"" shows a 10♦, 10♥.",2026-09-26T19:39:07.526Z,179045154752602
"""rowan @ GthBpPSqaK"" shows a 4♥, 3♣.",2026-09-26T19:39:07.526Z,179045154752601
"Uncalled bet of 0.15 returned to ""Barbie's Men @ 1MAe7RP1K5""",2026-09-26T19:39:07.526Z,179045154752600
"All players in hand choose to run it twice.",2026-09-26T19:39:06.716Z,179045154671601
"""rowan @ GthBpPSqaK"" chooses to  run it twice.",2026-09-26T19:39:06.716Z,179045154671600
"""Barbie's Men @ 1MAe7RP1K5"" chooses to  run it twice.",2026-09-26T19:39:05.749Z,179045154574900
"Remaining players decide whether to run it twice.",2026-09-26T19:39:04.782Z,179045154478201
"""rowan @ GthBpPSqaK"" calls 13.35 and go all in",2026-09-26T19:39:04.782Z,179045154478200
"""Barbie's Men @ 1MAe7RP1K5"" raises to 13.50",2026-09-26T19:39:03.672Z,179045154367200
"""rowan @ GthBpPSqaK"" bets 6.75",2026-09-26T19:38:58.947Z,179045153894700
"Turn: Q♠, 4♦, 3♦ [4♠]",2026-09-26T19:38:54.048Z,179045153404800
"""Barbie's Men @ 1MAe7RP1K5"" calls 6.45",2026-09-26T19:38:53.208Z,179045153320800
"""rowan @ GthBpPSqaK"" raises to 6.45",2026-09-26T19:38:51.097Z,179045153109700
"""Barbie's Men @ 1MAe7RP1K5"" raises to 1.95",2026-09-26T19:38:44.769Z,179045152476900
"""dih @ GO72Iwd2XL"" folds",2026-09-26T19:38:42.486Z,179045152248600
"""rowan @ GthBpPSqaK"" bets 0.60",2026-09-26T19:38:41.320Z,179045152132000
"Flop:  [Q♠, 4♦, 3♦]",2026-09-26T19:38:38.831Z,179045151883100
"""dih @ GO72Iwd2XL"" checks",2026-09-26T19:38:38.015Z,179045151801500
"""rowan @ GthBpPSqaK"" calls 0.20",2026-09-26T19:38:37.152Z,179045151715200
"""Barbie's Men @ 1MAe7RP1K5"" calls 0.20",2026-09-26T19:38:35.982Z,179045151598200
"""dih @ GO72Iwd2XL"" posts a big blind of 0.20",2026-09-26T19:38:10.242Z,179045149024209
"""rowan @ GthBpPSqaK"" posts a small blind of 0.10",2026-09-26T19:38:10.242Z,179045149024208
"Player stacks: #1 ""rowan @ GthBpPSqaK"" (20.00) | #2 ""dih @ GO72Iwd2XL"" (20.00) | #10 ""Barbie's Men @ 1MAe7RP1K5"" (40.00)",2026-09-26T19:38:10.242Z,179045149024204
"The player ""Barbie's Men @ 1MAe7RP1K5"" joined the game with a stack of 40.00.",2026-09-26T19:38:10.242Z,179045149024203
"The player ""dih @ GO72Iwd2XL"" joined the game with a stack of 20.00.",2026-09-26T19:38:10.242Z,179045149024202
"The player ""rowan @ GthBpPSqaK"" joined the game with a stack of 20.00.",2026-09-26T19:38:10.242Z,179045149024201
"-- starting hand #1 (id: cmp0msrjirdr)  No Limit Texas Hold'em (dealer: ""Barbie's Men @ 1MAe7RP1K5"") --",2026-09-26T19:38:10.242Z,179045149024200
"The admin approved the player ""Barbie's Men @ 1MAe7RP1K5"" participation with a stack of 40.00.",2026-09-26T19:37:29.650Z,179045144965000
"The player ""Barbie's Men @ 1MAe7RP1K5"" requested a seat.",2026-09-26T19:37:26.686Z,179045144668600
"The admin approved the player ""dih @ GO72Iwd2XL"" participation with a stack of 20.00.",2026-09-26T19:35:13.841Z,179045131384100
"The player ""dih @ GO72Iwd2XL"" requested a seat.",2026-09-26T19:35:12.689Z,179045131268900
"The admin approved the player ""rowan @ GthBpPSqaK"" participation with a stack of 20.00.",2026-09-26T19:34:17.290Z,179045125729001
"The player ""rowan @ GthBpPSqaK"" requested a seat.",2026-09-26T19:34:17.290Z,179045125729000
"Game Config Changes
* Cents Mode: off » on
* Bomb Pot: off » off
* Bomb Pot Probability: off » off
* Bomb Pot BB Quantity: off » off
* Nit Minimum Players: off » 3
* Allow Rebuy: off » on
* Rabbit Hunt: off » on
* Allow Run it Twice: no » ask players
* 7-2 bounty: off » 40",2026-09-26T19:34:13.277Z,179045125327700
