entry,at,order
"The player ""jahan 2 @ iacG4hF18c"" stand up with the stack of 383.26.",2026-09-09T00:20:17.732Z,178891321773200
"The player ""jahan 2 @ iacG4hF18c"" sit back with the stack of 383.26.",2026-09-09T00:13:27.068Z,178891280706800
"The player ""Mr Bink @ IRFSw7AJ_c"" stand up with the stack of 233.54.",2026-09-08T22:28:59.500Z,178890653950001
"The player ""jahan 2 @ iacG4hF18c"" stand up with the stack of 383.26.",2026-09-08T22:28:59.500Z,178890653950000
"-- ending hand #437 --",2026-09-08T22:28:53.567Z,178890653356702
"""Mr Bink @ IRFSw7AJ_c"" collected 1.00 from pot",2026-09-08T22:28:53.567Z,178890653356701
"Uncalled bet of 1.00 returned to ""Mr Bink @ IRFSw7AJ_c""",2026-09-08T22:28:53.567Z,178890653356700
"""jahan 2 @ iacG4hF18c"" folds",2026-09-08T22:28:52.753Z,178890653275300
"""Mr Bink @ IRFSw7AJ_c"" bets 1.00",2026-09-08T22:28:51.787Z,178890653178700
"Turn: 6♥, J♠, Q♦ [5♦]",2026-09-08T22:28:49.415Z,178890652941500
"""jahan 2 @ iacG4hF18c"" checks",2026-09-08T22:28:48.603Z,178890652860300
"""Mr Bink @ IRFSw7AJ_c"" checks",2026-09-08T22:28:47.719Z,178890652771900
"Flop:  [6♥, J♠, Q♦]",2026-09-08T22:28:46.011Z,178890652601100
"""Mr Bink @ IRFSw7AJ_c"" checks",2026-09-08T22:28:45.187Z,178890652518700
"""jahan 2 @ iacG4hF18c"" calls 0.50",2026-09-08T22:28:43.912Z,178890652391200
"""Mr Bink @ IRFSw7AJ_c"" posts a big blind of 0.50",2026-09-08T22:28:42.566Z,178890652256605
"""jahan 2 @ iacG4hF18c"" posts a small blind of 0.25",2026-09-08T22:28:42.566Z,178890652256604
"Player stacks: #3 ""jahan 2 @ iacG4hF18c"" (383.76) | #4 ""Mr Bink @ IRFSw7AJ_c"" (233.04)",2026-09-08T22:28:42.566Z,178890652256601
"-- starting hand #437 (id: ypqpj8kxaybv)  No Limit Texas Hold'em (dealer: ""jahan 2 @ iacG4hF18c"") --",2026-09-08T22:28:42.566Z,178890652256600
"-- ending hand #436 --",2026-09-08T22:28:36.659Z,178890651665902
"""jahan 2 @ iacG4hF18c"" collected 0.50 from pot",2026-09-08T22:28:36.659Z,178890651665901
"Uncalled bet of 0.25 returned to ""jahan 2 @ iacG4hF18c""",2026-09-08T22:28:36.659Z,178890651665900
"""Mr Bink @ IRFSw7AJ_c"" folds",2026-09-08T22:28:35.831Z,178890651583100
"""jahan 2 @ iacG4hF18c"" posts a big blind of 0.50",2026-09-08T22:28:34.966Z,178890651496605
"""Mr Bink @ IRFSw7AJ_c"" posts a small blind of 0.25",2026-09-08T22:28:34.966Z,178890651496604
"Player stacks: #3 ""jahan 2 @ iacG4hF18c"" (383.51) | #4 ""Mr Bink @ IRFSw7AJ_c"" (233.29)",2026-09-08T22:28:34.966Z,178890651496601
"-- starting hand #436 (id: foo7rzgse2pm)  No Limit Texas Hold'em (dealer: ""Mr Bink @ IRFSw7AJ_c"") --",2026-09-08T22:28:34.966Z,178890651496600
"-- ending hand #435 --",2026-09-08T22:28:28.890Z,178890650889003
"""Mr Bink @ IRFSw7AJ_c"" collected 12.00 from pot with Full House, 4's over Q's (combination: Q♦, Q♣, 4♥, 4♦, 4♠)",2026-09-08T22:28:28.890Z,178890650889002
"""Mr Bink @ IRFSw7AJ_c"" shows a Q♦, J♣.",2026-09-08T22:28:28.890Z,178890650889001
"""jahan 2 @ iacG4hF18c"" shows a J♦, J♠.",2026-09-08T22:28:28.890Z,178890650889000
"""jahan 2 @ iacG4hF18c"" checks",2026-09-08T22:28:28.086Z,178890650808600
"""Mr Bink @ IRFSw7AJ_c"" checks",2026-09-08T22:28:27.089Z,178890650708900
"River: 4♥, Q♣, 4♦, 2♦ [4♠]",2026-09-08T22:28:25.050Z,178890650505000
"""Mr Bink @ IRFSw7AJ_c"" calls 4.50",2026-09-08T22:28:24.192Z,178890650419200
"""jahan 2 @ iacG4hF18c"" raises to 4.50",2026-09-08T22:28:22.201Z,178890650220100
"""Mr Bink @ IRFSw7AJ_c"" bets 1.50",2026-09-08T22:28:17.276Z,178890649727600
"Turn: 4♥, Q♣, 4♦ [2♦]",2026-09-08T22:28:12.831Z,178890649283100
"""jahan 2 @ iacG4hF18c"" checks",2026-09-08T22:28:11.960Z,178890649196000
"""Mr Bink @ IRFSw7AJ_c"" checks",2026-09-08T22:28:09.307Z,178890648930700
"Flop:  [4♥, Q♣, 4♦]",2026-09-08T22:28:07.631Z,178890648763100
"""Mr Bink @ IRFSw7AJ_c"" calls 1.50",2026-09-08T22:28:06.766Z,178890648676600
"""jahan 2 @ iacG4hF18c"" raises to 1.50",2026-09-08T22:28:04.116Z,178890648411600
"""Mr Bink @ IRFSw7AJ_c"" posts a big blind of 0.50",2026-09-08T22:28:00.219Z,178890648021905
"""jahan 2 @ iacG4hF18c"" posts a small blind of 0.25",2026-09-08T22:28:00.219Z,178890648021904
"Player stacks: #3 ""jahan 2 @ iacG4hF18c"" (389.51) | #4 ""Mr Bink @ IRFSw7AJ_c"" (227.29)",2026-09-08T22:28:00.219Z,178890648021901
"-- starting hand #435 (id: p8holgznbxay)  No Limit Texas Hold'em (dealer: ""jahan 2 @ iacG4hF18c"") --",2026-09-08T22:28:00.219Z,178890648021900
"""Mr Bink @ IRFSw7AJ_c"" shows a Q♥, A♠.",2026-09-08T22:27:57.198Z,178890647719800
"-- ending hand #434 --",2026-09-08T22:27:56.570Z,178890647657002
"""jahan 2 @ iacG4hF18c"" collected 8.00 from pot",2026-09-08T22:27:56.570Z,178890647657001
"Uncalled bet of 8.00 returned to ""jahan 2 @ iacG4hF18c""",2026-09-08T22:27:56.570Z,178890647657000
"""Mr Bink @ IRFSw7AJ_c"" folds",2026-09-08T22:27:55.746Z,178890647574600
"""jahan 2 @ iacG4hF18c"" bets 8.00",2026-09-08T22:27:51.855Z,178890647185500
"River: Q♣, 2♣, 10♠, 9♣ [K♠]",2026-09-08T22:27:48.654Z,178890646865400
"""Mr Bink @ IRFSw7AJ_c"" checks",2026-09-08T22:27:47.847Z,178890646784700
"""jahan 2 @ iacG4hF18c"" checks",2026-09-08T22:27:46.095Z,178890646609500
"Turn: Q♣, 2♣, 10♠ [9♣]",2026-09-08T22:27:42.513Z,178890646251300
"""jahan 2 @ iacG4hF18c"" calls 2.00",2026-09-08T22:27:41.704Z,178890646170400
"""Mr Bink @ IRFSw7AJ_c"" bets 2.00",2026-09-08T22:27:39.826Z,178890645982600
"""jahan 2 @ iacG4hF18c"" checks",2026-09-08T22:27:37.166Z,178890645716600
"Flop:  [Q♣, 2♣, 10♠]",2026-09-08T22:27:35.343Z,178890645534300
"""jahan 2 @ iacG4hF18c"" calls 2.00",2026-09-08T22:27:34.521Z,178890645452100
"""Mr Bink @ IRFSw7AJ_c"" raises to 2.00",2026-09-08T22:27:33.528Z,178890645352800
"""jahan 2 @ iacG4hF18c"" posts a big blind of 0.50",2026-09-08T22:27:19.903Z,178890643990305
"""Mr Bink @ IRFSw7AJ_c"" posts a small blind of 0.25",2026-09-08T22:27:19.903Z,178890643990304
"Player stacks: #3 ""jahan 2 @ iacG4hF18c"" (385.51) | #4 ""Mr Bink @ IRFSw7AJ_c"" (231.29)",2026-09-08T22:27:19.903Z,178890643990301
"-- starting hand #434 (id: qyzunbmdyvol)  No Limit Texas Hold'em (dealer: ""Mr Bink @ IRFSw7AJ_c"") --",2026-09-08T22:27:19.903Z,178890643990300
"-- ending hand #433 --",2026-09-08T22:27:13.892Z,178890643389202
"""Mr Bink @ IRFSw7AJ_c"" collected 6.24 from pot with Three of a Kind, 9's (combination: 5♠, 6♥, 9♥, 9♦, 9♣)",2026-09-08T22:27:13.892Z,178890643389201
"""Mr Bink @ IRFSw7AJ_c"" shows a 9♥, 6♥.",2026-09-08T22:27:13.892Z,178890643389200
"""jahan 2 @ iacG4hF18c"" calls 1.87",2026-09-08T22:27:13.023Z,178890643302300
"""Mr Bink @ IRFSw7AJ_c"" bets 1.87",2026-09-08T22:27:12.027Z,178890643202700
"River: 9♦, 4♥, 5♠, 3♥ [9♣]",2026-09-08T22:27:09.294Z,178890642929400
"""jahan 2 @ iacG4hF18c"" checks",2026-09-08T22:27:08.478Z,178890642847800
"""Mr Bink @ IRFSw7AJ_c"" checks",2026-09-08T22:27:06.251Z,178890642625100
"Turn: 9♦, 4♥, 5♠ [3♥]",2026-09-08T22:27:04.797Z,178890642479700
"""Mr Bink @ IRFSw7AJ_c"" calls 0.75",2026-09-08T22:27:03.941Z,178890642394100
"""jahan 2 @ iacG4hF18c"" bets 0.75",2026-09-08T22:27:02.816Z,178890642281600
"""Mr Bink @ IRFSw7AJ_c"" checks",2026-09-08T22:27:00.053Z,178890642005300
"Flop:  [9♦, 4♥, 5♠]",2026-09-08T22:26:58.630Z,178890641863000
"""Mr Bink @ IRFSw7AJ_c"" checks",2026-09-08T22:26:57.777Z,178890641777700
"""jahan 2 @ iacG4hF18c"" calls 0.50",2026-09-08T22:26:56.361Z,178890641636100
"""Mr Bink @ IRFSw7AJ_c"" posts a big blind of 0.50",2026-09-08T22:26:54.089Z,178890641408906
"""jahan 2 @ iacG4hF18c"" posts a small blind of 0.25",2026-09-08T22:26:54.089Z,178890641408905
"Player stacks: #3 ""jahan 2 @ iacG4hF18c"" (388.63) | #4 ""Mr Bink @ IRFSw7AJ_c"" (228.17)",2026-09-08T22:26:54.089Z,178890641408902
"-- starting hand #433 (id: d27vfk41hewh)  No Limit Texas Hold'em (dealer: ""jahan 2 @ iacG4hF18c"") --",2026-09-08T22:26:54.089Z,178890641408901
"The player ""R Y A N @ GO72Iwd2XL"" stand up with the stack of 106.72.",2026-09-08T22:26:54.089Z,178890641408900
"-- ending hand #432 --",2026-09-08T22:26:48.175Z,178890640817502
"""jahan 2 @ iacG4hF18c"" collected 1.00 from pot",2026-09-08T22:26:48.175Z,178890640817501
"Uncalled bet of 1.25 returned to ""jahan 2 @ iacG4hF18c""",2026-09-08T22:26:48.175Z,178890640817500
"""Mr Bink @ IRFSw7AJ_c"" folds",2026-09-08T22:26:47.320Z,178890640732000
"""jahan 2 @ iacG4hF18c"" bets 1.25",2026-09-08T22:26:44.885Z,178890640488500
"Turn: 4♠, 2♥, 2♦ [Q♦]",2026-09-08T22:26:41.768Z,178890640176800
"""Mr Bink @ IRFSw7AJ_c"" checks",2026-09-08T22:26:40.886Z,178890640088600
"""jahan 2 @ iacG4hF18c"" checks",2026-09-08T22:26:39.895Z,178890639989500
"Flop:  [4♠, 2♥, 2♦]",2026-09-08T22:26:38.045Z,178890639804500
"""Mr Bink @ IRFSw7AJ_c"" checks",2026-09-08T22:26:37.216Z,178890639721600
"""jahan 2 @ iacG4hF18c"" calls 0.50",2026-09-08T22:26:34.972Z,178890639497200
"""R Y A N @ GO72Iwd2XL"" folds",2026-09-08T22:26:33.744Z,178890639374400
"""Mr Bink @ IRFSw7AJ_c"" posts a big blind of 0.50",2026-09-08T22:26:32.164Z,178890639216406
"""jahan 2 @ iacG4hF18c"" posts a small blind of 0.25",2026-09-08T22:26:32.164Z,178890639216405
"Player stacks: #3 ""jahan 2 @ iacG4hF18c"" (388.13) | #4 ""Mr Bink @ IRFSw7AJ_c"" (228.67) | #10 ""R Y A N @ GO72Iwd2XL"" (106.72)",2026-09-08T22:26:32.164Z,178890639216401
"-- starting hand #432 (id: zpxswqbpvks8)  No Limit Texas Hold'em (dealer: ""R Y A N @ GO72Iwd2XL"") --",2026-09-08T22:26:32.164Z,178890639216400
"-- ending hand #431 --",2026-09-08T22:26:26.188Z,178890638618802
"""Mr Bink @ IRFSw7AJ_c"" collected 1.25 from pot",2026-09-08T22:26:26.188Z,178890638618801
"Uncalled bet of 1.50 returned to ""Mr Bink @ IRFSw7AJ_c""",2026-09-08T22:26:26.188Z,178890638618800
"""jahan 2 @ iacG4hF18c"" folds",2026-09-08T22:26:25.372Z,178890638537200
"""R Y A N @ GO72Iwd2XL"" folds",2026-09-08T22:26:23.107Z,178890638310700
"""Mr Bink @ IRFSw7AJ_c"" raises to 2.00",2026-09-08T22:26:22.196Z,178890638219600
"""jahan 2 @ iacG4hF18c"" posts a big blind of 0.50",2026-09-08T22:26:19.228Z,178890637922806
"""R Y A N @ GO72Iwd2XL"" posts a small blind of 0.25",2026-09-08T22:26:19.228Z,178890637922805
"Player stacks: #3 ""jahan 2 @ iacG4hF18c"" (388.63) | #4 ""Mr Bink @ IRFSw7AJ_c"" (227.92) | #10 ""R Y A N @ GO72Iwd2XL"" (106.97)",2026-09-08T22:26:19.228Z,178890637922801
"-- starting hand #431 (id: lnkj4s6pbqid)  No Limit Texas Hold'em (dealer: ""Mr Bink @ IRFSw7AJ_c"") --",2026-09-08T22:26:19.228Z,178890637922800
"-- ending hand #430 --",2026-09-08T22:26:13.187Z,178890637318704
"""R Y A N @ GO72Iwd2XL"" collected 16.50 from pot with Two Pair, 9's & 6's (combination: J♠, 6♥, 6♦, 9♦, 9♣)",2026-09-08T22:26:13.187Z,178890637318703
"""Mr Bink @ IRFSw7AJ_c"" collected 16.50 from pot with Two Pair, 9's & 6's (combination: J♠, 6♥, 6♦, 9♥, 9♣)",2026-09-08T22:26:13.187Z,178890637318702
"""R Y A N @ GO72Iwd2XL"" shows a 7♦, 9♦.",2026-09-08T22:26:13.187Z,178890637318701
"""Mr Bink @ IRFSw7AJ_c"" shows a 9♥, 10♠.",2026-09-08T22:26:13.187Z,178890637318700
"""R Y A N @ GO72Iwd2XL"" checks",2026-09-08T22:26:12.369Z,178890637236900
"""Mr Bink @ IRFSw7AJ_c"" checks",2026-09-08T22:26:02.346Z,178890636234600
"River: 9♣, 6♥, 6♦, 8♦ [J♠]",2026-09-08T22:25:53.259Z,178890635325900
"""Mr Bink @ IRFSw7AJ_c"" calls 9.00",2026-09-08T22:25:52.453Z,178890635245300
"""R Y A N @ GO72Iwd2XL"" bets 9.00",2026-09-08T22:25:50.885Z,178890635088500
"""Mr Bink @ IRFSw7AJ_c"" checks",2026-09-08T22:25:47.034Z,178890634703400
"Turn: 9♣, 6♥, 6♦ [8♦]",2026-09-08T22:25:45.292Z,178890634529200
"""Mr Bink @ IRFSw7AJ_c"" calls 4.50",2026-09-08T22:25:44.482Z,178890634448200
"""jahan 2 @ iacG4hF18c"" folds",2026-09-08T22:25:43.168Z,178890634316800
"""R Y A N @ GO72Iwd2XL"" bets 4.50",2026-09-08T22:25:41.605Z,178890634160500
"""Mr Bink @ IRFSw7AJ_c"" checks",2026-09-08T22:25:39.116Z,178890633911600
"Flop:  [9♣, 6♥, 6♦]",2026-09-08T22:25:37.555Z,178890633755500
"""Mr Bink @ IRFSw7AJ_c"" calls 2.00",2026-09-08T22:25:36.727Z,178890633672700
"""jahan 2 @ iacG4hF18c"" calls 2.00",2026-09-08T22:25:35.655Z,178890633565500
"""R Y A N @ GO72Iwd2XL"" raises to 2.00",2026-09-08T22:25:33.059Z,178890633305900
"""Mr Bink @ IRFSw7AJ_c"" calls 0.50",2026-09-08T22:25:29.616Z,178890632961600
"""jahan 2 @ iacG4hF18c"" calls 0.50",2026-09-08T22:25:28.178Z,178890632817800
"""R Y A N @ GO72Iwd2XL"" posts a big blind of 0.50",2026-09-08T22:25:25.616Z,178890632561607
"""Mr Bink @ IRFSw7AJ_c"" posts a small blind of 0.25",2026-09-08T22:25:25.616Z,178890632561606
"Player stacks: #3 ""jahan 2 @ iacG4hF18c"" (390.63) | #4 ""Mr Bink @ IRFSw7AJ_c"" (226.92) | #10 ""R Y A N @ GO72Iwd2XL"" (105.97)",2026-09-08T22:25:25.616Z,178890632561602
"-- starting hand #430 (id: rjesooz68o9m)  No Limit Texas Hold'em (dealer: ""jahan 2 @ iacG4hF18c"") --",2026-09-08T22:25:25.616Z,178890632561601
"The player ""Kobe @ DRSv3IR7B7"" quits the game with a stack of 214.08.",2026-09-08T22:25:25.616Z,178890632561600
"-- ending hand #429 --",2026-09-08T22:25:19.670Z,178890631967002
"""R Y A N @ GO72Iwd2XL"" collected 4.25 from pot",2026-09-08T22:25:19.670Z,178890631967001
"Uncalled bet of 4.25 returned to ""R Y A N @ GO72Iwd2XL""",2026-09-08T22:25:19.670Z,178890631967000
"""Mr Bink @ IRFSw7AJ_c"" folds",2026-09-08T22:25:18.863Z,178890631886300
"""R Y A N @ GO72Iwd2XL"" bets 4.25",2026-09-08T22:25:17.353Z,178890631735300
"""Mr Bink @ IRFSw7AJ_c"" checks",2026-09-08T22:25:14.883Z,178890631488300
"Flop:  [3♦, K♠, Q♣]",2026-09-08T22:25:13.327Z,178890631332700
"""Mr Bink @ IRFSw7AJ_c"" calls 2.00",2026-09-08T22:25:12.492Z,178890631249200
"""jahan 2 @ iacG4hF18c"" folds",2026-09-08T22:25:10.340Z,178890631034000
"""R Y A N @ GO72Iwd2XL"" raises to 2.00",2026-09-08T22:25:03.490Z,178890630349000
"""Mr Bink @ IRFSw7AJ_c"" posts a big blind of 0.50",2026-09-08T22:25:01.096Z,178890630109606
"""jahan 2 @ iacG4hF18c"" posts a small blind of 0.25",2026-09-08T22:25:01.096Z,178890630109605
"Player stacks: #3 ""jahan 2 @ iacG4hF18c"" (390.88) | #4 ""Mr Bink @ IRFSw7AJ_c"" (228.92) | #10 ""R Y A N @ GO72Iwd2XL"" (103.72)",2026-09-08T22:25:01.096Z,178890630109601
"-- starting hand #429 (id: 23c5ys04xchd)  No Limit Texas Hold'em (dealer: ""R Y A N @ GO72Iwd2XL"") --",2026-09-08T22:25:01.096Z,178890630109600
"-- ending hand #428 --",2026-09-08T22:24:55.178Z,178890629517802
"""jahan 2 @ iacG4hF18c"" collected 0.50 from pot",2026-09-08T22:24:55.178Z,178890629517801
"Uncalled bet of 0.25 returned to ""jahan 2 @ iacG4hF18c""",2026-09-08T22:24:55.178Z,178890629517800
"""R Y A N @ GO72Iwd2XL"" folds",2026-09-08T22:24:54.320Z,178890629432000
"""Mr Bink @ IRFSw7AJ_c"" folds",2026-09-08T22:24:42.408Z,178890628240800
"""jahan 2 @ iacG4hF18c"" posts a big blind of 0.50",2026-09-08T22:24:41.167Z,178890628116706
"""R Y A N @ GO72Iwd2XL"" posts a small blind of 0.25",2026-09-08T22:24:41.167Z,178890628116705
"Player stacks: #3 ""jahan 2 @ iacG4hF18c"" (390.63) | #4 ""Mr Bink @ IRFSw7AJ_c"" (228.92) | #10 ""R Y A N @ GO72Iwd2XL"" (103.97)",2026-09-08T22:24:41.167Z,178890628116701
"-- starting hand #428 (id: ockz3iglgmue)  No Limit Texas Hold'em (dealer: ""Mr Bink @ IRFSw7AJ_c"") --",2026-09-08T22:24:41.167Z,178890628116700
"-- ending hand #427 --",2026-09-08T22:24:35.265Z,178890627526502
"""R Y A N @ GO72Iwd2XL"" collected 0.50 from pot",2026-09-08T22:24:35.265Z,178890627526501
"Uncalled bet of 0.25 returned to ""R Y A N @ GO72Iwd2XL""",2026-09-08T22:24:35.265Z,178890627526500
"""Mr Bink @ IRFSw7AJ_c"" folds",2026-09-08T22:24:34.420Z,178890627442000
"""jahan 2 @ iacG4hF18c"" folds",2026-09-08T22:24:33.540Z,178890627354000
"""R Y A N @ GO72Iwd2XL"" posts a big blind of 0.50",2026-09-08T22:24:29.365Z,178890626936506
"""Mr Bink @ IRFSw7AJ_c"" posts a small blind of 0.25",2026-09-08T22:24:29.365Z,178890626936505
"Player stacks: #3 ""jahan 2 @ iacG4hF18c"" (390.63) | #4 ""Mr Bink @ IRFSw7AJ_c"" (229.17) | #10 ""R Y A N @ GO72Iwd2XL"" (103.72)",2026-09-08T22:24:29.365Z,178890626936501
"-- starting hand #427 (id: 1xcx22jsnjnl)  No Limit Texas Hold'em (dealer: ""jahan 2 @ iacG4hF18c"") --",2026-09-08T22:24:29.365Z,178890626936500
"-- ending hand #426 --",2026-09-08T22:24:23.399Z,178890626339902
"""Mr Bink @ IRFSw7AJ_c"" collected 5.50 from pot",2026-09-08T22:24:23.399Z,178890626339901
"Uncalled bet of 2.75 returned to ""Mr Bink @ IRFSw7AJ_c""",2026-09-08T22:24:23.399Z,178890626339900
"""jahan 2 @ iacG4hF18c"" folds",2026-09-08T22:24:22.587Z,178890626258700
"""Mr Bink @ IRFSw7AJ_c"" bets 2.75",2026-09-08T22:24:20.328Z,178890626032800
"""jahan 2 @ iacG4hF18c"" checks",2026-09-08T22:24:17.899Z,178890625789900
"Flop:  [5♦, 2♣, Q♠]",2026-09-08T22:24:14.852Z,178890625485200
"""jahan 2 @ iacG4hF18c"" calls 2.50",2026-09-08T22:24:13.996Z,178890625399600
"""R Y A N @ GO72Iwd2XL"" folds",2026-09-08T22:24:12.070Z,178890625207000
"""Mr Bink @ IRFSw7AJ_c"" raises to 2.50",2026-09-08T22:24:06.944Z,178890624694400
"""jahan 2 @ iacG4hF18c"" checks",2026-09-08T22:24:00.389Z,178890624038900
"""jahan 2 @ iacG4hF18c"" posts a missed big blind of 0.50",2026-09-08T22:23:57.990Z,178890623799009
"""R Y A N @ GO72Iwd2XL"" posts a big blind of 0.50",2026-09-08T22:23:57.990Z,178890623799008
"""Mr Bink @ IRFSw7AJ_c"" posts a small blind of 0.25",2026-09-08T22:23:57.990Z,178890623799007
"Player stacks: #3 ""jahan 2 @ iacG4hF18c"" (393.13) | #4 ""Mr Bink @ IRFSw7AJ_c"" (226.17) | #10 ""R Y A N @ GO72Iwd2XL"" (104.22)",2026-09-08T22:23:57.990Z,178890623799003
"-- starting hand #426 (id: wsv9qgjpkfjh)  No Limit Texas Hold'em (dealer: ""R Y A N @ GO72Iwd2XL"") --",2026-09-08T22:23:57.990Z,178890623799002
"The player ""jahan 2 @ iacG4hF18c"" joined the game with a stack of 393.13.",2026-09-08T22:23:57.990Z,178890623799001
"The player ""Kobe @ DRSv3IR7B7"" stand up with the stack of 214.08.",2026-09-08T22:23:57.990Z,178890623799000
"The player ""jahan 2 @ iacG4hF18c"" sit back with the stack of 393.13.",2026-09-08T22:23:53.916Z,178890623391600
"""Mr Bink @ IRFSw7AJ_c"" shows a 8♦, 5♥.",2026-09-08T22:23:53.866Z,178890623386600
"-- ending hand #425 --",2026-09-08T22:23:51.342Z,178890623134202
"""R Y A N @ GO72Iwd2XL"" collected 1.00 from pot",2026-09-08T22:23:51.342Z,178890623134201
"Uncalled bet of 1.50 returned to ""R Y A N @ GO72Iwd2XL""",2026-09-08T22:23:51.342Z,178890623134200
"""Mr Bink @ IRFSw7AJ_c"" folds",2026-09-08T22:23:50.499Z,178890623049900
"""R Y A N @ GO72Iwd2XL"" raises to 2.00",2026-09-08T22:23:45.581Z,178890622558100
"""Kobe @ DRSv3IR7B7"" folds",2026-09-08T22:23:42.439Z,178890622243900
"""Mr Bink @ IRFSw7AJ_c"" posts a big blind of 0.50",2026-09-08T22:23:36.965Z,178890621696506
"""R Y A N @ GO72Iwd2XL"" posts a small blind of 0.25",2026-09-08T22:23:36.965Z,178890621696505
"Player stacks: #4 ""Mr Bink @ IRFSw7AJ_c"" (226.67) | #5 ""Kobe @ DRSv3IR7B7"" (214.08) | #10 ""R Y A N @ GO72Iwd2XL"" (103.72)",2026-09-08T22:23:36.965Z,178890621696501
"-- starting hand #425 (id: x30ct731kvvg)  No Limit Texas Hold'em (dealer: ""Kobe @ DRSv3IR7B7"") --",2026-09-08T22:23:36.965Z,178890621696500
"-- ending hand #424 --",2026-09-08T22:23:30.982Z,178890621098202
"""Kobe @ DRSv3IR7B7"" collected 1.00 from pot",2026-09-08T22:23:30.982Z,178890621098201
"Uncalled bet of 1.50 returned to ""Kobe @ DRSv3IR7B7""",2026-09-08T22:23:30.982Z,178890621098200
"""R Y A N @ GO72Iwd2XL"" folds",2026-09-08T22:23:30.174Z,178890621017400
"""Kobe @ DRSv3IR7B7"" raises to 2.00",2026-09-08T22:23:27.147Z,178890620714700
"""Mr Bink @ IRFSw7AJ_c"" folds",2026-09-08T22:23:23.072Z,178890620307200
"""R Y A N @ GO72Iwd2XL"" posts a big blind of 0.50",2026-09-08T22:23:15.858Z,178890619585806
"""Kobe @ DRSv3IR7B7"" posts a small blind of 0.25",2026-09-08T22:23:15.858Z,178890619585805
"Player stacks: #4 ""Mr Bink @ IRFSw7AJ_c"" (226.67) | #5 ""Kobe @ DRSv3IR7B7"" (213.58) | #10 ""R Y A N @ GO72Iwd2XL"" (104.22)",2026-09-08T22:23:15.858Z,178890619585801
"-- starting hand #424 (id: x28v7gwmlzdi)  No Limit Texas Hold'em (dealer: ""Mr Bink @ IRFSw7AJ_c"") --",2026-09-08T22:23:15.858Z,178890619585800
"-- ending hand #423 --",2026-09-08T22:23:09.935Z,178890618993501
"""R Y A N @ GO72Iwd2XL"" collected 100.25 from pot",2026-09-08T22:23:09.935Z,178890618993500
"""Kobe @ DRSv3IR7B7"" folds",2026-09-08T22:23:09.076Z,178890618907600
"Flop:  [A♣, 4♣, 7♥]",2026-09-08T22:23:06.933Z,178890618693300
"""Kobe @ DRSv3IR7B7"" calls 50.00",2026-09-08T22:23:06.065Z,178890618606500
"""Mr Bink @ IRFSw7AJ_c"" folds",2026-09-08T22:23:04.840Z,178890618484000
"""R Y A N @ GO72Iwd2XL"" raises to 50.00",2026-09-08T22:23:03.873Z,178890618387300
"""Kobe @ DRSv3IR7B7"" posts a big blind of 0.50",2026-09-08T22:22:35.560Z,178890615556007
"""Mr Bink @ IRFSw7AJ_c"" posts a small blind of 0.25",2026-09-08T22:22:35.560Z,178890615556006
"Player stacks: #4 ""Mr Bink @ IRFSw7AJ_c"" (226.92) | #5 ""Kobe @ DRSv3IR7B7"" (263.58) | #10 ""R Y A N @ GO72Iwd2XL"" (53.97)",2026-09-08T22:22:35.560Z,178890615556002
"-- starting hand #423 (id: dxcjd5anrkne)  No Limit Texas Hold'em (dead button) --",2026-09-08T22:22:35.560Z,178890615556001
"The player ""jahan 2 @ iacG4hF18c"" stand up with the stack of 393.13.",2026-09-08T22:22:35.560Z,178890615556000
"-- ending hand #422 --",2026-09-08T22:22:29.655Z,178890614965502
"""Mr Bink @ IRFSw7AJ_c"" collected 1.25 from pot",2026-09-08T22:22:29.655Z,178890614965501
"Uncalled bet of 2.00 returned to ""Mr Bink @ IRFSw7AJ_c""",2026-09-08T22:22:29.655Z,178890614965500
"""Kobe @ DRSv3IR7B7"" folds",2026-09-08T22:22:28.796Z,178890614879600
"""Mr Bink @ IRFSw7AJ_c"" raises to 2.50",2026-09-08T22:22:27.920Z,178890614792000
"""jahan 2 @ iacG4hF18c"" folds",2026-09-08T22:22:19.423Z,178890613942300
"""R Y A N @ GO72Iwd2XL"" folds",2026-09-08T22:22:15.725Z,178890613572500
"""Kobe @ DRSv3IR7B7"" calls 0.50",2026-09-08T22:22:10.687Z,178890613068700
"""Mr Bink @ IRFSw7AJ_c"" posts a big blind of 0.50",2026-09-08T22:22:09.081Z,178890612908108
"""jahan 2 @ iacG4hF18c"" posts a small blind of 0.25",2026-09-08T22:22:09.081Z,178890612908107
"Player stacks: #3 ""jahan 2 @ iacG4hF18c"" (393.38) | #4 ""Mr Bink @ IRFSw7AJ_c"" (226.17) | #5 ""Kobe @ DRSv3IR7B7"" (264.08) | #10 ""R Y A N @ GO72Iwd2XL"" (53.97)",2026-09-08T22:22:09.081Z,178890612908102
"-- starting hand #422 (id: 8wbdaedzyfwd)  No Limit Texas Hold'em (dealer: ""R Y A N @ GO72Iwd2XL"") --",2026-09-08T22:22:09.081Z,178890612908101
"The admin updated the player ""R Y A N @ GO72Iwd2XL"" stack from 33.97 to 53.97.",2026-09-08T22:22:09.081Z,178890612908100
"""Mr Bink @ IRFSw7AJ_c"" shows a J♦, 3♥.",2026-09-08T22:22:04.293Z,178890612429300
"-- ending hand #421 --",2026-09-08T22:22:02.475Z,178890612247502
"""R Y A N @ GO72Iwd2XL"" collected 1.00 from pot",2026-09-08T22:22:02.475Z,178890612247501
"Uncalled bet of 19.50 returned to ""R Y A N @ GO72Iwd2XL""",2026-09-08T22:22:02.475Z,178890612247500
"""jahan 2 @ iacG4hF18c"" folds",2026-09-08T22:22:01.600Z,178890612160000
"WARNING: the admin queued the stack change for the player ""R Y A N @ GO72Iwd2XL"" adding 20.00 chips in the next hand.",2026-09-08T22:21:58.635Z,178890611863500
"""R Y A N @ GO72Iwd2XL"" raises to 20.00",2026-09-08T22:21:54.971Z,178890611497100
"""Kobe @ DRSv3IR7B7"" folds",2026-09-08T22:21:47.339Z,178890610733900
"""Mr Bink @ IRFSw7AJ_c"" folds",2026-09-08T22:21:41.491Z,178890610149100
"""jahan 2 @ iacG4hF18c"" posts a big blind of 0.50",2026-09-08T22:21:40.579Z,178890610057907
"""R Y A N @ GO72Iwd2XL"" posts a small blind of 0.25",2026-09-08T22:21:40.579Z,178890610057906
"Player stacks: #3 ""jahan 2 @ iacG4hF18c"" (393.88) | #4 ""Mr Bink @ IRFSw7AJ_c"" (226.17) | #5 ""Kobe @ DRSv3IR7B7"" (264.08) | #10 ""R Y A N @ GO72Iwd2XL"" (33.47)",2026-09-08T22:21:40.579Z,178890610057901
"-- starting hand #421 (id: oq6lqiirnbba)  No Limit Texas Hold'em (dealer: ""Kobe @ DRSv3IR7B7"") --",2026-09-08T22:21:40.579Z,178890610057900
"""Mr Bink @ IRFSw7AJ_c"" shows a J♠, J♣.",2026-09-08T22:21:34.753Z,178890609475300
"-- ending hand #420 --",2026-09-08T22:21:33.971Z,178890609397102
"""Mr Bink @ IRFSw7AJ_c"" collected 1.25 from pot",2026-09-08T22:21:33.971Z,178890609397101
"Uncalled bet of 1.50 returned to ""Mr Bink @ IRFSw7AJ_c""",2026-09-08T22:21:33.971Z,178890609397100
"""R Y A N @ GO72Iwd2XL"" folds",2026-09-08T22:21:33.104Z,178890609310400
"""Kobe @ DRSv3IR7B7"" folds",2026-09-08T22:21:32.067Z,178890609206700
"""Mr Bink @ IRFSw7AJ_c"" raises to 2.00",2026-09-08T22:21:31.155Z,178890609115500
"""jahan 2 @ iacG4hF18c"" folds",2026-09-08T22:21:28.009Z,178890608800900
"""R Y A N @ GO72Iwd2XL"" posts a big blind of 0.50",2026-09-08T22:21:25.566Z,178890608556607
"""Kobe @ DRSv3IR7B7"" posts a small blind of 0.25",2026-09-08T22:21:25.566Z,178890608556606
"Player stacks: #3 ""jahan 2 @ iacG4hF18c"" (393.88) | #4 ""Mr Bink @ IRFSw7AJ_c"" (225.42) | #5 ""Kobe @ DRSv3IR7B7"" (264.33) | #10 ""R Y A N @ GO72Iwd2XL"" (33.97)",2026-09-08T22:21:25.566Z,178890608556601
"-- starting hand #420 (id: b3rqdre83xrp)  No Limit Texas Hold'em (dealer: ""Mr Bink @ IRFSw7AJ_c"") --",2026-09-08T22:21:25.566Z,178890608556600
"""R Y A N @ GO72Iwd2XL"" shows a 3♥, 5♣.",2026-09-08T22:21:19.752Z,178890607975200
"-- ending hand #419 --",2026-09-08T22:21:19.040Z,178890607904003
"""jahan 2 @ iacG4hF18c"" collected 1.25 from pot with Three of a Kind, 2's (combination: 10♣, A♠, 2♦, 2♠, 2♥)",2026-09-08T22:21:19.040Z,178890607904002
"""jahan 2 @ iacG4hF18c"" shows a 2♦, 2♠.",2026-09-08T22:21:19.040Z,178890607904001
"""Kobe @ DRSv3IR7B7"" shows a 8♦, 10♥.",2026-09-08T22:21:19.040Z,178890607904000
"""jahan 2 @ iacG4hF18c"" checks",2026-09-08T22:21:18.230Z,178890607823000
"""Kobe @ DRSv3IR7B7"" checks",2026-09-08T22:21:14.650Z,178890607465000
"River: 10♣, A♠, 7♦, 2♥ [4♥]",2026-09-08T22:21:13.194Z,178890607319400
"""jahan 2 @ iacG4hF18c"" checks",2026-09-08T22:21:12.387Z,178890607238700
"""Kobe @ DRSv3IR7B7"" checks",2026-09-08T22:21:06.526Z,178890606652600
"Turn: 10♣, A♠, 7♦ [2♥]",2026-09-08T22:21:06.361Z,178890606636100
"""jahan 2 @ iacG4hF18c"" checks",2026-09-08T22:21:05.514Z,178890606551400
"""Kobe @ DRSv3IR7B7"" checks",2026-09-08T22:21:03.918Z,178890606391800
"Flop:  [10♣, A♠, 7♦]",2026-09-08T22:21:02.703Z,178890606270300
"""Kobe @ DRSv3IR7B7"" checks",2026-09-08T22:21:01.822Z,178890606182200
"""Mr Bink @ IRFSw7AJ_c"" folds",2026-09-08T22:21:00.028Z,178890606002800
"""jahan 2 @ iacG4hF18c"" calls 0.50",2026-09-08T22:20:58.997Z,178890605899700
"""R Y A N @ GO72Iwd2XL"" folds",2026-09-08T22:20:56.344Z,178890605634400
"""Kobe @ DRSv3IR7B7"" posts a big blind of 0.50",2026-09-08T22:20:54.794Z,178890605479407
"""Mr Bink @ IRFSw7AJ_c"" posts a small blind of 0.25",2026-09-08T22:20:54.794Z,178890605479406
"Player stacks: #3 ""jahan 2 @ iacG4hF18c"" (393.13) | #4 ""Mr Bink @ IRFSw7AJ_c"" (225.67) | #5 ""Kobe @ DRSv3IR7B7"" (264.83) | #10 ""R Y A N @ GO72Iwd2XL"" (33.97)",2026-09-08T22:20:54.794Z,178890605479401
"-- starting hand #419 (id: nbebo8pk49k2)  No Limit Texas Hold'em (dealer: ""jahan 2 @ iacG4hF18c"") --",2026-09-08T22:20:54.794Z,178890605479400
"""Mr Bink @ IRFSw7AJ_c"" shows a 2♣, 6♥.",2026-09-08T22:20:48.571Z,178890604857100
"""R Y A N @ GO72Iwd2XL"" shows a A♠.",2026-09-08T22:20:47.738Z,178890604773800
"""Kobe @ DRSv3IR7B7"" shows a A♥, A♣.",2026-09-08T22:20:46.962Z,178890604696200
"-- ending hand #418 --",2026-09-08T22:20:46.788Z,178890604678802
"""Kobe @ DRSv3IR7B7"" collected 1.25 from pot",2026-09-08T22:20:46.788Z,178890604678801
"Uncalled bet of 1.00 returned to ""Kobe @ DRSv3IR7B7""",2026-09-08T22:20:46.788Z,178890604678800
"""Mr Bink @ IRFSw7AJ_c"" folds",2026-09-08T22:20:45.904Z,178890604590400
"""jahan 2 @ iacG4hF18c"" folds",2026-09-08T22:20:45.049Z,178890604504900
"""R Y A N @ GO72Iwd2XL"" folds",2026-09-08T22:20:38.273Z,178890603827300
"""Kobe @ DRSv3IR7B7"" raises to 1.50",2026-09-08T22:20:36.126Z,178890603612600
"""Mr Bink @ IRFSw7AJ_c"" posts a big blind of 0.50",2026-09-08T22:20:23.976Z,178890602397607
"""jahan 2 @ iacG4hF18c"" posts a small blind of 0.25",2026-09-08T22:20:23.976Z,178890602397606
"Player stacks: #3 ""jahan 2 @ iacG4hF18c"" (393.38) | #4 ""Mr Bink @ IRFSw7AJ_c"" (226.17) | #5 ""Kobe @ DRSv3IR7B7"" (264.08) | #10 ""R Y A N @ GO72Iwd2XL"" (33.97)",2026-09-08T22:20:23.976Z,178890602397601
"-- starting hand #418 (id: cangakieorfi)  No Limit Texas Hold'em (dealer: ""R Y A N @ GO72Iwd2XL"") --",2026-09-08T22:20:23.976Z,178890602397600
"""R Y A N @ GO72Iwd2XL"" shows a 6♦.",2026-09-08T22:20:22.355Z,178890602235500
"-- ending hand #417 --",2026-09-08T22:20:20.369Z,178890602036901
"""Kobe @ DRSv3IR7B7"" collected 50.50 from pot",2026-09-08T22:20:20.369Z,178890602036900
"""R Y A N @ GO72Iwd2XL"" folds",2026-09-08T22:20:19.514Z,178890601951400
"River: 8♥, A♠, 6♣, J♠ [5♦]",2026-09-08T22:20:12.364Z,178890601236400
"""Kobe @ DRSv3IR7B7"" checks",2026-09-08T22:20:11.485Z,178890601148500
"""R Y A N @ GO72Iwd2XL"" checks",2026-09-08T22:20:10.445Z,178890601044500
"Turn: 8♥, A♠, 6♣ [J♠]",2026-09-08T22:20:09.164Z,178890600916400
"""Kobe @ DRSv3IR7B7"" checks",2026-09-08T22:20:08.267Z,178890600826700
"""R Y A N @ GO72Iwd2XL"" checks",2026-09-08T22:20:07.406Z,178890600740600
"Flop:  [8♥, A♠, 6♣]",2026-09-08T22:20:04.960Z,178890600496000
"""jahan 2 @ iacG4hF18c"" folds",2026-09-08T22:20:04.090Z,178890600409000
"""R Y A N @ GO72Iwd2XL"" calls 25.00",2026-09-08T22:20:03.197Z,178890600319700
"""Kobe @ DRSv3IR7B7"" raises to 25.00",2026-09-08T22:20:00.869Z,178890600086900
"""Mr Bink @ IRFSw7AJ_c"" folds",2026-09-08T22:19:45.835Z,178890598583500
"""jahan 2 @ iacG4hF18c"" posts a big blind of 0.50",2026-09-08T22:19:44.902Z,178890598490207
"""R Y A N @ GO72Iwd2XL"" posts a small blind of 0.25",2026-09-08T22:19:44.902Z,178890598490206
"Player stacks: #3 ""jahan 2 @ iacG4hF18c"" (393.88) | #4 ""Mr Bink @ IRFSw7AJ_c"" (226.17) | #5 ""Kobe @ DRSv3IR7B7"" (238.58) | #10 ""R Y A N @ GO72Iwd2XL"" (58.97)",2026-09-08T22:19:44.902Z,178890598490201
"-- starting hand #417 (id: 2saeb5mrkp5x)  No Limit Texas Hold'em (dead button) --",2026-09-08T22:19:44.902Z,178890598490200
"-- ending hand #416 --",2026-09-08T22:19:38.972Z,178890597897202
"""R Y A N @ GO72Iwd2XL"" collected 0.00 from pot",2026-09-08T22:19:38.972Z,178890597897201
"Uncalled bet of 0.50 returned to ""R Y A N @ GO72Iwd2XL""",2026-09-08T22:19:38.972Z,178890597897200
"""Kobe @ DRSv3IR7B7"" folds",2026-09-08T22:19:38.136Z,178890597813600
"""Mr Bink @ IRFSw7AJ_c"" folds",2026-09-08T22:19:26.709Z,178890596670900
"""jahan 2 @ iacG4hF18c"" folds",2026-09-08T22:19:25.763Z,178890596576300
"""R Y A N @ GO72Iwd2XL"" posts a big blind of 0.50",2026-09-08T22:19:19.222Z,178890595922208
"Dead Small Blind",2026-09-08T22:19:19.222Z,178890595922207
"Player stacks: #3 ""jahan 2 @ iacG4hF18c"" (393.88) | #4 ""Mr Bink @ IRFSw7AJ_c"" (226.17) | #5 ""Kobe @ DRSv3IR7B7"" (238.58) | #10 ""R Y A N @ GO72Iwd2XL"" (58.97)",2026-09-08T22:19:19.222Z,178890595922202
"-- starting hand #416 (id: ueje4inqxse8)  No Limit Texas Hold'em (dealer: ""Kobe @ DRSv3IR7B7"") --",2026-09-08T22:19:19.222Z,178890595922201
"The player ""1bulletonly @ xZS3GKnBtu"" stand up with the stack of 222.03.",2026-09-08T22:19:19.222Z,178890595922200
"-- ending hand #415 --",2026-09-08T22:19:13.217Z,178890595321703
"""Mr Bink @ IRFSw7AJ_c"" collected 38.72 from pot with Three of a Kind, 3's (combination: Q♦, A♣, 3♠, 3♦, 3♣)",2026-09-08T22:19:13.217Z,178890595321702
"""Mr Bink @ IRFSw7AJ_c"" shows a 3♠, 3♦.",2026-09-08T22:19:13.217Z,178890595321701
"""jahan 2 @ iacG4hF18c"" shows a 3♥, Q♥.",2026-09-08T22:19:13.217Z,178890595321700
"""Mr Bink @ IRFSw7AJ_c"" checks",2026-09-08T22:19:12.376Z,178890595237600
"""jahan 2 @ iacG4hF18c"" checks",2026-09-08T22:19:11.463Z,178890595146300
"River: Q♦, A♣, 3♣, 10♣ [J♠]",2026-09-08T22:19:08.207Z,178890594820700
"""jahan 2 @ iacG4hF18c"" calls 9.68",2026-09-08T22:19:07.382Z,178890594738200
"""1bulletonly @ xZS3GKnBtu"" folds",2026-09-08T22:19:04.798Z,178890594479800
"""Mr Bink @ IRFSw7AJ_c"" bets 9.68",2026-09-08T22:19:03.396Z,178890594339600
"""jahan 2 @ iacG4hF18c"" checks",2026-09-08T22:19:01.321Z,178890594132100
"""1bulletonly @ xZS3GKnBtu"" checks",2026-09-08T22:18:56.203Z,178890593620300
"Turn: Q♦, A♣, 3♣ [10♣]",2026-09-08T22:18:54.282Z,178890593428200
"""jahan 2 @ iacG4hF18c"" calls 3.87",2026-09-08T22:18:53.455Z,178890593345500
"""1bulletonly @ xZS3GKnBtu"" calls 3.87",2026-09-08T22:18:43.187Z,178890592318700
"""Mr Bink @ IRFSw7AJ_c"" bets 3.87",2026-09-08T22:18:41.799Z,178890592179900
"""jahan 2 @ iacG4hF18c"" checks",2026-09-08T22:18:38.626Z,178890591862600
"""1bulletonly @ xZS3GKnBtu"" checks",2026-09-08T22:18:29.023Z,178890590902300
"Flop:  [Q♦, A♣, 3♣]",2026-09-08T22:18:27.403Z,178890590740300
"""jahan 2 @ iacG4hF18c"" calls 2.50",2026-09-08T22:18:26.577Z,178890590657700
"""1bulletonly @ xZS3GKnBtu"" calls 2.50",2026-09-08T22:18:25.355Z,178890590535500
"""Kobe @ DRSv3IR7B7"" folds",2026-09-08T22:18:18.634Z,178890589863400
"""Mr Bink @ IRFSw7AJ_c"" raises to 2.50",2026-09-08T22:18:17.687Z,178890589768700
"""jahan 2 @ iacG4hF18c"" calls 0.50",2026-09-08T22:18:13.515Z,178890589351500
"""R Y A N @ GO72Iwd2XL"" folds",2026-09-08T22:18:08.427Z,178890588842700
"""1bulletonly @ xZS3GKnBtu"" posts a big blind of 0.50",2026-09-08T22:18:06.844Z,178890588684409
"""Kobe @ DRSv3IR7B7"" posts a small blind of 0.25",2026-09-08T22:18:06.844Z,178890588684408
"Player stacks: #3 ""jahan 2 @ iacG4hF18c"" (409.93) | #4 ""Mr Bink @ IRFSw7AJ_c"" (203.50) | #5 ""Kobe @ DRSv3IR7B7"" (238.83) | #9 ""1bulletonly @ xZS3GKnBtu"" (228.40) | #10 ""R Y A N @ GO72Iwd2XL"" (58.97)",2026-09-08T22:18:06.844Z,178890588684402
"-- starting hand #415 (id: 8tziepfnme3e)  No Limit Texas Hold'em (dealer: ""Mr Bink @ IRFSw7AJ_c"") --",2026-09-08T22:18:06.844Z,178890588684401
"The player ""Rayan @ nhXZL_Cydv"" stand up with the stack of 150.87.",2026-09-08T22:18:06.844Z,178890588684400
"""1bulletonly @ xZS3GKnBtu"" shows a A♥.",2026-09-08T22:18:05.080Z,178890588508000
"""Kobe @ DRSv3IR7B7"" shows a A♣.",2026-09-08T22:18:02.965Z,178890588296500
"""Mr Bink @ IRFSw7AJ_c"" shows a 5♥, 9♦.",2026-09-08T22:18:02.905Z,178890588290500
"-- ending hand #414 --",2026-09-08T22:18:01.779Z,178890588177901
"""Kobe @ DRSv3IR7B7"" collected 18.11 from pot",2026-09-08T22:18:01.779Z,178890588177900
"""1bulletonly @ xZS3GKnBtu"" folds",2026-09-08T22:18:00.866Z,178890588086600
"""Kobe @ DRSv3IR7B7"" checks",2026-09-08T22:17:58.920Z,178890587892000
"River: K♦, 5♠, 4♦, 9♣ [7♦]",2026-09-08T22:17:56.643Z,178890587664300
"""1bulletonly @ xZS3GKnBtu"" calls 5.43",2026-09-08T22:17:55.807Z,178890587580700
"""Kobe @ DRSv3IR7B7"" bets 5.43",2026-09-08T22:17:53.849Z,178890587384900
"Turn: K♦, 5♠, 4♦ [9♣]",2026-09-08T22:17:46.599Z,178890586659900
"""1bulletonly @ xZS3GKnBtu"" calls 1.50",2026-09-08T22:17:45.786Z,178890586578600
"""Kobe @ DRSv3IR7B7"" bets 1.50",2026-09-08T22:17:43.583Z,178890586358300
"Flop:  [K♦, 5♠, 4♦]",2026-09-08T22:17:36.198Z,178890585619800
"""1bulletonly @ xZS3GKnBtu"" calls 2.00",2026-09-08T22:17:35.364Z,178890585536400
"""Kobe @ DRSv3IR7B7"" raises to 2.00",2026-09-08T22:17:34.017Z,178890585401700
"""Mr Bink @ IRFSw7AJ_c"" folds",2026-09-08T22:17:29.044Z,178890584904400
"""jahan 2 @ iacG4hF18c"" folds",2026-09-08T22:17:28.107Z,178890584810700
"""R Y A N @ GO72Iwd2XL"" folds",2026-09-08T22:17:27.143Z,178890584714300
"""1bulletonly @ xZS3GKnBtu"" calls 0.50",2026-09-08T22:17:26.249Z,178890584624900
"""Rayan @ nhXZL_Cydv"" folds",2026-09-08T22:17:20.579Z,178890584057900
"""Kobe @ DRSv3IR7B7"" posts a big blind of 0.50",2026-09-08T22:17:19.179Z,178890583917909
"""Mr Bink @ IRFSw7AJ_c"" posts a small blind of 0.25",2026-09-08T22:17:19.179Z,178890583917908
"Player stacks: #3 ""jahan 2 @ iacG4hF18c"" (409.93) | #4 ""Mr Bink @ IRFSw7AJ_c"" (203.75) | #5 ""Kobe @ DRSv3IR7B7"" (229.65) | #8 ""Rayan @ nhXZL_Cydv"" (150.87) | #9 ""1bulletonly @ xZS3GKnBtu"" (237.33) | #10 ""R Y A N @ GO72Iwd2XL"" (58.97)",2026-09-08T22:17:19.179Z,178890583917901
"-- starting hand #414 (id: ns1mnhg2bpx9)  No Limit Texas Hold'em (dealer: ""jahan 2 @ iacG4hF18c"") --",2026-09-08T22:17:19.179Z,178890583917900
"""R Y A N @ GO72Iwd2XL"" shows a 2♦, 7♠.",2026-09-08T22:17:17.395Z,178890583739500
"""Mr Bink @ IRFSw7AJ_c"" shows a 8♥, 7♣.",2026-09-08T22:17:13.611Z,178890583361100
"-- ending hand #413 --",2026-09-08T22:17:12.175Z,178890583217502
"""1bulletonly @ xZS3GKnBtu"" collected 23.74 from pot with Three of a Kind, 5's (combination: J♦, K♦, 5♦, 5♠, 5♥)",2026-09-08T22:17:12.175Z,178890583217501
"""1bulletonly @ xZS3GKnBtu"" shows a 5♦, J♦.",2026-09-08T22:17:12.175Z,178890583217500
"""Kobe @ DRSv3IR7B7"" folds",2026-09-08T22:17:11.283Z,178890583128300
"""jahan 2 @ iacG4hF18c"" calls 7.12",2026-09-08T22:17:10.245Z,178890583024500
"""1bulletonly @ xZS3GKnBtu"" bets 7.12",2026-09-08T22:16:56.341Z,178890581634100
"""Kobe @ DRSv3IR7B7"" checks",2026-09-08T22:16:51.918Z,178890581191800
"""jahan 2 @ iacG4hF18c"" checks",2026-09-08T22:16:49.856Z,178890580985600
"River: K♦, 8♣, 5♠, 5♥ [7♦]",2026-09-08T22:16:44.950Z,178890580495000
"""1bulletonly @ xZS3GKnBtu"" checks",2026-09-08T22:16:44.133Z,178890580413300
"""Kobe @ DRSv3IR7B7"" checks",2026-09-08T22:16:40.527Z,178890580052700
"""jahan 2 @ iacG4hF18c"" checks",2026-09-08T22:16:37.961Z,178890579796100
"Turn: K♦, 8♣, 5♠ [5♥]",2026-09-08T22:16:31.334Z,178890579133400
"""jahan 2 @ iacG4hF18c"" calls 1.50",2026-09-08T22:16:30.498Z,178890579049800
"""1bulletonly @ xZS3GKnBtu"" calls 1.50",2026-09-08T22:16:27.375Z,178890578737500
"""Kobe @ DRSv3IR7B7"" bets 1.50",2026-09-08T22:16:25.631Z,178890578563100
"""jahan 2 @ iacG4hF18c"" checks",2026-09-08T22:16:21.964Z,178890578196400
"Flop:  [K♦, 8♣, 5♠]",2026-09-08T22:16:18.888Z,178890577888800
"""Mr Bink @ IRFSw7AJ_c"" folds",2026-09-08T22:16:17.991Z,178890577799100
"""jahan 2 @ iacG4hF18c"" calls 1.50",2026-09-08T22:16:17.092Z,178890577709200
"""R Y A N @ GO72Iwd2XL"" folds",2026-09-08T22:16:12.095Z,178890577209500
"""1bulletonly @ xZS3GKnBtu"" calls 1.50",2026-09-08T22:16:11.137Z,178890577113700
"""Rayan @ nhXZL_Cydv"" folds",2026-09-08T22:16:05.829Z,178890576582900
"""Kobe @ DRSv3IR7B7"" raises to 1.50",2026-09-08T22:15:57.509Z,178890575750900
"""Mr Bink @ IRFSw7AJ_c"" posts a big blind of 0.50",2026-09-08T22:15:40.952Z,178890574095209
"""jahan 2 @ iacG4hF18c"" posts a small blind of 0.25",2026-09-08T22:15:40.952Z,178890574095208
"Player stacks: #3 ""jahan 2 @ iacG4hF18c"" (420.05) | #4 ""Mr Bink @ IRFSw7AJ_c"" (204.25) | #5 ""Kobe @ DRSv3IR7B7"" (232.65) | #8 ""Rayan @ nhXZL_Cydv"" (150.87) | #9 ""1bulletonly @ xZS3GKnBtu"" (223.71) | #10 ""R Y A N @ GO72Iwd2XL"" (58.97)",2026-09-08T22:15:40.952Z,178890574095201
"-- starting hand #413 (id: akv5ikzrhutv)  No Limit Texas Hold'em (dealer: ""R Y A N @ GO72Iwd2XL"") --",2026-09-08T22:15:40.952Z,178890574095200
"-- ending hand #412 --",2026-09-08T22:15:35.040Z,178890573504002
"""jahan 2 @ iacG4hF18c"" collected 7.00 from pot",2026-09-08T22:15:35.040Z,178890573504001
"Uncalled bet of 4.00 returned to ""jahan 2 @ iacG4hF18c""",2026-09-08T22:15:35.040Z,178890573504000
"""1bulletonly @ xZS3GKnBtu"" folds",2026-09-08T22:15:34.187Z,178890573418700
"""Rayan @ nhXZL_Cydv"" folds",2026-09-08T22:15:33.009Z,178890573300900
"""jahan 2 @ iacG4hF18c"" bets 4.00",2026-09-08T22:15:31.558Z,178890573155800
"Flop:  [2♥, J♠, 4♦]",2026-09-08T22:15:23.343Z,178890572334300
"""Rayan @ nhXZL_Cydv"" calls 2.25",2026-09-08T22:15:22.529Z,178890572252900
"""jahan 2 @ iacG4hF18c"" calls 2.25",2026-09-08T22:15:20.939Z,178890572093900
"""R Y A N @ GO72Iwd2XL"" folds",2026-09-08T22:15:15.249Z,178890571524900
"""1bulletonly @ xZS3GKnBtu"" raises to 2.25",2026-09-08T22:15:14.276Z,178890571427600
"""Rayan @ nhXZL_Cydv"" calls 0.50",2026-09-08T22:15:11.529Z,178890571152900
"""Kobe @ DRSv3IR7B7"" folds",2026-09-08T22:15:09.809Z,178890570980900
"""Mr Bink @ IRFSw7AJ_c"" folds",2026-09-08T22:15:08.908Z,178890570890800
"""jahan 2 @ iacG4hF18c"" posts a big blind of 0.50",2026-09-08T22:15:01.274Z,178890570127409
"""R Y A N @ GO72Iwd2XL"" posts a small blind of 0.25",2026-09-08T22:15:01.274Z,178890570127408
"Player stacks: #3 ""jahan 2 @ iacG4hF18c"" (415.30) | #4 ""Mr Bink @ IRFSw7AJ_c"" (204.25) | #5 ""Kobe @ DRSv3IR7B7"" (232.65) | #8 ""Rayan @ nhXZL_Cydv"" (153.12) | #9 ""1bulletonly @ xZS3GKnBtu"" (225.96) | #10 ""R Y A N @ GO72Iwd2XL"" (59.22)",2026-09-08T22:15:01.274Z,178890570127401
"-- starting hand #412 (id: abhqlaujhvpl)  No Limit Texas Hold'em (dealer: ""1bulletonly @ xZS3GKnBtu"") --",2026-09-08T22:15:01.274Z,178890570127400
"-- ending hand #411 --",2026-09-08T22:14:55.364Z,178890569536402
"""R Y A N @ GO72Iwd2XL"" collected 6.50 from pot",2026-09-08T22:14:55.364Z,178890569536401
"Uncalled bet of 3.75 returned to ""R Y A N @ GO72Iwd2XL""",2026-09-08T22:14:55.364Z,178890569536400
"""Rayan @ nhXZL_Cydv"" folds",2026-09-08T22:14:54.484Z,178890569448400
"""R Y A N @ GO72Iwd2XL"" bets 3.75",2026-09-08T22:14:52.856Z,178890569285600
"Flop:  [K♥, 2♣, 6♣]",2026-09-08T22:14:48.561Z,178890568856100
"""1bulletonly @ xZS3GKnBtu"" folds",2026-09-08T22:14:47.702Z,178890568770200
"""Rayan @ nhXZL_Cydv"" calls 3.00",2026-09-08T22:14:46.748Z,178890568674800
"""R Y A N @ GO72Iwd2XL"" raises to 3.00",2026-09-08T22:14:43.491Z,178890568349100
"""1bulletonly @ xZS3GKnBtu"" calls 0.50",2026-09-08T22:14:40.738Z,178890568073800
"""Rayan @ nhXZL_Cydv"" calls 0.50",2026-09-08T22:14:39.794Z,178890567979400
"""Kobe @ DRSv3IR7B7"" folds",2026-09-08T22:14:32.338Z,178890567233800
"""Mr Bink @ IRFSw7AJ_c"" folds",2026-09-08T22:14:31.393Z,178890567139300
"""jahan 2 @ iacG4hF18c"" folds",2026-09-08T22:14:30.515Z,178890567051500
"""R Y A N @ GO72Iwd2XL"" posts a big blind of 0.50",2026-09-08T22:14:20.743Z,178890566074309
"""1bulletonly @ xZS3GKnBtu"" posts a small blind of 0.25",2026-09-08T22:14:20.743Z,178890566074308
"Player stacks: #3 ""jahan 2 @ iacG4hF18c"" (415.30) | #4 ""Mr Bink @ IRFSw7AJ_c"" (204.25) | #5 ""Kobe @ DRSv3IR7B7"" (232.65) | #8 ""Rayan @ nhXZL_Cydv"" (156.12) | #9 ""1bulletonly @ xZS3GKnBtu"" (226.46) | #10 ""R Y A N @ GO72Iwd2XL"" (55.72)",2026-09-08T22:14:20.743Z,178890566074301
"-- starting hand #411 (id: p3timtkjvzeb)  No Limit Texas Hold'em (dealer: ""Rayan @ nhXZL_Cydv"") --",2026-09-08T22:14:20.743Z,178890566074300
"-- ending hand #410 --",2026-09-08T22:14:14.742Z,178890565474202
"""1bulletonly @ xZS3GKnBtu"" collected 0.50 from pot",2026-09-08T22:14:14.742Z,178890565474201
"Uncalled bet of 0.25 returned to ""1bulletonly @ xZS3GKnBtu""",2026-09-08T22:14:14.742Z,178890565474200
"""Rayan @ nhXZL_Cydv"" folds",2026-09-08T22:14:13.854Z,178890565385400
"""Kobe @ DRSv3IR7B7"" folds",2026-09-08T22:13:59.323Z,178890563932300
"""Mr Bink @ IRFSw7AJ_c"" folds",2026-09-08T22:13:58.470Z,178890563847000
"""jahan 2 @ iacG4hF18c"" folds",2026-09-08T22:13:57.580Z,178890563758000
"""R Y A N @ GO72Iwd2XL"" folds",2026-09-08T22:13:47.557Z,178890562755700
"""1bulletonly @ xZS3GKnBtu"" posts a big blind of 0.50",2026-09-08T22:13:46.170Z,178890562617010
"""Rayan @ nhXZL_Cydv"" posts a small blind of 0.25",2026-09-08T22:13:46.170Z,178890562617009
"Player stacks: #3 ""jahan 2 @ iacG4hF18c"" (415.30) | #4 ""Mr Bink @ IRFSw7AJ_c"" (204.25) | #5 ""Kobe @ DRSv3IR7B7"" (232.65) | #8 ""Rayan @ nhXZL_Cydv"" (156.37) | #9 ""1bulletonly @ xZS3GKnBtu"" (226.21) | #10 ""R Y A N @ GO72Iwd2XL"" (55.72)",2026-09-08T22:13:46.170Z,178890562617002
"-- starting hand #410 (id: galale6enftu)  No Limit Texas Hold'em (dealer: ""Kobe @ DRSv3IR7B7"") --",2026-09-08T22:13:46.170Z,178890562617001
"The player ""Heech @ wzsls5Sz57"" stand up with the stack of 52.55.",2026-09-08T22:13:46.170Z,178890562617000
"-- ending hand #409 --",2026-09-08T22:13:40.165Z,178890562016503
"""Rayan @ nhXZL_Cydv"" collected 50.00 from pot with Full House, 6's over K's (combination: K♥, K♦, 6♥, 6♣, 6♠)",2026-09-08T22:13:40.165Z,178890562016502
"""Rayan @ nhXZL_Cydv"" shows a K♥, J♠.",2026-09-08T22:13:40.165Z,178890562016501
"""Kobe @ DRSv3IR7B7"" shows a 8♦, 5♦.",2026-09-08T22:13:40.165Z,178890562016500
"""Rayan @ nhXZL_Cydv"" calls 5.00",2026-09-08T22:13:39.347Z,178890561934700
"""Kobe @ DRSv3IR7B7"" bets 5.00",2026-09-08T22:13:38.044Z,178890561804400
"River: 10♦, K♦, 6♥, 6♣ [6♠]",2026-09-08T22:13:31.158Z,178890561115800
"""Kobe @ DRSv3IR7B7"" calls 10.00",2026-09-08T22:13:30.349Z,178890561034900
"""Rayan @ nhXZL_Cydv"" bets 10.00",2026-09-08T22:13:22.168Z,178890560216800
"""Kobe @ DRSv3IR7B7"" checks",2026-09-08T22:13:18.905Z,178890559890500
"Turn: 10♦, K♦, 6♥ [6♣]",2026-09-08T22:13:16.945Z,178890559694500
"""R Y A N @ GO72Iwd2XL"" folds",2026-09-08T22:13:16.114Z,178890559611400
"""1bulletonly @ xZS3GKnBtu"" folds",2026-09-08T22:13:15.226Z,178890559522600
"""Rayan @ nhXZL_Cydv"" calls 5.00",2026-09-08T22:13:14.315Z,178890559431500
"""Kobe @ DRSv3IR7B7"" bets 5.00",2026-09-08T22:13:11.623Z,178890559162300
"Flop:  [10♦, K♦, 6♥]",2026-09-08T22:13:04.754Z,178890558475400
"""R Y A N @ GO72Iwd2XL"" calls 2.50",2026-09-08T22:13:03.922Z,178890558392200
"""1bulletonly @ xZS3GKnBtu"" calls 2.50",2026-09-08T22:13:02.680Z,178890558268000
"""Rayan @ nhXZL_Cydv"" calls 2.50",2026-09-08T22:13:01.564Z,178890558156400
"""Kobe @ DRSv3IR7B7"" raises to 2.50",2026-09-08T22:12:53.889Z,178890557388900
"""Mr Bink @ IRFSw7AJ_c"" folds",2026-09-08T22:12:46.929Z,178890556692900
"""jahan 2 @ iacG4hF18c"" folds",2026-09-08T22:12:46.058Z,178890556605800
"""Heech @ wzsls5Sz57"" folds",2026-09-08T22:12:42.918Z,178890556291800
"""R Y A N @ GO72Iwd2XL"" calls 0.50",2026-09-08T22:12:41.335Z,178890556133500
"""1bulletonly @ xZS3GKnBtu"" calls 0.50",2026-09-08T22:12:39.083Z,178890555908300
"""Rayan @ nhXZL_Cydv"" posts a big blind of 0.50",2026-09-08T22:12:37.786Z,178890555778610
"""Kobe @ DRSv3IR7B7"" posts a small blind of 0.25",2026-09-08T22:12:37.786Z,178890555778609
"Player stacks: #2 ""Heech @ wzsls5Sz57"" (52.55) | #3 ""jahan 2 @ iacG4hF18c"" (415.30) | #4 ""Mr Bink @ IRFSw7AJ_c"" (204.25) | #5 ""Kobe @ DRSv3IR7B7"" (255.15) | #8 ""Rayan @ nhXZL_Cydv"" (128.87) | #9 ""1bulletonly @ xZS3GKnBtu"" (228.71) | #10 ""R Y A N @ GO72Iwd2XL"" (58.22)",2026-09-08T22:12:37.786Z,178890555778601
"-- starting hand #409 (id: thbsub9pk3pi)  No Limit Texas Hold'em (dealer: ""Mr Bink @ IRFSw7AJ_c"") --",2026-09-08T22:12:37.786Z,178890555778600
"""Heech @ wzsls5Sz57"" shows a 5♣.",2026-09-08T22:12:33.224Z,178890555322400
"""R Y A N @ GO72Iwd2XL"" shows a K♥, A♠.",2026-09-08T22:12:32.196Z,178890555219600
"-- ending hand #408 --",2026-09-08T22:12:30.780Z,178890555078002
"""1bulletonly @ xZS3GKnBtu"" collected 13.75 from pot with Pair, 9's (combination: 8♦, J♦, A♥, 9♥, 9♣)",2026-09-08T22:12:30.780Z,178890555078001
"""1bulletonly @ xZS3GKnBtu"" shows a 9♥, A♥.",2026-09-08T22:12:30.780Z,178890555078000
"""R Y A N @ GO72Iwd2XL"" calls 0.50",2026-09-08T22:12:29.924Z,178890554992400
"""1bulletonly @ xZS3GKnBtu"" bets 0.50",2026-09-08T22:12:28.340Z,178890554834000
"River: 9♣, 6♠, 7♠, 8♦ [J♦]",2026-09-08T22:12:27.038Z,178890554703800
"""R Y A N @ GO72Iwd2XL"" checks",2026-09-08T22:12:26.186Z,178890554618600
"""1bulletonly @ xZS3GKnBtu"" checks",2026-09-08T22:12:25.121Z,178890554512100
"Turn: 9♣, 6♠, 7♠ [8♦]",2026-09-08T22:12:23.237Z,178890554323700
"""R Y A N @ GO72Iwd2XL"" checks",2026-09-08T22:12:22.409Z,178890554240900
"""1bulletonly @ xZS3GKnBtu"" checks",2026-09-08T22:12:18.839Z,178890553883900
"Flop:  [9♣, 6♠, 7♠]",2026-09-08T22:12:16.651Z,178890553665100
"""1bulletonly @ xZS3GKnBtu"" calls 6.00",2026-09-08T22:12:15.842Z,178890553584200
"""Kobe @ DRSv3IR7B7"" folds",2026-09-08T22:11:57.223Z,178890551722300
"""Mr Bink @ IRFSw7AJ_c"" folds",2026-09-08T22:11:49.191Z,178890550919100
"""jahan 2 @ iacG4hF18c"" folds",2026-09-08T22:11:48.344Z,178890550834400
"""Heech @ wzsls5Sz57"" folds",2026-09-08T22:11:47.440Z,178890550744000
"""R Y A N @ GO72Iwd2XL"" raises to 6.00",2026-09-08T22:11:40.912Z,178890550091200
"""1bulletonly @ xZS3GKnBtu"" raises to 2.00",2026-09-08T22:11:34.567Z,178890549456700
"""Rayan @ nhXZL_Cydv"" folds",2026-09-08T22:11:30.771Z,178890549077100
"""Kobe @ DRSv3IR7B7"" posts a big blind of 0.50",2026-09-08T22:11:29.449Z,178890548944910
"""Mr Bink @ IRFSw7AJ_c"" posts a small blind of 0.25",2026-09-08T22:11:29.449Z,178890548944909
"Player stacks: #2 ""Heech @ wzsls5Sz57"" (52.55) | #3 ""jahan 2 @ iacG4hF18c"" (415.30) | #4 ""Mr Bink @ IRFSw7AJ_c"" (204.50) | #5 ""Kobe @ DRSv3IR7B7"" (255.65) | #8 ""Rayan @ nhXZL_Cydv"" (128.87) | #9 ""1bulletonly @ xZS3GKnBtu"" (221.46) | #10 ""R Y A N @ GO72Iwd2XL"" (64.72)",2026-09-08T22:11:29.449Z,178890548944901
"-- starting hand #408 (id: 6vbqhlyvxo0f)  No Limit Texas Hold'em (dealer: ""jahan 2 @ iacG4hF18c"") --",2026-09-08T22:11:29.449Z,178890548944900
"""Kobe @ DRSv3IR7B7"" shows a J♦.",2026-09-08T22:11:26.110Z,178890548611000
"""Rayan @ nhXZL_Cydv"" shows a 6♦, 3♣.",2026-09-08T22:11:25.399Z,178890548539900
"""Mr Bink @ IRFSw7AJ_c"" shows a 4♠, 8♦.",2026-09-08T22:11:23.637Z,178890548363700
"-- ending hand #407 --",2026-09-08T22:11:21.439Z,178890548143902
"""Kobe @ DRSv3IR7B7"" collected 5.00 from pot",2026-09-08T22:11:21.439Z,178890548143901
"Uncalled bet of 3.75 returned to ""Kobe @ DRSv3IR7B7""",2026-09-08T22:11:21.439Z,178890548143900
"""jahan 2 @ iacG4hF18c"" folds",2026-09-08T22:11:20.601Z,178890548060100
"""R Y A N @ GO72Iwd2XL"" folds",2026-09-08T22:11:15.275Z,178890547527500
"""Kobe @ DRSv3IR7B7"" bets 3.75",2026-09-08T22:11:13.874Z,178890547387400
"""jahan 2 @ iacG4hF18c"" checks",2026-09-08T22:11:06.304Z,178890546630400
"Turn: 4♥, 5♠, 9♦ [J♠]",2026-09-08T22:10:53.621Z,178890545362100
"""R Y A N @ GO72Iwd2XL"" checks",2026-09-08T22:10:52.809Z,178890545280900
"""Kobe @ DRSv3IR7B7"" checks",2026-09-08T22:10:39.310Z,178890543931000
"""jahan 2 @ iacG4hF18c"" checks",2026-09-08T22:10:31.236Z,178890543123600
"Flop:  [4♥, 5♠, 9♦]",2026-09-08T22:10:28.419Z,178890542841900
"""Mr Bink @ IRFSw7AJ_c"" folds",2026-09-08T22:10:27.599Z,178890542759900
"""jahan 2 @ iacG4hF18c"" calls 1.50",2026-09-08T22:10:26.703Z,178890542670300
"""Heech @ wzsls5Sz57"" folds",2026-09-08T22:10:23.614Z,178890542361400
"""R Y A N @ GO72Iwd2XL"" calls 1.50",2026-09-08T22:10:22.742Z,178890542274200
"""1bulletonly @ xZS3GKnBtu"" folds",2026-09-08T22:10:19.546Z,178890541954600
"""Rayan @ nhXZL_Cydv"" folds",2026-09-08T22:10:17.985Z,178890541798500
"""Kobe @ DRSv3IR7B7"" raises to 1.50",2026-09-08T22:10:12.576Z,178890541257600
"""Mr Bink @ IRFSw7AJ_c"" posts a big blind of 0.50",2026-09-08T22:10:10.291Z,178890541029110
"""jahan 2 @ iacG4hF18c"" posts a small blind of 0.25",2026-09-08T22:10:10.291Z,178890541029109
"Player stacks: #2 ""Heech @ wzsls5Sz57"" (52.55) | #3 ""jahan 2 @ iacG4hF18c"" (416.80) | #4 ""Mr Bink @ IRFSw7AJ_c"" (205.00) | #5 ""Kobe @ DRSv3IR7B7"" (252.15) | #8 ""Rayan @ nhXZL_Cydv"" (128.87) | #9 ""1bulletonly @ xZS3GKnBtu"" (221.46) | #10 ""R Y A N @ GO72Iwd2XL"" (66.22)",2026-09-08T22:10:10.291Z,178890541029101
"-- starting hand #407 (id: gz0rqsueuplh)  No Limit Texas Hold'em (dealer: ""Heech @ wzsls5Sz57"") --",2026-09-08T22:10:10.291Z,178890541029100
"-- ending hand #406 --",2026-09-08T22:10:04.334Z,178890540433402
"""1bulletonly @ xZS3GKnBtu"" collected 1.75 from pot",2026-09-08T22:10:04.334Z,178890540433401
"Uncalled bet of 2.25 returned to ""1bulletonly @ xZS3GKnBtu""",2026-09-08T22:10:04.334Z,178890540433400
"""Rayan @ nhXZL_Cydv"" folds",2026-09-08T22:10:03.522Z,178890540352200
"""jahan 2 @ iacG4hF18c"" folds",2026-09-08T22:09:59.762Z,178890539976200
"""Heech @ wzsls5Sz57"" folds",2026-09-08T22:09:48.177Z,178890538817700
"""R Y A N @ GO72Iwd2XL"" folds",2026-09-08T22:09:42.453Z,178890538245300
"""1bulletonly @ xZS3GKnBtu"" raises to 2.75",2026-09-08T22:09:41.536Z,178890538153600
"""Rayan @ nhXZL_Cydv"" calls 0.50",2026-09-08T22:09:39.382Z,178890537938200
"""Kobe @ DRSv3IR7B7"" folds",2026-09-08T22:09:33.725Z,178890537372500
"""Mr Bink @ IRFSw7AJ_c"" folds",2026-09-08T22:09:31.959Z,178890537195900
"""jahan 2 @ iacG4hF18c"" posts a big blind of 0.50",2026-09-08T22:09:31.131Z,178890537113110
"""Heech @ wzsls5Sz57"" posts a small blind of 0.25",2026-09-08T22:09:31.131Z,178890537113109
"Player stacks: #2 ""Heech @ wzsls5Sz57"" (52.80) | #3 ""jahan 2 @ iacG4hF18c"" (417.30) | #4 ""Mr Bink @ IRFSw7AJ_c"" (205.00) | #5 ""Kobe @ DRSv3IR7B7"" (252.15) | #8 ""Rayan @ nhXZL_Cydv"" (129.37) | #9 ""1bulletonly @ xZS3GKnBtu"" (220.21) | #10 ""R Y A N @ GO72Iwd2XL"" (66.22)",2026-09-08T22:09:31.131Z,178890537113101
"-- starting hand #406 (id: hm9rytxuctyt)  No Limit Texas Hold'em (dealer: ""R Y A N @ GO72Iwd2XL"") --",2026-09-08T22:09:31.131Z,178890537113100
"-- ending hand #405 --",2026-09-08T22:09:25.128Z,178890536512803
"""1bulletonly @ xZS3GKnBtu"" collected 39.32 from pot with Pair, Q's (combination: 6♦, 7♦, K♥, Q♦, Q♠)",2026-09-08T22:09:25.128Z,178890536512802
"""1bulletonly @ xZS3GKnBtu"" shows a K♥, Q♦.",2026-09-08T22:09:25.128Z,178890536512801
"""Rayan @ nhXZL_Cydv"" shows a 10♦, J♠.",2026-09-08T22:09:25.128Z,178890536512800
"""1bulletonly @ xZS3GKnBtu"" checks",2026-09-08T22:09:24.265Z,178890536426500
"""Rayan @ nhXZL_Cydv"" checks",2026-09-08T22:09:21.043Z,178890536104300
"River: 2♠, Q♠, 6♦, 5♦ [7♦]",2026-09-08T22:09:15.648Z,178890535564800
"""1bulletonly @ xZS3GKnBtu"" calls 10.08",2026-09-08T22:09:14.811Z,178890535481100
"""Rayan @ nhXZL_Cydv"" bets 10.08",2026-09-08T22:09:10.906Z,178890535090600
"Turn: 2♠, Q♠, 6♦ [5♦]",2026-09-08T22:09:06.639Z,178890534663900
"""Mr Bink @ IRFSw7AJ_c"" folds",2026-09-08T22:09:05.756Z,178890534575600
"""R Y A N @ GO72Iwd2XL"" folds",2026-09-08T22:09:04.768Z,178890534476800
"""1bulletonly @ xZS3GKnBtu"" calls 4.79",2026-09-08T22:09:03.802Z,178890534380200
"""Rayan @ nhXZL_Cydv"" bets 4.79",2026-09-08T22:09:01.431Z,178890534143100
"""Mr Bink @ IRFSw7AJ_c"" checks",2026-09-08T22:08:56.852Z,178890533685200
"""R Y A N @ GO72Iwd2XL"" checks",2026-09-08T22:08:54.596Z,178890533459600
"Flop:  [2♠, Q♠, 6♦]",2026-09-08T22:08:49.867Z,178890532986700
"""Heech @ wzsls5Sz57"" folds",2026-09-08T22:08:49.017Z,178890532901700
"""R Y A N @ GO72Iwd2XL"" calls 2.27",2026-09-08T22:08:44.860Z,178890532486000
"""1bulletonly @ xZS3GKnBtu"" calls 2.27",2026-09-08T22:08:43.410Z,178890532341000
"""Rayan @ nhXZL_Cydv"" calls 2.27",2026-09-08T22:08:41.975Z,178890532197500
"""Kobe @ DRSv3IR7B7"" folds",2026-09-08T22:08:38.232Z,178890531823200
"""Mr Bink @ IRFSw7AJ_c"" raises to 2.27",2026-09-08T22:08:37.267Z,178890531726700
"""jahan 2 @ iacG4hF18c"" folds",2026-09-08T22:08:32.620Z,178890531262000
"""Heech @ wzsls5Sz57"" posts a big blind of 0.50",2026-09-08T22:08:30.751Z,178890531075110
"""R Y A N @ GO72Iwd2XL"" posts a small blind of 0.25",2026-09-08T22:08:30.751Z,178890531075109
"Player stacks: #2 ""Heech @ wzsls5Sz57"" (53.30) | #3 ""jahan 2 @ iacG4hF18c"" (417.30) | #4 ""Mr Bink @ IRFSw7AJ_c"" (207.27) | #5 ""Kobe @ DRSv3IR7B7"" (252.15) | #8 ""Rayan @ nhXZL_Cydv"" (146.51) | #9 ""1bulletonly @ xZS3GKnBtu"" (198.03) | #10 ""R Y A N @ GO72Iwd2XL"" (68.49)",2026-09-08T22:08:30.751Z,178890531075101
"-- starting hand #405 (id: xfrrouhjzd94)  No Limit Texas Hold'em (dealer: ""1bulletonly @ xZS3GKnBtu"") --",2026-09-08T22:08:30.751Z,178890531075100
"-- ending hand #404 --",2026-09-08T22:08:24.803Z,178890530480302
"""1bulletonly @ xZS3GKnBtu"" collected 5.50 from pot",2026-09-08T22:08:24.803Z,178890530480301
"Uncalled bet of 2.75 returned to ""1bulletonly @ xZS3GKnBtu""",2026-09-08T22:08:24.803Z,178890530480300
"""Rayan @ nhXZL_Cydv"" folds",2026-09-08T22:08:23.956Z,178890530395600
"""1bulletonly @ xZS3GKnBtu"" bets 2.75",2026-09-08T22:08:22.884Z,178890530288400
"Flop:  [8♥, J♥, 2♦]",2026-09-08T22:08:19.002Z,178890529900200
"""Rayan @ nhXZL_Cydv"" calls 2.50",2026-09-08T22:08:18.187Z,178890529818700
"""R Y A N @ GO72Iwd2XL"" folds",2026-09-08T22:08:16.950Z,178890529695000
"""1bulletonly @ xZS3GKnBtu"" raises to 2.50",2026-09-08T22:08:15.985Z,178890529598500
"""Rayan @ nhXZL_Cydv"" calls 0.50",2026-09-08T22:08:13.191Z,178890529319100
"""Kobe @ DRSv3IR7B7"" folds",2026-09-08T22:08:10.979Z,178890529097900
"""Mr Bink @ IRFSw7AJ_c"" folds",2026-09-08T22:08:10.032Z,178890529003200
"""jahan 2 @ iacG4hF18c"" folds",2026-09-08T22:08:09.026Z,178890528902600
"""Heech @ wzsls5Sz57"" folds",2026-09-08T22:08:00.882Z,178890528088200
"""R Y A N @ GO72Iwd2XL"" posts a big blind of 0.50",2026-09-08T22:07:57.980Z,178890527798010
"""1bulletonly @ xZS3GKnBtu"" posts a small blind of 0.25",2026-09-08T22:07:57.980Z,178890527798009
"Player stacks: #2 ""Heech @ wzsls5Sz57"" (53.30) | #3 ""jahan 2 @ iacG4hF18c"" (417.30) | #4 ""Mr Bink @ IRFSw7AJ_c"" (207.27) | #5 ""Kobe @ DRSv3IR7B7"" (252.15) | #8 ""Rayan @ nhXZL_Cydv"" (149.01) | #9 ""1bulletonly @ xZS3GKnBtu"" (195.03) | #10 ""R Y A N @ GO72Iwd2XL"" (68.99)",2026-09-08T22:07:57.980Z,178890527798001
"-- starting hand #404 (id: fym6f2ifeht6)  No Limit Texas Hold'em (dealer: ""Rayan @ nhXZL_Cydv"") --",2026-09-08T22:07:57.980Z,178890527798000
"""Mr Bink @ IRFSw7AJ_c"" shows a A♠, 6♠.",2026-09-08T22:07:54.171Z,178890527417100
"""1bulletonly @ xZS3GKnBtu"" shows a 3♦, 2♥.",2026-09-08T22:07:52.271Z,178890527227100
"-- ending hand #403 --",2026-09-08T22:07:50.942Z,178890527094202
"""Rayan @ nhXZL_Cydv"" collected 18.00 from pot with Two Pair, K's & 10's (combination: J♠, 10♠, 10♣, K♥, K♣)",2026-09-08T22:07:50.942Z,178890527094201
"""Rayan @ nhXZL_Cydv"" shows a 10♠, K♥.",2026-09-08T22:07:50.942Z,178890527094200
"""Mr Bink @ IRFSw7AJ_c"" folds",2026-09-08T22:07:50.087Z,178890527008700
"""1bulletonly @ xZS3GKnBtu"" calls 6.00",2026-09-08T22:07:49.168Z,178890526916800
"""Rayan @ nhXZL_Cydv"" bets 6.00",2026-09-08T22:07:45.977Z,178890526597700
"River: 10♣, 3♥, K♣, J♠ [2♦]",2026-09-08T22:07:43.737Z,178890526373700
"""Mr Bink @ IRFSw7AJ_c"" checks",2026-09-08T22:07:42.919Z,178890526291900
"""1bulletonly @ xZS3GKnBtu"" checks",2026-09-08T22:07:41.714Z,178890526171400
"""Rayan @ nhXZL_Cydv"" checks",2026-09-08T22:07:39.215Z,178890525921500
"Turn: 10♣, 3♥, K♣ [J♠]",2026-09-08T22:07:36.719Z,178890525671900
"""Mr Bink @ IRFSw7AJ_c"" checks",2026-09-08T22:07:35.898Z,178890525589800
"""1bulletonly @ xZS3GKnBtu"" checks",2026-09-08T22:07:34.126Z,178890525412600
"""Rayan @ nhXZL_Cydv"" checks",2026-09-08T22:07:33.052Z,178890525305200
"Flop:  [10♣, 3♥, K♣]",2026-09-08T22:07:27.739Z,178890524773900
"""1bulletonly @ xZS3GKnBtu"" calls 2.00",2026-09-08T22:07:26.926Z,178890524692600
"""Rayan @ nhXZL_Cydv"" calls 2.00",2026-09-08T22:07:25.853Z,178890524585300
"""Kobe @ DRSv3IR7B7"" folds",2026-09-08T22:07:24.535Z,178890524453500
"""Mr Bink @ IRFSw7AJ_c"" raises to 2.00",2026-09-08T22:07:23.392Z,178890524339200
"""jahan 2 @ iacG4hF18c"" folds",2026-09-08T22:07:11.135Z,178890523113500
"""Heech @ wzsls5Sz57"" folds",2026-09-08T22:07:10.232Z,178890523023200
"""R Y A N @ GO72Iwd2XL"" folds",2026-09-08T22:07:09.043Z,178890522904300
"""1bulletonly @ xZS3GKnBtu"" posts a big blind of 0.50",2026-09-08T22:07:06.830Z,178890522683010
"""Rayan @ nhXZL_Cydv"" posts a small blind of 0.25",2026-09-08T22:07:06.830Z,178890522683009
"Player stacks: #2 ""Heech @ wzsls5Sz57"" (53.30) | #3 ""jahan 2 @ iacG4hF18c"" (417.30) | #4 ""Mr Bink @ IRFSw7AJ_c"" (209.27) | #5 ""Kobe @ DRSv3IR7B7"" (252.15) | #8 ""Rayan @ nhXZL_Cydv"" (139.01) | #9 ""1bulletonly @ xZS3GKnBtu"" (203.03) | #10 ""R Y A N @ GO72Iwd2XL"" (68.99)",2026-09-08T22:07:06.830Z,178890522683001
"-- starting hand #403 (id: zob2dvduy1qh)  No Limit Texas Hold'em (dealer: ""Kobe @ DRSv3IR7B7"") --",2026-09-08T22:07:06.830Z,178890522683000
"""Mr Bink @ IRFSw7AJ_c"" shows a J♣, 2♦.",2026-09-08T22:07:01.290Z,178890522129000
"-- ending hand #402 --",2026-09-08T22:07:00.250Z,178890522025002
"""Kobe @ DRSv3IR7B7"" collected 30.30 from pot with Three of a Kind, 4's (combination: J♥, A♦, 4♦, 4♣, 4♥)",2026-09-08T22:07:00.250Z,178890522025001
"""Kobe @ DRSv3IR7B7"" shows a 4♦, 4♣.",2026-09-08T22:07:00.250Z,178890522025000
"""jahan 2 @ iacG4hF18c"" calls 12.72",2026-09-08T22:06:59.427Z,178890521942700
"""Rayan @ nhXZL_Cydv"" folds",2026-09-08T22:06:58.134Z,178890521813400
"""Kobe @ DRSv3IR7B7"" raises to 12.72",2026-09-08T22:06:57.221Z,178890521722100
"""jahan 2 @ iacG4hF18c"" bets 4.86",2026-09-08T22:06:48.075Z,178890520807500
"""Rayan @ nhXZL_Cydv"" checks",2026-09-08T22:06:44.664Z,178890520466400
"""Kobe @ DRSv3IR7B7"" checks",2026-09-08T22:06:43.277Z,178890520327700
"River: J♥, 4♥, 5♠, A♦ [2♠]",2026-09-08T22:06:41.223Z,178890520122300
"""Rayan @ nhXZL_Cydv"" calls 1.12",2026-09-08T22:06:40.415Z,178890520041500
"""Kobe @ DRSv3IR7B7"" calls 1.12",2026-09-08T22:06:38.533Z,178890519853300
"""jahan 2 @ iacG4hF18c"" bets 1.12",2026-09-08T22:06:32.500Z,178890519250000
"""Rayan @ nhXZL_Cydv"" checks",2026-09-08T22:06:28.893Z,178890518889300
"""Kobe @ DRSv3IR7B7"" checks",2026-09-08T22:06:27.782Z,178890518778200
"Turn: J♥, 4♥, 5♠ [A♦]",2026-09-08T22:06:25.416Z,178890518541600
"""jahan 2 @ iacG4hF18c"" checks",2026-09-08T22:06:24.603Z,178890518460300
"""Rayan @ nhXZL_Cydv"" checks",2026-09-08T22:06:22.738Z,178890518273800
"""Kobe @ DRSv3IR7B7"" checks",2026-09-08T22:06:21.361Z,178890518136100
"Flop:  [J♥, 4♥, 5♠]",2026-09-08T22:06:18.757Z,178890517875700
"""Rayan @ nhXZL_Cydv"" checks",2026-09-08T22:06:17.913Z,178890517791300
"""Kobe @ DRSv3IR7B7"" calls 0.50",2026-09-08T22:06:15.733Z,178890517573300
"""Mr Bink @ IRFSw7AJ_c"" folds",2026-09-08T22:06:12.491Z,178890517249100
"""jahan 2 @ iacG4hF18c"" calls 0.50",2026-09-08T22:06:11.567Z,178890517156700
"""Heech @ wzsls5Sz57"" folds",2026-09-08T22:06:10.410Z,178890517041000
"""R Y A N @ GO72Iwd2XL"" folds",2026-09-08T22:06:06.796Z,178890516679600
"""1bulletonly @ xZS3GKnBtu"" folds",2026-09-08T22:06:05.912Z,178890516591200
"""Rayan @ nhXZL_Cydv"" posts a big blind of 0.50",2026-09-08T22:06:04.785Z,178890516478510
"""Kobe @ DRSv3IR7B7"" posts a small blind of 0.25",2026-09-08T22:06:04.785Z,178890516478509
"Player stacks: #2 ""Heech @ wzsls5Sz57"" (53.30) | #3 ""jahan 2 @ iacG4hF18c"" (431.64) | #4 ""Mr Bink @ IRFSw7AJ_c"" (209.27) | #5 ""Kobe @ DRSv3IR7B7"" (236.19) | #8 ""Rayan @ nhXZL_Cydv"" (140.63) | #9 ""1bulletonly @ xZS3GKnBtu"" (203.03) | #10 ""R Y A N @ GO72Iwd2XL"" (68.99)",2026-09-08T22:06:04.785Z,178890516478501
"-- starting hand #402 (id: ulxq742c8opk)  No Limit Texas Hold'em (dealer: ""Mr Bink @ IRFSw7AJ_c"") --",2026-09-08T22:06:04.785Z,178890516478500
"""Heech @ wzsls5Sz57"" shows a 10♥.",2026-09-08T22:06:02.017Z,178890516201700
"-- ending hand #401 --",2026-09-08T22:05:58.170Z,178890515817002
"""R Y A N @ GO72Iwd2XL"" collected 31.36 from pot",2026-09-08T22:05:58.170Z,178890515817001
"Uncalled bet of 15.68 returned to ""R Y A N @ GO72Iwd2XL""",2026-09-08T22:05:58.170Z,178890515817000
"""1bulletonly @ xZS3GKnBtu"" folds",2026-09-08T22:05:57.366Z,178890515736600
"""Heech @ wzsls5Sz57"" folds",2026-09-08T22:05:56.488Z,178890515648800
"""R Y A N @ GO72Iwd2XL"" bets 15.68",2026-09-08T22:05:47.325Z,178890514732500
"""1bulletonly @ xZS3GKnBtu"" checks",2026-09-08T22:05:39.963Z,178890513996300
"Turn: 7♠, 3♥, 10♠ [A♦]",2026-09-08T22:05:38.952Z,178890513895200
"""1bulletonly @ xZS3GKnBtu"" calls 6.87",2026-09-08T22:05:38.068Z,178890513806800
"""jahan 2 @ iacG4hF18c"" folds",2026-09-08T22:05:26.072Z,178890512607200
"""Heech @ wzsls5Sz57"" calls 6.87",2026-09-08T22:05:23.713Z,178890512371300
"""R Y A N @ GO72Iwd2XL"" bets 6.87",2026-09-08T22:05:19.047Z,178890511904700
"""1bulletonly @ xZS3GKnBtu"" checks",2026-09-08T22:05:15.011Z,178890511501100
"Flop:  [7♠, 3♥, 10♠]",2026-09-08T22:05:13.128Z,178890511312800
"""1bulletonly @ xZS3GKnBtu"" calls 2.50",2026-09-08T22:05:12.285Z,178890511228500
"""Kobe @ DRSv3IR7B7"" folds",2026-09-08T22:05:09.624Z,178890510962400
"""Mr Bink @ IRFSw7AJ_c"" folds",2026-09-08T22:05:06.239Z,178890510623900
"""jahan 2 @ iacG4hF18c"" calls 2.50",2026-09-08T22:05:05.336Z,178890510533600
"""Heech @ wzsls5Sz57"" calls 2.50",2026-09-08T22:05:01.602Z,178890510160200
"""R Y A N @ GO72Iwd2XL"" raises to 2.50",2026-09-08T22:04:53.428Z,178890509342800
"""1bulletonly @ xZS3GKnBtu"" calls 0.50",2026-09-08T22:04:49.654Z,178890508965400
"""Rayan @ nhXZL_Cydv"" folds",2026-09-08T22:04:47.385Z,178890508738500
"""Kobe @ DRSv3IR7B7"" posts a big blind of 0.50",2026-09-08T22:04:45.488Z,178890508548810
"""Mr Bink @ IRFSw7AJ_c"" posts a small blind of 0.25",2026-09-08T22:04:45.488Z,178890508548809
"Player stacks: #2 ""Heech @ wzsls5Sz57"" (62.67) | #3 ""jahan 2 @ iacG4hF18c"" (434.14) | #4 ""Mr Bink @ IRFSw7AJ_c"" (209.52) | #5 ""Kobe @ DRSv3IR7B7"" (236.69) | #8 ""Rayan @ nhXZL_Cydv"" (140.63) | #9 ""1bulletonly @ xZS3GKnBtu"" (212.40) | #10 ""R Y A N @ GO72Iwd2XL"" (47.00)",2026-09-08T22:04:45.488Z,178890508548801
"-- starting hand #401 (id: tkeoamj5iaco)  No Limit Texas Hold'em (dealer: ""jahan 2 @ iacG4hF18c"") --",2026-09-08T22:04:45.488Z,178890508548800
"""Mr Bink @ IRFSw7AJ_c"" shows a Q♥, Q♦.",2026-09-08T22:04:39.783Z,178890507978300
"-- ending hand #400 --",2026-09-08T22:04:38.979Z,178890507897902
"""1bulletonly @ xZS3GKnBtu"" collected 114.29 from pot with Flush, J High (combination: 4♠, 5♠, 6♠, 9♠, J♠)",2026-09-08T22:04:38.979Z,178890507897901
"""1bulletonly @ xZS3GKnBtu"" shows a 5♠, 4♠.",2026-09-08T22:04:38.979Z,178890507897900
"""Mr Bink @ IRFSw7AJ_c"" calls 0.50",2026-09-08T22:04:38.139Z,178890507813900
"""1bulletonly @ xZS3GKnBtu"" bets 0.50",2026-09-08T22:04:36.736Z,178890507673600
"""Mr Bink @ IRFSw7AJ_c"" checks",2026-09-08T22:04:18.638Z,178890505863800
"River: 3♥, J♠, 6♠, 7♦ [9♠]",2026-09-08T22:04:07.332Z,178890504733200
"""Mr Bink @ IRFSw7AJ_c"" calls 28.32",2026-09-08T22:04:06.478Z,178890504647800
"""1bulletonly @ xZS3GKnBtu"" bets 28.32",2026-09-08T22:04:05.037Z,178890504503700
"""Mr Bink @ IRFSw7AJ_c"" checks",2026-09-08T22:04:00.362Z,178890504036200
"Turn: 3♥, J♠, 6♠ [7♦]",2026-09-08T22:03:55.857Z,178890503585700
"""jahan 2 @ iacG4hF18c"" folds",2026-09-08T22:03:54.979Z,178890503497900
"""1bulletonly @ xZS3GKnBtu"" calls 14.16",2026-09-08T22:03:51.379Z,178890503137900
"""Mr Bink @ IRFSw7AJ_c"" bets 14.16",2026-09-08T22:03:47.472Z,178890502747200
"""jahan 2 @ iacG4hF18c"" checks",2026-09-08T22:03:44.203Z,178890502420300
"Flop:  [3♥, J♠, 6♠]",2026-09-08T22:03:40.697Z,178890502069700
"""jahan 2 @ iacG4hF18c"" calls 9.11",2026-09-08T22:03:39.831Z,178890501983100
"""Heech @ wzsls5Sz57"" folds",2026-09-08T22:03:37.037Z,178890501703700
"""1bulletonly @ xZS3GKnBtu"" calls 9.11",2026-09-08T22:03:36.077Z,178890501607700
"""Rayan @ nhXZL_Cydv"" folds",2026-09-08T22:03:29.727Z,178890500972700
"""Mr Bink @ IRFSw7AJ_c"" raises to 9.11",2026-09-08T22:03:28.309Z,178890500830900
"""jahan 2 @ iacG4hF18c"" raises to 3.00",2026-09-08T22:03:23.006Z,178890500300600
"""Heech @ wzsls5Sz57"" calls 0.50",2026-09-08T22:03:20.159Z,178890500015900
"""R Y A N @ GO72Iwd2XL"" folds",2026-09-08T22:03:14.763Z,178890499476300
"""1bulletonly @ xZS3GKnBtu"" calls 0.50",2026-09-08T22:03:13.835Z,178890499383500
"""Rayan @ nhXZL_Cydv"" calls 0.50",2026-09-08T22:03:12.197Z,178890499219700
"""Kobe @ DRSv3IR7B7"" folds",2026-09-08T22:03:10.508Z,178890499050800
"""Mr Bink @ IRFSw7AJ_c"" posts a big blind of 0.50",2026-09-08T22:03:08.590Z,178890498859010
"""jahan 2 @ iacG4hF18c"" posts a small blind of 0.25",2026-09-08T22:03:08.590Z,178890498859009
"Player stacks: #2 ""Heech @ wzsls5Sz57"" (63.17) | #3 ""jahan 2 @ iacG4hF18c"" (443.25) | #4 ""Mr Bink @ IRFSw7AJ_c"" (261.61) | #5 ""Kobe @ DRSv3IR7B7"" (236.69) | #8 ""Rayan @ nhXZL_Cydv"" (141.13) | #9 ""1bulletonly @ xZS3GKnBtu"" (150.20) | #10 ""R Y A N @ GO72Iwd2XL"" (47.00)",2026-09-08T22:03:08.590Z,178890498859001
"-- starting hand #400 (id: xkyoxaakrtw7)  No Limit Texas Hold'em (dealer: ""Heech @ wzsls5Sz57"") --",2026-09-08T22:03:08.590Z,178890498859000
"""1bulletonly @ xZS3GKnBtu"" shows a K♠, 5♣.",2026-09-08T22:03:05.408Z,178890498540800
"-- ending hand #399 --",2026-09-08T22:03:01.972Z,178890498197202
"""1bulletonly @ xZS3GKnBtu"" collected 3.75 from pot",2026-09-08T22:03:01.972Z,178890498197201
"Uncalled bet of 4.81 returned to ""1bulletonly @ xZS3GKnBtu""",2026-09-08T22:03:01.972Z,178890498197200
"""Kobe @ DRSv3IR7B7"" folds",2026-09-08T22:03:01.149Z,178890498114900
"""jahan 2 @ iacG4hF18c"" folds",2026-09-08T22:02:48.999Z,178890496899900
"""Heech @ wzsls5Sz57"" folds",2026-09-08T22:02:48.145Z,178890496814500
"""R Y A N @ GO72Iwd2XL"" folds",2026-09-08T22:02:46.299Z,178890496629900
"""1bulletonly @ xZS3GKnBtu"" raises to 6.31",2026-09-08T22:02:45.351Z,178890496535100
"""Rayan @ nhXZL_Cydv"" folds",2026-09-08T22:02:37.717Z,178890495771700
"""Kobe @ DRSv3IR7B7"" raises to 1.50",2026-09-08T22:02:36.738Z,178890495673800
"""Mr Bink @ IRFSw7AJ_c"" folds",2026-09-08T22:02:34.075Z,178890495407500
"""jahan 2 @ iacG4hF18c"" posts a big blind of 0.50",2026-09-08T22:02:32.987Z,178890495298710
"""Heech @ wzsls5Sz57"" posts a small blind of 0.25",2026-09-08T22:02:32.987Z,178890495298709
"Player stacks: #2 ""Heech @ wzsls5Sz57"" (63.42) | #3 ""jahan 2 @ iacG4hF18c"" (443.75) | #4 ""Mr Bink @ IRFSw7AJ_c"" (261.61) | #5 ""Kobe @ DRSv3IR7B7"" (238.19) | #8 ""Rayan @ nhXZL_Cydv"" (141.13) | #9 ""1bulletonly @ xZS3GKnBtu"" (147.95) | #10 ""R Y A N @ GO72Iwd2XL"" (47.00)",2026-09-08T22:02:32.987Z,178890495298701
"-- starting hand #399 (id: 7fmwfvi59qcz)  No Limit Texas Hold'em (dealer: ""R Y A N @ GO72Iwd2XL"") --",2026-09-08T22:02:32.987Z,178890495298700
"-- ending hand #398 --",2026-09-08T22:02:26.935Z,178890494693503
"""jahan 2 @ iacG4hF18c"" collected 6.25 from pot with Two Pair, A's & 9's (combination: K♠, 9♥, 9♠, A♦, A♠)",2026-09-08T22:02:26.935Z,178890494693502
"""jahan 2 @ iacG4hF18c"" shows a 5♥, A♦.",2026-09-08T22:02:26.935Z,178890494693501
"""1bulletonly @ xZS3GKnBtu"" shows a 7♠, 6♣.",2026-09-08T22:02:26.935Z,178890494693500
"""jahan 2 @ iacG4hF18c"" calls 0.50",2026-09-08T22:02:26.100Z,178890494610000
"""1bulletonly @ xZS3GKnBtu"" bets 0.50",2026-09-08T22:02:25.012Z,178890494501200
"""jahan 2 @ iacG4hF18c"" checks",2026-09-08T22:02:22.195Z,178890494219500
"River: A♠, 8♥, 9♥, K♠ [9♠]",2026-09-08T22:02:20.253Z,178890494025300
"""Heech @ wzsls5Sz57"" folds",2026-09-08T22:02:19.442Z,178890493944200
"""1bulletonly @ xZS3GKnBtu"" calls 1.75",2026-09-08T22:02:18.215Z,178890493821500
"""jahan 2 @ iacG4hF18c"" bets 1.75",2026-09-08T22:02:17.141Z,178890493714100
"""Heech @ wzsls5Sz57"" checks",2026-09-08T22:02:14.712Z,178890493471200
"Turn: A♠, 8♥, 9♥ [K♠]",2026-09-08T22:02:11.047Z,178890493104700
"""1bulletonly @ xZS3GKnBtu"" checks",2026-09-08T22:02:10.235Z,178890493023500
"""jahan 2 @ iacG4hF18c"" checks",2026-09-08T22:02:09.052Z,178890492905200
"""Heech @ wzsls5Sz57"" checks",2026-09-08T22:02:01.965Z,178890492196500
"Flop:  [A♠, 8♥, 9♥]",2026-09-08T22:01:59.883Z,178890491988300
"""Heech @ wzsls5Sz57"" checks",2026-09-08T22:01:59.004Z,178890491900400
"""R Y A N @ GO72Iwd2XL"" folds",2026-09-08T22:01:52.947Z,178890491294700
"""1bulletonly @ xZS3GKnBtu"" calls 0.50",2026-09-08T22:01:52.006Z,178890491200600
"""Rayan @ nhXZL_Cydv"" folds",2026-09-08T22:01:50.943Z,178890491094300
"""Kobe @ DRSv3IR7B7"" folds",2026-09-08T22:01:45.974Z,178890490597400
"""Mr Bink @ IRFSw7AJ_c"" folds",2026-09-08T22:01:43.601Z,178890490360100
"""jahan 2 @ iacG4hF18c"" calls 0.50",2026-09-08T22:01:42.695Z,178890490269500
"""Heech @ wzsls5Sz57"" posts a big blind of 0.50",2026-09-08T22:01:18.350Z,178890487835010
"""R Y A N @ GO72Iwd2XL"" posts a small blind of 0.25",2026-09-08T22:01:18.350Z,178890487835009
"Player stacks: #2 ""Heech @ wzsls5Sz57"" (63.92) | #3 ""jahan 2 @ iacG4hF18c"" (440.25) | #4 ""Mr Bink @ IRFSw7AJ_c"" (261.61) | #5 ""Kobe @ DRSv3IR7B7"" (238.19) | #8 ""Rayan @ nhXZL_Cydv"" (141.13) | #9 ""1bulletonly @ xZS3GKnBtu"" (150.70) | #10 ""R Y A N @ GO72Iwd2XL"" (47.25)",2026-09-08T22:01:18.350Z,178890487835001
"-- starting hand #398 (id: g71xmsoccox4)  No Limit Texas Hold'em (dealer: ""1bulletonly @ xZS3GKnBtu"") --",2026-09-08T22:01:18.350Z,178890487835000
"-- ending hand #397 --",2026-09-08T22:01:12.419Z,178890487241902
"""R Y A N @ GO72Iwd2XL"" collected 4.50 from pot",2026-09-08T22:01:12.419Z,178890487241901
"Uncalled bet of 2.75 returned to ""R Y A N @ GO72Iwd2XL""",2026-09-08T22:01:12.419Z,178890487241900
"""Rayan @ nhXZL_Cydv"" folds",2026-09-08T22:01:11.585Z,178890487158500
"""R Y A N @ GO72Iwd2XL"" bets 2.75",2026-09-08T22:01:10.446Z,178890487044600
"Flop:  [5♠, 10♥, 2♣]",2026-09-08T22:01:04.819Z,178890486481900
"""1bulletonly @ xZS3GKnBtu"" folds",2026-09-08T22:01:03.950Z,178890486395000
"""Rayan @ nhXZL_Cydv"" calls 2.00",2026-09-08T22:01:02.604Z,178890486260400
"""R Y A N @ GO72Iwd2XL"" raises to 2.00",2026-09-08T22:01:00.231Z,178890486023100
"""1bulletonly @ xZS3GKnBtu"" calls 0.50",2026-09-08T22:00:57.856Z,178890485785600
"""Rayan @ nhXZL_Cydv"" calls 0.50",2026-09-08T22:00:56.676Z,178890485667600
"""Kobe @ DRSv3IR7B7"" folds",2026-09-08T22:00:55.443Z,178890485544300
"""Mr Bink @ IRFSw7AJ_c"" folds",2026-09-08T22:00:54.261Z,178890485426100
"""jahan 2 @ iacG4hF18c"" folds",2026-09-08T22:00:53.383Z,178890485338300
"""Heech @ wzsls5Sz57"" folds",2026-09-08T22:00:52.497Z,178890485249700
"""R Y A N @ GO72Iwd2XL"" posts a big blind of 0.50",2026-09-08T22:00:51.083Z,178890485108310
"""1bulletonly @ xZS3GKnBtu"" posts a small blind of 0.25",2026-09-08T22:00:51.083Z,178890485108309
"Player stacks: #2 ""Heech @ wzsls5Sz57"" (63.92) | #3 ""jahan 2 @ iacG4hF18c"" (440.25) | #4 ""Mr Bink @ IRFSw7AJ_c"" (261.61) | #5 ""Kobe @ DRSv3IR7B7"" (238.19) | #8 ""Rayan @ nhXZL_Cydv"" (143.13) | #9 ""1bulletonly @ xZS3GKnBtu"" (151.20) | #10 ""R Y A N @ GO72Iwd2XL"" (44.75)",2026-09-08T22:00:51.083Z,178890485108301
"-- starting hand #397 (id: qp5quv78cxru)  No Limit Texas Hold'em (dealer: ""Rayan @ nhXZL_Cydv"") --",2026-09-08T22:00:51.083Z,178890485108300
"-- ending hand #396 --",2026-09-08T22:00:45.141Z,178890484514102
"""Kobe @ DRSv3IR7B7"" collected 8.50 from pot",2026-09-08T22:00:45.141Z,178890484514101
"Uncalled bet of 8.50 returned to ""Kobe @ DRSv3IR7B7""",2026-09-08T22:00:45.141Z,178890484514100
"""1bulletonly @ xZS3GKnBtu"" folds",2026-09-08T22:00:44.306Z,178890484430600
"""Kobe @ DRSv3IR7B7"" bets 8.50",2026-09-08T22:00:42.968Z,178890484296800
"""1bulletonly @ xZS3GKnBtu"" checks",2026-09-08T22:00:37.673Z,178890483767300
"Turn: A♥, A♠, K♥ [6♣]",2026-09-08T22:00:35.922Z,178890483592200
"""1bulletonly @ xZS3GKnBtu"" calls 2.00",2026-09-08T22:00:35.093Z,178890483509300
"""Rayan @ nhXZL_Cydv"" folds",2026-09-08T22:00:34.121Z,178890483412100
"""Kobe @ DRSv3IR7B7"" bets 2.00",2026-09-08T22:00:33.097Z,178890483309700
"""1bulletonly @ xZS3GKnBtu"" checks",2026-09-08T22:00:28.670Z,178890482867000
"""Rayan @ nhXZL_Cydv"" checks",2026-09-08T22:00:27.046Z,178890482704600
"Flop:  [A♥, A♠, K♥]",2026-09-08T22:00:25.158Z,178890482515800
"""1bulletonly @ xZS3GKnBtu"" calls 1.50",2026-09-08T22:00:24.337Z,178890482433700
"""Rayan @ nhXZL_Cydv"" calls 1.50",2026-09-08T22:00:23.362Z,178890482336200
"""Kobe @ DRSv3IR7B7"" raises to 1.50",2026-09-08T22:00:21.943Z,178890482194300
"""Mr Bink @ IRFSw7AJ_c"" folds",2026-09-08T22:00:18.509Z,178890481850900
"""jahan 2 @ iacG4hF18c"" folds",2026-09-08T22:00:17.578Z,178890481757800
"""Heech @ wzsls5Sz57"" folds",2026-09-08T22:00:13.309Z,178890481330900
"""R Y A N @ GO72Iwd2XL"" folds",2026-09-08T22:00:11.535Z,178890481153500
"""1bulletonly @ xZS3GKnBtu"" posts a big blind of 0.50",2026-09-08T22:00:09.649Z,178890480964910
"""Rayan @ nhXZL_Cydv"" posts a small blind of 0.25",2026-09-08T22:00:09.649Z,178890480964909
"Player stacks: #2 ""Heech @ wzsls5Sz57"" (63.92) | #3 ""jahan 2 @ iacG4hF18c"" (440.25) | #4 ""Mr Bink @ IRFSw7AJ_c"" (261.61) | #5 ""Kobe @ DRSv3IR7B7"" (233.19) | #8 ""Rayan @ nhXZL_Cydv"" (144.63) | #9 ""1bulletonly @ xZS3GKnBtu"" (154.70) | #10 ""R Y A N @ GO72Iwd2XL"" (44.75)",2026-09-08T22:00:09.649Z,178890480964901
"-- starting hand #396 (id: tsqqstqalenw)  No Limit Texas Hold'em (dealer: ""Kobe @ DRSv3IR7B7"") --",2026-09-08T22:00:09.649Z,178890480964900
"-- ending hand #395 --",2026-09-08T22:00:03.708Z,178890480370802
"""R Y A N @ GO72Iwd2XL"" collected 6.25 from pot",2026-09-08T22:00:03.708Z,178890480370801
"Uncalled bet of 3.12 returned to ""R Y A N @ GO72Iwd2XL""",2026-09-08T22:00:03.708Z,178890480370800
"""Rayan @ nhXZL_Cydv"" folds",2026-09-08T22:00:02.854Z,178890480285400
"""jahan 2 @ iacG4hF18c"" folds",2026-09-08T22:00:01.715Z,178890480171500
"""R Y A N @ GO72Iwd2XL"" bets 3.12",2026-09-08T21:59:55.092Z,178890479509200
"""Rayan @ nhXZL_Cydv"" checks",2026-09-08T21:59:51.421Z,178890479142100
"Flop:  [10♦, 4♦, 4♠]",2026-09-08T21:59:49.864Z,178890478986400
"""Rayan @ nhXZL_Cydv"" calls 2.00",2026-09-08T21:59:49.062Z,178890478906200
"""Kobe @ DRSv3IR7B7"" folds",2026-09-08T21:59:47.213Z,178890478721300
"""Mr Bink @ IRFSw7AJ_c"" folds",2026-09-08T21:59:46.275Z,178890478627500
"""jahan 2 @ iacG4hF18c"" calls 2.00",2026-09-08T21:59:45.388Z,178890478538800
"""Heech @ wzsls5Sz57"" folds",2026-09-08T21:59:44.008Z,178890478400800
"""R Y A N @ GO72Iwd2XL"" raises to 2.00",2026-09-08T21:59:40.046Z,178890478004600
"""1bulletonly @ xZS3GKnBtu"" folds",2026-09-08T21:59:36.361Z,178890477636100
"""Rayan @ nhXZL_Cydv"" posts a big blind of 0.50",2026-09-08T21:59:35.562Z,178890477556210
"""Kobe @ DRSv3IR7B7"" posts a small blind of 0.25",2026-09-08T21:59:35.562Z,178890477556209
"Player stacks: #2 ""Heech @ wzsls5Sz57"" (63.92) | #3 ""jahan 2 @ iacG4hF18c"" (442.25) | #4 ""Mr Bink @ IRFSw7AJ_c"" (261.61) | #5 ""Kobe @ DRSv3IR7B7"" (233.44) | #8 ""Rayan @ nhXZL_Cydv"" (146.63) | #9 ""1bulletonly @ xZS3GKnBtu"" (154.70) | #10 ""R Y A N @ GO72Iwd2XL"" (40.50)",2026-09-08T21:59:35.562Z,178890477556201
"-- starting hand #395 (id: 5japhl0usqgn)  No Limit Texas Hold'em (dealer: ""Mr Bink @ IRFSw7AJ_c"") --",2026-09-08T21:59:35.562Z,178890477556200
"-- ending hand #394 --",2026-09-08T21:59:29.555Z,178890476955502
"""Kobe @ DRSv3IR7B7"" collected 34.50 from pot with Pair, Q's (combination: 7♦, 8♠, 10♠, Q♥, Q♦)",2026-09-08T21:59:29.555Z,178890476955501
"""Kobe @ DRSv3IR7B7"" shows a Q♥, 8♠.",2026-09-08T21:59:29.555Z,178890476955500
"""R Y A N @ GO72Iwd2XL"" checks",2026-09-08T21:59:28.734Z,178890476873400
"""1bulletonly @ xZS3GKnBtu"" folds",2026-09-08T21:59:26.535Z,178890476653500
"""Kobe @ DRSv3IR7B7"" checks",2026-09-08T21:59:23.488Z,178890476348800
"River: 4♦, Q♦, 10♠, 3♣ [7♦]",2026-09-08T21:59:06.398Z,178890474639800
"""R Y A N @ GO72Iwd2XL"" checks",2026-09-08T21:59:05.552Z,178890474555200
"""1bulletonly @ xZS3GKnBtu"" checks",2026-09-08T21:59:01.073Z,178890474107300
"""Kobe @ DRSv3IR7B7"" checks",2026-09-08T21:58:58.899Z,178890473889900
"Turn: 4♦, Q♦, 10♠ [3♣]",2026-09-08T21:58:57.082Z,178890473708200
"""1bulletonly @ xZS3GKnBtu"" calls 7.75",2026-09-08T21:58:56.275Z,178890473627500
"""Kobe @ DRSv3IR7B7"" calls 7.75",2026-09-08T21:58:54.146Z,178890473414600
"""Mr Bink @ IRFSw7AJ_c"" folds",2026-09-08T21:58:51.906Z,178890473190600
"""jahan 2 @ iacG4hF18c"" folds",2026-09-08T21:58:51.014Z,178890473101400
"""R Y A N @ GO72Iwd2XL"" bets 7.75",2026-09-08T21:58:48.451Z,178890472845100
"""1bulletonly @ xZS3GKnBtu"" checks",2026-09-08T21:58:42.175Z,178890472217500
"""Kobe @ DRSv3IR7B7"" checks",2026-09-08T21:58:41.219Z,178890472121900
"""Mr Bink @ IRFSw7AJ_c"" checks",2026-09-08T21:58:40.079Z,178890472007900
"Flop:  [4♦, Q♦, 10♠]",2026-09-08T21:58:38.673Z,178890471867300
"""Kobe @ DRSv3IR7B7"" calls 2.25",2026-09-08T21:58:37.867Z,178890471786700
"""Mr Bink @ IRFSw7AJ_c"" calls 2.25",2026-09-08T21:58:35.523Z,178890471552300
"""jahan 2 @ iacG4hF18c"" calls 2.25",2026-09-08T21:58:34.332Z,178890471433200
"""Heech @ wzsls5Sz57"" folds",2026-09-08T21:58:28.272Z,178890470827200
"""R Y A N @ GO72Iwd2XL"" calls 2.25",2026-09-08T21:58:27.270Z,178890470727000
"""1bulletonly @ xZS3GKnBtu"" raises to 2.25",2026-09-08T21:58:25.735Z,178890470573500
"""Rayan @ nhXZL_Cydv"" folds",2026-09-08T21:58:22.815Z,178890470281500
"""Kobe @ DRSv3IR7B7"" posts a big blind of 0.50",2026-09-08T21:58:21.159Z,178890470115910
"""Mr Bink @ IRFSw7AJ_c"" posts a small blind of 0.25",2026-09-08T21:58:21.159Z,178890470115909
"Player stacks: #2 ""Heech @ wzsls5Sz57"" (63.92) | #3 ""jahan 2 @ iacG4hF18c"" (444.50) | #4 ""Mr Bink @ IRFSw7AJ_c"" (263.86) | #5 ""Kobe @ DRSv3IR7B7"" (208.94) | #8 ""Rayan @ nhXZL_Cydv"" (146.63) | #9 ""1bulletonly @ xZS3GKnBtu"" (164.70) | #10 ""R Y A N @ GO72Iwd2XL"" (50.50)",2026-09-08T21:58:21.159Z,178890470115901
"-- starting hand #394 (id: zskmx5cvpy5x)  No Limit Texas Hold'em (dealer: ""jahan 2 @ iacG4hF18c"") --",2026-09-08T21:58:21.159Z,178890470115900
"-- ending hand #393 --",2026-09-08T21:58:15.150Z,178890469515003
"""Mr Bink @ IRFSw7AJ_c"" collected 94.00 from pot with Two Pair, K's & Q's (combination: J♥, Q♠, Q♥, K♠, K♣)",2026-09-08T21:58:15.150Z,178890469515002
"""Mr Bink @ IRFSw7AJ_c"" shows a Q♠, K♠.",2026-09-08T21:58:15.150Z,178890469515001
"""1bulletonly @ xZS3GKnBtu"" shows a 8♣, 6♣.",2026-09-08T21:58:15.150Z,178890469515000
"""Mr Bink @ IRFSw7AJ_c"" calls 32.00",2026-09-08T21:58:14.310Z,178890469431000
"""1bulletonly @ xZS3GKnBtu"" raises to 32.00",2026-09-08T21:58:13.121Z,178890469312100
"""Mr Bink @ IRFSw7AJ_c"" bets 15.00",2026-09-08T21:58:06.768Z,178890468676800
"River: 4♠, Q♥, K♣, J♥ [6♦]",2026-09-08T21:58:04.741Z,178890468474100
"""1bulletonly @ xZS3GKnBtu"" checks",2026-09-08T21:58:03.860Z,178890468386000
"""Mr Bink @ IRFSw7AJ_c"" checks",2026-09-08T21:58:01.893Z,178890468189300
"Turn: 4♠, Q♥, K♣ [J♥]",2026-09-08T21:57:59.386Z,178890467938600
"""1bulletonly @ xZS3GKnBtu"" calls 11.50",2026-09-08T21:57:58.580Z,178890467858000
"""Rayan @ nhXZL_Cydv"" folds",2026-09-08T21:57:53.397Z,178890467339700
"""Mr Bink @ IRFSw7AJ_c"" raises to 11.50",2026-09-08T21:57:52.346Z,178890467234600
"""1bulletonly @ xZS3GKnBtu"" bets 4.00",2026-09-08T21:57:49.823Z,178890466982300
"""Rayan @ nhXZL_Cydv"" checks",2026-09-08T21:57:45.918Z,178890466591800
"""Mr Bink @ IRFSw7AJ_c"" checks",2026-09-08T21:57:41.903Z,178890466190300
"Flop:  [4♠, Q♥, K♣]",2026-09-08T21:57:39.370Z,178890465937000
"""Rayan @ nhXZL_Cydv"" calls 2.25",2026-09-08T21:57:38.563Z,178890465856300
"""Mr Bink @ IRFSw7AJ_c"" calls 2.25",2026-09-08T21:57:37.218Z,178890465721800
"""jahan 2 @ iacG4hF18c"" folds",2026-09-08T21:57:35.952Z,178890465595200
"""Heech @ wzsls5Sz57"" folds",2026-09-08T21:57:35.025Z,178890465502500
"""R Y A N @ GO72Iwd2XL"" folds",2026-09-08T21:57:29.369Z,178890464936900
"""1bulletonly @ xZS3GKnBtu"" raises to 2.25",2026-09-08T21:57:28.381Z,178890464838100
"""Rayan @ nhXZL_Cydv"" calls 0.50",2026-09-08T21:57:25.681Z,178890464568100
"""Kobe @ DRSv3IR7B7"" folds",2026-09-08T21:57:24.151Z,178890464415100
"""Mr Bink @ IRFSw7AJ_c"" posts a big blind of 0.50",2026-09-08T21:57:22.686Z,178890464268610
"""jahan 2 @ iacG4hF18c"" posts a small blind of 0.25",2026-09-08T21:57:22.686Z,178890464268609
"Player stacks: #2 ""Heech @ wzsls5Sz57"" (63.92) | #3 ""jahan 2 @ iacG4hF18c"" (444.75) | #4 ""Mr Bink @ IRFSw7AJ_c"" (215.61) | #5 ""Kobe @ DRSv3IR7B7"" (208.94) | #8 ""Rayan @ nhXZL_Cydv"" (148.88) | #9 ""1bulletonly @ xZS3GKnBtu"" (210.45) | #10 ""R Y A N @ GO72Iwd2XL"" (50.50)",2026-09-08T21:57:22.686Z,178890464268601
"-- starting hand #393 (id: nkhlduc7dptr)  No Limit Texas Hold'em (dealer: ""Heech @ wzsls5Sz57"") --",2026-09-08T21:57:22.686Z,178890464268600
"""Rayan @ nhXZL_Cydv"" shows a 4♣, 5♠.",2026-09-08T21:57:18.674Z,178890463867400
"-- ending hand #392 --",2026-09-08T21:57:16.151Z,178890463615104
"""1bulletonly @ xZS3GKnBtu"" collected 1.00 from pot with Pair, K's (combination: 9♠, J♠, Q♣, K♦, K♥)",2026-09-08T21:57:16.151Z,178890463615103
"""Heech @ wzsls5Sz57"" collected 1.00 from pot with Pair, K's (combination: 9♠, J♠, Q♥, K♦, K♥)",2026-09-08T21:57:16.151Z,178890463615102
"""1bulletonly @ xZS3GKnBtu"" shows a 6♥, Q♣.",2026-09-08T21:57:16.151Z,178890463615101
"""Heech @ wzsls5Sz57"" shows a Q♥, 3♠.",2026-09-08T21:57:16.151Z,178890463615100
"""1bulletonly @ xZS3GKnBtu"" checks",2026-09-08T21:57:15.327Z,178890463532700
"""Rayan @ nhXZL_Cydv"" checks",2026-09-08T21:57:14.411Z,178890463441100
"""jahan 2 @ iacG4hF18c"" checks",2026-09-08T21:57:12.421Z,178890463242100
"""Heech @ wzsls5Sz57"" checks",2026-09-08T21:57:09.107Z,178890462910700
"River: 9♠, K♦, J♠, K♥ [8♠]",2026-09-08T21:57:03.881Z,178890462388100
"""1bulletonly @ xZS3GKnBtu"" checks",2026-09-08T21:57:03.021Z,178890462302100
"""Rayan @ nhXZL_Cydv"" checks",2026-09-08T21:57:00.928Z,178890462092800
"""jahan 2 @ iacG4hF18c"" checks",2026-09-08T21:56:59.921Z,178890461992100
"""Heech @ wzsls5Sz57"" checks",2026-09-08T21:56:59.034Z,178890461903400
"Turn: 9♠, K♦, J♠ [K♥]",2026-09-08T21:56:57.288Z,178890461728800
"""1bulletonly @ xZS3GKnBtu"" checks",2026-09-08T21:56:56.469Z,178890461646900
"""Rayan @ nhXZL_Cydv"" checks",2026-09-08T21:56:55.390Z,178890461539000
"""jahan 2 @ iacG4hF18c"" checks",2026-09-08T21:56:54.198Z,178890461419800
"""Heech @ wzsls5Sz57"" checks",2026-09-08T21:56:48.165Z,178890460816500
"Flop:  [9♠, K♦, J♠]",2026-09-08T21:56:45.196Z,178890460519600
"""jahan 2 @ iacG4hF18c"" checks",2026-09-08T21:56:44.382Z,178890460438200
"""Heech @ wzsls5Sz57"" calls 0.50",2026-09-08T21:56:41.288Z,178890460128800
"""R Y A N @ GO72Iwd2XL"" folds",2026-09-08T21:56:37.860Z,178890459786000
"""1bulletonly @ xZS3GKnBtu"" calls 0.50",2026-09-08T21:56:36.946Z,178890459694600
"""Rayan @ nhXZL_Cydv"" calls 0.50",2026-09-08T21:56:35.664Z,178890459566400
"""Kobe @ DRSv3IR7B7"" folds",2026-09-08T21:56:34.037Z,178890459403700
"""Mr Bink @ IRFSw7AJ_c"" folds",2026-09-08T21:56:32.630Z,178890459263000
"""jahan 2 @ iacG4hF18c"" posts a big blind of 0.50",2026-09-08T21:56:31.776Z,178890459177610
"""Heech @ wzsls5Sz57"" posts a small blind of 0.25",2026-09-08T21:56:31.776Z,178890459177609
"Player stacks: #2 ""Heech @ wzsls5Sz57"" (63.42) | #3 ""jahan 2 @ iacG4hF18c"" (445.25) | #4 ""Mr Bink @ IRFSw7AJ_c"" (215.61) | #5 ""Kobe @ DRSv3IR7B7"" (208.94) | #8 ""Rayan @ nhXZL_Cydv"" (149.38) | #9 ""1bulletonly @ xZS3GKnBtu"" (209.95) | #10 ""R Y A N @ GO72Iwd2XL"" (50.50)",2026-09-08T21:56:31.776Z,178890459177601
"-- starting hand #392 (id: tt2j326oofdm)  No Limit Texas Hold'em (dealer: ""R Y A N @ GO72Iwd2XL"") --",2026-09-08T21:56:31.776Z,178890459177600
"""Heech @ wzsls5Sz57"" shows a K♥, 5♣.",2026-09-08T21:56:27.416Z,178890458741600
"""1bulletonly @ xZS3GKnBtu"" shows a 5♠, 2♠.",2026-09-08T21:56:27.050Z,178890458705000
"""Rayan @ nhXZL_Cydv"" shows a K♦, 5♦.",2026-09-08T21:56:26.815Z,178890458681500
"""Mr Bink @ IRFSw7AJ_c"" shows a A♣, Q♣.",2026-09-08T21:56:26.490Z,178890458649000
"-- ending hand #391 --",2026-09-08T21:56:25.970Z,178890458597002
"""Mr Bink @ IRFSw7AJ_c"" collected 72.00 from pot",2026-09-08T21:56:25.970Z,178890458597001
"Uncalled bet of 36.00 returned to ""Mr Bink @ IRFSw7AJ_c""",2026-09-08T21:56:25.970Z,178890458597000
"""1bulletonly @ xZS3GKnBtu"" folds",2026-09-08T21:56:25.120Z,178890458512000
"""Mr Bink @ IRFSw7AJ_c"" bets 36.00",2026-09-08T21:56:10.895Z,178890457089500
"River: 4♥, 2♦, 5♥, K♠ [9♠]",2026-09-08T21:56:07.345Z,178890456734500
"""1bulletonly @ xZS3GKnBtu"" calls 18.00",2026-09-08T21:56:06.510Z,178890456651000
"""Mr Bink @ IRFSw7AJ_c"" bets 18.00",2026-09-08T21:56:02.483Z,178890456248300
"Turn: 4♥, 2♦, 5♥ [K♠]",2026-09-08T21:55:59.885Z,178890455988500
"""jahan 2 @ iacG4hF18c"" folds",2026-09-08T21:55:59.082Z,178890455908200
"""R Y A N @ GO72Iwd2XL"" folds",2026-09-08T21:55:56.180Z,178890455618000
"""1bulletonly @ xZS3GKnBtu"" calls 9.00",2026-09-08T21:55:55.263Z,178890455526300
"""Kobe @ DRSv3IR7B7"" folds",2026-09-08T21:55:52.754Z,178890455275400
"""Mr Bink @ IRFSw7AJ_c"" bets 9.00",2026-09-08T21:55:50.165Z,178890455016500
"""jahan 2 @ iacG4hF18c"" checks",2026-09-08T21:55:48.007Z,178890454800700
"""R Y A N @ GO72Iwd2XL"" checks",2026-09-08T21:55:46.433Z,178890454643300
"Flop:  [4♥, 2♦, 5♥]",2026-09-08T21:55:42.995Z,178890454299500
"""jahan 2 @ iacG4hF18c"" calls 3.50",2026-09-08T21:55:42.163Z,178890454216300
"""Heech @ wzsls5Sz57"" folds",2026-09-08T21:55:20.860Z,178890452086000
"""R Y A N @ GO72Iwd2XL"" calls 3.50",2026-09-08T21:55:18.537Z,178890451853700
"""1bulletonly @ xZS3GKnBtu"" calls 3.50",2026-09-08T21:55:17.604Z,178890451760400
"""Rayan @ nhXZL_Cydv"" folds",2026-09-08T21:55:16.711Z,178890451671100
"""Kobe @ DRSv3IR7B7"" calls 3.50",2026-09-08T21:55:15.311Z,178890451531100
"""Mr Bink @ IRFSw7AJ_c"" raises to 3.50",2026-09-08T21:55:11.248Z,178890451124800
"""jahan 2 @ iacG4hF18c"" calls 0.50",2026-09-08T21:55:08.411Z,178890450841100
"""Heech @ wzsls5Sz57"" posts a big blind of 0.50",2026-09-08T21:55:05.839Z,178890450583912
"""R Y A N @ GO72Iwd2XL"" posts a small blind of 0.25",2026-09-08T21:55:05.839Z,178890450583911
"Player stacks: #2 ""Heech @ wzsls5Sz57"" (63.92) | #3 ""jahan 2 @ iacG4hF18c"" (448.75) | #4 ""Mr Bink @ IRFSw7AJ_c"" (174.11) | #5 ""Kobe @ DRSv3IR7B7"" (212.44) | #8 ""Rayan @ nhXZL_Cydv"" (149.38) | #9 ""1bulletonly @ xZS3GKnBtu"" (240.45) | #10 ""R Y A N @ GO72Iwd2XL"" (54.00)",2026-09-08T21:55:05.839Z,178890450583903
"-- starting hand #391 (id: rackrzfzirvt)  No Limit Texas Hold'em (dealer: ""1bulletonly @ xZS3GKnBtu"") --",2026-09-08T21:55:05.839Z,178890450583902
"The player ""rowan @ GthBpPSqaK"" stand up with the stack of 300.11.",2026-09-08T21:55:05.839Z,178890450583901
"Game Config Changes
* Game Type Cyling: off » off
* Double Board: off » off
* Simulated Fee: off » off
* Simulated Fee Percentage: off » null
* Simulated Fee Max Value: none » none
* Bomb Pot: on » off
* Bomb Pot Probability: 5% » off
* Bomb Pot BB Quantity: 2 » off
* 7-2 bounty: 100 » off",2026-09-08T21:55:05.839Z,178890450583900
"-- ending hand #390 --",2026-09-08T21:54:59.920Z,178890449992002
"""R Y A N @ GO72Iwd2XL"" collected 6.00 from pot",2026-09-08T21:54:59.920Z,178890449992001
"Uncalled bet of 3.00 returned to ""R Y A N @ GO72Iwd2XL""",2026-09-08T21:54:59.920Z,178890449992000
"""Heech @ wzsls5Sz57"" folds",2026-09-08T21:54:59.116Z,178890449911600
"""R Y A N @ GO72Iwd2XL"" bets 3.00",2026-09-08T21:54:58.254Z,178890449825400
"""1bulletonly @ xZS3GKnBtu"" folds",2026-09-08T21:54:54.351Z,178890449435100
"Flop:  [K♠, 2♦, J♠]",2026-09-08T21:54:52.900Z,178890449290000
"""1bulletonly @ xZS3GKnBtu"" calls 2.00",2026-09-08T21:54:52.067Z,178890449206700
"""Heech @ wzsls5Sz57"" calls 2.00",2026-09-08T21:54:50.172Z,178890449017200
"The player ""rowan @ GthBpPSqaK"" passed the room ownership to ""jahan 2 @ iacG4hF18c"".",2026-09-08T21:54:49.058Z,178890448905800
"""R Y A N @ GO72Iwd2XL"" raises to 2.00",2026-09-08T21:54:47.417Z,178890448741700
"""1bulletonly @ xZS3GKnBtu"" calls 0.50",2026-09-08T21:54:44.633Z,178890448463300
"""Rayan @ nhXZL_Cydv"" folds",2026-09-08T21:54:41.249Z,178890448124900
"""Kobe @ DRSv3IR7B7"" folds",2026-09-08T21:54:40.378Z,178890448037800
"""Mr Bink @ IRFSw7AJ_c"" folds",2026-09-08T21:54:38.549Z,178890447854900
"""jahan 2 @ iacG4hF18c"" folds",2026-09-08T21:54:37.657Z,178890447765700
"""Heech @ wzsls5Sz57"" calls 0.50",2026-09-08T21:54:31.405Z,178890447140500
"""rowan @ GthBpPSqaK"" folds",2026-09-08T21:54:16.085Z,178890445608500
"""R Y A N @ GO72Iwd2XL"" posts a big blind of 0.50",2026-09-08T21:54:12.889Z,178890445288911
"""1bulletonly @ xZS3GKnBtu"" posts a small blind of 0.25",2026-09-08T21:54:12.889Z,178890445288910
"Player stacks: #1 ""rowan @ GthBpPSqaK"" (300.11) | #2 ""Heech @ wzsls5Sz57"" (65.92) | #3 ""jahan 2 @ iacG4hF18c"" (448.75) | #4 ""Mr Bink @ IRFSw7AJ_c"" (174.11) | #5 ""Kobe @ DRSv3IR7B7"" (212.44) | #8 ""Rayan @ nhXZL_Cydv"" (149.38) | #9 ""1bulletonly @ xZS3GKnBtu"" (242.45) | #10 ""R Y A N @ GO72Iwd2XL"" (50.00)",2026-09-08T21:54:12.889Z,178890445288901
"-- starting hand #390 (id: ikq4pwfkxbst)  No Limit Texas Hold'em (dealer: ""Rayan @ nhXZL_Cydv"") --",2026-09-08T21:54:12.889Z,178890445288900
"""rowan @ GthBpPSqaK"" shows a A♣, Q♠.",2026-09-08T21:54:08.084Z,178890444808400
"-- ending hand #389 --",2026-09-08T21:54:06.360Z,178890444636004
"""Heech @ wzsls5Sz57"" collected 8.00 from pot with Two Pair, 10's & 5's (combination: K♦, 5♠, 5♣, 10♠, 10♦)",2026-09-08T21:54:06.360Z,178890444636003
"""Heech @ wzsls5Sz57"" shows a J♠, 10♠.",2026-09-08T21:54:06.360Z,178890444636002
"""1bulletonly @ xZS3GKnBtu"" shows a 2♥, 2♠.",2026-09-08T21:54:06.360Z,178890444636001
"""Rayan @ nhXZL_Cydv"" shows a A♠, Q♦.",2026-09-08T21:54:06.360Z,178890444636000
"""Heech @ wzsls5Sz57"" checks",2026-09-08T21:54:05.513Z,178890444551300
"""rowan @ GthBpPSqaK"" checks",2026-09-08T21:54:04.330Z,178890444433000
"""1bulletonly @ xZS3GKnBtu"" checks",2026-09-08T21:54:03.439Z,178890444343900
"""Rayan @ nhXZL_Cydv"" checks",2026-09-08T21:54:02.299Z,178890444229900
"River: 6♥, K♦, 5♠, 5♣ [10♦]",2026-09-08T21:53:57.850Z,178890443785000
"""Heech @ wzsls5Sz57"" checks",2026-09-08T21:53:56.989Z,178890443698900
"""rowan @ GthBpPSqaK"" checks",2026-09-08T21:53:55.746Z,178890443574600
"""1bulletonly @ xZS3GKnBtu"" checks",2026-09-08T21:53:54.797Z,178890443479700
"""Rayan @ nhXZL_Cydv"" checks",2026-09-08T21:53:52.772Z,178890443277200
"Turn: 6♥, K♦, 5♠ [5♣]",2026-09-08T21:53:50.155Z,178890443015500
"""Heech @ wzsls5Sz57"" checks",2026-09-08T21:53:49.292Z,178890442929200
"""rowan @ GthBpPSqaK"" checks",2026-09-08T21:53:47.933Z,178890442793300
"""1bulletonly @ xZS3GKnBtu"" checks",2026-09-08T21:53:47.020Z,178890442702000
"""Rayan @ nhXZL_Cydv"" checks",2026-09-08T21:53:46.014Z,178890442601400
"Flop:  [6♥, K♦, 5♠]",2026-09-08T21:53:44.405Z,178890442440500
"""1bulletonly @ xZS3GKnBtu"" calls 2.00",2026-09-08T21:53:43.598Z,178890442359800
"""Rayan @ nhXZL_Cydv"" calls 2.00",2026-09-08T21:53:42.737Z,178890442273700
"""Kobe @ DRSv3IR7B7"" folds",2026-09-08T21:53:38.416Z,178890441841600
"""Mr Bink @ IRFSw7AJ_c"" folds",2026-09-08T21:53:37.343Z,178890441734300
"""jahan 2 @ iacG4hF18c"" folds",2026-09-08T21:53:36.400Z,178890441640000
"""Heech @ wzsls5Sz57"" calls 2.00",2026-09-08T21:53:33.495Z,178890441349500
"""rowan @ GthBpPSqaK"" raises to 2.00",2026-09-08T21:53:28.680Z,178890440868000
"""R Y A N @ GO72Iwd2XL"" folds",2026-09-08T21:53:25.985Z,178890440598500
"""1bulletonly @ xZS3GKnBtu"" posts a big blind of 0.50",2026-09-08T21:53:24.077Z,178890440407712
"""Rayan @ nhXZL_Cydv"" posts a small blind of 0.25",2026-09-08T21:53:24.077Z,178890440407711
"Player stacks: #1 ""rowan @ GthBpPSqaK"" (302.11) | #2 ""Heech @ wzsls5Sz57"" (59.92) | #3 ""jahan 2 @ iacG4hF18c"" (448.75) | #4 ""Mr Bink @ IRFSw7AJ_c"" (174.11) | #5 ""Kobe @ DRSv3IR7B7"" (212.44) | #8 ""Rayan @ nhXZL_Cydv"" (151.38) | #9 ""1bulletonly @ xZS3GKnBtu"" (244.45) | #10 ""R Y A N @ GO72Iwd2XL"" (50.00)",2026-09-08T21:53:24.077Z,178890440407702
"-- starting hand #389 (id: iucep9vqg03j)  No Limit Texas Hold'em (dealer: ""Kobe @ DRSv3IR7B7"") --",2026-09-08T21:53:24.077Z,178890440407701
"The player ""R Y A N @ GO72Iwd2XL"" joined the game with a stack of 50.00.",2026-09-08T21:53:24.077Z,178890440407700
"""jahan 2 @ iacG4hF18c"" shows a 5♠, A♥.",2026-09-08T21:53:21.279Z,178890440127900
"""Mr Bink @ IRFSw7AJ_c"" shows a 3♠, 7♠.",2026-09-08T21:53:20.261Z,178890440026100
"-- ending hand #388 --",2026-09-08T21:53:19.723Z,178890439972301
"""jahan 2 @ iacG4hF18c"" collected 11.49 from pot",2026-09-08T21:53:19.723Z,178890439972300
"""1bulletonly @ xZS3GKnBtu"" folds",2026-09-08T21:53:18.843Z,178890439884300
"River: 3♥, 3♦, 2♦, 4♥ [9♣]",2026-09-08T21:53:16.520Z,178890439652000
"""1bulletonly @ xZS3GKnBtu"" calls 3.12",2026-09-08T21:53:15.675Z,178890439567500
"""jahan 2 @ iacG4hF18c"" bets 3.12",2026-09-08T21:53:14.824Z,178890439482400
"""1bulletonly @ xZS3GKnBtu"" checks",2026-09-08T21:53:09.910Z,178890438991000
"Turn: 3♥, 3♦, 2♦ [4♥]",2026-09-08T21:53:08.305Z,178890438830500
"""Rayan @ nhXZL_Cydv"" folds",2026-09-08T21:53:07.452Z,178890438745200
"""jahan 2 @ iacG4hF18c"" calls 1.75",2026-09-08T21:53:06.254Z,178890438625400
"""1bulletonly @ xZS3GKnBtu"" bets 1.75",2026-09-08T21:53:04.090Z,178890438409000
"The admin approved the player ""R Y A N @ GO72Iwd2XL"" participation with a stack of 50.00.",2026-09-08T21:53:03.572Z,178890438357200
"The player ""R Y A N @ GO72Iwd2XL"" requested a seat.",2026-09-08T21:53:01.368Z,178890438136800
"""Rayan @ nhXZL_Cydv"" checks",2026-09-08T21:53:01.294Z,178890438129400
"Flop:  [3♥, 3♦, 2♦]",2026-09-08T21:52:59.399Z,178890437939900
"""Rayan @ nhXZL_Cydv"" checks",2026-09-08T21:52:58.574Z,178890437857400
"""Kobe @ DRSv3IR7B7"" folds",2026-09-08T21:52:57.118Z,178890437711800
"""Mr Bink @ IRFSw7AJ_c"" folds",2026-09-08T21:52:55.655Z,178890437565500
"""jahan 2 @ iacG4hF18c"" calls 0.50",2026-09-08T21:52:54.727Z,178890437472700
"""Heech @ wzsls5Sz57"" folds",2026-09-08T21:52:50.435Z,178890437043500
"""rowan @ GthBpPSqaK"" folds",2026-09-08T21:52:49.504Z,178890436950400
"""1bulletonly @ xZS3GKnBtu"" calls 0.50",2026-09-08T21:52:48.645Z,178890436864500
"""Rayan @ nhXZL_Cydv"" posts a big blind of 0.50",2026-09-08T21:52:47.391Z,178890436739110
"""Kobe @ DRSv3IR7B7"" posts a small blind of 0.25",2026-09-08T21:52:47.391Z,178890436739109
"Player stacks: #1 ""rowan @ GthBpPSqaK"" (302.11) | #2 ""Heech @ wzsls5Sz57"" (59.92) | #3 ""jahan 2 @ iacG4hF18c"" (442.63) | #4 ""Mr Bink @ IRFSw7AJ_c"" (174.11) | #5 ""Kobe @ DRSv3IR7B7"" (212.69) | #8 ""Rayan @ nhXZL_Cydv"" (151.88) | #9 ""1bulletonly @ xZS3GKnBtu"" (249.82)",2026-09-08T21:52:47.391Z,178890436739101
"-- starting hand #388 (id: h3smxnmffpvq)  No Limit Texas Hold'em (dealer: ""Mr Bink @ IRFSw7AJ_c"") --",2026-09-08T21:52:47.391Z,178890436739100
"-- ending hand #387 --",2026-09-08T21:52:41.386Z,178890436138602
"""Mr Bink @ IRFSw7AJ_c"" collected 15.00 from pot",2026-09-08T21:52:41.386Z,178890436138601
"Uncalled bet of 7.50 returned to ""Mr Bink @ IRFSw7AJ_c""",2026-09-08T21:52:41.386Z,178890436138600
"""rowan @ GthBpPSqaK"" folds",2026-09-08T21:52:40.528Z,178890436052800
"""1bulletonly @ xZS3GKnBtu"" folds",2026-09-08T21:52:37.127Z,178890435712700
"""Mr Bink @ IRFSw7AJ_c"" bets 7.50",2026-09-08T21:52:35.550Z,178890435555000
"Flop:  [5♦, 6♦, K♠]",2026-09-08T21:52:32.379Z,178890435237900
"""jahan 2 @ iacG4hF18c"" folds",2026-09-08T21:52:31.506Z,178890435150600
"""rowan @ GthBpPSqaK"" calls 4.50",2026-09-08T21:52:21.206Z,178890434120600
"""1bulletonly @ xZS3GKnBtu"" calls 4.50",2026-09-08T21:52:16.373Z,178890433637300
"""Rayan @ nhXZL_Cydv"" folds",2026-09-08T21:52:15.535Z,178890433553500
"""Kobe @ DRSv3IR7B7"" folds",2026-09-08T21:52:12.988Z,178890433298800
"""Mr Bink @ IRFSw7AJ_c"" raises to 4.50",2026-09-08T21:52:11.912Z,178890433191200
"""jahan 2 @ iacG4hF18c"" calls 0.50",2026-09-08T21:52:06.512Z,178890432651200
"""Heech @ wzsls5Sz57"" folds",2026-09-08T21:52:04.372Z,178890432437200
"""rowan @ GthBpPSqaK"" calls 0.50",2026-09-08T21:52:03.410Z,178890432341000
"""1bulletonly @ xZS3GKnBtu"" calls 0.50",2026-09-08T21:52:02.391Z,178890432239100
"""Rayan @ nhXZL_Cydv"" calls 0.50",2026-09-08T21:51:58.549Z,178890431854900
"""Kobe @ DRSv3IR7B7"" posts a big blind of 0.50",2026-09-08T21:51:55.972Z,178890431597210
"""Mr Bink @ IRFSw7AJ_c"" posts a small blind of 0.25",2026-09-08T21:51:55.972Z,178890431597209
"Player stacks: #1 ""rowan @ GthBpPSqaK"" (306.61) | #2 ""Heech @ wzsls5Sz57"" (59.92) | #3 ""jahan 2 @ iacG4hF18c"" (443.13) | #4 ""Mr Bink @ IRFSw7AJ_c"" (163.61) | #5 ""Kobe @ DRSv3IR7B7"" (213.19) | #8 ""Rayan @ nhXZL_Cydv"" (152.38) | #9 ""1bulletonly @ xZS3GKnBtu"" (254.32)",2026-09-08T21:51:55.972Z,178890431597201
"-- starting hand #387 (id: daca7fvy2ngi)  No Limit Texas Hold'em (dealer: ""jahan 2 @ iacG4hF18c"") --",2026-09-08T21:51:55.972Z,178890431597200
"""1bulletonly @ xZS3GKnBtu"" shows a 6♣.",2026-09-08T21:51:51.222Z,178890431122200
"-- ending hand #386 --",2026-09-08T21:51:49.366Z,178890430936602
"""rowan @ GthBpPSqaK"" collected 3.25 from pot",2026-09-08T21:51:49.366Z,178890430936601
"Uncalled bet of 1.50 returned to ""rowan @ GthBpPSqaK""",2026-09-08T21:51:49.366Z,178890430936600
"""1bulletonly @ xZS3GKnBtu"" folds",2026-09-08T21:51:48.534Z,178890430853400
"""Rayan @ nhXZL_Cydv"" folds",2026-09-08T21:51:47.698Z,178890430769800
"""Mr Bink @ IRFSw7AJ_c"" folds",2026-09-08T21:51:46.776Z,178890430677600
"""rowan @ GthBpPSqaK"" raises to 2.00",2026-09-08T21:51:45.865Z,178890430586500
"""1bulletonly @ xZS3GKnBtu"" bets 0.50",2026-09-08T21:51:43.249Z,178890430324900
"""Rayan @ nhXZL_Cydv"" checks",2026-09-08T21:51:42.002Z,178890430200200
"""Mr Bink @ IRFSw7AJ_c"" checks",2026-09-08T21:51:40.799Z,178890430079900
"Flop:  [6♦, 9♦, 3♠]",2026-09-08T21:51:39.054Z,178890429905400
"""Mr Bink @ IRFSw7AJ_c"" checks",2026-09-08T21:51:38.239Z,178890429823900
"""jahan 2 @ iacG4hF18c"" folds",2026-09-08T21:51:37.332Z,178890429733200
"""Heech @ wzsls5Sz57"" folds",2026-09-08T21:51:20.928Z,178890428092800
"""rowan @ GthBpPSqaK"" calls 0.50",2026-09-08T21:51:18.640Z,178890427864000
"""1bulletonly @ xZS3GKnBtu"" calls 0.50",2026-09-08T21:51:17.114Z,178890427711400
"""Rayan @ nhXZL_Cydv"" calls 0.50",2026-09-08T21:51:15.680Z,178890427568000
"""Kobe @ DRSv3IR7B7"" folds",2026-09-08T21:51:14.051Z,178890427405100
"""Mr Bink @ IRFSw7AJ_c"" posts a big blind of 0.50",2026-09-08T21:51:13.002Z,178890427300210
"""jahan 2 @ iacG4hF18c"" posts a small blind of 0.25",2026-09-08T21:51:13.002Z,178890427300209
"Player stacks: #1 ""rowan @ GthBpPSqaK"" (304.36) | #2 ""Heech @ wzsls5Sz57"" (59.92) | #3 ""jahan 2 @ iacG4hF18c"" (443.38) | #4 ""Mr Bink @ IRFSw7AJ_c"" (164.11) | #5 ""Kobe @ DRSv3IR7B7"" (213.19) | #8 ""Rayan @ nhXZL_Cydv"" (152.88) | #9 ""1bulletonly @ xZS3GKnBtu"" (255.32)",2026-09-08T21:51:13.002Z,178890427300201
"-- starting hand #386 (id: wezu9mrumjg2)  No Limit Texas Hold'em (dealer: ""Heech @ wzsls5Sz57"") --",2026-09-08T21:51:13.002Z,178890427300200
"""rowan @ GthBpPSqaK"" shows a 10♥, 10♠.",2026-09-08T21:51:10.605Z,178890427060500
"""Heech @ wzsls5Sz57"" shows a 5♦, 5♠.",2026-09-08T21:51:09.416Z,178890426941600
"-- ending hand #385 --",2026-09-08T21:51:08.642Z,178890426864201
"""rowan @ GthBpPSqaK"" collected 5.50 from pot",2026-09-08T21:51:08.642Z,178890426864200
"""Heech @ wzsls5Sz57"" folds",2026-09-08T21:51:07.838Z,178890426783800
"River: 8♦, J♣, Q♥, 8♥ [J♦]",2026-09-08T21:51:02.824Z,178890426282400
"""rowan @ GthBpPSqaK"" checks",2026-09-08T21:51:01.924Z,178890426192400
"""Heech @ wzsls5Sz57"" checks",2026-09-08T21:51:00.904Z,178890426090400
"Turn: 8♦, J♣, Q♥ [8♥]",2026-09-08T21:50:58.620Z,178890425862000
"""rowan @ GthBpPSqaK"" checks",2026-09-08T21:50:57.793Z,178890425779300
"""Heech @ wzsls5Sz57"" checks",2026-09-08T21:50:56.950Z,178890425695000
"Flop:  [8♦, J♣, Q♥]",2026-09-08T21:50:54.672Z,178890425467200
"""jahan 2 @ iacG4hF18c"" folds",2026-09-08T21:50:53.850Z,178890425385000
"""Heech @ wzsls5Sz57"" calls 2.50",2026-09-08T21:50:52.988Z,178890425298800
"""rowan @ GthBpPSqaK"" raises to 2.50",2026-09-08T21:50:51.277Z,178890425127700
"""1bulletonly @ xZS3GKnBtu"" folds",2026-09-08T21:50:48.461Z,178890424846100
"""Rayan @ nhXZL_Cydv"" folds",2026-09-08T21:50:47.362Z,178890424736200
"""Kobe @ DRSv3IR7B7"" folds",2026-09-08T21:50:45.204Z,178890424520400
"""Mr Bink @ IRFSw7AJ_c"" folds",2026-09-08T21:50:44.333Z,178890424433300
"""jahan 2 @ iacG4hF18c"" posts a big blind of 0.50",2026-09-08T21:50:43.209Z,178890424320910
"""Heech @ wzsls5Sz57"" posts a small blind of 0.25",2026-09-08T21:50:43.209Z,178890424320909
"Player stacks: #1 ""rowan @ GthBpPSqaK"" (301.36) | #2 ""Heech @ wzsls5Sz57"" (62.42) | #3 ""jahan 2 @ iacG4hF18c"" (443.88) | #4 ""Mr Bink @ IRFSw7AJ_c"" (164.11) | #5 ""Kobe @ DRSv3IR7B7"" (213.19) | #8 ""Rayan @ nhXZL_Cydv"" (152.88) | #9 ""1bulletonly @ xZS3GKnBtu"" (255.32)",2026-09-08T21:50:43.209Z,178890424320901
"-- starting hand #385 (id: 7w5we7i1gh1i)  No Limit Texas Hold'em (dealer: ""rowan @ GthBpPSqaK"") --",2026-09-08T21:50:43.209Z,178890424320900
"""1bulletonly @ xZS3GKnBtu"" shows a A♥, Q♣.",2026-09-08T21:50:39.864Z,178890423986400
"""Mr Bink @ IRFSw7AJ_c"" shows a J♥, J♠.",2026-09-08T21:50:39.257Z,178890423925700
"-- ending hand #384 --",2026-09-08T21:50:38.859Z,178890423885902
"""1bulletonly @ xZS3GKnBtu"" collected 77.56 from pot",2026-09-08T21:50:38.859Z,178890423885901
"Uncalled bet of 38.78 returned to ""1bulletonly @ xZS3GKnBtu""",2026-09-08T21:50:38.859Z,178890423885900
"""Mr Bink @ IRFSw7AJ_c"" folds",2026-09-08T21:50:38.042Z,178890423804200
"""1bulletonly @ xZS3GKnBtu"" bets 38.78",2026-09-08T21:50:34.046Z,178890423404600
"""Mr Bink @ IRFSw7AJ_c"" checks",2026-09-08T21:50:28.634Z,178890422863400
"River: 7♠, 9♥, 8♥, 9♦ [K♣]",2026-09-08T21:50:27.199Z,178890422719900
"""Kobe @ DRSv3IR7B7"" folds",2026-09-08T21:50:26.340Z,178890422634000
"""Mr Bink @ IRFSw7AJ_c"" calls 14.00",2026-09-08T21:50:24.429Z,178890422442900
"""1bulletonly @ xZS3GKnBtu"" bets 14.00",2026-09-08T21:50:22.849Z,178890422284900
"""Kobe @ DRSv3IR7B7"" checks",2026-09-08T21:50:08.513Z,178890420851300
"""Mr Bink @ IRFSw7AJ_c"" checks",2026-09-08T21:50:05.688Z,178890420568800
"Turn: 7♠, 9♥, 8♥ [9♦]",2026-09-08T21:49:59.068Z,178890419906800
"""Kobe @ DRSv3IR7B7"" calls 9.51",2026-09-08T21:49:58.226Z,178890419822600
"""Mr Bink @ IRFSw7AJ_c"" calls 9.51",2026-09-08T21:49:54.667Z,178890419466700
"""1bulletonly @ xZS3GKnBtu"" bets 9.51",2026-09-08T21:49:53.310Z,178890419331000
"""Kobe @ DRSv3IR7B7"" checks",2026-09-08T21:49:49.455Z,178890418945500
"""Mr Bink @ IRFSw7AJ_c"" checks",2026-09-08T21:49:46.495Z,178890418649500
"Flop:  [7♠, 9♥, 8♥]",2026-09-08T21:49:44.918Z,178890418491800
"""Mr Bink @ IRFSw7AJ_c"" calls 6.76",2026-09-08T21:49:44.094Z,178890418409400
"""Heech @ wzsls5Sz57"" folds",2026-09-08T21:49:42.869Z,178890418286900
"""rowan @ GthBpPSqaK"" folds",2026-09-08T21:49:41.515Z,178890418151500
"""1bulletonly @ xZS3GKnBtu"" calls 6.76",2026-09-08T21:49:40.640Z,178890418064000
"""Rayan @ nhXZL_Cydv"" folds",2026-09-08T21:49:38.799Z,178890417879900
"""Kobe @ DRSv3IR7B7"" raises to 6.76",2026-09-08T21:49:37.674Z,178890417767400
"""Mr Bink @ IRFSw7AJ_c"" raises to 2.38",2026-09-08T21:49:28.138Z,178890416813800
"""jahan 2 @ iacG4hF18c"" folds",2026-09-08T21:49:24.091Z,178890416409100
"""Heech @ wzsls5Sz57"" posts a big blind of 0.50",2026-09-08T21:49:20.555Z,178890416055510
"""rowan @ GthBpPSqaK"" posts a small blind of 0.25",2026-09-08T21:49:20.555Z,178890416055509
"Player stacks: #1 ""rowan @ GthBpPSqaK"" (301.61) | #2 ""Heech @ wzsls5Sz57"" (62.92) | #3 ""jahan 2 @ iacG4hF18c"" (443.88) | #4 ""Mr Bink @ IRFSw7AJ_c"" (194.38) | #5 ""Kobe @ DRSv3IR7B7"" (229.46) | #8 ""Rayan @ nhXZL_Cydv"" (152.88) | #9 ""1bulletonly @ xZS3GKnBtu"" (208.03)",2026-09-08T21:49:20.555Z,178890416055501
"-- starting hand #384 (id: 6zkipieg8tbf)  No Limit Texas Hold'em (dealer: ""1bulletonly @ xZS3GKnBtu"") --",2026-09-08T21:49:20.555Z,178890416055500
"""Heech @ wzsls5Sz57"" shows a A♠, A♥.",2026-09-08T21:49:16.954Z,178890415695400
"""Mr Bink @ IRFSw7AJ_c"" shows a 6♣, 7♠.",2026-09-08T21:49:15.558Z,178890415555800
"-- ending hand #383 --",2026-09-08T21:49:13.239Z,178890415323902
"""Heech @ wzsls5Sz57"" collected 23.00 from pot",2026-09-08T21:49:13.239Z,178890415323901
"Uncalled bet of 39.92 returned to ""Heech @ wzsls5Sz57""",2026-09-08T21:49:13.239Z,178890415323900
"""1bulletonly @ xZS3GKnBtu"" folds",2026-09-08T21:49:12.351Z,178890415235100
"""Heech @ wzsls5Sz57"" bets 39.92 and go all in",2026-09-08T21:49:05.551Z,178890414555100
"""1bulletonly @ xZS3GKnBtu"" checks",2026-09-08T21:49:03.375Z,178890414337500
"Flop:  [4♣, Q♠, 9♠]",2026-09-08T21:48:59.868Z,178890413986800
"""1bulletonly @ xZS3GKnBtu"" calls 10.50",2026-09-08T21:48:59.036Z,178890413903600
"""Kobe @ DRSv3IR7B7"" folds",2026-09-08T21:48:56.915Z,178890413691500
"""Heech @ wzsls5Sz57"" raises to 10.50",2026-09-08T21:48:55.987Z,178890413598700
"""rowan @ GthBpPSqaK"" folds",2026-09-08T21:48:51.500Z,178890413150000
"""1bulletonly @ xZS3GKnBtu"" raises to 5.50",2026-09-08T21:48:50.628Z,178890413062800
"""Rayan @ nhXZL_Cydv"" folds",2026-09-08T21:48:47.302Z,178890412730200
"""Kobe @ DRSv3IR7B7"" raises to 1.50",2026-09-08T21:48:44.302Z,178890412430200
"""Mr Bink @ IRFSw7AJ_c"" folds",2026-09-08T21:48:41.533Z,178890412153300
"""jahan 2 @ iacG4hF18c"" folds",2026-09-08T21:48:40.680Z,178890412068000
"""Heech @ wzsls5Sz57"" calls 0.50",2026-09-08T21:48:32.479Z,178890411247900
"""rowan @ GthBpPSqaK"" posts a big blind of 0.50",2026-09-08T21:48:29.777Z,178890410977710
"""1bulletonly @ xZS3GKnBtu"" posts a small blind of 0.25",2026-09-08T21:48:29.777Z,178890410977709
"Player stacks: #1 ""rowan @ GthBpPSqaK"" (302.11) | #2 ""Heech @ wzsls5Sz57"" (50.42) | #3 ""jahan 2 @ iacG4hF18c"" (443.88) | #4 ""Mr Bink @ IRFSw7AJ_c"" (194.38) | #5 ""Kobe @ DRSv3IR7B7"" (230.96) | #8 ""Rayan @ nhXZL_Cydv"" (152.88) | #9 ""1bulletonly @ xZS3GKnBtu"" (218.53)",2026-09-08T21:48:29.777Z,178890410977701
"-- starting hand #383 (id: lub8wv3lntvc)  No Limit Texas Hold'em (dealer: ""Rayan @ nhXZL_Cydv"") --",2026-09-08T21:48:29.777Z,178890410977700
"""Mr Bink @ IRFSw7AJ_c"" shows a Q♣, 10♠.",2026-09-08T21:48:27.457Z,178890410745700
"-- ending hand #382 --",2026-09-08T21:48:23.177Z,178890410317703
"""Kobe @ DRSv3IR7B7"" collected 18.00 from pot with Two Pair, 7's & 6's (combination: A♥, 6♠, 6♦, 7♣, 7♥)",2026-09-08T21:48:23.177Z,178890410317702
"""Kobe @ DRSv3IR7B7"" shows a 6♠, 6♦.",2026-09-08T21:48:23.177Z,178890410317701
"""1bulletonly @ xZS3GKnBtu"" shows a 5♦, 3♠.",2026-09-08T21:48:23.177Z,178890410317700
"""Kobe @ DRSv3IR7B7"" calls 0.50",2026-09-08T21:48:22.371Z,178890410237100
"""1bulletonly @ xZS3GKnBtu"" bets 0.50",2026-09-08T21:48:19.371Z,178890409937100
"River: 3♥, 7♣, A♥, 7♥ [J♥]",2026-09-08T21:48:17.642Z,178890409764200
"""Kobe @ DRSv3IR7B7"" checks",2026-09-08T21:48:16.807Z,178890409680700
"""1bulletonly @ xZS3GKnBtu"" checks",2026-09-08T21:48:11.232Z,178890409123200
"Turn: 3♥, 7♣, A♥ [7♥]",2026-09-08T21:48:09.168Z,178890408916800
"""Mr Bink @ IRFSw7AJ_c"" folds",2026-09-08T21:48:08.276Z,178890408827600
"""rowan @ GthBpPSqaK"" folds",2026-09-08T21:48:07.398Z,178890408739800
"""1bulletonly @ xZS3GKnBtu"" calls 3.50",2026-09-08T21:48:06.481Z,178890408648100
"""Rayan @ nhXZL_Cydv"" folds",2026-09-08T21:48:05.007Z,178890408500700
"""Kobe @ DRSv3IR7B7"" bets 3.50",2026-09-08T21:48:03.931Z,178890408393100
"""Mr Bink @ IRFSw7AJ_c"" checks",2026-09-08T21:47:57.523Z,178890407752300
"""rowan @ GthBpPSqaK"" checks",2026-09-08T21:47:54.452Z,178890407445200
"""1bulletonly @ xZS3GKnBtu"" checks",2026-09-08T21:47:50.506Z,178890407050600
"""Rayan @ nhXZL_Cydv"" checks",2026-09-08T21:47:49.165Z,178890406916500
"Flop:  [3♥, 7♣, A♥]",2026-09-08T21:47:47.489Z,178890406748900
"""1bulletonly @ xZS3GKnBtu"" calls 2.00",2026-09-08T21:47:46.678Z,178890406667800
"""Rayan @ nhXZL_Cydv"" calls 2.00",2026-09-08T21:47:45.748Z,178890406574800
"""Kobe @ DRSv3IR7B7"" calls 2.00",2026-09-08T21:47:42.443Z,178890406244300
"""Mr Bink @ IRFSw7AJ_c"" calls 2.00",2026-09-08T21:47:33.632Z,178890405363200
"""jahan 2 @ iacG4hF18c"" folds",2026-09-08T21:47:32.306Z,178890405230600
"""Heech @ wzsls5Sz57"" folds",2026-09-08T21:47:31.431Z,178890405143100
"""rowan @ GthBpPSqaK"" raises to 2.00",2026-09-08T21:47:30.182Z,178890405018200
"""1bulletonly @ xZS3GKnBtu"" posts a big blind of 0.50",2026-09-08T21:47:26.061Z,178890404606110
"""Rayan @ nhXZL_Cydv"" posts a small blind of 0.25",2026-09-08T21:47:26.061Z,178890404606109
"Player stacks: #1 ""rowan @ GthBpPSqaK"" (304.11) | #2 ""Heech @ wzsls5Sz57"" (50.42) | #3 ""jahan 2 @ iacG4hF18c"" (443.88) | #4 ""Mr Bink @ IRFSw7AJ_c"" (196.38) | #5 ""Kobe @ DRSv3IR7B7"" (218.96) | #8 ""Rayan @ nhXZL_Cydv"" (154.88) | #9 ""1bulletonly @ xZS3GKnBtu"" (224.53)",2026-09-08T21:47:26.061Z,178890404606101
"-- starting hand #382 (id: c9gtqmgp5wzh)  No Limit Texas Hold'em (dealer: ""Kobe @ DRSv3IR7B7"") --",2026-09-08T21:47:26.061Z,178890404606100
"""rowan @ GthBpPSqaK"" shows a 3♦.",2026-09-08T21:47:24.097Z,178890404409700
"""Heech @ wzsls5Sz57"" shows a Q♠, Q♣.",2026-09-08T21:47:20.244Z,178890404024400
"-- ending hand #381 --",2026-09-08T21:47:18.752Z,178890403875202
"""Heech @ wzsls5Sz57"" collected 7.00 from pot",2026-09-08T21:47:18.752Z,178890403875201
"Uncalled bet of 7.00 returned to ""Heech @ wzsls5Sz57""",2026-09-08T21:47:18.752Z,178890403875200
"""1bulletonly @ xZS3GKnBtu"" folds",2026-09-08T21:47:17.931Z,178890403793100
"""Rayan @ nhXZL_Cydv"" folds",2026-09-08T21:47:17.083Z,178890403708300
"""Kobe @ DRSv3IR7B7"" folds",2026-09-08T21:46:59.175Z,178890401917500
"""Mr Bink @ IRFSw7AJ_c"" folds",2026-09-08T21:46:57.574Z,178890401757400
"""jahan 2 @ iacG4hF18c"" folds",2026-09-08T21:46:56.170Z,178890401617000
"""Heech @ wzsls5Sz57"" bets 7.00",2026-09-08T21:46:42.283Z,178890400228300
"""rowan @ GthBpPSqaK"" folds",2026-09-08T21:46:39.897Z,178890399989700
"""1bulletonly @ xZS3GKnBtu"" checks",2026-09-08T21:46:38.987Z,178890399898700
"""Rayan @ nhXZL_Cydv"" checks",2026-09-08T21:46:38.109Z,178890399810900
"""Kobe @ DRSv3IR7B7"" checks",2026-09-08T21:46:37.044Z,178890399704400
"Flop (second board):  [6♦, 6♠, 9♣]",2026-09-08T21:46:31.047Z,178890399104701
"Flop:  [K♠, K♥, J♦]",2026-09-08T21:46:31.047Z,178890399104700
"""Rayan @ nhXZL_Cydv"" calls 1.00 (bomb pot bet)",2026-09-08T21:46:30.164Z,178890399016400
"""Kobe @ DRSv3IR7B7"" calls 1.00 (bomb pot bet)",2026-09-08T21:46:29.348Z,178890398934800
"""Mr Bink @ IRFSw7AJ_c"" calls 1.00 (bomb pot bet)",2026-09-08T21:46:28.480Z,178890398848000
"""jahan 2 @ iacG4hF18c"" calls 1.00 (bomb pot bet)",2026-09-08T21:46:27.643Z,178890398764300
"""Heech @ wzsls5Sz57"" calls 1.00 (bomb pot bet)",2026-09-08T21:46:26.839Z,178890398683900
"""rowan @ GthBpPSqaK"" calls 1.00 (bomb pot bet)",2026-09-08T21:46:26.026Z,178890398602600
"""1bulletonly @ xZS3GKnBtu"" posts a bet of 1.00 (bomb pot bet)",2026-09-08T21:46:25.163Z,178890398516300
"Player stacks: #1 ""rowan @ GthBpPSqaK"" (305.11) | #2 ""Heech @ wzsls5Sz57"" (44.42) | #3 ""jahan 2 @ iacG4hF18c"" (444.88) | #4 ""Mr Bink @ IRFSw7AJ_c"" (197.38) | #5 ""Kobe @ DRSv3IR7B7"" (219.96) | #8 ""Rayan @ nhXZL_Cydv"" (155.88) | #9 ""1bulletonly @ xZS3GKnBtu"" (225.53)",2026-09-08T21:46:23.120Z,178890398312001
"-- starting hand #381 (id: 5or8jssrtnve)  No Limit Texas Hold'em (dealer: ""Mr Bink @ IRFSw7AJ_c"") --",2026-09-08T21:46:23.120Z,178890398312000
"""Mr Bink @ IRFSw7AJ_c"" shows a 9♥, 10♥.",2026-09-08T21:46:19.342Z,178890397934200
"""Heech @ wzsls5Sz57"" shows a K♦, A♦.",2026-09-08T21:46:17.677Z,178890397767700
"""Rayan @ nhXZL_Cydv"" shows a 3♦, 2♣.",2026-09-08T21:46:16.354Z,178890397635400
"-- ending hand #380 --",2026-09-08T21:46:15.022Z,178890397502202
"""Mr Bink @ IRFSw7AJ_c"" collected 35.50 from pot",2026-09-08T21:46:15.022Z,178890397502201
"Uncalled bet of 26.62 returned to ""Mr Bink @ IRFSw7AJ_c""",2026-09-08T21:46:15.022Z,178890397502200
"""Heech @ wzsls5Sz57"" folds",2026-09-08T21:46:14.187Z,178890397418700
"""rowan @ GthBpPSqaK"" folds",2026-09-08T21:46:10.953Z,178890397095300
"""1bulletonly @ xZS3GKnBtu"" folds",2026-09-08T21:46:10.071Z,178890397007100
"""Mr Bink @ IRFSw7AJ_c"" bets 26.62",2026-09-08T21:46:08.448Z,178890396844800
"Turn: 4♥, 2♥, 3♣ [J♥]",2026-09-08T21:46:05.416Z,178890396541600
"""Heech @ wzsls5Sz57"" checks",2026-09-08T21:46:04.603Z,178890396460300
"""rowan @ GthBpPSqaK"" checks",2026-09-08T21:46:02.011Z,178890396201100
"""1bulletonly @ xZS3GKnBtu"" checks",2026-09-08T21:46:01.007Z,178890396100700
"""Mr Bink @ IRFSw7AJ_c"" checks",2026-09-08T21:45:57.250Z,178890395725000
"Flop:  [4♥, 2♥, 3♣]",2026-09-08T21:45:55.560Z,178890395556000
"""rowan @ GthBpPSqaK"" calls 8.75",2026-09-08T21:45:54.739Z,178890395473900
"""1bulletonly @ xZS3GKnBtu"" calls 8.75",2026-09-08T21:45:51.139Z,178890395113900
"""Kobe @ DRSv3IR7B7"" folds",2026-09-08T21:45:44.839Z,178890394483900
"""Mr Bink @ IRFSw7AJ_c"" calls 8.75",2026-09-08T21:45:43.874Z,178890394387400
"""jahan 2 @ iacG4hF18c"" folds",2026-09-08T21:45:42.578Z,178890394257800
"""Heech @ wzsls5Sz57"" raises to 8.75",2026-09-08T21:45:39.723Z,178890393972300
"""rowan @ GthBpPSqaK"" raises to 2.50",2026-09-08T21:45:36.064Z,178890393606400
"""1bulletonly @ xZS3GKnBtu"" calls 0.50",2026-09-08T21:45:32.904Z,178890393290400
"""Rayan @ nhXZL_Cydv"" folds",2026-09-08T21:45:27.034Z,178890392703400
"""Kobe @ DRSv3IR7B7"" posts a big blind of 0.50",2026-09-08T21:45:24.327Z,178890392432710
"""Mr Bink @ IRFSw7AJ_c"" posts a small blind of 0.25",2026-09-08T21:45:24.327Z,178890392432709
"Player stacks: #1 ""rowan @ GthBpPSqaK"" (313.86) | #2 ""Heech @ wzsls5Sz57"" (53.17) | #3 ""jahan 2 @ iacG4hF18c"" (444.88) | #4 ""Mr Bink @ IRFSw7AJ_c"" (170.63) | #5 ""Kobe @ DRSv3IR7B7"" (220.46) | #8 ""Rayan @ nhXZL_Cydv"" (155.88) | #9 ""1bulletonly @ xZS3GKnBtu"" (234.28)",2026-09-08T21:45:24.327Z,178890392432701
"-- starting hand #380 (id: o3h14heuzd4v)  No Limit Texas Hold'em (dealer: ""jahan 2 @ iacG4hF18c"") --",2026-09-08T21:45:24.327Z,178890392432700
"""Kobe @ DRSv3IR7B7"" shows a 4♥, 3♦.",2026-09-08T21:45:20.535Z,178890392053500
"-- ending hand #379 --",2026-09-08T21:45:17.665Z,178890391766502
"""Heech @ wzsls5Sz57"" collected 2.00 from pot",2026-09-08T21:45:17.665Z,178890391766501
"Uncalled bet of 2.00 returned to ""Heech @ wzsls5Sz57""",2026-09-08T21:45:17.665Z,178890391766500
"""Rayan @ nhXZL_Cydv"" folds",2026-09-08T21:45:16.832Z,178890391683200
"""Mr Bink @ IRFSw7AJ_c"" folds",2026-09-08T21:45:14.183Z,178890391418300
"""jahan 2 @ iacG4hF18c"" folds",2026-09-08T21:45:13.311Z,178890391331100
"""Heech @ wzsls5Sz57"" bets 2.00",2026-09-08T21:45:12.082Z,178890391208200
"""Rayan @ nhXZL_Cydv"" checks",2026-09-08T21:45:08.913Z,178890390891300
"""Mr Bink @ IRFSw7AJ_c"" checks",2026-09-08T21:45:04.550Z,178890390455000
"""jahan 2 @ iacG4hF18c"" checks",2026-09-08T21:45:01.356Z,178890390135600
"Flop:  [5♥, A♣, 4♦]",2026-09-08T21:44:57.305Z,178890389730500
"""Mr Bink @ IRFSw7AJ_c"" checks",2026-09-08T21:44:56.493Z,178890389649300
"""jahan 2 @ iacG4hF18c"" calls 0.50",2026-09-08T21:44:52.050Z,178890389205000
"""Heech @ wzsls5Sz57"" calls 0.50",2026-09-08T21:44:49.775Z,178890388977500
"""rowan @ GthBpPSqaK"" folds",2026-09-08T21:44:48.260Z,178890388826000
"""1bulletonly @ xZS3GKnBtu"" folds",2026-09-08T21:44:45.585Z,178890388558500
"""Rayan @ nhXZL_Cydv"" calls 0.50",2026-09-08T21:44:44.741Z,178890388474100
"""Kobe @ DRSv3IR7B7"" folds",2026-09-08T21:44:43.681Z,178890388368100
"""Mr Bink @ IRFSw7AJ_c"" posts a big blind of 0.50",2026-09-08T21:44:42.467Z,178890388246710
"""jahan 2 @ iacG4hF18c"" posts a small blind of 0.25",2026-09-08T21:44:42.467Z,178890388246709
"Player stacks: #1 ""rowan @ GthBpPSqaK"" (313.86) | #2 ""Heech @ wzsls5Sz57"" (51.67) | #3 ""jahan 2 @ iacG4hF18c"" (445.38) | #4 ""Mr Bink @ IRFSw7AJ_c"" (171.13) | #5 ""Kobe @ DRSv3IR7B7"" (220.46) | #8 ""Rayan @ nhXZL_Cydv"" (156.38) | #9 ""1bulletonly @ xZS3GKnBtu"" (234.28)",2026-09-08T21:44:42.467Z,178890388246701
"-- starting hand #379 (id: xsftbdcgjssm)  No Limit Texas Hold'em (dealer: ""Heech @ wzsls5Sz57"") --",2026-09-08T21:44:42.467Z,178890388246700
"""Mr Bink @ IRFSw7AJ_c"" shows a 10♦.",2026-09-08T21:44:39.415Z,178890387941500
"-- ending hand #378 --",2026-09-08T21:44:38.851Z,178890387885102
"""rowan @ GthBpPSqaK"" collected 9.49 from pot",2026-09-08T21:44:38.851Z,178890387885101
"Uncalled bet of 5.24 returned to ""rowan @ GthBpPSqaK""",2026-09-08T21:44:38.851Z,178890387885100
"""Mr Bink @ IRFSw7AJ_c"" folds",2026-09-08T21:44:38.011Z,178890387801100
"""rowan @ GthBpPSqaK"" bets 5.24",2026-09-08T21:44:37.106Z,178890387710600
"""Mr Bink @ IRFSw7AJ_c"" checks",2026-09-08T21:44:29.245Z,178890386924500
"River: Q♥, 4♦, 10♣, 5♠ [2♥]",2026-09-08T21:44:27.871Z,178890386787100
"""rowan @ GthBpPSqaK"" calls 2.37",2026-09-08T21:44:27.052Z,178890386705200
"""Mr Bink @ IRFSw7AJ_c"" bets 2.37",2026-09-08T21:44:25.691Z,178890386569100
"Turn: Q♥, 4♦, 10♣ [5♠]",2026-09-08T21:44:23.665Z,178890386366500
"""rowan @ GthBpPSqaK"" checks",2026-09-08T21:44:22.848Z,178890386284800
"""Mr Bink @ IRFSw7AJ_c"" checks",2026-09-08T21:44:21.590Z,178890386159000
"Flop:  [Q♥, 4♦, 10♣]",2026-09-08T21:44:19.995Z,178890385999500
"""jahan 2 @ iacG4hF18c"" folds",2026-09-08T21:44:19.174Z,178890385917400
"""Heech @ wzsls5Sz57"" folds",2026-09-08T21:44:17.543Z,178890385754300
"""rowan @ GthBpPSqaK"" calls 2.00",2026-09-08T21:44:13.827Z,178890385382700
"""1bulletonly @ xZS3GKnBtu"" folds",2026-09-08T21:44:12.015Z,178890385201500
"""Rayan @ nhXZL_Cydv"" folds",2026-09-08T21:44:11.111Z,178890385111100
"""Kobe @ DRSv3IR7B7"" folds",2026-09-08T21:44:09.098Z,178890384909800
"""Mr Bink @ IRFSw7AJ_c"" raises to 2.00",2026-09-08T21:44:08.141Z,178890384814100
"""jahan 2 @ iacG4hF18c"" posts a big blind of 0.50",2026-09-08T21:44:04.209Z,178890384420910
"""Heech @ wzsls5Sz57"" posts a small blind of 0.25",2026-09-08T21:44:04.209Z,178890384420909
"Player stacks: #1 ""rowan @ GthBpPSqaK"" (308.74) | #2 ""Heech @ wzsls5Sz57"" (51.92) | #3 ""jahan 2 @ iacG4hF18c"" (445.88) | #4 ""Mr Bink @ IRFSw7AJ_c"" (175.50) | #5 ""Kobe @ DRSv3IR7B7"" (220.46) | #8 ""Rayan @ nhXZL_Cydv"" (156.38) | #9 ""1bulletonly @ xZS3GKnBtu"" (234.28)",2026-09-08T21:44:04.209Z,178890384420901
"-- starting hand #378 (id: yk520tl3zcut)  No Limit Texas Hold'em (dealer: ""rowan @ GthBpPSqaK"") --",2026-09-08T21:44:04.209Z,178890384420900
"""rowan @ GthBpPSqaK"" shows a 6♦, 9♦.",2026-09-08T21:43:57.830Z,178890383783000
"-- ending hand #377 --",2026-09-08T21:43:55.689Z,178890383568902
"""Heech @ wzsls5Sz57"" collected 51.92 from pot with Flush, A High on the second board  (combination: 2♣, 4♣, 5♣, 9♣, A♣)",2026-09-08T21:43:55.689Z,178890383568901
"""Mr Bink @ IRFSw7AJ_c"" collected 51.92 from pot with Full House, J's over 5's (combination: 5♥, 5♠, J♣, J♦, J♠)",2026-09-08T21:43:55.689Z,178890383568900
"River (second board): 2♥, 9♣, 6♠, 4♣ [A♣]",2026-09-08T21:43:51.645Z,178890383164501
"River: J♠, 5♥, 2♦, 5♠ [6♣]",2026-09-08T21:43:51.645Z,178890383164500
"Turn (second board): 2♥, 9♣, 6♠ [4♣]",2026-09-08T21:43:47.641Z,178890382764101
"Turn: J♠, 5♥, 2♦ [5♠]",2026-09-08T21:43:47.641Z,178890382764100
"""Mr Bink @ IRFSw7AJ_c"" shows a J♣, J♦.",2026-09-08T21:43:43.629Z,178890382362902
"""Heech @ wzsls5Sz57"" shows a 2♣, 5♣.",2026-09-08T21:43:43.629Z,178890382362901
"Uncalled bet of 123.58 returned to ""Mr Bink @ IRFSw7AJ_c""",2026-09-08T21:43:43.629Z,178890382362900
"""jahan 2 @ iacG4hF18c"" folds",2026-09-08T21:43:42.784Z,178890382278400
"""Heech @ wzsls5Sz57"" calls 41.42 and go all in",2026-09-08T21:43:40.201Z,178890382020100
"""rowan @ GthBpPSqaK"" folds",2026-09-08T21:43:18.740Z,178890379874000
"""1bulletonly @ xZS3GKnBtu"" folds",2026-09-08T21:43:07.529Z,178890378752900
"""Rayan @ nhXZL_Cydv"" folds",2026-09-08T21:43:06.670Z,178890378667000
"""Kobe @ DRSv3IR7B7"" folds",2026-09-08T21:43:05.706Z,178890378570600
"""Mr Bink @ IRFSw7AJ_c"" raises to 165.00 and go all in",2026-09-08T21:43:04.733Z,178890378473300
"""jahan 2 @ iacG4hF18c"" calls 7.00",2026-09-08T21:43:02.197Z,178890378219700
"""Heech @ wzsls5Sz57"" calls 7.00",2026-09-08T21:42:49.483Z,178890376948300
"""rowan @ GthBpPSqaK"" bets 7.00",2026-09-08T21:42:47.959Z,178890376795900
"Flop (second board):  [2♥, 9♣, 6♠]",2026-09-08T21:42:43.436Z,178890376343601
"Flop:  [J♠, 5♥, 2♦]",2026-09-08T21:42:43.436Z,178890376343600
"""Heech @ wzsls5Sz57"" calls 1.00 (bomb pot bet)",2026-09-08T21:42:42.550Z,178890376255000
"""rowan @ GthBpPSqaK"" calls 1.00 (bomb pot bet)",2026-09-08T21:42:41.709Z,178890376170900
"""1bulletonly @ xZS3GKnBtu"" calls 1.00 (bomb pot bet)",2026-09-08T21:42:40.868Z,178890376086800
"""Rayan @ nhXZL_Cydv"" calls 1.00 (bomb pot bet)",2026-09-08T21:42:40.026Z,178890376002600
"""Kobe @ DRSv3IR7B7"" calls 1.00 (bomb pot bet)",2026-09-08T21:42:39.152Z,178890375915200
"""Mr Bink @ IRFSw7AJ_c"" calls 1.00 (bomb pot bet)",2026-09-08T21:42:38.299Z,178890375829900
"""jahan 2 @ iacG4hF18c"" posts a bet of 1.00 (bomb pot bet)",2026-09-08T21:42:37.468Z,178890375746800
"Player stacks: #1 ""rowan @ GthBpPSqaK"" (316.74) | #2 ""Heech @ wzsls5Sz57"" (42.42) | #3 ""jahan 2 @ iacG4hF18c"" (453.88) | #4 ""Mr Bink @ IRFSw7AJ_c"" (166.00) | #5 ""Kobe @ DRSv3IR7B7"" (221.46) | #8 ""Rayan @ nhXZL_Cydv"" (157.38) | #9 ""1bulletonly @ xZS3GKnBtu"" (235.28)",2026-09-08T21:42:35.429Z,178890375542901
"-- starting hand #377 (id: iz3lujcekewz)  No Limit Texas Hold'em (dealer: ""1bulletonly @ xZS3GKnBtu"") --",2026-09-08T21:42:35.429Z,178890375542900
"""Rayan @ nhXZL_Cydv"" shows a 3♣.",2026-09-08T21:42:29.378Z,178890374937800
"-- ending hand #376 --",2026-09-08T21:42:28.822Z,178890374882202
"""Kobe @ DRSv3IR7B7"" collected 10.00 from pot",2026-09-08T21:42:28.822Z,178890374882201
"Uncalled bet of 5.00 returned to ""Kobe @ DRSv3IR7B7""",2026-09-08T21:42:28.822Z,178890374882200
"""Rayan @ nhXZL_Cydv"" folds",2026-09-08T21:42:27.945Z,178890374794500
"""Kobe @ DRSv3IR7B7"" raises to 7.50",2026-09-08T21:42:26.842Z,178890374684200
"""1bulletonly @ xZS3GKnBtu"" folds",2026-09-08T21:42:19.846Z,178890373984600
"""Rayan @ nhXZL_Cydv"" bets 2.50",2026-09-08T21:42:18.992Z,178890373899200
"""Kobe @ DRSv3IR7B7"" checks",2026-09-08T21:42:12.402Z,178890373240200
"""1bulletonly @ xZS3GKnBtu"" checks",2026-09-08T21:42:10.043Z,178890373004300
"Flop:  [8♥, 10♥, 3♥]",2026-09-08T21:42:07.810Z,178890372781000
"""rowan @ GthBpPSqaK"" folds",2026-09-08T21:42:06.915Z,178890372691500
"""1bulletonly @ xZS3GKnBtu"" calls 1.50",2026-09-08T21:42:05.916Z,178890372591600
"""Rayan @ nhXZL_Cydv"" calls 1.50",2026-09-08T21:42:05.067Z,178890372506700
"""Kobe @ DRSv3IR7B7"" raises to 1.50",2026-09-08T21:42:03.181Z,178890372318100
"""Mr Bink @ IRFSw7AJ_c"" folds",2026-09-08T21:42:00.043Z,178890372004300
"""jahan 2 @ iacG4hF18c"" folds",2026-09-08T21:41:59.096Z,178890371909600
"""Heech @ wzsls5Sz57"" folds",2026-09-08T21:41:58.179Z,178890371817900
"""rowan @ GthBpPSqaK"" posts a big blind of 0.50",2026-09-08T21:41:56.967Z,178890371696710
"""1bulletonly @ xZS3GKnBtu"" posts a small blind of 0.25",2026-09-08T21:41:56.967Z,178890371696709
"Player stacks: #1 ""rowan @ GthBpPSqaK"" (317.24) | #2 ""Heech @ wzsls5Sz57"" (42.42) | #3 ""jahan 2 @ iacG4hF18c"" (453.88) | #4 ""Mr Bink @ IRFSw7AJ_c"" (166.00) | #5 ""Kobe @ DRSv3IR7B7"" (215.46) | #8 ""Rayan @ nhXZL_Cydv"" (161.38) | #9 ""1bulletonly @ xZS3GKnBtu"" (236.78)",2026-09-08T21:41:56.967Z,178890371696701
"-- starting hand #376 (id: 77w3gfrpjuej)  No Limit Texas Hold'em (dealer: ""Rayan @ nhXZL_Cydv"") --",2026-09-08T21:41:56.967Z,178890371696700
"-- ending hand #375 --",2026-09-08T21:41:53.968Z,178890371396801
"""Kobe @ DRSv3IR7B7"" collected 28.49 from pot",2026-09-08T21:41:53.968Z,178890371396800
"""1bulletonly @ xZS3GKnBtu"" folds",2026-09-08T21:41:53.095Z,178890371309500
"River: 5♦, 7♠, A♣, 2♥ [9♠]",2026-09-08T21:41:51.820Z,178890371182000
"""1bulletonly @ xZS3GKnBtu"" calls 7.12",2026-09-08T21:41:50.991Z,178890371099100
"""Kobe @ DRSv3IR7B7"" bets 7.12",2026-09-08T21:41:49.964Z,178890370996400
"""1bulletonly @ xZS3GKnBtu"" checks",2026-09-08T21:41:44.704Z,178890370470400
"Turn: 5♦, 7♠, A♣ [2♥]",2026-09-08T21:41:43.159Z,178890370315900
"""Mr Bink @ IRFSw7AJ_c"" folds",2026-09-08T21:41:42.273Z,178890370227300
"""Heech @ wzsls5Sz57"" folds",2026-09-08T21:41:41.408Z,178890370140800
"""1bulletonly @ xZS3GKnBtu"" calls 3.00",2026-09-08T21:41:40.236Z,178890370023600
"""Kobe @ DRSv3IR7B7"" bets 3.00",2026-09-08T21:41:39.266Z,178890369926600
"""Mr Bink @ IRFSw7AJ_c"" checks",2026-09-08T21:41:31.981Z,178890369198100
"""Heech @ wzsls5Sz57"" checks",2026-09-08T21:41:29.600Z,178890368960000
"""1bulletonly @ xZS3GKnBtu"" checks",2026-09-08T21:41:27.839Z,178890368783900
"Flop:  [5♦, 7♠, A♣]",2026-09-08T21:41:25.550Z,178890368555000
"""Heech @ wzsls5Sz57"" calls 2.00",2026-09-08T21:41:24.689Z,178890368468900
"""1bulletonly @ xZS3GKnBtu"" calls 2.00",2026-09-08T21:41:22.462Z,178890368246200
"""Rayan @ nhXZL_Cydv"" folds",2026-09-08T21:41:21.360Z,178890368136000
"""Kobe @ DRSv3IR7B7"" calls 2.00",2026-09-08T21:41:19.827Z,178890367982700
"""Mr Bink @ IRFSw7AJ_c"" raises to 2.00",2026-09-08T21:41:15.024Z,178890367502400
"""jahan 2 @ iacG4hF18c"" folds",2026-09-08T21:41:11.551Z,178890367155100
"""Heech @ wzsls5Sz57"" calls 0.50",2026-09-08T21:41:05.953Z,178890366595300
"""rowan @ GthBpPSqaK"" folds",2026-09-08T21:41:03.741Z,178890366374100
"""1bulletonly @ xZS3GKnBtu"" posts a big blind of 0.50",2026-09-08T21:41:02.421Z,178890366242111
"""Rayan @ nhXZL_Cydv"" posts a small blind of 0.25",2026-09-08T21:41:02.421Z,178890366242110
"Player stacks: #1 ""rowan @ GthBpPSqaK"" (317.24) | #2 ""Heech @ wzsls5Sz57"" (44.42) | #3 ""jahan 2 @ iacG4hF18c"" (453.88) | #4 ""Mr Bink @ IRFSw7AJ_c"" (168.00) | #5 ""Kobe @ DRSv3IR7B7"" (199.09) | #8 ""Rayan @ nhXZL_Cydv"" (161.63) | #9 ""1bulletonly @ xZS3GKnBtu"" (248.90)",2026-09-08T21:41:02.421Z,178890366242102
"-- starting hand #375 (id: a5ltsbshcvmr)  No Limit Texas Hold'em (dealer: ""Kobe @ DRSv3IR7B7"") --",2026-09-08T21:41:02.421Z,178890366242101
"The player ""R Y A N @ GO72Iwd2XL"" quits the game with a stack of 0.00.",2026-09-08T21:41:02.421Z,178890366242100
"Asking to busted players the rebuy decision.",2026-09-08T21:41:01.401Z,178890366140100
"-- ending hand #374 --",2026-09-08T21:40:55.366Z,178890365536601
"""Kobe @ DRSv3IR7B7"" collected 105.27 from pot with Straight, K High (combination: 9♦, 10♥, J♣, Q♣, K♦)",2026-09-08T21:40:55.366Z,178890365536600
"River: 3♥, 10♥, K♦, 9♦ [5♣]",2026-09-08T21:40:51.362Z,178890365136200
"""R Y A N @ GO72Iwd2XL"" shows a A♥, K♣.",2026-09-08T21:40:47.355Z,178890364735501
"""Kobe @ DRSv3IR7B7"" shows a Q♣, J♣.",2026-09-08T21:40:47.355Z,178890364735500
"Some players choose to not run it twice.",2026-09-08T21:40:46.495Z,178890364649501
"""R Y A N @ GO72Iwd2XL"" chooses to not run it twice.",2026-09-08T21:40:46.495Z,178890364649500
"""Kobe @ DRSv3IR7B7"" chooses to  run it twice.",2026-09-08T21:40:45.753Z,178890364575300
"Remaining players decide whether to run it twice.",2026-09-08T21:40:45.223Z,178890364522301
"""Kobe @ DRSv3IR7B7"" calls 44.01",2026-09-08T21:40:45.223Z,178890364522300
"""R Y A N @ GO72Iwd2XL"" raises to 44.01 and go all in",2026-09-08T21:40:42.742Z,178890364274200
"""Kobe @ DRSv3IR7B7"" raises to 37.87",2026-09-08T21:40:39.766Z,178890363976600
"""R Y A N @ GO72Iwd2XL"" bets 12.93",2026-09-08T21:40:17.399Z,178890361739900
"""Kobe @ DRSv3IR7B7"" checks",2026-09-08T21:40:14.226Z,178890361422600
"Turn: 3♥, 10♥, K♦ [9♦]",2026-09-08T21:40:11.755Z,178890361175500
"""Kobe @ DRSv3IR7B7"" calls 5.75",2026-09-08T21:40:10.917Z,178890361091700
"""R Y A N @ GO72Iwd2XL"" bets 5.75",2026-09-08T21:40:05.768Z,178890360576800
"""Kobe @ DRSv3IR7B7"" checks",2026-09-08T21:40:03.171Z,178890360317100
"Flop:  [3♥, 10♥, K♦]",2026-09-08T21:40:01.508Z,178890360150800
"""Rayan @ nhXZL_Cydv"" folds",2026-09-08T21:40:00.583Z,178890360058300
"""Kobe @ DRSv3IR7B7"" calls 2.50",2026-09-08T21:39:56.148Z,178890359614800
"""Mr Bink @ IRFSw7AJ_c"" folds",2026-09-08T21:39:53.606Z,178890359360600
"""jahan 2 @ iacG4hF18c"" folds",2026-09-08T21:39:52.733Z,178890359273300
"""Heech @ wzsls5Sz57"" folds",2026-09-08T21:39:51.865Z,178890359186500
"""rowan @ GthBpPSqaK"" folds",2026-09-08T21:39:50.909Z,178890359090900
"""R Y A N @ GO72Iwd2XL"" raises to 2.50",2026-09-08T21:39:50.030Z,178890359003000
"""1bulletonly @ xZS3GKnBtu"" folds",2026-09-08T21:39:47.197Z,178890358719700
"""Rayan @ nhXZL_Cydv"" posts a missing small blind of 0.25",2026-09-08T21:39:46.278Z,178890358627813
"""Rayan @ nhXZL_Cydv"" posts a big blind of 0.50",2026-09-08T21:39:46.278Z,178890358627812
"""Kobe @ DRSv3IR7B7"" posts a small blind of 0.25",2026-09-08T21:39:46.278Z,178890358627811
"Player stacks: #1 ""rowan @ GthBpPSqaK"" (317.24) | #2 ""Heech @ wzsls5Sz57"" (44.42) | #3 ""jahan 2 @ iacG4hF18c"" (453.88) | #4 ""Mr Bink @ IRFSw7AJ_c"" (168.00) | #5 ""Kobe @ DRSv3IR7B7"" (146.08) | #8 ""Rayan @ nhXZL_Cydv"" (162.38) | #9 ""1bulletonly @ xZS3GKnBtu"" (248.90) | #10 ""R Y A N @ GO72Iwd2XL"" (52.26)",2026-09-08T21:39:46.278Z,178890358627802
"-- starting hand #374 (id: kduvdeejiqiy)  No Limit Texas Hold'em (dealer: ""Mr Bink @ IRFSw7AJ_c"") --",2026-09-08T21:39:46.278Z,178890358627801
"The player ""Rayan @ nhXZL_Cydv"" joined the game with a stack of 162.38.",2026-09-08T21:39:46.278Z,178890358627800
"""jahan 2 @ iacG4hF18c"" shows a 4♦, 4♣.",2026-09-08T21:39:43.884Z,178890358388400
"-- ending hand #373 --",2026-09-08T21:39:42.656Z,178890358265601
"""jahan 2 @ iacG4hF18c"" collected 5.61 from pot",2026-09-08T21:39:42.656Z,178890358265600
"""1bulletonly @ xZS3GKnBtu"" folds",2026-09-08T21:39:41.793Z,178890358179300
"River: J♣, J♥, 10♣, 3♦ [9♥]",2026-09-08T21:39:40.246Z,178890358024600
"""1bulletonly @ xZS3GKnBtu"" calls 1.68",2026-09-08T21:39:39.395Z,178890357939500
"The player ""Rayan @ nhXZL_Cydv"" sit back with the stack of 162.38.",2026-09-08T21:39:39.249Z,178890357924900
"""Kobe @ DRSv3IR7B7"" folds",2026-09-08T21:39:36.997Z,178890357699700
"""jahan 2 @ iacG4hF18c"" bets 1.68",2026-09-08T21:39:35.657Z,178890357565700
"""Heech @ wzsls5Sz57"" folds",2026-09-08T21:39:30.288Z,178890357028800
"""1bulletonly @ xZS3GKnBtu"" checks",2026-09-08T21:39:29.384Z,178890356938400
"""Kobe @ DRSv3IR7B7"" checks",2026-09-08T21:39:24.775Z,178890356477500
"Turn: J♣, J♥, 10♣ [3♦]",2026-09-08T21:39:23.496Z,178890356349600
"""jahan 2 @ iacG4hF18c"" checks",2026-09-08T21:39:22.668Z,178890356266800
"""Heech @ wzsls5Sz57"" checks",2026-09-08T21:39:20.575Z,178890356057500
"""1bulletonly @ xZS3GKnBtu"" checks",2026-09-08T21:39:19.392Z,178890355939200
"""Kobe @ DRSv3IR7B7"" checks",2026-09-08T21:39:18.280Z,178890355828000
"Flop:  [J♣, J♥, 10♣]",2026-09-08T21:39:16.853Z,178890355685300
"""Kobe @ DRSv3IR7B7"" checks",2026-09-08T21:39:16.026Z,178890355602600
"""Mr Bink @ IRFSw7AJ_c"" folds",2026-09-08T21:39:14.519Z,178890355451900
"""jahan 2 @ iacG4hF18c"" calls 0.50",2026-09-08T21:39:13.652Z,178890355365200
"""Heech @ wzsls5Sz57"" calls 0.50",2026-09-08T21:39:12.106Z,178890355210600
"""rowan @ GthBpPSqaK"" folds",2026-09-08T21:39:10.056Z,178890355005600
"""R Y A N @ GO72Iwd2XL"" folds",2026-09-08T21:39:09.185Z,178890354918500
"""1bulletonly @ xZS3GKnBtu"" calls 0.50",2026-09-08T21:39:08.258Z,178890354825800
"""Kobe @ DRSv3IR7B7"" posts a big blind of 0.50",2026-09-08T21:39:07.211Z,178890354721110
"""Mr Bink @ IRFSw7AJ_c"" posts a small blind of 0.25",2026-09-08T21:39:07.211Z,178890354721109
"Player stacks: #1 ""rowan @ GthBpPSqaK"" (317.24) | #2 ""Heech @ wzsls5Sz57"" (44.92) | #3 ""jahan 2 @ iacG4hF18c"" (450.45) | #4 ""Mr Bink @ IRFSw7AJ_c"" (168.25) | #5 ""Kobe @ DRSv3IR7B7"" (146.58) | #9 ""1bulletonly @ xZS3GKnBtu"" (251.08) | #10 ""R Y A N @ GO72Iwd2XL"" (52.26)",2026-09-08T21:39:07.211Z,178890354721101
"-- starting hand #373 (id: ll9kb94h88do)  No Limit Texas Hold'em (dealer: ""jahan 2 @ iacG4hF18c"") --",2026-09-08T21:39:07.211Z,178890354721100
"-- ending hand #372 --",2026-09-08T21:39:04.215Z,178890354421502
"""1bulletonly @ xZS3GKnBtu"" collected 48.49 from pot",2026-09-08T21:39:04.215Z,178890354421501
"Uncalled bet of 24.24 returned to ""1bulletonly @ xZS3GKnBtu""",2026-09-08T21:39:04.215Z,178890354421500
"""R Y A N @ GO72Iwd2XL"" folds",2026-09-08T21:39:03.323Z,178890354332300
"""1bulletonly @ xZS3GKnBtu"" bets 24.24",2026-09-08T21:38:42.662Z,178890352266200
"River: 8♦, 7♠, 2♦, 3♣ [2♠]",2026-09-08T21:38:33.147Z,178890351314700
"""1bulletonly @ xZS3GKnBtu"" calls 12.62",2026-09-08T21:38:32.308Z,178890351230800
"""R Y A N @ GO72Iwd2XL"" bets 12.62",2026-09-08T21:38:25.940Z,178890350594000
"""1bulletonly @ xZS3GKnBtu"" checks",2026-09-08T21:38:22.374Z,178890350237400
"Turn: 8♦, 7♠, 2♦ [3♣]",2026-09-08T21:38:20.544Z,178890350054400
"""1bulletonly @ xZS3GKnBtu"" calls 7.75",2026-09-08T21:38:19.687Z,178890349968700
"""Kobe @ DRSv3IR7B7"" folds",2026-09-08T21:38:05.586Z,178890348558600
"""Mr Bink @ IRFSw7AJ_c"" folds",2026-09-08T21:38:04.291Z,178890348429100
"""Heech @ wzsls5Sz57"" folds",2026-09-08T21:38:03.405Z,178890348340500
"""R Y A N @ GO72Iwd2XL"" bets 7.75",2026-09-08T21:38:01.940Z,178890348194000
"""1bulletonly @ xZS3GKnBtu"" checks",2026-09-08T21:37:59.893Z,178890347989300
"""Kobe @ DRSv3IR7B7"" checks",2026-09-08T21:37:58.441Z,178890347844100
"""Mr Bink @ IRFSw7AJ_c"" checks",2026-09-08T21:37:55.343Z,178890347534300
"Flop:  [8♦, 7♠, 2♦]",2026-09-08T21:37:53.932Z,178890347393200
"""Mr Bink @ IRFSw7AJ_c"" calls 1.50",2026-09-08T21:37:53.075Z,178890347307500
"""jahan 2 @ iacG4hF18c"" folds",2026-09-08T21:37:52.105Z,178890347210500
"""Heech @ wzsls5Sz57"" calls 1.50",2026-09-08T21:37:51.180Z,178890347118000
"""rowan @ GthBpPSqaK"" folds",2026-09-08T21:37:50.324Z,178890347032400
"""R Y A N @ GO72Iwd2XL"" calls 1.50",2026-09-08T21:37:49.433Z,178890346943300
"""1bulletonly @ xZS3GKnBtu"" calls 1.50",2026-09-08T21:37:48.057Z,178890346805700
"""Kobe @ DRSv3IR7B7"" raises to 1.50",2026-09-08T21:37:46.452Z,178890346645200
"""Mr Bink @ IRFSw7AJ_c"" posts a big blind of 0.50",2026-09-08T21:37:44.261Z,178890346426110
"""jahan 2 @ iacG4hF18c"" posts a small blind of 0.25",2026-09-08T21:37:44.261Z,178890346426109
"Player stacks: #1 ""rowan @ GthBpPSqaK"" (317.24) | #2 ""Heech @ wzsls5Sz57"" (46.42) | #3 ""jahan 2 @ iacG4hF18c"" (450.70) | #4 ""Mr Bink @ IRFSw7AJ_c"" (169.75) | #5 ""Kobe @ DRSv3IR7B7"" (148.08) | #9 ""1bulletonly @ xZS3GKnBtu"" (224.46) | #10 ""R Y A N @ GO72Iwd2XL"" (74.13)",2026-09-08T21:37:44.261Z,178890346426101
"-- starting hand #372 (id: igikuz2m2mfs)  No Limit Texas Hold'em (dealer: ""Heech @ wzsls5Sz57"") --",2026-09-08T21:37:44.261Z,178890346426100
"""1bulletonly @ xZS3GKnBtu"" shows a A♠.",2026-09-08T21:37:39.835Z,178890345983500
"""rowan @ GthBpPSqaK"" shows a 7♠.",2026-09-08T21:37:39.808Z,178890345980800
"-- ending hand #371 --",2026-09-08T21:37:37.248Z,178890345724802
"""jahan 2 @ iacG4hF18c"" collected 3.00 from pot with Two Pair, 6's & 2's (combination: K♥, 2♦, 2♠, 6♠, 6♣)",2026-09-08T21:37:37.248Z,178890345724801
"""jahan 2 @ iacG4hF18c"" shows a 2♦, 2♠.",2026-09-08T21:37:37.248Z,178890345724800
"""1bulletonly @ xZS3GKnBtu"" checks",2026-09-08T21:37:36.385Z,178890345638500
"""jahan 2 @ iacG4hF18c"" checks",2026-09-08T21:37:35.001Z,178890345500100
"""Heech @ wzsls5Sz57"" folds",2026-09-08T21:37:34.086Z,178890345408600
"River: 8♠, K♥, 6♠, 7♥ [6♣]",2026-09-08T21:37:31.244Z,178890345124400
"""jahan 2 @ iacG4hF18c"" calls 0.50",2026-09-08T21:37:30.392Z,178890345039200
"""Heech @ wzsls5Sz57"" calls 0.50",2026-09-08T21:37:29.476Z,178890344947600
"""1bulletonly @ xZS3GKnBtu"" bets 0.50",2026-09-08T21:37:28.136Z,178890344813600
"""jahan 2 @ iacG4hF18c"" checks",2026-09-08T21:37:27.070Z,178890344707000
"""Heech @ wzsls5Sz57"" checks",2026-09-08T21:37:26.208Z,178890344620800
"Turn: 8♠, K♥, 6♠ [7♥]",2026-09-08T21:37:22.369Z,178890344236900
"""1bulletonly @ xZS3GKnBtu"" checks",2026-09-08T21:37:21.531Z,178890344153100
"""jahan 2 @ iacG4hF18c"" checks",2026-09-08T21:37:20.666Z,178890344066600
"""Heech @ wzsls5Sz57"" checks",2026-09-08T21:37:19.750Z,178890343975000
"Flop:  [8♠, K♥, 6♠]",2026-09-08T21:37:17.719Z,178890343771900
"""jahan 2 @ iacG4hF18c"" checks",2026-09-08T21:37:16.901Z,178890343690100
"""Heech @ wzsls5Sz57"" calls 0.50",2026-09-08T21:37:12.112Z,178890343211200
"""rowan @ GthBpPSqaK"" folds",2026-09-08T21:37:09.948Z,178890342994800
"""R Y A N @ GO72Iwd2XL"" folds",2026-09-08T21:37:09.068Z,178890342906800
"""1bulletonly @ xZS3GKnBtu"" calls 0.50",2026-09-08T21:37:08.161Z,178890342816100
"""Kobe @ DRSv3IR7B7"" folds",2026-09-08T21:37:07.018Z,178890342701800
"""Mr Bink @ IRFSw7AJ_c"" folds",2026-09-08T21:37:04.095Z,178890342409500
"""jahan 2 @ iacG4hF18c"" posts a big blind of 0.50",2026-09-08T21:37:03.201Z,178890342320110
"""Heech @ wzsls5Sz57"" posts a small blind of 0.25",2026-09-08T21:37:03.201Z,178890342320109
"Player stacks: #1 ""rowan @ GthBpPSqaK"" (317.24) | #2 ""Heech @ wzsls5Sz57"" (47.42) | #3 ""jahan 2 @ iacG4hF18c"" (448.70) | #4 ""Mr Bink @ IRFSw7AJ_c"" (169.75) | #5 ""Kobe @ DRSv3IR7B7"" (148.08) | #9 ""1bulletonly @ xZS3GKnBtu"" (225.46) | #10 ""R Y A N @ GO72Iwd2XL"" (74.13)",2026-09-08T21:37:03.201Z,178890342320101
"-- starting hand #371 (id: xwncc81exdcg)  No Limit Texas Hold'em (dealer: ""rowan @ GthBpPSqaK"") --",2026-09-08T21:37:03.201Z,178890342320100
"""1bulletonly @ xZS3GKnBtu"" shows a A♠.",2026-09-08T21:37:00.055Z,178890342005500
"-- ending hand #370 --",2026-09-08T21:36:56.664Z,178890341666402
"""rowan @ GthBpPSqaK"" collected 30.00 from pot with Two Pair, 7's & 6's (combination: A♦, 6♥, 6♣, 7♥, 7♠)",2026-09-08T21:36:56.664Z,178890341666401
"""rowan @ GthBpPSqaK"" shows a 7♥, 6♥.",2026-09-08T21:36:56.664Z,178890341666400
"""1bulletonly @ xZS3GKnBtu"" calls 7.50",2026-09-08T21:36:55.860Z,178890341586000
"""rowan @ GthBpPSqaK"" bets 7.50",2026-09-08T21:36:48.196Z,178890340819600
"River: 7♠, 6♣, J♦, A♦ [K♥]",2026-09-08T21:36:45.259Z,178890340525900
"""1bulletonly @ xZS3GKnBtu"" calls 3.75",2026-09-08T21:36:44.354Z,178890340435400
"""rowan @ GthBpPSqaK"" bets 3.75",2026-09-08T21:36:43.417Z,178890340341700
"Turn: 7♠, 6♣, J♦ [A♦]",2026-09-08T21:36:39.450Z,178890339945000
"""rowan @ GthBpPSqaK"" calls 0.50",2026-09-08T21:36:38.623Z,178890339862300
"""1bulletonly @ xZS3GKnBtu"" bets 0.50",2026-09-08T21:36:35.716Z,178890339571600
"""rowan @ GthBpPSqaK"" checks",2026-09-08T21:36:33.967Z,178890339396700
"Flop:  [7♠, 6♣, J♦]",2026-09-08T21:36:31.257Z,178890339125700
"""1bulletonly @ xZS3GKnBtu"" calls 3.00",2026-09-08T21:36:30.440Z,178890339044000
"""Heech @ wzsls5Sz57"" folds",2026-09-08T21:36:29.110Z,178890338911000
"""rowan @ GthBpPSqaK"" raises to 3.00",2026-09-08T21:36:27.541Z,178890338754100
"""R Y A N @ GO72Iwd2XL"" folds",2026-09-08T21:36:23.910Z,178890338391000
"""1bulletonly @ xZS3GKnBtu"" calls 0.50",2026-09-08T21:36:23.014Z,178890338301400
"""Kobe @ DRSv3IR7B7"" folds",2026-09-08T21:36:21.819Z,178890338181900
"""Mr Bink @ IRFSw7AJ_c"" folds",2026-09-08T21:36:19.467Z,178890337946700
"""jahan 2 @ iacG4hF18c"" folds",2026-09-08T21:36:18.484Z,178890337848400
"""Heech @ wzsls5Sz57"" posts a big blind of 0.50",2026-09-08T21:36:15.215Z,178890337521510
"""rowan @ GthBpPSqaK"" posts a small blind of 0.25",2026-09-08T21:36:15.215Z,178890337521509
"Player stacks: #1 ""rowan @ GthBpPSqaK"" (301.99) | #2 ""Heech @ wzsls5Sz57"" (47.92) | #3 ""jahan 2 @ iacG4hF18c"" (448.70) | #4 ""Mr Bink @ IRFSw7AJ_c"" (169.75) | #5 ""Kobe @ DRSv3IR7B7"" (148.08) | #9 ""1bulletonly @ xZS3GKnBtu"" (240.21) | #10 ""R Y A N @ GO72Iwd2XL"" (74.13)",2026-09-08T21:36:15.215Z,178890337521501
"-- starting hand #370 (id: 72jdmewfbatu)  No Limit Texas Hold'em (dealer: ""R Y A N @ GO72Iwd2XL"") --",2026-09-08T21:36:15.215Z,178890337521500
"""Mr Bink @ IRFSw7AJ_c"" shows a 4♥, 7♥.",2026-09-08T21:36:12.408Z,178890337240800
"""rowan @ GthBpPSqaK"" shows a 7♦, 4♣.",2026-09-08T21:36:10.925Z,178890337092500
"-- ending hand #369 --",2026-09-08T21:36:07.853Z,178890336785302
"""R Y A N @ GO72Iwd2XL"" collected 17.00 from pot",2026-09-08T21:36:07.853Z,178890336785301
"Uncalled bet of 10.00 returned to ""R Y A N @ GO72Iwd2XL""",2026-09-08T21:36:07.853Z,178890336785300
"""1bulletonly @ xZS3GKnBtu"" folds",2026-09-08T21:36:07.039Z,178890336703900
"""R Y A N @ GO72Iwd2XL"" bets 10.00",2026-09-08T21:36:04.192Z,178890336419200
"Flop:  [6♣, 2♦, 3♠]",2026-09-08T21:35:58.754Z,178890335875400
"""1bulletonly @ xZS3GKnBtu"" calls 8.00",2026-09-08T21:35:57.909Z,178890335790900
"""jahan 2 @ iacG4hF18c"" folds",2026-09-08T21:35:56.373Z,178890335637300
"""rowan @ GthBpPSqaK"" folds",2026-09-08T21:35:53.999Z,178890335399900
"""R Y A N @ GO72Iwd2XL"" raises to 8.00",2026-09-08T21:35:53.141Z,178890335314100
"""1bulletonly @ xZS3GKnBtu"" raises to 2.25",2026-09-08T21:35:50.078Z,178890335007800
"""Kobe @ DRSv3IR7B7"" folds",2026-09-08T21:35:47.245Z,178890334724500
"""Mr Bink @ IRFSw7AJ_c"" folds",2026-09-08T21:35:46.377Z,178890334637700
"""jahan 2 @ iacG4hF18c"" calls 0.50",2026-09-08T21:35:45.485Z,178890334548500
"""Heech @ wzsls5Sz57"" folds",2026-09-08T21:35:37.362Z,178890333736200
"""rowan @ GthBpPSqaK"" posts a big blind of 0.50",2026-09-08T21:35:35.952Z,178890333595210
"""R Y A N @ GO72Iwd2XL"" posts a small blind of 0.25",2026-09-08T21:35:35.952Z,178890333595209
"Player stacks: #1 ""rowan @ GthBpPSqaK"" (302.49) | #2 ""Heech @ wzsls5Sz57"" (47.92) | #3 ""jahan 2 @ iacG4hF18c"" (449.20) | #4 ""Mr Bink @ IRFSw7AJ_c"" (169.75) | #5 ""Kobe @ DRSv3IR7B7"" (148.08) | #9 ""1bulletonly @ xZS3GKnBtu"" (248.21) | #10 ""R Y A N @ GO72Iwd2XL"" (65.13)",2026-09-08T21:35:35.952Z,178890333595201
"-- starting hand #369 (id: vrodo79qvlgz)  No Limit Texas Hold'em (dealer: ""1bulletonly @ xZS3GKnBtu"") --",2026-09-08T21:35:35.952Z,178890333595200
"-- ending hand #368 --",2026-09-08T21:35:29.948Z,178890332994803
"""rowan @ GthBpPSqaK"" collected 12.49 from pot with Pair, J's (combination: 9♥, Q♣, K♠, J♦, J♥)",2026-09-08T21:35:29.948Z,178890332994802
"""rowan @ GthBpPSqaK"" shows a K♠, J♦.",2026-09-08T21:35:29.948Z,178890332994801
"""R Y A N @ GO72Iwd2XL"" shows a J♠, 8♥.",2026-09-08T21:35:29.948Z,178890332994800
"""rowan @ GthBpPSqaK"" checks",2026-09-08T21:35:29.139Z,178890332913900
"""R Y A N @ GO72Iwd2XL"" checks",2026-09-08T21:35:28.172Z,178890332817200
"River: Q♣, 9♥, J♥, 7♥ [4♠]",2026-09-08T21:35:25.942Z,178890332594200
"""rowan @ GthBpPSqaK"" checks",2026-09-08T21:35:25.130Z,178890332513000
"""R Y A N @ GO72Iwd2XL"" checks",2026-09-08T21:35:23.708Z,178890332370800
"Turn: Q♣, 9♥, J♥ [7♥]",2026-09-08T21:35:22.060Z,178890332206000
"""R Y A N @ GO72Iwd2XL"" calls 3.12",2026-09-08T21:35:21.253Z,178890332125300
"""jahan 2 @ iacG4hF18c"" folds",2026-09-08T21:35:20.201Z,178890332020100
"""rowan @ GthBpPSqaK"" bets 3.12",2026-09-08T21:35:16.731Z,178890331673100
"""R Y A N @ GO72Iwd2XL"" checks",2026-09-08T21:35:13.754Z,178890331375400
"Flop:  [Q♣, 9♥, J♥]",2026-09-08T21:35:12.056Z,178890331205600
"""R Y A N @ GO72Iwd2XL"" calls 2.00",2026-09-08T21:35:11.188Z,178890331118800
"""1bulletonly @ xZS3GKnBtu"" folds",2026-09-08T21:35:09.361Z,178890330936100
"""Kobe @ DRSv3IR7B7"" folds",2026-09-08T21:35:08.524Z,178890330852400
"""Mr Bink @ IRFSw7AJ_c"" folds",2026-09-08T21:35:07.635Z,178890330763500
"""jahan 2 @ iacG4hF18c"" calls 2.00",2026-09-08T21:35:06.766Z,178890330676600
"""Heech @ wzsls5Sz57"" folds",2026-09-08T21:35:01.970Z,178890330197000
"""rowan @ GthBpPSqaK"" raises to 2.00",2026-09-08T21:35:00.190Z,178890330019000
"""R Y A N @ GO72Iwd2XL"" posts a big blind of 0.50",2026-09-08T21:34:57.144Z,178890329714410
"""1bulletonly @ xZS3GKnBtu"" posts a small blind of 0.25",2026-09-08T21:34:57.144Z,178890329714409
"Player stacks: #1 ""rowan @ GthBpPSqaK"" (295.12) | #2 ""Heech @ wzsls5Sz57"" (47.92) | #3 ""jahan 2 @ iacG4hF18c"" (451.20) | #4 ""Mr Bink @ IRFSw7AJ_c"" (169.75) | #5 ""Kobe @ DRSv3IR7B7"" (148.08) | #9 ""1bulletonly @ xZS3GKnBtu"" (248.46) | #10 ""R Y A N @ GO72Iwd2XL"" (70.25)",2026-09-08T21:34:57.144Z,178890329714401
"-- starting hand #368 (id: iqxvydi4fy5v)  No Limit Texas Hold'em (dealer: ""Kobe @ DRSv3IR7B7"") --",2026-09-08T21:34:57.144Z,178890329714400
"""Heech @ wzsls5Sz57"" shows a 2♠, 8♦.",2026-09-08T21:34:55.275Z,178890329527500
"-- ending hand #367 --",2026-09-08T21:34:50.538Z,178890329053802
"""R Y A N @ GO72Iwd2XL"" collected 5.25 from pot",2026-09-08T21:34:50.538Z,178890329053801
"Uncalled bet of 5.25 returned to ""R Y A N @ GO72Iwd2XL""",2026-09-08T21:34:50.538Z,178890329053800
"""1bulletonly @ xZS3GKnBtu"" folds",2026-09-08T21:34:49.698Z,178890328969800
"""R Y A N @ GO72Iwd2XL"" bets 5.25",2026-09-08T21:34:48.207Z,178890328820700
"""1bulletonly @ xZS3GKnBtu"" checks",2026-09-08T21:34:46.022Z,178890328602200
"Flop:  [3♠, 2♣, K♥]",2026-09-08T21:34:44.046Z,178890328404600
"""1bulletonly @ xZS3GKnBtu"" calls 2.50",2026-09-08T21:34:43.199Z,178890328319900
"""Kobe @ DRSv3IR7B7"" folds",2026-09-08T21:34:38.215Z,178890327821500
"""Mr Bink @ IRFSw7AJ_c"" folds",2026-09-08T21:34:37.299Z,178890327729900
"""jahan 2 @ iacG4hF18c"" folds",2026-09-08T21:34:36.416Z,178890327641600
"""Heech @ wzsls5Sz57"" folds",2026-09-08T21:34:35.508Z,178890327550800
"""rowan @ GthBpPSqaK"" folds",2026-09-08T21:34:33.380Z,178890327338000
"""R Y A N @ GO72Iwd2XL"" raises to 2.50",2026-09-08T21:34:32.486Z,178890327248600
"""1bulletonly @ xZS3GKnBtu"" posts a big blind of 0.50",2026-09-08T21:34:29.709Z,178890326970910
"""Kobe @ DRSv3IR7B7"" posts a small blind of 0.25",2026-09-08T21:34:29.709Z,178890326970909
"Player stacks: #1 ""rowan @ GthBpPSqaK"" (295.12) | #2 ""Heech @ wzsls5Sz57"" (47.92) | #3 ""jahan 2 @ iacG4hF18c"" (451.20) | #4 ""Mr Bink @ IRFSw7AJ_c"" (169.75) | #5 ""Kobe @ DRSv3IR7B7"" (148.33) | #9 ""1bulletonly @ xZS3GKnBtu"" (250.96) | #10 ""R Y A N @ GO72Iwd2XL"" (67.50)",2026-09-08T21:34:29.709Z,178890326970901
"-- starting hand #367 (id: rkddwheyzunz)  No Limit Texas Hold'em (dealer: ""Mr Bink @ IRFSw7AJ_c"") --",2026-09-08T21:34:29.709Z,178890326970900
"""Mr Bink @ IRFSw7AJ_c"" shows a A♣, 6♣.",2026-09-08T21:34:23.279Z,178890326327900
"""jahan 2 @ iacG4hF18c"" shows a 6♦, 6♥.",2026-09-08T21:34:22.356Z,178890326235600
"""Heech @ wzsls5Sz57"" shows a K♥, 7♦.",2026-09-08T21:34:22.280Z,178890326228000
"-- ending hand #366 --",2026-09-08T21:34:21.700Z,178890326170002
"""Heech @ wzsls5Sz57"" collected 10.50 from pot",2026-09-08T21:34:21.700Z,178890326170001
"Uncalled bet of 7.87 returned to ""Heech @ wzsls5Sz57""",2026-09-08T21:34:21.700Z,178890326170000
"""rowan @ GthBpPSqaK"" folds",2026-09-08T21:34:20.841Z,178890326084100
"""1bulletonly @ xZS3GKnBtu"" folds",2026-09-08T21:34:19.414Z,178890325941400
"""Mr Bink @ IRFSw7AJ_c"" folds",2026-09-08T21:34:18.038Z,178890325803800
"""jahan 2 @ iacG4hF18c"" folds",2026-09-08T21:34:17.164Z,178890325716400
"""Heech @ wzsls5Sz57"" bets 7.87",2026-09-08T21:34:15.706Z,178890325570600
"""rowan @ GthBpPSqaK"" checks",2026-09-08T21:34:12.646Z,178890325264600
"""1bulletonly @ xZS3GKnBtu"" checks",2026-09-08T21:34:11.782Z,178890325178200
"""Mr Bink @ IRFSw7AJ_c"" checks",2026-09-08T21:34:09.727Z,178890324972700
"Flop:  [9♣, 5♠, 9♥]",2026-09-08T21:34:07.895Z,178890324789500
"""rowan @ GthBpPSqaK"" calls 2.00",2026-09-08T21:34:07.066Z,178890324706600
"""1bulletonly @ xZS3GKnBtu"" calls 2.00",2026-09-08T21:34:05.527Z,178890324552700
"""Kobe @ DRSv3IR7B7"" folds",2026-09-08T21:34:04.544Z,178890324454400
"""Mr Bink @ IRFSw7AJ_c"" calls 2.00",2026-09-08T21:34:02.630Z,178890324263000
"""jahan 2 @ iacG4hF18c"" calls 2.00",2026-09-08T21:33:58.449Z,178890323844900
"""Heech @ wzsls5Sz57"" raises to 2.00",2026-09-08T21:33:56.726Z,178890323672600
"""rowan @ GthBpPSqaK"" calls 0.50",2026-09-08T21:33:41.283Z,178890322128300
"""R Y A N @ GO72Iwd2XL"" folds",2026-09-08T21:33:40.240Z,178890322024000
"""1bulletonly @ xZS3GKnBtu"" calls 0.50",2026-09-08T21:33:38.345Z,178890321834500
"""Kobe @ DRSv3IR7B7"" posts a big blind of 0.50",2026-09-08T21:33:36.872Z,178890321687211
"""Mr Bink @ IRFSw7AJ_c"" posts a small blind of 0.25",2026-09-08T21:33:36.872Z,178890321687210
"Player stacks: #1 ""rowan @ GthBpPSqaK"" (297.12) | #2 ""Heech @ wzsls5Sz57"" (39.42) | #3 ""jahan 2 @ iacG4hF18c"" (453.20) | #4 ""Mr Bink @ IRFSw7AJ_c"" (171.75) | #5 ""Kobe @ DRSv3IR7B7"" (148.83) | #9 ""1bulletonly @ xZS3GKnBtu"" (252.96) | #10 ""R Y A N @ GO72Iwd2XL"" (67.50)",2026-09-08T21:33:36.872Z,178890321687202
"-- starting hand #366 (id: v4rtvgr0l2as)  No Limit Texas Hold'em (dealer: ""jahan 2 @ iacG4hF18c"") --",2026-09-08T21:33:36.872Z,178890321687201
"The player ""Rayan @ nhXZL_Cydv"" stand up with the stack of 162.38.",2026-09-08T21:33:36.872Z,178890321687200
"""1bulletonly @ xZS3GKnBtu"" shows a 8♦, J♣.",2026-09-08T21:33:31.746Z,178890321174600
"""Mr Bink @ IRFSw7AJ_c"" shows a A♣, A♠.",2026-09-08T21:33:31.571Z,178890321157100
"""R Y A N @ GO72Iwd2XL"" shows a A♥, K♦.",2026-09-08T21:33:29.162Z,178890320916200
"-- ending hand #365 --",2026-09-08T21:33:28.841Z,178890320884102
"""Mr Bink @ IRFSw7AJ_c"" collected 41.75 from pot",2026-09-08T21:33:28.841Z,178890320884101
"Uncalled bet of 20.87 returned to ""Mr Bink @ IRFSw7AJ_c""",2026-09-08T21:33:28.841Z,178890320884100
"""R Y A N @ GO72Iwd2XL"" folds",2026-09-08T21:33:27.958Z,178890320795800
"""Mr Bink @ IRFSw7AJ_c"" bets 20.87",2026-09-08T21:33:25.617Z,178890320561700
"Turn: 4♣, Q♥, 9♣ [10♣]",2026-09-08T21:33:22.918Z,178890320291800
"""R Y A N @ GO72Iwd2XL"" checks",2026-09-08T21:33:22.089Z,178890320208900
"""Mr Bink @ IRFSw7AJ_c"" checks",2026-09-08T21:33:18.880Z,178890319888000
"Flop:  [4♣, Q♥, 9♣]",2026-09-08T21:33:15.036Z,178890319503600
"""R Y A N @ GO72Iwd2XL"" calls 20.00",2026-09-08T21:33:14.140Z,178890319414000
"""Kobe @ DRSv3IR7B7"" folds",2026-09-08T21:33:12.346Z,178890319234600
"""Mr Bink @ IRFSw7AJ_c"" raises to 20.00",2026-09-08T21:33:06.586Z,178890318658600
"""jahan 2 @ iacG4hF18c"" folds",2026-09-08T21:32:57.696Z,178890317769600
"""Heech @ wzsls5Sz57"" folds",2026-09-08T21:32:56.730Z,178890317673000
"""rowan @ GthBpPSqaK"" folds",2026-09-08T21:32:55.820Z,178890317582000
"""R Y A N @ GO72Iwd2XL"" raises to 5.50",2026-09-08T21:32:53.105Z,178890317310500
"""1bulletonly @ xZS3GKnBtu"" folds",2026-09-08T21:32:46.307Z,178890316630700
"""Rayan @ nhXZL_Cydv"" folds",2026-09-08T21:32:45.442Z,178890316544200
"""Kobe @ DRSv3IR7B7"" raises to 1.50",2026-09-08T21:32:44.411Z,178890316441100
"""Mr Bink @ IRFSw7AJ_c"" posts a big blind of 0.50",2026-09-08T21:32:41.877Z,178890316187712
"""jahan 2 @ iacG4hF18c"" posts a small blind of 0.25",2026-09-08T21:32:41.877Z,178890316187711
"Player stacks: #1 ""rowan @ GthBpPSqaK"" (297.12) | #2 ""Heech @ wzsls5Sz57"" (39.42) | #3 ""jahan 2 @ iacG4hF18c"" (453.45) | #4 ""Mr Bink @ IRFSw7AJ_c"" (150.00) | #5 ""Kobe @ DRSv3IR7B7"" (150.33) | #8 ""Rayan @ nhXZL_Cydv"" (162.38) | #9 ""1bulletonly @ xZS3GKnBtu"" (252.96) | #10 ""R Y A N @ GO72Iwd2XL"" (87.50)",2026-09-08T21:32:41.877Z,178890316187702
"-- starting hand #365 (id: 92kewaemfklt)  No Limit Texas Hold'em (dealer: ""Heech @ wzsls5Sz57"") --",2026-09-08T21:32:41.877Z,178890316187701
"The player ""Mr Bink @ IRFSw7AJ_c"" joined the game with a stack of 150.00.",2026-09-08T21:32:41.877Z,178890316187700
"""Rayan @ nhXZL_Cydv"" shows a 3♦, 2♦.",2026-09-08T21:32:37.052Z,178890315705200
"-- ending hand #364 --",2026-09-08T21:32:35.268Z,178890315526802
"""Rayan @ nhXZL_Cydv"" collected 16.50 from pot",2026-09-08T21:32:35.268Z,178890315526801
"Uncalled bet of 8.75 returned to ""Rayan @ nhXZL_Cydv""",2026-09-08T21:32:35.268Z,178890315526800
"""jahan 2 @ iacG4hF18c"" folds",2026-09-08T21:32:34.407Z,178890315440700
"""rowan @ GthBpPSqaK"" folds",2026-09-08T21:32:28.735Z,178890314873500
"""R Y A N @ GO72Iwd2XL"" folds",2026-09-08T21:32:27.874Z,178890314787400
"""1bulletonly @ xZS3GKnBtu"" folds",2026-09-08T21:32:26.971Z,178890314697100
"""Rayan @ nhXZL_Cydv"" bets 8.75",2026-09-08T21:32:19.896Z,178890313989600
"""jahan 2 @ iacG4hF18c"" checks",2026-09-08T21:32:15.396Z,178890313539600
"""Heech @ wzsls5Sz57"" folds",2026-09-08T21:32:13.797Z,178890313379700
"Flop:  [K♦, Q♦, K♥]",2026-09-08T21:32:11.153Z,178890313115300
"""Rayan @ nhXZL_Cydv"" calls 2.75",2026-09-08T21:32:10.345Z,178890313034500
"""jahan 2 @ iacG4hF18c"" calls 2.75",2026-09-08T21:32:04.673Z,178890312467300
"""Heech @ wzsls5Sz57"" calls 2.75",2026-09-08T21:32:01.422Z,178890312142200
"""rowan @ GthBpPSqaK"" calls 2.75",2026-09-08T21:32:00.098Z,178890312009800
"""R Y A N @ GO72Iwd2XL"" calls 2.75",2026-09-08T21:31:59.154Z,178890311915400
"""1bulletonly @ xZS3GKnBtu"" raises to 2.75",2026-09-08T21:31:57.602Z,178890311760200
"""Rayan @ nhXZL_Cydv"" calls 0.50",2026-09-08T21:31:54.238Z,178890311423800
"""Kobe @ DRSv3IR7B7"" folds",2026-09-08T21:31:52.253Z,178890311225300
"The player ""Mr Bink @ IRFSw7AJ_c"" sit back with the stack of 150.00.",2026-09-08T21:31:51.717Z,178890311171700
"""jahan 2 @ iacG4hF18c"" posts a big blind of 0.50",2026-09-08T21:31:48.719Z,178890310871912
"""Heech @ wzsls5Sz57"" posts a small blind of 0.25",2026-09-08T21:31:48.719Z,178890310871911
"Player stacks: #1 ""rowan @ GthBpPSqaK"" (299.87) | #2 ""Heech @ wzsls5Sz57"" (42.17) | #3 ""jahan 2 @ iacG4hF18c"" (456.20) | #5 ""Kobe @ DRSv3IR7B7"" (150.33) | #8 ""Rayan @ nhXZL_Cydv"" (148.63) | #9 ""1bulletonly @ xZS3GKnBtu"" (255.71) | #10 ""R Y A N @ GO72Iwd2XL"" (90.25)",2026-09-08T21:31:48.719Z,178890310871903
"-- starting hand #364 (id: vnirdxbljusf)  No Limit Texas Hold'em (dealer: ""rowan @ GthBpPSqaK"") --",2026-09-08T21:31:48.719Z,178890310871902
"The player ""Mr Bink @ IRFSw7AJ_c"" stand up with the stack of 150.00.",2026-09-08T21:31:48.719Z,178890310871901
"The player ""Mr Bink @ IRFSw7AJ_c"" rebought. New stack 150.00.",2026-09-08T21:31:48.719Z,178890310871900
"Waiting for the game owner to approve or reject pending rebuy requests.",2026-09-08T21:31:47.284Z,178890310728401
"The player ""Mr Bink @ IRFSw7AJ_c"" requested a rebuy of 150.00.",2026-09-08T21:31:47.284Z,178890310728400
"Asking to busted players the rebuy decision.",2026-09-08T21:31:40.049Z,178890310004900
"""R Y A N @ GO72Iwd2XL"" shows a 10♣, J♣.",2026-09-08T21:31:32.659Z,178890309265900
"-- ending hand #363 --",2026-09-08T21:31:31.523Z,178890309152302
"""Rayan @ nhXZL_Cydv"" collected 57.37 from pot with Two Pair, K's & 6's on the second run  (combination: Q♣, 6♣, 6♥, K♦, K♣)",2026-09-08T21:31:31.523Z,178890309152301
"""Rayan @ nhXZL_Cydv"" collected 57.38 from pot with Full House, A's over K's (combination: K♦, K♣, A♦, A♣, A♠)",2026-09-08T21:31:31.523Z,178890309152300
"River (second run): 3♣, 2♦, 6♣, 6♥ [Q♣]",2026-09-08T21:31:27.506Z,178890308750600
"Turn (second run): 3♣, 2♦, 6♣ [6♥]",2026-09-08T21:31:23.452Z,178890308345200
"Flop (second run):  [3♣, 2♦, 6♣]",2026-09-08T21:31:19.412Z,178890307941200
"River: A♦, 9♠, A♣, 7♣ [A♠]",2026-09-08T21:31:15.387Z,178890307538700
"Turn: A♦, 9♠, A♣ [7♣]",2026-09-08T21:31:11.385Z,178890307138500
"Flop:  [A♦, 9♠, A♣]",2026-09-08T21:31:07.322Z,178890306732200
"""Rayan @ nhXZL_Cydv"" shows a K♦, K♣.",2026-09-08T21:31:03.293Z,178890306329302
"""Mr Bink @ IRFSw7AJ_c"" shows a 10♥, 10♦.",2026-09-08T21:31:03.293Z,178890306329301
"Uncalled bet of 33.88 returned to ""Rayan @ nhXZL_Cydv""",2026-09-08T21:31:03.293Z,178890306329300
"All players in hand choose to run it twice.",2026-09-08T21:31:02.437Z,178890306243701
"""Mr Bink @ IRFSw7AJ_c"" chooses to  run it twice.",2026-09-08T21:31:02.437Z,178890306243700
"""Rayan @ nhXZL_Cydv"" chooses to  run it twice.",2026-09-08T21:31:01.744Z,178890306174400
"Remaining players decide whether to run it twice.",2026-09-08T21:31:00.978Z,178890306097801
"""jahan 2 @ iacG4hF18c"" folds",2026-09-08T21:31:00.978Z,178890306097800
"""R Y A N @ GO72Iwd2XL"" folds",2026-09-08T21:30:59.053Z,178890305905300
"""Rayan @ nhXZL_Cydv"" raises to 81.38 and go all in",2026-09-08T21:30:55.977Z,178890305597700
"""Mr Bink @ IRFSw7AJ_c"" raises to 47.50 and go all in",2026-09-08T21:30:46.659Z,178890304665900
"""jahan 2 @ iacG4hF18c"" calls 9.50",2026-09-08T21:30:44.076Z,178890304407600
"""Heech @ wzsls5Sz57"" folds",2026-09-08T21:30:37.718Z,178890303771800
"""rowan @ GthBpPSqaK"" folds",2026-09-08T21:30:34.090Z,178890303409000
"""R Y A N @ GO72Iwd2XL"" calls 9.50",2026-09-08T21:30:33.104Z,178890303310400
"""1bulletonly @ xZS3GKnBtu"" folds",2026-09-08T21:30:31.737Z,178890303173700
"""Rayan @ nhXZL_Cydv"" raises to 9.50",2026-09-08T21:30:26.240Z,178890302624000
"""Kobe @ DRSv3IR7B7"" folds",2026-09-08T21:30:15.968Z,178890301596800
"""Mr Bink @ IRFSw7AJ_c"" raises to 3.50",2026-09-08T21:30:15.038Z,178890301503800
"""jahan 2 @ iacG4hF18c"" calls 0.50",2026-09-08T21:30:11.478Z,178890301147800
"""Heech @ wzsls5Sz57"" posts a big blind of 0.50",2026-09-08T21:30:02.509Z,178890300250911
"""rowan @ GthBpPSqaK"" posts a small blind of 0.25",2026-09-08T21:30:02.509Z,178890300250910
"Player stacks: #1 ""rowan @ GthBpPSqaK"" (300.12) | #2 ""Heech @ wzsls5Sz57"" (42.67) | #3 ""jahan 2 @ iacG4hF18c"" (465.70) | #4 ""Mr Bink @ IRFSw7AJ_c"" (47.50) | #5 ""Kobe @ DRSv3IR7B7"" (150.33) | #8 ""Rayan @ nhXZL_Cydv"" (81.38) | #9 ""1bulletonly @ xZS3GKnBtu"" (255.71) | #10 ""R Y A N @ GO72Iwd2XL"" (99.75)",2026-09-08T21:30:02.509Z,178890300250901
"-- starting hand #363 (id: xyyjkdpfywsy)  No Limit Texas Hold'em (dealer: ""R Y A N @ GO72Iwd2XL"") --",2026-09-08T21:30:02.509Z,178890300250900
"-- ending hand #362 --",2026-09-08T21:29:56.395Z,178890299639502
"""Kobe @ DRSv3IR7B7"" collected 27.49 from pot",2026-09-08T21:29:56.395Z,178890299639501
"Uncalled bet of 20.61 returned to ""Kobe @ DRSv3IR7B7""",2026-09-08T21:29:56.395Z,178890299639500
"""Heech @ wzsls5Sz57"" folds",2026-09-08T21:29:55.585Z,178890299558500
"""Kobe @ DRSv3IR7B7"" bets 20.61",2026-09-08T21:29:47.807Z,178890298780700
"""Heech @ wzsls5Sz57"" checks",2026-09-08T21:29:31.334Z,178890297133400
"Turn: 8♦, 10♦, K♠ [K♣]",2026-09-08T21:29:28.678Z,178890296867800
"""Heech @ wzsls5Sz57"" calls 6.87",2026-09-08T21:29:27.868Z,178890296786800
"""Kobe @ DRSv3IR7B7"" bets 6.87",2026-09-08T21:29:24.332Z,178890296433200
"""Heech @ wzsls5Sz57"" checks",2026-09-08T21:29:05.393Z,178890294539300
"Flop:  [8♦, 10♦, K♠]",2026-09-08T21:29:02.212Z,178890294221200
"""Heech @ wzsls5Sz57"" calls 6.50",2026-09-08T21:29:01.382Z,178890294138200
"""rowan @ GthBpPSqaK"" folds",2026-09-08T21:29:00.238Z,178890294023800
"""R Y A N @ GO72Iwd2XL"" folds",2026-09-08T21:28:59.346Z,178890293934600
"""1bulletonly @ xZS3GKnBtu"" folds",2026-09-08T21:28:58.492Z,178890293849200
"""Rayan @ nhXZL_Cydv"" folds",2026-09-08T21:28:57.595Z,178890293759500
"""Kobe @ DRSv3IR7B7"" raises to 6.50",2026-09-08T21:28:55.768Z,178890293576800
"""Mr Bink @ IRFSw7AJ_c"" folds",2026-09-08T21:28:51.513Z,178890293151300
"""jahan 2 @ iacG4hF18c"" folds",2026-09-08T21:28:50.620Z,178890293062000
"""Heech @ wzsls5Sz57"" raises to 2.00",2026-09-08T21:28:47.651Z,178890292765100
"""rowan @ GthBpPSqaK"" posts a big blind of 0.50",2026-09-08T21:28:44.171Z,178890292417112
"""R Y A N @ GO72Iwd2XL"" posts a small blind of 0.25",2026-09-08T21:28:44.171Z,178890292417111
"Player stacks: #1 ""rowan @ GthBpPSqaK"" (300.62) | #2 ""Heech @ wzsls5Sz57"" (56.04) | #3 ""jahan 2 @ iacG4hF18c"" (465.70) | #4 ""Mr Bink @ IRFSw7AJ_c"" (47.50) | #5 ""Kobe @ DRSv3IR7B7"" (136.21) | #8 ""Rayan @ nhXZL_Cydv"" (81.38) | #9 ""1bulletonly @ xZS3GKnBtu"" (255.71) | #10 ""R Y A N @ GO72Iwd2XL"" (100.00)",2026-09-08T21:28:44.171Z,178890292417102
"-- starting hand #362 (id: 0ns5iv8lzkry)  No Limit Texas Hold'em (dealer: ""1bulletonly @ xZS3GKnBtu"") --",2026-09-08T21:28:44.171Z,178890292417101
"The player ""R Y A N @ GO72Iwd2XL"" rebought. New stack 100.00.",2026-09-08T21:28:44.171Z,178890292417100
"Waiting for the game owner to approve or reject pending rebuy requests.",2026-09-08T21:28:43.138Z,178890292313801
"The player ""R Y A N @ GO72Iwd2XL"" requested a rebuy of 100.00.",2026-09-08T21:28:43.138Z,178890292313800
"Asking to busted players the rebuy decision.",2026-09-08T21:28:33.087Z,178890291308700
"-- ending hand #361 --",2026-09-08T21:28:27.084Z,178890290708401
"""Kobe @ DRSv3IR7B7"" collected 61.51 from pot with Two Pair, A's & Q's (combination: 10♦, Q♣, Q♥, A♥, A♦)",2026-09-08T21:28:27.084Z,178890290708400
"River: 5♥, Q♣, 10♦, Q♥ [6♦]",2026-09-08T21:28:23.081Z,178890290308100
"Turn: 5♥, Q♣, 10♦ [Q♥]",2026-09-08T21:28:19.045Z,178890289904500
"""R Y A N @ GO72Iwd2XL"" shows a J♠, K♦.",2026-09-08T21:28:15.040Z,178890289504001
"""Kobe @ DRSv3IR7B7"" shows a A♥, A♦.",2026-09-08T21:28:15.040Z,178890289504000
"Some players choose to not run it twice.",2026-09-08T21:28:14.169Z,178890289416901
"""R Y A N @ GO72Iwd2XL"" chooses to not run it twice.",2026-09-08T21:28:14.169Z,178890289416900
"""Kobe @ DRSv3IR7B7"" chooses to  run it twice.",2026-09-08T21:28:13.815Z,178890289381500
"Remaining players decide whether to run it twice.",2026-09-08T21:28:13.228Z,178890289322801
"""Kobe @ DRSv3IR7B7"" calls 23.13",2026-09-08T21:28:13.228Z,178890289322800
"""R Y A N @ GO72Iwd2XL"" raises to 23.13 and go all in",2026-09-08T21:28:11.404Z,178890289140400
"""Rayan @ nhXZL_Cydv"" folds",2026-09-08T21:28:08.812Z,178890288881200
"""Kobe @ DRSv3IR7B7"" raises to 17.24",2026-09-08T21:28:06.333Z,178890288633300
"""R Y A N @ GO72Iwd2XL"" bets 6.62",2026-09-08T21:27:53.635Z,178890287363500
"Flop:  [5♥, Q♣, 10♦]",2026-09-08T21:27:49.196Z,178890286919600
"""Rayan @ nhXZL_Cydv"" calls 5.00",2026-09-08T21:27:48.390Z,178890286839000
"""Kobe @ DRSv3IR7B7"" calls 5.00",2026-09-08T21:27:46.680Z,178890286668000
"""R Y A N @ GO72Iwd2XL"" raises to 5.00",2026-09-08T21:27:32.583Z,178890285258300
"""1bulletonly @ xZS3GKnBtu"" folds",2026-09-08T21:27:28.758Z,178890284875800
"""Rayan @ nhXZL_Cydv"" calls 1.50",2026-09-08T21:27:27.911Z,178890284791100
"""Kobe @ DRSv3IR7B7"" raises to 1.50",2026-09-08T21:27:24.115Z,178890284411500
"""Mr Bink @ IRFSw7AJ_c"" folds",2026-09-08T21:27:21.517Z,178890284151700
"""jahan 2 @ iacG4hF18c"" folds",2026-09-08T21:27:20.631Z,178890284063100
"""Heech @ wzsls5Sz57"" folds",2026-09-08T21:27:17.029Z,178890283702900
"""rowan @ GthBpPSqaK"" folds",2026-09-08T21:27:16.142Z,178890283614200
"""R Y A N @ GO72Iwd2XL"" posts a big blind of 0.50",2026-09-08T21:27:14.973Z,178890283497312
"""1bulletonly @ xZS3GKnBtu"" posts a small blind of 0.25",2026-09-08T21:27:14.973Z,178890283497311
"Player stacks: #1 ""rowan @ GthBpPSqaK"" (300.62) | #2 ""Heech @ wzsls5Sz57"" (56.04) | #3 ""jahan 2 @ iacG4hF18c"" (465.70) | #4 ""Mr Bink @ IRFSw7AJ_c"" (47.50) | #5 ""Kobe @ DRSv3IR7B7"" (102.83) | #8 ""Rayan @ nhXZL_Cydv"" (86.38) | #9 ""1bulletonly @ xZS3GKnBtu"" (255.96) | #10 ""R Y A N @ GO72Iwd2XL"" (28.13)",2026-09-08T21:27:14.973Z,178890283497302
"-- starting hand #361 (id: uoxmdqmw44op)  No Limit Texas Hold'em (dealer: ""Rayan @ nhXZL_Cydv"") --",2026-09-08T21:27:14.973Z,178890283497301
"The admin updated the player ""Rayan @ nhXZL_Cydv"" stack from 36.38 to 86.38.",2026-09-08T21:27:14.973Z,178890283497300
"-- ending hand #360 --",2026-09-08T21:27:08.968Z,178890282896802
"""jahan 2 @ iacG4hF18c"" collected 233.03 from pot with Flush, A High (combination: 4♦, 5♦, 8♦, J♦, A♦)",2026-09-08T21:27:08.968Z,178890282896801
"""jahan 2 @ iacG4hF18c"" shows a A♦, 4♦.",2026-09-08T21:27:08.968Z,178890282896800
"""Kobe @ DRSv3IR7B7"" calls 77.31",2026-09-08T21:27:08.159Z,178890282815900
"WARNING: the admin queued the stack change for the player ""Rayan @ nhXZL_Cydv"" adding 50.00 chips in the next hand.",2026-09-08T21:27:07.652Z,178890282765200
"""jahan 2 @ iacG4hF18c"" bets 77.31",2026-09-08T21:26:41.703Z,178890280170300
"River: J♦, 8♦, 4♥, 5♦ [10♥]",2026-09-08T21:26:26.106Z,178890278610600
"""Kobe @ DRSv3IR7B7"" calls 28.90",2026-09-08T21:26:25.280Z,178890278528000
"""jahan 2 @ iacG4hF18c"" raises to 28.90",2026-09-08T21:26:17.500Z,178890277750000
"""R Y A N @ GO72Iwd2XL"" folds",2026-09-08T21:26:05.628Z,178890276562800
"""Kobe @ DRSv3IR7B7"" bets 10.30",2026-09-08T21:26:01.902Z,178890276190200
"""jahan 2 @ iacG4hF18c"" checks",2026-09-08T21:25:56.048Z,178890275604800
"""R Y A N @ GO72Iwd2XL"" checks",2026-09-08T21:25:49.150Z,178890274915000
"Turn: J♦, 8♦, 4♥ [5♦]",2026-09-08T21:25:47.285Z,178890274728500
"""jahan 2 @ iacG4hF18c"" calls 4.12",2026-09-08T21:25:46.463Z,178890274646300
"""R Y A N @ GO72Iwd2XL"" calls 4.12",2026-09-08T21:25:43.573Z,178890274357300
"""Kobe @ DRSv3IR7B7"" bets 4.12",2026-09-08T21:25:41.987Z,178890274198700
"""jahan 2 @ iacG4hF18c"" checks",2026-09-08T21:25:35.265Z,178890273526500
"""R Y A N @ GO72Iwd2XL"" checks",2026-09-08T21:25:29.639Z,178890272963900
"Flop:  [J♦, 8♦, 4♥]",2026-09-08T21:25:27.094Z,178890272709400
"""jahan 2 @ iacG4hF18c"" calls 2.50",2026-09-08T21:25:26.234Z,178890272623400
"""R Y A N @ GO72Iwd2XL"" calls 2.50",2026-09-08T21:25:24.761Z,178890272476100
"""1bulletonly @ xZS3GKnBtu"" folds",2026-09-08T21:25:23.790Z,178890272379000
"""Rayan @ nhXZL_Cydv"" folds",2026-09-08T21:25:19.616Z,178890271961600
"""Kobe @ DRSv3IR7B7"" raises to 2.50",2026-09-08T21:25:17.081Z,178890271708100
"""Mr Bink @ IRFSw7AJ_c"" folds",2026-09-08T21:25:09.216Z,178890270921600
"""jahan 2 @ iacG4hF18c"" calls 0.50",2026-09-08T21:25:08.334Z,178890270833400
"""Heech @ wzsls5Sz57"" folds",2026-09-08T21:25:06.099Z,178890270609900
"""rowan @ GthBpPSqaK"" folds",2026-09-08T21:24:53.829Z,178890269382900
"""R Y A N @ GO72Iwd2XL"" calls 0.50",2026-09-08T21:24:52.942Z,178890269294200
"""1bulletonly @ xZS3GKnBtu"" posts a big blind of 0.50",2026-09-08T21:24:50.758Z,178890269075811
"""Rayan @ nhXZL_Cydv"" posts a small blind of 0.25",2026-09-08T21:24:50.758Z,178890269075810
"Player stacks: #1 ""rowan @ GthBpPSqaK"" (300.62) | #2 ""Heech @ wzsls5Sz57"" (56.04) | #3 ""jahan 2 @ iacG4hF18c"" (345.50) | #4 ""Mr Bink @ IRFSw7AJ_c"" (47.50) | #5 ""Kobe @ DRSv3IR7B7"" (215.66) | #8 ""Rayan @ nhXZL_Cydv"" (36.63) | #9 ""1bulletonly @ xZS3GKnBtu"" (256.46) | #10 ""R Y A N @ GO72Iwd2XL"" (34.75)",2026-09-08T21:24:50.758Z,178890269075801
"-- starting hand #360 (id: crmzzxhqzeag)  No Limit Texas Hold'em (dealer: ""Kobe @ DRSv3IR7B7"") --",2026-09-08T21:24:50.758Z,178890269075800
"""Rayan @ nhXZL_Cydv"" shows a 5♣.",2026-09-08T21:24:49.372Z,178890268937200
"""jahan 2 @ iacG4hF18c"" shows a 5♦, 5♥.",2026-09-08T21:24:47.415Z,178890268741500
"""1bulletonly @ xZS3GKnBtu"" shows a 7♠, 4♠.",2026-09-08T21:24:46.388Z,178890268638800
"-- ending hand #359 --",2026-09-08T21:24:45.741Z,178890268574102
"""jahan 2 @ iacG4hF18c"" collected 168.01 from pot",2026-09-08T21:24:45.741Z,178890268574101
"Uncalled bet of 54.26 returned to ""jahan 2 @ iacG4hF18c""",2026-09-08T21:24:45.741Z,178890268574100
"""1bulletonly @ xZS3GKnBtu"" folds",2026-09-08T21:24:44.841Z,178890268484100
"""jahan 2 @ iacG4hF18c"" raises to 96.26",2026-09-08T21:24:22.515Z,178890266251500
"""1bulletonly @ xZS3GKnBtu"" bets 42.00",2026-09-08T21:23:56.643Z,178890263664300
"River: 2♥, 5♠, 2♠, 10♣ [Q♠]",2026-09-08T21:23:50.780Z,178890263078000
"""1bulletonly @ xZS3GKnBtu"" calls 25.20",2026-09-08T21:23:49.970Z,178890262997000
"""Rayan @ nhXZL_Cydv"" folds",2026-09-08T21:23:45.340Z,178890262534000
"""jahan 2 @ iacG4hF18c"" bets 25.20",2026-09-08T21:23:43.973Z,178890262397300
"""1bulletonly @ xZS3GKnBtu"" checks",2026-09-08T21:23:35.040Z,178890261504000
"""Rayan @ nhXZL_Cydv"" checks",2026-09-08T21:23:32.726Z,178890261272600
"Turn: 2♥, 5♠, 2♠ [10♣]",2026-09-08T21:23:31.370Z,178890261137000
"""rowan @ GthBpPSqaK"" folds",2026-09-08T21:23:30.548Z,178890261054800
"""1bulletonly @ xZS3GKnBtu"" calls 6.12",2026-09-08T21:23:29.683Z,178890260968300
"""Rayan @ nhXZL_Cydv"" calls 6.12",2026-09-08T21:23:27.024Z,178890260702400
"""Mr Bink @ IRFSw7AJ_c"" folds",2026-09-08T21:23:21.037Z,178890260103700
"""jahan 2 @ iacG4hF18c"" bets 6.12",2026-09-08T21:23:20.091Z,178890260009100
"""rowan @ GthBpPSqaK"" checks",2026-09-08T21:23:14.814Z,178890259481400
"""1bulletonly @ xZS3GKnBtu"" checks",2026-09-08T21:23:13.966Z,178890259396600
"""Rayan @ nhXZL_Cydv"" checks",2026-09-08T21:23:12.640Z,178890259264000
"Flop:  [2♥, 5♠, 2♠]",2026-09-08T21:23:06.484Z,178890258648400
"""1bulletonly @ xZS3GKnBtu"" calls 3.00",2026-09-08T21:23:05.634Z,178890258563400
"""Rayan @ nhXZL_Cydv"" calls 3.00",2026-09-08T21:23:03.625Z,178890258362500
"""Kobe @ DRSv3IR7B7"" folds",2026-09-08T21:22:59.069Z,178890257906900
"""Mr Bink @ IRFSw7AJ_c"" calls 3.00",2026-09-08T21:22:58.202Z,178890257820200
"""jahan 2 @ iacG4hF18c"" calls 3.00",2026-09-08T21:22:57.141Z,178890257714100
"""Heech @ wzsls5Sz57"" folds",2026-09-08T21:22:45.976Z,178890256597600
"""rowan @ GthBpPSqaK"" raises to 3.00",2026-09-08T21:22:45.092Z,178890256509200
"""R Y A N @ GO72Iwd2XL"" folds",2026-09-08T21:22:42.278Z,178890256227800
"""1bulletonly @ xZS3GKnBtu"" calls 0.50",2026-09-08T21:22:40.161Z,178890256016100
"""Rayan @ nhXZL_Cydv"" posts a big blind of 0.50",2026-09-08T21:22:39.096Z,178890255909611
"""Kobe @ DRSv3IR7B7"" posts a small blind of 0.25",2026-09-08T21:22:39.096Z,178890255909610
"Player stacks: #1 ""rowan @ GthBpPSqaK"" (303.62) | #2 ""Heech @ wzsls5Sz57"" (56.04) | #3 ""jahan 2 @ iacG4hF18c"" (253.81) | #4 ""Mr Bink @ IRFSw7AJ_c"" (50.50) | #5 ""Kobe @ DRSv3IR7B7"" (215.91) | #8 ""Rayan @ nhXZL_Cydv"" (45.75) | #9 ""1bulletonly @ xZS3GKnBtu"" (332.78) | #10 ""R Y A N @ GO72Iwd2XL"" (34.75)",2026-09-08T21:22:39.096Z,178890255909601
"-- starting hand #359 (id: g9uezojliajj)  No Limit Texas Hold'em (dealer: ""Mr Bink @ IRFSw7AJ_c"") --",2026-09-08T21:22:39.096Z,178890255909600
"""jahan 2 @ iacG4hF18c"" shows a A♥, J♣.",2026-09-08T21:22:33.859Z,178890255385900
"-- ending hand #358 --",2026-09-08T21:22:32.484Z,178890255248402
"""1bulletonly @ xZS3GKnBtu"" collected 29.00 from pot",2026-09-08T21:22:32.484Z,178890255248401
"Uncalled bet of 14.50 returned to ""1bulletonly @ xZS3GKnBtu""",2026-09-08T21:22:32.484Z,178890255248400
"""R Y A N @ GO72Iwd2XL"" folds",2026-09-08T21:22:31.643Z,178890255164300
"""1bulletonly @ xZS3GKnBtu"" bets 14.50",2026-09-08T21:22:24.980Z,178890254498000
"Turn: 2♣, 8♥, K♦ [A♦]",2026-09-08T21:22:19.745Z,178890253974500
"""Rayan @ nhXZL_Cydv"" folds",2026-09-08T21:22:18.919Z,178890253891900
"""jahan 2 @ iacG4hF18c"" folds",2026-09-08T21:22:17.799Z,178890253779900
"""Heech @ wzsls5Sz57"" folds",2026-09-08T21:22:16.821Z,178890253682100
"""R Y A N @ GO72Iwd2XL"" calls 7.25",2026-09-08T21:22:15.907Z,178890253590700
"""1bulletonly @ xZS3GKnBtu"" bets 7.25",2026-09-08T21:22:14.661Z,178890253466100
"""Rayan @ nhXZL_Cydv"" checks",2026-09-08T21:22:11.752Z,178890253175200
"Flop:  [2♣, 8♥, K♦]",2026-09-08T21:22:10.069Z,178890253006900
"""Rayan @ nhXZL_Cydv"" calls 2.75",2026-09-08T21:22:09.186Z,178890252918600
"""Kobe @ DRSv3IR7B7"" folds",2026-09-08T21:22:05.992Z,178890252599200
"""Mr Bink @ IRFSw7AJ_c"" folds",2026-09-08T21:22:03.903Z,178890252390300
"""jahan 2 @ iacG4hF18c"" calls 2.75",2026-09-08T21:22:02.961Z,178890252296100
"""Heech @ wzsls5Sz57"" calls 2.75",2026-09-08T21:22:01.628Z,178890252162800
"""rowan @ GthBpPSqaK"" folds",2026-09-08T21:21:55.218Z,178890251521800
"""R Y A N @ GO72Iwd2XL"" calls 2.75",2026-09-08T21:21:54.307Z,178890251430700
"""1bulletonly @ xZS3GKnBtu"" raises to 2.75",2026-09-08T21:21:51.982Z,178890251198200
"""Rayan @ nhXZL_Cydv"" calls 0.50",2026-09-08T21:21:46.519Z,178890250651900
"""Kobe @ DRSv3IR7B7"" posts a big blind of 0.50",2026-09-08T21:21:44.566Z,178890250456611
"""Mr Bink @ IRFSw7AJ_c"" posts a small blind of 0.25",2026-09-08T21:21:44.566Z,178890250456610
"Player stacks: #1 ""rowan @ GthBpPSqaK"" (303.62) | #2 ""Heech @ wzsls5Sz57"" (58.79) | #3 ""jahan 2 @ iacG4hF18c"" (256.56) | #4 ""Mr Bink @ IRFSw7AJ_c"" (50.75) | #5 ""Kobe @ DRSv3IR7B7"" (216.41) | #8 ""Rayan @ nhXZL_Cydv"" (48.50) | #9 ""1bulletonly @ xZS3GKnBtu"" (313.78) | #10 ""R Y A N @ GO72Iwd2XL"" (44.75)",2026-09-08T21:21:44.566Z,178890250456601
"-- starting hand #358 (id: 9vpbvfoyslxe)  No Limit Texas Hold'em (dealer: ""jahan 2 @ iacG4hF18c"") --",2026-09-08T21:21:44.566Z,178890250456600
"""Mr Bink @ IRFSw7AJ_c"" shows a 2♥, 3♠.",2026-09-08T21:21:37.766Z,178890249776600
"-- ending hand #357 --",2026-09-08T21:21:35.993Z,178890249599302
"""Kobe @ DRSv3IR7B7"" collected 58.78 from pot with Flush, K High on the second run  (combination: 5♥, 7♥, 10♥, Q♥, K♥)",2026-09-08T21:21:35.993Z,178890249599301
"""Heech @ wzsls5Sz57"" collected 58.79 from pot with Pair, A's (combination: 9♣, 10♣, K♥, A♦, A♥)",2026-09-08T21:21:35.993Z,178890249599300
"River (second run): 10♣, 7♥, K♥, 5♥ [8♦]",2026-09-08T21:21:31.968Z,178890249196800
"Turn (second run): 10♣, 7♥, K♥ [5♥]",2026-09-08T21:21:27.955Z,178890248795500
"River: 10♣, 7♥, K♥, 4♦ [9♣]",2026-09-08T21:21:23.948Z,178890248394800
"Turn: 10♣, 7♥, K♥ [4♦]",2026-09-08T21:21:19.920Z,178890247992000
"""Kobe @ DRSv3IR7B7"" shows a 10♥, Q♥.",2026-09-08T21:21:15.916Z,178890247591601
"""Heech @ wzsls5Sz57"" shows a A♦, A♥.",2026-09-08T21:21:15.916Z,178890247591600
"All players in hand choose to run it twice.",2026-09-08T21:21:15.102Z,178890247510201
"""Kobe @ DRSv3IR7B7"" chooses to  run it twice.",2026-09-08T21:21:15.102Z,178890247510200
"""Heech @ wzsls5Sz57"" chooses to  run it twice.",2026-09-08T21:21:14.996Z,178890247499600
"Remaining players decide whether to run it twice.",2026-09-08T21:21:13.757Z,178890247375701
"""rowan @ GthBpPSqaK"" folds",2026-09-08T21:21:13.757Z,178890247375700
"""Kobe @ DRSv3IR7B7"" calls 45.66",2026-09-08T21:21:12.870Z,178890247287000
"""Heech @ wzsls5Sz57"" bets 45.66 and go all in",2026-09-08T21:21:09.166Z,178890246916600
"""rowan @ GthBpPSqaK"" checks",2026-09-08T21:21:06.656Z,178890246665600
"""Kobe @ DRSv3IR7B7"" checks",2026-09-08T21:21:05.531Z,178890246553100
"Flop:  [10♣, 7♥, K♥]",2026-09-08T21:21:02.833Z,178890246283300
"""rowan @ GthBpPSqaK"" calls 7.50",2026-09-08T21:21:01.939Z,178890246193900
"""1bulletonly @ xZS3GKnBtu"" folds",2026-09-08T21:20:59.321Z,178890245932100
"""Rayan @ nhXZL_Cydv"" folds",2026-09-08T21:20:58.482Z,178890245848200
"""Kobe @ DRSv3IR7B7"" calls 7.50",2026-09-08T21:20:57.113Z,178890245711300
"""Mr Bink @ IRFSw7AJ_c"" folds",2026-09-08T21:20:40.325Z,178890244032500
"""jahan 2 @ iacG4hF18c"" folds",2026-09-08T21:20:39.336Z,178890243933600
"""Heech @ wzsls5Sz57"" raises to 7.50",2026-09-08T21:20:38.321Z,178890243832100
"""rowan @ GthBpPSqaK"" calls 1.50",2026-09-08T21:20:30.460Z,178890243046000
"""R Y A N @ GO72Iwd2XL"" folds",2026-09-08T21:20:29.543Z,178890242954300
"""1bulletonly @ xZS3GKnBtu"" calls 1.50",2026-09-08T21:20:28.521Z,178890242852100
"""Rayan @ nhXZL_Cydv"" calls 1.50",2026-09-08T21:20:25.945Z,178890242594500
"""Kobe @ DRSv3IR7B7"" raises to 1.50",2026-09-08T21:20:23.944Z,178890242394400
"""Mr Bink @ IRFSw7AJ_c"" posts a big blind of 0.50",2026-09-08T21:20:20.653Z,178890242065311
"""jahan 2 @ iacG4hF18c"" posts a small blind of 0.25",2026-09-08T21:20:20.653Z,178890242065310
"Player stacks: #1 ""rowan @ GthBpPSqaK"" (311.12) | #2 ""Heech @ wzsls5Sz57"" (53.16) | #3 ""jahan 2 @ iacG4hF18c"" (256.81) | #4 ""Mr Bink @ IRFSw7AJ_c"" (51.25) | #5 ""Kobe @ DRSv3IR7B7"" (210.79) | #8 ""Rayan @ nhXZL_Cydv"" (50.00) | #9 ""1bulletonly @ xZS3GKnBtu"" (315.28) | #10 ""R Y A N @ GO72Iwd2XL"" (44.75)",2026-09-08T21:20:20.653Z,178890242065301
"-- starting hand #357 (id: bgmtonclvafi)  No Limit Texas Hold'em (dealer: ""Heech @ wzsls5Sz57"") --",2026-09-08T21:20:20.653Z,178890242065300
"""rowan @ GthBpPSqaK"" shows a J♥.",2026-09-08T21:20:17.149Z,178890241714900
"""1bulletonly @ xZS3GKnBtu"" shows a 3♣.",2026-09-08T21:20:15.378Z,178890241537800
"-- ending hand #356 --",2026-09-08T21:20:13.611Z,178890241361102
"""Kobe @ DRSv3IR7B7"" collected 24.49 from pot with Pair, 9's (combination: 6♥, J♣, K♥, 9♥, 9♣)",2026-09-08T21:20:13.611Z,178890241361101
"""Kobe @ DRSv3IR7B7"" shows a 9♥, K♥.",2026-09-08T21:20:13.611Z,178890241361100
"""1bulletonly @ xZS3GKnBtu"" calls 3.50",2026-09-08T21:20:12.765Z,178890241276500
"""Kobe @ DRSv3IR7B7"" bets 3.50",2026-09-08T21:19:59.825Z,178890239982500
"River: J♣, 3♠, 2♠, 9♣ [6♥]",2026-09-08T21:19:54.364Z,178890239436400
"""1bulletonly @ xZS3GKnBtu"" checks",2026-09-08T21:19:53.548Z,178890239354800
"""Kobe @ DRSv3IR7B7"" checks",2026-09-08T21:19:50.698Z,178890239069800
"Turn: J♣, 3♠, 2♠ [9♣]",2026-09-08T21:19:48.159Z,178890238815900
"""jahan 2 @ iacG4hF18c"" folds",2026-09-08T21:19:47.347Z,178890238734700
"""rowan @ GthBpPSqaK"" folds",2026-09-08T21:19:44.574Z,178890238457400
"""R Y A N @ GO72Iwd2XL"" folds",2026-09-08T21:19:39.674Z,178890237967400
"""1bulletonly @ xZS3GKnBtu"" calls 4.87",2026-09-08T21:19:38.695Z,178890237869500
"""Kobe @ DRSv3IR7B7"" bets 4.87",2026-09-08T21:19:36.822Z,178890237682200
"""jahan 2 @ iacG4hF18c"" checks",2026-09-08T21:19:31.050Z,178890237105000
"Flop:  [J♣, 3♠, 2♠]",2026-09-08T21:19:27.944Z,178890236794400
"""jahan 2 @ iacG4hF18c"" calls 1.50",2026-09-08T21:19:27.141Z,178890236714100
"""Heech @ wzsls5Sz57"" folds",2026-09-08T21:19:25.655Z,178890236565500
"""rowan @ GthBpPSqaK"" calls 1.50",2026-09-08T21:19:23.720Z,178890236372000
"""R Y A N @ GO72Iwd2XL"" calls 1.50",2026-09-08T21:19:22.792Z,178890236279200
"""1bulletonly @ xZS3GKnBtu"" calls 1.50",2026-09-08T21:19:21.856Z,178890236185600
"""Rayan @ nhXZL_Cydv"" folds",2026-09-08T21:19:20.904Z,178890236090400
"""Kobe @ DRSv3IR7B7"" raises to 1.50",2026-09-08T21:19:15.908Z,178890235590800
"""Mr Bink @ IRFSw7AJ_c"" folds",2026-09-08T21:19:13.741Z,178890235374100
"""jahan 2 @ iacG4hF18c"" posts a big blind of 0.50",2026-09-08T21:19:12.500Z,178890235250012
"""Heech @ wzsls5Sz57"" posts a small blind of 0.25",2026-09-08T21:19:12.500Z,178890235250011
"Player stacks: #1 ""rowan @ GthBpPSqaK"" (312.62) | #2 ""Heech @ wzsls5Sz57"" (53.41) | #3 ""jahan 2 @ iacG4hF18c"" (258.31) | #4 ""Mr Bink @ IRFSw7AJ_c"" (51.25) | #5 ""Kobe @ DRSv3IR7B7"" (196.17) | #8 ""Rayan @ nhXZL_Cydv"" (50.00) | #9 ""1bulletonly @ xZS3GKnBtu"" (325.15) | #10 ""R Y A N @ GO72Iwd2XL"" (46.25)",2026-09-08T21:19:12.500Z,178890235250002
"-- starting hand #356 (id: l58pbmwit062)  No Limit Texas Hold'em (dealer: ""rowan @ GthBpPSqaK"") --",2026-09-08T21:19:12.500Z,178890235250001
"The player ""Rayan @ nhXZL_Cydv"" rebought. New stack 50.00.",2026-09-08T21:19:12.500Z,178890235250000
"Waiting for the game owner to approve or reject pending rebuy requests.",2026-09-08T21:19:11.310Z,178890235131001
"The player ""Rayan @ nhXZL_Cydv"" requested a rebuy of 50.00.",2026-09-08T21:19:11.310Z,178890235131000
"Asking to busted players the rebuy decision.",2026-09-08T21:19:07.859Z,178890234785900
"-- ending hand #355 --",2026-09-08T21:18:59.808Z,178890233980802
"""jahan 2 @ iacG4hF18c"" collected 71.63 from pot with Full House, A's over 3's on the second run  (combination: 3♦, 3♥, A♠, A♦, A♣)",2026-09-08T21:18:59.808Z,178890233980801
"""jahan 2 @ iacG4hF18c"" collected 71.63 from pot with Three of a Kind, A's (combination: J♣, Q♦, A♠, A♦, A♣)",2026-09-08T21:18:59.808Z,178890233980800
"River (second run): A♣, 3♦, Q♦, J♣ [3♥]",2026-09-08T21:18:55.794Z,178890233579400
"River: A♣, 3♦, Q♦, J♣ [6♣]",2026-09-08T21:18:51.763Z,178890233176300
"""Rayan @ nhXZL_Cydv"" shows a J♠, Q♠.",2026-09-08T21:18:47.754Z,178890232775401
"""jahan 2 @ iacG4hF18c"" shows a A♠, A♦.",2026-09-08T21:18:47.754Z,178890232775400
"All players in hand choose to run it twice.",2026-09-08T21:18:46.877Z,178890232687701
"""jahan 2 @ iacG4hF18c"" chooses to  run it twice.",2026-09-08T21:18:46.877Z,178890232687700
"""Rayan @ nhXZL_Cydv"" chooses to  run it twice.",2026-09-08T21:18:45.988Z,178890232598800
"Remaining players decide whether to run it twice.",2026-09-08T21:18:45.069Z,178890232506901
"""jahan 2 @ iacG4hF18c"" calls 59.88",2026-09-08T21:18:45.069Z,178890232506900
"""Rayan @ nhXZL_Cydv"" raises to 59.88 and go all in",2026-09-08T21:18:25.668Z,178890230566800
"""jahan 2 @ iacG4hF18c"" bets 18.12",2026-09-08T21:18:23.784Z,178890230378400
"Turn: A♣, 3♦, Q♦ [J♣]",2026-09-08T21:18:18.291Z,178890229829100
"""Rayan @ nhXZL_Cydv"" calls 7.25",2026-09-08T21:18:17.475Z,178890229747500
"""Mr Bink @ IRFSw7AJ_c"" folds",2026-09-08T21:18:15.091Z,178890229509100
"""jahan 2 @ iacG4hF18c"" bets 7.25",2026-09-08T21:18:14.230Z,178890229423000
"Flop:  [A♣, 3♦, Q♦]",2026-09-08T21:18:06.885Z,178890228688500
"""Heech @ wzsls5Sz57"" folds",2026-09-08T21:18:06.044Z,178890228604400
"""rowan @ GthBpPSqaK"" folds",2026-09-08T21:18:03.851Z,178890228385100
"""R Y A N @ GO72Iwd2XL"" folds",2026-09-08T21:17:56.356Z,178890227635600
"""1bulletonly @ xZS3GKnBtu"" folds",2026-09-08T21:17:55.391Z,178890227539100
"""Rayan @ nhXZL_Cydv"" calls 2.75",2026-09-08T21:17:54.545Z,178890227454500
"""Kobe @ DRSv3IR7B7"" folds",2026-09-08T21:17:52.748Z,178890227274800
"""Mr Bink @ IRFSw7AJ_c"" calls 2.75",2026-09-08T21:17:51.828Z,178890227182800
"""jahan 2 @ iacG4hF18c"" raises to 2.75",2026-09-08T21:17:50.514Z,178890227051400
"""Heech @ wzsls5Sz57"" posts a big blind of 0.50",2026-09-08T21:17:46.381Z,178890226638111
"""rowan @ GthBpPSqaK"" posts a small blind of 0.25",2026-09-08T21:17:46.381Z,178890226638110
"Player stacks: #1 ""rowan @ GthBpPSqaK"" (312.87) | #2 ""Heech @ wzsls5Sz57"" (53.91) | #3 ""jahan 2 @ iacG4hF18c"" (184.93) | #4 ""Mr Bink @ IRFSw7AJ_c"" (54.00) | #5 ""Kobe @ DRSv3IR7B7"" (196.17) | #8 ""Rayan @ nhXZL_Cydv"" (69.88) | #9 ""1bulletonly @ xZS3GKnBtu"" (325.15) | #10 ""R Y A N @ GO72Iwd2XL"" (46.25)",2026-09-08T21:17:46.381Z,178890226638101
"-- starting hand #355 (id: qb8f1ljjvmby)  No Limit Texas Hold'em (dealer: ""R Y A N @ GO72Iwd2XL"") --",2026-09-08T21:17:46.381Z,178890226638100
"""jahan 2 @ iacG4hF18c"" shows a 7♦, 9♦.",2026-09-08T21:17:44.850Z,178890226485000
"""rowan @ GthBpPSqaK"" shows a A♦.",2026-09-08T21:17:42.776Z,178890226277600
"-- ending hand #354 --",2026-09-08T21:17:42.075Z,178890226207502
"""jahan 2 @ iacG4hF18c"" collected 49.00 from pot",2026-09-08T21:17:42.075Z,178890226207501
"Uncalled bet of 27.00 returned to ""jahan 2 @ iacG4hF18c""",2026-09-08T21:17:42.075Z,178890226207500
"""rowan @ GthBpPSqaK"" folds",2026-09-08T21:17:41.261Z,178890226126100
"""jahan 2 @ iacG4hF18c"" raises to 40.00",2026-09-08T21:17:32.340Z,178890225234000
"""rowan @ GthBpPSqaK"" bets 13.00",2026-09-08T21:17:23.868Z,178890224386800
"River: K♦, 5♦, Q♥, 2♠ [4♦]",2026-09-08T21:17:15.105Z,178890223510500
"""jahan 2 @ iacG4hF18c"" checks",2026-09-08T21:17:14.285Z,178890223428500
"""rowan @ GthBpPSqaK"" checks",2026-09-08T21:17:09.282Z,178890222928200
"Turn: K♦, 5♦, Q♥ [2♠]",2026-09-08T21:17:04.848Z,178890222484800
"""Rayan @ nhXZL_Cydv"" folds",2026-09-08T21:17:03.937Z,178890222393700
"""jahan 2 @ iacG4hF18c"" calls 5.75",2026-09-08T21:17:03.045Z,178890222304500
"""rowan @ GthBpPSqaK"" bets 5.75",2026-09-08T21:17:00.704Z,178890222070400
"Flop:  [K♦, 5♦, Q♥]",2026-09-08T21:16:57.224Z,178890221722400
"""Rayan @ nhXZL_Cydv"" calls 3.75",2026-09-08T21:16:56.419Z,178890221641900
"""jahan 2 @ iacG4hF18c"" calls 3.75",2026-09-08T21:16:54.456Z,178890221445600
"""rowan @ GthBpPSqaK"" raises to 3.75",2026-09-08T21:16:52.413Z,178890221241300
"""R Y A N @ GO72Iwd2XL"" folds",2026-09-08T21:16:48.869Z,178890220886900
"""1bulletonly @ xZS3GKnBtu"" folds",2026-09-08T21:16:47.897Z,178890220789700
"""Rayan @ nhXZL_Cydv"" calls 0.50",2026-09-08T21:16:47.035Z,178890220703500
"""Kobe @ DRSv3IR7B7"" folds",2026-09-08T21:16:41.691Z,178890220169100
"""Mr Bink @ IRFSw7AJ_c"" folds",2026-09-08T21:16:38.108Z,178890219810800
"""jahan 2 @ iacG4hF18c"" calls 0.50",2026-09-08T21:16:37.228Z,178890219722800
"""Heech @ wzsls5Sz57"" folds",2026-09-08T21:16:35.086Z,178890219508600
"""rowan @ GthBpPSqaK"" posts a big blind of 0.50",2026-09-08T21:16:33.478Z,178890219347811
"""R Y A N @ GO72Iwd2XL"" posts a small blind of 0.25",2026-09-08T21:16:33.478Z,178890219347810
"Player stacks: #1 ""rowan @ GthBpPSqaK"" (335.37) | #2 ""Heech @ wzsls5Sz57"" (53.91) | #3 ""jahan 2 @ iacG4hF18c"" (158.43) | #4 ""Mr Bink @ IRFSw7AJ_c"" (54.00) | #5 ""Kobe @ DRSv3IR7B7"" (196.17) | #8 ""Rayan @ nhXZL_Cydv"" (73.63) | #9 ""1bulletonly @ xZS3GKnBtu"" (325.15) | #10 ""R Y A N @ GO72Iwd2XL"" (46.50)",2026-09-08T21:16:33.478Z,178890219347801
"-- starting hand #354 (id: 91gc2ldgv330)  No Limit Texas Hold'em (dealer: ""1bulletonly @ xZS3GKnBtu"") --",2026-09-08T21:16:33.478Z,178890219347800
"-- ending hand #353 --",2026-09-08T21:16:27.469Z,178890218746903
"""Kobe @ DRSv3IR7B7"" collected 73.40 from pot with Pair, A's (combination: 8♠, 9♥, K♦, A♣, A♥)",2026-09-08T21:16:27.469Z,178890218746902
"""Kobe @ DRSv3IR7B7"" shows a A♣, 8♠.",2026-09-08T21:16:27.469Z,178890218746901
"""1bulletonly @ xZS3GKnBtu"" shows a 2♦, 6♥.",2026-09-08T21:16:27.469Z,178890218746900
"""Kobe @ DRSv3IR7B7"" calls 18.35",2026-09-08T21:16:26.641Z,178890218664100
"""1bulletonly @ xZS3GKnBtu"" bets 18.35",2026-09-08T21:16:16.147Z,178890217614700
"River: A♥, 4♠, 5♥, K♦ [9♥]",2026-09-08T21:16:12.052Z,178890217205200
"""1bulletonly @ xZS3GKnBtu"" calls 10.61",2026-09-08T21:16:11.190Z,178890217119000
"""Kobe @ DRSv3IR7B7"" bets 10.61",2026-09-08T21:16:09.739Z,178890216973900
"""1bulletonly @ xZS3GKnBtu"" checks",2026-09-08T21:16:03.608Z,178890216360800
"Turn: A♥, 4♠, 5♥ [K♦]",2026-09-08T21:16:02.203Z,178890216220300
"""Mr Bink @ IRFSw7AJ_c"" folds",2026-09-08T21:16:01.296Z,178890216129600
"""1bulletonly @ xZS3GKnBtu"" calls 3.87",2026-09-08T21:16:00.297Z,178890216029700
"""Rayan @ nhXZL_Cydv"" folds",2026-09-08T21:15:59.400Z,178890215940000
"""Kobe @ DRSv3IR7B7"" bets 3.87",2026-09-08T21:15:58.112Z,178890215811200
"""Mr Bink @ IRFSw7AJ_c"" checks",2026-09-08T21:15:43.569Z,178890214356900
"""1bulletonly @ xZS3GKnBtu"" checks",2026-09-08T21:15:41.740Z,178890214174000
"Flop:  [A♥, 4♠, 5♥]",2026-09-08T21:15:39.561Z,178890213956100
"""R Y A N @ GO72Iwd2XL"" folds",2026-09-08T21:15:38.724Z,178890213872400
"""1bulletonly @ xZS3GKnBtu"" calls 1.81",2026-09-08T21:15:37.806Z,178890213780600
"""Rayan @ nhXZL_Cydv"" calls 1.81",2026-09-08T21:15:36.971Z,178890213697100
"""Kobe @ DRSv3IR7B7"" calls 1.81",2026-09-08T21:15:35.529Z,178890213552900
"""Mr Bink @ IRFSw7AJ_c"" raises to 1.81",2026-09-08T21:15:32.186Z,178890213218600
"""jahan 2 @ iacG4hF18c"" folds",2026-09-08T21:15:23.688Z,178890212368800
"""Heech @ wzsls5Sz57"" folds",2026-09-08T21:15:22.837Z,178890212283700
"""rowan @ GthBpPSqaK"" folds",2026-09-08T21:15:19.511Z,178890211951100
"""R Y A N @ GO72Iwd2XL"" posts a big blind of 0.50",2026-09-08T21:15:17.954Z,178890211795411
"""1bulletonly @ xZS3GKnBtu"" posts a small blind of 0.25",2026-09-08T21:15:17.954Z,178890211795410
"Player stacks: #1 ""rowan @ GthBpPSqaK"" (335.37) | #2 ""Heech @ wzsls5Sz57"" (53.91) | #3 ""jahan 2 @ iacG4hF18c"" (158.43) | #4 ""Mr Bink @ IRFSw7AJ_c"" (55.81) | #5 ""Kobe @ DRSv3IR7B7"" (157.41) | #8 ""Rayan @ nhXZL_Cydv"" (75.44) | #9 ""1bulletonly @ xZS3GKnBtu"" (359.79) | #10 ""R Y A N @ GO72Iwd2XL"" (47.00)",2026-09-08T21:15:17.954Z,178890211795401
"-- starting hand #353 (id: xdbiphayxivx)  No Limit Texas Hold'em (dealer: ""Rayan @ nhXZL_Cydv"") --",2026-09-08T21:15:17.954Z,178890211795400
"-- ending hand #352 --",2026-09-08T21:15:09.940Z,178890210994002
"""Kobe @ DRSv3IR7B7"" collected 55.80 from pot with Three of a Kind, Q's on the second run  (combination: J♥, A♠, Q♦, Q♠, Q♣)",2026-09-08T21:15:09.940Z,178890210994001
"""Mr Bink @ IRFSw7AJ_c"" collected 55.81 from pot with Pair, K's (combination: 9♠, J♥, Q♠, K♣, K♦)",2026-09-08T21:15:09.940Z,178890210994000
"River (second run): Q♠, J♥, 5♣, 3♣ [Q♣]",2026-09-08T21:15:05.929Z,178890210592900
"Turn (second run): Q♠, J♥, 5♣ [3♣]",2026-09-08T21:15:01.921Z,178890210192100
"River: Q♠, J♥, 5♣, 2♦ [9♠]",2026-09-08T21:14:57.890Z,178890209789000
"Turn: Q♠, J♥, 5♣ [2♦]",2026-09-08T21:14:53.866Z,178890209386600
"""Kobe @ DRSv3IR7B7"" shows a Q♦, A♠.",2026-09-08T21:14:49.842Z,178890208984202
"""Mr Bink @ IRFSw7AJ_c"" shows a K♣, K♦.",2026-09-08T21:14:49.842Z,178890208984201
"Uncalled bet of 101.61 returned to ""Kobe @ DRSv3IR7B7""",2026-09-08T21:14:49.842Z,178890208984200
"All players in hand choose to run it twice.",2026-09-08T21:14:48.967Z,178890208896701
"""Kobe @ DRSv3IR7B7"" chooses to  run it twice.",2026-09-08T21:14:48.967Z,178890208896700
"""Mr Bink @ IRFSw7AJ_c"" chooses to  run it twice.",2026-09-08T21:14:48.420Z,178890208842000
"Remaining players decide whether to run it twice.",2026-09-08T21:14:47.618Z,178890208761801
"""Mr Bink @ IRFSw7AJ_c"" calls 49.43 and go all in",2026-09-08T21:14:47.618Z,178890208761800
"""Kobe @ DRSv3IR7B7"" raises to 151.04 and go all in",2026-09-08T21:14:42.515Z,178890208251500
"""Mr Bink @ IRFSw7AJ_c"" raises to 19.11",2026-09-08T21:14:29.643Z,178890206964300
"""Kobe @ DRSv3IR7B7"" bets 6.37",2026-09-08T21:14:27.230Z,178890206723000
"""Mr Bink @ IRFSw7AJ_c"" checks",2026-09-08T21:14:19.665Z,178890205966500
"Flop:  [Q♠, J♥, 5♣]",2026-09-08T21:14:16.846Z,178890205684600
"""jahan 2 @ iacG4hF18c"" folds",2026-09-08T21:14:16.039Z,178890205603900
"""rowan @ GthBpPSqaK"" folds",2026-09-08T21:14:15.136Z,178890205513600
"""1bulletonly @ xZS3GKnBtu"" folds",2026-09-08T21:14:10.946Z,178890205094600
"""Rayan @ nhXZL_Cydv"" folds",2026-09-08T21:14:09.873Z,178890204987300
"""Kobe @ DRSv3IR7B7"" calls 5.50",2026-09-08T21:14:07.874Z,178890204787400
"""Mr Bink @ IRFSw7AJ_c"" raises to 5.50",2026-09-08T21:14:04.690Z,178890204469000
"""jahan 2 @ iacG4hF18c"" calls 0.50",2026-09-08T21:13:59.526Z,178890203952600
"""Heech @ wzsls5Sz57"" folds",2026-09-08T21:13:47.574Z,178890202757400
"""rowan @ GthBpPSqaK"" calls 0.50",2026-09-08T21:13:46.208Z,178890202620800
"""R Y A N @ GO72Iwd2XL"" folds",2026-09-08T21:13:43.111Z,178890202311100
"""1bulletonly @ xZS3GKnBtu"" posts a big blind of 0.50",2026-09-08T21:13:41.665Z,178890202166511
"""Rayan @ nhXZL_Cydv"" posts a small blind of 0.25",2026-09-08T21:13:41.665Z,178890202166510
"Player stacks: #1 ""rowan @ GthBpPSqaK"" (335.87) | #2 ""Heech @ wzsls5Sz57"" (53.91) | #3 ""jahan 2 @ iacG4hF18c"" (158.93) | #4 ""Mr Bink @ IRFSw7AJ_c"" (54.93) | #5 ""Kobe @ DRSv3IR7B7"" (156.54) | #8 ""Rayan @ nhXZL_Cydv"" (75.69) | #9 ""1bulletonly @ xZS3GKnBtu"" (360.29) | #10 ""R Y A N @ GO72Iwd2XL"" (47.00)",2026-09-08T21:13:41.665Z,178890202166501
"-- starting hand #352 (id: yqlofbynin9q)  No Limit Texas Hold'em (dealer: ""Kobe @ DRSv3IR7B7"") --",2026-09-08T21:13:41.665Z,178890202166500
"""1bulletonly @ xZS3GKnBtu"" shows a 10♣, 10♦.",2026-09-08T21:13:33.873Z,178890201387300
"-- ending hand #351 --",2026-09-08T21:13:33.134Z,178890201313402
"""Kobe @ DRSv3IR7B7"" collected 53.91 from pot with Pair, J's on the second run  (combination: 6♠, 10♥, A♥, J♥, J♣)",2026-09-08T21:13:33.134Z,178890201313401
"""Heech @ wzsls5Sz57"" collected 53.91 from pot with Two Pair, K's & 7's (combination: Q♣, 7♥, 7♠, K♠, K♦)",2026-09-08T21:13:33.134Z,178890201313400
"River (second run): 10♥, 6♠, A♥, 3♠ [5♠]",2026-09-08T21:13:29.060Z,178890200906000
"Turn (second run): 10♥, 6♠, A♥ [3♠]",2026-09-08T21:13:25.048Z,178890200504800
"Flop (second run):  [10♥, 6♠, A♥]",2026-09-08T21:13:20.981Z,178890200098100
"River: 7♥, 2♠, K♦, 9♣ [7♠]",2026-09-08T21:13:16.976Z,178890199697600
"Turn: 7♥, 2♠, K♦ [9♣]",2026-09-08T21:13:12.970Z,178890199297000
"Flop:  [7♥, 2♠, K♦]",2026-09-08T21:13:08.943Z,178890198894300
"""Kobe @ DRSv3IR7B7"" shows a J♥, J♣.",2026-09-08T21:13:04.903Z,178890198490302
"""Heech @ wzsls5Sz57"" shows a K♠, Q♣.",2026-09-08T21:13:04.903Z,178890198490301
"Uncalled bet of 102.63 returned to ""Kobe @ DRSv3IR7B7""",2026-09-08T21:13:04.903Z,178890198490300
"All players in hand choose to run it twice.",2026-09-08T21:13:04.027Z,178890198402701
"""Heech @ wzsls5Sz57"" chooses to  run it twice.",2026-09-08T21:13:04.027Z,178890198402700
"""Kobe @ DRSv3IR7B7"" chooses to  run it twice.",2026-09-08T21:13:03.988Z,178890198398800
"Remaining players decide whether to run it twice.",2026-09-08T21:13:02.809Z,178890198280901
"""rowan @ GthBpPSqaK"" folds",2026-09-08T21:13:02.809Z,178890198280900
"""R Y A N @ GO72Iwd2XL"" folds",2026-09-08T21:13:01.897Z,178890198189700
"""1bulletonly @ xZS3GKnBtu"" folds",2026-09-08T21:12:52.800Z,178890197280000
"""Kobe @ DRSv3IR7B7"" raises to 134.54 and go all in",2026-09-08T21:12:30.182Z,178890195018200
"""Heech @ wzsls5Sz57"" raises to 31.91 and go all in",2026-09-08T21:12:26.557Z,178890194655700
"""rowan @ GthBpPSqaK"" calls 14.50",2026-09-08T21:12:21.891Z,178890194189100
"""R Y A N @ GO72Iwd2XL"" calls 14.50",2026-09-08T21:12:20.979Z,178890194097900
"""1bulletonly @ xZS3GKnBtu"" calls 14.50",2026-09-08T21:12:19.084Z,178890193908400
"""Rayan @ nhXZL_Cydv"" folds",2026-09-08T21:12:17.003Z,178890193700300
"""Kobe @ DRSv3IR7B7"" raises to 14.50",2026-09-08T21:12:08.733Z,178890192873300
"""Mr Bink @ IRFSw7AJ_c"" folds",2026-09-08T21:11:57.725Z,178890191772500
"""jahan 2 @ iacG4hF18c"" folds",2026-09-08T21:11:56.788Z,178890191678800
"""Heech @ wzsls5Sz57"" calls 2.75",2026-09-08T21:11:51.837Z,178890191183700
"""rowan @ GthBpPSqaK"" calls 2.75",2026-09-08T21:11:48.320Z,178890190832000
"""R Y A N @ GO72Iwd2XL"" calls 2.75",2026-09-08T21:11:47.448Z,178890190744800
"""1bulletonly @ xZS3GKnBtu"" raises to 2.75",2026-09-08T21:11:46.203Z,178890190620300
"""Rayan @ nhXZL_Cydv"" posts a big blind of 0.50",2026-09-08T21:11:42.885Z,178890190288511
"""Kobe @ DRSv3IR7B7"" posts a small blind of 0.25",2026-09-08T21:11:42.885Z,178890190288510
"Player stacks: #1 ""rowan @ GthBpPSqaK"" (350.37) | #2 ""Heech @ wzsls5Sz57"" (31.91) | #3 ""jahan 2 @ iacG4hF18c"" (158.93) | #4 ""Mr Bink @ IRFSw7AJ_c"" (54.93) | #5 ""Kobe @ DRSv3IR7B7"" (134.54) | #8 ""Rayan @ nhXZL_Cydv"" (76.19) | #9 ""1bulletonly @ xZS3GKnBtu"" (374.79) | #10 ""R Y A N @ GO72Iwd2XL"" (61.50)",2026-09-08T21:11:42.885Z,178890190288501
"-- starting hand #351 (id: lzzwavgn1kui)  No Limit Texas Hold'em (dealer: ""Mr Bink @ IRFSw7AJ_c"") --",2026-09-08T21:11:42.885Z,178890190288500
"""rowan @ GthBpPSqaK"" shows a A♠, Q♦.",2026-09-08T21:11:40.559Z,178890190055900
"""Heech @ wzsls5Sz57"" shows a 2♣, 2♦.",2026-09-08T21:11:38.743Z,178890189874300
"""Rayan @ nhXZL_Cydv"" shows a 9♠.",2026-09-08T21:11:38.725Z,178890189872500
"-- ending hand #350 --",2026-09-08T21:11:37.879Z,178890189787902
"""rowan @ GthBpPSqaK"" collected 27.00 from pot",2026-09-08T21:11:37.879Z,178890189787901
"Uncalled bet of 13.50 returned to ""rowan @ GthBpPSqaK""",2026-09-08T21:11:37.879Z,178890189787900
"""Heech @ wzsls5Sz57"" folds",2026-09-08T21:11:37.068Z,178890189706800
"""rowan @ GthBpPSqaK"" bets 13.50",2026-09-08T21:11:22.661Z,178890188266100
"River: 10♠, 6♠, 9♣, 9♦ [Q♣]",2026-09-08T21:11:19.142Z,178890187914200
"""1bulletonly @ xZS3GKnBtu"" folds",2026-09-08T21:11:18.313Z,178890187831300
"""jahan 2 @ iacG4hF18c"" folds",2026-09-08T21:11:15.069Z,178890187506900
"""Heech @ wzsls5Sz57"" calls 6.75",2026-09-08T21:11:14.116Z,178890187411600
"""rowan @ GthBpPSqaK"" bets 6.75",2026-09-08T21:11:06.862Z,178890186686200
"""1bulletonly @ xZS3GKnBtu"" checks",2026-09-08T21:11:04.000Z,178890186400000
"Turn: 10♠, 6♠, 9♣ [9♦]",2026-09-08T21:11:02.611Z,178890186261100
"""jahan 2 @ iacG4hF18c"" checks",2026-09-08T21:11:01.764Z,178890186176400
"""Heech @ wzsls5Sz57"" checks",2026-09-08T21:10:57.039Z,178890185703900
"""rowan @ GthBpPSqaK"" checks",2026-09-08T21:10:55.536Z,178890185553600
"""1bulletonly @ xZS3GKnBtu"" checks",2026-09-08T21:10:52.457Z,178890185245700
"Flop:  [10♠, 6♠, 9♣]",2026-09-08T21:10:50.379Z,178890185037900
"""1bulletonly @ xZS3GKnBtu"" calls 3.00",2026-09-08T21:10:49.543Z,178890184954300
"""Rayan @ nhXZL_Cydv"" folds",2026-09-08T21:10:48.510Z,178890184851000
"""Kobe @ DRSv3IR7B7"" folds",2026-09-08T21:10:47.642Z,178890184764200
"""Mr Bink @ IRFSw7AJ_c"" folds",2026-09-08T21:10:36.208Z,178890183620800
"""jahan 2 @ iacG4hF18c"" calls 3.00",2026-09-08T21:10:35.313Z,178890183531300
"""Heech @ wzsls5Sz57"" calls 3.00",2026-09-08T21:10:28.539Z,178890182853900
"""rowan @ GthBpPSqaK"" raises to 3.00",2026-09-08T21:10:27.294Z,178890182729400
"""R Y A N @ GO72Iwd2XL"" folds",2026-09-08T21:10:24.463Z,178890182446300
"""1bulletonly @ xZS3GKnBtu"" calls 0.50",2026-09-08T21:10:23.556Z,178890182355600
"""Rayan @ nhXZL_Cydv"" checks",2026-09-08T21:10:21.410Z,178890182141000
"""Rayan @ nhXZL_Cydv"" posts a missed big blind of 0.50",2026-09-08T21:10:19.949Z,178890181994914
"""Rayan @ nhXZL_Cydv"" posts a missing small blind of 0.25",2026-09-08T21:10:19.949Z,178890181994913
"""Kobe @ DRSv3IR7B7"" posts a big blind of 0.50",2026-09-08T21:10:19.949Z,178890181994912
"""Mr Bink @ IRFSw7AJ_c"" posts a small blind of 0.25",2026-09-08T21:10:19.949Z,178890181994911
"Player stacks: #1 ""rowan @ GthBpPSqaK"" (333.12) | #2 ""Heech @ wzsls5Sz57"" (41.66) | #3 ""jahan 2 @ iacG4hF18c"" (161.93) | #4 ""Mr Bink @ IRFSw7AJ_c"" (55.18) | #5 ""Kobe @ DRSv3IR7B7"" (135.04) | #8 ""Rayan @ nhXZL_Cydv"" (76.94) | #9 ""1bulletonly @ xZS3GKnBtu"" (377.79) | #10 ""R Y A N @ GO72Iwd2XL"" (61.50)",2026-09-08T21:10:19.949Z,178890181994902
"-- starting hand #350 (id: oilacpg0c0ev)  No Limit Texas Hold'em (dealer: ""jahan 2 @ iacG4hF18c"") --",2026-09-08T21:10:19.949Z,178890181994901
"The player ""Rayan @ nhXZL_Cydv"" joined the game with a stack of 76.94.",2026-09-08T21:10:19.949Z,178890181994900
"""Mr Bink @ IRFSw7AJ_c"" shows a A♦.",2026-09-08T21:10:18.248Z,178890181824800
"""Mr Bink @ IRFSw7AJ_c"" shows a 4♠.",2026-09-08T21:10:17.468Z,178890181746800
"-- ending hand #349 --",2026-09-08T21:10:16.338Z,178890181633802
"""rowan @ GthBpPSqaK"" collected 4.50 from pot",2026-09-08T21:10:16.338Z,178890181633801
"Uncalled bet of 3.37 returned to ""rowan @ GthBpPSqaK""",2026-09-08T21:10:16.338Z,178890181633800
"""jahan 2 @ iacG4hF18c"" folds",2026-09-08T21:10:15.469Z,178890181546900
"""rowan @ GthBpPSqaK"" bets 3.37",2026-09-08T21:10:14.531Z,178890181453100
"""jahan 2 @ iacG4hF18c"" checks",2026-09-08T21:10:11.919Z,178890181191900
"River: 5♥, 4♥, 5♣, 9♠ [2♦]",2026-09-08T21:10:11.607Z,178890181160700
"""rowan @ GthBpPSqaK"" checks",2026-09-08T21:10:10.786Z,178890181078600
"""jahan 2 @ iacG4hF18c"" checks",2026-09-08T21:10:09.877Z,178890180987700
"Turn: 5♥, 4♥, 5♣ [9♠]",2026-09-08T21:10:08.939Z,178890180893900
"""rowan @ GthBpPSqaK"" checks",2026-09-08T21:10:08.098Z,178890180809800
"""jahan 2 @ iacG4hF18c"" checks",2026-09-08T21:10:07.210Z,178890180721000
"Flop:  [5♥, 4♥, 5♣]",2026-09-08T21:10:04.936Z,178890180493600
"""Mr Bink @ IRFSw7AJ_c"" folds",2026-09-08T21:10:04.123Z,178890180412300
"""jahan 2 @ iacG4hF18c"" calls 2.00",2026-09-08T21:10:03.213Z,178890180321300
"""Heech @ wzsls5Sz57"" folds",2026-09-08T21:09:59.280Z,178890179928000
"""rowan @ GthBpPSqaK"" raises to 2.00",2026-09-08T21:09:57.747Z,178890179774700
"""R Y A N @ GO72Iwd2XL"" folds",2026-09-08T21:09:55.278Z,178890179527800
"""1bulletonly @ xZS3GKnBtu"" folds",2026-09-08T21:09:54.356Z,178890179435600
"""Kobe @ DRSv3IR7B7"" folds",2026-09-08T21:09:52.817Z,178890179281700
"The player ""Rayan @ nhXZL_Cydv"" sit back with the stack of 76.94.",2026-09-08T21:09:52.102Z,178890179210200
"""Mr Bink @ IRFSw7AJ_c"" posts a big blind of 0.50",2026-09-08T21:09:50.763Z,178890179076310
"""jahan 2 @ iacG4hF18c"" posts a small blind of 0.25",2026-09-08T21:09:50.763Z,178890179076309
"Player stacks: #1 ""rowan @ GthBpPSqaK"" (330.62) | #2 ""Heech @ wzsls5Sz57"" (41.66) | #3 ""jahan 2 @ iacG4hF18c"" (163.93) | #4 ""Mr Bink @ IRFSw7AJ_c"" (55.68) | #5 ""Kobe @ DRSv3IR7B7"" (135.04) | #9 ""1bulletonly @ xZS3GKnBtu"" (377.79) | #10 ""R Y A N @ GO72Iwd2XL"" (61.50)",2026-09-08T21:09:50.763Z,178890179076301
"-- starting hand #349 (id: vbmos4uymz5s)  No Limit Texas Hold'em (dealer: ""Heech @ wzsls5Sz57"") --",2026-09-08T21:09:50.763Z,178890179076300
"-- ending hand #348 --",2026-09-08T21:09:47.860Z,178890178786002
"""R Y A N @ GO72Iwd2XL"" collected 42.00 from pot",2026-09-08T21:09:47.860Z,178890178786001
"Uncalled bet of 19.50 returned to ""R Y A N @ GO72Iwd2XL""",2026-09-08T21:09:47.860Z,178890178786000
"""Kobe @ DRSv3IR7B7"" folds",2026-09-08T21:09:47.051Z,178890178705100
"""R Y A N @ GO72Iwd2XL"" bets 19.50 and go all in",2026-09-08T21:09:29.631Z,178890176963100
"""Kobe @ DRSv3IR7B7"" checks",2026-09-08T21:09:26.599Z,178890176659900
"River: 8♣, 4♣, J♣, 9♠ [4♥]",2026-09-08T21:09:23.747Z,178890176374700
"""Kobe @ DRSv3IR7B7"" calls 12.00",2026-09-08T21:09:22.905Z,178890176290500
"""R Y A N @ GO72Iwd2XL"" bets 12.00",2026-09-08T21:09:18.419Z,178890175841900
"""Kobe @ DRSv3IR7B7"" checks",2026-09-08T21:09:13.508Z,178890175350800
"Turn: 8♣, 4♣, J♣ [9♠]",2026-09-08T21:09:10.040Z,178890175004000
"""Kobe @ DRSv3IR7B7"" calls 6.00",2026-09-08T21:09:09.215Z,178890174921500
"""jahan 2 @ iacG4hF18c"" folds",2026-09-08T21:09:05.525Z,178890174552500
"""Heech @ wzsls5Sz57"" folds",2026-09-08T21:09:04.646Z,178890174464600
"""R Y A N @ GO72Iwd2XL"" bets 6.00",2026-09-08T21:09:01.199Z,178890174119900
"""Kobe @ DRSv3IR7B7"" checks",2026-09-08T21:08:58.463Z,178890173846300
"""jahan 2 @ iacG4hF18c"" checks",2026-09-08T21:08:53.822Z,178890173382200
"""Heech @ wzsls5Sz57"" checks",2026-09-08T21:08:52.981Z,178890173298100
"Flop:  [8♣, 4♣, J♣]",2026-09-08T21:08:44.946Z,178890172494600
"""jahan 2 @ iacG4hF18c"" calls 1.50",2026-09-08T21:08:44.082Z,178890172408200
"""Heech @ wzsls5Sz57"" calls 1.50",2026-09-08T21:08:41.945Z,178890172194500
"""rowan @ GthBpPSqaK"" folds",2026-09-08T21:08:34.995Z,178890171499500
"""R Y A N @ GO72Iwd2XL"" calls 1.50",2026-09-08T21:08:34.115Z,178890171411500
"""1bulletonly @ xZS3GKnBtu"" folds",2026-09-08T21:08:31.970Z,178890171197000
"""Kobe @ DRSv3IR7B7"" raises to 1.50",2026-09-08T21:08:31.015Z,178890171101500
"""Mr Bink @ IRFSw7AJ_c"" folds",2026-09-08T21:08:22.025Z,178890170202500
"""jahan 2 @ iacG4hF18c"" posts a big blind of 0.50",2026-09-08T21:08:21.044Z,178890170104410
"""Heech @ wzsls5Sz57"" posts a small blind of 0.25",2026-09-08T21:08:21.044Z,178890170104409
"Player stacks: #1 ""rowan @ GthBpPSqaK"" (330.62) | #2 ""Heech @ wzsls5Sz57"" (43.16) | #3 ""jahan 2 @ iacG4hF18c"" (165.43) | #4 ""Mr Bink @ IRFSw7AJ_c"" (55.68) | #5 ""Kobe @ DRSv3IR7B7"" (154.54) | #9 ""1bulletonly @ xZS3GKnBtu"" (377.79) | #10 ""R Y A N @ GO72Iwd2XL"" (39.00)",2026-09-08T21:08:21.044Z,178890170104401
"-- starting hand #348 (id: b52uclddra71)  No Limit Texas Hold'em (dealer: ""rowan @ GthBpPSqaK"") --",2026-09-08T21:08:21.044Z,178890170104400
"""1bulletonly @ xZS3GKnBtu"" shows a J♥, J♣.",2026-09-08T21:08:18.028Z,178890169802800
"""rowan @ GthBpPSqaK"" shows a Q♠, 3♠.",2026-09-08T21:08:17.325Z,178890169732500
"-- ending hand #347 --",2026-09-08T21:08:16.697Z,178890169669702
"""rowan @ GthBpPSqaK"" collected 35.00 from pot",2026-09-08T21:08:16.697Z,178890169669701
"Uncalled bet of 17.50 returned to ""rowan @ GthBpPSqaK""",2026-09-08T21:08:16.697Z,178890169669700
"""1bulletonly @ xZS3GKnBtu"" folds",2026-09-08T21:08:15.862Z,178890169586200
"""rowan @ GthBpPSqaK"" bets 17.50",2026-09-08T21:08:14.945Z,178890169494500
"River (second board): Q♦, 2♠, K♦, Q♣ [7♦]",2026-09-08T21:08:09.493Z,178890168949301
"River: 9♣, 5♣, 3♦, A♥ [Q♥]",2026-09-08T21:08:09.493Z,178890168949300
"""1bulletonly @ xZS3GKnBtu"" calls 8.75",2026-09-08T21:08:08.625Z,178890168862500
"""rowan @ GthBpPSqaK"" bets 8.75",2026-09-08T21:08:04.533Z,178890168453300
"Turn (second board): Q♦, 2♠, K♦ [Q♣]",2026-09-08T21:07:55.859Z,178890167585901
"Turn: 9♣, 5♣, 3♦ [A♥]",2026-09-08T21:07:55.859Z,178890167585900
"""Kobe @ DRSv3IR7B7"" folds",2026-09-08T21:07:55.032Z,178890167503200
"""Mr Bink @ IRFSw7AJ_c"" folds",2026-09-08T21:07:54.115Z,178890167411500
"""jahan 2 @ iacG4hF18c"" folds",2026-09-08T21:07:53.225Z,178890167322500
"""Heech @ wzsls5Sz57"" folds",2026-09-08T21:07:40.978Z,178890166097800
"""rowan @ GthBpPSqaK"" calls 5.25",2026-09-08T21:07:37.661Z,178890165766100
"""R Y A N @ GO72Iwd2XL"" folds",2026-09-08T21:07:35.681Z,178890165568100
"""1bulletonly @ xZS3GKnBtu"" bets 5.25",2026-09-08T21:07:33.676Z,178890165367600
"""Kobe @ DRSv3IR7B7"" checks",2026-09-08T21:07:30.457Z,178890165045700
"""Mr Bink @ IRFSw7AJ_c"" checks",2026-09-08T21:07:29.500Z,178890164950000
"""jahan 2 @ iacG4hF18c"" checks",2026-09-08T21:07:27.912Z,178890164791200
"""Heech @ wzsls5Sz57"" checks",2026-09-08T21:07:27.024Z,178890164702400
"""rowan @ GthBpPSqaK"" checks",2026-09-08T21:07:08.090Z,178890162809000
"Flop (second board):  [Q♦, 2♠, K♦]",2026-09-08T21:07:04.328Z,178890162432801
"Flop:  [9♣, 5♣, 3♦]",2026-09-08T21:07:04.328Z,178890162432800
"""Heech @ wzsls5Sz57"" calls 1.00 (bomb pot bet)",2026-09-08T21:07:03.471Z,178890162347100
"""rowan @ GthBpPSqaK"" calls 1.00 (bomb pot bet)",2026-09-08T21:07:02.662Z,178890162266200
"""R Y A N @ GO72Iwd2XL"" calls 1.00 (bomb pot bet)",2026-09-08T21:07:01.773Z,178890162177300
"""1bulletonly @ xZS3GKnBtu"" calls 1.00 (bomb pot bet)",2026-09-08T21:07:00.965Z,178890162096500
"""Kobe @ DRSv3IR7B7"" calls 1.00 (bomb pot bet)",2026-09-08T21:07:00.125Z,178890162012500
"""Mr Bink @ IRFSw7AJ_c"" calls 1.00 (bomb pot bet)",2026-09-08T21:06:59.300Z,178890161930000
"""jahan 2 @ iacG4hF18c"" posts a bet of 1.00 (bomb pot bet)",2026-09-08T21:06:58.469Z,178890161846900
"Player stacks: #1 ""rowan @ GthBpPSqaK"" (310.62) | #2 ""Heech @ wzsls5Sz57"" (44.16) | #3 ""jahan 2 @ iacG4hF18c"" (166.43) | #4 ""Mr Bink @ IRFSw7AJ_c"" (56.68) | #5 ""Kobe @ DRSv3IR7B7"" (155.54) | #9 ""1bulletonly @ xZS3GKnBtu"" (392.79) | #10 ""R Y A N @ GO72Iwd2XL"" (40.00)",2026-09-08T21:06:56.446Z,178890161644601
"-- starting hand #347 (id: kdoxeqlyeqit)  No Limit Texas Hold'em (dealer: ""R Y A N @ GO72Iwd2XL"") --",2026-09-08T21:06:56.446Z,178890161644600
"-- ending hand #346 --",2026-09-08T21:06:50.465Z,178890161046502
"""jahan 2 @ iacG4hF18c"" collected 22.00 from pot",2026-09-08T21:06:50.465Z,178890161046501
"Uncalled bet of 11.50 returned to ""jahan 2 @ iacG4hF18c""",2026-09-08T21:06:50.465Z,178890161046500
"""1bulletonly @ xZS3GKnBtu"" folds",2026-09-08T21:06:49.652Z,178890160965200
"""jahan 2 @ iacG4hF18c"" bets 11.50",2026-09-08T21:06:37.707Z,178890159770700
"Turn: 3♣, 5♥, 8♥ [Q♦]",2026-09-08T21:06:32.149Z,178890159214900
"""Heech @ wzsls5Sz57"" folds",2026-09-08T21:06:31.317Z,178890159131700
"""rowan @ GthBpPSqaK"" folds",2026-09-08T21:06:29.958Z,178890158995800
"""R Y A N @ GO72Iwd2XL"" folds",2026-09-08T21:06:27.710Z,178890158771000
"""1bulletonly @ xZS3GKnBtu"" calls 6.00",2026-09-08T21:06:26.794Z,178890158679400
"""jahan 2 @ iacG4hF18c"" bets 6.00",2026-09-08T21:06:22.005Z,178890158200500
"""Heech @ wzsls5Sz57"" checks",2026-09-08T21:06:16.443Z,178890157644300
"""rowan @ GthBpPSqaK"" checks",2026-09-08T21:06:14.127Z,178890157412700
"""R Y A N @ GO72Iwd2XL"" checks",2026-09-08T21:06:09.867Z,178890156986700
"Flop:  [3♣, 5♥, 8♥]",2026-09-08T21:06:07.019Z,178890156701900
"""jahan 2 @ iacG4hF18c"" calls 2.00",2026-09-08T21:06:06.209Z,178890156620900
"""Heech @ wzsls5Sz57"" calls 2.00",2026-09-08T21:06:03.204Z,178890156320400
"""rowan @ GthBpPSqaK"" calls 2.00",2026-09-08T21:06:01.756Z,178890156175600
"""R Y A N @ GO72Iwd2XL"" calls 2.00",2026-09-08T21:05:56.640Z,178890155664000
"""1bulletonly @ xZS3GKnBtu"" raises to 2.00",2026-09-08T21:05:54.597Z,178890155459700
"""Kobe @ DRSv3IR7B7"" folds",2026-09-08T21:05:51.130Z,178890155113000
"""Mr Bink @ IRFSw7AJ_c"" folds",2026-09-08T21:05:50.211Z,178890155021100
"""jahan 2 @ iacG4hF18c"" calls 0.50",2026-09-08T21:05:49.319Z,178890154931900
"""Heech @ wzsls5Sz57"" calls 0.50",2026-09-08T21:05:48.446Z,178890154844600
"""rowan @ GthBpPSqaK"" posts a big blind of 0.50",2026-09-08T21:05:42.916Z,178890154291610
"""R Y A N @ GO72Iwd2XL"" posts a small blind of 0.25",2026-09-08T21:05:42.916Z,178890154291609
"Player stacks: #1 ""rowan @ GthBpPSqaK"" (312.62) | #2 ""Heech @ wzsls5Sz57"" (46.16) | #3 ""jahan 2 @ iacG4hF18c"" (152.43) | #4 ""Mr Bink @ IRFSw7AJ_c"" (56.68) | #5 ""Kobe @ DRSv3IR7B7"" (155.54) | #9 ""1bulletonly @ xZS3GKnBtu"" (400.79) | #10 ""R Y A N @ GO72Iwd2XL"" (42.00)",2026-09-08T21:05:42.916Z,178890154291601
"-- starting hand #346 (id: itbknvamsomy)  No Limit Texas Hold'em (dealer: ""1bulletonly @ xZS3GKnBtu"") --",2026-09-08T21:05:42.916Z,178890154291600
"-- ending hand #345 --",2026-09-08T21:05:36.981Z,178890153698101
"""jahan 2 @ iacG4hF18c"" collected 1.25 from pot",2026-09-08T21:05:36.981Z,178890153698100
"""R Y A N @ GO72Iwd2XL"" folds",2026-09-08T21:05:36.165Z,178890153616500
"""1bulletonly @ xZS3GKnBtu"" folds",2026-09-08T21:05:34.026Z,178890153402600
"""Kobe @ DRSv3IR7B7"" folds",2026-09-08T21:05:33.162Z,178890153316200
"""Mr Bink @ IRFSw7AJ_c"" folds",2026-09-08T21:05:32.264Z,178890153226400
"""jahan 2 @ iacG4hF18c"" calls 0.50",2026-09-08T21:05:31.336Z,178890153133600
"""Heech @ wzsls5Sz57"" folds",2026-09-08T21:05:30.231Z,178890153023100
"""rowan @ GthBpPSqaK"" folds",2026-09-08T21:05:27.333Z,178890152733300
"""R Y A N @ GO72Iwd2XL"" posts a big blind of 0.50",2026-09-08T21:05:26.107Z,178890152610711
"""1bulletonly @ xZS3GKnBtu"" posts a small blind of 0.25",2026-09-08T21:05:26.107Z,178890152610710
"Player stacks: #1 ""rowan @ GthBpPSqaK"" (312.62) | #2 ""Heech @ wzsls5Sz57"" (46.16) | #3 ""jahan 2 @ iacG4hF18c"" (151.68) | #4 ""Mr Bink @ IRFSw7AJ_c"" (56.68) | #5 ""Kobe @ DRSv3IR7B7"" (155.54) | #9 ""1bulletonly @ xZS3GKnBtu"" (401.04) | #10 ""R Y A N @ GO72Iwd2XL"" (42.50)",2026-09-08T21:05:26.107Z,178890152610702
"-- starting hand #345 (id: bss8cpsdzc0u)  No Limit Texas Hold'em (dealer: ""Kobe @ DRSv3IR7B7"") --",2026-09-08T21:05:26.107Z,178890152610701
"The player ""Mr Bink @ IRFSw7AJ_c"" joined the game with a stack of 56.68.",2026-09-08T21:05:26.107Z,178890152610700
"-- ending hand #344 --",2026-09-08T21:05:23.103Z,178890152310302
"""1bulletonly @ xZS3GKnBtu"" collected 2.25 from pot",2026-09-08T21:05:23.103Z,178890152310301
"Uncalled bet of 0.50 returned to ""1bulletonly @ xZS3GKnBtu""",2026-09-08T21:05:23.103Z,178890152310300
"""jahan 2 @ iacG4hF18c"" folds",2026-09-08T21:05:22.194Z,178890152219400
"""1bulletonly @ xZS3GKnBtu"" bets 0.50",2026-09-08T21:05:21.094Z,178890152109400
"River: 9♦, 7♥, 4♠, 7♠ [5♦]",2026-09-08T21:05:19.921Z,178890151992100
"""jahan 2 @ iacG4hF18c"" calls 0.50",2026-09-08T21:05:19.094Z,178890151909400
"""1bulletonly @ xZS3GKnBtu"" bets 0.50",2026-09-08T21:05:18.112Z,178890151811200
"Turn: 9♦, 7♥, 4♠ [7♠]",2026-09-08T21:05:16.749Z,178890151674900
"""jahan 2 @ iacG4hF18c"" checks",2026-09-08T21:05:15.925Z,178890151592500
"""1bulletonly @ xZS3GKnBtu"" checks",2026-09-08T21:05:14.427Z,178890151442700
"Flop:  [9♦, 7♥, 4♠]",2026-09-08T21:05:12.297Z,178890151229700
"""1bulletonly @ xZS3GKnBtu"" checks",2026-09-08T21:05:11.446Z,178890151144600
"""Kobe @ DRSv3IR7B7"" folds",2026-09-08T21:05:09.964Z,178890150996400
"""jahan 2 @ iacG4hF18c"" calls 0.50",2026-09-08T21:05:08.984Z,178890150898400
"""Heech @ wzsls5Sz57"" folds",2026-09-08T21:05:08.008Z,178890150800800
"""rowan @ GthBpPSqaK"" folds",2026-09-08T21:05:07.145Z,178890150714500
"""R Y A N @ GO72Iwd2XL"" folds",2026-09-08T21:05:06.270Z,178890150627000
"""1bulletonly @ xZS3GKnBtu"" posts a big blind of 0.50",2026-09-08T21:05:04.092Z,178890150409209
"""Kobe @ DRSv3IR7B7"" posts a small blind of 0.25",2026-09-08T21:05:04.092Z,178890150409208
"Player stacks: #1 ""rowan @ GthBpPSqaK"" (312.62) | #2 ""Heech @ wzsls5Sz57"" (46.16) | #3 ""jahan 2 @ iacG4hF18c"" (152.68) | #5 ""Kobe @ DRSv3IR7B7"" (155.79) | #9 ""1bulletonly @ xZS3GKnBtu"" (399.79) | #10 ""R Y A N @ GO72Iwd2XL"" (42.50)",2026-09-08T21:05:04.092Z,178890150409201
"-- starting hand #344 (id: qhljrsh91zhn)  No Limit Texas Hold'em (dealer: ""jahan 2 @ iacG4hF18c"") --",2026-09-08T21:05:04.092Z,178890150409200
"The admin approved the player ""Mr Bink @ IRFSw7AJ_c"" participation with a stack of 56.68.",2026-09-08T21:05:02.164Z,178890150216400
"The player ""Mr Bink @ IRFSw7AJ_c"" requested a seat.",2026-09-08T21:05:00.611Z,178890150061100
"""Heech @ wzsls5Sz57"" shows a J♠.",2026-09-08T21:04:57.677Z,178890149767700
"""rowan @ GthBpPSqaK"" shows a 7♦, 2♦.",2026-09-08T21:04:57.191Z,178890149719100
"-- ending hand #343 --",2026-09-08T21:04:56.770Z,178890149677002
"""jahan 2 @ iacG4hF18c"" collected 9.00 from pot",2026-09-08T21:04:56.770Z,178890149677001
"Uncalled bet of 6.75 returned to ""jahan 2 @ iacG4hF18c""",2026-09-08T21:04:56.770Z,178890149677000
"""rowan @ GthBpPSqaK"" folds",2026-09-08T21:04:55.901Z,178890149590100
"""jahan 2 @ iacG4hF18c"" bets 6.75",2026-09-08T21:04:50.170Z,178890149017000
"Turn: J♦, 8♠, 9♥ [J♣]",2026-09-08T21:04:42.360Z,178890148236000
"""jahan 2 @ iacG4hF18c"" calls 2.25",2026-09-08T21:04:41.500Z,178890148150000
"""rowan @ GthBpPSqaK"" bets 2.25",2026-09-08T21:04:38.836Z,178890147883600
"""jahan 2 @ iacG4hF18c"" checks",2026-09-08T21:04:35.901Z,178890147590100
"Flop:  [J♦, 8♠, 9♥]",2026-09-08T21:04:33.551Z,178890147355100
"""Kobe @ DRSv3IR7B7"" folds",2026-09-08T21:04:32.695Z,178890147269500
"""jahan 2 @ iacG4hF18c"" calls 2.00",2026-09-08T21:04:31.719Z,178890147171900
"""Heech @ wzsls5Sz57"" folds",2026-09-08T21:04:30.594Z,178890147059400
"""rowan @ GthBpPSqaK"" raises to 2.00",2026-09-08T21:04:29.708Z,178890146970800
"""R Y A N @ GO72Iwd2XL"" folds",2026-09-08T21:04:27.393Z,178890146739300
"""1bulletonly @ xZS3GKnBtu"" folds",2026-09-08T21:04:26.419Z,178890146641900
"""Kobe @ DRSv3IR7B7"" posts a big blind of 0.50",2026-09-08T21:04:24.464Z,178890146446409
"""jahan 2 @ iacG4hF18c"" posts a small blind of 0.25",2026-09-08T21:04:24.464Z,178890146446408
"Player stacks: #1 ""rowan @ GthBpPSqaK"" (316.87) | #2 ""Heech @ wzsls5Sz57"" (46.16) | #3 ""jahan 2 @ iacG4hF18c"" (147.93) | #5 ""Kobe @ DRSv3IR7B7"" (156.29) | #9 ""1bulletonly @ xZS3GKnBtu"" (399.79) | #10 ""R Y A N @ GO72Iwd2XL"" (42.50)",2026-09-08T21:04:24.464Z,178890146446401
"-- starting hand #343 (id: uugmkrlkbf0q)  No Limit Texas Hold'em (dealer: ""Heech @ wzsls5Sz57"") --",2026-09-08T21:04:24.464Z,178890146446400
"-- ending hand #342 --",2026-09-08T21:04:21.542Z,178890146154202
"""jahan 2 @ iacG4hF18c"" collected 8.00 from pot",2026-09-08T21:04:21.542Z,178890146154201
"Uncalled bet of 6.00 returned to ""jahan 2 @ iacG4hF18c""",2026-09-08T21:04:21.542Z,178890146154200
"""Heech @ wzsls5Sz57"" folds",2026-09-08T21:04:20.675Z,178890146067500
"""rowan @ GthBpPSqaK"" folds",2026-09-08T21:04:19.806Z,178890145980600
"""R Y A N @ GO72Iwd2XL"" folds",2026-09-08T21:04:18.916Z,178890145891600
"""jahan 2 @ iacG4hF18c"" bets 6.00",2026-09-08T21:04:17.562Z,178890145756200
"""Heech @ wzsls5Sz57"" checks",2026-09-08T21:04:14.018Z,178890145401800
"River: 2♠, 7♥, Q♥, 3♦ [6♥]",2026-09-08T21:04:12.232Z,178890145223200
"""rowan @ GthBpPSqaK"" checks",2026-09-08T21:04:11.423Z,178890145142300
"""R Y A N @ GO72Iwd2XL"" checks",2026-09-08T21:04:10.515Z,178890145051500
"""jahan 2 @ iacG4hF18c"" checks",2026-09-08T21:04:09.381Z,178890144938100
"""Heech @ wzsls5Sz57"" checks",2026-09-08T21:04:08.404Z,178890144840400
"Turn: 2♠, 7♥, Q♥ [3♦]",2026-09-08T21:04:06.790Z,178890144679000
"""rowan @ GthBpPSqaK"" checks",2026-09-08T21:04:05.954Z,178890144595400
"""R Y A N @ GO72Iwd2XL"" checks",2026-09-08T21:04:05.087Z,178890144508700
"""jahan 2 @ iacG4hF18c"" checks",2026-09-08T21:04:03.942Z,178890144394200
"""Heech @ wzsls5Sz57"" checks",2026-09-08T21:04:02.213Z,178890144221300
"Flop:  [2♠, 7♥, Q♥]",2026-09-08T21:03:58.386Z,178890143838600
"""rowan @ GthBpPSqaK"" calls 2.00",2026-09-08T21:03:57.543Z,178890143754300
"""R Y A N @ GO72Iwd2XL"" calls 2.00",2026-09-08T21:03:56.686Z,178890143668600
"""jahan 2 @ iacG4hF18c"" calls 2.00",2026-09-08T21:03:55.552Z,178890143555200
"""Heech @ wzsls5Sz57"" raises to 2.00",2026-09-08T21:03:54.673Z,178890143467300
"""rowan @ GthBpPSqaK"" calls 0.50",2026-09-08T21:03:49.670Z,178890142967000
"""R Y A N @ GO72Iwd2XL"" calls 0.50",2026-09-08T21:03:48.689Z,178890142868900
"""1bulletonly @ xZS3GKnBtu"" folds",2026-09-08T21:03:47.728Z,178890142772800
"""Kobe @ DRSv3IR7B7"" folds",2026-09-08T21:03:46.681Z,178890142668100
"""jahan 2 @ iacG4hF18c"" posts a big blind of 0.50",2026-09-08T21:03:45.289Z,178890142528909
"""Heech @ wzsls5Sz57"" posts a small blind of 0.25",2026-09-08T21:03:45.289Z,178890142528908
"Player stacks: #1 ""rowan @ GthBpPSqaK"" (318.87) | #2 ""Heech @ wzsls5Sz57"" (48.16) | #3 ""jahan 2 @ iacG4hF18c"" (141.93) | #5 ""Kobe @ DRSv3IR7B7"" (156.29) | #9 ""1bulletonly @ xZS3GKnBtu"" (399.79) | #10 ""R Y A N @ GO72Iwd2XL"" (44.50)",2026-09-08T21:03:45.289Z,178890142528901
"-- starting hand #342 (id: zylbsjohnoxx)  No Limit Texas Hold'em (dealer: ""rowan @ GthBpPSqaK"") --",2026-09-08T21:03:45.289Z,178890142528900
"-- ending hand #341 --",2026-09-08T21:03:39.271Z,178890141927103
"""jahan 2 @ iacG4hF18c"" collected 32.97 from pot with Two Pair, J's & 8's (combination: 5♣, 8♣, 8♥, J♣, J♦)",2026-09-08T21:03:39.271Z,178890141927102
"""jahan 2 @ iacG4hF18c"" shows a J♣, J♦.",2026-09-08T21:03:39.271Z,178890141927101
"""rowan @ GthBpPSqaK"" shows a 7♣, 7♦.",2026-09-08T21:03:39.271Z,178890141927100
"""jahan 2 @ iacG4hF18c"" calls 8.24",2026-09-08T21:03:38.417Z,178890141841700
"""rowan @ GthBpPSqaK"" bets 8.24",2026-09-08T21:03:36.694Z,178890141669400
"River: 8♣, 5♣, 2♣, 8♥ [3♠]",2026-09-08T21:03:33.359Z,178890141335900
"""jahan 2 @ iacG4hF18c"" checks",2026-09-08T21:03:32.546Z,178890141254600
"""rowan @ GthBpPSqaK"" checks",2026-09-08T21:03:28.583Z,178890140858300
"Turn: 8♣, 5♣, 2♣ [8♥]",2026-09-08T21:03:26.109Z,178890140610900
"""rowan @ GthBpPSqaK"" calls 3.87",2026-09-08T21:03:25.292Z,178890140529200
"""R Y A N @ GO72Iwd2XL"" folds",2026-09-08T21:03:23.049Z,178890140304900
"""jahan 2 @ iacG4hF18c"" bets 3.87",2026-09-08T21:03:21.636Z,178890140163600
"""rowan @ GthBpPSqaK"" checks",2026-09-08T21:03:16.181Z,178890139618100
"Flop:  [8♣, 5♣, 2♣]",2026-09-08T21:03:10.978Z,178890139097800
"""Heech @ wzsls5Sz57"" folds",2026-09-08T21:03:10.167Z,178890139016700
"""rowan @ GthBpPSqaK"" calls 2.75",2026-09-08T21:03:05.405Z,178890138540500
"""R Y A N @ GO72Iwd2XL"" calls 2.75",2026-09-08T21:03:04.536Z,178890138453600
"""1bulletonly @ xZS3GKnBtu"" folds",2026-09-08T21:03:02.651Z,178890138265100
"""Kobe @ DRSv3IR7B7"" folds",2026-09-08T21:02:58.650Z,178890137865000
"""jahan 2 @ iacG4hF18c"" raises to 2.75",2026-09-08T21:02:57.728Z,178890137772800
"""Heech @ wzsls5Sz57"" posts a big blind of 0.50",2026-09-08T21:02:53.271Z,178890137327111
"""rowan @ GthBpPSqaK"" posts a small blind of 0.25",2026-09-08T21:02:53.271Z,178890137327110
"Player stacks: #1 ""rowan @ GthBpPSqaK"" (333.73) | #2 ""Heech @ wzsls5Sz57"" (48.66) | #3 ""jahan 2 @ iacG4hF18c"" (123.82) | #5 ""Kobe @ DRSv3IR7B7"" (156.29) | #9 ""1bulletonly @ xZS3GKnBtu"" (399.79) | #10 ""R Y A N @ GO72Iwd2XL"" (47.25)",2026-09-08T21:02:53.271Z,178890137327103
"-- starting hand #341 (id: xmdt2mjufr2h)  No Limit Texas Hold'em (dealer: ""R Y A N @ GO72Iwd2XL"") --",2026-09-08T21:02:53.271Z,178890137327102
"The player ""Will @ h_ZrezeXHs"" quits the game with a stack of 71.84.",2026-09-08T21:02:53.271Z,178890137327101
"The player ""Will @ h_ZrezeXHs"" stand up with the stack of 71.84.",2026-09-08T21:02:53.271Z,178890137327100
"-- ending hand #340 --",2026-09-08T21:02:47.265Z,178890136726503
"""1bulletonly @ xZS3GKnBtu"" collected 18.11 from pot with Two Pair, A's & K's (combination: 9♠, K♥, K♦, A♦, A♥)",2026-09-08T21:02:47.265Z,178890136726502
"""1bulletonly @ xZS3GKnBtu"" shows a A♦, A♥.",2026-09-08T21:02:47.265Z,178890136726501
"""jahan 2 @ iacG4hF18c"" shows a 7♦, 5♣.",2026-09-08T21:02:47.265Z,178890136726500
"""1bulletonly @ xZS3GKnBtu"" checks",2026-09-08T21:02:46.416Z,178890136641600
"""jahan 2 @ iacG4hF18c"" checks",2026-09-08T21:02:40.513Z,178890136051300
"River: 2♣, K♥, 9♠, K♦ [2♠]",2026-09-08T21:02:30.856Z,178890135085600
"""1bulletonly @ xZS3GKnBtu"" calls 5.43",2026-09-08T21:02:29.957Z,178890134995700
"""jahan 2 @ iacG4hF18c"" bets 5.43",2026-09-08T21:02:25.780Z,178890134578000
"Turn: 2♣, K♥, 9♠ [K♦]",2026-09-08T21:02:18.711Z,178890133871100
"""1bulletonly @ xZS3GKnBtu"" checks",2026-09-08T21:02:17.886Z,178890133788600
"""jahan 2 @ iacG4hF18c"" checks",2026-09-08T21:02:15.837Z,178890133583700
"Flop:  [2♣, K♥, 9♠]",2026-09-08T21:02:12.057Z,178890133205700
"""jahan 2 @ iacG4hF18c"" calls 3.25",2026-09-08T21:02:11.232Z,178890133123200
"""rowan @ GthBpPSqaK"" folds",2026-09-08T21:02:09.727Z,178890132972700
"""R Y A N @ GO72Iwd2XL"" folds",2026-09-08T21:02:08.843Z,178890132884300
"""1bulletonly @ xZS3GKnBtu"" raises to 3.25",2026-09-08T21:02:07.909Z,178890132790900
"""Kobe @ DRSv3IR7B7"" folds",2026-09-08T21:02:03.448Z,178890132344800
"""Will @ h_ZrezeXHs"" folds",2026-09-08T21:02:02.527Z,178890132252700
"""jahan 2 @ iacG4hF18c"" calls 0.50",2026-09-08T21:02:00.908Z,178890132090800
"""Heech @ wzsls5Sz57"" folds",2026-09-08T21:01:59.257Z,178890131925700
"""rowan @ GthBpPSqaK"" posts a big blind of 0.50",2026-09-08T21:01:55.661Z,178890131566110
"""R Y A N @ GO72Iwd2XL"" posts a small blind of 0.25",2026-09-08T21:01:55.661Z,178890131566109
"Player stacks: #1 ""rowan @ GthBpPSqaK"" (334.23) | #2 ""Heech @ wzsls5Sz57"" (48.66) | #3 ""jahan 2 @ iacG4hF18c"" (132.50) | #4 ""Will @ h_ZrezeXHs"" (71.84) | #5 ""Kobe @ DRSv3IR7B7"" (156.29) | #9 ""1bulletonly @ xZS3GKnBtu"" (390.36) | #10 ""R Y A N @ GO72Iwd2XL"" (47.50)",2026-09-08T21:01:55.661Z,178890131566101
"-- starting hand #340 (id: extan3a2f9ix)  No Limit Texas Hold'em (dealer: ""1bulletonly @ xZS3GKnBtu"") --",2026-09-08T21:01:55.661Z,178890131566100
"-- ending hand #339 --",2026-09-08T21:01:49.753Z,178890130975302
"""rowan @ GthBpPSqaK"" collected 12.50 from pot",2026-09-08T21:01:49.753Z,178890130975301
"Uncalled bet of 6.25 returned to ""rowan @ GthBpPSqaK""",2026-09-08T21:01:49.753Z,178890130975300
"""R Y A N @ GO72Iwd2XL"" folds",2026-09-08T21:01:48.877Z,178890130887700
"""1bulletonly @ xZS3GKnBtu"" folds",2026-09-08T21:01:47.876Z,178890130787600
"""Will @ h_ZrezeXHs"" folds",2026-09-08T21:01:38.419Z,178890129841900
"""jahan 2 @ iacG4hF18c"" folds",2026-09-08T21:01:37.512Z,178890129751200
"""rowan @ GthBpPSqaK"" bets 6.25",2026-09-08T21:01:36.016Z,178890129601600
"""R Y A N @ GO72Iwd2XL"" checks",2026-09-08T21:01:33.184Z,178890129318400
"""1bulletonly @ xZS3GKnBtu"" checks",2026-09-08T21:01:31.506Z,178890129150600
"Turn: A♦, 7♣, 4♣ [Q♠]",2026-09-08T21:01:21.006Z,178890128100600
"""Will @ h_ZrezeXHs"" checks",2026-09-08T21:01:20.157Z,178890128015700
"""jahan 2 @ iacG4hF18c"" checks",2026-09-08T21:01:18.482Z,178890127848200
"""rowan @ GthBpPSqaK"" checks",2026-09-08T21:01:14.052Z,178890127405200
"""R Y A N @ GO72Iwd2XL"" checks",2026-09-08T21:01:13.189Z,178890127318900
"""1bulletonly @ xZS3GKnBtu"" checks",2026-09-08T21:01:10.877Z,178890127087700
"Flop:  [A♦, 7♣, 4♣]",2026-09-08T21:01:09.195Z,178890126919500
"""R Y A N @ GO72Iwd2XL"" calls 2.50",2026-09-08T21:01:08.377Z,178890126837700
"""1bulletonly @ xZS3GKnBtu"" calls 2.50",2026-09-08T21:01:07.419Z,178890126741900
"""Kobe @ DRSv3IR7B7"" folds",2026-09-08T21:01:06.153Z,178890126615300
"""Will @ h_ZrezeXHs"" calls 2.50",2026-09-08T21:01:05.135Z,178890126513500
"""jahan 2 @ iacG4hF18c"" calls 2.50",2026-09-08T21:01:03.982Z,178890126398200
"""Heech @ wzsls5Sz57"" folds",2026-09-08T21:01:01.719Z,178890126171900
"""rowan @ GthBpPSqaK"" raises to 2.50",2026-09-08T21:00:55.932Z,178890125593200
"""R Y A N @ GO72Iwd2XL"" posts a big blind of 0.50",2026-09-08T21:00:53.350Z,178890125335011
"""1bulletonly @ xZS3GKnBtu"" posts a small blind of 0.25",2026-09-08T21:00:53.350Z,178890125335010
"Player stacks: #1 ""rowan @ GthBpPSqaK"" (324.23) | #2 ""Heech @ wzsls5Sz57"" (48.66) | #3 ""jahan 2 @ iacG4hF18c"" (135.00) | #4 ""Will @ h_ZrezeXHs"" (74.34) | #5 ""Kobe @ DRSv3IR7B7"" (156.29) | #9 ""1bulletonly @ xZS3GKnBtu"" (392.86) | #10 ""R Y A N @ GO72Iwd2XL"" (50.00)",2026-09-08T21:00:53.350Z,178890125335002
"-- starting hand #339 (id: ljnxvilqs5p6)  No Limit Texas Hold'em (dealer: ""Kobe @ DRSv3IR7B7"") --",2026-09-08T21:00:53.350Z,178890125335001
"The player ""R Y A N @ GO72Iwd2XL"" rebought. New stack 50.00.",2026-09-08T21:00:53.350Z,178890125335000
"Waiting for the game owner to approve or reject pending rebuy requests.",2026-09-08T21:00:52.540Z,178890125254001
"The player ""R Y A N @ GO72Iwd2XL"" requested a rebuy of 50.00.",2026-09-08T21:00:52.540Z,178890125254000
"Asking to busted players the rebuy decision.",2026-09-08T21:00:48.759Z,178890124875900
"-- ending hand #338 --",2026-09-08T21:00:42.753Z,178890124275304
"""R Y A N @ GO72Iwd2XL"" shows a J♣, K♦.",2026-09-08T21:00:42.753Z,178890124275303
"""1bulletonly @ xZS3GKnBtu"" collected 143.75 from pot with Straight, Q High (combination: 8♣, 9♦, 10♥, J♥, Q♠)",2026-09-08T21:00:42.753Z,178890124275302
"""1bulletonly @ xZS3GKnBtu"" shows a Q♠, 9♦.",2026-09-08T21:00:42.753Z,178890124275301
"Uncalled bet of 10.93 returned to ""1bulletonly @ xZS3GKnBtu""",2026-09-08T21:00:42.753Z,178890124275300
"""R Y A N @ GO72Iwd2XL"" calls 30.47 and go all in",2026-09-08T21:00:41.924Z,178890124192400
"""1bulletonly @ xZS3GKnBtu"" bets 41.40",2026-09-08T21:00:20.585Z,178890122058500
"River: J♥, 6♦, 10♥, 8♣ [5♣]",2026-09-08T21:00:14.417Z,178890121441700
"""R Y A N @ GO72Iwd2XL"" calls 29.60",2026-09-08T21:00:13.536Z,178890121353600
"""1bulletonly @ xZS3GKnBtu"" raises to 29.60",2026-09-08T21:00:00.754Z,178890120075400
"""R Y A N @ GO72Iwd2XL"" bets 13.30",2026-09-08T20:59:48.841Z,178890118884100
"""1bulletonly @ xZS3GKnBtu"" checks",2026-09-08T20:59:43.303Z,178890118330300
"Turn: J♥, 6♦, 10♥ [8♣]",2026-09-08T20:59:40.841Z,178890118084100
"""1bulletonly @ xZS3GKnBtu"" calls 6.68",2026-09-08T20:59:40.014Z,178890118001400
"""jahan 2 @ iacG4hF18c"" folds",2026-09-08T20:59:36.517Z,178890117651700
"""rowan @ GthBpPSqaK"" folds",2026-09-08T20:59:26.426Z,178890116642600
"""R Y A N @ GO72Iwd2XL"" bets 6.68",2026-09-08T20:59:25.372Z,178890116537200
"""1bulletonly @ xZS3GKnBtu"" checks",2026-09-08T20:59:19.033Z,178890115903300
"Flop:  [J♥, 6♦, 10♥]",2026-09-08T20:59:15.229Z,178890115522900
"""1bulletonly @ xZS3GKnBtu"" calls 2.50",2026-09-08T20:59:14.372Z,178890115437200
"""Kobe @ DRSv3IR7B7"" folds",2026-09-08T20:59:12.411Z,178890115241100
"""Will @ h_ZrezeXHs"" folds",2026-09-08T20:59:11.201Z,178890115120100
"""jahan 2 @ iacG4hF18c"" calls 2.50",2026-09-08T20:59:10.287Z,178890115028700
"""Heech @ wzsls5Sz57"" folds",2026-09-08T20:59:08.585Z,178890114858500
"""rowan @ GthBpPSqaK"" calls 2.50",2026-09-08T20:59:07.685Z,178890114768500
"""R Y A N @ GO72Iwd2XL"" raises to 2.50",2026-09-08T20:59:06.692Z,178890114669200
"""1bulletonly @ xZS3GKnBtu"" posts a big blind of 0.50",2026-09-08T20:59:03.474Z,178890114347410
"""Kobe @ DRSv3IR7B7"" posts a small blind of 0.25",2026-09-08T20:59:03.474Z,178890114347409
"Player stacks: #1 ""rowan @ GthBpPSqaK"" (326.73) | #2 ""Heech @ wzsls5Sz57"" (48.66) | #3 ""jahan 2 @ iacG4hF18c"" (137.50) | #4 ""Will @ h_ZrezeXHs"" (74.34) | #5 ""Kobe @ DRSv3IR7B7"" (156.54) | #9 ""1bulletonly @ xZS3GKnBtu"" (318.36) | #10 ""R Y A N @ GO72Iwd2XL"" (69.25)",2026-09-08T20:59:03.474Z,178890114347401
"-- starting hand #338 (id: flsimmnkjbaa)  No Limit Texas Hold'em (dealer: ""Will @ h_ZrezeXHs"") --",2026-09-08T20:59:03.474Z,178890114347400
"-- ending hand #337 --",2026-09-08T20:58:57.530Z,178890113753002
"""R Y A N @ GO72Iwd2XL"" collected 11.00 from pot",2026-09-08T20:58:57.530Z,178890113753001
"Uncalled bet of 7.00 returned to ""R Y A N @ GO72Iwd2XL""",2026-09-08T20:58:57.530Z,178890113753000
"""jahan 2 @ iacG4hF18c"" folds",2026-09-08T20:58:56.697Z,178890113669700
"""Heech @ wzsls5Sz57"" folds",2026-09-08T20:58:48.200Z,178890112820000
"""rowan @ GthBpPSqaK"" folds",2026-09-08T20:58:44.886Z,178890112488600
"""R Y A N @ GO72Iwd2XL"" bets 7.00",2026-09-08T20:58:43.717Z,178890112371700
"Flop:  [9♥, 8♣, 7♠]",2026-09-08T20:58:39.255Z,178890111925500
"""Kobe @ DRSv3IR7B7"" folds",2026-09-08T20:58:38.389Z,178890111838900
"""Will @ h_ZrezeXHs"" folds",2026-09-08T20:58:37.451Z,178890111745100
"""jahan 2 @ iacG4hF18c"" calls 2.50",2026-09-08T20:58:36.537Z,178890111653700
"""Heech @ wzsls5Sz57"" calls 2.50",2026-09-08T20:58:33.313Z,178890111331300
"""rowan @ GthBpPSqaK"" calls 2.50",2026-09-08T20:58:30.210Z,178890111021000
"""R Y A N @ GO72Iwd2XL"" raises to 2.50",2026-09-08T20:58:28.064Z,178890110806400
"""1bulletonly @ xZS3GKnBtu"" folds",2026-09-08T20:58:24.712Z,178890110471200
"""Heech @ wzsls5Sz57"" posts a missed big blind of 0.50",2026-09-08T20:58:23.178Z,178890110317813
"""Heech @ wzsls5Sz57"" posts a missing small blind of 0.25",2026-09-08T20:58:23.178Z,178890110317812
"""Kobe @ DRSv3IR7B7"" posts a big blind of 0.50",2026-09-08T20:58:23.178Z,178890110317811
"""Will @ h_ZrezeXHs"" posts a small blind of 0.25",2026-09-08T20:58:23.178Z,178890110317810
"Player stacks: #1 ""rowan @ GthBpPSqaK"" (329.23) | #2 ""Heech @ wzsls5Sz57"" (51.41) | #3 ""jahan 2 @ iacG4hF18c"" (140.00) | #4 ""Will @ h_ZrezeXHs"" (74.59) | #5 ""Kobe @ DRSv3IR7B7"" (157.04) | #9 ""1bulletonly @ xZS3GKnBtu"" (318.36) | #10 ""R Y A N @ GO72Iwd2XL"" (60.75)",2026-09-08T20:58:23.178Z,178890110317802
"-- starting hand #337 (id: wwnxbmkvzzmr)  No Limit Texas Hold'em (dealer: ""jahan 2 @ iacG4hF18c"") --",2026-09-08T20:58:23.178Z,178890110317801
"The player ""Heech @ wzsls5Sz57"" joined the game with a stack of 51.41.",2026-09-08T20:58:23.178Z,178890110317800
"""Kobe @ DRSv3IR7B7"" shows a K♦.",2026-09-08T20:58:19.183Z,178890109918300
"-- ending hand #336 --",2026-09-08T20:58:16.570Z,178890109657002
"""Will @ h_ZrezeXHs"" collected 14.00 from pot",2026-09-08T20:58:16.570Z,178890109657001
"Uncalled bet of 7.00 returned to ""Will @ h_ZrezeXHs""",2026-09-08T20:58:16.570Z,178890109657000
"""jahan 2 @ iacG4hF18c"" folds",2026-09-08T20:58:15.738Z,178890109573800
"""1bulletonly @ xZS3GKnBtu"" folds",2026-09-08T20:58:13.402Z,178890109340200
"""Will @ h_ZrezeXHs"" bets 7.00",2026-09-08T20:58:12.020Z,178890109202000
"""jahan 2 @ iacG4hF18c"" checks",2026-09-08T20:58:09.491Z,178890108949100
"Flop:  [J♠, Q♣, 10♣]",2026-09-08T20:58:06.663Z,178890108666300
"""jahan 2 @ iacG4hF18c"" calls 4.50",2026-09-08T20:58:05.826Z,178890108582600
"""rowan @ GthBpPSqaK"" folds",2026-09-08T20:58:04.021Z,178890108402100
"""1bulletonly @ xZS3GKnBtu"" calls 4.50",2026-09-08T20:58:03.155Z,178890108315500
"""Will @ h_ZrezeXHs"" raises to 4.50",2026-09-08T20:58:00.696Z,178890108069600
"""jahan 2 @ iacG4hF18c"" calls 0.50",2026-09-08T20:57:55.923Z,178890107592300
"""rowan @ GthBpPSqaK"" calls 0.50",2026-09-08T20:57:54.512Z,178890107451200
"""R Y A N @ GO72Iwd2XL"" folds",2026-09-08T20:57:53.666Z,178890107366600
"""1bulletonly @ xZS3GKnBtu"" calls 0.50",2026-09-08T20:57:52.753Z,178890107275300
"""Kobe @ DRSv3IR7B7"" folds",2026-09-08T20:57:50.468Z,178890107046800
"""Will @ h_ZrezeXHs"" posts a big blind of 0.50",2026-09-08T20:57:49.079Z,178890106907909
"""jahan 2 @ iacG4hF18c"" posts a small blind of 0.25",2026-09-08T20:57:49.079Z,178890106907908
"Player stacks: #1 ""rowan @ GthBpPSqaK"" (329.73) | #3 ""jahan 2 @ iacG4hF18c"" (144.50) | #4 ""Will @ h_ZrezeXHs"" (65.09) | #5 ""Kobe @ DRSv3IR7B7"" (157.04) | #9 ""1bulletonly @ xZS3GKnBtu"" (322.86) | #10 ""R Y A N @ GO72Iwd2XL"" (60.75)",2026-09-08T20:57:49.079Z,178890106907901
"-- starting hand #336 (id: wt8oms24np67)  No Limit Texas Hold'em (dealer: ""rowan @ GthBpPSqaK"") --",2026-09-08T20:57:49.079Z,178890106907900
"The player ""Heech @ wzsls5Sz57"" sit back with the stack of 51.41.",2026-09-08T20:57:47.337Z,178890106733700
"""jahan 2 @ iacG4hF18c"" shows a 8♦.",2026-09-08T20:57:45.455Z,178890106545500
"""jahan 2 @ iacG4hF18c"" shows a 7♦.",2026-09-08T20:57:45.089Z,178890106508900
"-- ending hand #335 --",2026-09-08T20:57:42.473Z,178890106247302
"""jahan 2 @ iacG4hF18c"" collected 5.25 from pot",2026-09-08T20:57:42.473Z,178890106247301
"Uncalled bet of 3.93 returned to ""jahan 2 @ iacG4hF18c""",2026-09-08T20:57:42.473Z,178890106247300
"""R Y A N @ GO72Iwd2XL"" folds",2026-09-08T20:57:41.647Z,178890106164700
"""jahan 2 @ iacG4hF18c"" bets 3.93",2026-09-08T20:57:40.493Z,178890106049300
"Flop:  [2♦, 8♥, 4♠]",2026-09-08T20:57:36.078Z,178890105607800
"""jahan 2 @ iacG4hF18c"" calls 2.50",2026-09-08T20:57:35.218Z,178890105521800
"""rowan @ GthBpPSqaK"" folds",2026-09-08T20:57:33.965Z,178890105396500
"""R Y A N @ GO72Iwd2XL"" raises to 2.50",2026-09-08T20:57:33.085Z,178890105308500
"""1bulletonly @ xZS3GKnBtu"" folds",2026-09-08T20:57:28.523Z,178890104852300
"""Kobe @ DRSv3IR7B7"" folds",2026-09-08T20:57:27.503Z,178890104750300
"""Will @ h_ZrezeXHs"" folds",2026-09-08T20:57:22.681Z,178890104268100
"""jahan 2 @ iacG4hF18c"" posts a big blind of 0.50",2026-09-08T20:57:21.507Z,178890104150709
"""rowan @ GthBpPSqaK"" posts a small blind of 0.25",2026-09-08T20:57:21.507Z,178890104150708
"Player stacks: #1 ""rowan @ GthBpPSqaK"" (329.98) | #3 ""jahan 2 @ iacG4hF18c"" (141.75) | #4 ""Will @ h_ZrezeXHs"" (65.09) | #5 ""Kobe @ DRSv3IR7B7"" (157.04) | #9 ""1bulletonly @ xZS3GKnBtu"" (322.86) | #10 ""R Y A N @ GO72Iwd2XL"" (63.25)",2026-09-08T20:57:21.507Z,178890104150701
"-- starting hand #335 (id: 431rjhtbvs49)  No Limit Texas Hold'em (dealer: ""R Y A N @ GO72Iwd2XL"") --",2026-09-08T20:57:21.507Z,178890104150700
"-- ending hand #334 --",2026-09-08T20:57:15.563Z,178890103556302
"""rowan @ GthBpPSqaK"" collected 0.50 from pot",2026-09-08T20:57:15.563Z,178890103556301
"Uncalled bet of 0.25 returned to ""rowan @ GthBpPSqaK""",2026-09-08T20:57:15.563Z,178890103556300
"""R Y A N @ GO72Iwd2XL"" folds",2026-09-08T20:57:14.753Z,178890103475300
"""1bulletonly @ xZS3GKnBtu"" folds",2026-09-08T20:57:13.809Z,178890103380900
"""Kobe @ DRSv3IR7B7"" folds",2026-09-08T20:57:12.691Z,178890103269100
"""Will @ h_ZrezeXHs"" folds",2026-09-08T20:57:11.740Z,178890103174000
"""jahan 2 @ iacG4hF18c"" folds",2026-09-08T20:57:10.840Z,178890103084000
"""rowan @ GthBpPSqaK"" posts a big blind of 0.50",2026-09-08T20:57:04.317Z,178890102431709
"""R Y A N @ GO72Iwd2XL"" posts a small blind of 0.25",2026-09-08T20:57:04.317Z,178890102431708
"Player stacks: #1 ""rowan @ GthBpPSqaK"" (329.73) | #3 ""jahan 2 @ iacG4hF18c"" (141.75) | #4 ""Will @ h_ZrezeXHs"" (65.09) | #5 ""Kobe @ DRSv3IR7B7"" (157.04) | #9 ""1bulletonly @ xZS3GKnBtu"" (322.86) | #10 ""R Y A N @ GO72Iwd2XL"" (63.50)",2026-09-08T20:57:04.317Z,178890102431701
"-- starting hand #334 (id: ag4illswe3wq)  No Limit Texas Hold'em (dealer: ""1bulletonly @ xZS3GKnBtu"") --",2026-09-08T20:57:04.317Z,178890102431700
"-- ending hand #333 --",2026-09-08T20:56:58.408Z,178890101840802
"""R Y A N @ GO72Iwd2XL"" collected 21.00 from pot",2026-09-08T20:56:58.408Z,178890101840801
"Uncalled bet of 12.00 returned to ""R Y A N @ GO72Iwd2XL""",2026-09-08T20:56:58.408Z,178890101840800
"""jahan 2 @ iacG4hF18c"" folds",2026-09-08T20:56:57.571Z,178890101757100
"""R Y A N @ GO72Iwd2XL"" bets 12.00",2026-09-08T20:56:52.206Z,178890101220600
"Flop:  [Q♥, 3♠, 8♣]",2026-09-08T20:56:44.215Z,178890100421500
"""1bulletonly @ xZS3GKnBtu"" folds",2026-09-08T20:56:43.402Z,178890100340200
"""Kobe @ DRSv3IR7B7"" folds",2026-09-08T20:56:42.282Z,178890100228200
"""jahan 2 @ iacG4hF18c"" calls 7.50",2026-09-08T20:56:40.367Z,178890100036700
"""rowan @ GthBpPSqaK"" folds",2026-09-08T20:56:38.036Z,178890099803600
"""R Y A N @ GO72Iwd2XL"" raises to 7.50",2026-09-08T20:56:34.907Z,178890099490700
"""1bulletonly @ xZS3GKnBtu"" calls 2.00",2026-09-08T20:56:29.332Z,178890098933200
"""Kobe @ DRSv3IR7B7"" calls 2.00",2026-09-08T20:56:27.930Z,178890098793000
"""Will @ h_ZrezeXHs"" folds",2026-09-08T20:56:22.375Z,178890098237500
"""jahan 2 @ iacG4hF18c"" calls 2.00",2026-09-08T20:56:21.483Z,178890098148300
"""rowan @ GthBpPSqaK"" raises to 2.00",2026-09-08T20:56:19.144Z,178890097914400
"""R Y A N @ GO72Iwd2XL"" posts a big blind of 0.50",2026-09-08T20:56:13.923Z,178890097392309
"""1bulletonly @ xZS3GKnBtu"" posts a small blind of 0.25",2026-09-08T20:56:13.923Z,178890097392308
"Player stacks: #1 ""rowan @ GthBpPSqaK"" (331.73) | #3 ""jahan 2 @ iacG4hF18c"" (149.25) | #4 ""Will @ h_ZrezeXHs"" (65.09) | #5 ""Kobe @ DRSv3IR7B7"" (159.04) | #9 ""1bulletonly @ xZS3GKnBtu"" (324.86) | #10 ""R Y A N @ GO72Iwd2XL"" (50.00)",2026-09-08T20:56:13.923Z,178890097392301
"-- starting hand #333 (id: lhkbjqfvnazn)  No Limit Texas Hold'em (dealer: ""Kobe @ DRSv3IR7B7"") --",2026-09-08T20:56:13.923Z,178890097392300
"-- ending hand #332 --",2026-09-08T20:56:08.020Z,178890096802002
"""Kobe @ DRSv3IR7B7"" collected 9.00 from pot",2026-09-08T20:56:08.020Z,178890096802001
"Uncalled bet of 3.00 returned to ""Kobe @ DRSv3IR7B7""",2026-09-08T20:56:08.020Z,178890096802000
"""jahan 2 @ iacG4hF18c"" folds",2026-09-08T20:56:07.192Z,178890096719200
"""Kobe @ DRSv3IR7B7"" bets 3.00",2026-09-08T20:56:03.992Z,178890096399200
"Flop:  [A♦, 2♥, Q♠]",2026-09-08T20:55:59.380Z,178890095938000
"""jahan 2 @ iacG4hF18c"" calls 4.00",2026-09-08T20:55:58.551Z,178890095855100
"""rowan @ GthBpPSqaK"" folds",2026-09-08T20:55:56.430Z,178890095643000
"""1bulletonly @ xZS3GKnBtu"" folds",2026-09-08T20:55:54.762Z,178890095476200
"""Kobe @ DRSv3IR7B7"" raises to 4.00",2026-09-08T20:55:53.595Z,178890095359500
"""Will @ h_ZrezeXHs"" folds",2026-09-08T20:55:48.998Z,178890094899800
"""jahan 2 @ iacG4hF18c"" calls 0.50",2026-09-08T20:55:48.040Z,178890094804000
"""rowan @ GthBpPSqaK"" calls 0.50",2026-09-08T20:55:46.790Z,178890094679000
"""R Y A N @ GO72Iwd2XL"" folds",2026-09-08T20:55:45.093Z,178890094509300
"""1bulletonly @ xZS3GKnBtu"" posts a big blind of 0.50",2026-09-08T20:55:43.475Z,178890094347509
"""Kobe @ DRSv3IR7B7"" posts a small blind of 0.25",2026-09-08T20:55:43.475Z,178890094347508
"Player stacks: #1 ""rowan @ GthBpPSqaK"" (332.23) | #3 ""jahan 2 @ iacG4hF18c"" (153.25) | #4 ""Will @ h_ZrezeXHs"" (65.09) | #5 ""Kobe @ DRSv3IR7B7"" (154.04) | #9 ""1bulletonly @ xZS3GKnBtu"" (325.36) | #10 ""R Y A N @ GO72Iwd2XL"" (50.00)",2026-09-08T20:55:43.475Z,178890094347501
"-- starting hand #332 (id: 3hnroyrdod7z)  No Limit Texas Hold'em (dealer: ""Will @ h_ZrezeXHs"") --",2026-09-08T20:55:43.475Z,178890094347500
"-- ending hand #331 --",2026-09-08T20:55:37.448Z,178890093744802
"""1bulletonly @ xZS3GKnBtu"" collected 47.65 from pot with Straight, Q High (combination: 8♠, 9♥, 10♠, J♥, Q♠)",2026-09-08T20:55:37.448Z,178890093744801
"""1bulletonly @ xZS3GKnBtu"" shows a 4♠, Q♠.",2026-09-08T20:55:37.448Z,178890093744800
"""Kobe @ DRSv3IR7B7"" calls 8.93",2026-09-08T20:55:36.626Z,178890093662600
"""jahan 2 @ iacG4hF18c"" calls 8.93",2026-09-08T20:55:30.618Z,178890093061800
"""1bulletonly @ xZS3GKnBtu"" bets 8.93",2026-09-08T20:55:27.564Z,178890092756400
"""Kobe @ DRSv3IR7B7"" checks",2026-09-08T20:55:21.100Z,178890092110000
"River: 10♠, 9♦, 9♥, 8♠ [J♥]",2026-09-08T20:55:18.940Z,178890091894000
"""jahan 2 @ iacG4hF18c"" calls 3.37",2026-09-08T20:55:18.133Z,178890091813300
"""1bulletonly @ xZS3GKnBtu"" calls 3.37",2026-09-08T20:55:15.783Z,178890091578300
"""Kobe @ DRSv3IR7B7"" bets 3.37",2026-09-08T20:55:13.055Z,178890091305500
"Turn: 10♠, 9♦, 9♥ [8♠]",2026-09-08T20:55:04.107Z,178890090410700
"""jahan 2 @ iacG4hF18c"" checks",2026-09-08T20:55:03.247Z,178890090324700
"""1bulletonly @ xZS3GKnBtu"" checks",2026-09-08T20:55:00.070Z,178890090007000
"""Kobe @ DRSv3IR7B7"" checks",2026-09-08T20:54:56.639Z,178890089663900
"Flop:  [10♠, 9♦, 9♥]",2026-09-08T20:54:51.907Z,178890089190700
"""jahan 2 @ iacG4hF18c"" calls 3.50",2026-09-08T20:54:51.076Z,178890089107600
"""1bulletonly @ xZS3GKnBtu"" calls 3.50",2026-09-08T20:54:49.372Z,178890088937200
"""Kobe @ DRSv3IR7B7"" raises to 3.50",2026-09-08T20:54:47.524Z,178890088752400
"""Will @ h_ZrezeXHs"" folds",2026-09-08T20:54:42.388Z,178890088238800
"""jahan 2 @ iacG4hF18c"" calls 0.50",2026-09-08T20:54:41.469Z,178890088146900
"""rowan @ GthBpPSqaK"" folds",2026-09-08T20:54:40.561Z,178890088056100
"""R Y A N @ GO72Iwd2XL"" folds",2026-09-08T20:54:39.105Z,178890087910500
"""1bulletonly @ xZS3GKnBtu"" calls 0.50",2026-09-08T20:54:38.192Z,178890087819200
"""Kobe @ DRSv3IR7B7"" posts a big blind of 0.50",2026-09-08T20:54:35.090Z,178890087509009
"""Will @ h_ZrezeXHs"" posts a small blind of 0.25",2026-09-08T20:54:35.090Z,178890087509008
"Player stacks: #1 ""rowan @ GthBpPSqaK"" (332.23) | #3 ""jahan 2 @ iacG4hF18c"" (169.05) | #4 ""Will @ h_ZrezeXHs"" (65.34) | #5 ""Kobe @ DRSv3IR7B7"" (169.84) | #9 ""1bulletonly @ xZS3GKnBtu"" (293.51) | #10 ""R Y A N @ GO72Iwd2XL"" (50.00)",2026-09-08T20:54:35.090Z,178890087509001
"-- starting hand #331 (id: na6vpiiqmysh)  No Limit Texas Hold'em (dealer: ""jahan 2 @ iacG4hF18c"") --",2026-09-08T20:54:35.090Z,178890087509000
"-- ending hand #330 --",2026-09-08T20:54:32.175Z,178890087217502
"""Will @ h_ZrezeXHs"" collected 1.00 from pot",2026-09-08T20:54:32.175Z,178890087217501
"Uncalled bet of 1.00 returned to ""Will @ h_ZrezeXHs""",2026-09-08T20:54:32.175Z,178890087217500
"""jahan 2 @ iacG4hF18c"" folds",2026-09-08T20:54:31.323Z,178890087132300
"""Will @ h_ZrezeXHs"" bets 1.00",2026-09-08T20:54:30.460Z,178890087046000
"""jahan 2 @ iacG4hF18c"" checks",2026-09-08T20:54:28.442Z,178890086844200
"River: 8♦, 10♥, 7♣, 3♥ [7♦]",2026-09-08T20:54:26.369Z,178890086636900
"""Will @ h_ZrezeXHs"" checks",2026-09-08T20:54:25.514Z,178890086551400
"""jahan 2 @ iacG4hF18c"" checks",2026-09-08T20:54:24.558Z,178890086455800
"Turn: 8♦, 10♥, 7♣ [3♥]",2026-09-08T20:54:22.435Z,178890086243500
"""Will @ h_ZrezeXHs"" checks",2026-09-08T20:54:21.623Z,178890086162300
"""jahan 2 @ iacG4hF18c"" checks",2026-09-08T20:54:20.666Z,178890086066600
"Flop:  [8♦, 10♥, 7♣]",2026-09-08T20:54:18.231Z,178890085823100
"""Will @ h_ZrezeXHs"" checks",2026-09-08T20:54:17.350Z,178890085735000
"""jahan 2 @ iacG4hF18c"" calls 0.50",2026-09-08T20:54:15.747Z,178890085574700
"""rowan @ GthBpPSqaK"" folds",2026-09-08T20:54:14.581Z,178890085458100
"""R Y A N @ GO72Iwd2XL"" folds",2026-09-08T20:54:13.676Z,178890085367600
"""1bulletonly @ xZS3GKnBtu"" folds",2026-09-08T20:54:10.767Z,178890085076700
"""Kobe @ DRSv3IR7B7"" folds",2026-09-08T20:54:09.563Z,178890084956300
"""Will @ h_ZrezeXHs"" posts a big blind of 0.50",2026-09-08T20:54:08.256Z,178890084825610
"""jahan 2 @ iacG4hF18c"" posts a small blind of 0.25",2026-09-08T20:54:08.256Z,178890084825609
"Player stacks: #1 ""rowan @ GthBpPSqaK"" (332.23) | #3 ""jahan 2 @ iacG4hF18c"" (169.55) | #4 ""Will @ h_ZrezeXHs"" (64.84) | #5 ""Kobe @ DRSv3IR7B7"" (169.84) | #9 ""1bulletonly @ xZS3GKnBtu"" (293.51) | #10 ""R Y A N @ GO72Iwd2XL"" (50.00)",2026-09-08T20:54:08.256Z,178890084825602
"-- starting hand #330 (id: qizs6u91kwxe)  No Limit Texas Hold'em (dealer: ""rowan @ GthBpPSqaK"") --",2026-09-08T20:54:08.256Z,178890084825601
"The player ""R Y A N @ GO72Iwd2XL"" rebought. New stack 50.00.",2026-09-08T20:54:08.256Z,178890084825600
"Waiting for the game owner to approve or reject pending rebuy requests.",2026-09-08T20:54:07.235Z,178890084723501
"The player ""R Y A N @ GO72Iwd2XL"" requested a rebuy of 50.00.",2026-09-08T20:54:07.235Z,178890084723500
"Asking to busted players the rebuy decision.",2026-09-08T20:54:03.831Z,178890084383100
"-- ending hand #329 --",2026-09-08T20:53:55.801Z,178890083580102
"""Kobe @ DRSv3IR7B7"" collected 50.50 from pot with Pair, 10's on the second run  (combination: 6♦, 7♥, J♠, 10♠, 10♣)",2026-09-08T20:53:55.801Z,178890083580101
"""Kobe @ DRSv3IR7B7"" collected 50.50 from pot with Pair, 10's (combination: 7♥, J♠, K♦, 10♠, 10♣)",2026-09-08T20:53:55.801Z,178890083580100
"River (second run): 10♣, 2♣, 6♦, 7♥ [4♦]",2026-09-08T20:53:51.778Z,178890083177800
"River: 10♣, 2♣, 6♦, 7♥ [K♦]",2026-09-08T20:53:47.741Z,178890082774100
"""R Y A N @ GO72Iwd2XL"" shows a 8♠, 8♥.",2026-09-08T20:53:43.736Z,178890082373601
"""Kobe @ DRSv3IR7B7"" shows a J♠, 10♠.",2026-09-08T20:53:43.736Z,178890082373600
"All players in hand choose to run it twice.",2026-09-08T20:53:42.923Z,178890082292301
"""R Y A N @ GO72Iwd2XL"" chooses to  run it twice.",2026-09-08T20:53:42.923Z,178890082292300
"""Kobe @ DRSv3IR7B7"" chooses to  run it twice.",2026-09-08T20:53:41.811Z,178890082181100
"Remaining players decide whether to run it twice.",2026-09-08T20:53:41.250Z,178890082125001
"""Kobe @ DRSv3IR7B7"" calls 24.00",2026-09-08T20:53:41.250Z,178890082125000
"""R Y A N @ GO72Iwd2XL"" bets 24.00 and go all in",2026-09-08T20:53:39.989Z,178890081998900
"""Kobe @ DRSv3IR7B7"" checks",2026-09-08T20:53:35.833Z,178890081583300
"Turn: 10♣, 2♣, 6♦ [7♥]",2026-09-08T20:53:33.616Z,178890081361600
"""Will @ h_ZrezeXHs"" folds",2026-09-08T20:53:32.799Z,178890081279900
"""rowan @ GthBpPSqaK"" folds",2026-09-08T20:53:31.827Z,178890081182700
"""R Y A N @ GO72Iwd2XL"" calls 13.25",2026-09-08T20:53:30.941Z,178890081094100
"""Kobe @ DRSv3IR7B7"" bets 13.25",2026-09-08T20:53:27.613Z,178890080761300
"""Will @ h_ZrezeXHs"" checks",2026-09-08T20:53:16.065Z,178890079606500
"""rowan @ GthBpPSqaK"" checks",2026-09-08T20:53:14.852Z,178890079485200
"Flop:  [10♣, 2♣, 6♦]",2026-09-08T20:53:13.592Z,178890079359200
"""Will @ h_ZrezeXHs"" calls 6.50",2026-09-08T20:53:12.786Z,178890079278600
"""jahan 2 @ iacG4hF18c"" folds",2026-09-08T20:53:11.183Z,178890079118300
"""rowan @ GthBpPSqaK"" calls 6.50",2026-09-08T20:53:07.927Z,178890078792700
"""R Y A N @ GO72Iwd2XL"" calls 6.50",2026-09-08T20:52:56.687Z,178890077668700
"""1bulletonly @ xZS3GKnBtu"" folds",2026-09-08T20:52:55.573Z,178890077557300
"""Kobe @ DRSv3IR7B7"" raises to 6.50",2026-09-08T20:52:54.493Z,178890077449300
"""Will @ h_ZrezeXHs"" raises to 2.00",2026-09-08T20:52:46.855Z,178890076685500
"""jahan 2 @ iacG4hF18c"" posts a big blind of 0.50",2026-09-08T20:52:42.463Z,178890076246309
"""rowan @ GthBpPSqaK"" posts a small blind of 0.25",2026-09-08T20:52:42.463Z,178890076246308
"Player stacks: #1 ""rowan @ GthBpPSqaK"" (338.73) | #3 ""jahan 2 @ iacG4hF18c"" (170.05) | #4 ""Will @ h_ZrezeXHs"" (71.34) | #5 ""Kobe @ DRSv3IR7B7"" (112.59) | #9 ""1bulletonly @ xZS3GKnBtu"" (293.51) | #10 ""R Y A N @ GO72Iwd2XL"" (43.75)",2026-09-08T20:52:42.463Z,178890076246301
"-- starting hand #329 (id: syipxqvnxa6z)  No Limit Texas Hold'em (dealer: ""R Y A N @ GO72Iwd2XL"") --",2026-09-08T20:52:42.463Z,178890076246300
"""jahan 2 @ iacG4hF18c"" shows a K♠.",2026-09-08T20:52:38.126Z,178890075812600
"-- ending hand #328 --",2026-09-08T20:52:35.857Z,178890075585702
"""R Y A N @ GO72Iwd2XL"" collected 1.00 from pot",2026-09-08T20:52:35.857Z,178890075585701
"Uncalled bet of 1.00 returned to ""R Y A N @ GO72Iwd2XL""",2026-09-08T20:52:35.857Z,178890075585700
"""rowan @ GthBpPSqaK"" folds",2026-09-08T20:52:35.016Z,178890075501600
"""R Y A N @ GO72Iwd2XL"" bets 1.00",2026-09-08T20:52:33.899Z,178890075389900
"Flop:  [A♣, K♥, A♦]",2026-09-08T20:52:30.908Z,178890075090800
"""rowan @ GthBpPSqaK"" checks",2026-09-08T20:52:30.103Z,178890075010300
"""R Y A N @ GO72Iwd2XL"" calls 0.50",2026-09-08T20:52:29.207Z,178890074920700
"""1bulletonly @ xZS3GKnBtu"" folds",2026-09-08T20:52:27.712Z,178890074771200
"""Kobe @ DRSv3IR7B7"" folds",2026-09-08T20:52:26.806Z,178890074680600
"""Will @ h_ZrezeXHs"" folds",2026-09-08T20:52:25.459Z,178890074545900
"""jahan 2 @ iacG4hF18c"" folds",2026-09-08T20:52:23.465Z,178890074346500
"""rowan @ GthBpPSqaK"" posts a big blind of 0.50",2026-09-08T20:52:22.051Z,178890074205109
"""R Y A N @ GO72Iwd2XL"" posts a small blind of 0.25",2026-09-08T20:52:22.051Z,178890074205108
"Player stacks: #1 ""rowan @ GthBpPSqaK"" (339.23) | #3 ""jahan 2 @ iacG4hF18c"" (170.05) | #4 ""Will @ h_ZrezeXHs"" (71.34) | #5 ""Kobe @ DRSv3IR7B7"" (112.59) | #9 ""1bulletonly @ xZS3GKnBtu"" (293.51) | #10 ""R Y A N @ GO72Iwd2XL"" (43.25)",2026-09-08T20:52:22.051Z,178890074205101
"-- starting hand #328 (id: 8nobwdfhvfvl)  No Limit Texas Hold'em (dealer: ""1bulletonly @ xZS3GKnBtu"") --",2026-09-08T20:52:22.051Z,178890074205100
"-- ending hand #327 --",2026-09-08T20:52:16.087Z,178890073608702
"""Will @ h_ZrezeXHs"" collected 6.75 from pot",2026-09-08T20:52:16.087Z,178890073608701
"Uncalled bet of 8.00 returned to ""Will @ h_ZrezeXHs""",2026-09-08T20:52:16.087Z,178890073608700
"""jahan 2 @ iacG4hF18c"" folds",2026-09-08T20:52:15.274Z,178890073527400
"""rowan @ GthBpPSqaK"" folds",2026-09-08T20:52:12.729Z,178890073272900
"""R Y A N @ GO72Iwd2XL"" folds",2026-09-08T20:52:09.190Z,178890072919000
"""1bulletonly @ xZS3GKnBtu"" folds",2026-09-08T20:52:08.202Z,178890072820200
"""Kobe @ DRSv3IR7B7"" folds",2026-09-08T20:52:07.097Z,178890072709700
"""Will @ h_ZrezeXHs"" raises to 10.00",2026-09-08T20:52:05.559Z,178890072555900
"""jahan 2 @ iacG4hF18c"" calls 2.00",2026-09-08T20:52:02.693Z,178890072269300
"""rowan @ GthBpPSqaK"" raises to 2.00",2026-09-08T20:51:59.042Z,178890071904200
"""R Y A N @ GO72Iwd2XL"" posts a big blind of 0.50",2026-09-08T20:51:51.786Z,178890071178609
"""1bulletonly @ xZS3GKnBtu"" posts a small blind of 0.25",2026-09-08T20:51:51.786Z,178890071178608
"Player stacks: #1 ""rowan @ GthBpPSqaK"" (341.23) | #3 ""jahan 2 @ iacG4hF18c"" (172.05) | #4 ""Will @ h_ZrezeXHs"" (66.59) | #5 ""Kobe @ DRSv3IR7B7"" (112.59) | #9 ""1bulletonly @ xZS3GKnBtu"" (293.76) | #10 ""R Y A N @ GO72Iwd2XL"" (43.75)",2026-09-08T20:51:51.786Z,178890071178601
"-- starting hand #327 (id: fj82dnpbfy3a)  No Limit Texas Hold'em (dealer: ""Kobe @ DRSv3IR7B7"") --",2026-09-08T20:51:51.786Z,178890071178600
"-- ending hand #326 --",2026-09-08T20:51:48.831Z,178890070883102
"""R Y A N @ GO72Iwd2XL"" collected 18.75 from pot",2026-09-08T20:51:48.831Z,178890070883101
"Uncalled bet of 25.00 returned to ""R Y A N @ GO72Iwd2XL""",2026-09-08T20:51:48.831Z,178890070883100
"""1bulletonly @ xZS3GKnBtu"" folds",2026-09-08T20:51:48.003Z,178890070800300
"""R Y A N @ GO72Iwd2XL"" bets 25.00 and go all in",2026-09-08T20:51:36.782Z,178890069678200
"""1bulletonly @ xZS3GKnBtu"" checks",2026-09-08T20:51:33.313Z,178890069331300
"River: 7♣, 9♦, 3♥, K♦ [K♣]",2026-09-08T20:51:30.558Z,178890069055800
"""1bulletonly @ xZS3GKnBtu"" calls 6.25",2026-09-08T20:51:29.742Z,178890068974200
"""jahan 2 @ iacG4hF18c"" folds",2026-09-08T20:51:27.270Z,178890068727000
"""R Y A N @ GO72Iwd2XL"" bets 6.25",2026-09-08T20:51:25.627Z,178890068562700
"""1bulletonly @ xZS3GKnBtu"" checks",2026-09-08T20:51:22.703Z,178890068270300
"Turn: 7♣, 9♦, 3♥ [K♦]",2026-09-08T20:51:20.603Z,178890068060300
"""jahan 2 @ iacG4hF18c"" checks",2026-09-08T20:51:19.784Z,178890067978400
"""R Y A N @ GO72Iwd2XL"" checks",2026-09-08T20:51:17.300Z,178890067730000
"""1bulletonly @ xZS3GKnBtu"" checks",2026-09-08T20:51:16.342Z,178890067634200
"Flop:  [7♣, 9♦, 3♥]",2026-09-08T20:51:14.597Z,178890067459700
"""1bulletonly @ xZS3GKnBtu"" calls 2.00",2026-09-08T20:51:13.772Z,178890067377200
"""Kobe @ DRSv3IR7B7"" folds",2026-09-08T20:51:10.467Z,178890067046700
"""Will @ h_ZrezeXHs"" folds",2026-09-08T20:51:09.443Z,178890066944300
"""jahan 2 @ iacG4hF18c"" calls 2.00",2026-09-08T20:51:08.402Z,178890066840200
"""rowan @ GthBpPSqaK"" folds",2026-09-08T20:51:06.555Z,178890066655500
"""R Y A N @ GO72Iwd2XL"" raises to 2.00",2026-09-08T20:51:05.705Z,178890066570500
"""1bulletonly @ xZS3GKnBtu"" posts a big blind of 0.50",2026-09-08T20:51:02.575Z,178890066257509
"""Kobe @ DRSv3IR7B7"" posts a small blind of 0.25",2026-09-08T20:51:02.575Z,178890066257508
"Player stacks: #1 ""rowan @ GthBpPSqaK"" (341.23) | #3 ""jahan 2 @ iacG4hF18c"" (174.05) | #4 ""Will @ h_ZrezeXHs"" (66.59) | #5 ""Kobe @ DRSv3IR7B7"" (112.84) | #9 ""1bulletonly @ xZS3GKnBtu"" (302.01) | #10 ""R Y A N @ GO72Iwd2XL"" (33.25)",2026-09-08T20:51:02.575Z,178890066257501
"-- starting hand #326 (id: 0clcvx4adfiz)  No Limit Texas Hold'em (dealer: ""Will @ h_ZrezeXHs"") --",2026-09-08T20:51:02.575Z,178890066257500
"-- ending hand #325 --",2026-09-08T20:50:56.663Z,178890065666302
"""Kobe @ DRSv3IR7B7"" collected 3.25 from pot",2026-09-08T20:50:56.663Z,178890065666301
"Uncalled bet of 4.00 returned to ""Kobe @ DRSv3IR7B7""",2026-09-08T20:50:56.663Z,178890065666300
"""rowan @ GthBpPSqaK"" folds",2026-09-08T20:50:55.779Z,178890065577900
"""Kobe @ DRSv3IR7B7"" raises to 5.50",2026-09-08T20:50:53.876Z,178890065387600
"""Will @ h_ZrezeXHs"" folds",2026-09-08T20:50:48.546Z,178890064854600
"""jahan 2 @ iacG4hF18c"" folds",2026-09-08T20:50:47.552Z,178890064755200
"""rowan @ GthBpPSqaK"" raises to 1.50",2026-09-08T20:50:44.389Z,178890064438900
"""R Y A N @ GO72Iwd2XL"" folds",2026-09-08T20:50:41.946Z,178890064194600
"""1bulletonly @ xZS3GKnBtu"" folds",2026-09-08T20:50:41.046Z,178890064104600
"""Kobe @ DRSv3IR7B7"" posts a big blind of 0.50",2026-09-08T20:50:33.648Z,178890063364809
"""Will @ h_ZrezeXHs"" posts a small blind of 0.25",2026-09-08T20:50:33.648Z,178890063364808
"Player stacks: #1 ""rowan @ GthBpPSqaK"" (342.73) | #3 ""jahan 2 @ iacG4hF18c"" (174.05) | #4 ""Will @ h_ZrezeXHs"" (66.84) | #5 ""Kobe @ DRSv3IR7B7"" (111.09) | #9 ""1bulletonly @ xZS3GKnBtu"" (302.01) | #10 ""R Y A N @ GO72Iwd2XL"" (33.25)",2026-09-08T20:50:33.648Z,178890063364801
"-- starting hand #325 (id: vi2nunirl7fi)  No Limit Texas Hold'em (dealer: ""jahan 2 @ iacG4hF18c"") --",2026-09-08T20:50:33.648Z,178890063364800
"""jahan 2 @ iacG4hF18c"" shows a 4♣.",2026-09-08T20:50:31.893Z,178890063189300
"""1bulletonly @ xZS3GKnBtu"" shows a 6♠, 5♠.",2026-09-08T20:50:31.116Z,178890063111600
"-- ending hand #324 --",2026-09-08T20:50:29.276Z,178890062927602
"""jahan 2 @ iacG4hF18c"" collected 33.00 from pot",2026-09-08T20:50:29.276Z,178890062927601
"Uncalled bet of 37.50 returned to ""jahan 2 @ iacG4hF18c""",2026-09-08T20:50:29.276Z,178890062927600
"""1bulletonly @ xZS3GKnBtu"" folds",2026-09-08T20:50:28.445Z,178890062844500
"""jahan 2 @ iacG4hF18c"" bets 37.50",2026-09-08T20:50:07.229Z,178890060722900
"River: 2♠, 3♣, 4♥, Q♣ [4♦]",2026-09-08T20:49:54.600Z,178890059460000
"""1bulletonly @ xZS3GKnBtu"" calls 8.25",2026-09-08T20:49:53.768Z,178890059376800
"""Will @ h_ZrezeXHs"" folds",2026-09-08T20:49:48.013Z,178890058801300
"""jahan 2 @ iacG4hF18c"" bets 8.25",2026-09-08T20:49:46.456Z,178890058645600
"Turn: 2♠, 3♣, 4♥ [Q♣]",2026-09-08T20:49:40.869Z,178890058086900
"""1bulletonly @ xZS3GKnBtu"" calls 3.50",2026-09-08T20:49:39.988Z,178890057998800
"""Kobe @ DRSv3IR7B7"" folds",2026-09-08T20:49:37.284Z,178890057728400
"""Will @ h_ZrezeXHs"" calls 3.50",2026-09-08T20:49:35.861Z,178890057586100
"""jahan 2 @ iacG4hF18c"" bets 3.50",2026-09-08T20:49:32.318Z,178890057231800
"Flop:  [2♠, 3♣, 4♥]",2026-09-08T20:49:26.058Z,178890056605800
"""Will @ h_ZrezeXHs"" calls 1.50",2026-09-08T20:49:25.194Z,178890056519400
"""jahan 2 @ iacG4hF18c"" calls 1.50",2026-09-08T20:49:22.569Z,178890056256900
"""rowan @ GthBpPSqaK"" folds",2026-09-08T20:49:21.002Z,178890056100200
"""R Y A N @ GO72Iwd2XL"" folds",2026-09-08T20:49:20.127Z,178890056012700
"""1bulletonly @ xZS3GKnBtu"" calls 1.50",2026-09-08T20:49:19.258Z,178890055925800
"""Kobe @ DRSv3IR7B7"" raises to 1.50",2026-09-08T20:49:17.637Z,178890055763700
"""Will @ h_ZrezeXHs"" posts a big blind of 0.50",2026-09-08T20:49:15.564Z,178890055556409
"""jahan 2 @ iacG4hF18c"" posts a small blind of 0.25",2026-09-08T20:49:15.564Z,178890055556408
"Player stacks: #1 ""rowan @ GthBpPSqaK"" (342.73) | #3 ""jahan 2 @ iacG4hF18c"" (154.30) | #4 ""Will @ h_ZrezeXHs"" (71.84) | #5 ""Kobe @ DRSv3IR7B7"" (112.59) | #9 ""1bulletonly @ xZS3GKnBtu"" (315.26) | #10 ""R Y A N @ GO72Iwd2XL"" (33.25)",2026-09-08T20:49:15.564Z,178890055556401
"-- starting hand #324 (id: nlemfmol5e6z)  No Limit Texas Hold'em (dealer: ""rowan @ GthBpPSqaK"") --",2026-09-08T20:49:15.564Z,178890055556400
"""rowan @ GthBpPSqaK"" shows a 7♥.",2026-09-08T20:49:12.397Z,178890055239700
"-- ending hand #323 --",2026-09-08T20:49:11.884Z,178890055188402
"""1bulletonly @ xZS3GKnBtu"" collected 9.00 from pot",2026-09-08T20:49:11.884Z,178890055188401
"Uncalled bet of 6.75 returned to ""1bulletonly @ xZS3GKnBtu""",2026-09-08T20:49:11.884Z,178890055188400
"""jahan 2 @ iacG4hF18c"" folds",2026-09-08T20:49:11.079Z,178890055107900
"""rowan @ GthBpPSqaK"" folds",2026-09-08T20:49:10.201Z,178890055020100
"""1bulletonly @ xZS3GKnBtu"" bets 6.75",2026-09-08T20:49:09.164Z,178890054916400
"""jahan 2 @ iacG4hF18c"" checks",2026-09-08T20:49:05.466Z,178890054546600
"""rowan @ GthBpPSqaK"" checks",2026-09-08T20:49:04.601Z,178890054460100
"River: 7♦, A♣, 5♣, 6♠ [K♥]",2026-09-08T20:49:02.026Z,178890054202600
"""jahan 2 @ iacG4hF18c"" calls 2.00",2026-09-08T20:49:01.143Z,178890054114300
"""rowan @ GthBpPSqaK"" calls 2.00",2026-09-08T20:48:59.357Z,178890053935700
"""1bulletonly @ xZS3GKnBtu"" raises to 2.00",2026-09-08T20:48:58.299Z,178890053829900
"""jahan 2 @ iacG4hF18c"" calls 0.50",2026-09-08T20:48:55.167Z,178890053516700
"""rowan @ GthBpPSqaK"" bets 0.50",2026-09-08T20:48:53.338Z,178890053333800
"Turn: 7♦, A♣, 5♣ [6♠]",2026-09-08T20:48:51.079Z,178890053107900
"""1bulletonly @ xZS3GKnBtu"" calls 0.50",2026-09-08T20:48:50.215Z,178890053021500
"""jahan 2 @ iacG4hF18c"" calls 0.50",2026-09-08T20:48:48.920Z,178890052892000
"""rowan @ GthBpPSqaK"" bets 0.50",2026-09-08T20:48:46.427Z,178890052642700
"Flop:  [7♦, A♣, 5♣]",2026-09-08T20:48:44.278Z,178890052427800
"""jahan 2 @ iacG4hF18c"" checks",2026-09-08T20:48:43.456Z,178890052345600
"""rowan @ GthBpPSqaK"" calls 0.50",2026-09-08T20:48:41.192Z,178890052119200
"""R Y A N @ GO72Iwd2XL"" folds",2026-09-08T20:48:40.090Z,178890052009000
"""1bulletonly @ xZS3GKnBtu"" calls 0.50",2026-09-08T20:48:39.098Z,178890051909800
"""Kobe @ DRSv3IR7B7"" folds",2026-09-08T20:48:37.980Z,178890051798000
"""Will @ h_ZrezeXHs"" folds",2026-09-08T20:48:37.008Z,178890051700800
"""jahan 2 @ iacG4hF18c"" posts a big blind of 0.50",2026-09-08T20:48:33.668Z,178890051366809
"""rowan @ GthBpPSqaK"" posts a small blind of 0.25",2026-09-08T20:48:33.668Z,178890051366808
"Player stacks: #1 ""rowan @ GthBpPSqaK"" (345.73) | #3 ""jahan 2 @ iacG4hF18c"" (157.30) | #4 ""Will @ h_ZrezeXHs"" (71.84) | #5 ""Kobe @ DRSv3IR7B7"" (112.59) | #9 ""1bulletonly @ xZS3GKnBtu"" (309.26) | #10 ""R Y A N @ GO72Iwd2XL"" (33.25)",2026-09-08T20:48:33.668Z,178890051366801
"-- starting hand #323 (id: ezz5qgcnypb3)  No Limit Texas Hold'em (dealer: ""R Y A N @ GO72Iwd2XL"") --",2026-09-08T20:48:33.668Z,178890051366800
"""R Y A N @ GO72Iwd2XL"" shows a K♦.",2026-09-08T20:48:30.243Z,178890051024300
"-- ending hand #322 --",2026-09-08T20:48:27.063Z,178890050706302
"""rowan @ GthBpPSqaK"" collected 15.00 from pot",2026-09-08T20:48:27.063Z,178890050706301
"Uncalled bet of 7.50 returned to ""rowan @ GthBpPSqaK""",2026-09-08T20:48:27.063Z,178890050706300
"""R Y A N @ GO72Iwd2XL"" folds",2026-09-08T20:48:26.256Z,178890050625600
"""rowan @ GthBpPSqaK"" bets 7.50",2026-09-08T20:48:23.742Z,178890050374200
"""R Y A N @ GO72Iwd2XL"" checks",2026-09-08T20:48:19.876Z,178890049987600
"Turn: 7♣, 5♦, Q♠ [3♣]",2026-09-08T20:48:16.837Z,178890049683700
"""jahan 2 @ iacG4hF18c"" folds",2026-09-08T20:48:16.025Z,178890049602500
"""rowan @ GthBpPSqaK"" calls 4.50",2026-09-08T20:48:14.535Z,178890049453500
"""R Y A N @ GO72Iwd2XL"" bets 4.50",2026-09-08T20:48:10.534Z,178890049053400
"Flop:  [7♣, 5♦, Q♠]",2026-09-08T20:48:05.761Z,178890048576100
"""jahan 2 @ iacG4hF18c"" calls 2.00",2026-09-08T20:48:04.951Z,178890048495100
"""rowan @ GthBpPSqaK"" calls 2.00",2026-09-08T20:48:02.053Z,178890048205300
"""R Y A N @ GO72Iwd2XL"" raises to 2.00",2026-09-08T20:47:52.845Z,178890047284500
"""1bulletonly @ xZS3GKnBtu"" folds",2026-09-08T20:47:50.046Z,178890047004600
"""Kobe @ DRSv3IR7B7"" folds",2026-09-08T20:47:48.965Z,178890046896500
"""Will @ h_ZrezeXHs"" folds",2026-09-08T20:47:37.022Z,178890045702200
"""jahan 2 @ iacG4hF18c"" calls 0.50",2026-09-08T20:47:36.150Z,178890045615000
"""rowan @ GthBpPSqaK"" posts a big blind of 0.50",2026-09-08T20:47:34.972Z,178890045497209
"""R Y A N @ GO72Iwd2XL"" posts a small blind of 0.25",2026-09-08T20:47:34.972Z,178890045497208
"Player stacks: #1 ""rowan @ GthBpPSqaK"" (337.23) | #3 ""jahan 2 @ iacG4hF18c"" (159.30) | #4 ""Will @ h_ZrezeXHs"" (71.84) | #5 ""Kobe @ DRSv3IR7B7"" (112.59) | #9 ""1bulletonly @ xZS3GKnBtu"" (309.26) | #10 ""R Y A N @ GO72Iwd2XL"" (39.75)",2026-09-08T20:47:34.972Z,178890045497201
"-- starting hand #322 (id: mga2hvp5flvd)  No Limit Texas Hold'em (dealer: ""1bulletonly @ xZS3GKnBtu"") --",2026-09-08T20:47:34.972Z,178890045497200
"-- ending hand #321 --",2026-09-08T20:47:31.971Z,178890045197102
"""jahan 2 @ iacG4hF18c"" collected 9.49 from pot",2026-09-08T20:47:31.971Z,178890045197101
"Uncalled bet of 7.11 returned to ""jahan 2 @ iacG4hF18c""",2026-09-08T20:47:31.971Z,178890045197100
"""Kobe @ DRSv3IR7B7"" folds",2026-09-08T20:47:31.082Z,178890045108200
"""jahan 2 @ iacG4hF18c"" bets 7.11",2026-09-08T20:47:27.448Z,178890044744800
"River: 6♦, Q♣, J♥, 7♦ [A♦]",2026-09-08T20:47:22.019Z,178890044201900
"""Kobe @ DRSv3IR7B7"" checks",2026-09-08T20:47:21.203Z,178890044120300
"""jahan 2 @ iacG4hF18c"" checks",2026-09-08T20:47:09.817Z,178890042981700
"Turn: 6♦, Q♣, J♥ [7♦]",2026-09-08T20:47:07.380Z,178890042738000
"""jahan 2 @ iacG4hF18c"" calls 2.37",2026-09-08T20:47:06.571Z,178890042657100
"""Kobe @ DRSv3IR7B7"" bets 2.37",2026-09-08T20:47:03.036Z,178890042303600
"""jahan 2 @ iacG4hF18c"" checks",2026-09-08T20:46:56.627Z,178890041662700
"Flop:  [6♦, Q♣, J♥]",2026-09-08T20:46:54.120Z,178890041412000
"""jahan 2 @ iacG4hF18c"" calls 2.00",2026-09-08T20:46:53.187Z,178890041318700
"""R Y A N @ GO72Iwd2XL"" folds",2026-09-08T20:46:52.264Z,178890041226400
"""1bulletonly @ xZS3GKnBtu"" folds",2026-09-08T20:46:51.216Z,178890041121600
"""Kobe @ DRSv3IR7B7"" raises to 2.00",2026-09-08T20:46:48.055Z,178890040805500
"""Will @ h_ZrezeXHs"" folds",2026-09-08T20:46:44.118Z,178890040411800
"""jahan 2 @ iacG4hF18c"" calls 0.50",2026-09-08T20:46:43.022Z,178890040302200
"""rowan @ GthBpPSqaK"" folds",2026-09-08T20:46:40.634Z,178890040063400
"""R Y A N @ GO72Iwd2XL"" posts a big blind of 0.50",2026-09-08T20:46:39.079Z,178890039907909
"""1bulletonly @ xZS3GKnBtu"" posts a small blind of 0.25",2026-09-08T20:46:39.079Z,178890039907908
"Player stacks: #1 ""rowan @ GthBpPSqaK"" (337.23) | #3 ""jahan 2 @ iacG4hF18c"" (154.18) | #4 ""Will @ h_ZrezeXHs"" (71.84) | #5 ""Kobe @ DRSv3IR7B7"" (116.96) | #9 ""1bulletonly @ xZS3GKnBtu"" (309.51) | #10 ""R Y A N @ GO72Iwd2XL"" (40.25)",2026-09-08T20:46:39.079Z,178890039907901
"-- starting hand #321 (id: 4eavjuorwyv7)  No Limit Texas Hold'em (dealer: ""Kobe @ DRSv3IR7B7"") --",2026-09-08T20:46:39.079Z,178890039907900
"""Will @ h_ZrezeXHs"" shows a 3♠, 10♣.",2026-09-08T20:46:37.853Z,178890039785300
"""Kobe @ DRSv3IR7B7"" shows a K♥.",2026-09-08T20:46:36.446Z,178890039644600
"-- ending hand #320 --",2026-09-08T20:46:34.758Z,178890039475802
"""rowan @ GthBpPSqaK"" collected 52.00 from pot",2026-09-08T20:46:34.758Z,178890039475801
"Uncalled bet of 30.00 returned to ""rowan @ GthBpPSqaK""",2026-09-08T20:46:34.758Z,178890039475800
"""Kobe @ DRSv3IR7B7"" folds",2026-09-08T20:46:33.940Z,178890039394000
"""rowan @ GthBpPSqaK"" bets 30.00",2026-09-08T20:46:18.951Z,178890037895100
"""Kobe @ DRSv3IR7B7"" checks",2026-09-08T20:46:11.035Z,178890037103500
"River: 10♦, 8♦, 3♦, A♣ [10♥]",2026-09-08T20:46:09.059Z,178890036905900
"""Kobe @ DRSv3IR7B7"" calls 13.00",2026-09-08T20:46:08.181Z,178890036818100
"""jahan 2 @ iacG4hF18c"" folds",2026-09-08T20:46:04.771Z,178890036477100
"""rowan @ GthBpPSqaK"" bets 13.00",2026-09-08T20:46:02.868Z,178890036286800
"""Kobe @ DRSv3IR7B7"" checks",2026-09-08T20:45:59.828Z,178890035982800
"Turn: 10♦, 8♦, 3♦ [A♣]",2026-09-08T20:45:56.317Z,178890035631700
"""jahan 2 @ iacG4hF18c"" checks",2026-09-08T20:45:55.486Z,178890035548600
"""rowan @ GthBpPSqaK"" checks",2026-09-08T20:45:49.714Z,178890034971400
"""Kobe @ DRSv3IR7B7"" checks",2026-09-08T20:45:47.495Z,178890034749500
"Flop:  [10♦, 8♦, 3♦]",2026-09-08T20:45:44.753Z,178890034475300
"""jahan 2 @ iacG4hF18c"" calls 8.50",2026-09-08T20:45:43.950Z,178890034395000
"""rowan @ GthBpPSqaK"" calls 8.50",2026-09-08T20:45:39.580Z,178890033958000
"""1bulletonly @ xZS3GKnBtu"" folds",2026-09-08T20:45:38.706Z,178890033870600
"""Kobe @ DRSv3IR7B7"" raises to 8.50",2026-09-08T20:45:37.188Z,178890033718800
"""Will @ h_ZrezeXHs"" folds",2026-09-08T20:45:32.228Z,178890033222800
"""jahan 2 @ iacG4hF18c"" calls 2.00",2026-09-08T20:45:31.321Z,178890033132100
"""rowan @ GthBpPSqaK"" raises to 2.00",2026-09-08T20:45:29.126Z,178890032912600
"""R Y A N @ GO72Iwd2XL"" folds",2026-09-08T20:45:24.957Z,178890032495700
"""1bulletonly @ xZS3GKnBtu"" posts a big blind of 0.50",2026-09-08T20:45:23.458Z,178890032345809
"""Kobe @ DRSv3IR7B7"" posts a small blind of 0.25",2026-09-08T20:45:23.458Z,178890032345808
"Player stacks: #1 ""rowan @ GthBpPSqaK"" (306.73) | #3 ""jahan 2 @ iacG4hF18c"" (162.68) | #4 ""Will @ h_ZrezeXHs"" (71.84) | #5 ""Kobe @ DRSv3IR7B7"" (138.46) | #9 ""1bulletonly @ xZS3GKnBtu"" (310.01) | #10 ""R Y A N @ GO72Iwd2XL"" (40.25)",2026-09-08T20:45:23.458Z,178890032345801
"-- starting hand #320 (id: sr9jtof2ywth)  No Limit Texas Hold'em (dealer: ""Will @ h_ZrezeXHs"") --",2026-09-08T20:45:23.458Z,178890032345800
"-- ending hand #319 --",2026-09-08T20:45:20.508Z,178890032050802
"""1bulletonly @ xZS3GKnBtu"" collected 5.25 from pot",2026-09-08T20:45:20.508Z,178890032050801
"Uncalled bet of 3.93 returned to ""1bulletonly @ xZS3GKnBtu""",2026-09-08T20:45:20.508Z,178890032050800
"""jahan 2 @ iacG4hF18c"" folds",2026-09-08T20:45:19.700Z,178890031970000
"""1bulletonly @ xZS3GKnBtu"" bets 3.93",2026-09-08T20:45:18.837Z,178890031883700
"River: A♣, 9♣, A♥, 5♣ [4♥]",2026-09-08T20:45:14.652Z,178890031465200
"""jahan 2 @ iacG4hF18c"" checks",2026-09-08T20:45:13.826Z,178890031382600
"""1bulletonly @ xZS3GKnBtu"" checks",2026-09-08T20:45:11.867Z,178890031186700
"Turn: A♣, 9♣, A♥ [5♣]",2026-09-08T20:45:10.049Z,178890031004900
"""1bulletonly @ xZS3GKnBtu"" calls 1.75",2026-09-08T20:45:09.237Z,178890030923700
"""Kobe @ DRSv3IR7B7"" folds",2026-09-08T20:45:04.349Z,178890030434900
"""jahan 2 @ iacG4hF18c"" bets 1.75",2026-09-08T20:45:03.158Z,178890030315800
"""1bulletonly @ xZS3GKnBtu"" checks",2026-09-08T20:44:58.226Z,178890029822600
"""Kobe @ DRSv3IR7B7"" checks",2026-09-08T20:44:56.451Z,178890029645100
"Flop:  [A♣, 9♣, A♥]",2026-09-08T20:44:55.250Z,178890029525000
"""Kobe @ DRSv3IR7B7"" checks",2026-09-08T20:44:54.434Z,178890029443400
"""Will @ h_ZrezeXHs"" folds",2026-09-08T20:44:53.312Z,178890029331200
"""jahan 2 @ iacG4hF18c"" calls 0.50",2026-09-08T20:44:52.352Z,178890029235200
"""rowan @ GthBpPSqaK"" folds",2026-09-08T20:44:51.376Z,178890029137600
"""R Y A N @ GO72Iwd2XL"" folds",2026-09-08T20:44:50.508Z,178890029050800
"""1bulletonly @ xZS3GKnBtu"" calls 0.50",2026-09-08T20:44:49.617Z,178890028961700
"""Kobe @ DRSv3IR7B7"" posts a big blind of 0.50",2026-09-08T20:44:48.068Z,178890028806809
"""Will @ h_ZrezeXHs"" posts a small blind of 0.25",2026-09-08T20:44:48.068Z,178890028806808
"Player stacks: #1 ""rowan @ GthBpPSqaK"" (306.73) | #3 ""jahan 2 @ iacG4hF18c"" (164.93) | #4 ""Will @ h_ZrezeXHs"" (72.09) | #5 ""Kobe @ DRSv3IR7B7"" (138.96) | #9 ""1bulletonly @ xZS3GKnBtu"" (307.01) | #10 ""R Y A N @ GO72Iwd2XL"" (40.25)",2026-09-08T20:44:48.068Z,178890028806801
"-- starting hand #319 (id: zwygln9akuki)  No Limit Texas Hold'em (dealer: ""jahan 2 @ iacG4hF18c"") --",2026-09-08T20:44:48.068Z,178890028806800
"""R Y A N @ GO72Iwd2XL"" shows a J♣, 5♣.",2026-09-08T20:44:46.247Z,178890028624700
"-- ending hand #318 --",2026-09-08T20:44:41.462Z,178890028146202
"""jahan 2 @ iacG4hF18c"" collected 5.50 from pot",2026-09-08T20:44:41.462Z,178890028146201
"Uncalled bet of 3.25 returned to ""jahan 2 @ iacG4hF18c""",2026-09-08T20:44:41.462Z,178890028146200
"""1bulletonly @ xZS3GKnBtu"" folds",2026-09-08T20:44:40.636Z,178890028063600
"""jahan 2 @ iacG4hF18c"" bets 3.25",2026-09-08T20:44:35.196Z,178890027519600
"Flop:  [3♦, Q♣, 5♥]",2026-09-08T20:44:27.097Z,178890026709700
"""1bulletonly @ xZS3GKnBtu"" calls 2.50",2026-09-08T20:44:26.276Z,178890026627600
"""Will @ h_ZrezeXHs"" folds",2026-09-08T20:44:25.070Z,178890026507000
"""jahan 2 @ iacG4hF18c"" raises to 2.50",2026-09-08T20:44:24.167Z,178890026416700
"""rowan @ GthBpPSqaK"" folds",2026-09-08T20:44:20.350Z,178890026035000
"""R Y A N @ GO72Iwd2XL"" folds",2026-09-08T20:44:19.500Z,178890025950000
"""1bulletonly @ xZS3GKnBtu"" calls 0.50",2026-09-08T20:44:18.546Z,178890025854600
"""Kobe @ DRSv3IR7B7"" folds",2026-09-08T20:44:08.094Z,178890024809400
"""Will @ h_ZrezeXHs"" posts a big blind of 0.50",2026-09-08T20:44:06.784Z,178890024678409
"""jahan 2 @ iacG4hF18c"" posts a small blind of 0.25",2026-09-08T20:44:06.784Z,178890024678408
"Player stacks: #1 ""rowan @ GthBpPSqaK"" (306.73) | #3 ""jahan 2 @ iacG4hF18c"" (161.93) | #4 ""Will @ h_ZrezeXHs"" (72.59) | #5 ""Kobe @ DRSv3IR7B7"" (138.96) | #9 ""1bulletonly @ xZS3GKnBtu"" (309.51) | #10 ""R Y A N @ GO72Iwd2XL"" (40.25)",2026-09-08T20:44:06.784Z,178890024678401
"-- starting hand #318 (id: 0bfaf92xkwju)  No Limit Texas Hold'em (dealer: ""rowan @ GthBpPSqaK"") --",2026-09-08T20:44:06.784Z,178890024678400
"-- ending hand #317 --",2026-09-08T20:44:00.758Z,178890024075803
"""jahan 2 @ iacG4hF18c"" collected 1.50 from pot with Pair, A's (combination: 7♣, 10♦, K♣, A♦, A♣)",2026-09-08T20:44:00.758Z,178890024075802
"""jahan 2 @ iacG4hF18c"" shows a 10♦, 5♦.",2026-09-08T20:44:00.758Z,178890024075801
"""rowan @ GthBpPSqaK"" shows a 4♥, 8♥.",2026-09-08T20:44:00.758Z,178890024075800
"""R Y A N @ GO72Iwd2XL"" folds",2026-09-08T20:43:59.925Z,178890023992500
"""jahan 2 @ iacG4hF18c"" checks",2026-09-08T20:43:59.000Z,178890023900000
"""rowan @ GthBpPSqaK"" checks",2026-09-08T20:43:58.095Z,178890023809500
"River: 7♣, A♦, A♣, 2♥ [K♣]",2026-09-08T20:43:57.455Z,178890023745500
"""R Y A N @ GO72Iwd2XL"" checks",2026-09-08T20:43:56.591Z,178890023659100
"""jahan 2 @ iacG4hF18c"" checks",2026-09-08T20:43:54.700Z,178890023470000
"""rowan @ GthBpPSqaK"" checks",2026-09-08T20:43:53.851Z,178890023385100
"Turn: 7♣, A♦, A♣ [2♥]",2026-09-08T20:43:53.063Z,178890023306300
"""R Y A N @ GO72Iwd2XL"" checks",2026-09-08T20:43:52.252Z,178890023225200
"""jahan 2 @ iacG4hF18c"" checks",2026-09-08T20:43:51.369Z,178890023136900
"""rowan @ GthBpPSqaK"" checks",2026-09-08T20:43:49.634Z,178890022963400
"Flop:  [7♣, A♦, A♣]",2026-09-08T20:43:46.911Z,178890022691100
"""jahan 2 @ iacG4hF18c"" checks",2026-09-08T20:43:46.075Z,178890022607500
"""rowan @ GthBpPSqaK"" calls 0.50",2026-09-08T20:43:44.545Z,178890022454500
"""R Y A N @ GO72Iwd2XL"" calls 0.50",2026-09-08T20:43:43.640Z,178890022364000
"""1bulletonly @ xZS3GKnBtu"" folds",2026-09-08T20:43:41.907Z,178890022190700
"""Kobe @ DRSv3IR7B7"" folds",2026-09-08T20:43:40.936Z,178890022093600
"""Will @ h_ZrezeXHs"" folds",2026-09-08T20:43:40.021Z,178890022002100
"""jahan 2 @ iacG4hF18c"" posts a big blind of 0.50",2026-09-08T20:43:38.907Z,178890021890709
"""rowan @ GthBpPSqaK"" posts a small blind of 0.25",2026-09-08T20:43:38.907Z,178890021890708
"Player stacks: #1 ""rowan @ GthBpPSqaK"" (307.23) | #3 ""jahan 2 @ iacG4hF18c"" (160.93) | #4 ""Will @ h_ZrezeXHs"" (72.59) | #5 ""Kobe @ DRSv3IR7B7"" (138.96) | #9 ""1bulletonly @ xZS3GKnBtu"" (309.51) | #10 ""R Y A N @ GO72Iwd2XL"" (40.75)",2026-09-08T20:43:38.907Z,178890021890701
"-- starting hand #317 (id: noxzcyd5akhr)  No Limit Texas Hold'em (dealer: ""R Y A N @ GO72Iwd2XL"") --",2026-09-08T20:43:38.907Z,178890021890700
"-- ending hand #316 --",2026-09-08T20:43:32.897Z,178890021289702
"""Kobe @ DRSv3IR7B7"" collected 5.50 from pot with Two Pair, A's & 10's (combination: Q♣, 10♥, 10♠, A♣, A♠)",2026-09-08T20:43:32.897Z,178890021289701
"""Kobe @ DRSv3IR7B7"" shows a 10♥, 10♠.",2026-09-08T20:43:32.897Z,178890021289700
"""R Y A N @ GO72Iwd2XL"" calls 1.00",2026-09-08T20:43:32.085Z,178890021208500
"""Kobe @ DRSv3IR7B7"" bets 1.00",2026-09-08T20:43:30.968Z,178890021096800
"""R Y A N @ GO72Iwd2XL"" checks",2026-09-08T20:43:28.593Z,178890020859300
"River: 6♥, Q♣, 2♦, A♣ [A♠]",2026-09-08T20:43:27.357Z,178890020735700
"""Kobe @ DRSv3IR7B7"" checks",2026-09-08T20:43:26.530Z,178890020653000
"""R Y A N @ GO72Iwd2XL"" checks",2026-09-08T20:43:24.559Z,178890020455900
"Turn: 6♥, Q♣, 2♦ [A♣]",2026-09-08T20:43:23.095Z,178890020309500
"""Kobe @ DRSv3IR7B7"" checks",2026-09-08T20:43:22.234Z,178890020223400
"""R Y A N @ GO72Iwd2XL"" checks",2026-09-08T20:43:20.061Z,178890020006100
"Flop:  [6♥, Q♣, 2♦]",2026-09-08T20:43:17.890Z,178890019789000
"""rowan @ GthBpPSqaK"" folds",2026-09-08T20:43:17.042Z,178890019704200
"""R Y A N @ GO72Iwd2XL"" calls 1.50",2026-09-08T20:43:14.769Z,178890019476900
"""1bulletonly @ xZS3GKnBtu"" folds",2026-09-08T20:43:13.854Z,178890019385400
"""Kobe @ DRSv3IR7B7"" raises to 1.50",2026-09-08T20:43:12.897Z,178890019289700
"""Will @ h_ZrezeXHs"" folds",2026-09-08T20:43:10.732Z,178890019073200
"""jahan 2 @ iacG4hF18c"" folds",2026-09-08T20:43:09.821Z,178890018982100
"""rowan @ GthBpPSqaK"" posts a big blind of 0.50",2026-09-08T20:43:08.477Z,178890018847709
"""R Y A N @ GO72Iwd2XL"" posts a small blind of 0.25",2026-09-08T20:43:08.477Z,178890018847708
"Player stacks: #1 ""rowan @ GthBpPSqaK"" (307.73) | #3 ""jahan 2 @ iacG4hF18c"" (160.93) | #4 ""Will @ h_ZrezeXHs"" (72.59) | #5 ""Kobe @ DRSv3IR7B7"" (135.96) | #9 ""1bulletonly @ xZS3GKnBtu"" (309.51) | #10 ""R Y A N @ GO72Iwd2XL"" (43.25)",2026-09-08T20:43:08.477Z,178890018847701
"-- starting hand #316 (id: umyy8zsurxko)  No Limit Texas Hold'em (dealer: ""1bulletonly @ xZS3GKnBtu"") --",2026-09-08T20:43:08.477Z,178890018847700
"""R Y A N @ GO72Iwd2XL"" shows a Q♠.",2026-09-08T20:43:03.798Z,178890018379800
"""jahan 2 @ iacG4hF18c"" shows a 6♥, 7♥.",2026-09-08T20:43:03.713Z,178890018371300
"-- ending hand #315 --",2026-09-08T20:43:01.419Z,178890018141902
"""1bulletonly @ xZS3GKnBtu"" collected 112.00 from pot with Full House, 9's over Q's (combination: Q♣, Q♥, 9♣, 9♦, 9♥)",2026-09-08T20:43:01.419Z,178890018141901
"""1bulletonly @ xZS3GKnBtu"" shows a Q♣, 9♣.",2026-09-08T20:43:01.419Z,178890018141900
"""jahan 2 @ iacG4hF18c"" calls 28.50",2026-09-08T20:43:00.570Z,178890018057000
"""1bulletonly @ xZS3GKnBtu"" bets 28.50",2026-09-08T20:42:58.772Z,178890017877200
"River: Q♥, 9♦, 9♥, 4♣ [J♥]",2026-09-08T20:42:47.585Z,178890016758500
"""jahan 2 @ iacG4hF18c"" calls 19.50",2026-09-08T20:42:46.714Z,178890016671400
"""R Y A N @ GO72Iwd2XL"" folds",2026-09-08T20:42:39.427Z,178890015942700
"""1bulletonly @ xZS3GKnBtu"" raises to 19.50",2026-09-08T20:42:35.432Z,178890015543200
"""jahan 2 @ iacG4hF18c"" calls 8.00",2026-09-08T20:42:26.199Z,178890014619900
"""R Y A N @ GO72Iwd2XL"" bets 8.00",2026-09-08T20:42:21.836Z,178890014183600
"""1bulletonly @ xZS3GKnBtu"" checks",2026-09-08T20:42:19.137Z,178890013913700
"Turn: Q♥, 9♦, 9♥ [4♣]",2026-09-08T20:42:18.011Z,178890013801100
"""1bulletonly @ xZS3GKnBtu"" calls 2.00",2026-09-08T20:42:17.167Z,178890013716700
"""jahan 2 @ iacG4hF18c"" calls 2.00",2026-09-08T20:42:15.251Z,178890013525100
"""rowan @ GthBpPSqaK"" folds",2026-09-08T20:42:13.458Z,178890013345800
"""R Y A N @ GO72Iwd2XL"" bets 2.00",2026-09-08T20:42:12.564Z,178890013256400
"""1bulletonly @ xZS3GKnBtu"" checks",2026-09-08T20:42:10.120Z,178890013012000
"Flop:  [Q♥, 9♦, 9♥]",2026-09-08T20:42:08.404Z,178890012840400
"""R Y A N @ GO72Iwd2XL"" checks",2026-09-08T20:42:07.560Z,178890012756000
"""1bulletonly @ xZS3GKnBtu"" calls 0.50",2026-09-08T20:42:05.388Z,178890012538800
"""Kobe @ DRSv3IR7B7"" folds",2026-09-08T20:42:03.203Z,178890012320300
"""Will @ h_ZrezeXHs"" folds",2026-09-08T20:42:01.381Z,178890012138100
"""jahan 2 @ iacG4hF18c"" calls 0.50",2026-09-08T20:42:00.203Z,178890012020300
"""rowan @ GthBpPSqaK"" calls 0.50",2026-09-08T20:41:58.727Z,178890011872700
"""R Y A N @ GO72Iwd2XL"" posts a big blind of 0.50",2026-09-08T20:41:57.471Z,178890011747109
"""1bulletonly @ xZS3GKnBtu"" posts a small blind of 0.25",2026-09-08T20:41:57.471Z,178890011747108
"Player stacks: #1 ""rowan @ GthBpPSqaK"" (308.23) | #3 ""jahan 2 @ iacG4hF18c"" (211.43) | #4 ""Will @ h_ZrezeXHs"" (72.59) | #5 ""Kobe @ DRSv3IR7B7"" (135.96) | #9 ""1bulletonly @ xZS3GKnBtu"" (248.01) | #10 ""R Y A N @ GO72Iwd2XL"" (53.75)",2026-09-08T20:41:57.471Z,178890011747101
"-- starting hand #315 (id: tdbtyrajiwj5)  No Limit Texas Hold'em (dealer: ""Kobe @ DRSv3IR7B7"") --",2026-09-08T20:41:57.471Z,178890011747100
"-- ending hand #314 --",2026-09-08T20:41:51.467Z,178890011146702
"""Kobe @ DRSv3IR7B7"" collected 40.92 from pot with Pair, A's (combination: 7♦, 9♦, 10♣, A♦, A♣)",2026-09-08T20:41:51.467Z,178890011146701
"""Kobe @ DRSv3IR7B7"" shows a 7♦, A♦.",2026-09-08T20:41:51.467Z,178890011146700
"""jahan 2 @ iacG4hF18c"" checks",2026-09-08T20:41:50.629Z,178890011062900
"""Kobe @ DRSv3IR7B7"" checks",2026-09-08T20:41:48.908Z,178890010890800
"River: 10♣, 2♠, 9♦, A♣ [3♦]",2026-09-08T20:41:46.265Z,178890010626500
"""jahan 2 @ iacG4hF18c"" calls 8.21",2026-09-08T20:41:45.451Z,178890010545100
"""rowan @ GthBpPSqaK"" folds",2026-09-08T20:41:40.623Z,178890010062300
"""Kobe @ DRSv3IR7B7"" bets 8.21",2026-09-08T20:41:39.368Z,178890009936800
"Turn: 10♣, 2♠, 9♦ [A♣]",2026-09-08T20:41:27.144Z,178890008714400
"""jahan 2 @ iacG4hF18c"" checks",2026-09-08T20:41:26.342Z,178890008634200
"""rowan @ GthBpPSqaK"" checks",2026-09-08T20:41:18.440Z,178890007844000
"""Kobe @ DRSv3IR7B7"" checks",2026-09-08T20:41:16.690Z,178890007669000
"Flop:  [10♣, 2♠, 9♦]",2026-09-08T20:41:07.697Z,178890006769700
"""jahan 2 @ iacG4hF18c"" calls 8.00",2026-09-08T20:41:06.880Z,178890006688000
"""rowan @ GthBpPSqaK"" calls 8.00",2026-09-08T20:41:04.483Z,178890006448300
"""1bulletonly @ xZS3GKnBtu"" folds",2026-09-08T20:41:02.667Z,178890006266700
"""Kobe @ DRSv3IR7B7"" raises to 8.00",2026-09-08T20:41:01.609Z,178890006160900
"""Will @ h_ZrezeXHs"" folds",2026-09-08T20:40:46.420Z,178890004642000
"""jahan 2 @ iacG4hF18c"" calls 2.00",2026-09-08T20:40:45.358Z,178890004535800
"""rowan @ GthBpPSqaK"" raises to 2.00",2026-09-08T20:40:43.449Z,178890004344900
"""R Y A N @ GO72Iwd2XL"" folds",2026-09-08T20:40:41.178Z,178890004117800
"""1bulletonly @ xZS3GKnBtu"" posts a big blind of 0.50",2026-09-08T20:40:39.776Z,178890003977609
"""Kobe @ DRSv3IR7B7"" posts a small blind of 0.25",2026-09-08T20:40:39.776Z,178890003977608
"Player stacks: #1 ""rowan @ GthBpPSqaK"" (316.23) | #3 ""jahan 2 @ iacG4hF18c"" (227.64) | #4 ""Will @ h_ZrezeXHs"" (72.59) | #5 ""Kobe @ DRSv3IR7B7"" (111.25) | #9 ""1bulletonly @ xZS3GKnBtu"" (248.51) | #10 ""R Y A N @ GO72Iwd2XL"" (53.75)",2026-09-08T20:40:39.776Z,178890003977601
"-- starting hand #314 (id: zatdawnlt1me)  No Limit Texas Hold'em (dealer: ""Will @ h_ZrezeXHs"") --",2026-09-08T20:40:39.776Z,178890003977600
"""R Y A N @ GO72Iwd2XL"" shows a 9♣.",2026-09-08T20:40:36.465Z,178890003646500
"-- ending hand #313 --",2026-09-08T20:40:33.246Z,178890003324602
"""Kobe @ DRSv3IR7B7"" collected 10.75 from pot with Two Pair, 7's & 5's (combination: A♣, 5♣, 5♦, 7♠, 7♦)",2026-09-08T20:40:33.246Z,178890003324601
"""Kobe @ DRSv3IR7B7"" shows a 7♠, 5♣.",2026-09-08T20:40:33.246Z,178890003324600
"""R Y A N @ GO72Iwd2XL"" calls 2.00",2026-09-08T20:40:32.440Z,178890003244000
"""Kobe @ DRSv3IR7B7"" bets 2.00",2026-09-08T20:40:30.320Z,178890003032000
"River: A♣, 9♥, 5♦, 10♥ [7♦]",2026-09-08T20:40:20.650Z,178890002065000
"""R Y A N @ GO72Iwd2XL"" checks",2026-09-08T20:40:19.830Z,178890001983000
"""Kobe @ DRSv3IR7B7"" checks",2026-09-08T20:40:17.220Z,178890001722000
"Turn: A♣, 9♥, 5♦ [10♥]",2026-09-08T20:40:15.360Z,178890001536000
"""Kobe @ DRSv3IR7B7"" calls 2.25",2026-09-08T20:40:14.552Z,178890001455200
"""jahan 2 @ iacG4hF18c"" folds",2026-09-08T20:40:12.188Z,178890001218800
"""rowan @ GthBpPSqaK"" folds",2026-09-08T20:40:11.283Z,178890001128300
"""R Y A N @ GO72Iwd2XL"" bets 2.25",2026-09-08T20:40:10.391Z,178890001039100
"""Kobe @ DRSv3IR7B7"" checks",2026-09-08T20:40:07.448Z,178890000744800
"Flop:  [A♣, 9♥, 5♦]",2026-09-08T20:40:05.756Z,178890000575600
"""Kobe @ DRSv3IR7B7"" checks",2026-09-08T20:40:04.854Z,178890000485400
"""Will @ h_ZrezeXHs"" folds",2026-09-08T20:40:03.415Z,178890000341500
"""jahan 2 @ iacG4hF18c"" calls 0.50",2026-09-08T20:40:02.401Z,178890000240100
"""rowan @ GthBpPSqaK"" calls 0.50",2026-09-08T20:40:00.347Z,178890000034700
"""R Y A N @ GO72Iwd2XL"" calls 0.50",2026-09-08T20:39:59.444Z,178889999944400
"""1bulletonly @ xZS3GKnBtu"" folds",2026-09-08T20:39:58.026Z,178889999802600
"""Kobe @ DRSv3IR7B7"" posts a big blind of 0.50",2026-09-08T20:39:56.954Z,178889999695409
"""Will @ h_ZrezeXHs"" posts a small blind of 0.25",2026-09-08T20:39:56.954Z,178889999695408
"Player stacks: #1 ""rowan @ GthBpPSqaK"" (316.73) | #3 ""jahan 2 @ iacG4hF18c"" (228.14) | #4 ""Will @ h_ZrezeXHs"" (72.84) | #5 ""Kobe @ DRSv3IR7B7"" (105.25) | #9 ""1bulletonly @ xZS3GKnBtu"" (248.51) | #10 ""R Y A N @ GO72Iwd2XL"" (58.50)",2026-09-08T20:39:56.954Z,178889999695401
"-- starting hand #313 (id: rnvzqtarikv6)  No Limit Texas Hold'em (dealer: ""jahan 2 @ iacG4hF18c"") --",2026-09-08T20:39:56.954Z,178889999695400
"-- ending hand #312 --",2026-09-08T20:39:51.021Z,178889999102102
"""Kobe @ DRSv3IR7B7"" collected 21.00 from pot",2026-09-08T20:39:51.021Z,178889999102101
"Uncalled bet of 14.00 returned to ""Kobe @ DRSv3IR7B7""",2026-09-08T20:39:51.021Z,178889999102100
"""Will @ h_ZrezeXHs"" folds",2026-09-08T20:39:50.136Z,178889999013600
"""jahan 2 @ iacG4hF18c"" folds",2026-09-08T20:39:47.912Z,178889998791200
"""rowan @ GthBpPSqaK"" folds",2026-09-08T20:39:47.052Z,178889998705200
"""Kobe @ DRSv3IR7B7"" raises to 23.00",2026-09-08T20:39:45.597Z,178889998559700
"""Will @ h_ZrezeXHs"" raises to 9.00",2026-09-08T20:39:25.365Z,178889996536500
"""jahan 2 @ iacG4hF18c"" calls 1.50",2026-09-08T20:39:19.672Z,178889995967200
"""rowan @ GthBpPSqaK"" calls 1.50",2026-09-08T20:39:16.498Z,178889995649800
"""R Y A N @ GO72Iwd2XL"" folds",2026-09-08T20:39:15.558Z,178889995555800
"""1bulletonly @ xZS3GKnBtu"" folds",2026-09-08T20:39:14.635Z,178889995463500
"""Kobe @ DRSv3IR7B7"" raises to 1.50",2026-09-08T20:39:12.476Z,178889995247600
"""Will @ h_ZrezeXHs"" posts a big blind of 0.50",2026-09-08T20:39:09.204Z,178889994920409
"""jahan 2 @ iacG4hF18c"" posts a small blind of 0.25",2026-09-08T20:39:09.204Z,178889994920408
"Player stacks: #1 ""rowan @ GthBpPSqaK"" (318.23) | #3 ""jahan 2 @ iacG4hF18c"" (229.64) | #4 ""Will @ h_ZrezeXHs"" (81.84) | #5 ""Kobe @ DRSv3IR7B7"" (93.25) | #9 ""1bulletonly @ xZS3GKnBtu"" (248.51) | #10 ""R Y A N @ GO72Iwd2XL"" (58.50)",2026-09-08T20:39:09.204Z,178889994920401
"-- starting hand #312 (id: b50af1pqqauq)  No Limit Texas Hold'em (dealer: ""rowan @ GthBpPSqaK"") --",2026-09-08T20:39:09.204Z,178889994920400
"-- ending hand #311 --",2026-09-08T20:39:03.246Z,178889994324602
"""R Y A N @ GO72Iwd2XL"" collected 15.75 from pot",2026-09-08T20:39:03.246Z,178889994324601
"Uncalled bet of 8.75 returned to ""R Y A N @ GO72Iwd2XL""",2026-09-08T20:39:03.246Z,178889994324600
"""1bulletonly @ xZS3GKnBtu"" folds",2026-09-08T20:39:02.387Z,178889994238700
"""Kobe @ DRSv3IR7B7"" folds",2026-09-08T20:39:01.387Z,178889994138700
"""R Y A N @ GO72Iwd2XL"" bets 8.75",2026-09-08T20:38:53.715Z,178889993371500
"""1bulletonly @ xZS3GKnBtu"" checks",2026-09-08T20:38:49.383Z,178889992938300
"""Kobe @ DRSv3IR7B7"" checks",2026-09-08T20:38:48.032Z,178889992803200
"Flop:  [J♣, 8♦, 4♠]",2026-09-08T20:38:44.877Z,178889992487700
"""1bulletonly @ xZS3GKnBtu"" calls 5.00",2026-09-08T20:38:44.021Z,178889992402100
"""Kobe @ DRSv3IR7B7"" calls 5.00",2026-09-08T20:38:42.858Z,178889992285800
"""jahan 2 @ iacG4hF18c"" folds",2026-09-08T20:38:37.476Z,178889991747600
"""rowan @ GthBpPSqaK"" folds",2026-09-08T20:38:33.518Z,178889991351800
"""R Y A N @ GO72Iwd2XL"" raises to 5.00",2026-09-08T20:38:32.598Z,178889991259800
"""1bulletonly @ xZS3GKnBtu"" calls 1.50",2026-09-08T20:38:29.261Z,178889990926100
"""Kobe @ DRSv3IR7B7"" raises to 1.50",2026-09-08T20:38:28.044Z,178889990804400
"""Will @ h_ZrezeXHs"" folds",2026-09-08T20:38:23.903Z,178889990390300
"""jahan 2 @ iacG4hF18c"" posts a big blind of 0.50",2026-09-08T20:38:21.747Z,178889990174709
"""rowan @ GthBpPSqaK"" posts a small blind of 0.25",2026-09-08T20:38:21.747Z,178889990174708
"Player stacks: #1 ""rowan @ GthBpPSqaK"" (318.48) | #3 ""jahan 2 @ iacG4hF18c"" (230.14) | #4 ""Will @ h_ZrezeXHs"" (81.84) | #5 ""Kobe @ DRSv3IR7B7"" (98.25) | #9 ""1bulletonly @ xZS3GKnBtu"" (253.51) | #10 ""R Y A N @ GO72Iwd2XL"" (47.75)",2026-09-08T20:38:21.747Z,178889990174701
"-- starting hand #311 (id: weu0iwq0dakr)  No Limit Texas Hold'em (dealer: ""R Y A N @ GO72Iwd2XL"") --",2026-09-08T20:38:21.747Z,178889990174700
"""R Y A N @ GO72Iwd2XL"" shows a 9♣, 7♦.",2026-09-08T20:38:17.527Z,178889989752700
"""1bulletonly @ xZS3GKnBtu"" shows a 8♠.",2026-09-08T20:38:15.821Z,178889989582100
"-- ending hand #310 --",2026-09-08T20:38:14.431Z,178889989443102
"""rowan @ GthBpPSqaK"" collected 17.50 from pot",2026-09-08T20:38:14.431Z,178889989443101
"Uncalled bet of 8.75 returned to ""rowan @ GthBpPSqaK""",2026-09-08T20:38:14.431Z,178889989443100
"""jahan 2 @ iacG4hF18c"" folds",2026-09-08T20:38:13.602Z,178889989360200
"""rowan @ GthBpPSqaK"" bets 8.75",2026-09-08T20:38:12.696Z,178889989269600
"Turn: 8♣, 4♥, 8♥ [10♣]",2026-09-08T20:38:03.820Z,178889988382000
"""rowan @ GthBpPSqaK"" calls 5.25",2026-09-08T20:38:02.992Z,178889988299200
"""R Y A N @ GO72Iwd2XL"" folds",2026-09-08T20:38:02.022Z,178889988202200
"""Kobe @ DRSv3IR7B7"" folds",2026-09-08T20:38:00.935Z,178889988093500
"""jahan 2 @ iacG4hF18c"" bets 5.25",2026-09-08T20:37:57.595Z,178889987759500
"""rowan @ GthBpPSqaK"" checks",2026-09-08T20:37:53.885Z,178889987388500
"""R Y A N @ GO72Iwd2XL"" checks",2026-09-08T20:37:52.911Z,178889987291100
"Flop:  [8♣, 4♥, 8♥]",2026-09-08T20:37:50.672Z,178889987067200
"""rowan @ GthBpPSqaK"" calls 1.75",2026-09-08T20:37:49.820Z,178889986982000
"""R Y A N @ GO72Iwd2XL"" calls 1.75",2026-09-08T20:37:48.533Z,178889986853300
"""1bulletonly @ xZS3GKnBtu"" folds",2026-09-08T20:37:46.887Z,178889986688700
"""Kobe @ DRSv3IR7B7"" calls 1.75",2026-09-08T20:37:45.942Z,178889986594200
"""Will @ h_ZrezeXHs"" folds",2026-09-08T20:37:42.263Z,178889986226300
"""jahan 2 @ iacG4hF18c"" raises to 1.75",2026-09-08T20:37:37.587Z,178889985758700
"""rowan @ GthBpPSqaK"" posts a big blind of 0.50",2026-09-08T20:37:27.546Z,178889984754610
"""R Y A N @ GO72Iwd2XL"" posts a small blind of 0.25",2026-09-08T20:37:27.546Z,178889984754609
"Player stacks: #1 ""rowan @ GthBpPSqaK"" (307.98) | #3 ""jahan 2 @ iacG4hF18c"" (237.14) | #4 ""Will @ h_ZrezeXHs"" (81.84) | #5 ""Kobe @ DRSv3IR7B7"" (100.00) | #9 ""1bulletonly @ xZS3GKnBtu"" (253.51) | #10 ""R Y A N @ GO72Iwd2XL"" (49.50)",2026-09-08T20:37:27.546Z,178889984754602
"-- starting hand #310 (id: muehiotvlpkf)  No Limit Texas Hold'em (dealer: ""1bulletonly @ xZS3GKnBtu"") --",2026-09-08T20:37:27.546Z,178889984754601
"The player ""Kobe @ DRSv3IR7B7"" joined the game with a stack of 100.00.",2026-09-08T20:37:27.546Z,178889984754600
"-- ending hand #309 --",2026-09-08T20:37:21.621Z,178889984162102
"""rowan @ GthBpPSqaK"" collected 1.25 from pot",2026-09-08T20:37:21.621Z,178889984162101
"Uncalled bet of 1.50 returned to ""rowan @ GthBpPSqaK""",2026-09-08T20:37:21.621Z,178889984162100
"""R Y A N @ GO72Iwd2XL"" folds",2026-09-08T20:37:20.769Z,178889984076900
"""1bulletonly @ xZS3GKnBtu"" folds",2026-09-08T20:37:19.756Z,178889983975600
"""Will @ h_ZrezeXHs"" folds",2026-09-08T20:37:18.644Z,178889983864400
"""jahan 2 @ iacG4hF18c"" folds",2026-09-08T20:37:17.658Z,178889983765800
"""rowan @ GthBpPSqaK"" raises to 2.00",2026-09-08T20:37:16.737Z,178889983673700
"""R Y A N @ GO72Iwd2XL"" posts a big blind of 0.50",2026-09-08T20:37:14.219Z,178889983421908
"""1bulletonly @ xZS3GKnBtu"" posts a small blind of 0.25",2026-09-08T20:37:14.219Z,178889983421907
"Player stacks: #1 ""rowan @ GthBpPSqaK"" (307.23) | #3 ""jahan 2 @ iacG4hF18c"" (237.14) | #4 ""Will @ h_ZrezeXHs"" (81.84) | #9 ""1bulletonly @ xZS3GKnBtu"" (253.76) | #10 ""R Y A N @ GO72Iwd2XL"" (50.00)",2026-09-08T20:37:14.219Z,178889983421901
"-- starting hand #309 (id: glmzgshf3j9b)  No Limit Texas Hold'em (dealer: ""Will @ h_ZrezeXHs"") --",2026-09-08T20:37:14.219Z,178889983421900
"-- ending hand #308 --",2026-09-08T20:37:08.274Z,178889982827402
"""rowan @ GthBpPSqaK"" collected 20.00 from pot",2026-09-08T20:37:08.274Z,178889982827401
"Uncalled bet of 20.00 returned to ""rowan @ GthBpPSqaK""",2026-09-08T20:37:08.274Z,178889982827400
"""R Y A N @ GO72Iwd2XL"" folds",2026-09-08T20:37:07.460Z,178889982746000
"""jahan 2 @ iacG4hF18c"" folds",2026-09-08T20:37:06.353Z,178889982635300
"""rowan @ GthBpPSqaK"" bets 20.00",2026-09-08T20:37:03.604Z,178889982360400
"""R Y A N @ GO72Iwd2XL"" checks",2026-09-08T20:37:00.844Z,178889982084400
"Turn (second board): 8♣, 10♥, Q♣ [3♠]",2026-09-08T20:36:58.441Z,178889981844101
"Turn: 3♥, Q♦, 6♠ [J♦]",2026-09-08T20:36:58.441Z,178889981844100
"""R Y A N @ GO72Iwd2XL"" calls 5.00",2026-09-08T20:36:57.625Z,178889981762500
"""1bulletonly @ xZS3GKnBtu"" folds",2026-09-08T20:36:56.658Z,178889981665800
"""Will @ h_ZrezeXHs"" folds",2026-09-08T20:36:55.606Z,178889981560600
"The admin approved the player ""Kobe @ DRSv3IR7B7"" participation with a stack of 100.00.",2026-09-08T20:36:54.591Z,178889981459100
"""jahan 2 @ iacG4hF18c"" calls 5.00",2026-09-08T20:36:54.530Z,178889981453000
"The player ""Kobe @ DRSv3IR7B7"" requested a seat.",2026-09-08T20:36:53.605Z,178889981360500
"""rowan @ GthBpPSqaK"" bets 5.00",2026-09-08T20:36:52.204Z,178889981220400
"""R Y A N @ GO72Iwd2XL"" checks",2026-09-08T20:36:50.211Z,178889981021100
"""1bulletonly @ xZS3GKnBtu"" checks",2026-09-08T20:36:47.700Z,178889980770000
"""Will @ h_ZrezeXHs"" checks",2026-09-08T20:36:46.810Z,178889980681000
"Flop (second board):  [8♣, 10♥, Q♣]",2026-09-08T20:36:44.680Z,178889980468001
"Flop:  [3♥, Q♦, 6♠]",2026-09-08T20:36:44.680Z,178889980468000
"""1bulletonly @ xZS3GKnBtu"" calls 1.00 (bomb pot bet)",2026-09-08T20:36:43.854Z,178889980385400
"""Will @ h_ZrezeXHs"" calls 1.00 (bomb pot bet)",2026-09-08T20:36:43.052Z,178889980305200
"""jahan 2 @ iacG4hF18c"" calls 1.00 (bomb pot bet)",2026-09-08T20:36:42.243Z,178889980224300
"""rowan @ GthBpPSqaK"" calls 1.00 (bomb pot bet)",2026-09-08T20:36:41.377Z,178889980137700
"""R Y A N @ GO72Iwd2XL"" posts a bet of 1.00 (bomb pot bet)",2026-09-08T20:36:40.573Z,178889980057300
"Player stacks: #1 ""rowan @ GthBpPSqaK"" (293.23) | #3 ""jahan 2 @ iacG4hF18c"" (243.14) | #4 ""Will @ h_ZrezeXHs"" (82.84) | #9 ""1bulletonly @ xZS3GKnBtu"" (254.76) | #10 ""R Y A N @ GO72Iwd2XL"" (56.00)",2026-09-08T20:36:38.562Z,178889979856201
"-- starting hand #308 (id: 2shpjhx813xq)  No Limit Texas Hold'em (dealer: ""jahan 2 @ iacG4hF18c"") --",2026-09-08T20:36:38.562Z,178889979856200
"-- ending hand #307 --",2026-09-08T20:36:32.645Z,178889979264502
"""jahan 2 @ iacG4hF18c"" collected 1.75 from pot",2026-09-08T20:36:32.645Z,178889979264501
"Uncalled bet of 1.75 returned to ""jahan 2 @ iacG4hF18c""",2026-09-08T20:36:32.645Z,178889979264500
"""1bulletonly @ xZS3GKnBtu"" folds",2026-09-08T20:36:31.828Z,178889979182800
"""Will @ h_ZrezeXHs"" folds",2026-09-08T20:36:30.900Z,178889979090000
"""jahan 2 @ iacG4hF18c"" bets 1.75",2026-09-08T20:36:29.641Z,178889978964100
"Turn: J♠, Q♠, 2♠ [9♣]",2026-09-08T20:36:25.893Z,178889978589300
"""1bulletonly @ xZS3GKnBtu"" checks",2026-09-08T20:36:25.075Z,178889978507500
"""Will @ h_ZrezeXHs"" checks",2026-09-08T20:36:24.195Z,178889978419500
"""jahan 2 @ iacG4hF18c"" checks",2026-09-08T20:36:22.352Z,178889978235200
"Flop:  [J♠, Q♠, 2♠]",2026-09-08T20:36:20.286Z,178889978028600
"""Will @ h_ZrezeXHs"" checks",2026-09-08T20:36:19.467Z,178889977946700
"""jahan 2 @ iacG4hF18c"" calls 0.50",2026-09-08T20:36:18.495Z,178889977849500
"""rowan @ GthBpPSqaK"" folds",2026-09-08T20:36:10.765Z,178889977076500
"""R Y A N @ GO72Iwd2XL"" folds",2026-09-08T20:36:09.908Z,178889976990800
"""1bulletonly @ xZS3GKnBtu"" checks",2026-09-08T20:36:08.960Z,178889976896000
"""1bulletonly @ xZS3GKnBtu"" posts a missed big blind of 0.50",2026-09-08T20:36:03.889Z,178889976388911
"""1bulletonly @ xZS3GKnBtu"" posts a missing small blind of 0.25",2026-09-08T20:36:03.889Z,178889976388910
"""Will @ h_ZrezeXHs"" posts a big blind of 0.50",2026-09-08T20:36:03.889Z,178889976388909
"""jahan 2 @ iacG4hF18c"" posts a small blind of 0.25",2026-09-08T20:36:03.889Z,178889976388908
"Player stacks: #1 ""rowan @ GthBpPSqaK"" (293.23) | #3 ""jahan 2 @ iacG4hF18c"" (241.89) | #4 ""Will @ h_ZrezeXHs"" (83.34) | #9 ""1bulletonly @ xZS3GKnBtu"" (255.51) | #10 ""R Y A N @ GO72Iwd2XL"" (56.00)",2026-09-08T20:36:03.889Z,178889976388902
"-- starting hand #307 (id: xco94egh9fs5)  No Limit Texas Hold'em (dealer: ""rowan @ GthBpPSqaK"") --",2026-09-08T20:36:03.889Z,178889976388901
"The player ""1bulletonly @ xZS3GKnBtu"" joined the game with a stack of 255.51.",2026-09-08T20:36:03.889Z,178889976388900
"-- ending hand #306 --",2026-09-08T20:35:57.963Z,178889975796302
"""R Y A N @ GO72Iwd2XL"" collected 6.50 from pot",2026-09-08T20:35:57.963Z,178889975796301
"Uncalled bet of 6.50 returned to ""R Y A N @ GO72Iwd2XL""",2026-09-08T20:35:57.963Z,178889975796300
"""Will @ h_ZrezeXHs"" folds",2026-09-08T20:35:57.130Z,178889975713000
"""rowan @ GthBpPSqaK"" folds",2026-09-08T20:35:56.229Z,178889975622900
"""R Y A N @ GO72Iwd2XL"" bets 6.50",2026-09-08T20:35:53.099Z,178889975309900
"""Will @ h_ZrezeXHs"" checks",2026-09-08T20:35:49.115Z,178889974911500
"""rowan @ GthBpPSqaK"" checks",2026-09-08T20:35:47.474Z,178889974747400
"Flop:  [5♥, 6♠, K♠]",2026-09-08T20:35:46.052Z,178889974605200
"""jahan 2 @ iacG4hF18c"" folds",2026-09-08T20:35:45.160Z,178889974516000
"""rowan @ GthBpPSqaK"" calls 2.00",2026-09-08T20:35:40.836Z,178889974083600
"The player ""1bulletonly @ xZS3GKnBtu"" sit back with the stack of 255.51.",2026-09-08T20:35:38.386Z,178889973838600
"""R Y A N @ GO72Iwd2XL"" calls 2.00",2026-09-08T20:35:38.128Z,178889973812800
"""Will @ h_ZrezeXHs"" raises to 2.00",2026-09-08T20:35:36.722Z,178889973672200
"""jahan 2 @ iacG4hF18c"" posts a big blind of 0.50",2026-09-08T20:35:33.753Z,178889973375307
"""rowan @ GthBpPSqaK"" posts a small blind of 0.25",2026-09-08T20:35:33.753Z,178889973375306
"Player stacks: #1 ""rowan @ GthBpPSqaK"" (295.23) | #3 ""jahan 2 @ iacG4hF18c"" (242.39) | #4 ""Will @ h_ZrezeXHs"" (85.34) | #10 ""R Y A N @ GO72Iwd2XL"" (51.50)",2026-09-08T20:35:33.753Z,178889973375301
"-- starting hand #306 (id: 1bix10wxynai)  No Limit Texas Hold'em (dealer: ""R Y A N @ GO72Iwd2XL"") --",2026-09-08T20:35:33.753Z,178889973375300
"-- ending hand #305 --",2026-09-08T20:35:30.835Z,178889973083502
"""rowan @ GthBpPSqaK"" collected 30.00 from pot",2026-09-08T20:35:30.835Z,178889973083501
"Uncalled bet of 15.00 returned to ""rowan @ GthBpPSqaK""",2026-09-08T20:35:30.835Z,178889973083500
"""R Y A N @ GO72Iwd2XL"" folds",2026-09-08T20:35:29.996Z,178889972999600
"""rowan @ GthBpPSqaK"" bets 15.00",2026-09-08T20:35:21.684Z,178889972168400
"""R Y A N @ GO72Iwd2XL"" checks",2026-09-08T20:35:18.779Z,178889971877900
"River: 2♥, J♣, K♣, 5♦ [4♥]",2026-09-08T20:35:12.702Z,178889971270200
"""Will @ h_ZrezeXHs"" folds",2026-09-08T20:35:11.846Z,178889971184600
"""jahan 2 @ iacG4hF18c"" folds",2026-09-08T20:35:10.920Z,178889971092000
"""rowan @ GthBpPSqaK"" calls 10.00",2026-09-08T20:35:09.940Z,178889970994000
"""R Y A N @ GO72Iwd2XL"" bets 10.00",2026-09-08T20:35:08.551Z,178889970855100
"Turn: 2♥, J♣, K♣ [5♦]",2026-09-08T20:35:05.302Z,178889970530200
"""Will @ h_ZrezeXHs"" checks",2026-09-08T20:35:04.496Z,178889970449600
"""jahan 2 @ iacG4hF18c"" checks",2026-09-08T20:35:03.144Z,178889970314400
"""rowan @ GthBpPSqaK"" checks",2026-09-08T20:35:02.172Z,178889970217200
"""R Y A N @ GO72Iwd2XL"" checks",2026-09-08T20:35:00.758Z,178889970075800
"Flop:  [2♥, J♣, K♣]",2026-09-08T20:34:58.161Z,178889969816100
"""jahan 2 @ iacG4hF18c"" calls 2.50",2026-09-08T20:34:57.328Z,178889969732800
"""rowan @ GthBpPSqaK"" calls 2.50",2026-09-08T20:34:55.799Z,178889969579900
"""R Y A N @ GO72Iwd2XL"" calls 2.50",2026-09-08T20:34:54.881Z,178889969488100
"""Will @ h_ZrezeXHs"" raises to 2.50",2026-09-08T20:34:53.436Z,178889969343600
"""jahan 2 @ iacG4hF18c"" calls 0.50",2026-09-08T20:34:48.390Z,178889968839000
"""rowan @ GthBpPSqaK"" posts a big blind of 0.50",2026-09-08T20:34:47.552Z,178889968755207
"""R Y A N @ GO72Iwd2XL"" posts a small blind of 0.25",2026-09-08T20:34:47.552Z,178889968755206
"Player stacks: #1 ""rowan @ GthBpPSqaK"" (277.73) | #3 ""jahan 2 @ iacG4hF18c"" (244.89) | #4 ""Will @ h_ZrezeXHs"" (87.84) | #10 ""R Y A N @ GO72Iwd2XL"" (64.00)",2026-09-08T20:34:47.552Z,178889968755201
"-- starting hand #305 (id: ygll1fsboely)  No Limit Texas Hold'em (dealer: ""Will @ h_ZrezeXHs"") --",2026-09-08T20:34:47.552Z,178889968755200
"-- ending hand #304 --",2026-09-08T20:34:41.598Z,178889968159802
"""jahan 2 @ iacG4hF18c"" collected 1.75 from pot",2026-09-08T20:34:41.598Z,178889968159801
"Uncalled bet of 1.75 returned to ""jahan 2 @ iacG4hF18c""",2026-09-08T20:34:41.598Z,178889968159800
"""R Y A N @ GO72Iwd2XL"" folds",2026-09-08T20:34:40.779Z,178889968077900
"""jahan 2 @ iacG4hF18c"" bets 1.75",2026-09-08T20:34:39.037Z,178889967903700
"""rowan @ GthBpPSqaK"" folds",2026-09-08T20:34:36.425Z,178889967642500
"""R Y A N @ GO72Iwd2XL"" checks",2026-09-08T20:34:34.262Z,178889967426200
"Turn: K♥, 4♥, 4♦ [10♦]",2026-09-08T20:34:33.454Z,178889967345400
"""jahan 2 @ iacG4hF18c"" checks",2026-09-08T20:34:32.638Z,178889967263800
"""rowan @ GthBpPSqaK"" checks",2026-09-08T20:34:30.980Z,178889967098000
"""R Y A N @ GO72Iwd2XL"" checks",2026-09-08T20:34:30.134Z,178889967013400
"Flop:  [K♥, 4♥, 4♦]",2026-09-08T20:34:28.052Z,178889966805200
"""R Y A N @ GO72Iwd2XL"" checks",2026-09-08T20:34:27.240Z,178889966724000
"""Will @ h_ZrezeXHs"" folds",2026-09-08T20:34:26.200Z,178889966620000
"""jahan 2 @ iacG4hF18c"" calls 0.50",2026-09-08T20:34:25.299Z,178889966529900
"""rowan @ GthBpPSqaK"" calls 0.50",2026-09-08T20:34:20.035Z,178889966003500
"""R Y A N @ GO72Iwd2XL"" posts a big blind of 0.50",2026-09-08T20:34:18.840Z,178889965884007
"""Will @ h_ZrezeXHs"" posts a small blind of 0.25",2026-09-08T20:34:18.840Z,178889965884006
"Player stacks: #1 ""rowan @ GthBpPSqaK"" (278.23) | #3 ""jahan 2 @ iacG4hF18c"" (243.64) | #4 ""Will @ h_ZrezeXHs"" (88.09) | #10 ""R Y A N @ GO72Iwd2XL"" (64.50)",2026-09-08T20:34:18.840Z,178889965884001
"-- starting hand #304 (id: qlri8wsf7zfj)  No Limit Texas Hold'em (dealer: ""jahan 2 @ iacG4hF18c"") --",2026-09-08T20:34:18.840Z,178889965884000
"-- ending hand #303 --",2026-09-08T20:34:12.900Z,178889965290002
"""rowan @ GthBpPSqaK"" collected 18.75 from pot",2026-09-08T20:34:12.900Z,178889965290001
"Uncalled bet of 9.37 returned to ""rowan @ GthBpPSqaK""",2026-09-08T20:34:12.900Z,178889965290000
"""R Y A N @ GO72Iwd2XL"" folds",2026-09-08T20:34:12.067Z,178889965206700
"""rowan @ GthBpPSqaK"" bets 9.37",2026-09-08T20:34:08.494Z,178889964849400
"""R Y A N @ GO72Iwd2XL"" checks",2026-09-08T20:34:05.822Z,178889964582200
"Turn: A♥, 9♦, J♣ [3♦]",2026-09-08T20:34:01.511Z,178889964151100
"""Will @ h_ZrezeXHs"" folds",2026-09-08T20:34:00.597Z,178889964059700
"""rowan @ GthBpPSqaK"" calls 6.25",2026-09-08T20:33:59.567Z,178889963956700
"""R Y A N @ GO72Iwd2XL"" bets 6.25",2026-09-08T20:33:56.234Z,178889963623400
"""Will @ h_ZrezeXHs"" checks",2026-09-08T20:33:52.032Z,178889963203200
"Flop:  [A♥, 9♦, J♣]",2026-09-08T20:33:50.505Z,178889963050500
"""Will @ h_ZrezeXHs"" calls 2.00",2026-09-08T20:33:49.689Z,178889962968900
"""jahan 2 @ iacG4hF18c"" folds",2026-09-08T20:33:46.146Z,178889962614600
"""rowan @ GthBpPSqaK"" calls 2.00",2026-09-08T20:33:42.361Z,178889962236100
"""R Y A N @ GO72Iwd2XL"" raises to 2.00",2026-09-08T20:33:41.487Z,178889962148700
"""Will @ h_ZrezeXHs"" posts a big blind of 0.50",2026-09-08T20:33:38.082Z,178889961808207
"""jahan 2 @ iacG4hF18c"" posts a small blind of 0.25",2026-09-08T20:33:38.082Z,178889961808206
"Player stacks: #1 ""rowan @ GthBpPSqaK"" (267.73) | #3 ""jahan 2 @ iacG4hF18c"" (243.89) | #4 ""Will @ h_ZrezeXHs"" (90.09) | #10 ""R Y A N @ GO72Iwd2XL"" (72.75)",2026-09-08T20:33:38.082Z,178889961808201
"-- starting hand #303 (id: kr9fwdstmr0d)  No Limit Texas Hold'em (dealer: ""rowan @ GthBpPSqaK"") --",2026-09-08T20:33:38.082Z,178889961808200
"-- ending hand #302 --",2026-09-08T20:33:32.042Z,178889961204203
"""R Y A N @ GO72Iwd2XL"" collected 1.25 from pot with Pair, 5's (combination: J♦, Q♠, A♥, 5♠, 5♥)",2026-09-08T20:33:32.042Z,178889961204202
"""R Y A N @ GO72Iwd2XL"" shows a 5♠, 7♠.",2026-09-08T20:33:32.042Z,178889961204201
"""jahan 2 @ iacG4hF18c"" shows a 6♠, 4♦.",2026-09-08T20:33:32.042Z,178889961204200
"""R Y A N @ GO72Iwd2XL"" checks",2026-09-08T20:33:31.186Z,178889961118600
"""jahan 2 @ iacG4hF18c"" checks",2026-09-08T20:33:30.175Z,178889961017500
"River: Q♠, A♥, J♦, 5♥ [4♠]",2026-09-08T20:33:30.046Z,178889961004600
"""R Y A N @ GO72Iwd2XL"" checks",2026-09-08T20:33:29.200Z,178889960920000
"""jahan 2 @ iacG4hF18c"" checks",2026-09-08T20:33:28.111Z,178889960811100
"Turn: Q♠, A♥, J♦ [5♥]",2026-09-08T20:33:27.941Z,178889960794100
"""R Y A N @ GO72Iwd2XL"" checks",2026-09-08T20:33:27.100Z,178889960710000
"""jahan 2 @ iacG4hF18c"" checks",2026-09-08T20:33:25.534Z,178889960553400
"Flop:  [Q♠, A♥, J♦]",2026-09-08T20:33:24.230Z,178889960423000
"""jahan 2 @ iacG4hF18c"" checks",2026-09-08T20:33:23.417Z,178889960341700
"""rowan @ GthBpPSqaK"" folds",2026-09-08T20:33:18.472Z,178889959847200
"""R Y A N @ GO72Iwd2XL"" calls 0.50",2026-09-08T20:33:17.529Z,178889959752900
"""Will @ h_ZrezeXHs"" folds",2026-09-08T20:33:15.801Z,178889959580100
"""jahan 2 @ iacG4hF18c"" posts a big blind of 0.50",2026-09-08T20:33:13.808Z,178889959380807
"""rowan @ GthBpPSqaK"" posts a small blind of 0.25",2026-09-08T20:33:13.808Z,178889959380806
"Player stacks: #1 ""rowan @ GthBpPSqaK"" (267.98) | #3 ""jahan 2 @ iacG4hF18c"" (244.39) | #4 ""Will @ h_ZrezeXHs"" (90.09) | #10 ""R Y A N @ GO72Iwd2XL"" (72.00)",2026-09-08T20:33:13.808Z,178889959380801
"-- starting hand #302 (id: y7daffelfspm)  No Limit Texas Hold'em (dealer: ""R Y A N @ GO72Iwd2XL"") --",2026-09-08T20:33:13.808Z,178889959380800
"-- ending hand #301 --",2026-09-08T20:33:07.843Z,178889958784302
"""R Y A N @ GO72Iwd2XL"" collected 4.50 from pot",2026-09-08T20:33:07.843Z,178889958784301
"Uncalled bet of 4.50 returned to ""R Y A N @ GO72Iwd2XL""",2026-09-08T20:33:07.843Z,178889958784300
"""rowan @ GthBpPSqaK"" folds",2026-09-08T20:33:07.011Z,178889958701100
"""R Y A N @ GO72Iwd2XL"" bets 4.50",2026-09-08T20:33:05.931Z,178889958593100
"Turn: K♦, 6♣, 3♥ [9♥]",2026-09-08T20:33:03.605Z,178889958360500
"""jahan 2 @ iacG4hF18c"" folds",2026-09-08T20:33:02.794Z,178889958279400
"""rowan @ GthBpPSqaK"" calls 1.50",2026-09-08T20:33:01.562Z,178889958156200
"""R Y A N @ GO72Iwd2XL"" bets 1.50",2026-09-08T20:33:00.662Z,178889958066200
"Flop:  [K♦, 6♣, 3♥]",2026-09-08T20:32:57.765Z,178889957776500
"""rowan @ GthBpPSqaK"" checks",2026-09-08T20:32:56.951Z,178889957695100
"""R Y A N @ GO72Iwd2XL"" calls 0.50",2026-09-08T20:32:56.030Z,178889957603000
"""Will @ h_ZrezeXHs"" folds",2026-09-08T20:32:54.039Z,178889957403900
"""jahan 2 @ iacG4hF18c"" calls 0.50",2026-09-08T20:32:53.123Z,178889957312300
"""rowan @ GthBpPSqaK"" posts a big blind of 0.50",2026-09-08T20:32:51.139Z,178889957113907
"""R Y A N @ GO72Iwd2XL"" posts a small blind of 0.25",2026-09-08T20:32:51.139Z,178889957113906
"Player stacks: #1 ""rowan @ GthBpPSqaK"" (269.98) | #3 ""jahan 2 @ iacG4hF18c"" (244.89) | #4 ""Will @ h_ZrezeXHs"" (90.09) | #10 ""R Y A N @ GO72Iwd2XL"" (69.50)",2026-09-08T20:32:51.139Z,178889957113901
"-- starting hand #301 (id: 4guxmbdfoqz5)  No Limit Texas Hold'em (dead button) --",2026-09-08T20:32:51.139Z,178889957113900
"""jahan 2 @ iacG4hF18c"" collected 3.00 from the 7-2 bounty",2026-09-08T20:32:48.184Z,178889956818403
"""Will @ h_ZrezeXHs"" paid 1.00 for the 7-2 bounty to ""jahan 2 @ iacG4hF18c""",2026-09-08T20:32:48.184Z,178889956818402
"""R Y A N @ GO72Iwd2XL"" paid 1.00 for the 7-2 bounty to ""jahan 2 @ iacG4hF18c""",2026-09-08T20:32:48.184Z,178889956818401
"""rowan @ GthBpPSqaK"" paid 1.00 for the 7-2 bounty to ""jahan 2 @ iacG4hF18c""",2026-09-08T20:32:48.184Z,178889956818400
"""jahan 2 @ iacG4hF18c"" shows a 2♥, 7♥.",2026-09-08T20:32:42.312Z,178889956231200
"-- ending hand #300 --",2026-09-08T20:32:41.580Z,178889956158002
"""jahan 2 @ iacG4hF18c"" collected 15.50 from pot",2026-09-08T20:32:41.580Z,178889956158001
"Uncalled bet of 11.62 returned to ""jahan 2 @ iacG4hF18c""",2026-09-08T20:32:41.580Z,178889956158000
"""Will @ h_ZrezeXHs"" folds",2026-09-08T20:32:40.777Z,178889956077700
"""jahan 2 @ iacG4hF18c"" bets 11.62",2026-09-08T20:32:39.467Z,178889955946700
"Turn: Q♠, 7♠, 5♣ [Q♦]",2026-09-08T20:32:33.451Z,178889955345100
"""Will @ h_ZrezeXHs"" checks",2026-09-08T20:32:32.576Z,178889955257600
"""jahan 2 @ iacG4hF18c"" checks",2026-09-08T20:32:29.667Z,178889954966700
"Flop:  [Q♠, 7♠, 5♣]",2026-09-08T20:32:26.252Z,178889954625200
"""jahan 2 @ iacG4hF18c"" calls 7.50",2026-09-08T20:32:25.417Z,178889954541700
"""R Y A N @ GO72Iwd2XL"" folds",2026-09-08T20:32:23.480Z,178889954348000
"""Will @ h_ZrezeXHs"" raises to 7.50",2026-09-08T20:32:20.838Z,178889954083800
"""jahan 2 @ iacG4hF18c"" raises to 2.50",2026-09-08T20:32:17.416Z,178889953741600
"""rowan @ GthBpPSqaK"" folds",2026-09-08T20:32:13.236Z,178889953323600
"""R Y A N @ GO72Iwd2XL"" posts a big blind of 0.50",2026-09-08T20:32:10.648Z,178889953064808
"Dead Small Blind",2026-09-08T20:32:10.648Z,178889953064807
"Player stacks: #1 ""rowan @ GthBpPSqaK"" (270.98) | #3 ""jahan 2 @ iacG4hF18c"" (233.89) | #4 ""Will @ h_ZrezeXHs"" (98.59) | #10 ""R Y A N @ GO72Iwd2XL"" (71.00)",2026-09-08T20:32:10.648Z,178889953064802
"-- starting hand #300 (id: vp215njxwnib)  No Limit Texas Hold'em (dealer: ""Will @ h_ZrezeXHs"") --",2026-09-08T20:32:10.648Z,178889953064801
"The player ""1bulletonly @ xZS3GKnBtu"" stand up with the stack of 255.51.",2026-09-08T20:32:10.648Z,178889953064800
"-- ending hand #299 --",2026-09-08T20:32:04.634Z,178889952463402
"""1bulletonly @ xZS3GKnBtu"" collected 1.25 from pot with Pair, K's (combination: 10♦, Q♦, A♣, K♠, K♥)",2026-09-08T20:32:04.634Z,178889952463401
"""1bulletonly @ xZS3GKnBtu"" shows a Q♦, 9♥.",2026-09-08T20:32:04.634Z,178889952463400
"""jahan 2 @ iacG4hF18c"" checks",2026-09-08T20:32:03.734Z,178889952373400
"""1bulletonly @ xZS3GKnBtu"" checks",2026-09-08T20:32:02.279Z,178889952227901
"River: K♠, 10♦, K♥, A♣ [3♦]",2026-09-08T20:32:02.279Z,178889952227900
"""jahan 2 @ iacG4hF18c"" checks",2026-09-08T20:32:01.416Z,178889952141600
"""1bulletonly @ xZS3GKnBtu"" checks",2026-09-08T20:31:59.452Z,178889951945201
"Turn: K♠, 10♦, K♥ [A♣]",2026-09-08T20:31:59.452Z,178889951945200
"""jahan 2 @ iacG4hF18c"" checks",2026-09-08T20:31:58.621Z,178889951862100
"""1bulletonly @ xZS3GKnBtu"" checks",2026-09-08T20:31:56.053Z,178889951605301
"Flop:  [K♠, 10♦, K♥]",2026-09-08T20:31:56.053Z,178889951605300
"""1bulletonly @ xZS3GKnBtu"" checks",2026-09-08T20:31:55.199Z,178889951519901
"The admin ""rowan @ GthBpPSqaK"" forced the player ""1bulletonly @ xZS3GKnBtu"" to away mode in the next hand.",2026-09-08T20:31:55.199Z,178889951519900
"""Will @ h_ZrezeXHs"" folds",2026-09-08T20:31:46.041Z,178889950604100
"""jahan 2 @ iacG4hF18c"" calls 0.50",2026-09-08T20:31:45.170Z,178889950517000
"""rowan @ GthBpPSqaK"" folds",2026-09-08T20:31:41.891Z,178889950189100
"""R Y A N @ GO72Iwd2XL"" folds",2026-09-08T20:31:41.046Z,178889950104600
"""1bulletonly @ xZS3GKnBtu"" posts a big blind of 0.50",2026-09-08T20:31:39.833Z,178889949983308
"""Will @ h_ZrezeXHs"" posts a small blind of 0.25",2026-09-08T20:31:39.833Z,178889949983307
"Player stacks: #1 ""rowan @ GthBpPSqaK"" (270.98) | #3 ""jahan 2 @ iacG4hF18c"" (234.39) | #4 ""Will @ h_ZrezeXHs"" (98.84) | #9 ""1bulletonly @ xZS3GKnBtu"" (254.76) | #10 ""R Y A N @ GO72Iwd2XL"" (71.00)",2026-09-08T20:31:39.833Z,178889949983301
"-- starting hand #299 (id: 5irwwu5vvitq)  No Limit Texas Hold'em (dealer: ""jahan 2 @ iacG4hF18c"") --",2026-09-08T20:31:39.833Z,178889949983300
"""jahan 2 @ iacG4hF18c"" shows a A♥.",2026-09-08T20:31:37.857Z,178889949785700
"""rowan @ GthBpPSqaK"" shows a Q♥.",2026-09-08T20:31:35.983Z,178889949598300
"-- ending hand #298 --",2026-09-08T20:31:35.502Z,178889949550202
"""jahan 2 @ iacG4hF18c"" collected 9.00 from pot",2026-09-08T20:31:35.502Z,178889949550201
"Uncalled bet of 6.75 returned to ""jahan 2 @ iacG4hF18c""",2026-09-08T20:31:35.502Z,178889949550200
"""rowan @ GthBpPSqaK"" folds",2026-09-08T20:31:34.683Z,178889949468300
"""jahan 2 @ iacG4hF18c"" bets 6.75",2026-09-08T20:31:33.609Z,178889949360900
"River: K♣, Q♦, A♦, J♦ [7♥]",2026-09-08T20:31:28.225Z,178889948822500
"""rowan @ GthBpPSqaK"" checks",2026-09-08T20:31:27.394Z,178889948739400
"""jahan 2 @ iacG4hF18c"" checks",2026-09-08T20:31:26.342Z,178889948634200
"Turn: K♣, Q♦, A♦ [J♦]",2026-09-08T20:31:23.690Z,178889948369000
"""jahan 2 @ iacG4hF18c"" calls 2.25",2026-09-08T20:31:22.871Z,178889948287100
"""rowan @ GthBpPSqaK"" bets 2.25",2026-09-08T20:31:20.959Z,178889948095900
"""jahan 2 @ iacG4hF18c"" checks",2026-09-08T20:31:18.475Z,178889947847500
"Flop:  [K♣, Q♦, A♦]",2026-09-08T20:31:15.216Z,178889947521600
"""Will @ h_ZrezeXHs"" folds",2026-09-08T20:31:14.386Z,178889947438600
"""jahan 2 @ iacG4hF18c"" calls 2.00",2026-09-08T20:31:13.440Z,178889947344000
"""rowan @ GthBpPSqaK"" raises to 2.00",2026-09-08T20:31:11.885Z,178889947188500
"""R Y A N @ GO72Iwd2XL"" folds",2026-09-08T20:31:08.408Z,178889946840800
"""1bulletonly @ xZS3GKnBtu"" folds",2026-09-08T20:31:07.481Z,178889946748100
"""Will @ h_ZrezeXHs"" posts a big blind of 0.50",2026-09-08T20:30:47.443Z,178889944744308
"""jahan 2 @ iacG4hF18c"" posts a small blind of 0.25",2026-09-08T20:30:47.443Z,178889944744307
"Player stacks: #1 ""rowan @ GthBpPSqaK"" (275.23) | #3 ""jahan 2 @ iacG4hF18c"" (229.64) | #4 ""Will @ h_ZrezeXHs"" (99.34) | #9 ""1bulletonly @ xZS3GKnBtu"" (254.76) | #10 ""R Y A N @ GO72Iwd2XL"" (71.00)",2026-09-08T20:30:47.443Z,178889944744301
"-- starting hand #298 (id: e0plbd7jvw9p)  No Limit Texas Hold'em (dealer: ""rowan @ GthBpPSqaK"") --",2026-09-08T20:30:47.443Z,178889944744300
"""R Y A N @ GO72Iwd2XL"" shows a A♦, A♣.",2026-09-08T20:30:41.701Z,178889944170100
"-- ending hand #297 --",2026-09-08T20:30:40.837Z,178889944083702
"""R Y A N @ GO72Iwd2XL"" collected 5.25 from pot",2026-09-08T20:30:40.837Z,178889944083701
"Uncalled bet of 5.25 returned to ""R Y A N @ GO72Iwd2XL""",2026-09-08T20:30:40.837Z,178889944083700
"""1bulletonly @ xZS3GKnBtu"" folds",2026-09-08T20:30:40.005Z,178889944000500
"""Will @ h_ZrezeXHs"" folds",2026-09-08T20:30:19.190Z,178889941919000
"""jahan 2 @ iacG4hF18c"" folds",2026-09-08T20:30:18.282Z,178889941828200
"""rowan @ GthBpPSqaK"" folds",2026-09-08T20:30:15.973Z,178889941597300
"""R Y A N @ GO72Iwd2XL"" bets 5.25",2026-09-08T20:30:15.018Z,178889941501800
"""1bulletonly @ xZS3GKnBtu"" checks",2026-09-08T20:30:12.075Z,178889941207500
"""Will @ h_ZrezeXHs"" checks",2026-09-08T20:29:51.166Z,178889939116600
"""jahan 2 @ iacG4hF18c"" checks",2026-09-08T20:29:50.263Z,178889939026300
"""rowan @ GthBpPSqaK"" checks",2026-09-08T20:29:48.369Z,178889938836900
"Flop (second board):  [7♦, Q♥, 9♥]",2026-09-08T20:29:46.205Z,178889938620501
"Flop:  [3♥, 9♦, 4♠]",2026-09-08T20:29:46.205Z,178889938620500
"""jahan 2 @ iacG4hF18c"" calls 1.00 (bomb pot bet)",2026-09-08T20:29:45.361Z,178889938536100
"""rowan @ GthBpPSqaK"" calls 1.00 (bomb pot bet)",2026-09-08T20:29:44.509Z,178889938450900
"""R Y A N @ GO72Iwd2XL"" calls 1.00 (bomb pot bet)",2026-09-08T20:29:43.653Z,178889938365300
"""1bulletonly @ xZS3GKnBtu"" calls 1.00 (bomb pot bet)",2026-09-08T20:29:42.841Z,178889938284100
"""Will @ h_ZrezeXHs"" posts a bet of 1.00 (bomb pot bet)",2026-09-08T20:29:41.998Z,178889938199800
"""1bulletonly @ xZS3GKnBtu"" posts a missing small blind of 0.25",2026-09-08T20:29:39.982Z,178889937998208
"Player stacks: #1 ""rowan @ GthBpPSqaK"" (276.23) | #3 ""jahan 2 @ iacG4hF18c"" (230.64) | #4 ""Will @ h_ZrezeXHs"" (100.34) | #9 ""1bulletonly @ xZS3GKnBtu"" (256.01) | #10 ""R Y A N @ GO72Iwd2XL"" (66.75)",2026-09-08T20:29:39.982Z,178889937998202
"-- starting hand #297 (id: nrmc41dtduvi)  No Limit Texas Hold'em (dealer: ""R Y A N @ GO72Iwd2XL"") --",2026-09-08T20:29:39.982Z,178889937998201
"The player ""1bulletonly @ xZS3GKnBtu"" joined the game with a stack of 256.01.",2026-09-08T20:29:39.982Z,178889937998200
"""rowan @ GthBpPSqaK"" shows a 8♥, 3♠.",2026-09-08T20:29:35.320Z,178889937532000
"-- ending hand #296 --",2026-09-08T20:29:33.372Z,178889937337202
"""R Y A N @ GO72Iwd2XL"" collected 1.00 from pot",2026-09-08T20:29:33.372Z,178889937337201
"Uncalled bet of 1.00 returned to ""R Y A N @ GO72Iwd2XL""",2026-09-08T20:29:33.372Z,178889937337200
"""rowan @ GthBpPSqaK"" folds",2026-09-08T20:29:32.563Z,178889937256300
"""R Y A N @ GO72Iwd2XL"" bets 1.00",2026-09-08T20:29:31.682Z,178889937168200
"Flop:  [4♣, 2♥, J♠]",2026-09-08T20:29:28.699Z,178889936869900
"""rowan @ GthBpPSqaK"" checks",2026-09-08T20:29:27.861Z,178889936786100
"""R Y A N @ GO72Iwd2XL"" calls 0.50",2026-09-08T20:29:21.431Z,178889936143100
"""Will @ h_ZrezeXHs"" folds",2026-09-08T20:29:19.400Z,178889935940000
"""jahan 2 @ iacG4hF18c"" folds",2026-09-08T20:29:18.442Z,178889935844200
"""rowan @ GthBpPSqaK"" posts a big blind of 0.50",2026-09-08T20:29:15.094Z,178889935509407
"""R Y A N @ GO72Iwd2XL"" posts a small blind of 0.25",2026-09-08T20:29:15.094Z,178889935509406
"Player stacks: #1 ""rowan @ GthBpPSqaK"" (276.73) | #3 ""jahan 2 @ iacG4hF18c"" (230.64) | #4 ""Will @ h_ZrezeXHs"" (100.34) | #10 ""R Y A N @ GO72Iwd2XL"" (66.25)",2026-09-08T20:29:15.094Z,178889935509401
"-- starting hand #296 (id: m7aho9iwx5sa)  No Limit Texas Hold'em (dealer: ""Will @ h_ZrezeXHs"") --",2026-09-08T20:29:15.094Z,178889935509400
"-- ending hand #295 --",2026-09-08T20:29:09.138Z,178889934913802
"""R Y A N @ GO72Iwd2XL"" collected 12.00 from pot",2026-09-08T20:29:09.138Z,178889934913801
"Uncalled bet of 12.00 returned to ""R Y A N @ GO72Iwd2XL""",2026-09-08T20:29:09.138Z,178889934913800
"""Will @ h_ZrezeXHs"" folds",2026-09-08T20:29:08.330Z,178889934833000
"""R Y A N @ GO72Iwd2XL"" bets 12.00",2026-09-08T20:29:06.965Z,178889934696500
"""Will @ h_ZrezeXHs"" checks",2026-09-08T20:29:00.258Z,178889934025800
"Turn (second board): 5♦, 4♥, K♥ [9♠]",2026-09-08T20:28:59.093Z,178889933909301
"Turn: Q♣, 6♦, 5♠ [7♣]",2026-09-08T20:28:59.093Z,178889933909300
"""Will @ h_ZrezeXHs"" calls 4.00",2026-09-08T20:28:58.273Z,178889933827300
"The player ""1bulletonly @ xZS3GKnBtu"" sit back with the stack of 256.01.",2026-09-08T20:28:57.414Z,178889933741400
"""jahan 2 @ iacG4hF18c"" folds",2026-09-08T20:28:57.064Z,178889933706400
"""rowan @ GthBpPSqaK"" folds",2026-09-08T20:28:56.098Z,178889933609800
"""R Y A N @ GO72Iwd2XL"" bets 4.00",2026-09-08T20:28:55.148Z,178889933514800
"""Will @ h_ZrezeXHs"" checks",2026-09-08T20:28:52.226Z,178889933222600
"Flop (second board):  [5♦, 4♥, K♥]",2026-09-08T20:28:49.242Z,178889932924201
"Flop:  [Q♣, 6♦, 5♠]",2026-09-08T20:28:49.242Z,178889932924200
"""R Y A N @ GO72Iwd2XL"" calls 1.00 (bomb pot bet)",2026-09-08T20:28:48.337Z,178889932833700
"""Will @ h_ZrezeXHs"" calls 1.00 (bomb pot bet)",2026-09-08T20:28:47.500Z,178889932750000
"""jahan 2 @ iacG4hF18c"" calls 1.00 (bomb pot bet)",2026-09-08T20:28:46.690Z,178889932669000
"""rowan @ GthBpPSqaK"" posts a bet of 1.00 (bomb pot bet)",2026-09-08T20:28:45.869Z,178889932586900
"Player stacks: #1 ""rowan @ GthBpPSqaK"" (277.73) | #3 ""jahan 2 @ iacG4hF18c"" (231.64) | #4 ""Will @ h_ZrezeXHs"" (105.34) | #10 ""R Y A N @ GO72Iwd2XL"" (59.25)",2026-09-08T20:28:43.838Z,178889932383801
"-- starting hand #295 (id: zedggcp2rzbw)  No Limit Texas Hold'em (dealer: ""jahan 2 @ iacG4hF18c"") --",2026-09-08T20:28:43.838Z,178889932383800
"-- ending hand #294 --",2026-09-08T20:28:37.900Z,178889931790002
"""Will @ h_ZrezeXHs"" collected 1.00 from pot",2026-09-08T20:28:37.900Z,178889931790001
"Uncalled bet of 0.75 returned to ""Will @ h_ZrezeXHs""",2026-09-08T20:28:37.900Z,178889931790000
"""jahan 2 @ iacG4hF18c"" folds",2026-09-08T20:28:37.087Z,178889931708700
"""Will @ h_ZrezeXHs"" bets 0.75",2026-09-08T20:28:36.204Z,178889931620400
"""jahan 2 @ iacG4hF18c"" checks",2026-09-08T20:28:29.181Z,178889930918100
"Flop:  [4♦, K♥, 3♠]",2026-09-08T20:28:27.292Z,178889930729200
"""Will @ h_ZrezeXHs"" checks",2026-09-08T20:28:26.461Z,178889930646100
"""jahan 2 @ iacG4hF18c"" calls 0.50",2026-09-08T20:28:25.452Z,178889930545200
"""rowan @ GthBpPSqaK"" folds",2026-09-08T20:28:24.442Z,178889930444200
"""R Y A N @ GO72Iwd2XL"" folds",2026-09-08T20:28:23.516Z,178889930351600
"""Will @ h_ZrezeXHs"" posts a big blind of 0.50",2026-09-08T20:28:21.812Z,178889930181208
"""jahan 2 @ iacG4hF18c"" posts a small blind of 0.25",2026-09-08T20:28:21.812Z,178889930181207
"Player stacks: #1 ""rowan @ GthBpPSqaK"" (277.73) | #3 ""jahan 2 @ iacG4hF18c"" (232.14) | #4 ""Will @ h_ZrezeXHs"" (104.84) | #10 ""R Y A N @ GO72Iwd2XL"" (59.25)",2026-09-08T20:28:21.812Z,178889930181202
"-- starting hand #294 (id: xhrjfsgdh378)  No Limit Texas Hold'em (dealer: ""rowan @ GthBpPSqaK"") --",2026-09-08T20:28:21.812Z,178889930181201
"The player ""1bulletonly @ xZS3GKnBtu"" stand up with the stack of 256.01.",2026-09-08T20:28:21.812Z,178889930181200
"-- ending hand #293 --",2026-09-08T20:28:18.843Z,178889929884302
"""Will @ h_ZrezeXHs"" collected 25.00 from pot",2026-09-08T20:28:18.843Z,178889929884301
"Uncalled bet of 14.50 returned to ""Will @ h_ZrezeXHs""",2026-09-08T20:28:18.843Z,178889929884300
"""jahan 2 @ iacG4hF18c"" folds",2026-09-08T20:28:18.038Z,178889929803800
"""Will @ h_ZrezeXHs"" raises to 15.00",2026-09-08T20:28:17.156Z,178889929715600
"""jahan 2 @ iacG4hF18c"" bets 0.50",2026-09-08T20:28:12.739Z,178889929273900
"River: 10♦, A♠, Q♦, J♣ [9♥]",2026-09-08T20:28:08.199Z,178889928819900
"""rowan @ GthBpPSqaK"" folds",2026-09-08T20:28:07.351Z,178889928735100
"""Will @ h_ZrezeXHs"" calls 6.00",2026-09-08T20:28:06.322Z,178889928632200
"""jahan 2 @ iacG4hF18c"" bets 6.00",2026-09-08T20:28:01.280Z,178889928128000
"""rowan @ GthBpPSqaK"" checks",2026-09-08T20:27:56.336Z,178889927633600
"Turn: 10♦, A♠, Q♦ [J♣]",2026-09-08T20:27:54.289Z,178889927428900
"""jahan 2 @ iacG4hF18c"" calls 2.00",2026-09-08T20:27:53.457Z,178889927345700
"""rowan @ GthBpPSqaK"" calls 2.00",2026-09-08T20:27:51.527Z,178889927152700
"""Will @ h_ZrezeXHs"" bets 2.00",2026-09-08T20:27:49.924Z,178889926992400
"""jahan 2 @ iacG4hF18c"" checks",2026-09-08T20:27:47.767Z,178889926776700
"""rowan @ GthBpPSqaK"" checks",2026-09-08T20:27:45.045Z,178889926504500
"Flop:  [10♦, A♠, Q♦]",2026-09-08T20:27:43.281Z,178889926328100
"""jahan 2 @ iacG4hF18c"" calls 2.00",2026-09-08T20:27:42.471Z,178889926247100
"""rowan @ GthBpPSqaK"" calls 2.00",2026-09-08T20:27:41.254Z,178889926125400
"""R Y A N @ GO72Iwd2XL"" folds",2026-09-08T20:27:39.403Z,178889925940300
"""1bulletonly @ xZS3GKnBtu"" folds",2026-09-08T20:27:37.707Z,178889925770700
"""Will @ h_ZrezeXHs"" raises to 2.00",2026-09-08T20:27:36.721Z,178889925672100
"""jahan 2 @ iacG4hF18c"" posts a big blind of 0.50",2026-09-08T20:27:29.759Z,178889924975908
"""rowan @ GthBpPSqaK"" posts a small blind of 0.25",2026-09-08T20:27:29.759Z,178889924975907
"Player stacks: #1 ""rowan @ GthBpPSqaK"" (281.73) | #3 ""jahan 2 @ iacG4hF18c"" (242.64) | #4 ""Will @ h_ZrezeXHs"" (90.34) | #9 ""1bulletonly @ xZS3GKnBtu"" (256.01) | #10 ""R Y A N @ GO72Iwd2XL"" (59.25)",2026-09-08T20:27:29.759Z,178889924975901
"-- starting hand #293 (id: snkjwevjhb5y)  No Limit Texas Hold'em (dealer: ""R Y A N @ GO72Iwd2XL"") --",2026-09-08T20:27:29.759Z,178889924975900
"""jahan 2 @ iacG4hF18c"" shows a Q♦, Q♣.",2026-09-08T20:27:26.917Z,178889924691700
"""rowan @ GthBpPSqaK"" shows a J♣.",2026-09-08T20:27:26.049Z,178889924604900
"-- ending hand #292 --",2026-09-08T20:27:25.456Z,178889924545602
"""rowan @ GthBpPSqaK"" collected 33.71 from pot",2026-09-08T20:27:25.456Z,178889924545601
"Uncalled bet of 25.28 returned to ""rowan @ GthBpPSqaK""",2026-09-08T20:27:25.456Z,178889924545600
"""jahan 2 @ iacG4hF18c"" folds",2026-09-08T20:27:24.650Z,178889924465000
"""rowan @ GthBpPSqaK"" bets 25.28",2026-09-08T20:26:55.166Z,178889921516600
"River: 9♦, 8♣, 8♥, J♦ [J♥]",2026-09-08T20:26:47.181Z,178889920718100
"""rowan @ GthBpPSqaK"" calls 10.11",2026-09-08T20:26:46.318Z,178889920631800
"""jahan 2 @ iacG4hF18c"" bets 10.11",2026-09-08T20:26:44.839Z,178889920483900
"""rowan @ GthBpPSqaK"" checks",2026-09-08T20:26:41.888Z,178889920188800
"Turn: 9♦, 8♣, 8♥ [J♦]",2026-09-08T20:26:39.954Z,178889919995400
"""rowan @ GthBpPSqaK"" calls 3.37",2026-09-08T20:26:39.122Z,178889919912200
"""R Y A N @ GO72Iwd2XL"" folds",2026-09-08T20:26:37.544Z,178889919754400
"""jahan 2 @ iacG4hF18c"" bets 3.37",2026-09-08T20:26:36.481Z,178889919648100
"""rowan @ GthBpPSqaK"" checks",2026-09-08T20:26:32.986Z,178889919298600
"""R Y A N @ GO72Iwd2XL"" checks",2026-09-08T20:26:31.683Z,178889919168300
"Flop:  [9♦, 8♣, 8♥]",2026-09-08T20:26:29.748Z,178889918974800
"""rowan @ GthBpPSqaK"" calls 2.25",2026-09-08T20:26:28.915Z,178889918891500
"""R Y A N @ GO72Iwd2XL"" calls 2.25",2026-09-08T20:26:28.066Z,178889918806600
"""1bulletonly @ xZS3GKnBtu"" folds",2026-09-08T20:26:26.952Z,178889918695200
"""Will @ h_ZrezeXHs"" folds",2026-09-08T20:26:26.042Z,178889918604200
"""jahan 2 @ iacG4hF18c"" raises to 2.25",2026-09-08T20:26:25.134Z,178889918513400
"""rowan @ GthBpPSqaK"" posts a big blind of 0.50",2026-09-08T20:26:19.447Z,178889917944708
"""R Y A N @ GO72Iwd2XL"" posts a small blind of 0.25",2026-09-08T20:26:19.447Z,178889917944707
"Player stacks: #1 ""rowan @ GthBpPSqaK"" (263.75) | #3 ""jahan 2 @ iacG4hF18c"" (258.37) | #4 ""Will @ h_ZrezeXHs"" (90.34) | #9 ""1bulletonly @ xZS3GKnBtu"" (256.01) | #10 ""R Y A N @ GO72Iwd2XL"" (61.50)",2026-09-08T20:26:19.447Z,178889917944701
"-- starting hand #292 (id: nlvkfw4jvhqs)  No Limit Texas Hold'em (dealer: ""1bulletonly @ xZS3GKnBtu"") --",2026-09-08T20:26:19.447Z,178889917944700
"-- ending hand #291 --",2026-09-08T20:26:11.441Z,178889917144104
"""jahan 2 @ iacG4hF18c"" collected 7.75 from pot with Pair, 7's on the second board  (combination: 6♦, J♠, Q♣, 7♦, 7♠)",2026-09-08T20:26:11.441Z,178889917144103
"""jahan 2 @ iacG4hF18c"" collected 7.75 from pot with Two Pair, 7's & 4's (combination: K♠, 4♥, 4♣, 7♦, 7♣)",2026-09-08T20:26:11.441Z,178889917144102
"""jahan 2 @ iacG4hF18c"" shows a 7♦, Q♣.",2026-09-08T20:26:11.441Z,178889917144101
"""rowan @ GthBpPSqaK"" shows a 6♣, 3♣.",2026-09-08T20:26:11.441Z,178889917144100
"""jahan 2 @ iacG4hF18c"" checks",2026-09-08T20:26:10.629Z,178889917062900
"""rowan @ GthBpPSqaK"" checks",2026-09-08T20:26:08.977Z,178889916897700
"River (second board): 6♦, 7♠, 2♣, 5♥ [J♠]",2026-09-08T20:25:40.272Z,178889914027201
"River: K♠, 10♦, 4♥, 7♣ [4♣]",2026-09-08T20:25:40.272Z,178889914027200
"""jahan 2 @ iacG4hF18c"" checks",2026-09-08T20:25:39.453Z,178889913945300
"""rowan @ GthBpPSqaK"" checks",2026-09-08T20:25:36.016Z,178889913601600
"Turn (second board): 6♦, 7♠, 2♣ [5♥]",2026-09-08T20:25:18.249Z,178889911824901
"Turn: K♠, 10♦, 4♥ [7♣]",2026-09-08T20:25:18.249Z,178889911824900
"""rowan @ GthBpPSqaK"" calls 5.25",2026-09-08T20:25:17.438Z,178889911743800
"""1bulletonly @ xZS3GKnBtu"" folds",2026-09-08T20:25:12.986Z,178889911298600
"""Will @ h_ZrezeXHs"" folds",2026-09-08T20:25:12.096Z,178889911209600
"""jahan 2 @ iacG4hF18c"" bets 5.25",2026-09-08T20:25:11.209Z,178889911120900
"""rowan @ GthBpPSqaK"" checks",2026-09-08T20:25:05.601Z,178889910560100
"""R Y A N @ GO72Iwd2XL"" folds",2026-09-08T20:25:04.746Z,178889910474600
"""1bulletonly @ xZS3GKnBtu"" checks",2026-09-08T20:25:03.146Z,178889910314600
"Flop (second board):  [6♦, 7♠, 2♣]",2026-09-08T20:25:00.751Z,178889910075101
"Flop:  [K♠, 10♦, 4♥]",2026-09-08T20:25:00.751Z,178889910075100
"""R Y A N @ GO72Iwd2XL"" calls 1.00 (bomb pot bet)",2026-09-08T20:24:59.947Z,178889909994700
"""1bulletonly @ xZS3GKnBtu"" calls 1.00 (bomb pot bet)",2026-09-08T20:24:59.101Z,178889909910100
"""Will @ h_ZrezeXHs"" calls 1.00 (bomb pot bet)",2026-09-08T20:24:58.259Z,178889909825900
"""jahan 2 @ iacG4hF18c"" calls 1.00 (bomb pot bet)",2026-09-08T20:24:57.416Z,178889909741600
"""rowan @ GthBpPSqaK"" posts a bet of 1.00 (bomb pot bet)",2026-09-08T20:24:56.589Z,178889909658900
"Player stacks: #1 ""rowan @ GthBpPSqaK"" (270.00) | #3 ""jahan 2 @ iacG4hF18c"" (249.12) | #4 ""Will @ h_ZrezeXHs"" (91.34) | #9 ""1bulletonly @ xZS3GKnBtu"" (257.01) | #10 ""R Y A N @ GO72Iwd2XL"" (62.50)",2026-09-08T20:24:54.546Z,178889909454601
"-- starting hand #291 (id: boqunoqkpua2)  No Limit Texas Hold'em (dealer: ""Will @ h_ZrezeXHs"") --",2026-09-08T20:24:54.546Z,178889909454600
"""jahan 2 @ iacG4hF18c"" shows a 5♠.",2026-09-08T20:24:51.106Z,178889909110600
"-- ending hand #290 --",2026-09-08T20:24:47.939Z,178889908793902
"""jahan 2 @ iacG4hF18c"" collected 6.50 from pot",2026-09-08T20:24:47.939Z,178889908793901
"Uncalled bet of 3.25 returned to ""jahan 2 @ iacG4hF18c""",2026-09-08T20:24:47.939Z,178889908793900
"""Will @ h_ZrezeXHs"" folds",2026-09-08T20:24:47.115Z,178889908711500
"""jahan 2 @ iacG4hF18c"" bets 3.25",2026-09-08T20:24:46.081Z,178889908608100
"""Will @ h_ZrezeXHs"" checks",2026-09-08T20:24:42.715Z,178889908271500
"Turn: 9♣, 8♦, 10♠ [4♥]",2026-09-08T20:24:40.536Z,178889908053600
"""jahan 2 @ iacG4hF18c"" checks",2026-09-08T20:24:39.678Z,178889907967800
"""Will @ h_ZrezeXHs"" checks",2026-09-08T20:24:36.951Z,178889907695100
"Flop:  [9♣, 8♦, 10♠]",2026-09-08T20:24:34.238Z,178889907423800
"""jahan 2 @ iacG4hF18c"" calls 3.00",2026-09-08T20:24:33.412Z,178889907341200
"""1bulletonly @ xZS3GKnBtu"" folds",2026-09-08T20:24:31.840Z,178889907184000
"""Will @ h_ZrezeXHs"" raises to 3.00",2026-09-08T20:24:30.709Z,178889907070900
"""jahan 2 @ iacG4hF18c"" calls 0.50",2026-09-08T20:24:28.119Z,178889906811900
"""rowan @ GthBpPSqaK"" folds",2026-09-08T20:24:26.676Z,178889906667600
"""R Y A N @ GO72Iwd2XL"" folds",2026-09-08T20:24:25.800Z,178889906580000
"""1bulletonly @ xZS3GKnBtu"" posts a big blind of 0.50",2026-09-08T20:24:21.880Z,178889906188008
"""Will @ h_ZrezeXHs"" posts a small blind of 0.25",2026-09-08T20:24:21.880Z,178889906188007
"Player stacks: #1 ""rowan @ GthBpPSqaK"" (270.00) | #3 ""jahan 2 @ iacG4hF18c"" (245.62) | #4 ""Will @ h_ZrezeXHs"" (94.34) | #9 ""1bulletonly @ xZS3GKnBtu"" (257.51) | #10 ""R Y A N @ GO72Iwd2XL"" (62.50)",2026-09-08T20:24:21.880Z,178889906188001
"-- starting hand #290 (id: su7t6cgn1rxn)  No Limit Texas Hold'em (dealer: ""jahan 2 @ iacG4hF18c"") --",2026-09-08T20:24:21.880Z,178889906188000
"""jahan 2 @ iacG4hF18c"" shows a 8♦, 4♣.",2026-09-08T20:24:18.796Z,178889905879600
"-- ending hand #289 --",2026-09-08T20:24:15.275Z,178889905527502
"""rowan @ GthBpPSqaK"" collected 1.25 from pot",2026-09-08T20:24:15.275Z,178889905527501
"Uncalled bet of 2.00 returned to ""rowan @ GthBpPSqaK""",2026-09-08T20:24:15.275Z,178889905527500
"""Will @ h_ZrezeXHs"" folds",2026-09-08T20:24:14.450Z,178889905445000
"""jahan 2 @ iacG4hF18c"" folds",2026-09-08T20:24:13.547Z,178889905354700
"""rowan @ GthBpPSqaK"" raises to 2.50",2026-09-08T20:24:03.567Z,178889904356700
"""R Y A N @ GO72Iwd2XL"" folds",2026-09-08T20:24:00.421Z,178889904042100
"""1bulletonly @ xZS3GKnBtu"" folds",2026-09-08T20:23:42.428Z,178889902242800
"""Will @ h_ZrezeXHs"" posts a big blind of 0.50",2026-09-08T20:23:41.094Z,178889902109408
"""jahan 2 @ iacG4hF18c"" posts a small blind of 0.25",2026-09-08T20:23:41.094Z,178889902109407
"Player stacks: #1 ""rowan @ GthBpPSqaK"" (269.25) | #3 ""jahan 2 @ iacG4hF18c"" (245.87) | #4 ""Will @ h_ZrezeXHs"" (94.84) | #9 ""1bulletonly @ xZS3GKnBtu"" (257.51) | #10 ""R Y A N @ GO72Iwd2XL"" (62.50)",2026-09-08T20:23:41.094Z,178889902109401
"-- starting hand #289 (id: 0nongesnse7e)  No Limit Texas Hold'em (dealer: ""rowan @ GthBpPSqaK"") --",2026-09-08T20:23:41.094Z,178889902109400
"-- ending hand #288 --",2026-09-08T20:23:38.184Z,178889901818402
"""rowan @ GthBpPSqaK"" collected 15.49 from pot",2026-09-08T20:23:38.184Z,178889901818401
"Uncalled bet of 14.11 returned to ""rowan @ GthBpPSqaK""",2026-09-08T20:23:38.184Z,178889901818400
"""1bulletonly @ xZS3GKnBtu"" folds",2026-09-08T20:23:37.361Z,178889901736100
"""rowan @ GthBpPSqaK"" bets 14.11",2026-09-08T20:23:36.240Z,178889901624000
"River: Q♥, 7♠, 3♠, A♠ [9♠]",2026-09-08T20:23:28.854Z,178889900885400
"""1bulletonly @ xZS3GKnBtu"" calls 3.87",2026-09-08T20:23:28.016Z,178889900801600
"""jahan 2 @ iacG4hF18c"" folds",2026-09-08T20:23:27.032Z,178889900703200
"""rowan @ GthBpPSqaK"" bets 3.87",2026-09-08T20:23:26.028Z,178889900602800
"Turn: Q♥, 7♠, 3♠ [A♠]",2026-09-08T20:23:23.341Z,178889900334100
"""1bulletonly @ xZS3GKnBtu"" checks",2026-09-08T20:23:22.528Z,178889900252800
"""jahan 2 @ iacG4hF18c"" checks",2026-09-08T20:23:20.667Z,178889900066700
"""rowan @ GthBpPSqaK"" checks",2026-09-08T20:23:19.764Z,178889899976400
"Flop:  [Q♥, 7♠, 3♠]",2026-09-08T20:23:18.448Z,178889899844800
"""1bulletonly @ xZS3GKnBtu"" calls 2.50",2026-09-08T20:23:17.580Z,178889899758000
"""jahan 2 @ iacG4hF18c"" calls 2.50",2026-09-08T20:23:16.444Z,178889899644400
"""rowan @ GthBpPSqaK"" raises to 2.50",2026-09-08T20:23:14.507Z,178889899450700
"""R Y A N @ GO72Iwd2XL"" folds",2026-09-08T20:23:11.668Z,178889899166800
"""1bulletonly @ xZS3GKnBtu"" checks",2026-09-08T20:23:10.759Z,178889899075900
"""Will @ h_ZrezeXHs"" folds",2026-09-08T20:23:01.280Z,178889898128000
"""1bulletonly @ xZS3GKnBtu"" posts a missed big blind of 0.50",2026-09-08T20:22:59.854Z,178889897985411
"""1bulletonly @ xZS3GKnBtu"" posts a missing small blind of 0.25",2026-09-08T20:22:59.854Z,178889897985410
"""jahan 2 @ iacG4hF18c"" posts a big blind of 0.50",2026-09-08T20:22:59.854Z,178889897985409
"""rowan @ GthBpPSqaK"" posts a small blind of 0.25",2026-09-08T20:22:59.854Z,178889897985408
"Player stacks: #1 ""rowan @ GthBpPSqaK"" (260.13) | #3 ""jahan 2 @ iacG4hF18c"" (248.37) | #4 ""Will @ h_ZrezeXHs"" (94.84) | #9 ""1bulletonly @ xZS3GKnBtu"" (264.13) | #10 ""R Y A N @ GO72Iwd2XL"" (62.50)",2026-09-08T20:22:59.854Z,178889897985402
"-- starting hand #288 (id: xvyo6t927swm)  No Limit Texas Hold'em (dealer: ""R Y A N @ GO72Iwd2XL"") --",2026-09-08T20:22:59.854Z,178889897985401
"The player ""1bulletonly @ xZS3GKnBtu"" joined the game with a stack of 264.13.",2026-09-08T20:22:59.854Z,178889897985400
"""rowan @ GthBpPSqaK"" shows a J♦, 10♥.",2026-09-08T20:22:53.728Z,178889897372800
"-- ending hand #287 --",2026-09-08T20:22:53.247Z,178889897324702
"""rowan @ GthBpPSqaK"" collected 104.00 from pot",2026-09-08T20:22:53.247Z,178889897324701
"Uncalled bet of 104.00 returned to ""rowan @ GthBpPSqaK""",2026-09-08T20:22:53.247Z,178889897324700
"""R Y A N @ GO72Iwd2XL"" folds",2026-09-08T20:22:52.369Z,178889897236900
"""Will @ h_ZrezeXHs"" folds",2026-09-08T20:22:45.837Z,178889896583700
"""rowan @ GthBpPSqaK"" bets 104.00",2026-09-08T20:22:41.275Z,178889896127500
"""R Y A N @ GO72Iwd2XL"" checks",2026-09-08T20:22:38.040Z,178889895804000
"Turn: K♣, Q♥, 9♥ [4♠]",2026-09-08T20:22:34.072Z,178889895407200
"""R Y A N @ GO72Iwd2XL"" calls 27.50",2026-09-08T20:22:33.269Z,178889895326900
"""Will @ h_ZrezeXHs"" calls 27.50",2026-09-08T20:22:30.830Z,178889895083000
"""rowan @ GthBpPSqaK"" raises to 27.50",2026-09-08T20:22:26.502Z,178889894650200
"""R Y A N @ GO72Iwd2XL"" bets 12.25",2026-09-08T20:22:18.186Z,178889893818600
"Flop:  [K♣, Q♥, 9♥]",2026-09-08T20:22:12.859Z,178889893285900
"""Will @ h_ZrezeXHs"" calls 7.00",2026-09-08T20:22:12.057Z,178889893205700
"""jahan 2 @ iacG4hF18c"" folds",2026-09-08T20:22:10.505Z,178889893050500
"""rowan @ GthBpPSqaK"" calls 7.00",2026-09-08T20:22:03.862Z,178889892386200
"""R Y A N @ GO72Iwd2XL"" raises to 7.00",2026-09-08T20:22:01.837Z,178889892183700
"""Will @ h_ZrezeXHs"" raises to 2.50",2026-09-08T20:21:57.356Z,178889891735600
"""jahan 2 @ iacG4hF18c"" calls 0.50",2026-09-08T20:21:54.787Z,178889891478700
"The player ""1bulletonly @ xZS3GKnBtu"" sit back with the stack of 264.13.",2026-09-08T20:21:54.124Z,178889891412400
"""rowan @ GthBpPSqaK"" posts a big blind of 0.50",2026-09-08T20:21:53.667Z,178889891366707
"""R Y A N @ GO72Iwd2XL"" posts a small blind of 0.25",2026-09-08T20:21:53.667Z,178889891366706
"Player stacks: #1 ""rowan @ GthBpPSqaK"" (190.63) | #3 ""jahan 2 @ iacG4hF18c"" (248.87) | #4 ""Will @ h_ZrezeXHs"" (129.34) | #10 ""R Y A N @ GO72Iwd2XL"" (97.00)",2026-09-08T20:21:53.667Z,178889891366701
"-- starting hand #287 (id: m0emzgvsulrg)  No Limit Texas Hold'em (dealer: ""Will @ h_ZrezeXHs"") --",2026-09-08T20:21:53.667Z,178889891366700
"-- ending hand #286 --",2026-09-08T20:21:47.755Z,178889890775502
"""rowan @ GthBpPSqaK"" collected 1.25 from pot",2026-09-08T20:21:47.755Z,178889890775501
"Uncalled bet of 1.00 returned to ""rowan @ GthBpPSqaK""",2026-09-08T20:21:47.755Z,178889890775500
"""R Y A N @ GO72Iwd2XL"" folds",2026-09-08T20:21:46.879Z,178889890687900
"""Will @ h_ZrezeXHs"" folds",2026-09-08T20:21:45.966Z,178889890596600
"""jahan 2 @ iacG4hF18c"" folds",2026-09-08T20:21:45.044Z,178889890504400
"""rowan @ GthBpPSqaK"" raises to 1.50",2026-09-08T20:21:44.176Z,178889890417600
"""R Y A N @ GO72Iwd2XL"" posts a big blind of 0.50",2026-09-08T20:21:41.139Z,178889890113908
"""Will @ h_ZrezeXHs"" posts a small blind of 0.25",2026-09-08T20:21:41.139Z,178889890113907
"Player stacks: #1 ""rowan @ GthBpPSqaK"" (189.88) | #3 ""jahan 2 @ iacG4hF18c"" (248.87) | #4 ""Will @ h_ZrezeXHs"" (129.59) | #10 ""R Y A N @ GO72Iwd2XL"" (97.50)",2026-09-08T20:21:41.139Z,178889890113902
"-- starting hand #286 (id: 4h9fn5tulepd)  No Limit Texas Hold'em (dealer: ""jahan 2 @ iacG4hF18c"") --",2026-09-08T20:21:41.139Z,178889890113901
"The player ""1bulletonly @ xZS3GKnBtu"" stand up with the stack of 264.13.",2026-09-08T20:21:41.139Z,178889890113900
"""rowan @ GthBpPSqaK"" shows a A♠.",2026-09-08T20:21:35.920Z,178889889592000
"-- ending hand #285 --",2026-09-08T20:21:34.459Z,178889889445902
"""jahan 2 @ iacG4hF18c"" collected 7.50 from pot",2026-09-08T20:21:34.459Z,178889889445901
"Uncalled bet of 3.75 returned to ""jahan 2 @ iacG4hF18c""",2026-09-08T20:21:34.459Z,178889889445900
"""R Y A N @ GO72Iwd2XL"" folds",2026-09-08T20:21:33.653Z,178889889365300
"""Will @ h_ZrezeXHs"" folds",2026-09-08T20:21:32.290Z,178889889229000
"""jahan 2 @ iacG4hF18c"" bets 3.75",2026-09-08T20:21:29.595Z,178889888959500
"Flop:  [3♣, J♥, A♦]",2026-09-08T20:21:20.823Z,178889888082300
"""Will @ h_ZrezeXHs"" calls 2.50",2026-09-08T20:21:20.013Z,178889888001300
"""jahan 2 @ iacG4hF18c"" calls 2.50",2026-09-08T20:21:18.777Z,178889887877700
"""rowan @ GthBpPSqaK"" folds",2026-09-08T20:21:15.993Z,178889887599300
"""R Y A N @ GO72Iwd2XL"" raises to 2.50",2026-09-08T20:21:14.885Z,178889887488500
"""1bulletonly @ xZS3GKnBtu"" folds",2026-09-08T20:20:47.194Z,178889884719400
"""Will @ h_ZrezeXHs"" posts a big blind of 0.50",2026-09-08T20:20:46.066Z,178889884606608
"""jahan 2 @ iacG4hF18c"" posts a small blind of 0.25",2026-09-08T20:20:46.066Z,178889884606607
"Player stacks: #1 ""rowan @ GthBpPSqaK"" (189.88) | #3 ""jahan 2 @ iacG4hF18c"" (243.87) | #4 ""Will @ h_ZrezeXHs"" (132.09) | #9 ""1bulletonly @ xZS3GKnBtu"" (264.13) | #10 ""R Y A N @ GO72Iwd2XL"" (100.00)",2026-09-08T20:20:46.066Z,178889884606601
"-- starting hand #285 (id: e3mvvtozjrpw)  No Limit Texas Hold'em (dead button) --",2026-09-08T20:20:46.066Z,178889884606600
"-- ending hand #284 --",2026-09-08T20:20:40.040Z,178889884004002
"""rowan @ GthBpPSqaK"" collected 64.22 from pot with Three of a Kind, 7's (combination: 8♣, Q♠, 7♠, 7♣, 7♥)",2026-09-08T20:20:40.040Z,178889884004001
"""rowan @ GthBpPSqaK"" shows a 6♠, 7♠.",2026-09-08T20:20:40.040Z,178889884004000
"""jahan 2 @ iacG4hF18c"" calls 15.61",2026-09-08T20:20:39.178Z,178889883917800
"""rowan @ GthBpPSqaK"" bets 15.61",2026-09-08T20:20:38.163Z,178889883816300
"""jahan 2 @ iacG4hF18c"" checks",2026-09-08T20:20:27.723Z,178889882772300
"River: Q♠, 7♣, 7♥, 8♣ [2♠]",2026-09-08T20:20:23.645Z,178889882364500
"""rowan @ GthBpPSqaK"" calls 8.50",2026-09-08T20:20:22.830Z,178889882283000
"""jahan 2 @ iacG4hF18c"" bets 8.50",2026-09-08T20:20:16.041Z,178889881604100
"Turn: Q♠, 7♣, 7♥ [8♣]",2026-09-08T20:20:05.198Z,178889880519800
"""1bulletonly @ xZS3GKnBtu"" folds",2026-09-08T20:20:04.362Z,178889880436200
"""Will @ h_ZrezeXHs"" folds",2026-09-08T20:20:03.497Z,178889880349700
"""jahan 2 @ iacG4hF18c"" calls 4.00",2026-09-08T20:20:02.525Z,178889880252500
"""rowan @ GthBpPSqaK"" bets 4.00",2026-09-08T20:19:58.862Z,178889879886200
"""1bulletonly @ xZS3GKnBtu"" checks",2026-09-08T20:19:56.496Z,178889879649600
"""Will @ h_ZrezeXHs"" checks",2026-09-08T20:19:55.620Z,178889879562000
"""jahan 2 @ iacG4hF18c"" checks",2026-09-08T20:19:54.256Z,178889879425600
"Flop:  [Q♠, 7♣, 7♥]",2026-09-08T20:19:51.767Z,178889879176700
"""jahan 2 @ iacG4hF18c"" calls 2.00",2026-09-08T20:19:50.919Z,178889879091900
"""rowan @ GthBpPSqaK"" calls 2.00",2026-09-08T20:19:48.674Z,178889878867400
"""R Y A N @ GO72Iwd2XL"" folds",2026-09-08T20:19:47.789Z,178889878778900
"""1bulletonly @ xZS3GKnBtu"" calls 2.00",2026-09-08T20:19:46.880Z,178889878688000
"""Will @ h_ZrezeXHs"" raises to 2.00",2026-09-08T20:19:45.004Z,178889878500400
"""jahan 2 @ iacG4hF18c"" posts a big blind of 0.50",2026-09-08T20:19:41.656Z,178889878165610
"Dead Small Blind",2026-09-08T20:19:41.656Z,178889878165609
"Player stacks: #1 ""rowan @ GthBpPSqaK"" (155.77) | #3 ""jahan 2 @ iacG4hF18c"" (273.98) | #4 ""Will @ h_ZrezeXHs"" (134.09) | #9 ""1bulletonly @ xZS3GKnBtu"" (266.13) | #10 ""R Y A N @ GO72Iwd2XL"" (100.00)",2026-09-08T20:19:41.656Z,178889878165603
"-- starting hand #284 (id: oine6oc0gizs)  No Limit Texas Hold'em (dealer: ""rowan @ GthBpPSqaK"") --",2026-09-08T20:19:41.656Z,178889878165602
"The player ""Heech @ wzsls5Sz57"" stand up with the stack of 51.41.",2026-09-08T20:19:41.656Z,178889878165601
"The player ""R Y A N @ GO72Iwd2XL"" rebought. New stack 100.00.",2026-09-08T20:19:41.656Z,178889878165600
"Waiting for the game owner to approve or reject pending rebuy requests.",2026-09-08T20:19:40.865Z,178889878086501
"The player ""R Y A N @ GO72Iwd2XL"" requested a rebuy of 100.00.",2026-09-08T20:19:40.865Z,178889878086500
"Asking to busted players the rebuy decision.",2026-09-08T20:19:35.810Z,178889877581000
"""Will @ h_ZrezeXHs"" shows a J♦.",2026-09-08T20:19:33.240Z,178889877324000
"-- ending hand #283 --",2026-09-08T20:19:29.290Z,178889876929001
"""rowan @ GthBpPSqaK"" collected 64.46 from pot with Pair, A's (combination: 9♥, J♠, K♦, A♦, A♥)",2026-09-08T20:19:29.290Z,178889876929000
"River: J♠, 9♥, 2♦, 6♣ [K♦]",2026-09-08T20:19:25.259Z,178889876525900
"Turn: J♠, 9♥, 2♦ [6♣]",2026-09-08T20:19:21.256Z,178889876125600
"""R Y A N @ GO72Iwd2XL"" shows a K♠, 10♠.",2026-09-08T20:19:17.248Z,178889875724802
"""rowan @ GthBpPSqaK"" shows a A♦, A♥.",2026-09-08T20:19:17.248Z,178889875724801
"Uncalled bet of 0.27 returned to ""rowan @ GthBpPSqaK""",2026-09-08T20:19:17.248Z,178889875724800
"Some players choose to not run it twice.",2026-09-08T20:19:16.438Z,178889875643801
"""R Y A N @ GO72Iwd2XL"" chooses to not run it twice.",2026-09-08T20:19:16.438Z,178889875643800
"""rowan @ GthBpPSqaK"" chooses to  run it twice.",2026-09-08T20:19:16.105Z,178889875610500
"Remaining players decide whether to run it twice.",2026-09-08T20:19:15.119Z,178889875511901
"""R Y A N @ GO72Iwd2XL"" calls 16.98 and go all in",2026-09-08T20:19:15.119Z,178889875511900
"""rowan @ GthBpPSqaK"" bets 17.25",2026-09-08T20:19:13.586Z,178889875358600
"Flop:  [J♠, 9♥, 2♦]",2026-09-08T20:19:07.505Z,178889874750500
"""R Y A N @ GO72Iwd2XL"" calls 14.00",2026-09-08T20:19:06.686Z,178889874668600
"""Will @ h_ZrezeXHs"" folds",2026-09-08T20:19:05.189Z,178889874518900
"""Heech @ wzsls5Sz57"" folds",2026-09-08T20:19:04.213Z,178889874421300
"""rowan @ GthBpPSqaK"" raises to 14.00",2026-09-08T20:19:03.384Z,178889874338400
"""R Y A N @ GO72Iwd2XL"" raises to 6.00",2026-09-08T20:18:56.773Z,178889873677300
"""1bulletonly @ xZS3GKnBtu"" folds",2026-09-08T20:18:53.244Z,178889873324400
"""Will @ h_ZrezeXHs"" raises to 2.00",2026-09-08T20:18:52.384Z,178889873238400
"""jahan 2 @ iacG4hF18c"" folds",2026-09-08T20:18:49.681Z,178889872968100
"""Heech @ wzsls5Sz57"" posts a big blind of 0.50",2026-09-08T20:18:48.146Z,178889872814609
"""rowan @ GthBpPSqaK"" posts a small blind of 0.25",2026-09-08T20:18:48.146Z,178889872814608
"Player stacks: #1 ""rowan @ GthBpPSqaK"" (122.29) | #2 ""Heech @ wzsls5Sz57"" (51.91) | #3 ""jahan 2 @ iacG4hF18c"" (273.98) | #4 ""Will @ h_ZrezeXHs"" (136.09) | #9 ""1bulletonly @ xZS3GKnBtu"" (266.13) | #10 ""R Y A N @ GO72Iwd2XL"" (30.98)",2026-09-08T20:18:48.146Z,178889872814601
"-- starting hand #283 (id: aymoudwwt3sc)  No Limit Texas Hold'em (dealer: ""R Y A N @ GO72Iwd2XL"") --",2026-09-08T20:18:48.146Z,178889872814600
"-- ending hand #282 --",2026-09-08T20:18:42.141Z,178889872214102
"""rowan @ GthBpPSqaK"" collected 6.87 from pot with Full House, 2's over 7's (combination: 7♣, 7♥, 2♥, 2♠, 2♦)",2026-09-08T20:18:42.141Z,178889872214101
"""rowan @ GthBpPSqaK"" shows a 2♥, Q♠.",2026-09-08T20:18:42.141Z,178889872214100
"""jahan 2 @ iacG4hF18c"" checks",2026-09-08T20:18:41.318Z,178889872131800
"""rowan @ GthBpPSqaK"" checks",2026-09-08T20:18:40.306Z,178889872030600
"River: 2♠, 7♣, 2♦, 10♠ [7♥]",2026-09-08T20:18:38.161Z,178889871816100
"""jahan 2 @ iacG4hF18c"" checks",2026-09-08T20:18:37.355Z,178889871735500
"""rowan @ GthBpPSqaK"" checks",2026-09-08T20:18:33.125Z,178889871312500
"Turn: 2♠, 7♣, 2♦ [10♠]",2026-09-08T20:18:32.012Z,178889871201200
"""rowan @ GthBpPSqaK"" calls 2.56",2026-09-08T20:18:31.198Z,178889871119800
"""1bulletonly @ xZS3GKnBtu"" folds",2026-09-08T20:18:30.237Z,178889871023700
"""jahan 2 @ iacG4hF18c"" raises to 2.56",2026-09-08T20:18:29.125Z,178889870912500
"""rowan @ GthBpPSqaK"" bets 0.50",2026-09-08T20:18:24.889Z,178889870488900
"Flop:  [2♠, 7♣, 2♦]",2026-09-08T20:18:22.314Z,178889870231400
"""rowan @ GthBpPSqaK"" checks",2026-09-08T20:18:21.497Z,178889870149700
"""R Y A N @ GO72Iwd2XL"" folds",2026-09-08T20:18:20.645Z,178889870064500
"""1bulletonly @ xZS3GKnBtu"" calls 0.50",2026-09-08T20:18:19.706Z,178889869970600
"""Will @ h_ZrezeXHs"" folds",2026-09-08T20:18:18.601Z,178889869860100
"""jahan 2 @ iacG4hF18c"" calls 0.50",2026-09-08T20:18:17.666Z,178889869766600
"""Heech @ wzsls5Sz57"" folds",2026-09-08T20:18:13.381Z,178889869338100
"""rowan @ GthBpPSqaK"" posts a big blind of 0.50",2026-09-08T20:18:11.590Z,178889869159010
"""R Y A N @ GO72Iwd2XL"" posts a small blind of 0.25",2026-09-08T20:18:11.590Z,178889869159009
"Player stacks: #1 ""rowan @ GthBpPSqaK"" (118.48) | #2 ""Heech @ wzsls5Sz57"" (51.91) | #3 ""jahan 2 @ iacG4hF18c"" (277.04) | #4 ""Will @ h_ZrezeXHs"" (136.09) | #9 ""1bulletonly @ xZS3GKnBtu"" (266.63) | #10 ""R Y A N @ GO72Iwd2XL"" (31.23)",2026-09-08T20:18:11.590Z,178889869159002
"-- starting hand #282 (id: 8mlrxqhahtsn)  No Limit Texas Hold'em (dealer: ""1bulletonly @ xZS3GKnBtu"") --",2026-09-08T20:18:11.590Z,178889869159001
"The player ""Heech @ wzsls5Sz57"" joined the game with a stack of 51.91.",2026-09-08T20:18:11.590Z,178889869159000
"""rowan @ GthBpPSqaK"" shows a 5♦.",2026-09-08T20:18:09.059Z,178889868905900
"-- ending hand #281 --",2026-09-08T20:18:07.988Z,178889868798802
"""jahan 2 @ iacG4hF18c"" collected 12.49 from pot",2026-09-08T20:18:07.988Z,178889868798801
"Uncalled bet of 20.49 returned to ""jahan 2 @ iacG4hF18c""",2026-09-08T20:18:07.988Z,178889868798800
"""rowan @ GthBpPSqaK"" folds",2026-09-08T20:18:07.173Z,178889868717300
"""jahan 2 @ iacG4hF18c"" bets 20.49",2026-09-08T20:18:03.156Z,178889868315600
"""rowan @ GthBpPSqaK"" checks",2026-09-08T20:17:54.175Z,178889867417500
"River: 10♥, 2♠, 5♣, 9♠ [4♥]",2026-09-08T20:17:52.884Z,178889867288400
"""jahan 2 @ iacG4hF18c"" checks",2026-09-08T20:17:52.047Z,178889867204700
"The player ""Heech @ wzsls5Sz57"" sit back with the stack of 51.91.",2026-09-08T20:17:47.990Z,178889866799000
"""rowan @ GthBpPSqaK"" checks",2026-09-08T20:17:47.860Z,178889866786000
"Turn: 10♥, 2♠, 5♣ [9♠]",2026-09-08T20:17:45.685Z,178889866568500
"""jahan 2 @ iacG4hF18c"" calls 3.12",2026-09-08T20:17:44.871Z,178889866487100
"""rowan @ GthBpPSqaK"" bets 3.12",2026-09-08T20:17:42.514Z,178889866251400
"""R Y A N @ GO72Iwd2XL"" folds",2026-09-08T20:17:39.214Z,178889865921400
"Flop:  [10♥, 2♠, 5♣]",2026-09-08T20:17:37.234Z,178889865723400
"""R Y A N @ GO72Iwd2XL"" calls 2.00",2026-09-08T20:17:36.397Z,178889865639700
"""1bulletonly @ xZS3GKnBtu"" folds",2026-09-08T20:17:35.388Z,178889865538800
"""Will @ h_ZrezeXHs"" folds",2026-09-08T20:17:34.465Z,178889865446500
"""jahan 2 @ iacG4hF18c"" calls 2.00",2026-09-08T20:17:33.397Z,178889865339700
"""rowan @ GthBpPSqaK"" raises to 2.00",2026-09-08T20:17:27.835Z,178889864783500
"""R Y A N @ GO72Iwd2XL"" posts a big blind of 0.50",2026-09-08T20:17:23.228Z,178889864322809
"""1bulletonly @ xZS3GKnBtu"" posts a small blind of 0.25",2026-09-08T20:17:23.228Z,178889864322808
"Player stacks: #1 ""rowan @ GthBpPSqaK"" (123.60) | #3 ""jahan 2 @ iacG4hF18c"" (269.67) | #4 ""Will @ h_ZrezeXHs"" (136.09) | #9 ""1bulletonly @ xZS3GKnBtu"" (266.88) | #10 ""R Y A N @ GO72Iwd2XL"" (33.23)",2026-09-08T20:17:23.228Z,178889864322802
"-- starting hand #281 (id: m8cxvvvutw4z)  No Limit Texas Hold'em (dealer: ""Will @ h_ZrezeXHs"") --",2026-09-08T20:17:23.228Z,178889864322801
"The player ""Heech @ wzsls5Sz57"" stand up with the stack of 51.91.",2026-09-08T20:17:23.228Z,178889864322800
"""1bulletonly @ xZS3GKnBtu"" collected 5.00 from the 7-2 bounty",2026-09-08T20:17:20.259Z,178889864025905
"""Will @ h_ZrezeXHs"" paid 1.00 for the 7-2 bounty to ""1bulletonly @ xZS3GKnBtu""",2026-09-08T20:17:20.259Z,178889864025904
"""jahan 2 @ iacG4hF18c"" paid 1.00 for the 7-2 bounty to ""1bulletonly @ xZS3GKnBtu""",2026-09-08T20:17:20.259Z,178889864025903
"""R Y A N @ GO72Iwd2XL"" paid 1.00 for the 7-2 bounty to ""1bulletonly @ xZS3GKnBtu""",2026-09-08T20:17:20.259Z,178889864025902
"""Heech @ wzsls5Sz57"" paid 1.00 for the 7-2 bounty to ""1bulletonly @ xZS3GKnBtu""",2026-09-08T20:17:20.259Z,178889864025901
"""rowan @ GthBpPSqaK"" paid 1.00 for the 7-2 bounty to ""1bulletonly @ xZS3GKnBtu""",2026-09-08T20:17:20.259Z,178889864025900
"""1bulletonly @ xZS3GKnBtu"" shows a 2♥, 7♦.",2026-09-08T20:17:17.573Z,178889863757300
"-- ending hand #280 --",2026-09-08T20:17:16.619Z,178889863661902
"""1bulletonly @ xZS3GKnBtu"" collected 4.25 from pot",2026-09-08T20:17:16.619Z,178889863661901
"Uncalled bet of 1.00 returned to ""1bulletonly @ xZS3GKnBtu""",2026-09-08T20:17:16.619Z,178889863661900
"""rowan @ GthBpPSqaK"" folds",2026-09-08T20:17:15.715Z,178889863571500
"""1bulletonly @ xZS3GKnBtu"" bets 1.00",2026-09-08T20:17:14.805Z,178889863480500
"River: Q♥, 5♦, 9♦, 10♦ [Q♠]",2026-09-08T20:17:12.305Z,178889863230500
"""rowan @ GthBpPSqaK"" calls 0.50",2026-09-08T20:17:11.482Z,178889863148200
"""1bulletonly @ xZS3GKnBtu"" bets 0.50",2026-09-08T20:17:10.173Z,178889863017300
"Turn: Q♥, 5♦, 9♦ [10♦]",2026-09-08T20:17:08.412Z,178889862841200
"""rowan @ GthBpPSqaK"" checks",2026-09-08T20:17:07.529Z,178889862752900
"""1bulletonly @ xZS3GKnBtu"" checks",2026-09-08T20:17:05.979Z,178889862597900
"Flop:  [Q♥, 5♦, 9♦]",2026-09-08T20:17:04.105Z,178889862410500
"""1bulletonly @ xZS3GKnBtu"" calls 1.50",2026-09-08T20:17:03.298Z,178889862329800
"""Will @ h_ZrezeXHs"" folds",2026-09-08T20:17:01.765Z,178889862176500
"""jahan 2 @ iacG4hF18c"" folds",2026-09-08T20:17:00.817Z,178889862081700
"""Heech @ wzsls5Sz57"" folds",2026-09-08T20:16:52.328Z,178889861232800
"""rowan @ GthBpPSqaK"" raises to 1.50",2026-09-08T20:16:48.288Z,178889860828800
"""R Y A N @ GO72Iwd2XL"" folds",2026-09-08T20:16:45.707Z,178889860570700
"""1bulletonly @ xZS3GKnBtu"" posts a big blind of 0.50",2026-09-08T20:16:44.399Z,178889860439909
"""Will @ h_ZrezeXHs"" posts a small blind of 0.25",2026-09-08T20:16:44.399Z,178889860439908
"Player stacks: #1 ""rowan @ GthBpPSqaK"" (126.60) | #2 ""Heech @ wzsls5Sz57"" (52.91) | #3 ""jahan 2 @ iacG4hF18c"" (270.67) | #4 ""Will @ h_ZrezeXHs"" (137.34) | #9 ""1bulletonly @ xZS3GKnBtu"" (259.63) | #10 ""R Y A N @ GO72Iwd2XL"" (34.23)",2026-09-08T20:16:44.399Z,178889860439901
"-- starting hand #280 (id: 8so6u0pej8zy)  No Limit Texas Hold'em (dealer: ""jahan 2 @ iacG4hF18c"") --",2026-09-08T20:16:44.399Z,178889860439900
"""R Y A N @ GO72Iwd2XL"" shows a 10♦, 7♠.",2026-09-08T20:16:43.170Z,178889860317000
"-- ending hand #279 --",2026-09-08T20:16:40.794Z,178889860079402
"""jahan 2 @ iacG4hF18c"" collected 34.00 from pot",2026-09-08T20:16:40.794Z,178889860079401
"Uncalled bet of 25.50 returned to ""jahan 2 @ iacG4hF18c""",2026-09-08T20:16:40.794Z,178889860079400
"""Will @ h_ZrezeXHs"" folds",2026-09-08T20:16:39.988Z,178889859998800
"""jahan 2 @ iacG4hF18c"" bets 25.50",2026-09-08T20:16:37.102Z,178889859710200
"River: 4♦, 6♠, 2♣, 9♥ [8♠]",2026-09-08T20:16:27.452Z,178889858745200
"""jahan 2 @ iacG4hF18c"" calls 9.50",2026-09-08T20:16:26.641Z,178889858664100
"""Will @ h_ZrezeXHs"" bets 9.50",2026-09-08T20:16:23.596Z,178889858359600
"""jahan 2 @ iacG4hF18c"" checks",2026-09-08T20:16:14.997Z,178889857499700
"Turn: 4♦, 6♠, 2♣ [9♥]",2026-09-08T20:16:12.204Z,178889857220400
"""jahan 2 @ iacG4hF18c"" calls 3.00",2026-09-08T20:16:11.375Z,178889857137500
"""Will @ h_ZrezeXHs"" bets 3.00",2026-09-08T20:16:06.938Z,178889856693800
"""jahan 2 @ iacG4hF18c"" checks",2026-09-08T20:16:01.638Z,178889856163800
"Flop:  [4♦, 6♠, 2♣]",2026-09-08T20:15:58.750Z,178889855875000
"""jahan 2 @ iacG4hF18c"" calls 4.00",2026-09-08T20:15:57.932Z,178889855793200
"""Heech @ wzsls5Sz57"" folds",2026-09-08T20:15:55.882Z,178889855588200
"""R Y A N @ GO72Iwd2XL"" folds",2026-09-08T20:15:55.021Z,178889855502100
"""Will @ h_ZrezeXHs"" raises to 4.00",2026-09-08T20:15:52.444Z,178889855244400
"""jahan 2 @ iacG4hF18c"" calls 0.50",2026-09-08T20:15:45.863Z,178889854586300
"""Heech @ wzsls5Sz57"" calls 0.50",2026-09-08T20:15:43.862Z,178889854386200
"""rowan @ GthBpPSqaK"" folds",2026-09-08T20:15:42.759Z,178889854275900
"""R Y A N @ GO72Iwd2XL"" calls 0.50",2026-09-08T20:15:41.875Z,178889854187500
"""1bulletonly @ xZS3GKnBtu"" folds",2026-09-08T20:15:40.607Z,178889854060700
"""Will @ h_ZrezeXHs"" posts a big blind of 0.50",2026-09-08T20:15:39.790Z,178889853979009
"""jahan 2 @ iacG4hF18c"" posts a small blind of 0.25",2026-09-08T20:15:39.790Z,178889853979008
"Player stacks: #1 ""rowan @ GthBpPSqaK"" (126.60) | #2 ""Heech @ wzsls5Sz57"" (53.41) | #3 ""jahan 2 @ iacG4hF18c"" (253.17) | #4 ""Will @ h_ZrezeXHs"" (153.84) | #9 ""1bulletonly @ xZS3GKnBtu"" (259.63) | #10 ""R Y A N @ GO72Iwd2XL"" (34.73)",2026-09-08T20:15:39.790Z,178889853979001
"-- starting hand #279 (id: tlkpeh8zs5e9)  No Limit Texas Hold'em (dealer: ""Heech @ wzsls5Sz57"") --",2026-09-08T20:15:39.790Z,178889853979000
"-- ending hand #278 --",2026-09-08T20:15:33.869Z,178889853386902
"""Will @ h_ZrezeXHs"" collected 1.25 from pot",2026-09-08T20:15:33.869Z,178889853386901
"Uncalled bet of 1.50 returned to ""Will @ h_ZrezeXHs""",2026-09-08T20:15:33.869Z,178889853386900
"""jahan 2 @ iacG4hF18c"" folds",2026-09-08T20:15:33.006Z,178889853300600
"""Heech @ wzsls5Sz57"" folds",2026-09-08T20:15:31.996Z,178889853199600
"""rowan @ GthBpPSqaK"" folds",2026-09-08T20:15:30.304Z,178889853030400
"""R Y A N @ GO72Iwd2XL"" folds",2026-09-08T20:15:24.218Z,178889852421800
"""1bulletonly @ xZS3GKnBtu"" folds",2026-09-08T20:15:23.188Z,178889852318800
"""Will @ h_ZrezeXHs"" raises to 2.00",2026-09-08T20:15:22.326Z,178889852232600
"""jahan 2 @ iacG4hF18c"" posts a big blind of 0.50",2026-09-08T20:15:19.259Z,178889851925909
"""Heech @ wzsls5Sz57"" posts a small blind of 0.25",2026-09-08T20:15:19.259Z,178889851925908
"Player stacks: #1 ""rowan @ GthBpPSqaK"" (126.60) | #2 ""Heech @ wzsls5Sz57"" (53.66) | #3 ""jahan 2 @ iacG4hF18c"" (253.67) | #4 ""Will @ h_ZrezeXHs"" (153.09) | #9 ""1bulletonly @ xZS3GKnBtu"" (259.63) | #10 ""R Y A N @ GO72Iwd2XL"" (34.73)",2026-09-08T20:15:19.259Z,178889851925901
"-- starting hand #278 (id: mna03yrgtsam)  No Limit Texas Hold'em (dealer: ""rowan @ GthBpPSqaK"") --",2026-09-08T20:15:19.259Z,178889851925900
"-- ending hand #277 --",2026-09-08T20:15:13.353Z,178889851335302
"""1bulletonly @ xZS3GKnBtu"" collected 1.25 from pot",2026-09-08T20:15:13.353Z,178889851335301
"Uncalled bet of 1.25 returned to ""1bulletonly @ xZS3GKnBtu""",2026-09-08T20:15:13.353Z,178889851335300
"""Heech @ wzsls5Sz57"" folds",2026-09-08T20:15:12.524Z,178889851252400
"""1bulletonly @ xZS3GKnBtu"" bets 1.25",2026-09-08T20:15:09.956Z,178889850995600
"""Heech @ wzsls5Sz57"" checks",2026-09-08T20:15:08.043Z,178889850804300
"Flop:  [9♣, 4♥, 10♦]",2026-09-08T20:15:06.770Z,178889850677000
"""Heech @ wzsls5Sz57"" checks",2026-09-08T20:15:05.906Z,178889850590600
"""rowan @ GthBpPSqaK"" folds",2026-09-08T20:15:01.755Z,178889850175500
"""R Y A N @ GO72Iwd2XL"" folds",2026-09-08T20:15:00.726Z,178889850072600
"""1bulletonly @ xZS3GKnBtu"" calls 0.50",2026-09-08T20:14:59.877Z,178889849987700
"""Will @ h_ZrezeXHs"" folds",2026-09-08T20:14:58.217Z,178889849821700
"""jahan 2 @ iacG4hF18c"" folds",2026-09-08T20:14:57.134Z,178889849713400
"""Heech @ wzsls5Sz57"" posts a big blind of 0.50",2026-09-08T20:14:53.467Z,178889849346709
"""rowan @ GthBpPSqaK"" posts a small blind of 0.25",2026-09-08T20:14:53.467Z,178889849346708
"Player stacks: #1 ""rowan @ GthBpPSqaK"" (126.85) | #2 ""Heech @ wzsls5Sz57"" (54.16) | #3 ""jahan 2 @ iacG4hF18c"" (253.67) | #4 ""Will @ h_ZrezeXHs"" (153.09) | #9 ""1bulletonly @ xZS3GKnBtu"" (258.88) | #10 ""R Y A N @ GO72Iwd2XL"" (34.73)",2026-09-08T20:14:53.467Z,178889849346701
"-- starting hand #277 (id: j170uzk319ox)  No Limit Texas Hold'em (dealer: ""R Y A N @ GO72Iwd2XL"") --",2026-09-08T20:14:53.467Z,178889849346700
"""1bulletonly @ xZS3GKnBtu"" shows a Q♣.",2026-09-08T20:14:50.959Z,178889849095900
"-- ending hand #276 --",2026-09-08T20:14:49.825Z,178889848982502
"""R Y A N @ GO72Iwd2XL"" collected 16.00 from pot",2026-09-08T20:14:49.825Z,178889848982501
"Uncalled bet of 18.73 returned to ""R Y A N @ GO72Iwd2XL""",2026-09-08T20:14:49.825Z,178889848982500
"""1bulletonly @ xZS3GKnBtu"" folds",2026-09-08T20:14:48.985Z,178889848898500
"""R Y A N @ GO72Iwd2XL"" bets 18.73 and go all in",2026-09-08T20:14:48.027Z,178889848802700
"River: J♦, Q♦, A♥, 7♥ [6♦]",2026-09-08T20:14:39.658Z,178889847965800
"""1bulletonly @ xZS3GKnBtu"" checks",2026-09-08T20:14:38.828Z,178889847882800
"""R Y A N @ GO72Iwd2XL"" checks",2026-09-08T20:14:35.188Z,178889847518800
"Turn: J♦, Q♦, A♥ [7♥]",2026-09-08T20:14:32.753Z,178889847275300
"""Heech @ wzsls5Sz57"" folds",2026-09-08T20:14:31.896Z,178889847189600
"""rowan @ GthBpPSqaK"" folds",2026-09-08T20:14:30.661Z,178889847066100
"""R Y A N @ GO72Iwd2XL"" calls 4.00",2026-09-08T20:14:28.342Z,178889846834200
"""1bulletonly @ xZS3GKnBtu"" bets 4.00",2026-09-08T20:14:27.247Z,178889846724700
"""Heech @ wzsls5Sz57"" checks",2026-09-08T20:14:24.347Z,178889846434700
"""rowan @ GthBpPSqaK"" checks",2026-09-08T20:14:22.847Z,178889846284700
"""R Y A N @ GO72Iwd2XL"" checks",2026-09-08T20:14:21.388Z,178889846138800
"Flop:  [J♦, Q♦, A♥]",2026-09-08T20:14:18.510Z,178889845851000
"""Heech @ wzsls5Sz57"" calls 2.00",2026-09-08T20:14:17.707Z,178889845770700
"""rowan @ GthBpPSqaK"" calls 2.00",2026-09-08T20:14:16.556Z,178889845655600
"""R Y A N @ GO72Iwd2XL"" calls 2.00",2026-09-08T20:14:15.708Z,178889845570800
"""1bulletonly @ xZS3GKnBtu"" raises to 2.00",2026-09-08T20:14:14.219Z,178889845421900
"""Will @ h_ZrezeXHs"" folds",2026-09-08T20:14:11.914Z,178889845191400
"""jahan 2 @ iacG4hF18c"" folds",2026-09-08T20:14:10.928Z,178889845092800
"""Heech @ wzsls5Sz57"" calls 0.50",2026-09-08T20:14:10.008Z,178889845000800
"""rowan @ GthBpPSqaK"" posts a big blind of 0.50",2026-09-08T20:14:04.877Z,178889844487709
"""R Y A N @ GO72Iwd2XL"" posts a small blind of 0.25",2026-09-08T20:14:04.877Z,178889844487708
"Player stacks: #1 ""rowan @ GthBpPSqaK"" (128.85) | #2 ""Heech @ wzsls5Sz57"" (56.16) | #3 ""jahan 2 @ iacG4hF18c"" (253.67) | #4 ""Will @ h_ZrezeXHs"" (153.09) | #9 ""1bulletonly @ xZS3GKnBtu"" (264.88) | #10 ""R Y A N @ GO72Iwd2XL"" (24.73)",2026-09-08T20:14:04.877Z,178889844487701
"-- starting hand #276 (id: eme8rzvicxub)  No Limit Texas Hold'em (dealer: ""1bulletonly @ xZS3GKnBtu"") --",2026-09-08T20:14:04.877Z,178889844487700
"""rowan @ GthBpPSqaK"" shows a 9♥.",2026-09-08T20:14:03.486Z,178889844348600
"""Will @ h_ZrezeXHs"" shows a 10♣, J♥.",2026-09-08T20:14:03.168Z,178889844316800
"""Heech @ wzsls5Sz57"" shows a 10♦, J♣.",2026-09-08T20:14:00.998Z,178889844099800
"-- ending hand #275 --",2026-09-08T20:13:57.363Z,178889843736302
"""1bulletonly @ xZS3GKnBtu"" collected 38.00 from pot with Flush, 8 High (combination: 3♦, 5♦, 6♦, 7♦, 8♦)",2026-09-08T20:13:57.363Z,178889843736301
"""1bulletonly @ xZS3GKnBtu"" shows a 6♦, 3♦.",2026-09-08T20:13:57.363Z,178889843736300
"""Heech @ wzsls5Sz57"" checks",2026-09-08T20:13:56.501Z,178889843650100
"""1bulletonly @ xZS3GKnBtu"" checks",2026-09-08T20:13:49.464Z,178889842946400
"River: 8♦, 7♦, 10♥, J♠ [5♦]",2026-09-08T20:13:45.953Z,178889842595300
"""1bulletonly @ xZS3GKnBtu"" calls 9.50",2026-09-08T20:13:45.064Z,178889842506400
"""Heech @ wzsls5Sz57"" bets 9.50",2026-09-08T20:13:38.054Z,178889841805400
"""1bulletonly @ xZS3GKnBtu"" checks",2026-09-08T20:13:33.418Z,178889841341800
"Turn: 8♦, 7♦, 10♥ [J♠]",2026-09-08T20:13:31.568Z,178889841156800
"""R Y A N @ GO72Iwd2XL"" folds",2026-09-08T20:13:30.753Z,178889841075300
"""1bulletonly @ xZS3GKnBtu"" calls 4.75",2026-09-08T20:13:29.809Z,178889840980900
"""Heech @ wzsls5Sz57"" bets 4.75",2026-09-08T20:13:25.148Z,178889840514800
"""R Y A N @ GO72Iwd2XL"" checks",2026-09-08T20:13:20.671Z,178889840067100
"""1bulletonly @ xZS3GKnBtu"" checks",2026-09-08T20:13:18.930Z,178889839893000
"Flop:  [8♦, 7♦, 10♥]",2026-09-08T20:13:16.941Z,178889839694100
"""1bulletonly @ xZS3GKnBtu"" calls 3.00",2026-09-08T20:13:16.046Z,178889839604600
"""Heech @ wzsls5Sz57"" calls 3.00",2026-09-08T20:13:15.100Z,178889839510000
"""rowan @ GthBpPSqaK"" folds",2026-09-08T20:13:13.346Z,178889839334600
"""R Y A N @ GO72Iwd2XL"" raises to 3.00",2026-09-08T20:13:11.826Z,178889839182600
"""1bulletonly @ xZS3GKnBtu"" calls 0.50",2026-09-08T20:13:09.044Z,178889838904400
"""Will @ h_ZrezeXHs"" folds",2026-09-08T20:13:06.426Z,178889838642600
"""jahan 2 @ iacG4hF18c"" folds",2026-09-08T20:13:05.410Z,178889838541000
"""Heech @ wzsls5Sz57"" calls 0.50",2026-09-08T20:13:02.940Z,178889838294000
"""rowan @ GthBpPSqaK"" calls 0.50",2026-09-08T20:13:01.424Z,178889838142400
"""R Y A N @ GO72Iwd2XL"" posts a big blind of 0.50",2026-09-08T20:12:50.164Z,178889837016409
"""1bulletonly @ xZS3GKnBtu"" posts a small blind of 0.25",2026-09-08T20:12:50.164Z,178889837016408
"Player stacks: #1 ""rowan @ GthBpPSqaK"" (129.35) | #2 ""Heech @ wzsls5Sz57"" (73.41) | #3 ""jahan 2 @ iacG4hF18c"" (253.67) | #4 ""Will @ h_ZrezeXHs"" (153.09) | #9 ""1bulletonly @ xZS3GKnBtu"" (244.13) | #10 ""R Y A N @ GO72Iwd2XL"" (27.73)",2026-09-08T20:12:50.164Z,178889837016401
"-- starting hand #275 (id: obgtfyj16ef8)  No Limit Texas Hold'em (dealer: ""Will @ h_ZrezeXHs"") --",2026-09-08T20:12:50.164Z,178889837016400
"-- ending hand #274 --",2026-09-08T20:12:44.241Z,178889836424102
"""R Y A N @ GO72Iwd2XL"" collected 1.50 from pot",2026-09-08T20:12:44.241Z,178889836424101
"Uncalled bet of 1.50 returned to ""R Y A N @ GO72Iwd2XL""",2026-09-08T20:12:44.241Z,178889836424100
"""1bulletonly @ xZS3GKnBtu"" folds",2026-09-08T20:12:43.357Z,178889836335700
"""Will @ h_ZrezeXHs"" folds",2026-09-08T20:12:40.662Z,178889836066200
"""jahan 2 @ iacG4hF18c"" folds",2026-09-08T20:12:39.370Z,178889835937000
"""Heech @ wzsls5Sz57"" folds",2026-09-08T20:12:33.250Z,178889835325000
"""rowan @ GthBpPSqaK"" folds",2026-09-08T20:12:32.255Z,178889835225500
"""R Y A N @ GO72Iwd2XL"" raises to 2.00",2026-09-08T20:12:31.359Z,178889835135900
"""1bulletonly @ xZS3GKnBtu"" posts a missing small blind of 0.25",2026-09-08T20:12:28.059Z,178889834805911
"""1bulletonly @ xZS3GKnBtu"" posts a big blind of 0.50",2026-09-08T20:12:28.059Z,178889834805910
"""Will @ h_ZrezeXHs"" posts a small blind of 0.25",2026-09-08T20:12:28.059Z,178889834805909
"Player stacks: #1 ""rowan @ GthBpPSqaK"" (129.35) | #2 ""Heech @ wzsls5Sz57"" (73.41) | #3 ""jahan 2 @ iacG4hF18c"" (253.67) | #4 ""Will @ h_ZrezeXHs"" (153.34) | #9 ""1bulletonly @ xZS3GKnBtu"" (244.88) | #10 ""R Y A N @ GO72Iwd2XL"" (26.73)",2026-09-08T20:12:28.059Z,178889834805902
"-- starting hand #274 (id: ltcfzrm4ix9b)  No Limit Texas Hold'em (dealer: ""jahan 2 @ iacG4hF18c"") --",2026-09-08T20:12:28.059Z,178889834805901
"The player ""1bulletonly @ xZS3GKnBtu"" joined the game with a stack of 244.88.",2026-09-08T20:12:28.059Z,178889834805900
"The player ""1bulletonly @ xZS3GKnBtu"" sit back with the stack of 244.88.",2026-09-08T20:12:20.951Z,178889834095100
"-- ending hand #273 --",2026-09-08T20:12:20.055Z,178889834005502
"""Will @ h_ZrezeXHs"" collected 76.67 from pot with Straight, A High on the second run  (combination: 10♠, J♣, Q♦, K♦, A♣)",2026-09-08T20:12:20.055Z,178889834005501
"""Will @ h_ZrezeXHs"" collected 76.67 from pot with Two Pair, A's & 9's (combination: K♦, 9♠, 9♣, A♠, A♣)",2026-09-08T20:12:20.055Z,178889834005500
"River (second run): A♣, 9♠, 10♠, Q♦ [J♣]",2026-09-08T20:12:16.049Z,178889833604900
"Turn (second run): A♣, 9♠, 10♠ [Q♦]",2026-09-08T20:12:12.020Z,178889833202000
"River: A♣, 9♠, 10♠, 9♣ [2♦]",2026-09-08T20:12:08.016Z,178889832801600
"Turn: A♣, 9♠, 10♠ [9♣]",2026-09-08T20:12:04.012Z,178889832401200
"""Will @ h_ZrezeXHs"" shows a K♦, A♠.",2026-09-08T20:11:59.980Z,178889831998002
"""Heech @ wzsls5Sz57"" shows a A♥, J♥.",2026-09-08T20:11:59.980Z,178889831998001
"Uncalled bet of 73.41 returned to ""Heech @ wzsls5Sz57""",2026-09-08T20:11:59.980Z,178889831998000
"All players in hand choose to run it twice.",2026-09-08T20:11:59.175Z,178889831917501
"""Heech @ wzsls5Sz57"" chooses to  run it twice.",2026-09-08T20:11:59.175Z,178889831917500
"""Will @ h_ZrezeXHs"" chooses to  run it twice.",2026-09-08T20:11:58.523Z,178889831852300
"Remaining players decide whether to run it twice.",2026-09-08T20:11:57.830Z,178889831783001
"""Will @ h_ZrezeXHs"" calls 62.67 and go all in",2026-09-08T20:11:57.830Z,178889831783000
"""Heech @ wzsls5Sz57"" raises to 136.08 and go all in",2026-09-08T20:11:36.933Z,178889829693300
"""Will @ h_ZrezeXHs"" bets 9.00",2026-09-08T20:11:31.602Z,178889829160200
"Flop:  [A♣, 9♠, 10♠]",2026-09-08T20:11:22.713Z,178889828271300
"""jahan 2 @ iacG4hF18c"" folds",2026-09-08T20:11:21.852Z,178889828185200
"""Heech @ wzsls5Sz57"" calls 12.00",2026-09-08T20:11:20.844Z,178889828084400
"""rowan @ GthBpPSqaK"" folds",2026-09-08T20:11:18.166Z,178889827816600
"""Will @ h_ZrezeXHs"" raises to 12.00",2026-09-08T20:11:16.600Z,178889827660000
"""jahan 2 @ iacG4hF18c"" calls 2.00",2026-09-08T20:11:13.082Z,178889827308200
"""Heech @ wzsls5Sz57"" calls 2.00",2026-09-08T20:11:11.559Z,178889827155900
"""rowan @ GthBpPSqaK"" raises to 2.00",2026-09-08T20:11:09.574Z,178889826957400
"""R Y A N @ GO72Iwd2XL"" folds",2026-09-08T20:11:07.040Z,178889826704000
"""Will @ h_ZrezeXHs"" posts a big blind of 0.50",2026-09-08T20:11:05.903Z,178889826590308
"""jahan 2 @ iacG4hF18c"" posts a small blind of 0.25",2026-09-08T20:11:05.903Z,178889826590307
"Player stacks: #1 ""rowan @ GthBpPSqaK"" (131.35) | #2 ""Heech @ wzsls5Sz57"" (148.08) | #3 ""jahan 2 @ iacG4hF18c"" (255.67) | #4 ""Will @ h_ZrezeXHs"" (74.67) | #10 ""R Y A N @ GO72Iwd2XL"" (26.73)",2026-09-08T20:11:05.903Z,178889826590301
"-- starting hand #273 (id: ffufr6245n86)  No Limit Texas Hold'em (dealer: ""Heech @ wzsls5Sz57"") --",2026-09-08T20:11:05.903Z,178889826590300
"-- ending hand #272 --",2026-09-08T20:10:59.860Z,178889825986002
"""jahan 2 @ iacG4hF18c"" collected 73.53 from pot with Two Pair, A's & 6's (combination: 7♦, 6♣, 6♥, A♦, A♥)",2026-09-08T20:10:59.860Z,178889825986001
"""jahan 2 @ iacG4hF18c"" shows a A♦, A♥.",2026-09-08T20:10:59.860Z,178889825986000
"""Will @ h_ZrezeXHs"" checks",2026-09-08T20:10:59.033Z,178889825903300
"""jahan 2 @ iacG4hF18c"" checks",2026-09-08T20:10:57.809Z,178889825780900
"River: 7♦, 6♣, 6♥, 2♥ [3♣]",2026-09-08T20:10:55.685Z,178889825568500
"""Will @ h_ZrezeXHs"" calls 18.13",2026-09-08T20:10:54.882Z,178889825488200
"""jahan 2 @ iacG4hF18c"" bets 18.13",2026-09-08T20:10:52.047Z,178889825204700
"Turn: 7♦, 6♣, 6♥ [2♥]",2026-09-08T20:10:44.612Z,178889824461200
"""Heech @ wzsls5Sz57"" folds",2026-09-08T20:10:43.810Z,178889824381000
"""Will @ h_ZrezeXHs"" calls 10.58",2026-09-08T20:10:42.958Z,178889824295800
"""jahan 2 @ iacG4hF18c"" bets 10.58",2026-09-08T20:10:40.098Z,178889824009800
"""Heech @ wzsls5Sz57"" checks",2026-09-08T20:10:34.500Z,178889823450000
"Flop:  [7♦, 6♣, 6♥]",2026-09-08T20:10:32.311Z,178889823231100
"""Heech @ wzsls5Sz57"" calls 5.37",2026-09-08T20:10:31.481Z,178889823148100
"""Will @ h_ZrezeXHs"" calls 5.37",2026-09-08T20:10:30.255Z,178889823025500
"""jahan 2 @ iacG4hF18c"" raises to 5.37",2026-09-08T20:10:28.922Z,178889822892200
"""Heech @ wzsls5Sz57"" calls 1.50",2026-09-08T20:10:24.785Z,178889822478500
"""rowan @ GthBpPSqaK"" folds",2026-09-08T20:10:23.181Z,178889822318100
"""R Y A N @ GO72Iwd2XL"" folds",2026-09-08T20:10:22.323Z,178889822232300
"""Will @ h_ZrezeXHs"" raises to 1.50",2026-09-08T20:10:18.832Z,178889821883200
"""jahan 2 @ iacG4hF18c"" posts a big blind of 0.50",2026-09-08T20:10:16.395Z,178889821639508
"""Heech @ wzsls5Sz57"" posts a small blind of 0.25",2026-09-08T20:10:16.395Z,178889821639507
"Player stacks: #1 ""rowan @ GthBpPSqaK"" (131.35) | #2 ""Heech @ wzsls5Sz57"" (153.45) | #3 ""jahan 2 @ iacG4hF18c"" (216.22) | #4 ""Will @ h_ZrezeXHs"" (108.75) | #10 ""R Y A N @ GO72Iwd2XL"" (26.73)",2026-09-08T20:10:16.395Z,178889821639501
"-- starting hand #272 (id: w3jxl4rqrl34)  No Limit Texas Hold'em (dealer: ""rowan @ GthBpPSqaK"") --",2026-09-08T20:10:16.395Z,178889821639500
"-- ending hand #271 --",2026-09-08T20:10:10.492Z,178889821049202
"""R Y A N @ GO72Iwd2XL"" collected 7.50 from pot",2026-09-08T20:10:10.492Z,178889821049201
"Uncalled bet of 4.75 returned to ""R Y A N @ GO72Iwd2XL""",2026-09-08T20:10:10.492Z,178889821049200
"""Heech @ wzsls5Sz57"" folds",2026-09-08T20:10:09.686Z,178889820968600
"""rowan @ GthBpPSqaK"" folds",2026-09-08T20:10:07.788Z,178889820778800
"""R Y A N @ GO72Iwd2XL"" bets 4.75",2026-09-08T20:10:04.509Z,178889820450900
"""Heech @ wzsls5Sz57"" checks",2026-09-08T20:10:00.916Z,178889820091600
"""rowan @ GthBpPSqaK"" checks",2026-09-08T20:09:59.513Z,178889819951300
"Flop:  [6♦, 9♦, 9♣]",2026-09-08T20:09:57.907Z,178889819790700
"""Heech @ wzsls5Sz57"" calls 2.50",2026-09-08T20:09:57.105Z,178889819710500
"""rowan @ GthBpPSqaK"" calls 2.50",2026-09-08T20:09:53.597Z,178889819359700
"""R Y A N @ GO72Iwd2XL"" raises to 2.50",2026-09-08T20:09:51.679Z,178889819167900
"""Will @ h_ZrezeXHs"" folds",2026-09-08T20:09:47.842Z,178889818784200
"""jahan 2 @ iacG4hF18c"" folds",2026-09-08T20:09:46.969Z,178889818696900
"""Heech @ wzsls5Sz57"" posts a big blind of 0.50",2026-09-08T20:09:45.494Z,178889818549408
"""rowan @ GthBpPSqaK"" posts a small blind of 0.25",2026-09-08T20:09:45.494Z,178889818549407
"Player stacks: #1 ""rowan @ GthBpPSqaK"" (133.85) | #2 ""Heech @ wzsls5Sz57"" (155.95) | #3 ""jahan 2 @ iacG4hF18c"" (216.22) | #4 ""Will @ h_ZrezeXHs"" (108.75) | #10 ""R Y A N @ GO72Iwd2XL"" (21.73)",2026-09-08T20:09:45.494Z,178889818549401
"-- starting hand #271 (id: vbof91s1zz4f)  No Limit Texas Hold'em (dealer: ""R Y A N @ GO72Iwd2XL"") --",2026-09-08T20:09:45.494Z,178889818549400
"""Will @ h_ZrezeXHs"" collected 4.00 from the 7-2 bounty",2026-09-08T20:09:42.584Z,178889818258404
"""jahan 2 @ iacG4hF18c"" paid 1.00 for the 7-2 bounty to ""Will @ h_ZrezeXHs""",2026-09-08T20:09:42.584Z,178889818258403
"""R Y A N @ GO72Iwd2XL"" paid 1.00 for the 7-2 bounty to ""Will @ h_ZrezeXHs""",2026-09-08T20:09:42.584Z,178889818258402
"""Heech @ wzsls5Sz57"" paid 1.00 for the 7-2 bounty to ""Will @ h_ZrezeXHs""",2026-09-08T20:09:42.584Z,178889818258401
"""rowan @ GthBpPSqaK"" paid 1.00 for the 7-2 bounty to ""Will @ h_ZrezeXHs""",2026-09-08T20:09:42.584Z,178889818258400
"""R Y A N @ GO72Iwd2XL"" shows a 2♠, 6♥.",2026-09-08T20:09:39.672Z,178889817967200
"""Will @ h_ZrezeXHs"" shows a 2♣, 7♣.",2026-09-08T20:09:36.358Z,178889817635800
"-- ending hand #270 --",2026-09-08T20:09:35.272Z,178889817527202
"""Will @ h_ZrezeXHs"" collected 18.25 from pot",2026-09-08T20:09:35.272Z,178889817527201
"Uncalled bet of 6.50 returned to ""Will @ h_ZrezeXHs""",2026-09-08T20:09:35.272Z,178889817527200
"""rowan @ GthBpPSqaK"" folds",2026-09-08T20:09:34.418Z,178889817441800
"""Will @ h_ZrezeXHs"" bets 6.50",2026-09-08T20:09:29.163Z,178889816916300
"""rowan @ GthBpPSqaK"" checks",2026-09-08T20:09:26.323Z,178889816632300
"Flop:  [8♥, 8♣, 2♥]",2026-09-08T20:09:23.884Z,178889816388400
"""jahan 2 @ iacG4hF18c"" folds",2026-09-08T20:09:23.078Z,178889816307800
"""Heech @ wzsls5Sz57"" folds",2026-09-08T20:09:21.067Z,178889816106700
"""rowan @ GthBpPSqaK"" calls 7.50",2026-09-08T20:09:20.030Z,178889816003000
"""R Y A N @ GO72Iwd2XL"" folds",2026-09-08T20:09:19.155Z,178889815915500
"""Will @ h_ZrezeXHs"" raises to 7.50",2026-09-08T20:09:18.254Z,178889815825400
"""jahan 2 @ iacG4hF18c"" calls 1.50",2026-09-08T20:09:15.639Z,178889815563900
"""Heech @ wzsls5Sz57"" raises to 1.50",2026-09-08T20:09:07.598Z,178889814759800
"""rowan @ GthBpPSqaK"" posts a big blind of 0.50",2026-09-08T20:09:04.364Z,178889814436408
"""R Y A N @ GO72Iwd2XL"" posts a small blind of 0.25",2026-09-08T20:09:04.364Z,178889814436407
"Player stacks: #1 ""rowan @ GthBpPSqaK"" (142.35) | #2 ""Heech @ wzsls5Sz57"" (158.45) | #3 ""jahan 2 @ iacG4hF18c"" (218.72) | #4 ""Will @ h_ZrezeXHs"" (94.00) | #10 ""R Y A N @ GO72Iwd2XL"" (22.98)",2026-09-08T20:09:04.364Z,178889814436401
"-- starting hand #270 (id: im1cvwowraef)  No Limit Texas Hold'em (dealer: ""Will @ h_ZrezeXHs"") --",2026-09-08T20:09:04.364Z,178889814436400
"-- ending hand #269 --",2026-09-08T20:09:01.437Z,178889814143702
"""jahan 2 @ iacG4hF18c"" collected 65.93 from pot",2026-09-08T20:09:01.437Z,178889814143701
"Uncalled bet of 32.96 returned to ""jahan 2 @ iacG4hF18c""",2026-09-08T20:09:01.437Z,178889814143700
"""Heech @ wzsls5Sz57"" folds",2026-09-08T20:09:00.608Z,178889814060800
"""jahan 2 @ iacG4hF18c"" raises to 49.44",2026-09-08T20:08:41.381Z,178889812138100
"""Heech @ wzsls5Sz57"" bets 16.48",2026-09-08T20:08:31.570Z,178889811157000
"River: A♣, Q♠, 3♣, 5♥ [10♣]",2026-09-08T20:08:27.873Z,178889810787300
"""jahan 2 @ iacG4hF18c"" calls 8.24",2026-09-08T20:08:27.067Z,178889810706700
"""Heech @ wzsls5Sz57"" bets 8.24",2026-09-08T20:08:24.106Z,178889810410600
"Turn: A♣, Q♠, 3♣ [5♥]",2026-09-08T20:08:20.738Z,178889810073800
"""rowan @ GthBpPSqaK"" folds",2026-09-08T20:08:19.933Z,178889809993300
"""R Y A N @ GO72Iwd2XL"" folds",2026-09-08T20:08:19.074Z,178889809907400
"""jahan 2 @ iacG4hF18c"" calls 4.12",2026-09-08T20:08:16.624Z,178889809662400
"""Heech @ wzsls5Sz57"" bets 4.12",2026-09-08T20:08:14.365Z,178889809436500
"""rowan @ GthBpPSqaK"" checks",2026-09-08T20:08:12.044Z,178889809204400
"""R Y A N @ GO72Iwd2XL"" checks",2026-09-08T20:08:10.407Z,178889809040700
"Flop:  [A♣, Q♠, 3♣]",2026-09-08T20:08:08.685Z,178889808868500
"""R Y A N @ GO72Iwd2XL"" calls 2.00",2026-09-08T20:08:07.859Z,178889808785900
"""Will @ h_ZrezeXHs"" folds",2026-09-08T20:08:06.540Z,178889808654000
"""jahan 2 @ iacG4hF18c"" calls 2.00",2026-09-08T20:08:05.585Z,178889808558500
"""Heech @ wzsls5Sz57"" calls 2.00",2026-09-08T20:08:03.998Z,178889808399800
"""rowan @ GthBpPSqaK"" raises to 2.00",2026-09-08T20:08:01.623Z,178889808162300
"""R Y A N @ GO72Iwd2XL"" posts a big blind of 0.50",2026-09-08T20:07:58.653Z,178889807865308
"""Will @ h_ZrezeXHs"" posts a small blind of 0.25",2026-09-08T20:07:58.653Z,178889807865307
"Player stacks: #1 ""rowan @ GthBpPSqaK"" (144.35) | #2 ""Heech @ wzsls5Sz57"" (189.29) | #3 ""jahan 2 @ iacG4hF18c"" (183.63) | #4 ""Will @ h_ZrezeXHs"" (94.25) | #10 ""R Y A N @ GO72Iwd2XL"" (24.98)",2026-09-08T20:07:58.653Z,178889807865301
"-- starting hand #269 (id: 9ft1xf5ihtmd)  No Limit Texas Hold'em (dealer: ""jahan 2 @ iacG4hF18c"") --",2026-09-08T20:07:58.653Z,178889807865300
"-- ending hand #268 --",2026-09-08T20:07:50.594Z,178889807059402
"""rowan @ GthBpPSqaK"" collected 24.98 from pot with Pair, 7's on the second board  (combination: 5♦, 9♥, K♥, 7♦, 7♥)",2026-09-08T20:07:50.594Z,178889807059401
"""R Y A N @ GO72Iwd2XL"" collected 24.98 from pot with Two Pair, A's & 10's (combination: J♥, 10♠, 10♣, A♥, A♠)",2026-09-08T20:07:50.594Z,178889807059400
"River (second board): 2♥, 7♥, 5♦, 9♥ [4♣]",2026-09-08T20:07:46.591Z,178889806659101
"River: 7♠, A♠, J♥, 9♠ [10♣]",2026-09-08T20:07:46.591Z,178889806659100
"""R Y A N @ GO72Iwd2XL"" shows a 10♠, A♥.",2026-09-08T20:07:42.531Z,178889806253101
"""rowan @ GthBpPSqaK"" shows a 7♦, K♥.",2026-09-08T20:07:42.531Z,178889806253100
"""rowan @ GthBpPSqaK"" calls 17.48",2026-09-08T20:07:41.704Z,178889806170400
"""R Y A N @ GO72Iwd2XL"" bets 17.48 and go all in",2026-09-08T20:07:35.036Z,178889805503600
"Turn (second board): 2♥, 7♥, 5♦ [9♥]",2026-09-08T20:07:30.981Z,178889805098101
"Turn: 7♠, A♠, J♥ [9♠]",2026-09-08T20:07:30.981Z,178889805098100
"""Will @ h_ZrezeXHs"" folds",2026-09-08T20:07:30.083Z,178889805008300
"""jahan 2 @ iacG4hF18c"" folds",2026-09-08T20:07:29.198Z,178889804919800
"""Heech @ wzsls5Sz57"" folds",2026-09-08T20:07:28.072Z,178889804807200
"""rowan @ GthBpPSqaK"" calls 5.00",2026-09-08T20:07:26.645Z,178889804664500
"""R Y A N @ GO72Iwd2XL"" bets 5.00",2026-09-08T20:07:25.789Z,178889804578900
"""Will @ h_ZrezeXHs"" checks",2026-09-08T20:07:22.473Z,178889804247300
"""jahan 2 @ iacG4hF18c"" checks",2026-09-08T20:07:20.992Z,178889804099200
"Flop (second board):  [2♥, 7♥, 5♦]",2026-09-08T20:07:16.981Z,178889803698101
"Flop:  [7♠, A♠, J♥]",2026-09-08T20:07:16.981Z,178889803698100
"""Will @ h_ZrezeXHs"" calls 1.00 (bomb pot bet)",2026-09-08T20:07:16.159Z,178889803615900
"""jahan 2 @ iacG4hF18c"" calls 1.00 (bomb pot bet)",2026-09-08T20:07:15.261Z,178889803526100
"""Heech @ wzsls5Sz57"" calls 1.00 (bomb pot bet)",2026-09-08T20:07:14.399Z,178889803439900
"""rowan @ GthBpPSqaK"" calls 1.00 (bomb pot bet)",2026-09-08T20:07:13.585Z,178889803358500
"""R Y A N @ GO72Iwd2XL"" posts a bet of 1.00 (bomb pot bet)",2026-09-08T20:07:12.770Z,178889803277000
"Player stacks: #1 ""rowan @ GthBpPSqaK"" (142.85) | #2 ""Heech @ wzsls5Sz57"" (190.29) | #3 ""jahan 2 @ iacG4hF18c"" (184.63) | #4 ""Will @ h_ZrezeXHs"" (95.25) | #10 ""R Y A N @ GO72Iwd2XL"" (23.48)",2026-09-08T20:07:10.753Z,178889803075301
"-- starting hand #268 (id: r7pj4maq5mzh)  No Limit Texas Hold'em (dealer: ""Heech @ wzsls5Sz57"") --",2026-09-08T20:07:10.753Z,178889803075300
"""R Y A N @ GO72Iwd2XL"" shows a 9♣.",2026-09-08T20:07:05.914Z,178889802591400
"""Heech @ wzsls5Sz57"" shows a 4♥, 4♦.",2026-09-08T20:07:05.155Z,178889802515500
"""rowan @ GthBpPSqaK"" shows a 7♠, 2♦.",2026-09-08T20:07:04.059Z,178889802405900
"-- ending hand #267 --",2026-09-08T20:07:02.666Z,178889802266602
"""Heech @ wzsls5Sz57"" collected 7.50 from pot",2026-09-08T20:07:02.666Z,178889802266601
"Uncalled bet of 0.50 returned to ""Heech @ wzsls5Sz57""",2026-09-08T20:07:02.666Z,178889802266600
"""rowan @ GthBpPSqaK"" folds",2026-09-08T20:07:01.821Z,178889802182100
"""jahan 2 @ iacG4hF18c"" folds",2026-09-08T20:06:59.464Z,178889801946400
"""Heech @ wzsls5Sz57"" bets 0.50",2026-09-08T20:06:58.492Z,178889801849200
"Turn: K♠, 8♦, 9♠ [9♦]",2026-09-08T20:06:56.264Z,178889801626400
"""rowan @ GthBpPSqaK"" calls 0.50",2026-09-08T20:06:55.458Z,178889801545800
"""jahan 2 @ iacG4hF18c"" calls 0.50",2026-09-08T20:06:54.615Z,178889801461500
"""Heech @ wzsls5Sz57"" bets 0.50",2026-09-08T20:06:49.881Z,178889800988100
"Flop:  [K♠, 8♦, 9♠]",2026-09-08T20:06:46.341Z,178889800634100
"""rowan @ GthBpPSqaK"" calls 2.00",2026-09-08T20:06:45.528Z,178889800552800
"""jahan 2 @ iacG4hF18c"" calls 2.00",2026-09-08T20:06:44.648Z,178889800464800
"""Heech @ wzsls5Sz57"" raises to 2.00",2026-09-08T20:06:42.866Z,178889800286600
"""rowan @ GthBpPSqaK"" calls 0.50",2026-09-08T20:06:39.490Z,178889799949000
"""R Y A N @ GO72Iwd2XL"" folds",2026-09-08T20:06:38.537Z,178889799853700
"""Will @ h_ZrezeXHs"" folds",2026-09-08T20:06:36.489Z,178889799648900
"""jahan 2 @ iacG4hF18c"" posts a big blind of 0.50",2026-09-08T20:06:34.916Z,178889799491608
"""Heech @ wzsls5Sz57"" posts a small blind of 0.25",2026-09-08T20:06:34.916Z,178889799491607
"Player stacks: #1 ""rowan @ GthBpPSqaK"" (145.35) | #2 ""Heech @ wzsls5Sz57"" (185.29) | #3 ""jahan 2 @ iacG4hF18c"" (187.13) | #4 ""Will @ h_ZrezeXHs"" (95.25) | #10 ""R Y A N @ GO72Iwd2XL"" (23.48)",2026-09-08T20:06:34.916Z,178889799491601
"-- starting hand #267 (id: mhukcntaqboq)  No Limit Texas Hold'em (dealer: ""rowan @ GthBpPSqaK"") --",2026-09-08T20:06:34.916Z,178889799491600
"""rowan @ GthBpPSqaK"" collected 4.00 from the 7-2 bounty",2026-09-08T20:06:32.004Z,178889799200404
"""Will @ h_ZrezeXHs"" paid 1.00 for the 7-2 bounty to ""rowan @ GthBpPSqaK""",2026-09-08T20:06:32.004Z,178889799200403
"""jahan 2 @ iacG4hF18c"" paid 1.00 for the 7-2 bounty to ""rowan @ GthBpPSqaK""",2026-09-08T20:06:32.004Z,178889799200402
"""R Y A N @ GO72Iwd2XL"" paid 1.00 for the 7-2 bounty to ""rowan @ GthBpPSqaK""",2026-09-08T20:06:32.004Z,178889799200401
"""Heech @ wzsls5Sz57"" paid 1.00 for the 7-2 bounty to ""rowan @ GthBpPSqaK""",2026-09-08T20:06:32.004Z,178889799200400
"""Heech @ wzsls5Sz57"" shows a 5♣.",2026-09-08T20:06:28.051Z,178889798805100
"-- ending hand #266 --",2026-09-08T20:06:25.498Z,178889798549802
"""rowan @ GthBpPSqaK"" collected 4.50 from pot with Two Pair, A's & 7's (combination: J♠, 7♠, 7♥, A♥, A♠)",2026-09-08T20:06:25.498Z,178889798549801
"""rowan @ GthBpPSqaK"" shows a 7♠, 2♥.",2026-09-08T20:06:25.498Z,178889798549800
"""Heech @ wzsls5Sz57"" calls 0.50",2026-09-08T20:06:24.659Z,178889798465900
"""rowan @ GthBpPSqaK"" bets 0.50",2026-09-08T20:06:23.545Z,178889798354500
"River: 7♥, A♥, A♠, 5♦ [J♠]",2026-09-08T20:06:22.356Z,178889798235600
"""Heech @ wzsls5Sz57"" calls 0.50",2026-09-08T20:06:21.511Z,178889798151100
"""rowan @ GthBpPSqaK"" bets 0.50",2026-09-08T20:06:20.334Z,178889798033400
"Turn: 7♥, A♥, A♠ [5♦]",2026-09-08T20:06:18.239Z,178889797823900
"""jahan 2 @ iacG4hF18c"" folds",2026-09-08T20:06:17.376Z,178889797737600
"""Heech @ wzsls5Sz57"" calls 0.50",2026-09-08T20:06:16.072Z,178889797607200
"""rowan @ GthBpPSqaK"" bets 0.50",2026-09-08T20:06:14.855Z,178889797485500
"Flop:  [7♥, A♥, A♠]",2026-09-08T20:06:11.687Z,178889797168700
"""Heech @ wzsls5Sz57"" checks",2026-09-08T20:06:10.870Z,178889797087000
"""rowan @ GthBpPSqaK"" calls 0.50",2026-09-08T20:06:09.351Z,178889796935100
"""R Y A N @ GO72Iwd2XL"" folds",2026-09-08T20:06:07.674Z,178889796767400
"""Will @ h_ZrezeXHs"" folds",2026-09-08T20:06:06.773Z,178889796677300
"""jahan 2 @ iacG4hF18c"" calls 0.50",2026-09-08T20:06:05.867Z,178889796586700
"""Heech @ wzsls5Sz57"" posts a big blind of 0.50",2026-09-08T20:06:04.631Z,178889796463108
"""rowan @ GthBpPSqaK"" posts a small blind of 0.25",2026-09-08T20:06:04.631Z,178889796463107
"Player stacks: #1 ""rowan @ GthBpPSqaK"" (138.85) | #2 ""Heech @ wzsls5Sz57"" (188.29) | #3 ""jahan 2 @ iacG4hF18c"" (188.63) | #4 ""Will @ h_ZrezeXHs"" (96.25) | #10 ""R Y A N @ GO72Iwd2XL"" (24.48)",2026-09-08T20:06:04.631Z,178889796463101
"-- starting hand #266 (id: 8xbefvob3hnl)  No Limit Texas Hold'em (dealer: ""R Y A N @ GO72Iwd2XL"") --",2026-09-08T20:06:04.631Z,178889796463100
"-- ending hand #265 --",2026-09-08T20:05:58.547Z,178889795854703
"""Heech @ wzsls5Sz57"" collected 43.00 from pot with Straight, K High (combination: 9♥, 10♠, J♠, Q♣, K♥)",2026-09-08T20:05:58.547Z,178889795854702
"""Heech @ wzsls5Sz57"" shows a K♥, 10♦.",2026-09-08T20:05:58.547Z,178889795854701
"""R Y A N @ GO72Iwd2XL"" shows a 9♠, 10♥.",2026-09-08T20:05:58.547Z,178889795854700
"""Heech @ wzsls5Sz57"" calls 9.00",2026-09-08T20:05:57.724Z,178889795772400
"""R Y A N @ GO72Iwd2XL"" bets 9.00",2026-09-08T20:05:56.593Z,178889795659300
"River: Q♣, 5♦, 9♥, J♠ [10♠]",2026-09-08T20:05:44.568Z,178889794456800
"""R Y A N @ GO72Iwd2XL"" calls 9.50",2026-09-08T20:05:43.730Z,178889794373000
"""Heech @ wzsls5Sz57"" raises to 9.50",2026-09-08T20:05:38.294Z,178889793829400
"""rowan @ GthBpPSqaK"" folds",2026-09-08T20:05:35.380Z,178889793538000
"""R Y A N @ GO72Iwd2XL"" bets 4.50",2026-09-08T20:05:34.497Z,178889793449700
"Turn: Q♣, 5♦, 9♥ [J♠]",2026-09-08T20:05:30.085Z,178889793008500
"""Heech @ wzsls5Sz57"" calls 1.50",2026-09-08T20:05:29.251Z,178889792925100
"""rowan @ GthBpPSqaK"" calls 1.50",2026-09-08T20:05:27.970Z,178889792797000
"""R Y A N @ GO72Iwd2XL"" bets 1.50",2026-09-08T20:05:27.051Z,178889792705100
"Flop:  [Q♣, 5♦, 9♥]",2026-09-08T20:05:23.276Z,178889792327600
"""rowan @ GthBpPSqaK"" checks",2026-09-08T20:05:22.473Z,178889792247300
"""R Y A N @ GO72Iwd2XL"" calls 0.50",2026-09-08T20:05:21.426Z,178889792142600
"""Will @ h_ZrezeXHs"" folds",2026-09-08T20:05:17.172Z,178889791717200
"""jahan 2 @ iacG4hF18c"" folds",2026-09-08T20:05:16.263Z,178889791626300
"""Heech @ wzsls5Sz57"" calls 0.50",2026-09-08T20:05:15.408Z,178889791540800
"""rowan @ GthBpPSqaK"" posts a big blind of 0.50",2026-09-08T20:05:14.075Z,178889791407508
"""R Y A N @ GO72Iwd2XL"" posts a small blind of 0.25",2026-09-08T20:05:14.075Z,178889791407507
"Player stacks: #1 ""rowan @ GthBpPSqaK"" (140.85) | #2 ""Heech @ wzsls5Sz57"" (165.79) | #3 ""jahan 2 @ iacG4hF18c"" (188.63) | #4 ""Will @ h_ZrezeXHs"" (96.25) | #10 ""R Y A N @ GO72Iwd2XL"" (44.98)",2026-09-08T20:05:14.075Z,178889791407501
"-- starting hand #265 (id: wqtryuqgycew)  No Limit Texas Hold'em (dealer: ""Will @ h_ZrezeXHs"") --",2026-09-08T20:05:14.075Z,178889791407500
"-- ending hand #264 --",2026-09-08T20:05:08.155Z,178889790815501
"""jahan 2 @ iacG4hF18c"" collected 1.25 from pot",2026-09-08T20:05:08.155Z,178889790815500
"""R Y A N @ GO72Iwd2XL"" folds",2026-09-08T20:05:07.353Z,178889790735300
"""Will @ h_ZrezeXHs"" folds",2026-09-08T20:05:06.413Z,178889790641300
"""jahan 2 @ iacG4hF18c"" calls 0.50",2026-09-08T20:05:05.429Z,178889790542900
"""Heech @ wzsls5Sz57"" folds",2026-09-08T20:05:03.471Z,178889790347100
"""rowan @ GthBpPSqaK"" folds",2026-09-08T20:05:02.227Z,178889790222700
"""R Y A N @ GO72Iwd2XL"" posts a big blind of 0.50",2026-09-08T20:05:00.875Z,178889790087508
"""Will @ h_ZrezeXHs"" posts a small blind of 0.25",2026-09-08T20:05:00.875Z,178889790087507
"Player stacks: #1 ""rowan @ GthBpPSqaK"" (140.85) | #2 ""Heech @ wzsls5Sz57"" (165.79) | #3 ""jahan 2 @ iacG4hF18c"" (187.88) | #4 ""Will @ h_ZrezeXHs"" (96.50) | #10 ""R Y A N @ GO72Iwd2XL"" (45.48)",2026-09-08T20:05:00.875Z,178889790087501
"-- starting hand #264 (id: t5fsr2cf2ez3)  No Limit Texas Hold'em (dealer: ""jahan 2 @ iacG4hF18c"") --",2026-09-08T20:05:00.875Z,178889790087500
"-- ending hand #263 --",2026-09-08T20:04:54.967Z,178889789496702
"""R Y A N @ GO72Iwd2XL"" collected 4.50 from pot",2026-09-08T20:04:54.967Z,178889789496701
"Uncalled bet of 4.50 returned to ""R Y A N @ GO72Iwd2XL""",2026-09-08T20:04:54.967Z,178889789496700
"""jahan 2 @ iacG4hF18c"" folds",2026-09-08T20:04:54.152Z,178889789415200
"""R Y A N @ GO72Iwd2XL"" bets 4.50",2026-09-08T20:04:51.242Z,178889789124200
"""jahan 2 @ iacG4hF18c"" checks",2026-09-08T20:04:48.968Z,178889788896800
"Flop:  [8♠, 6♥, 4♥]",2026-09-08T20:04:47.062Z,178889788706200
"""Will @ h_ZrezeXHs"" folds",2026-09-08T20:04:46.248Z,178889788624800
"""jahan 2 @ iacG4hF18c"" calls 2.00",2026-09-08T20:04:45.307Z,178889788530700
"""Heech @ wzsls5Sz57"" folds",2026-09-08T20:04:43.818Z,178889788381800
"""rowan @ GthBpPSqaK"" folds",2026-09-08T20:04:42.169Z,178889788216900
"""R Y A N @ GO72Iwd2XL"" raises to 2.00",2026-09-08T20:04:41.314Z,178889788131400
"""Will @ h_ZrezeXHs"" posts a big blind of 0.50",2026-09-08T20:04:38.666Z,178889787866608
"""jahan 2 @ iacG4hF18c"" posts a small blind of 0.25",2026-09-08T20:04:38.666Z,178889787866607
"Player stacks: #1 ""rowan @ GthBpPSqaK"" (140.85) | #2 ""Heech @ wzsls5Sz57"" (165.79) | #3 ""jahan 2 @ iacG4hF18c"" (189.88) | #4 ""Will @ h_ZrezeXHs"" (97.00) | #10 ""R Y A N @ GO72Iwd2XL"" (42.98)",2026-09-08T20:04:38.666Z,178889787866601
"-- starting hand #263 (id: uxsby50qjfyk)  No Limit Texas Hold'em (dealer: ""Heech @ wzsls5Sz57"") --",2026-09-08T20:04:38.666Z,178889787866600
"-- ending hand #262 --",2026-09-08T20:04:32.648Z,178889787264802
"""jahan 2 @ iacG4hF18c"" collected 36.00 from pot with Straight, 6 High (combination: 2♣, 3♦, 4♣, 5♦, 6♠)",2026-09-08T20:04:32.648Z,178889787264801
"""jahan 2 @ iacG4hF18c"" shows a 3♦, 4♣.",2026-09-08T20:04:32.648Z,178889787264800
"""Heech @ wzsls5Sz57"" calls 13.50",2026-09-08T20:04:31.784Z,178889787178400
"""Will @ h_ZrezeXHs"" folds",2026-09-08T20:04:15.526Z,178889785552600
"""jahan 2 @ iacG4hF18c"" raises to 13.50",2026-09-08T20:04:14.658Z,178889785465800
"""Heech @ wzsls5Sz57"" bets 4.50",2026-09-08T20:04:09.744Z,178889784974400
"River: J♥, 6♠, 2♣, 5♦ [8♠]",2026-09-08T20:04:05.354Z,178889784535400
"""Will @ h_ZrezeXHs"" checks",2026-09-08T20:04:04.540Z,178889784454000
"""jahan 2 @ iacG4hF18c"" checks",2026-09-08T20:04:02.919Z,178889784291900
"""Heech @ wzsls5Sz57"" checks",2026-09-08T20:04:00.161Z,178889784016100
"Turn: J♥, 6♠, 2♣ [5♦]",2026-09-08T20:03:59.000Z,178889783900000
"""jahan 2 @ iacG4hF18c"" calls 1.50",2026-09-08T20:03:58.177Z,178889783817700
"""Heech @ wzsls5Sz57"" calls 1.50",2026-09-08T20:03:55.820Z,178889783582000
"""Will @ h_ZrezeXHs"" bets 1.50",2026-09-08T20:03:54.395Z,178889783439500
"""jahan 2 @ iacG4hF18c"" checks",2026-09-08T20:03:51.500Z,178889783150000
"""Heech @ wzsls5Sz57"" checks",2026-09-08T20:03:50.260Z,178889783026000
"Flop:  [J♥, 6♠, 2♣]",2026-09-08T20:03:49.154Z,178889782915400
"""jahan 2 @ iacG4hF18c"" calls 1.50",2026-09-08T20:03:48.305Z,178889782830500
"""Heech @ wzsls5Sz57"" calls 1.50",2026-09-08T20:03:46.970Z,178889782697000
"""rowan @ GthBpPSqaK"" folds",2026-09-08T20:03:45.690Z,178889782569000
"""R Y A N @ GO72Iwd2XL"" folds",2026-09-08T20:03:44.822Z,178889782482200
"""Will @ h_ZrezeXHs"" raises to 1.50",2026-09-08T20:03:43.867Z,178889782386700
"""jahan 2 @ iacG4hF18c"" posts a big blind of 0.50",2026-09-08T20:03:40.806Z,178889782080609
"""Heech @ wzsls5Sz57"" posts a small blind of 0.25",2026-09-08T20:03:40.806Z,178889782080608
"Player stacks: #1 ""rowan @ GthBpPSqaK"" (140.85) | #2 ""Heech @ wzsls5Sz57"" (182.29) | #3 ""jahan 2 @ iacG4hF18c"" (170.38) | #4 ""Will @ h_ZrezeXHs"" (100.00) | #10 ""R Y A N @ GO72Iwd2XL"" (42.98)",2026-09-08T20:03:40.806Z,178889782080602
"-- starting hand #262 (id: bwuwt2vkg0ux)  No Limit Texas Hold'em (dealer: ""rowan @ GthBpPSqaK"") --",2026-09-08T20:03:40.806Z,178889782080601
"The player ""Will @ h_ZrezeXHs"" joined the game with a stack of 100.00.",2026-09-08T20:03:40.806Z,178889782080600
"-- ending hand #261 --",2026-09-08T20:03:34.804Z,178889781480402
"""jahan 2 @ iacG4hF18c"" collected 127.50 from pot with Two Pair, A's & 8's (combination: Q♣, 8♣, 8♠, A♠, A♣)",2026-09-08T20:03:34.804Z,178889781480401
"""jahan 2 @ iacG4hF18c"" shows a A♠, 8♣.",2026-09-08T20:03:34.804Z,178889781480400
"""Heech @ wzsls5Sz57"" calls 38.25",2026-09-08T20:03:33.992Z,178889781399200
"The admin approved the player ""Will @ h_ZrezeXHs"" participation with a stack of 100.00.",2026-09-08T20:03:11.019Z,178889779101900
"The player ""Will @ h_ZrezeXHs"" requested a seat.",2026-09-08T20:03:09.098Z,178889778909800
"""jahan 2 @ iacG4hF18c"" bets 38.25",2026-09-08T20:03:06.585Z,178889778658500
"""Heech @ wzsls5Sz57"" checks",2026-09-08T20:03:00.388Z,178889778038800
"River: 8♠, 4♦, 3♥, A♣ [Q♣]",2026-09-08T20:02:58.877Z,178889777887700
"""Heech @ wzsls5Sz57"" calls 13.00",2026-09-08T20:02:58.031Z,178889777803100
"""R Y A N @ GO72Iwd2XL"" folds",2026-09-08T20:02:52.727Z,178889777272700
"""jahan 2 @ iacG4hF18c"" bets 13.00",2026-09-08T20:02:50.046Z,178889777004600
"""Heech @ wzsls5Sz57"" checks",2026-09-08T20:02:45.540Z,178889776554000
"Turn: 8♠, 4♦, 3♥ [A♣]",2026-09-08T20:02:43.284Z,178889776328400
"""rowan @ GthBpPSqaK"" folds",2026-09-08T20:02:42.454Z,178889776245400
"""R Y A N @ GO72Iwd2XL"" calls 5.00",2026-09-08T20:02:39.864Z,178889775986400
"""jahan 2 @ iacG4hF18c"" calls 5.00",2026-09-08T20:02:38.549Z,178889775854900
"""Heech @ wzsls5Sz57"" bets 5.00",2026-09-08T20:02:36.488Z,178889775648800
"""rowan @ GthBpPSqaK"" checks",2026-09-08T20:02:32.914Z,178889775291400
"Flop:  [8♠, 4♦, 3♥]",2026-09-08T20:02:31.671Z,178889775167100
"""jahan 2 @ iacG4hF18c"" calls 2.50",2026-09-08T20:02:30.859Z,178889775085900
"""Heech @ wzsls5Sz57"" calls 2.50",2026-09-08T20:02:29.297Z,178889774929700
"""rowan @ GthBpPSqaK"" calls 2.50",2026-09-08T20:02:25.757Z,178889774575700
"""R Y A N @ GO72Iwd2XL"" raises to 2.50",2026-09-08T20:02:24.849Z,178889774484900
"""jahan 2 @ iacG4hF18c"" calls 0.50",2026-09-08T20:02:21.643Z,178889774164300
"""Heech @ wzsls5Sz57"" posts a big blind of 0.50",2026-09-08T20:02:19.944Z,178889773994407
"""rowan @ GthBpPSqaK"" posts a small blind of 0.25",2026-09-08T20:02:19.944Z,178889773994406
"Player stacks: #1 ""rowan @ GthBpPSqaK"" (143.35) | #2 ""Heech @ wzsls5Sz57"" (241.04) | #3 ""jahan 2 @ iacG4hF18c"" (101.63) | #10 ""R Y A N @ GO72Iwd2XL"" (50.48)",2026-09-08T20:02:19.944Z,178889773994401
"-- starting hand #261 (id: 0txnefcphtfz)  No Limit Texas Hold'em (dealer: ""R Y A N @ GO72Iwd2XL"") --",2026-09-08T20:02:19.944Z,178889773994400
"""R Y A N @ GO72Iwd2XL"" shows a 5♣.",2026-09-08T20:02:17.429Z,178889773742900
"""R Y A N @ GO72Iwd2XL"" shows a 8♣.",2026-09-08T20:02:16.007Z,178889773600700
"""jahan 2 @ iacG4hF18c"" shows a 8♦.",2026-09-08T20:02:14.837Z,178889773483700
"-- ending hand #260 --",2026-09-08T20:02:12.621Z,178889773262102
"""R Y A N @ GO72Iwd2XL"" collected 3.74 from pot",2026-09-08T20:02:12.621Z,178889773262101
"Uncalled bet of 3.74 returned to ""R Y A N @ GO72Iwd2XL""",2026-09-08T20:02:12.621Z,178889773262100
"""jahan 2 @ iacG4hF18c"" folds",2026-09-08T20:02:11.817Z,178889773181700
"""R Y A N @ GO72Iwd2XL"" bets 3.74",2026-09-08T20:02:08.743Z,178889772874300
"Turn: 7♠, 6♥, 10♣ [2♣]",2026-09-08T20:02:06.420Z,178889772642000
"""rowan @ GthBpPSqaK"" folds",2026-09-08T20:02:05.612Z,178889772561200
"""R Y A N @ GO72Iwd2XL"" calls 1.12",2026-09-08T20:02:04.730Z,178889772473000
"""jahan 2 @ iacG4hF18c"" bets 1.12",2026-09-08T20:02:03.487Z,178889772348700
"""rowan @ GthBpPSqaK"" checks",2026-09-08T20:02:00.259Z,178889772025900
"""R Y A N @ GO72Iwd2XL"" checks",2026-09-08T20:01:59.379Z,178889771937900
"Flop:  [7♠, 6♥, 10♣]",2026-09-08T20:01:57.082Z,178889771708200
"""rowan @ GthBpPSqaK"" checks",2026-09-08T20:01:56.255Z,178889771625500
"""R Y A N @ GO72Iwd2XL"" calls 0.50",2026-09-08T20:01:55.337Z,178889771533700
"""jahan 2 @ iacG4hF18c"" calls 0.50",2026-09-08T20:01:54.309Z,178889771430900
"""Heech @ wzsls5Sz57"" folds",2026-09-08T20:01:53.222Z,178889771322200
"""rowan @ GthBpPSqaK"" posts a big blind of 0.50",2026-09-08T20:01:50.841Z,178889771084107
"""R Y A N @ GO72Iwd2XL"" posts a small blind of 0.25",2026-09-08T20:01:50.841Z,178889771084106
"Player stacks: #1 ""rowan @ GthBpPSqaK"" (143.85) | #2 ""Heech @ wzsls5Sz57"" (241.04) | #3 ""jahan 2 @ iacG4hF18c"" (103.25) | #10 ""R Y A N @ GO72Iwd2XL"" (48.36)",2026-09-08T20:01:50.841Z,178889771084101
"-- starting hand #260 (id: ozphm00fkcxp)  No Limit Texas Hold'em (dealer: ""jahan 2 @ iacG4hF18c"") --",2026-09-08T20:01:50.841Z,178889771084100
"-- ending hand #259 --",2026-09-08T20:01:44.807Z,178889770480703
"""Heech @ wzsls5Sz57"" collected 77.50 from pot with Two Pair, 8's & 4's (combination: 10♦, 4♣, 4♥, 8♣, 8♠)",2026-09-08T20:01:44.807Z,178889770480702
"""Heech @ wzsls5Sz57"" shows a 9♣, 8♣.",2026-09-08T20:01:44.807Z,178889770480701
"""R Y A N @ GO72Iwd2XL"" shows a Q♠, A♠.",2026-09-08T20:01:44.807Z,178889770480700
"""Heech @ wzsls5Sz57"" calls 20.00",2026-09-08T20:01:43.985Z,178889770398500
"""R Y A N @ GO72Iwd2XL"" bets 20.00",2026-09-08T20:01:33.594Z,178889769359400
"River: 2♠, 4♣, 8♠, 10♦ [4♥]",2026-09-08T20:01:27.283Z,178889768728300
"""Heech @ wzsls5Sz57"" calls 11.25",2026-09-08T20:01:26.477Z,178889768647700
"""R Y A N @ GO72Iwd2XL"" bets 11.25",2026-09-08T20:01:23.148Z,178889768314800
"Turn: 2♠, 4♣, 8♠ [10♦]",2026-09-08T20:01:19.194Z,178889767919400
"""jahan 2 @ iacG4hF18c"" folds",2026-09-08T20:01:18.370Z,178889767837000
"""Heech @ wzsls5Sz57"" calls 4.50",2026-09-08T20:01:17.448Z,178889767744800
"""R Y A N @ GO72Iwd2XL"" bets 4.50",2026-09-08T20:01:16.067Z,178889767606700
"""jahan 2 @ iacG4hF18c"" checks",2026-09-08T20:01:13.210Z,178889767321000
"Flop:  [2♠, 4♣, 8♠]",2026-09-08T20:01:10.515Z,178889767051500
"""jahan 2 @ iacG4hF18c"" calls 2.00",2026-09-08T20:01:09.685Z,178889766968500
"""Heech @ wzsls5Sz57"" calls 2.00",2026-09-08T20:01:08.329Z,178889766832900
"""R Y A N @ GO72Iwd2XL"" raises to 2.00",2026-09-08T20:01:06.595Z,178889766659500
"""jahan 2 @ iacG4hF18c"" calls 0.50",2026-09-08T20:01:03.673Z,178889766367300
"""Heech @ wzsls5Sz57"" calls 0.50",2026-09-08T20:01:02.594Z,178889766259400
"""rowan @ GthBpPSqaK"" folds",2026-09-08T20:01:00.342Z,178889766034200
"""R Y A N @ GO72Iwd2XL"" posts a big blind of 0.50",2026-09-08T20:00:58.957Z,178889765895707
"""jahan 2 @ iacG4hF18c"" posts a small blind of 0.25",2026-09-08T20:00:58.957Z,178889765895706
"Player stacks: #1 ""rowan @ GthBpPSqaK"" (143.85) | #2 ""Heech @ wzsls5Sz57"" (201.29) | #3 ""jahan 2 @ iacG4hF18c"" (105.25) | #10 ""R Y A N @ GO72Iwd2XL"" (86.11)",2026-09-08T20:00:58.957Z,178889765895701
"-- starting hand #259 (id: 8wq8sxylegyd)  No Limit Texas Hold'em (dealer: ""Heech @ wzsls5Sz57"") --",2026-09-08T20:00:58.957Z,178889765895700
"-- ending hand #258 --",2026-09-08T20:00:53.040Z,178889765304002
"""jahan 2 @ iacG4hF18c"" collected 9.00 from pot",2026-09-08T20:00:53.040Z,178889765304001
"Uncalled bet of 6.25 returned to ""jahan 2 @ iacG4hF18c""",2026-09-08T20:00:53.040Z,178889765304000
"""rowan @ GthBpPSqaK"" folds",2026-09-08T20:00:52.223Z,178889765222300
"""jahan 2 @ iacG4hF18c"" bets 6.25",2026-09-08T20:00:51.028Z,178889765102800
"Turn: 2♥, 10♣, Q♥ [A♠]",2026-09-08T20:00:44.406Z,178889764440600
"""jahan 2 @ iacG4hF18c"" calls 2.25",2026-09-08T20:00:43.597Z,178889764359700
"""Heech @ wzsls5Sz57"" folds",2026-09-08T20:00:40.048Z,178889764004800
"""rowan @ GthBpPSqaK"" bets 2.25",2026-09-08T20:00:38.818Z,178889763881800
"""jahan 2 @ iacG4hF18c"" checks",2026-09-08T20:00:36.593Z,178889763659300
"""Heech @ wzsls5Sz57"" checks",2026-09-08T20:00:34.500Z,178889763450000
"Flop:  [2♥, 10♣, Q♥]",2026-09-08T20:00:31.946Z,178889763194600
"""jahan 2 @ iacG4hF18c"" calls 1.50",2026-09-08T20:00:31.094Z,178889763109400
"""Heech @ wzsls5Sz57"" calls 1.50",2026-09-08T20:00:29.590Z,178889762959000
"""rowan @ GthBpPSqaK"" raises to 1.50",2026-09-08T20:00:22.709Z,178889762270900
"""R Y A N @ GO72Iwd2XL"" folds",2026-09-08T20:00:20.688Z,178889762068800
"""jahan 2 @ iacG4hF18c"" posts a big blind of 0.50",2026-09-08T20:00:19.743Z,178889761974307
"""Heech @ wzsls5Sz57"" posts a small blind of 0.25",2026-09-08T20:00:19.743Z,178889761974306
"Player stacks: #1 ""rowan @ GthBpPSqaK"" (147.60) | #2 ""Heech @ wzsls5Sz57"" (202.79) | #3 ""jahan 2 @ iacG4hF18c"" (100.00) | #10 ""R Y A N @ GO72Iwd2XL"" (86.11)",2026-09-08T20:00:19.743Z,178889761974301
"-- starting hand #258 (id: qqaxwyq02ehp)  No Limit Texas Hold'em (dealer: ""rowan @ GthBpPSqaK"") --",2026-09-08T20:00:19.743Z,178889761974300
"-- ending hand #257 --",2026-09-08T20:00:16.831Z,178889761683102
"""rowan @ GthBpPSqaK"" collected 33.74 from pot",2026-09-08T20:00:16.831Z,178889761683101
"Uncalled bet of 16.87 returned to ""rowan @ GthBpPSqaK""",2026-09-08T20:00:16.831Z,178889761683100
"""R Y A N @ GO72Iwd2XL"" folds",2026-09-08T20:00:16.028Z,178889761602800
"""rowan @ GthBpPSqaK"" bets 16.87",2026-09-08T20:00:07.834Z,178889760783400
"River: 9♠, 5♥, 2♥, 4♦ [9♣]",2026-09-08T20:00:02.029Z,178889760202900
"""rowan @ GthBpPSqaK"" calls 10.12",2026-09-08T20:00:01.188Z,178889760118800
"""R Y A N @ GO72Iwd2XL"" bets 10.12",2026-09-08T19:59:54.845Z,178889759484500
"""rowan @ GthBpPSqaK"" checks",2026-09-08T19:59:51.819Z,178889759181900
"Turn: 9♠, 5♥, 2♥ [4♦]",2026-09-08T19:59:50.613Z,178889759061300
"""rowan @ GthBpPSqaK"" calls 4.50",2026-09-08T19:59:49.793Z,178889758979300
"""R Y A N @ GO72Iwd2XL"" bets 4.50",2026-09-08T19:59:48.648Z,178889758864800
"""rowan @ GthBpPSqaK"" checks",2026-09-08T19:59:46.517Z,178889758651700
"Flop:  [9♠, 5♥, 2♥]",2026-09-08T19:59:44.202Z,178889758420200
"""Heech @ wzsls5Sz57"" folds",2026-09-08T19:59:43.379Z,178889758337900
"""rowan @ GthBpPSqaK"" calls 2.00",2026-09-08T19:59:39.493Z,178889757949300
"""R Y A N @ GO72Iwd2XL"" raises to 2.00",2026-09-08T19:59:38.457Z,178889757845700
"""jahan 2 @ iacG4hF18c"" folds",2026-09-08T19:59:35.240Z,178889757524000
"""Heech @ wzsls5Sz57"" posts a big blind of 0.50",2026-09-08T19:59:33.342Z,178889757334208
"""rowan @ GthBpPSqaK"" posts a small blind of 0.25",2026-09-08T19:59:33.342Z,178889757334207
"Player stacks: #1 ""rowan @ GthBpPSqaK"" (130.48) | #2 ""Heech @ wzsls5Sz57"" (203.29) | #3 ""jahan 2 @ iacG4hF18c"" (100.00) | #10 ""R Y A N @ GO72Iwd2XL"" (102.73)",2026-09-08T19:59:33.342Z,178889757334202
"-- starting hand #257 (id: sbkiqqfl7shb)  No Limit Texas Hold'em (dealer: ""R Y A N @ GO72Iwd2XL"") --",2026-09-08T19:59:33.342Z,178889757334201
"The player ""jahan 2 @ iacG4hF18c"" joined the game with a stack of 100.00.",2026-09-08T19:59:33.342Z,178889757334200
"""rowan @ GthBpPSqaK"" collected 2.00 from the 7-2 bounty",2026-09-08T19:59:30.394Z,178889757039402
"""R Y A N @ GO72Iwd2XL"" paid 1.00 for the 7-2 bounty to ""rowan @ GthBpPSqaK""",2026-09-08T19:59:30.394Z,178889757039401
"""Heech @ wzsls5Sz57"" paid 1.00 for the 7-2 bounty to ""rowan @ GthBpPSqaK""",2026-09-08T19:59:30.394Z,178889757039400
"-- ending hand #256 --",2026-09-08T19:59:24.388Z,178889756438802
"""rowan @ GthBpPSqaK"" collected 3.25 from pot with Two Pair, 7's & 3's (combination: J♦, 3♣, 3♥, 7♠, 7♥)",2026-09-08T19:59:24.388Z,178889756438801
"""rowan @ GthBpPSqaK"" shows a 2♥, 7♠.",2026-09-08T19:59:24.388Z,178889756438800
"""Heech @ wzsls5Sz57"" checks",2026-09-08T19:59:23.548Z,178889756354800
"""rowan @ GthBpPSqaK"" checks",2026-09-08T19:59:22.553Z,178889756255300
"River: J♦, 3♣, 10♦, 3♥ [7♥]",2026-09-08T19:59:21.247Z,178889756124700
"""Heech @ wzsls5Sz57"" checks",2026-09-08T19:59:20.424Z,178889756042400
"""rowan @ GthBpPSqaK"" checks",2026-09-08T19:59:19.241Z,178889755924100
"Turn: J♦, 3♣, 10♦ [3♥]",2026-09-08T19:59:17.842Z,178889755784200
"""Heech @ wzsls5Sz57"" checks",2026-09-08T19:59:17.015Z,178889755701500
"""rowan @ GthBpPSqaK"" checks",2026-09-08T19:59:15.517Z,178889755551700
"Flop:  [J♦, 3♣, 10♦]",2026-09-08T19:59:14.238Z,178889755423800
"""rowan @ GthBpPSqaK"" calls 1.50",2026-09-08T19:59:13.420Z,178889755342000
"""R Y A N @ GO72Iwd2XL"" folds",2026-09-08T19:59:12.532Z,178889755253200
"""Heech @ wzsls5Sz57"" raises to 1.50",2026-09-08T19:58:42.980Z,178889752298000
"""rowan @ GthBpPSqaK"" posts a big blind of 0.50",2026-09-08T19:58:38.910Z,178889751891006
"""R Y A N @ GO72Iwd2XL"" posts a small blind of 0.25",2026-09-08T19:58:38.910Z,178889751891005
"Player stacks: #1 ""rowan @ GthBpPSqaK"" (126.73) | #2 ""Heech @ wzsls5Sz57"" (205.79) | #10 ""R Y A N @ GO72Iwd2XL"" (103.98)",2026-09-08T19:58:38.910Z,178889751891001
"-- starting hand #256 (id: gs5gwzxyzwrl)  No Limit Texas Hold'em (dealer: ""Heech @ wzsls5Sz57"") --",2026-09-08T19:58:38.910Z,178889751891000
"""Heech @ wzsls5Sz57"" shows a K♦, 6♠.",2026-09-08T19:58:32.742Z,178889751274200
"-- ending hand #255 --",2026-09-08T19:58:32.303Z,178889751230301
"""Heech @ wzsls5Sz57"" collected 9.00 from pot",2026-09-08T19:58:32.303Z,178889751230300
"""rowan @ GthBpPSqaK"" folds",2026-09-08T19:58:31.482Z,178889751148200
"""Heech @ wzsls5Sz57"" checks",2026-09-08T19:58:26.488Z,178889750648800
"The admin approved the player ""jahan 2 @ iacG4hF18c"" participation with a stack of 100.00.",2026-09-08T19:58:26.469Z,178889750646900
"Turn: 2♠, A♦, K♣ [6♦]",2026-09-08T19:58:25.352Z,178889750535200
"The player ""jahan 2 @ iacG4hF18c"" requested a seat.",2026-09-08T19:58:24.932Z,178889750493200
"""Heech @ wzsls5Sz57"" calls 2.25",2026-09-08T19:58:24.533Z,178889750453300
"""rowan @ GthBpPSqaK"" bets 2.25",2026-09-08T19:58:23.285Z,178889750328500
"""Heech @ wzsls5Sz57"" checks",2026-09-08T19:58:21.064Z,178889750106400
"Flop:  [2♠, A♦, K♣]",2026-09-08T19:58:17.548Z,178889749754800
"""R Y A N @ GO72Iwd2XL"" folds",2026-09-08T19:58:16.711Z,178889749671100
"""Heech @ wzsls5Sz57"" calls 2.00",2026-09-08T19:57:53.571Z,178889747357100
"""rowan @ GthBpPSqaK"" raises to 2.00",2026-09-08T19:57:50.768Z,178889747076800
"""R Y A N @ GO72Iwd2XL"" posts a big blind of 0.50",2026-09-08T19:57:46.952Z,178889746695206
"""Heech @ wzsls5Sz57"" posts a small blind of 0.25",2026-09-08T19:57:46.952Z,178889746695205
"Player stacks: #1 ""rowan @ GthBpPSqaK"" (130.98) | #2 ""Heech @ wzsls5Sz57"" (201.04) | #10 ""R Y A N @ GO72Iwd2XL"" (104.48)",2026-09-08T19:57:46.952Z,178889746695201
"-- starting hand #255 (id: rraqrilj5yls)  No Limit Texas Hold'em (dealer: ""rowan @ GthBpPSqaK"") --",2026-09-08T19:57:46.952Z,178889746695200
"-- ending hand #254 --",2026-09-08T19:57:41.002Z,178889746100202
"""R Y A N @ GO72Iwd2XL"" collected 1.25 from pot",2026-09-08T19:57:41.002Z,178889746100201
"Uncalled bet of 1.50 returned to ""R Y A N @ GO72Iwd2XL""",2026-09-08T19:57:41.002Z,178889746100200
"""Heech @ wzsls5Sz57"" folds",2026-09-08T19:57:40.159Z,178889746015900
"""rowan @ GthBpPSqaK"" folds",2026-09-08T19:57:35.634Z,178889745563400
"""R Y A N @ GO72Iwd2XL"" raises to 2.00",2026-09-08T19:57:34.746Z,178889745474600
"""Heech @ wzsls5Sz57"" posts a big blind of 0.50",2026-09-08T19:57:32.071Z,178889745207106
"""rowan @ GthBpPSqaK"" posts a small blind of 0.25",2026-09-08T19:57:32.071Z,178889745207105
"Player stacks: #1 ""rowan @ GthBpPSqaK"" (131.23) | #2 ""Heech @ wzsls5Sz57"" (201.54) | #10 ""R Y A N @ GO72Iwd2XL"" (103.73)",2026-09-08T19:57:32.071Z,178889745207101
"-- starting hand #254 (id: zcgw3ufeklna)  No Limit Texas Hold'em (dealer: ""R Y A N @ GO72Iwd2XL"") --",2026-09-08T19:57:32.071Z,178889745207100
"-- ending hand #253 --",2026-09-08T19:57:26.058Z,178889744605803
"""Heech @ wzsls5Sz57"" collected 24.97 from pot with Three of a Kind, 7's (combination: 10♥, Q♦, 7♥, 7♠, 7♦)",2026-09-08T19:57:26.058Z,178889744605802
"""Heech @ wzsls5Sz57"" shows a 6♣, 7♥.",2026-09-08T19:57:26.058Z,178889744605801
"""rowan @ GthBpPSqaK"" shows a Q♥, K♥.",2026-09-08T19:57:26.058Z,178889744605800
"""Heech @ wzsls5Sz57"" checks",2026-09-08T19:57:25.253Z,178889744525300
"""rowan @ GthBpPSqaK"" checks",2026-09-08T19:57:23.683Z,178889744368300
"River: 7♠, 7♦, 10♥, Q♦ [4♦]",2026-09-08T19:57:22.589Z,178889744258900
"""rowan @ GthBpPSqaK"" calls 6.24",2026-09-08T19:57:21.760Z,178889744176000
"""Heech @ wzsls5Sz57"" bets 6.24",2026-09-08T19:57:20.369Z,178889744036900
"""rowan @ GthBpPSqaK"" checks",2026-09-08T19:57:17.953Z,178889743795300
"Turn: 7♠, 7♦, 10♥ [Q♦]",2026-09-08T19:57:16.852Z,178889743685200
"""rowan @ GthBpPSqaK"" calls 3.12",2026-09-08T19:57:16.033Z,178889743603300
"""Heech @ wzsls5Sz57"" bets 3.12",2026-09-08T19:57:15.036Z,178889743503600
"""rowan @ GthBpPSqaK"" checks",2026-09-08T19:57:12.284Z,178889743228400
"Flop:  [7♠, 7♦, 10♥]",2026-09-08T19:57:10.774Z,178889743077400
"""Heech @ wzsls5Sz57"" calls 3.00",2026-09-08T19:57:09.965Z,178889742996500
"""rowan @ GthBpPSqaK"" raises to 3.00",2026-09-08T19:57:07.782Z,178889742778200
"""R Y A N @ GO72Iwd2XL"" folds",2026-09-08T19:57:04.107Z,178889742410700
"""Heech @ wzsls5Sz57"" calls 0.50",2026-09-08T19:56:56.669Z,178889741666900
"""rowan @ GthBpPSqaK"" posts a big blind of 0.50",2026-09-08T19:56:54.558Z,178889741455806
"""R Y A N @ GO72Iwd2XL"" posts a small blind of 0.25",2026-09-08T19:56:54.558Z,178889741455805
"Player stacks: #1 ""rowan @ GthBpPSqaK"" (143.59) | #2 ""Heech @ wzsls5Sz57"" (188.93) | #10 ""R Y A N @ GO72Iwd2XL"" (103.98)",2026-09-08T19:56:54.558Z,178889741455801
"-- starting hand #253 (id: 4krsf9ucubzk)  No Limit Texas Hold'em (dealer: ""Heech @ wzsls5Sz57"") --",2026-09-08T19:56:54.558Z,178889741455800
"""rowan @ GthBpPSqaK"" shows a K♦, A♠.",2026-09-08T19:56:50.732Z,178889741073200
"-- ending hand #252 --",2026-09-08T19:56:48.008Z,178889740800802
"""Heech @ wzsls5Sz57"" collected 60.00 from pot with Flush, A High (combination: 4♣, 7♣, Q♣, K♣, A♣)",2026-09-08T19:56:48.008Z,178889740800801
"""Heech @ wzsls5Sz57"" shows a K♣, Q♣.",2026-09-08T19:56:48.008Z,178889740800800
"""rowan @ GthBpPSqaK"" calls 15.00",2026-09-08T19:56:47.188Z,178889740718800
"""Heech @ wzsls5Sz57"" bets 15.00",2026-09-08T19:56:44.809Z,178889740480900
"River: A♣, 4♣, 7♣, 5♠ [7♠]",2026-09-08T19:56:43.063Z,178889740306300
"""rowan @ GthBpPSqaK"" checks",2026-09-08T19:56:42.226Z,178889740222600
"""Heech @ wzsls5Sz57"" checks",2026-09-08T19:56:39.920Z,178889739992000
"Turn: A♣, 4♣, 7♣ [5♠]",2026-09-08T19:56:36.174Z,178889739617400
"""rowan @ GthBpPSqaK"" calls 12.00",2026-09-08T19:56:35.321Z,178889739532100
"""R Y A N @ GO72Iwd2XL"" folds",2026-09-08T19:56:25.129Z,178889738512900
"""Heech @ wzsls5Sz57"" raises to 12.00",2026-09-08T19:56:23.641Z,178889738364100
"""rowan @ GthBpPSqaK"" bets 6.00",2026-09-08T19:56:21.399Z,178889738139900
"""R Y A N @ GO72Iwd2XL"" checks",2026-09-08T19:56:19.212Z,178889737921200
"""Heech @ wzsls5Sz57"" checks",2026-09-08T19:56:16.921Z,178889737692100
"Flop:  [A♣, 4♣, 7♣]",2026-09-08T19:56:15.108Z,178889737510800
"""R Y A N @ GO72Iwd2XL"" calls 2.00",2026-09-08T19:56:14.282Z,178889737428200
"""Heech @ wzsls5Sz57"" calls 2.00",2026-09-08T19:56:11.162Z,178889737116200
"""rowan @ GthBpPSqaK"" raises to 2.00",2026-09-08T19:56:08.665Z,178889736866500
"""R Y A N @ GO72Iwd2XL"" posts a big blind of 0.50",2026-09-08T19:56:06.056Z,178889736605606
"""Heech @ wzsls5Sz57"" posts a small blind of 0.25",2026-09-08T19:56:06.056Z,178889736605605
"Player stacks: #1 ""rowan @ GthBpPSqaK"" (172.59) | #2 ""Heech @ wzsls5Sz57"" (157.93) | #10 ""R Y A N @ GO72Iwd2XL"" (105.98)",2026-09-08T19:56:06.056Z,178889736605601
"-- starting hand #252 (id: rm1nkqpbee0e)  No Limit Texas Hold'em (dealer: ""rowan @ GthBpPSqaK"") --",2026-09-08T19:56:06.056Z,178889736605600
"-- ending hand #251 --",2026-09-08T19:56:00.088Z,178889736008802
"""rowan @ GthBpPSqaK"" collected 12.00 from pot",2026-09-08T19:56:00.088Z,178889736008801
"Uncalled bet of 6.00 returned to ""rowan @ GthBpPSqaK""",2026-09-08T19:56:00.088Z,178889736008800
"""R Y A N @ GO72Iwd2XL"" folds",2026-09-08T19:55:59.237Z,178889735923700
"""rowan @ GthBpPSqaK"" bets 6.00",2026-09-08T19:55:57.143Z,178889735714300
"Turn: A♦, J♦, 8♥ [4♦]",2026-09-08T19:55:54.384Z,178889735438400
"""R Y A N @ GO72Iwd2XL"" calls 3.00",2026-09-08T19:55:53.536Z,178889735353600
"""Heech @ wzsls5Sz57"" folds",2026-09-08T19:55:52.253Z,178889735225300
"""rowan @ GthBpPSqaK"" bets 3.00",2026-09-08T19:55:51.019Z,178889735101900
"Flop:  [A♦, J♦, 8♥]",2026-09-08T19:55:46.467Z,178889734646700
"""Heech @ wzsls5Sz57"" calls 2.00",2026-09-08T19:55:45.649Z,178889734564900
"""rowan @ GthBpPSqaK"" calls 2.00",2026-09-08T19:55:41.235Z,178889734123500
"""R Y A N @ GO72Iwd2XL"" raises to 2.00",2026-09-08T19:55:40.250Z,178889734025000
"""Heech @ wzsls5Sz57"" posts a big blind of 0.50",2026-09-08T19:55:36.085Z,178889733608506
"""rowan @ GthBpPSqaK"" posts a small blind of 0.25",2026-09-08T19:55:36.085Z,178889733608505
"Player stacks: #1 ""rowan @ GthBpPSqaK"" (165.59) | #2 ""Heech @ wzsls5Sz57"" (159.93) | #10 ""R Y A N @ GO72Iwd2XL"" (110.98)",2026-09-08T19:55:36.085Z,178889733608501
"-- starting hand #251 (id: jck7paiaifk2)  No Limit Texas Hold'em (dealer: ""R Y A N @ GO72Iwd2XL"") --",2026-09-08T19:55:36.085Z,178889733608500
"""Heech @ wzsls5Sz57"" shows a A♦, Q♠.",2026-09-08T19:55:33.921Z,178889733392100
"""rowan @ GthBpPSqaK"" shows a J♦.",2026-09-08T19:55:32.321Z,178889733232100
"-- ending hand #250 --",2026-09-08T19:55:31.769Z,178889733176902
"""Heech @ wzsls5Sz57"" collected 16.97 from pot",2026-09-08T19:55:31.769Z,178889733176901
"Uncalled bet of 8.48 returned to ""Heech @ wzsls5Sz57""",2026-09-08T19:55:31.769Z,178889733176900
"""rowan @ GthBpPSqaK"" folds",2026-09-08T19:55:30.927Z,178889733092700
"""Heech @ wzsls5Sz57"" bets 8.48",2026-09-08T19:55:29.482Z,178889732948200
"""rowan @ GthBpPSqaK"" checks",2026-09-08T19:55:27.462Z,178889732746200
"River: 9♥, 6♦, 10♠, J♣ [8♥]",2026-09-08T19:55:26.069Z,178889732606900
"""Heech @ wzsls5Sz57"" calls 4.24",2026-09-08T19:55:25.264Z,178889732526400
"""rowan @ GthBpPSqaK"" bets 4.24",2026-09-08T19:55:23.809Z,178889732380900
"Turn: 9♥, 6♦, 10♠ [J♣]",2026-09-08T19:55:21.030Z,178889732103000
"""Heech @ wzsls5Sz57"" calls 2.12",2026-09-08T19:55:20.193Z,178889732019300
"""rowan @ GthBpPSqaK"" bets 2.12",2026-09-08T19:55:18.161Z,178889731816100
"Flop:  [9♥, 6♦, 10♠]",2026-09-08T19:55:15.026Z,178889731502600
"""rowan @ GthBpPSqaK"" calls 2.00",2026-09-08T19:55:14.178Z,178889731417800
"""R Y A N @ GO72Iwd2XL"" folds",2026-09-08T19:55:12.491Z,178889731249100
"""Heech @ wzsls5Sz57"" raises to 2.00",2026-09-08T19:55:04.381Z,178889730438100
"""rowan @ GthBpPSqaK"" posts a big blind of 0.50",2026-09-08T19:55:00.705Z,178889730070506
"""R Y A N @ GO72Iwd2XL"" posts a small blind of 0.25",2026-09-08T19:55:00.705Z,178889730070505
"Player stacks: #1 ""rowan @ GthBpPSqaK"" (173.95) | #2 ""Heech @ wzsls5Sz57"" (151.32) | #10 ""R Y A N @ GO72Iwd2XL"" (111.23)",2026-09-08T19:55:00.705Z,178889730070501
"-- starting hand #250 (id: kn9uw7sx9fev)  No Limit Texas Hold'em (dealer: ""Heech @ wzsls5Sz57"") --",2026-09-08T19:55:00.705Z,178889730070500
"-- ending hand #249 --",2026-09-08T19:54:54.796Z,178889729479602
"""Heech @ wzsls5Sz57"" collected 1.50 from pot",2026-09-08T19:54:54.796Z,178889729479601
"Uncalled bet of 0.75 returned to ""Heech @ wzsls5Sz57""",2026-09-08T19:54:54.796Z,178889729479600
"""rowan @ GthBpPSqaK"" folds",2026-09-08T19:54:53.982Z,178889729398200
"""R Y A N @ GO72Iwd2XL"" folds",2026-09-08T19:54:53.098Z,178889729309800
"""Heech @ wzsls5Sz57"" bets 0.75",2026-09-08T19:54:50.089Z,178889729008900
"Turn: 6♥, 10♠, J♦ [A♠]",2026-09-08T19:54:47.276Z,178889728727600
"""rowan @ GthBpPSqaK"" checks",2026-09-08T19:54:46.426Z,178889728642600
"""R Y A N @ GO72Iwd2XL"" checks",2026-09-08T19:54:45.579Z,178889728557900
"""Heech @ wzsls5Sz57"" checks",2026-09-08T19:54:44.682Z,178889728468200
"Flop:  [6♥, 10♠, J♦]",2026-09-08T19:54:39.473Z,178889727947300
"""R Y A N @ GO72Iwd2XL"" checks",2026-09-08T19:54:38.660Z,178889727866000
"""Heech @ wzsls5Sz57"" calls 0.50",2026-09-08T19:54:37.448Z,178889727744800
"""rowan @ GthBpPSqaK"" calls 0.50",2026-09-08T19:54:36.250Z,178889727625000
"""R Y A N @ GO72Iwd2XL"" posts a big blind of 0.50",2026-09-08T19:54:33.871Z,178889727387106
"""Heech @ wzsls5Sz57"" posts a small blind of 0.25",2026-09-08T19:54:33.871Z,178889727387105
"Player stacks: #1 ""rowan @ GthBpPSqaK"" (174.45) | #2 ""Heech @ wzsls5Sz57"" (150.32) | #10 ""R Y A N @ GO72Iwd2XL"" (111.73)",2026-09-08T19:54:33.871Z,178889727387101
"-- starting hand #249 (id: clrhmfmjxmft)  No Limit Texas Hold'em (dealer: ""rowan @ GthBpPSqaK"") --",2026-09-08T19:54:33.871Z,178889727387100
"-- ending hand #248 --",2026-09-08T19:54:27.924Z,178889726792402
"""Heech @ wzsls5Sz57"" collected 3.00 from pot",2026-09-08T19:54:27.924Z,178889726792401
"Uncalled bet of 3.00 returned to ""Heech @ wzsls5Sz57""",2026-09-08T19:54:27.924Z,178889726792400
"""rowan @ GthBpPSqaK"" folds",2026-09-08T19:54:27.087Z,178889726708700
"""R Y A N @ GO72Iwd2XL"" folds",2026-09-08T19:54:26.234Z,178889726623400
"""Heech @ wzsls5Sz57"" bets 3.00",2026-09-08T19:54:25.264Z,178889726526400
"""rowan @ GthBpPSqaK"" checks",2026-09-08T19:54:22.542Z,178889726254200
"Flop (second board):  [8♠, 7♣, 10♠]",2026-09-08T19:54:20.920Z,178889726092001
"Flop:  [6♦, A♥, A♦]",2026-09-08T19:54:20.920Z,178889726092000
"""Heech @ wzsls5Sz57"" calls 1.00 (bomb pot bet)",2026-09-08T19:54:20.081Z,178889726008100
"""rowan @ GthBpPSqaK"" calls 1.00 (bomb pot bet)",2026-09-08T19:54:19.249Z,178889725924900
"""R Y A N @ GO72Iwd2XL"" posts a bet of 1.00 (bomb pot bet)",2026-09-08T19:54:18.376Z,178889725837600
"Player stacks: #1 ""rowan @ GthBpPSqaK"" (175.45) | #2 ""Heech @ wzsls5Sz57"" (148.32) | #10 ""R Y A N @ GO72Iwd2XL"" (112.73)",2026-09-08T19:54:16.374Z,178889725637401
"-- starting hand #248 (id: bry14soozbip)  No Limit Texas Hold'em (dealer: ""R Y A N @ GO72Iwd2XL"") --",2026-09-08T19:54:16.374Z,178889725637400
"-- ending hand #247 --",2026-09-08T19:54:10.449Z,178889725044902
"""R Y A N @ GO72Iwd2XL"" collected 7.50 from pot",2026-09-08T19:54:10.449Z,178889725044901
"Uncalled bet of 4.75 returned to ""R Y A N @ GO72Iwd2XL""",2026-09-08T19:54:10.449Z,178889725044900
"""Heech @ wzsls5Sz57"" folds",2026-09-08T19:54:09.617Z,178889724961700
"""R Y A N @ GO72Iwd2XL"" bets 4.75",2026-09-08T19:54:07.858Z,178889724785800
"Flop:  [8♥, A♥, 4♣]",2026-09-08T19:54:03.625Z,178889724362500
"""Heech @ wzsls5Sz57"" calls 3.50",2026-09-08T19:54:02.807Z,178889724280700
"""rowan @ GthBpPSqaK"" folds",2026-09-08T19:53:59.699Z,178889723969900
"""R Y A N @ GO72Iwd2XL"" raises to 3.50",2026-09-08T19:53:58.380Z,178889723838000
"""Heech @ wzsls5Sz57"" raises to 1.50",2026-09-08T19:53:49.396Z,178889722939600
"""rowan @ GthBpPSqaK"" posts a big blind of 0.50",2026-09-08T19:53:46.150Z,178889722615006
"""R Y A N @ GO72Iwd2XL"" posts a small blind of 0.25",2026-09-08T19:53:46.150Z,178889722615005
"Player stacks: #1 ""rowan @ GthBpPSqaK"" (175.95) | #2 ""Heech @ wzsls5Sz57"" (151.82) | #10 ""R Y A N @ GO72Iwd2XL"" (108.73)",2026-09-08T19:53:46.150Z,178889722615001
"-- starting hand #247 (id: wf1jox15wm0q)  No Limit Texas Hold'em (dealer: ""Heech @ wzsls5Sz57"") --",2026-09-08T19:53:46.150Z,178889722615000
"-- ending hand #246 --",2026-09-08T19:53:40.217Z,178889722021702
"""R Y A N @ GO72Iwd2XL"" collected 1.00 from pot",2026-09-08T19:53:40.217Z,178889722021701
"Uncalled bet of 1.50 returned to ""R Y A N @ GO72Iwd2XL""",2026-09-08T19:53:40.217Z,178889722021700
"""Heech @ wzsls5Sz57"" folds",2026-09-08T19:53:39.365Z,178889721936500
"""R Y A N @ GO72Iwd2XL"" raises to 2.00",2026-09-08T19:53:35.244Z,178889721524400
"""Heech @ wzsls5Sz57"" calls 0.50",2026-09-08T19:53:33.115Z,178889721311500
"""rowan @ GthBpPSqaK"" folds",2026-09-08T19:53:31.830Z,178889721183000
"""R Y A N @ GO72Iwd2XL"" posts a big blind of 0.50",2026-09-08T19:53:30.411Z,178889721041106
"""Heech @ wzsls5Sz57"" posts a small blind of 0.25",2026-09-08T19:53:30.411Z,178889721041105
"Player stacks: #1 ""rowan @ GthBpPSqaK"" (175.95) | #2 ""Heech @ wzsls5Sz57"" (152.32) | #10 ""R Y A N @ GO72Iwd2XL"" (108.23)",2026-09-08T19:53:30.411Z,178889721041101
"-- starting hand #246 (id: 0yydwkcxzxew)  No Limit Texas Hold'em (dealer: ""rowan @ GthBpPSqaK"") --",2026-09-08T19:53:30.411Z,178889721041100
"-- ending hand #245 --",2026-09-08T19:53:24.455Z,178889720445501
"""Heech @ wzsls5Sz57"" collected 4.00 from pot",2026-09-08T19:53:24.455Z,178889720445500
"""rowan @ GthBpPSqaK"" folds",2026-09-08T19:53:23.644Z,178889720364400
"Flop:  [8♠, K♠, Q♠]",2026-09-08T19:53:21.252Z,178889720125200
"""rowan @ GthBpPSqaK"" calls 2.00",2026-09-08T19:53:20.432Z,178889720043200
"""Heech @ wzsls5Sz57"" raises to 2.00",2026-09-08T19:53:19.524Z,178889719952400
"""rowan @ GthBpPSqaK"" calls 0.50",2026-09-08T19:53:15.846Z,178889719584600
"""R Y A N @ GO72Iwd2XL"" folds",2026-09-08T19:53:13.999Z,178889719399900
"""Heech @ wzsls5Sz57"" posts a big blind of 0.50",2026-09-08T19:53:12.538Z,178889719253806
"""rowan @ GthBpPSqaK"" posts a small blind of 0.25",2026-09-08T19:53:12.538Z,178889719253805
"Player stacks: #1 ""rowan @ GthBpPSqaK"" (177.95) | #2 ""Heech @ wzsls5Sz57"" (150.32) | #10 ""R Y A N @ GO72Iwd2XL"" (108.23)",2026-09-08T19:53:12.538Z,178889719253801
"-- starting hand #245 (id: d2bsrolhuymp)  No Limit Texas Hold'em (dealer: ""R Y A N @ GO72Iwd2XL"") --",2026-09-08T19:53:12.538Z,178889719253800
"-- ending hand #244 --",2026-09-08T19:53:04.485Z,178889718448503
"""rowan @ GthBpPSqaK"" collected 4.50 from pot with Pair, Q's on the second board  (combination: 10♥, J♦, K♥, Q♣, Q♠)",2026-09-08T19:53:04.485Z,178889718448502
"""rowan @ GthBpPSqaK"" collected 4.50 from pot with Pair, J's (combination: 10♦, K♥, A♥, J♦, J♥)",2026-09-08T19:53:04.485Z,178889718448501
"""rowan @ GthBpPSqaK"" shows a J♦, K♥.",2026-09-08T19:53:04.485Z,178889718448500
"""Heech @ wzsls5Sz57"" checks",2026-09-08T19:53:03.649Z,178889718364900
"""rowan @ GthBpPSqaK"" checks",2026-09-08T19:53:02.161Z,178889718216100
"River (second board): Q♣, 3♠, 5♦, 10♥ [Q♠]",2026-09-08T19:52:59.652Z,178889717965201
"River: 6♦, 10♦, J♥, A♥ [2♣]",2026-09-08T19:52:59.652Z,178889717965200
"""Heech @ wzsls5Sz57"" checks",2026-09-08T19:52:58.816Z,178889717881600
"""rowan @ GthBpPSqaK"" checks",2026-09-08T19:52:57.393Z,178889717739300
"Turn (second board): Q♣, 3♠, 5♦ [10♥]",2026-09-08T19:52:49.758Z,178889716975801
"Turn: 6♦, 10♦, J♥ [A♥]",2026-09-08T19:52:49.758Z,178889716975800
"""R Y A N @ GO72Iwd2XL"" folds",2026-09-08T19:52:48.948Z,178889716894800
"""Heech @ wzsls5Sz57"" calls 3.00",2026-09-08T19:52:48.054Z,178889716805400
"""rowan @ GthBpPSqaK"" bets 3.00",2026-09-08T19:52:43.069Z,178889716306900
"""R Y A N @ GO72Iwd2XL"" checks",2026-09-08T19:52:40.440Z,178889716044000
"Flop (second board):  [Q♣, 3♠, 5♦]",2026-09-08T19:52:38.042Z,178889715804201
"Flop:  [6♦, 10♦, J♥]",2026-09-08T19:52:38.042Z,178889715804200
"""rowan @ GthBpPSqaK"" calls 1.00 (bomb pot bet)",2026-09-08T19:52:37.238Z,178889715723800
"""R Y A N @ GO72Iwd2XL"" calls 1.00 (bomb pot bet)",2026-09-08T19:52:36.367Z,178889715636700
"""Heech @ wzsls5Sz57"" posts a bet of 1.00 (bomb pot bet)",2026-09-08T19:52:35.555Z,178889715555500
"Player stacks: #1 ""rowan @ GthBpPSqaK"" (172.95) | #2 ""Heech @ wzsls5Sz57"" (154.32) | #10 ""R Y A N @ GO72Iwd2XL"" (109.23)",2026-09-08T19:52:33.545Z,178889715354501
"-- starting hand #244 (id: dfetpchc2myl)  No Limit Texas Hold'em (dealer: ""Heech @ wzsls5Sz57"") --",2026-09-08T19:52:33.545Z,178889715354500
"-- ending hand #243 --",2026-09-08T19:52:27.636Z,178889714763602
"""Heech @ wzsls5Sz57"" collected 1.00 from pot",2026-09-08T19:52:27.636Z,178889714763601
"Uncalled bet of 0.50 returned to ""Heech @ wzsls5Sz57""",2026-09-08T19:52:27.636Z,178889714763600
"""R Y A N @ GO72Iwd2XL"" folds",2026-09-08T19:52:26.814Z,178889714681400
"""Heech @ wzsls5Sz57"" bets 0.50",2026-09-08T19:52:25.379Z,178889714537900
"Turn: A♠, 2♠, J♣ [5♠]",2026-09-08T19:52:20.533Z,178889714053300
"""R Y A N @ GO72Iwd2XL"" checks",2026-09-08T19:52:19.714Z,178889713971400
"""Heech @ wzsls5Sz57"" checks",2026-09-08T19:52:17.224Z,178889713722400
"Flop:  [A♠, 2♠, J♣]",2026-09-08T19:52:14.692Z,178889713469200
"""R Y A N @ GO72Iwd2XL"" checks",2026-09-08T19:52:13.837Z,178889713383700
"""Heech @ wzsls5Sz57"" calls 0.50",2026-09-08T19:52:12.374Z,178889713237400
"""rowan @ GthBpPSqaK"" folds",2026-09-08T19:52:10.865Z,178889713086500
"""R Y A N @ GO72Iwd2XL"" posts a big blind of 0.50",2026-09-08T19:52:09.727Z,178889712972706
"""Heech @ wzsls5Sz57"" posts a small blind of 0.25",2026-09-08T19:52:09.727Z,178889712972705
"Player stacks: #1 ""rowan @ GthBpPSqaK"" (172.95) | #2 ""Heech @ wzsls5Sz57"" (153.82) | #10 ""R Y A N @ GO72Iwd2XL"" (109.73)",2026-09-08T19:52:09.727Z,178889712972701
"-- starting hand #243 (id: h0kyf5o4txwp)  No Limit Texas Hold'em (dealer: ""rowan @ GthBpPSqaK"") --",2026-09-08T19:52:09.727Z,178889712972700
"-- ending hand #242 --",2026-09-08T19:52:03.808Z,178889712380802
"""R Y A N @ GO72Iwd2XL"" collected 1.25 from pot",2026-09-08T19:52:03.808Z,178889712380801
"Uncalled bet of 1.50 returned to ""R Y A N @ GO72Iwd2XL""",2026-09-08T19:52:03.808Z,178889712380800
"""Heech @ wzsls5Sz57"" folds",2026-09-08T19:52:02.996Z,178889712299600
"""rowan @ GthBpPSqaK"" folds",2026-09-08T19:52:01.319Z,178889712131900
"""R Y A N @ GO72Iwd2XL"" raises to 2.00",2026-09-08T19:52:00.351Z,178889712035100
"""Heech @ wzsls5Sz57"" posts a big blind of 0.50",2026-09-08T19:51:57.613Z,178889711761306
"""rowan @ GthBpPSqaK"" posts a small blind of 0.25",2026-09-08T19:51:57.613Z,178889711761305
"Player stacks: #1 ""rowan @ GthBpPSqaK"" (173.20) | #2 ""Heech @ wzsls5Sz57"" (154.32) | #10 ""R Y A N @ GO72Iwd2XL"" (108.98)",2026-09-08T19:51:57.613Z,178889711761301
"-- starting hand #242 (id: zydmxvooawp7)  No Limit Texas Hold'em (dealer: ""R Y A N @ GO72Iwd2XL"") --",2026-09-08T19:51:57.613Z,178889711761300
"-- ending hand #241 --",2026-09-08T19:51:51.626Z,178889711162602
"""rowan @ GthBpPSqaK"" collected 0.50 from pot",2026-09-08T19:51:51.626Z,178889711162601
"Uncalled bet of 0.25 returned to ""rowan @ GthBpPSqaK""",2026-09-08T19:51:51.626Z,178889711162600
"""R Y A N @ GO72Iwd2XL"" folds",2026-09-08T19:51:50.776Z,178889711077600
"""Heech @ wzsls5Sz57"" folds",2026-09-08T19:51:45.200Z,178889710520000
"""rowan @ GthBpPSqaK"" posts a big blind of 0.50",2026-09-08T19:51:41.423Z,178889710142306
"""R Y A N @ GO72Iwd2XL"" posts a small blind of 0.25",2026-09-08T19:51:41.423Z,178889710142305
"Player stacks: #1 ""rowan @ GthBpPSqaK"" (172.95) | #2 ""Heech @ wzsls5Sz57"" (154.32) | #10 ""R Y A N @ GO72Iwd2XL"" (109.23)",2026-09-08T19:51:41.423Z,178889710142301
"-- starting hand #241 (id: qht4xznunbfr)  No Limit Texas Hold'em (dealer: ""Heech @ wzsls5Sz57"") --",2026-09-08T19:51:41.423Z,178889710142300
"-- ending hand #240 --",2026-09-08T19:51:35.391Z,178889709539103
"""rowan @ GthBpPSqaK"" collected 8.49 from pot with Pair, 5's (combination: 8♣, 10♦, A♠, 5♥, 5♣)",2026-09-08T19:51:35.391Z,178889709539102
"""rowan @ GthBpPSqaK"" shows a 4♠, A♠.",2026-09-08T19:51:35.391Z,178889709539101
"""R Y A N @ GO72Iwd2XL"" shows a J♠, 9♣.",2026-09-08T19:51:35.391Z,178889709539100
"""rowan @ GthBpPSqaK"" checks",2026-09-08T19:51:34.462Z,178889709446200
"""R Y A N @ GO72Iwd2XL"" checks",2026-09-08T19:51:33.108Z,178889709310800
"River: 8♣, 10♦, 5♥, 5♣ [2♥]",2026-09-08T19:51:30.817Z,178889709081700
"""rowan @ GthBpPSqaK"" calls 2.12",2026-09-08T19:51:30.011Z,178889709001100
"""R Y A N @ GO72Iwd2XL"" bets 2.12",2026-09-08T19:51:28.267Z,178889708826700
"Turn: 8♣, 10♦, 5♥ [5♣]",2026-09-08T19:51:25.386Z,178889708538600
"""rowan @ GthBpPSqaK"" checks",2026-09-08T19:51:24.447Z,178889708444700
"""R Y A N @ GO72Iwd2XL"" checks",2026-09-08T19:51:21.365Z,178889708136500
"Flop:  [8♣, 10♦, 5♥]",2026-09-08T19:51:18.789Z,178889707878900
"""R Y A N @ GO72Iwd2XL"" calls 2.00",2026-09-08T19:51:17.959Z,178889707795900
"""Heech @ wzsls5Sz57"" folds",2026-09-08T19:51:16.976Z,178889707697600
"""rowan @ GthBpPSqaK"" raises to 2.00",2026-09-08T19:51:15.265Z,178889707526500
"""R Y A N @ GO72Iwd2XL"" posts a big blind of 0.50",2026-09-08T19:51:11.715Z,178889707171507
"""Heech @ wzsls5Sz57"" posts a small blind of 0.25",2026-09-08T19:51:11.715Z,178889707171506
"Player stacks: #1 ""rowan @ GthBpPSqaK"" (168.58) | #2 ""Heech @ wzsls5Sz57"" (154.57) | #10 ""R Y A N @ GO72Iwd2XL"" (113.35)",2026-09-08T19:51:11.715Z,178889707171502
"-- starting hand #240 (id: 6x6zdxw1csjg)  No Limit Texas Hold'em (dealer: ""rowan @ GthBpPSqaK"") --",2026-09-08T19:51:11.715Z,178889707171501
"The player ""Will @ h_ZrezeXHs"" quits the game with a stack of 0.00.",2026-09-08T19:51:11.715Z,178889707171500
"Asking to busted players the rebuy decision.",2026-09-08T19:51:09.976Z,178889706997600
"-- ending hand #239 --",2026-09-08T19:51:03.967Z,178889706396701
"""R Y A N @ GO72Iwd2XL"" collected 31.51 from pot with Three of a Kind, 9's (combination: Q♥, A♠, 9♠, 9♣, 9♦)",2026-09-08T19:51:03.967Z,178889706396700
"River: 7♠, 6♠, 9♣, 9♦ [Q♥]",2026-09-08T19:50:59.941Z,178889705994100
"Turn: 7♠, 6♠, 9♣ [9♦]",2026-09-08T19:50:55.936Z,178889705593600
"Flop:  [7♠, 6♠, 9♣]",2026-09-08T19:50:51.914Z,178889705191400
"""R Y A N @ GO72Iwd2XL"" shows a 9♠, A♠.",2026-09-08T19:50:47.907Z,178889704790701
"""Will @ h_ZrezeXHs"" shows a 4♠, 4♦.",2026-09-08T19:50:47.907Z,178889704790700
"Some players choose to not run it twice.",2026-09-08T19:50:47.088Z,178889704708801
"""Will @ h_ZrezeXHs"" chooses to not run it twice.",2026-09-08T19:50:47.088Z,178889704708800
"Remaining players decide whether to run it twice.",2026-09-08T19:50:46.148Z,178889704614801
"""R Y A N @ GO72Iwd2XL"" calls 15.38",2026-09-08T19:50:46.148Z,178889704614800
"""Will @ h_ZrezeXHs"" raises to 15.38 and go all in",2026-09-08T19:50:44.544Z,178889704454400
"""Heech @ wzsls5Sz57"" folds",2026-09-08T19:50:42.579Z,178889704257900
"""rowan @ GthBpPSqaK"" folds",2026-09-08T19:50:41.504Z,178889704150400
"""R Y A N @ GO72Iwd2XL"" raises to 4.00",2026-09-08T19:50:38.087Z,178889703808700
"""Will @ h_ZrezeXHs"" raises to 1.50",2026-09-08T19:50:34.681Z,178889703468100
"""Heech @ wzsls5Sz57"" posts a big blind of 0.50",2026-09-08T19:50:31.068Z,178889703106807
"""rowan @ GthBpPSqaK"" posts a small blind of 0.25",2026-09-08T19:50:31.068Z,178889703106806
"Player stacks: #1 ""rowan @ GthBpPSqaK"" (168.83) | #2 ""Heech @ wzsls5Sz57"" (155.07) | #3 ""Will @ h_ZrezeXHs"" (15.38) | #10 ""R Y A N @ GO72Iwd2XL"" (97.22)",2026-09-08T19:50:31.068Z,178889703106801
"-- starting hand #239 (id: choxykmgbukf)  No Limit Texas Hold'em (dealer: ""R Y A N @ GO72Iwd2XL"") --",2026-09-08T19:50:31.068Z,178889703106800
"-- ending hand #238 --",2026-09-08T19:50:25.057Z,178889702505703
"""rowan @ GthBpPSqaK"" collected 1.00 from pot with Pair, 10's (combination: 8♣, Q♠, A♣, 10♣, 10♥)",2026-09-08T19:50:25.057Z,178889702505702
"""rowan @ GthBpPSqaK"" shows a Q♠, 7♥.",2026-09-08T19:50:25.057Z,178889702505701
"""R Y A N @ GO72Iwd2XL"" shows a J♦, 9♠.",2026-09-08T19:50:25.057Z,178889702505700
"""rowan @ GthBpPSqaK"" checks",2026-09-08T19:50:24.169Z,178889702416900
"""R Y A N @ GO72Iwd2XL"" checks",2026-09-08T19:50:23.300Z,178889702330000
"River: 10♣, A♣, 10♥, 8♣ [2♥]",2026-09-08T19:50:22.245Z,178889702224500
"""rowan @ GthBpPSqaK"" checks",2026-09-08T19:50:21.397Z,178889702139700
"""R Y A N @ GO72Iwd2XL"" checks",2026-09-08T19:50:20.564Z,178889702056400
"Turn: 10♣, A♣, 10♥ [8♣]",2026-09-08T19:50:18.967Z,178889701896700
"""rowan @ GthBpPSqaK"" checks",2026-09-08T19:50:18.161Z,178889701816100
"""R Y A N @ GO72Iwd2XL"" checks",2026-09-08T19:50:17.318Z,178889701731800
"Flop:  [10♣, A♣, 10♥]",2026-09-08T19:50:14.917Z,178889701491700
"""rowan @ GthBpPSqaK"" checks",2026-09-08T19:50:14.113Z,178889701411300
"""R Y A N @ GO72Iwd2XL"" calls 0.50",2026-09-08T19:50:13.150Z,178889701315000
"""Will @ h_ZrezeXHs"" folds",2026-09-08T19:50:09.781Z,178889700978100
"""Heech @ wzsls5Sz57"" folds",2026-09-08T19:50:08.840Z,178889700884000
"""rowan @ GthBpPSqaK"" posts a big blind of 0.50",2026-09-08T19:50:07.504Z,178889700750407
"""R Y A N @ GO72Iwd2XL"" posts a small blind of 0.25",2026-09-08T19:50:07.504Z,178889700750406
"Player stacks: #1 ""rowan @ GthBpPSqaK"" (168.33) | #2 ""Heech @ wzsls5Sz57"" (155.07) | #3 ""Will @ h_ZrezeXHs"" (15.38) | #10 ""R Y A N @ GO72Iwd2XL"" (97.72)",2026-09-08T19:50:07.504Z,178889700750401
"-- starting hand #238 (id: ogq9ymvdvnpe)  No Limit Texas Hold'em (dealer: ""Will @ h_ZrezeXHs"") --",2026-09-08T19:50:07.504Z,178889700750400
"-- ending hand #237 --",2026-09-08T19:50:01.590Z,178889700159002
"""Heech @ wzsls5Sz57"" collected 1.50 from pot",2026-09-08T19:50:01.590Z,178889700159001
"Uncalled bet of 0.75 returned to ""Heech @ wzsls5Sz57""",2026-09-08T19:50:01.590Z,178889700159000
"""R Y A N @ GO72Iwd2XL"" folds",2026-09-08T19:50:00.739Z,178889700073900
"""Will @ h_ZrezeXHs"" folds",2026-09-08T19:49:58.602Z,178889699860200
"""Heech @ wzsls5Sz57"" bets 0.75",2026-09-08T19:49:57.360Z,178889699736000
"""R Y A N @ GO72Iwd2XL"" checks",2026-09-08T19:49:54.303Z,178889699430300
"""Will @ h_ZrezeXHs"" checks",2026-09-08T19:49:53.323Z,178889699332300
"Flop:  [9♠, Q♠, 7♣]",2026-09-08T19:49:52.080Z,178889699208000
"""R Y A N @ GO72Iwd2XL"" checks",2026-09-08T19:49:51.270Z,178889699127000
"""Will @ h_ZrezeXHs"" calls 0.50",2026-09-08T19:49:49.507Z,178889698950700
"""Heech @ wzsls5Sz57"" calls 0.50",2026-09-08T19:49:48.031Z,178889698803100
"""rowan @ GthBpPSqaK"" folds",2026-09-08T19:49:45.265Z,178889698526500
"""R Y A N @ GO72Iwd2XL"" posts a big blind of 0.50",2026-09-08T19:49:44.059Z,178889698405907
"""Will @ h_ZrezeXHs"" posts a small blind of 0.25",2026-09-08T19:49:44.059Z,178889698405906
"Player stacks: #1 ""rowan @ GthBpPSqaK"" (168.33) | #2 ""Heech @ wzsls5Sz57"" (154.07) | #3 ""Will @ h_ZrezeXHs"" (15.88) | #10 ""R Y A N @ GO72Iwd2XL"" (98.22)",2026-09-08T19:49:44.059Z,178889698405901
"-- starting hand #237 (id: nmwkcrziebg8)  No Limit Texas Hold'em (dealer: ""Heech @ wzsls5Sz57"") --",2026-09-08T19:49:44.059Z,178889698405900
"-- ending hand #236 --",2026-09-08T19:49:37.999Z,178889697799903
"""rowan @ GthBpPSqaK"" collected 32.49 from pot with Two Pair, J's & 9's (combination: 8♣, 9♦, 9♠, J♣, J♥)",2026-09-08T19:49:37.999Z,178889697799902
"""rowan @ GthBpPSqaK"" shows a J♣, 8♣.",2026-09-08T19:49:37.999Z,178889697799901
"""Will @ h_ZrezeXHs"" shows a A♣, Q♠.",2026-09-08T19:49:37.999Z,178889697799900
"""rowan @ GthBpPSqaK"" checks",2026-09-08T19:49:37.186Z,178889697718600
"""Will @ h_ZrezeXHs"" checks",2026-09-08T19:49:36.182Z,178889697618200
"River: 9♦, 9♠, 6♠, 7♠ [J♥]",2026-09-08T19:49:34.888Z,178889697488800
"""Will @ h_ZrezeXHs"" calls 8.12",2026-09-08T19:49:34.078Z,178889697407800
"""rowan @ GthBpPSqaK"" bets 8.12",2026-09-08T19:49:31.002Z,178889697100200
"""Will @ h_ZrezeXHs"" checks",2026-09-08T19:49:28.248Z,178889696824800
"Turn: 9♦, 9♠, 6♠ [7♠]",2026-09-08T19:49:25.796Z,178889696579600
"""rowan @ GthBpPSqaK"" checks",2026-09-08T19:49:24.969Z,178889696496900
"""Will @ h_ZrezeXHs"" checks",2026-09-08T19:49:22.458Z,178889696245800
"Flop:  [9♦, 9♠, 6♠]",2026-09-08T19:49:19.590Z,178889695959000
"""rowan @ GthBpPSqaK"" calls 8.00",2026-09-08T19:49:18.730Z,178889695873000
"""Will @ h_ZrezeXHs"" raises to 8.00",2026-09-08T19:49:15.929Z,178889695592900
"""Heech @ wzsls5Sz57"" folds",2026-09-08T19:49:12.192Z,178889695219200
"""rowan @ GthBpPSqaK"" raises to 2.00",2026-09-08T19:49:10.403Z,178889695040300
"""R Y A N @ GO72Iwd2XL"" folds",2026-09-08T19:49:07.499Z,178889694749900
"""Will @ h_ZrezeXHs"" posts a big blind of 0.50",2026-09-08T19:49:06.189Z,178889694618907
"""Heech @ wzsls5Sz57"" posts a small blind of 0.25",2026-09-08T19:49:06.189Z,178889694618906
"Player stacks: #1 ""rowan @ GthBpPSqaK"" (151.96) | #2 ""Heech @ wzsls5Sz57"" (154.32) | #3 ""Will @ h_ZrezeXHs"" (32.00) | #10 ""R Y A N @ GO72Iwd2XL"" (98.22)",2026-09-08T19:49:06.189Z,178889694618901
"-- starting hand #236 (id: jamq0rlivydm)  No Limit Texas Hold'em (dealer: ""rowan @ GthBpPSqaK"") --",2026-09-08T19:49:06.189Z,178889694618900
"-- ending hand #235 --",2026-09-08T19:49:00.088Z,178889694008802
"""Heech @ wzsls5Sz57"" collected 40.00 from pot with Full House, J's over 2's (combination: 2♣, 2♦, J♠, J♦, J♥)",2026-09-08T19:49:00.088Z,178889694008801
"""Heech @ wzsls5Sz57"" shows a J♠, 2♣.",2026-09-08T19:49:00.088Z,178889694008800
"""Will @ h_ZrezeXHs"" calls 12.00",2026-09-08T19:48:59.195Z,178889693919500
"""Heech @ wzsls5Sz57"" bets 12.00",2026-09-08T19:48:54.606Z,178889693460600
"River: K♣, J♦, J♥, 7♥ [2♦]",2026-09-08T19:48:50.265Z,178889693026500
"""R Y A N @ GO72Iwd2XL"" folds",2026-09-08T19:48:49.419Z,178889692941900
"""Will @ h_ZrezeXHs"" calls 4.00",2026-09-08T19:48:48.530Z,178889692853000
"""Heech @ wzsls5Sz57"" bets 4.00",2026-09-08T19:48:47.025Z,178889692702500
"""rowan @ GthBpPSqaK"" folds",2026-09-08T19:48:44.811Z,178889692481100
"Turn: K♣, J♦, J♥ [7♥]",2026-09-08T19:48:41.739Z,178889692173900
"""R Y A N @ GO72Iwd2XL"" checks",2026-09-08T19:48:40.926Z,178889692092600
"""Will @ h_ZrezeXHs"" checks",2026-09-08T19:48:39.675Z,178889691967500
"""Heech @ wzsls5Sz57"" checks",2026-09-08T19:48:38.457Z,178889691845700
"""rowan @ GthBpPSqaK"" checks",2026-09-08T19:48:37.075Z,178889691707500
"Flop:  [K♣, J♦, J♥]",2026-09-08T19:48:35.538Z,178889691553800
"""Heech @ wzsls5Sz57"" calls 2.00",2026-09-08T19:48:34.714Z,178889691471400
"""rowan @ GthBpPSqaK"" calls 2.00",2026-09-08T19:48:32.093Z,178889691209300
"""R Y A N @ GO72Iwd2XL"" calls 2.00",2026-09-08T19:48:31.216Z,178889691121600
"""Will @ h_ZrezeXHs"" raises to 2.00",2026-09-08T19:48:29.635Z,178889690963500
"""Heech @ wzsls5Sz57"" posts a big blind of 0.50",2026-09-08T19:48:25.851Z,178889690585107
"""rowan @ GthBpPSqaK"" posts a small blind of 0.25",2026-09-08T19:48:25.851Z,178889690585106
"Player stacks: #1 ""rowan @ GthBpPSqaK"" (153.96) | #2 ""Heech @ wzsls5Sz57"" (132.32) | #3 ""Will @ h_ZrezeXHs"" (50.00) | #10 ""R Y A N @ GO72Iwd2XL"" (100.22)",2026-09-08T19:48:25.851Z,178889690585101
"-- starting hand #235 (id: iu6jjl1ahrld)  No Limit Texas Hold'em (dealer: ""R Y A N @ GO72Iwd2XL"") --",2026-09-08T19:48:25.851Z,178889690585100
"-- ending hand #234 --",2026-09-08T19:48:19.850Z,178889689985002
"""R Y A N @ GO72Iwd2XL"" collected 16.50 from pot",2026-09-08T19:48:19.850Z,178889689985001
"Uncalled bet of 9.25 returned to ""R Y A N @ GO72Iwd2XL""",2026-09-08T19:48:19.850Z,178889689985000
"""Heech @ wzsls5Sz57"" folds",2026-09-08T19:48:19.006Z,178889689900600
"""R Y A N @ GO72Iwd2XL"" bets 9.25",2026-09-08T19:48:13.601Z,178889689360100
"Turn: A♦, 7♦, 10♣ [3♦]",2026-09-08T19:48:09.037Z,178889688903700
"""Heech @ wzsls5Sz57"" calls 5.50",2026-09-08T19:48:08.204Z,178889688820400
"""R Y A N @ GO72Iwd2XL"" bets 5.50",2026-09-08T19:48:04.098Z,178889688409800
"Flop:  [A♦, 7♦, 10♣]",2026-09-08T19:48:00.758Z,178889688075800
"""Heech @ wzsls5Sz57"" calls 2.50",2026-09-08T19:47:59.931Z,178889687993100
"""rowan @ GthBpPSqaK"" folds",2026-09-08T19:47:53.281Z,178889687328100
"""R Y A N @ GO72Iwd2XL"" raises to 2.50",2026-09-08T19:47:52.195Z,178889687219500
"""Will @ h_ZrezeXHs"" folds",2026-09-08T19:47:49.538Z,178889686953800
"""Heech @ wzsls5Sz57"" calls 0.50",2026-09-08T19:47:48.657Z,178889686865700
"""rowan @ GthBpPSqaK"" posts a big blind of 0.50",2026-09-08T19:47:44.827Z,178889686482708
"""R Y A N @ GO72Iwd2XL"" posts a small blind of 0.25",2026-09-08T19:47:44.827Z,178889686482707
"Player stacks: #1 ""rowan @ GthBpPSqaK"" (154.46) | #2 ""Heech @ wzsls5Sz57"" (140.32) | #3 ""Will @ h_ZrezeXHs"" (50.00) | #10 ""R Y A N @ GO72Iwd2XL"" (91.72)",2026-09-08T19:47:44.827Z,178889686482702
"-- starting hand #234 (id: dndleidwrl66)  No Limit Texas Hold'em (dealer: ""Will @ h_ZrezeXHs"") --",2026-09-08T19:47:44.827Z,178889686482701
"The player ""Will @ h_ZrezeXHs"" rebought. New stack 50.00.",2026-09-08T19:47:44.827Z,178889686482700
"Waiting for the game owner to approve or reject pending rebuy requests.",2026-09-08T19:47:43.759Z,178889686375901
"The player ""Will @ h_ZrezeXHs"" requested a rebuy of 50.00.",2026-09-08T19:47:43.759Z,178889686375900
"Asking to busted players the rebuy decision.",2026-09-08T19:47:39.949Z,178889685994900
"-- ending hand #233 --",2026-09-08T19:47:31.947Z,178889685194702
"""Heech @ wzsls5Sz57"" collected 48.53 from pot with Full House, Q's over 7's on the second run  (combination: 7♥, 7♦, Q♥, Q♠, Q♣)",2026-09-08T19:47:31.947Z,178889685194701
"""Heech @ wzsls5Sz57"" collected 48.53 from pot with Full House, Q's over 6's (combination: 6♣, 6♥, Q♥, Q♠, Q♣)",2026-09-08T19:47:31.947Z,178889685194700
"River (second run): 7♥, Q♣, 6♣, 7♦ [J♣]",2026-09-08T19:47:27.926Z,178889684792600
"Turn (second run): 7♥, Q♣, 6♣ [7♦]",2026-09-08T19:47:23.920Z,178889684392000
"River: 7♥, Q♣, 6♣, 9♥ [6♥]",2026-09-08T19:47:19.881Z,178889683988100
"Turn: 7♥, Q♣, 6♣ [9♥]",2026-09-08T19:47:15.857Z,178889683585700
"""Will @ h_ZrezeXHs"" shows a 10♠, 10♣.",2026-09-08T19:47:11.847Z,178889683184701
"""Heech @ wzsls5Sz57"" shows a Q♥, Q♠.",2026-09-08T19:47:11.847Z,178889683184700
"All players in hand choose to run it twice.",2026-09-08T19:47:11.035Z,178889683103501
"""Will @ h_ZrezeXHs"" chooses to  run it twice.",2026-09-08T19:47:11.035Z,178889683103500
"""Heech @ wzsls5Sz57"" chooses to  run it twice.",2026-09-08T19:47:10.366Z,178889683036600
"Remaining players decide whether to run it twice.",2026-09-08T19:47:09.745Z,178889682974501
"""Heech @ wzsls5Sz57"" calls 33.28",2026-09-08T19:47:09.745Z,178889682974500
"""rowan @ GthBpPSqaK"" folds",2026-09-08T19:47:08.880Z,178889682888000
"""Will @ h_ZrezeXHs"" raises to 33.28 and go all in",2026-09-08T19:47:08.017Z,178889682801700
"""Heech @ wzsls5Sz57"" bets 15.25",2026-09-08T19:47:03.436Z,178889682343600
"""rowan @ GthBpPSqaK"" checks",2026-09-08T19:46:58.996Z,178889681899600
"""Will @ h_ZrezeXHs"" checks",2026-09-08T19:46:55.921Z,178889681592100
"Flop:  [7♥, Q♣, 6♣]",2026-09-08T19:46:52.873Z,178889681287300
"""Heech @ wzsls5Sz57"" calls 10.00",2026-09-08T19:46:52.070Z,178889681207000
"""rowan @ GthBpPSqaK"" calls 10.00",2026-09-08T19:46:50.326Z,178889681032600
"""R Y A N @ GO72Iwd2XL"" folds",2026-09-08T19:46:39.078Z,178889679907800
"""Will @ h_ZrezeXHs"" raises to 10.00",2026-09-08T19:46:38.077Z,178889679807700
"""Heech @ wzsls5Sz57"" raises to 4.50",2026-09-08T19:46:35.484Z,178889679548400
"""rowan @ GthBpPSqaK"" raises to 2.00",2026-09-08T19:46:31.186Z,178889679118600
"""R Y A N @ GO72Iwd2XL"" posts a big blind of 0.50",2026-09-08T19:46:28.760Z,178889678876007
"""Will @ h_ZrezeXHs"" posts a small blind of 0.25",2026-09-08T19:46:28.760Z,178889678876006
"Player stacks: #1 ""rowan @ GthBpPSqaK"" (164.46) | #2 ""Heech @ wzsls5Sz57"" (86.54) | #3 ""Will @ h_ZrezeXHs"" (43.28) | #10 ""R Y A N @ GO72Iwd2XL"" (92.22)",2026-09-08T19:46:28.760Z,178889678876001
"-- starting hand #233 (id: wuanyx6ko8od)  No Limit Texas Hold'em (dealer: ""Heech @ wzsls5Sz57"") --",2026-09-08T19:46:28.760Z,178889678876000
"-- ending hand #232 --",2026-09-08T19:46:22.755Z,178889678275502
"""Heech @ wzsls5Sz57"" collected 13.48 from pot with Two Pair, 10's & 4's (combination: A♣, 4♠, 4♣, 10♦, 10♥)",2026-09-08T19:46:22.755Z,178889678275501
"""Heech @ wzsls5Sz57"" shows a 10♦, 4♠.",2026-09-08T19:46:22.755Z,178889678275500
"""Will @ h_ZrezeXHs"" calls 3.00",2026-09-08T19:46:21.933Z,178889678193300
"""Heech @ wzsls5Sz57"" bets 3.00",2026-09-08T19:46:01.530Z,178889676153000
"River: 6♣, A♣, 10♥, 4♣ [3♥]",2026-09-08T19:45:53.837Z,178889675383700
"""Heech @ wzsls5Sz57"" calls 1.87",2026-09-08T19:45:52.995Z,178889675299500
"""Will @ h_ZrezeXHs"" bets 1.87",2026-09-08T19:45:49.724Z,178889674972400
"""Heech @ wzsls5Sz57"" checks",2026-09-08T19:45:47.369Z,178889674736900
"Turn: 6♣, A♣, 10♥ [4♣]",2026-09-08T19:45:44.998Z,178889674499800
"""Heech @ wzsls5Sz57"" calls 1.12",2026-09-08T19:45:44.163Z,178889674416300
"""rowan @ GthBpPSqaK"" folds",2026-09-08T19:45:41.910Z,178889674191000
"""Will @ h_ZrezeXHs"" bets 1.12",2026-09-08T19:45:39.344Z,178889673934400
"""Heech @ wzsls5Sz57"" checks",2026-09-08T19:45:37.026Z,178889673702600
"Flop:  [6♣, A♣, 10♥]",2026-09-08T19:45:32.859Z,178889673285900
"""Will @ h_ZrezeXHs"" checks",2026-09-08T19:45:31.979Z,178889673197900
"""Heech @ wzsls5Sz57"" calls 0.50",2026-09-08T19:45:31.037Z,178889673103700
"""rowan @ GthBpPSqaK"" calls 0.50",2026-09-08T19:45:29.727Z,178889672972700
"""R Y A N @ GO72Iwd2XL"" folds",2026-09-08T19:45:28.103Z,178889672810300
"""Will @ h_ZrezeXHs"" posts a big blind of 0.50",2026-09-08T19:45:25.874Z,178889672587407
"""Heech @ wzsls5Sz57"" posts a small blind of 0.25",2026-09-08T19:45:25.874Z,178889672587406
"Player stacks: #1 ""rowan @ GthBpPSqaK"" (164.96) | #2 ""Heech @ wzsls5Sz57"" (79.55) | #3 ""Will @ h_ZrezeXHs"" (49.77) | #10 ""R Y A N @ GO72Iwd2XL"" (92.22)",2026-09-08T19:45:25.874Z,178889672587401
"-- starting hand #232 (id: cuyfnplep8qh)  No Limit Texas Hold'em (dealer: ""rowan @ GthBpPSqaK"") --",2026-09-08T19:45:25.874Z,178889672587400
"-- ending hand #231 --",2026-09-08T19:45:19.854Z,178889671985403
"""Heech @ wzsls5Sz57"" collected 16.00 from pot with Two Pair, 9's & 8's (combination: K♣, 8♦, 8♥, 9♣, 9♦)",2026-09-08T19:45:19.854Z,178889671985402
"""Heech @ wzsls5Sz57"" shows a 9♣, 9♦.",2026-09-08T19:45:19.854Z,178889671985401
"""rowan @ GthBpPSqaK"" shows a 7♠, 2♣.",2026-09-08T19:45:19.854Z,178889671985400
"""Heech @ wzsls5Sz57"" checks",2026-09-08T19:45:19.015Z,178889671901500
"""rowan @ GthBpPSqaK"" checks",2026-09-08T19:45:17.877Z,178889671787700
"River: 7♦, 4♠, 8♦, 8♥ [K♣]",2026-09-08T19:45:14.052Z,178889671405200
"""Heech @ wzsls5Sz57"" calls 4.00",2026-09-08T19:45:13.202Z,178889671320200
"""rowan @ GthBpPSqaK"" bets 4.00",2026-09-08T19:45:11.297Z,178889671129700
"Turn: 7♦, 4♠, 8♦ [8♥]",2026-09-08T19:45:08.223Z,178889670822300
"""Heech @ wzsls5Sz57"" calls 2.00",2026-09-08T19:45:07.302Z,178889670730200
"""rowan @ GthBpPSqaK"" bets 2.00",2026-09-08T19:45:05.979Z,178889670597900
"Flop:  [7♦, 4♠, 8♦]",2026-09-08T19:45:02.872Z,178889670287200
"""Heech @ wzsls5Sz57"" calls 2.00",2026-09-08T19:45:01.970Z,178889670197000
"""rowan @ GthBpPSqaK"" raises to 2.00",2026-09-08T19:45:00.933Z,178889670093300
"""R Y A N @ GO72Iwd2XL"" folds",2026-09-08T19:44:57.834Z,178889669783400
"""Will @ h_ZrezeXHs"" folds",2026-09-08T19:44:56.620Z,178889669662000
"""Heech @ wzsls5Sz57"" posts a big blind of 0.50",2026-09-08T19:44:54.275Z,178889669427507
"""rowan @ GthBpPSqaK"" posts a small blind of 0.25",2026-09-08T19:44:54.275Z,178889669427506
"Player stacks: #1 ""rowan @ GthBpPSqaK"" (172.96) | #2 ""Heech @ wzsls5Sz57"" (71.55) | #3 ""Will @ h_ZrezeXHs"" (49.77) | #10 ""R Y A N @ GO72Iwd2XL"" (92.22)",2026-09-08T19:44:54.275Z,178889669427501
"-- starting hand #231 (id: rchsamtnz1vh)  No Limit Texas Hold'em (dealer: ""R Y A N @ GO72Iwd2XL"") --",2026-09-08T19:44:54.275Z,178889669427500
"-- ending hand #230 --",2026-09-08T19:44:48.269Z,178889668826902
"""rowan @ GthBpPSqaK"" collected 7.75 from pot with Two Pair, A's & 3's (combination: K♦, 3♥, 3♦, A♠, A♣)",2026-09-08T19:44:48.269Z,178889668826901
"""rowan @ GthBpPSqaK"" shows a 3♥, A♠.",2026-09-08T19:44:48.269Z,178889668826900
"""Heech @ wzsls5Sz57"" calls 1.50",2026-09-08T19:44:47.422Z,178889668742200
"""rowan @ GthBpPSqaK"" bets 1.50",2026-09-08T19:44:42.784Z,178889668278400
"River: A♣, J♣, 5♥, 3♦ [K♦]",2026-09-08T19:44:39.066Z,178889667906600
"""Heech @ wzsls5Sz57"" calls 1.00",2026-09-08T19:44:38.207Z,178889667820700
"""rowan @ GthBpPSqaK"" bets 1.00",2026-09-08T19:44:36.729Z,178889667672900
"Turn: A♣, J♣, 5♥ [3♦]",2026-09-08T19:44:33.864Z,178889667386400
"""Heech @ wzsls5Sz57"" calls 0.50",2026-09-08T19:44:33.018Z,178889667301800
"""rowan @ GthBpPSqaK"" bets 0.50",2026-09-08T19:44:31.848Z,178889667184800
"""R Y A N @ GO72Iwd2XL"" folds",2026-09-08T19:44:30.568Z,178889667056800
"Flop:  [A♣, J♣, 5♥]",2026-09-08T19:44:28.730Z,178889666873000
"""rowan @ GthBpPSqaK"" checks",2026-09-08T19:44:27.861Z,178889666786100
"""R Y A N @ GO72Iwd2XL"" calls 0.50",2026-09-08T19:44:26.952Z,178889666695200
"""Will @ h_ZrezeXHs"" folds",2026-09-08T19:44:24.683Z,178889666468300
"""Heech @ wzsls5Sz57"" checks",2026-09-08T19:44:23.615Z,178889666361500
"""Heech @ wzsls5Sz57"" posts a missed big blind of 0.50",2026-09-08T19:44:21.251Z,178889666125110
"""Heech @ wzsls5Sz57"" posts a missing small blind of 0.25",2026-09-08T19:44:21.251Z,178889666125109
"""rowan @ GthBpPSqaK"" posts a big blind of 0.50",2026-09-08T19:44:21.251Z,178889666125108
"""R Y A N @ GO72Iwd2XL"" posts a small blind of 0.25",2026-09-08T19:44:21.251Z,178889666125107
"Player stacks: #1 ""rowan @ GthBpPSqaK"" (168.71) | #2 ""Heech @ wzsls5Sz57"" (75.30) | #3 ""Will @ h_ZrezeXHs"" (49.77) | #10 ""R Y A N @ GO72Iwd2XL"" (92.72)",2026-09-08T19:44:21.251Z,178889666125102
"-- starting hand #230 (id: sii6aq7mg7fm)  No Limit Texas Hold'em (dealer: ""Will @ h_ZrezeXHs"") --",2026-09-08T19:44:21.251Z,178889666125101
"The player ""Heech @ wzsls5Sz57"" joined the game with a stack of 75.30.",2026-09-08T19:44:21.251Z,178889666125100
"-- ending hand #229 --",2026-09-08T19:44:15.218Z,178889665521802
"""Will @ h_ZrezeXHs"" collected 4.00 from pot with Pair, J's (combination: 10♦, Q♠, K♣, J♦, J♠)",2026-09-08T19:44:15.218Z,178889665521801
"""Will @ h_ZrezeXHs"" shows a 10♦, J♦.",2026-09-08T19:44:15.218Z,178889665521800
"""R Y A N @ GO72Iwd2XL"" checks",2026-09-08T19:44:14.389Z,178889665438900
"""Will @ h_ZrezeXHs"" checks",2026-09-08T19:44:13.534Z,178889665353400
"River: J♠, K♣, 8♥, 4♣ [Q♠]",2026-09-08T19:44:11.883Z,178889665188300
"""R Y A N @ GO72Iwd2XL"" checks",2026-09-08T19:44:11.059Z,178889665105900
"""Will @ h_ZrezeXHs"" checks",2026-09-08T19:44:10.207Z,178889665020700
"Turn: J♠, K♣, 8♥ [4♣]",2026-09-08T19:44:08.880Z,178889664888000
"""R Y A N @ GO72Iwd2XL"" checks",2026-09-08T19:44:08.029Z,178889664802900
"""Will @ h_ZrezeXHs"" checks",2026-09-08T19:44:06.779Z,178889664677900
"Flop:  [J♠, K♣, 8♥]",2026-09-08T19:44:05.341Z,178889664534100
"""R Y A N @ GO72Iwd2XL"" calls 2.00",2026-09-08T19:44:04.519Z,178889664451900
"""Will @ h_ZrezeXHs"" raises to 2.00",2026-09-08T19:43:56.856Z,178889663685600
"""rowan @ GthBpPSqaK"" folds",2026-09-08T19:43:54.256Z,178889663425600
"""R Y A N @ GO72Iwd2XL"" posts a big blind of 0.50",2026-09-08T19:43:53.103Z,178889663310306
"""Will @ h_ZrezeXHs"" posts a small blind of 0.25",2026-09-08T19:43:53.103Z,178889663310305
"Player stacks: #1 ""rowan @ GthBpPSqaK"" (168.71) | #3 ""Will @ h_ZrezeXHs"" (47.77) | #10 ""R Y A N @ GO72Iwd2XL"" (94.72)",2026-09-08T19:43:53.103Z,178889663310301
"-- starting hand #229 (id: he32lspszkfu)  No Limit Texas Hold'em (dealer: ""rowan @ GthBpPSqaK"") --",2026-09-08T19:43:53.103Z,178889663310300
"-- ending hand #228 --",2026-09-08T19:43:47.178Z,178889662717802
"""rowan @ GthBpPSqaK"" collected 1.00 from pot",2026-09-08T19:43:47.178Z,178889662717801
"Uncalled bet of 1.50 returned to ""rowan @ GthBpPSqaK""",2026-09-08T19:43:47.178Z,178889662717800
"""Will @ h_ZrezeXHs"" folds",2026-09-08T19:43:46.320Z,178889662632000
"""rowan @ GthBpPSqaK"" raises to 2.00",2026-09-08T19:43:45.449Z,178889662544900
"The player ""Heech @ wzsls5Sz57"" sit back with the stack of 75.30.",2026-09-08T19:43:42.842Z,178889662284200
"""R Y A N @ GO72Iwd2XL"" folds",2026-09-08T19:43:42.251Z,178889662225100
"""Will @ h_ZrezeXHs"" posts a big blind of 0.50",2026-09-08T19:43:29.939Z,178889660993906
"""rowan @ GthBpPSqaK"" posts a small blind of 0.25",2026-09-08T19:43:29.939Z,178889660993905
"Player stacks: #1 ""rowan @ GthBpPSqaK"" (168.21) | #3 ""Will @ h_ZrezeXHs"" (48.27) | #10 ""R Y A N @ GO72Iwd2XL"" (94.72)",2026-09-08T19:43:29.939Z,178889660993901
"-- starting hand #228 (id: t7lgo5cco5uy)  No Limit Texas Hold'em (dealer: ""R Y A N @ GO72Iwd2XL"") --",2026-09-08T19:43:29.939Z,178889660993900
"-- ending hand #227 --",2026-09-08T19:43:26.999Z,178889660699902
"""R Y A N @ GO72Iwd2XL"" collected 3.00 from pot",2026-09-08T19:43:26.999Z,178889660699901
"Uncalled bet of 4.00 returned to ""R Y A N @ GO72Iwd2XL""",2026-09-08T19:43:26.999Z,178889660699900
"""rowan @ GthBpPSqaK"" folds",2026-09-08T19:43:26.187Z,178889660618700
"""R Y A N @ GO72Iwd2XL"" bets 4.00",2026-09-08T19:43:25.272Z,178889660527200
"River: 9♥, 2♠, 10♠, A♦ [K♥]",2026-09-08T19:43:21.980Z,178889660198000
"""rowan @ GthBpPSqaK"" calls 1.00",2026-09-08T19:43:21.139Z,178889660113900
"""R Y A N @ GO72Iwd2XL"" bets 1.00",2026-09-08T19:43:18.300Z,178889659830000
"Turn: 9♥, 2♠, 10♠ [A♦]",2026-09-08T19:43:07.726Z,178889658772600
"""rowan @ GthBpPSqaK"" checks",2026-09-08T19:43:06.857Z,178889658685700
"""R Y A N @ GO72Iwd2XL"" checks",2026-09-08T19:43:05.891Z,178889658589100
"Flop:  [9♥, 2♠, 10♠]",2026-09-08T19:43:04.027Z,178889658402700
"""rowan @ GthBpPSqaK"" checks",2026-09-08T19:43:03.218Z,178889658321800
"""R Y A N @ GO72Iwd2XL"" calls 0.50",2026-09-08T19:43:02.278Z,178889658227800
"""Will @ h_ZrezeXHs"" folds",2026-09-08T19:42:55.073Z,178889657507300
"""rowan @ GthBpPSqaK"" posts a big blind of 0.50",2026-09-08T19:42:53.876Z,178889657387606
"""R Y A N @ GO72Iwd2XL"" posts a small blind of 0.25",2026-09-08T19:42:53.876Z,178889657387605
"Player stacks: #1 ""rowan @ GthBpPSqaK"" (169.71) | #3 ""Will @ h_ZrezeXHs"" (48.27) | #10 ""R Y A N @ GO72Iwd2XL"" (93.22)",2026-09-08T19:42:53.876Z,178889657387601
"-- starting hand #227 (id: crycqao4sg98)  No Limit Texas Hold'em (dealer: ""Will @ h_ZrezeXHs"") --",2026-09-08T19:42:53.876Z,178889657387600
"-- ending hand #226 --",2026-09-08T19:42:47.873Z,178889656787302
"""rowan @ GthBpPSqaK"" collected 3.50 from pot",2026-09-08T19:42:47.873Z,178889656787301
"Uncalled bet of 1.75 returned to ""rowan @ GthBpPSqaK""",2026-09-08T19:42:47.873Z,178889656787300
"""Will @ h_ZrezeXHs"" folds",2026-09-08T19:42:47.027Z,178889656702700
"""rowan @ GthBpPSqaK"" bets 1.75",2026-09-08T19:42:45.884Z,178889656588400
"""Will @ h_ZrezeXHs"" checks",2026-09-08T19:42:43.471Z,178889656347100
"Flop:  [Q♣, 7♠, 5♦]",2026-09-08T19:42:42.071Z,178889656207100
"""R Y A N @ GO72Iwd2XL"" folds",2026-09-08T19:42:41.203Z,178889656120300
"""Will @ h_ZrezeXHs"" calls 1.50",2026-09-08T19:42:40.209Z,178889656020900
"""rowan @ GthBpPSqaK"" raises to 1.50",2026-09-08T19:42:38.856Z,178889655885600
"""R Y A N @ GO72Iwd2XL"" posts a big blind of 0.50",2026-09-08T19:42:36.668Z,178889655666806
"""Will @ h_ZrezeXHs"" posts a small blind of 0.25",2026-09-08T19:42:36.668Z,178889655666805
"Player stacks: #1 ""rowan @ GthBpPSqaK"" (167.71) | #3 ""Will @ h_ZrezeXHs"" (49.77) | #10 ""R Y A N @ GO72Iwd2XL"" (93.72)",2026-09-08T19:42:36.668Z,178889655666801
"-- starting hand #226 (id: 6ce9wywmgtmb)  No Limit Texas Hold'em (dealer: ""rowan @ GthBpPSqaK"") --",2026-09-08T19:42:36.668Z,178889655666800
"""R Y A N @ GO72Iwd2XL"" shows a J♠, A♦.",2026-09-08T19:42:32.306Z,178889655230600
"-- ending hand #225 --",2026-09-08T19:42:30.063Z,178889655006302
"""rowan @ GthBpPSqaK"" collected 7.50 from pot with Pair, 10's (combination: 7♥, Q♥, A♣, 10♦, 10♥)",2026-09-08T19:42:30.063Z,178889655006301
"""rowan @ GthBpPSqaK"" shows a 10♦, A♣.",2026-09-08T19:42:30.063Z,178889655006300
"""R Y A N @ GO72Iwd2XL"" checks",2026-09-08T19:42:29.154Z,178889654915400
"""Will @ h_ZrezeXHs"" checks",2026-09-08T19:42:28.299Z,178889654829900
"""rowan @ GthBpPSqaK"" checks",2026-09-08T19:42:27.153Z,178889654715300
"River: 3♥, 4♣, Q♥, 7♥ [10♥]",2026-09-08T19:42:25.500Z,178889654550000
"""R Y A N @ GO72Iwd2XL"" checks",2026-09-08T19:42:24.681Z,178889654468100
"""Will @ h_ZrezeXHs"" checks",2026-09-08T19:42:23.639Z,178889654363900
"""rowan @ GthBpPSqaK"" checks",2026-09-08T19:42:22.349Z,178889654234900
"Turn: 3♥, 4♣, Q♥ [7♥]",2026-09-08T19:42:20.058Z,178889654005800
"""R Y A N @ GO72Iwd2XL"" checks",2026-09-08T19:42:19.174Z,178889653917400
"""Will @ h_ZrezeXHs"" checks",2026-09-08T19:42:17.857Z,178889653785700
"""rowan @ GthBpPSqaK"" checks",2026-09-08T19:42:16.363Z,178889653636300
"Flop:  [3♥, 4♣, Q♥]",2026-09-08T19:42:15.261Z,178889653526100
"""Will @ h_ZrezeXHs"" calls 2.50",2026-09-08T19:42:14.432Z,178889653443200
"""rowan @ GthBpPSqaK"" calls 2.50",2026-09-08T19:42:13.341Z,178889653334100
"""R Y A N @ GO72Iwd2XL"" raises to 2.50",2026-09-08T19:42:12.386Z,178889653238600
"""Will @ h_ZrezeXHs"" posts a big blind of 0.50",2026-09-08T19:42:04.095Z,178889652409506
"""rowan @ GthBpPSqaK"" posts a small blind of 0.25",2026-09-08T19:42:04.095Z,178889652409505
"Player stacks: #1 ""rowan @ GthBpPSqaK"" (162.71) | #3 ""Will @ h_ZrezeXHs"" (52.27) | #10 ""R Y A N @ GO72Iwd2XL"" (96.22)",2026-09-08T19:42:04.095Z,178889652409501
"-- starting hand #225 (id: awhbbxej3zaf)  No Limit Texas Hold'em (dealer: ""R Y A N @ GO72Iwd2XL"") --",2026-09-08T19:42:04.095Z,178889652409500
"-- ending hand #224 --",2026-09-08T19:41:58.050Z,178889651805002
"""Will @ h_ZrezeXHs"" collected 1.25 from pot",2026-09-08T19:41:58.050Z,178889651805001
"Uncalled bet of 1.00 returned to ""Will @ h_ZrezeXHs""",2026-09-08T19:41:58.050Z,178889651805000
"""rowan @ GthBpPSqaK"" folds",2026-09-08T19:41:57.244Z,178889651724400
"""R Y A N @ GO72Iwd2XL"" folds",2026-09-08T19:41:56.089Z,178889651608900
"""Will @ h_ZrezeXHs"" raises to 1.50",2026-09-08T19:41:55.219Z,178889651521900
"""rowan @ GthBpPSqaK"" posts a big blind of 0.50",2026-09-08T19:41:51.869Z,178889651186906
"""R Y A N @ GO72Iwd2XL"" posts a small blind of 0.25",2026-09-08T19:41:51.869Z,178889651186905
"Player stacks: #1 ""rowan @ GthBpPSqaK"" (163.21) | #3 ""Will @ h_ZrezeXHs"" (51.52) | #10 ""R Y A N @ GO72Iwd2XL"" (96.47)",2026-09-08T19:41:51.869Z,178889651186901
"-- starting hand #224 (id: k6p9tht1fpgf)  No Limit Texas Hold'em (dealer: ""Will @ h_ZrezeXHs"") --",2026-09-08T19:41:51.869Z,178889651186900
"""rowan @ GthBpPSqaK"" shows a 7♠.",2026-09-08T19:41:50.577Z,178889651057700
"-- ending hand #223 --",2026-09-08T19:41:45.359Z,178889650535902
"""R Y A N @ GO72Iwd2XL"" collected 20.97 from pot with Flush, Q High (combination: 3♣, 4♣, 6♣, 7♣, Q♣)",2026-09-08T19:41:45.359Z,178889650535901
"""R Y A N @ GO72Iwd2XL"" shows a 6♦, 6♣.",2026-09-08T19:41:45.359Z,178889650535900
"""rowan @ GthBpPSqaK"" checks",2026-09-08T19:41:44.535Z,178889650453500
"""R Y A N @ GO72Iwd2XL"" checks",2026-09-08T19:41:43.507Z,178889650350700
"River: 3♣, 4♣, 9♥, 7♣ [Q♣]",2026-09-08T19:41:40.558Z,178889650055800
"""rowan @ GthBpPSqaK"" calls 5.24",2026-09-08T19:41:39.718Z,178889649971800
"""R Y A N @ GO72Iwd2XL"" bets 5.24",2026-09-08T19:41:38.370Z,178889649837000
"Turn: 3♣, 4♣, 9♥ [7♣]",2026-09-08T19:41:33.797Z,178889649379700
"""rowan @ GthBpPSqaK"" calls 2.62",2026-09-08T19:41:32.977Z,178889649297700
"""R Y A N @ GO72Iwd2XL"" bets 2.62",2026-09-08T19:41:31.536Z,178889649153600
"Flop:  [3♣, 4♣, 9♥]",2026-09-08T19:41:27.392Z,178889648739200
"""rowan @ GthBpPSqaK"" calls 2.50",2026-09-08T19:41:26.579Z,178889648657900
"""R Y A N @ GO72Iwd2XL"" raises to 2.50",2026-09-08T19:41:19.023Z,178889647902300
"""Will @ h_ZrezeXHs"" folds",2026-09-08T19:41:16.375Z,178889647637500
"""rowan @ GthBpPSqaK"" calls 0.50",2026-09-08T19:41:10.056Z,178889647005600
"""R Y A N @ GO72Iwd2XL"" posts a big blind of 0.50",2026-09-08T19:41:05.508Z,178889646550806
"""Will @ h_ZrezeXHs"" posts a small blind of 0.25",2026-09-08T19:41:05.508Z,178889646550805
"Player stacks: #1 ""rowan @ GthBpPSqaK"" (173.57) | #3 ""Will @ h_ZrezeXHs"" (51.77) | #10 ""R Y A N @ GO72Iwd2XL"" (85.86)",2026-09-08T19:41:05.508Z,178889646550801
"-- starting hand #223 (id: yybcifxytrtu)  No Limit Texas Hold'em (dealer: ""rowan @ GthBpPSqaK"") --",2026-09-08T19:41:05.508Z,178889646550800
"-- ending hand #222 --",2026-09-08T19:40:59.479Z,178889645947904
"""Will @ h_ZrezeXHs"" collected 19.00 from pot with Two Pair, A's & Q's (combination: 8♠, Q♠, Q♣, A♠, A♦)",2026-09-08T19:40:59.479Z,178889645947903
"""rowan @ GthBpPSqaK"" collected 19.00 from pot with Two Pair, A's & Q's (combination: 8♠, Q♥, Q♣, A♣, A♦)",2026-09-08T19:40:59.479Z,178889645947902
"""Will @ h_ZrezeXHs"" shows a Q♠, A♠.",2026-09-08T19:40:59.479Z,178889645947901
"""rowan @ GthBpPSqaK"" shows a A♣, Q♥.",2026-09-08T19:40:59.479Z,178889645947900
"""Will @ h_ZrezeXHs"" calls 9.50",2026-09-08T19:40:58.620Z,178889645862000
"""rowan @ GthBpPSqaK"" bets 9.50",2026-09-08T19:40:42.300Z,178889644230000
"River: 8♠, 7♦, A♦, 4♦ [Q♣]",2026-09-08T19:40:39.270Z,178889643927000
"""Will @ h_ZrezeXHs"" checks",2026-09-08T19:40:38.457Z,178889643845700
"""rowan @ GthBpPSqaK"" checks",2026-09-08T19:40:36.791Z,178889643679100
"Turn: 8♠, 7♦, A♦ [4♦]",2026-09-08T19:40:35.691Z,178889643569100
"""rowan @ GthBpPSqaK"" calls 3.50",2026-09-08T19:40:34.882Z,178889643488200
"""Will @ h_ZrezeXHs"" bets 3.50",2026-09-08T19:40:32.867Z,178889643286700
"""rowan @ GthBpPSqaK"" checks",2026-09-08T19:40:28.608Z,178889642860800
"Flop:  [8♠, 7♦, A♦]",2026-09-08T19:40:27.199Z,178889642719900
"""rowan @ GthBpPSqaK"" calls 6.00",2026-09-08T19:40:26.379Z,178889642637900
"""Will @ h_ZrezeXHs"" raises to 6.00",2026-09-08T19:40:24.675Z,178889642467500
"""rowan @ GthBpPSqaK"" raises to 2.00",2026-09-08T19:40:22.518Z,178889642251800
"""R Y A N @ GO72Iwd2XL"" folds",2026-09-08T19:40:19.297Z,178889641929700
"""Will @ h_ZrezeXHs"" posts a big blind of 0.50",2026-09-08T19:40:17.045Z,178889641704506
"""rowan @ GthBpPSqaK"" posts a small blind of 0.25",2026-09-08T19:40:17.045Z,178889641704505
"Player stacks: #1 ""rowan @ GthBpPSqaK"" (173.57) | #3 ""Will @ h_ZrezeXHs"" (51.77) | #10 ""R Y A N @ GO72Iwd2XL"" (85.86)",2026-09-08T19:40:17.045Z,178889641704501
"-- starting hand #222 (id: rlomd5hblw38)  No Limit Texas Hold'em (dealer: ""R Y A N @ GO72Iwd2XL"") --",2026-09-08T19:40:17.045Z,178889641704500
"-- ending hand #221 --",2026-09-08T19:40:11.096Z,178889641109602
"""rowan @ GthBpPSqaK"" collected 0.50 from pot",2026-09-08T19:40:11.096Z,178889641109601
"Uncalled bet of 0.25 returned to ""rowan @ GthBpPSqaK""",2026-09-08T19:40:11.096Z,178889641109600
"""R Y A N @ GO72Iwd2XL"" folds",2026-09-08T19:40:10.291Z,178889641029100
"""Will @ h_ZrezeXHs"" folds",2026-09-08T19:40:08.068Z,178889640806800
"""rowan @ GthBpPSqaK"" posts a big blind of 0.50",2026-09-08T19:40:06.639Z,178889640663906
"""R Y A N @ GO72Iwd2XL"" posts a small blind of 0.25",2026-09-08T19:40:06.639Z,178889640663905
"Player stacks: #1 ""rowan @ GthBpPSqaK"" (173.32) | #3 ""Will @ h_ZrezeXHs"" (51.77) | #10 ""R Y A N @ GO72Iwd2XL"" (86.11)",2026-09-08T19:40:06.639Z,178889640663901
"-- starting hand #221 (id: nr6jy3qdo7xb)  No Limit Texas Hold'em (dealer: ""Will @ h_ZrezeXHs"") --",2026-09-08T19:40:06.639Z,178889640663900
"-- ending hand #220 --",2026-09-08T19:40:00.712Z,178889640071202
"""R Y A N @ GO72Iwd2XL"" collected 1.25 from pot",2026-09-08T19:40:00.712Z,178889640071201
"Uncalled bet of 1.25 returned to ""R Y A N @ GO72Iwd2XL""",2026-09-08T19:40:00.712Z,178889640071200
"""rowan @ GthBpPSqaK"" folds",2026-09-08T19:39:59.872Z,178889639987200
"""R Y A N @ GO72Iwd2XL"" bets 1.25",2026-09-08T19:39:58.942Z,178889639894200
"Flop:  [6♥, A♥, A♦]",2026-09-08T19:39:56.303Z,178889639630300
"""R Y A N @ GO72Iwd2XL"" checks",2026-09-08T19:39:55.419Z,178889639541900
"""Will @ h_ZrezeXHs"" folds",2026-09-08T19:39:54.037Z,178889639403700
"""rowan @ GthBpPSqaK"" calls 0.50",2026-09-08T19:39:53.015Z,178889639301500
"""R Y A N @ GO72Iwd2XL"" posts a big blind of 0.50",2026-09-08T19:39:51.798Z,178889639179806
"""Will @ h_ZrezeXHs"" posts a small blind of 0.25",2026-09-08T19:39:51.798Z,178889639179805
"Player stacks: #1 ""rowan @ GthBpPSqaK"" (173.82) | #3 ""Will @ h_ZrezeXHs"" (52.02) | #10 ""R Y A N @ GO72Iwd2XL"" (85.36)",2026-09-08T19:39:51.798Z,178889639179801
"-- starting hand #220 (id: 37mlkcjbnjwo)  No Limit Texas Hold'em (dealer: ""rowan @ GthBpPSqaK"") --",2026-09-08T19:39:51.798Z,178889639179800
"-- ending hand #219 --",2026-09-08T19:39:45.885Z,178889638588502
"""Will @ h_ZrezeXHs"" collected 0.50 from pot",2026-09-08T19:39:45.885Z,178889638588501
"Uncalled bet of 0.25 returned to ""Will @ h_ZrezeXHs""",2026-09-08T19:39:45.885Z,178889638588500
"""rowan @ GthBpPSqaK"" folds",2026-09-08T19:39:45.040Z,178889638504000
"""R Y A N @ GO72Iwd2XL"" folds",2026-09-08T19:39:44.137Z,178889638413700
"""Will @ h_ZrezeXHs"" posts a big blind of 0.50",2026-09-08T19:39:42.301Z,178889638230106
"""rowan @ GthBpPSqaK"" posts a small blind of 0.25",2026-09-08T19:39:42.301Z,178889638230105
"Player stacks: #1 ""rowan @ GthBpPSqaK"" (174.07) | #3 ""Will @ h_ZrezeXHs"" (51.77) | #10 ""R Y A N @ GO72Iwd2XL"" (85.36)",2026-09-08T19:39:42.301Z,178889638230101
"-- starting hand #219 (id: l2kuxfwsnajo)  No Limit Texas Hold'em (dealer: ""R Y A N @ GO72Iwd2XL"") --",2026-09-08T19:39:42.301Z,178889638230100
"-- ending hand #218 --",2026-09-08T19:39:36.390Z,178889637639002
"""rowan @ GthBpPSqaK"" collected 4.50 from pot",2026-09-08T19:39:36.390Z,178889637639001
"Uncalled bet of 2.25 returned to ""rowan @ GthBpPSqaK""",2026-09-08T19:39:36.390Z,178889637639000
"""R Y A N @ GO72Iwd2XL"" folds",2026-09-08T19:39:35.571Z,178889637557100
"""Will @ h_ZrezeXHs"" folds",2026-09-08T19:39:33.844Z,178889637384400
"""rowan @ GthBpPSqaK"" bets 2.25",2026-09-08T19:39:32.706Z,178889637270600
"""R Y A N @ GO72Iwd2XL"" checks",2026-09-08T19:39:28.773Z,178889636877300
"Turn: 5♠, 4♦, J♣ [6♦]",2026-09-08T19:39:27.784Z,178889636778400
"""Will @ h_ZrezeXHs"" checks",2026-09-08T19:39:26.923Z,178889636692300
"""rowan @ GthBpPSqaK"" checks",2026-09-08T19:39:25.497Z,178889636549700
"""R Y A N @ GO72Iwd2XL"" checks",2026-09-08T19:39:24.140Z,178889636414000
"Flop:  [5♠, 4♦, J♣]",2026-09-08T19:39:22.648Z,178889636264800
"""rowan @ GthBpPSqaK"" calls 1.50",2026-09-08T19:39:21.777Z,178889636177700
"""R Y A N @ GO72Iwd2XL"" calls 1.50",2026-09-08T19:39:20.341Z,178889636034100
"""Will @ h_ZrezeXHs"" raises to 1.50",2026-09-08T19:39:18.836Z,178889635883600
"""rowan @ GthBpPSqaK"" posts a big blind of 0.50",2026-09-08T19:39:16.572Z,178889635657206
"""R Y A N @ GO72Iwd2XL"" posts a small blind of 0.25",2026-09-08T19:39:16.572Z,178889635657205
"Player stacks: #1 ""rowan @ GthBpPSqaK"" (171.07) | #3 ""Will @ h_ZrezeXHs"" (53.27) | #10 ""R Y A N @ GO72Iwd2XL"" (86.86)",2026-09-08T19:39:16.572Z,178889635657201
"-- starting hand #218 (id: 9nc5vglolgfg)  No Limit Texas Hold'em (dealer: ""Will @ h_ZrezeXHs"") --",2026-09-08T19:39:16.572Z,178889635657200
"-- ending hand #217 --",2026-09-08T19:39:10.642Z,178889635064202
"""Will @ h_ZrezeXHs"" collected 3.50 from pot",2026-09-08T19:39:10.642Z,178889635064201
"Uncalled bet of 4.50 returned to ""Will @ h_ZrezeXHs""",2026-09-08T19:39:10.642Z,178889635064200
"""rowan @ GthBpPSqaK"" folds",2026-09-08T19:39:09.835Z,178889634983500
"""R Y A N @ GO72Iwd2XL"" folds",2026-09-08T19:39:08.860Z,178889634886000
"""Will @ h_ZrezeXHs"" raises to 6.00",2026-09-08T19:39:07.494Z,178889634749400
"""rowan @ GthBpPSqaK"" raises to 1.50",2026-09-08T19:39:04.343Z,178889634434300
"""R Y A N @ GO72Iwd2XL"" posts a big blind of 0.50",2026-09-08T19:39:01.691Z,178889634169106
"""Will @ h_ZrezeXHs"" posts a small blind of 0.25",2026-09-08T19:39:01.691Z,178889634169105
"Player stacks: #1 ""rowan @ GthBpPSqaK"" (172.57) | #3 ""Will @ h_ZrezeXHs"" (51.27) | #10 ""R Y A N @ GO72Iwd2XL"" (87.36)",2026-09-08T19:39:01.691Z,178889634169101
"-- starting hand #217 (id: 6msrbyinvyys)  No Limit Texas Hold'em (dealer: ""rowan @ GthBpPSqaK"") --",2026-09-08T19:39:01.691Z,178889634169100
"-- ending hand #216 --",2026-09-08T19:38:55.665Z,178889633566502
"""rowan @ GthBpPSqaK"" collected 15.00 from pot with Two Pair, 7's & 3's (combination: A♥, 3♥, 3♣, 7♥, 7♠)",2026-09-08T19:38:55.665Z,178889633566501
"""rowan @ GthBpPSqaK"" shows a 7♥, A♥.",2026-09-08T19:38:55.665Z,178889633566500
"""Will @ h_ZrezeXHs"" checks",2026-09-08T19:38:54.857Z,178889633485700
"""rowan @ GthBpPSqaK"" checks",2026-09-08T19:38:53.825Z,178889633382500
"River: 5♠, J♥, 3♥, 7♠ [3♣]",2026-09-08T19:38:47.527Z,178889632752700
"""R Y A N @ GO72Iwd2XL"" folds",2026-09-08T19:38:46.708Z,178889632670800
"""Will @ h_ZrezeXHs"" calls 3.75",2026-09-08T19:38:45.770Z,178889632577000
"""rowan @ GthBpPSqaK"" bets 3.75",2026-09-08T19:38:44.339Z,178889632433900
"Turn: 5♠, J♥, 3♥ [7♠]",2026-09-08T19:38:41.301Z,178889632130100
"""R Y A N @ GO72Iwd2XL"" checks",2026-09-08T19:38:40.466Z,178889632046600
"""Will @ h_ZrezeXHs"" checks",2026-09-08T19:38:39.506Z,178889631950600
"""rowan @ GthBpPSqaK"" checks",2026-09-08T19:38:38.433Z,178889631843300
"Flop:  [5♠, J♥, 3♥]",2026-09-08T19:38:34.859Z,178889631485900
"""R Y A N @ GO72Iwd2XL"" calls 2.50",2026-09-08T19:38:34.010Z,178889631401000
"""Will @ h_ZrezeXHs"" calls 2.50",2026-09-08T19:38:32.751Z,178889631275100
"""rowan @ GthBpPSqaK"" raises to 2.50",2026-09-08T19:38:31.654Z,178889631165400
"""R Y A N @ GO72Iwd2XL"" calls 0.50",2026-09-08T19:38:27.671Z,178889630767100
"""Will @ h_ZrezeXHs"" posts a big blind of 0.50",2026-09-08T19:38:26.507Z,178889630650706
"""rowan @ GthBpPSqaK"" posts a small blind of 0.25",2026-09-08T19:38:26.507Z,178889630650705
"Player stacks: #1 ""rowan @ GthBpPSqaK"" (163.82) | #3 ""Will @ h_ZrezeXHs"" (57.52) | #10 ""R Y A N @ GO72Iwd2XL"" (89.86)",2026-09-08T19:38:26.507Z,178889630650701
"-- starting hand #216 (id: gtri0sio8uvi)  No Limit Texas Hold'em (dealer: ""R Y A N @ GO72Iwd2XL"") --",2026-09-08T19:38:26.507Z,178889630650700
"""R Y A N @ GO72Iwd2XL"" shows a J♥, 4♣.",2026-09-08T19:38:23.354Z,178889630335400
"-- ending hand #215 --",2026-09-08T19:38:19.904Z,178889629990402
"""rowan @ GthBpPSqaK"" collected 0.50 from pot",2026-09-08T19:38:19.904Z,178889629990401
"Uncalled bet of 0.25 returned to ""rowan @ GthBpPSqaK""",2026-09-08T19:38:19.904Z,178889629990400
"""R Y A N @ GO72Iwd2XL"" folds",2026-09-08T19:38:19.088Z,178889629908800
"""Will @ h_ZrezeXHs"" folds",2026-09-08T19:38:17.559Z,178889629755900
"""rowan @ GthBpPSqaK"" posts a big blind of 0.50",2026-09-08T19:38:16.456Z,178889629645606
"""R Y A N @ GO72Iwd2XL"" posts a small blind of 0.25",2026-09-08T19:38:16.456Z,178889629645605
"Player stacks: #1 ""rowan @ GthBpPSqaK"" (163.57) | #3 ""Will @ h_ZrezeXHs"" (57.52) | #10 ""R Y A N @ GO72Iwd2XL"" (90.11)",2026-09-08T19:38:16.456Z,178889629645601
"-- starting hand #215 (id: wwsrurdmdcxl)  No Limit Texas Hold'em (dealer: ""Will @ h_ZrezeXHs"") --",2026-09-08T19:38:16.456Z,178889629645600
"-- ending hand #214 --",2026-09-08T19:38:10.443Z,178889629044303
"""R Y A N @ GO72Iwd2XL"" collected 45.00 from pot with Pair, 9's (combination: 7♦, 8♥, K♠, 9♣, 9♥)",2026-09-08T19:38:10.443Z,178889629044302
"""R Y A N @ GO72Iwd2XL"" shows a 9♣, 7♦.",2026-09-08T19:38:10.443Z,178889629044301
"""Will @ h_ZrezeXHs"" shows a 2♥, 7♥.",2026-09-08T19:38:10.443Z,178889629044300
"""R Y A N @ GO72Iwd2XL"" calls 10.00",2026-09-08T19:38:09.634Z,178889628963400
"""Will @ h_ZrezeXHs"" bets 10.00",2026-09-08T19:37:58.450Z,178889627845000
"River: K♠, 9♥, 8♥, 6♦ [4♣]",2026-09-08T19:37:41.983Z,178889626198300
"""R Y A N @ GO72Iwd2XL"" calls 7.50",2026-09-08T19:37:41.158Z,178889626115800
"""Will @ h_ZrezeXHs"" bets 7.50",2026-09-08T19:37:39.863Z,178889625986300
"Turn: K♠, 9♥, 8♥ [6♦]",2026-09-08T19:37:36.345Z,178889625634500
"""R Y A N @ GO72Iwd2XL"" calls 2.50",2026-09-08T19:37:35.543Z,178889625554300
"""Will @ h_ZrezeXHs"" bets 2.50",2026-09-08T19:37:33.636Z,178889625363600
"Flop:  [K♠, 9♥, 8♥]",2026-09-08T19:37:30.745Z,178889625074500
"""R Y A N @ GO72Iwd2XL"" calls 2.50",2026-09-08T19:37:29.939Z,178889624993900
"""Will @ h_ZrezeXHs"" raises to 2.50",2026-09-08T19:37:28.743Z,178889624874300
"""rowan @ GthBpPSqaK"" folds",2026-09-08T19:37:26.643Z,178889624664300
"""R Y A N @ GO72Iwd2XL"" posts a big blind of 0.50",2026-09-08T19:37:24.932Z,178889624493206
"""Will @ h_ZrezeXHs"" posts a small blind of 0.25",2026-09-08T19:37:24.932Z,178889624493205
"Player stacks: #1 ""rowan @ GthBpPSqaK"" (163.57) | #3 ""Will @ h_ZrezeXHs"" (80.02) | #10 ""R Y A N @ GO72Iwd2XL"" (67.61)",2026-09-08T19:37:24.932Z,178889624493201
"-- starting hand #214 (id: dco3hhjwpl2h)  No Limit Texas Hold'em (dealer: ""rowan @ GthBpPSqaK"") --",2026-09-08T19:37:24.932Z,178889624493200
"-- ending hand #213 --",2026-09-08T19:37:18.978Z,178889623897802
"""Will @ h_ZrezeXHs"" collected 5.00 from pot",2026-09-08T19:37:18.978Z,178889623897801
"Uncalled bet of 3.75 returned to ""Will @ h_ZrezeXHs""",2026-09-08T19:37:18.978Z,178889623897800
"""rowan @ GthBpPSqaK"" folds",2026-09-08T19:37:18.170Z,178889623817000
"""Will @ h_ZrezeXHs"" bets 3.75",2026-09-08T19:37:16.599Z,178889623659900
"""rowan @ GthBpPSqaK"" checks",2026-09-08T19:37:14.120Z,178889623412000
"Turn: 7♠, 9♣, 3♦ [6♠]",2026-09-08T19:37:11.137Z,178889623113700
"""rowan @ GthBpPSqaK"" calls 1.00",2026-09-08T19:37:10.246Z,178889623024600
"""Will @ h_ZrezeXHs"" bets 1.00",2026-09-08T19:37:08.244Z,178889622824400
"""rowan @ GthBpPSqaK"" checks",2026-09-08T19:37:05.011Z,178889622501100
"Flop:  [7♠, 9♣, 3♦]",2026-09-08T19:37:03.531Z,178889622353100
"""Will @ h_ZrezeXHs"" calls 1.50",2026-09-08T19:37:02.677Z,178889622267700
"""rowan @ GthBpPSqaK"" raises to 1.50",2026-09-08T19:36:59.568Z,178889621956800
"""R Y A N @ GO72Iwd2XL"" folds",2026-09-08T19:36:56.504Z,178889621650400
"""Will @ h_ZrezeXHs"" posts a big blind of 0.50",2026-09-08T19:36:55.590Z,178889621559006
"""rowan @ GthBpPSqaK"" posts a small blind of 0.25",2026-09-08T19:36:55.590Z,178889621559005
"Player stacks: #1 ""rowan @ GthBpPSqaK"" (166.07) | #3 ""Will @ h_ZrezeXHs"" (77.52) | #10 ""R Y A N @ GO72Iwd2XL"" (67.61)",2026-09-08T19:36:55.590Z,178889621559001
"-- starting hand #213 (id: kw6xms0oajfy)  No Limit Texas Hold'em (dealer: ""R Y A N @ GO72Iwd2XL"") --",2026-09-08T19:36:55.590Z,178889621559000
"""R Y A N @ GO72Iwd2XL"" shows a 10♦, 5♣.",2026-09-08T19:36:52.375Z,178889621237500
"""rowan @ GthBpPSqaK"" shows a 10♥, 5♦.",2026-09-08T19:36:49.895Z,178889620989500
"-- ending hand #212 --",2026-09-08T19:36:48.253Z,178889620825302
"""Will @ h_ZrezeXHs"" collected 1.25 from pot",2026-09-08T19:36:48.253Z,178889620825301
"Uncalled bet of 1.00 returned to ""Will @ h_ZrezeXHs""",2026-09-08T19:36:48.253Z,178889620825300
"""rowan @ GthBpPSqaK"" folds",2026-09-08T19:36:47.436Z,178889620743600
"""R Y A N @ GO72Iwd2XL"" folds",2026-09-08T19:36:46.592Z,178889620659200
"""Will @ h_ZrezeXHs"" raises to 1.50",2026-09-08T19:36:45.597Z,178889620559700
"""rowan @ GthBpPSqaK"" posts a big blind of 0.50",2026-09-08T19:36:42.786Z,178889620278606
"""R Y A N @ GO72Iwd2XL"" posts a small blind of 0.25",2026-09-08T19:36:42.786Z,178889620278605
"Player stacks: #1 ""rowan @ GthBpPSqaK"" (166.57) | #3 ""Will @ h_ZrezeXHs"" (76.77) | #10 ""R Y A N @ GO72Iwd2XL"" (67.86)",2026-09-08T19:36:42.786Z,178889620278601
"-- starting hand #212 (id: dci6nh4fy00o)  No Limit Texas Hold'em (dealer: ""Will @ h_ZrezeXHs"") --",2026-09-08T19:36:42.786Z,178889620278600
"-- ending hand #211 --",2026-09-08T19:36:36.869Z,178889619686902
"""R Y A N @ GO72Iwd2XL"" collected 0.50 from pot",2026-09-08T19:36:36.869Z,178889619686901
"Uncalled bet of 0.25 returned to ""R Y A N @ GO72Iwd2XL""",2026-09-08T19:36:36.869Z,178889619686900
"""Will @ h_ZrezeXHs"" folds",2026-09-08T19:36:36.043Z,178889619604300
"""rowan @ GthBpPSqaK"" folds",2026-09-08T19:36:35.181Z,178889619518100
"""R Y A N @ GO72Iwd2XL"" posts a big blind of 0.50",2026-09-08T19:36:33.978Z,178889619397806
"""Will @ h_ZrezeXHs"" posts a small blind of 0.25",2026-09-08T19:36:33.978Z,178889619397805
"Player stacks: #1 ""rowan @ GthBpPSqaK"" (166.57) | #3 ""Will @ h_ZrezeXHs"" (77.02) | #10 ""R Y A N @ GO72Iwd2XL"" (67.61)",2026-09-08T19:36:33.978Z,178889619397801
"-- starting hand #211 (id: qygedye6bfc2)  No Limit Texas Hold'em (dealer: ""rowan @ GthBpPSqaK"") --",2026-09-08T19:36:33.978Z,178889619397800
"""Will @ h_ZrezeXHs"" shows a Q♥.",2026-09-08T19:36:30.369Z,178889619036900
"""R Y A N @ GO72Iwd2XL"" shows a 3♥, 7♥.",2026-09-08T19:36:28.839Z,178889618883900
"-- ending hand #210 --",2026-09-08T19:36:26.587Z,178889618658702
"""Will @ h_ZrezeXHs"" collected 3.00 from pot",2026-09-08T19:36:26.587Z,178889618658701
"Uncalled bet of 3.00 returned to ""Will @ h_ZrezeXHs""",2026-09-08T19:36:26.587Z,178889618658700
"""rowan @ GthBpPSqaK"" folds",2026-09-08T19:36:25.784Z,178889618578400
"""Will @ h_ZrezeXHs"" bets 3.00",2026-09-08T19:36:24.260Z,178889618426000
"""rowan @ GthBpPSqaK"" checks",2026-09-08T19:36:21.873Z,178889618187300
"Turn: 5♥, 10♦, A♥ [K♥]",2026-09-08T19:36:18.651Z,178889617865100
"""Will @ h_ZrezeXHs"" checks",2026-09-08T19:36:17.819Z,178889617781900
"""rowan @ GthBpPSqaK"" checks",2026-09-08T19:36:13.620Z,178889617362000
"Flop:  [5♥, 10♦, A♥]",2026-09-08T19:36:12.368Z,178889617236800
"""Will @ h_ZrezeXHs"" calls 1.50",2026-09-08T19:36:11.563Z,178889617156300
"""rowan @ GthBpPSqaK"" raises to 1.50",2026-09-08T19:36:10.533Z,178889617053300
"""R Y A N @ GO72Iwd2XL"" folds",2026-09-08T19:36:08.544Z,178889616854400
"""Will @ h_ZrezeXHs"" posts a big blind of 0.50",2026-09-08T19:36:06.568Z,178889616656806
"""rowan @ GthBpPSqaK"" posts a small blind of 0.25",2026-09-08T19:36:06.568Z,178889616656805
"Player stacks: #1 ""rowan @ GthBpPSqaK"" (168.07) | #3 ""Will @ h_ZrezeXHs"" (75.52) | #10 ""R Y A N @ GO72Iwd2XL"" (67.61)",2026-09-08T19:36:06.568Z,178889616656801
"-- starting hand #210 (id: al51znvddqzy)  No Limit Texas Hold'em (dealer: ""R Y A N @ GO72Iwd2XL"") --",2026-09-08T19:36:06.568Z,178889616656800
"-- ending hand #209 --",2026-09-08T19:36:00.649Z,178889616064902
"""rowan @ GthBpPSqaK"" collected 0.50 from pot",2026-09-08T19:36:00.649Z,178889616064901
"Uncalled bet of 0.25 returned to ""rowan @ GthBpPSqaK""",2026-09-08T19:36:00.649Z,178889616064900
"""R Y A N @ GO72Iwd2XL"" folds",2026-09-08T19:35:59.809Z,178889615980900
"""Will @ h_ZrezeXHs"" folds",2026-09-08T19:35:57.802Z,178889615780200
"""rowan @ GthBpPSqaK"" posts a big blind of 0.50",2026-09-08T19:35:56.747Z,178889615674706
"""R Y A N @ GO72Iwd2XL"" posts a small blind of 0.25",2026-09-08T19:35:56.747Z,178889615674705
"Player stacks: #1 ""rowan @ GthBpPSqaK"" (167.82) | #3 ""Will @ h_ZrezeXHs"" (75.52) | #10 ""R Y A N @ GO72Iwd2XL"" (67.86)",2026-09-08T19:35:56.747Z,178889615674701
"-- starting hand #209 (id: 8nphrdodguxi)  No Limit Texas Hold'em (dealer: ""Will @ h_ZrezeXHs"") --",2026-09-08T19:35:56.747Z,178889615674700
"-- ending hand #208 --",2026-09-08T19:35:53.800Z,178889615380002
"""R Y A N @ GO72Iwd2XL"" collected 6.49 from pot",2026-09-08T19:35:53.800Z,178889615380001
"Uncalled bet of 6.49 returned to ""R Y A N @ GO72Iwd2XL""",2026-09-08T19:35:53.800Z,178889615380000
"""rowan @ GthBpPSqaK"" folds",2026-09-08T19:35:52.976Z,178889615297600
"""R Y A N @ GO72Iwd2XL"" bets 6.49",2026-09-08T19:35:52.071Z,178889615207100
"River: A♦, Q♦, 5♣, Q♣ [Q♥]",2026-09-08T19:35:49.052Z,178889614905200
"""rowan @ GthBpPSqaK"" checks",2026-09-08T19:35:48.216Z,178889614821600
"""R Y A N @ GO72Iwd2XL"" checks",2026-09-08T19:35:45.826Z,178889614582600
"Turn: A♦, Q♦, 5♣ [Q♣]",2026-09-08T19:35:43.998Z,178889614399800
"""R Y A N @ GO72Iwd2XL"" calls 1.62",2026-09-08T19:35:43.172Z,178889614317200
"""rowan @ GthBpPSqaK"" bets 1.62",2026-09-08T19:35:41.926Z,178889614192600
"""R Y A N @ GO72Iwd2XL"" checks",2026-09-08T19:35:39.558Z,178889613955800
"Flop:  [A♦, Q♦, 5♣]",2026-09-08T19:35:37.920Z,178889613792000
"""R Y A N @ GO72Iwd2XL"" calls 1.50",2026-09-08T19:35:37.109Z,178889613710900
"""Will @ h_ZrezeXHs"" folds",2026-09-08T19:35:36.063Z,178889613606300
"""rowan @ GthBpPSqaK"" raises to 1.50",2026-09-08T19:35:35.189Z,178889613518900
"""R Y A N @ GO72Iwd2XL"" posts a big blind of 0.50",2026-09-08T19:35:32.677Z,178889613267706
"""Will @ h_ZrezeXHs"" posts a small blind of 0.25",2026-09-08T19:35:32.677Z,178889613267705
"Player stacks: #1 ""rowan @ GthBpPSqaK"" (170.94) | #3 ""Will @ h_ZrezeXHs"" (75.77) | #10 ""R Y A N @ GO72Iwd2XL"" (64.49)",2026-09-08T19:35:32.677Z,178889613267701
"-- starting hand #208 (id: gvz1m5gh7dnu)  No Limit Texas Hold'em (dealer: ""rowan @ GthBpPSqaK"") --",2026-09-08T19:35:32.677Z,178889613267700
"-- ending hand #207 --",2026-09-08T19:35:26.761Z,178889612676102
"""rowan @ GthBpPSqaK"" collected 3.00 from pot",2026-09-08T19:35:26.761Z,178889612676101
"Uncalled bet of 1.00 returned to ""rowan @ GthBpPSqaK""",2026-09-08T19:35:26.761Z,178889612676100
"""Will @ h_ZrezeXHs"" folds",2026-09-08T19:35:25.949Z,178889612594900
"""rowan @ GthBpPSqaK"" bets 1.00",2026-09-08T19:35:25.018Z,178889612501800
"Flop:  [J♥, Q♠, A♥]",2026-09-08T19:35:21.554Z,178889612155400
"""Will @ h_ZrezeXHs"" calls 1.50",2026-09-08T19:35:20.744Z,178889612074400
"""rowan @ GthBpPSqaK"" raises to 1.50",2026-09-08T19:35:18.720Z,178889611872000
"""R Y A N @ GO72Iwd2XL"" folds",2026-09-08T19:35:15.559Z,178889611555900
"""Will @ h_ZrezeXHs"" posts a big blind of 0.50",2026-09-08T19:35:14.351Z,178889611435106
"""rowan @ GthBpPSqaK"" posts a small blind of 0.25",2026-09-08T19:35:14.351Z,178889611435105
"Player stacks: #1 ""rowan @ GthBpPSqaK"" (169.44) | #3 ""Will @ h_ZrezeXHs"" (77.27) | #10 ""R Y A N @ GO72Iwd2XL"" (64.49)",2026-09-08T19:35:14.351Z,178889611435101
"-- starting hand #207 (id: 6opbqncu1vc4)  No Limit Texas Hold'em (dealer: ""R Y A N @ GO72Iwd2XL"") --",2026-09-08T19:35:14.351Z,178889611435100
"-- ending hand #206 --",2026-09-08T19:35:08.347Z,178889610834703
"""rowan @ GthBpPSqaK"" collected 27.00 from pot with Three of a Kind, K's (combination: 10♥, A♣, K♠, K♥, K♦)",2026-09-08T19:35:08.347Z,178889610834702
"""rowan @ GthBpPSqaK"" shows a K♠, 2♥.",2026-09-08T19:35:08.347Z,178889610834701
"""R Y A N @ GO72Iwd2XL"" shows a A♥, 6♣.",2026-09-08T19:35:08.347Z,178889610834700
"""rowan @ GthBpPSqaK"" calls 9.00",2026-09-08T19:35:07.502Z,178889610750200
"""R Y A N @ GO72Iwd2XL"" bets 9.00",2026-09-08T19:35:06.107Z,178889610610700
"River: A♣, K♥, 9♣, 10♥ [K♦]",2026-09-08T19:35:04.041Z,178889610404100
"""rowan @ GthBpPSqaK"" calls 3.00",2026-09-08T19:35:03.193Z,178889610319300
"""R Y A N @ GO72Iwd2XL"" bets 3.00",2026-09-08T19:34:59.294Z,178889609929400
"Turn: A♣, K♥, 9♣ [10♥]",2026-09-08T19:34:56.969Z,178889609696900
"""rowan @ GthBpPSqaK"" calls 1.00",2026-09-08T19:34:56.127Z,178889609612700
"""R Y A N @ GO72Iwd2XL"" bets 1.00",2026-09-08T19:34:55.255Z,178889609525500
"Flop:  [A♣, K♥, 9♣]",2026-09-08T19:34:52.395Z,178889609239500
"""rowan @ GthBpPSqaK"" checks",2026-09-08T19:34:51.576Z,178889609157600
"""R Y A N @ GO72Iwd2XL"" calls 0.50",2026-09-08T19:34:49.738Z,178889608973800
"""Will @ h_ZrezeXHs"" folds",2026-09-08T19:34:48.006Z,178889608800600
"""rowan @ GthBpPSqaK"" posts a big blind of 0.50",2026-09-08T19:34:46.762Z,178889608676206
"""R Y A N @ GO72Iwd2XL"" posts a small blind of 0.25",2026-09-08T19:34:46.762Z,178889608676205
"Player stacks: #1 ""rowan @ GthBpPSqaK"" (155.94) | #3 ""Will @ h_ZrezeXHs"" (77.27) | #10 ""R Y A N @ GO72Iwd2XL"" (77.99)",2026-09-08T19:34:46.762Z,178889608676201
"-- starting hand #206 (id: jqdvuyn2crhu)  No Limit Texas Hold'em (dealer: ""Will @ h_ZrezeXHs"") --",2026-09-08T19:34:46.762Z,178889608676200
"""Will @ h_ZrezeXHs"" shows a 7♦, 4♣.",2026-09-08T19:34:43.178Z,178889608317800
"""rowan @ GthBpPSqaK"" shows a 2♦, A♠.",2026-09-08T19:34:40.934Z,178889608093400
"""R Y A N @ GO72Iwd2XL"" shows a A♦, A♣.",2026-09-08T19:34:39.323Z,178889607932300
"-- ending hand #205 --",2026-09-08T19:34:38.756Z,178889607875602
"""R Y A N @ GO72Iwd2XL"" collected 0.50 from pot",2026-09-08T19:34:38.756Z,178889607875601
"Uncalled bet of 0.25 returned to ""R Y A N @ GO72Iwd2XL""",2026-09-08T19:34:38.756Z,178889607875600
"""Will @ h_ZrezeXHs"" folds",2026-09-08T19:34:37.918Z,178889607791800
"""rowan @ GthBpPSqaK"" folds",2026-09-08T19:34:36.866Z,178889607686600
"""R Y A N @ GO72Iwd2XL"" posts a big blind of 0.50",2026-09-08T19:34:35.615Z,178889607561506
"""Will @ h_ZrezeXHs"" posts a small blind of 0.25",2026-09-08T19:34:35.615Z,178889607561505
"Player stacks: #1 ""rowan @ GthBpPSqaK"" (155.94) | #3 ""Will @ h_ZrezeXHs"" (77.52) | #10 ""R Y A N @ GO72Iwd2XL"" (77.74)",2026-09-08T19:34:35.615Z,178889607561501
"-- starting hand #205 (id: h6cm2rmzoh9j)  No Limit Texas Hold'em (dealer: ""rowan @ GthBpPSqaK"") --",2026-09-08T19:34:35.615Z,178889607561500
"""R Y A N @ GO72Iwd2XL"" shows a 5♣.",2026-09-08T19:34:31.045Z,178889607104500
"-- ending hand #204 --",2026-09-08T19:34:29.080Z,178889606908002
"""Will @ h_ZrezeXHs"" collected 7.75 from pot with Straight, 9 High (combination: 5♥, 6♠, 7♥, 8♠, 9♦)",2026-09-08T19:34:29.080Z,178889606908001
"""Will @ h_ZrezeXHs"" shows a A♠, 8♠.",2026-09-08T19:34:29.080Z,178889606908000
"""R Y A N @ GO72Iwd2XL"" calls 1.25",2026-09-08T19:34:28.240Z,178889606824000
"""Will @ h_ZrezeXHs"" bets 1.25",2026-09-08T19:34:26.942Z,178889606694200
"River: 7♥, 6♦, 6♠, 5♥ [9♦]",2026-09-08T19:34:14.273Z,178889605427300
"""R Y A N @ GO72Iwd2XL"" checks",2026-09-08T19:34:13.443Z,178889605344300
"""Will @ h_ZrezeXHs"" checks",2026-09-08T19:34:12.195Z,178889605219500
"Turn: 7♥, 6♦, 6♠ [5♥]",2026-09-08T19:34:10.218Z,178889605021800
"""R Y A N @ GO72Iwd2XL"" checks",2026-09-08T19:34:09.392Z,178889604939200
"""Will @ h_ZrezeXHs"" checks",2026-09-08T19:34:07.359Z,178889604735900
"Flop:  [7♥, 6♦, 6♠]",2026-09-08T19:34:04.938Z,178889604493800
"""R Y A N @ GO72Iwd2XL"" calls 2.50",2026-09-08T19:34:04.101Z,178889604410100
"""Will @ h_ZrezeXHs"" raises to 2.50",2026-09-08T19:34:03.138Z,178889604313800
"""rowan @ GthBpPSqaK"" folds",2026-09-08T19:34:00.689Z,178889604068900
"""R Y A N @ GO72Iwd2XL"" calls 0.50",2026-09-08T19:33:59.810Z,178889603981000
"""Will @ h_ZrezeXHs"" posts a big blind of 0.50",2026-09-08T19:33:58.325Z,178889603832506
"""rowan @ GthBpPSqaK"" posts a small blind of 0.25",2026-09-08T19:33:58.325Z,178889603832505
"Player stacks: #1 ""rowan @ GthBpPSqaK"" (156.19) | #3 ""Will @ h_ZrezeXHs"" (73.52) | #10 ""R Y A N @ GO72Iwd2XL"" (81.49)",2026-09-08T19:33:58.325Z,178889603832501
"-- starting hand #204 (id: r8g6fmjltkj5)  No Limit Texas Hold'em (dealer: ""R Y A N @ GO72Iwd2XL"") --",2026-09-08T19:33:58.325Z,178889603832500
"-- ending hand #203 --",2026-09-08T19:33:52.372Z,178889603237202
"""R Y A N @ GO72Iwd2XL"" collected 10.50 from pot",2026-09-08T19:33:52.372Z,178889603237201
"Uncalled bet of 5.25 returned to ""R Y A N @ GO72Iwd2XL""",2026-09-08T19:33:52.372Z,178889603237200
"""Will @ h_ZrezeXHs"" folds",2026-09-08T19:33:51.528Z,178889603152800
"""R Y A N @ GO72Iwd2XL"" bets 5.25",2026-09-08T19:33:49.240Z,178889602924000
"Flop:  [Q♣, A♠, 4♦]",2026-09-08T19:33:45.695Z,178889602569500
"""Will @ h_ZrezeXHs"" calls 5.00",2026-09-08T19:33:44.847Z,178889602484700
"""rowan @ GthBpPSqaK"" folds",2026-09-08T19:33:43.282Z,178889602328200
"""R Y A N @ GO72Iwd2XL"" raises to 5.00",2026-09-08T19:33:41.256Z,178889602125600
"""Will @ h_ZrezeXHs"" raises to 1.50",2026-09-08T19:33:37.108Z,178889601710800
"""rowan @ GthBpPSqaK"" posts a big blind of 0.50",2026-09-08T19:33:33.686Z,178889601368606
"""R Y A N @ GO72Iwd2XL"" posts a small blind of 0.25",2026-09-08T19:33:33.686Z,178889601368605
"Player stacks: #1 ""rowan @ GthBpPSqaK"" (156.69) | #3 ""Will @ h_ZrezeXHs"" (78.52) | #10 ""R Y A N @ GO72Iwd2XL"" (75.99)",2026-09-08T19:33:33.686Z,178889601368601
"-- starting hand #203 (id: 7quuouvkcjsj)  No Limit Texas Hold'em (dealer: ""Will @ h_ZrezeXHs"") --",2026-09-08T19:33:33.686Z,178889601368600
"-- ending hand #202 --",2026-09-08T19:33:27.756Z,178889600775602
"""R Y A N @ GO72Iwd2XL"" collected 0.50 from pot",2026-09-08T19:33:27.756Z,178889600775601
"Uncalled bet of 0.25 returned to ""R Y A N @ GO72Iwd2XL""",2026-09-08T19:33:27.756Z,178889600775600
"""Will @ h_ZrezeXHs"" folds",2026-09-08T19:33:26.931Z,178889600693100
"""rowan @ GthBpPSqaK"" folds",2026-09-08T19:33:26.058Z,178889600605800
"""R Y A N @ GO72Iwd2XL"" posts a big blind of 0.50",2026-09-08T19:33:23.084Z,178889600308406
"""Will @ h_ZrezeXHs"" posts a small blind of 0.25",2026-09-08T19:33:23.084Z,178889600308405
"Player stacks: #1 ""rowan @ GthBpPSqaK"" (156.69) | #3 ""Will @ h_ZrezeXHs"" (78.77) | #10 ""R Y A N @ GO72Iwd2XL"" (75.74)",2026-09-08T19:33:23.084Z,178889600308401
"-- starting hand #202 (id: n82mhk4uwcf4)  No Limit Texas Hold'em (dealer: ""rowan @ GthBpPSqaK"") --",2026-09-08T19:33:23.084Z,178889600308400
"-- ending hand #201 --",2026-09-08T19:33:17.155Z,178889599715502
"""rowan @ GthBpPSqaK"" collected 5.50 from pot",2026-09-08T19:33:17.155Z,178889599715501
"Uncalled bet of 2.75 returned to ""rowan @ GthBpPSqaK""",2026-09-08T19:33:17.155Z,178889599715500
"""R Y A N @ GO72Iwd2XL"" folds",2026-09-08T19:33:16.327Z,178889599632700
"""rowan @ GthBpPSqaK"" bets 2.75",2026-09-08T19:33:14.815Z,178889599481500
"Turn: 5♦, Q♥, 8♠ [2♦]",2026-09-08T19:33:12.024Z,178889599202400
"""R Y A N @ GO72Iwd2XL"" checks",2026-09-08T19:33:11.157Z,178889599115700
"""rowan @ GthBpPSqaK"" checks",2026-09-08T19:33:09.860Z,178889598986000
"Flop:  [5♦, Q♥, 8♠]",2026-09-08T19:33:08.265Z,178889598826500
"""R Y A N @ GO72Iwd2XL"" calls 2.50",2026-09-08T19:33:07.448Z,178889598744800
"""Will @ h_ZrezeXHs"" folds",2026-09-08T19:33:06.170Z,178889598617000
"""rowan @ GthBpPSqaK"" raises to 2.50",2026-09-08T19:33:05.237Z,178889598523700
"""R Y A N @ GO72Iwd2XL"" calls 0.50",2026-09-08T19:33:01.904Z,178889598190400
"""Will @ h_ZrezeXHs"" posts a big blind of 0.50",2026-09-08T19:33:00.385Z,178889598038506
"""rowan @ GthBpPSqaK"" posts a small blind of 0.25",2026-09-08T19:33:00.385Z,178889598038505
"Player stacks: #1 ""rowan @ GthBpPSqaK"" (153.69) | #3 ""Will @ h_ZrezeXHs"" (79.27) | #10 ""R Y A N @ GO72Iwd2XL"" (78.24)",2026-09-08T19:33:00.385Z,178889598038501
"-- starting hand #201 (id: szdxmcgwwgdr)  No Limit Texas Hold'em (dealer: ""R Y A N @ GO72Iwd2XL"") --",2026-09-08T19:33:00.385Z,178889598038500
"""rowan @ GthBpPSqaK"" shows a 5♣.",2026-09-08T19:32:59.028Z,178889597902800
"""Will @ h_ZrezeXHs"" shows a 8♥.",2026-09-08T19:32:57.566Z,178889597756600
"-- ending hand #200 --",2026-09-08T19:32:53.031Z,178889597303102
"""rowan @ GthBpPSqaK"" collected 0.50 from pot",2026-09-08T19:32:53.031Z,178889597303101
"Uncalled bet of 0.25 returned to ""rowan @ GthBpPSqaK""",2026-09-08T19:32:53.031Z,178889597303100
"""R Y A N @ GO72Iwd2XL"" folds",2026-09-08T19:32:52.177Z,178889597217700
"""Will @ h_ZrezeXHs"" folds",2026-09-08T19:32:49.046Z,178889596904600
"""rowan @ GthBpPSqaK"" posts a big blind of 0.50",2026-09-08T19:32:47.890Z,178889596789006
"""R Y A N @ GO72Iwd2XL"" posts a small blind of 0.25",2026-09-08T19:32:47.890Z,178889596789005
"Player stacks: #1 ""rowan @ GthBpPSqaK"" (153.44) | #3 ""Will @ h_ZrezeXHs"" (79.27) | #10 ""R Y A N @ GO72Iwd2XL"" (78.49)",2026-09-08T19:32:47.890Z,178889596789001
"-- starting hand #200 (id: dpmgyutm2inm)  No Limit Texas Hold'em (dealer: ""Will @ h_ZrezeXHs"") --",2026-09-08T19:32:47.890Z,178889596789000
"-- ending hand #199 --",2026-09-08T19:32:41.966Z,178889596196602
"""Will @ h_ZrezeXHs"" collected 1.00 from pot",2026-09-08T19:32:41.966Z,178889596196601
"Uncalled bet of 1.50 returned to ""Will @ h_ZrezeXHs""",2026-09-08T19:32:41.966Z,178889596196600
"""R Y A N @ GO72Iwd2XL"" folds",2026-09-08T19:32:41.112Z,178889596111200
"""Will @ h_ZrezeXHs"" raises to 2.00",2026-09-08T19:32:39.545Z,178889595954500
"""rowan @ GthBpPSqaK"" folds",2026-09-08T19:32:37.169Z,178889595716900
"""R Y A N @ GO72Iwd2XL"" posts a big blind of 0.50",2026-09-08T19:32:36.084Z,178889595608406
"""Will @ h_ZrezeXHs"" posts a small blind of 0.25",2026-09-08T19:32:36.084Z,178889595608405
"Player stacks: #1 ""rowan @ GthBpPSqaK"" (153.44) | #3 ""Will @ h_ZrezeXHs"" (78.77) | #10 ""R Y A N @ GO72Iwd2XL"" (78.99)",2026-09-08T19:32:36.084Z,178889595608401
"-- starting hand #199 (id: wibtl3nmjzj7)  No Limit Texas Hold'em (dealer: ""rowan @ GthBpPSqaK"") --",2026-09-08T19:32:36.084Z,178889595608400
"-- ending hand #198 --",2026-09-08T19:32:30.158Z,178889595015802
"""R Y A N @ GO72Iwd2XL"" collected 1.25 from pot",2026-09-08T19:32:30.158Z,178889595015801
"Uncalled bet of 1.50 returned to ""R Y A N @ GO72Iwd2XL""",2026-09-08T19:32:30.158Z,178889595015800
"""Will @ h_ZrezeXHs"" folds",2026-09-08T19:32:29.305Z,178889594930500
"""rowan @ GthBpPSqaK"" folds",2026-09-08T19:32:28.380Z,178889594838000
"""R Y A N @ GO72Iwd2XL"" raises to 2.00",2026-09-08T19:32:27.543Z,178889594754300
"""Will @ h_ZrezeXHs"" posts a big blind of 0.50",2026-09-08T19:32:24.747Z,178889594474706
"""rowan @ GthBpPSqaK"" posts a small blind of 0.25",2026-09-08T19:32:24.747Z,178889594474705
"Player stacks: #1 ""rowan @ GthBpPSqaK"" (153.69) | #3 ""Will @ h_ZrezeXHs"" (79.27) | #10 ""R Y A N @ GO72Iwd2XL"" (78.24)",2026-09-08T19:32:24.747Z,178889594474701
"-- starting hand #198 (id: j6tacjrmolse)  No Limit Texas Hold'em (dealer: ""R Y A N @ GO72Iwd2XL"") --",2026-09-08T19:32:24.747Z,178889594474700
"-- ending hand #197 --",2026-09-08T19:32:18.807Z,178889593880702
"""rowan @ GthBpPSqaK"" collected 0.50 from pot",2026-09-08T19:32:18.807Z,178889593880701
"Uncalled bet of 0.25 returned to ""rowan @ GthBpPSqaK""",2026-09-08T19:32:18.807Z,178889593880700
"""R Y A N @ GO72Iwd2XL"" folds",2026-09-08T19:32:18.005Z,178889593800500
"""Will @ h_ZrezeXHs"" folds",2026-09-08T19:32:15.438Z,178889593543800
"""rowan @ GthBpPSqaK"" posts a big blind of 0.50",2026-09-08T19:32:14.330Z,178889593433006
"""R Y A N @ GO72Iwd2XL"" posts a small blind of 0.25",2026-09-08T19:32:14.330Z,178889593433005
"Player stacks: #1 ""rowan @ GthBpPSqaK"" (153.44) | #3 ""Will @ h_ZrezeXHs"" (79.27) | #10 ""R Y A N @ GO72Iwd2XL"" (78.49)",2026-09-08T19:32:14.330Z,178889593433001
"-- starting hand #197 (id: ljcalhronsrg)  No Limit Texas Hold'em (dealer: ""Will @ h_ZrezeXHs"") --",2026-09-08T19:32:14.330Z,178889593433000
"-- ending hand #196 --",2026-09-08T19:32:08.407Z,178889592840702
"""R Y A N @ GO72Iwd2XL"" collected 4.50 from pot",2026-09-08T19:32:08.407Z,178889592840701
"Uncalled bet of 4.50 returned to ""R Y A N @ GO72Iwd2XL""",2026-09-08T19:32:08.407Z,178889592840700
"""Will @ h_ZrezeXHs"" folds",2026-09-08T19:32:07.591Z,178889592759100
"""rowan @ GthBpPSqaK"" folds",2026-09-08T19:32:06.699Z,178889592669900
"""R Y A N @ GO72Iwd2XL"" raises to 6.00",2026-09-08T19:32:04.207Z,178889592420700
"""Will @ h_ZrezeXHs"" calls 1.50",2026-09-08T19:32:00.616Z,178889592061600
"""rowan @ GthBpPSqaK"" raises to 1.50",2026-09-08T19:31:59.376Z,178889591937600
"""R Y A N @ GO72Iwd2XL"" posts a big blind of 0.50",2026-09-08T19:31:57.072Z,178889591707206
"""Will @ h_ZrezeXHs"" posts a small blind of 0.25",2026-09-08T19:31:57.072Z,178889591707205
"Player stacks: #1 ""rowan @ GthBpPSqaK"" (154.94) | #3 ""Will @ h_ZrezeXHs"" (80.77) | #10 ""R Y A N @ GO72Iwd2XL"" (75.49)",2026-09-08T19:31:57.072Z,178889591707201
"-- starting hand #196 (id: 6lsqifbvvjv0)  No Limit Texas Hold'em (dealer: ""rowan @ GthBpPSqaK"") --",2026-09-08T19:31:57.072Z,178889591707200
"-- ending hand #195 --",2026-09-08T19:31:51.142Z,178889591114202
"""Will @ h_ZrezeXHs"" collected 1.25 from pot",2026-09-08T19:31:51.142Z,178889591114201
"Uncalled bet of 0.93 returned to ""Will @ h_ZrezeXHs""",2026-09-08T19:31:51.142Z,178889591114200
"""R Y A N @ GO72Iwd2XL"" folds",2026-09-08T19:31:50.302Z,178889591030200
"""Will @ h_ZrezeXHs"" bets 0.93",2026-09-08T19:31:48.840Z,178889590884000
"Turn: 2♥, 3♣, K♣ [K♦]",2026-09-08T19:31:46.259Z,178889590625900
"""R Y A N @ GO72Iwd2XL"" checks",2026-09-08T19:31:45.427Z,178889590542700
"""Will @ h_ZrezeXHs"" checks",2026-09-08T19:31:43.384Z,178889590338400
"Flop:  [2♥, 3♣, K♣]",2026-09-08T19:31:42.055Z,178889590205500
"""Will @ h_ZrezeXHs"" checks",2026-09-08T19:31:41.212Z,178889590121200
"""rowan @ GthBpPSqaK"" folds",2026-09-08T19:31:38.293Z,178889589829300
"""R Y A N @ GO72Iwd2XL"" calls 0.50",2026-09-08T19:31:37.407Z,178889589740700
"""Will @ h_ZrezeXHs"" posts a big blind of 0.50",2026-09-08T19:31:35.970Z,178889589597006
"""rowan @ GthBpPSqaK"" posts a small blind of 0.25",2026-09-08T19:31:35.970Z,178889589597005
"Player stacks: #1 ""rowan @ GthBpPSqaK"" (155.19) | #3 ""Will @ h_ZrezeXHs"" (80.02) | #10 ""R Y A N @ GO72Iwd2XL"" (75.99)",2026-09-08T19:31:35.970Z,178889589597001
"-- starting hand #195 (id: qaa3v9nu3sgz)  No Limit Texas Hold'em (dealer: ""R Y A N @ GO72Iwd2XL"") --",2026-09-08T19:31:35.970Z,178889589597000
"-- ending hand #194 --",2026-09-08T19:31:30.052Z,178889589005202
"""R Y A N @ GO72Iwd2XL"" collected 1.00 from pot",2026-09-08T19:31:30.052Z,178889589005201
"Uncalled bet of 2.00 returned to ""R Y A N @ GO72Iwd2XL""",2026-09-08T19:31:30.052Z,178889589005200
"""rowan @ GthBpPSqaK"" folds",2026-09-08T19:31:29.210Z,178889588921000
"""R Y A N @ GO72Iwd2XL"" bets 2.00",2026-09-08T19:31:28.309Z,178889588830900
"Flop:  [8♥, 8♠, 3♦]",2026-09-08T19:31:23.742Z,178889588374200
"""rowan @ GthBpPSqaK"" checks",2026-09-08T19:31:22.871Z,178889588287100
"""R Y A N @ GO72Iwd2XL"" calls 0.50",2026-09-08T19:31:21.891Z,178889588189100
"""Will @ h_ZrezeXHs"" folds",2026-09-08T19:31:19.417Z,178889587941700
"""rowan @ GthBpPSqaK"" posts a big blind of 0.50",2026-09-08T19:31:18.341Z,178889587834106
"""R Y A N @ GO72Iwd2XL"" posts a small blind of 0.25",2026-09-08T19:31:18.341Z,178889587834105
"Player stacks: #1 ""rowan @ GthBpPSqaK"" (155.69) | #3 ""Will @ h_ZrezeXHs"" (80.02) | #10 ""R Y A N @ GO72Iwd2XL"" (75.49)",2026-09-08T19:31:18.341Z,178889587834101
"-- starting hand #194 (id: laauy8b1dgsv)  No Limit Texas Hold'em (dealer: ""Will @ h_ZrezeXHs"") --",2026-09-08T19:31:18.341Z,178889587834100
"-- ending hand #193 --",2026-09-08T19:31:12.434Z,178889587243402
"""R Y A N @ GO72Iwd2XL"" collected 0.50 from pot",2026-09-08T19:31:12.434Z,178889587243401
"Uncalled bet of 0.25 returned to ""R Y A N @ GO72Iwd2XL""",2026-09-08T19:31:12.434Z,178889587243400
"""Will @ h_ZrezeXHs"" folds",2026-09-08T19:31:11.583Z,178889587158300
"""rowan @ GthBpPSqaK"" folds",2026-09-08T19:31:10.578Z,178889587057800
"""R Y A N @ GO72Iwd2XL"" posts a big blind of 0.50",2026-09-08T19:31:09.242Z,178889586924206
"""Will @ h_ZrezeXHs"" posts a small blind of 0.25",2026-09-08T19:31:09.242Z,178889586924205
"Player stacks: #1 ""rowan @ GthBpPSqaK"" (155.69) | #3 ""Will @ h_ZrezeXHs"" (80.27) | #10 ""R Y A N @ GO72Iwd2XL"" (75.24)",2026-09-08T19:31:09.242Z,178889586924201
"-- starting hand #193 (id: cwushtlotcxb)  No Limit Texas Hold'em (dealer: ""rowan @ GthBpPSqaK"") --",2026-09-08T19:31:09.242Z,178889586924200
"-- ending hand #192 --",2026-09-08T19:31:03.335Z,178889586333502
"""rowan @ GthBpPSqaK"" collected 1.00 from pot",2026-09-08T19:31:03.335Z,178889586333501
"Uncalled bet of 1.00 returned to ""rowan @ GthBpPSqaK""",2026-09-08T19:31:03.335Z,178889586333500
"""Will @ h_ZrezeXHs"" folds",2026-09-08T19:31:02.508Z,178889586250800
"""rowan @ GthBpPSqaK"" raises to 1.50",2026-09-08T19:31:01.406Z,178889586140600
"""R Y A N @ GO72Iwd2XL"" folds",2026-09-08T19:30:59.325Z,178889585932500
"""Will @ h_ZrezeXHs"" posts a big blind of 0.50",2026-09-08T19:30:56.779Z,178889585677906
"""rowan @ GthBpPSqaK"" posts a small blind of 0.25",2026-09-08T19:30:56.779Z,178889585677905
"Player stacks: #1 ""rowan @ GthBpPSqaK"" (155.19) | #3 ""Will @ h_ZrezeXHs"" (80.77) | #10 ""R Y A N @ GO72Iwd2XL"" (75.24)",2026-09-08T19:30:56.779Z,178889585677901
"-- starting hand #192 (id: eba9dzfovz4m)  No Limit Texas Hold'em (dealer: ""R Y A N @ GO72Iwd2XL"") --",2026-09-08T19:30:56.779Z,178889585677900
"-- ending hand #191 --",2026-09-08T19:30:50.861Z,178889585086102
"""rowan @ GthBpPSqaK"" collected 3.25 from pot",2026-09-08T19:30:50.861Z,178889585086101
"Uncalled bet of 1.62 returned to ""rowan @ GthBpPSqaK""",2026-09-08T19:30:50.861Z,178889585086100
"""Will @ h_ZrezeXHs"" folds",2026-09-08T19:30:50.016Z,178889585001600
"""rowan @ GthBpPSqaK"" bets 1.62",2026-09-08T19:30:48.247Z,178889584824700
"Turn: 9♣, 2♣, 9♠ [J♠]",2026-09-08T19:30:45.060Z,178889584506000
"""Will @ h_ZrezeXHs"" checks",2026-09-08T19:30:44.200Z,178889584420000
"""rowan @ GthBpPSqaK"" checks",2026-09-08T19:30:42.373Z,178889584237300
"Flop:  [9♣, 2♣, 9♠]",2026-09-08T19:30:41.073Z,178889584107300
"""rowan @ GthBpPSqaK"" calls 1.50",2026-09-08T19:30:40.268Z,178889584026800
"""R Y A N @ GO72Iwd2XL"" folds",2026-09-08T19:30:38.540Z,178889583854000
"""Will @ h_ZrezeXHs"" raises to 1.50",2026-09-08T19:30:36.007Z,178889583600700
"""rowan @ GthBpPSqaK"" posts a big blind of 0.50",2026-09-08T19:30:33.672Z,178889583367206
"""R Y A N @ GO72Iwd2XL"" posts a small blind of 0.25",2026-09-08T19:30:33.672Z,178889583367205
"Player stacks: #1 ""rowan @ GthBpPSqaK"" (153.44) | #3 ""Will @ h_ZrezeXHs"" (82.27) | #10 ""R Y A N @ GO72Iwd2XL"" (75.49)",2026-09-08T19:30:33.672Z,178889583367201
"-- starting hand #191 (id: fbk97tdd1tnq)  No Limit Texas Hold'em (dealer: ""Will @ h_ZrezeXHs"") --",2026-09-08T19:30:33.672Z,178889583367200
"-- ending hand #190 --",2026-09-08T19:30:27.754Z,178889582775402
"""rowan @ GthBpPSqaK"" collected 4.50 from pot",2026-09-08T19:30:27.754Z,178889582775401
"Uncalled bet of 2.25 returned to ""rowan @ GthBpPSqaK""",2026-09-08T19:30:27.754Z,178889582775400
"""R Y A N @ GO72Iwd2XL"" folds",2026-09-08T19:30:26.946Z,178889582694600
"""Will @ h_ZrezeXHs"" folds",2026-09-08T19:30:24.605Z,178889582460500
"""rowan @ GthBpPSqaK"" bets 2.25",2026-09-08T19:30:23.160Z,178889582316000
"""R Y A N @ GO72Iwd2XL"" checks",2026-09-08T19:30:20.280Z,178889582028000
"""Will @ h_ZrezeXHs"" checks",2026-09-08T19:30:14.687Z,178889581468700
"Flop:  [5♥, J♥, 4♠]",2026-09-08T19:30:13.337Z,178889581333700
"""R Y A N @ GO72Iwd2XL"" calls 1.50",2026-09-08T19:30:12.474Z,178889581247400
"""Will @ h_ZrezeXHs"" calls 1.50",2026-09-08T19:30:03.180Z,178889580318000
"""rowan @ GthBpPSqaK"" raises to 1.50",2026-09-08T19:29:59.861Z,178889579986100
"""R Y A N @ GO72Iwd2XL"" posts a big blind of 0.50",2026-09-08T19:29:57.583Z,178889579758306
"""Will @ h_ZrezeXHs"" posts a small blind of 0.25",2026-09-08T19:29:57.583Z,178889579758305
"Player stacks: #1 ""rowan @ GthBpPSqaK"" (150.44) | #3 ""Will @ h_ZrezeXHs"" (83.77) | #10 ""R Y A N @ GO72Iwd2XL"" (76.99)",2026-09-08T19:29:57.583Z,178889579758301
"-- starting hand #190 (id: 7dmpb4mubcix)  No Limit Texas Hold'em (dealer: ""rowan @ GthBpPSqaK"") --",2026-09-08T19:29:57.583Z,178889579758300
"-- ending hand #189 --",2026-09-08T19:29:51.649Z,178889579164902
"""Will @ h_ZrezeXHs"" collected 3.00 from pot",2026-09-08T19:29:51.649Z,178889579164901
"Uncalled bet of 2.25 returned to ""Will @ h_ZrezeXHs""",2026-09-08T19:29:51.649Z,178889579164900
"""rowan @ GthBpPSqaK"" folds",2026-09-08T19:29:50.830Z,178889579083000
"""Will @ h_ZrezeXHs"" bets 2.25",2026-09-08T19:29:49.724Z,178889578972400
"""rowan @ GthBpPSqaK"" checks",2026-09-08T19:29:46.661Z,178889578666100
"Turn: A♠, 4♦, A♣ [6♥]",2026-09-08T19:29:44.887Z,178889578488700
"""Will @ h_ZrezeXHs"" checks",2026-09-08T19:29:44.061Z,178889578406100
"""rowan @ GthBpPSqaK"" checks",2026-09-08T19:29:40.829Z,178889578082900
"Flop:  [A♠, 4♦, A♣]",2026-09-08T19:29:37.962Z,178889577796200
"""Will @ h_ZrezeXHs"" calls 1.50",2026-09-08T19:29:37.089Z,178889577708900
"""rowan @ GthBpPSqaK"" raises to 1.50",2026-09-08T19:29:35.955Z,178889577595500
"""R Y A N @ GO72Iwd2XL"" folds",2026-09-08T19:29:32.978Z,178889577297800
"""Will @ h_ZrezeXHs"" posts a big blind of 0.50",2026-09-08T19:29:31.190Z,178889577119006
"""rowan @ GthBpPSqaK"" posts a small blind of 0.25",2026-09-08T19:29:31.190Z,178889577119005
"Player stacks: #1 ""rowan @ GthBpPSqaK"" (151.94) | #3 ""Will @ h_ZrezeXHs"" (82.27) | #10 ""R Y A N @ GO72Iwd2XL"" (76.99)",2026-09-08T19:29:31.190Z,178889577119001
"-- starting hand #189 (id: qzvfditaxcvs)  No Limit Texas Hold'em (dealer: ""R Y A N @ GO72Iwd2XL"") --",2026-09-08T19:29:31.190Z,178889577119000
"-- ending hand #188 --",2026-09-08T19:29:25.157Z,178889576515703
"""Will @ h_ZrezeXHs"" collected 11.29 from pot with Pair, 7's (combination: J♣, K♠, A♦, 7♦, 7♥)",2026-09-08T19:29:25.157Z,178889576515702
"""Will @ h_ZrezeXHs"" shows a K♠, A♦.",2026-09-08T19:29:25.157Z,178889576515701
"""rowan @ GthBpPSqaK"" shows a 10♦, 9♠.",2026-09-08T19:29:25.157Z,178889576515700
"""Will @ h_ZrezeXHs"" calls 2.82",2026-09-08T19:29:24.326Z,178889576432600
"""rowan @ GthBpPSqaK"" bets 2.82",2026-09-08T19:29:18.006Z,178889575800600
"River: J♣, 7♦, 4♠, 7♥ [6♠]",2026-09-08T19:29:14.862Z,178889575486200
"""Will @ h_ZrezeXHs"" checks",2026-09-08T19:29:14.057Z,178889575405700
"""rowan @ GthBpPSqaK"" checks",2026-09-08T19:29:11.742Z,178889575174200
"Turn: J♣, 7♦, 4♠ [7♥]",2026-09-08T19:29:07.816Z,178889574781600
"""rowan @ GthBpPSqaK"" calls 1.20",2026-09-08T19:29:07.006Z,178889574700600
"""Will @ h_ZrezeXHs"" bets 1.20",2026-09-08T19:29:04.556Z,178889574455600
"""rowan @ GthBpPSqaK"" checks",2026-09-08T19:29:00.895Z,178889574089500
"Flop:  [J♣, 7♦, 4♠]",2026-09-08T19:28:59.283Z,178889573928300
"""rowan @ GthBpPSqaK"" calls 1.50",2026-09-08T19:28:58.418Z,178889573841800
"""R Y A N @ GO72Iwd2XL"" folds",2026-09-08T19:28:56.940Z,178889573694000
"""Will @ h_ZrezeXHs"" raises to 1.50",2026-09-08T19:28:53.355Z,178889573335500
"""rowan @ GthBpPSqaK"" posts a big blind of 0.50",2026-09-08T19:28:51.360Z,178889573136006
"""R Y A N @ GO72Iwd2XL"" posts a small blind of 0.25",2026-09-08T19:28:51.360Z,178889573136005
"Player stacks: #1 ""rowan @ GthBpPSqaK"" (157.46) | #3 ""Will @ h_ZrezeXHs"" (76.50) | #10 ""R Y A N @ GO72Iwd2XL"" (77.24)",2026-09-08T19:28:51.360Z,178889573136001
"-- starting hand #188 (id: m9bstjzs5ekg)  No Limit Texas Hold'em (dealer: ""Will @ h_ZrezeXHs"") --",2026-09-08T19:28:51.360Z,178889573136000
"""rowan @ GthBpPSqaK"" shows a 3♠, 7♣.",2026-09-08T19:28:46.338Z,178889572633800
"-- ending hand #187 --",2026-09-08T19:28:44.750Z,178889572475002
"""R Y A N @ GO72Iwd2XL"" collected 13.00 from pot",2026-09-08T19:28:44.750Z,178889572475001
"Uncalled bet of 6.50 returned to ""R Y A N @ GO72Iwd2XL""",2026-09-08T19:28:44.750Z,178889572475000
"""Will @ h_ZrezeXHs"" folds",2026-09-08T19:28:43.911Z,178889572391100
"""R Y A N @ GO72Iwd2XL"" bets 6.50",2026-09-08T19:28:42.912Z,178889572291200
"""Will @ h_ZrezeXHs"" checks",2026-09-08T19:28:38.994Z,178889571899400
"Flop:  [3♣, K♥, 7♥]",2026-09-08T19:28:37.661Z,178889571766100
"""Will @ h_ZrezeXHs"" calls 6.50",2026-09-08T19:28:36.836Z,178889571683600
"""R Y A N @ GO72Iwd2XL"" raises to 6.50",2026-09-08T19:28:35.458Z,178889571545800
"""Will @ h_ZrezeXHs"" raises to 2.00",2026-09-08T19:28:27.662Z,178889570766200
"""rowan @ GthBpPSqaK"" folds",2026-09-08T19:28:25.169Z,178889570516900
"""R Y A N @ GO72Iwd2XL"" posts a big blind of 0.50",2026-09-08T19:28:24.131Z,178889570413107
"""Will @ h_ZrezeXHs"" posts a small blind of 0.25",2026-09-08T19:28:24.131Z,178889570413106
"Player stacks: #1 ""rowan @ GthBpPSqaK"" (157.46) | #3 ""Will @ h_ZrezeXHs"" (83.00) | #10 ""R Y A N @ GO72Iwd2XL"" (70.74)",2026-09-08T19:28:24.131Z,178889570413102
"-- starting hand #187 (id: k7gnvmfhluxk)  No Limit Texas Hold'em (dealer: ""rowan @ GthBpPSqaK"") --",2026-09-08T19:28:24.131Z,178889570413101
"The admin updated the player ""Will @ h_ZrezeXHs"" stack from 33.00 to 83.00.",2026-09-08T19:28:24.131Z,178889570413100
"-- ending hand #186 --",2026-09-08T19:28:18.213Z,178889569821302
"""rowan @ GthBpPSqaK"" collected 10.50 from pot",2026-09-08T19:28:18.213Z,178889569821301
"Uncalled bet of 5.25 returned to ""rowan @ GthBpPSqaK""",2026-09-08T19:28:18.213Z,178889569821300
"""R Y A N @ GO72Iwd2XL"" folds",2026-09-08T19:28:17.346Z,178889569734600
"""rowan @ GthBpPSqaK"" bets 5.25",2026-09-08T19:28:14.432Z,178889569443200
"Turn: 2♥, 6♥, 3♦ [Q♣]",2026-09-08T19:28:12.058Z,178889569205800
"""R Y A N @ GO72Iwd2XL"" checks",2026-09-08T19:28:11.226Z,178889569122600
"""rowan @ GthBpPSqaK"" checks",2026-09-08T19:28:09.348Z,178889568934800
"Flop:  [2♥, 6♥, 3♦]",2026-09-08T19:28:07.207Z,178889568720700
"""R Y A N @ GO72Iwd2XL"" calls 5.00",2026-09-08T19:28:06.392Z,178889568639200
"""Will @ h_ZrezeXHs"" folds",2026-09-08T19:28:04.902Z,178889568490200
"""rowan @ GthBpPSqaK"" raises to 5.00",2026-09-08T19:28:03.987Z,178889568398700
"WARNING: the admin queued the stack change for the player ""Will @ h_ZrezeXHs"" adding 50.00 chips in the next hand.",2026-09-08T19:27:59.834Z,178889567983400
"""R Y A N @ GO72Iwd2XL"" raises to 1.50",2026-09-08T19:27:58.485Z,178889567848500
"""Will @ h_ZrezeXHs"" posts a big blind of 0.50",2026-09-08T19:27:54.769Z,178889567476906
"""rowan @ GthBpPSqaK"" posts a small blind of 0.25",2026-09-08T19:27:54.769Z,178889567476905
"Player stacks: #1 ""rowan @ GthBpPSqaK"" (151.96) | #3 ""Will @ h_ZrezeXHs"" (33.50) | #10 ""R Y A N @ GO72Iwd2XL"" (75.74)",2026-09-08T19:27:54.769Z,178889567476901
"-- starting hand #186 (id: yoihpuh7t0qa)  No Limit Texas Hold'em (dealer: ""R Y A N @ GO72Iwd2XL"") --",2026-09-08T19:27:54.769Z,178889567476900
"-- ending hand #185 --",2026-09-08T19:27:48.851Z,178889566885102
"""R Y A N @ GO72Iwd2XL"" collected 1.25 from pot",2026-09-08T19:27:48.851Z,178889566885101
"Uncalled bet of 1.00 returned to ""R Y A N @ GO72Iwd2XL""",2026-09-08T19:27:48.851Z,178889566885100
"""rowan @ GthBpPSqaK"" folds",2026-09-08T19:27:48.000Z,178889566800000
"""R Y A N @ GO72Iwd2XL"" bets 1.00",2026-09-08T19:27:46.997Z,178889566699700
"Flop:  [Q♦, 7♥, 9♣]",2026-09-08T19:27:42.761Z,178889566276100
"""rowan @ GthBpPSqaK"" checks",2026-09-08T19:27:41.957Z,178889566195700
"""R Y A N @ GO72Iwd2XL"" checks",2026-09-08T19:27:39.543Z,178889565954300
"""Will @ h_ZrezeXHs"" folds",2026-09-08T19:27:36.008Z,178889565600800
"""R Y A N @ GO72Iwd2XL"" posts a missed big blind of 0.50",2026-09-08T19:27:30.446Z,178889565044609
"""R Y A N @ GO72Iwd2XL"" posts a missing small blind of 0.25",2026-09-08T19:27:30.446Z,178889565044608
"""rowan @ GthBpPSqaK"" posts a big blind of 0.50",2026-09-08T19:27:30.446Z,178889565044607
"""R Y A N @ GO72Iwd2XL"" posts a small blind of 0.25",2026-09-08T19:27:30.446Z,178889565044606
"Player stacks: #1 ""rowan @ GthBpPSqaK"" (152.46) | #3 ""Will @ h_ZrezeXHs"" (33.50) | #10 ""R Y A N @ GO72Iwd2XL"" (75.24)",2026-09-08T19:27:30.446Z,178889565044602
"-- starting hand #185 (id: hljkbxebir5y)  No Limit Texas Hold'em (dealer: ""Will @ h_ZrezeXHs"") --",2026-09-08T19:27:30.446Z,178889565044601
"The player ""R Y A N @ GO72Iwd2XL"" joined the game with a stack of 75.24.",2026-09-08T19:27:30.446Z,178889565044600
"-- ending hand #184 --",2026-09-08T19:27:24.495Z,178889564449502
"""rowan @ GthBpPSqaK"" collected 35.00 from pot",2026-09-08T19:27:24.495Z,178889564449501
"Uncalled bet of 10.00 returned to ""rowan @ GthBpPSqaK""",2026-09-08T19:27:24.495Z,178889564449500
"""Will @ h_ZrezeXHs"" folds",2026-09-08T19:27:23.673Z,178889564367300
"The player ""R Y A N @ GO72Iwd2XL"" sit back with the stack of 75.24.",2026-09-08T19:26:59.070Z,178889561907000
"""rowan @ GthBpPSqaK"" raises to 17.50",2026-09-08T19:26:54.274Z,178889561427400
"""Will @ h_ZrezeXHs"" bets 7.50",2026-09-08T19:26:42.245Z,178889560224500
"Turn: 2♦, K♣, 9♠ [K♠]",2026-09-08T19:26:32.977Z,178889559297700
"""rowan @ GthBpPSqaK"" calls 4.00",2026-09-08T19:26:32.173Z,178889559217300
"""Will @ h_ZrezeXHs"" bets 4.00",2026-09-08T19:26:30.227Z,178889559022700
"Flop:  [2♦, K♣, 9♠]",2026-09-08T19:26:26.961Z,178889558696100
"""rowan @ GthBpPSqaK"" calls 6.00",2026-09-08T19:26:26.142Z,178889558614200
"""Will @ h_ZrezeXHs"" raises to 6.00",2026-09-08T19:26:24.299Z,178889558429900
"""rowan @ GthBpPSqaK"" raises to 1.50",2026-09-08T19:26:20.403Z,178889558040300
"""Will @ h_ZrezeXHs"" posts a big blind of 0.50",2026-09-08T19:26:17.549Z,178889557754905
"""rowan @ GthBpPSqaK"" posts a small blind of 0.25",2026-09-08T19:26:17.549Z,178889557754904
"Player stacks: #1 ""rowan @ GthBpPSqaK"" (134.96) | #3 ""Will @ h_ZrezeXHs"" (51.00)",2026-09-08T19:26:17.549Z,178889557754901
"-- starting hand #184 (id: 4x5qtnffqhbk)  No Limit Texas Hold'em (dealer: ""rowan @ GthBpPSqaK"") --",2026-09-08T19:26:17.549Z,178889557754900
"-- ending hand #183 --",2026-09-08T19:26:11.539Z,178889557153902
"""Will @ h_ZrezeXHs"" collected 3.00 from pot",2026-09-08T19:26:11.539Z,178889557153901
"Uncalled bet of 2.00 returned to ""Will @ h_ZrezeXHs""",2026-09-08T19:26:11.539Z,178889557153900
"""rowan @ GthBpPSqaK"" folds",2026-09-08T19:26:10.702Z,178889557070200
"""Will @ h_ZrezeXHs"" bets 2.00",2026-09-08T19:26:09.525Z,178889556952500
"""rowan @ GthBpPSqaK"" checks",2026-09-08T19:26:06.425Z,178889556642500
"Flop:  [10♣, K♦, 5♥]",2026-09-08T19:26:05.125Z,178889556512500
"""rowan @ GthBpPSqaK"" calls 1.50",2026-09-08T19:26:04.240Z,178889556424000
"""Will @ h_ZrezeXHs"" raises to 1.50",2026-09-08T19:26:02.267Z,178889556226700
"""rowan @ GthBpPSqaK"" posts a big blind of 0.50",2026-09-08T19:25:59.660Z,178889555966005
"""Will @ h_ZrezeXHs"" posts a small blind of 0.25",2026-09-08T19:25:59.660Z,178889555966004
"Player stacks: #1 ""rowan @ GthBpPSqaK"" (136.46) | #3 ""Will @ h_ZrezeXHs"" (49.50)",2026-09-08T19:25:59.660Z,178889555966001
"-- starting hand #183 (id: zxvzyilcedcc)  No Limit Texas Hold'em (dealer: ""Will @ h_ZrezeXHs"") --",2026-09-08T19:25:59.660Z,178889555966000
"-- ending hand #182 --",2026-09-08T19:25:53.654Z,178889555365403
"""Will @ h_ZrezeXHs"" collected 5.00 from pot with Pair, 9's (combination: 4♣, 7♦, 10♣, 9♠, 9♦)",2026-09-08T19:25:53.654Z,178889555365402
"""Will @ h_ZrezeXHs"" shows a 9♠, 7♦.",2026-09-08T19:25:53.654Z,178889555365401
"""rowan @ GthBpPSqaK"" shows a J♣, K♦.",2026-09-08T19:25:53.654Z,178889555365400
"""rowan @ GthBpPSqaK"" checks",2026-09-08T19:25:52.845Z,178889555284500
"""Will @ h_ZrezeXHs"" checks",2026-09-08T19:25:51.602Z,178889555160200
"River: 9♦, 10♣, 3♦, 4♣ [2♣]",2026-09-08T19:25:50.328Z,178889555032800
"""rowan @ GthBpPSqaK"" checks",2026-09-08T19:25:49.494Z,178889554949400
"""Will @ h_ZrezeXHs"" checks",2026-09-08T19:25:47.218Z,178889554721800
"Turn: 9♦, 10♣, 3♦ [4♣]",2026-09-08T19:25:46.328Z,178889554632800
"""Will @ h_ZrezeXHs"" calls 1.00",2026-09-08T19:25:45.516Z,178889554551600
"""rowan @ GthBpPSqaK"" bets 1.00",2026-09-08T19:25:43.894Z,178889554389400
"""Will @ h_ZrezeXHs"" checks",2026-09-08T19:25:40.183Z,178889554018300
"Flop:  [9♦, 10♣, 3♦]",2026-09-08T19:25:38.840Z,178889553884000
"""Will @ h_ZrezeXHs"" calls 1.50",2026-09-08T19:25:38.006Z,178889553800600
"""rowan @ GthBpPSqaK"" raises to 1.50",2026-09-08T19:25:37.039Z,178889553703900
"""Will @ h_ZrezeXHs"" posts a big blind of 0.50",2026-09-08T19:25:34.785Z,178889553478505
"""rowan @ GthBpPSqaK"" posts a small blind of 0.25",2026-09-08T19:25:34.785Z,178889553478504
"Player stacks: #1 ""rowan @ GthBpPSqaK"" (138.96) | #3 ""Will @ h_ZrezeXHs"" (47.00)",2026-09-08T19:25:34.785Z,178889553478501
"-- starting hand #182 (id: sdcgcblhmfeh)  No Limit Texas Hold'em (dealer: ""rowan @ GthBpPSqaK"") --",2026-09-08T19:25:34.785Z,178889553478500
"-- ending hand #181 --",2026-09-08T19:25:31.853Z,178889553185302
"""rowan @ GthBpPSqaK"" collected 6.00 from pot",2026-09-08T19:25:31.853Z,178889553185301
"Uncalled bet of 4.50 returned to ""rowan @ GthBpPSqaK""",2026-09-08T19:25:31.853Z,178889553185300
"""Will @ h_ZrezeXHs"" folds",2026-09-08T19:25:31.038Z,178889553103800
"""rowan @ GthBpPSqaK"" bets 4.50",2026-09-08T19:25:29.930Z,178889552993000
"River: J♠, 5♥, 7♥, 3♦ [5♠]",2026-09-08T19:25:24.922Z,178889552492200
"""Will @ h_ZrezeXHs"" calls 1.50",2026-09-08T19:25:24.085Z,178889552408500
"""rowan @ GthBpPSqaK"" bets 1.50",2026-09-08T19:25:21.880Z,178889552188000
"Turn: J♠, 5♥, 7♥ [3♦]",2026-09-08T19:25:18.771Z,178889551877100
"""Will @ h_ZrezeXHs"" checks",2026-09-08T19:25:17.940Z,178889551794000
"""rowan @ GthBpPSqaK"" checks",2026-09-08T19:25:15.877Z,178889551587700
"Flop:  [J♠, 5♥, 7♥]",2026-09-08T19:25:13.569Z,178889551356900
"""rowan @ GthBpPSqaK"" calls 1.50",2026-09-08T19:25:12.752Z,178889551275200
"""Will @ h_ZrezeXHs"" raises to 1.50",2026-09-08T19:25:10.157Z,178889551015700
"""rowan @ GthBpPSqaK"" posts a big blind of 0.50",2026-09-08T19:25:07.501Z,178889550750105
"""Will @ h_ZrezeXHs"" posts a small blind of 0.25",2026-09-08T19:25:07.501Z,178889550750104
"Player stacks: #1 ""rowan @ GthBpPSqaK"" (135.96) | #3 ""Will @ h_ZrezeXHs"" (50.00)",2026-09-08T19:25:07.501Z,178889550750101
"-- starting hand #181 (id: omt9pueqamwo)  No Limit Texas Hold'em (dealer: ""Will @ h_ZrezeXHs"") --",2026-09-08T19:25:07.501Z,178889550750100
"-- ending hand #180 --",2026-09-08T19:25:01.560Z,178889550156002
"""rowan @ GthBpPSqaK"" collected 1.00 from pot",2026-09-08T19:25:01.560Z,178889550156001
"Uncalled bet of 1.00 returned to ""rowan @ GthBpPSqaK""",2026-09-08T19:25:01.560Z,178889550156000
"""Will @ h_ZrezeXHs"" folds",2026-09-08T19:25:00.696Z,178889550069600
"""rowan @ GthBpPSqaK"" raises to 1.50",2026-09-08T19:24:59.704Z,178889549970400
"""Will @ h_ZrezeXHs"" posts a big blind of 0.50",2026-09-08T19:24:57.713Z,178889549771305
"""rowan @ GthBpPSqaK"" posts a small blind of 0.25",2026-09-08T19:24:57.713Z,178889549771304
"Player stacks: #1 ""rowan @ GthBpPSqaK"" (135.46) | #3 ""Will @ h_ZrezeXHs"" (50.50)",2026-09-08T19:24:57.713Z,178889549771301
"-- starting hand #180 (id: 2wjznl9xvzcd)  No Limit Texas Hold'em (dealer: ""rowan @ GthBpPSqaK"") --",2026-09-08T19:24:57.713Z,178889549771300
"-- ending hand #179 --",2026-09-08T19:24:51.796Z,178889549179602
"""Will @ h_ZrezeXHs"" collected 1.00 from pot",2026-09-08T19:24:51.796Z,178889549179601
"Uncalled bet of 1.00 returned to ""Will @ h_ZrezeXHs""",2026-09-08T19:24:51.796Z,178889549179600
"""rowan @ GthBpPSqaK"" folds",2026-09-08T19:24:50.980Z,178889549098000
"""Will @ h_ZrezeXHs"" raises to 1.50",2026-09-08T19:24:48.487Z,178889548848700
"""rowan @ GthBpPSqaK"" posts a big blind of 0.50",2026-09-08T19:24:45.436Z,178889548543612
"""Will @ h_ZrezeXHs"" posts a small blind of 0.25",2026-09-08T19:24:45.436Z,178889548543611
"Player stacks: #1 ""rowan @ GthBpPSqaK"" (135.96) | #3 ""Will @ h_ZrezeXHs"" (50.00)",2026-09-08T19:24:45.436Z,178889548543608
"The player ""R Y A N @ GO72Iwd2XL"" joined the game with a stack of 75.24.",2026-09-08T19:24:45.436Z,178889548543607
"The player ""1bulletonly @ xZS3GKnBtu"" joined the game with a stack of 244.88.",2026-09-08T19:24:45.436Z,178889548543606
"The player ""Rayan @ nhXZL_Cydv"" joined the game with a stack of 76.94.",2026-09-08T19:24:45.436Z,178889548543605
"The player ""Binkputer @ 6D7s410Ucp"" joined the game with a stack of 56.68.",2026-09-08T19:24:45.436Z,178889548543604
"The player ""Will @ h_ZrezeXHs"" joined the game with a stack of 50.00.",2026-09-08T19:24:45.436Z,178889548543603
"The player ""Heech @ wzsls5Sz57"" joined the game with a stack of 75.30.",2026-09-08T19:24:45.436Z,178889548543602
"The player ""rowan @ GthBpPSqaK"" joined the game with a stack of 135.96.",2026-09-08T19:24:45.436Z,178889548543601
"-- starting hand #179 (id: 2cis6d0t0qjm)  No Limit Texas Hold'em (dealer: ""Will @ h_ZrezeXHs"") --",2026-09-08T19:24:45.436Z,178889548543600
"The admin approved the player ""Will @ h_ZrezeXHs"" participation with a stack of 50.00.",2026-09-08T19:23:53.405Z,178889543340500
"The player ""Will @ h_ZrezeXHs"" requested a seat.",2026-09-08T19:23:51.919Z,178889543191900
"The player ""1bulletonly @ xZS3GKnBtu"" stand up with the stack of 244.88.",2026-09-08T18:34:39.685Z,178889247968500
"-- ending hand #178 --",2026-09-08T18:34:33.779Z,178889247377902
"""rowan @ GthBpPSqaK"" collected 0.50 from pot",2026-09-08T18:34:33.779Z,178889247377901
"Uncalled bet of 0.25 returned to ""rowan @ GthBpPSqaK""",2026-09-08T18:34:33.779Z,178889247377900
"""1bulletonly @ xZS3GKnBtu"" folds",2026-09-08T18:34:32.926Z,178889247292600
"""rowan @ GthBpPSqaK"" posts a big blind of 0.50",2026-09-08T18:34:25.196Z,178889246519605
"""1bulletonly @ xZS3GKnBtu"" posts a small blind of 0.25",2026-09-08T18:34:25.196Z,178889246519604
"Player stacks: #1 ""rowan @ GthBpPSqaK"" (135.71) | #9 ""1bulletonly @ xZS3GKnBtu"" (245.13)",2026-09-08T18:34:25.196Z,178889246519601
"-- starting hand #178 (id: pclmnocpqtra)  No Limit Texas Hold'em (dealer: ""1bulletonly @ xZS3GKnBtu"") --",2026-09-08T18:34:25.196Z,178889246519600
"-- ending hand #177 --",2026-09-08T18:34:19.172Z,178889245917203
"""1bulletonly @ xZS3GKnBtu"" collected 1.00 from pot with Pair, 2's (combination: J♦, Q♥, K♦, 2♣, 2♦)",2026-09-08T18:34:19.172Z,178889245917202
"""1bulletonly @ xZS3GKnBtu"" shows a 3♦, K♦.",2026-09-08T18:34:19.172Z,178889245917201
"""rowan @ GthBpPSqaK"" shows a 10♣, 6♠.",2026-09-08T18:34:19.172Z,178889245917200
"""rowan @ GthBpPSqaK"" checks",2026-09-08T18:34:18.346Z,178889245834600
"""1bulletonly @ xZS3GKnBtu"" checks",2026-09-08T18:34:17.487Z,178889245748700
"River: Q♥, 2♣, 2♦, 9♠ [J♦]",2026-09-08T18:34:16.500Z,178889245650000
"""rowan @ GthBpPSqaK"" checks",2026-09-08T18:34:15.673Z,178889245567300
"""1bulletonly @ xZS3GKnBtu"" checks",2026-09-08T18:34:14.223Z,178889245422300
"Turn: Q♥, 2♣, 2♦ [9♠]",2026-09-08T18:34:13.040Z,178889245304000
"""rowan @ GthBpPSqaK"" checks",2026-09-08T18:34:12.231Z,178889245223100
"""1bulletonly @ xZS3GKnBtu"" checks",2026-09-08T18:34:08.651Z,178889244865100
"Flop:  [Q♥, 2♣, 2♦]",2026-09-08T18:34:07.183Z,178889244718300
"""1bulletonly @ xZS3GKnBtu"" checks",2026-09-08T18:34:06.364Z,178889244636400
"""rowan @ GthBpPSqaK"" calls 0.50",2026-09-08T18:33:55.412Z,178889243541200
"""1bulletonly @ xZS3GKnBtu"" posts a big blind of 0.50",2026-09-08T18:33:48.503Z,178889242850305
"""rowan @ GthBpPSqaK"" posts a small blind of 0.25",2026-09-08T18:33:48.503Z,178889242850304
"Player stacks: #1 ""rowan @ GthBpPSqaK"" (136.21) | #9 ""1bulletonly @ xZS3GKnBtu"" (244.63)",2026-09-08T18:33:48.503Z,178889242850301
"-- starting hand #177 (id: fnwzbskdmrse)  No Limit Texas Hold'em (dealer: ""rowan @ GthBpPSqaK"") --",2026-09-08T18:33:48.503Z,178889242850300
"""rowan @ GthBpPSqaK"" shows a A♠, 8♦.",2026-09-08T18:33:45.807Z,178889242580700
"-- ending hand #176 --",2026-09-08T18:33:44.891Z,178889242489102
"""1bulletonly @ xZS3GKnBtu"" collected 25.00 from pot",2026-09-08T18:33:44.891Z,178889242489101
"Uncalled bet of 18.75 returned to ""1bulletonly @ xZS3GKnBtu""",2026-09-08T18:33:44.891Z,178889242489100
"""rowan @ GthBpPSqaK"" folds",2026-09-08T18:33:44.079Z,178889242407900
"""1bulletonly @ xZS3GKnBtu"" bets 18.75",2026-09-08T18:33:40.774Z,178889242077400
"""rowan @ GthBpPSqaK"" checks",2026-09-08T18:33:35.909Z,178889241590900
"River: 7♦, 8♣, 6♠, 7♣ [10♣]",2026-09-08T18:33:34.854Z,178889241485400
"""rowan @ GthBpPSqaK"" calls 6.25",2026-09-08T18:33:34.042Z,178889241404200
"""1bulletonly @ xZS3GKnBtu"" bets 6.25",2026-09-08T18:33:32.617Z,178889241261700
"""rowan @ GthBpPSqaK"" checks",2026-09-08T18:33:28.667Z,178889240866700
"Turn: 7♦, 8♣, 6♠ [7♣]",2026-09-08T18:33:27.511Z,178889240751100
"""rowan @ GthBpPSqaK"" calls 3.75",2026-09-08T18:33:26.690Z,178889240669000
"""1bulletonly @ xZS3GKnBtu"" bets 3.75",2026-09-08T18:33:25.044Z,178889240504400
"""rowan @ GthBpPSqaK"" checks",2026-09-08T18:33:21.980Z,178889240198000
"Flop:  [7♦, 8♣, 6♠]",2026-09-08T18:33:20.563Z,178889240056300
"""rowan @ GthBpPSqaK"" calls 2.50",2026-09-08T18:33:19.755Z,178889239975500
"""1bulletonly @ xZS3GKnBtu"" raises to 2.50",2026-09-08T18:33:17.909Z,178889239790900
"""rowan @ GthBpPSqaK"" posts a big blind of 0.50",2026-09-08T18:33:15.047Z,178889239504705
"""1bulletonly @ xZS3GKnBtu"" posts a small blind of 0.25",2026-09-08T18:33:15.047Z,178889239504704
"Player stacks: #1 ""rowan @ GthBpPSqaK"" (148.71) | #9 ""1bulletonly @ xZS3GKnBtu"" (232.13)",2026-09-08T18:33:15.047Z,178889239504701
"-- starting hand #176 (id: 9krnwx3exvph)  No Limit Texas Hold'em (dealer: ""1bulletonly @ xZS3GKnBtu"") --",2026-09-08T18:33:15.047Z,178889239504700
"-- ending hand #175 --",2026-09-08T18:33:09.097Z,178889238909702
"""rowan @ GthBpPSqaK"" collected 1.00 from pot",2026-09-08T18:33:09.097Z,178889238909701
"Uncalled bet of 1.50 returned to ""rowan @ GthBpPSqaK""",2026-09-08T18:33:09.097Z,178889238909700
"""1bulletonly @ xZS3GKnBtu"" folds",2026-09-08T18:33:08.283Z,178889238828300
"""rowan @ GthBpPSqaK"" raises to 2.00",2026-09-08T18:33:06.380Z,178889238638000
"""1bulletonly @ xZS3GKnBtu"" posts a big blind of 0.50",2026-09-08T18:33:02.979Z,178889238297906
"""rowan @ GthBpPSqaK"" posts a small blind of 0.25",2026-09-08T18:33:02.979Z,178889238297905
"Player stacks: #1 ""rowan @ GthBpPSqaK"" (148.21) | #9 ""1bulletonly @ xZS3GKnBtu"" (232.63)",2026-09-08T18:33:02.979Z,178889238297902
"-- starting hand #175 (id: ssftdtkmudx4)  No Limit Texas Hold'em (dealer: ""rowan @ GthBpPSqaK"") --",2026-09-08T18:33:02.979Z,178889238297901
"The player ""Binkputer @ 6D7s410Ucp"" stand up with the stack of 56.68.",2026-09-08T18:33:02.979Z,178889238297900
"-- ending hand #174 --",2026-09-08T18:32:57.074Z,178889237707402
"""1bulletonly @ xZS3GKnBtu"" collected 6.75 from pot",2026-09-08T18:32:57.074Z,178889237707401
"Uncalled bet of 5.06 returned to ""1bulletonly @ xZS3GKnBtu""",2026-09-08T18:32:57.074Z,178889237707400
"""Binkputer @ 6D7s410Ucp"" folds",2026-09-08T18:32:56.269Z,178889237626900
"""rowan @ GthBpPSqaK"" folds",2026-09-08T18:32:55.427Z,178889237542700
"""1bulletonly @ xZS3GKnBtu"" bets 5.06",2026-09-08T18:32:54.296Z,178889237429600
"""Binkputer @ 6D7s410Ucp"" checks",2026-09-08T18:32:50.192Z,178889237019200
"""rowan @ GthBpPSqaK"" checks",2026-09-08T18:32:49.276Z,178889236927600
"Flop:  [J♣, 4♥, 4♠]",2026-09-08T18:32:47.950Z,178889236795000
"""Binkputer @ 6D7s410Ucp"" calls 2.25",2026-09-08T18:32:47.096Z,178889236709600
"""rowan @ GthBpPSqaK"" calls 2.25",2026-09-08T18:32:46.199Z,178889236619900
"""1bulletonly @ xZS3GKnBtu"" raises to 2.25",2026-09-08T18:32:44.589Z,178889236458900
"""Binkputer @ 6D7s410Ucp"" posts a big blind of 0.50",2026-09-08T18:32:39.272Z,178889235927207
"""rowan @ GthBpPSqaK"" posts a small blind of 0.25",2026-09-08T18:32:39.272Z,178889235927206
"Player stacks: #1 ""rowan @ GthBpPSqaK"" (150.46) | #7 ""Binkputer @ 6D7s410Ucp"" (58.93) | #9 ""1bulletonly @ xZS3GKnBtu"" (228.13)",2026-09-08T18:32:39.272Z,178889235927202
"-- starting hand #174 (id: iip9uwu8twgm)  No Limit Texas Hold'em (dealer: ""1bulletonly @ xZS3GKnBtu"") --",2026-09-08T18:32:39.272Z,178889235927201
"The player ""Rayan @ nhXZL_Cydv"" stand up with the stack of 76.94.",2026-09-08T18:32:39.272Z,178889235927200
"""Binkputer @ 6D7s410Ucp"" shows a A♠, 5♠.",2026-09-08T18:32:33.898Z,178889235389800
"-- ending hand #173 --",2026-09-08T18:32:32.770Z,178889235277002
"""rowan @ GthBpPSqaK"" collected 30.45 from pot with Two Pair, 9's & 4's (combination: A♥, 4♥, 4♠, 9♥, 9♣)",2026-09-08T18:32:32.770Z,178889235277001
"""rowan @ GthBpPSqaK"" shows a 4♥, 9♥.",2026-09-08T18:32:32.770Z,178889235277000
"""Binkputer @ 6D7s410Ucp"" checks",2026-09-08T18:32:31.962Z,178889235196200
"""rowan @ GthBpPSqaK"" checks",2026-09-08T18:32:30.649Z,178889235064900
"River: 2♠, 4♠, 6♦, 9♣ [A♥]",2026-09-08T18:32:28.636Z,178889234863600
"""Binkputer @ 6D7s410Ucp"" calls 10.98",2026-09-08T18:32:27.813Z,178889234781300
"""rowan @ GthBpPSqaK"" raises to 10.98",2026-09-08T18:32:25.194Z,178889234519400
"""Binkputer @ 6D7s410Ucp"" bets 4.24",2026-09-08T18:32:20.364Z,178889234036400
"""rowan @ GthBpPSqaK"" checks",2026-09-08T18:32:18.055Z,178889233805500
"Turn: 2♠, 4♠, 6♦ [9♣]",2026-09-08T18:32:16.137Z,178889233613700
"""rowan @ GthBpPSqaK"" calls 2.12",2026-09-08T18:32:15.313Z,178889233531300
"""Binkputer @ 6D7s410Ucp"" bets 2.12",2026-09-08T18:32:13.610Z,178889233361000
"""rowan @ GthBpPSqaK"" checks",2026-09-08T18:32:11.405Z,178889233140500
"Flop:  [2♠, 4♠, 6♦]",2026-09-08T18:32:09.615Z,178889232961500
"""rowan @ GthBpPSqaK"" calls 2.00",2026-09-08T18:32:08.764Z,178889232876400
"""1bulletonly @ xZS3GKnBtu"" folds",2026-09-08T18:32:03.702Z,178889232370200
"""Rayan @ nhXZL_Cydv"" folds",2026-09-08T18:32:02.736Z,178889232273600
"""Binkputer @ 6D7s410Ucp"" raises to 2.00",2026-09-08T18:32:00.563Z,178889232056300
"""rowan @ GthBpPSqaK"" posts a big blind of 0.50",2026-09-08T18:31:58.366Z,178889231836607
"""1bulletonly @ xZS3GKnBtu"" posts a small blind of 0.25",2026-09-08T18:31:58.366Z,178889231836606
"Player stacks: #1 ""rowan @ GthBpPSqaK"" (135.11) | #7 ""Binkputer @ 6D7s410Ucp"" (74.03) | #8 ""Rayan @ nhXZL_Cydv"" (76.94) | #9 ""1bulletonly @ xZS3GKnBtu"" (228.38)",2026-09-08T18:31:58.366Z,178889231836601
"-- starting hand #173 (id: wkcpu4wtp9mq)  No Limit Texas Hold'em (dealer: ""Rayan @ nhXZL_Cydv"") --",2026-09-08T18:31:58.366Z,178889231836600
"""Binkputer @ 6D7s410Ucp"" shows a 7♥, 7♦.",2026-09-08T18:31:53.348Z,178889231334800
"-- ending hand #172 --",2026-09-08T18:31:51.848Z,178889231184802
"""1bulletonly @ xZS3GKnBtu"" collected 48.00 from pot with Two Pair, K's & 6's (combination: A♥, 6♣, 6♠, K♣, K♥)",2026-09-08T18:31:51.848Z,178889231184801
"""1bulletonly @ xZS3GKnBtu"" shows a A♥, K♣.",2026-09-08T18:31:51.848Z,178889231184800
"""Rayan @ nhXZL_Cydv"" calls 0.50",2026-09-08T18:31:51.014Z,178889231101400
"""1bulletonly @ xZS3GKnBtu"" bets 0.50",2026-09-08T18:31:47.770Z,178889230777000
"""Rayan @ nhXZL_Cydv"" checks",2026-09-08T18:31:46.445Z,178889230644500
"River: K♥, 10♦, 6♣, 6♠ [J♦]",2026-09-08T18:31:45.185Z,178889230518500
"""Binkputer @ 6D7s410Ucp"" folds",2026-09-08T18:31:44.370Z,178889230437000
"""1bulletonly @ xZS3GKnBtu"" calls 11.50",2026-09-08T18:31:43.505Z,178889230350500
"""Rayan @ nhXZL_Cydv"" bets 11.50",2026-09-08T18:31:37.828Z,178889229782800
"Turn: K♥, 10♦, 6♣ [6♠]",2026-09-08T18:31:29.384Z,178889228938400
"""Binkputer @ 6D7s410Ucp"" checks",2026-09-08T18:31:28.576Z,178889228857600
"""1bulletonly @ xZS3GKnBtu"" checks",2026-09-08T18:31:26.940Z,178889228694000
"""Rayan @ nhXZL_Cydv"" checks",2026-09-08T18:31:22.986Z,178889228298600
"Flop:  [K♥, 10♦, 6♣]",2026-09-08T18:31:21.576Z,178889228157600
"""Rayan @ nhXZL_Cydv"" calls 8.00",2026-09-08T18:31:20.746Z,178889228074600
"""Binkputer @ 6D7s410Ucp"" calls 8.00",2026-09-08T18:31:19.104Z,178889227910400
"""1bulletonly @ xZS3GKnBtu"" raises to 8.00",2026-09-08T18:31:17.631Z,178889227763100
"""Rayan @ nhXZL_Cydv"" calls 2.00",2026-09-08T18:31:10.090Z,178889227009000
"""Binkputer @ 6D7s410Ucp"" raises to 2.00",2026-09-08T18:31:08.458Z,178889226845800
"""rowan @ GthBpPSqaK"" folds",2026-09-08T18:31:04.917Z,178889226491700
"""1bulletonly @ xZS3GKnBtu"" posts a big blind of 0.50",2026-09-08T18:31:03.740Z,178889226374007
"""Rayan @ nhXZL_Cydv"" posts a small blind of 0.25",2026-09-08T18:31:03.740Z,178889226374006
"Player stacks: #1 ""rowan @ GthBpPSqaK"" (135.11) | #7 ""Binkputer @ 6D7s410Ucp"" (82.03) | #8 ""Rayan @ nhXZL_Cydv"" (96.94) | #9 ""1bulletonly @ xZS3GKnBtu"" (200.38)",2026-09-08T18:31:03.740Z,178889226374001
"-- starting hand #172 (id: 0vkmeg0ona1n)  No Limit Texas Hold'em (dealer: ""Binkputer @ 6D7s410Ucp"") --",2026-09-08T18:31:03.740Z,178889226374000
"-- ending hand #171 --",2026-09-08T18:30:57.837Z,178889225783702
"""Binkputer @ 6D7s410Ucp"" collected 7.50 from pot",2026-09-08T18:30:57.837Z,178889225783701
"Uncalled bet of 3.75 returned to ""Binkputer @ 6D7s410Ucp""",2026-09-08T18:30:57.837Z,178889225783700
"""rowan @ GthBpPSqaK"" folds",2026-09-08T18:30:56.971Z,178889225697100
"""Binkputer @ 6D7s410Ucp"" bets 3.75",2026-09-08T18:30:55.457Z,178889225545700
"Turn: 7♠, 5♦, 5♣ [9♥]",2026-09-08T18:30:52.653Z,178889225265300
"""rowan @ GthBpPSqaK"" checks",2026-09-08T18:30:51.846Z,178889225184600
"""Binkputer @ 6D7s410Ucp"" checks",2026-09-08T18:30:50.453Z,178889225045300
"Flop:  [7♠, 5♦, 5♣]",2026-09-08T18:30:48.995Z,178889224899500
"""rowan @ GthBpPSqaK"" calls 3.50",2026-09-08T18:30:48.151Z,178889224815100
"""Rayan @ nhXZL_Cydv"" folds",2026-09-08T18:30:44.092Z,178889224409200
"""Binkputer @ 6D7s410Ucp"" raises to 3.50",2026-09-08T18:30:42.745Z,178889224274500
"""rowan @ GthBpPSqaK"" calls 0.50",2026-09-08T18:30:40.212Z,178889224021200
"""1bulletonly @ xZS3GKnBtu"" folds",2026-09-08T18:30:39.172Z,178889223917200
"""Rayan @ nhXZL_Cydv"" posts a big blind of 0.50",2026-09-08T18:30:36.013Z,178889223601308
"""Binkputer @ 6D7s410Ucp"" posts a small blind of 0.25",2026-09-08T18:30:36.013Z,178889223601307
"Player stacks: #1 ""rowan @ GthBpPSqaK"" (138.61) | #7 ""Binkputer @ 6D7s410Ucp"" (78.03) | #8 ""Rayan @ nhXZL_Cydv"" (97.44) | #9 ""1bulletonly @ xZS3GKnBtu"" (200.38)",2026-09-08T18:30:36.013Z,178889223601302
"-- starting hand #171 (id: hdszamgvsqzc)  No Limit Texas Hold'em (dealer: ""rowan @ GthBpPSqaK"") --",2026-09-08T18:30:36.013Z,178889223601301
"The admin updated the player ""rowan @ GthBpPSqaK"" stack from 88.61 to 138.61.",2026-09-08T18:30:36.013Z,178889223601300
"-- ending hand #170 --",2026-09-08T18:30:29.981Z,178889222998102
"""Rayan @ nhXZL_Cydv"" collected 15.75 from pot with Two Pair, A's & 3's (combination: Q♠, 3♥, 3♠, A♦, A♥)",2026-09-08T18:30:29.981Z,178889222998101
"""Rayan @ nhXZL_Cydv"" shows a 3♥, A♦.",2026-09-08T18:30:29.981Z,178889222998100
"""1bulletonly @ xZS3GKnBtu"" calls 5.25",2026-09-08T18:30:29.118Z,178889222911800
"""Rayan @ nhXZL_Cydv"" bets 5.25",2026-09-08T18:30:26.906Z,178889222690600
"River: 3♠, 7♣, A♥, Q♠ [4♣]",2026-09-08T18:30:23.978Z,178889222397800
"""Rayan @ nhXZL_Cydv"" calls 1.75",2026-09-08T18:30:23.065Z,178889222306500
"""Binkputer @ 6D7s410Ucp"" folds",2026-09-08T18:30:21.807Z,178889222180700
"""1bulletonly @ xZS3GKnBtu"" bets 1.75",2026-09-08T18:30:20.863Z,178889222086300
"WARNING: the admin queued the stack change for the player ""rowan @ GthBpPSqaK"" adding 50.00 chips in the next hand.",2026-09-08T18:30:13.821Z,178889221382100
"""Rayan @ nhXZL_Cydv"" checks",2026-09-08T18:30:07.926Z,178889220792600
"""Binkputer @ 6D7s410Ucp"" checks",2026-09-08T18:30:06.621Z,178889220662100
"Turn: 3♠, 7♣, A♥ [Q♠]",2026-09-08T18:30:05.972Z,178889220597200
"""1bulletonly @ xZS3GKnBtu"" checks",2026-09-08T18:30:05.055Z,178889220505500
"""Rayan @ nhXZL_Cydv"" checks",2026-09-08T18:30:04.181Z,178889220418100
"""Binkputer @ 6D7s410Ucp"" checks",2026-09-08T18:30:02.565Z,178889220256500
"Flop:  [3♠, 7♣, A♥]",2026-09-08T18:30:01.226Z,178889220122600
"""Binkputer @ 6D7s410Ucp"" checks",2026-09-08T18:30:00.376Z,178889220037600
"""rowan @ GthBpPSqaK"" folds",2026-09-08T18:29:59.426Z,178889219942600
"""1bulletonly @ xZS3GKnBtu"" calls 0.50",2026-09-08T18:29:58.564Z,178889219856400
"""Rayan @ nhXZL_Cydv"" calls 0.50",2026-09-08T18:29:57.259Z,178889219725900
"""Binkputer @ 6D7s410Ucp"" posts a big blind of 0.50",2026-09-08T18:29:55.769Z,178889219576907
"""rowan @ GthBpPSqaK"" posts a small blind of 0.25",2026-09-08T18:29:55.769Z,178889219576906
"Player stacks: #1 ""rowan @ GthBpPSqaK"" (88.86) | #7 ""Binkputer @ 6D7s410Ucp"" (78.53) | #8 ""Rayan @ nhXZL_Cydv"" (89.19) | #9 ""1bulletonly @ xZS3GKnBtu"" (207.88)",2026-09-08T18:29:55.769Z,178889219576901
"-- starting hand #170 (id: va9bih5sxdwo)  No Limit Texas Hold'em (dealer: ""1bulletonly @ xZS3GKnBtu"") --",2026-09-08T18:29:55.769Z,178889219576900
"""Rayan @ nhXZL_Cydv"" shows a 7♥, 2♥.",2026-09-08T18:29:51.289Z,178889219128900
"-- ending hand #169 --",2026-09-08T18:29:49.164Z,178889218916402
"""1bulletonly @ xZS3GKnBtu"" collected 20.50 from pot",2026-09-08T18:29:49.164Z,178889218916401
"Uncalled bet of 10.25 returned to ""1bulletonly @ xZS3GKnBtu""",2026-09-08T18:29:49.164Z,178889218916400
"""Rayan @ nhXZL_Cydv"" folds",2026-09-08T18:29:48.316Z,178889218831600
"""1bulletonly @ xZS3GKnBtu"" bets 10.25",2026-09-08T18:29:47.377Z,178889218737700
"Flop:  [9♠, 10♣, 3♥]",2026-09-08T18:29:41.203Z,178889218120300
"""Rayan @ nhXZL_Cydv"" calls 9.00",2026-09-08T18:29:40.356Z,178889218035600
"""Binkputer @ 6D7s410Ucp"" folds",2026-09-08T18:29:36.900Z,178889217690000
"""rowan @ GthBpPSqaK"" folds",2026-09-08T18:29:36.045Z,178889217604500
"""1bulletonly @ xZS3GKnBtu"" raises to 9.00",2026-09-08T18:29:34.827Z,178889217482700
"""Rayan @ nhXZL_Cydv"" calls 2.00",2026-09-08T18:29:29.843Z,178889216984300
"""Binkputer @ 6D7s410Ucp"" raises to 2.00",2026-09-08T18:29:23.345Z,178889216334500
"""rowan @ GthBpPSqaK"" posts a big blind of 0.50",2026-09-08T18:29:20.550Z,178889216055007
"""1bulletonly @ xZS3GKnBtu"" posts a small blind of 0.25",2026-09-08T18:29:20.550Z,178889216055006
"Player stacks: #1 ""rowan @ GthBpPSqaK"" (89.36) | #7 ""Binkputer @ 6D7s410Ucp"" (80.53) | #8 ""Rayan @ nhXZL_Cydv"" (98.19) | #9 ""1bulletonly @ xZS3GKnBtu"" (196.38)",2026-09-08T18:29:20.550Z,178889216055001
"-- starting hand #169 (id: mmu5qbtfxwbf)  No Limit Texas Hold'em (dealer: ""Rayan @ nhXZL_Cydv"") --",2026-09-08T18:29:20.550Z,178889216055000
"""rowan @ GthBpPSqaK"" shows a 6♥, 7♣.",2026-09-08T18:29:14.916Z,178889215491600
"""Rayan @ nhXZL_Cydv"" shows a 4♦, 2♥.",2026-09-08T18:29:14.691Z,178889215469100
"-- ending hand #168 --",2026-09-08T18:29:13.542Z,178889215354202
"""1bulletonly @ xZS3GKnBtu"" collected 86.87 from pot with Full House, 5's over 8's (combination: 8♥, 8♠, 5♣, 5♦, 5♥)",2026-09-08T18:29:13.542Z,178889215354201
"""1bulletonly @ xZS3GKnBtu"" shows a 5♣, 8♥.",2026-09-08T18:29:13.542Z,178889215354200
"""rowan @ GthBpPSqaK"" calls 41.06",2026-09-08T18:29:12.720Z,178889215272000
"""1bulletonly @ xZS3GKnBtu"" raises to 41.06",2026-09-08T18:28:44.094Z,178889212409400
"""Binkputer @ 6D7s410Ucp"" folds",2026-09-08T18:28:24.585Z,178889210458500
"""rowan @ GthBpPSqaK"" raises to 15.00",2026-09-08T18:28:23.740Z,178889210374000
"""1bulletonly @ xZS3GKnBtu"" bets 4.75",2026-09-08T18:28:16.742Z,178889209674200
"River: 5♦, 5♥, 10♣, 9♣ [8♠]",2026-09-08T18:28:13.567Z,178889209356700
"""Binkputer @ 6D7s410Ucp"" checks",2026-09-08T18:28:12.751Z,178889209275100
"""rowan @ GthBpPSqaK"" checks",2026-09-08T18:28:10.112Z,178889209011200
"""1bulletonly @ xZS3GKnBtu"" checks",2026-09-08T18:28:09.149Z,178889208914900
"Turn: 5♦, 5♥, 10♣ [9♣]",2026-09-08T18:28:07.861Z,178889208786100
"""Binkputer @ 6D7s410Ucp"" checks",2026-09-08T18:28:07.055Z,178889208705500
"""rowan @ GthBpPSqaK"" checks",2026-09-08T18:28:06.165Z,178889208616500
"""1bulletonly @ xZS3GKnBtu"" checks",2026-09-08T18:28:05.271Z,178889208527100
"Flop:  [5♦, 5♥, 10♣]",2026-09-08T18:28:03.118Z,178889208311800
"""1bulletonly @ xZS3GKnBtu"" calls 1.50",2026-09-08T18:28:02.291Z,178889208229100
"""Rayan @ nhXZL_Cydv"" folds",2026-09-08T18:28:01.327Z,178889208132700
"""Binkputer @ 6D7s410Ucp"" calls 1.50",2026-09-08T18:28:00.328Z,178889208032800
"""rowan @ GthBpPSqaK"" raises to 1.50",2026-09-08T18:27:59.114Z,178889207911400
"""1bulletonly @ xZS3GKnBtu"" posts a big blind of 0.50",2026-09-08T18:27:57.075Z,178889207707507
"""Rayan @ nhXZL_Cydv"" posts a small blind of 0.25",2026-09-08T18:27:57.075Z,178889207707506
"Player stacks: #1 ""rowan @ GthBpPSqaK"" (131.92) | #7 ""Binkputer @ 6D7s410Ucp"" (82.03) | #8 ""Rayan @ nhXZL_Cydv"" (98.44) | #9 ""1bulletonly @ xZS3GKnBtu"" (152.07)",2026-09-08T18:27:57.075Z,178889207707501
"-- starting hand #168 (id: hcmwi8ynj8zb)  No Limit Texas Hold'em (dealer: ""Binkputer @ 6D7s410Ucp"") --",2026-09-08T18:27:57.075Z,178889207707500
"""Binkputer @ 6D7s410Ucp"" shows a A♦, A♣.",2026-09-08T18:27:54.304Z,178889207430400
"-- ending hand #167 --",2026-09-08T18:27:50.464Z,178889207046402
"""Binkputer @ 6D7s410Ucp"" collected 1.50 from pot",2026-09-08T18:27:50.464Z,178889207046401
"Uncalled bet of 3.00 returned to ""Binkputer @ 6D7s410Ucp""",2026-09-08T18:27:50.464Z,178889207046400
"""1bulletonly @ xZS3GKnBtu"" folds",2026-09-08T18:27:49.659Z,178889206965900
"""Rayan @ nhXZL_Cydv"" folds",2026-09-08T18:27:48.074Z,178889206807400
"""Binkputer @ 6D7s410Ucp"" raises to 3.50",2026-09-08T18:27:45.878Z,178889206587800
"""rowan @ GthBpPSqaK"" folds",2026-09-08T18:27:42.439Z,178889206243900
"""1bulletonly @ xZS3GKnBtu"" calls 0.50",2026-09-08T18:27:41.573Z,178889206157300
"""Rayan @ nhXZL_Cydv"" posts a big blind of 0.50",2026-09-08T18:27:39.460Z,178889205946007
"""Binkputer @ 6D7s410Ucp"" posts a small blind of 0.25",2026-09-08T18:27:39.460Z,178889205946006
"Player stacks: #1 ""rowan @ GthBpPSqaK"" (131.92) | #7 ""Binkputer @ 6D7s410Ucp"" (81.03) | #8 ""Rayan @ nhXZL_Cydv"" (98.94) | #9 ""1bulletonly @ xZS3GKnBtu"" (152.57)",2026-09-08T18:27:39.460Z,178889205946001
"-- starting hand #167 (id: vi2q4n2wpbx5)  No Limit Texas Hold'em (dealer: ""rowan @ GthBpPSqaK"") --",2026-09-08T18:27:39.460Z,178889205946000
"-- ending hand #166 --",2026-09-08T18:27:33.538Z,178889205353802
"""rowan @ GthBpPSqaK"" collected 1.50 from pot",2026-09-08T18:27:33.538Z,178889205353801
"Uncalled bet of 2.50 returned to ""rowan @ GthBpPSqaK""",2026-09-08T18:27:33.538Z,178889205353800
"""Rayan @ nhXZL_Cydv"" folds",2026-09-08T18:27:32.668Z,178889205266800
"""Binkputer @ 6D7s410Ucp"" folds",2026-09-08T18:27:31.547Z,178889205154700
"""rowan @ GthBpPSqaK"" raises to 3.00",2026-09-08T18:27:15.313Z,178889203531300
"""1bulletonly @ xZS3GKnBtu"" folds",2026-09-08T18:27:11.439Z,178889203143900
"""Rayan @ nhXZL_Cydv"" calls 0.50",2026-09-08T18:27:10.575Z,178889203057500
"""Binkputer @ 6D7s410Ucp"" posts a big blind of 0.50",2026-09-08T18:27:08.491Z,178889202849107
"""rowan @ GthBpPSqaK"" posts a small blind of 0.25",2026-09-08T18:27:08.491Z,178889202849106
"Player stacks: #1 ""rowan @ GthBpPSqaK"" (130.92) | #7 ""Binkputer @ 6D7s410Ucp"" (81.53) | #8 ""Rayan @ nhXZL_Cydv"" (99.44) | #9 ""1bulletonly @ xZS3GKnBtu"" (152.57)",2026-09-08T18:27:08.491Z,178889202849101
"-- starting hand #166 (id: 1kese8mizpsm)  No Limit Texas Hold'em (dealer: ""1bulletonly @ xZS3GKnBtu"") --",2026-09-08T18:27:08.491Z,178889202849100
"-- ending hand #165 --",2026-09-08T18:27:02.518Z,178889202251802
"""1bulletonly @ xZS3GKnBtu"" collected 1.50 from pot",2026-09-08T18:27:02.518Z,178889202251801
"Uncalled bet of 1.50 returned to ""1bulletonly @ xZS3GKnBtu""",2026-09-08T18:27:02.518Z,178889202251800
"""Rayan @ nhXZL_Cydv"" folds",2026-09-08T18:27:01.633Z,178889202163300
"""rowan @ GthBpPSqaK"" folds",2026-09-08T18:27:00.296Z,178889202029600
"""1bulletonly @ xZS3GKnBtu"" bets 1.50",2026-09-08T18:26:59.359Z,178889201935900
"Turn: 5♥, A♣, K♠ [7♠]",2026-09-08T18:26:56.859Z,178889201685900
"""Rayan @ nhXZL_Cydv"" checks",2026-09-08T18:26:56.023Z,178889201602300
"""rowan @ GthBpPSqaK"" checks",2026-09-08T18:26:54.164Z,178889201416400
"""1bulletonly @ xZS3GKnBtu"" checks",2026-09-08T18:26:53.283Z,178889201328300
"Flop:  [5♥, A♣, K♠]",2026-09-08T18:26:51.338Z,178889201133800
"""rowan @ GthBpPSqaK"" checks",2026-09-08T18:26:50.535Z,178889201053500
"""1bulletonly @ xZS3GKnBtu"" calls 0.50",2026-09-08T18:26:49.137Z,178889200913700
"""Rayan @ nhXZL_Cydv"" calls 0.50",2026-09-08T18:26:43.833Z,178889200383300
"""Binkputer @ 6D7s410Ucp"" folds",2026-09-08T18:26:42.123Z,178889200212300
"""rowan @ GthBpPSqaK"" posts a big blind of 0.50",2026-09-08T18:26:22.090Z,178889198209007
"""1bulletonly @ xZS3GKnBtu"" posts a small blind of 0.25",2026-09-08T18:26:22.090Z,178889198209006
"Player stacks: #1 ""rowan @ GthBpPSqaK"" (131.42) | #7 ""Binkputer @ 6D7s410Ucp"" (81.53) | #8 ""Rayan @ nhXZL_Cydv"" (99.94) | #9 ""1bulletonly @ xZS3GKnBtu"" (151.57)",2026-09-08T18:26:22.090Z,178889198209001
"-- starting hand #165 (id: qalifxuxa7eg)  No Limit Texas Hold'em (dealer: ""Rayan @ nhXZL_Cydv"") --",2026-09-08T18:26:22.090Z,178889198209000
"-- ending hand #164 --",2026-09-08T18:26:19.169Z,178889197916902
"""Rayan @ nhXZL_Cydv"" collected 12.00 from pot",2026-09-08T18:26:19.169Z,178889197916901
"Uncalled bet of 9.00 returned to ""Rayan @ nhXZL_Cydv""",2026-09-08T18:26:19.169Z,178889197916900
"""1bulletonly @ xZS3GKnBtu"" folds",2026-09-08T18:26:18.316Z,178889197831600
"""Rayan @ nhXZL_Cydv"" bets 9.00",2026-09-08T18:26:17.147Z,178889197714700
"River: 7♦, 6♦, 2♣, 2♥ [9♥]",2026-09-08T18:26:11.171Z,178889197117100
"""1bulletonly @ xZS3GKnBtu"" checks",2026-09-08T18:26:10.345Z,178889197034500
"""Rayan @ nhXZL_Cydv"" checks",2026-09-08T18:26:07.481Z,178889196748100
"Turn: 7♦, 6♦, 2♣ [2♥]",2026-09-08T18:26:06.239Z,178889196623900
"""Rayan @ nhXZL_Cydv"" calls 3.00",2026-09-08T18:26:05.410Z,178889196541000
"""1bulletonly @ xZS3GKnBtu"" bets 3.00",2026-09-08T18:25:59.929Z,178889195992900
"""Rayan @ nhXZL_Cydv"" checks",2026-09-08T18:25:56.228Z,178889195622800
"Flop:  [7♦, 6♦, 2♣]",2026-09-08T18:25:54.703Z,178889195470300
"""Rayan @ nhXZL_Cydv"" calls 3.00",2026-09-08T18:25:53.896Z,178889195389600
"""1bulletonly @ xZS3GKnBtu"" raises to 3.00",2026-09-08T18:25:51.798Z,178889195179800
"""Rayan @ nhXZL_Cydv"" calls 0.50",2026-09-08T18:25:48.416Z,178889194841600
"""Binkputer @ 6D7s410Ucp"" folds",2026-09-08T18:25:46.924Z,178889194692400
"""rowan @ GthBpPSqaK"" folds",2026-09-08T18:25:42.964Z,178889194296400
"""1bulletonly @ xZS3GKnBtu"" posts a big blind of 0.50",2026-09-08T18:25:41.739Z,178889194173907
"""Rayan @ nhXZL_Cydv"" posts a small blind of 0.25",2026-09-08T18:25:41.739Z,178889194173906
"Player stacks: #1 ""rowan @ GthBpPSqaK"" (131.42) | #7 ""Binkputer @ 6D7s410Ucp"" (81.53) | #8 ""Rayan @ nhXZL_Cydv"" (93.94) | #9 ""1bulletonly @ xZS3GKnBtu"" (157.57)",2026-09-08T18:25:41.739Z,178889194173901
"-- starting hand #164 (id: ewcng1p09uxb)  No Limit Texas Hold'em (dealer: ""Binkputer @ 6D7s410Ucp"") --",2026-09-08T18:25:41.739Z,178889194173900
"-- ending hand #163 --",2026-09-08T18:25:35.694Z,178889193569403
"""1bulletonly @ xZS3GKnBtu"" collected 65.00 from pot with Flush, K High (combination: 6♣, 7♣, 10♣, J♣, K♣)",2026-09-08T18:25:35.694Z,178889193569402
"""1bulletonly @ xZS3GKnBtu"" shows a 7♣, J♣.",2026-09-08T18:25:35.694Z,178889193569401
"""Binkputer @ 6D7s410Ucp"" shows a J♠, J♦.",2026-09-08T18:25:35.694Z,178889193569400
"""1bulletonly @ xZS3GKnBtu"" calls 11.50",2026-09-08T18:25:34.860Z,178889193486000
"""Binkputer @ 6D7s410Ucp"" bets 11.50",2026-09-08T18:25:31.440Z,178889193144000
"River: 10♣, J♥, 6♣, K♣ [4♦]",2026-09-08T18:25:21.726Z,178889192172600
"""1bulletonly @ xZS3GKnBtu"" checks",2026-09-08T18:25:20.893Z,178889192089300
"""Binkputer @ 6D7s410Ucp"" checks",2026-09-08T18:25:19.417Z,178889191941700
"Turn: 10♣, J♥, 6♣ [K♣]",2026-09-08T18:25:17.435Z,178889191743500
"""1bulletonly @ xZS3GKnBtu"" calls 15.75",2026-09-08T18:25:16.602Z,178889191660200
"""Rayan @ nhXZL_Cydv"" folds",2026-09-08T18:25:12.720Z,178889191272000
"""Binkputer @ 6D7s410Ucp"" raises to 15.75",2026-09-08T18:25:11.861Z,178889191186100
"""1bulletonly @ xZS3GKnBtu"" bets 5.25",2026-09-08T18:25:07.891Z,178889190789100
"""Rayan @ nhXZL_Cydv"" checks",2026-09-08T18:25:04.040Z,178889190404000
"""Binkputer @ 6D7s410Ucp"" checks",2026-09-08T18:25:02.876Z,178889190287600
"Flop:  [10♣, J♥, 6♣]",2026-09-08T18:25:01.195Z,178889190119500
"""1bulletonly @ xZS3GKnBtu"" calls 3.50",2026-09-08T18:25:00.341Z,178889190034100
"""Rayan @ nhXZL_Cydv"" calls 3.50",2026-09-08T18:24:59.042Z,178889189904200
"""Binkputer @ 6D7s410Ucp"" raises to 3.50",2026-09-08T18:24:57.070Z,178889189707000
"""rowan @ GthBpPSqaK"" folds",2026-09-08T18:24:53.823Z,178889189382300
"""1bulletonly @ xZS3GKnBtu"" calls 0.50",2026-09-08T18:24:52.959Z,178889189295900
"""Rayan @ nhXZL_Cydv"" posts a big blind of 0.50",2026-09-08T18:24:51.193Z,178889189119307
"""Binkputer @ 6D7s410Ucp"" posts a small blind of 0.25",2026-09-08T18:24:51.193Z,178889189119306
"Player stacks: #1 ""rowan @ GthBpPSqaK"" (131.42) | #7 ""Binkputer @ 6D7s410Ucp"" (112.28) | #8 ""Rayan @ nhXZL_Cydv"" (97.44) | #9 ""1bulletonly @ xZS3GKnBtu"" (123.32)",2026-09-08T18:24:51.193Z,178889189119301
"-- starting hand #163 (id: aoudjbjfuytk)  No Limit Texas Hold'em (dealer: ""rowan @ GthBpPSqaK"") --",2026-09-08T18:24:51.193Z,178889189119300
"""rowan @ GthBpPSqaK"" shows a A♠, 9♦.",2026-09-08T18:24:49.368Z,178889188936800
"""1bulletonly @ xZS3GKnBtu"" shows a A♥.",2026-09-08T18:24:47.600Z,178889188760000
"-- ending hand #162 --",2026-09-08T18:24:46.844Z,178889188684402
"""rowan @ GthBpPSqaK"" collected 6.24 from pot",2026-09-08T18:24:46.844Z,178889188684401
"Uncalled bet of 6.24 returned to ""rowan @ GthBpPSqaK""",2026-09-08T18:24:46.844Z,178889188684400
"""1bulletonly @ xZS3GKnBtu"" folds",2026-09-08T18:24:46.019Z,178889188601900
"""rowan @ GthBpPSqaK"" bets 6.24",2026-09-08T18:24:43.874Z,178889188387400
"River: 8♦, 9♣, K♥, A♦ [5♦]",2026-09-08T18:24:39.358Z,178889187935800
"""1bulletonly @ xZS3GKnBtu"" calls 1.87",2026-09-08T18:24:38.489Z,178889187848900
"""rowan @ GthBpPSqaK"" bets 1.87",2026-09-08T18:24:36.511Z,178889187651100
"Turn: 8♦, 9♣, K♥ [A♦]",2026-09-08T18:24:33.206Z,178889187320600
"""1bulletonly @ xZS3GKnBtu"" calls 0.50",2026-09-08T18:24:32.402Z,178889187240200
"""Binkputer @ 6D7s410Ucp"" folds",2026-09-08T18:24:31.365Z,178889187136500
"""rowan @ GthBpPSqaK"" bets 0.50",2026-09-08T18:24:27.011Z,178889186701100
"Flop:  [8♦, 9♣, K♥]",2026-09-08T18:24:25.240Z,178889186524000
"""Binkputer @ 6D7s410Ucp"" checks",2026-09-08T18:24:24.383Z,178889186438300
"""rowan @ GthBpPSqaK"" calls 0.50",2026-09-08T18:24:23.513Z,178889186351300
"""1bulletonly @ xZS3GKnBtu"" calls 0.50",2026-09-08T18:24:22.571Z,178889186257100
"""Rayan @ nhXZL_Cydv"" folds",2026-09-08T18:24:21.317Z,178889186131700
"""Binkputer @ 6D7s410Ucp"" posts a big blind of 0.50",2026-09-08T18:24:20.275Z,178889186027507
"""rowan @ GthBpPSqaK"" posts a small blind of 0.25",2026-09-08T18:24:20.275Z,178889186027506
"Player stacks: #1 ""rowan @ GthBpPSqaK"" (128.05) | #7 ""Binkputer @ 6D7s410Ucp"" (112.78) | #8 ""Rayan @ nhXZL_Cydv"" (97.44) | #9 ""1bulletonly @ xZS3GKnBtu"" (126.19)",2026-09-08T18:24:20.275Z,178889186027501
"-- starting hand #162 (id: 0ct7yxft7izz)  No Limit Texas Hold'em (dealer: ""1bulletonly @ xZS3GKnBtu"") --",2026-09-08T18:24:20.275Z,178889186027500
"-- ending hand #161 --",2026-09-08T18:24:14.351Z,178889185435102
"""rowan @ GthBpPSqaK"" collected 1.50 from pot",2026-09-08T18:24:14.351Z,178889185435101
"Uncalled bet of 2.50 returned to ""rowan @ GthBpPSqaK""",2026-09-08T18:24:14.351Z,178889185435100
"""1bulletonly @ xZS3GKnBtu"" folds",2026-09-08T18:24:13.485Z,178889185348500
"""Rayan @ nhXZL_Cydv"" folds",2026-09-08T18:24:12.536Z,178889185253600
"""rowan @ GthBpPSqaK"" raises to 3.00",2026-09-08T18:24:02.869Z,178889184286900
"""1bulletonly @ xZS3GKnBtu"" calls 0.50",2026-09-08T18:24:00.176Z,178889184017600
"""Rayan @ nhXZL_Cydv"" calls 0.50",2026-09-08T18:23:58.970Z,178889183897000
"""Binkputer @ 6D7s410Ucp"" folds",2026-09-08T18:23:57.292Z,178889183729200
"""rowan @ GthBpPSqaK"" posts a big blind of 0.50",2026-09-08T18:23:55.987Z,178889183598707
"""1bulletonly @ xZS3GKnBtu"" posts a small blind of 0.25",2026-09-08T18:23:55.987Z,178889183598706
"Player stacks: #1 ""rowan @ GthBpPSqaK"" (127.05) | #7 ""Binkputer @ 6D7s410Ucp"" (112.78) | #8 ""Rayan @ nhXZL_Cydv"" (97.94) | #9 ""1bulletonly @ xZS3GKnBtu"" (126.69)",2026-09-08T18:23:55.987Z,178889183598701
"-- starting hand #161 (id: fqa9v4jzvjle)  No Limit Texas Hold'em (dealer: ""Rayan @ nhXZL_Cydv"") --",2026-09-08T18:23:55.987Z,178889183598700
"-- ending hand #160 --",2026-09-08T18:23:49.955Z,178889182995503
"""rowan @ GthBpPSqaK"" collected 25.00 from pot with Pair, K's (combination: 5♣, 6♥, 8♣, K♥, K♣)",2026-09-08T18:23:49.955Z,178889182995502
"""rowan @ GthBpPSqaK"" shows a K♥, 4♥.",2026-09-08T18:23:49.955Z,178889182995501
"""Rayan @ nhXZL_Cydv"" shows a A♠, 8♦.",2026-09-08T18:23:49.955Z,178889182995500
"""rowan @ GthBpPSqaK"" checks",2026-09-08T18:23:49.116Z,178889182911600
"""Rayan @ nhXZL_Cydv"" checks",2026-09-08T18:23:47.819Z,178889182781900
"River: K♣, 3♥, 8♣, 6♥ [5♣]",2026-09-08T18:23:46.611Z,178889182661100
"""rowan @ GthBpPSqaK"" calls 6.50",2026-09-08T18:23:45.800Z,178889182580000
"""Rayan @ nhXZL_Cydv"" bets 6.50",2026-09-08T18:23:44.622Z,178889182462200
"Turn: K♣, 3♥, 8♣ [6♥]",2026-09-08T18:23:40.086Z,178889182008600
"""rowan @ GthBpPSqaK"" calls 3.00",2026-09-08T18:23:39.260Z,178889181926000
"""1bulletonly @ xZS3GKnBtu"" folds",2026-09-08T18:23:38.216Z,178889181821600
"""Rayan @ nhXZL_Cydv"" bets 3.00",2026-09-08T18:23:37.223Z,178889181722300
"Flop:  [K♣, 3♥, 8♣]",2026-09-08T18:23:30.942Z,178889181094200
"""1bulletonly @ xZS3GKnBtu"" calls 2.00",2026-09-08T18:23:30.108Z,178889181010800
"""Rayan @ nhXZL_Cydv"" calls 2.00",2026-09-08T18:23:27.925Z,178889180792500
"""Binkputer @ 6D7s410Ucp"" folds",2026-09-08T18:23:26.774Z,178889180677400
"""rowan @ GthBpPSqaK"" raises to 2.00",2026-09-08T18:23:25.911Z,178889180591100
"""1bulletonly @ xZS3GKnBtu"" posts a big blind of 0.50",2026-09-08T18:23:23.255Z,178889180325507
"""Rayan @ nhXZL_Cydv"" posts a small blind of 0.25",2026-09-08T18:23:23.255Z,178889180325506
"Player stacks: #1 ""rowan @ GthBpPSqaK"" (113.55) | #7 ""Binkputer @ 6D7s410Ucp"" (112.78) | #8 ""Rayan @ nhXZL_Cydv"" (109.44) | #9 ""1bulletonly @ xZS3GKnBtu"" (128.69)",2026-09-08T18:23:23.255Z,178889180325501
"-- starting hand #160 (id: ftvhlv2epqvr)  No Limit Texas Hold'em (dealer: ""Binkputer @ 6D7s410Ucp"") --",2026-09-08T18:23:23.255Z,178889180325500
"""Binkputer @ 6D7s410Ucp"" shows a 8♦, A♦.",2026-09-08T18:23:17.720Z,178889179772000
"""Rayan @ nhXZL_Cydv"" shows a 4♠, 5♣.",2026-09-08T18:23:16.892Z,178889179689200
"-- ending hand #159 --",2026-09-08T18:23:16.236Z,178889179623602
"""1bulletonly @ xZS3GKnBtu"" collected 26.00 from pot with Pair, A's (combination: 10♦, Q♦, K♦, A♣, A♥)",2026-09-08T18:23:16.236Z,178889179623601
"""1bulletonly @ xZS3GKnBtu"" shows a A♣, 10♦.",2026-09-08T18:23:16.236Z,178889179623600
"""Binkputer @ 6D7s410Ucp"" calls 5.00",2026-09-08T18:23:15.395Z,178889179539500
"""1bulletonly @ xZS3GKnBtu"" bets 5.00",2026-09-08T18:23:12.006Z,178889179200600
"""Binkputer @ 6D7s410Ucp"" checks",2026-09-08T18:23:07.592Z,178889178759200
"River: Q♦, 3♠, K♦, A♥ [2♥]",2026-09-08T18:23:05.689Z,178889178568900
"""1bulletonly @ xZS3GKnBtu"" calls 4.00",2026-09-08T18:23:04.848Z,178889178484800
"""Binkputer @ 6D7s410Ucp"" bets 4.00",2026-09-08T18:23:00.654Z,178889178065400
"Turn: Q♦, 3♠, K♦ [A♥]",2026-09-08T18:22:58.182Z,178889177818200
"""1bulletonly @ xZS3GKnBtu"" checks",2026-09-08T18:22:57.357Z,178889177735700
"""Binkputer @ 6D7s410Ucp"" checks",2026-09-08T18:22:54.569Z,178889177456900
"Flop:  [Q♦, 3♠, K♦]",2026-09-08T18:22:52.661Z,178889177266100
"""rowan @ GthBpPSqaK"" folds",2026-09-08T18:22:51.855Z,178889177185500
"""1bulletonly @ xZS3GKnBtu"" calls 3.50",2026-09-08T18:22:48.981Z,178889176898100
"""Rayan @ nhXZL_Cydv"" folds",2026-09-08T18:22:43.564Z,178889176356400
"""Binkputer @ 6D7s410Ucp"" raises to 3.50",2026-09-08T18:22:42.401Z,178889176240100
"""rowan @ GthBpPSqaK"" calls 0.50",2026-09-08T18:22:39.805Z,178889175980500
"""1bulletonly @ xZS3GKnBtu"" calls 0.50",2026-09-08T18:22:38.953Z,178889175895300
"""Rayan @ nhXZL_Cydv"" posts a big blind of 0.50",2026-09-08T18:22:37.749Z,178889175774907
"""Binkputer @ 6D7s410Ucp"" posts a small blind of 0.25",2026-09-08T18:22:37.749Z,178889175774906
"Player stacks: #1 ""rowan @ GthBpPSqaK"" (114.05) | #7 ""Binkputer @ 6D7s410Ucp"" (125.28) | #8 ""Rayan @ nhXZL_Cydv"" (109.94) | #9 ""1bulletonly @ xZS3GKnBtu"" (115.19)",2026-09-08T18:22:37.749Z,178889175774901
"-- starting hand #159 (id: stgjxwhwv9ez)  No Limit Texas Hold'em (dealer: ""rowan @ GthBpPSqaK"") --",2026-09-08T18:22:37.749Z,178889175774900
"""rowan @ GthBpPSqaK"" shows a 9♣, 10♦.",2026-09-08T18:22:34.402Z,178889175440200
"""Binkputer @ 6D7s410Ucp"" shows a 10♥, 9♠.",2026-09-08T18:22:33.783Z,178889175378300
"-- ending hand #158 --",2026-09-08T18:22:33.446Z,178889175344602
"""1bulletonly @ xZS3GKnBtu"" collected 6.00 from pot",2026-09-08T18:22:33.446Z,178889175344601
"Uncalled bet of 4.50 returned to ""1bulletonly @ xZS3GKnBtu""",2026-09-08T18:22:33.446Z,178889175344600
"""Rayan @ nhXZL_Cydv"" folds",2026-09-08T18:22:32.606Z,178889175260600
"""Binkputer @ 6D7s410Ucp"" folds",2026-09-08T18:22:26.523Z,178889174652300
"""rowan @ GthBpPSqaK"" folds",2026-09-08T18:22:25.678Z,178889174567800
"""1bulletonly @ xZS3GKnBtu"" bets 4.50",2026-09-08T18:22:13.071Z,178889173307100
"""Rayan @ nhXZL_Cydv"" checks",2026-09-08T18:22:10.220Z,178889173022000
"""Binkputer @ 6D7s410Ucp"" checks",2026-09-08T18:22:08.923Z,178889172892300
"""rowan @ GthBpPSqaK"" checks",2026-09-08T18:22:07.523Z,178889172752300
"River: 3♣, 10♣, 8♦, 4♦ [5♦]",2026-09-08T18:22:06.140Z,178889172614000
"""1bulletonly @ xZS3GKnBtu"" calls 0.50",2026-09-08T18:22:05.316Z,178889172531600
"""Rayan @ nhXZL_Cydv"" calls 0.50",2026-09-08T18:22:04.235Z,178889172423500
"""Binkputer @ 6D7s410Ucp"" calls 0.50",2026-09-08T18:22:03.186Z,178889172318600
"""rowan @ GthBpPSqaK"" bets 0.50",2026-09-08T18:22:01.357Z,178889172135700
"Turn: 3♣, 10♣, 8♦ [4♦]",2026-09-08T18:21:58.586Z,178889171858600
"""1bulletonly @ xZS3GKnBtu"" calls 0.50",2026-09-08T18:21:57.711Z,178889171771100
"""Rayan @ nhXZL_Cydv"" calls 0.50",2026-09-08T18:21:56.817Z,178889171681700
"""Binkputer @ 6D7s410Ucp"" calls 0.50",2026-09-08T18:21:55.730Z,178889171573000
"""rowan @ GthBpPSqaK"" bets 0.50",2026-09-08T18:21:54.239Z,178889171423900
"Flop:  [3♣, 10♣, 8♦]",2026-09-08T18:21:52.377Z,178889171237700
"""Binkputer @ 6D7s410Ucp"" checks",2026-09-08T18:21:51.554Z,178889171155400
"""rowan @ GthBpPSqaK"" calls 0.50",2026-09-08T18:21:50.117Z,178889171011700
"""1bulletonly @ xZS3GKnBtu"" calls 0.50",2026-09-08T18:21:49.265Z,178889170926500
"""Rayan @ nhXZL_Cydv"" calls 0.50",2026-09-08T18:21:48.172Z,178889170817200
"""Binkputer @ 6D7s410Ucp"" posts a big blind of 0.50",2026-09-08T18:21:46.681Z,178889170668107
"""rowan @ GthBpPSqaK"" posts a small blind of 0.25",2026-09-08T18:21:46.681Z,178889170668106
"Player stacks: #1 ""rowan @ GthBpPSqaK"" (115.55) | #7 ""Binkputer @ 6D7s410Ucp"" (126.78) | #8 ""Rayan @ nhXZL_Cydv"" (111.44) | #9 ""1bulletonly @ xZS3GKnBtu"" (110.69)",2026-09-08T18:21:46.681Z,178889170668101
"-- starting hand #158 (id: iqhepxjkz7ru)  No Limit Texas Hold'em (dealer: ""1bulletonly @ xZS3GKnBtu"") --",2026-09-08T18:21:46.681Z,178889170668100
"-- ending hand #157 --",2026-09-08T18:21:43.769Z,178889170376902
"""1bulletonly @ xZS3GKnBtu"" collected 6.50 from pot",2026-09-08T18:21:43.769Z,178889170376901
"Uncalled bet of 4.25 returned to ""1bulletonly @ xZS3GKnBtu""",2026-09-08T18:21:43.769Z,178889170376900
"""Rayan @ nhXZL_Cydv"" folds",2026-09-08T18:21:42.929Z,178889170292900
"""1bulletonly @ xZS3GKnBtu"" bets 4.25",2026-09-08T18:21:41.591Z,178889170159100
"River: J♠, 4♦, 6♣, K♣ [4♣]",2026-09-08T18:21:37.778Z,178889169777800
"""Rayan @ nhXZL_Cydv"" checks",2026-09-08T18:21:36.974Z,178889169697400
"""1bulletonly @ xZS3GKnBtu"" checks",2026-09-08T18:21:34.475Z,178889169447500
"Turn: J♠, 4♦, 6♣ [K♣]",2026-09-08T18:21:33.272Z,178889169327200
"""Rayan @ nhXZL_Cydv"" checks",2026-09-08T18:21:32.446Z,178889169244600
"""1bulletonly @ xZS3GKnBtu"" checks",2026-09-08T18:21:31.039Z,178889169103900
"Flop:  [J♠, 4♦, 6♣]",2026-09-08T18:21:27.067Z,178889168706700
"""Rayan @ nhXZL_Cydv"" calls 3.00",2026-09-08T18:21:26.242Z,178889168624200
"""rowan @ GthBpPSqaK"" folds",2026-09-08T18:21:22.675Z,178889168267500
"""1bulletonly @ xZS3GKnBtu"" raises to 3.00",2026-09-08T18:21:21.758Z,178889168175800
"""Rayan @ nhXZL_Cydv"" calls 0.50",2026-09-08T18:21:18.350Z,178889167835000
"""Binkputer @ 6D7s410Ucp"" folds",2026-09-08T18:21:16.147Z,178889167614700
"""rowan @ GthBpPSqaK"" posts a big blind of 0.50",2026-09-08T18:21:15.023Z,178889167502307
"""1bulletonly @ xZS3GKnBtu"" posts a small blind of 0.25",2026-09-08T18:21:15.023Z,178889167502306
"Player stacks: #1 ""rowan @ GthBpPSqaK"" (116.05) | #7 ""Binkputer @ 6D7s410Ucp"" (126.78) | #8 ""Rayan @ nhXZL_Cydv"" (114.44) | #9 ""1bulletonly @ xZS3GKnBtu"" (107.19)",2026-09-08T18:21:15.023Z,178889167502301
"-- starting hand #157 (id: jrudrftdpbqr)  No Limit Texas Hold'em (dealer: ""Rayan @ nhXZL_Cydv"") --",2026-09-08T18:21:15.023Z,178889167502300
"-- ending hand #156 --",2026-09-08T18:21:09.086Z,178889166908602
"""1bulletonly @ xZS3GKnBtu"" collected 5.50 from pot",2026-09-08T18:21:09.086Z,178889166908601
"Uncalled bet of 2.75 returned to ""1bulletonly @ xZS3GKnBtu""",2026-09-08T18:21:09.086Z,178889166908600
"""Rayan @ nhXZL_Cydv"" folds",2026-09-08T18:21:08.247Z,178889166824700
"""1bulletonly @ xZS3GKnBtu"" bets 2.75",2026-09-08T18:21:06.137Z,178889166613700
"""Rayan @ nhXZL_Cydv"" checks",2026-09-08T18:21:03.074Z,178889166307400
"Flop:  [3♣, 3♥, K♠]",2026-09-08T18:21:01.589Z,178889166158900
"""Rayan @ nhXZL_Cydv"" calls 2.50",2026-09-08T18:21:00.702Z,178889166070200
"""Binkputer @ 6D7s410Ucp"" folds",2026-09-08T18:20:55.557Z,178889165555700
"""1bulletonly @ xZS3GKnBtu"" raises to 2.50",2026-09-08T18:20:54.012Z,178889165401200
"""Rayan @ nhXZL_Cydv"" calls 0.50",2026-09-08T18:20:51.184Z,178889165118400
"""Binkputer @ 6D7s410Ucp"" calls 0.50",2026-09-08T18:20:45.880Z,178889164588000
"""rowan @ GthBpPSqaK"" folds",2026-09-08T18:20:45.020Z,178889164502000
"""1bulletonly @ xZS3GKnBtu"" posts a big blind of 0.50",2026-09-08T18:20:43.658Z,178889164365807
"""Rayan @ nhXZL_Cydv"" posts a small blind of 0.25",2026-09-08T18:20:43.658Z,178889164365806
"Player stacks: #1 ""rowan @ GthBpPSqaK"" (116.05) | #7 ""Binkputer @ 6D7s410Ucp"" (127.28) | #8 ""Rayan @ nhXZL_Cydv"" (116.94) | #9 ""1bulletonly @ xZS3GKnBtu"" (104.19)",2026-09-08T18:20:43.658Z,178889164365801
"-- starting hand #156 (id: renfterdb861)  No Limit Texas Hold'em (dealer: ""Binkputer @ 6D7s410Ucp"") --",2026-09-08T18:20:43.658Z,178889164365800
"-- ending hand #155 --",2026-09-08T18:20:40.751Z,178889164075102
"""Rayan @ nhXZL_Cydv"" collected 2.75 from pot",2026-09-08T18:20:40.751Z,178889164075101
"Uncalled bet of 3.25 returned to ""Rayan @ nhXZL_Cydv""",2026-09-08T18:20:40.751Z,178889164075100
"""1bulletonly @ xZS3GKnBtu"" folds",2026-09-08T18:20:39.856Z,178889163985600
"""Rayan @ nhXZL_Cydv"" bets 3.25",2026-09-08T18:20:37.989Z,178889163798900
"River: 10♦, 7♠, 6♣, 9♣ [7♥]",2026-09-08T18:20:34.445Z,178889163444500
"""1bulletonly @ xZS3GKnBtu"" checks",2026-09-08T18:20:33.633Z,178889163363300
"""Rayan @ nhXZL_Cydv"" checks",2026-09-08T18:20:27.105Z,178889162710500
"Turn: 10♦, 7♠, 6♣ [9♣]",2026-09-08T18:20:25.020Z,178889162502000
"""Rayan @ nhXZL_Cydv"" calls 0.50",2026-09-08T18:20:24.202Z,178889162420200
"""rowan @ GthBpPSqaK"" folds",2026-09-08T18:20:22.224Z,178889162222400
"""1bulletonly @ xZS3GKnBtu"" bets 0.50",2026-09-08T18:20:21.006Z,178889162100600
"""Rayan @ nhXZL_Cydv"" checks",2026-09-08T18:20:19.188Z,178889161918800
"Flop:  [10♦, 7♠, 6♣]",2026-09-08T18:20:17.113Z,178889161711300
"""Rayan @ nhXZL_Cydv"" checks",2026-09-08T18:20:16.281Z,178889161628100
"""Binkputer @ 6D7s410Ucp"" folds",2026-09-08T18:20:14.928Z,178889161492800
"""rowan @ GthBpPSqaK"" calls 0.50",2026-09-08T18:20:14.081Z,178889161408100
"""1bulletonly @ xZS3GKnBtu"" calls 0.50",2026-09-08T18:20:12.982Z,178889161298200
"""Rayan @ nhXZL_Cydv"" posts a big blind of 0.50",2026-09-08T18:20:11.291Z,178889161129107
"""Binkputer @ 6D7s410Ucp"" posts a small blind of 0.25",2026-09-08T18:20:11.291Z,178889161129106
"Player stacks: #1 ""rowan @ GthBpPSqaK"" (116.55) | #7 ""Binkputer @ 6D7s410Ucp"" (127.53) | #8 ""Rayan @ nhXZL_Cydv"" (115.19) | #9 ""1bulletonly @ xZS3GKnBtu"" (105.19)",2026-09-08T18:20:11.291Z,178889161129101
"-- starting hand #155 (id: yty8ft7favut)  No Limit Texas Hold'em (dealer: ""rowan @ GthBpPSqaK"") --",2026-09-08T18:20:11.291Z,178889161129100
"""Binkputer @ 6D7s410Ucp"" shows a 6♣, 5♦.",2026-09-08T18:20:08.289Z,178889160828900
"-- ending hand #154 --",2026-09-08T18:20:04.760Z,178889160476003
"""1bulletonly @ xZS3GKnBtu"" collected 47.49 from pot with Three of a Kind, J's (combination: 8♥, 10♥, J♥, J♣, J♦)",2026-09-08T18:20:04.760Z,178889160476002
"""1bulletonly @ xZS3GKnBtu"" shows a 4♦, J♥.",2026-09-08T18:20:04.760Z,178889160476001
"""Rayan @ nhXZL_Cydv"" shows a 6♦, 5♥.",2026-09-08T18:20:04.760Z,178889160476000
"""rowan @ GthBpPSqaK"" folds",2026-09-08T18:20:03.944Z,178889160394400
"""1bulletonly @ xZS3GKnBtu"" calls 11.87",2026-09-08T18:20:03.067Z,178889160306700
"""Rayan @ nhXZL_Cydv"" bets 11.87",2026-09-08T18:19:54.748Z,178889159474800
"""rowan @ GthBpPSqaK"" checks",2026-09-08T18:19:44.685Z,178889158468500
"River: 8♥, J♣, 6♠, 10♥ [J♦]",2026-09-08T18:19:42.607Z,178889158260700
"""1bulletonly @ xZS3GKnBtu"" checks",2026-09-08T18:19:41.766Z,178889158176600
"""Rayan @ nhXZL_Cydv"" checks",2026-09-08T18:19:39.603Z,178889157960300
"""rowan @ GthBpPSqaK"" checks",2026-09-08T18:19:36.777Z,178889157677700
"Turn: 8♥, J♣, 6♠ [10♥]",2026-09-08T18:19:34.859Z,178889157485900
"""1bulletonly @ xZS3GKnBtu"" calls 4.75",2026-09-08T18:19:34.012Z,178889157401200
"""Rayan @ nhXZL_Cydv"" calls 4.75",2026-09-08T18:19:31.742Z,178889157174200
"""rowan @ GthBpPSqaK"" bets 4.75",2026-09-08T18:19:29.270Z,178889156927000
"Flop:  [8♥, J♣, 6♠]",2026-09-08T18:19:25.597Z,178889156559700
"""1bulletonly @ xZS3GKnBtu"" calls 3.00",2026-09-08T18:19:24.758Z,178889156475800
"""Rayan @ nhXZL_Cydv"" calls 3.00",2026-09-08T18:19:22.368Z,178889156236800
"""Binkputer @ 6D7s410Ucp"" folds",2026-09-08T18:19:21.010Z,178889156101000
"""rowan @ GthBpPSqaK"" raises to 3.00",2026-09-08T18:19:20.150Z,178889156015000
"""1bulletonly @ xZS3GKnBtu"" calls 0.50",2026-09-08T18:19:17.465Z,178889155746500
"""Rayan @ nhXZL_Cydv"" calls 0.50",2026-09-08T18:19:16.145Z,178889155614500
"""Binkputer @ 6D7s410Ucp"" posts a big blind of 0.50",2026-09-08T18:19:14.872Z,178889155487207
"""rowan @ GthBpPSqaK"" posts a small blind of 0.25",2026-09-08T18:19:14.872Z,178889155487206
"Player stacks: #1 ""rowan @ GthBpPSqaK"" (124.30) | #7 ""Binkputer @ 6D7s410Ucp"" (128.03) | #8 ""Rayan @ nhXZL_Cydv"" (134.81) | #9 ""1bulletonly @ xZS3GKnBtu"" (77.32)",2026-09-08T18:19:14.872Z,178889155487201
"-- starting hand #154 (id: 8jjyrbwltc8a)  No Limit Texas Hold'em (dealer: ""1bulletonly @ xZS3GKnBtu"") --",2026-09-08T18:19:14.872Z,178889155487200
"""1bulletonly @ xZS3GKnBtu"" shows a 7♥, J♠.",2026-09-08T18:19:10.395Z,178889155039500
"""rowan @ GthBpPSqaK"" shows a Q♦, 8♠.",2026-09-08T18:19:09.283Z,178889154928300
"""Binkputer @ 6D7s410Ucp"" shows a 10♣, 2♦.",2026-09-08T18:19:07.779Z,178889154777900
"-- ending hand #153 --",2026-09-08T18:19:06.838Z,178889154683802
"""1bulletonly @ xZS3GKnBtu"" collected 4.00 from pot",2026-09-08T18:19:06.838Z,178889154683801
"Uncalled bet of 4.00 returned to ""1bulletonly @ xZS3GKnBtu""",2026-09-08T18:19:06.838Z,178889154683800
"""Rayan @ nhXZL_Cydv"" folds",2026-09-08T18:19:05.939Z,178889154593900
"""Binkputer @ 6D7s410Ucp"" folds",2026-09-08T18:19:04.836Z,178889154483600
"""rowan @ GthBpPSqaK"" folds",2026-09-08T18:19:03.915Z,178889154391500
"""1bulletonly @ xZS3GKnBtu"" bets 4.00",2026-09-08T18:19:02.897Z,178889154289700
"Flop (second board):  [9♣, 3♠, 3♥]",2026-09-08T18:18:59.537Z,178889153953701
"Flop:  [7♣, 4♥, 7♠]",2026-09-08T18:18:59.537Z,178889153953700
"""rowan @ GthBpPSqaK"" calls 1.00 (bomb pot bet)",2026-09-08T18:18:58.647Z,178889153864700
"""1bulletonly @ xZS3GKnBtu"" calls 1.00 (bomb pot bet)",2026-09-08T18:18:57.824Z,178889153782400
"""Rayan @ nhXZL_Cydv"" calls 1.00 (bomb pot bet)",2026-09-08T18:18:56.967Z,178889153696700
"""Binkputer @ 6D7s410Ucp"" posts a bet of 1.00 (bomb pot bet)",2026-09-08T18:18:56.112Z,178889153611200
"Player stacks: #1 ""rowan @ GthBpPSqaK"" (125.30) | #7 ""Binkputer @ 6D7s410Ucp"" (129.03) | #8 ""Rayan @ nhXZL_Cydv"" (135.81) | #9 ""1bulletonly @ xZS3GKnBtu"" (74.32)",2026-09-08T18:18:54.046Z,178889153404601
"-- starting hand #153 (id: xjp39gnrooiz)  No Limit Texas Hold'em (dealer: ""Rayan @ nhXZL_Cydv"") --",2026-09-08T18:18:54.046Z,178889153404600
"""1bulletonly @ xZS3GKnBtu"" shows a Q♦, J♦.",2026-09-08T18:18:49.225Z,178889152922500
"-- ending hand #152 --",2026-09-08T18:18:47.441Z,178889152744102
"""1bulletonly @ xZS3GKnBtu"" collected 4.00 from pot",2026-09-08T18:18:47.441Z,178889152744101
"Uncalled bet of 4.00 returned to ""1bulletonly @ xZS3GKnBtu""",2026-09-08T18:18:47.441Z,178889152744100
"""Rayan @ nhXZL_Cydv"" folds",2026-09-08T18:18:46.617Z,178889152661700
"""Binkputer @ 6D7s410Ucp"" folds",2026-09-08T18:18:45.471Z,178889152547100
"""rowan @ GthBpPSqaK"" folds",2026-09-08T18:18:42.577Z,178889152257700
"""1bulletonly @ xZS3GKnBtu"" bets 4.00",2026-09-08T18:18:35.577Z,178889151557700
"""Rayan @ nhXZL_Cydv"" checks",2026-09-08T18:18:31.716Z,178889151171600
"Flop (second board):  [10♦, 9♦, A♠]",2026-09-08T18:18:30.101Z,178889151010101
"Flop:  [K♠, 2♥, J♣]",2026-09-08T18:18:30.101Z,178889151010100
"""1bulletonly @ xZS3GKnBtu"" calls 1.00 (bomb pot bet)",2026-09-08T18:18:29.197Z,178889150919700
"""Rayan @ nhXZL_Cydv"" calls 1.00 (bomb pot bet)",2026-09-08T18:18:28.374Z,178889150837400
"""Binkputer @ 6D7s410Ucp"" calls 1.00 (bomb pot bet)",2026-09-08T18:18:27.568Z,178889150756800
"""rowan @ GthBpPSqaK"" posts a bet of 1.00 (bomb pot bet)",2026-09-08T18:18:26.752Z,178889150675200
"Player stacks: #1 ""rowan @ GthBpPSqaK"" (126.30) | #7 ""Binkputer @ 6D7s410Ucp"" (130.03) | #8 ""Rayan @ nhXZL_Cydv"" (136.81) | #9 ""1bulletonly @ xZS3GKnBtu"" (71.32)",2026-09-08T18:18:24.696Z,178889150469601
"-- starting hand #152 (id: wnlvj9bvll6z)  No Limit Texas Hold'em (dealer: ""Binkputer @ 6D7s410Ucp"") --",2026-09-08T18:18:24.696Z,178889150469600
"-- ending hand #151 --",2026-09-08T18:18:18.692Z,178889149869202
"""Binkputer @ 6D7s410Ucp"" collected 4.00 from pot",2026-09-08T18:18:18.692Z,178889149869201
"Uncalled bet of 2.00 returned to ""Binkputer @ 6D7s410Ucp""",2026-09-08T18:18:18.692Z,178889149869200
"""Rayan @ nhXZL_Cydv"" folds",2026-09-08T18:18:17.825Z,178889149782500
"""Binkputer @ 6D7s410Ucp"" bets 2.00",2026-09-08T18:18:16.791Z,178889149679100
"Turn: 2♥, 2♣, K♥ [8♠]",2026-09-08T18:18:14.292Z,178889149429200
"""Rayan @ nhXZL_Cydv"" checks",2026-09-08T18:18:13.426Z,178889149342600
"""Binkputer @ 6D7s410Ucp"" checks",2026-09-08T18:18:12.187Z,178889149218700
"Flop:  [2♥, 2♣, K♥]",2026-09-08T18:18:10.349Z,178889149034900
"""Rayan @ nhXZL_Cydv"" calls 2.00",2026-09-08T18:18:09.544Z,178889148954400
"""Binkputer @ 6D7s410Ucp"" raises to 2.00",2026-09-08T18:18:08.287Z,178889148828700
"""rowan @ GthBpPSqaK"" folds",2026-09-08T18:18:05.514Z,178889148551400
"""1bulletonly @ xZS3GKnBtu"" folds",2026-09-08T18:18:04.641Z,178889148464100
"""Rayan @ nhXZL_Cydv"" posts a big blind of 0.50",2026-09-08T18:18:02.595Z,178889148259507
"""Binkputer @ 6D7s410Ucp"" posts a small blind of 0.25",2026-09-08T18:18:02.595Z,178889148259506
"Player stacks: #1 ""rowan @ GthBpPSqaK"" (126.30) | #7 ""Binkputer @ 6D7s410Ucp"" (128.03) | #8 ""Rayan @ nhXZL_Cydv"" (138.81) | #9 ""1bulletonly @ xZS3GKnBtu"" (71.32)",2026-09-08T18:18:02.595Z,178889148259501
"-- starting hand #151 (id: 6vfpr9up4qzu)  No Limit Texas Hold'em (dealer: ""rowan @ GthBpPSqaK"") --",2026-09-08T18:18:02.595Z,178889148259500
"-- ending hand #150 --",2026-09-08T18:17:56.501Z,178889147650102
"""Binkputer @ 6D7s410Ucp"" collected 92.66 from pot with Two Pair, Q's & 3's (combination: J♠, 3♣, 3♠, Q♦, Q♥)",2026-09-08T18:17:56.501Z,178889147650101
"""Binkputer @ 6D7s410Ucp"" shows a Q♦, Q♥.",2026-09-08T18:17:56.501Z,178889147650100
"""rowan @ GthBpPSqaK"" calls 10.33",2026-09-08T18:17:55.696Z,178889147569600
"""Binkputer @ 6D7s410Ucp"" bets 10.33",2026-09-08T18:17:39.209Z,178889145920900
"""rowan @ GthBpPSqaK"" checks",2026-09-08T18:17:35.190Z,178889145519000
"River: 10♥, J♠, 7♦, 3♣ [3♠]",2026-09-08T18:17:05.154Z,178889142515400
"""Binkputer @ 6D7s410Ucp"" calls 18.00",2026-09-08T18:17:04.322Z,178889142432200
"""rowan @ GthBpPSqaK"" bets 18.00",2026-09-08T18:16:46.862Z,178889140686200
"Turn: 10♥, J♠, 7♦ [3♣]",2026-09-08T18:16:42.271Z,178889140227100
"""Binkputer @ 6D7s410Ucp"" calls 9.00",2026-09-08T18:16:41.420Z,178889140142000
"""rowan @ GthBpPSqaK"" bets 9.00",2026-09-08T18:16:38.946Z,178889139894600
"Flop:  [10♥, J♠, 7♦]",2026-09-08T18:16:29.944Z,178889138994400
"""rowan @ GthBpPSqaK"" calls 8.50",2026-09-08T18:16:29.120Z,178889138912000
"""1bulletonly @ xZS3GKnBtu"" folds",2026-09-08T18:16:27.906Z,178889138790600
"""Rayan @ nhXZL_Cydv"" folds",2026-09-08T18:16:26.973Z,178889138697300
"""Binkputer @ 6D7s410Ucp"" raises to 8.50",2026-09-08T18:16:25.508Z,178889138550800
"""rowan @ GthBpPSqaK"" raises to 3.00",2026-09-08T18:16:20.957Z,178889138095700
"""1bulletonly @ xZS3GKnBtu"" calls 0.50",2026-09-08T18:16:18.088Z,178889137808800
"""Rayan @ nhXZL_Cydv"" calls 0.50",2026-09-08T18:16:17.087Z,178889137708700
"""Binkputer @ 6D7s410Ucp"" posts a big blind of 0.50",2026-09-08T18:16:15.640Z,178889137564007
"""rowan @ GthBpPSqaK"" posts a small blind of 0.25",2026-09-08T18:16:15.640Z,178889137564006
"Player stacks: #1 ""rowan @ GthBpPSqaK"" (172.13) | #7 ""Binkputer @ 6D7s410Ucp"" (81.20) | #8 ""Rayan @ nhXZL_Cydv"" (139.31) | #9 ""1bulletonly @ xZS3GKnBtu"" (71.82)",2026-09-08T18:16:15.640Z,178889137564001
"-- starting hand #150 (id: xhqia0i2e4ua)  No Limit Texas Hold'em (dealer: ""1bulletonly @ xZS3GKnBtu"") --",2026-09-08T18:16:15.640Z,178889137564000
"-- ending hand #149 --",2026-09-08T18:16:09.630Z,178889136963003
"""Rayan @ nhXZL_Cydv"" collected 1.25 from pot with Pair, 3's (combination: 8♥, 9♦, J♦, 3♠, 3♥)",2026-09-08T18:16:09.630Z,178889136963002
"""Rayan @ nhXZL_Cydv"" shows a 3♠, 6♦.",2026-09-08T18:16:09.630Z,178889136963001
"""rowan @ GthBpPSqaK"" shows a 2♦, 6♣.",2026-09-08T18:16:09.630Z,178889136963000
"""Rayan @ nhXZL_Cydv"" checks",2026-09-08T18:16:08.809Z,178889136880900
"""rowan @ GthBpPSqaK"" checks",2026-09-08T18:16:07.674Z,178889136767400
"River: 8♥, 3♥, 7♣, 9♦ [J♦]",2026-09-08T18:16:07.031Z,178889136703100
"""Rayan @ nhXZL_Cydv"" checks",2026-09-08T18:16:06.215Z,178889136621500
"""rowan @ GthBpPSqaK"" checks",2026-09-08T18:16:04.665Z,178889136466500
"Turn: 8♥, 3♥, 7♣ [9♦]",2026-09-08T18:16:04.103Z,178889136410300
"""Rayan @ nhXZL_Cydv"" checks",2026-09-08T18:16:03.294Z,178889136329400
"""rowan @ GthBpPSqaK"" checks",2026-09-08T18:16:02.299Z,178889136229900
"Flop:  [8♥, 3♥, 7♣]",2026-09-08T18:16:01.276Z,178889136127600
"""rowan @ GthBpPSqaK"" checks",2026-09-08T18:16:00.458Z,178889136045800
"""1bulletonly @ xZS3GKnBtu"" folds",2026-09-08T18:15:59.029Z,178889135902900
"""Rayan @ nhXZL_Cydv"" calls 0.50",2026-09-08T18:15:58.163Z,178889135816300
"""Binkputer @ 6D7s410Ucp"" folds",2026-09-08T18:15:56.865Z,178889135686500
"""rowan @ GthBpPSqaK"" posts a big blind of 0.50",2026-09-08T18:15:55.790Z,178889135579007
"""1bulletonly @ xZS3GKnBtu"" posts a small blind of 0.25",2026-09-08T18:15:55.790Z,178889135579006
"Player stacks: #1 ""rowan @ GthBpPSqaK"" (172.63) | #7 ""Binkputer @ 6D7s410Ucp"" (81.20) | #8 ""Rayan @ nhXZL_Cydv"" (138.56) | #9 ""1bulletonly @ xZS3GKnBtu"" (72.07)",2026-09-08T18:15:55.790Z,178889135579001
"-- starting hand #149 (id: gyrfgfuid2sa)  No Limit Texas Hold'em (dealer: ""Rayan @ nhXZL_Cydv"") --",2026-09-08T18:15:55.790Z,178889135579000
"""Binkputer @ 6D7s410Ucp"" shows a 3♣, K♣.",2026-09-08T18:15:50.924Z,178889135092400
"-- ending hand #148 --",2026-09-08T18:15:49.184Z,178889134918402
"""Binkputer @ 6D7s410Ucp"" collected 13.00 from pot",2026-09-08T18:15:49.184Z,178889134918401
"Uncalled bet of 6.50 returned to ""Binkputer @ 6D7s410Ucp""",2026-09-08T18:15:49.184Z,178889134918400
"""rowan @ GthBpPSqaK"" folds",2026-09-08T18:15:48.369Z,178889134836900
"""Binkputer @ 6D7s410Ucp"" bets 6.50",2026-09-08T18:15:42.677Z,178889134267700
"""rowan @ GthBpPSqaK"" checks",2026-09-08T18:15:40.199Z,178889134019900
"Turn: 7♣, 4♣, 8♦ [8♣]",2026-09-08T18:15:38.579Z,178889133857900
"""rowan @ GthBpPSqaK"" calls 3.25",2026-09-08T18:15:37.771Z,178889133777100
"""Rayan @ nhXZL_Cydv"" folds",2026-09-08T18:15:36.149Z,178889133614900
"""Binkputer @ 6D7s410Ucp"" bets 3.25",2026-09-08T18:15:35.039Z,178889133503900
"""rowan @ GthBpPSqaK"" checks",2026-09-08T18:15:32.815Z,178889133281500
"""Rayan @ nhXZL_Cydv"" checks",2026-09-08T18:15:28.248Z,178889132824800
"Flop:  [7♣, 4♣, 8♦]",2026-09-08T18:15:26.869Z,178889132686900
"""1bulletonly @ xZS3GKnBtu"" folds",2026-09-08T18:15:26.030Z,178889132603000
"""Rayan @ nhXZL_Cydv"" calls 2.00",2026-09-08T18:15:25.162Z,178889132516200
"""Binkputer @ 6D7s410Ucp"" calls 2.00",2026-09-08T18:15:23.396Z,178889132339600
"""rowan @ GthBpPSqaK"" raises to 2.00",2026-09-08T18:15:22.470Z,178889132247000
"""1bulletonly @ xZS3GKnBtu"" posts a big blind of 0.50",2026-09-08T18:15:19.943Z,178889131994307
"""Rayan @ nhXZL_Cydv"" posts a small blind of 0.25",2026-09-08T18:15:19.943Z,178889131994306
"Player stacks: #1 ""rowan @ GthBpPSqaK"" (177.88) | #7 ""Binkputer @ 6D7s410Ucp"" (73.45) | #8 ""Rayan @ nhXZL_Cydv"" (140.56) | #9 ""1bulletonly @ xZS3GKnBtu"" (72.57)",2026-09-08T18:15:19.943Z,178889131994301
"-- starting hand #148 (id: gkcshcvw25sw)  No Limit Texas Hold'em (dealer: ""Binkputer @ 6D7s410Ucp"") --",2026-09-08T18:15:19.943Z,178889131994300
"""Rayan @ nhXZL_Cydv"" shows a 6♦, 10♣.",2026-09-08T18:15:16.443Z,178889131644300
"""Binkputer @ 6D7s410Ucp"" shows a J♣, A♣.",2026-09-08T18:15:14.427Z,178889131442700
"-- ending hand #147 --",2026-09-08T18:15:12.571Z,178889131257102
"""Binkputer @ 6D7s410Ucp"" collected 1.00 from pot",2026-09-08T18:15:12.571Z,178889131257101
"Uncalled bet of 1.50 returned to ""Binkputer @ 6D7s410Ucp""",2026-09-08T18:15:12.571Z,178889131257100
"""Rayan @ nhXZL_Cydv"" folds",2026-09-08T18:15:11.757Z,178889131175700
"""Binkputer @ 6D7s410Ucp"" raises to 2.00",2026-09-08T18:15:10.334Z,178889131033400
"""rowan @ GthBpPSqaK"" folds",2026-09-08T18:15:05.021Z,178889130502100
"""1bulletonly @ xZS3GKnBtu"" folds",2026-09-08T18:15:03.261Z,178889130326100
"""Rayan @ nhXZL_Cydv"" posts a big blind of 0.50",2026-09-08T18:14:59.931Z,178889129993107
"""Binkputer @ 6D7s410Ucp"" posts a small blind of 0.25",2026-09-08T18:14:59.931Z,178889129993106
"Player stacks: #1 ""rowan @ GthBpPSqaK"" (177.88) | #7 ""Binkputer @ 6D7s410Ucp"" (72.95) | #8 ""Rayan @ nhXZL_Cydv"" (141.06) | #9 ""1bulletonly @ xZS3GKnBtu"" (72.57)",2026-09-08T18:14:59.931Z,178889129993101
"-- starting hand #147 (id: v7kdeu9utgzb)  No Limit Texas Hold'em (dealer: ""rowan @ GthBpPSqaK"") --",2026-09-08T18:14:59.931Z,178889129993100
"""Binkputer @ 6D7s410Ucp"" shows a 5♣, 10♣.",2026-09-08T18:14:56.107Z,178889129610700
"-- ending hand #146 --",2026-09-08T18:14:53.327Z,178889129332702
"""1bulletonly @ xZS3GKnBtu"" collected 2.00 from pot",2026-09-08T18:14:53.327Z,178889129332701
"Uncalled bet of 2.00 returned to ""1bulletonly @ xZS3GKnBtu""",2026-09-08T18:14:53.327Z,178889129332700
"""Rayan @ nhXZL_Cydv"" folds",2026-09-08T18:14:52.505Z,178889129250500
"""Binkputer @ 6D7s410Ucp"" folds",2026-09-08T18:14:51.623Z,178889129162300
"""rowan @ GthBpPSqaK"" folds",2026-09-08T18:14:50.762Z,178889129076200
"""1bulletonly @ xZS3GKnBtu"" bets 2.00",2026-09-08T18:14:49.760Z,178889128976000
"""Rayan @ nhXZL_Cydv"" checks",2026-09-08T18:14:42.346Z,178889128234600
"""Binkputer @ 6D7s410Ucp"" checks",2026-09-08T18:14:40.819Z,178889128081900
"""rowan @ GthBpPSqaK"" checks",2026-09-08T18:14:39.925Z,178889127992500
"Flop:  [J♦, 6♥, 4♥]",2026-09-08T18:14:38.588Z,178889127858800
"""Binkputer @ 6D7s410Ucp"" checks",2026-09-08T18:14:37.778Z,178889127777800
"""rowan @ GthBpPSqaK"" calls 0.50",2026-09-08T18:14:36.902Z,178889127690200
"""1bulletonly @ xZS3GKnBtu"" calls 0.50",2026-09-08T18:14:36.025Z,178889127602500
"""Rayan @ nhXZL_Cydv"" calls 0.50",2026-09-08T18:14:35.158Z,178889127515800
"""Binkputer @ 6D7s410Ucp"" posts a big blind of 0.50",2026-09-08T18:14:33.789Z,178889127378907
"""rowan @ GthBpPSqaK"" posts a small blind of 0.25",2026-09-08T18:14:33.789Z,178889127378906
"Player stacks: #1 ""rowan @ GthBpPSqaK"" (178.38) | #7 ""Binkputer @ 6D7s410Ucp"" (73.45) | #8 ""Rayan @ nhXZL_Cydv"" (141.56) | #9 ""1bulletonly @ xZS3GKnBtu"" (71.07)",2026-09-08T18:14:33.789Z,178889127378901
"-- starting hand #146 (id: yn5voks0besi)  No Limit Texas Hold'em (dealer: ""1bulletonly @ xZS3GKnBtu"") --",2026-09-08T18:14:33.789Z,178889127378900
"""Binkputer @ 6D7s410Ucp"" shows a 8♥, 2♣.",2026-09-08T18:14:28.760Z,178889126876000
"-- ending hand #145 --",2026-09-08T18:14:27.175Z,178889126717502
"""rowan @ GthBpPSqaK"" collected 1.25 from pot",2026-09-08T18:14:27.175Z,178889126717501
"Uncalled bet of 2.00 returned to ""rowan @ GthBpPSqaK""",2026-09-08T18:14:27.175Z,178889126717500
"""Rayan @ nhXZL_Cydv"" folds",2026-09-08T18:14:26.363Z,178889126636300
"""rowan @ GthBpPSqaK"" raises to 2.50",2026-09-08T18:14:24.064Z,178889126406400
"""1bulletonly @ xZS3GKnBtu"" folds",2026-09-08T18:14:21.674Z,178889126167400
"""Rayan @ nhXZL_Cydv"" calls 0.50",2026-09-08T18:14:20.829Z,178889126082900
"""Binkputer @ 6D7s410Ucp"" folds",2026-09-08T18:14:04.838Z,178889124483800
"""rowan @ GthBpPSqaK"" posts a big blind of 0.50",2026-09-08T18:14:03.750Z,178889124375007
"""1bulletonly @ xZS3GKnBtu"" posts a small blind of 0.25",2026-09-08T18:14:03.750Z,178889124375006
"Player stacks: #1 ""rowan @ GthBpPSqaK"" (177.63) | #7 ""Binkputer @ 6D7s410Ucp"" (73.45) | #8 ""Rayan @ nhXZL_Cydv"" (142.06) | #9 ""1bulletonly @ xZS3GKnBtu"" (71.32)",2026-09-08T18:14:03.750Z,178889124375001
"-- starting hand #145 (id: euoanppqglnf)  No Limit Texas Hold'em (dealer: ""Rayan @ nhXZL_Cydv"") --",2026-09-08T18:14:03.750Z,178889124375000
"""Binkputer @ 6D7s410Ucp"" shows a 7♣, 10♥.",2026-09-08T18:13:58.300Z,178889123830000
"-- ending hand #144 --",2026-09-08T18:13:57.244Z,178889123724402
"""1bulletonly @ xZS3GKnBtu"" collected 6.25 from pot with Straight, J High (combination: 7♦, 8♣, 9♦, 10♠, J♥)",2026-09-08T18:13:57.244Z,178889123724401
"""1bulletonly @ xZS3GKnBtu"" shows a J♥, 2♥.",2026-09-08T18:13:57.244Z,178889123724400
"""rowan @ GthBpPSqaK"" calls 1.00",2026-09-08T18:13:56.392Z,178889123639200
"""1bulletonly @ xZS3GKnBtu"" bets 1.00",2026-09-08T18:13:55.511Z,178889123551100
"River: 10♠, 7♦, 9♦, 6♠ [8♣]",2026-09-08T18:13:52.870Z,178889123287000
"""rowan @ GthBpPSqaK"" calls 0.50",2026-09-08T18:13:52.062Z,178889123206200
"""1bulletonly @ xZS3GKnBtu"" bets 0.50",2026-09-08T18:13:50.875Z,178889123087500
"Turn: 10♠, 7♦, 9♦ [6♠]",2026-09-08T18:13:49.313Z,178889122931300
"""rowan @ GthBpPSqaK"" checks",2026-09-08T18:13:48.500Z,178889122850000
"""1bulletonly @ xZS3GKnBtu"" checks",2026-09-08T18:13:47.596Z,178889122759600
"Flop:  [10♠, 7♦, 9♦]",2026-09-08T18:13:45.270Z,178889122527000
"""1bulletonly @ xZS3GKnBtu"" calls 1.50",2026-09-08T18:13:44.421Z,178889122442100
"""Rayan @ nhXZL_Cydv"" folds",2026-09-08T18:13:43.569Z,178889122356900
"""Binkputer @ 6D7s410Ucp"" folds",2026-09-08T18:13:42.415Z,178889122241500
"""rowan @ GthBpPSqaK"" raises to 1.50",2026-09-08T18:13:41.578Z,178889122157800
"""1bulletonly @ xZS3GKnBtu"" posts a big blind of 0.50",2026-09-08T18:13:39.178Z,178889121917807
"""Rayan @ nhXZL_Cydv"" posts a small blind of 0.25",2026-09-08T18:13:39.178Z,178889121917806
"Player stacks: #1 ""rowan @ GthBpPSqaK"" (180.63) | #7 ""Binkputer @ 6D7s410Ucp"" (73.45) | #8 ""Rayan @ nhXZL_Cydv"" (142.31) | #9 ""1bulletonly @ xZS3GKnBtu"" (68.07)",2026-09-08T18:13:39.178Z,178889121917801
"-- starting hand #144 (id: kqninbl98en5)  No Limit Texas Hold'em (dealer: ""Binkputer @ 6D7s410Ucp"") --",2026-09-08T18:13:39.178Z,178889121917800
"""rowan @ GthBpPSqaK"" shows a 6♥.",2026-09-08T18:13:34.889Z,178889121488900
"""Binkputer @ 6D7s410Ucp"" shows a Q♥.",2026-09-08T18:13:33.724Z,178889121372400
"-- ending hand #143 --",2026-09-08T18:13:31.844Z,178889121184402
"""rowan @ GthBpPSqaK"" collected 4.50 from pot",2026-09-08T18:13:31.844Z,178889121184401
"Uncalled bet of 2.25 returned to ""rowan @ GthBpPSqaK""",2026-09-08T18:13:31.844Z,178889121184400
"""Binkputer @ 6D7s410Ucp"" folds",2026-09-08T18:13:31.007Z,178889121100700
"""rowan @ GthBpPSqaK"" bets 2.25",2026-09-08T18:13:30.123Z,178889121012300
"""Binkputer @ 6D7s410Ucp"" checks",2026-09-08T18:13:27.719Z,178889120771900
"Flop:  [3♣, 6♦, 3♥]",2026-09-08T18:13:26.372Z,178889120637200
"""rowan @ GthBpPSqaK"" calls 2.00",2026-09-08T18:13:25.514Z,178889120551400
"""Rayan @ nhXZL_Cydv"" folds",2026-09-08T18:13:22.046Z,178889120204600
"""Binkputer @ 6D7s410Ucp"" raises to 2.00",2026-09-08T18:13:20.806Z,178889120080600
"""rowan @ GthBpPSqaK"" calls 0.50",2026-09-08T18:13:18.293Z,178889119829300
"""1bulletonly @ xZS3GKnBtu"" folds",2026-09-08T18:13:16.888Z,178889119688800
"""Rayan @ nhXZL_Cydv"" posts a big blind of 0.50",2026-09-08T18:13:13.664Z,178889119366407
"""Binkputer @ 6D7s410Ucp"" posts a small blind of 0.25",2026-09-08T18:13:13.664Z,178889119366406
"Player stacks: #1 ""rowan @ GthBpPSqaK"" (178.13) | #7 ""Binkputer @ 6D7s410Ucp"" (75.45) | #8 ""Rayan @ nhXZL_Cydv"" (142.81) | #9 ""1bulletonly @ xZS3GKnBtu"" (68.07)",2026-09-08T18:13:13.664Z,178889119366401
"-- starting hand #143 (id: aonmfiu3jjvq)  No Limit Texas Hold'em (dealer: ""rowan @ GthBpPSqaK"") --",2026-09-08T18:13:13.664Z,178889119366400
"-- ending hand #142 --",2026-09-08T18:13:07.632Z,178889118763202
"""rowan @ GthBpPSqaK"" collected 2.50 from pot with Pair, 8's (combination: 5♠, 6♥, 9♥, 8♥, 8♣)",2026-09-08T18:13:07.632Z,178889118763201
"""rowan @ GthBpPSqaK"" shows a 8♥, 3♥.",2026-09-08T18:13:07.632Z,178889118763200
"""Rayan @ nhXZL_Cydv"" checks",2026-09-08T18:13:06.800Z,178889118680000
"""rowan @ GthBpPSqaK"" checks",2026-09-08T18:13:05.752Z,178889118575200
"River: 9♥, 5♠, 4♠, 8♣ [6♥]",2026-09-08T18:13:03.606Z,178889118360600
"""Rayan @ nhXZL_Cydv"" calls 0.50",2026-09-08T18:13:02.776Z,178889118277600
"""Binkputer @ 6D7s410Ucp"" folds",2026-09-08T18:13:01.012Z,178889118101200
"""rowan @ GthBpPSqaK"" bets 0.50",2026-09-08T18:13:00.135Z,178889118013500
"Turn: 9♥, 5♠, 4♠ [8♣]",2026-09-08T18:12:58.893Z,178889117889300
"""Rayan @ nhXZL_Cydv"" checks",2026-09-08T18:12:58.085Z,178889117808500
"""Binkputer @ 6D7s410Ucp"" checks",2026-09-08T18:12:57.002Z,178889117700200
"""rowan @ GthBpPSqaK"" checks",2026-09-08T18:12:55.890Z,178889117589000
"Flop:  [9♥, 5♠, 4♠]",2026-09-08T18:12:54.772Z,178889117477200
"""Binkputer @ 6D7s410Ucp"" checks",2026-09-08T18:12:53.898Z,178889117389800
"""rowan @ GthBpPSqaK"" calls 0.50",2026-09-08T18:12:53.013Z,178889117301300
"""1bulletonly @ xZS3GKnBtu"" folds",2026-09-08T18:12:52.112Z,178889117211200
"""Rayan @ nhXZL_Cydv"" calls 0.50",2026-09-08T18:12:51.109Z,178889117110900
"""Binkputer @ 6D7s410Ucp"" posts a big blind of 0.50",2026-09-08T18:12:49.691Z,178889116969107
"""rowan @ GthBpPSqaK"" posts a small blind of 0.25",2026-09-08T18:12:49.691Z,178889116969106
"Player stacks: #1 ""rowan @ GthBpPSqaK"" (176.63) | #7 ""Binkputer @ 6D7s410Ucp"" (75.95) | #8 ""Rayan @ nhXZL_Cydv"" (143.81) | #9 ""1bulletonly @ xZS3GKnBtu"" (68.07)",2026-09-08T18:12:49.691Z,178889116969101
"-- starting hand #142 (id: emi2su6d4wjh)  No Limit Texas Hold'em (dealer: ""1bulletonly @ xZS3GKnBtu"") --",2026-09-08T18:12:49.691Z,178889116969100
"""Binkputer @ 6D7s410Ucp"" shows a A♦, 8♥.",2026-09-08T18:12:43.028Z,178889116302800
"-- ending hand #141 --",2026-09-08T18:12:41.162Z,178889116116203
"""1bulletonly @ xZS3GKnBtu"" collected 8.25 from pot with Flush, A High on the second board  (combination: 2♠, 5♠, 7♠, 9♠, A♠)",2026-09-08T18:12:41.162Z,178889116116202
"""1bulletonly @ xZS3GKnBtu"" collected 8.25 from pot with Straight, 5 High (combination: A♥, 2♠, 3♣, 4♥, 5♦)",2026-09-08T18:12:41.162Z,178889116116201
"""1bulletonly @ xZS3GKnBtu"" shows a 3♣, 2♠.",2026-09-08T18:12:41.162Z,178889116116200
"""Rayan @ nhXZL_Cydv"" folds",2026-09-08T18:12:40.355Z,178889116035500
"""Binkputer @ 6D7s410Ucp"" calls 5.50",2026-09-08T18:12:39.036Z,178889115903600
"""1bulletonly @ xZS3GKnBtu"" bets 5.50",2026-09-08T18:12:36.336Z,178889115633600
"River (second board): 7♠, 5♠, 9♠, A♠ [6♦]",2026-09-08T18:12:31.286Z,178889115128601
"River: 5♦, A♥, Q♠, 7♣ [4♥]",2026-09-08T18:12:31.286Z,178889115128600
"""Rayan @ nhXZL_Cydv"" calls 0.50",2026-09-08T18:12:30.406Z,178889115040600
"""Binkputer @ 6D7s410Ucp"" calls 0.50",2026-09-08T18:12:26.210Z,178889114621000
"""rowan @ GthBpPSqaK"" folds",2026-09-08T18:12:24.667Z,178889114466700
"""1bulletonly @ xZS3GKnBtu"" bets 0.50",2026-09-08T18:12:22.576Z,178889114257600
"Turn (second board): 7♠, 5♠, 9♠ [A♠]",2026-09-08T18:12:17.080Z,178889113708001
"Turn: 5♦, A♥, Q♠ [7♣]",2026-09-08T18:12:17.080Z,178889113708000
"""Rayan @ nhXZL_Cydv"" checks",2026-09-08T18:12:16.265Z,178889113626500
"""Binkputer @ 6D7s410Ucp"" checks",2026-09-08T18:12:15.120Z,178889113512000
"""rowan @ GthBpPSqaK"" checks",2026-09-08T18:12:13.751Z,178889113375100
"""1bulletonly @ xZS3GKnBtu"" checks",2026-09-08T18:12:12.703Z,178889113270300
"Flop (second board):  [7♠, 5♠, 9♠]",2026-09-08T18:12:10.870Z,178889113087001
"Flop:  [5♦, A♥, Q♠]",2026-09-08T18:12:10.870Z,178889113087000
"""rowan @ GthBpPSqaK"" calls 1.00 (bomb pot bet)",2026-09-08T18:12:09.969Z,178889112996900
"""1bulletonly @ xZS3GKnBtu"" calls 1.00 (bomb pot bet)",2026-09-08T18:12:09.162Z,178889112916200
"""Rayan @ nhXZL_Cydv"" calls 1.00 (bomb pot bet)",2026-09-08T18:12:08.341Z,178889112834100
"""Binkputer @ 6D7s410Ucp"" posts a bet of 1.00 (bomb pot bet)",2026-09-08T18:12:07.522Z,178889112752200
"Player stacks: #1 ""rowan @ GthBpPSqaK"" (177.63) | #7 ""Binkputer @ 6D7s410Ucp"" (82.95) | #8 ""Rayan @ nhXZL_Cydv"" (145.31) | #9 ""1bulletonly @ xZS3GKnBtu"" (58.57)",2026-09-08T18:12:05.467Z,178889112546701
"-- starting hand #141 (id: nzawew3dp0fd)  No Limit Texas Hold'em (dealer: ""Rayan @ nhXZL_Cydv"") --",2026-09-08T18:12:05.467Z,178889112546700
"""Rayan @ nhXZL_Cydv"" shows a J♥.",2026-09-08T18:12:03.663Z,178889112366300
"""1bulletonly @ xZS3GKnBtu"" shows a 2♦.",2026-09-08T18:12:01.819Z,178889112181900
"""Binkputer @ 6D7s410Ucp"" shows a 8♥, 6♥.",2026-09-08T18:12:01.352Z,178889112135200
"-- ending hand #140 --",2026-09-08T18:12:00.444Z,178889112044402
"""Rayan @ nhXZL_Cydv"" collected 4.50 from pot",2026-09-08T18:12:00.444Z,178889112044401
"Uncalled bet of 4.50 returned to ""Rayan @ nhXZL_Cydv""",2026-09-08T18:12:00.444Z,178889112044400
"""1bulletonly @ xZS3GKnBtu"" folds",2026-09-08T18:11:59.497Z,178889111949700
"""Rayan @ nhXZL_Cydv"" bets 4.50",2026-09-08T18:11:57.602Z,178889111760200
"River: 5♦, J♦, 2♣, J♣ [4♣]",2026-09-08T18:11:53.825Z,178889111382500
"""1bulletonly @ xZS3GKnBtu"" checks",2026-09-08T18:11:53.015Z,178889111301500
"""Rayan @ nhXZL_Cydv"" checks",2026-09-08T18:11:49.780Z,178889110978000
"Turn: 5♦, J♦, 2♣ [J♣]",2026-09-08T18:11:48.025Z,178889110802500
"""Binkputer @ 6D7s410Ucp"" folds",2026-09-08T18:11:47.216Z,178889110721600
"""1bulletonly @ xZS3GKnBtu"" calls 1.50",2026-09-08T18:11:46.319Z,178889110631900
"""Rayan @ nhXZL_Cydv"" bets 1.50",2026-09-08T18:11:44.445Z,178889110444500
"Flop:  [5♦, J♦, 2♣]",2026-09-08T18:11:40.262Z,178889110026200
"""1bulletonly @ xZS3GKnBtu"" checks",2026-09-08T18:11:39.441Z,178889109944100
"""Rayan @ nhXZL_Cydv"" calls 0.50",2026-09-08T18:11:36.398Z,178889109639800
"""Binkputer @ 6D7s410Ucp"" calls 0.50",2026-09-08T18:11:35.181Z,178889109518100
"""rowan @ GthBpPSqaK"" folds",2026-09-08T18:11:32.953Z,178889109295300
"""1bulletonly @ xZS3GKnBtu"" posts a big blind of 0.50",2026-09-08T18:11:31.369Z,178889109136907
"""Rayan @ nhXZL_Cydv"" posts a small blind of 0.25",2026-09-08T18:11:31.369Z,178889109136906
"Player stacks: #1 ""rowan @ GthBpPSqaK"" (177.63) | #7 ""Binkputer @ 6D7s410Ucp"" (83.45) | #8 ""Rayan @ nhXZL_Cydv"" (142.81) | #9 ""1bulletonly @ xZS3GKnBtu"" (60.57)",2026-09-08T18:11:31.369Z,178889109136901
"-- starting hand #140 (id: ssrhcyfbcder)  No Limit Texas Hold'em (dealer: ""Binkputer @ 6D7s410Ucp"") --",2026-09-08T18:11:31.369Z,178889109136900
"-- ending hand #139 --",2026-09-08T18:11:25.365Z,178889108536502
"""Binkputer @ 6D7s410Ucp"" collected 4.00 from pot",2026-09-08T18:11:25.365Z,178889108536501
"Uncalled bet of 2.00 returned to ""Binkputer @ 6D7s410Ucp""",2026-09-08T18:11:25.365Z,178889108536500
"""Rayan @ nhXZL_Cydv"" folds",2026-09-08T18:11:24.480Z,178889108448000
"""Binkputer @ 6D7s410Ucp"" bets 2.00",2026-09-08T18:11:23.258Z,178889108325800
"Turn: Q♠, 4♥, 5♥ [K♠]",2026-09-08T18:11:21.163Z,178889108116300
"""Rayan @ nhXZL_Cydv"" checks",2026-09-08T18:11:20.277Z,178889108027700
"""Binkputer @ 6D7s410Ucp"" checks",2026-09-08T18:11:19.135Z,178889107913500
"Flop:  [Q♠, 4♥, 5♥]",2026-09-08T18:11:17.337Z,178889107733700
"""Rayan @ nhXZL_Cydv"" calls 2.00",2026-09-08T18:11:16.451Z,178889107645100
"""Binkputer @ 6D7s410Ucp"" raises to 2.00",2026-09-08T18:11:15.042Z,178889107504200
"""rowan @ GthBpPSqaK"" folds",2026-09-08T18:11:12.444Z,178889107244400
"""1bulletonly @ xZS3GKnBtu"" folds",2026-09-08T18:11:11.597Z,178889107159700
"""Rayan @ nhXZL_Cydv"" posts a big blind of 0.50",2026-09-08T18:11:05.182Z,178889106518207
"""Binkputer @ 6D7s410Ucp"" posts a small blind of 0.25",2026-09-08T18:11:05.182Z,178889106518206
"Player stacks: #1 ""rowan @ GthBpPSqaK"" (177.63) | #7 ""Binkputer @ 6D7s410Ucp"" (81.45) | #8 ""Rayan @ nhXZL_Cydv"" (144.81) | #9 ""1bulletonly @ xZS3GKnBtu"" (60.57)",2026-09-08T18:11:05.182Z,178889106518201
"-- starting hand #139 (id: w5ibiixhpaki)  No Limit Texas Hold'em (dealer: ""rowan @ GthBpPSqaK"") --",2026-09-08T18:11:05.182Z,178889106518200
"-- ending hand #138 --",2026-09-08T18:10:59.172Z,178889105917202
"""Rayan @ nhXZL_Cydv"" collected 29.97 from pot with Two Pair, 9's & 6's (combination: Q♦, 6♣, 6♥, 9♦, 9♥)",2026-09-08T18:10:59.172Z,178889105917201
"""Rayan @ nhXZL_Cydv"" shows a Q♦, 9♦.",2026-09-08T18:10:59.172Z,178889105917200
"""1bulletonly @ xZS3GKnBtu"" calls 7.24",2026-09-08T18:10:58.347Z,178889105834700
"""Rayan @ nhXZL_Cydv"" bets 7.24",2026-09-08T18:10:53.050Z,178889105305000
"River: 9♥, 4♣, 6♣, 8♠ [6♥]",2026-09-08T18:10:48.075Z,178889104807500
"""Binkputer @ 6D7s410Ucp"" folds",2026-09-08T18:10:47.265Z,178889104726500
"""1bulletonly @ xZS3GKnBtu"" calls 3.87",2026-09-08T18:10:46.415Z,178889104641500
"""Rayan @ nhXZL_Cydv"" bets 3.87",2026-09-08T18:10:44.163Z,178889104416300
"""Binkputer @ 6D7s410Ucp"" checks",2026-09-08T18:10:41.720Z,178889104172000
"Turn: 9♥, 4♣, 6♣ [8♠]",2026-09-08T18:10:39.753Z,178889103975300
"""1bulletonly @ xZS3GKnBtu"" checks",2026-09-08T18:10:38.892Z,178889103889200
"""Rayan @ nhXZL_Cydv"" checks",2026-09-08T18:10:37.982Z,178889103798200
"""Binkputer @ 6D7s410Ucp"" checks",2026-09-08T18:10:36.073Z,178889103607300
"Flop:  [9♥, 4♣, 6♣]",2026-09-08T18:10:34.182Z,178889103418200
"""1bulletonly @ xZS3GKnBtu"" calls 2.50",2026-09-08T18:10:33.367Z,178889103336700
"""Rayan @ nhXZL_Cydv"" calls 2.50",2026-09-08T18:10:29.343Z,178889102934300
"""Binkputer @ 6D7s410Ucp"" raises to 2.50",2026-09-08T18:10:27.534Z,178889102753400
"""rowan @ GthBpPSqaK"" folds",2026-09-08T18:10:24.081Z,178889102408100
"""1bulletonly @ xZS3GKnBtu"" calls 0.50",2026-09-08T18:10:23.245Z,178889102324500
"""Rayan @ nhXZL_Cydv"" calls 0.50",2026-09-08T18:10:20.460Z,178889102046000
"""Binkputer @ 6D7s410Ucp"" posts a big blind of 0.50",2026-09-08T18:10:19.226Z,178889101922607
"""rowan @ GthBpPSqaK"" posts a small blind of 0.25",2026-09-08T18:10:19.226Z,178889101922606
"Player stacks: #1 ""rowan @ GthBpPSqaK"" (177.88) | #7 ""Binkputer @ 6D7s410Ucp"" (83.95) | #8 ""Rayan @ nhXZL_Cydv"" (128.45) | #9 ""1bulletonly @ xZS3GKnBtu"" (74.18)",2026-09-08T18:10:19.226Z,178889101922601
"-- starting hand #138 (id: mcgxwlgiakem)  No Limit Texas Hold'em (dealer: ""1bulletonly @ xZS3GKnBtu"") --",2026-09-08T18:10:19.226Z,178889101922600
"""rowan @ GthBpPSqaK"" shows a K♦.",2026-09-08T18:10:15.759Z,178889101575900
"""Rayan @ nhXZL_Cydv"" shows a 2♥.",2026-09-08T18:10:15.708Z,178889101570800
"-- ending hand #137 --",2026-09-08T18:10:14.897Z,178889101489702
"""Rayan @ nhXZL_Cydv"" collected 5.50 from pot",2026-09-08T18:10:14.897Z,178889101489701
"Uncalled bet of 5.50 returned to ""Rayan @ nhXZL_Cydv""",2026-09-08T18:10:14.897Z,178889101489700
"""rowan @ GthBpPSqaK"" folds",2026-09-08T18:10:14.093Z,178889101409300
"""Rayan @ nhXZL_Cydv"" raises to 6.00",2026-09-08T18:10:07.356Z,178889100735600
"""rowan @ GthBpPSqaK"" bets 0.50",2026-09-08T18:10:04.673Z,178889100467300
"River: 2♠, 2♦, K♠, 8♥ [7♥]",2026-09-08T18:10:03.153Z,178889100315300
"""1bulletonly @ xZS3GKnBtu"" folds",2026-09-08T18:10:02.301Z,178889100230100
"""Rayan @ nhXZL_Cydv"" calls 0.50",2026-09-08T18:10:00.170Z,178889100017000
"""rowan @ GthBpPSqaK"" bets 0.50",2026-09-08T18:09:57.111Z,178889099711100
"""1bulletonly @ xZS3GKnBtu"" checks",2026-09-08T18:09:55.943Z,178889099594300
"Turn: 2♠, 2♦, K♠ [8♥]",2026-09-08T18:09:53.180Z,178889099318000
"""1bulletonly @ xZS3GKnBtu"" calls 0.50",2026-09-08T18:09:52.297Z,178889099229700
"""Rayan @ nhXZL_Cydv"" calls 0.50",2026-09-08T18:09:46.660Z,178889098666000
"""Binkputer @ 6D7s410Ucp"" folds",2026-09-08T18:09:43.806Z,178889098380600
"""rowan @ GthBpPSqaK"" bets 0.50",2026-09-08T18:09:42.879Z,178889098287900
"""1bulletonly @ xZS3GKnBtu"" checks",2026-09-08T18:09:41.737Z,178889098173700
"Flop:  [2♠, 2♦, K♠]",2026-09-08T18:09:38.213Z,178889097821300
"""rowan @ GthBpPSqaK"" checks",2026-09-08T18:09:37.410Z,178889097741000
"""1bulletonly @ xZS3GKnBtu"" calls 0.50",2026-09-08T18:09:36.510Z,178889097651000
"""Rayan @ nhXZL_Cydv"" calls 0.50",2026-09-08T18:09:35.670Z,178889097567000
"""Binkputer @ 6D7s410Ucp"" calls 0.50",2026-09-08T18:09:34.098Z,178889097409800
"""rowan @ GthBpPSqaK"" posts a big blind of 0.50",2026-09-08T18:09:32.773Z,178889097277307
"""1bulletonly @ xZS3GKnBtu"" posts a small blind of 0.25",2026-09-08T18:09:32.773Z,178889097277306
"Player stacks: #1 ""rowan @ GthBpPSqaK"" (179.88) | #7 ""Binkputer @ 6D7s410Ucp"" (84.45) | #8 ""Rayan @ nhXZL_Cydv"" (124.95) | #9 ""1bulletonly @ xZS3GKnBtu"" (75.18)",2026-09-08T18:09:32.773Z,178889097277301
"-- starting hand #137 (id: lrl5mouadyol)  No Limit Texas Hold'em (dealer: ""Rayan @ nhXZL_Cydv"") --",2026-09-08T18:09:32.773Z,178889097277300
"""Rayan @ nhXZL_Cydv"" shows a 6♦.",2026-09-08T18:09:29.575Z,178889096957500
"""Binkputer @ 6D7s410Ucp"" shows a 8♦, 9♠.",2026-09-08T18:09:29.025Z,178889096902500
"-- ending hand #136 --",2026-09-08T18:09:28.451Z,178889096845102
"""rowan @ GthBpPSqaK"" collected 6.00 from pot",2026-09-08T18:09:28.451Z,178889096845101
"Uncalled bet of 0.50 returned to ""rowan @ GthBpPSqaK""",2026-09-08T18:09:28.451Z,178889096845100
"""Binkputer @ 6D7s410Ucp"" folds",2026-09-08T18:09:27.635Z,178889096763500
"""rowan @ GthBpPSqaK"" bets 0.50",2026-09-08T18:09:26.777Z,178889096677700
"River: J♠, 6♥, 10♠, J♦ [6♠]",2026-09-08T18:09:21.448Z,178889096144800
"""Binkputer @ 6D7s410Ucp"" checks",2026-09-08T18:09:20.638Z,178889096063800
"""rowan @ GthBpPSqaK"" checks",2026-09-08T18:09:19.236Z,178889095923600
"Turn: J♠, 6♥, 10♠ [J♦]",2026-09-08T18:09:17.962Z,178889095796200
"""rowan @ GthBpPSqaK"" calls 2.00",2026-09-08T18:09:17.061Z,178889095706100
"""1bulletonly @ xZS3GKnBtu"" folds",2026-09-08T18:09:16.191Z,178889095619100
"""Rayan @ nhXZL_Cydv"" folds",2026-09-08T18:09:15.248Z,178889095524800
"""Binkputer @ 6D7s410Ucp"" raises to 2.00",2026-09-08T18:09:13.913Z,178889095391300
"""rowan @ GthBpPSqaK"" bets 0.50",2026-09-08T18:09:10.971Z,178889095097100
"""1bulletonly @ xZS3GKnBtu"" checks",2026-09-08T18:09:09.847Z,178889094984700
"""Rayan @ nhXZL_Cydv"" checks",2026-09-08T18:09:08.719Z,178889094871900
"Flop:  [J♠, 6♥, 10♠]",2026-09-08T18:09:06.814Z,178889094681400
"""1bulletonly @ xZS3GKnBtu"" checks",2026-09-08T18:09:05.983Z,178889094598300
"""Rayan @ nhXZL_Cydv"" calls 0.50",2026-09-08T18:09:04.418Z,178889094441800
"""Binkputer @ 6D7s410Ucp"" calls 0.50",2026-09-08T18:09:01.584Z,178889094158400
"""rowan @ GthBpPSqaK"" calls 0.50",2026-09-08T18:09:00.416Z,178889094041600
"""1bulletonly @ xZS3GKnBtu"" posts a big blind of 0.50",2026-09-08T18:08:59.076Z,178889093907607
"""Rayan @ nhXZL_Cydv"" posts a small blind of 0.25",2026-09-08T18:08:59.076Z,178889093907606
"Player stacks: #1 ""rowan @ GthBpPSqaK"" (176.38) | #7 ""Binkputer @ 6D7s410Ucp"" (86.95) | #8 ""Rayan @ nhXZL_Cydv"" (125.45) | #9 ""1bulletonly @ xZS3GKnBtu"" (75.68)",2026-09-08T18:08:59.076Z,178889093907601
"-- starting hand #136 (id: da2cdhjz1skw)  No Limit Texas Hold'em (dealer: ""Binkputer @ 6D7s410Ucp"") --",2026-09-08T18:08:59.076Z,178889093907600
"-- ending hand #135 --",2026-09-08T18:08:51.069Z,178889093106905
"""rowan @ GthBpPSqaK"" collected 6.89 from pot with Two Pair, A's & 2's on the second board  (combination: 10♦, 2♥, 2♠, A♠, A♥)",2026-09-08T18:08:51.069Z,178889093106904
"""rowan @ GthBpPSqaK"" collected 6.90 from pot with Straight, 9 High (combination: 5♥, 6♥, 7♠, 8♦, 9♠)",2026-09-08T18:08:51.069Z,178889093106903
"""rowan @ GthBpPSqaK"" shows a 5♥, A♠.",2026-09-08T18:08:51.069Z,178889093106902
"""1bulletonly @ xZS3GKnBtu"" shows a 3♠, 4♥.",2026-09-08T18:08:51.069Z,178889093106901
"""Binkputer @ 6D7s410Ucp"" shows a J♣, Q♠.",2026-09-08T18:08:51.069Z,178889093106900
"""rowan @ GthBpPSqaK"" checks",2026-09-08T18:08:50.233Z,178889093023300
"""1bulletonly @ xZS3GKnBtu"" checks",2026-09-08T18:08:48.231Z,178889092823100
"""Binkputer @ 6D7s410Ucp"" checks",2026-09-08T18:08:45.983Z,178889092598300
"River (second board): 3♥, 10♦, 2♥, A♥ [2♠]",2026-09-08T18:08:44.059Z,178889092405901
"River: 6♥, 9♠, 7♠, 8♦ [3♦]",2026-09-08T18:08:44.059Z,178889092405900
"""Rayan @ nhXZL_Cydv"" folds",2026-09-08T18:08:43.231Z,178889092323100
"""Binkputer @ 6D7s410Ucp"" calls 3.18",2026-09-08T18:08:41.086Z,178889092108600
"""rowan @ GthBpPSqaK"" calls 3.18",2026-09-08T18:08:38.854Z,178889091885400
"""1bulletonly @ xZS3GKnBtu"" bets 3.18",2026-09-08T18:08:37.963Z,178889091796300
"""Rayan @ nhXZL_Cydv"" checks",2026-09-08T18:08:33.797Z,178889091379700
"""Binkputer @ 6D7s410Ucp"" checks",2026-09-08T18:08:31.399Z,178889091139900
"Turn (second board): 3♥, 10♦, 2♥ [A♥]",2026-09-08T18:08:29.509Z,178889090950901
"Turn: 6♥, 9♠, 7♠ [8♦]",2026-09-08T18:08:29.509Z,178889090950900
"""rowan @ GthBpPSqaK"" checks",2026-09-08T18:08:28.693Z,178889090869300
"""1bulletonly @ xZS3GKnBtu"" checks",2026-09-08T18:08:27.833Z,178889090783300
"""Rayan @ nhXZL_Cydv"" checks",2026-09-08T18:08:24.643Z,178889090464300
"""Binkputer @ 6D7s410Ucp"" checks",2026-09-08T18:08:03.767Z,178889088376700
"Flop (second board):  [3♥, 10♦, 2♥]",2026-09-08T18:08:01.405Z,178889088140501
"Flop:  [6♥, 9♠, 7♠]",2026-09-08T18:08:01.405Z,178889088140500
"""Rayan @ nhXZL_Cydv"" calls 1.00 (bomb pot bet)",2026-09-08T18:08:00.555Z,178889088055500
"""Binkputer @ 6D7s410Ucp"" calls 1.00 (bomb pot bet)",2026-09-08T18:07:59.666Z,178889087966600
"""rowan @ GthBpPSqaK"" calls 1.00 (bomb pot bet)",2026-09-08T18:07:58.782Z,178889087878200
"""1bulletonly @ xZS3GKnBtu"" posts a bet of 1.00 (bomb pot bet)",2026-09-08T18:07:57.965Z,178889087796500
"""1bulletonly @ xZS3GKnBtu"" posts a missing small blind of 0.25",2026-09-08T18:07:55.954Z,178889087595407
"Player stacks: #1 ""rowan @ GthBpPSqaK"" (166.77) | #7 ""Binkputer @ 6D7s410Ucp"" (91.13) | #8 ""Rayan @ nhXZL_Cydv"" (126.45) | #9 ""1bulletonly @ xZS3GKnBtu"" (80.11)",2026-09-08T18:07:55.954Z,178889087595402
"-- starting hand #135 (id: tclwh4yyf1ru)  No Limit Texas Hold'em (dealer: ""rowan @ GthBpPSqaK"") --",2026-09-08T18:07:55.954Z,178889087595401
"The player ""1bulletonly @ xZS3GKnBtu"" joined the game with a stack of 80.11.",2026-09-08T18:07:55.954Z,178889087595400
"""Binkputer @ 6D7s410Ucp"" shows a 9♠.",2026-09-08T18:07:52.786Z,178889087278600
"-- ending hand #134 --",2026-09-08T18:07:52.346Z,178889087234602
"""Binkputer @ 6D7s410Ucp"" collected 1.25 from pot",2026-09-08T18:07:52.346Z,178889087234601
"Uncalled bet of 0.50 returned to ""Binkputer @ 6D7s410Ucp""",2026-09-08T18:07:52.346Z,178889087234600
"""rowan @ GthBpPSqaK"" folds",2026-09-08T18:07:51.474Z,178889087147400
"""Binkputer @ 6D7s410Ucp"" bets 0.50",2026-09-08T18:07:50.378Z,178889087037800
"""rowan @ GthBpPSqaK"" checks",2026-09-08T18:07:48.612Z,178889086861200
"River: 7♦, Q♣, 2♣, 3♥ [9♥]",2026-09-08T18:07:48.113Z,178889086811300
"""Binkputer @ 6D7s410Ucp"" checks",2026-09-08T18:07:47.302Z,178889086730200
"""rowan @ GthBpPSqaK"" checks",2026-09-08T18:07:46.384Z,178889086638400
"Turn: 7♦, Q♣, 2♣ [3♥]",2026-09-08T18:07:45.056Z,178889086505600
"The player ""1bulletonly @ xZS3GKnBtu"" sit back with the stack of 80.11.",2026-09-08T18:07:44.942Z,178889086494200
"""Binkputer @ 6D7s410Ucp"" checks",2026-09-08T18:07:44.202Z,178889086420200
"""rowan @ GthBpPSqaK"" checks",2026-09-08T18:07:43.370Z,178889086337000
"Flop:  [7♦, Q♣, 2♣]",2026-09-08T18:07:41.771Z,178889086177100
"""Binkputer @ 6D7s410Ucp"" checks",2026-09-08T18:07:40.941Z,178889086094100
"""rowan @ GthBpPSqaK"" checks",2026-09-08T18:07:40.089Z,178889086008900
"""Rayan @ nhXZL_Cydv"" folds",2026-09-08T18:07:37.979Z,178889085797900
"""rowan @ GthBpPSqaK"" posts a missed big blind of 0.50",2026-09-08T18:07:36.648Z,178889085664809
"""rowan @ GthBpPSqaK"" posts a missing small blind of 0.25",2026-09-08T18:07:36.648Z,178889085664808
"""Binkputer @ 6D7s410Ucp"" posts a big blind of 0.50",2026-09-08T18:07:36.648Z,178889085664807
"""rowan @ GthBpPSqaK"" posts a small blind of 0.25",2026-09-08T18:07:36.648Z,178889085664806
"Player stacks: #1 ""rowan @ GthBpPSqaK"" (167.52) | #7 ""Binkputer @ 6D7s410Ucp"" (90.38) | #8 ""Rayan @ nhXZL_Cydv"" (126.45)",2026-09-08T18:07:36.648Z,178889085664802
"-- starting hand #134 (id: gh2ejjp2luqm)  No Limit Texas Hold'em (dealer: ""Rayan @ nhXZL_Cydv"") --",2026-09-08T18:07:36.648Z,178889085664801
"The player ""rowan @ GthBpPSqaK"" joined the game with a stack of 167.52.",2026-09-08T18:07:36.648Z,178889085664800
"""Rayan @ nhXZL_Cydv"" shows a 9♥, A♦.",2026-09-08T18:07:34.462Z,178889085446200
"The player ""rowan @ GthBpPSqaK"" sit back with the stack of 167.52.",2026-09-08T18:07:31.447Z,178889085144700
"""Binkputer @ 6D7s410Ucp"" shows a 5♦, 3♣.",2026-09-08T18:07:29.612Z,178889084961200
"-- ending hand #133 --",2026-09-08T18:07:29.309Z,178889084930902
"""Rayan @ nhXZL_Cydv"" collected 0.50 from pot",2026-09-08T18:07:29.309Z,178889084930901
"Uncalled bet of 0.25 returned to ""Rayan @ nhXZL_Cydv""",2026-09-08T18:07:29.309Z,178889084930900
"""Binkputer @ 6D7s410Ucp"" folds",2026-09-08T18:07:28.494Z,178889084849400
"""Rayan @ nhXZL_Cydv"" posts a big blind of 0.50",2026-09-08T18:07:27.246Z,178889084724605
"""Binkputer @ 6D7s410Ucp"" posts a small blind of 0.25",2026-09-08T18:07:27.246Z,178889084724604
"Player stacks: #7 ""Binkputer @ 6D7s410Ucp"" (90.63) | #8 ""Rayan @ nhXZL_Cydv"" (126.20)",2026-09-08T18:07:27.246Z,178889084724601
"-- starting hand #133 (id: owb9ft4clcuy)  No Limit Texas Hold'em (dealer: ""Binkputer @ 6D7s410Ucp"") --",2026-09-08T18:07:27.246Z,178889084724600
"-- ending hand #132 --",2026-09-08T18:07:21.305Z,178889084130502
"""Binkputer @ 6D7s410Ucp"" collected 0.50 from pot",2026-09-08T18:07:21.305Z,178889084130501
"Uncalled bet of 0.25 returned to ""Binkputer @ 6D7s410Ucp""",2026-09-08T18:07:21.305Z,178889084130500
"""Rayan @ nhXZL_Cydv"" folds",2026-09-08T18:07:20.486Z,178889084048600
"""Binkputer @ 6D7s410Ucp"" posts a big blind of 0.50",2026-09-08T18:07:19.206Z,178889083920605
"""Rayan @ nhXZL_Cydv"" posts a small blind of 0.25",2026-09-08T18:07:19.206Z,178889083920604
"Player stacks: #7 ""Binkputer @ 6D7s410Ucp"" (90.38) | #8 ""Rayan @ nhXZL_Cydv"" (126.45)",2026-09-08T18:07:19.206Z,178889083920601
"-- starting hand #132 (id: 4mtjo62sgkbi)  No Limit Texas Hold'em (dealer: ""Rayan @ nhXZL_Cydv"") --",2026-09-08T18:07:19.206Z,178889083920600
"-- ending hand #131 --",2026-09-08T18:07:13.254Z,178889083325402
"""Rayan @ nhXZL_Cydv"" collected 0.50 from pot",2026-09-08T18:07:13.254Z,178889083325401
"Uncalled bet of 0.25 returned to ""Rayan @ nhXZL_Cydv""",2026-09-08T18:07:13.254Z,178889083325400
"""Binkputer @ 6D7s410Ucp"" folds",2026-09-08T18:07:12.429Z,178889083242900
"""Rayan @ nhXZL_Cydv"" posts a big blind of 0.50",2026-09-08T18:07:11.454Z,178889083145405
"""Binkputer @ 6D7s410Ucp"" posts a small blind of 0.25",2026-09-08T18:07:11.454Z,178889083145404
"Player stacks: #7 ""Binkputer @ 6D7s410Ucp"" (90.63) | #8 ""Rayan @ nhXZL_Cydv"" (126.20)",2026-09-08T18:07:11.454Z,178889083145401
"-- starting hand #131 (id: zo4drwdotvrt)  No Limit Texas Hold'em (dealer: ""Binkputer @ 6D7s410Ucp"") --",2026-09-08T18:07:11.454Z,178889083145400
"-- ending hand #130 --",2026-09-08T18:07:05.544Z,178889082554402
"""Rayan @ nhXZL_Cydv"" collected 2.00 from pot",2026-09-08T18:07:05.544Z,178889082554401
"Uncalled bet of 2.00 returned to ""Rayan @ nhXZL_Cydv""",2026-09-08T18:07:05.544Z,178889082554400
"""Binkputer @ 6D7s410Ucp"" folds",2026-09-08T18:07:04.683Z,178889082468300
"""Rayan @ nhXZL_Cydv"" bets 2.00",2026-09-08T18:07:03.841Z,178889082384100
"""Binkputer @ 6D7s410Ucp"" checks",2026-09-08T18:07:01.244Z,178889082124400
"Turn (second board): 10♣, 2♥, K♠ [8♠]",2026-09-08T18:07:00.028Z,178889082002801
"Turn: 6♣, A♠, J♣ [5♠]",2026-09-08T18:07:00.028Z,178889082002800
"""Rayan @ nhXZL_Cydv"" checks",2026-09-08T18:06:59.154Z,178889081915400
"""Binkputer @ 6D7s410Ucp"" checks",2026-09-08T18:06:58.016Z,178889081801600
"Flop (second board):  [10♣, 2♥, K♠]",2026-09-08T18:06:56.450Z,178889081645001
"Flop:  [6♣, A♠, J♣]",2026-09-08T18:06:56.450Z,178889081645000
"""Binkputer @ 6D7s410Ucp"" calls 1.00 (bomb pot bet)",2026-09-08T18:06:55.618Z,178889081561800
"""Rayan @ nhXZL_Cydv"" posts a bet of 1.00 (bomb pot bet)",2026-09-08T18:06:54.798Z,178889081479800
"Player stacks: #7 ""Binkputer @ 6D7s410Ucp"" (91.63) | #8 ""Rayan @ nhXZL_Cydv"" (125.20)",2026-09-08T18:06:52.751Z,178889081275101
"-- starting hand #130 (id: bku6oo5oc1ay)  No Limit Texas Hold'em (dealer: ""Rayan @ nhXZL_Cydv"") --",2026-09-08T18:06:52.751Z,178889081275100
"""Binkputer @ 6D7s410Ucp"" shows a J♣, 4♦.",2026-09-08T18:06:48.335Z,178889080833500
"""Rayan @ nhXZL_Cydv"" shows a Q♥, A♥.",2026-09-08T18:06:46.518Z,178889080651800
"-- ending hand #129 --",2026-09-08T18:06:45.393Z,178889080539302
"""Rayan @ nhXZL_Cydv"" collected 0.50 from pot",2026-09-08T18:06:45.393Z,178889080539301
"Uncalled bet of 0.25 returned to ""Rayan @ nhXZL_Cydv""",2026-09-08T18:06:45.393Z,178889080539300
"""Binkputer @ 6D7s410Ucp"" folds",2026-09-08T18:06:44.554Z,178889080455400
"""Rayan @ nhXZL_Cydv"" posts a big blind of 0.50",2026-09-08T18:06:43.346Z,178889080334606
"""Binkputer @ 6D7s410Ucp"" posts a small blind of 0.25",2026-09-08T18:06:43.346Z,178889080334605
"Player stacks: #7 ""Binkputer @ 6D7s410Ucp"" (91.88) | #8 ""Rayan @ nhXZL_Cydv"" (124.95)",2026-09-08T18:06:43.346Z,178889080334602
"-- starting hand #129 (id: gb4hnbmbo1yp)  No Limit Texas Hold'em (dealer: ""Binkputer @ 6D7s410Ucp"") --",2026-09-08T18:06:43.346Z,178889080334601
"The player ""1bulletonly @ xZS3GKnBtu"" stand up with the stack of 80.11.",2026-09-08T18:06:43.346Z,178889080334600
"""Binkputer @ 6D7s410Ucp"" shows a 2♦.",2026-09-08T18:06:39.739Z,178889079973900
"""Binkputer @ 6D7s410Ucp"" shows a 8♥.",2026-09-08T18:06:39.533Z,178889079953300
"""Rayan @ nhXZL_Cydv"" shows a 2♥, 5♣.",2026-09-08T18:06:38.534Z,178889079853400
"-- ending hand #128 --",2026-09-08T18:06:36.016Z,178889079601602
"""Rayan @ nhXZL_Cydv"" collected 0.50 from pot",2026-09-08T18:06:36.016Z,178889079601601
"Uncalled bet of 0.25 returned to ""Rayan @ nhXZL_Cydv""",2026-09-08T18:06:36.016Z,178889079601600
"""Binkputer @ 6D7s410Ucp"" folds",2026-09-08T18:06:35.198Z,178889079519800
"""1bulletonly @ xZS3GKnBtu"" folds",2026-09-08T18:06:33.064Z,178889079306400
"""Rayan @ nhXZL_Cydv"" posts a big blind of 0.50",2026-09-08T18:06:32.142Z,178889079214207
"""Binkputer @ 6D7s410Ucp"" posts a small blind of 0.25",2026-09-08T18:06:32.142Z,178889079214206
"Player stacks: #7 ""Binkputer @ 6D7s410Ucp"" (92.13) | #8 ""Rayan @ nhXZL_Cydv"" (124.70) | #9 ""1bulletonly @ xZS3GKnBtu"" (80.11)",2026-09-08T18:06:32.142Z,178889079214202
"-- starting hand #128 (id: gseppugab8se)  No Limit Texas Hold'em (dead button) --",2026-09-08T18:06:32.142Z,178889079214201
"The player ""rowan @ GthBpPSqaK"" stand up with the stack of 167.52.",2026-09-08T18:06:32.142Z,178889079214200
"-- ending hand #127 --",2026-09-08T18:06:26.136Z,178889078613603
"""Rayan @ nhXZL_Cydv"" collected 1.25 from pot with A High (combination: 8♦, J♦, Q♠, K♥, A♥)",2026-09-08T18:06:26.136Z,178889078613602
"""Rayan @ nhXZL_Cydv"" shows a J♦, K♥.",2026-09-08T18:06:26.136Z,178889078613601
"""Binkputer @ 6D7s410Ucp"" shows a 7♠, 10♥.",2026-09-08T18:06:26.136Z,178889078613600
"""Rayan @ nhXZL_Cydv"" checks",2026-09-08T18:06:25.245Z,178889078524500
"""Binkputer @ 6D7s410Ucp"" checks",2026-09-08T18:06:23.600Z,178889078360000
"River: 4♦, 6♣, 8♦, A♥ [Q♠]",2026-09-08T18:06:22.528Z,178889078252800
"""Rayan @ nhXZL_Cydv"" checks",2026-09-08T18:06:21.642Z,178889078164200
"""Binkputer @ 6D7s410Ucp"" checks",2026-09-08T18:06:20.556Z,178889078055600
"Turn: 4♦, 6♣, 8♦ [A♥]",2026-09-08T18:06:19.528Z,178889077952800
"""Rayan @ nhXZL_Cydv"" checks",2026-09-08T18:06:18.664Z,178889077866400
"""Binkputer @ 6D7s410Ucp"" checks",2026-09-08T18:06:17.784Z,178889077778400
"Flop:  [4♦, 6♣, 8♦]",2026-09-08T18:06:16.185Z,178889077618500
"""Binkputer @ 6D7s410Ucp"" checks",2026-09-08T18:06:15.363Z,178889077536300
"""rowan @ GthBpPSqaK"" folds",2026-09-08T18:06:14.381Z,178889077438100
"""1bulletonly @ xZS3GKnBtu"" folds",2026-09-08T18:06:13.562Z,178889077356200
"""Rayan @ nhXZL_Cydv"" calls 0.50",2026-09-08T18:05:51.717Z,178889075171700
"""Binkputer @ 6D7s410Ucp"" posts a big blind of 0.50",2026-09-08T18:05:50.335Z,178889075033507
"""rowan @ GthBpPSqaK"" posts a small blind of 0.25",2026-09-08T18:05:50.335Z,178889075033506
"Player stacks: #1 ""rowan @ GthBpPSqaK"" (167.77) | #7 ""Binkputer @ 6D7s410Ucp"" (92.63) | #8 ""Rayan @ nhXZL_Cydv"" (123.95) | #9 ""1bulletonly @ xZS3GKnBtu"" (80.11)",2026-09-08T18:05:50.335Z,178889075033501
"-- starting hand #127 (id: 36mfhpw34yhr)  No Limit Texas Hold'em (dealer: ""1bulletonly @ xZS3GKnBtu"") --",2026-09-08T18:05:50.335Z,178889075033500
"""Binkputer @ 6D7s410Ucp"" shows a 10♦, 7♣.",2026-09-08T18:05:47.581Z,178889074758100
"-- ending hand #126 --",2026-09-08T18:05:46.731Z,178889074673102
"""1bulletonly @ xZS3GKnBtu"" collected 4.50 from pot",2026-09-08T18:05:46.731Z,178889074673101
"Uncalled bet of 0.50 returned to ""1bulletonly @ xZS3GKnBtu""",2026-09-08T18:05:46.731Z,178889074673100
"""Rayan @ nhXZL_Cydv"" folds",2026-09-08T18:05:45.893Z,178889074589300
"""1bulletonly @ xZS3GKnBtu"" bets 0.50",2026-09-08T18:05:44.775Z,178889074477500
"River: J♠, 4♠, 3♥, 9♣ [8♦]",2026-09-08T18:05:42.691Z,178889074269100
"""Rayan @ nhXZL_Cydv"" checks",2026-09-08T18:05:41.864Z,178889074186400
"""1bulletonly @ xZS3GKnBtu"" checks",2026-09-08T18:05:40.230Z,178889074023000
"Turn: J♠, 4♠, 3♥ [9♣]",2026-09-08T18:05:37.208Z,178889073720800
"""rowan @ GthBpPSqaK"" folds",2026-09-08T18:05:36.383Z,178889073638300
"""1bulletonly @ xZS3GKnBtu"" calls 1.50",2026-09-08T18:05:35.515Z,178889073551500
"""Rayan @ nhXZL_Cydv"" bets 1.50",2026-09-08T18:05:31.168Z,178889073116800
"""rowan @ GthBpPSqaK"" checks",2026-09-08T18:05:28.515Z,178889072851500
"""1bulletonly @ xZS3GKnBtu"" checks",2026-09-08T18:05:27.590Z,178889072759000
"Flop:  [J♠, 4♠, 3♥]",2026-09-08T18:04:57.566Z,178889069756600
"""rowan @ GthBpPSqaK"" checks",2026-09-08T18:04:56.742Z,178889069674200
"""1bulletonly @ xZS3GKnBtu"" calls 0.50",2026-09-08T18:04:55.011Z,178889069501100
"""Rayan @ nhXZL_Cydv"" calls 0.50",2026-09-08T18:04:38.106Z,178889067810600
"""Binkputer @ 6D7s410Ucp"" folds",2026-09-08T18:04:36.846Z,178889067684600
"""rowan @ GthBpPSqaK"" posts a big blind of 0.50",2026-09-08T18:04:35.960Z,178889067596007
"""1bulletonly @ xZS3GKnBtu"" posts a small blind of 0.25",2026-09-08T18:04:35.960Z,178889067596006
"Player stacks: #1 ""rowan @ GthBpPSqaK"" (168.27) | #7 ""Binkputer @ 6D7s410Ucp"" (92.63) | #8 ""Rayan @ nhXZL_Cydv"" (125.95) | #9 ""1bulletonly @ xZS3GKnBtu"" (77.61)",2026-09-08T18:04:35.960Z,178889067596001
"-- starting hand #126 (id: 5kvz5kiqauvz)  No Limit Texas Hold'em (dealer: ""Rayan @ nhXZL_Cydv"") --",2026-09-08T18:04:35.960Z,178889067596000
"-- ending hand #125 --",2026-09-08T18:04:27.936Z,178889066793603
"""1bulletonly @ xZS3GKnBtu"" collected 4.50 from pot with Pair, 5's on the second board  (combination: Q♦, K♣, A♠, 5♣, 5♠)",2026-09-08T18:04:27.936Z,178889066793602
"""1bulletonly @ xZS3GKnBtu"" collected 4.50 from pot with Pair, J's (combination: 8♣, 10♥, A♠, J♦, J♠)",2026-09-08T18:04:27.936Z,178889066793601
"""1bulletonly @ xZS3GKnBtu"" shows a J♦, A♠.",2026-09-08T18:04:27.936Z,178889066793600
"""Binkputer @ 6D7s410Ucp"" calls 0.50",2026-09-08T18:04:27.132Z,178889066713200
"""1bulletonly @ xZS3GKnBtu"" bets 0.50",2026-09-08T18:04:23.411Z,178889066341100
"River (second board): Q♦, 6♣, K♣, 5♣ [5♠]",2026-09-08T18:04:21.047Z,178889066104701
"River: 3♦, 10♥, J♠, 8♣ [6♥]",2026-09-08T18:04:21.047Z,178889066104700
"""Binkputer @ 6D7s410Ucp"" checks",2026-09-08T18:04:20.179Z,178889066017900
"""1bulletonly @ xZS3GKnBtu"" checks",2026-09-08T18:04:17.901Z,178889065790100
"Turn (second board): Q♦, 6♣, K♣ [5♣]",2026-09-08T18:04:15.844Z,178889065584401
"Turn: 3♦, 10♥, J♠ [8♣]",2026-09-08T18:04:15.844Z,178889065584400
"""rowan @ GthBpPSqaK"" folds",2026-09-08T18:04:14.936Z,178889065493600
"""1bulletonly @ xZS3GKnBtu"" calls 2.00",2026-09-08T18:04:14.064Z,178889065406400
"""Rayan @ nhXZL_Cydv"" folds",2026-09-08T18:04:10.959Z,178889065095900
"""Binkputer @ 6D7s410Ucp"" bets 2.00",2026-09-08T18:04:09.647Z,178889064964700
"""rowan @ GthBpPSqaK"" checks",2026-09-08T18:04:07.220Z,178889064722000
"""1bulletonly @ xZS3GKnBtu"" checks",2026-09-08T18:04:02.899Z,178889064289900
"""Rayan @ nhXZL_Cydv"" checks",2026-09-08T18:04:00.574Z,178889064057400
"Flop (second board):  [Q♦, 6♣, K♣]",2026-09-08T18:03:59.054Z,178889063905401
"Flop:  [3♦, 10♥, J♠]",2026-09-08T18:03:59.054Z,178889063905400
"""1bulletonly @ xZS3GKnBtu"" calls 1.00 (bomb pot bet)",2026-09-08T18:03:58.194Z,178889063819400
"""Rayan @ nhXZL_Cydv"" calls 1.00 (bomb pot bet)",2026-09-08T18:03:57.360Z,178889063736000
"""Binkputer @ 6D7s410Ucp"" calls 1.00 (bomb pot bet)",2026-09-08T18:03:56.536Z,178889063653600
"""rowan @ GthBpPSqaK"" posts a bet of 1.00 (bomb pot bet)",2026-09-08T18:03:55.687Z,178889063568700
"Player stacks: #1 ""rowan @ GthBpPSqaK"" (169.27) | #7 ""Binkputer @ 6D7s410Ucp"" (96.13) | #8 ""Rayan @ nhXZL_Cydv"" (126.95) | #9 ""1bulletonly @ xZS3GKnBtu"" (72.11)",2026-09-08T18:03:53.654Z,178889063365401
"-- starting hand #125 (id: fsgxwahrw9im)  No Limit Texas Hold'em (dealer: ""Binkputer @ 6D7s410Ucp"") --",2026-09-08T18:03:53.654Z,178889063365400
"""Rayan @ nhXZL_Cydv"" shows a 7♠, 6♥.",2026-09-08T18:03:51.000Z,178889063100000
"-- ending hand #124 --",2026-09-08T18:03:49.990Z,178889062999001
"""Rayan @ nhXZL_Cydv"" collected 8.00 from pot",2026-09-08T18:03:49.990Z,178889062999000
"""rowan @ GthBpPSqaK"" folds",2026-09-08T18:03:49.181Z,178889062918100
"""Rayan @ nhXZL_Cydv"" checks",2026-09-08T18:03:43.652Z,178889062365200
"River (second board): J♣, 4♠, 3♥, 2♠ [4♥]",2026-09-08T18:03:41.484Z,178889062148401
"River: K♥, Q♣, 5♥, 7♥ [K♦]",2026-09-08T18:03:41.484Z,178889062148400
"""Binkputer @ 6D7s410Ucp"" folds",2026-09-08T18:03:40.677Z,178889062067700
"""rowan @ GthBpPSqaK"" calls 2.00",2026-09-08T18:03:39.796Z,178889061979600
"""1bulletonly @ xZS3GKnBtu"" folds",2026-09-08T18:03:38.919Z,178889061891900
"""Rayan @ nhXZL_Cydv"" bets 2.00",2026-09-08T18:03:34.639Z,178889061463900
"""Binkputer @ 6D7s410Ucp"" checks",2026-09-08T18:03:32.038Z,178889061203800
"Turn (second board): J♣, 4♠, 3♥ [2♠]",2026-09-08T18:03:27.248Z,178889060724801
"Turn: K♥, Q♣, 5♥ [7♥]",2026-09-08T18:03:27.248Z,178889060724800
"""rowan @ GthBpPSqaK"" checks",2026-09-08T18:03:26.431Z,178889060643100
"""1bulletonly @ xZS3GKnBtu"" checks",2026-09-08T18:03:25.579Z,178889060557900
"""Rayan @ nhXZL_Cydv"" checks",2026-09-08T18:03:24.663Z,178889060466300
"""Binkputer @ 6D7s410Ucp"" checks",2026-09-08T18:03:23.535Z,178889060353500
"Flop (second board):  [J♣, 4♠, 3♥]",2026-09-08T18:03:19.670Z,178889059967001
"Flop:  [K♥, Q♣, 5♥]",2026-09-08T18:03:19.670Z,178889059967000
"""Rayan @ nhXZL_Cydv"" calls 1.00 (bomb pot bet)",2026-09-08T18:03:18.830Z,178889059883000
"""Binkputer @ 6D7s410Ucp"" calls 1.00 (bomb pot bet)",2026-09-08T18:03:17.959Z,178889059795900
"""rowan @ GthBpPSqaK"" calls 1.00 (bomb pot bet)",2026-09-08T18:03:17.101Z,178889059710100
"""1bulletonly @ xZS3GKnBtu"" posts a bet of 1.00 (bomb pot bet)",2026-09-08T18:03:16.277Z,178889059627700
"Player stacks: #1 ""rowan @ GthBpPSqaK"" (172.27) | #7 ""Binkputer @ 6D7s410Ucp"" (97.13) | #8 ""Rayan @ nhXZL_Cydv"" (121.95) | #9 ""1bulletonly @ xZS3GKnBtu"" (73.11)",2026-09-08T18:03:14.269Z,178889059426901
"-- starting hand #124 (id: bkw912jrfyj2)  No Limit Texas Hold'em (dealer: ""rowan @ GthBpPSqaK"") --",2026-09-08T18:03:14.269Z,178889059426900
"-- ending hand #123 --",2026-09-08T18:03:08.351Z,178889058835102
"""Binkputer @ 6D7s410Ucp"" collected 18.50 from pot",2026-09-08T18:03:08.351Z,178889058835101
"Uncalled bet of 9.25 returned to ""Binkputer @ 6D7s410Ucp""",2026-09-08T18:03:08.351Z,178889058835100
"""rowan @ GthBpPSqaK"" folds",2026-09-08T18:03:07.531Z,178889058753100
"""Binkputer @ 6D7s410Ucp"" bets 9.25",2026-09-08T18:02:55.942Z,178889057594200
"""rowan @ GthBpPSqaK"" checks",2026-09-08T18:02:53.625Z,178889057362500
"Flop:  [3♥, 9♦, 10♥]",2026-09-08T18:02:52.157Z,178889057215700
"""rowan @ GthBpPSqaK"" calls 9.00",2026-09-08T18:02:51.302Z,178889057130200
"""Rayan @ nhXZL_Cydv"" folds",2026-09-08T18:02:47.451Z,178889056745100
"""Binkputer @ 6D7s410Ucp"" raises to 9.00",2026-09-08T18:02:46.114Z,178889056611400
"""rowan @ GthBpPSqaK"" raises to 3.00",2026-09-08T18:02:43.531Z,178889056353100
"""1bulletonly @ xZS3GKnBtu"" folds",2026-09-08T18:02:40.811Z,178889056081100
"""Rayan @ nhXZL_Cydv"" calls 0.50",2026-09-08T18:02:39.902Z,178889055990200
"""Binkputer @ 6D7s410Ucp"" posts a big blind of 0.50",2026-09-08T18:02:38.792Z,178889055879207
"""rowan @ GthBpPSqaK"" posts a small blind of 0.25",2026-09-08T18:02:38.792Z,178889055879206
"Player stacks: #1 ""rowan @ GthBpPSqaK"" (181.27) | #7 ""Binkputer @ 6D7s410Ucp"" (87.63) | #8 ""Rayan @ nhXZL_Cydv"" (122.45) | #9 ""1bulletonly @ xZS3GKnBtu"" (73.11)",2026-09-08T18:02:38.792Z,178889055879201
"-- starting hand #123 (id: qqk3gycb5ygn)  No Limit Texas Hold'em (dealer: ""1bulletonly @ xZS3GKnBtu"") --",2026-09-08T18:02:38.792Z,178889055879200
"""Binkputer @ 6D7s410Ucp"" shows a 5♠, 9♠.",2026-09-08T18:02:33.050Z,178889055305000
"-- ending hand #122 --",2026-09-08T18:02:32.185Z,178889055218502
"""rowan @ GthBpPSqaK"" collected 19.00 from pot",2026-09-08T18:02:32.185Z,178889055218501
"Uncalled bet of 9.50 returned to ""rowan @ GthBpPSqaK""",2026-09-08T18:02:32.185Z,178889055218500
"""1bulletonly @ xZS3GKnBtu"" folds",2026-09-08T18:02:31.371Z,178889055137100
"""rowan @ GthBpPSqaK"" bets 9.50",2026-09-08T18:02:30.275Z,178889055027500
"""1bulletonly @ xZS3GKnBtu"" checks",2026-09-08T18:02:28.103Z,178889054810300
"Flop:  [7♣, 9♥, 5♦]",2026-09-08T18:02:24.980Z,178889054498000
"""1bulletonly @ xZS3GKnBtu"" calls 9.00",2026-09-08T18:02:24.152Z,178889054415200
"""Rayan @ nhXZL_Cydv"" folds",2026-09-08T18:02:19.766Z,178889053976600
"""Binkputer @ 6D7s410Ucp"" folds",2026-09-08T18:02:17.189Z,178889053718900
"""rowan @ GthBpPSqaK"" raises to 9.00",2026-09-08T18:02:16.349Z,178889053634900
"""1bulletonly @ xZS3GKnBtu"" raises to 3.00",2026-09-08T18:02:12.739Z,178889053273900
"""Rayan @ nhXZL_Cydv"" calls 0.50",2026-09-08T18:01:59.098Z,178889051909800
"""Binkputer @ 6D7s410Ucp"" calls 0.50",2026-09-08T18:01:57.861Z,178889051786100
"""rowan @ GthBpPSqaK"" posts a big blind of 0.50",2026-09-08T18:01:56.787Z,178889051678707
"""1bulletonly @ xZS3GKnBtu"" posts a small blind of 0.25",2026-09-08T18:01:56.787Z,178889051678706
"Player stacks: #1 ""rowan @ GthBpPSqaK"" (171.27) | #7 ""Binkputer @ 6D7s410Ucp"" (88.13) | #8 ""Rayan @ nhXZL_Cydv"" (122.95) | #9 ""1bulletonly @ xZS3GKnBtu"" (82.11)",2026-09-08T18:01:56.787Z,178889051678701
"-- starting hand #122 (id: tpn3ua8xu5fs)  No Limit Texas Hold'em (dealer: ""Rayan @ nhXZL_Cydv"") --",2026-09-08T18:01:56.787Z,178889051678700
"-- ending hand #121 --",2026-09-08T18:01:50.860Z,178889051086002
"""rowan @ GthBpPSqaK"" collected 6.50 from pot",2026-09-08T18:01:50.860Z,178889051086001
"Uncalled bet of 3.25 returned to ""rowan @ GthBpPSqaK""",2026-09-08T18:01:50.860Z,178889051086000
"""Rayan @ nhXZL_Cydv"" folds",2026-09-08T18:01:50.054Z,178889051005400
"""Binkputer @ 6D7s410Ucp"" folds",2026-09-08T18:01:49.038Z,178889050903800
"""rowan @ GthBpPSqaK"" bets 3.25",2026-09-08T18:01:48.075Z,178889050807500
"""Rayan @ nhXZL_Cydv"" checks",2026-09-08T18:01:45.816Z,178889050581600
"Flop:  [9♣, 4♦, A♣]",2026-09-08T18:01:43.534Z,178889050353400
"""1bulletonly @ xZS3GKnBtu"" folds",2026-09-08T18:01:42.720Z,178889050272000
"""Rayan @ nhXZL_Cydv"" calls 2.00",2026-09-08T18:01:26.236Z,178889048623600
"""Binkputer @ 6D7s410Ucp"" calls 2.00",2026-09-08T18:01:23.735Z,178889048373500
"""rowan @ GthBpPSqaK"" raises to 2.00",2026-09-08T18:01:22.791Z,178889048279100
"""1bulletonly @ xZS3GKnBtu"" posts a big blind of 0.50",2026-09-08T18:01:20.681Z,178889048068107
"""Rayan @ nhXZL_Cydv"" posts a small blind of 0.25",2026-09-08T18:01:20.681Z,178889048068106
"Player stacks: #1 ""rowan @ GthBpPSqaK"" (166.77) | #7 ""Binkputer @ 6D7s410Ucp"" (90.13) | #8 ""Rayan @ nhXZL_Cydv"" (124.95) | #9 ""1bulletonly @ xZS3GKnBtu"" (82.61)",2026-09-08T18:01:20.681Z,178889048068101
"-- starting hand #121 (id: 2kq00wtxgf35)  No Limit Texas Hold'em (dealer: ""Binkputer @ 6D7s410Ucp"") --",2026-09-08T18:01:20.681Z,178889048068100
"-- ending hand #120 --",2026-09-08T18:01:14.763Z,178889047476302
"""1bulletonly @ xZS3GKnBtu"" collected 1.75 from pot",2026-09-08T18:01:14.763Z,178889047476301
"Uncalled bet of 1.00 returned to ""1bulletonly @ xZS3GKnBtu""",2026-09-08T18:01:14.763Z,178889047476300
"""Rayan @ nhXZL_Cydv"" folds",2026-09-08T18:01:13.918Z,178889047391800
"""rowan @ GthBpPSqaK"" folds",2026-09-08T18:01:12.993Z,178889047299300
"""1bulletonly @ xZS3GKnBtu"" bets 1.00",2026-09-08T18:01:11.675Z,178889047167500
"""Rayan @ nhXZL_Cydv"" checks",2026-09-08T18:01:09.810Z,178889046981000
"Turn: Q♥, 5♥, A♠ [10♣]",2026-09-08T18:01:08.452Z,178889046845200
"""rowan @ GthBpPSqaK"" checks",2026-09-08T18:01:07.624Z,178889046762400
"""1bulletonly @ xZS3GKnBtu"" checks",2026-09-08T18:01:06.758Z,178889046675800
"""Rayan @ nhXZL_Cydv"" checks",2026-09-08T18:01:02.156Z,178889046215600
"Flop:  [Q♥, 5♥, A♠]",2026-09-08T18:01:00.669Z,178889046066900
"""Rayan @ nhXZL_Cydv"" checks",2026-09-08T18:00:59.861Z,178889045986100
"""Binkputer @ 6D7s410Ucp"" folds",2026-09-08T18:00:54.688Z,178889045468800
"""rowan @ GthBpPSqaK"" calls 0.50",2026-09-08T18:00:53.823Z,178889045382300
"""1bulletonly @ xZS3GKnBtu"" calls 0.50",2026-09-08T18:00:49.881Z,178889044988100
"""Rayan @ nhXZL_Cydv"" posts a big blind of 0.50",2026-09-08T18:00:48.268Z,178889044826807
"""Binkputer @ 6D7s410Ucp"" posts a small blind of 0.25",2026-09-08T18:00:48.268Z,178889044826806
"Player stacks: #1 ""rowan @ GthBpPSqaK"" (167.27) | #7 ""Binkputer @ 6D7s410Ucp"" (90.38) | #8 ""Rayan @ nhXZL_Cydv"" (125.45) | #9 ""1bulletonly @ xZS3GKnBtu"" (81.36)",2026-09-08T18:00:48.268Z,178889044826801
"-- starting hand #120 (id: xmm6wp0zvajh)  No Limit Texas Hold'em (dealer: ""rowan @ GthBpPSqaK"") --",2026-09-08T18:00:48.268Z,178889044826800
"""Binkputer @ 6D7s410Ucp"" shows a 10♥, 8♥.",2026-09-08T18:00:43.572Z,178889044357200
"-- ending hand #119 --",2026-09-08T18:00:41.640Z,178889044164002
"""Binkputer @ 6D7s410Ucp"" collected 0.50 from pot",2026-09-08T18:00:41.640Z,178889044164001
"Uncalled bet of 0.25 returned to ""Binkputer @ 6D7s410Ucp""",2026-09-08T18:00:41.640Z,178889044164000
"""rowan @ GthBpPSqaK"" folds",2026-09-08T18:00:40.796Z,178889044079600
"""1bulletonly @ xZS3GKnBtu"" folds",2026-09-08T18:00:39.910Z,178889043991000
"""Rayan @ nhXZL_Cydv"" folds",2026-09-08T18:00:39.037Z,178889043903700
"""Binkputer @ 6D7s410Ucp"" posts a big blind of 0.50",2026-09-08T18:00:37.432Z,178889043743207
"""rowan @ GthBpPSqaK"" posts a small blind of 0.25",2026-09-08T18:00:37.432Z,178889043743206
"Player stacks: #1 ""rowan @ GthBpPSqaK"" (167.52) | #7 ""Binkputer @ 6D7s410Ucp"" (90.13) | #8 ""Rayan @ nhXZL_Cydv"" (125.45) | #9 ""1bulletonly @ xZS3GKnBtu"" (81.36)",2026-09-08T18:00:37.432Z,178889043743201
"-- starting hand #119 (id: 7lsa6tuzxego)  No Limit Texas Hold'em (dealer: ""1bulletonly @ xZS3GKnBtu"") --",2026-09-08T18:00:37.432Z,178889043743200
"-- ending hand #118 --",2026-09-08T18:00:31.420Z,178889043142003
"""rowan @ GthBpPSqaK"" collected 1.00 from pot with Pair, 3's (combination: 7♥, K♣, A♦, 3♦, 3♥)",2026-09-08T18:00:31.420Z,178889043142002
"""rowan @ GthBpPSqaK"" shows a 3♦, 3♥.",2026-09-08T18:00:31.420Z,178889043142001
"""1bulletonly @ xZS3GKnBtu"" shows a 6♣, 9♦.",2026-09-08T18:00:31.420Z,178889043142000
"""rowan @ GthBpPSqaK"" checks",2026-09-08T18:00:30.580Z,178889043058000
"""1bulletonly @ xZS3GKnBtu"" checks",2026-09-08T18:00:29.689Z,178889042968900
"River: K♣, 2♦, 7♥, A♦ [4♠]",2026-09-08T18:00:28.680Z,178889042868000
"""rowan @ GthBpPSqaK"" checks",2026-09-08T18:00:27.854Z,178889042785400
"""1bulletonly @ xZS3GKnBtu"" checks",2026-09-08T18:00:26.975Z,178889042697500
"Turn: K♣, 2♦, 7♥ [A♦]",2026-09-08T18:00:26.276Z,178889042627600
"""rowan @ GthBpPSqaK"" checks",2026-09-08T18:00:25.468Z,178889042546800
"""1bulletonly @ xZS3GKnBtu"" checks",2026-09-08T18:00:24.578Z,178889042457800
"Flop:  [K♣, 2♦, 7♥]",2026-09-08T18:00:23.251Z,178889042325100
"""rowan @ GthBpPSqaK"" checks",2026-09-08T18:00:22.435Z,178889042243500
"""1bulletonly @ xZS3GKnBtu"" calls 0.50",2026-09-08T18:00:21.465Z,178889042146500
"""Rayan @ nhXZL_Cydv"" folds",2026-09-08T18:00:16.972Z,178889041697200
"""Binkputer @ 6D7s410Ucp"" folds",2026-09-08T18:00:15.974Z,178889041597400
"""rowan @ GthBpPSqaK"" posts a big blind of 0.50",2026-09-08T18:00:15.067Z,178889041506707
"""1bulletonly @ xZS3GKnBtu"" posts a small blind of 0.25",2026-09-08T18:00:15.067Z,178889041506706
"Player stacks: #1 ""rowan @ GthBpPSqaK"" (167.02) | #7 ""Binkputer @ 6D7s410Ucp"" (90.13) | #8 ""Rayan @ nhXZL_Cydv"" (125.45) | #9 ""1bulletonly @ xZS3GKnBtu"" (81.86)",2026-09-08T18:00:15.067Z,178889041506701
"-- starting hand #118 (id: gzt0uskdt6y5)  No Limit Texas Hold'em (dealer: ""Rayan @ nhXZL_Cydv"") --",2026-09-08T18:00:15.067Z,178889041506700
"""Binkputer @ 6D7s410Ucp"" shows a A♣, A♠.",2026-09-08T18:00:09.938Z,178889040993800
"-- ending hand #117 --",2026-09-08T18:00:08.456Z,178889040845602
"""Binkputer @ 6D7s410Ucp"" collected 23.49 from pot",2026-09-08T18:00:08.456Z,178889040845601
"Uncalled bet of 11.74 returned to ""Binkputer @ 6D7s410Ucp""",2026-09-08T18:00:08.456Z,178889040845600
"""rowan @ GthBpPSqaK"" folds",2026-09-08T18:00:07.632Z,178889040763200
"""Binkputer @ 6D7s410Ucp"" bets 11.74",2026-09-08T18:00:06.725Z,178889040672500
"""rowan @ GthBpPSqaK"" checks",2026-09-08T17:59:57.547Z,178889039754700
"Turn: J♦, J♣, 7♠ [K♥]",2026-09-08T17:59:56.173Z,178889039617300
"""rowan @ GthBpPSqaK"" calls 5.87",2026-09-08T17:59:55.361Z,178889039536100
"""Binkputer @ 6D7s410Ucp"" bets 5.87",2026-09-08T17:59:53.267Z,178889039326700
"""rowan @ GthBpPSqaK"" checks",2026-09-08T17:59:51.273Z,178889039127300
"Flop:  [J♦, J♣, 7♠]",2026-09-08T17:59:49.857Z,178889038985700
"""rowan @ GthBpPSqaK"" calls 5.50",2026-09-08T17:59:49.004Z,178889038900400
"""1bulletonly @ xZS3GKnBtu"" folds",2026-09-08T17:59:48.129Z,178889038812900
"""Rayan @ nhXZL_Cydv"" folds",2026-09-08T17:59:46.808Z,178889038680800
"""Binkputer @ 6D7s410Ucp"" raises to 5.50",2026-09-08T17:59:43.098Z,178889038309800
"""rowan @ GthBpPSqaK"" raises to 2.50",2026-09-08T17:59:39.338Z,178889037933800
"""1bulletonly @ xZS3GKnBtu"" posts a big blind of 0.50",2026-09-08T17:59:36.760Z,178889037676007
"""Rayan @ nhXZL_Cydv"" posts a small blind of 0.25",2026-09-08T17:59:36.760Z,178889037676006
"Player stacks: #1 ""rowan @ GthBpPSqaK"" (178.39) | #7 ""Binkputer @ 6D7s410Ucp"" (78.01) | #8 ""Rayan @ nhXZL_Cydv"" (125.70) | #9 ""1bulletonly @ xZS3GKnBtu"" (82.36)",2026-09-08T17:59:36.760Z,178889037676001
"-- starting hand #117 (id: q1ufbuh5bdgp)  No Limit Texas Hold'em (dealer: ""Binkputer @ 6D7s410Ucp"") --",2026-09-08T17:59:36.760Z,178889037676000
"""Binkputer @ 6D7s410Ucp"" shows a 5♦.",2026-09-08T17:59:34.251Z,178889037425100
"""Rayan @ nhXZL_Cydv"" shows a 3♥.",2026-09-08T17:59:33.941Z,178889037394100
"-- ending hand #116 --",2026-09-08T17:59:32.449Z,178889037244901
"""1bulletonly @ xZS3GKnBtu"" collected 26.00 from pot",2026-09-08T17:59:32.449Z,178889037244900
"""rowan @ GthBpPSqaK"" folds",2026-09-08T17:59:31.629Z,178889037162900
"""1bulletonly @ xZS3GKnBtu"" checks",2026-09-08T17:59:28.833Z,178889036883300
"River: 3♠, 9♥, J♥, 5♥ [3♦]",2026-09-08T17:59:26.553Z,178889036655300
"""1bulletonly @ xZS3GKnBtu"" calls 6.50",2026-09-08T17:59:25.680Z,178889036568000
"""rowan @ GthBpPSqaK"" bets 6.50",2026-09-08T17:59:23.578Z,178889036357800
"""1bulletonly @ xZS3GKnBtu"" checks",2026-09-08T17:59:17.568Z,178889035756800
"Turn: 3♠, 9♥, J♥ [5♥]",2026-09-08T17:59:15.980Z,178889035598000
"""1bulletonly @ xZS3GKnBtu"" calls 3.25",2026-09-08T17:59:15.150Z,178889035515000
"""Binkputer @ 6D7s410Ucp"" folds",2026-09-08T17:59:13.172Z,178889035317200
"""rowan @ GthBpPSqaK"" bets 3.25",2026-09-08T17:59:12.295Z,178889035229500
"""1bulletonly @ xZS3GKnBtu"" checks",2026-09-08T17:59:09.973Z,178889034997300
"""Binkputer @ 6D7s410Ucp"" checks",2026-09-08T17:59:08.428Z,178889034842800
"Flop:  [3♠, 9♥, J♥]",2026-09-08T17:59:06.841Z,178889034684100
"""rowan @ GthBpPSqaK"" calls 2.00",2026-09-08T17:59:06.031Z,178889034603100
"""1bulletonly @ xZS3GKnBtu"" calls 2.00",2026-09-08T17:59:05.175Z,178889034517500
"""Rayan @ nhXZL_Cydv"" folds",2026-09-08T17:59:03.487Z,178889034348700
"""Binkputer @ 6D7s410Ucp"" raises to 2.00",2026-09-08T17:59:01.653Z,178889034165300
"""rowan @ GthBpPSqaK"" calls 0.50",2026-09-08T17:58:59.306Z,178889033930600
"""1bulletonly @ xZS3GKnBtu"" calls 0.50",2026-09-08T17:58:56.859Z,178889033685900
"""Rayan @ nhXZL_Cydv"" posts a big blind of 0.50",2026-09-08T17:58:55.334Z,178889033533407
"""Binkputer @ 6D7s410Ucp"" posts a small blind of 0.25",2026-09-08T17:58:55.334Z,178889033533406
"Player stacks: #1 ""rowan @ GthBpPSqaK"" (190.14) | #7 ""Binkputer @ 6D7s410Ucp"" (80.01) | #8 ""Rayan @ nhXZL_Cydv"" (126.20) | #9 ""1bulletonly @ xZS3GKnBtu"" (68.11)",2026-09-08T17:58:55.334Z,178889033533401
"-- starting hand #116 (id: 0tnwxbniqqpo)  No Limit Texas Hold'em (dealer: ""rowan @ GthBpPSqaK"") --",2026-09-08T17:58:55.334Z,178889033533400
"-- ending hand #115 --",2026-09-08T17:58:52.392Z,178889033239202
"""1bulletonly @ xZS3GKnBtu"" collected 12.49 from pot",2026-09-08T17:58:52.392Z,178889033239201
"Uncalled bet of 9.86 returned to ""1bulletonly @ xZS3GKnBtu""",2026-09-08T17:58:52.392Z,178889033239200
"""Rayan @ nhXZL_Cydv"" folds",2026-09-08T17:58:51.577Z,178889033157700
"""1bulletonly @ xZS3GKnBtu"" bets 9.86",2026-09-08T17:58:50.423Z,178889033042300
"""Rayan @ nhXZL_Cydv"" checks",2026-09-08T17:58:42.470Z,178889032247000
"River: 5♦, A♦, 10♣, 7♥ [6♠]",2026-09-08T17:58:41.296Z,178889032129600
"""Rayan @ nhXZL_Cydv"" calls 3.62",2026-09-08T17:58:40.475Z,178889032047500
"""1bulletonly @ xZS3GKnBtu"" bets 3.62",2026-09-08T17:58:38.075Z,178889031807500
"""Rayan @ nhXZL_Cydv"" checks",2026-09-08T17:58:34.770Z,178889031477000
"Turn: 5♦, A♦, 10♣ [7♥]",2026-09-08T17:58:33.650Z,178889031365000
"""Rayan @ nhXZL_Cydv"" calls 1.75",2026-09-08T17:58:32.829Z,178889031282900
"""Binkputer @ 6D7s410Ucp"" folds",2026-09-08T17:58:31.193Z,178889031119300
"""1bulletonly @ xZS3GKnBtu"" bets 1.75",2026-09-08T17:58:28.828Z,178889030882800
"""Rayan @ nhXZL_Cydv"" checks",2026-09-08T17:58:19.549Z,178889029954900
"""Binkputer @ 6D7s410Ucp"" checks",2026-09-08T17:58:18.211Z,178889029821100
"Flop:  [5♦, A♦, 10♣]",2026-09-08T17:58:16.999Z,178889029699900
"""Binkputer @ 6D7s410Ucp"" checks",2026-09-08T17:58:16.183Z,178889029618300
"""rowan @ GthBpPSqaK"" folds",2026-09-08T17:58:15.306Z,178889029530600
"""1bulletonly @ xZS3GKnBtu"" calls 0.50",2026-09-08T17:58:14.410Z,178889029441000
"""Rayan @ nhXZL_Cydv"" calls 0.50",2026-09-08T17:58:13.268Z,178889029326800
"""Binkputer @ 6D7s410Ucp"" posts a big blind of 0.50",2026-09-08T17:58:11.863Z,178889029186307
"""rowan @ GthBpPSqaK"" posts a small blind of 0.25",2026-09-08T17:58:11.863Z,178889029186306
"Player stacks: #1 ""rowan @ GthBpPSqaK"" (190.39) | #7 ""Binkputer @ 6D7s410Ucp"" (80.51) | #8 ""Rayan @ nhXZL_Cydv"" (132.07) | #9 ""1bulletonly @ xZS3GKnBtu"" (61.49)",2026-09-08T17:58:11.863Z,178889029186301
"-- starting hand #115 (id: aditlt47p0uo)  No Limit Texas Hold'em (dealer: ""1bulletonly @ xZS3GKnBtu"") --",2026-09-08T17:58:11.863Z,178889029186300
"""Binkputer @ 6D7s410Ucp"" shows a 8♠, A♠.",2026-09-08T17:58:07.008Z,178889028700800
"-- ending hand #114 --",2026-09-08T17:58:05.341Z,178889028534102
"""1bulletonly @ xZS3GKnBtu"" collected 42.40 from pot with Flush, A High (combination: 4♦, 5♦, 7♦, 8♦, A♦)",2026-09-08T17:58:05.341Z,178889028534101
"""1bulletonly @ xZS3GKnBtu"" shows a 5♦, 4♦.",2026-09-08T17:58:05.341Z,178889028534100
"""Rayan @ nhXZL_Cydv"" folds",2026-09-08T17:58:04.507Z,178889028450700
"""Binkputer @ 6D7s410Ucp"" calls 10.60",2026-09-08T17:58:03.527Z,178889028352700
"""1bulletonly @ xZS3GKnBtu"" bets 10.60",2026-09-08T17:58:01.200Z,178889028120000
"River: 7♦, 7♣, 6♣, A♦ [8♦]",2026-09-08T17:57:57.358Z,178889027735800
"""Binkputer @ 6D7s410Ucp"" calls 4.89",2026-09-08T17:57:56.552Z,178889027655200
"""1bulletonly @ xZS3GKnBtu"" calls 4.89",2026-09-08T17:57:53.049Z,178889027304900
"""Rayan @ nhXZL_Cydv"" bets 4.89",2026-09-08T17:57:50.235Z,178889027023500
"""Binkputer @ 6D7s410Ucp"" checks",2026-09-08T17:57:45.106Z,178889026510600
"""1bulletonly @ xZS3GKnBtu"" checks",2026-09-08T17:57:41.653Z,178889026165300
"Turn: 7♦, 7♣, 6♣ [A♦]",2026-09-08T17:57:37.695Z,178889025769500
"""Rayan @ nhXZL_Cydv"" checks",2026-09-08T17:57:36.875Z,178889025687500
"""Binkputer @ 6D7s410Ucp"" checks",2026-09-08T17:57:35.799Z,178889025579900
"""1bulletonly @ xZS3GKnBtu"" checks",2026-09-08T17:57:33.887Z,178889025388700
"Flop:  [7♦, 7♣, 6♣]",2026-09-08T17:57:31.159Z,178889025115900
"""rowan @ GthBpPSqaK"" folds",2026-09-08T17:57:30.303Z,178889025030300
"""1bulletonly @ xZS3GKnBtu"" calls 2.01",2026-09-08T17:57:29.443Z,178889024944300
"""Rayan @ nhXZL_Cydv"" calls 2.01",2026-09-08T17:57:28.067Z,178889024806700
"""Binkputer @ 6D7s410Ucp"" raises to 2.01",2026-09-08T17:57:25.784Z,178889024578400
"""rowan @ GthBpPSqaK"" posts a big blind of 0.50",2026-09-08T17:57:22.152Z,178889024215207
"""1bulletonly @ xZS3GKnBtu"" posts a small blind of 0.25",2026-09-08T17:57:22.152Z,178889024215206
"Player stacks: #1 ""rowan @ GthBpPSqaK"" (190.89) | #7 ""Binkputer @ 6D7s410Ucp"" (98.01) | #8 ""Rayan @ nhXZL_Cydv"" (138.97) | #9 ""1bulletonly @ xZS3GKnBtu"" (36.59)",2026-09-08T17:57:22.152Z,178889024215201
"-- starting hand #114 (id: iwd61d5a75ol)  No Limit Texas Hold'em (dealer: ""Rayan @ nhXZL_Cydv"") --",2026-09-08T17:57:22.152Z,178889024215200
"-- ending hand #113 --",2026-09-08T17:57:16.145Z,178889023614503
"""Binkputer @ 6D7s410Ucp"" collected 16.49 from pot with Pair, A's (combination: 7♣, 8♠, 9♦, A♣, A♥)",2026-09-08T17:57:16.145Z,178889023614502
"""Binkputer @ 6D7s410Ucp"" shows a A♣, 9♦.",2026-09-08T17:57:16.145Z,178889023614501
"""1bulletonly @ xZS3GKnBtu"" shows a 5♥, 4♦.",2026-09-08T17:57:16.145Z,178889023614500
"""Binkputer @ 6D7s410Ucp"" calls 0.50",2026-09-08T17:57:15.337Z,178889023533700
"""1bulletonly @ xZS3GKnBtu"" bets 0.50",2026-09-08T17:57:14.318Z,178889023431800
"River: A♥, 7♣, 8♠, 2♥ [5♠]",2026-09-08T17:57:12.264Z,178889023226400
"""Binkputer @ 6D7s410Ucp"" checks",2026-09-08T17:57:11.415Z,178889023141500
"""1bulletonly @ xZS3GKnBtu"" checks",2026-09-08T17:57:09.830Z,178889022983000
"Turn: A♥, 7♣, 8♠ [2♥]",2026-09-08T17:57:07.740Z,178889022774000
"""rowan @ GthBpPSqaK"" folds",2026-09-08T17:57:06.904Z,178889022690400
"""1bulletonly @ xZS3GKnBtu"" calls 3.87",2026-09-08T17:57:05.995Z,178889022599500
"""Binkputer @ 6D7s410Ucp"" bets 3.87",2026-09-08T17:57:04.675Z,178889022467500
"""rowan @ GthBpPSqaK"" checks",2026-09-08T17:57:02.552Z,178889022255200
"""1bulletonly @ xZS3GKnBtu"" checks",2026-09-08T17:57:01.445Z,178889022144500
"Flop:  [A♥, 7♣, 8♠]",2026-09-08T17:56:57.880Z,178889021788000
"""1bulletonly @ xZS3GKnBtu"" calls 2.50",2026-09-08T17:56:57.044Z,178889021704400
"""Rayan @ nhXZL_Cydv"" folds",2026-09-08T17:56:51.214Z,178889021121400
"""Binkputer @ 6D7s410Ucp"" calls 2.50",2026-09-08T17:56:47.718Z,178889020771800
"""rowan @ GthBpPSqaK"" raises to 2.50",2026-09-08T17:56:46.366Z,178889020636600
"""1bulletonly @ xZS3GKnBtu"" posts a big blind of 0.50",2026-09-08T17:56:41.491Z,178889020149107
"""Rayan @ nhXZL_Cydv"" posts a small blind of 0.25",2026-09-08T17:56:41.491Z,178889020149106
"Player stacks: #1 ""rowan @ GthBpPSqaK"" (193.39) | #7 ""Binkputer @ 6D7s410Ucp"" (88.39) | #8 ""Rayan @ nhXZL_Cydv"" (139.22) | #9 ""1bulletonly @ xZS3GKnBtu"" (43.46)",2026-09-08T17:56:41.491Z,178889020149101
"-- starting hand #113 (id: pzpfcswbdyer)  No Limit Texas Hold'em (dealer: ""Binkputer @ 6D7s410Ucp"") --",2026-09-08T17:56:41.491Z,178889020149100
"-- ending hand #112 --",2026-09-08T17:56:38.559Z,178889019855902
"""Rayan @ nhXZL_Cydv"" collected 3.50 from pot",2026-09-08T17:56:38.559Z,178889019855901
"Uncalled bet of 4.00 returned to ""Rayan @ nhXZL_Cydv""",2026-09-08T17:56:38.559Z,178889019855900
"""1bulletonly @ xZS3GKnBtu"" folds",2026-09-08T17:56:37.732Z,178889019773200
"""Rayan @ nhXZL_Cydv"" bets 4.00",2026-09-08T17:56:36.714Z,178889019671400
"River: 10♠, J♣, A♦, 8♥ [K♥]",2026-09-08T17:56:33.848Z,178889019384800
"""1bulletonly @ xZS3GKnBtu"" checks",2026-09-08T17:56:32.991Z,178889019299100
"""Rayan @ nhXZL_Cydv"" checks",2026-09-08T17:56:30.765Z,178889019076500
"Turn: 10♠, J♣, A♦ [8♥]",2026-09-08T17:56:29.845Z,178889018984500
"""Rayan @ nhXZL_Cydv"" calls 1.00",2026-09-08T17:56:29.011Z,178889018901100
"""Binkputer @ 6D7s410Ucp"" folds",2026-09-08T17:56:27.184Z,178889018718400
"""1bulletonly @ xZS3GKnBtu"" bets 1.00",2026-09-08T17:56:26.206Z,178889018620600
"""Rayan @ nhXZL_Cydv"" checks",2026-09-08T17:56:22.622Z,178889018262200
"""Binkputer @ 6D7s410Ucp"" checks",2026-09-08T17:56:21.547Z,178889018154700
"Flop:  [10♠, J♣, A♦]",2026-09-08T17:56:11.581Z,178889017158100
"""Rayan @ nhXZL_Cydv"" checks",2026-09-08T17:56:10.746Z,178889017074600
"""Binkputer @ 6D7s410Ucp"" calls 0.50",2026-09-08T17:56:06.932Z,178889016693200
"""rowan @ GthBpPSqaK"" folds",2026-09-08T17:56:05.596Z,178889016559600
"""1bulletonly @ xZS3GKnBtu"" calls 0.50",2026-09-08T17:56:04.726Z,178889016472600
"""Rayan @ nhXZL_Cydv"" posts a big blind of 0.50",2026-09-08T17:56:02.403Z,178889016240307
"""Binkputer @ 6D7s410Ucp"" posts a small blind of 0.25",2026-09-08T17:56:02.403Z,178889016240306
"Player stacks: #1 ""rowan @ GthBpPSqaK"" (193.39) | #7 ""Binkputer @ 6D7s410Ucp"" (88.89) | #8 ""Rayan @ nhXZL_Cydv"" (137.22) | #9 ""1bulletonly @ xZS3GKnBtu"" (44.96)",2026-09-08T17:56:02.403Z,178889016240301
"-- starting hand #112 (id: lp1gkedp4mau)  No Limit Texas Hold'em (dealer: ""rowan @ GthBpPSqaK"") --",2026-09-08T17:56:02.403Z,178889016240300
"-- ending hand #111 --",2026-09-08T17:55:56.356Z,178889015635601
"""1bulletonly @ xZS3GKnBtu"" collected 44.96 from pot with Pair, K's (combination: 8♣, 9♠, 10♥, K♦, K♥)",2026-09-08T17:55:56.356Z,178889015635600
"River: 9♠, 10♥, 6♣, 3♣ [K♥]",2026-09-08T17:55:52.349Z,178889015234900
"""1bulletonly @ xZS3GKnBtu"" shows a 8♣, K♦.",2026-09-08T17:55:48.321Z,178889014832101
"""rowan @ GthBpPSqaK"" shows a 10♠, J♦.",2026-09-08T17:55:48.321Z,178889014832100
"Some players choose to not run it twice.",2026-09-08T17:55:47.485Z,178889014748501
"""1bulletonly @ xZS3GKnBtu"" chooses to not run it twice.",2026-09-08T17:55:47.485Z,178889014748500
"""rowan @ GthBpPSqaK"" chooses to  run it twice.",2026-09-08T17:55:46.868Z,178889014686800
"Remaining players decide whether to run it twice.",2026-09-08T17:55:45.980Z,178889014598001
"""rowan @ GthBpPSqaK"" calls 15.48",2026-09-08T17:55:45.980Z,178889014598000
"""1bulletonly @ xZS3GKnBtu"" raises to 15.48 and go all in",2026-09-08T17:55:44.985Z,178889014498500
"""rowan @ GthBpPSqaK"" bets 7.00",2026-09-08T17:55:40.402Z,178889014040200
"Turn: 9♠, 10♥, 6♣ [3♣]",2026-09-08T17:55:37.451Z,178889013745100
"""1bulletonly @ xZS3GKnBtu"" calls 3.50",2026-09-08T17:55:36.604Z,178889013660400
"""rowan @ GthBpPSqaK"" bets 3.50",2026-09-08T17:55:34.177Z,178889013417700
"Flop:  [9♠, 10♥, 6♣]",2026-09-08T17:55:29.553Z,178889012955300
"""1bulletonly @ xZS3GKnBtu"" calls 3.00",2026-09-08T17:55:28.698Z,178889012869800
"""Rayan @ nhXZL_Cydv"" folds",2026-09-08T17:55:09.069Z,178889010906900
"""Binkputer @ 6D7s410Ucp"" folds",2026-09-08T17:55:05.698Z,178889010569800
"""rowan @ GthBpPSqaK"" raises to 3.00",2026-09-08T17:55:04.815Z,178889010481500
"""1bulletonly @ xZS3GKnBtu"" calls 0.50",2026-09-08T17:54:54.527Z,178889009452700
"""Rayan @ nhXZL_Cydv"" calls 0.50",2026-09-08T17:54:53.589Z,178889009358900
"""Binkputer @ 6D7s410Ucp"" posts a big blind of 0.50",2026-09-08T17:54:45.589Z,178889008558907
"""rowan @ GthBpPSqaK"" posts a small blind of 0.25",2026-09-08T17:54:45.589Z,178889008558906
"Player stacks: #1 ""rowan @ GthBpPSqaK"" (215.37) | #7 ""Binkputer @ 6D7s410Ucp"" (89.39) | #8 ""Rayan @ nhXZL_Cydv"" (137.72) | #9 ""1bulletonly @ xZS3GKnBtu"" (21.98)",2026-09-08T17:54:45.589Z,178889008558901
"-- starting hand #111 (id: huymz6uzypdl)  No Limit Texas Hold'em (dealer: ""1bulletonly @ xZS3GKnBtu"") --",2026-09-08T17:54:45.589Z,178889008558900
"-- ending hand #110 --",2026-09-08T17:54:39.674Z,178889007967402
"""Binkputer @ 6D7s410Ucp"" collected 1.25 from pot",2026-09-08T17:54:39.674Z,178889007967401
"Uncalled bet of 1.50 returned to ""Binkputer @ 6D7s410Ucp""",2026-09-08T17:54:39.674Z,178889007967400
"""rowan @ GthBpPSqaK"" folds",2026-09-08T17:54:38.808Z,178889007880800
"""1bulletonly @ xZS3GKnBtu"" folds",2026-09-08T17:54:37.952Z,178889007795200
"""Rayan @ nhXZL_Cydv"" folds",2026-09-08T17:54:35.673Z,178889007567300
"""Binkputer @ 6D7s410Ucp"" raises to 2.00",2026-09-08T17:54:34.735Z,178889007473500
"""rowan @ GthBpPSqaK"" posts a big blind of 0.50",2026-09-08T17:54:32.168Z,178889007216807
"""1bulletonly @ xZS3GKnBtu"" posts a small blind of 0.25",2026-09-08T17:54:32.168Z,178889007216806
"Player stacks: #1 ""rowan @ GthBpPSqaK"" (215.87) | #7 ""Binkputer @ 6D7s410Ucp"" (88.64) | #8 ""Rayan @ nhXZL_Cydv"" (137.72) | #9 ""1bulletonly @ xZS3GKnBtu"" (22.23)",2026-09-08T17:54:32.168Z,178889007216801
"-- starting hand #110 (id: q5xj3yjkfjsj)  No Limit Texas Hold'em (dealer: ""Rayan @ nhXZL_Cydv"") --",2026-09-08T17:54:32.168Z,178889007216800
"-- ending hand #109 --",2026-09-08T17:54:26.263Z,178889006626302
"""1bulletonly @ xZS3GKnBtu"" collected 0.50 from pot",2026-09-08T17:54:26.263Z,178889006626301
"Uncalled bet of 0.25 returned to ""1bulletonly @ xZS3GKnBtu""",2026-09-08T17:54:26.263Z,178889006626300
"""Rayan @ nhXZL_Cydv"" folds",2026-09-08T17:54:25.423Z,178889006542300
"""Binkputer @ 6D7s410Ucp"" folds",2026-09-08T17:54:24.297Z,178889006429700
"""rowan @ GthBpPSqaK"" folds",2026-09-08T17:54:23.441Z,178889006344100
"""1bulletonly @ xZS3GKnBtu"" posts a big blind of 0.50",2026-09-08T17:54:21.964Z,178889006196407
"""Rayan @ nhXZL_Cydv"" posts a small blind of 0.25",2026-09-08T17:54:21.964Z,178889006196406
"Player stacks: #1 ""rowan @ GthBpPSqaK"" (215.87) | #7 ""Binkputer @ 6D7s410Ucp"" (88.64) | #8 ""Rayan @ nhXZL_Cydv"" (137.97) | #9 ""1bulletonly @ xZS3GKnBtu"" (21.98)",2026-09-08T17:54:21.964Z,178889006196401
"-- starting hand #109 (id: cpfwe7wvd4mg)  No Limit Texas Hold'em (dealer: ""Binkputer @ 6D7s410Ucp"") --",2026-09-08T17:54:21.964Z,178889006196400
"""rowan @ GthBpPSqaK"" collected 3.00 from the 7-2 bounty",2026-09-08T17:54:19.058Z,178889005905803
"""Binkputer @ 6D7s410Ucp"" paid 1.00 for the 7-2 bounty to ""rowan @ GthBpPSqaK""",2026-09-08T17:54:19.058Z,178889005905802
"""Rayan @ nhXZL_Cydv"" paid 1.00 for the 7-2 bounty to ""rowan @ GthBpPSqaK""",2026-09-08T17:54:19.058Z,178889005905801
"""1bulletonly @ xZS3GKnBtu"" paid 1.00 for the 7-2 bounty to ""rowan @ GthBpPSqaK""",2026-09-08T17:54:19.058Z,178889005905800
"""Binkputer @ 6D7s410Ucp"" shows a 2♦.",2026-09-08T17:54:16.796Z,178889005679600
"""Binkputer @ 6D7s410Ucp"" shows a 5♦.",2026-09-08T17:54:15.239Z,178889005523900
"""rowan @ GthBpPSqaK"" shows a 2♥, 7♦.",2026-09-08T17:54:15.170Z,178889005517000
"-- ending hand #108 --",2026-09-08T17:54:14.699Z,178889005469902
"""rowan @ GthBpPSqaK"" collected 11.00 from pot",2026-09-08T17:54:14.699Z,178889005469901
"Uncalled bet of 5.50 returned to ""rowan @ GthBpPSqaK""",2026-09-08T17:54:14.699Z,178889005469900
"""Binkputer @ 6D7s410Ucp"" folds",2026-09-08T17:54:13.895Z,178889005389500
"""rowan @ GthBpPSqaK"" bets 5.50",2026-09-08T17:54:12.989Z,178889005298900
"""Binkputer @ 6D7s410Ucp"" checks",2026-09-08T17:54:08.669Z,178889004866900
"River: 3♠, 6♦, 6♣, 6♥ [9♣]",2026-09-08T17:54:07.635Z,178889004763500
"""rowan @ GthBpPSqaK"" checks",2026-09-08T17:54:06.793Z,178889004679300
"""Binkputer @ 6D7s410Ucp"" checks",2026-09-08T17:54:05.072Z,178889004507200
"Turn: 3♠, 6♦, 6♣ [6♥]",2026-09-08T17:54:03.162Z,178889004316200
"""Binkputer @ 6D7s410Ucp"" calls 2.75",2026-09-08T17:54:02.323Z,178889004232300
"""rowan @ GthBpPSqaK"" bets 2.75",2026-09-08T17:54:01.112Z,178889004111200
"""Binkputer @ 6D7s410Ucp"" checks",2026-09-08T17:53:57.354Z,178889003735400
"Flop:  [3♠, 6♦, 6♣]",2026-09-08T17:53:55.738Z,178889003573800
"""Rayan @ nhXZL_Cydv"" folds",2026-09-08T17:53:54.898Z,178889003489800
"""Binkputer @ 6D7s410Ucp"" calls 2.50",2026-09-08T17:53:52.806Z,178889003280600
"""rowan @ GthBpPSqaK"" raises to 2.50",2026-09-08T17:53:51.898Z,178889003189800
"""1bulletonly @ xZS3GKnBtu"" folds",2026-09-08T17:53:49.323Z,178889002932300
"""Rayan @ nhXZL_Cydv"" posts a big blind of 0.50",2026-09-08T17:53:47.466Z,178889002746607
"""Binkputer @ 6D7s410Ucp"" posts a small blind of 0.25",2026-09-08T17:53:47.466Z,178889002746606
"Player stacks: #1 ""rowan @ GthBpPSqaK"" (207.12) | #7 ""Binkputer @ 6D7s410Ucp"" (94.89) | #8 ""Rayan @ nhXZL_Cydv"" (139.47) | #9 ""1bulletonly @ xZS3GKnBtu"" (22.98)",2026-09-08T17:53:47.466Z,178889002746601
"-- starting hand #108 (id: mhvunwridlqf)  No Limit Texas Hold'em (dealer: ""rowan @ GthBpPSqaK"") --",2026-09-08T17:53:47.466Z,178889002746600
"-- ending hand #107 --",2026-09-08T17:53:39.447Z,178889001944705
"""Rayan @ nhXZL_Cydv"" collected 22.98 from pot with Straight, Q High on the second board  (combination: 8♦, 9♥, 10♠, J♠, Q♣)",2026-09-08T17:53:39.447Z,178889001944704
"""1bulletonly @ xZS3GKnBtu"" collected 22.98 from pot with Two Pair, J's & 4's (combination: A♣, 4♦, 4♣, J♣, J♦)",2026-09-08T17:53:39.447Z,178889001944703
"""1bulletonly @ xZS3GKnBtu"" shows a J♣, 4♦.",2026-09-08T17:53:39.447Z,178889001944702
"""Rayan @ nhXZL_Cydv"" shows a 6♣, Q♣.",2026-09-08T17:53:39.447Z,178889001944701
"Uncalled bet of 0.29 returned to ""Rayan @ nhXZL_Cydv""",2026-09-08T17:53:39.447Z,178889001944700
"""1bulletonly @ xZS3GKnBtu"" calls 4.98 and go all in",2026-09-08T17:53:38.577Z,178889001857700
"""Rayan @ nhXZL_Cydv"" bets 5.27",2026-09-08T17:53:32.336Z,178889001233600
"River (second board): 10♠, 2♠, 8♦, J♠ [9♥]",2026-09-08T17:53:20.094Z,178889000009401
"River: 7♦, Q♥, J♦, 4♣ [A♣]",2026-09-08T17:53:20.094Z,178889000009400
"""Rayan @ nhXZL_Cydv"" calls 12.00",2026-09-08T17:53:19.281Z,178888999928100
"""1bulletonly @ xZS3GKnBtu"" bets 12.00",2026-09-08T17:53:11.380Z,178888999138000
"""Rayan @ nhXZL_Cydv"" checks",2026-09-08T17:53:03.552Z,178888998355200
"Turn (second board): 10♠, 2♠, 8♦ [J♠]",2026-09-08T17:53:00.368Z,178888998036801
"Turn: 7♦, Q♥, J♦ [4♣]",2026-09-08T17:53:00.368Z,178888998036800
"""Rayan @ nhXZL_Cydv"" calls 4.00",2026-09-08T17:52:59.535Z,178888997953500
"""Binkputer @ 6D7s410Ucp"" folds",2026-09-08T17:52:56.280Z,178888997628000
"""rowan @ GthBpPSqaK"" folds",2026-09-08T17:52:55.431Z,178888997543100
"""1bulletonly @ xZS3GKnBtu"" bets 4.00",2026-09-08T17:52:54.516Z,178888997451600
"""Rayan @ nhXZL_Cydv"" checks",2026-09-08T17:52:51.249Z,178888997124900
"""Binkputer @ 6D7s410Ucp"" checks",2026-09-08T17:52:47.656Z,178888996765600
"""rowan @ GthBpPSqaK"" checks",2026-09-08T17:52:46.023Z,178888996602300
"Flop (second board):  [10♠, 2♠, 8♦]",2026-09-08T17:52:44.586Z,178888996458601
"Flop:  [7♦, Q♥, J♦]",2026-09-08T17:52:44.586Z,178888996458600
"""Binkputer @ 6D7s410Ucp"" calls 1.00 (bomb pot bet)",2026-09-08T17:52:43.757Z,178888996375700
"""rowan @ GthBpPSqaK"" calls 1.00 (bomb pot bet)",2026-09-08T17:52:42.955Z,178888996295500
"""1bulletonly @ xZS3GKnBtu"" calls 1.00 (bomb pot bet)",2026-09-08T17:52:42.145Z,178888996214500
"""Rayan @ nhXZL_Cydv"" posts a bet of 1.00 (bomb pot bet)",2026-09-08T17:52:41.313Z,178888996131300
"Player stacks: #1 ""rowan @ GthBpPSqaK"" (208.12) | #7 ""Binkputer @ 6D7s410Ucp"" (95.89) | #8 ""Rayan @ nhXZL_Cydv"" (138.47) | #9 ""1bulletonly @ xZS3GKnBtu"" (21.98)",2026-09-08T17:52:39.209Z,178888995920901
"-- starting hand #107 (id: nu8gwoleoqnc)  No Limit Texas Hold'em (dealer: ""1bulletonly @ xZS3GKnBtu"") --",2026-09-08T17:52:39.209Z,178888995920900
"""rowan @ GthBpPSqaK"" shows a A♠, Q♥.",2026-09-08T17:52:34.124Z,178888995412400
"""Binkputer @ 6D7s410Ucp"" shows a A♦, 5♥.",2026-09-08T17:52:33.089Z,178888995308900
"-- ending hand #106 --",2026-09-08T17:52:31.907Z,178888995190702
"""Binkputer @ 6D7s410Ucp"" collected 4.25 from pot",2026-09-08T17:52:31.907Z,178888995190701
"Uncalled bet of 2.12 returned to ""Binkputer @ 6D7s410Ucp""",2026-09-08T17:52:31.907Z,178888995190700
"""rowan @ GthBpPSqaK"" folds",2026-09-08T17:52:31.010Z,178888995101000
"""Binkputer @ 6D7s410Ucp"" bets 2.12",2026-09-08T17:52:29.902Z,178888994990200
"""rowan @ GthBpPSqaK"" checks",2026-09-08T17:52:28.012Z,178888994801200
"Flop:  [6♦, 10♦, K♦]",2026-09-08T17:52:26.783Z,178888994678300
"""rowan @ GthBpPSqaK"" calls 2.00",2026-09-08T17:52:25.973Z,178888994597300
"""1bulletonly @ xZS3GKnBtu"" folds",2026-09-08T17:52:07.321Z,178888992732100
"""Rayan @ nhXZL_Cydv"" folds",2026-09-08T17:52:06.278Z,178888992627800
"""Binkputer @ 6D7s410Ucp"" raises to 2.00",2026-09-08T17:52:05.334Z,178888992533400
"""rowan @ GthBpPSqaK"" posts a big blind of 0.50",2026-09-08T17:52:02.129Z,178888992212907
"""1bulletonly @ xZS3GKnBtu"" posts a small blind of 0.25",2026-09-08T17:52:02.129Z,178888992212906
"Player stacks: #1 ""rowan @ GthBpPSqaK"" (210.12) | #7 ""Binkputer @ 6D7s410Ucp"" (93.64) | #8 ""Rayan @ nhXZL_Cydv"" (138.47) | #9 ""1bulletonly @ xZS3GKnBtu"" (22.23)",2026-09-08T17:52:02.129Z,178888992212901
"-- starting hand #106 (id: 2i7bfdm3mhg0)  No Limit Texas Hold'em (dealer: ""Rayan @ nhXZL_Cydv"") --",2026-09-08T17:52:02.129Z,178888992212900
"-- ending hand #105 --",2026-09-08T17:51:56.188Z,178888991618802
"""rowan @ GthBpPSqaK"" collected 12.00 from pot",2026-09-08T17:51:56.188Z,178888991618801
"Uncalled bet of 6.00 returned to ""rowan @ GthBpPSqaK""",2026-09-08T17:51:56.188Z,178888991618800
"""1bulletonly @ xZS3GKnBtu"" folds",2026-09-08T17:51:55.289Z,178888991528900
"""rowan @ GthBpPSqaK"" bets 6.00",2026-09-08T17:51:53.943Z,178888991394300
"""1bulletonly @ xZS3GKnBtu"" checks",2026-09-08T17:51:51.105Z,178888991110500
"Turn: 9♦, 8♦, K♠ [2♠]",2026-09-08T17:51:49.583Z,178888990958300
"""1bulletonly @ xZS3GKnBtu"" calls 3.00",2026-09-08T17:51:48.705Z,178888990870500
"""Rayan @ nhXZL_Cydv"" folds",2026-09-08T17:51:46.871Z,178888990687100
"""rowan @ GthBpPSqaK"" bets 3.00",2026-09-08T17:51:44.666Z,178888990466600
"""1bulletonly @ xZS3GKnBtu"" checks",2026-09-08T17:51:42.073Z,178888990207300
"""Rayan @ nhXZL_Cydv"" checks",2026-09-08T17:51:38.944Z,178888989894400
"Flop:  [9♦, 8♦, K♠]",2026-09-08T17:51:37.582Z,178888989758200
"""1bulletonly @ xZS3GKnBtu"" calls 2.00",2026-09-08T17:51:36.780Z,178888989678000
"""Rayan @ nhXZL_Cydv"" calls 2.00",2026-09-08T17:51:35.571Z,178888989557100
"""Binkputer @ 6D7s410Ucp"" folds",2026-09-08T17:51:33.713Z,178888989371300
"""rowan @ GthBpPSqaK"" raises to 2.00",2026-09-08T17:51:32.852Z,178888989285200
"""1bulletonly @ xZS3GKnBtu"" posts a big blind of 0.50",2026-09-08T17:51:30.289Z,178888989028907
"""Rayan @ nhXZL_Cydv"" posts a small blind of 0.25",2026-09-08T17:51:30.289Z,178888989028906
"Player stacks: #1 ""rowan @ GthBpPSqaK"" (203.12) | #7 ""Binkputer @ 6D7s410Ucp"" (93.64) | #8 ""Rayan @ nhXZL_Cydv"" (140.47) | #9 ""1bulletonly @ xZS3GKnBtu"" (27.23)",2026-09-08T17:51:30.289Z,178888989028901
"-- starting hand #105 (id: mmqxh3rzslvl)  No Limit Texas Hold'em (dealer: ""Binkputer @ 6D7s410Ucp"") --",2026-09-08T17:51:30.289Z,178888989028900
"-- ending hand #104 --",2026-09-08T17:51:24.276Z,178888988427602
"""Rayan @ nhXZL_Cydv"" collected 3.75 from pot with Three of a Kind, Q's (combination: 8♥, A♦, Q♣, Q♦, Q♥)",2026-09-08T17:51:24.276Z,178888988427601
"""Rayan @ nhXZL_Cydv"" shows a Q♣, 8♥.",2026-09-08T17:51:24.276Z,178888988427600
"""1bulletonly @ xZS3GKnBtu"" calls 1.25",2026-09-08T17:51:23.430Z,178888988343000
"""Rayan @ nhXZL_Cydv"" bets 1.25",2026-09-08T17:51:21.855Z,178888988185500
"River: 7♠, 5♠, Q♦, A♦ [Q♥]",2026-09-08T17:51:19.830Z,178888987983000
"""1bulletonly @ xZS3GKnBtu"" checks",2026-09-08T17:51:18.989Z,178888987898900
"""Rayan @ nhXZL_Cydv"" checks",2026-09-08T17:51:17.989Z,178888987798900
"Turn: 7♠, 5♠, Q♦ [A♦]",2026-09-08T17:51:16.577Z,178888987657700
"""1bulletonly @ xZS3GKnBtu"" checks",2026-09-08T17:51:15.768Z,178888987576800
"""Rayan @ nhXZL_Cydv"" checks",2026-09-08T17:51:14.370Z,178888987437000
"Flop:  [7♠, 5♠, Q♦]",2026-09-08T17:51:13.348Z,178888987334800
"""Rayan @ nhXZL_Cydv"" checks",2026-09-08T17:51:12.450Z,178888987245000
"""Binkputer @ 6D7s410Ucp"" folds",2026-09-08T17:51:09.987Z,178888986998700
"""rowan @ GthBpPSqaK"" folds",2026-09-08T17:51:09.124Z,178888986912400
"""1bulletonly @ xZS3GKnBtu"" calls 0.50",2026-09-08T17:51:08.231Z,178888986823100
"""Rayan @ nhXZL_Cydv"" posts a big blind of 0.50",2026-09-08T17:51:06.940Z,178888986694007
"""Binkputer @ 6D7s410Ucp"" posts a small blind of 0.25",2026-09-08T17:51:06.940Z,178888986694006
"Player stacks: #1 ""rowan @ GthBpPSqaK"" (203.12) | #7 ""Binkputer @ 6D7s410Ucp"" (93.89) | #8 ""Rayan @ nhXZL_Cydv"" (138.47) | #9 ""1bulletonly @ xZS3GKnBtu"" (28.98)",2026-09-08T17:51:06.940Z,178888986694001
"-- starting hand #104 (id: dntyu0w6ibqt)  No Limit Texas Hold'em (dealer: ""rowan @ GthBpPSqaK"") --",2026-09-08T17:51:06.940Z,178888986694000
"-- ending hand #103 --",2026-09-08T17:51:01.019Z,178888986101902
"""1bulletonly @ xZS3GKnBtu"" collected 2.00 from pot",2026-09-08T17:51:01.019Z,178888986101901
"Uncalled bet of 2.00 returned to ""1bulletonly @ xZS3GKnBtu""",2026-09-08T17:51:01.019Z,178888986101900
"""Binkputer @ 6D7s410Ucp"" folds",2026-09-08T17:51:00.188Z,178888986018800
"""rowan @ GthBpPSqaK"" folds",2026-09-08T17:50:59.257Z,178888985925700
"""1bulletonly @ xZS3GKnBtu"" bets 2.00",2026-09-08T17:50:57.993Z,178888985799300
"""Rayan @ nhXZL_Cydv"" folds",2026-09-08T17:50:55.416Z,178888985541600
"""Binkputer @ 6D7s410Ucp"" checks",2026-09-08T17:50:52.847Z,178888985284700
"""rowan @ GthBpPSqaK"" checks",2026-09-08T17:50:51.650Z,178888985165000
"Flop:  [6♣, 5♣, K♣]",2026-09-08T17:50:50.295Z,178888985029500
"""Binkputer @ 6D7s410Ucp"" checks",2026-09-08T17:50:49.483Z,178888984948300
"""rowan @ GthBpPSqaK"" calls 0.50",2026-09-08T17:50:48.645Z,178888984864500
"""1bulletonly @ xZS3GKnBtu"" calls 0.50",2026-09-08T17:50:47.725Z,178888984772500
"""Rayan @ nhXZL_Cydv"" calls 0.50",2026-09-08T17:50:46.574Z,178888984657400
"""Binkputer @ 6D7s410Ucp"" posts a big blind of 0.50",2026-09-08T17:50:45.172Z,178888984517207
"""rowan @ GthBpPSqaK"" posts a small blind of 0.25",2026-09-08T17:50:45.172Z,178888984517206
"Player stacks: #1 ""rowan @ GthBpPSqaK"" (203.62) | #7 ""Binkputer @ 6D7s410Ucp"" (94.39) | #8 ""Rayan @ nhXZL_Cydv"" (138.97) | #9 ""1bulletonly @ xZS3GKnBtu"" (27.48)",2026-09-08T17:50:45.172Z,178888984517201
"-- starting hand #103 (id: 3ewuefjkny6i)  No Limit Texas Hold'em (dealer: ""1bulletonly @ xZS3GKnBtu"") --",2026-09-08T17:50:45.172Z,178888984517200
"""Rayan @ nhXZL_Cydv"" shows a 6♦, 2♥.",2026-09-08T17:50:39.982Z,178888983998200
"""Binkputer @ 6D7s410Ucp"" shows a 8♠, 3♣.",2026-09-08T17:50:39.061Z,178888983906100
"""rowan @ GthBpPSqaK"" shows a Q♥, 2♦.",2026-09-08T17:50:37.678Z,178888983767800
"-- ending hand #102 --",2026-09-08T17:50:37.165Z,178888983716502
"""1bulletonly @ xZS3GKnBtu"" collected 1.00 from pot",2026-09-08T17:50:37.165Z,178888983716501
"Uncalled bet of 1.50 returned to ""1bulletonly @ xZS3GKnBtu""",2026-09-08T17:50:37.165Z,178888983716500
"""rowan @ GthBpPSqaK"" folds",2026-09-08T17:50:36.303Z,178888983630300
"""1bulletonly @ xZS3GKnBtu"" raises to 2.00",2026-09-08T17:50:35.450Z,178888983545000
"""Rayan @ nhXZL_Cydv"" folds",2026-09-08T17:50:32.186Z,178888983218600
"""Binkputer @ 6D7s410Ucp"" folds",2026-09-08T17:50:30.968Z,178888983096800
"""rowan @ GthBpPSqaK"" posts a big blind of 0.50",2026-09-08T17:50:30.054Z,178888983005407
"""1bulletonly @ xZS3GKnBtu"" posts a small blind of 0.25",2026-09-08T17:50:30.054Z,178888983005406
"Player stacks: #1 ""rowan @ GthBpPSqaK"" (204.12) | #7 ""Binkputer @ 6D7s410Ucp"" (94.39) | #8 ""Rayan @ nhXZL_Cydv"" (138.97) | #9 ""1bulletonly @ xZS3GKnBtu"" (26.98)",2026-09-08T17:50:30.054Z,178888983005401
"-- starting hand #102 (id: lmfn0uj1q2ld)  No Limit Texas Hold'em (dealer: ""Rayan @ nhXZL_Cydv"") --",2026-09-08T17:50:30.054Z,178888983005400
"-- ending hand #101 --",2026-09-08T17:50:24.144Z,178888982414402
"""rowan @ GthBpPSqaK"" collected 7.75 from pot",2026-09-08T17:50:24.144Z,178888982414401
"Uncalled bet of 3.87 returned to ""rowan @ GthBpPSqaK""",2026-09-08T17:50:24.144Z,178888982414400
"""1bulletonly @ xZS3GKnBtu"" folds",2026-09-08T17:50:23.312Z,178888982331200
"""Binkputer @ 6D7s410Ucp"" folds",2026-09-08T17:50:22.276Z,178888982227600
"""rowan @ GthBpPSqaK"" bets 3.87",2026-09-08T17:50:21.429Z,178888982142900
"""1bulletonly @ xZS3GKnBtu"" checks",2026-09-08T17:50:19.020Z,178888981902000
"Flop:  [K♣, 3♠, 5♦]",2026-09-08T17:50:17.041Z,178888981704100
"""1bulletonly @ xZS3GKnBtu"" calls 2.50",2026-09-08T17:50:16.230Z,178888981623000
"""Rayan @ nhXZL_Cydv"" folds",2026-09-08T17:50:13.605Z,178888981360500
"""Binkputer @ 6D7s410Ucp"" calls 2.50",2026-09-08T17:50:12.573Z,178888981257300
"""rowan @ GthBpPSqaK"" raises to 2.50",2026-09-08T17:50:11.728Z,178888981172800
"""1bulletonly @ xZS3GKnBtu"" posts a big blind of 0.50",2026-09-08T17:50:08.639Z,178888980863908
"""Rayan @ nhXZL_Cydv"" posts a small blind of 0.25",2026-09-08T17:50:08.639Z,178888980863907
"Player stacks: #1 ""rowan @ GthBpPSqaK"" (198.87) | #7 ""Binkputer @ 6D7s410Ucp"" (96.89) | #8 ""Rayan @ nhXZL_Cydv"" (139.22) | #9 ""1bulletonly @ xZS3GKnBtu"" (29.48)",2026-09-08T17:50:08.639Z,178888980863902
"-- starting hand #101 (id: 8qpabqjssy7m)  No Limit Texas Hold'em (dealer: ""Binkputer @ 6D7s410Ucp"") --",2026-09-08T17:50:08.639Z,178888980863901
"The player ""Heech @ wzsls5Sz57"" stand up with the stack of 75.30.",2026-09-08T17:50:08.639Z,178888980863900
"""Heech @ wzsls5Sz57"" shows a 6♦, K♠.",2026-09-08T17:50:03.580Z,178888980358000
"-- ending hand #100 --",2026-09-08T17:50:02.027Z,178888980202702
"""1bulletonly @ xZS3GKnBtu"" collected 1.25 from pot",2026-09-08T17:50:02.027Z,178888980202701
"Uncalled bet of 0.50 returned to ""1bulletonly @ xZS3GKnBtu""",2026-09-08T17:50:02.027Z,178888980202700
"""Rayan @ nhXZL_Cydv"" folds",2026-09-08T17:50:01.161Z,178888980116100
"""1bulletonly @ xZS3GKnBtu"" bets 0.50",2026-09-08T17:50:00.193Z,178888980019300
"""Rayan @ nhXZL_Cydv"" checks",2026-09-08T17:49:58.735Z,178888979873500
"Flop:  [K♥, 6♠, K♦]",2026-09-08T17:49:57.465Z,178888979746500
"""Rayan @ nhXZL_Cydv"" checks",2026-09-08T17:49:56.645Z,178888979664500
"""Binkputer @ 6D7s410Ucp"" folds",2026-09-08T17:49:55.299Z,178888979529900
"""Heech @ wzsls5Sz57"" folds",2026-09-08T17:49:54.440Z,178888979444000
"""rowan @ GthBpPSqaK"" folds",2026-09-08T17:49:53.625Z,178888979362500
"""1bulletonly @ xZS3GKnBtu"" calls 0.50",2026-09-08T17:49:52.290Z,178888979229000
"""Rayan @ nhXZL_Cydv"" posts a big blind of 0.50",2026-09-08T17:49:45.580Z,178888978558008
"""Binkputer @ 6D7s410Ucp"" posts a small blind of 0.25",2026-09-08T17:49:45.580Z,178888978558007
"Player stacks: #1 ""rowan @ GthBpPSqaK"" (198.87) | #2 ""Heech @ wzsls5Sz57"" (75.30) | #7 ""Binkputer @ 6D7s410Ucp"" (97.14) | #8 ""Rayan @ nhXZL_Cydv"" (139.72) | #9 ""1bulletonly @ xZS3GKnBtu"" (28.73)",2026-09-08T17:49:45.580Z,178888978558001
"-- starting hand #100 (id: p9zvs5r0vmbj)  No Limit Texas Hold'em (dealer: ""Heech @ wzsls5Sz57"") --",2026-09-08T17:49:45.580Z,178888978558000
"-- ending hand #99 --",2026-09-08T17:49:39.643Z,178888977964302
"""1bulletonly @ xZS3GKnBtu"" collected 9.50 from pot",2026-09-08T17:49:39.643Z,178888977964301
"Uncalled bet of 5.25 returned to ""1bulletonly @ xZS3GKnBtu""",2026-09-08T17:49:39.643Z,178888977964300
"""Rayan @ nhXZL_Cydv"" folds",2026-09-08T17:49:38.784Z,178888977878400
"""Heech @ wzsls5Sz57"" folds",2026-09-08T17:49:37.287Z,178888977728700
"""rowan @ GthBpPSqaK"" folds",2026-09-08T17:49:35.664Z,178888977566400
"""1bulletonly @ xZS3GKnBtu"" bets 5.25",2026-09-08T17:49:34.580Z,178888977458000
"""Rayan @ nhXZL_Cydv"" checks",2026-09-08T17:49:31.475Z,178888977147500
"""Heech @ wzsls5Sz57"" checks",2026-09-08T17:49:30.302Z,178888977030200
"Flop:  [5♣, 5♦, K♣]",2026-09-08T17:49:27.691Z,178888976769100
"""Rayan @ nhXZL_Cydv"" calls 2.25",2026-09-08T17:49:26.829Z,178888976682900
"""Binkputer @ 6D7s410Ucp"" folds",2026-09-08T17:49:25.323Z,178888976532300
"""Heech @ wzsls5Sz57"" calls 2.25",2026-09-08T17:49:24.447Z,178888976444700
"""rowan @ GthBpPSqaK"" calls 2.25",2026-09-08T17:49:22.511Z,178888976251100
"""1bulletonly @ xZS3GKnBtu"" raises to 2.25",2026-09-08T17:49:20.639Z,178888976063900
"""Rayan @ nhXZL_Cydv"" calls 0.50",2026-09-08T17:49:17.626Z,178888975762600
"""Binkputer @ 6D7s410Ucp"" posts a big blind of 0.50",2026-09-08T17:49:14.272Z,178888975427208
"""Heech @ wzsls5Sz57"" posts a small blind of 0.25",2026-09-08T17:49:14.272Z,178888975427207
"Player stacks: #1 ""rowan @ GthBpPSqaK"" (201.12) | #2 ""Heech @ wzsls5Sz57"" (77.55) | #7 ""Binkputer @ 6D7s410Ucp"" (97.64) | #8 ""Rayan @ nhXZL_Cydv"" (141.97) | #9 ""1bulletonly @ xZS3GKnBtu"" (21.48)",2026-09-08T17:49:14.272Z,178888975427201
"-- starting hand #99 (id: pkduuqgi27bv)  No Limit Texas Hold'em (dealer: ""rowan @ GthBpPSqaK"") --",2026-09-08T17:49:14.272Z,178888975427200
"""Binkputer @ 6D7s410Ucp"" shows a 8♠, 7♠.",2026-09-08T17:49:11.233Z,178888975123300
"-- ending hand #98 --",2026-09-08T17:49:10.621Z,178888975062102
"""rowan @ GthBpPSqaK"" collected 30.00 from pot",2026-09-08T17:49:10.621Z,178888975062101
"Uncalled bet of 15.00 returned to ""rowan @ GthBpPSqaK""",2026-09-08T17:49:10.621Z,178888975062100
"""Binkputer @ 6D7s410Ucp"" folds",2026-09-08T17:49:09.797Z,178888974979700
"""rowan @ GthBpPSqaK"" bets 15.00",2026-09-08T17:49:08.813Z,178888974881300
"River: K♣, 5♣, 6♥, 5♠ [2♠]",2026-09-08T17:49:03.819Z,178888974381900
"""rowan @ GthBpPSqaK"" calls 7.50",2026-09-08T17:49:02.970Z,178888974297000
"""Binkputer @ 6D7s410Ucp"" bets 7.50",2026-09-08T17:49:00.518Z,178888974051800
"""Heech @ wzsls5Sz57"" folds",2026-09-08T17:48:58.542Z,178888973854200
"""rowan @ GthBpPSqaK"" checks",2026-09-08T17:48:57.248Z,178888973724800
"Turn: K♣, 5♣, 6♥ [5♠]",2026-09-08T17:48:55.766Z,178888973576600
"""Heech @ wzsls5Sz57"" calls 3.00",2026-09-08T17:48:54.941Z,178888973494100
"""rowan @ GthBpPSqaK"" calls 3.00",2026-09-08T17:48:51.959Z,178888973195900
"""Binkputer @ 6D7s410Ucp"" bets 3.00",2026-09-08T17:48:50.151Z,178888973015100
"""Heech @ wzsls5Sz57"" checks",2026-09-08T17:48:48.371Z,178888972837100
"""rowan @ GthBpPSqaK"" checks",2026-09-08T17:48:46.250Z,178888972625000
"Flop:  [K♣, 5♣, 6♥]",2026-09-08T17:48:44.758Z,178888972475800
"""Heech @ wzsls5Sz57"" calls 2.00",2026-09-08T17:48:43.945Z,178888972394500
"""rowan @ GthBpPSqaK"" calls 2.00",2026-09-08T17:48:42.303Z,178888972230300
"""1bulletonly @ xZS3GKnBtu"" folds",2026-09-08T17:48:39.229Z,178888971922900
"""Rayan @ nhXZL_Cydv"" folds",2026-09-08T17:48:38.196Z,178888971819600
"""Binkputer @ 6D7s410Ucp"" raises to 2.00",2026-09-08T17:48:36.342Z,178888971634200
"""Heech @ wzsls5Sz57"" posts a big blind of 0.50",2026-09-08T17:48:34.153Z,178888971415308
"""rowan @ GthBpPSqaK"" posts a small blind of 0.25",2026-09-08T17:48:34.153Z,178888971415307
"Player stacks: #1 ""rowan @ GthBpPSqaK"" (183.62) | #2 ""Heech @ wzsls5Sz57"" (82.55) | #7 ""Binkputer @ 6D7s410Ucp"" (110.14) | #8 ""Rayan @ nhXZL_Cydv"" (141.97) | #9 ""1bulletonly @ xZS3GKnBtu"" (21.48)",2026-09-08T17:48:34.153Z,178888971415301
"-- starting hand #98 (id: pvq1qlwfmqh3)  No Limit Texas Hold'em (dealer: ""1bulletonly @ xZS3GKnBtu"") --",2026-09-08T17:48:34.153Z,178888971415300
"""Rayan @ nhXZL_Cydv"" shows a 6♣, 5♥.",2026-09-08T17:48:31.232Z,178888971123200
"""1bulletonly @ xZS3GKnBtu"" shows a 4♦.",2026-09-08T17:48:29.569Z,178888970956900
"""Binkputer @ 6D7s410Ucp"" shows a 5♠, 2♠.",2026-09-08T17:48:27.213Z,178888970721300
"-- ending hand #97 --",2026-09-08T17:48:26.149Z,178888970614902
"""rowan @ GthBpPSqaK"" collected 2.00 from pot",2026-09-08T17:48:26.149Z,178888970614901
"Uncalled bet of 0.50 returned to ""rowan @ GthBpPSqaK""",2026-09-08T17:48:26.149Z,178888970614900
"""Rayan @ nhXZL_Cydv"" folds",2026-09-08T17:48:25.292Z,178888970529200
"""Binkputer @ 6D7s410Ucp"" folds",2026-09-08T17:48:22.120Z,178888970212000
"""rowan @ GthBpPSqaK"" bets 0.50",2026-09-08T17:48:21.272Z,178888970127200
"""1bulletonly @ xZS3GKnBtu"" folds",2026-09-08T17:48:19.992Z,178888969999200
"Flop:  [8♥, K♥, A♥]",2026-09-08T17:48:17.337Z,178888969733700
"""rowan @ GthBpPSqaK"" checks",2026-09-08T17:48:16.491Z,178888969649100
"""1bulletonly @ xZS3GKnBtu"" calls 0.50",2026-09-08T17:48:15.311Z,178888969531100
"""Rayan @ nhXZL_Cydv"" calls 0.50",2026-09-08T17:48:14.235Z,178888969423500
"""Binkputer @ 6D7s410Ucp"" calls 0.50",2026-09-08T17:48:13.069Z,178888969306900
"""Heech @ wzsls5Sz57"" folds",2026-09-08T17:48:12.167Z,178888969216700
"""rowan @ GthBpPSqaK"" posts a big blind of 0.50",2026-09-08T17:48:10.910Z,178888969091008
"""1bulletonly @ xZS3GKnBtu"" posts a small blind of 0.25",2026-09-08T17:48:10.910Z,178888969091007
"Player stacks: #1 ""rowan @ GthBpPSqaK"" (182.12) | #2 ""Heech @ wzsls5Sz57"" (82.55) | #7 ""Binkputer @ 6D7s410Ucp"" (110.64) | #8 ""Rayan @ nhXZL_Cydv"" (142.47) | #9 ""1bulletonly @ xZS3GKnBtu"" (21.98)",2026-09-08T17:48:10.910Z,178888969091001
"-- starting hand #97 (id: 0ftyunfx3ymh)  No Limit Texas Hold'em (dealer: ""Rayan @ nhXZL_Cydv"") --",2026-09-08T17:48:10.910Z,178888969091000
"""Binkputer @ 6D7s410Ucp"" shows a 8♠, 8♣.",2026-09-08T17:48:06.687Z,178888968668700
"""1bulletonly @ xZS3GKnBtu"" shows a 7♥, A♦.",2026-09-08T17:48:05.912Z,178888968591200
"-- ending hand #96 --",2026-09-08T17:48:03.605Z,178888968360502
"""Binkputer @ 6D7s410Ucp"" collected 2.25 from pot",2026-09-08T17:48:03.605Z,178888968360501
"Uncalled bet of 3.00 returned to ""Binkputer @ 6D7s410Ucp""",2026-09-08T17:48:03.605Z,178888968360500
"""Heech @ wzsls5Sz57"" folds",2026-09-08T17:48:02.766Z,178888968276600
"""rowan @ GthBpPSqaK"" folds",2026-09-08T17:48:00.498Z,178888968049800
"""1bulletonly @ xZS3GKnBtu"" folds",2026-09-08T17:47:59.344Z,178888967934400
"""Rayan @ nhXZL_Cydv"" folds",2026-09-08T17:47:58.138Z,178888967813800
"""Binkputer @ 6D7s410Ucp"" raises to 3.50",2026-09-08T17:47:56.517Z,178888967651700
"""Heech @ wzsls5Sz57"" calls 0.50",2026-09-08T17:47:53.894Z,178888967389400
"""rowan @ GthBpPSqaK"" calls 0.50",2026-09-08T17:47:52.729Z,178888967272900
"""1bulletonly @ xZS3GKnBtu"" posts a big blind of 0.50",2026-09-08T17:47:50.994Z,178888967099408
"""Rayan @ nhXZL_Cydv"" posts a small blind of 0.25",2026-09-08T17:47:50.994Z,178888967099407
"Player stacks: #1 ""rowan @ GthBpPSqaK"" (182.62) | #2 ""Heech @ wzsls5Sz57"" (83.05) | #7 ""Binkputer @ 6D7s410Ucp"" (108.89) | #8 ""Rayan @ nhXZL_Cydv"" (142.72) | #9 ""1bulletonly @ xZS3GKnBtu"" (22.48)",2026-09-08T17:47:50.994Z,178888967099401
"-- starting hand #96 (id: eptlqxd3i2ft)  No Limit Texas Hold'em (dealer: ""Binkputer @ 6D7s410Ucp"") --",2026-09-08T17:47:50.994Z,178888967099400
"""rowan @ GthBpPSqaK"" shows a Q♣.",2026-09-08T17:47:47.805Z,178888966780500
"""1bulletonly @ xZS3GKnBtu"" shows a 3♣.",2026-09-08T17:47:47.261Z,178888966726100
"""Binkputer @ 6D7s410Ucp"" shows a J♣, 4♦.",2026-09-08T17:47:46.196Z,178888966619600
"-- ending hand #95 --",2026-09-08T17:47:42.988Z,178888966298802
"""rowan @ GthBpPSqaK"" collected 1.25 from pot",2026-09-08T17:47:42.988Z,178888966298801
"Uncalled bet of 2.00 returned to ""rowan @ GthBpPSqaK""",2026-09-08T17:47:42.988Z,178888966298800
"""Rayan @ nhXZL_Cydv"" folds",2026-09-08T17:47:42.173Z,178888966217300
"""Binkputer @ 6D7s410Ucp"" folds",2026-09-08T17:47:41.011Z,178888966101100
"""Heech @ wzsls5Sz57"" folds",2026-09-08T17:47:40.125Z,178888966012500
"""rowan @ GthBpPSqaK"" raises to 2.50",2026-09-08T17:47:37.318Z,178888965731800
"""1bulletonly @ xZS3GKnBtu"" folds",2026-09-08T17:47:34.588Z,178888965458800
"""Rayan @ nhXZL_Cydv"" posts a big blind of 0.50",2026-09-08T17:47:33.538Z,178888965353808
"""Binkputer @ 6D7s410Ucp"" posts a small blind of 0.25",2026-09-08T17:47:33.538Z,178888965353807
"Player stacks: #1 ""rowan @ GthBpPSqaK"" (181.87) | #2 ""Heech @ wzsls5Sz57"" (83.05) | #7 ""Binkputer @ 6D7s410Ucp"" (109.14) | #8 ""Rayan @ nhXZL_Cydv"" (143.22) | #9 ""1bulletonly @ xZS3GKnBtu"" (22.48)",2026-09-08T17:47:33.538Z,178888965353801
"-- starting hand #95 (id: jpv8o8xp5ea9)  No Limit Texas Hold'em (dealer: ""Heech @ wzsls5Sz57"") --",2026-09-08T17:47:33.538Z,178888965353800
"-- ending hand #94 --",2026-09-08T17:47:27.582Z,178888964758202
"""1bulletonly @ xZS3GKnBtu"" collected 1.50 from pot",2026-09-08T17:47:27.582Z,178888964758201
"Uncalled bet of 1.00 returned to ""1bulletonly @ xZS3GKnBtu""",2026-09-08T17:47:27.582Z,178888964758200
"""Binkputer @ 6D7s410Ucp"" folds",2026-09-08T17:47:26.761Z,178888964676100
"""Heech @ wzsls5Sz57"" folds",2026-09-08T17:47:25.887Z,178888964588700
"""1bulletonly @ xZS3GKnBtu"" bets 1.00",2026-09-08T17:47:24.697Z,178888964469700
"""Binkputer @ 6D7s410Ucp"" checks",2026-09-08T17:47:22.188Z,178888964218800
"""Heech @ wzsls5Sz57"" checks",2026-09-08T17:47:20.731Z,178888964073100
"Flop:  [A♣, 9♣, A♦]",2026-09-08T17:47:18.454Z,178888963845400
"""Binkputer @ 6D7s410Ucp"" checks",2026-09-08T17:47:17.603Z,178888963760300
"""Heech @ wzsls5Sz57"" calls 0.50",2026-09-08T17:47:14.562Z,178888963456200
"""rowan @ GthBpPSqaK"" folds",2026-09-08T17:47:12.985Z,178888963298500
"""1bulletonly @ xZS3GKnBtu"" calls 0.50",2026-09-08T17:47:12.132Z,178888963213200
"""Rayan @ nhXZL_Cydv"" folds",2026-09-08T17:47:11.046Z,178888963104600
"""Binkputer @ 6D7s410Ucp"" posts a big blind of 0.50",2026-09-08T17:47:09.520Z,178888962952008
"""Heech @ wzsls5Sz57"" posts a small blind of 0.25",2026-09-08T17:47:09.520Z,178888962952007
"Player stacks: #1 ""rowan @ GthBpPSqaK"" (181.87) | #2 ""Heech @ wzsls5Sz57"" (83.55) | #7 ""Binkputer @ 6D7s410Ucp"" (109.64) | #8 ""Rayan @ nhXZL_Cydv"" (143.22) | #9 ""1bulletonly @ xZS3GKnBtu"" (21.48)",2026-09-08T17:47:09.520Z,178888962952001
"-- starting hand #94 (id: mjo30u17f7hw)  No Limit Texas Hold'em (dealer: ""rowan @ GthBpPSqaK"") --",2026-09-08T17:47:09.520Z,178888962952000
"""rowan @ GthBpPSqaK"" shows a K♦, J♠.",2026-09-08T17:47:05.590Z,178888962559000
"-- ending hand #93 --",2026-09-08T17:47:02.918Z,178888962291803
"""Rayan @ nhXZL_Cydv"" collected 22.75 from pot with Two Pair, Q's & J's (combination: 9♥, J♦, J♣, Q♠, Q♣)",2026-09-08T17:47:02.918Z,178888962291802
"""Rayan @ nhXZL_Cydv"" shows a Q♠, 9♥.",2026-09-08T17:47:02.918Z,178888962291801
"""Binkputer @ 6D7s410Ucp"" shows a 8♦, 7♥.",2026-09-08T17:47:02.918Z,178888962291800
"""Rayan @ nhXZL_Cydv"" checks",2026-09-08T17:47:02.030Z,178888962203000
"""Binkputer @ 6D7s410Ucp"" checks",2026-09-08T17:47:00.522Z,178888962052200
"River: Q♣, 7♣, 8♥, J♦ [J♣]",2026-09-08T17:46:57.453Z,178888961745300
"""rowan @ GthBpPSqaK"" folds",2026-09-08T17:46:56.589Z,178888961658900
"""Rayan @ nhXZL_Cydv"" calls 6.50",2026-09-08T17:46:52.330Z,178888961233000
"""Binkputer @ 6D7s410Ucp"" raises to 6.50",2026-09-08T17:46:44.493Z,178888960449300
"""rowan @ GthBpPSqaK"" bets 3.25",2026-09-08T17:46:41.665Z,178888960166500
"Turn: Q♣, 7♣, 8♥ [J♦]",2026-09-08T17:46:37.519Z,178888959751900
"""Rayan @ nhXZL_Cydv"" checks",2026-09-08T17:46:36.710Z,178888959671000
"""Binkputer @ 6D7s410Ucp"" checks",2026-09-08T17:46:35.100Z,178888959510000
"""rowan @ GthBpPSqaK"" checks",2026-09-08T17:46:33.231Z,178888959323100
"Flop:  [Q♣, 7♣, 8♥]",2026-09-08T17:46:31.972Z,178888959197200
"""Heech @ wzsls5Sz57"" folds",2026-09-08T17:46:31.162Z,178888959116200
"""rowan @ GthBpPSqaK"" calls 2.00",2026-09-08T17:46:29.947Z,178888958994700
"""1bulletonly @ xZS3GKnBtu"" folds",2026-09-08T17:46:29.070Z,178888958907000
"""Rayan @ nhXZL_Cydv"" calls 2.00",2026-09-08T17:46:28.126Z,178888958812600
"""Binkputer @ 6D7s410Ucp"" raises to 2.00",2026-09-08T17:46:26.780Z,178888958678000
"""Heech @ wzsls5Sz57"" posts a big blind of 0.50",2026-09-08T17:46:24.293Z,178888958429308
"""rowan @ GthBpPSqaK"" posts a small blind of 0.25",2026-09-08T17:46:24.293Z,178888958429307
"Player stacks: #1 ""rowan @ GthBpPSqaK"" (187.12) | #2 ""Heech @ wzsls5Sz57"" (84.05) | #7 ""Binkputer @ 6D7s410Ucp"" (118.14) | #8 ""Rayan @ nhXZL_Cydv"" (128.97) | #9 ""1bulletonly @ xZS3GKnBtu"" (21.48)",2026-09-08T17:46:24.293Z,178888958429301
"-- starting hand #93 (id: imabbweo5zxo)  No Limit Texas Hold'em (dealer: ""1bulletonly @ xZS3GKnBtu"") --",2026-09-08T17:46:24.293Z,178888958429300
"""Rayan @ nhXZL_Cydv"" shows a 8♣.",2026-09-08T17:46:20.998Z,178888958099800
"-- ending hand #92 --",2026-09-08T17:46:17.757Z,178888957775703
"""Binkputer @ 6D7s410Ucp"" collected 20.00 from pot with Pair, 7's (combination: 8♥, K♠, A♦, 7♣, 7♥)",2026-09-08T17:46:17.757Z,178888957775702
"""Binkputer @ 6D7s410Ucp"" shows a 7♣, A♦.",2026-09-08T17:46:17.757Z,178888957775701
"""rowan @ GthBpPSqaK"" shows a 5♦, 6♦.",2026-09-08T17:46:17.757Z,178888957775700
"""Binkputer @ 6D7s410Ucp"" checks",2026-09-08T17:46:16.918Z,178888957691800
"""rowan @ GthBpPSqaK"" checks",2026-09-08T17:46:16.051Z,178888957605100
"River: K♠, 6♣, 2♠, 7♥ [8♥]",2026-09-08T17:46:11.805Z,178888957180500
"""1bulletonly @ xZS3GKnBtu"" folds",2026-09-08T17:46:10.992Z,178888957099200
"""Rayan @ nhXZL_Cydv"" folds",2026-09-08T17:46:10.010Z,178888957001000
"""Binkputer @ 6D7s410Ucp"" calls 5.00",2026-09-08T17:46:09.056Z,178888956905600
"""Heech @ wzsls5Sz57"" folds",2026-09-08T17:46:07.905Z,178888956790500
"""rowan @ GthBpPSqaK"" bets 5.00",2026-09-08T17:46:06.502Z,178888956650200
"""1bulletonly @ xZS3GKnBtu"" checks",2026-09-08T17:46:04.174Z,178888956417400
"Turn: K♠, 6♣, 2♠ [7♥]",2026-09-08T17:46:02.536Z,178888956253600
"""Rayan @ nhXZL_Cydv"" checks",2026-09-08T17:46:01.717Z,178888956171700
"""Binkputer @ 6D7s410Ucp"" checks",2026-09-08T17:46:00.689Z,178888956068900
"""Heech @ wzsls5Sz57"" checks",2026-09-08T17:45:59.073Z,178888955907300
"""rowan @ GthBpPSqaK"" checks",2026-09-08T17:45:57.796Z,178888955779600
"""1bulletonly @ xZS3GKnBtu"" checks",2026-09-08T17:45:56.867Z,178888955686700
"Flop:  [K♠, 6♣, 2♠]",2026-09-08T17:45:55.064Z,178888955506400
"""Heech @ wzsls5Sz57"" calls 2.00",2026-09-08T17:45:54.190Z,178888955419000
"""rowan @ GthBpPSqaK"" calls 2.00",2026-09-08T17:45:53.005Z,178888955300500
"""1bulletonly @ xZS3GKnBtu"" calls 2.00",2026-09-08T17:45:52.155Z,178888955215500
"""Rayan @ nhXZL_Cydv"" calls 2.00",2026-09-08T17:45:50.931Z,178888955093100
"""Binkputer @ 6D7s410Ucp"" raises to 2.00",2026-09-08T17:45:49.454Z,178888954945400
"""Heech @ wzsls5Sz57"" calls 0.50",2026-09-08T17:45:47.131Z,178888954713100
"""rowan @ GthBpPSqaK"" posts a big blind of 0.50",2026-09-08T17:45:41.722Z,178888954172208
"""1bulletonly @ xZS3GKnBtu"" posts a small blind of 0.25",2026-09-08T17:45:41.722Z,178888954172207
"Player stacks: #1 ""rowan @ GthBpPSqaK"" (194.12) | #2 ""Heech @ wzsls5Sz57"" (86.05) | #7 ""Binkputer @ 6D7s410Ucp"" (105.14) | #8 ""Rayan @ nhXZL_Cydv"" (130.97) | #9 ""1bulletonly @ xZS3GKnBtu"" (23.48)",2026-09-08T17:45:41.722Z,178888954172201
"-- starting hand #92 (id: lpcghfij3sfk)  No Limit Texas Hold'em (dealer: ""Rayan @ nhXZL_Cydv"") --",2026-09-08T17:45:41.722Z,178888954172200
"-- ending hand #91 --",2026-09-08T17:45:33.701Z,178888953370102
"""Heech @ wzsls5Sz57"" collected 43.02 from pot with Two Pair, A's & 7's on the second run  (combination: 4♦, 7♥, 7♠, A♥, A♦)",2026-09-08T17:45:33.701Z,178888953370101
"""Heech @ wzsls5Sz57"" collected 43.03 from pot with Two Pair, A's & 7's (combination: 10♦, 7♥, 7♠, A♥, A♦)",2026-09-08T17:45:33.701Z,178888953370100
"River (second run): A♦, 2♥, 4♣, 7♠ [4♦]",2026-09-08T17:45:29.667Z,178888952966700
"River: A♦, 2♥, 4♣, 7♠ [10♦]",2026-09-08T17:45:25.659Z,178888952565900
"""Binkputer @ 6D7s410Ucp"" shows a A♣, 5♣.",2026-09-08T17:45:21.652Z,178888952165201
"""Heech @ wzsls5Sz57"" shows a 7♥, A♥.",2026-09-08T17:45:21.652Z,178888952165200
"All players in hand choose to run it twice.",2026-09-08T17:45:20.794Z,178888952079401
"""Heech @ wzsls5Sz57"" chooses to  run it twice.",2026-09-08T17:45:20.794Z,178888952079400
"""Binkputer @ 6D7s410Ucp"" chooses to  run it twice.",2026-09-08T17:45:20.149Z,178888952014900
"Remaining players decide whether to run it twice.",2026-09-08T17:45:19.406Z,178888951940601
"""Binkputer @ 6D7s410Ucp"" calls 32.28",2026-09-08T17:45:19.406Z,178888951940600
"""Heech @ wzsls5Sz57"" raises to 32.28 and go all in",2026-09-08T17:45:16.427Z,178888951642700
"""Binkputer @ 6D7s410Ucp"" bets 10.74",2026-09-08T17:45:12.845Z,178888951284500
"""Heech @ wzsls5Sz57"" checks",2026-09-08T17:45:09.288Z,178888950928800
"Turn: A♦, 2♥, 4♣ [7♠]",2026-09-08T17:45:08.229Z,178888950822900
"""Heech @ wzsls5Sz57"" calls 5.37",2026-09-08T17:45:07.366Z,178888950736600
"""1bulletonly @ xZS3GKnBtu"" folds",2026-09-08T17:45:06.516Z,178888950651600
"""Binkputer @ 6D7s410Ucp"" bets 5.37",2026-09-08T17:45:04.398Z,178888950439800
"""Heech @ wzsls5Sz57"" checks",2026-09-08T17:45:02.196Z,178888950219600
"""1bulletonly @ xZS3GKnBtu"" checks",2026-09-08T17:45:00.787Z,178888950078700
"Flop:  [A♦, 2♥, 4♣]",2026-09-08T17:44:59.071Z,178888949907100
"""Heech @ wzsls5Sz57"" calls 3.50",2026-09-08T17:44:58.246Z,178888949824600
"""1bulletonly @ xZS3GKnBtu"" calls 3.50",2026-09-08T17:44:54.697Z,178888949469700
"""Rayan @ nhXZL_Cydv"" folds",2026-09-08T17:44:52.480Z,178888949248000
"""Binkputer @ 6D7s410Ucp"" raises to 3.50",2026-09-08T17:44:50.960Z,178888949096000
"""Heech @ wzsls5Sz57"" calls 0.50",2026-09-08T17:44:47.629Z,178888948762900
"""rowan @ GthBpPSqaK"" folds",2026-09-08T17:44:45.328Z,178888948532800
"""1bulletonly @ xZS3GKnBtu"" posts a big blind of 0.50",2026-09-08T17:44:44.188Z,178888948418808
"""Rayan @ nhXZL_Cydv"" posts a small blind of 0.25",2026-09-08T17:44:44.188Z,178888948418807
"Player stacks: #1 ""rowan @ GthBpPSqaK"" (194.12) | #2 ""Heech @ wzsls5Sz57"" (41.15) | #7 ""Binkputer @ 6D7s410Ucp"" (146.29) | #8 ""Rayan @ nhXZL_Cydv"" (131.22) | #9 ""1bulletonly @ xZS3GKnBtu"" (26.98)",2026-09-08T17:44:44.188Z,178888948418801
"-- starting hand #91 (id: mv6nlamidvk7)  No Limit Texas Hold'em (dealer: ""Binkputer @ 6D7s410Ucp"") --",2026-09-08T17:44:44.188Z,178888948418800
"""1bulletonly @ xZS3GKnBtu"" shows a A♦.",2026-09-08T17:44:40.362Z,178888948036200
"""Binkputer @ 6D7s410Ucp"" shows a 4♠.",2026-09-08T17:44:39.952Z,178888947995200
"""rowan @ GthBpPSqaK"" shows a 9♥.",2026-09-08T17:44:39.925Z,178888947992500
"-- ending hand #90 --",2026-09-08T17:44:39.120Z,178888947912002
"""1bulletonly @ xZS3GKnBtu"" collected 1.25 from pot",2026-09-08T17:44:39.120Z,178888947912001
"Uncalled bet of 0.50 returned to ""1bulletonly @ xZS3GKnBtu""",2026-09-08T17:44:39.120Z,178888947912000
"""Rayan @ nhXZL_Cydv"" folds",2026-09-08T17:44:38.291Z,178888947829100
"""1bulletonly @ xZS3GKnBtu"" bets 0.50",2026-09-08T17:44:37.211Z,178888947721100
"""Rayan @ nhXZL_Cydv"" checks",2026-09-08T17:44:35.802Z,178888947580200
"River: J♦, 9♠, 10♣, 4♦ [3♠]",2026-09-08T17:44:35.474Z,178888947547400
"""1bulletonly @ xZS3GKnBtu"" checks",2026-09-08T17:44:34.668Z,178888947466800
"""Rayan @ nhXZL_Cydv"" checks",2026-09-08T17:44:33.635Z,178888947363500
"Turn: J♦, 9♠, 10♣ [4♦]",2026-09-08T17:44:32.850Z,178888947285000
"""1bulletonly @ xZS3GKnBtu"" checks",2026-09-08T17:44:32.030Z,178888947203000
"""Rayan @ nhXZL_Cydv"" checks",2026-09-08T17:44:31.030Z,178888947103000
"Flop:  [J♦, 9♠, 10♣]",2026-09-08T17:44:29.770Z,178888946977000
"""Rayan @ nhXZL_Cydv"" checks",2026-09-08T17:44:28.933Z,178888946893300
"""Binkputer @ 6D7s410Ucp"" folds",2026-09-08T17:44:27.800Z,178888946780000
"""Heech @ wzsls5Sz57"" folds",2026-09-08T17:44:26.924Z,178888946692400
"""rowan @ GthBpPSqaK"" folds",2026-09-08T17:44:24.353Z,178888946435300
"""1bulletonly @ xZS3GKnBtu"" calls 0.50",2026-09-08T17:44:23.495Z,178888946349500
"""Rayan @ nhXZL_Cydv"" posts a big blind of 0.50",2026-09-08T17:44:22.167Z,178888946216708
"""Binkputer @ 6D7s410Ucp"" posts a small blind of 0.25",2026-09-08T17:44:22.167Z,178888946216707
"Player stacks: #1 ""rowan @ GthBpPSqaK"" (194.12) | #2 ""Heech @ wzsls5Sz57"" (41.15) | #7 ""Binkputer @ 6D7s410Ucp"" (146.54) | #8 ""Rayan @ nhXZL_Cydv"" (131.72) | #9 ""1bulletonly @ xZS3GKnBtu"" (26.23)",2026-09-08T17:44:22.167Z,178888946216701
"-- starting hand #90 (id: 5j3fgwgwiwd9)  No Limit Texas Hold'em (dealer: ""Heech @ wzsls5Sz57"") --",2026-09-08T17:44:22.167Z,178888946216700
"""Binkputer @ 6D7s410Ucp"" shows a 6♣, A♠.",2026-09-08T17:44:19.748Z,178888945974800
"""rowan @ GthBpPSqaK"" shows a 8♥.",2026-09-08T17:44:17.745Z,178888945774500
"""rowan @ GthBpPSqaK"" shows a A♣.",2026-09-08T17:44:17.215Z,178888945721500
"-- ending hand #89 --",2026-09-08T17:44:15.159Z,178888945515902
"""1bulletonly @ xZS3GKnBtu"" collected 10.49 from pot with Pair, 7's (combination: 9♣, 10♠, A♥, 7♣, 7♦)",2026-09-08T17:44:15.159Z,178888945515901
"""1bulletonly @ xZS3GKnBtu"" shows a A♥, 10♠.",2026-09-08T17:44:15.159Z,178888945515900
"""rowan @ GthBpPSqaK"" calls 0.50",2026-09-08T17:44:14.312Z,178888945431200
"""1bulletonly @ xZS3GKnBtu"" bets 0.50",2026-09-08T17:44:13.454Z,178888945345400
"River: 9♣, 6♠, 7♣, 7♦ [3♦]",2026-09-08T17:44:11.866Z,178888945186600
"""rowan @ GthBpPSqaK"" checks",2026-09-08T17:44:11.056Z,178888945105600
"""1bulletonly @ xZS3GKnBtu"" checks",2026-09-08T17:44:09.795Z,178888944979500
"Turn: 9♣, 6♠, 7♣ [7♦]",2026-09-08T17:44:07.834Z,178888944783400
"""1bulletonly @ xZS3GKnBtu"" calls 2.37",2026-09-08T17:44:07.023Z,178888944702300
"""rowan @ GthBpPSqaK"" bets 2.37",2026-09-08T17:44:04.881Z,178888944488100
"""1bulletonly @ xZS3GKnBtu"" checks",2026-09-08T17:44:02.334Z,178888944233400
"Flop:  [9♣, 6♠, 7♣]",2026-09-08T17:43:59.784Z,178888943978400
"""Binkputer @ 6D7s410Ucp"" folds",2026-09-08T17:43:58.951Z,178888943895100
"""Heech @ wzsls5Sz57"" folds",2026-09-08T17:43:58.103Z,178888943810300
"""rowan @ GthBpPSqaK"" calls 2.00",2026-09-08T17:43:57.262Z,178888943726200
"""1bulletonly @ xZS3GKnBtu"" raises to 2.00",2026-09-08T17:43:55.181Z,178888943518100
"""Rayan @ nhXZL_Cydv"" folds",2026-09-08T17:43:53.041Z,178888943304100
"""Binkputer @ 6D7s410Ucp"" posts a big blind of 0.50",2026-09-08T17:43:50.970Z,178888943097008
"""Heech @ wzsls5Sz57"" posts a small blind of 0.25",2026-09-08T17:43:50.970Z,178888943097007
"Player stacks: #1 ""rowan @ GthBpPSqaK"" (198.99) | #2 ""Heech @ wzsls5Sz57"" (41.40) | #7 ""Binkputer @ 6D7s410Ucp"" (147.04) | #8 ""Rayan @ nhXZL_Cydv"" (131.72) | #9 ""1bulletonly @ xZS3GKnBtu"" (20.61)",2026-09-08T17:43:50.970Z,178888943097001
"-- starting hand #89 (id: qlpoat5eocw6)  No Limit Texas Hold'em (dealer: ""rowan @ GthBpPSqaK"") --",2026-09-08T17:43:50.970Z,178888943097000
"""Heech @ wzsls5Sz57"" shows a 5♣.",2026-09-08T17:43:48.630Z,178888942863000
"""rowan @ GthBpPSqaK"" shows a 3♥, 8♥.",2026-09-08T17:43:47.011Z,178888942701100
"-- ending hand #88 --",2026-09-08T17:43:46.660Z,178888942666002
"""1bulletonly @ xZS3GKnBtu"" collected 10.75 from pot",2026-09-08T17:43:46.660Z,178888942666001
"Uncalled bet of 9.86 returned to ""1bulletonly @ xZS3GKnBtu""",2026-09-08T17:43:46.660Z,178888942666000
"""Rayan @ nhXZL_Cydv"" folds",2026-09-08T17:43:45.829Z,178888942582900
"""Heech @ wzsls5Sz57"" folds",2026-09-08T17:43:44.935Z,178888942493500
"""1bulletonly @ xZS3GKnBtu"" bets 9.86 and go all in",2026-09-08T17:43:44.092Z,178888942409200
"""Rayan @ nhXZL_Cydv"" checks",2026-09-08T17:43:41.340Z,178888942134000
"""Heech @ wzsls5Sz57"" checks",2026-09-08T17:43:38.826Z,178888941882600
"River: 5♦, 10♥, 3♣, Q♥ [9♥]",2026-09-08T17:43:37.764Z,178888941776400
"""Rayan @ nhXZL_Cydv"" calls 2.00",2026-09-08T17:43:36.956Z,178888941695600
"""Heech @ wzsls5Sz57"" calls 2.00",2026-09-08T17:43:35.321Z,178888941532100
"""1bulletonly @ xZS3GKnBtu"" bets 2.00",2026-09-08T17:43:34.132Z,178888941413200
"""Rayan @ nhXZL_Cydv"" checks",2026-09-08T17:43:31.692Z,178888941169200
"""Heech @ wzsls5Sz57"" checks",2026-09-08T17:43:30.429Z,178888941042900
"Turn: 5♦, 10♥, 3♣ [Q♥]",2026-09-08T17:43:29.092Z,178888940909200
"""1bulletonly @ xZS3GKnBtu"" checks",2026-09-08T17:43:28.271Z,178888940827100
"""Rayan @ nhXZL_Cydv"" checks",2026-09-08T17:43:26.586Z,178888940658600
"""Heech @ wzsls5Sz57"" checks",2026-09-08T17:43:25.155Z,178888940515500
"Flop:  [5♦, 10♥, 3♣]",2026-09-08T17:43:22.754Z,178888940275400
"""Rayan @ nhXZL_Cydv"" calls 1.50",2026-09-08T17:43:21.950Z,178888940195000
"""Heech @ wzsls5Sz57"" calls 1.50",2026-09-08T17:43:20.744Z,178888940074400
"""rowan @ GthBpPSqaK"" folds",2026-09-08T17:43:19.099Z,178888939909900
"""1bulletonly @ xZS3GKnBtu"" raises to 1.50",2026-09-08T17:43:18.069Z,178888939806900
"""Rayan @ nhXZL_Cydv"" calls 0.50",2026-09-08T17:43:15.686Z,178888939568600
"""Binkputer @ 6D7s410Ucp"" folds",2026-09-08T17:43:14.676Z,178888939467600
"""Heech @ wzsls5Sz57"" posts a big blind of 0.50",2026-09-08T17:43:13.686Z,178888939368608
"""rowan @ GthBpPSqaK"" posts a small blind of 0.25",2026-09-08T17:43:13.686Z,178888939368607
"Player stacks: #1 ""rowan @ GthBpPSqaK"" (199.24) | #2 ""Heech @ wzsls5Sz57"" (44.90) | #7 ""Binkputer @ 6D7s410Ucp"" (147.04) | #8 ""Rayan @ nhXZL_Cydv"" (135.22) | #9 ""1bulletonly @ xZS3GKnBtu"" (13.36)",2026-09-08T17:43:13.686Z,178888939368601
"-- starting hand #88 (id: jd6jmiztxvu7)  No Limit Texas Hold'em (dealer: ""1bulletonly @ xZS3GKnBtu"") --",2026-09-08T17:43:13.686Z,178888939368600
"""Binkputer @ 6D7s410Ucp"" shows a Q♦, 2♦.",2026-09-08T17:43:10.867Z,178888939086700
"""Heech @ wzsls5Sz57"" shows a Q♣, 4♣.",2026-09-08T17:43:07.482Z,178888938748200
"-- ending hand #87 --",2026-09-08T17:43:06.684Z,178888938668403
"""Rayan @ nhXZL_Cydv"" collected 16.97 from pot with Two Pair, K's & 4's (combination: A♥, 4♠, 4♦, K♠, K♣)",2026-09-08T17:43:06.684Z,178888938668402
"""Rayan @ nhXZL_Cydv"" shows a A♥, K♠.",2026-09-08T17:43:06.684Z,178888938668401
"""rowan @ GthBpPSqaK"" shows a A♦, 7♦.",2026-09-08T17:43:06.684Z,178888938668400
"""Rayan @ nhXZL_Cydv"" calls 4.24",2026-09-08T17:43:05.865Z,178888938586500
"""rowan @ GthBpPSqaK"" bets 4.24",2026-09-08T17:43:04.734Z,178888938473400
"River: 10♣, 4♠, 4♦, 6♦ [K♣]",2026-09-08T17:43:02.008Z,178888938200800
"""Rayan @ nhXZL_Cydv"" calls 2.12",2026-09-08T17:43:01.056Z,178888938105600
"""rowan @ GthBpPSqaK"" bets 2.12",2026-09-08T17:42:59.609Z,178888937960900
"Turn: 10♣, 4♠, 4♦ [6♦]",2026-09-08T17:42:57.331Z,178888937733100
"""Rayan @ nhXZL_Cydv"" checks",2026-09-08T17:42:56.486Z,178888937648600
"""rowan @ GthBpPSqaK"" checks",2026-09-08T17:42:55.146Z,178888937514600
"Flop:  [10♣, 4♠, 4♦]",2026-09-08T17:42:53.998Z,178888937399800
"""rowan @ GthBpPSqaK"" calls 2.00",2026-09-08T17:42:53.164Z,178888937316400
"""1bulletonly @ xZS3GKnBtu"" folds",2026-09-08T17:42:51.555Z,178888937155500
"""Rayan @ nhXZL_Cydv"" raises to 2.00",2026-09-08T17:42:49.924Z,178888936992400
"""Binkputer @ 6D7s410Ucp"" folds",2026-09-08T17:42:47.388Z,178888936738800
"""Heech @ wzsls5Sz57"" folds",2026-09-08T17:42:46.529Z,178888936652900
"""rowan @ GthBpPSqaK"" posts a big blind of 0.50",2026-09-08T17:42:45.193Z,178888936519308
"""1bulletonly @ xZS3GKnBtu"" posts a small blind of 0.25",2026-09-08T17:42:45.193Z,178888936519307
"Player stacks: #1 ""rowan @ GthBpPSqaK"" (207.60) | #2 ""Heech @ wzsls5Sz57"" (44.90) | #7 ""Binkputer @ 6D7s410Ucp"" (147.04) | #8 ""Rayan @ nhXZL_Cydv"" (126.61) | #9 ""1bulletonly @ xZS3GKnBtu"" (13.61)",2026-09-08T17:42:45.193Z,178888936519301
"-- starting hand #87 (id: wqcal4x1ehmq)  No Limit Texas Hold'em (dealer: ""Rayan @ nhXZL_Cydv"") --",2026-09-08T17:42:45.193Z,178888936519300
"""Binkputer @ 6D7s410Ucp"" shows a K♣.",2026-09-08T17:42:42.513Z,178888936251300
"""Binkputer @ 6D7s410Ucp"" shows a 10♠.",2026-09-08T17:42:42.139Z,178888936213900
"-- ending hand #86 --",2026-09-08T17:42:41.557Z,178888936155702
"""Rayan @ nhXZL_Cydv"" collected 6.50 from pot",2026-09-08T17:42:41.557Z,178888936155701
"Uncalled bet of 6.50 returned to ""Rayan @ nhXZL_Cydv""",2026-09-08T17:42:41.557Z,178888936155700
"""Heech @ wzsls5Sz57"" folds",2026-09-08T17:42:40.742Z,178888936074200
"""1bulletonly @ xZS3GKnBtu"" folds",2026-09-08T17:42:39.150Z,178888935915000
"""Rayan @ nhXZL_Cydv"" bets 6.50",2026-09-08T17:42:38.189Z,178888935818900
"River: 3♦, 2♠, 7♣, 8♦ [K♥]",2026-09-08T17:42:33.547Z,178888935354700
"""1bulletonly @ xZS3GKnBtu"" calls 1.50",2026-09-08T17:42:32.713Z,178888935271300
"""Rayan @ nhXZL_Cydv"" calls 1.50",2026-09-08T17:42:31.229Z,178888935122900
"""Binkputer @ 6D7s410Ucp"" folds",2026-09-08T17:42:30.017Z,178888935001700
"""Heech @ wzsls5Sz57"" bets 1.50",2026-09-08T17:42:29.159Z,178888934915900
"""1bulletonly @ xZS3GKnBtu"" checks",2026-09-08T17:42:26.528Z,178888934652800
"""Rayan @ nhXZL_Cydv"" checks",2026-09-08T17:42:25.614Z,178888934561400
"Turn: 3♦, 2♠, 7♣ [8♦]",2026-09-08T17:42:22.684Z,178888934268400
"""Binkputer @ 6D7s410Ucp"" checks",2026-09-08T17:42:21.879Z,178888934187900
"""Heech @ wzsls5Sz57"" checks",2026-09-08T17:42:21.024Z,178888934102400
"""1bulletonly @ xZS3GKnBtu"" checks",2026-09-08T17:42:19.664Z,178888933966400
"""Rayan @ nhXZL_Cydv"" checks",2026-09-08T17:42:18.317Z,178888933831700
"Flop:  [3♦, 2♠, 7♣]",2026-09-08T17:42:16.478Z,178888933647800
"""1bulletonly @ xZS3GKnBtu"" checks",2026-09-08T17:42:15.659Z,178888933565900
"""Rayan @ nhXZL_Cydv"" calls 0.50",2026-09-08T17:42:14.517Z,178888933451700
"""Binkputer @ 6D7s410Ucp"" calls 0.50",2026-09-08T17:42:13.488Z,178888933348800
"""Heech @ wzsls5Sz57"" calls 0.50",2026-09-08T17:42:12.316Z,178888933231600
"""rowan @ GthBpPSqaK"" folds",2026-09-08T17:42:10.631Z,178888933063100
"""1bulletonly @ xZS3GKnBtu"" posts a big blind of 0.50",2026-09-08T17:42:09.329Z,178888932932908
"""Rayan @ nhXZL_Cydv"" posts a small blind of 0.25",2026-09-08T17:42:09.329Z,178888932932907
"Player stacks: #1 ""rowan @ GthBpPSqaK"" (207.60) | #2 ""Heech @ wzsls5Sz57"" (46.90) | #7 ""Binkputer @ 6D7s410Ucp"" (147.54) | #8 ""Rayan @ nhXZL_Cydv"" (122.11) | #9 ""1bulletonly @ xZS3GKnBtu"" (15.61)",2026-09-08T17:42:09.329Z,178888932932901
"-- starting hand #86 (id: jd4qz3jbnvms)  No Limit Texas Hold'em (dealer: ""Binkputer @ 6D7s410Ucp"") --",2026-09-08T17:42:09.329Z,178888932932900
"""Heech @ wzsls5Sz57"" shows a 5♣, 7♠.",2026-09-08T17:42:06.755Z,178888932675500
"""Binkputer @ 6D7s410Ucp"" shows a 7♥, 4♠.",2026-09-08T17:42:04.531Z,178888932453100
"-- ending hand #85 --",2026-09-08T17:42:02.018Z,178888932201802
"""rowan @ GthBpPSqaK"" collected 1.25 from pot",2026-09-08T17:42:02.018Z,178888932201801
"Uncalled bet of 1.50 returned to ""rowan @ GthBpPSqaK""",2026-09-08T17:42:02.018Z,178888932201800
"""Rayan @ nhXZL_Cydv"" folds",2026-09-08T17:42:01.135Z,178888932113500
"""Binkputer @ 6D7s410Ucp"" folds",2026-09-08T17:41:59.518Z,178888931951800
"""Heech @ wzsls5Sz57"" folds",2026-09-08T17:41:58.614Z,178888931861400
"""rowan @ GthBpPSqaK"" raises to 2.00",2026-09-08T17:41:56.219Z,178888931621900
"""1bulletonly @ xZS3GKnBtu"" folds",2026-09-08T17:41:54.010Z,178888931401000
"""Rayan @ nhXZL_Cydv"" posts a big blind of 0.50",2026-09-08T17:41:52.992Z,178888931299208
"""Binkputer @ 6D7s410Ucp"" posts a small blind of 0.25",2026-09-08T17:41:52.992Z,178888931299207
"Player stacks: #1 ""rowan @ GthBpPSqaK"" (206.85) | #2 ""Heech @ wzsls5Sz57"" (46.90) | #7 ""Binkputer @ 6D7s410Ucp"" (147.79) | #8 ""Rayan @ nhXZL_Cydv"" (122.61) | #9 ""1bulletonly @ xZS3GKnBtu"" (15.61)",2026-09-08T17:41:52.992Z,178888931299201
"-- starting hand #85 (id: lebafjzhagrp)  No Limit Texas Hold'em (dealer: ""Heech @ wzsls5Sz57"") --",2026-09-08T17:41:52.992Z,178888931299200
"-- ending hand #84 --",2026-09-08T17:41:50.078Z,178888931007802
"""Binkputer @ 6D7s410Ucp"" collected 6.00 from pot",2026-09-08T17:41:50.078Z,178888931007801
"Uncalled bet of 4.50 returned to ""Binkputer @ 6D7s410Ucp""",2026-09-08T17:41:50.078Z,178888931007800
"""Heech @ wzsls5Sz57"" folds",2026-09-08T17:41:49.230Z,178888930923000
"""rowan @ GthBpPSqaK"" folds",2026-09-08T17:41:48.373Z,178888930837300
"""1bulletonly @ xZS3GKnBtu"" folds",2026-09-08T17:41:47.524Z,178888930752400
"""Binkputer @ 6D7s410Ucp"" bets 4.50",2026-09-08T17:41:46.001Z,178888930600100
"""Heech @ wzsls5Sz57"" checks",2026-09-08T17:41:44.180Z,178888930418000
"River: 3♠, 10♦, 9♦, 2♦ [2♣]",2026-09-08T17:41:42.484Z,178888930248400
"""Heech @ wzsls5Sz57"" calls 1.00",2026-09-08T17:41:41.660Z,178888930166000
"""rowan @ GthBpPSqaK"" calls 1.00",2026-09-08T17:41:39.834Z,178888929983400
"""1bulletonly @ xZS3GKnBtu"" calls 1.00",2026-09-08T17:41:38.970Z,178888929897000
"""Binkputer @ 6D7s410Ucp"" bets 1.00",2026-09-08T17:41:37.023Z,178888929702300
"""Heech @ wzsls5Sz57"" checks",2026-09-08T17:41:35.142Z,178888929514200
"Turn: 3♠, 10♦, 9♦ [2♦]",2026-09-08T17:41:32.300Z,178888929230000
"""rowan @ GthBpPSqaK"" checks",2026-09-08T17:41:31.495Z,178888929149500
"""1bulletonly @ xZS3GKnBtu"" checks",2026-09-08T17:41:30.625Z,178888929062500
"""Binkputer @ 6D7s410Ucp"" checks",2026-09-08T17:41:29.444Z,178888928944400
"""Heech @ wzsls5Sz57"" checks",2026-09-08T17:41:25.317Z,178888928531700
"Flop:  [3♠, 10♦, 9♦]",2026-09-08T17:41:22.649Z,178888928264900
"""Binkputer @ 6D7s410Ucp"" checks",2026-09-08T17:41:21.810Z,178888928181000
"""Heech @ wzsls5Sz57"" calls 0.50",2026-09-08T17:41:20.951Z,178888928095100
"""rowan @ GthBpPSqaK"" calls 0.50",2026-09-08T17:41:18.432Z,178888927843200
"""1bulletonly @ xZS3GKnBtu"" calls 0.50",2026-09-08T17:41:17.175Z,178888927717500
"""Rayan @ nhXZL_Cydv"" folds",2026-09-08T17:41:15.935Z,178888927593500
"""Binkputer @ 6D7s410Ucp"" posts a big blind of 0.50",2026-09-08T17:41:13.688Z,178888927368808
"""Heech @ wzsls5Sz57"" posts a small blind of 0.25",2026-09-08T17:41:13.688Z,178888927368807
"Player stacks: #1 ""rowan @ GthBpPSqaK"" (208.35) | #2 ""Heech @ wzsls5Sz57"" (48.40) | #7 ""Binkputer @ 6D7s410Ucp"" (143.29) | #8 ""Rayan @ nhXZL_Cydv"" (122.61) | #9 ""1bulletonly @ xZS3GKnBtu"" (17.11)",2026-09-08T17:41:13.688Z,178888927368801
"-- starting hand #84 (id: o2zxuwcum0uf)  No Limit Texas Hold'em (dealer: ""rowan @ GthBpPSqaK"") --",2026-09-08T17:41:13.688Z,178888927368800
"""1bulletonly @ xZS3GKnBtu"" shows a A♦, 8♥.",2026-09-08T17:41:10.282Z,178888927028200
"-- ending hand #83 --",2026-09-08T17:41:07.172Z,178888926717206
"""Binkputer @ 6D7s410Ucp"" collected 20.00 from pot with Straight, Q High (combination: 8♦, 9♠, 10♥, J♦, Q♥)",2026-09-08T17:41:07.172Z,178888926717205
"""Heech @ wzsls5Sz57"" collected 20.00 from pot with Straight, Q High (combination: 8♦, 9♠, 10♥, J♦, Q♦)",2026-09-08T17:41:07.172Z,178888926717204
"""rowan @ GthBpPSqaK"" collected 20.00 from pot with Straight, Q High (combination: 8♦, 9♠, 10♥, J♦, Q♣)",2026-09-08T17:41:07.172Z,178888926717203
"""Binkputer @ 6D7s410Ucp"" shows a Q♥, A♣.",2026-09-08T17:41:07.172Z,178888926717202
"""Heech @ wzsls5Sz57"" shows a Q♦, 10♠.",2026-09-08T17:41:07.172Z,178888926717201
"""rowan @ GthBpPSqaK"" shows a Q♣, 9♦.",2026-09-08T17:41:07.172Z,178888926717200
"""Binkputer @ 6D7s410Ucp"" checks",2026-09-08T17:41:06.310Z,178888926631000
"""Heech @ wzsls5Sz57"" checks",2026-09-08T17:41:05.471Z,178888926547100
"""rowan @ GthBpPSqaK"" checks",2026-09-08T17:41:03.946Z,178888926394600
"River: J♦, 9♠, 10♥, 8♦ [A♠]",2026-09-08T17:40:56.485Z,178888925648500
"""1bulletonly @ xZS3GKnBtu"" folds",2026-09-08T17:40:55.637Z,178888925563700
"""Binkputer @ 6D7s410Ucp"" calls 12.00",2026-09-08T17:40:54.699Z,178888925469900
"""Heech @ wzsls5Sz57"" calls 12.00",2026-09-08T17:40:52.427Z,178888925242700
"""rowan @ GthBpPSqaK"" bets 12.00",2026-09-08T17:40:51.209Z,178888925120900
"Turn: J♦, 9♠, 10♥ [8♦]",2026-09-08T17:40:47.263Z,178888924726300
"""Heech @ wzsls5Sz57"" calls 4.00",2026-09-08T17:40:46.457Z,178888924645700
"""rowan @ GthBpPSqaK"" calls 4.00",2026-09-08T17:40:45.247Z,178888924524700
"""1bulletonly @ xZS3GKnBtu"" calls 4.00",2026-09-08T17:40:44.382Z,178888924438200
"""Binkputer @ 6D7s410Ucp"" bets 4.00",2026-09-08T17:40:41.977Z,178888924197700
"""Heech @ wzsls5Sz57"" checks",2026-09-08T17:40:39.959Z,178888923995900
"""rowan @ GthBpPSqaK"" checks",2026-09-08T17:40:38.695Z,178888923869500
"Flop:  [J♦, 9♠, 10♥]",2026-09-08T17:40:34.689Z,178888923468900
"""Heech @ wzsls5Sz57"" calls 2.00",2026-09-08T17:40:33.862Z,178888923386200
"""rowan @ GthBpPSqaK"" calls 2.00",2026-09-08T17:40:31.690Z,178888923169000
"""1bulletonly @ xZS3GKnBtu"" calls 2.00",2026-09-08T17:40:30.810Z,178888923081000
"""Rayan @ nhXZL_Cydv"" folds",2026-09-08T17:40:27.168Z,178888922716800
"""Binkputer @ 6D7s410Ucp"" raises to 2.00",2026-09-08T17:40:26.277Z,178888922627700
"""Heech @ wzsls5Sz57"" posts a big blind of 0.50",2026-09-08T17:40:23.455Z,178888922345508
"""rowan @ GthBpPSqaK"" posts a small blind of 0.25",2026-09-08T17:40:23.455Z,178888922345507
"Player stacks: #1 ""rowan @ GthBpPSqaK"" (206.35) | #2 ""Heech @ wzsls5Sz57"" (46.40) | #7 ""Binkputer @ 6D7s410Ucp"" (141.29) | #8 ""Rayan @ nhXZL_Cydv"" (122.61) | #9 ""1bulletonly @ xZS3GKnBtu"" (23.11)",2026-09-08T17:40:23.455Z,178888922345501
"-- starting hand #83 (id: rtii3swlsjqr)  No Limit Texas Hold'em (dealer: ""1bulletonly @ xZS3GKnBtu"") --",2026-09-08T17:40:23.455Z,178888922345500
"-- ending hand #82 --",2026-09-08T17:40:17.540Z,178888921754002
"""1bulletonly @ xZS3GKnBtu"" collected 7.00 from pot",2026-09-08T17:40:17.540Z,178888921754001
"Uncalled bet of 5.25 returned to ""1bulletonly @ xZS3GKnBtu""",2026-09-08T17:40:17.540Z,178888921754000
"""Rayan @ nhXZL_Cydv"" folds",2026-09-08T17:40:16.732Z,178888921673200
"""1bulletonly @ xZS3GKnBtu"" bets 5.25",2026-09-08T17:40:15.819Z,178888921581900
"Flop:  [10♥, J♦, 3♣]",2026-09-08T17:40:10.714Z,178888921071400
"""Rayan @ nhXZL_Cydv"" calls 3.00",2026-09-08T17:40:09.900Z,178888920990000
"""Heech @ wzsls5Sz57"" folds",2026-09-08T17:40:06.109Z,178888920610900
"""rowan @ GthBpPSqaK"" folds",2026-09-08T17:40:02.505Z,178888920250500
"""1bulletonly @ xZS3GKnBtu"" raises to 3.00",2026-09-08T17:40:01.239Z,178888920123900
"""Rayan @ nhXZL_Cydv"" calls 0.50",2026-09-08T17:39:57.800Z,178888919780000
"""Binkputer @ 6D7s410Ucp"" folds",2026-09-08T17:39:56.762Z,178888919676200
"""Heech @ wzsls5Sz57"" calls 0.50",2026-09-08T17:39:55.928Z,178888919592800
"""rowan @ GthBpPSqaK"" posts a big blind of 0.50",2026-09-08T17:39:47.763Z,178888918776308
"""1bulletonly @ xZS3GKnBtu"" posts a small blind of 0.25",2026-09-08T17:39:47.763Z,178888918776307
"Player stacks: #1 ""rowan @ GthBpPSqaK"" (206.85) | #2 ""Heech @ wzsls5Sz57"" (46.90) | #7 ""Binkputer @ 6D7s410Ucp"" (141.29) | #8 ""Rayan @ nhXZL_Cydv"" (125.61) | #9 ""1bulletonly @ xZS3GKnBtu"" (19.11)",2026-09-08T17:39:47.763Z,178888918776301
"-- starting hand #82 (id: hcxases4vugj)  No Limit Texas Hold'em (dealer: ""Rayan @ nhXZL_Cydv"") --",2026-09-08T17:39:47.763Z,178888918776300
"""Binkputer @ 6D7s410Ucp"" shows a 7♥.",2026-09-08T17:39:43.286Z,178888918328600
"-- ending hand #81 --",2026-09-08T17:39:41.159Z,178888918115901
"""Binkputer @ 6D7s410Ucp"" collected 19.49 from pot",2026-09-08T17:39:41.159Z,178888918115900
"""rowan @ GthBpPSqaK"" folds",2026-09-08T17:39:40.331Z,178888918033100
"Turn: 8♣, 7♦, 9♥ [10♣]",2026-09-08T17:39:35.478Z,178888917547800
"""rowan @ GthBpPSqaK"" calls 4.87",2026-09-08T17:39:34.641Z,178888917464100
"""Binkputer @ 6D7s410Ucp"" bets 4.87",2026-09-08T17:39:30.463Z,178888917046300
"""rowan @ GthBpPSqaK"" checks",2026-09-08T17:39:27.490Z,178888916749000
"Flop:  [8♣, 7♦, 9♥]",2026-09-08T17:39:25.954Z,178888916595400
"""rowan @ GthBpPSqaK"" calls 4.50",2026-09-08T17:39:25.127Z,178888916512700
"""1bulletonly @ xZS3GKnBtu"" folds",2026-09-08T17:39:22.986Z,178888916298600
"""Rayan @ nhXZL_Cydv"" folds",2026-09-08T17:39:22.102Z,178888916210200
"""Binkputer @ 6D7s410Ucp"" raises to 4.50",2026-09-08T17:39:17.789Z,178888915778900
"""Heech @ wzsls5Sz57"" folds",2026-09-08T17:39:15.392Z,178888915539200
"""rowan @ GthBpPSqaK"" raises to 2.00",2026-09-08T17:39:13.938Z,178888915393800
"""1bulletonly @ xZS3GKnBtu"" posts a big blind of 0.50",2026-09-08T17:39:11.108Z,178888915110808
"""Rayan @ nhXZL_Cydv"" posts a small blind of 0.25",2026-09-08T17:39:11.108Z,178888915110807
"Player stacks: #1 ""rowan @ GthBpPSqaK"" (216.22) | #2 ""Heech @ wzsls5Sz57"" (46.90) | #7 ""Binkputer @ 6D7s410Ucp"" (131.17) | #8 ""Rayan @ nhXZL_Cydv"" (125.86) | #9 ""1bulletonly @ xZS3GKnBtu"" (19.61)",2026-09-08T17:39:11.108Z,178888915110801
"-- starting hand #81 (id: 3z6rjhkemwpl)  No Limit Texas Hold'em (dealer: ""Binkputer @ 6D7s410Ucp"") --",2026-09-08T17:39:11.108Z,178888915110800
"""Binkputer @ 6D7s410Ucp"" shows a 9♦.",2026-09-08T17:39:07.551Z,178888914755100
"""Rayan @ nhXZL_Cydv"" shows a 2♠, A♠.",2026-09-08T17:39:07.139Z,178888914713900
"-- ending hand #80 --",2026-09-08T17:39:06.790Z,178888914679002
"""rowan @ GthBpPSqaK"" collected 31.21 from pot",2026-09-08T17:39:06.790Z,178888914679001
"Uncalled bet of 12.60 returned to ""rowan @ GthBpPSqaK""",2026-09-08T17:39:06.790Z,178888914679000
"""Rayan @ nhXZL_Cydv"" folds",2026-09-08T17:39:05.934Z,178888914593400
"""rowan @ GthBpPSqaK"" bets 12.60",2026-09-08T17:38:46.428Z,178888912642800
"""Rayan @ nhXZL_Cydv"" checks",2026-09-08T17:38:37.515Z,178888911751500
"River: A♦, 7♦, 2♦, K♣ [10♦]",2026-09-08T17:38:36.452Z,178888911645200
"""Rayan @ nhXZL_Cydv"" calls 7.80",2026-09-08T17:38:35.621Z,178888911562100
"""rowan @ GthBpPSqaK"" bets 7.80",2026-09-08T17:38:33.038Z,178888911303800
"""Rayan @ nhXZL_Cydv"" checks",2026-09-08T17:38:30.130Z,178888911013000
"Turn: A♦, 7♦, 2♦ [K♣]",2026-09-08T17:38:28.817Z,178888910881700
"""Rayan @ nhXZL_Cydv"" calls 4.68",2026-09-08T17:38:28.009Z,178888910800900
"""rowan @ GthBpPSqaK"" bets 4.68",2026-09-08T17:38:24.927Z,178888910492700
"""1bulletonly @ xZS3GKnBtu"" folds",2026-09-08T17:38:22.209Z,178888910220900
"""Rayan @ nhXZL_Cydv"" checks",2026-09-08T17:38:21.289Z,178888910128900
"Flop:  [A♦, 7♦, 2♦]",2026-09-08T17:38:18.736Z,178888909873600
"""1bulletonly @ xZS3GKnBtu"" calls 2.00",2026-09-08T17:38:17.881Z,178888909788100
"""Rayan @ nhXZL_Cydv"" calls 2.00",2026-09-08T17:38:15.572Z,178888909557200
"""Binkputer @ 6D7s410Ucp"" folds",2026-09-08T17:38:02.925Z,178888908292500
"""Heech @ wzsls5Sz57"" folds",2026-09-08T17:38:01.916Z,178888908191600
"""rowan @ GthBpPSqaK"" raises to 2.00",2026-09-08T17:37:59.985Z,178888907998500
"""1bulletonly @ xZS3GKnBtu"" calls 0.50",2026-09-08T17:37:56.255Z,178888907625500
"""Rayan @ nhXZL_Cydv"" posts a big blind of 0.50",2026-09-08T17:37:54.358Z,178888907435808
"""Binkputer @ 6D7s410Ucp"" posts a small blind of 0.25",2026-09-08T17:37:54.358Z,178888907435807
"Player stacks: #1 ""rowan @ GthBpPSqaK"" (199.49) | #2 ""Heech @ wzsls5Sz57"" (46.90) | #7 ""Binkputer @ 6D7s410Ucp"" (131.42) | #8 ""Rayan @ nhXZL_Cydv"" (140.34) | #9 ""1bulletonly @ xZS3GKnBtu"" (21.61)",2026-09-08T17:37:54.358Z,178888907435801
"-- starting hand #80 (id: 2oh0mjq4irxi)  No Limit Texas Hold'em (dealer: ""Heech @ wzsls5Sz57"") --",2026-09-08T17:37:54.358Z,178888907435800
"""Binkputer @ 6D7s410Ucp"" shows a 4♦, 8♣.",2026-09-08T17:37:48.640Z,178888906864000
"-- ending hand #79 --",2026-09-08T17:37:47.750Z,178888906775002
"""rowan @ GthBpPSqaK"" collected 16.00 from pot",2026-09-08T17:37:47.750Z,178888906775001
"Uncalled bet of 8.00 returned to ""rowan @ GthBpPSqaK""",2026-09-08T17:37:47.750Z,178888906775000
"""Heech @ wzsls5Sz57"" folds",2026-09-08T17:37:46.933Z,178888906693300
"""rowan @ GthBpPSqaK"" bets 8.00",2026-09-08T17:37:38.876Z,178888905887600
"""Heech @ wzsls5Sz57"" checks",2026-09-08T17:37:35.610Z,178888905561000
"Turn: 6♠, 8♦, Q♦ [4♥]",2026-09-08T17:37:33.635Z,178888905363500
"""Rayan @ nhXZL_Cydv"" folds",2026-09-08T17:37:32.815Z,178888905281500
"""Heech @ wzsls5Sz57"" calls 4.00",2026-09-08T17:37:31.005Z,178888905100500
"""rowan @ GthBpPSqaK"" bets 4.00",2026-09-08T17:37:29.493Z,178888904949300
"""Rayan @ nhXZL_Cydv"" checks",2026-09-08T17:37:26.818Z,178888904681800
"""Heech @ wzsls5Sz57"" checks",2026-09-08T17:37:25.521Z,178888904552100
"Flop:  [6♠, 8♦, Q♦]",2026-09-08T17:37:22.648Z,178888904264800
"""Rayan @ nhXZL_Cydv"" calls 2.50",2026-09-08T17:37:21.782Z,178888904178200
"""Binkputer @ 6D7s410Ucp"" folds",2026-09-08T17:37:20.520Z,178888904052000
"""Heech @ wzsls5Sz57"" calls 2.50",2026-09-08T17:37:19.680Z,178888903968000
"""rowan @ GthBpPSqaK"" raises to 2.50",2026-09-08T17:37:17.755Z,178888903775500
"""1bulletonly @ xZS3GKnBtu"" folds",2026-09-08T17:37:15.168Z,178888903516800
"""Rayan @ nhXZL_Cydv"" calls 0.50",2026-09-08T17:37:14.197Z,178888903419700
"""Binkputer @ 6D7s410Ucp"" posts a big blind of 0.50",2026-09-08T17:37:12.091Z,178888903209108
"""Heech @ wzsls5Sz57"" posts a small blind of 0.25",2026-09-08T17:37:12.091Z,178888903209107
"Player stacks: #1 ""rowan @ GthBpPSqaK"" (189.99) | #2 ""Heech @ wzsls5Sz57"" (53.40) | #7 ""Binkputer @ 6D7s410Ucp"" (131.92) | #8 ""Rayan @ nhXZL_Cydv"" (142.84) | #9 ""1bulletonly @ xZS3GKnBtu"" (21.61)",2026-09-08T17:37:12.091Z,178888903209101
"-- starting hand #79 (id: yketdy7vl1cs)  No Limit Texas Hold'em (dealer: ""rowan @ GthBpPSqaK"") --",2026-09-08T17:37:12.091Z,178888903209100
"""rowan @ GthBpPSqaK"" shows a 8♦.",2026-09-08T17:37:09.403Z,178888902940300
"""rowan @ GthBpPSqaK"" shows a A♣.",2026-09-08T17:37:08.725Z,178888902872500
"-- ending hand #78 --",2026-09-08T17:37:05.526Z,178888902552604
"""Rayan @ nhXZL_Cydv"" collected 15.61 from pot with Pair, J's (combination: 9♣, K♥, A♦, J♦, J♠)",2026-09-08T17:37:05.526Z,178888902552603
"""Rayan @ nhXZL_Cydv"" shows a 9♣, J♦.",2026-09-08T17:37:05.526Z,178888902552602
"""Binkputer @ 6D7s410Ucp"" shows a J♣, 7♣.",2026-09-08T17:37:05.526Z,178888902552601
"""Heech @ wzsls5Sz57"" shows a 8♣, 8♥.",2026-09-08T17:37:05.526Z,178888902552600
"""Rayan @ nhXZL_Cydv"" checks",2026-09-08T17:37:04.702Z,178888902470200
"""Binkputer @ 6D7s410Ucp"" checks",2026-09-08T17:37:02.786Z,178888902278600
"""Heech @ wzsls5Sz57"" checks",2026-09-08T17:37:00.819Z,178888902081900
"River: 4♦, K♥, 6♦, J♠ [A♦]",2026-09-08T17:36:58.475Z,178888901847500
"""Heech @ wzsls5Sz57"" calls 3.12",2026-09-08T17:36:57.652Z,178888901765200
"""Rayan @ nhXZL_Cydv"" calls 3.12",2026-09-08T17:36:56.071Z,178888901607100
"""Binkputer @ 6D7s410Ucp"" bets 3.12",2026-09-08T17:36:53.720Z,178888901372000
"""Heech @ wzsls5Sz57"" checks",2026-09-08T17:36:51.091Z,178888901109100
"Turn: 4♦, K♥, 6♦ [J♠]",2026-09-08T17:36:48.090Z,178888900809000
"""Rayan @ nhXZL_Cydv"" checks",2026-09-08T17:36:47.272Z,178888900727200
"""Binkputer @ 6D7s410Ucp"" checks",2026-09-08T17:36:44.998Z,178888900499800
"""Heech @ wzsls5Sz57"" checks",2026-09-08T17:36:42.619Z,178888900261900
"Flop:  [4♦, K♥, 6♦]",2026-09-08T17:36:40.276Z,178888900027600
"""Heech @ wzsls5Sz57"" calls 2.00",2026-09-08T17:36:39.473Z,178888899947300
"""rowan @ GthBpPSqaK"" folds",2026-09-08T17:36:38.181Z,178888899818100
"""1bulletonly @ xZS3GKnBtu"" folds",2026-09-08T17:36:37.240Z,178888899724000
"""Rayan @ nhXZL_Cydv"" calls 2.00",2026-09-08T17:36:36.269Z,178888899626900
"""Binkputer @ 6D7s410Ucp"" raises to 2.00",2026-09-08T17:36:34.098Z,178888899409800
"""Heech @ wzsls5Sz57"" posts a big blind of 0.50",2026-09-08T17:36:31.019Z,178888899101908
"""rowan @ GthBpPSqaK"" posts a small blind of 0.25",2026-09-08T17:36:31.019Z,178888899101907
"Player stacks: #1 ""rowan @ GthBpPSqaK"" (190.24) | #2 ""Heech @ wzsls5Sz57"" (58.52) | #7 ""Binkputer @ 6D7s410Ucp"" (137.04) | #8 ""Rayan @ nhXZL_Cydv"" (132.35) | #9 ""1bulletonly @ xZS3GKnBtu"" (21.61)",2026-09-08T17:36:31.019Z,178888899101901
"-- starting hand #78 (id: h2a1ugn8ipp1)  No Limit Texas Hold'em (dead button) --",2026-09-08T17:36:31.019Z,178888899101900
"""Binkputer @ 6D7s410Ucp"" shows a Q♦.",2026-09-08T17:36:26.687Z,178888898668700
"""Heech @ wzsls5Sz57"" shows a 8♦, 9♥.",2026-09-08T17:36:25.590Z,178888898559000
"-- ending hand #77 --",2026-09-08T17:36:23.662Z,178888898366202
"""rowan @ GthBpPSqaK"" collected 18.00 from pot",2026-09-08T17:36:23.662Z,178888898366201
"Uncalled bet of 7.50 returned to ""rowan @ GthBpPSqaK""",2026-09-08T17:36:23.662Z,178888898366200
"""1bulletonly @ xZS3GKnBtu"" folds",2026-09-08T17:36:22.831Z,178888898283100
"""rowan @ GthBpPSqaK"" bets 7.50",2026-09-08T17:36:19.961Z,178888897996100
"Turn: A♦, 6♥, 3♣ [7♣]",2026-09-08T17:36:08.805Z,178888896880500
"""Heech @ wzsls5Sz57"" folds",2026-09-08T17:36:07.873Z,178888896787300
"""rowan @ GthBpPSqaK"" calls 4.50",2026-09-08T17:36:07.029Z,178888896702900
"""1bulletonly @ xZS3GKnBtu"" bets 4.50",2026-09-08T17:36:04.102Z,178888896410200
"""Heech @ wzsls5Sz57"" checks",2026-09-08T17:36:00.547Z,178888896054700
"""rowan @ GthBpPSqaK"" checks",2026-09-08T17:35:57.496Z,178888895749600
"Flop:  [A♦, 6♥, 3♣]",2026-09-08T17:35:56.054Z,178888895605400
"""Heech @ wzsls5Sz57"" calls 3.00",2026-09-08T17:35:55.192Z,178888895519200
"""rowan @ GthBpPSqaK"" calls 3.00",2026-09-08T17:35:49.626Z,178888894962600
"""1bulletonly @ xZS3GKnBtu"" raises to 3.00",2026-09-08T17:35:48.418Z,178888894841800
"""Rayan @ nhXZL_Cydv"" folds",2026-09-08T17:35:45.914Z,178888894591400
"""Binkputer @ 6D7s410Ucp"" folds",2026-09-08T17:35:39.803Z,178888893980300
"""Heech @ wzsls5Sz57"" calls 0.50",2026-09-08T17:35:38.944Z,178888893894400
"""rowan @ GthBpPSqaK"" posts a big blind of 0.50",2026-09-08T17:35:31.967Z,178888893196709
"Dead Small Blind",2026-09-08T17:35:31.967Z,178888893196708
"Player stacks: #1 ""rowan @ GthBpPSqaK"" (179.74) | #2 ""Heech @ wzsls5Sz57"" (61.52) | #7 ""Binkputer @ 6D7s410Ucp"" (137.04) | #8 ""Rayan @ nhXZL_Cydv"" (132.35) | #9 ""1bulletonly @ xZS3GKnBtu"" (29.11)",2026-09-08T17:35:31.967Z,178888893196702
"-- starting hand #77 (id: t7bs2xpsu9da)  No Limit Texas Hold'em (dealer: ""1bulletonly @ xZS3GKnBtu"") --",2026-09-08T17:35:31.967Z,178888893196701
"The player ""R Y A N @ GO72Iwd2XL"" stand up with the stack of 75.24.",2026-09-08T17:35:31.967Z,178888893196700
"-- ending hand #76 --",2026-09-08T17:35:25.954Z,178888892595401
"""Heech @ wzsls5Sz57"" collected 61.52 from pot with Flush, A High (combination: 6♠, 8♠, Q♠, K♠, A♠)",2026-09-08T17:35:25.954Z,178888892595400
"River: 6♠, K♠, 5♣, J♣ [Q♠]",2026-09-08T17:35:21.949Z,178888892194900
"Turn: 6♠, K♠, 5♣ [J♣]",2026-09-08T17:35:17.867Z,178888891786700
"""1bulletonly @ xZS3GKnBtu"" shows a 7♥, 2♣.",2026-09-08T17:35:13.842Z,178888891384202
"""Heech @ wzsls5Sz57"" shows a A♠, 8♠.",2026-09-08T17:35:13.842Z,178888891384201
"Uncalled bet of 29.11 returned to ""1bulletonly @ xZS3GKnBtu""",2026-09-08T17:35:13.842Z,178888891384200
"Some players choose to not run it twice.",2026-09-08T17:35:13.010Z,178888891301001
"""1bulletonly @ xZS3GKnBtu"" chooses to not run it twice.",2026-09-08T17:35:13.010Z,178888891301000
"""Heech @ wzsls5Sz57"" chooses to  run it twice.",2026-09-08T17:35:12.006Z,178888891200600
"Remaining players decide whether to run it twice.",2026-09-08T17:35:11.518Z,178888891151801
"""Heech @ wzsls5Sz57"" calls 25.01 and go all in",2026-09-08T17:35:11.518Z,178888891151800
"""1bulletonly @ xZS3GKnBtu"" bets 54.12 and go all in",2026-09-08T17:35:10.076Z,178888891007600
"Flop:  [6♠, K♠, 5♣]",2026-09-08T17:35:05.108Z,178888890510800
"""Heech @ wzsls5Sz57"" calls 5.50",2026-09-08T17:35:04.284Z,178888890428400
"""R Y A N @ GO72Iwd2XL"" folds",2026-09-08T17:35:00.976Z,178888890097600
"""1bulletonly @ xZS3GKnBtu"" raises to 5.50",2026-09-08T17:35:00.052Z,178888890005200
"""Rayan @ nhXZL_Cydv"" folds",2026-09-08T17:34:54.293Z,178888889429300
"""Binkputer @ 6D7s410Ucp"" folds",2026-09-08T17:34:50.502Z,178888889050200
"""Heech @ wzsls5Sz57"" raises to 1.50",2026-09-08T17:34:49.627Z,178888888962700
"""rowan @ GthBpPSqaK"" folds",2026-09-08T17:34:46.877Z,178888888687700
"""R Y A N @ GO72Iwd2XL"" posts a big blind of 0.50",2026-09-08T17:34:45.564Z,178888888556409
"""1bulletonly @ xZS3GKnBtu"" posts a small blind of 0.25",2026-09-08T17:34:45.564Z,178888888556408
"Player stacks: #1 ""rowan @ GthBpPSqaK"" (179.74) | #2 ""Heech @ wzsls5Sz57"" (30.51) | #7 ""Binkputer @ 6D7s410Ucp"" (137.04) | #8 ""Rayan @ nhXZL_Cydv"" (132.35) | #9 ""1bulletonly @ xZS3GKnBtu"" (59.62) | #10 ""R Y A N @ GO72Iwd2XL"" (75.74)",2026-09-08T17:34:45.564Z,178888888556401
"-- starting hand #76 (id: y7ja6ugeof4o)  No Limit Texas Hold'em (dealer: ""Rayan @ nhXZL_Cydv"") --",2026-09-08T17:34:45.564Z,178888888556400
"-- ending hand #75 --",2026-09-08T17:34:39.557Z,178888887955701
"""R Y A N @ GO72Iwd2XL"" collected 75.74 from pot with Straight, 6 High (combination: 2♦, 3♠, 4♠, 5♥, 6♦)",2026-09-08T17:34:39.557Z,178888887955700
"River: Q♦, 4♠, 2♦, 3♠ [6♦]",2026-09-08T17:34:35.486Z,178888887548600
"""R Y A N @ GO72Iwd2XL"" shows a 5♥, A♥.",2026-09-08T17:34:31.456Z,178888887145601
"""Rayan @ nhXZL_Cydv"" shows a Q♣, K♦.",2026-09-08T17:34:31.456Z,178888887145600
"Some players choose to not run it twice.",2026-09-08T17:34:30.649Z,178888887064901
"""R Y A N @ GO72Iwd2XL"" chooses to not run it twice.",2026-09-08T17:34:30.649Z,178888887064900
"""Rayan @ nhXZL_Cydv"" chooses to  run it twice.",2026-09-08T17:34:29.870Z,178888886987000
"Remaining players decide whether to run it twice.",2026-09-08T17:34:28.753Z,178888886875301
"""Rayan @ nhXZL_Cydv"" calls 25.37",2026-09-08T17:34:28.753Z,178888886875300
"""rowan @ GthBpPSqaK"" folds",2026-09-08T17:34:27.539Z,178888886753900
"""R Y A N @ GO72Iwd2XL"" raises to 25.37 and go all in",2026-09-08T17:34:26.592Z,178888886659200
"""Rayan @ nhXZL_Cydv"" bets 11.50",2026-09-08T17:34:21.537Z,178888886153700
"Turn: Q♦, 4♠, 2♦ [3♠]",2026-09-08T17:34:14.928Z,178888885492800
"""rowan @ GthBpPSqaK"" calls 5.00",2026-09-08T17:34:14.077Z,178888885407700
"""R Y A N @ GO72Iwd2XL"" calls 5.00",2026-09-08T17:34:12.762Z,178888885276200
"""1bulletonly @ xZS3GKnBtu"" folds",2026-09-08T17:34:11.503Z,178888885150300
"""Rayan @ nhXZL_Cydv"" bets 5.00",2026-09-08T17:34:10.054Z,178888885005400
"Flop:  [Q♦, 4♠, 2♦]",2026-09-08T17:34:05.735Z,178888884573500
"""1bulletonly @ xZS3GKnBtu"" calls 2.50",2026-09-08T17:34:04.922Z,178888884492200
"""Rayan @ nhXZL_Cydv"" calls 2.50",2026-09-08T17:34:03.951Z,178888884395100
"""Binkputer @ 6D7s410Ucp"" folds",2026-09-08T17:34:02.756Z,178888884275600
"""Heech @ wzsls5Sz57"" folds",2026-09-08T17:34:01.809Z,178888884180900
"""rowan @ GthBpPSqaK"" calls 2.50",2026-09-08T17:33:59.961Z,178888883996100
"""R Y A N @ GO72Iwd2XL"" raises to 2.50",2026-09-08T17:33:58.897Z,178888883889700
"""1bulletonly @ xZS3GKnBtu"" posts a big blind of 0.50",2026-09-08T17:33:55.280Z,178888883528009
"""Rayan @ nhXZL_Cydv"" posts a small blind of 0.25",2026-09-08T17:33:55.280Z,178888883528008
"Player stacks: #1 ""rowan @ GthBpPSqaK"" (187.24) | #2 ""Heech @ wzsls5Sz57"" (30.51) | #7 ""Binkputer @ 6D7s410Ucp"" (137.04) | #8 ""Rayan @ nhXZL_Cydv"" (165.22) | #9 ""1bulletonly @ xZS3GKnBtu"" (62.12) | #10 ""R Y A N @ GO72Iwd2XL"" (32.87)",2026-09-08T17:33:55.280Z,178888883528001
"-- starting hand #75 (id: vxmfh8yxtzpi)  No Limit Texas Hold'em (dealer: ""Binkputer @ 6D7s410Ucp"") --",2026-09-08T17:33:55.280Z,178888883528000
"""Heech @ wzsls5Sz57"" shows a 5♥, 3♥.",2026-09-08T17:33:49.831Z,178888882983100
"-- ending hand #74 --",2026-09-08T17:33:48.769Z,178888882876902
"""rowan @ GthBpPSqaK"" collected 8.00 from pot with Straight, 6 High (combination: 2♠, 3♣, 4♦, 5♦, 6♠)",2026-09-08T17:33:48.769Z,178888882876901
"""rowan @ GthBpPSqaK"" shows a 6♠, 8♥.",2026-09-08T17:33:48.769Z,178888882876900
"""Heech @ wzsls5Sz57"" checks",2026-09-08T17:33:47.907Z,178888882790700
"""rowan @ GthBpPSqaK"" checks",2026-09-08T17:33:46.901Z,178888882690100
"River: J♠, 5♦, 3♣, 4♦ [2♠]",2026-09-08T17:33:45.770Z,178888882577000
"""rowan @ GthBpPSqaK"" calls 2.00",2026-09-08T17:33:44.890Z,178888882489000
"""Heech @ wzsls5Sz57"" bets 2.00",2026-09-08T17:33:43.994Z,178888882399400
"""rowan @ GthBpPSqaK"" checks",2026-09-08T17:33:42.089Z,178888882208900
"Turn: J♠, 5♦, 3♣ [4♦]",2026-09-08T17:33:40.633Z,178888882063300
"""rowan @ GthBpPSqaK"" calls 1.00",2026-09-08T17:33:39.830Z,178888881983000
"""Rayan @ nhXZL_Cydv"" folds",2026-09-08T17:33:38.928Z,178888881892800
"""Binkputer @ 6D7s410Ucp"" folds",2026-09-08T17:33:37.982Z,178888881798200
"""Heech @ wzsls5Sz57"" bets 1.00",2026-09-08T17:33:36.215Z,178888881621500
"""rowan @ GthBpPSqaK"" checks",2026-09-08T17:33:34.017Z,178888881401700
"""Rayan @ nhXZL_Cydv"" checks",2026-09-08T17:33:33.128Z,178888881312800
"""Binkputer @ 6D7s410Ucp"" checks",2026-09-08T17:33:32.278Z,178888881227800
"Flop:  [J♠, 5♦, 3♣]",2026-09-08T17:33:30.572Z,178888881057200
"""Rayan @ nhXZL_Cydv"" checks",2026-09-08T17:33:29.701Z,178888880970100
"""Binkputer @ 6D7s410Ucp"" calls 0.50",2026-09-08T17:33:28.431Z,178888880843100
"""Heech @ wzsls5Sz57"" calls 0.50",2026-09-08T17:33:26.375Z,178888880637500
"""rowan @ GthBpPSqaK"" calls 0.50",2026-09-08T17:33:24.454Z,178888880445400
"""R Y A N @ GO72Iwd2XL"" folds",2026-09-08T17:33:22.913Z,178888880291300
"""1bulletonly @ xZS3GKnBtu"" folds",2026-09-08T17:33:21.170Z,178888880117000
"""Rayan @ nhXZL_Cydv"" posts a big blind of 0.50",2026-09-08T17:33:19.955Z,178888879995509
"""Binkputer @ 6D7s410Ucp"" posts a small blind of 0.25",2026-09-08T17:33:19.955Z,178888879995508
"Player stacks: #1 ""rowan @ GthBpPSqaK"" (182.74) | #2 ""Heech @ wzsls5Sz57"" (34.01) | #7 ""Binkputer @ 6D7s410Ucp"" (137.54) | #8 ""Rayan @ nhXZL_Cydv"" (165.72) | #9 ""1bulletonly @ xZS3GKnBtu"" (62.12) | #10 ""R Y A N @ GO72Iwd2XL"" (32.87)",2026-09-08T17:33:19.955Z,178888879995501
"-- starting hand #74 (id: sqmofjcfpqro)  No Limit Texas Hold'em (dead button) --",2026-09-08T17:33:19.955Z,178888879995500
"""Rayan @ nhXZL_Cydv"" shows a 9♠, 9♣.",2026-09-08T17:33:17.904Z,178888879790400
"""Binkputer @ 6D7s410Ucp"" shows a 7♦.",2026-09-08T17:33:16.709Z,178888879670900
"-- ending hand #73 --",2026-09-08T17:33:15.622Z,178888879562202
"""Rayan @ nhXZL_Cydv"" collected 50.00 from pot",2026-09-08T17:33:15.622Z,178888879562201
"Uncalled bet of 37.50 returned to ""Rayan @ nhXZL_Cydv""",2026-09-08T17:33:15.622Z,178888879562200
"""R Y A N @ GO72Iwd2XL"" folds",2026-09-08T17:33:14.796Z,178888879479600
"""Rayan @ nhXZL_Cydv"" bets 37.50",2026-09-08T17:32:51.722Z,178888877172200
"River: 7♣, 5♠, 9♦, 8♠ [3♣]",2026-09-08T17:32:47.681Z,178888876768100
"""Binkputer @ 6D7s410Ucp"" folds",2026-09-08T17:32:46.864Z,178888876686400
"""R Y A N @ GO72Iwd2XL"" calls 12.50",2026-09-08T17:32:45.882Z,178888876588200
"""Rayan @ nhXZL_Cydv"" bets 12.50",2026-09-08T17:32:43.298Z,178888876329800
"""Binkputer @ 6D7s410Ucp"" checks",2026-09-08T17:32:38.353Z,178888875835300
"Turn: 7♣, 5♠, 9♦ [8♠]",2026-09-08T17:32:36.966Z,178888875696600
"""Binkputer @ 6D7s410Ucp"" calls 5.00",2026-09-08T17:32:36.151Z,178888875615100
"""rowan @ GthBpPSqaK"" folds",2026-09-08T17:32:34.699Z,178888875469900
"""R Y A N @ GO72Iwd2XL"" calls 5.00",2026-09-08T17:32:33.831Z,178888875383100
"""Rayan @ nhXZL_Cydv"" bets 5.00",2026-09-08T17:32:31.463Z,178888875146300
"""Binkputer @ 6D7s410Ucp"" checks",2026-09-08T17:32:26.738Z,178888874673800
"Flop:  [7♣, 5♠, 9♦]",2026-09-08T17:32:25.253Z,178888874525300
"""R Y A N @ GO72Iwd2XL"" calls 2.50",2026-09-08T17:32:24.432Z,178888874443200
"""Rayan @ nhXZL_Cydv"" calls 2.50",2026-09-08T17:32:23.119Z,178888874311900
"""Binkputer @ 6D7s410Ucp"" calls 2.50",2026-09-08T17:32:20.806Z,178888874080600
"""Heech @ wzsls5Sz57"" folds",2026-09-08T17:32:19.336Z,178888873933600
"""rowan @ GthBpPSqaK"" raises to 2.50",2026-09-08T17:32:17.985Z,178888873798500
"""R Y A N @ GO72Iwd2XL"" calls 0.50",2026-09-08T17:32:13.177Z,178888873317700
"""1bulletonly @ xZS3GKnBtu"" folds",2026-09-08T17:32:10.557Z,178888873055700
"""Rayan @ nhXZL_Cydv"" calls 0.50",2026-09-08T17:32:09.540Z,178888872954000
"""Binkputer @ 6D7s410Ucp"" posts a big blind of 0.50",2026-09-08T17:32:08.272Z,178888872827210
"Dead Small Blind",2026-09-08T17:32:08.272Z,178888872827209
"Player stacks: #1 ""rowan @ GthBpPSqaK"" (185.24) | #2 ""Heech @ wzsls5Sz57"" (34.01) | #7 ""Binkputer @ 6D7s410Ucp"" (145.04) | #8 ""Rayan @ nhXZL_Cydv"" (135.72) | #9 ""1bulletonly @ xZS3GKnBtu"" (62.12) | #10 ""R Y A N @ GO72Iwd2XL"" (52.87)",2026-09-08T17:32:08.272Z,178888872827202
"-- starting hand #73 (id: ugt2vbyqd8rg)  No Limit Texas Hold'em (dealer: ""Heech @ wzsls5Sz57"") --",2026-09-08T17:32:08.272Z,178888872827201
"The player ""jahan 30 min @ SNbRa1Lx6Y"" quits the game with a stack of 0.00.",2026-09-08T17:32:08.272Z,178888872827200
"Asking to busted players the rebuy decision.",2026-09-08T17:32:07.256Z,178888872725600
"""Rayan @ nhXZL_Cydv"" shows a 6♣, 8♦.",2026-09-08T17:32:02.999Z,178888872299900
"""Heech @ wzsls5Sz57"" shows a K♠, 10♣.",2026-09-08T17:32:02.044Z,178888872204400
"-- ending hand #72 --",2026-09-08T17:32:00.231Z,178888872023103
"""rowan @ GthBpPSqaK"" collected 111.94 from pot with Two Pair, A's & 9's (combination: 8♣, 9♦, 9♠, A♦, A♠)",2026-09-08T17:32:00.231Z,178888872023102
"""rowan @ GthBpPSqaK"" shows a A♦, 9♦.",2026-09-08T17:32:00.231Z,178888872023101
"""jahan 30 min @ SNbRa1Lx6Y"" shows a A♥, 6♦.",2026-09-08T17:32:00.231Z,178888872023100
"""rowan @ GthBpPSqaK"" calls 25.97",2026-09-08T17:31:59.420Z,178888871942000
"""jahan 30 min @ SNbRa1Lx6Y"" bets 25.97 and go all in",2026-09-08T17:31:58.367Z,178888871836700
"River: 6♥, 8♣, A♠, 7♣ [9♠]",2026-09-08T17:31:55.809Z,178888871580900
"""rowan @ GthBpPSqaK"" calls 15.00",2026-09-08T17:31:54.978Z,178888871497800
"""Rayan @ nhXZL_Cydv"" folds",2026-09-08T17:31:54.082Z,178888871408200
"""jahan 30 min @ SNbRa1Lx6Y"" bets 15.00",2026-09-08T17:31:44.758Z,178888870475800
"Turn: 6♥, 8♣, A♠ [7♣]",2026-09-08T17:31:37.926Z,178888869792600
"""jahan 30 min @ SNbRa1Lx6Y"" calls 6.00",2026-09-08T17:31:37.064Z,178888869706400
"""Heech @ wzsls5Sz57"" folds",2026-09-08T17:31:35.161Z,178888869516100
"""rowan @ GthBpPSqaK"" calls 6.00",2026-09-08T17:31:33.522Z,178888869352200
"""Rayan @ nhXZL_Cydv"" bets 6.00",2026-09-08T17:31:32.530Z,178888869253000
"""jahan 30 min @ SNbRa1Lx6Y"" checks",2026-09-08T17:31:30.075Z,178888869007500
"""Heech @ wzsls5Sz57"" checks",2026-09-08T17:31:28.646Z,178888868864600
"Flop:  [6♥, 8♣, A♠]",2026-09-08T17:31:24.768Z,178888868476800
"""Rayan @ nhXZL_Cydv"" calls 3.00",2026-09-08T17:31:23.932Z,178888868393200
"""jahan 30 min @ SNbRa1Lx6Y"" calls 3.00",2026-09-08T17:31:17.042Z,178888867704200
"""Heech @ wzsls5Sz57"" calls 3.00",2026-09-08T17:31:13.162Z,178888867316200
"""rowan @ GthBpPSqaK"" raises to 3.00",2026-09-08T17:31:11.115Z,178888867111500
"""R Y A N @ GO72Iwd2XL"" folds",2026-09-08T17:31:06.950Z,178888866695000
"""1bulletonly @ xZS3GKnBtu"" folds",2026-09-08T17:30:52.684Z,178888865268400
"""Rayan @ nhXZL_Cydv"" calls 0.50",2026-09-08T17:30:51.703Z,178888865170300
"""Binkputer @ 6D7s410Ucp"" folds",2026-09-08T17:30:49.391Z,178888864939100
"""jahan 30 min @ SNbRa1Lx6Y"" posts a big blind of 0.50",2026-09-08T17:30:48.555Z,178888864855510
"""Heech @ wzsls5Sz57"" posts a small blind of 0.25",2026-09-08T17:30:48.555Z,178888864855509
"Player stacks: #1 ""rowan @ GthBpPSqaK"" (123.27) | #2 ""Heech @ wzsls5Sz57"" (37.01) | #3 ""jahan 30 min @ SNbRa1Lx6Y"" (49.97) | #7 ""Binkputer @ 6D7s410Ucp"" (145.04) | #8 ""Rayan @ nhXZL_Cydv"" (144.72) | #9 ""1bulletonly @ xZS3GKnBtu"" (62.12) | #10 ""R Y A N @ GO72Iwd2XL"" (52.87)",2026-09-08T17:30:48.555Z,178888864855501
"-- starting hand #72 (id: fh06vvy2ibmx)  No Limit Texas Hold'em (dealer: ""rowan @ GthBpPSqaK"") --",2026-09-08T17:30:48.555Z,178888864855500
"-- ending hand #71 --",2026-09-08T17:30:40.549Z,178888864054904
"""rowan @ GthBpPSqaK"" collected 10.50 from pot with Three of a Kind, 5's on the second board  (combination: J♥, Q♣, 5♠, 5♥, 5♣)",2026-09-08T17:30:40.549Z,178888864054903
"""Binkputer @ 6D7s410Ucp"" collected 10.50 from pot with Two Pair, A's & K's (combination: J♣, K♦, K♣, A♠, A♥)",2026-09-08T17:30:40.549Z,178888864054902
"""Binkputer @ 6D7s410Ucp"" shows a K♦, K♣.",2026-09-08T17:30:40.549Z,178888864054901
"""rowan @ GthBpPSqaK"" shows a 5♠, 5♥.",2026-09-08T17:30:40.549Z,178888864054900
"""Binkputer @ 6D7s410Ucp"" checks",2026-09-08T17:30:39.728Z,178888863972800
"""rowan @ GthBpPSqaK"" checks",2026-09-08T17:30:38.869Z,178888863886900
"River (second board): 5♣, J♥, Q♣, 7♠ [8♥]",2026-09-08T17:30:36.400Z,178888863640001
"River: 10♦, A♠, A♥, 9♠ [J♣]",2026-09-08T17:30:36.400Z,178888863640000
"""Binkputer @ 6D7s410Ucp"" checks",2026-09-08T17:30:35.580Z,178888863558000
"""rowan @ GthBpPSqaK"" checks",2026-09-08T17:30:33.940Z,178888863394000
"Turn (second board): 5♣, J♥, Q♣ [7♠]",2026-09-08T17:30:29.304Z,178888862930401
"Turn: 10♦, A♠, A♥ [9♠]",2026-09-08T17:30:29.304Z,178888862930400
"""R Y A N @ GO72Iwd2XL"" folds",2026-09-08T17:30:28.486Z,178888862848600
"""1bulletonly @ xZS3GKnBtu"" folds",2026-09-08T17:30:27.590Z,178888862759000
"""Rayan @ nhXZL_Cydv"" folds",2026-09-08T17:30:20.911Z,178888862091100
"""Binkputer @ 6D7s410Ucp"" calls 7.00",2026-09-08T17:30:20.037Z,178888862003700
"""jahan 30 min @ SNbRa1Lx6Y"" folds",2026-09-08T17:30:17.732Z,178888861773200
"""Heech @ wzsls5Sz57"" folds",2026-09-08T17:30:12.376Z,178888861237600
"""rowan @ GthBpPSqaK"" bets 7.00",2026-09-08T17:30:10.721Z,178888861072100
"Flop (second board):  [5♣, J♥, Q♣]",2026-09-08T17:30:06.619Z,178888860661901
"Flop:  [10♦, A♠, A♥]",2026-09-08T17:30:06.619Z,178888860661900
"""Heech @ wzsls5Sz57"" calls 1.00 (bomb pot bet)",2026-09-08T17:30:05.773Z,178888860577300
"""rowan @ GthBpPSqaK"" calls 1.00 (bomb pot bet)",2026-09-08T17:30:04.919Z,178888860491900
"""R Y A N @ GO72Iwd2XL"" calls 1.00 (bomb pot bet)",2026-09-08T17:30:04.086Z,178888860408600
"""1bulletonly @ xZS3GKnBtu"" calls 1.00 (bomb pot bet)",2026-09-08T17:30:03.250Z,178888860325000
"""Rayan @ nhXZL_Cydv"" calls 1.00 (bomb pot bet)",2026-09-08T17:30:02.397Z,178888860239700
"""Binkputer @ 6D7s410Ucp"" calls 1.00 (bomb pot bet)",2026-09-08T17:30:01.584Z,178888860158400
"""jahan 30 min @ SNbRa1Lx6Y"" posts a bet of 1.00 (bomb pot bet)",2026-09-08T17:30:00.710Z,178888860071000
"Player stacks: #1 ""rowan @ GthBpPSqaK"" (120.77) | #2 ""Heech @ wzsls5Sz57"" (38.01) | #3 ""jahan 30 min @ SNbRa1Lx6Y"" (50.97) | #7 ""Binkputer @ 6D7s410Ucp"" (142.54) | #8 ""Rayan @ nhXZL_Cydv"" (145.72) | #9 ""1bulletonly @ xZS3GKnBtu"" (63.12) | #10 ""R Y A N @ GO72Iwd2XL"" (53.87)",2026-09-08T17:29:58.691Z,178888859869101
"-- starting hand #71 (id: evkbfwlfi9wj)  No Limit Texas Hold'em (dealer: ""R Y A N @ GO72Iwd2XL"") --",2026-09-08T17:29:58.691Z,178888859869100
"-- ending hand #70 --",2026-09-08T17:29:52.659Z,178888859265902
"""rowan @ GthBpPSqaK"" collected 40.73 from pot with Three of a Kind, 5's (combination: 9♠, K♣, 5♦, 5♠, 5♥)",2026-09-08T17:29:52.659Z,178888859265901
"""rowan @ GthBpPSqaK"" shows a 2♦, 5♦.",2026-09-08T17:29:52.659Z,178888859265900
"""jahan 30 min @ SNbRa1Lx6Y"" checks",2026-09-08T17:29:51.749Z,178888859174900
"""rowan @ GthBpPSqaK"" checks",2026-09-08T17:29:48.302Z,178888858830200
"River: 5♠, 5♥, K♣, 6♥ [9♠]",2026-09-08T17:29:47.257Z,178888858725700
"""rowan @ GthBpPSqaK"" calls 10.18",2026-09-08T17:29:46.336Z,178888858633600
"""jahan 30 min @ SNbRa1Lx6Y"" bets 10.18",2026-09-08T17:29:44.127Z,178888858412700
"""rowan @ GthBpPSqaK"" checks",2026-09-08T17:29:40.299Z,178888858029900
"Turn: 5♠, 5♥, K♣ [6♥]",2026-09-08T17:29:39.119Z,178888857911900
"""rowan @ GthBpPSqaK"" calls 6.31",2026-09-08T17:29:38.290Z,178888857829000
"""1bulletonly @ xZS3GKnBtu"" folds",2026-09-08T17:29:37.381Z,178888857738100
"""jahan 30 min @ SNbRa1Lx6Y"" bets 6.31",2026-09-08T17:29:34.607Z,178888857460700
"""rowan @ GthBpPSqaK"" checks",2026-09-08T17:29:31.292Z,178888857129200
"Flop:  [5♠, 5♥, K♣]",2026-09-08T17:29:29.668Z,178888856966800
"""jahan 30 min @ SNbRa1Lx6Y"" calls 2.50",2026-09-08T17:29:28.822Z,178888856882200
"""rowan @ GthBpPSqaK"" calls 2.50",2026-09-08T17:29:26.114Z,178888856611400
"""R Y A N @ GO72Iwd2XL"" folds",2026-09-08T17:29:25.250Z,178888856525000
"""1bulletonly @ xZS3GKnBtu"" raises to 2.50",2026-09-08T17:29:09.931Z,178888854993100
"""Rayan @ nhXZL_Cydv"" folds",2026-09-08T17:29:04.512Z,178888854451200
"""Binkputer @ 6D7s410Ucp"" folds",2026-09-08T17:29:02.697Z,178888854269700
"""jahan 30 min @ SNbRa1Lx6Y"" calls 0.50",2026-09-08T17:29:01.682Z,178888854168200
"""Heech @ wzsls5Sz57"" folds",2026-09-08T17:28:56.605Z,178888853660500
"""rowan @ GthBpPSqaK"" posts a big blind of 0.50",2026-09-08T17:28:54.580Z,178888853458010
"""R Y A N @ GO72Iwd2XL"" posts a small blind of 0.25",2026-09-08T17:28:54.580Z,178888853458009
"Player stacks: #1 ""rowan @ GthBpPSqaK"" (99.03) | #2 ""Heech @ wzsls5Sz57"" (38.01) | #3 ""jahan 30 min @ SNbRa1Lx6Y"" (69.96) | #7 ""Binkputer @ 6D7s410Ucp"" (142.54) | #8 ""Rayan @ nhXZL_Cydv"" (145.72) | #9 ""1bulletonly @ xZS3GKnBtu"" (65.62) | #10 ""R Y A N @ GO72Iwd2XL"" (54.12)",2026-09-08T17:28:54.580Z,178888853458001
"-- starting hand #70 (id: s1z6lrkbndbf)  No Limit Texas Hold'em (dealer: ""1bulletonly @ xZS3GKnBtu"") --",2026-09-08T17:28:54.580Z,178888853458000
"-- ending hand #69 --",2026-09-08T17:28:48.560Z,178888852856002
"""Binkputer @ 6D7s410Ucp"" collected 6.49 from pot with Pair, A's (combination: 5♠, 6♣, 8♣, A♣, A♦)",2026-09-08T17:28:48.560Z,178888852856001
"""Binkputer @ 6D7s410Ucp"" shows a A♣, 5♠.",2026-09-08T17:28:48.560Z,178888852856000
"""jahan 30 min @ SNbRa1Lx6Y"" folds",2026-09-08T17:28:47.741Z,178888852774100
"""Heech @ wzsls5Sz57"" folds",2026-09-08T17:28:46.795Z,178888852679500
"""1bulletonly @ xZS3GKnBtu"" folds",2026-09-08T17:28:45.914Z,178888852591400
"""Rayan @ nhXZL_Cydv"" calls 1.62",2026-09-08T17:28:44.928Z,178888852492800
"""Binkputer @ 6D7s410Ucp"" bets 1.62",2026-09-08T17:28:38.759Z,178888851875900
"""jahan 30 min @ SNbRa1Lx6Y"" checks",2026-09-08T17:28:36.786Z,178888851678600
"""Heech @ wzsls5Sz57"" checks",2026-09-08T17:28:35.887Z,178888851588700
"""R Y A N @ GO72Iwd2XL"" folds",2026-09-08T17:28:33.168Z,178888851316800
"""1bulletonly @ xZS3GKnBtu"" checks",2026-09-08T17:28:30.560Z,178888851056000
"River: 8♣, 6♣, 3♦, 4♠ [A♦]",2026-09-08T17:28:10.612Z,178888849061200
"""Rayan @ nhXZL_Cydv"" checks",2026-09-08T17:28:09.795Z,178888848979500
"""Binkputer @ 6D7s410Ucp"" checks",2026-09-08T17:28:08.426Z,178888848842600
"""jahan 30 min @ SNbRa1Lx6Y"" checks",2026-09-08T17:28:05.880Z,178888848588000
"""Heech @ wzsls5Sz57"" checks",2026-09-08T17:28:04.911Z,178888848491100
"""R Y A N @ GO72Iwd2XL"" checks",2026-09-08T17:28:00.642Z,178888848064201
"The admin ""rowan @ GthBpPSqaK"" forced the player ""R Y A N @ GO72Iwd2XL"" to away mode in the next hand.",2026-09-08T17:28:00.642Z,178888848064200
"""1bulletonly @ xZS3GKnBtu"" checks",2026-09-08T17:27:54.506Z,178888847450600
"Turn: 8♣, 6♣, 3♦ [4♠]",2026-09-08T17:27:38.757Z,178888845875700
"""Rayan @ nhXZL_Cydv"" checks",2026-09-08T17:27:37.948Z,178888845794800
"""Binkputer @ 6D7s410Ucp"" checks",2026-09-08T17:27:36.762Z,178888845676200
"""jahan 30 min @ SNbRa1Lx6Y"" checks",2026-09-08T17:27:35.089Z,178888845508900
"""Heech @ wzsls5Sz57"" checks",2026-09-08T17:27:34.184Z,178888845418400
"""R Y A N @ GO72Iwd2XL"" checks",2026-09-08T17:27:33.309Z,178888845330900
"""1bulletonly @ xZS3GKnBtu"" checks",2026-09-08T17:27:12.462Z,178888843246200
"Flop:  [8♣, 6♣, 3♦]",2026-09-08T17:27:09.040Z,178888842904000
"""R Y A N @ GO72Iwd2XL"" checks",2026-09-08T17:27:08.236Z,178888842823600
"""1bulletonly @ xZS3GKnBtu"" calls 0.50",2026-09-08T17:26:46.299Z,178888840629900
"""Rayan @ nhXZL_Cydv"" calls 0.50",2026-09-08T17:26:43.195Z,178888840319500
"""Binkputer @ 6D7s410Ucp"" checks",2026-09-08T17:26:41.902Z,178888840190200
"""jahan 30 min @ SNbRa1Lx6Y"" calls 0.50",2026-09-08T17:26:41.008Z,178888840100800
"""Heech @ wzsls5Sz57"" calls 0.50",2026-09-08T17:26:36.930Z,178888839693000
"""rowan @ GthBpPSqaK"" folds",2026-09-08T17:26:31.447Z,178888839144700
"""Binkputer @ 6D7s410Ucp"" posts a missed big blind of 0.50",2026-09-08T17:26:29.659Z,178888838965913
"""Binkputer @ 6D7s410Ucp"" posts a missing small blind of 0.25",2026-09-08T17:26:29.659Z,178888838965912
"""R Y A N @ GO72Iwd2XL"" posts a big blind of 0.50",2026-09-08T17:26:29.659Z,178888838965911
"""1bulletonly @ xZS3GKnBtu"" posts a small blind of 0.25",2026-09-08T17:26:29.659Z,178888838965910
"Player stacks: #1 ""rowan @ GthBpPSqaK"" (99.03) | #2 ""Heech @ wzsls5Sz57"" (38.51) | #3 ""jahan 30 min @ SNbRa1Lx6Y"" (70.46) | #7 ""Binkputer @ 6D7s410Ucp"" (138.42) | #8 ""Rayan @ nhXZL_Cydv"" (147.84) | #9 ""1bulletonly @ xZS3GKnBtu"" (66.12) | #10 ""R Y A N @ GO72Iwd2XL"" (54.62)",2026-09-08T17:26:29.659Z,178888838965902
"-- starting hand #69 (id: sjmpyg7ffzet)  No Limit Texas Hold'em (dealer: ""Rayan @ nhXZL_Cydv"") --",2026-09-08T17:26:29.659Z,178888838965901
"The player ""Binkputer @ 6D7s410Ucp"" joined the game with a stack of 138.42.",2026-09-08T17:26:29.659Z,178888838965900
"""1bulletonly @ xZS3GKnBtu"" collected 5.00 from the 7-2 bounty",2026-09-08T17:26:26.752Z,178888838675205
"""R Y A N @ GO72Iwd2XL"" paid 1.00 for the 7-2 bounty to ""1bulletonly @ xZS3GKnBtu""",2026-09-08T17:26:26.752Z,178888838675204
"""Rayan @ nhXZL_Cydv"" paid 1.00 for the 7-2 bounty to ""1bulletonly @ xZS3GKnBtu""",2026-09-08T17:26:26.752Z,178888838675203
"""jahan 30 min @ SNbRa1Lx6Y"" paid 1.00 for the 7-2 bounty to ""1bulletonly @ xZS3GKnBtu""",2026-09-08T17:26:26.752Z,178888838675202
"""Heech @ wzsls5Sz57"" paid 1.00 for the 7-2 bounty to ""1bulletonly @ xZS3GKnBtu""",2026-09-08T17:26:26.752Z,178888838675201
"""rowan @ GthBpPSqaK"" paid 1.00 for the 7-2 bounty to ""1bulletonly @ xZS3GKnBtu""",2026-09-08T17:26:26.752Z,178888838675200
"""Heech @ wzsls5Sz57"" shows a 7♣, 4♦.",2026-09-08T17:26:22.789Z,178888838278900
"""1bulletonly @ xZS3GKnBtu"" shows a 2♥, 7♠.",2026-09-08T17:26:22.424Z,178888838242400
"""rowan @ GthBpPSqaK"" shows a 8♥.",2026-09-08T17:26:22.007Z,178888838200700
"-- ending hand #68 --",2026-09-08T17:26:18.742Z,178888837874202
"""1bulletonly @ xZS3GKnBtu"" collected 21.24 from pot",2026-09-08T17:26:18.742Z,178888837874201
"Uncalled bet of 10.62 returned to ""1bulletonly @ xZS3GKnBtu""",2026-09-08T17:26:18.742Z,178888837874200
"""jahan 30 min @ SNbRa1Lx6Y"" folds",2026-09-08T17:26:17.931Z,178888837793100
"""1bulletonly @ xZS3GKnBtu"" bets 10.62",2026-09-08T17:26:14.320Z,178888837432000
"Turn: 7♦, 4♥, K♣ [8♦]",2026-09-08T17:26:08.263Z,178888836826300
"""jahan 30 min @ SNbRa1Lx6Y"" calls 6.37",2026-09-08T17:26:07.450Z,178888836745000
"""rowan @ GthBpPSqaK"" folds",2026-09-08T17:26:05.080Z,178888836508000
"""1bulletonly @ xZS3GKnBtu"" bets 6.37",2026-09-08T17:26:03.465Z,178888836346500
"Flop:  [7♦, 4♥, K♣]",2026-09-08T17:25:59.044Z,178888835904400
"""jahan 30 min @ SNbRa1Lx6Y"" calls 2.75",2026-09-08T17:25:58.195Z,178888835819500
"""rowan @ GthBpPSqaK"" calls 2.75",2026-09-08T17:25:57.018Z,178888835701800
"""1bulletonly @ xZS3GKnBtu"" raises to 2.75",2026-09-08T17:25:56.125Z,178888835612500
"""Rayan @ nhXZL_Cydv"" folds",2026-09-08T17:25:52.426Z,178888835242600
"""jahan 30 min @ SNbRa1Lx6Y"" calls 0.50",2026-09-08T17:25:51.576Z,178888835157600
"""Heech @ wzsls5Sz57"" folds",2026-09-08T17:25:50.165Z,178888835016500
"""rowan @ GthBpPSqaK"" calls 0.50",2026-09-08T17:25:49.310Z,178888834931000
"""R Y A N @ GO72Iwd2XL"" folds",2026-09-08T17:25:47.225Z,178888834722500
"The player ""Binkputer @ 6D7s410Ucp"" sit back with the stack of 138.42.",2026-09-08T17:25:20.568Z,178888832056800
"""1bulletonly @ xZS3GKnBtu"" posts a big blind of 0.50",2026-09-08T17:25:17.185Z,178888831718509
"""Rayan @ nhXZL_Cydv"" posts a small blind of 0.25",2026-09-08T17:25:17.185Z,178888831718508
"Player stacks: #1 ""rowan @ GthBpPSqaK"" (102.78) | #2 ""Heech @ wzsls5Sz57"" (39.51) | #3 ""jahan 30 min @ SNbRa1Lx6Y"" (80.58) | #8 ""Rayan @ nhXZL_Cydv"" (149.09) | #9 ""1bulletonly @ xZS3GKnBtu"" (49.00) | #10 ""R Y A N @ GO72Iwd2XL"" (55.62)",2026-09-08T17:25:17.185Z,178888831718501
"-- starting hand #68 (id: 3m7jqsv2yhcj)  No Limit Texas Hold'em (dealer: ""jahan 30 min @ SNbRa1Lx6Y"") --",2026-09-08T17:25:17.185Z,178888831718500
"""Rayan @ nhXZL_Cydv"" shows a 2♥, 8♦.",2026-09-08T17:25:11.441Z,178888831144100
"-- ending hand #67 --",2026-09-08T17:25:10.652Z,178888831065202
"""jahan 30 min @ SNbRa1Lx6Y"" collected 1.00 from pot with Pair, 4's (combination: 9♥, K♥, A♠, 4♥, 4♠)",2026-09-08T17:25:10.652Z,178888831065201
"""jahan 30 min @ SNbRa1Lx6Y"" shows a K♥, 4♥.",2026-09-08T17:25:10.652Z,178888831065200
"""Rayan @ nhXZL_Cydv"" checks",2026-09-08T17:25:09.809Z,178888830980900
"""jahan 30 min @ SNbRa1Lx6Y"" checks",2026-09-08T17:25:08.958Z,178888830895800
"River: 9♥, 4♠, 7♣, A♠ [3♦]",2026-09-08T17:25:08.091Z,178888830809100
"""Rayan @ nhXZL_Cydv"" checks",2026-09-08T17:25:07.250Z,178888830725000
"""jahan 30 min @ SNbRa1Lx6Y"" checks",2026-09-08T17:25:06.231Z,178888830623100
"Turn: 9♥, 4♠, 7♣ [A♠]",2026-09-08T17:25:05.341Z,178888830534100
"""Rayan @ nhXZL_Cydv"" checks",2026-09-08T17:25:04.528Z,178888830452800
"""jahan 30 min @ SNbRa1Lx6Y"" checks",2026-09-08T17:25:03.536Z,178888830353600
"Flop:  [9♥, 4♠, 7♣]",2026-09-08T17:25:01.211Z,178888830121100
"""Rayan @ nhXZL_Cydv"" checks",2026-09-08T17:25:00.392Z,178888830039200
"""jahan 30 min @ SNbRa1Lx6Y"" calls 0.50",2026-09-08T17:24:58.681Z,178888829868100
"""Heech @ wzsls5Sz57"" folds",2026-09-08T17:24:57.355Z,178888829735500
"""rowan @ GthBpPSqaK"" folds",2026-09-08T17:24:55.825Z,178888829582500
"""R Y A N @ GO72Iwd2XL"" folds",2026-09-08T17:24:54.971Z,178888829497100
"""1bulletonly @ xZS3GKnBtu"" folds",2026-09-08T17:24:54.040Z,178888829404000
"""Rayan @ nhXZL_Cydv"" posts a big blind of 0.50",2026-09-08T17:24:52.818Z,178888829281809
"""jahan 30 min @ SNbRa1Lx6Y"" posts a small blind of 0.25",2026-09-08T17:24:52.818Z,178888829281808
"Player stacks: #1 ""rowan @ GthBpPSqaK"" (102.78) | #2 ""Heech @ wzsls5Sz57"" (39.51) | #3 ""jahan 30 min @ SNbRa1Lx6Y"" (80.08) | #8 ""Rayan @ nhXZL_Cydv"" (149.59) | #9 ""1bulletonly @ xZS3GKnBtu"" (49.00) | #10 ""R Y A N @ GO72Iwd2XL"" (55.62)",2026-09-08T17:24:52.818Z,178888829281801
"-- starting hand #67 (id: yigpgtq5ehux)  No Limit Texas Hold'em (dealer: ""Heech @ wzsls5Sz57"") --",2026-09-08T17:24:52.818Z,178888829281800
"-- ending hand #66 --",2026-09-08T17:24:46.783Z,178888828678302
"""jahan 30 min @ SNbRa1Lx6Y"" collected 45.00 from pot with Straight, J High (combination: 7♦, 8♣, 9♦, 10♣, J♠)",2026-09-08T17:24:46.783Z,178888828678301
"""jahan 30 min @ SNbRa1Lx6Y"" shows a 9♦, 10♣.",2026-09-08T17:24:46.783Z,178888828678300
"""Heech @ wzsls5Sz57"" calls 19.50",2026-09-08T17:24:45.918Z,178888828591800
"""1bulletonly @ xZS3GKnBtu"" folds",2026-09-08T17:24:44.491Z,178888828449100
"""jahan 30 min @ SNbRa1Lx6Y"" raises to 19.50",2026-09-08T17:24:43.483Z,178888828348300
"""Heech @ wzsls5Sz57"" bets 6.00",2026-09-08T17:24:38.649Z,178888827864900
"River: 8♣, J♦, J♠, 4♥ [7♦]",2026-09-08T17:24:35.375Z,178888827537500
"""1bulletonly @ xZS3GKnBtu"" calls 1.50",2026-09-08T17:24:34.561Z,178888827456100
"""jahan 30 min @ SNbRa1Lx6Y"" calls 1.50",2026-09-08T17:24:33.513Z,178888827351300
"""Heech @ wzsls5Sz57"" bets 1.50",2026-09-08T17:24:32.103Z,178888827210300
"Turn: 8♣, J♦, J♠ [4♥]",2026-09-08T17:24:28.570Z,178888826857000
"""1bulletonly @ xZS3GKnBtu"" checks",2026-09-08T17:24:27.734Z,178888826773400
"""jahan 30 min @ SNbRa1Lx6Y"" checks",2026-09-08T17:24:21.848Z,178888826184800
"""Heech @ wzsls5Sz57"" checks",2026-09-08T17:24:20.339Z,178888826033900
"Flop:  [8♣, J♦, J♠]",2026-09-08T17:24:18.258Z,178888825825800
"""jahan 30 min @ SNbRa1Lx6Y"" checks",2026-09-08T17:24:17.415Z,178888825741500
"""Heech @ wzsls5Sz57"" calls 0.50",2026-09-08T17:24:14.112Z,178888825411200
"""rowan @ GthBpPSqaK"" folds",2026-09-08T17:24:12.608Z,178888825260800
"""R Y A N @ GO72Iwd2XL"" folds",2026-09-08T17:24:11.756Z,178888825175600
"""1bulletonly @ xZS3GKnBtu"" calls 0.50",2026-09-08T17:24:10.837Z,178888825083700
"""Rayan @ nhXZL_Cydv"" folds",2026-09-08T17:24:07.896Z,178888824789600
"""jahan 30 min @ SNbRa1Lx6Y"" posts a big blind of 0.50",2026-09-08T17:24:06.354Z,178888824635409
"""Heech @ wzsls5Sz57"" posts a small blind of 0.25",2026-09-08T17:24:06.354Z,178888824635408
"Player stacks: #1 ""rowan @ GthBpPSqaK"" (102.78) | #2 ""Heech @ wzsls5Sz57"" (61.01) | #3 ""jahan 30 min @ SNbRa1Lx6Y"" (56.58) | #8 ""Rayan @ nhXZL_Cydv"" (149.59) | #9 ""1bulletonly @ xZS3GKnBtu"" (51.00) | #10 ""R Y A N @ GO72Iwd2XL"" (55.62)",2026-09-08T17:24:06.354Z,178888824635401
"-- starting hand #66 (id: krvbkkicoyg6)  No Limit Texas Hold'em (dealer: ""rowan @ GthBpPSqaK"") --",2026-09-08T17:24:06.354Z,178888824635400
"-- ending hand #65 --",2026-09-08T17:24:00.436Z,178888824043602
"""1bulletonly @ xZS3GKnBtu"" collected 2.00 from pot",2026-09-08T17:24:00.436Z,178888824043601
"Uncalled bet of 2.00 returned to ""1bulletonly @ xZS3GKnBtu""",2026-09-08T17:24:00.436Z,178888824043600
"""Rayan @ nhXZL_Cydv"" folds",2026-09-08T17:23:59.588Z,178888823958800
"""Heech @ wzsls5Sz57"" folds",2026-09-08T17:23:58.593Z,178888823859300
"""rowan @ GthBpPSqaK"" folds",2026-09-08T17:23:57.385Z,178888823738500
"""1bulletonly @ xZS3GKnBtu"" bets 2.00",2026-09-08T17:23:56.282Z,178888823628200
"""Rayan @ nhXZL_Cydv"" checks",2026-09-08T17:23:52.819Z,178888823281900
"""Heech @ wzsls5Sz57"" checks",2026-09-08T17:23:51.569Z,178888823156900
"""rowan @ GthBpPSqaK"" checks",2026-09-08T17:23:50.444Z,178888823044400
"Flop:  [J♥, 5♦, 2♠]",2026-09-08T17:23:48.878Z,178888822887800
"""Heech @ wzsls5Sz57"" checks",2026-09-08T17:23:48.015Z,178888822801500
"""rowan @ GthBpPSqaK"" calls 0.50",2026-09-08T17:23:45.538Z,178888822553800
"""R Y A N @ GO72Iwd2XL"" folds",2026-09-08T17:23:44.693Z,178888822469300
"""1bulletonly @ xZS3GKnBtu"" calls 0.50",2026-09-08T17:23:40.604Z,178888822060400
"""Rayan @ nhXZL_Cydv"" calls 0.50",2026-09-08T17:23:39.111Z,178888821911100
"""jahan 30 min @ SNbRa1Lx6Y"" folds",2026-09-08T17:23:37.271Z,178888821727100
"""Heech @ wzsls5Sz57"" posts a big blind of 0.50",2026-09-08T17:23:35.986Z,178888821598609
"""rowan @ GthBpPSqaK"" posts a small blind of 0.25",2026-09-08T17:23:35.986Z,178888821598608
"Player stacks: #1 ""rowan @ GthBpPSqaK"" (103.28) | #2 ""Heech @ wzsls5Sz57"" (61.51) | #3 ""jahan 30 min @ SNbRa1Lx6Y"" (56.58) | #8 ""Rayan @ nhXZL_Cydv"" (150.09) | #9 ""1bulletonly @ xZS3GKnBtu"" (49.50) | #10 ""R Y A N @ GO72Iwd2XL"" (55.62)",2026-09-08T17:23:35.986Z,178888821598601
"-- starting hand #65 (id: 7n819poy7fjr)  No Limit Texas Hold'em (dealer: ""R Y A N @ GO72Iwd2XL"") --",2026-09-08T17:23:35.986Z,178888821598600
"""rowan @ GthBpPSqaK"" shows a 8♦, 7♥.",2026-09-08T17:23:31.172Z,178888821117200
"-- ending hand #64 --",2026-09-08T17:23:29.382Z,178888820938202
"""rowan @ GthBpPSqaK"" collected 2.75 from pot",2026-09-08T17:23:29.382Z,178888820938201
"Uncalled bet of 0.50 returned to ""rowan @ GthBpPSqaK""",2026-09-08T17:23:29.382Z,178888820938200
"""jahan 30 min @ SNbRa1Lx6Y"" folds",2026-09-08T17:23:28.567Z,178888820856700
"""rowan @ GthBpPSqaK"" bets 0.50",2026-09-08T17:23:26.991Z,178888820699100
"Turn: 7♠, K♣, K♥ [8♣]",2026-09-08T17:23:24.250Z,178888820425000
"""Rayan @ nhXZL_Cydv"" folds",2026-09-08T17:23:23.399Z,178888820339900
"""jahan 30 min @ SNbRa1Lx6Y"" calls 0.50",2026-09-08T17:23:21.538Z,178888820153800
"""rowan @ GthBpPSqaK"" bets 0.50",2026-09-08T17:23:12.935Z,178888819293500
"Flop:  [7♠, K♣, K♥]",2026-09-08T17:23:11.420Z,178888819142000
"""rowan @ GthBpPSqaK"" checks",2026-09-08T17:23:10.587Z,178888819058700
"""R Y A N @ GO72Iwd2XL"" folds",2026-09-08T17:23:06.220Z,178888818622000
"""1bulletonly @ xZS3GKnBtu"" folds",2026-09-08T17:23:05.292Z,178888818529200
"""Rayan @ nhXZL_Cydv"" calls 0.50",2026-09-08T17:23:04.330Z,178888818433000
"""jahan 30 min @ SNbRa1Lx6Y"" calls 0.50",2026-09-08T17:22:56.725Z,178888817672500
"""Heech @ wzsls5Sz57"" folds",2026-09-08T17:22:53.598Z,178888817359800
"""rowan @ GthBpPSqaK"" posts a big blind of 0.50",2026-09-08T17:22:51.801Z,178888817180110
"""R Y A N @ GO72Iwd2XL"" posts a small blind of 0.25",2026-09-08T17:22:51.801Z,178888817180109
"Player stacks: #1 ""rowan @ GthBpPSqaK"" (101.53) | #2 ""Heech @ wzsls5Sz57"" (61.51) | #3 ""jahan 30 min @ SNbRa1Lx6Y"" (57.58) | #8 ""Rayan @ nhXZL_Cydv"" (150.59) | #9 ""1bulletonly @ xZS3GKnBtu"" (49.50) | #10 ""R Y A N @ GO72Iwd2XL"" (55.87)",2026-09-08T17:22:51.801Z,178888817180102
"-- starting hand #64 (id: qzikgpg70e3r)  No Limit Texas Hold'em (dealer: ""1bulletonly @ xZS3GKnBtu"") --",2026-09-08T17:22:51.801Z,178888817180101
"The player ""Binkputer @ 6D7s410Ucp"" stand up with the stack of 138.42.",2026-09-08T17:22:51.801Z,178888817180100
"-- ending hand #63 --",2026-09-08T17:22:45.789Z,178888816578903
"""jahan 30 min @ SNbRa1Lx6Y"" collected 20.25 from pot with A High (combination: 8♥, 10♦, J♠, K♠, A♦)",2026-09-08T17:22:45.789Z,178888816578902
"""jahan 30 min @ SNbRa1Lx6Y"" shows a A♦, 8♥.",2026-09-08T17:22:45.789Z,178888816578901
"""Heech @ wzsls5Sz57"" shows a Q♦, 6♦.",2026-09-08T17:22:45.789Z,178888816578900
"""jahan 30 min @ SNbRa1Lx6Y"" checks",2026-09-08T17:22:44.983Z,178888816498300
"""Heech @ wzsls5Sz57"" checks",2026-09-08T17:22:44.082Z,178888816408200
"""1bulletonly @ xZS3GKnBtu"" folds",2026-09-08T17:22:40.936Z,178888816093600
"River: K♠, 10♦, J♠, 5♣ [3♣]",2026-09-08T17:22:37.242Z,178888815724200
"""1bulletonly @ xZS3GKnBtu"" calls 3.50",2026-09-08T17:22:36.430Z,178888815643000
"""jahan 30 min @ SNbRa1Lx6Y"" calls 3.50",2026-09-08T17:22:34.772Z,178888815477200
"""Heech @ wzsls5Sz57"" bets 3.50",2026-09-08T17:22:30.752Z,178888815075200
"""1bulletonly @ xZS3GKnBtu"" checks",2026-09-08T17:22:22.090Z,178888814209000
"Turn: K♠, 10♦, J♠ [5♣]",2026-09-08T17:22:18.271Z,178888813827100
"""rowan @ GthBpPSqaK"" folds",2026-09-08T17:22:17.397Z,178888813739700
"""R Y A N @ GO72Iwd2XL"" folds",2026-09-08T17:22:14.817Z,178888813481700
"""1bulletonly @ xZS3GKnBtu"" calls 2.25",2026-09-08T17:22:13.823Z,178888813382300
"""Rayan @ nhXZL_Cydv"" folds",2026-09-08T17:22:07.201Z,178888812720100
"""jahan 30 min @ SNbRa1Lx6Y"" calls 2.25",2026-09-08T17:22:06.151Z,178888812615100
"""Heech @ wzsls5Sz57"" bets 2.25",2026-09-08T17:22:04.536Z,178888812453600
"""rowan @ GthBpPSqaK"" checks",2026-09-08T17:21:59.647Z,178888811964700
"""R Y A N @ GO72Iwd2XL"" checks",2026-09-08T17:21:58.789Z,178888811878900
"""1bulletonly @ xZS3GKnBtu"" checks",2026-09-08T17:21:56.700Z,178888811670000
"Flop:  [K♠, 10♦, J♠]",2026-09-08T17:21:54.954Z,178888811495400
"""R Y A N @ GO72Iwd2XL"" checks",2026-09-08T17:21:54.094Z,178888811409400
"""1bulletonly @ xZS3GKnBtu"" calls 0.50",2026-09-08T17:21:40.850Z,178888810085000
"""Rayan @ nhXZL_Cydv"" calls 0.50",2026-09-08T17:21:39.635Z,178888809963500
"""Binkputer @ 6D7s410Ucp"" folds",2026-09-08T17:21:37.920Z,178888809792000
"""jahan 30 min @ SNbRa1Lx6Y"" calls 0.50",2026-09-08T17:21:37.026Z,178888809702600
"""Heech @ wzsls5Sz57"" calls 0.50",2026-09-08T17:21:35.930Z,178888809593000
"""rowan @ GthBpPSqaK"" calls 0.50",2026-09-08T17:21:31.271Z,178888809127100
"""R Y A N @ GO72Iwd2XL"" posts a big blind of 0.50",2026-09-08T17:21:29.339Z,178888808933910
"""1bulletonly @ xZS3GKnBtu"" posts a small blind of 0.25",2026-09-08T17:21:29.339Z,178888808933909
"Player stacks: #1 ""rowan @ GthBpPSqaK"" (102.03) | #2 ""Heech @ wzsls5Sz57"" (67.76) | #3 ""jahan 30 min @ SNbRa1Lx6Y"" (43.58) | #7 ""Binkputer @ 6D7s410Ucp"" (138.42) | #8 ""Rayan @ nhXZL_Cydv"" (151.09) | #9 ""1bulletonly @ xZS3GKnBtu"" (55.75) | #10 ""R Y A N @ GO72Iwd2XL"" (56.37)",2026-09-08T17:21:29.339Z,178888808933901
"-- starting hand #63 (id: 7y66dsrkk5o3)  No Limit Texas Hold'em (dealer: ""Rayan @ nhXZL_Cydv"") --",2026-09-08T17:21:29.339Z,178888808933900
"""Binkputer @ 6D7s410Ucp"" shows a Q♣, 6♦.",2026-09-08T17:21:24.278Z,178888808427800
"-- ending hand #62 --",2026-09-08T17:21:22.786Z,178888808278603
"""R Y A N @ GO72Iwd2XL"" collected 12.49 from pot with Two Pair, J's & 4's (combination: Q♠, 4♠, 4♣, J♥, J♠)",2026-09-08T17:21:22.786Z,178888808278602
"""R Y A N @ GO72Iwd2XL"" shows a 9♥, J♥.",2026-09-08T17:21:22.786Z,178888808278601
"""1bulletonly @ xZS3GKnBtu"" shows a A♠, 2♣.",2026-09-08T17:21:22.786Z,178888808278600
"""R Y A N @ GO72Iwd2XL"" checks",2026-09-08T17:21:21.978Z,178888808197800
"""1bulletonly @ xZS3GKnBtu"" checks",2026-09-08T17:21:20.761Z,178888808076100
"River: Q♠, 6♥, 4♠, 4♣ [J♠]",2026-09-08T17:21:19.082Z,178888807908200
"""1bulletonly @ xZS3GKnBtu"" calls 3.62",2026-09-08T17:21:18.262Z,178888807826200
"""R Y A N @ GO72Iwd2XL"" bets 3.62",2026-09-08T17:21:13.963Z,178888807396300
"""1bulletonly @ xZS3GKnBtu"" checks",2026-09-08T17:21:08.397Z,178888806839700
"Turn: Q♠, 6♥, 4♠ [4♣]",2026-09-08T17:21:06.577Z,178888806657700
"""R Y A N @ GO72Iwd2XL"" checks",2026-09-08T17:21:05.724Z,178888806572400
"""1bulletonly @ xZS3GKnBtu"" checks",2026-09-08T17:21:02.333Z,178888806233300
"Flop:  [Q♠, 6♥, 4♠]",2026-09-08T17:20:59.959Z,178888805995900
"""1bulletonly @ xZS3GKnBtu"" calls 2.50",2026-09-08T17:20:59.117Z,178888805911700
"""Rayan @ nhXZL_Cydv"" folds",2026-09-08T17:20:57.996Z,178888805799600
"""Binkputer @ 6D7s410Ucp"" folds",2026-09-08T17:20:52.844Z,178888805284400
"""jahan 30 min @ SNbRa1Lx6Y"" folds",2026-09-08T17:20:51.960Z,178888805196000
"""Heech @ wzsls5Sz57"" folds",2026-09-08T17:20:49.835Z,178888804983500
"""rowan @ GthBpPSqaK"" folds",2026-09-08T17:20:48.701Z,178888804870100
"""R Y A N @ GO72Iwd2XL"" raises to 2.50",2026-09-08T17:20:47.796Z,178888804779600
"""1bulletonly @ xZS3GKnBtu"" posts a big blind of 0.50",2026-09-08T17:20:43.158Z,178888804315811
"""Rayan @ nhXZL_Cydv"" posts a small blind of 0.25",2026-09-08T17:20:43.158Z,178888804315810
"Player stacks: #1 ""rowan @ GthBpPSqaK"" (102.03) | #2 ""Heech @ wzsls5Sz57"" (67.76) | #3 ""jahan 30 min @ SNbRa1Lx6Y"" (43.58) | #7 ""Binkputer @ 6D7s410Ucp"" (138.42) | #8 ""Rayan @ nhXZL_Cydv"" (151.34) | #9 ""1bulletonly @ xZS3GKnBtu"" (61.87) | #10 ""R Y A N @ GO72Iwd2XL"" (50.00)",2026-09-08T17:20:43.158Z,178888804315802
"-- starting hand #62 (id: 9idiifqetu0o)  No Limit Texas Hold'em (dealer: ""Binkputer @ 6D7s410Ucp"") --",2026-09-08T17:20:43.158Z,178888804315801
"The player ""R Y A N @ GO72Iwd2XL"" joined the game with a stack of 50.00.",2026-09-08T17:20:43.158Z,178888804315800
"""Heech @ wzsls5Sz57"" shows a 6♦, 9♦.",2026-09-08T17:20:38.417Z,178888803841700
"-- ending hand #61 --",2026-09-08T17:20:36.646Z,178888803664602
"""1bulletonly @ xZS3GKnBtu"" collected 32.77 from pot with Flush, A High (combination: 4♦, 8♦, J♦, Q♦, A♦)",2026-09-08T17:20:36.646Z,178888803664601
"""1bulletonly @ xZS3GKnBtu"" shows a 4♦, J♦.",2026-09-08T17:20:36.646Z,178888803664600
"""jahan 30 min @ SNbRa1Lx6Y"" calls 9.83",2026-09-08T17:20:35.822Z,178888803582200
"""1bulletonly @ xZS3GKnBtu"" bets 9.83",2026-09-08T17:20:34.643Z,178888803464300
"River: Q♦, 2♣, A♦, 10♣ [8♦]",2026-09-08T17:20:29.775Z,178888802977500
"""jahan 30 min @ SNbRa1Lx6Y"" calls 3.93",2026-09-08T17:20:28.925Z,178888802892500
"""1bulletonly @ xZS3GKnBtu"" bets 3.93",2026-09-08T17:20:27.777Z,178888802777700
"Turn: Q♦, 2♣, A♦ [10♣]",2026-09-08T17:20:23.301Z,178888802330100
"""Rayan @ nhXZL_Cydv"" folds",2026-09-08T17:20:22.496Z,178888802249600
"""jahan 30 min @ SNbRa1Lx6Y"" calls 1.75",2026-09-08T17:20:21.122Z,178888802112200
"The admin approved the player ""R Y A N @ GO72Iwd2XL"" participation with a stack of 50.00.",2026-09-08T17:20:19.461Z,178888801946100
"""1bulletonly @ xZS3GKnBtu"" bets 1.75",2026-09-08T17:20:18.705Z,178888801870500
"The player ""R Y A N @ GO72Iwd2XL"" requested a seat.",2026-09-08T17:20:16.393Z,178888801639300
"""Rayan @ nhXZL_Cydv"" checks",2026-09-08T17:20:14.796Z,178888801479600
"Flop:  [Q♦, 2♣, A♦]",2026-09-08T17:20:13.496Z,178888801349600
"""Rayan @ nhXZL_Cydv"" checks",2026-09-08T17:20:12.664Z,178888801266400
"""Binkputer @ 6D7s410Ucp"" folds",2026-09-08T17:20:11.131Z,178888801113100
"""jahan 30 min @ SNbRa1Lx6Y"" calls 0.50",2026-09-08T17:20:10.242Z,178888801024200
"""Heech @ wzsls5Sz57"" folds",2026-09-08T17:20:08.780Z,178888800878000
"""rowan @ GthBpPSqaK"" folds",2026-09-08T17:20:06.908Z,178888800690800
"""1bulletonly @ xZS3GKnBtu"" calls 0.50",2026-09-08T17:20:05.425Z,178888800542500
"""Rayan @ nhXZL_Cydv"" posts a big blind of 0.50",2026-09-08T17:20:03.436Z,178888800343610
"""Binkputer @ 6D7s410Ucp"" posts a small blind of 0.25",2026-09-08T17:20:03.436Z,178888800343609
"Player stacks: #1 ""rowan @ GthBpPSqaK"" (102.03) | #2 ""Heech @ wzsls5Sz57"" (67.76) | #3 ""jahan 30 min @ SNbRa1Lx6Y"" (59.59) | #7 ""Binkputer @ 6D7s410Ucp"" (138.67) | #8 ""Rayan @ nhXZL_Cydv"" (151.84) | #9 ""1bulletonly @ xZS3GKnBtu"" (45.11)",2026-09-08T17:20:03.436Z,178888800343602
"-- starting hand #61 (id: 4htdpn0ztxuh)  No Limit Texas Hold'em (dead button) --",2026-09-08T17:20:03.436Z,178888800343601
"The player ""Yaden @ 4u5onOgZt7"" quits the game with a stack of 0.00.",2026-09-08T17:20:03.436Z,178888800343600
"Asking to busted players the rebuy decision.",2026-09-08T17:20:01.857Z,178888800185700
"""Heech @ wzsls5Sz57"" shows a J♠, Q♣.",2026-09-08T17:19:58.510Z,178888799851000
"-- ending hand #60 --",2026-09-08T17:19:55.228Z,178888799522804
"""Yaden @ 4u5onOgZt7"" shows a A♠, K♦.",2026-09-08T17:19:55.228Z,178888799522803
"""Rayan @ nhXZL_Cydv"" collected 82.64 from pot with Three of a Kind, 4's (combination: Q♦, A♦, 4♣, 4♦, 4♥)",2026-09-08T17:19:55.228Z,178888799522802
"""Rayan @ nhXZL_Cydv"" shows a 4♣, 4♦.",2026-09-08T17:19:55.228Z,178888799522801
"Uncalled bet of 2.18 returned to ""Rayan @ nhXZL_Cydv""",2026-09-08T17:19:55.228Z,178888799522800
"""Yaden @ 4u5onOgZt7"" calls 26.82 and go all in",2026-09-08T17:19:54.398Z,178888799439800
"""jahan 30 min @ SNbRa1Lx6Y"" folds",2026-09-08T17:19:36.829Z,178888797682900
"""Heech @ wzsls5Sz57"" folds",2026-09-08T17:19:35.920Z,178888797592000
"""Rayan @ nhXZL_Cydv"" bets 29.00",2026-09-08T17:19:06.167Z,178888794616700
"""Yaden @ 4u5onOgZt7"" checks",2026-09-08T17:19:02.214Z,178888794221400
"River: J♣, 4♥, A♦, Q♦ [8♠]",2026-09-08T17:18:57.879Z,178888793787900
"""jahan 30 min @ SNbRa1Lx6Y"" calls 4.00",2026-09-08T17:18:57.055Z,178888793705500
"""Heech @ wzsls5Sz57"" calls 4.00",2026-09-08T17:18:55.523Z,178888793552300
"""Rayan @ nhXZL_Cydv"" calls 4.00",2026-09-08T17:18:53.642Z,178888793364200
"""Yaden @ 4u5onOgZt7"" bets 4.00",2026-09-08T17:18:50.456Z,178888793045600
"Turn: J♣, 4♥, A♦ [Q♦]",2026-09-08T17:18:40.249Z,178888792024900
"""jahan 30 min @ SNbRa1Lx6Y"" checks",2026-09-08T17:18:39.406Z,178888791940600
"""Heech @ wzsls5Sz57"" checks",2026-09-08T17:18:37.371Z,178888791737100
"""Rayan @ nhXZL_Cydv"" checks",2026-09-08T17:18:34.128Z,178888791412800
"""Yaden @ 4u5onOgZt7"" checks",2026-09-08T17:18:32.396Z,178888791239600
"Flop:  [J♣, 4♥, A♦]",2026-09-08T17:18:27.957Z,178888790795700
"""jahan 30 min @ SNbRa1Lx6Y"" calls 3.00",2026-09-08T17:18:27.148Z,178888790714800
"""Heech @ wzsls5Sz57"" calls 3.00",2026-09-08T17:18:25.919Z,178888790591900
"""rowan @ GthBpPSqaK"" folds",2026-09-08T17:18:23.981Z,178888790398100
"""Rayan @ nhXZL_Cydv"" calls 3.00",2026-09-08T17:18:22.208Z,178888790220800
"""Binkputer @ 6D7s410Ucp"" folds",2026-09-08T17:18:10.488Z,178888789048800
"""Yaden @ 4u5onOgZt7"" raises to 3.00",2026-09-08T17:18:09.652Z,178888788965200
"""jahan 30 min @ SNbRa1Lx6Y"" calls 0.50",2026-09-08T17:18:04.591Z,178888788459100
"""Heech @ wzsls5Sz57"" calls 0.50",2026-09-08T17:18:03.090Z,178888788309000
"""rowan @ GthBpPSqaK"" calls 0.50",2026-09-08T17:18:01.671Z,178888788167100
"""1bulletonly @ xZS3GKnBtu"" folds",2026-09-08T17:18:00.677Z,178888788067700
"""Rayan @ nhXZL_Cydv"" calls 0.50",2026-09-08T17:17:59.376Z,178888787937600
"""Binkputer @ 6D7s410Ucp"" posts a big blind of 0.50",2026-09-08T17:17:58.187Z,178888787818710
"""Yaden @ 4u5onOgZt7"" posts a small blind of 0.25",2026-09-08T17:17:58.187Z,178888787818709
"Player stacks: #1 ""rowan @ GthBpPSqaK"" (102.53) | #2 ""Heech @ wzsls5Sz57"" (74.76) | #3 ""jahan 30 min @ SNbRa1Lx6Y"" (66.59) | #4 ""Yaden @ 4u5onOgZt7"" (33.82) | #7 ""Binkputer @ 6D7s410Ucp"" (139.17) | #8 ""Rayan @ nhXZL_Cydv"" (103.02) | #9 ""1bulletonly @ xZS3GKnBtu"" (45.11)",2026-09-08T17:17:58.187Z,178888787818701
"-- starting hand #60 (id: jwsjihtiej4o)  No Limit Texas Hold'em (dealer: ""jahan 30 min @ SNbRa1Lx6Y"") --",2026-09-08T17:17:58.187Z,178888787818700
"-- ending hand #59 --",2026-09-08T17:17:52.265Z,178888787226502
"""rowan @ GthBpPSqaK"" collected 6.50 from pot",2026-09-08T17:17:52.265Z,178888787226501
"Uncalled bet of 3.25 returned to ""rowan @ GthBpPSqaK""",2026-09-08T17:17:52.265Z,178888787226500
"""Rayan @ nhXZL_Cydv"" folds",2026-09-08T17:17:51.455Z,178888787145500
"""jahan 30 min @ SNbRa1Lx6Y"" folds",2026-09-08T17:17:50.330Z,178888787033000
"""rowan @ GthBpPSqaK"" bets 3.25",2026-09-08T17:17:49.434Z,178888786943400
"""Rayan @ nhXZL_Cydv"" checks",2026-09-08T17:17:47.392Z,178888786739200
"""jahan 30 min @ SNbRa1Lx6Y"" checks",2026-09-08T17:17:46.129Z,178888786612900
"Turn: 9♠, 2♠, 5♣ [Q♣]",2026-09-08T17:17:42.980Z,178888786298000
"""rowan @ GthBpPSqaK"" checks",2026-09-08T17:17:42.162Z,178888786216200
"""Rayan @ nhXZL_Cydv"" checks",2026-09-08T17:17:40.775Z,178888786077500
"""jahan 30 min @ SNbRa1Lx6Y"" checks",2026-09-08T17:17:39.088Z,178888785908800
"Flop:  [9♠, 2♠, 5♣]",2026-09-08T17:17:37.374Z,178888785737400
"""Rayan @ nhXZL_Cydv"" calls 2.00",2026-09-08T17:17:36.536Z,178888785653600
"""Yaden @ 4u5onOgZt7"" folds",2026-09-08T17:17:31.122Z,178888785112200
"""jahan 30 min @ SNbRa1Lx6Y"" calls 2.00",2026-09-08T17:17:30.040Z,178888785004000
"""Heech @ wzsls5Sz57"" folds",2026-09-08T17:17:28.932Z,178888784893200
"""rowan @ GthBpPSqaK"" raises to 2.00",2026-09-08T17:17:28.022Z,178888784802200
"""1bulletonly @ xZS3GKnBtu"" folds",2026-09-08T17:17:24.600Z,178888784460000
"""Rayan @ nhXZL_Cydv"" calls 0.50",2026-09-08T17:17:23.624Z,178888784362400
"""Binkputer @ 6D7s410Ucp"" folds",2026-09-08T17:17:18.140Z,178888783814000
"""Yaden @ 4u5onOgZt7"" posts a big blind of 0.50",2026-09-08T17:17:16.692Z,178888783669210
"""jahan 30 min @ SNbRa1Lx6Y"" posts a small blind of 0.25",2026-09-08T17:17:16.692Z,178888783669209
"Player stacks: #1 ""rowan @ GthBpPSqaK"" (98.03) | #2 ""Heech @ wzsls5Sz57"" (74.76) | #3 ""jahan 30 min @ SNbRa1Lx6Y"" (68.59) | #4 ""Yaden @ 4u5onOgZt7"" (34.32) | #7 ""Binkputer @ 6D7s410Ucp"" (139.17) | #8 ""Rayan @ nhXZL_Cydv"" (105.02) | #9 ""1bulletonly @ xZS3GKnBtu"" (45.11)",2026-09-08T17:17:16.692Z,178888783669201
"-- starting hand #59 (id: dey8h4v23mwd)  No Limit Texas Hold'em (dealer: ""Heech @ wzsls5Sz57"") --",2026-09-08T17:17:16.692Z,178888783669200
"""Yaden @ 4u5onOgZt7"" shows a J♣, 7♣.",2026-09-08T17:17:12.279Z,178888783227900
"-- ending hand #58 --",2026-09-08T17:17:10.091Z,178888783009102
"""Binkputer @ 6D7s410Ucp"" collected 100.00 from pot with Straight, J High (combination: 7♠, 8♣, 9♥, 10♣, J♥)",2026-09-08T17:17:10.091Z,178888783009101
"""Binkputer @ 6D7s410Ucp"" shows a J♠, J♥.",2026-09-08T17:17:10.091Z,178888783009100
"""jahan 30 min @ SNbRa1Lx6Y"" calls 25.00",2026-09-08T17:17:09.201Z,178888782920100
"""Binkputer @ 6D7s410Ucp"" bets 25.00",2026-09-08T17:16:51.514Z,178888781151400
"""jahan 30 min @ SNbRa1Lx6Y"" checks",2026-09-08T17:16:48.934Z,178888780893400
"River: 10♣, 9♥, 7♠, 8♣ [6♦]",2026-09-08T17:16:45.019Z,178888780501900
"""Heech @ wzsls5Sz57"" folds",2026-09-08T17:16:44.190Z,178888780419000
"""Binkputer @ 6D7s410Ucp"" calls 12.00",2026-09-08T17:16:42.862Z,178888780286200
"""jahan 30 min @ SNbRa1Lx6Y"" bets 12.00",2026-09-08T17:16:38.996Z,178888779899600
"""Heech @ wzsls5Sz57"" checks",2026-09-08T17:16:28.856Z,178888778885600
"Turn: 10♣, 9♥, 7♠ [8♣]",2026-09-08T17:16:26.060Z,178888778606000
"""jahan 30 min @ SNbRa1Lx6Y"" calls 6.00",2026-09-08T17:16:25.234Z,178888778523400
"""Heech @ wzsls5Sz57"" calls 6.00",2026-09-08T17:16:23.058Z,178888778305800
"""rowan @ GthBpPSqaK"" folds",2026-09-08T17:16:21.822Z,178888778182200
"""Binkputer @ 6D7s410Ucp"" bets 6.00",2026-09-08T17:16:20.759Z,178888778075900
"""jahan 30 min @ SNbRa1Lx6Y"" checks",2026-09-08T17:16:18.062Z,178888777806200
"""Heech @ wzsls5Sz57"" checks",2026-09-08T17:16:16.692Z,178888777669200
"Flop:  [10♣, 9♥, 7♠]",2026-09-08T17:16:12.664Z,178888777266400
"""jahan 30 min @ SNbRa1Lx6Y"" calls 2.00",2026-09-08T17:16:11.855Z,178888777185500
"""Heech @ wzsls5Sz57"" calls 2.00",2026-09-08T17:16:05.385Z,178888776538500
"""rowan @ GthBpPSqaK"" calls 2.00",2026-09-08T17:16:04.093Z,178888776409300
"""1bulletonly @ xZS3GKnBtu"" folds",2026-09-08T17:16:03.208Z,178888776320800
"""Rayan @ nhXZL_Cydv"" folds",2026-09-08T17:15:58.211Z,178888775821100
"""Binkputer @ 6D7s410Ucp"" raises to 2.00",2026-09-08T17:15:57.267Z,178888775726700
"""Yaden @ 4u5onOgZt7"" folds",2026-09-08T17:15:55.024Z,178888775502400
"""jahan 30 min @ SNbRa1Lx6Y"" posts a big blind of 0.50",2026-09-08T17:15:48.768Z,178888774876810
"""Heech @ wzsls5Sz57"" posts a small blind of 0.25",2026-09-08T17:15:48.768Z,178888774876809
"Player stacks: #1 ""rowan @ GthBpPSqaK"" (100.03) | #2 ""Heech @ wzsls5Sz57"" (82.76) | #3 ""jahan 30 min @ SNbRa1Lx6Y"" (113.59) | #4 ""Yaden @ 4u5onOgZt7"" (34.32) | #7 ""Binkputer @ 6D7s410Ucp"" (84.17) | #8 ""Rayan @ nhXZL_Cydv"" (105.02) | #9 ""1bulletonly @ xZS3GKnBtu"" (45.11)",2026-09-08T17:15:48.768Z,178888774876801
"-- starting hand #58 (id: cgv7agtuoom8)  No Limit Texas Hold'em (dealer: ""rowan @ GthBpPSqaK"") --",2026-09-08T17:15:48.768Z,178888774876800
"""jahan 30 min @ SNbRa1Lx6Y"" shows a Q♠, 9♥.",2026-09-08T17:15:43.950Z,178888774395000
"""Binkputer @ 6D7s410Ucp"" shows a 2♣, J♣.",2026-09-08T17:15:42.798Z,178888774279800
"-- ending hand #57 --",2026-09-08T17:15:41.762Z,178888774176202
"""Heech @ wzsls5Sz57"" collected 32.00 from pot with Pair, 9's (combination: 8♥, J♥, K♣, 9♠, 9♦)",2026-09-08T17:15:41.762Z,178888774176201
"""Heech @ wzsls5Sz57"" shows a 9♠, K♣.",2026-09-08T17:15:41.762Z,178888774176200
"""jahan 30 min @ SNbRa1Lx6Y"" calls 8.00",2026-09-08T17:15:40.918Z,178888774091800
"""Heech @ wzsls5Sz57"" bets 8.00",2026-09-08T17:15:39.618Z,178888773961800
"River: 9♦, 8♥, 2♠, J♥ [4♥]",2026-09-08T17:15:37.160Z,178888773716000
"""jahan 30 min @ SNbRa1Lx6Y"" checks",2026-09-08T17:15:36.337Z,178888773633700
"""Heech @ wzsls5Sz57"" checks",2026-09-08T17:15:34.999Z,178888773499900
"Turn: 9♦, 8♥, 2♠ [J♥]",2026-09-08T17:15:32.790Z,178888773279000
"""Heech @ wzsls5Sz57"" calls 4.00",2026-09-08T17:15:31.961Z,178888773196100
"""rowan @ GthBpPSqaK"" folds",2026-09-08T17:15:30.888Z,178888773088800
"""Binkputer @ 6D7s410Ucp"" folds",2026-09-08T17:15:29.899Z,178888772989900
"""jahan 30 min @ SNbRa1Lx6Y"" bets 4.00",2026-09-08T17:15:29.036Z,178888772903600
"""Heech @ wzsls5Sz57"" checks",2026-09-08T17:15:26.462Z,178888772646200
"""rowan @ GthBpPSqaK"" checks",2026-09-08T17:15:24.587Z,178888772458700
"Flop:  [9♦, 8♥, 2♠]",2026-09-08T17:15:23.061Z,178888772306100
"""jahan 30 min @ SNbRa1Lx6Y"" calls 2.00",2026-09-08T17:15:22.250Z,178888772225000
"""Heech @ wzsls5Sz57"" calls 2.00",2026-09-08T17:15:20.992Z,178888772099200
"""rowan @ GthBpPSqaK"" calls 2.00",2026-09-08T17:15:18.315Z,178888771831500
"""1bulletonly @ xZS3GKnBtu"" folds",2026-09-08T17:15:17.065Z,178888771706500
"""Rayan @ nhXZL_Cydv"" folds",2026-09-08T17:15:16.108Z,178888771610800
"""Binkputer @ 6D7s410Ucp"" raises to 2.00",2026-09-08T17:15:15.027Z,178888771502700
"""Yaden @ 4u5onOgZt7"" folds",2026-09-08T17:15:12.881Z,178888771288100
"""jahan 30 min @ SNbRa1Lx6Y"" calls 0.50",2026-09-08T17:15:11.844Z,178888771184400
"""Heech @ wzsls5Sz57"" posts a big blind of 0.50",2026-09-08T17:15:10.252Z,178888771025210
"""rowan @ GthBpPSqaK"" posts a small blind of 0.25",2026-09-08T17:15:10.252Z,178888771025209
"Player stacks: #1 ""rowan @ GthBpPSqaK"" (102.03) | #2 ""Heech @ wzsls5Sz57"" (64.76) | #3 ""jahan 30 min @ SNbRa1Lx6Y"" (127.59) | #4 ""Yaden @ 4u5onOgZt7"" (34.32) | #7 ""Binkputer @ 6D7s410Ucp"" (86.17) | #8 ""Rayan @ nhXZL_Cydv"" (105.02) | #9 ""1bulletonly @ xZS3GKnBtu"" (45.11)",2026-09-08T17:15:10.252Z,178888771025201
"-- starting hand #57 (id: dizi6szzlpxk)  No Limit Texas Hold'em (dealer: ""1bulletonly @ xZS3GKnBtu"") --",2026-09-08T17:15:10.252Z,178888771025200
"""rowan @ GthBpPSqaK"" shows a 9♦, 7♦.",2026-09-08T17:15:06.124Z,178888770612400
"-- ending hand #56 --",2026-09-08T17:15:03.670Z,178888770367003
"""Rayan @ nhXZL_Cydv"" collected 86.24 from pot with Two Pair, K's & 6's (combination: 9♥, 6♠, 6♣, K♥, K♠)",2026-09-08T17:15:03.670Z,178888770367002
"""Rayan @ nhXZL_Cydv"" shows a 6♠, K♥.",2026-09-08T17:15:03.670Z,178888770367001
"""jahan 30 min @ SNbRa1Lx6Y"" shows a 9♠, 6♦.",2026-09-08T17:15:03.670Z,178888770367000
"""rowan @ GthBpPSqaK"" folds",2026-09-08T17:15:02.786Z,178888770278600
"""Rayan @ nhXZL_Cydv"" calls 25.87",2026-09-08T17:14:46.574Z,178888768657400
"""jahan 30 min @ SNbRa1Lx6Y"" bets 25.87",2026-09-08T17:14:35.265Z,178888767526500
"""rowan @ GthBpPSqaK"" checks",2026-09-08T17:14:29.807Z,178888766980700
"River: 7♥, K♠, 9♥, 6♣ [2♦]",2026-09-08T17:14:27.951Z,178888766795100
"""jahan 30 min @ SNbRa1Lx6Y"" calls 9.00",2026-09-08T17:14:27.137Z,178888766713700
"""rowan @ GthBpPSqaK"" calls 9.00",2026-09-08T17:14:24.933Z,178888766493300
"""1bulletonly @ xZS3GKnBtu"" folds",2026-09-08T17:14:19.491Z,178888765949100
"""Rayan @ nhXZL_Cydv"" raises to 9.00",2026-09-08T17:14:17.797Z,178888765779700
"""jahan 30 min @ SNbRa1Lx6Y"" calls 3.75",2026-09-08T17:14:12.829Z,178888765282900
"""rowan @ GthBpPSqaK"" bets 3.75",2026-09-08T17:14:09.511Z,178888764951100
"""1bulletonly @ xZS3GKnBtu"" checks",2026-09-08T17:14:06.238Z,178888764623800
"Turn: 7♥, K♠, 9♥ [6♣]",2026-09-08T17:14:03.832Z,178888764383200
"""1bulletonly @ xZS3GKnBtu"" calls 1.25",2026-09-08T17:14:03.003Z,178888764300300
"""Rayan @ nhXZL_Cydv"" calls 1.25",2026-09-08T17:14:02.048Z,178888764204800
"""Binkputer @ 6D7s410Ucp"" folds",2026-09-08T17:14:00.821Z,178888764082100
"""jahan 30 min @ SNbRa1Lx6Y"" calls 1.25",2026-09-08T17:13:59.981Z,178888763998100
"""rowan @ GthBpPSqaK"" bets 1.25",2026-09-08T17:13:56.670Z,178888763667000
"""1bulletonly @ xZS3GKnBtu"" checks",2026-09-08T17:13:54.190Z,178888763419000
"Flop:  [7♥, K♠, 9♥]",2026-09-08T17:13:51.440Z,178888763144000
"""rowan @ GthBpPSqaK"" checks",2026-09-08T17:13:50.591Z,178888763059100
"""1bulletonly @ xZS3GKnBtu"" calls 0.50",2026-09-08T17:13:49.574Z,178888762957400
"""Rayan @ nhXZL_Cydv"" calls 0.50",2026-09-08T17:13:48.623Z,178888762862300
"""Binkputer @ 6D7s410Ucp"" calls 0.50",2026-09-08T17:13:45.634Z,178888762563400
"""Yaden @ 4u5onOgZt7"" folds",2026-09-08T17:13:22.864Z,178888760286400
"""jahan 30 min @ SNbRa1Lx6Y"" calls 0.50",2026-09-08T17:13:18.215Z,178888759821500
"""Heech @ wzsls5Sz57"" folds",2026-09-08T17:13:13.921Z,178888759392100
"""rowan @ GthBpPSqaK"" posts a big blind of 0.50",2026-09-08T17:13:11.375Z,178888759137513
"""1bulletonly @ xZS3GKnBtu"" posts a small blind of 0.25",2026-09-08T17:13:11.375Z,178888759137512
"Player stacks: #1 ""rowan @ GthBpPSqaK"" (112.78) | #2 ""Heech @ wzsls5Sz57"" (64.76) | #3 ""jahan 30 min @ SNbRa1Lx6Y"" (164.21) | #4 ""Yaden @ 4u5onOgZt7"" (34.32) | #7 ""Binkputer @ 6D7s410Ucp"" (86.67) | #8 ""Rayan @ nhXZL_Cydv"" (55.40) | #9 ""1bulletonly @ xZS3GKnBtu"" (46.86)",2026-09-08T17:13:11.375Z,178888759137504
"-- starting hand #56 (id: atrfzpyuxdul)  No Limit Texas Hold'em (dealer: ""Rayan @ nhXZL_Cydv"") --",2026-09-08T17:13:11.375Z,178888759137503
"The player ""Binkputer @ 6D7s410Ucp"" joined the game with a stack of 86.67.",2026-09-08T17:13:11.375Z,178888759137502
"The player ""Mr Bink @ IRFSw7AJ_c"" quits the game with a stack of 86.67.",2026-09-08T17:13:11.375Z,178888759137501
"The player ""Mr Bink @ IRFSw7AJ_c"" stand up with the stack of 86.67.",2026-09-08T17:13:11.375Z,178888759137500
"""Yaden @ 4u5onOgZt7"" shows a 5♠.",2026-09-08T17:13:09.879Z,178888758987900
"-- ending hand #55 --",2026-09-08T17:13:04.751Z,178888758475102
"""jahan 30 min @ SNbRa1Lx6Y"" collected 12.00 from pot",2026-09-08T17:13:04.751Z,178888758475101
"Uncalled bet of 5.50 returned to ""jahan 30 min @ SNbRa1Lx6Y""",2026-09-08T17:13:04.751Z,178888758475100
"""Rayan @ nhXZL_Cydv"" folds",2026-09-08T17:13:03.910Z,178888758391000
"""jahan 30 min @ SNbRa1Lx6Y"" bets 5.50",2026-09-08T17:13:02.057Z,178888758205700
"""Rayan @ nhXZL_Cydv"" checks",2026-09-08T17:12:57.555Z,178888757755500
"Turn: 5♦, 8♦, 4♦ [5♥]",2026-09-08T17:12:55.353Z,178888757535300
"""Heech @ wzsls5Sz57"" folds",2026-09-08T17:12:54.530Z,178888757453000
"""1bulletonly @ xZS3GKnBtu"" folds",2026-09-08T17:12:53.080Z,178888757308000
"""Rayan @ nhXZL_Cydv"" calls 3.00",2026-09-08T17:12:52.055Z,178888757205500
"""jahan 30 min @ SNbRa1Lx6Y"" bets 3.00",2026-09-08T17:12:46.867Z,178888756686700
"""Heech @ wzsls5Sz57"" checks",2026-09-08T17:12:43.700Z,178888756370000
"""1bulletonly @ xZS3GKnBtu"" checks",2026-09-08T17:12:42.355Z,178888756235500
"""Rayan @ nhXZL_Cydv"" checks",2026-09-08T17:12:41.469Z,178888756146900
"Flop:  [5♦, 8♦, 4♦]",2026-09-08T17:12:39.437Z,178888755943700
"""1bulletonly @ xZS3GKnBtu"" calls 1.50",2026-09-08T17:12:38.575Z,178888755857500
"""Rayan @ nhXZL_Cydv"" calls 1.50",2026-09-08T17:12:37.020Z,178888755702000
"""Yaden @ 4u5onOgZt7"" folds",2026-09-08T17:12:35.632Z,178888755563200
"""jahan 30 min @ SNbRa1Lx6Y"" calls 1.50",2026-09-08T17:12:34.627Z,178888755462700
"""Heech @ wzsls5Sz57"" raises to 1.50",2026-09-08T17:12:32.328Z,178888755232800
"""rowan @ GthBpPSqaK"" folds",2026-09-08T17:12:29.257Z,178888754925700
"The admin approved the player ""Binkputer @ 6D7s410Ucp"" participation with a stack of 86.67.",2026-09-08T17:12:28.308Z,178888754830800
"""Mr Bink @ IRFSw7AJ_c"" folds",2026-09-08T17:12:28.280Z,178888754828000
"The player ""Binkputer @ 6D7s410Ucp"" requested a seat.",2026-09-08T17:12:26.944Z,178888754694400
"""1bulletonly @ xZS3GKnBtu"" posts a big blind of 0.50",2026-09-08T17:12:26.257Z,178888754625710
"""Rayan @ nhXZL_Cydv"" posts a small blind of 0.25",2026-09-08T17:12:26.257Z,178888754625709
"Player stacks: #1 ""rowan @ GthBpPSqaK"" (112.78) | #2 ""Heech @ wzsls5Sz57"" (66.26) | #3 ""jahan 30 min @ SNbRa1Lx6Y"" (156.71) | #4 ""Yaden @ 4u5onOgZt7"" (34.32) | #8 ""Rayan @ nhXZL_Cydv"" (59.90) | #9 ""1bulletonly @ xZS3GKnBtu"" (48.36) | #10 ""Mr Bink @ IRFSw7AJ_c"" (86.67)",2026-09-08T17:12:26.257Z,178888754625701
"-- starting hand #55 (id: 8tomjlejsoq3)  No Limit Texas Hold'em (dealer: ""Yaden @ 4u5onOgZt7"") --",2026-09-08T17:12:26.257Z,178888754625700
"""Yaden @ 4u5onOgZt7"" shows a 2♠.",2026-09-08T17:12:24.831Z,178888754483100
"-- ending hand #54 --",2026-09-08T17:12:22.636Z,178888754263602
"""Rayan @ nhXZL_Cydv"" collected 1.00 from pot",2026-09-08T17:12:22.636Z,178888754263601
"Uncalled bet of 2.00 returned to ""Rayan @ nhXZL_Cydv""",2026-09-08T17:12:22.636Z,178888754263600
"""Yaden @ 4u5onOgZt7"" folds",2026-09-08T17:12:21.810Z,178888754181000
"""Rayan @ nhXZL_Cydv"" bets 2.00",2026-09-08T17:12:09.918Z,178888752991800
"""Yaden @ 4u5onOgZt7"" checks",2026-09-08T17:12:07.291Z,178888752729100
"River: A♦, 10♦, A♥, 6♣ [10♠]",2026-09-08T17:12:04.664Z,178888752466400
"""Rayan @ nhXZL_Cydv"" checks",2026-09-08T17:12:03.825Z,178888752382500
"""Yaden @ 4u5onOgZt7"" checks",2026-09-08T17:12:02.854Z,178888752285400
"Turn: A♦, 10♦, A♥ [6♣]",2026-09-08T17:12:00.400Z,178888752040000
"""Rayan @ nhXZL_Cydv"" checks",2026-09-08T17:11:59.574Z,178888751957400
"""Yaden @ 4u5onOgZt7"" checks",2026-09-08T17:11:58.707Z,178888751870700
"Flop:  [A♦, 10♦, A♥]",2026-09-08T17:11:54.536Z,178888751453600
"""Rayan @ nhXZL_Cydv"" checks",2026-09-08T17:11:53.734Z,178888751373400
"""Yaden @ 4u5onOgZt7"" calls 0.50",2026-09-08T17:11:52.517Z,178888751251700
"""jahan 30 min @ SNbRa1Lx6Y"" folds",2026-09-08T17:11:48.850Z,178888750885000
"""Heech @ wzsls5Sz57"" folds",2026-09-08T17:11:47.966Z,178888750796600
"""rowan @ GthBpPSqaK"" folds",2026-09-08T17:11:47.098Z,178888750709800
"""Mr Bink @ IRFSw7AJ_c"" folds",2026-09-08T17:11:46.243Z,178888750624300
"""1bulletonly @ xZS3GKnBtu"" folds",2026-09-08T17:11:42.360Z,178888750236000
"""Rayan @ nhXZL_Cydv"" posts a big blind of 0.50",2026-09-08T17:11:40.286Z,178888750028611
"""Yaden @ 4u5onOgZt7"" posts a small blind of 0.25",2026-09-08T17:11:40.286Z,178888750028610
"Player stacks: #1 ""rowan @ GthBpPSqaK"" (112.78) | #2 ""Heech @ wzsls5Sz57"" (66.26) | #3 ""jahan 30 min @ SNbRa1Lx6Y"" (156.71) | #4 ""Yaden @ 4u5onOgZt7"" (34.82) | #8 ""Rayan @ nhXZL_Cydv"" (59.40) | #9 ""1bulletonly @ xZS3GKnBtu"" (48.36) | #10 ""Mr Bink @ IRFSw7AJ_c"" (86.67)",2026-09-08T17:11:40.286Z,178888750028602
"-- starting hand #54 (id: remhce69xgtz)  No Limit Texas Hold'em (dealer: ""jahan 30 min @ SNbRa1Lx6Y"") --",2026-09-08T17:11:40.286Z,178888750028601
"The admin updated the player ""Mr Bink @ IRFSw7AJ_c"" stack from 61.67 to 86.67.",2026-09-08T17:11:40.286Z,178888750028600
"-- ending hand #53 --",2026-09-08T17:11:34.364Z,178888749436402
"""Rayan @ nhXZL_Cydv"" collected 6.00 from pot",2026-09-08T17:11:34.364Z,178888749436401
"Uncalled bet of 3.50 returned to ""Rayan @ nhXZL_Cydv""",2026-09-08T17:11:34.364Z,178888749436400
"""jahan 30 min @ SNbRa1Lx6Y"" folds",2026-09-08T17:11:33.497Z,178888749349700
"""Heech @ wzsls5Sz57"" folds",2026-09-08T17:11:32.505Z,178888749250500
"""Rayan @ nhXZL_Cydv"" raises to 5.50",2026-09-08T17:11:31.485Z,178888749148500
"""Yaden @ 4u5onOgZt7"" folds",2026-09-08T17:11:27.920Z,178888748792000
"""jahan 30 min @ SNbRa1Lx6Y"" bets 2.00",2026-09-08T17:11:25.267Z,178888748526700
"Turn: 8♥, Q♠, Q♣ [3♥]",2026-09-08T17:11:22.847Z,178888748284700
"WARNING: the admin queued the stack change for the player ""Mr Bink @ IRFSw7AJ_c"" adding 25.00 chips in the next hand.",2026-09-08T17:11:22.481Z,178888748248100
"""Heech @ wzsls5Sz57"" checks",2026-09-08T17:11:22.007Z,178888748200700
"""Rayan @ nhXZL_Cydv"" checks",2026-09-08T17:11:19.716Z,178888747971600
"""Yaden @ 4u5onOgZt7"" checks",2026-09-08T17:11:17.789Z,178888747778900
"""jahan 30 min @ SNbRa1Lx6Y"" checks",2026-09-08T17:11:16.509Z,178888747650900
"Flop:  [8♥, Q♠, Q♣]",2026-09-08T17:11:15.360Z,178888747536000
"""Yaden @ 4u5onOgZt7"" checks",2026-09-08T17:11:14.540Z,178888747454000
"""jahan 30 min @ SNbRa1Lx6Y"" calls 0.50",2026-09-08T17:11:13.522Z,178888747352200
"""Heech @ wzsls5Sz57"" calls 0.50",2026-09-08T17:11:12.634Z,178888747263400
"""rowan @ GthBpPSqaK"" folds",2026-09-08T17:11:11.100Z,178888747110000
"""Mr Bink @ IRFSw7AJ_c"" folds",2026-09-08T17:11:10.257Z,178888747025700
"""1bulletonly @ xZS3GKnBtu"" folds",2026-09-08T17:11:09.310Z,178888746931000
"""Rayan @ nhXZL_Cydv"" calls 0.50",2026-09-08T17:11:07.699Z,178888746769900
"""Yaden @ 4u5onOgZt7"" posts a big blind of 0.50",2026-09-08T17:11:05.057Z,178888746505710
"""jahan 30 min @ SNbRa1Lx6Y"" posts a small blind of 0.25",2026-09-08T17:11:05.057Z,178888746505709
"Player stacks: #1 ""rowan @ GthBpPSqaK"" (112.78) | #2 ""Heech @ wzsls5Sz57"" (66.76) | #3 ""jahan 30 min @ SNbRa1Lx6Y"" (159.21) | #4 ""Yaden @ 4u5onOgZt7"" (35.32) | #8 ""Rayan @ nhXZL_Cydv"" (55.90) | #9 ""1bulletonly @ xZS3GKnBtu"" (48.36) | #10 ""Mr Bink @ IRFSw7AJ_c"" (61.67)",2026-09-08T17:11:05.057Z,178888746505701
"-- starting hand #53 (id: xcspbdrltj1h)  No Limit Texas Hold'em (dealer: ""Heech @ wzsls5Sz57"") --",2026-09-08T17:11:05.057Z,178888746505700
"""Yaden @ 4u5onOgZt7"" shows a 8♦, 10♦.",2026-09-08T17:11:02.144Z,178888746214400
"-- ending hand #52 --",2026-09-08T17:10:58.543Z,178888745854302
"""jahan 30 min @ SNbRa1Lx6Y"" collected 62.41 from pot with Two Pair, Q's & 6's (combination: J♠, 6♥, 6♦, Q♦, Q♣)",2026-09-08T17:10:58.543Z,178888745854301
"""jahan 30 min @ SNbRa1Lx6Y"" shows a Q♦, 6♥.",2026-09-08T17:10:58.543Z,178888745854300
"""Mr Bink @ IRFSw7AJ_c"" calls 18.72",2026-09-08T17:10:57.731Z,178888745773100
"""jahan 30 min @ SNbRa1Lx6Y"" bets 18.72",2026-09-08T17:10:51.430Z,178888745143000
"River: 6♦, J♠, Q♣, 9♥ [8♥]",2026-09-08T17:10:47.361Z,178888744736100
"""jahan 30 min @ SNbRa1Lx6Y"" calls 6.24",2026-09-08T17:10:46.542Z,178888744654200
"""Mr Bink @ IRFSw7AJ_c"" bets 6.24",2026-09-08T17:10:42.458Z,178888744245800
"""jahan 30 min @ SNbRa1Lx6Y"" checks",2026-09-08T17:10:39.886Z,178888743988600
"Turn: 6♦, J♠, Q♣ [9♥]",2026-09-08T17:10:38.313Z,178888743831300
"""jahan 30 min @ SNbRa1Lx6Y"" calls 3.12",2026-09-08T17:10:37.485Z,178888743748500
"""rowan @ GthBpPSqaK"" folds",2026-09-08T17:10:35.926Z,178888743592600
"""Mr Bink @ IRFSw7AJ_c"" bets 3.12",2026-09-08T17:10:34.998Z,178888743499800
"""jahan 30 min @ SNbRa1Lx6Y"" checks",2026-09-08T17:10:32.418Z,178888743241800
"Flop:  [6♦, J♠, Q♣]",2026-09-08T17:10:30.261Z,178888743026100
"""jahan 30 min @ SNbRa1Lx6Y"" calls 2.00",2026-09-08T17:10:29.431Z,178888742943100
"""Heech @ wzsls5Sz57"" folds",2026-09-08T17:10:28.488Z,178888742848800
"""rowan @ GthBpPSqaK"" calls 2.00",2026-09-08T17:10:27.559Z,178888742755900
"""Mr Bink @ IRFSw7AJ_c"" raises to 2.00",2026-09-08T17:10:26.311Z,178888742631100
"""1bulletonly @ xZS3GKnBtu"" folds",2026-09-08T17:10:22.549Z,178888742254900
"""Rayan @ nhXZL_Cydv"" folds",2026-09-08T17:10:21.213Z,178888742121300
"""Yaden @ 4u5onOgZt7"" folds",2026-09-08T17:10:20.281Z,178888742028100
"""jahan 30 min @ SNbRa1Lx6Y"" posts a big blind of 0.50",2026-09-08T17:10:18.444Z,178888741844410
"""Heech @ wzsls5Sz57"" posts a small blind of 0.25",2026-09-08T17:10:18.444Z,178888741844409
"Player stacks: #1 ""rowan @ GthBpPSqaK"" (114.78) | #2 ""Heech @ wzsls5Sz57"" (67.01) | #3 ""jahan 30 min @ SNbRa1Lx6Y"" (126.88) | #4 ""Yaden @ 4u5onOgZt7"" (35.32) | #8 ""Rayan @ nhXZL_Cydv"" (55.90) | #9 ""1bulletonly @ xZS3GKnBtu"" (48.36) | #10 ""Mr Bink @ IRFSw7AJ_c"" (91.75)",2026-09-08T17:10:18.444Z,178888741844401
"-- starting hand #52 (id: fyciopw9oxgn)  No Limit Texas Hold'em (dealer: ""rowan @ GthBpPSqaK"") --",2026-09-08T17:10:18.444Z,178888741844400
"-- ending hand #51 --",2026-09-08T17:10:15.451Z,178888741545102
"""jahan 30 min @ SNbRa1Lx6Y"" collected 4.37 from pot",2026-09-08T17:10:15.451Z,178888741545101
"Uncalled bet of 4.37 returned to ""jahan 30 min @ SNbRa1Lx6Y""",2026-09-08T17:10:15.451Z,178888741545100
"""Rayan @ nhXZL_Cydv"" folds",2026-09-08T17:10:14.644Z,178888741464400
"""jahan 30 min @ SNbRa1Lx6Y"" bets 4.37",2026-09-08T17:10:13.566Z,178888741356600
"River: 2♦, 2♠, 9♣, J♥ [Q♥]",2026-09-08T17:10:11.935Z,178888741193500
"""Heech @ wzsls5Sz57"" folds",2026-09-08T17:10:11.088Z,178888741108800
"""Rayan @ nhXZL_Cydv"" calls 1.31",2026-09-08T17:10:10.152Z,178888741015200
"""jahan 30 min @ SNbRa1Lx6Y"" bets 1.31",2026-09-08T17:10:08.693Z,178888740869300
"""Heech @ wzsls5Sz57"" checks",2026-09-08T17:10:06.766Z,178888740676600
"Turn: 2♦, 2♠, 9♣ [J♥]",2026-09-08T17:10:05.299Z,178888740529900
"""Rayan @ nhXZL_Cydv"" checks",2026-09-08T17:10:04.492Z,178888740449200
"""jahan 30 min @ SNbRa1Lx6Y"" checks",2026-09-08T17:10:03.401Z,178888740340100
"""Heech @ wzsls5Sz57"" checks",2026-09-08T17:10:02.449Z,178888740244900
"Flop:  [2♦, 2♠, 9♣]",2026-09-08T17:10:00.210Z,178888740021000
"""Heech @ wzsls5Sz57"" checks",2026-09-08T17:09:59.321Z,178888739932100
"""rowan @ GthBpPSqaK"" folds",2026-09-08T17:09:57.597Z,178888739759700
"""Mr Bink @ IRFSw7AJ_c"" folds",2026-09-08T17:09:56.698Z,178888739669800
"""1bulletonly @ xZS3GKnBtu"" folds",2026-09-08T17:09:55.786Z,178888739578600
"""Rayan @ nhXZL_Cydv"" calls 0.50",2026-09-08T17:09:54.773Z,178888739477300
"""Yaden @ 4u5onOgZt7"" folds",2026-09-08T17:09:52.468Z,178888739246800
"""jahan 30 min @ SNbRa1Lx6Y"" calls 0.50",2026-09-08T17:09:51.357Z,178888739135700
"""Heech @ wzsls5Sz57"" posts a big blind of 0.50",2026-09-08T17:09:41.240Z,178888738124010
"""rowan @ GthBpPSqaK"" posts a small blind of 0.25",2026-09-08T17:09:41.240Z,178888738124009
"Player stacks: #1 ""rowan @ GthBpPSqaK"" (115.03) | #2 ""Heech @ wzsls5Sz57"" (67.51) | #3 ""jahan 30 min @ SNbRa1Lx6Y"" (124.32) | #4 ""Yaden @ 4u5onOgZt7"" (35.32) | #8 ""Rayan @ nhXZL_Cydv"" (57.71) | #9 ""1bulletonly @ xZS3GKnBtu"" (48.36) | #10 ""Mr Bink @ IRFSw7AJ_c"" (91.75)",2026-09-08T17:09:41.240Z,178888738124001
"-- starting hand #51 (id: cdbix3ip9vgg)  No Limit Texas Hold'em (dealer: ""Mr Bink @ IRFSw7AJ_c"") --",2026-09-08T17:09:41.240Z,178888738124000
"""rowan @ GthBpPSqaK"" shows a J♦.",2026-09-08T17:09:38.787Z,178888737878700
"""Heech @ wzsls5Sz57"" shows a A♠.",2026-09-08T17:09:37.638Z,178888737763800
"-- ending hand #50 --",2026-09-08T17:09:33.926Z,178888737392602
"""1bulletonly @ xZS3GKnBtu"" collected 17.50 from pot",2026-09-08T17:09:33.926Z,178888737392601
"Uncalled bet of 30.86 returned to ""1bulletonly @ xZS3GKnBtu""",2026-09-08T17:09:33.926Z,178888737392600
"""Rayan @ nhXZL_Cydv"" folds",2026-09-08T17:09:33.087Z,178888737308700
"""1bulletonly @ xZS3GKnBtu"" bets 30.86 and go all in",2026-09-08T17:09:31.715Z,178888737171500
"""Rayan @ nhXZL_Cydv"" checks",2026-09-08T17:09:27.392Z,178888736739200
"Turn (second board): 3♥, K♠, 10♠ [A♣]",2026-09-08T17:09:26.074Z,178888736607401
"Turn: 8♥, 5♣, 7♥ [7♦]",2026-09-08T17:09:26.074Z,178888736607400
"""Rayan @ nhXZL_Cydv"" calls 5.25",2026-09-08T17:09:25.258Z,178888736525800
"""Yaden @ 4u5onOgZt7"" folds",2026-09-08T17:09:21.438Z,178888736143800
"""jahan 30 min @ SNbRa1Lx6Y"" folds",2026-09-08T17:09:20.149Z,178888736014900
"""Heech @ wzsls5Sz57"" folds",2026-09-08T17:09:19.277Z,178888735927700
"""rowan @ GthBpPSqaK"" folds",2026-09-08T17:09:17.705Z,178888735770500
"""Mr Bink @ IRFSw7AJ_c"" folds",2026-09-08T17:09:16.838Z,178888735683800
"""1bulletonly @ xZS3GKnBtu"" bets 5.25",2026-09-08T17:09:13.170Z,178888735317000
"""Rayan @ nhXZL_Cydv"" checks",2026-09-08T17:09:09.791Z,178888734979100
"""Yaden @ 4u5onOgZt7"" checks",2026-09-08T17:09:08.191Z,178888734819100
"""jahan 30 min @ SNbRa1Lx6Y"" checks",2026-09-08T17:09:06.447Z,178888734644700
"""Heech @ wzsls5Sz57"" checks",2026-09-08T17:09:05.493Z,178888734549300
"""rowan @ GthBpPSqaK"" checks",2026-09-08T17:08:39.618Z,178888731961800
"""Mr Bink @ IRFSw7AJ_c"" checks",2026-09-08T17:08:38.721Z,178888731872100
"Flop (second board):  [3♥, K♠, 10♠]",2026-09-08T17:08:36.039Z,178888731603901
"Flop:  [8♥, 5♣, 7♥]",2026-09-08T17:08:36.039Z,178888731603900
"""rowan @ GthBpPSqaK"" calls 1.00 (bomb pot bet)",2026-09-08T17:08:35.222Z,178888731522200
"""Mr Bink @ IRFSw7AJ_c"" calls 1.00 (bomb pot bet)",2026-09-08T17:08:34.380Z,178888731438000
"""1bulletonly @ xZS3GKnBtu"" calls 1.00 (bomb pot bet)",2026-09-08T17:08:33.518Z,178888731351800
"""Rayan @ nhXZL_Cydv"" calls 1.00 (bomb pot bet)",2026-09-08T17:08:32.668Z,178888731266800
"""Yaden @ 4u5onOgZt7"" calls 1.00 (bomb pot bet)",2026-09-08T17:08:31.821Z,178888731182100
"""jahan 30 min @ SNbRa1Lx6Y"" calls 1.00 (bomb pot bet)",2026-09-08T17:08:30.998Z,178888731099800
"""Heech @ wzsls5Sz57"" posts a bet of 1.00 (bomb pot bet)",2026-09-08T17:08:30.183Z,178888731018300
"Player stacks: #1 ""rowan @ GthBpPSqaK"" (116.03) | #2 ""Heech @ wzsls5Sz57"" (68.51) | #3 ""jahan 30 min @ SNbRa1Lx6Y"" (125.32) | #4 ""Yaden @ 4u5onOgZt7"" (36.32) | #8 ""Rayan @ nhXZL_Cydv"" (63.96) | #9 ""1bulletonly @ xZS3GKnBtu"" (37.11) | #10 ""Mr Bink @ IRFSw7AJ_c"" (92.75)",2026-09-08T17:08:28.113Z,178888730811301
"-- starting hand #50 (id: jyzpcffnuvqp)  No Limit Texas Hold'em (dealer: ""1bulletonly @ xZS3GKnBtu"") --",2026-09-08T17:08:28.113Z,178888730811300
"""Mr Bink @ IRFSw7AJ_c"" shows a A♠, J♦.",2026-09-08T17:08:23.346Z,178888730334600
"-- ending hand #49 --",2026-09-08T17:08:21.576Z,178888730157602
"""jahan 30 min @ SNbRa1Lx6Y"" collected 73.97 from pot with Pair, 10's (combination: 8♣, J♠, K♥, 10♠, 10♣)",2026-09-08T17:08:21.576Z,178888730157601
"""jahan 30 min @ SNbRa1Lx6Y"" shows a 10♠, K♥.",2026-09-08T17:08:21.576Z,178888730157600
"""rowan @ GthBpPSqaK"" calls 17.24",2026-09-08T17:08:20.749Z,178888730074900
"""jahan 30 min @ SNbRa1Lx6Y"" bets 17.24",2026-09-08T17:08:18.461Z,178888729846100
"""rowan @ GthBpPSqaK"" checks",2026-09-08T17:08:07.336Z,178888728733600
"River: 3♥, 10♣, 4♦, 8♣ [J♠]",2026-09-08T17:08:06.101Z,178888728610100
"""jahan 30 min @ SNbRa1Lx6Y"" checks",2026-09-08T17:08:05.289Z,178888728528900
"""rowan @ GthBpPSqaK"" checks",2026-09-08T17:08:02.606Z,178888728260600
"Turn: 3♥, 10♣, 4♦ [8♣]",2026-09-08T17:08:01.082Z,178888728108200
"""Mr Bink @ IRFSw7AJ_c"" folds",2026-09-08T17:08:00.225Z,178888728022500
"""jahan 30 min @ SNbRa1Lx6Y"" calls 9.87",2026-09-08T17:07:59.187Z,178888727918700
"""rowan @ GthBpPSqaK"" bets 9.87",2026-09-08T17:07:56.193Z,178888727619300
"""Mr Bink @ IRFSw7AJ_c"" checks",2026-09-08T17:07:52.430Z,178888727243000
"Flop:  [3♥, 10♣, 4♦]",2026-09-08T17:07:50.919Z,178888727091900
"""jahan 30 min @ SNbRa1Lx6Y"" calls 6.50",2026-09-08T17:07:50.086Z,178888727008600
"""rowan @ GthBpPSqaK"" calls 6.50",2026-09-08T17:07:48.580Z,178888726858000
"""Mr Bink @ IRFSw7AJ_c"" raises to 6.50",2026-09-08T17:07:47.236Z,178888726723600
"""1bulletonly @ xZS3GKnBtu"" folds",2026-09-08T17:07:43.804Z,178888726380400
"""Rayan @ nhXZL_Cydv"" folds",2026-09-08T17:07:42.799Z,178888726279900
"""Yaden @ 4u5onOgZt7"" folds",2026-09-08T17:07:41.628Z,178888726162800
"""jahan 30 min @ SNbRa1Lx6Y"" calls 2.00",2026-09-08T17:07:37.652Z,178888725765200
"""Heech @ wzsls5Sz57"" folds",2026-09-08T17:07:36.063Z,178888725606300
"""rowan @ GthBpPSqaK"" raises to 2.00",2026-09-08T17:07:34.379Z,178888725437900
"""Mr Bink @ IRFSw7AJ_c"" posts a big blind of 0.50",2026-09-08T17:07:31.268Z,178888725126810
"""1bulletonly @ xZS3GKnBtu"" posts a small blind of 0.25",2026-09-08T17:07:31.268Z,178888725126809
"Player stacks: #1 ""rowan @ GthBpPSqaK"" (149.64) | #2 ""Heech @ wzsls5Sz57"" (68.51) | #3 ""jahan 30 min @ SNbRa1Lx6Y"" (84.96) | #4 ""Yaden @ 4u5onOgZt7"" (36.32) | #8 ""Rayan @ nhXZL_Cydv"" (63.96) | #9 ""1bulletonly @ xZS3GKnBtu"" (37.36) | #10 ""Mr Bink @ IRFSw7AJ_c"" (99.25)",2026-09-08T17:07:31.268Z,178888725126801
"-- starting hand #49 (id: j88he2vbnkcv)  No Limit Texas Hold'em (dealer: ""Rayan @ nhXZL_Cydv"") --",2026-09-08T17:07:31.268Z,178888725126800
"""Yaden @ 4u5onOgZt7"" shows a J♣, 2♠.",2026-09-08T17:07:27.473Z,178888724747300
"""Heech @ wzsls5Sz57"" shows a 2♦.",2026-09-08T17:07:26.359Z,178888724635900
"-- ending hand #48 --",2026-09-08T17:07:23.862Z,178888724386202
"""1bulletonly @ xZS3GKnBtu"" collected 1.50 from pot",2026-09-08T17:07:23.862Z,178888724386201
"Uncalled bet of 1.50 returned to ""1bulletonly @ xZS3GKnBtu""",2026-09-08T17:07:23.862Z,178888724386200
"""Rayan @ nhXZL_Cydv"" folds",2026-09-08T17:07:22.949Z,178888724294900
"""jahan 30 min @ SNbRa1Lx6Y"" folds",2026-09-08T17:07:21.952Z,178888724195200
"""1bulletonly @ xZS3GKnBtu"" bets 1.50",2026-09-08T17:07:20.040Z,178888724004000
"""Rayan @ nhXZL_Cydv"" checks",2026-09-08T17:07:16.310Z,178888723631000
"Flop:  [10♣, 2♥, 2♣]",2026-09-08T17:07:15.059Z,178888723505900
"""1bulletonly @ xZS3GKnBtu"" checks",2026-09-08T17:07:14.130Z,178888723413000
"""Rayan @ nhXZL_Cydv"" calls 0.50",2026-09-08T17:07:11.612Z,178888723161200
"""Yaden @ 4u5onOgZt7"" folds",2026-09-08T17:07:06.271Z,178888722627100
"""jahan 30 min @ SNbRa1Lx6Y"" calls 0.50",2026-09-08T17:07:05.160Z,178888722516000
"""Heech @ wzsls5Sz57"" folds",2026-09-08T17:07:03.151Z,178888722315100
"""rowan @ GthBpPSqaK"" folds",2026-09-08T17:07:00.863Z,178888722086300
"""Mr Bink @ IRFSw7AJ_c"" folds",2026-09-08T17:06:59.953Z,178888721995300
"""1bulletonly @ xZS3GKnBtu"" posts a big blind of 0.50",2026-09-08T17:06:58.631Z,178888721863110
"""Rayan @ nhXZL_Cydv"" posts a small blind of 0.25",2026-09-08T17:06:58.631Z,178888721863109
"Player stacks: #1 ""rowan @ GthBpPSqaK"" (149.64) | #2 ""Heech @ wzsls5Sz57"" (68.51) | #3 ""jahan 30 min @ SNbRa1Lx6Y"" (85.46) | #4 ""Yaden @ 4u5onOgZt7"" (36.32) | #8 ""Rayan @ nhXZL_Cydv"" (64.46) | #9 ""1bulletonly @ xZS3GKnBtu"" (36.36) | #10 ""Mr Bink @ IRFSw7AJ_c"" (99.25)",2026-09-08T17:06:58.631Z,178888721863101
"-- starting hand #48 (id: e4m2eldnezzw)  No Limit Texas Hold'em (dealer: ""Yaden @ 4u5onOgZt7"") --",2026-09-08T17:06:58.631Z,178888721863100
"""Mr Bink @ IRFSw7AJ_c"" shows a Q♠.",2026-09-08T17:06:54.566Z,178888721456600
"-- ending hand #47 --",2026-09-08T17:06:52.018Z,178888721201802
"""rowan @ GthBpPSqaK"" collected 6.00 from pot",2026-09-08T17:06:52.018Z,178888721201801
"Uncalled bet of 3.00 returned to ""rowan @ GthBpPSqaK""",2026-09-08T17:06:52.018Z,178888721201800
"""Rayan @ nhXZL_Cydv"" folds",2026-09-08T17:06:51.195Z,178888721119500
"""Yaden @ 4u5onOgZt7"" folds",2026-09-08T17:06:50.217Z,178888721021700
"""rowan @ GthBpPSqaK"" bets 3.00",2026-09-08T17:06:22.041Z,178888718204100
"""Rayan @ nhXZL_Cydv"" checks",2026-09-08T17:06:19.213Z,178888717921300
"""Yaden @ 4u5onOgZt7"" checks",2026-09-08T17:06:17.914Z,178888717791400
"Turn: 4♠, Q♥, Q♦ [3♥]",2026-09-08T17:06:13.664Z,178888717366400
"""rowan @ GthBpPSqaK"" checks",2026-09-08T17:06:12.792Z,178888717279200
"""Rayan @ nhXZL_Cydv"" checks",2026-09-08T17:06:11.278Z,178888717127800
"""Yaden @ 4u5onOgZt7"" checks",2026-09-08T17:06:09.871Z,178888716987100
"Flop:  [4♠, Q♥, Q♦]",2026-09-08T17:06:05.967Z,178888716596700
"""Rayan @ nhXZL_Cydv"" calls 2.00",2026-09-08T17:06:05.162Z,178888716516200
"""Yaden @ 4u5onOgZt7"" calls 2.00",2026-09-08T17:06:03.772Z,178888716377200
"""jahan 30 min @ SNbRa1Lx6Y"" folds",2026-09-08T17:06:00.794Z,178888716079400
"""Heech @ wzsls5Sz57"" folds",2026-09-08T17:05:59.905Z,178888715990500
"""rowan @ GthBpPSqaK"" raises to 2.00",2026-09-08T17:05:57.591Z,178888715759100
"""Mr Bink @ IRFSw7AJ_c"" folds",2026-09-08T17:05:54.640Z,178888715464000
"""1bulletonly @ xZS3GKnBtu"" folds",2026-09-08T17:05:53.715Z,178888715371500
"""Rayan @ nhXZL_Cydv"" posts a big blind of 0.50",2026-09-08T17:05:52.777Z,178888715277710
"""Yaden @ 4u5onOgZt7"" posts a small blind of 0.25",2026-09-08T17:05:52.777Z,178888715277709
"Player stacks: #1 ""rowan @ GthBpPSqaK"" (145.64) | #2 ""Heech @ wzsls5Sz57"" (68.51) | #3 ""jahan 30 min @ SNbRa1Lx6Y"" (85.46) | #4 ""Yaden @ 4u5onOgZt7"" (38.32) | #8 ""Rayan @ nhXZL_Cydv"" (66.46) | #9 ""1bulletonly @ xZS3GKnBtu"" (36.36) | #10 ""Mr Bink @ IRFSw7AJ_c"" (99.25)",2026-09-08T17:05:52.777Z,178888715277701
"-- starting hand #47 (id: r0pdgmgmsytg)  No Limit Texas Hold'em (dealer: ""jahan 30 min @ SNbRa1Lx6Y"") --",2026-09-08T17:05:52.777Z,178888715277700
"""1bulletonly @ xZS3GKnBtu"" shows a K♠, Q♠.",2026-09-08T17:05:47.542Z,178888714754200
"""rowan @ GthBpPSqaK"" shows a 4♣.",2026-09-08T17:05:46.223Z,178888714622300
"""rowan @ GthBpPSqaK"" shows a 4♠.",2026-09-08T17:05:45.768Z,178888714576800
"-- ending hand #46 --",2026-09-08T17:05:45.475Z,178888714547502
"""1bulletonly @ xZS3GKnBtu"" collected 12.49 from pot",2026-09-08T17:05:45.475Z,178888714547501
"Uncalled bet of 23.87 returned to ""1bulletonly @ xZS3GKnBtu""",2026-09-08T17:05:45.475Z,178888714547500
"""rowan @ GthBpPSqaK"" folds",2026-09-08T17:05:44.634Z,178888714463400
"""1bulletonly @ xZS3GKnBtu"" bets 23.87 and go all in",2026-09-08T17:05:43.268Z,178888714326800
"Turn: 7♦, 9♥, 3♦ [J♠]",2026-09-08T17:05:40.071Z,178888714007100
"""rowan @ GthBpPSqaK"" calls 3.12",2026-09-08T17:05:39.241Z,178888713924100
"""1bulletonly @ xZS3GKnBtu"" bets 3.12",2026-09-08T17:05:38.216Z,178888713821600
"Flop:  [7♦, 9♥, 3♦]",2026-09-08T17:05:34.764Z,178888713476400
"""Yaden @ 4u5onOgZt7"" folds",2026-09-08T17:05:33.915Z,178888713391500
"""jahan 30 min @ SNbRa1Lx6Y"" folds",2026-09-08T17:05:30.710Z,178888713071000
"""Heech @ wzsls5Sz57"" folds",2026-09-08T17:05:27.242Z,178888712724200
"""rowan @ GthBpPSqaK"" calls 2.75",2026-09-08T17:05:25.896Z,178888712589600
"""Mr Bink @ IRFSw7AJ_c"" folds",2026-09-08T17:05:25.048Z,178888712504800
"""1bulletonly @ xZS3GKnBtu"" raises to 2.75",2026-09-08T17:05:24.140Z,178888712414000
"""Rayan @ nhXZL_Cydv"" folds",2026-09-08T17:05:20.909Z,178888712090900
"""Yaden @ 4u5onOgZt7"" posts a big blind of 0.50",2026-09-08T17:05:19.058Z,178888711905810
"""jahan 30 min @ SNbRa1Lx6Y"" posts a small blind of 0.25",2026-09-08T17:05:19.058Z,178888711905809
"Player stacks: #1 ""rowan @ GthBpPSqaK"" (151.51) | #2 ""Heech @ wzsls5Sz57"" (68.51) | #3 ""jahan 30 min @ SNbRa1Lx6Y"" (85.71) | #4 ""Yaden @ 4u5onOgZt7"" (38.82) | #8 ""Rayan @ nhXZL_Cydv"" (66.46) | #9 ""1bulletonly @ xZS3GKnBtu"" (29.74) | #10 ""Mr Bink @ IRFSw7AJ_c"" (99.25)",2026-09-08T17:05:19.058Z,178888711905801
"-- starting hand #46 (id: q2gouajfak7b)  No Limit Texas Hold'em (dealer: ""Heech @ wzsls5Sz57"") --",2026-09-08T17:05:19.058Z,178888711905800
"""rowan @ GthBpPSqaK"" shows a 8♣.",2026-09-08T17:05:16.008Z,178888711600800
"-- ending hand #45 --",2026-09-08T17:05:15.454Z,178888711545402
"""jahan 30 min @ SNbRa1Lx6Y"" collected 23.75 from pot",2026-09-08T17:05:15.454Z,178888711545401
"Uncalled bet of 20.31 returned to ""jahan 30 min @ SNbRa1Lx6Y""",2026-09-08T17:05:15.454Z,178888711545400
"""Heech @ wzsls5Sz57"" folds",2026-09-08T17:05:14.625Z,178888711462500
"""rowan @ GthBpPSqaK"" folds",2026-09-08T17:05:07.097Z,178888710709700
"""jahan 30 min @ SNbRa1Lx6Y"" bets 20.31",2026-09-08T17:05:01.627Z,178888710162700
"""Heech @ wzsls5Sz57"" checks",2026-09-08T17:04:56.788Z,178888709678800
"River: 8♥, 3♦, 6♠, J♠ [9♣]",2026-09-08T17:04:47.947Z,178888708794700
"""rowan @ GthBpPSqaK"" checks",2026-09-08T17:04:47.077Z,178888708707700
"""jahan 30 min @ SNbRa1Lx6Y"" checks",2026-09-08T17:04:45.450Z,178888708545000
"""Heech @ wzsls5Sz57"" checks",2026-09-08T17:04:43.736Z,178888708373600
"Turn: 8♥, 3♦, 6♠ [J♠]",2026-09-08T17:04:41.656Z,178888708165600
"""rowan @ GthBpPSqaK"" calls 4.75",2026-09-08T17:04:40.838Z,178888708083800
"""jahan 30 min @ SNbRa1Lx6Y"" calls 4.75",2026-09-08T17:04:39.513Z,178888707951300
"""Heech @ wzsls5Sz57"" bets 4.75",2026-09-08T17:04:34.534Z,178888707453400
"Flop:  [8♥, 3♦, 6♠]",2026-09-08T17:04:28.448Z,178888706844800
"""rowan @ GthBpPSqaK"" calls 3.00",2026-09-08T17:04:27.633Z,178888706763300
"""Rayan @ nhXZL_Cydv"" folds",2026-09-08T17:04:23.191Z,178888706319100
"""jahan 30 min @ SNbRa1Lx6Y"" calls 3.00",2026-09-08T17:04:15.539Z,178888705553900
"""Heech @ wzsls5Sz57"" raises to 3.00",2026-09-08T17:04:14.511Z,178888705451100
"""rowan @ GthBpPSqaK"" calls 0.50",2026-09-08T17:04:09.790Z,178888704979000
"""Mr Bink @ IRFSw7AJ_c"" folds",2026-09-08T17:04:08.945Z,178888704894500
"""1bulletonly @ xZS3GKnBtu"" folds",2026-09-08T17:04:08.036Z,178888704803600
"""Rayan @ nhXZL_Cydv"" calls 0.50",2026-09-08T17:04:03.210Z,178888704321000
"""Yaden @ 4u5onOgZt7"" folds",2026-09-08T17:03:54.557Z,178888703455700
"""jahan 30 min @ SNbRa1Lx6Y"" posts a big blind of 0.50",2026-09-08T17:03:52.811Z,178888703281110
"""Heech @ wzsls5Sz57"" posts a small blind of 0.25",2026-09-08T17:03:52.811Z,178888703281109
"Player stacks: #1 ""rowan @ GthBpPSqaK"" (159.26) | #2 ""Heech @ wzsls5Sz57"" (76.26) | #3 ""jahan 30 min @ SNbRa1Lx6Y"" (69.71) | #4 ""Yaden @ 4u5onOgZt7"" (38.82) | #8 ""Rayan @ nhXZL_Cydv"" (66.96) | #9 ""1bulletonly @ xZS3GKnBtu"" (29.74) | #10 ""Mr Bink @ IRFSw7AJ_c"" (99.25)",2026-09-08T17:03:52.811Z,178888703281101
"-- starting hand #45 (id: yx0xjhdkwizo)  No Limit Texas Hold'em (dealer: ""rowan @ GthBpPSqaK"") --",2026-09-08T17:03:52.811Z,178888703281100
"-- ending hand #44 --",2026-09-08T17:03:46.775Z,178888702677502
"""Heech @ wzsls5Sz57"" collected 3.11 from pot with Two Pair, J's & 10's (combination: A♥, 10♠, 10♦, J♥, J♣)",2026-09-08T17:03:46.775Z,178888702677501
"""Heech @ wzsls5Sz57"" shows a 5♠, J♥.",2026-09-08T17:03:46.775Z,178888702677500
"""jahan 30 min @ SNbRa1Lx6Y"" checks",2026-09-08T17:03:45.969Z,178888702596900
"""Heech @ wzsls5Sz57"" checks",2026-09-08T17:03:44.419Z,178888702441900
"River: A♥, K♦, J♣, 10♠ [10♦]",2026-09-08T17:03:42.528Z,178888702252800
"""Heech @ wzsls5Sz57"" calls 0.93",2026-09-08T17:03:41.702Z,178888702170200
"""jahan 30 min @ SNbRa1Lx6Y"" bets 0.93",2026-09-08T17:03:40.257Z,178888702025700
"""Heech @ wzsls5Sz57"" checks",2026-09-08T17:03:36.617Z,178888701661700
"Turn: A♥, K♦, J♣ [10♠]",2026-09-08T17:03:31.483Z,178888701148300
"""jahan 30 min @ SNbRa1Lx6Y"" checks",2026-09-08T17:03:30.670Z,178888701067000
"""Heech @ wzsls5Sz57"" checks",2026-09-08T17:03:17.150Z,178888699715000
"Flop:  [A♥, K♦, J♣]",2026-09-08T17:03:15.218Z,178888699521800
"""Heech @ wzsls5Sz57"" checks",2026-09-08T17:03:14.361Z,178888699436100
"""rowan @ GthBpPSqaK"" folds",2026-09-08T17:03:12.652Z,178888699265200
"""Mr Bink @ IRFSw7AJ_c"" folds",2026-09-08T17:03:11.737Z,178888699173700
"""1bulletonly @ xZS3GKnBtu"" folds",2026-09-08T17:03:10.835Z,178888699083500
"""Rayan @ nhXZL_Cydv"" folds",2026-09-08T17:03:03.570Z,178888698357000
"""Yaden @ 4u5onOgZt7"" folds",2026-09-08T17:02:56.263Z,178888697626300
"""jahan 30 min @ SNbRa1Lx6Y"" calls 0.50",2026-09-08T17:02:48.264Z,178888696826400
"""Heech @ wzsls5Sz57"" posts a big blind of 0.50",2026-09-08T17:02:41.060Z,178888696106010
"""rowan @ GthBpPSqaK"" posts a small blind of 0.25",2026-09-08T17:02:41.060Z,178888696106009
"Player stacks: #1 ""rowan @ GthBpPSqaK"" (159.51) | #2 ""Heech @ wzsls5Sz57"" (74.58) | #3 ""jahan 30 min @ SNbRa1Lx6Y"" (71.14) | #4 ""Yaden @ 4u5onOgZt7"" (38.82) | #8 ""Rayan @ nhXZL_Cydv"" (66.96) | #9 ""1bulletonly @ xZS3GKnBtu"" (29.74) | #10 ""Mr Bink @ IRFSw7AJ_c"" (99.25)",2026-09-08T17:02:41.060Z,178888696106001
"-- starting hand #44 (id: ijlo9kysmran)  No Limit Texas Hold'em (dealer: ""Mr Bink @ IRFSw7AJ_c"") --",2026-09-08T17:02:41.060Z,178888696106000
"""Rayan @ nhXZL_Cydv"" shows a K♣, 6♣.",2026-09-08T17:02:37.854Z,178888695785400
"-- ending hand #43 --",2026-09-08T17:02:32.530Z,178888695253004
"""Heech @ wzsls5Sz57"" collected 38.82 from pot with Straight, A High on the second board  (combination: 10♥, J♦, Q♦, K♥, A♦)",2026-09-08T17:02:32.530Z,178888695253003
"""Yaden @ 4u5onOgZt7"" collected 38.82 from pot with Two Pair, Q's & 3's (combination: K♦, 3♦, 3♣, Q♣, Q♠)",2026-09-08T17:02:32.530Z,178888695253002
"""Heech @ wzsls5Sz57"" shows a J♦, A♦.",2026-09-08T17:02:32.530Z,178888695253001
"""Yaden @ 4u5onOgZt7"" shows a Q♣, Q♠.",2026-09-08T17:02:32.530Z,178888695253000
"""Heech @ wzsls5Sz57"" calls 27.32",2026-09-08T17:02:31.684Z,178888695168400
"""rowan @ GthBpPSqaK"" folds",2026-09-08T17:02:30.776Z,178888695077600
"""Rayan @ nhXZL_Cydv"" folds",2026-09-08T17:02:29.883Z,178888694988300
"""Yaden @ 4u5onOgZt7"" raises to 27.32 and go all in",2026-09-08T17:02:27.759Z,178888694775900
"""Heech @ wzsls5Sz57"" bets 15.00",2026-09-08T17:02:20.766Z,178888694076600
"""rowan @ GthBpPSqaK"" checks",2026-09-08T17:02:04.830Z,178888692483000
"River (second board): 9♣, 8♣, 10♥, K♥ [Q♦]",2026-09-08T17:01:59.749Z,178888691974901
"River: 3♦, K♦, 3♣, 2♥ [4♣]",2026-09-08T17:01:59.749Z,178888691974900
"""Rayan @ nhXZL_Cydv"" checks",2026-09-08T17:01:58.942Z,178888691894200
"""Yaden @ 4u5onOgZt7"" checks",2026-09-08T17:01:57.014Z,178888691701400
"""Heech @ wzsls5Sz57"" checks",2026-09-08T17:01:32.639Z,178888689263900
"""rowan @ GthBpPSqaK"" checks",2026-09-08T17:01:29.361Z,178888688936100
"Turn (second board): 9♣, 8♣, 10♥ [K♥]",2026-09-08T17:01:24.405Z,178888688440501
"Turn: 3♦, K♦, 3♣ [2♥]",2026-09-08T17:01:24.405Z,178888688440500
"""jahan 30 min @ SNbRa1Lx6Y"" folds",2026-09-08T17:01:23.589Z,178888688358900
"""Heech @ wzsls5Sz57"" calls 4.00",2026-09-08T17:01:22.639Z,178888688263900
"""rowan @ GthBpPSqaK"" calls 4.00",2026-09-08T17:01:21.753Z,178888688175300
"""Mr Bink @ IRFSw7AJ_c"" folds",2026-09-08T17:01:19.694Z,178888687969400
"""1bulletonly @ xZS3GKnBtu"" folds",2026-09-08T17:01:18.785Z,178888687878500
"""Rayan @ nhXZL_Cydv"" calls 4.00",2026-09-08T17:01:17.777Z,178888687777700
"""Yaden @ 4u5onOgZt7"" bets 4.00",2026-09-08T17:01:15.659Z,178888687565900
"""jahan 30 min @ SNbRa1Lx6Y"" checks",2026-09-08T17:00:55.128Z,178888685512800
"""Heech @ wzsls5Sz57"" checks",2026-09-08T17:00:54.169Z,178888685416900
"""rowan @ GthBpPSqaK"" checks",2026-09-08T17:00:52.056Z,178888685205600
"""Mr Bink @ IRFSw7AJ_c"" checks",2026-09-08T17:00:49.873Z,178888684987300
"Flop (second board):  [9♣, 8♣, 10♥]",2026-09-08T17:00:48.140Z,178888684814001
"Flop:  [3♦, K♦, 3♣]",2026-09-08T17:00:48.140Z,178888684814000
"""rowan @ GthBpPSqaK"" calls 1.00 (bomb pot bet)",2026-09-08T17:00:47.316Z,178888684731600
"""Mr Bink @ IRFSw7AJ_c"" calls 1.00 (bomb pot bet)",2026-09-08T17:00:46.467Z,178888684646700
"""1bulletonly @ xZS3GKnBtu"" calls 1.00 (bomb pot bet)",2026-09-08T17:00:45.657Z,178888684565700
"""Rayan @ nhXZL_Cydv"" calls 1.00 (bomb pot bet)",2026-09-08T17:00:44.758Z,178888684475800
"""Yaden @ 4u5onOgZt7"" calls 1.00 (bomb pot bet)",2026-09-08T17:00:43.936Z,178888684393600
"""jahan 30 min @ SNbRa1Lx6Y"" calls 1.00 (bomb pot bet)",2026-09-08T17:00:43.103Z,178888684310300
"""Heech @ wzsls5Sz57"" posts a bet of 1.00 (bomb pot bet)",2026-09-08T17:00:42.259Z,178888684225900
"Player stacks: #1 ""rowan @ GthBpPSqaK"" (164.51) | #2 ""Heech @ wzsls5Sz57"" (68.08) | #3 ""jahan 30 min @ SNbRa1Lx6Y"" (72.14) | #4 ""Yaden @ 4u5onOgZt7"" (32.32) | #8 ""Rayan @ nhXZL_Cydv"" (71.96) | #9 ""1bulletonly @ xZS3GKnBtu"" (30.74) | #10 ""Mr Bink @ IRFSw7AJ_c"" (100.25)",2026-09-08T17:00:40.250Z,178888684025001
"-- starting hand #43 (id: qcpwoeenjqbb)  No Limit Texas Hold'em (dealer: ""1bulletonly @ xZS3GKnBtu"") --",2026-09-08T17:00:40.250Z,178888684025000
"""1bulletonly @ xZS3GKnBtu"" shows a 4♦, 6♣.",2026-09-08T17:00:35.867Z,178888683586700
"-- ending hand #42 --",2026-09-08T17:00:33.720Z,178888683372004
"""Mr Bink @ IRFSw7AJ_c"" collected 0.75 from pot with A High (combination: 9♠, 10♠, Q♦, K♣, A♣)",2026-09-08T17:00:33.720Z,178888683372003
"""jahan 30 min @ SNbRa1Lx6Y"" collected 0.75 from pot with A High (combination: 9♠, 10♠, Q♦, K♣, A♣)",2026-09-08T17:00:33.720Z,178888683372002
"""jahan 30 min @ SNbRa1Lx6Y"" shows a 8♥, 7♠.",2026-09-08T17:00:33.720Z,178888683372001
"""Mr Bink @ IRFSw7AJ_c"" shows a 2♦, 6♦.",2026-09-08T17:00:33.720Z,178888683372000
"""jahan 30 min @ SNbRa1Lx6Y"" checks",2026-09-08T17:00:32.911Z,178888683291100
"""Mr Bink @ IRFSw7AJ_c"" checks",2026-09-08T17:00:31.900Z,178888683190000
"River: A♣, Q♦, 10♠, K♣ [9♠]",2026-09-08T17:00:25.180Z,178888682518000
"""jahan 30 min @ SNbRa1Lx6Y"" checks",2026-09-08T17:00:24.356Z,178888682435600
"""Mr Bink @ IRFSw7AJ_c"" checks",2026-09-08T17:00:22.374Z,178888682237400
"""1bulletonly @ xZS3GKnBtu"" folds",2026-09-08T17:00:21.502Z,178888682150200
"Turn: A♣, Q♦, 10♠ [K♣]",2026-09-08T17:00:16.444Z,178888681644400
"""jahan 30 min @ SNbRa1Lx6Y"" checks",2026-09-08T17:00:15.581Z,178888681558100
"""Mr Bink @ IRFSw7AJ_c"" checks",2026-09-08T17:00:14.454Z,178888681445400
"""1bulletonly @ xZS3GKnBtu"" checks",2026-09-08T17:00:13.302Z,178888681330200
"Flop:  [A♣, Q♦, 10♠]",2026-09-08T17:00:11.481Z,178888681148100
"""Mr Bink @ IRFSw7AJ_c"" checks",2026-09-08T17:00:10.601Z,178888681060100
"""1bulletonly @ xZS3GKnBtu"" calls 0.50",2026-09-08T17:00:09.554Z,178888680955400
"""Rayan @ nhXZL_Cydv"" folds",2026-09-08T17:00:08.203Z,178888680820300
"""Yaden @ 4u5onOgZt7"" folds",2026-09-08T16:59:59.667Z,178888679966700
"""jahan 30 min @ SNbRa1Lx6Y"" calls 0.50",2026-09-08T16:59:58.530Z,178888679853000
"""Heech @ wzsls5Sz57"" folds",2026-09-08T16:59:44.703Z,178888678470300
"""rowan @ GthBpPSqaK"" folds",2026-09-08T16:59:43.789Z,178888678378900
"""Mr Bink @ IRFSw7AJ_c"" posts a big blind of 0.50",2026-09-08T16:59:42.575Z,178888678257510
"""1bulletonly @ xZS3GKnBtu"" posts a small blind of 0.25",2026-09-08T16:59:42.575Z,178888678257509
"Player stacks: #1 ""rowan @ GthBpPSqaK"" (164.51) | #2 ""Heech @ wzsls5Sz57"" (68.08) | #3 ""jahan 30 min @ SNbRa1Lx6Y"" (71.89) | #4 ""Yaden @ 4u5onOgZt7"" (32.32) | #8 ""Rayan @ nhXZL_Cydv"" (71.96) | #9 ""1bulletonly @ xZS3GKnBtu"" (31.24) | #10 ""Mr Bink @ IRFSw7AJ_c"" (100.00)",2026-09-08T16:59:42.575Z,178888678257501
"-- starting hand #42 (id: cvzzvlpkrzkf)  No Limit Texas Hold'em (dealer: ""Rayan @ nhXZL_Cydv"") --",2026-09-08T16:59:42.575Z,178888678257500
"-- ending hand #41 --",2026-09-08T16:59:39.668Z,178888677966802
"""1bulletonly @ xZS3GKnBtu"" collected 10.45 from pot",2026-09-08T16:59:39.668Z,178888677966801
"Uncalled bet of 7.83 returned to ""1bulletonly @ xZS3GKnBtu""",2026-09-08T16:59:39.668Z,178888677966800
"""Heech @ wzsls5Sz57"" folds",2026-09-08T16:59:38.794Z,178888677879400
"""1bulletonly @ xZS3GKnBtu"" bets 7.83",2026-09-08T16:59:36.306Z,178888677630600
"River: Q♠, 2♣, A♦, 9♦ [6♥]",2026-09-08T16:59:32.864Z,178888677286400
"""Heech @ wzsls5Sz57"" checks",2026-09-08T16:59:32.060Z,178888677206000
"""1bulletonly @ xZS3GKnBtu"" checks",2026-09-08T16:59:30.587Z,178888677058700
"Turn: Q♠, 2♣, A♦ [9♦]",2026-09-08T16:59:28.543Z,178888676854300
"""1bulletonly @ xZS3GKnBtu"" calls 3.10",2026-09-08T16:59:27.705Z,178888676770500
"""Heech @ wzsls5Sz57"" bets 3.10",2026-09-08T16:59:25.665Z,178888676566500
"""1bulletonly @ xZS3GKnBtu"" checks",2026-09-08T16:59:19.980Z,178888675998000
"Flop:  [Q♠, 2♣, A♦]",2026-09-08T16:59:18.491Z,178888675849100
"""1bulletonly @ xZS3GKnBtu"" calls 2.00",2026-09-08T16:59:17.664Z,178888675766400
"""Rayan @ nhXZL_Cydv"" folds",2026-09-08T16:59:15.694Z,178888675569400
"""Yaden @ 4u5onOgZt7"" folds",2026-09-08T16:59:05.433Z,178888674543300
"""jahan 30 min @ SNbRa1Lx6Y"" folds",2026-09-08T16:59:04.531Z,178888674453100
"""Heech @ wzsls5Sz57"" raises to 2.00",2026-09-08T16:59:03.666Z,178888674366600
"""rowan @ GthBpPSqaK"" folds",2026-09-08T16:58:59.807Z,178888673980700
"""Mr Bink @ IRFSw7AJ_c"" folds",2026-09-08T16:58:58.916Z,178888673891600
"""1bulletonly @ xZS3GKnBtu"" posts a big blind of 0.50",2026-09-08T16:58:57.775Z,178888673777510
"""Rayan @ nhXZL_Cydv"" posts a small blind of 0.25",2026-09-08T16:58:57.775Z,178888673777509
"Player stacks: #1 ""rowan @ GthBpPSqaK"" (164.51) | #2 ""Heech @ wzsls5Sz57"" (73.18) | #3 ""jahan 30 min @ SNbRa1Lx6Y"" (71.89) | #4 ""Yaden @ 4u5onOgZt7"" (32.32) | #8 ""Rayan @ nhXZL_Cydv"" (72.21) | #9 ""1bulletonly @ xZS3GKnBtu"" (25.89) | #10 ""Mr Bink @ IRFSw7AJ_c"" (100.00)",2026-09-08T16:58:57.775Z,178888673777501
"-- starting hand #41 (id: lhxb0cipsd2k)  No Limit Texas Hold'em (dealer: ""Yaden @ 4u5onOgZt7"") --",2026-09-08T16:58:57.775Z,178888673777500
"-- ending hand #40 --",2026-09-08T16:58:51.769Z,178888673176902
"""jahan 30 min @ SNbRa1Lx6Y"" collected 7.50 from pot",2026-09-08T16:58:51.769Z,178888673176901
"Uncalled bet of 5.62 returned to ""jahan 30 min @ SNbRa1Lx6Y""",2026-09-08T16:58:51.769Z,178888673176900
"""Heech @ wzsls5Sz57"" folds",2026-09-08T16:58:50.924Z,178888673092400
"""1bulletonly @ xZS3GKnBtu"" folds",2026-09-08T16:58:49.540Z,178888672954000
"""jahan 30 min @ SNbRa1Lx6Y"" bets 5.62",2026-09-08T16:58:47.770Z,178888672777000
"""Heech @ wzsls5Sz57"" checks",2026-09-08T16:58:43.761Z,178888672376100
"""1bulletonly @ xZS3GKnBtu"" checks",2026-09-08T16:58:42.021Z,178888672202100
"Flop:  [4♥, 9♠, 4♦]",2026-09-08T16:58:39.632Z,178888671963200
"""Rayan @ nhXZL_Cydv"" folds",2026-09-08T16:58:38.821Z,178888671882100
"""Yaden @ 4u5onOgZt7"" folds",2026-09-08T16:58:37.849Z,178888671784900
"""jahan 30 min @ SNbRa1Lx6Y"" calls 2.25",2026-09-08T16:58:34.277Z,178888671427700
"""Heech @ wzsls5Sz57"" calls 2.25",2026-09-08T16:58:33.246Z,178888671324600
"""rowan @ GthBpPSqaK"" folds",2026-09-08T16:58:29.889Z,178888670988900
"""Mr Bink @ IRFSw7AJ_c"" folds",2026-09-08T16:58:29.036Z,178888670903600
"""1bulletonly @ xZS3GKnBtu"" raises to 2.25",2026-09-08T16:58:28.056Z,178888670805600
"""Rayan @ nhXZL_Cydv"" posts a big blind of 0.50",2026-09-08T16:58:22.944Z,178888670294410
"""Yaden @ 4u5onOgZt7"" posts a small blind of 0.25",2026-09-08T16:58:22.944Z,178888670294409
"Player stacks: #1 ""rowan @ GthBpPSqaK"" (164.51) | #2 ""Heech @ wzsls5Sz57"" (75.43) | #3 ""jahan 30 min @ SNbRa1Lx6Y"" (66.64) | #4 ""Yaden @ 4u5onOgZt7"" (32.57) | #8 ""Rayan @ nhXZL_Cydv"" (72.71) | #9 ""1bulletonly @ xZS3GKnBtu"" (28.14) | #10 ""Mr Bink @ IRFSw7AJ_c"" (100.00)",2026-09-08T16:58:22.944Z,178888670294401
"-- starting hand #40 (id: xn9xt4nqcdrq)  No Limit Texas Hold'em (dealer: ""jahan 30 min @ SNbRa1Lx6Y"") --",2026-09-08T16:58:22.944Z,178888670294400
"-- ending hand #39 --",2026-09-08T16:58:16.943Z,178888669694302
"""Rayan @ nhXZL_Cydv"" collected 3.25 from pot",2026-09-08T16:58:16.943Z,178888669694301
"Uncalled bet of 3.25 returned to ""Rayan @ nhXZL_Cydv""",2026-09-08T16:58:16.943Z,178888669694300
"""Yaden @ 4u5onOgZt7"" folds",2026-09-08T16:58:16.110Z,178888669611000
"""Rayan @ nhXZL_Cydv"" bets 3.25",2026-09-08T16:57:49.269Z,178888666926900
"""Yaden @ 4u5onOgZt7"" checks",2026-09-08T16:57:46.597Z,178888666659700
"Flop:  [8♦, 10♦, 7♥]",2026-09-08T16:57:38.465Z,178888665846500
"""Rayan @ nhXZL_Cydv"" calls 1.50",2026-09-08T16:57:37.662Z,178888665766200
"""Yaden @ 4u5onOgZt7"" raises to 1.50",2026-09-08T16:57:33.851Z,178888665385100
"""jahan 30 min @ SNbRa1Lx6Y"" folds",2026-09-08T16:57:24.069Z,178888664406900
"""Heech @ wzsls5Sz57"" folds",2026-09-08T16:57:16.344Z,178888663634400
"""rowan @ GthBpPSqaK"" folds",2026-09-08T16:57:15.366Z,178888663536600
"""Mr Bink @ IRFSw7AJ_c"" folds",2026-09-08T16:57:14.470Z,178888663447000
"""1bulletonly @ xZS3GKnBtu"" folds",2026-09-08T16:57:13.489Z,178888663348900
"""Rayan @ nhXZL_Cydv"" calls 0.50",2026-09-08T16:57:12.040Z,178888663204000
"""Yaden @ 4u5onOgZt7"" posts a big blind of 0.50",2026-09-08T16:57:10.912Z,178888663091210
"""jahan 30 min @ SNbRa1Lx6Y"" posts a small blind of 0.25",2026-09-08T16:57:10.912Z,178888663091209
"Player stacks: #1 ""rowan @ GthBpPSqaK"" (164.51) | #2 ""Heech @ wzsls5Sz57"" (75.43) | #3 ""jahan 30 min @ SNbRa1Lx6Y"" (66.89) | #4 ""Yaden @ 4u5onOgZt7"" (34.07) | #8 ""Rayan @ nhXZL_Cydv"" (70.96) | #9 ""1bulletonly @ xZS3GKnBtu"" (28.14) | #10 ""Mr Bink @ IRFSw7AJ_c"" (100.00)",2026-09-08T16:57:10.912Z,178888663091201
"-- starting hand #39 (id: zqxpeptwjckm)  No Limit Texas Hold'em (dealer: ""Heech @ wzsls5Sz57"") --",2026-09-08T16:57:10.912Z,178888663091200
"-- ending hand #38 --",2026-09-08T16:57:04.978Z,178888662497802
"""Heech @ wzsls5Sz57"" collected 10.25 from pot",2026-09-08T16:57:04.978Z,178888662497801
"Uncalled bet of 5.10 returned to ""Heech @ wzsls5Sz57""",2026-09-08T16:57:04.978Z,178888662497800
"""rowan @ GthBpPSqaK"" folds",2026-09-08T16:57:04.145Z,178888662414500
"""Heech @ wzsls5Sz57"" bets 5.10",2026-09-08T16:57:02.077Z,178888662207700
"Flop:  [J♦, 6♥, 6♠]",2026-09-08T16:56:55.384Z,178888661538400
"""rowan @ GthBpPSqaK"" calls 4.25",2026-09-08T16:56:54.577Z,178888661457700
"""1bulletonly @ xZS3GKnBtu"" folds",2026-09-08T16:56:49.528Z,178888660952800
"""Rayan @ nhXZL_Cydv"" folds",2026-09-08T16:56:48.323Z,178888660832300
"""jahan 30 min @ SNbRa1Lx6Y"" folds",2026-09-08T16:56:46.413Z,178888660641300
"""Heech @ wzsls5Sz57"" raises to 4.25",2026-09-08T16:56:45.382Z,178888660538200
"""rowan @ GthBpPSqaK"" calls 0.50",2026-09-08T16:56:38.787Z,178888659878700
"""Mr Bink @ IRFSw7AJ_c"" folds",2026-09-08T16:56:37.716Z,178888659771600
"""1bulletonly @ xZS3GKnBtu"" checks",2026-09-08T16:56:36.418Z,178888659641800
"""Rayan @ nhXZL_Cydv"" calls 0.50",2026-09-08T16:56:35.241Z,178888659524100
"""Yaden @ 4u5onOgZt7"" folds",2026-09-08T16:56:33.513Z,178888659351300
"""1bulletonly @ xZS3GKnBtu"" posts a missed big blind of 0.50",2026-09-08T16:56:31.739Z,178888659173914
"""1bulletonly @ xZS3GKnBtu"" posts a missing small blind of 0.25",2026-09-08T16:56:31.739Z,178888659173913
"""jahan 30 min @ SNbRa1Lx6Y"" posts a big blind of 0.50",2026-09-08T16:56:31.739Z,178888659173912
"""Heech @ wzsls5Sz57"" posts a small blind of 0.25",2026-09-08T16:56:31.739Z,178888659173911
"Player stacks: #1 ""rowan @ GthBpPSqaK"" (168.76) | #2 ""Heech @ wzsls5Sz57"" (69.43) | #3 ""jahan 30 min @ SNbRa1Lx6Y"" (67.39) | #4 ""Yaden @ 4u5onOgZt7"" (34.07) | #8 ""Rayan @ nhXZL_Cydv"" (71.46) | #9 ""1bulletonly @ xZS3GKnBtu"" (28.89) | #10 ""Mr Bink @ IRFSw7AJ_c"" (100.00)",2026-09-08T16:56:31.739Z,178888659173903
"-- starting hand #38 (id: borlz1w9mtwn)  No Limit Texas Hold'em (dealer: ""rowan @ GthBpPSqaK"") --",2026-09-08T16:56:31.739Z,178888659173902
"The player ""1bulletonly @ xZS3GKnBtu"" joined the game with a stack of 28.89.",2026-09-08T16:56:31.739Z,178888659173901
"The player ""Mr Bink @ IRFSw7AJ_c"" rebought. New stack 100.00.",2026-09-08T16:56:31.739Z,178888659173900
"Waiting for the game owner to approve or reject pending rebuy requests.",2026-09-08T16:56:30.386Z,178888659038601
"The player ""Mr Bink @ IRFSw7AJ_c"" requested a rebuy of 100.00.",2026-09-08T16:56:30.386Z,178888659038600
"Asking to busted players the rebuy decision.",2026-09-08T16:56:27.678Z,178888658767800
"""rowan @ GthBpPSqaK"" shows a Q♦, K♦.",2026-09-08T16:56:20.300Z,178888658030000
"-- ending hand #37 --",2026-09-08T16:56:19.164Z,178888657916402
"""Rayan @ nhXZL_Cydv"" collected 14.00 from pot with Pair, 10's on the second run  (combination: 9♥, J♠, Q♣, 10♣, 10♠)",2026-09-08T16:56:19.164Z,178888657916401
"""Rayan @ nhXZL_Cydv"" collected 14.00 from pot with Pair, 10's (combination: 6♦, 9♥, Q♣, 10♣, 10♠)",2026-09-08T16:56:19.164Z,178888657916400
"River (second run): 9♥, 6♦, 10♠, 5♣ [J♠]",2026-09-08T16:56:15.141Z,178888657514100
"River: 9♥, 6♦, 10♠, 5♣ [3♠]",2026-09-08T16:56:11.136Z,178888657113600
"""Mr Bink @ IRFSw7AJ_c"" shows a 3♦, 4♦.",2026-09-08T16:56:07.131Z,178888656713101
"""Rayan @ nhXZL_Cydv"" shows a 10♣, Q♣.",2026-09-08T16:56:07.131Z,178888656713100
"All players in hand choose to run it twice.",2026-09-08T16:56:06.290Z,178888656629001
"""Mr Bink @ IRFSw7AJ_c"" chooses to  run it twice.",2026-09-08T16:56:06.290Z,178888656629000
"""Rayan @ nhXZL_Cydv"" chooses to  run it twice.",2026-09-08T16:56:05.909Z,178888656590900
"Remaining players decide whether to run it twice.",2026-09-08T16:56:05.374Z,178888656537401
"""Rayan @ nhXZL_Cydv"" calls 10.00",2026-09-08T16:56:05.374Z,178888656537400
"""Heech @ wzsls5Sz57"" folds",2026-09-08T16:56:03.583Z,178888656358300
"""rowan @ GthBpPSqaK"" folds",2026-09-08T16:56:01.195Z,178888656119500
"""Mr Bink @ IRFSw7AJ_c"" raises to 10.00 and go all in",2026-09-08T16:56:00.272Z,178888656027200
"""Rayan @ nhXZL_Cydv"" bets 6.00",2026-09-08T16:55:58.243Z,178888655824300
"""Heech @ wzsls5Sz57"" checks",2026-09-08T16:55:55.485Z,178888655548500
"""rowan @ GthBpPSqaK"" checks",2026-09-08T16:55:53.090Z,178888655309000
"Turn: 9♥, 6♦, 10♠ [5♣]",2026-09-08T16:55:51.877Z,178888655187700
"""Mr Bink @ IRFSw7AJ_c"" checks",2026-09-08T16:55:51.050Z,178888655105000
"""Rayan @ nhXZL_Cydv"" checks",2026-09-08T16:55:49.585Z,178888654958500
"""Heech @ wzsls5Sz57"" checks",2026-09-08T16:55:46.571Z,178888654657100
"""rowan @ GthBpPSqaK"" checks",2026-09-08T16:55:44.717Z,178888654471700
"Flop:  [9♥, 6♦, 10♠]",2026-09-08T16:55:43.084Z,178888654308400
"""Rayan @ nhXZL_Cydv"" calls 2.00",2026-09-08T16:55:42.233Z,178888654223300
"""Heech @ wzsls5Sz57"" calls 2.00",2026-09-08T16:55:40.980Z,178888654098000
"""rowan @ GthBpPSqaK"" calls 2.00",2026-09-08T16:55:37.354Z,178888653735400
"""Mr Bink @ IRFSw7AJ_c"" raises to 2.00",2026-09-08T16:55:34.404Z,178888653440400
"""Rayan @ nhXZL_Cydv"" calls 0.50",2026-09-08T16:55:15.859Z,178888651585900
"""Yaden @ 4u5onOgZt7"" folds",2026-09-08T16:55:13.867Z,178888651386700
"The player ""1bulletonly @ xZS3GKnBtu"" sit back with the stack of 28.89.",2026-09-08T16:55:13.263Z,178888651326300
"""jahan 30 min @ SNbRa1Lx6Y"" folds",2026-09-08T16:55:12.888Z,178888651288800
"""Heech @ wzsls5Sz57"" posts a big blind of 0.50",2026-09-08T16:55:11.127Z,178888651112709
"""rowan @ GthBpPSqaK"" posts a small blind of 0.25",2026-09-08T16:55:11.127Z,178888651112708
"Player stacks: #1 ""rowan @ GthBpPSqaK"" (170.76) | #2 ""Heech @ wzsls5Sz57"" (71.43) | #3 ""jahan 30 min @ SNbRa1Lx6Y"" (67.39) | #4 ""Yaden @ 4u5onOgZt7"" (34.07) | #8 ""Rayan @ nhXZL_Cydv"" (55.46) | #10 ""Mr Bink @ IRFSw7AJ_c"" (12.00)",2026-09-08T16:55:11.127Z,178888651112701
"-- starting hand #37 (id: vy78y4usba82)  No Limit Texas Hold'em (dealer: ""Mr Bink @ IRFSw7AJ_c"") --",2026-09-08T16:55:11.127Z,178888651112700
"-- ending hand #36 --",2026-09-08T16:55:05.125Z,178888650512503
"""rowan @ GthBpPSqaK"" collected 30.00 from pot with Three of a Kind, A's (combination: 5♦, 6♥, A♠, A♥, A♣)",2026-09-08T16:55:05.125Z,178888650512502
"""rowan @ GthBpPSqaK"" shows a 2♣, A♠.",2026-09-08T16:55:05.125Z,178888650512501
"""Mr Bink @ IRFSw7AJ_c"" shows a K♠, K♥.",2026-09-08T16:55:05.125Z,178888650512500
"""rowan @ GthBpPSqaK"" calls 9.00",2026-09-08T16:55:04.285Z,178888650428500
"""Mr Bink @ IRFSw7AJ_c"" bets 9.00",2026-09-08T16:55:03.041Z,178888650304100
"River: 3♠, A♥, 5♦, A♣ [6♥]",2026-09-08T16:55:00.980Z,178888650098000
"""rowan @ GthBpPSqaK"" checks",2026-09-08T16:55:00.169Z,178888650016900
"""Mr Bink @ IRFSw7AJ_c"" checks",2026-09-08T16:54:58.552Z,178888649855200
"Turn: 3♠, A♥, 5♦ [A♣]",2026-09-08T16:54:56.675Z,178888649667500
"""rowan @ GthBpPSqaK"" calls 4.00",2026-09-08T16:54:55.804Z,178888649580400
"""Mr Bink @ IRFSw7AJ_c"" raises to 4.00",2026-09-08T16:54:52.834Z,178888649283400
"""rowan @ GthBpPSqaK"" bets 2.00",2026-09-08T16:54:50.684Z,178888649068400
"""Mr Bink @ IRFSw7AJ_c"" checks",2026-09-08T16:54:48.212Z,178888648821200
"Flop:  [3♠, A♥, 5♦]",2026-09-08T16:54:46.492Z,178888648649200
"""rowan @ GthBpPSqaK"" calls 2.00",2026-09-08T16:54:45.674Z,178888648567400
"""Mr Bink @ IRFSw7AJ_c"" raises to 2.00",2026-09-08T16:54:32.066Z,178888647206600
"""Rayan @ nhXZL_Cydv"" folds",2026-09-08T16:54:28.774Z,178888646877400
"""Yaden @ 4u5onOgZt7"" folds",2026-09-08T16:54:26.855Z,178888646685500
"""jahan 30 min @ SNbRa1Lx6Y"" folds",2026-09-08T16:54:25.919Z,178888646591900
"""Heech @ wzsls5Sz57"" folds",2026-09-08T16:54:25.076Z,178888646507600
"""rowan @ GthBpPSqaK"" posts a big blind of 0.50",2026-09-08T16:54:21.859Z,178888646185909
"""Mr Bink @ IRFSw7AJ_c"" posts a small blind of 0.25",2026-09-08T16:54:21.859Z,178888646185908
"Player stacks: #1 ""rowan @ GthBpPSqaK"" (155.76) | #2 ""Heech @ wzsls5Sz57"" (71.43) | #3 ""jahan 30 min @ SNbRa1Lx6Y"" (67.39) | #4 ""Yaden @ 4u5onOgZt7"" (34.07) | #8 ""Rayan @ nhXZL_Cydv"" (55.46) | #10 ""Mr Bink @ IRFSw7AJ_c"" (27.00)",2026-09-08T16:54:21.859Z,178888646185901
"-- starting hand #36 (id: c85a0dhd0lgw)  No Limit Texas Hold'em (dealer: ""Rayan @ nhXZL_Cydv"") --",2026-09-08T16:54:21.859Z,178888646185900
"-- ending hand #35 --",2026-09-08T16:54:15.824Z,178888645582402
"""rowan @ GthBpPSqaK"" collected 22.97 from pot with Pair, Q's (combination: 8♣, 10♠, K♠, Q♦, Q♥)",2026-09-08T16:54:15.824Z,178888645582401
"""rowan @ GthBpPSqaK"" shows a Q♦, K♠.",2026-09-08T16:54:15.824Z,178888645582400
"""jahan 30 min @ SNbRa1Lx6Y"" checks",2026-09-08T16:54:15.013Z,178888645501300
"""rowan @ GthBpPSqaK"" checks",2026-09-08T16:54:14.037Z,178888645403700
"River: Q♥, 8♣, 10♠, 3♠ [2♠]",2026-09-08T16:54:12.945Z,178888645294500
"""rowan @ GthBpPSqaK"" calls 5.24",2026-09-08T16:54:12.117Z,178888645211700
"""jahan 30 min @ SNbRa1Lx6Y"" bets 5.24",2026-09-08T16:54:10.347Z,178888645034700
"""rowan @ GthBpPSqaK"" checks",2026-09-08T16:54:06.443Z,178888644644300
"Turn: Q♥, 8♣, 10♠ [3♠]",2026-09-08T16:54:02.645Z,178888644264500
"""Mr Bink @ IRFSw7AJ_c"" folds",2026-09-08T16:54:01.640Z,178888644164000
"""jahan 30 min @ SNbRa1Lx6Y"" calls 3.12",2026-09-08T16:54:00.489Z,178888644048900
"""rowan @ GthBpPSqaK"" bets 3.12",2026-09-08T16:53:58.812Z,178888643881200
"""Mr Bink @ IRFSw7AJ_c"" checks",2026-09-08T16:53:55.745Z,178888643574500
"Flop:  [Q♥, 8♣, 10♠]",2026-09-08T16:53:54.373Z,178888643437300
"""Mr Bink @ IRFSw7AJ_c"" calls 2.00",2026-09-08T16:53:53.535Z,178888643353500
"""Rayan @ nhXZL_Cydv"" folds",2026-09-08T16:53:52.220Z,178888643222000
"""Yaden @ 4u5onOgZt7"" folds",2026-09-08T16:53:50.628Z,178888643062800
"""jahan 30 min @ SNbRa1Lx6Y"" calls 2.00",2026-09-08T16:53:49.695Z,178888642969500
"""Heech @ wzsls5Sz57"" folds",2026-09-08T16:53:47.602Z,178888642760200
"""rowan @ GthBpPSqaK"" raises to 2.00",2026-09-08T16:53:46.737Z,178888642673700
"""Mr Bink @ IRFSw7AJ_c"" posts a big blind of 0.50",2026-09-08T16:53:43.263Z,178888642326309
"""Rayan @ nhXZL_Cydv"" posts a small blind of 0.25",2026-09-08T16:53:43.263Z,178888642326308
"Player stacks: #1 ""rowan @ GthBpPSqaK"" (143.15) | #2 ""Heech @ wzsls5Sz57"" (71.43) | #3 ""jahan 30 min @ SNbRa1Lx6Y"" (77.75) | #4 ""Yaden @ 4u5onOgZt7"" (34.07) | #8 ""Rayan @ nhXZL_Cydv"" (55.71) | #10 ""Mr Bink @ IRFSw7AJ_c"" (29.00)",2026-09-08T16:53:43.263Z,178888642326301
"-- starting hand #35 (id: evoyyqxfmcr9)  No Limit Texas Hold'em (dealer: ""Yaden @ 4u5onOgZt7"") --",2026-09-08T16:53:43.263Z,178888642326300
"-- ending hand #34 --",2026-09-08T16:53:37.245Z,178888641724503
"""jahan 30 min @ SNbRa1Lx6Y"" collected 50.00 from pot with Two Pair, A's & 3's (combination: K♠, 3♣, 3♥, A♣, A♦)",2026-09-08T16:53:37.245Z,178888641724502
"""jahan 30 min @ SNbRa1Lx6Y"" shows a A♣, 3♣.",2026-09-08T16:53:37.245Z,178888641724501
"""Mr Bink @ IRFSw7AJ_c"" shows a A♥, 9♥.",2026-09-08T16:53:37.245Z,178888641724500
"""jahan 30 min @ SNbRa1Lx6Y"" calls 12.50",2026-09-08T16:53:36.396Z,178888641639600
"""Mr Bink @ IRFSw7AJ_c"" bets 12.50",2026-09-08T16:53:14.683Z,178888639468300
"River: 3♥, 4♥, K♠, A♦ [6♦]",2026-09-08T16:53:10.273Z,178888639027300
"""Rayan @ nhXZL_Cydv"" folds",2026-09-08T16:53:09.460Z,178888638946000
"""Yaden @ 4u5onOgZt7"" folds",2026-09-08T16:53:06.170Z,178888638617000
"""jahan 30 min @ SNbRa1Lx6Y"" calls 7.50",2026-09-08T16:53:05.080Z,178888638508000
"""Heech @ wzsls5Sz57"" folds",2026-09-08T16:52:58.091Z,178888637809100
"""Mr Bink @ IRFSw7AJ_c"" bets 7.50",2026-09-08T16:52:54.628Z,178888637462800
"""Rayan @ nhXZL_Cydv"" checks",2026-09-08T16:52:52.078Z,178888637207800
"""Yaden @ 4u5onOgZt7"" checks",2026-09-08T16:52:49.538Z,178888636953800
"Turn: 3♥, 4♥, K♠ [A♦]",2026-09-08T16:52:48.042Z,178888636804200
"""jahan 30 min @ SNbRa1Lx6Y"" checks",2026-09-08T16:52:47.218Z,178888636721800
"""Heech @ wzsls5Sz57"" checks",2026-09-08T16:52:42.637Z,178888636263700
"""Mr Bink @ IRFSw7AJ_c"" checks",2026-09-08T16:52:39.014Z,178888635901400
"""Rayan @ nhXZL_Cydv"" checks",2026-09-08T16:52:36.840Z,178888635684000
"""Yaden @ 4u5onOgZt7"" checks",2026-09-08T16:52:35.328Z,178888635532800
"Flop:  [3♥, 4♥, K♠]",2026-09-08T16:52:32.885Z,178888635288500
"""Rayan @ nhXZL_Cydv"" calls 2.00",2026-09-08T16:52:32.078Z,178888635207800
"""Yaden @ 4u5onOgZt7"" calls 2.00",2026-09-08T16:52:28.914Z,178888634891400
"""jahan 30 min @ SNbRa1Lx6Y"" calls 2.00",2026-09-08T16:52:16.958Z,178888633695800
"""Heech @ wzsls5Sz57"" calls 2.00",2026-09-08T16:52:12.810Z,178888633281000
"""rowan @ GthBpPSqaK"" folds",2026-09-08T16:52:10.708Z,178888633070800
"""Mr Bink @ IRFSw7AJ_c"" raises to 2.00",2026-09-08T16:52:09.845Z,178888632984500
"""Rayan @ nhXZL_Cydv"" posts a big blind of 0.50",2026-09-08T16:52:06.353Z,178888632635310
"""Yaden @ 4u5onOgZt7"" posts a small blind of 0.25",2026-09-08T16:52:06.353Z,178888632635309
"Player stacks: #1 ""rowan @ GthBpPSqaK"" (143.15) | #2 ""Heech @ wzsls5Sz57"" (73.43) | #3 ""jahan 30 min @ SNbRa1Lx6Y"" (49.75) | #4 ""Yaden @ 4u5onOgZt7"" (36.07) | #8 ""Rayan @ nhXZL_Cydv"" (57.71) | #10 ""Mr Bink @ IRFSw7AJ_c"" (51.00)",2026-09-08T16:52:06.353Z,178888632635302
"-- starting hand #34 (id: esxcachojr7k)  No Limit Texas Hold'em (dealer: ""jahan 30 min @ SNbRa1Lx6Y"") --",2026-09-08T16:52:06.353Z,178888632635301
"The player ""1bulletonly @ xZS3GKnBtu"" stand up with the stack of 28.89.",2026-09-08T16:52:06.353Z,178888632635300
"-- ending hand #33 --",2026-09-08T16:52:00.291Z,178888632029103
"""Rayan @ nhXZL_Cydv"" collected 8.11 from pot with Two Pair, 9's & 6's (combination: Q♠, 6♠, 6♣, 9♦, 9♠)",2026-09-08T16:52:00.291Z,178888632029102
"""Rayan @ nhXZL_Cydv"" shows a 9♦, 8♣.",2026-09-08T16:52:00.291Z,178888632029101
"""Yaden @ 4u5onOgZt7"" shows a A♣, K♠.",2026-09-08T16:52:00.291Z,178888632029100
"""Rayan @ nhXZL_Cydv"" checks",2026-09-08T16:51:59.403Z,178888631940300
"""Yaden @ 4u5onOgZt7"" checks",2026-09-08T16:51:58.530Z,178888631853000
"River: 6♠, 6♣, Q♠, 9♠ [J♦]",2026-09-08T16:51:48.469Z,178888630846900
"""Yaden @ 4u5onOgZt7"" calls 2.43",2026-09-08T16:51:47.618Z,178888630761800
"""Rayan @ nhXZL_Cydv"" bets 2.43",2026-09-08T16:51:45.693Z,178888630569300
"""Yaden @ 4u5onOgZt7"" checks",2026-09-08T16:51:43.633Z,178888630363300
"Turn: 6♠, 6♣, Q♠ [9♠]",2026-09-08T16:51:40.065Z,178888630006500
"""Rayan @ nhXZL_Cydv"" checks",2026-09-08T16:51:39.214Z,178888629921400
"""Yaden @ 4u5onOgZt7"" checks",2026-09-08T16:51:37.748Z,178888629774800
"Flop:  [6♠, 6♣, Q♠]",2026-09-08T16:51:28.341Z,178888628834100
"""Rayan @ nhXZL_Cydv"" calls 1.50",2026-09-08T16:51:27.514Z,178888628751400
"""Yaden @ 4u5onOgZt7"" raises to 1.50",2026-09-08T16:51:21.657Z,178888628165700
"""jahan 30 min @ SNbRa1Lx6Y"" folds",2026-09-08T16:51:04.229Z,178888626422900
"""Heech @ wzsls5Sz57"" folds",2026-09-08T16:51:03.341Z,178888626334100
"""rowan @ GthBpPSqaK"" folds",2026-09-08T16:51:02.442Z,178888626244200
"""Mr Bink @ IRFSw7AJ_c"" folds",2026-09-08T16:51:01.402Z,178888626140200
"""1bulletonly @ xZS3GKnBtu"" folds",2026-09-08T16:51:00.500Z,178888626050000
"""Rayan @ nhXZL_Cydv"" calls 0.50",2026-09-08T16:50:39.668Z,178888623966800
"""Yaden @ 4u5onOgZt7"" posts a big blind of 0.50",2026-09-08T16:50:38.078Z,178888623807813
"""jahan 30 min @ SNbRa1Lx6Y"" posts a small blind of 0.25",2026-09-08T16:50:38.078Z,178888623807812
"Player stacks: #1 ""rowan @ GthBpPSqaK"" (143.15) | #2 ""Heech @ wzsls5Sz57"" (73.43) | #3 ""jahan 30 min @ SNbRa1Lx6Y"" (50.00) | #4 ""Yaden @ 4u5onOgZt7"" (40.00) | #8 ""Rayan @ nhXZL_Cydv"" (53.53) | #9 ""1bulletonly @ xZS3GKnBtu"" (28.89) | #10 ""Mr Bink @ IRFSw7AJ_c"" (51.00)",2026-09-08T16:50:38.078Z,178888623807804
"-- starting hand #33 (id: mnvvjo2krl1d)  No Limit Texas Hold'em (dealer: ""Heech @ wzsls5Sz57"") --",2026-09-08T16:50:38.078Z,178888623807803
"The player ""Yaden @ 4u5onOgZt7"" joined the game with a stack of 40.00.",2026-09-08T16:50:38.078Z,178888623807802
"The admin updated the player ""Mr Bink @ IRFSw7AJ_c"" stack from 31.00 to 51.00.",2026-09-08T16:50:38.078Z,178888623807801
"The player ""jahan 30 min @ SNbRa1Lx6Y"" rebought. New stack 50.00.",2026-09-08T16:50:38.078Z,178888623807800
"Waiting for the game owner to approve or reject pending rebuy requests.",2026-09-08T16:50:37.194Z,178888623719401
"The player ""jahan 30 min @ SNbRa1Lx6Y"" requested a rebuy of 50.00.",2026-09-08T16:50:37.194Z,178888623719400
"Asking to busted players the rebuy decision.",2026-09-08T16:50:31.673Z,178888623167300
"""Rayan @ nhXZL_Cydv"" shows a 6♠, 5♥.",2026-09-08T16:50:25.522Z,178888622552200
"The admin approved the player ""Yaden @ 4u5onOgZt7"" participation with a stack of 40.00.",2026-09-08T16:50:24.906Z,178888622490600
"The player ""Yaden @ 4u5onOgZt7"" requested a seat.",2026-09-08T16:50:23.786Z,178888622378600
"-- ending hand #32 --",2026-09-08T16:50:23.170Z,178888622317002
"""rowan @ GthBpPSqaK"" collected 50.87 from pot with Full House, J's over 7's on the second run  (combination: 7♠, 7♣, J♣, J♠, J♥)",2026-09-08T16:50:23.170Z,178888622317001
"""rowan @ GthBpPSqaK"" collected 50.88 from pot with Three of a Kind, J's (combination: 6♦, 7♠, J♣, J♠, J♥)",2026-09-08T16:50:23.170Z,178888622317000
"River (second run): 6♦, 7♠, 5♠, J♥ [7♣]",2026-09-08T16:50:19.107Z,178888621910700
"River: 6♦, 7♠, 5♠, J♥ [4♠]",2026-09-08T16:50:15.094Z,178888621509400
"""jahan 30 min @ SNbRa1Lx6Y"" shows a 2♣, 7♦.",2026-09-08T16:50:11.051Z,178888621105102
"""rowan @ GthBpPSqaK"" shows a J♣, J♠.",2026-09-08T16:50:11.051Z,178888621105101
"Uncalled bet of 41.40 returned to ""rowan @ GthBpPSqaK""",2026-09-08T16:50:11.051Z,178888621105100
"All players in hand choose to run it twice.",2026-09-08T16:50:10.235Z,178888621023501
"""rowan @ GthBpPSqaK"" chooses to  run it twice.",2026-09-08T16:50:10.235Z,178888621023500
"""jahan 30 min @ SNbRa1Lx6Y"" chooses to  run it twice.",2026-09-08T16:50:09.871Z,178888620987100
"Remaining players decide whether to run it twice.",2026-09-08T16:50:08.906Z,178888620890601
"""jahan 30 min @ SNbRa1Lx6Y"" calls 42.44 and go all in",2026-09-08T16:50:08.906Z,178888620890600
"""rowan @ GthBpPSqaK"" raises to 83.84 and go all in",2026-09-08T16:49:58.404Z,178888619840400
"""jahan 30 min @ SNbRa1Lx6Y"" bets 12.65",2026-09-08T16:49:50.408Z,178888619040800
"Turn: 6♦, 7♠, 5♠ [J♥]",2026-09-08T16:49:42.289Z,178888618228900
"""rowan @ GthBpPSqaK"" calls 5.06",2026-09-08T16:49:41.478Z,178888618147800
"""jahan 30 min @ SNbRa1Lx6Y"" bets 5.06",2026-09-08T16:49:39.684Z,178888617968400
"Flop:  [6♦, 7♠, 5♠]",2026-09-08T16:49:35.024Z,178888617502400
"""Rayan @ nhXZL_Cydv"" folds",2026-09-08T16:49:34.172Z,178888617417200
"""jahan 30 min @ SNbRa1Lx6Y"" calls 3.00",2026-09-08T16:49:19.776Z,178888615977600
"""Heech @ wzsls5Sz57"" folds",2026-09-08T16:49:18.232Z,178888615823200
"""rowan @ GthBpPSqaK"" raises to 3.00",2026-09-08T16:49:17.382Z,178888615738200
"""Mr Bink @ IRFSw7AJ_c"" folds",2026-09-08T16:49:11.644Z,178888615164400
"WARNING: the admin queued the stack change for the player ""Mr Bink @ IRFSw7AJ_c"" adding 20.00 chips in the next hand.",2026-09-08T16:49:10.877Z,178888615087700
"""1bulletonly @ xZS3GKnBtu"" folds",2026-09-08T16:49:10.738Z,178888615073800
"""Rayan @ nhXZL_Cydv"" calls 0.50",2026-09-08T16:49:09.834Z,178888614983400
"""jahan 30 min @ SNbRa1Lx6Y"" posts a big blind of 0.50",2026-09-08T16:49:04.482Z,178888614448210
"""Heech @ wzsls5Sz57"" posts a small blind of 0.25",2026-09-08T16:49:04.482Z,178888614448209
"Player stacks: #1 ""rowan @ GthBpPSqaK"" (91.90) | #2 ""Heech @ wzsls5Sz57"" (73.68) | #3 ""jahan 30 min @ SNbRa1Lx6Y"" (50.50) | #8 ""Rayan @ nhXZL_Cydv"" (54.03) | #9 ""1bulletonly @ xZS3GKnBtu"" (28.89) | #10 ""Mr Bink @ IRFSw7AJ_c"" (31.00)",2026-09-08T16:49:04.482Z,178888614448202
"-- starting hand #32 (id: ipvwoxqdkgun)  No Limit Texas Hold'em (dealer: ""rowan @ GthBpPSqaK"") --",2026-09-08T16:49:04.482Z,178888614448201
"The admin updated the player ""Mr Bink @ IRFSw7AJ_c"" stack from 26.00 to 31.00.",2026-09-08T16:49:04.482Z,178888614448200
"-- ending hand #31 --",2026-09-08T16:48:58.551Z,178888613855102
"""Rayan @ nhXZL_Cydv"" collected 5.92 from pot",2026-09-08T16:48:58.551Z,178888613855101
"Uncalled bet of 2.96 returned to ""Rayan @ nhXZL_Cydv""",2026-09-08T16:48:58.551Z,178888613855100
"""Heech @ wzsls5Sz57"" folds",2026-09-08T16:48:57.748Z,178888613774800
"""Mr Bink @ IRFSw7AJ_c"" folds",2026-09-08T16:48:55.929Z,178888613592900
"""Rayan @ nhXZL_Cydv"" bets 2.96",2026-09-08T16:48:54.914Z,178888613491400
"""Heech @ wzsls5Sz57"" checks",2026-09-08T16:48:50.194Z,178888613019400
"Flop:  [K♦, 10♥, J♦]",2026-09-08T16:48:46.849Z,178888612684900
"""Rayan @ nhXZL_Cydv"" calls 1.89",2026-09-08T16:48:46.019Z,178888612601900
"""Heech @ wzsls5Sz57"" calls 1.89",2026-09-08T16:48:44.886Z,178888612488600
"""rowan @ GthBpPSqaK"" folds",2026-09-08T16:48:43.291Z,178888612329100
"""Mr Bink @ IRFSw7AJ_c"" raises to 1.89",2026-09-08T16:48:42.409Z,178888612240900
"WARNING: the admin queued the stack change for the player ""Mr Bink @ IRFSw7AJ_c"" adding 5.00 chips in the next hand.",2026-09-08T16:48:37.942Z,178888611794200
"""1bulletonly @ xZS3GKnBtu"" folds",2026-09-08T16:48:36.460Z,178888611646000
"WARNING: the admin queued the stack change for the player ""Mr Bink @ IRFSw7AJ_c"" adding 20.00 chips in the next hand.",2026-09-08T16:48:22.433Z,178888610243300
"""Rayan @ nhXZL_Cydv"" calls 0.50",2026-09-08T16:48:19.614Z,178888609961400
"""jahan 30 min @ SNbRa1Lx6Y"" folds",2026-09-08T16:48:17.764Z,178888609776400
"""Heech @ wzsls5Sz57"" posts a big blind of 0.50",2026-09-08T16:48:16.787Z,178888609678711
"""rowan @ GthBpPSqaK"" posts a small blind of 0.25",2026-09-08T16:48:16.787Z,178888609678710
"Player stacks: #1 ""rowan @ GthBpPSqaK"" (92.15) | #2 ""Heech @ wzsls5Sz57"" (75.57) | #3 ""jahan 30 min @ SNbRa1Lx6Y"" (50.50) | #8 ""Rayan @ nhXZL_Cydv"" (50.00) | #9 ""1bulletonly @ xZS3GKnBtu"" (28.89) | #10 ""Mr Bink @ IRFSw7AJ_c"" (27.89)",2026-09-08T16:48:16.787Z,178888609678703
"-- starting hand #31 (id: 50ormorftrwm)  No Limit Texas Hold'em (dealer: ""Mr Bink @ IRFSw7AJ_c"") --",2026-09-08T16:48:16.787Z,178888609678702
"The player ""Rayan @ nhXZL_Cydv"" joined the game with a stack of 50.00.",2026-09-08T16:48:16.787Z,178888609678701
"The player ""1bulletonly @ xZS3GKnBtu"" joined the game with a stack of 28.89.",2026-09-08T16:48:16.787Z,178888609678700
"The player ""1bulletonly @ xZS3GKnBtu"" sit back with the stack of 28.89.",2026-09-08T16:48:14.309Z,178888609430900
"-- ending hand #30 --",2026-09-08T16:48:10.838Z,178888609083802
"""Heech @ wzsls5Sz57"" collected 6.25 from pot",2026-09-08T16:48:10.838Z,178888609083801
"Uncalled bet of 4.60 returned to ""Heech @ wzsls5Sz57""",2026-09-08T16:48:10.838Z,178888609083800
"""rowan @ GthBpPSqaK"" folds",2026-09-08T16:48:10.028Z,178888609002800
"""jahan 30 min @ SNbRa1Lx6Y"" folds",2026-09-08T16:48:09.174Z,178888608917400
"""Heech @ wzsls5Sz57"" bets 4.60",2026-09-08T16:48:07.749Z,178888608774900
"""rowan @ GthBpPSqaK"" checks",2026-09-08T16:48:03.483Z,178888608348300
"The admin approved the player ""Rayan @ nhXZL_Cydv"" participation with a stack of 50.00.",2026-09-08T16:48:02.000Z,178888608200000
"The player ""Rayan @ nhXZL_Cydv"" requested a seat.",2026-09-08T16:48:00.898Z,178888608089800
"Flop:  [J♣, 3♣, 3♥]",2026-09-08T16:48:00.274Z,178888608027400
"""rowan @ GthBpPSqaK"" calls 2.00",2026-09-08T16:47:59.426Z,178888607942600
"""Mr Bink @ IRFSw7AJ_c"" folds",2026-09-08T16:47:58.339Z,178888607833900
"""jahan 30 min @ SNbRa1Lx6Y"" calls 2.00",2026-09-08T16:47:57.470Z,178888607747000
"""Heech @ wzsls5Sz57"" raises to 2.00",2026-09-08T16:47:56.240Z,178888607624000
"""rowan @ GthBpPSqaK"" posts a big blind of 0.50",2026-09-08T16:47:52.583Z,178888607258308
"""Mr Bink @ IRFSw7AJ_c"" posts a small blind of 0.25",2026-09-08T16:47:52.583Z,178888607258307
"Player stacks: #1 ""rowan @ GthBpPSqaK"" (94.15) | #2 ""Heech @ wzsls5Sz57"" (71.32) | #3 ""jahan 30 min @ SNbRa1Lx6Y"" (52.50) | #10 ""Mr Bink @ IRFSw7AJ_c"" (28.14)",2026-09-08T16:47:52.583Z,178888607258302
"-- starting hand #30 (id: 7mhogdqmdnpa)  No Limit Texas Hold'em (dead button) --",2026-09-08T16:47:52.583Z,178888607258301
"The player ""1bulletonly @ xZS3GKnBtu"" stand up with the stack of 28.89.",2026-09-08T16:47:52.583Z,178888607258300
"""rowan @ GthBpPSqaK"" shows a A♣, A♦.",2026-09-08T16:47:49.858Z,178888606985800
"-- ending hand #29 --",2026-09-08T16:47:48.942Z,178888606894201
"""rowan @ GthBpPSqaK"" collected 15.49 from pot",2026-09-08T16:47:48.942Z,178888606894200
"""Mr Bink @ IRFSw7AJ_c"" folds",2026-09-08T16:47:48.112Z,178888606811200
"River: 5♣, 3♦, A♠, K♦ [7♣]",2026-09-08T16:47:45.069Z,178888606506900
"""rowan @ GthBpPSqaK"" checks",2026-09-08T16:47:44.259Z,178888606425900
"""Mr Bink @ IRFSw7AJ_c"" checks",2026-09-08T16:47:42.571Z,178888606257100
"Turn: 5♣, 3♦, A♠ [K♦]",2026-09-08T16:47:40.939Z,178888606093900
"""Mr Bink @ IRFSw7AJ_c"" calls 3.87",2026-09-08T16:47:40.116Z,178888606011600
"""jahan 30 min @ SNbRa1Lx6Y"" folds",2026-09-08T16:47:38.857Z,178888605885700
"""rowan @ GthBpPSqaK"" bets 3.87",2026-09-08T16:47:37.944Z,178888605794400
"""Mr Bink @ IRFSw7AJ_c"" checks",2026-09-08T16:47:33.983Z,178888605398300
"Flop:  [5♣, 3♦, A♠]",2026-09-08T16:47:32.365Z,178888605236500
"""Mr Bink @ IRFSw7AJ_c"" calls 2.50",2026-09-08T16:47:31.509Z,178888605150900
"""1bulletonly @ xZS3GKnBtu"" folds",2026-09-08T16:47:30.361Z,178888605036100
"""jahan 30 min @ SNbRa1Lx6Y"" calls 2.50",2026-09-08T16:47:28.738Z,178888604873800
"""Heech @ wzsls5Sz57"" folds",2026-09-08T16:47:27.882Z,178888604788200
"""rowan @ GthBpPSqaK"" raises to 2.50",2026-09-08T16:47:19.759Z,178888603975900
"""Mr Bink @ IRFSw7AJ_c"" posts a big blind of 0.50",2026-09-08T16:47:17.593Z,178888603759308
"""1bulletonly @ xZS3GKnBtu"" posts a small blind of 0.25",2026-09-08T16:47:17.593Z,178888603759307
"Player stacks: #1 ""rowan @ GthBpPSqaK"" (85.03) | #2 ""Heech @ wzsls5Sz57"" (71.32) | #3 ""jahan 30 min @ SNbRa1Lx6Y"" (55.00) | #9 ""1bulletonly @ xZS3GKnBtu"" (29.14) | #10 ""Mr Bink @ IRFSw7AJ_c"" (34.51)",2026-09-08T16:47:17.593Z,178888603759301
"-- starting hand #29 (id: nsnsizlm7jke)  No Limit Texas Hold'em (dealer: ""jahan 30 min @ SNbRa1Lx6Y"") --",2026-09-08T16:47:17.593Z,178888603759300
"-- ending hand #28 --",2026-09-08T16:47:11.689Z,178888603168902
"""jahan 30 min @ SNbRa1Lx6Y"" collected 1.50 from pot",2026-09-08T16:47:11.689Z,178888603168901
"Uncalled bet of 1.50 returned to ""jahan 30 min @ SNbRa1Lx6Y""",2026-09-08T16:47:11.689Z,178888603168900
"""Mr Bink @ IRFSw7AJ_c"" folds",2026-09-08T16:47:10.863Z,178888603086300
"""1bulletonly @ xZS3GKnBtu"" folds",2026-09-08T16:47:09.906Z,178888602990600
"""jahan 30 min @ SNbRa1Lx6Y"" bets 1.50",2026-09-08T16:47:09.002Z,178888602900200
"Flop:  [9♠, J♣, J♥]",2026-09-08T16:47:05.078Z,178888602507800
"""1bulletonly @ xZS3GKnBtu"" checks",2026-09-08T16:47:04.249Z,178888602424900
"""jahan 30 min @ SNbRa1Lx6Y"" calls 0.50",2026-09-08T16:47:02.343Z,178888602234300
"""Heech @ wzsls5Sz57"" folds",2026-09-08T16:47:01.205Z,178888602120500
"""rowan @ GthBpPSqaK"" folds",2026-09-08T16:46:59.331Z,178888601933100
"""Mr Bink @ IRFSw7AJ_c"" calls 0.50",2026-09-08T16:46:58.472Z,178888601847200
"""1bulletonly @ xZS3GKnBtu"" posts a big blind of 0.50",2026-09-08T16:46:56.999Z,178888601699908
"""jahan 30 min @ SNbRa1Lx6Y"" posts a small blind of 0.25",2026-09-08T16:46:56.999Z,178888601699907
"Player stacks: #1 ""rowan @ GthBpPSqaK"" (85.03) | #2 ""Heech @ wzsls5Sz57"" (71.32) | #3 ""jahan 30 min @ SNbRa1Lx6Y"" (54.00) | #9 ""1bulletonly @ xZS3GKnBtu"" (29.64) | #10 ""Mr Bink @ IRFSw7AJ_c"" (35.01)",2026-09-08T16:46:56.999Z,178888601699901
"-- starting hand #28 (id: ehp1yb2yx17r)  No Limit Texas Hold'em (dealer: ""Heech @ wzsls5Sz57"") --",2026-09-08T16:46:56.999Z,178888601699900
"""jahan 30 min @ SNbRa1Lx6Y"" shows a 7♠, 6♦.",2026-09-08T16:46:50.944Z,178888601094400
"-- ending hand #27 --",2026-09-08T16:46:48.479Z,178888600847902
"""Heech @ wzsls5Sz57"" collected 35.66 from pot with Two Pair, A's & Q's on the second run  (combination: K♦, Q♦, Q♠, A♦, A♠)",2026-09-08T16:46:48.479Z,178888600847901
"""Heech @ wzsls5Sz57"" collected 35.66 from pot with Pair, A's (combination: 6♣, 8♣, K♠, A♦, A♠)",2026-09-08T16:46:48.479Z,178888600847900
"River (second run): K♦, Q♦, 6♥, J♠ [Q♠]",2026-09-08T16:46:44.456Z,178888600445600
"Turn (second run): K♦, Q♦, 6♥ [J♠]",2026-09-08T16:46:40.391Z,178888600039100
"Flop (second run):  [K♦, Q♦, 6♥]",2026-09-08T16:46:36.365Z,178888599636500
"River: K♠, 4♣, 6♣, 8♣ [5♦]",2026-09-08T16:46:32.344Z,178888599234400
"Turn: K♠, 4♣, 6♣ [8♣]",2026-09-08T16:46:28.340Z,178888598834000
"Flop:  [K♠, 4♣, 6♣]",2026-09-08T16:46:24.331Z,178888598433100
"""Heech @ wzsls5Sz57"" shows a A♦, A♠.",2026-09-08T16:46:20.307Z,178888598030702
"""rowan @ GthBpPSqaK"" shows a A♣, K♥.",2026-09-08T16:46:20.307Z,178888598030701
"Uncalled bet of 85.03 returned to ""rowan @ GthBpPSqaK""",2026-09-08T16:46:20.307Z,178888598030700
"All players in hand choose to run it twice.",2026-09-08T16:46:19.495Z,178888597949501
"""rowan @ GthBpPSqaK"" chooses to  run it twice.",2026-09-08T16:46:19.495Z,178888597949500
"""Heech @ wzsls5Sz57"" chooses to  run it twice.",2026-09-08T16:46:18.960Z,178888597896000
"Remaining players decide whether to run it twice.",2026-09-08T16:46:18.398Z,178888597839801
"""Heech @ wzsls5Sz57"" calls 35.41 and go all in",2026-09-08T16:46:18.398Z,178888597839800
"""rowan @ GthBpPSqaK"" raises to 120.44 and go all in",2026-09-08T16:46:16.613Z,178888597661300
"""jahan 30 min @ SNbRa1Lx6Y"" folds",2026-09-08T16:46:10.389Z,178888597038900
"""Heech @ wzsls5Sz57"" raises to 5.50",2026-09-08T16:46:08.987Z,178888596898700
"""rowan @ GthBpPSqaK"" raises to 2.50",2026-09-08T16:46:05.988Z,178888596598800
"""Mr Bink @ IRFSw7AJ_c"" folds",2026-09-08T16:46:03.691Z,178888596369100
"""1bulletonly @ xZS3GKnBtu"" folds",2026-09-08T16:46:02.754Z,178888596275400
"""jahan 30 min @ SNbRa1Lx6Y"" posts a big blind of 0.50",2026-09-08T16:46:01.594Z,178888596159408
"""Heech @ wzsls5Sz57"" posts a small blind of 0.25",2026-09-08T16:46:01.594Z,178888596159407
"Player stacks: #1 ""rowan @ GthBpPSqaK"" (120.44) | #2 ""Heech @ wzsls5Sz57"" (35.41) | #3 ""jahan 30 min @ SNbRa1Lx6Y"" (54.50) | #9 ""1bulletonly @ xZS3GKnBtu"" (29.64) | #10 ""Mr Bink @ IRFSw7AJ_c"" (35.01)",2026-09-08T16:46:01.594Z,178888596159401
"-- starting hand #27 (id: j797fnfxoubw)  No Limit Texas Hold'em (dealer: ""rowan @ GthBpPSqaK"") --",2026-09-08T16:46:01.594Z,178888596159400
"-- ending hand #26 --",2026-09-08T16:45:55.574Z,178888595557402
"""jahan 30 min @ SNbRa1Lx6Y"" collected 22.49 from pot with Two Pair, 9's & 8's (combination: K♥, 8♦, 8♥, 9♠, 9♣)",2026-09-08T16:45:55.574Z,178888595557401
"""jahan 30 min @ SNbRa1Lx6Y"" shows a 8♦, Q♦.",2026-09-08T16:45:55.574Z,178888595557400
"""Mr Bink @ IRFSw7AJ_c"" checks",2026-09-08T16:45:54.700Z,178888595470000
"""jahan 30 min @ SNbRa1Lx6Y"" checks",2026-09-08T16:45:53.792Z,178888595379200
"River: 9♠, 9♣, 8♥, K♥ [7♥]",2026-09-08T16:45:51.247Z,178888595124700
"""Mr Bink @ IRFSw7AJ_c"" calls 6.12",2026-09-08T16:45:50.424Z,178888595042400
"""jahan 30 min @ SNbRa1Lx6Y"" bets 6.12",2026-09-08T16:45:49.069Z,178888594906900
"Turn: 9♠, 9♣, 8♥ [K♥]",2026-09-08T16:45:43.369Z,178888594336900
"""Mr Bink @ IRFSw7AJ_c"" checks",2026-09-08T16:45:42.543Z,178888594254300
"""jahan 30 min @ SNbRa1Lx6Y"" checks",2026-09-08T16:45:39.483Z,178888593948300
"Flop:  [9♠, 9♣, 8♥]",2026-09-08T16:45:35.031Z,178888593503100
"""1bulletonly @ xZS3GKnBtu"" folds",2026-09-08T16:45:34.217Z,178888593421700
"""jahan 30 min @ SNbRa1Lx6Y"" calls 4.50",2026-09-08T16:45:33.037Z,178888593303700
"""Heech @ wzsls5Sz57"" folds",2026-09-08T16:45:30.956Z,178888593095600
"""rowan @ GthBpPSqaK"" folds",2026-09-08T16:45:24.703Z,178888592470300
"""Mr Bink @ IRFSw7AJ_c"" raises to 4.50",2026-09-08T16:45:23.125Z,178888592312500
"""1bulletonly @ xZS3GKnBtu"" calls 0.50",2026-09-08T16:45:19.263Z,178888591926300
"""jahan 30 min @ SNbRa1Lx6Y"" calls 0.50",2026-09-08T16:45:17.880Z,178888591788000
"""Heech @ wzsls5Sz57"" posts a big blind of 0.50",2026-09-08T16:45:16.357Z,178888591635708
"""rowan @ GthBpPSqaK"" posts a small blind of 0.25",2026-09-08T16:45:16.357Z,178888591635707
"Player stacks: #1 ""rowan @ GthBpPSqaK"" (120.69) | #2 ""Heech @ wzsls5Sz57"" (35.91) | #3 ""jahan 30 min @ SNbRa1Lx6Y"" (42.63) | #9 ""1bulletonly @ xZS3GKnBtu"" (30.14) | #10 ""Mr Bink @ IRFSw7AJ_c"" (45.63)",2026-09-08T16:45:16.357Z,178888591635701
"-- starting hand #26 (id: njp9jpzwbyi5)  No Limit Texas Hold'em (dealer: ""Mr Bink @ IRFSw7AJ_c"") --",2026-09-08T16:45:16.357Z,178888591635700
"-- ending hand #25 --",2026-09-08T16:45:10.437Z,178888591043702
"""Heech @ wzsls5Sz57"" collected 3.50 from pot",2026-09-08T16:45:10.437Z,178888591043701
"Uncalled bet of 1.75 returned to ""Heech @ wzsls5Sz57""",2026-09-08T16:45:10.437Z,178888591043700
"""Mr Bink @ IRFSw7AJ_c"" folds",2026-09-08T16:45:09.585Z,178888590958500
"""Heech @ wzsls5Sz57"" bets 1.75",2026-09-08T16:45:08.722Z,178888590872200
"""Mr Bink @ IRFSw7AJ_c"" checks",2026-09-08T16:45:04.511Z,178888590451100
"Flop:  [5♦, 7♣, 10♣]",2026-09-08T16:45:02.587Z,178888590258700
"""rowan @ GthBpPSqaK"" folds",2026-09-08T16:45:01.713Z,178888590171300
"""Mr Bink @ IRFSw7AJ_c"" calls 1.50",2026-09-08T16:45:00.783Z,178888590078300
"""1bulletonly @ xZS3GKnBtu"" folds",2026-09-08T16:44:59.453Z,178888589945300
"""jahan 30 min @ SNbRa1Lx6Y"" folds",2026-09-08T16:44:55.223Z,178888589522300
"""Heech @ wzsls5Sz57"" raises to 1.50",2026-09-08T16:44:54.274Z,178888589427400
"""rowan @ GthBpPSqaK"" posts a big blind of 0.50",2026-09-08T16:44:49.457Z,178888588945708
"""Mr Bink @ IRFSw7AJ_c"" posts a small blind of 0.25",2026-09-08T16:44:49.457Z,178888588945707
"Player stacks: #1 ""rowan @ GthBpPSqaK"" (121.19) | #2 ""Heech @ wzsls5Sz57"" (33.91) | #3 ""jahan 30 min @ SNbRa1Lx6Y"" (42.63) | #9 ""1bulletonly @ xZS3GKnBtu"" (30.14) | #10 ""Mr Bink @ IRFSw7AJ_c"" (47.13)",2026-09-08T16:44:49.457Z,178888588945701
"-- starting hand #25 (id: isej6m0h0uca)  No Limit Texas Hold'em (dealer: ""1bulletonly @ xZS3GKnBtu"") --",2026-09-08T16:44:49.457Z,178888588945700
"""1bulletonly @ xZS3GKnBtu"" shows a 9♣, A♣.",2026-09-08T16:44:44.273Z,178888588427300
"-- ending hand #24 --",2026-09-08T16:44:42.920Z,178888588292002
"""rowan @ GthBpPSqaK"" collected 43.21 from pot with Three of a Kind, 9's (combination: 6♥, 7♠, 9♦, 9♠, 9♥)",2026-09-08T16:44:42.920Z,178888588292001
"""rowan @ GthBpPSqaK"" shows a 9♦, 9♠.",2026-09-08T16:44:42.920Z,178888588292000
"""1bulletonly @ xZS3GKnBtu"" calls 0.50",2026-09-08T16:44:42.104Z,178888588210400
"""rowan @ GthBpPSqaK"" bets 0.50",2026-09-08T16:44:40.476Z,178888588047600
"""1bulletonly @ xZS3GKnBtu"" checks",2026-09-08T16:44:33.464Z,178888587346400
"River: 7♠, 6♥, 9♥, 2♣ [4♦]",2026-09-08T16:44:31.249Z,178888587124900
"""1bulletonly @ xZS3GKnBtu"" calls 10.55",2026-09-08T16:44:30.376Z,178888587037600
"""jahan 30 min @ SNbRa1Lx6Y"" folds",2026-09-08T16:44:24.950Z,178888586495000
"""rowan @ GthBpPSqaK"" bets 10.55",2026-09-08T16:44:17.514Z,178888585751400
"""1bulletonly @ xZS3GKnBtu"" checks",2026-09-08T16:44:14.134Z,178888585413400
"Turn: 7♠, 6♥, 9♥ [2♣]",2026-09-08T16:44:12.702Z,178888585270200
"""1bulletonly @ xZS3GKnBtu"" calls 4.87",2026-09-08T16:44:11.863Z,178888585186300
"""jahan 30 min @ SNbRa1Lx6Y"" calls 4.87",2026-09-08T16:44:08.730Z,178888584873000
"""rowan @ GthBpPSqaK"" bets 4.87",2026-09-08T16:44:06.612Z,178888584661200
"""1bulletonly @ xZS3GKnBtu"" checks",2026-09-08T16:44:02.576Z,178888584257600
"Flop:  [7♠, 6♥, 9♥]",2026-09-08T16:44:00.372Z,178888584037200
"""Mr Bink @ IRFSw7AJ_c"" folds",2026-09-08T16:43:59.512Z,178888583951200
"""1bulletonly @ xZS3GKnBtu"" calls 2.00",2026-09-08T16:43:58.599Z,178888583859900
"""jahan 30 min @ SNbRa1Lx6Y"" calls 2.00",2026-09-08T16:43:57.320Z,178888583732000
"""Heech @ wzsls5Sz57"" folds",2026-09-08T16:43:56.309Z,178888583630900
"""rowan @ GthBpPSqaK"" raises to 2.00",2026-09-08T16:43:55.392Z,178888583539200
"""Mr Bink @ IRFSw7AJ_c"" posts a big blind of 0.50",2026-09-08T16:43:52.766Z,178888583276608
"""1bulletonly @ xZS3GKnBtu"" posts a small blind of 0.25",2026-09-08T16:43:52.766Z,178888583276607
"Player stacks: #1 ""rowan @ GthBpPSqaK"" (95.90) | #2 ""Heech @ wzsls5Sz57"" (33.91) | #3 ""jahan 30 min @ SNbRa1Lx6Y"" (49.50) | #9 ""1bulletonly @ xZS3GKnBtu"" (48.06) | #10 ""Mr Bink @ IRFSw7AJ_c"" (47.63)",2026-09-08T16:43:52.766Z,178888583276601
"-- starting hand #24 (id: dhkpjz48j9tl)  No Limit Texas Hold'em (dealer: ""jahan 30 min @ SNbRa1Lx6Y"") --",2026-09-08T16:43:52.766Z,178888583276600
"-- ending hand #23 --",2026-09-08T16:43:46.860Z,178888582686002
"""jahan 30 min @ SNbRa1Lx6Y"" collected 6.50 from pot",2026-09-08T16:43:46.860Z,178888582686001
"Uncalled bet of 3.25 returned to ""jahan 30 min @ SNbRa1Lx6Y""",2026-09-08T16:43:46.860Z,178888582686000
"""rowan @ GthBpPSqaK"" folds",2026-09-08T16:43:45.998Z,178888582599800
"""Mr Bink @ IRFSw7AJ_c"" folds",2026-09-08T16:43:45.160Z,178888582516000
"""jahan 30 min @ SNbRa1Lx6Y"" bets 3.25",2026-09-08T16:43:44.213Z,178888582421300
"Flop:  [3♣, Q♦, 4♣]",2026-09-08T16:43:39.554Z,178888581955400
"""1bulletonly @ xZS3GKnBtu"" folds",2026-09-08T16:43:38.700Z,178888581870000
"""jahan 30 min @ SNbRa1Lx6Y"" calls 2.00",2026-09-08T16:43:37.499Z,178888581749900
"""Heech @ wzsls5Sz57"" folds",2026-09-08T16:43:36.492Z,178888581649200
"""rowan @ GthBpPSqaK"" calls 2.00",2026-09-08T16:43:35.640Z,178888581564000
"""Mr Bink @ IRFSw7AJ_c"" raises to 2.00",2026-09-08T16:43:29.851Z,178888580985100
"""1bulletonly @ xZS3GKnBtu"" posts a big blind of 0.50",2026-09-08T16:43:24.948Z,178888580494808
"""jahan 30 min @ SNbRa1Lx6Y"" posts a small blind of 0.25",2026-09-08T16:43:24.948Z,178888580494807
"Player stacks: #1 ""rowan @ GthBpPSqaK"" (97.90) | #2 ""Heech @ wzsls5Sz57"" (33.91) | #3 ""jahan 30 min @ SNbRa1Lx6Y"" (45.00) | #9 ""1bulletonly @ xZS3GKnBtu"" (48.56) | #10 ""Mr Bink @ IRFSw7AJ_c"" (49.63)",2026-09-08T16:43:24.948Z,178888580494801
"-- starting hand #23 (id: zmvsxa53oggx)  No Limit Texas Hold'em (dealer: ""Heech @ wzsls5Sz57"") --",2026-09-08T16:43:24.948Z,178888580494800
"-- ending hand #22 --",2026-09-08T16:43:22.013Z,178888580201302
"""Heech @ wzsls5Sz57"" collected 4.50 from pot",2026-09-08T16:43:22.013Z,178888580201301
"Uncalled bet of 4.50 returned to ""Heech @ wzsls5Sz57""",2026-09-08T16:43:22.013Z,178888580201300
"""rowan @ GthBpPSqaK"" folds",2026-09-08T16:43:21.167Z,178888580116700
"""Heech @ wzsls5Sz57"" bets 4.50",2026-09-08T16:43:19.942Z,178888579994200
"River: 7♣, 3♣, 8♦, 4♦ [Q♥]",2026-09-08T16:43:17.423Z,178888579742300
"""rowan @ GthBpPSqaK"" checks",2026-09-08T16:43:16.589Z,178888579658900
"""Heech @ wzsls5Sz57"" checks",2026-09-08T16:43:15.582Z,178888579558200
"Turn: 7♣, 3♣, 8♦ [4♦]",2026-09-08T16:43:13.728Z,178888579372800
"""rowan @ GthBpPSqaK"" checks",2026-09-08T16:43:12.911Z,178888579291100
"""Heech @ wzsls5Sz57"" checks",2026-09-08T16:43:11.996Z,178888579199600
"Flop:  [7♣, 3♣, 8♦]",2026-09-08T16:43:09.467Z,178888578946700
"""jahan 30 min @ SNbRa1Lx6Y"" folds",2026-09-08T16:43:08.652Z,178888578865200
"""Heech @ wzsls5Sz57"" calls 2.00",2026-09-08T16:43:07.362Z,178888578736200
"""rowan @ GthBpPSqaK"" raises to 2.00",2026-09-08T16:43:03.516Z,178888578351600
"""Mr Bink @ IRFSw7AJ_c"" folds",2026-09-08T16:43:01.302Z,178888578130200
"""1bulletonly @ xZS3GKnBtu"" folds",2026-09-08T16:43:00.392Z,178888578039200
"""jahan 30 min @ SNbRa1Lx6Y"" posts a big blind of 0.50",2026-09-08T16:42:40.370Z,178888576037008
"""Heech @ wzsls5Sz57"" posts a small blind of 0.25",2026-09-08T16:42:40.370Z,178888576037007
"Player stacks: #1 ""rowan @ GthBpPSqaK"" (99.90) | #2 ""Heech @ wzsls5Sz57"" (31.41) | #3 ""jahan 30 min @ SNbRa1Lx6Y"" (45.50) | #9 ""1bulletonly @ xZS3GKnBtu"" (48.56) | #10 ""Mr Bink @ IRFSw7AJ_c"" (49.63)",2026-09-08T16:42:40.370Z,178888576037001
"-- starting hand #22 (id: dtmuu0aqnfj0)  No Limit Texas Hold'em (dealer: ""rowan @ GthBpPSqaK"") --",2026-09-08T16:42:40.370Z,178888576037000
"-- ending hand #21 --",2026-09-08T16:42:34.457Z,178888575445702
"""rowan @ GthBpPSqaK"" collected 3.00 from pot",2026-09-08T16:42:34.457Z,178888575445701
"Uncalled bet of 1.50 returned to ""rowan @ GthBpPSqaK""",2026-09-08T16:42:34.457Z,178888575445700
"""Heech @ wzsls5Sz57"" folds",2026-09-08T16:42:33.644Z,178888575364400
"""rowan @ GthBpPSqaK"" bets 1.50",2026-09-08T16:42:32.388Z,178888575238800
"Flop:  [6♣, K♠, 8♣]",2026-09-08T16:42:29.711Z,178888574971100
"""Heech @ wzsls5Sz57"" calls 1.50",2026-09-08T16:42:28.898Z,178888574889800
"""rowan @ GthBpPSqaK"" raises to 1.50",2026-09-08T16:42:27.476Z,178888574747600
"""Mr Bink @ IRFSw7AJ_c"" folds",2026-09-08T16:42:24.892Z,178888574489200
"""1bulletonly @ xZS3GKnBtu"" folds",2026-09-08T16:42:24.039Z,178888574403900
"""jahan 30 min @ SNbRa1Lx6Y"" folds",2026-09-08T16:42:19.970Z,178888573997000
"""Heech @ wzsls5Sz57"" posts a big blind of 0.50",2026-09-08T16:42:19.159Z,178888573915908
"""rowan @ GthBpPSqaK"" posts a small blind of 0.25",2026-09-08T16:42:19.159Z,178888573915907
"Player stacks: #1 ""rowan @ GthBpPSqaK"" (98.40) | #2 ""Heech @ wzsls5Sz57"" (32.91) | #3 ""jahan 30 min @ SNbRa1Lx6Y"" (45.50) | #9 ""1bulletonly @ xZS3GKnBtu"" (48.56) | #10 ""Mr Bink @ IRFSw7AJ_c"" (49.63)",2026-09-08T16:42:19.159Z,178888573915901
"-- starting hand #21 (id: fnfwznojzl4m)  No Limit Texas Hold'em (dealer: ""Mr Bink @ IRFSw7AJ_c"") --",2026-09-08T16:42:19.159Z,178888573915900
"-- ending hand #20 --",2026-09-08T16:42:13.152Z,178888573315202
"""rowan @ GthBpPSqaK"" collected 10.49 from pot with Three of a Kind, J's (combination: Q♦, A♣, J♣, J♠, J♦)",2026-09-08T16:42:13.152Z,178888573315201
"""rowan @ GthBpPSqaK"" shows a Q♦, A♣.",2026-09-08T16:42:13.152Z,178888573315200
"""Heech @ wzsls5Sz57"" checks",2026-09-08T16:42:12.317Z,178888573231700
"""rowan @ GthBpPSqaK"" checks",2026-09-08T16:42:06.073Z,178888572607300
"River: J♣, J♠, 6♥, 7♦ [J♦]",2026-09-08T16:42:03.064Z,178888572306400
"""Heech @ wzsls5Sz57"" calls 2.62",2026-09-08T16:42:02.108Z,178888572210800
"""rowan @ GthBpPSqaK"" bets 2.62",2026-09-08T16:42:00.173Z,178888572017300
"Turn: J♣, J♠, 6♥ [7♦]",2026-09-08T16:41:58.200Z,178888571820000
"""Heech @ wzsls5Sz57"" checks",2026-09-08T16:41:57.371Z,178888571737100
"""rowan @ GthBpPSqaK"" checks",2026-09-08T16:41:55.562Z,178888571556200
"Flop:  [J♣, J♠, 6♥]",2026-09-08T16:41:54.666Z,178888571466600
"""rowan @ GthBpPSqaK"" calls 2.50",2026-09-08T16:41:53.828Z,178888571382800
"""Mr Bink @ IRFSw7AJ_c"" folds",2026-09-08T16:41:52.612Z,178888571261200
"""1bulletonly @ xZS3GKnBtu"" folds",2026-09-08T16:41:51.761Z,178888571176100
"""jahan 30 min @ SNbRa1Lx6Y"" folds",2026-09-08T16:41:38.803Z,178888569880300
"""Heech @ wzsls5Sz57"" raises to 2.50",2026-09-08T16:41:37.934Z,178888569793400
"""rowan @ GthBpPSqaK"" posts a big blind of 0.50",2026-09-08T16:41:34.088Z,178888569408808
"""Mr Bink @ IRFSw7AJ_c"" posts a small blind of 0.25",2026-09-08T16:41:34.088Z,178888569408807
"Player stacks: #1 ""rowan @ GthBpPSqaK"" (93.03) | #2 ""Heech @ wzsls5Sz57"" (38.03) | #3 ""jahan 30 min @ SNbRa1Lx6Y"" (45.50) | #9 ""1bulletonly @ xZS3GKnBtu"" (48.56) | #10 ""Mr Bink @ IRFSw7AJ_c"" (49.88)",2026-09-08T16:41:34.088Z,178888569408801
"-- starting hand #20 (id: mnbqhhbpglc1)  No Limit Texas Hold'em (dealer: ""1bulletonly @ xZS3GKnBtu"") --",2026-09-08T16:41:34.088Z,178888569408800
"-- ending hand #19 --",2026-09-08T16:41:28.184Z,178888568818402
"""1bulletonly @ xZS3GKnBtu"" collected 5.00 from pot",2026-09-08T16:41:28.184Z,178888568818401
"Uncalled bet of 6.00 returned to ""1bulletonly @ xZS3GKnBtu""",2026-09-08T16:41:28.184Z,178888568818400
"""jahan 30 min @ SNbRa1Lx6Y"" folds",2026-09-08T16:41:27.350Z,178888568735000
"""Heech @ wzsls5Sz57"" folds",2026-09-08T16:41:24.607Z,178888568460700
"""Mr Bink @ IRFSw7AJ_c"" folds",2026-09-08T16:41:22.902Z,178888568290200
"""1bulletonly @ xZS3GKnBtu"" raises to 7.50",2026-09-08T16:41:22.025Z,178888568202500
"""jahan 30 min @ SNbRa1Lx6Y"" calls 1.50",2026-09-08T16:41:18.111Z,178888567811100
"""Heech @ wzsls5Sz57"" raises to 1.50",2026-09-08T16:41:16.964Z,178888567696400
"""rowan @ GthBpPSqaK"" folds",2026-09-08T16:41:09.230Z,178888566923000
"""Mr Bink @ IRFSw7AJ_c"" posts a big blind of 0.50",2026-09-08T16:41:08.013Z,178888566801308
"""1bulletonly @ xZS3GKnBtu"" posts a small blind of 0.25",2026-09-08T16:41:08.013Z,178888566801307
"Player stacks: #1 ""rowan @ GthBpPSqaK"" (93.03) | #2 ""Heech @ wzsls5Sz57"" (39.53) | #3 ""jahan 30 min @ SNbRa1Lx6Y"" (47.00) | #9 ""1bulletonly @ xZS3GKnBtu"" (45.06) | #10 ""Mr Bink @ IRFSw7AJ_c"" (50.38)",2026-09-08T16:41:08.013Z,178888566801301
"-- starting hand #19 (id: hn9gyja0rycx)  No Limit Texas Hold'em (dealer: ""jahan 30 min @ SNbRa1Lx6Y"") --",2026-09-08T16:41:08.013Z,178888566801300
"""Mr Bink @ IRFSw7AJ_c"" shows a 6♥, 3♣.",2026-09-08T16:41:03.615Z,178888566361500
"""jahan 30 min @ SNbRa1Lx6Y"" shows a 6♠, J♠.",2026-09-08T16:41:02.544Z,178888566254400
"-- ending hand #18 --",2026-09-08T16:41:00.687Z,178888566068702
"""jahan 30 min @ SNbRa1Lx6Y"" collected 1.00 from pot",2026-09-08T16:41:00.687Z,178888566068701
"Uncalled bet of 0.75 returned to ""jahan 30 min @ SNbRa1Lx6Y""",2026-09-08T16:41:00.687Z,178888566068700
"""1bulletonly @ xZS3GKnBtu"" folds",2026-09-08T16:40:59.873Z,178888565987300
"""jahan 30 min @ SNbRa1Lx6Y"" bets 0.75",2026-09-08T16:40:57.839Z,178888565783900
"Turn: 10♠, 6♣, 6♦ [5♠]",2026-09-08T16:40:55.354Z,178888565535400
"""1bulletonly @ xZS3GKnBtu"" checks",2026-09-08T16:40:54.532Z,178888565453200
"""jahan 30 min @ SNbRa1Lx6Y"" checks",2026-09-08T16:40:53.128Z,178888565312800
"Flop:  [10♠, 6♣, 6♦]",2026-09-08T16:40:51.176Z,178888565117600
"""1bulletonly @ xZS3GKnBtu"" checks",2026-09-08T16:40:50.361Z,178888565036100
"""jahan 30 min @ SNbRa1Lx6Y"" calls 0.50",2026-09-08T16:40:44.466Z,178888564446600
"""Heech @ wzsls5Sz57"" folds",2026-09-08T16:40:43.381Z,178888564338100
"""rowan @ GthBpPSqaK"" folds",2026-09-08T16:40:42.503Z,178888564250300
"""Mr Bink @ IRFSw7AJ_c"" folds",2026-09-08T16:40:41.655Z,178888564165500
"""1bulletonly @ xZS3GKnBtu"" posts a big blind of 0.50",2026-09-08T16:40:40.859Z,178888564085908
"""jahan 30 min @ SNbRa1Lx6Y"" posts a small blind of 0.25",2026-09-08T16:40:40.859Z,178888564085907
"Player stacks: #1 ""rowan @ GthBpPSqaK"" (93.03) | #2 ""Heech @ wzsls5Sz57"" (39.53) | #3 ""jahan 30 min @ SNbRa1Lx6Y"" (46.50) | #9 ""1bulletonly @ xZS3GKnBtu"" (45.56) | #10 ""Mr Bink @ IRFSw7AJ_c"" (50.38)",2026-09-08T16:40:40.859Z,178888564085901
"-- starting hand #18 (id: boj97qdcs1qg)  No Limit Texas Hold'em (dealer: ""Heech @ wzsls5Sz57"") --",2026-09-08T16:40:40.859Z,178888564085900
"-- ending hand #17 --",2026-09-08T16:40:34.955Z,178888563495502
"""rowan @ GthBpPSqaK"" collected 8.00 from pot",2026-09-08T16:40:34.955Z,178888563495501
"Uncalled bet of 4.00 returned to ""rowan @ GthBpPSqaK""",2026-09-08T16:40:34.955Z,178888563495500
"""Mr Bink @ IRFSw7AJ_c"" folds",2026-09-08T16:40:34.092Z,178888563409200
"""jahan 30 min @ SNbRa1Lx6Y"" folds",2026-09-08T16:40:33.242Z,178888563324200
"""Heech @ wzsls5Sz57"" folds",2026-09-08T16:40:31.343Z,178888563134300
"""rowan @ GthBpPSqaK"" bets 4.00",2026-09-08T16:40:29.468Z,178888562946800
"""Mr Bink @ IRFSw7AJ_c"" checks",2026-09-08T16:40:26.928Z,178888562692800
"""jahan 30 min @ SNbRa1Lx6Y"" checks",2026-09-08T16:40:25.486Z,178888562548600
"""Heech @ wzsls5Sz57"" checks",2026-09-08T16:40:23.616Z,178888562361600
"Flop:  [Q♣, 3♥, 4♥]",2026-09-08T16:40:21.451Z,178888562145100
"""jahan 30 min @ SNbRa1Lx6Y"" calls 2.00",2026-09-08T16:40:20.646Z,178888562064600
"""Heech @ wzsls5Sz57"" calls 2.00",2026-09-08T16:40:19.300Z,178888561930000
"""rowan @ GthBpPSqaK"" calls 2.00",2026-09-08T16:40:17.669Z,178888561766900
"""Mr Bink @ IRFSw7AJ_c"" raises to 2.00",2026-09-08T16:40:16.835Z,178888561683500
"""1bulletonly @ xZS3GKnBtu"" folds",2026-09-08T16:40:13.140Z,178888561314000
"""jahan 30 min @ SNbRa1Lx6Y"" posts a big blind of 0.50",2026-09-08T16:40:10.384Z,178888561038408
"""Heech @ wzsls5Sz57"" posts a small blind of 0.25",2026-09-08T16:40:10.384Z,178888561038407
"Player stacks: #1 ""rowan @ GthBpPSqaK"" (87.03) | #2 ""Heech @ wzsls5Sz57"" (41.53) | #3 ""jahan 30 min @ SNbRa1Lx6Y"" (48.50) | #9 ""1bulletonly @ xZS3GKnBtu"" (45.56) | #10 ""Mr Bink @ IRFSw7AJ_c"" (52.38)",2026-09-08T16:40:10.384Z,178888561038401
"-- starting hand #17 (id: 5dvjgi6tni9f)  No Limit Texas Hold'em (dealer: ""rowan @ GthBpPSqaK"") --",2026-09-08T16:40:10.384Z,178888561038400
"""rowan @ GthBpPSqaK"" shows a 7♠.",2026-09-08T16:40:06.839Z,178888560683900
"""Mr Bink @ IRFSw7AJ_c"" shows a 5♣, 5♥.",2026-09-08T16:40:06.511Z,178888560651100
"-- ending hand #16 --",2026-09-08T16:40:06.061Z,178888560606102
"""rowan @ GthBpPSqaK"" collected 36.49 from pot",2026-09-08T16:40:06.061Z,178888560606101
"Uncalled bet of 18.24 returned to ""rowan @ GthBpPSqaK""",2026-09-08T16:40:06.061Z,178888560606100
"""Mr Bink @ IRFSw7AJ_c"" folds",2026-09-08T16:40:05.240Z,178888560524000
"""rowan @ GthBpPSqaK"" bets 18.24",2026-09-08T16:39:51.118Z,178888559111800
"River: 6♦, 7♥, 7♦, 10♣ [J♠]",2026-09-08T16:39:47.854Z,178888558785400
"""Mr Bink @ IRFSw7AJ_c"" calls 9.12",2026-09-08T16:39:47.027Z,178888558702700
"""1bulletonly @ xZS3GKnBtu"" folds",2026-09-08T16:39:44.712Z,178888558471200
"""Heech @ wzsls5Sz57"" folds",2026-09-08T16:39:43.799Z,178888558379900
"""rowan @ GthBpPSqaK"" bets 9.12",2026-09-08T16:39:42.510Z,178888558251000
"Turn: 6♦, 7♥, 7♦ [10♣]",2026-09-08T16:39:40.050Z,178888558005000
"""Mr Bink @ IRFSw7AJ_c"" checks",2026-09-08T16:39:39.192Z,178888557919200
"""1bulletonly @ xZS3GKnBtu"" checks",2026-09-08T16:39:37.351Z,178888557735100
"""Heech @ wzsls5Sz57"" checks",2026-09-08T16:39:36.459Z,178888557645900
"""rowan @ GthBpPSqaK"" checks",2026-09-08T16:39:34.526Z,178888557452600
"Flop:  [6♦, 7♥, 7♦]",2026-09-08T16:39:32.038Z,178888557203800
"""1bulletonly @ xZS3GKnBtu"" calls 4.50",2026-09-08T16:39:31.172Z,178888557117200
"""Heech @ wzsls5Sz57"" calls 4.50",2026-09-08T16:39:29.853Z,178888556985300
"""rowan @ GthBpPSqaK"" calls 4.50",2026-09-08T16:39:27.727Z,178888556772700
"""Mr Bink @ IRFSw7AJ_c"" raises to 4.50",2026-09-08T16:39:26.007Z,178888556600700
"""1bulletonly @ xZS3GKnBtu"" checks",2026-09-08T16:39:19.543Z,178888555954300
"""jahan 30 min @ SNbRa1Lx6Y"" folds",2026-09-08T16:39:17.427Z,178888555742700
"""1bulletonly @ xZS3GKnBtu"" posts a missed big blind of 0.50",2026-09-08T16:39:12.744Z,178888555274411
"""1bulletonly @ xZS3GKnBtu"" posts a missing small blind of 0.25",2026-09-08T16:39:12.744Z,178888555274410
"""Heech @ wzsls5Sz57"" posts a big blind of 0.50",2026-09-08T16:39:12.744Z,178888555274409
"""rowan @ GthBpPSqaK"" posts a small blind of 0.25",2026-09-08T16:39:12.744Z,178888555274408
"Player stacks: #1 ""rowan @ GthBpPSqaK"" (64.16) | #2 ""Heech @ wzsls5Sz57"" (46.03) | #3 ""jahan 30 min @ SNbRa1Lx6Y"" (48.50) | #9 ""1bulletonly @ xZS3GKnBtu"" (50.31) | #10 ""Mr Bink @ IRFSw7AJ_c"" (66.00)",2026-09-08T16:39:12.744Z,178888555274402
"-- starting hand #16 (id: jbw85hyjs6km)  No Limit Texas Hold'em (dealer: ""Mr Bink @ IRFSw7AJ_c"") --",2026-09-08T16:39:12.744Z,178888555274401
"The player ""1bulletonly @ xZS3GKnBtu"" joined the game with a stack of 50.31.",2026-09-08T16:39:12.744Z,178888555274400
"-- ending hand #15 --",2026-09-08T16:39:06.709Z,178888554670903
"""rowan @ GthBpPSqaK"" collected 14.00 from pot with Pair, 9's (combination: 7♣, J♣, K♥, 9♥, 9♦)",2026-09-08T16:39:06.709Z,178888554670902
"""rowan @ GthBpPSqaK"" shows a 9♥, K♥.",2026-09-08T16:39:06.709Z,178888554670901
"""Mr Bink @ IRFSw7AJ_c"" shows a Q♣, 2♣.",2026-09-08T16:39:06.709Z,178888554670900
"""rowan @ GthBpPSqaK"" checks",2026-09-08T16:39:05.891Z,178888554589100
"""Mr Bink @ IRFSw7AJ_c"" checks",2026-09-08T16:39:04.710Z,178888554471000
"River: 7♣, 9♦, J♣, 3♠ [6♦]",2026-09-08T16:39:00.880Z,178888554088000
"""rowan @ GthBpPSqaK"" checks",2026-09-08T16:39:00.070Z,178888554007000
"""Mr Bink @ IRFSw7AJ_c"" checks",2026-09-08T16:38:58.430Z,178888553843000
"Turn: 7♣, 9♦, J♣ [3♠]",2026-09-08T16:38:56.354Z,178888553635400
"""Mr Bink @ IRFSw7AJ_c"" calls 3.50",2026-09-08T16:38:55.548Z,178888553554800
"""rowan @ GthBpPSqaK"" bets 3.50",2026-09-08T16:38:53.975Z,178888553397500
"""Mr Bink @ IRFSw7AJ_c"" checks",2026-09-08T16:38:51.207Z,178888553120700
"Flop:  [7♣, 9♦, J♣]",2026-09-08T16:38:49.258Z,178888552925800
"""Mr Bink @ IRFSw7AJ_c"" calls 3.00",2026-09-08T16:38:48.442Z,178888552844200
"""jahan 30 min @ SNbRa1Lx6Y"" folds",2026-09-08T16:38:47.087Z,178888552708700
"""Heech @ wzsls5Sz57"" folds",2026-09-08T16:38:46.182Z,178888552618200
"""rowan @ GthBpPSqaK"" raises to 3.00",2026-09-08T16:38:43.537Z,178888552353700
"The player ""1bulletonly @ xZS3GKnBtu"" sit back with the stack of 50.31.",2026-09-08T16:38:40.518Z,178888552051800
"""Mr Bink @ IRFSw7AJ_c"" calls 0.50",2026-09-08T16:38:38.747Z,178888551874700
"""jahan 30 min @ SNbRa1Lx6Y"" calls 0.50",2026-09-08T16:38:37.245Z,178888551724500
"""Heech @ wzsls5Sz57"" calls 0.50",2026-09-08T16:38:35.914Z,178888551591400
"""rowan @ GthBpPSqaK"" posts a big blind of 0.50",2026-09-08T16:38:33.815Z,178888551381507
"""Mr Bink @ IRFSw7AJ_c"" posts a small blind of 0.25",2026-09-08T16:38:33.815Z,178888551381506
"Player stacks: #1 ""rowan @ GthBpPSqaK"" (56.66) | #2 ""Heech @ wzsls5Sz57"" (46.53) | #3 ""jahan 30 min @ SNbRa1Lx6Y"" (49.00) | #10 ""Mr Bink @ IRFSw7AJ_c"" (72.50)",2026-09-08T16:38:33.815Z,178888551381501
"-- starting hand #15 (id: kbypa1wlxkv3)  No Limit Texas Hold'em (dealer: ""jahan 30 min @ SNbRa1Lx6Y"") --",2026-09-08T16:38:33.815Z,178888551381500
"-- ending hand #14 --",2026-09-08T16:38:25.810Z,178888550581004
"""Mr Bink @ IRFSw7AJ_c"" collected 6.00 from pot with Pair, A's on the second board  (combination: 5♠, 10♦, J♦, A♦, A♠)",2026-09-08T16:38:25.810Z,178888550581003
"""rowan @ GthBpPSqaK"" collected 6.00 from pot with Flush, K High (combination: 3♣, 6♣, 8♣, 9♣, K♣)",2026-09-08T16:38:25.810Z,178888550581002
"""rowan @ GthBpPSqaK"" shows a 9♣, 6♣.",2026-09-08T16:38:25.810Z,178888550581001
"""Mr Bink @ IRFSw7AJ_c"" shows a J♦, A♦.",2026-09-08T16:38:25.810Z,178888550581000
"""rowan @ GthBpPSqaK"" checks",2026-09-08T16:38:25.001Z,178888550500100
"""Mr Bink @ IRFSw7AJ_c"" checks",2026-09-08T16:38:23.783Z,178888550378300
"River (second board): 2♣, 4♣, 5♠, 10♦ [A♠]",2026-09-08T16:38:18.013Z,178888549801301
"River: K♥, J♠, 8♣, 3♣ [K♣]",2026-09-08T16:38:18.013Z,178888549801300
"""rowan @ GthBpPSqaK"" checks",2026-09-08T16:38:17.204Z,178888549720400
"""Mr Bink @ IRFSw7AJ_c"" checks",2026-09-08T16:38:15.732Z,178888549573200
"Turn (second board): 2♣, 4♣, 5♠ [10♦]",2026-09-08T16:38:13.370Z,178888549337001
"Turn: K♥, J♠, 8♣ [3♣]",2026-09-08T16:38:13.370Z,178888549337000
"""Mr Bink @ IRFSw7AJ_c"" calls 4.00",2026-09-08T16:38:12.554Z,178888549255400
"""jahan 30 min @ SNbRa1Lx6Y"" folds",2026-09-08T16:37:49.128Z,178888546912800
"""Heech @ wzsls5Sz57"" folds",2026-09-08T16:37:48.190Z,178888546819000
"""rowan @ GthBpPSqaK"" bets 4.00",2026-09-08T16:37:46.645Z,178888546664500
"""Mr Bink @ IRFSw7AJ_c"" checks",2026-09-08T16:37:44.342Z,178888546434200
"""jahan 30 min @ SNbRa1Lx6Y"" checks",2026-09-08T16:37:42.554Z,178888546255400
"Flop (second board):  [2♣, 4♣, 5♠]",2026-09-08T16:37:29.302Z,178888544930201
"Flop:  [K♥, J♠, 8♣]",2026-09-08T16:37:29.302Z,178888544930200
"""Mr Bink @ IRFSw7AJ_c"" calls 1.00 (bomb pot bet)",2026-09-08T16:37:28.476Z,178888544847600
"""jahan 30 min @ SNbRa1Lx6Y"" calls 1.00 (bomb pot bet)",2026-09-08T16:37:27.614Z,178888544761400
"""Heech @ wzsls5Sz57"" calls 1.00 (bomb pot bet)",2026-09-08T16:37:26.801Z,178888544680100
"""rowan @ GthBpPSqaK"" posts a bet of 1.00 (bomb pot bet)",2026-09-08T16:37:25.997Z,178888544599700
"Player stacks: #1 ""rowan @ GthBpPSqaK"" (55.66) | #2 ""Heech @ wzsls5Sz57"" (47.53) | #3 ""jahan 30 min @ SNbRa1Lx6Y"" (50.00) | #10 ""Mr Bink @ IRFSw7AJ_c"" (71.50)",2026-09-08T16:37:23.978Z,178888544397803
"-- starting hand #14 (id: zfkht1ok97da)  No Limit Texas Hold'em (dealer: ""Heech @ wzsls5Sz57"") --",2026-09-08T16:37:23.978Z,178888544397802
"The player ""1bulletonly @ xZS3GKnBtu"" stand up with the stack of 50.31.",2026-09-08T16:37:23.978Z,178888544397801
"The player ""jahan 30 min @ SNbRa1Lx6Y"" rebought. New stack 50.00.",2026-09-08T16:37:23.978Z,178888544397800
"Waiting for the game owner to approve or reject pending rebuy requests.",2026-09-08T16:37:23.126Z,178888544312601
"The player ""jahan 30 min @ SNbRa1Lx6Y"" requested a rebuy of 50.00.",2026-09-08T16:37:23.126Z,178888544312600
"Asking to busted players the rebuy decision.",2026-09-08T16:37:20.597Z,178888544059700
"-- ending hand #13 --",2026-09-08T16:37:12.576Z,178888543257602
"""Mr Bink @ IRFSw7AJ_c"" collected 26.12 from pot with Three of a Kind, K's on the second run  (combination: 10♠, J♣, K♣, K♦, K♠)",2026-09-08T16:37:12.576Z,178888543257601
"""Mr Bink @ IRFSw7AJ_c"" collected 26.13 from pot with Pair, K's (combination: 10♠, J♣, Q♥, K♣, K♦)",2026-09-08T16:37:12.576Z,178888543257600
"River (second run): 10♠, 7♣, 6♣, J♣ [K♠]",2026-09-08T16:37:08.559Z,178888542855900
"River: 10♠, 7♣, 6♣, J♣ [Q♥]",2026-09-08T16:37:04.556Z,178888542455600
"""Mr Bink @ IRFSw7AJ_c"" shows a K♣, K♦.",2026-09-08T16:37:00.536Z,178888542053601
"""jahan 30 min @ SNbRa1Lx6Y"" shows a K♥, 10♦.",2026-09-08T16:37:00.536Z,178888542053600
"All players in hand choose to run it twice.",2026-09-08T16:36:59.729Z,178888541972901
"""jahan 30 min @ SNbRa1Lx6Y"" chooses to  run it twice.",2026-09-08T16:36:59.729Z,178888541972900
"""Mr Bink @ IRFSw7AJ_c"" chooses to  run it twice.",2026-09-08T16:36:57.763Z,178888541776300
"Remaining players decide whether to run it twice.",2026-09-08T16:36:56.884Z,178888541688401
"""Mr Bink @ IRFSw7AJ_c"" calls 15.76",2026-09-08T16:36:56.884Z,178888541688400
"""jahan 30 min @ SNbRa1Lx6Y"" bets 15.76 and go all in",2026-09-08T16:36:34.131Z,178888539413100
"Turn: 10♠, 7♣, 6♣ [J♣]",2026-09-08T16:36:27.266Z,178888538726600
"""jahan 30 min @ SNbRa1Lx6Y"" calls 7.24",2026-09-08T16:36:26.362Z,178888538636200
"""rowan @ GthBpPSqaK"" folds",2026-09-08T16:36:22.361Z,178888538236100
"""Mr Bink @ IRFSw7AJ_c"" raises to 7.24",2026-09-08T16:36:19.334Z,178888537933400
"""jahan 30 min @ SNbRa1Lx6Y"" bets 3.62",2026-09-08T16:36:15.679Z,178888537567900
"Flop:  [10♠, 7♣, 6♣]",2026-09-08T16:36:10.125Z,178888537012500
"""jahan 30 min @ SNbRa1Lx6Y"" calls 2.00",2026-09-08T16:36:09.297Z,178888536929700
"""Heech @ wzsls5Sz57"" folds",2026-09-08T16:36:07.863Z,178888536786300
"""rowan @ GthBpPSqaK"" calls 2.00",2026-09-08T16:36:06.961Z,178888536696100
"""Mr Bink @ IRFSw7AJ_c"" raises to 2.00",2026-09-08T16:36:06.117Z,178888536611700
"""1bulletonly @ xZS3GKnBtu"" folds",2026-09-08T16:36:00.927Z,178888536092700
"""jahan 30 min @ SNbRa1Lx6Y"" posts a big blind of 0.50",2026-09-08T16:35:59.887Z,178888535988709
"""Heech @ wzsls5Sz57"" posts a small blind of 0.25",2026-09-08T16:35:59.887Z,178888535988708
"Player stacks: #1 ""rowan @ GthBpPSqaK"" (57.66) | #2 ""Heech @ wzsls5Sz57"" (47.78) | #3 ""jahan 30 min @ SNbRa1Lx6Y"" (25.00) | #9 ""1bulletonly @ xZS3GKnBtu"" (50.31) | #10 ""Mr Bink @ IRFSw7AJ_c"" (44.25)",2026-09-08T16:35:59.887Z,178888535988702
"-- starting hand #13 (id: gmsmjnlnzczl)  No Limit Texas Hold'em (dealer: ""rowan @ GthBpPSqaK"") --",2026-09-08T16:35:59.887Z,178888535988701
"The player ""jahan 30 min @ SNbRa1Lx6Y"" joined the game with a stack of 25.00.",2026-09-08T16:35:59.887Z,178888535988700
"-- ending hand #12 --",2026-09-08T16:35:53.887Z,178888535388702
"""Mr Bink @ IRFSw7AJ_c"" collected 1.25 from pot",2026-09-08T16:35:53.887Z,178888535388701
"Uncalled bet of 1.00 returned to ""Mr Bink @ IRFSw7AJ_c""",2026-09-08T16:35:53.887Z,178888535388700
"""Heech @ wzsls5Sz57"" folds",2026-09-08T16:35:53.058Z,178888535305800
"The admin approved the player ""jahan 30 min @ SNbRa1Lx6Y"" participation with a stack of 25.00.",2026-09-08T16:35:46.001Z,178888534600100
"""rowan @ GthBpPSqaK"" folds",2026-09-08T16:35:44.915Z,178888534491500
"The player ""jahan 30 min @ SNbRa1Lx6Y"" requested a seat.",2026-09-08T16:35:44.310Z,178888534431000
"""Mr Bink @ IRFSw7AJ_c"" raises to 1.50",2026-09-08T16:35:44.006Z,178888534400600
"""1bulletonly @ xZS3GKnBtu"" folds",2026-09-08T16:35:39.815Z,178888533981500
"""Heech @ wzsls5Sz57"" posts a big blind of 0.50",2026-09-08T16:35:38.682Z,178888533868207
"""rowan @ GthBpPSqaK"" posts a small blind of 0.25",2026-09-08T16:35:38.682Z,178888533868206
"Player stacks: #1 ""rowan @ GthBpPSqaK"" (57.91) | #2 ""Heech @ wzsls5Sz57"" (48.28) | #9 ""1bulletonly @ xZS3GKnBtu"" (50.31) | #10 ""Mr Bink @ IRFSw7AJ_c"" (43.50)",2026-09-08T16:35:38.682Z,178888533868201
"-- starting hand #12 (id: 1pvkeinxy7to)  No Limit Texas Hold'em (dealer: ""Mr Bink @ IRFSw7AJ_c"") --",2026-09-08T16:35:38.682Z,178888533868200
"""rowan @ GthBpPSqaK"" shows a 10♣, 6♥.",2026-09-08T16:35:33.181Z,178888533318100
"-- ending hand #11 --",2026-09-08T16:35:32.074Z,178888533207402
"""Heech @ wzsls5Sz57"" collected 23.19 from pot with Straight, 10 High (combination: 6♦, 7♠, 8♠, 9♠, 10♠)",2026-09-08T16:35:32.074Z,178888533207401
"""Heech @ wzsls5Sz57"" shows a 9♠, 7♠.",2026-09-08T16:35:32.074Z,178888533207400
"""rowan @ GthBpPSqaK"" calls 7.73",2026-09-08T16:35:31.201Z,178888533120100
"""Heech @ wzsls5Sz57"" bets 7.73",2026-09-08T16:35:30.156Z,178888533015600
"""rowan @ GthBpPSqaK"" checks",2026-09-08T16:35:28.026Z,178888532802600
"River: 6♦, 10♠, 2♥, 8♠ [4♥]",2026-09-08T16:35:26.726Z,178888532672600
"""rowan @ GthBpPSqaK"" calls 2.74",2026-09-08T16:35:25.923Z,178888532592300
"""Heech @ wzsls5Sz57"" raises to 2.74",2026-09-08T16:35:24.278Z,178888532427800
"""rowan @ GthBpPSqaK"" bets 1.12",2026-09-08T16:35:21.957Z,178888532195700
"Turn: 6♦, 10♠, 2♥ [8♠]",2026-09-08T16:35:19.505Z,178888531950500
"""Heech @ wzsls5Sz57"" calls 0.50",2026-09-08T16:35:18.686Z,178888531868600
"""rowan @ GthBpPSqaK"" bets 0.50",2026-09-08T16:35:17.489Z,178888531748900
"Flop:  [6♦, 10♠, 2♥]",2026-09-08T16:35:15.803Z,178888531580300
"""rowan @ GthBpPSqaK"" checks",2026-09-08T16:35:14.998Z,178888531499800
"""Mr Bink @ IRFSw7AJ_c"" folds",2026-09-08T16:35:13.916Z,178888531391600
"""1bulletonly @ xZS3GKnBtu"" folds",2026-09-08T16:35:12.931Z,178888531293100
"""Heech @ wzsls5Sz57"" calls 0.50",2026-09-08T16:35:12.031Z,178888531203100
"""rowan @ GthBpPSqaK"" posts a big blind of 0.50",2026-09-08T16:35:10.398Z,178888531039807
"""Mr Bink @ IRFSw7AJ_c"" posts a small blind of 0.25",2026-09-08T16:35:10.398Z,178888531039806
"Player stacks: #1 ""rowan @ GthBpPSqaK"" (69.38) | #2 ""Heech @ wzsls5Sz57"" (36.56) | #9 ""1bulletonly @ xZS3GKnBtu"" (50.31) | #10 ""Mr Bink @ IRFSw7AJ_c"" (43.75)",2026-09-08T16:35:10.398Z,178888531039801
"-- starting hand #11 (id: xxtuoposjywu)  No Limit Texas Hold'em (dealer: ""1bulletonly @ xZS3GKnBtu"") --",2026-09-08T16:35:10.398Z,178888531039800
"""rowan @ GthBpPSqaK"" shows a 4♠.",2026-09-08T16:35:04.177Z,178888530417700
"-- ending hand #10 --",2026-09-08T16:35:03.736Z,178888530373602
"""1bulletonly @ xZS3GKnBtu"" collected 11.24 from pot",2026-09-08T16:35:03.736Z,178888530373601
"Uncalled bet of 6.62 returned to ""1bulletonly @ xZS3GKnBtu""",2026-09-08T16:35:03.736Z,178888530373600
"""rowan @ GthBpPSqaK"" folds",2026-09-08T16:35:02.913Z,178888530291300
"""1bulletonly @ xZS3GKnBtu"" bets 6.62",2026-09-08T16:35:01.699Z,178888530169900
"Turn: 9♣, 4♣, 9♦ [K♣]",2026-09-08T16:34:56.951Z,178888529695100
"""rowan @ GthBpPSqaK"" calls 3.37",2026-09-08T16:34:56.070Z,178888529607000
"""1bulletonly @ xZS3GKnBtu"" bets 3.37",2026-09-08T16:34:54.561Z,178888529456100
"Flop:  [9♣, 4♣, 9♦]",2026-09-08T16:34:48.740Z,178888528874000
"""rowan @ GthBpPSqaK"" calls 2.00",2026-09-08T16:34:47.824Z,178888528782400
"""Mr Bink @ IRFSw7AJ_c"" folds",2026-09-08T16:34:46.874Z,178888528687400
"""1bulletonly @ xZS3GKnBtu"" raises to 2.00",2026-09-08T16:34:45.892Z,178888528589200
"""Heech @ wzsls5Sz57"" folds",2026-09-08T16:34:42.899Z,178888528289900
"""rowan @ GthBpPSqaK"" calls 0.50",2026-09-08T16:34:40.235Z,178888528023500
"""Mr Bink @ IRFSw7AJ_c"" posts a big blind of 0.50",2026-09-08T16:34:38.938Z,178888527893807
"""1bulletonly @ xZS3GKnBtu"" posts a small blind of 0.25",2026-09-08T16:34:38.938Z,178888527893806
"Player stacks: #1 ""rowan @ GthBpPSqaK"" (74.75) | #2 ""Heech @ wzsls5Sz57"" (36.56) | #9 ""1bulletonly @ xZS3GKnBtu"" (44.44) | #10 ""Mr Bink @ IRFSw7AJ_c"" (44.25)",2026-09-08T16:34:38.938Z,178888527893801
"-- starting hand #10 (id: pyujejhqyy53)  No Limit Texas Hold'em (dealer: ""Heech @ wzsls5Sz57"") --",2026-09-08T16:34:38.938Z,178888527893800
"-- ending hand #9 --",2026-09-08T16:34:32.990Z,178888527299002
"""rowan @ GthBpPSqaK"" collected 4.50 from pot",2026-09-08T16:34:32.990Z,178888527299001
"Uncalled bet of 2.25 returned to ""rowan @ GthBpPSqaK""",2026-09-08T16:34:32.990Z,178888527299000
"""1bulletonly @ xZS3GKnBtu"" folds",2026-09-08T16:34:32.152Z,178888527215200
"""rowan @ GthBpPSqaK"" bets 2.25",2026-09-08T16:34:13.675Z,178888525367500
"""1bulletonly @ xZS3GKnBtu"" checks",2026-09-08T16:34:11.197Z,178888525119700
"Flop:  [2♠, 7♥, A♠]",2026-09-08T16:33:54.552Z,178888523455200
"""Heech @ wzsls5Sz57"" folds",2026-09-08T16:33:53.696Z,178888523369600
"""rowan @ GthBpPSqaK"" calls 2.00",2026-09-08T16:33:51.107Z,178888523110700
"""1bulletonly @ xZS3GKnBtu"" raises to 2.00",2026-09-08T16:33:50.123Z,178888523012300
"""Heech @ wzsls5Sz57"" calls 0.50",2026-09-08T16:33:44.366Z,178888522436600
"""rowan @ GthBpPSqaK"" calls 0.50",2026-09-08T16:33:40.744Z,178888522074400
"""Mr Bink @ IRFSw7AJ_c"" folds",2026-09-08T16:33:38.278Z,178888521827800
"""1bulletonly @ xZS3GKnBtu"" posts a big blind of 0.50",2026-09-08T16:33:30.298Z,178888521029807
"""Heech @ wzsls5Sz57"" posts a small blind of 0.25",2026-09-08T16:33:30.298Z,178888521029806
"Player stacks: #1 ""rowan @ GthBpPSqaK"" (72.25) | #2 ""Heech @ wzsls5Sz57"" (37.06) | #9 ""1bulletonly @ xZS3GKnBtu"" (46.44) | #10 ""Mr Bink @ IRFSw7AJ_c"" (44.25)",2026-09-08T16:33:30.298Z,178888521029801
"-- starting hand #9 (id: exsvzbcmsb6c)  No Limit Texas Hold'em (dealer: ""rowan @ GthBpPSqaK"") --",2026-09-08T16:33:30.298Z,178888521029800
"-- ending hand #8 --",2026-09-08T16:33:24.363Z,178888520436302
"""Heech @ wzsls5Sz57"" collected 0.50 from pot",2026-09-08T16:33:24.363Z,178888520436301
"Uncalled bet of 0.25 returned to ""Heech @ wzsls5Sz57""",2026-09-08T16:33:24.363Z,178888520436300
"""rowan @ GthBpPSqaK"" folds",2026-09-08T16:33:23.539Z,178888520353900
"""Mr Bink @ IRFSw7AJ_c"" folds",2026-09-08T16:33:22.676Z,178888520267600
"""1bulletonly @ xZS3GKnBtu"" folds",2026-09-08T16:33:21.721Z,178888520172100
"""Heech @ wzsls5Sz57"" posts a big blind of 0.50",2026-09-08T16:33:20.600Z,178888520060007
"""rowan @ GthBpPSqaK"" posts a small blind of 0.25",2026-09-08T16:33:20.600Z,178888520060006
"Player stacks: #1 ""rowan @ GthBpPSqaK"" (72.50) | #2 ""Heech @ wzsls5Sz57"" (36.81) | #9 ""1bulletonly @ xZS3GKnBtu"" (46.44) | #10 ""Mr Bink @ IRFSw7AJ_c"" (44.25)",2026-09-08T16:33:20.600Z,178888520060001
"-- starting hand #8 (id: gutxnyn44ges)  No Limit Texas Hold'em (dealer: ""Mr Bink @ IRFSw7AJ_c"") --",2026-09-08T16:33:20.600Z,178888520060000
"""Mr Bink @ IRFSw7AJ_c"" shows a 8♦, 7♠.",2026-09-08T16:33:14.614Z,178888519461400
"-- ending hand #7 --",2026-09-08T16:33:13.996Z,178888519399602
"""Heech @ wzsls5Sz57"" collected 11.87 from pot",2026-09-08T16:33:13.996Z,178888519399601
"Uncalled bet of 24.94 returned to ""Heech @ wzsls5Sz57""",2026-09-08T16:33:13.996Z,178888519399600
"""1bulletonly @ xZS3GKnBtu"" folds",2026-09-08T16:33:13.184Z,178888519318400
"""Heech @ wzsls5Sz57"" bets 24.94 and go all in",2026-09-08T16:33:11.135Z,178888519113500
"Turn: 8♥, J♣, 7♥ [Q♠]",2026-09-08T16:33:04.751Z,178888518475100
"""1bulletonly @ xZS3GKnBtu"" calls 3.56",2026-09-08T16:33:03.932Z,178888518393200
"""Heech @ wzsls5Sz57"" bets 3.56",2026-09-08T16:33:02.023Z,178888518202300
"Flop:  [8♥, J♣, 7♥]",2026-09-08T16:32:57.839Z,178888517783900
"""rowan @ GthBpPSqaK"" folds",2026-09-08T16:32:56.986Z,178888517698600
"""Mr Bink @ IRFSw7AJ_c"" folds",2026-09-08T16:32:56.042Z,178888517604200
"""1bulletonly @ xZS3GKnBtu"" calls 2.00",2026-09-08T16:32:55.075Z,178888517507500
"""Heech @ wzsls5Sz57"" raises to 2.00",2026-09-08T16:32:53.848Z,178888517384800
"""rowan @ GthBpPSqaK"" posts a big blind of 0.50",2026-09-08T16:32:49.699Z,178888516969907
"""Mr Bink @ IRFSw7AJ_c"" posts a small blind of 0.25",2026-09-08T16:32:49.699Z,178888516969906
"Player stacks: #1 ""rowan @ GthBpPSqaK"" (73.00) | #2 ""Heech @ wzsls5Sz57"" (30.50) | #9 ""1bulletonly @ xZS3GKnBtu"" (52.00) | #10 ""Mr Bink @ IRFSw7AJ_c"" (44.50)",2026-09-08T16:32:49.699Z,178888516969901
"-- starting hand #7 (id: s4r2x1akyp24)  No Limit Texas Hold'em (dealer: ""1bulletonly @ xZS3GKnBtu"") --",2026-09-08T16:32:49.699Z,178888516969900
"-- ending hand #6 --",2026-09-08T16:32:43.778Z,178888516377802
"""rowan @ GthBpPSqaK"" collected 4.75 from pot",2026-09-08T16:32:43.778Z,178888516377801
"Uncalled bet of 2.37 returned to ""rowan @ GthBpPSqaK""",2026-09-08T16:32:43.778Z,178888516377800
"""Heech @ wzsls5Sz57"" folds",2026-09-08T16:32:42.975Z,178888516297500
"""rowan @ GthBpPSqaK"" bets 2.37",2026-09-08T16:32:42.037Z,178888516203700
"Turn: 8♥, J♣, A♥ [5♣]",2026-09-08T16:32:39.975Z,178888515997500
"""Heech @ wzsls5Sz57"" checks",2026-09-08T16:32:39.147Z,178888515914700
"""rowan @ GthBpPSqaK"" checks",2026-09-08T16:32:36.484Z,178888515648400
"Flop:  [8♥, J♣, A♥]",2026-09-08T16:32:35.318Z,178888515531800
"""Mr Bink @ IRFSw7AJ_c"" folds",2026-09-08T16:32:34.488Z,178888515448800
"""1bulletonly @ xZS3GKnBtu"" folds",2026-09-08T16:32:30.991Z,178888515099100
"""Heech @ wzsls5Sz57"" calls 2.00",2026-09-08T16:32:29.087Z,178888514908700
"""rowan @ GthBpPSqaK"" raises to 2.00",2026-09-08T16:32:26.911Z,178888514691100
"""Mr Bink @ IRFSw7AJ_c"" posts a big blind of 0.50",2026-09-08T16:32:24.515Z,178888514451507
"""1bulletonly @ xZS3GKnBtu"" posts a small blind of 0.25",2026-09-08T16:32:24.515Z,178888514451506
"Player stacks: #1 ""rowan @ GthBpPSqaK"" (70.25) | #2 ""Heech @ wzsls5Sz57"" (32.50) | #9 ""1bulletonly @ xZS3GKnBtu"" (52.25) | #10 ""Mr Bink @ IRFSw7AJ_c"" (45.00)",2026-09-08T16:32:24.515Z,178888514451501
"-- starting hand #6 (id: zalhqntl5ihn)  No Limit Texas Hold'em (dealer: ""Heech @ wzsls5Sz57"") --",2026-09-08T16:32:24.515Z,178888514451500
"-- ending hand #5 --",2026-09-08T16:32:18.586Z,178888513858602
"""1bulletonly @ xZS3GKnBtu"" collected 4.25 from pot",2026-09-08T16:32:18.586Z,178888513858601
"Uncalled bet of 4.25 returned to ""1bulletonly @ xZS3GKnBtu""",2026-09-08T16:32:18.586Z,178888513858600
"""rowan @ GthBpPSqaK"" folds",2026-09-08T16:32:17.775Z,178888513777500
"""1bulletonly @ xZS3GKnBtu"" bets 4.25",2026-09-08T16:32:16.752Z,178888513675200
"Flop:  [7♥, 2♣, 5♦]",2026-09-08T16:32:13.187Z,178888513318700
"""1bulletonly @ xZS3GKnBtu"" calls 2.00",2026-09-08T16:32:12.373Z,178888513237300
"""Heech @ wzsls5Sz57"" folds",2026-09-08T16:32:10.593Z,178888513059300
"""rowan @ GthBpPSqaK"" raises to 2.00",2026-09-08T16:32:08.931Z,178888512893100
"""Mr Bink @ IRFSw7AJ_c"" folds",2026-09-08T16:32:06.590Z,178888512659000
"""1bulletonly @ xZS3GKnBtu"" posts a big blind of 0.50",2026-09-08T16:32:05.590Z,178888512559007
"""Heech @ wzsls5Sz57"" posts a small blind of 0.25",2026-09-08T16:32:05.590Z,178888512559006
"Player stacks: #1 ""rowan @ GthBpPSqaK"" (72.25) | #2 ""Heech @ wzsls5Sz57"" (32.75) | #9 ""1bulletonly @ xZS3GKnBtu"" (50.00) | #10 ""Mr Bink @ IRFSw7AJ_c"" (45.00)",2026-09-08T16:32:05.590Z,178888512559001
"-- starting hand #5 (id: 2eerkfymggim)  No Limit Texas Hold'em (dealer: ""rowan @ GthBpPSqaK"") --",2026-09-08T16:32:05.590Z,178888512559000
"""Mr Bink @ IRFSw7AJ_c"" shows a K♠, 8♠.",2026-09-08T16:32:00.256Z,178888512025600
"-- ending hand #4 --",2026-09-08T16:31:59.071Z,178888511907102
"""rowan @ GthBpPSqaK"" collected 15.00 from pot with Pair, Q's (combination: 5♣, 7♦, 10♠, Q♥, Q♦)",2026-09-08T16:31:59.071Z,178888511907101
"""rowan @ GthBpPSqaK"" shows a 10♠, Q♥.",2026-09-08T16:31:59.071Z,178888511907100
"""Mr Bink @ IRFSw7AJ_c"" checks",2026-09-08T16:31:58.266Z,178888511826600
"""Heech @ wzsls5Sz57"" checks",2026-09-08T16:31:56.705Z,178888511670500
"""rowan @ GthBpPSqaK"" checks",2026-09-08T16:31:54.767Z,178888511476700
"River: 5♣, 3♦, Q♦, 2♣ [7♦]",2026-09-08T16:31:53.138Z,178888511313800
"""Mr Bink @ IRFSw7AJ_c"" checks",2026-09-08T16:31:52.296Z,178888511229600
"""Heech @ wzsls5Sz57"" checks",2026-09-08T16:31:50.681Z,178888511068100
"""rowan @ GthBpPSqaK"" checks",2026-09-08T16:31:48.911Z,178888510891100
"Turn: 5♣, 3♦, Q♦ [2♣]",2026-09-08T16:31:46.907Z,178888510690700
"""Heech @ wzsls5Sz57"" calls 3.00",2026-09-08T16:31:46.077Z,178888510607700
"""rowan @ GthBpPSqaK"" calls 3.00",2026-09-08T16:31:43.206Z,178888510320600
"""Mr Bink @ IRFSw7AJ_c"" bets 3.00",2026-09-08T16:31:41.413Z,178888510141300
"""Heech @ wzsls5Sz57"" checks",2026-09-08T16:31:38.332Z,178888509833200
"""rowan @ GthBpPSqaK"" checks",2026-09-08T16:31:36.269Z,178888509626900
"Flop:  [5♣, 3♦, Q♦]",2026-09-08T16:31:34.375Z,178888509437500
"""Heech @ wzsls5Sz57"" calls 2.00",2026-09-08T16:31:33.558Z,178888509355800
"""rowan @ GthBpPSqaK"" calls 2.00",2026-09-08T16:31:32.293Z,178888509229300
"""Mr Bink @ IRFSw7AJ_c"" raises to 2.00",2026-09-08T16:31:31.393Z,178888509139300
"""1bulletonly @ xZS3GKnBtu"" folds",2026-09-08T16:31:27.174Z,178888508717400
"""Heech @ wzsls5Sz57"" posts a big blind of 0.50",2026-09-08T16:31:23.760Z,178888508376008
"""rowan @ GthBpPSqaK"" posts a small blind of 0.25",2026-09-08T16:31:23.760Z,178888508376007
"Player stacks: #1 ""rowan @ GthBpPSqaK"" (62.25) | #2 ""Heech @ wzsls5Sz57"" (37.75) | #9 ""1bulletonly @ xZS3GKnBtu"" (50.00) | #10 ""Mr Bink @ IRFSw7AJ_c"" (50.00)",2026-09-08T16:31:23.760Z,178888508376002
"-- starting hand #4 (id: qcdufnmmrcnp)  No Limit Texas Hold'em (dealer: ""Mr Bink @ IRFSw7AJ_c"") --",2026-09-08T16:31:23.760Z,178888508376001
"The player ""1bulletonly @ xZS3GKnBtu"" joined the game with a stack of 50.00.",2026-09-08T16:31:23.760Z,178888508376000
"""Heech @ wzsls5Sz57"" shows a 7♣.",2026-09-08T16:31:19.969Z,178888507996900
"The admin approved the player ""1bulletonly @ xZS3GKnBtu"" participation with a stack of 50.00.",2026-09-08T16:31:18.553Z,178888507855300
"The player ""1bulletonly @ xZS3GKnBtu"" requested a seat.",2026-09-08T16:31:17.753Z,178888507775300
"-- ending hand #3 --",2026-09-08T16:31:17.153Z,178888507715302
"""rowan @ GthBpPSqaK"" collected 4.25 from pot",2026-09-08T16:31:17.153Z,178888507715301
"Uncalled bet of 2.12 returned to ""rowan @ GthBpPSqaK""",2026-09-08T16:31:17.153Z,178888507715300
"""Heech @ wzsls5Sz57"" folds",2026-09-08T16:31:16.334Z,178888507633400
"""rowan @ GthBpPSqaK"" bets 2.12",2026-09-08T16:31:14.771Z,178888507477100
"Turn: 10♦, 9♠, 6♠ [9♦]",2026-09-08T16:31:12.080Z,178888507208000
"""Heech @ wzsls5Sz57"" checks",2026-09-08T16:31:11.228Z,178888507122800
"""rowan @ GthBpPSqaK"" checks",2026-09-08T16:31:08.760Z,178888506876000
"Flop:  [10♦, 9♠, 6♠]",2026-09-08T16:31:07.743Z,178888506774300
"""rowan @ GthBpPSqaK"" calls 2.00",2026-09-08T16:31:06.912Z,178888506691200
"""Mr Bink @ IRFSw7AJ_c"" folds",2026-09-08T16:31:06.059Z,178888506605900
"""Heech @ wzsls5Sz57"" raises to 2.00",2026-09-08T16:31:05.175Z,178888506517500
"""rowan @ GthBpPSqaK"" posts a big blind of 0.50",2026-09-08T16:31:01.495Z,178888506149506
"""Mr Bink @ IRFSw7AJ_c"" posts a small blind of 0.25",2026-09-08T16:31:01.495Z,178888506149505
"Player stacks: #1 ""rowan @ GthBpPSqaK"" (60.00) | #2 ""Heech @ wzsls5Sz57"" (39.75) | #10 ""Mr Bink @ IRFSw7AJ_c"" (50.25)",2026-09-08T16:31:01.495Z,178888506149501
"-- starting hand #3 (id: 9bwtgnzjiahg)  No Limit Texas Hold'em (dealer: ""Heech @ wzsls5Sz57"") --",2026-09-08T16:31:01.495Z,178888506149500
"-- ending hand #2 --",2026-09-08T16:30:55.534Z,178888505553402
"""Mr Bink @ IRFSw7AJ_c"" collected 0.50 from pot",2026-09-08T16:30:55.534Z,178888505553401
"Uncalled bet of 0.25 returned to ""Mr Bink @ IRFSw7AJ_c""",2026-09-08T16:30:55.534Z,178888505553400
"""Heech @ wzsls5Sz57"" folds",2026-09-08T16:30:54.690Z,178888505469000
"""rowan @ GthBpPSqaK"" folds",2026-09-08T16:30:40.293Z,178888504029300
"""Mr Bink @ IRFSw7AJ_c"" posts a big blind of 0.50",2026-09-08T16:30:38.082Z,178888503808207
"""Heech @ wzsls5Sz57"" posts a small blind of 0.25",2026-09-08T16:30:38.082Z,178888503808206
"Player stacks: #1 ""rowan @ GthBpPSqaK"" (60.00) | #2 ""Heech @ wzsls5Sz57"" (40.00) | #10 ""Mr Bink @ IRFSw7AJ_c"" (50.00)",2026-09-08T16:30:38.082Z,178888503808202
"-- starting hand #2 (id: dzwale55pfek)  No Limit Texas Hold'em (dealer: ""rowan @ GthBpPSqaK"") --",2026-09-08T16:30:38.082Z,178888503808201
"The player ""Mr Bink @ IRFSw7AJ_c"" joined the game with a stack of 50.00.",2026-09-08T16:30:38.082Z,178888503808200
"""Heech @ wzsls5Sz57"" shows a 3♥, Q♥.",2026-09-08T16:30:33.858Z,178888503385800
"-- ending hand #1 --",2026-09-08T16:30:31.576Z,178888503157602
"""rowan @ GthBpPSqaK"" collected 20.00 from pot with Three of a Kind, 4's (combination: Q♠, K♦, 4♦, 4♠, 4♣)",2026-09-08T16:30:31.576Z,178888503157601
"""rowan @ GthBpPSqaK"" shows a 4♦, K♦.",2026-09-08T16:30:31.576Z,178888503157600
"""Heech @ wzsls5Sz57"" checks",2026-09-08T16:30:30.696Z,178888503069600
"""rowan @ GthBpPSqaK"" checks",2026-09-08T16:30:29.521Z,178888502952100
"River: Q♠, 7♠, 4♠, 6♥ [4♣]",2026-09-08T16:30:28.173Z,178888502817300
"""rowan @ GthBpPSqaK"" calls 5.00",2026-09-08T16:30:27.313Z,178888502731300
"The admin approved the player ""Mr Bink @ IRFSw7AJ_c"" participation with a stack of 50.00.",2026-09-08T16:30:25.910Z,178888502591000
"The player ""Mr Bink @ IRFSw7AJ_c"" requested a seat.",2026-09-08T16:30:24.695Z,178888502469500
"""Heech @ wzsls5Sz57"" bets 5.00",2026-09-08T16:30:22.823Z,178888502282300
"""rowan @ GthBpPSqaK"" checks",2026-09-08T16:30:19.171Z,178888501917100
"Turn: Q♠, 7♠, 4♠ [6♥]",2026-09-08T16:30:16.168Z,178888501616800
"""rowan @ GthBpPSqaK"" calls 3.00",2026-09-08T16:30:15.328Z,178888501532800
"""Heech @ wzsls5Sz57"" bets 3.00",2026-09-08T16:30:12.644Z,178888501264400
"""rowan @ GthBpPSqaK"" checks",2026-09-08T16:30:10.234Z,178888501023400
"Flop:  [Q♠, 7♠, 4♠]",2026-09-08T16:30:07.019Z,178888500701900
"""Heech @ wzsls5Sz57"" calls 2.00",2026-09-08T16:30:06.204Z,178888500620400
"""rowan @ GthBpPSqaK"" raises to 2.00",2026-09-08T16:30:03.107Z,178888500310700
"""Heech @ wzsls5Sz57"" calls 0.50",2026-09-08T16:29:58.917Z,178888499891700
"""rowan @ GthBpPSqaK"" posts a big blind of 0.50",2026-09-08T16:29:56.839Z,178888499683907
"""Heech @ wzsls5Sz57"" posts a small blind of 0.25",2026-09-08T16:29:56.839Z,178888499683906
"Player stacks: #1 ""rowan @ GthBpPSqaK"" (50.00) | #2 ""Heech @ wzsls5Sz57"" (50.00)",2026-09-08T16:29:56.839Z,178888499683903
"The player ""Heech @ wzsls5Sz57"" joined the game with a stack of 50.00.",2026-09-08T16:29:56.839Z,178888499683902
"The player ""rowan @ GthBpPSqaK"" joined the game with a stack of 50.00.",2026-09-08T16:29:56.839Z,178888499683901
"-- starting hand #1 (id: yq8i9rrpfdsw)  No Limit Texas Hold'em (dealer: ""Heech @ wzsls5Sz57"") --",2026-09-08T16:29:56.839Z,178888499683900
"The admin approved the player ""Heech @ wzsls5Sz57"" participation with a stack of 50.00.",2026-09-08T16:29:07.013Z,178888494701300
"The player ""Heech @ wzsls5Sz57"" requested a seat.",2026-09-08T16:29:05.411Z,178888494541100
"The admin approved the player ""rowan @ GthBpPSqaK"" participation with a stack of 50.00.",2026-09-08T16:28:38.925Z,178888491892501
"The player ""rowan @ GthBpPSqaK"" requested a seat.",2026-09-08T16:28:38.925Z,178888491892500
"The game's ante was changed from 0.00 to 0.00.",2026-09-08T16:28:31.855Z,178888491185503
"The game's big blind was changed from 0.20 to 0.50.",2026-09-08T16:28:31.855Z,178888491185502
"The game's small blind was changed from 0.10 to 0.25.",2026-09-08T16:28:31.855Z,178888491185501
"Game Config Changes
* Cents Mode: off » on
* Double Board: off » off
* Bomb Pot: off » on
* Bomb Pot Probability: off » 5%
* Bomb Pot BB Quantity: off » 2
* Nit Minimum Players: off » 3
* Allow Rebuy: off » on
* Blind Schedule: L1: 10/20 » L1: 25/50
* Rabbit Hunt: off » on
* Allow Run it Twice: no » ask players
* 7-2 bounty: off » 100
* Restart Blind Schedule at Level: none » 1",2026-09-08T16:28:31.855Z,178888491185500
