entry,at,order
"The player ""rowan @ GthBpPSqaK"" stand up with the stack of 182.84.",2026-10-02T21:46:23.017Z,179097758301700
"The player ""jaaaaaaan @ O6Q78KIRx-"" stand up with the stack of 103.32.",2026-10-02T21:46:19.678Z,179097757967800
"-- ending hand #418 --",2026-10-02T21:46:13.767Z,179097757376702
"""rowan @ GthBpPSqaK"" collected 0.50 from pot",2026-10-02T21:46:13.767Z,179097757376701
"Uncalled bet of 0.25 returned to ""rowan @ GthBpPSqaK""",2026-10-02T21:46:13.767Z,179097757376700
"""jaaaaaaan @ O6Q78KIRx-"" folds",2026-10-02T21:46:12.936Z,179097757293600
"""rowan @ GthBpPSqaK"" posts a big blind of 0.50",2026-10-02T21:45:58.342Z,179097755834205
"""jaaaaaaan @ O6Q78KIRx-"" posts a small blind of 0.25",2026-10-02T21:45:58.342Z,179097755834204
"Player stacks: #2 ""rowan @ GthBpPSqaK"" (182.59) | #5 ""jaaaaaaan @ O6Q78KIRx-"" (103.57)",2026-10-02T21:45:58.342Z,179097755834201
"-- starting hand #418 (id: qh89avg7c7vr)  No Limit Texas Hold'em (dealer: ""jaaaaaaan @ O6Q78KIRx-"") --",2026-10-02T21:45:58.342Z,179097755834200
"-- ending hand #417 --",2026-10-02T21:45:52.348Z,179097755234802
"""jaaaaaaan @ O6Q78KIRx-"" collected 0.50 from pot",2026-10-02T21:45:52.348Z,179097755234801
"Uncalled bet of 0.25 returned to ""jaaaaaaan @ O6Q78KIRx-""",2026-10-02T21:45:52.348Z,179097755234800
"""rowan @ GthBpPSqaK"" folds",2026-10-02T21:45:51.406Z,179097755140600
"""jaaaaaaan @ O6Q78KIRx-"" posts a big blind of 0.50",2026-10-02T21:45:50.341Z,179097755034105
"""rowan @ GthBpPSqaK"" posts a small blind of 0.25",2026-10-02T21:45:50.341Z,179097755034104
"Player stacks: #2 ""rowan @ GthBpPSqaK"" (182.84) | #5 ""jaaaaaaan @ O6Q78KIRx-"" (103.32)",2026-10-02T21:45:50.341Z,179097755034101
"-- starting hand #417 (id: q5nehrrd0ibu)  No Limit Texas Hold'em (dealer: ""rowan @ GthBpPSqaK"") --",2026-10-02T21:45:50.341Z,179097755034100
"-- ending hand #416 --",2026-10-02T21:45:44.285Z,179097754428503
"""rowan @ GthBpPSqaK"" collected 1.00 from pot with Two Pair, A's & 3's (combination: K♥, 3♥, 3♣, A♣, A♠)",2026-10-02T21:45:44.285Z,179097754428502
"""rowan @ GthBpPSqaK"" shows a 3♥, 10♥.",2026-10-02T21:45:44.285Z,179097754428501
"""jaaaaaaan @ O6Q78KIRx-"" shows a Q♠, 8♠.",2026-10-02T21:45:44.285Z,179097754428500
"""jaaaaaaan @ O6Q78KIRx-"" checks",2026-10-02T21:45:43.454Z,179097754345400
"""rowan @ GthBpPSqaK"" checks",2026-10-02T21:45:42.292Z,179097754229200
"River: 3♣, A♣, K♥, J♥ [A♠]",2026-10-02T21:45:41.561Z,179097754156100
"""jaaaaaaan @ O6Q78KIRx-"" checks",2026-10-02T21:45:40.741Z,179097754074100
"""rowan @ GthBpPSqaK"" checks",2026-10-02T21:45:39.884Z,179097753988400
"Turn: 3♣, A♣, K♥ [J♥]",2026-10-02T21:45:39.479Z,179097753947900
"""jaaaaaaan @ O6Q78KIRx-"" checks",2026-10-02T21:45:38.588Z,179097753858800
"""rowan @ GthBpPSqaK"" checks",2026-10-02T21:45:37.743Z,179097753774300
"Flop:  [3♣, A♣, K♥]",2026-10-02T21:45:36.984Z,179097753698400
"""rowan @ GthBpPSqaK"" checks",2026-10-02T21:45:36.175Z,179097753617500
"""jaaaaaaan @ O6Q78KIRx-"" calls 0.50",2026-10-02T21:45:35.250Z,179097753525000
"""rowan @ GthBpPSqaK"" posts a big blind of 0.50",2026-10-02T21:45:34.382Z,179097753438205
"""jaaaaaaan @ O6Q78KIRx-"" posts a small blind of 0.25",2026-10-02T21:45:34.382Z,179097753438204
"Player stacks: #2 ""rowan @ GthBpPSqaK"" (182.34) | #5 ""jaaaaaaan @ O6Q78KIRx-"" (103.82)",2026-10-02T21:45:34.382Z,179097753438201
"-- starting hand #416 (id: azi38tnuyolu)  No Limit Texas Hold'em (dealer: ""jaaaaaaan @ O6Q78KIRx-"") --",2026-10-02T21:45:34.382Z,179097753438200
"""rowan @ GthBpPSqaK"" shows a 4♦, K♠.",2026-10-02T21:45:31.346Z,179097753134600
"""jaaaaaaan @ O6Q78KIRx-"" shows a 3♥, A♠.",2026-10-02T21:45:30.105Z,179097753010500
"-- ending hand #415 --",2026-10-02T21:45:27.074Z,179097752707402
"""jaaaaaaan @ O6Q78KIRx-"" collected 0.50 from pot",2026-10-02T21:45:27.074Z,179097752707401
"Uncalled bet of 0.25 returned to ""jaaaaaaan @ O6Q78KIRx-""",2026-10-02T21:45:27.074Z,179097752707400
"""rowan @ GthBpPSqaK"" folds",2026-10-02T21:45:26.246Z,179097752624600
"""jaaaaaaan @ O6Q78KIRx-"" posts a big blind of 0.50",2026-10-02T21:45:24.697Z,179097752469705
"""rowan @ GthBpPSqaK"" posts a small blind of 0.25",2026-10-02T21:45:24.697Z,179097752469704
"Player stacks: #2 ""rowan @ GthBpPSqaK"" (182.59) | #5 ""jaaaaaaan @ O6Q78KIRx-"" (103.57)",2026-10-02T21:45:24.697Z,179097752469701
"-- starting hand #415 (id: sc4pwkkio3rt)  No Limit Texas Hold'em (dealer: ""rowan @ GthBpPSqaK"") --",2026-10-02T21:45:24.697Z,179097752469700
"""rowan @ GthBpPSqaK"" shows a 4♥, 4♦.",2026-10-02T21:45:20.168Z,179097752016800
"-- ending hand #414 --",2026-10-02T21:45:18.090Z,179097751809002
"""rowan @ GthBpPSqaK"" collected 1.00 from pot",2026-10-02T21:45:18.090Z,179097751809001
"Uncalled bet of 1.00 returned to ""rowan @ GthBpPSqaK""",2026-10-02T21:45:18.090Z,179097751809000
"""jaaaaaaan @ O6Q78KIRx-"" folds",2026-10-02T21:45:17.277Z,179097751727700
"""rowan @ GthBpPSqaK"" raises to 1.50",2026-10-02T21:45:15.632Z,179097751563200
"""jaaaaaaan @ O6Q78KIRx-"" calls 0.50",2026-10-02T21:45:13.547Z,179097751354700
"""rowan @ GthBpPSqaK"" posts a big blind of 0.50",2026-10-02T21:45:11.657Z,179097751165705
"""jaaaaaaan @ O6Q78KIRx-"" posts a small blind of 0.25",2026-10-02T21:45:11.657Z,179097751165704
"Player stacks: #2 ""rowan @ GthBpPSqaK"" (182.09) | #5 ""jaaaaaaan @ O6Q78KIRx-"" (104.07)",2026-10-02T21:45:11.657Z,179097751165701
"-- starting hand #414 (id: 0clcqjxaqwhr)  No Limit Texas Hold'em (dealer: ""jaaaaaaan @ O6Q78KIRx-"") --",2026-10-02T21:45:11.657Z,179097751165700
"-- ending hand #413 --",2026-10-02T21:45:05.650Z,179097750565003
"""jaaaaaaan @ O6Q78KIRx-"" collected 50.24 from pot with Two Pair, J's & 5's (combination: K♠, 5♥, 5♣, J♥, J♦)",2026-10-02T21:45:05.650Z,179097750565002
"""jaaaaaaan @ O6Q78KIRx-"" shows a 5♥, 5♣.",2026-10-02T21:45:05.650Z,179097750565001
"""rowan @ GthBpPSqaK"" shows a 3♥, 3♠.",2026-10-02T21:45:05.650Z,179097750565000
"""rowan @ GthBpPSqaK"" checks",2026-10-02T21:45:04.826Z,179097750482600
"""jaaaaaaan @ O6Q78KIRx-"" checks",2026-10-02T21:45:03.622Z,179097750362200
"River: K♠, J♥, J♦, 2♥ [6♣]",2026-10-02T21:45:03.249Z,179097750324900
"""rowan @ GthBpPSqaK"" checks",2026-10-02T21:45:02.416Z,179097750241600
"""jaaaaaaan @ O6Q78KIRx-"" checks",2026-10-02T21:45:01.392Z,179097750139200
"Turn: K♠, J♥, J♦ [2♥]",2026-10-02T21:45:00.995Z,179097750099500
"""rowan @ GthBpPSqaK"" checks",2026-10-02T21:45:00.178Z,179097750017800
"""jaaaaaaan @ O6Q78KIRx-"" checks",2026-10-02T21:44:58.800Z,179097749880000
"Flop:  [K♠, J♥, J♦]",2026-10-02T21:44:57.864Z,179097749786400
"""jaaaaaaan @ O6Q78KIRx-"" calls 25.12",2026-10-02T21:44:57.008Z,179097749700800
"""rowan @ GthBpPSqaK"" raises to 25.12",2026-10-02T21:44:54.867Z,179097749486700
"""jaaaaaaan @ O6Q78KIRx-"" posts a big blind of 0.50",2026-10-02T21:44:46.864Z,179097748686405
"""rowan @ GthBpPSqaK"" posts a small blind of 0.25",2026-10-02T21:44:46.864Z,179097748686404
"Player stacks: #2 ""rowan @ GthBpPSqaK"" (207.21) | #5 ""jaaaaaaan @ O6Q78KIRx-"" (78.95)",2026-10-02T21:44:46.864Z,179097748686401
"-- starting hand #413 (id: ikty6bph5f01)  No Limit Texas Hold'em (dealer: ""rowan @ GthBpPSqaK"") --",2026-10-02T21:44:46.864Z,179097748686400
"""rowan @ GthBpPSqaK"" shows a 5♣.",2026-10-02T21:44:43.391Z,179097748339100
"-- ending hand #412 --",2026-10-02T21:44:43.255Z,179097748325502
"""jaaaaaaan @ O6Q78KIRx-"" collected 7.50 from pot",2026-10-02T21:44:43.255Z,179097748325501
"Uncalled bet of 5.62 returned to ""jaaaaaaan @ O6Q78KIRx-""",2026-10-02T21:44:43.255Z,179097748325500
"""rowan @ GthBpPSqaK"" folds",2026-10-02T21:44:42.404Z,179097748240400
"""jaaaaaaan @ O6Q78KIRx-"" bets 5.62",2026-10-02T21:44:40.139Z,179097748013900
"""rowan @ GthBpPSqaK"" checks",2026-10-02T21:44:37.550Z,179097747755000
"River: 2♠, 5♥, 7♠, K♣ [8♦]",2026-10-02T21:44:37.049Z,179097747704900
"""rowan @ GthBpPSqaK"" calls 2.50",2026-10-02T21:44:36.168Z,179097747616800
"""jaaaaaaan @ O6Q78KIRx-"" bets 2.50",2026-10-02T21:44:34.879Z,179097747487900
"""rowan @ GthBpPSqaK"" checks",2026-10-02T21:44:33.144Z,179097747314400
"Turn: 2♠, 5♥, 7♠ [K♣]",2026-10-02T21:44:32.650Z,179097747265000
"""rowan @ GthBpPSqaK"" calls 0.75",2026-10-02T21:44:31.755Z,179097747175500
"""jaaaaaaan @ O6Q78KIRx-"" bets 0.75",2026-10-02T21:44:30.536Z,179097747053600
"""rowan @ GthBpPSqaK"" checks",2026-10-02T21:44:28.490Z,179097746849000
"Flop:  [2♠, 5♥, 7♠]",2026-10-02T21:44:27.646Z,179097746764600
"""rowan @ GthBpPSqaK"" checks",2026-10-02T21:44:26.784Z,179097746678400
"""jaaaaaaan @ O6Q78KIRx-"" calls 0.50",2026-10-02T21:44:25.734Z,179097746573400
"""rowan @ GthBpPSqaK"" posts a big blind of 0.50",2026-10-02T21:44:24.441Z,179097746444105
"""jaaaaaaan @ O6Q78KIRx-"" posts a small blind of 0.25",2026-10-02T21:44:24.441Z,179097746444104
"Player stacks: #2 ""rowan @ GthBpPSqaK"" (210.96) | #5 ""jaaaaaaan @ O6Q78KIRx-"" (75.20)",2026-10-02T21:44:24.441Z,179097746444101
"-- starting hand #412 (id: pajnslwvdfk7)  No Limit Texas Hold'em (dealer: ""jaaaaaaan @ O6Q78KIRx-"") --",2026-10-02T21:44:24.441Z,179097746444100
"-- ending hand #411 --",2026-10-02T21:44:18.440Z,179097745844002
"""jaaaaaaan @ O6Q78KIRx-"" collected 0.50 from pot",2026-10-02T21:44:18.440Z,179097745844001
"Uncalled bet of 0.25 returned to ""jaaaaaaan @ O6Q78KIRx-""",2026-10-02T21:44:18.440Z,179097745844000
"""rowan @ GthBpPSqaK"" folds",2026-10-02T21:44:17.622Z,179097745762200
"""jaaaaaaan @ O6Q78KIRx-"" posts a big blind of 0.50",2026-10-02T21:44:16.513Z,179097745651305
"""rowan @ GthBpPSqaK"" posts a small blind of 0.25",2026-10-02T21:44:16.513Z,179097745651304
"Player stacks: #2 ""rowan @ GthBpPSqaK"" (211.21) | #5 ""jaaaaaaan @ O6Q78KIRx-"" (74.95)",2026-10-02T21:44:16.513Z,179097745651301
"-- starting hand #411 (id: c2ftnondd7tc)  No Limit Texas Hold'em (dealer: ""rowan @ GthBpPSqaK"") --",2026-10-02T21:44:16.513Z,179097745651300
"-- ending hand #410 --",2026-10-02T21:44:10.510Z,179097745051004
"""jaaaaaaan @ O6Q78KIRx-"" collected 0.50 from pot with Pair, A's (combination: J♥, Q♥, K♦, A♣, A♥)",2026-10-02T21:44:10.510Z,179097745051003
"""rowan @ GthBpPSqaK"" collected 0.50 from pot with Pair, A's (combination: J♥, Q♥, K♦, A♣, A♥)",2026-10-02T21:44:10.510Z,179097745051002
"""rowan @ GthBpPSqaK"" shows a 9♠, 4♦.",2026-10-02T21:44:10.510Z,179097745051001
"""jaaaaaaan @ O6Q78KIRx-"" shows a 2♣, 6♥.",2026-10-02T21:44:10.510Z,179097745051000
"""jaaaaaaan @ O6Q78KIRx-"" checks",2026-10-02T21:44:09.678Z,179097744967800
"""rowan @ GthBpPSqaK"" checks",2026-10-02T21:44:08.818Z,179097744881800
"River: K♦, A♣, Q♥, A♥ [J♥]",2026-10-02T21:44:08.111Z,179097744811100
"""jaaaaaaan @ O6Q78KIRx-"" checks",2026-10-02T21:44:07.275Z,179097744727500
"""rowan @ GthBpPSqaK"" checks",2026-10-02T21:44:06.403Z,179097744640300
"Turn: K♦, A♣, Q♥ [A♥]",2026-10-02T21:44:06.274Z,179097744627400
"""jaaaaaaan @ O6Q78KIRx-"" checks",2026-10-02T21:44:05.464Z,179097744546400
"""rowan @ GthBpPSqaK"" checks",2026-10-02T21:44:04.614Z,179097744461400
"Flop:  [K♦, A♣, Q♥]",2026-10-02T21:44:03.984Z,179097744398400
"""rowan @ GthBpPSqaK"" checks",2026-10-02T21:44:03.118Z,179097744311800
"""jaaaaaaan @ O6Q78KIRx-"" calls 0.50",2026-10-02T21:44:02.108Z,179097744210800
"""rowan @ GthBpPSqaK"" posts a big blind of 0.50",2026-10-02T21:44:00.828Z,179097744082805
"""jaaaaaaan @ O6Q78KIRx-"" posts a small blind of 0.25",2026-10-02T21:44:00.828Z,179097744082804
"Player stacks: #2 ""rowan @ GthBpPSqaK"" (211.21) | #5 ""jaaaaaaan @ O6Q78KIRx-"" (74.95)",2026-10-02T21:44:00.828Z,179097744082801
"-- starting hand #410 (id: za8js7jyu6yx)  No Limit Texas Hold'em (dealer: ""jaaaaaaan @ O6Q78KIRx-"") --",2026-10-02T21:44:00.828Z,179097744082800
"-- ending hand #409 --",2026-10-02T21:43:54.819Z,179097743481904
"""jaaaaaaan @ O6Q78KIRx-"" collected 2.00 from pot with Pair, 6's (combination: 9♦, J♦, A♥, 6♦, 6♣)",2026-10-02T21:43:54.819Z,179097743481903
"""rowan @ GthBpPSqaK"" collected 2.00 from pot with Pair, 6's (combination: 9♦, J♦, A♥, 6♠, 6♣)",2026-10-02T21:43:54.819Z,179097743481902
"""rowan @ GthBpPSqaK"" shows a 6♠, 5♥.",2026-10-02T21:43:54.819Z,179097743481901
"""jaaaaaaan @ O6Q78KIRx-"" shows a 6♦, 7♠.",2026-10-02T21:43:54.819Z,179097743481900
"""rowan @ GthBpPSqaK"" calls 0.50",2026-10-02T21:43:53.973Z,179097743397300
"""jaaaaaaan @ O6Q78KIRx-"" bets 0.50",2026-10-02T21:43:53.062Z,179097743306200
"River: 2♦, A♥, 6♣, J♦ [9♦]",2026-10-02T21:43:52.854Z,179097743285400
"""rowan @ GthBpPSqaK"" calls 0.50",2026-10-02T21:43:52.025Z,179097743202500
"""jaaaaaaan @ O6Q78KIRx-"" bets 0.50",2026-10-02T21:43:51.013Z,179097743101300
"Turn: 2♦, A♥, 6♣ [J♦]",2026-10-02T21:43:50.450Z,179097743045000
"""jaaaaaaan @ O6Q78KIRx-"" calls 0.50",2026-10-02T21:43:49.623Z,179097742962300
"""rowan @ GthBpPSqaK"" bets 0.50",2026-10-02T21:43:48.733Z,179097742873300
"""jaaaaaaan @ O6Q78KIRx-"" checks",2026-10-02T21:43:47.573Z,179097742757300
"Flop:  [2♦, A♥, 6♣]",2026-10-02T21:43:46.809Z,179097742680900
"""jaaaaaaan @ O6Q78KIRx-"" checks",2026-10-02T21:43:46.004Z,179097742600400
"""rowan @ GthBpPSqaK"" calls 0.50",2026-10-02T21:43:45.094Z,179097742509400
"""jaaaaaaan @ O6Q78KIRx-"" posts a big blind of 0.50",2026-10-02T21:43:43.765Z,179097742376505
"""rowan @ GthBpPSqaK"" posts a small blind of 0.25",2026-10-02T21:43:43.765Z,179097742376504
"Player stacks: #2 ""rowan @ GthBpPSqaK"" (211.21) | #5 ""jaaaaaaan @ O6Q78KIRx-"" (74.95)",2026-10-02T21:43:43.765Z,179097742376501
"-- starting hand #409 (id: 9s6ljwgpgpvs)  No Limit Texas Hold'em (dealer: ""rowan @ GthBpPSqaK"") --",2026-10-02T21:43:43.765Z,179097742376500
"""rowan @ GthBpPSqaK"" shows a 10♥, J♣.",2026-10-02T21:43:38.930Z,179097741893000
"-- ending hand #408 --",2026-10-02T21:43:37.158Z,179097741715802
"""jaaaaaaan @ O6Q78KIRx-"" collected 7.00 from pot",2026-10-02T21:43:37.158Z,179097741715801
"Uncalled bet of 5.25 returned to ""jaaaaaaan @ O6Q78KIRx-""",2026-10-02T21:43:37.158Z,179097741715800
"""rowan @ GthBpPSqaK"" folds",2026-10-02T21:43:36.289Z,179097741628900
"""jaaaaaaan @ O6Q78KIRx-"" bets 5.25",2026-10-02T21:43:34.436Z,179097741443600
"""rowan @ GthBpPSqaK"" checks",2026-10-02T21:43:28.678Z,179097740867800
"Turn: 7♥, 6♠, A♣ [4♣]",2026-10-02T21:43:26.791Z,179097740679100
"""jaaaaaaan @ O6Q78KIRx-"" calls 1.50",2026-10-02T21:43:25.971Z,179097740597100
"""rowan @ GthBpPSqaK"" bets 1.50",2026-10-02T21:43:24.631Z,179097740463100
"Flop:  [7♥, 6♠, A♣]",2026-10-02T21:43:21.789Z,179097740178900
"""jaaaaaaan @ O6Q78KIRx-"" calls 2.00",2026-10-02T21:43:20.980Z,179097740098000
"""rowan @ GthBpPSqaK"" raises to 2.00",2026-10-02T21:43:17.802Z,179097739780200
"""jaaaaaaan @ O6Q78KIRx-"" calls 0.50",2026-10-02T21:43:15.119Z,179097739511900
"""rowan @ GthBpPSqaK"" posts a big blind of 0.50",2026-10-02T21:43:13.738Z,179097739373805
"""jaaaaaaan @ O6Q78KIRx-"" posts a small blind of 0.25",2026-10-02T21:43:13.738Z,179097739373804
"Player stacks: #2 ""rowan @ GthBpPSqaK"" (214.71) | #5 ""jaaaaaaan @ O6Q78KIRx-"" (71.45)",2026-10-02T21:43:13.738Z,179097739373801
"-- starting hand #408 (id: jbvj9s3khms2)  No Limit Texas Hold'em (dealer: ""jaaaaaaan @ O6Q78KIRx-"") --",2026-10-02T21:43:13.738Z,179097739373800
"-- ending hand #407 --",2026-10-02T21:43:07.776Z,179097738777602
"""jaaaaaaan @ O6Q78KIRx-"" collected 0.50 from pot",2026-10-02T21:43:07.776Z,179097738777601
"Uncalled bet of 0.25 returned to ""jaaaaaaan @ O6Q78KIRx-""",2026-10-02T21:43:07.776Z,179097738777600
"""rowan @ GthBpPSqaK"" folds",2026-10-02T21:43:06.971Z,179097738697100
"""jaaaaaaan @ O6Q78KIRx-"" posts a big blind of 0.50",2026-10-02T21:43:05.529Z,179097738552905
"""rowan @ GthBpPSqaK"" posts a small blind of 0.25",2026-10-02T21:43:05.529Z,179097738552904
"Player stacks: #2 ""rowan @ GthBpPSqaK"" (214.96) | #5 ""jaaaaaaan @ O6Q78KIRx-"" (71.20)",2026-10-02T21:43:05.529Z,179097738552901
"-- starting hand #407 (id: tfxsf3vsg7os)  No Limit Texas Hold'em (dealer: ""rowan @ GthBpPSqaK"") --",2026-10-02T21:43:05.529Z,179097738552900
"""rowan @ GthBpPSqaK"" shows a 2♥, J♦.",2026-10-02T21:43:02.474Z,179097738247400
"-- ending hand #406 --",2026-10-02T21:42:58.902Z,179097737890202
"""jaaaaaaan @ O6Q78KIRx-"" collected 1.00 from pot",2026-10-02T21:42:58.902Z,179097737890201
"Uncalled bet of 1.50 returned to ""jaaaaaaan @ O6Q78KIRx-""",2026-10-02T21:42:58.902Z,179097737890200
"""rowan @ GthBpPSqaK"" folds",2026-10-02T21:42:58.096Z,179097737809600
"""jaaaaaaan @ O6Q78KIRx-"" raises to 2.00",2026-10-02T21:42:55.779Z,179097737577900
"""rowan @ GthBpPSqaK"" posts a big blind of 0.50",2026-10-02T21:42:53.541Z,179097737354105
"""jaaaaaaan @ O6Q78KIRx-"" posts a small blind of 0.25",2026-10-02T21:42:53.541Z,179097737354104
"Player stacks: #2 ""rowan @ GthBpPSqaK"" (215.46) | #5 ""jaaaaaaan @ O6Q78KIRx-"" (70.70)",2026-10-02T21:42:53.541Z,179097737354101
"-- starting hand #406 (id: suqqu1nyr7fy)  No Limit Texas Hold'em (dealer: ""jaaaaaaan @ O6Q78KIRx-"") --",2026-10-02T21:42:53.541Z,179097737354100
"""rowan @ GthBpPSqaK"" shows a 5♦, Q♥.",2026-10-02T21:42:51.413Z,179097737141300
"-- ending hand #405 --",2026-10-02T21:42:46.894Z,179097736689402
"""jaaaaaaan @ O6Q78KIRx-"" collected 0.50 from pot",2026-10-02T21:42:46.894Z,179097736689401
"Uncalled bet of 0.25 returned to ""jaaaaaaan @ O6Q78KIRx-""",2026-10-02T21:42:46.894Z,179097736689400
"""rowan @ GthBpPSqaK"" folds",2026-10-02T21:42:46.059Z,179097736605900
"""jaaaaaaan @ O6Q78KIRx-"" posts a big blind of 0.50",2026-10-02T21:42:44.772Z,179097736477205
"""rowan @ GthBpPSqaK"" posts a small blind of 0.25",2026-10-02T21:42:44.772Z,179097736477204
"Player stacks: #2 ""rowan @ GthBpPSqaK"" (215.71) | #5 ""jaaaaaaan @ O6Q78KIRx-"" (70.45)",2026-10-02T21:42:44.772Z,179097736477201
"-- starting hand #405 (id: eufbwz8qfhs0)  No Limit Texas Hold'em (dealer: ""rowan @ GthBpPSqaK"") --",2026-10-02T21:42:44.772Z,179097736477200
"""rowan @ GthBpPSqaK"" shows a A♦, 3♦.",2026-10-02T21:42:41.197Z,179097736119700
"-- ending hand #404 --",2026-10-02T21:42:38.141Z,179097735814102
"""jaaaaaaan @ O6Q78KIRx-"" collected 7.50 from pot",2026-10-02T21:42:38.141Z,179097735814101
"Uncalled bet of 5.62 returned to ""jaaaaaaan @ O6Q78KIRx-""",2026-10-02T21:42:38.141Z,179097735814100
"""rowan @ GthBpPSqaK"" folds",2026-10-02T21:42:37.331Z,179097735733100
"""jaaaaaaan @ O6Q78KIRx-"" bets 5.62",2026-10-02T21:42:35.811Z,179097735581100
"""rowan @ GthBpPSqaK"" checks",2026-10-02T21:42:32.831Z,179097735283100
"Turn: 4♥, 3♠, 6♣ [5♥]",2026-10-02T21:42:31.277Z,179097735127700
"""rowan @ GthBpPSqaK"" calls 2.25",2026-10-02T21:42:30.409Z,179097735040900
"""jaaaaaaan @ O6Q78KIRx-"" bets 2.25",2026-10-02T21:42:28.864Z,179097734886400
"""rowan @ GthBpPSqaK"" checks",2026-10-02T21:42:26.344Z,179097734634400
"Flop:  [4♥, 3♠, 6♣]",2026-10-02T21:42:24.272Z,179097734427200
"""jaaaaaaan @ O6Q78KIRx-"" calls 1.50",2026-10-02T21:42:23.379Z,179097734337900
"""rowan @ GthBpPSqaK"" raises to 1.50",2026-10-02T21:42:22.170Z,179097734217000
"""jaaaaaaan @ O6Q78KIRx-"" calls 0.50",2026-10-02T21:42:15.531Z,179097733553100
"""rowan @ GthBpPSqaK"" posts a big blind of 0.50",2026-10-02T21:42:14.462Z,179097733446205
"""jaaaaaaan @ O6Q78KIRx-"" posts a small blind of 0.25",2026-10-02T21:42:14.462Z,179097733446204
"Player stacks: #2 ""rowan @ GthBpPSqaK"" (219.46) | #5 ""jaaaaaaan @ O6Q78KIRx-"" (66.70)",2026-10-02T21:42:14.462Z,179097733446201
"-- starting hand #404 (id: ihzbgfuqubrn)  No Limit Texas Hold'em (dealer: ""jaaaaaaan @ O6Q78KIRx-"") --",2026-10-02T21:42:14.462Z,179097733446200
"-- ending hand #403 --",2026-10-02T21:42:08.446Z,179097732844602
"""rowan @ GthBpPSqaK"" collected 47.00 from pot with Straight, 10 High (combination: 6♠, 7♦, 8♠, 9♥, 10♦)",2026-10-02T21:42:08.446Z,179097732844601
"""rowan @ GthBpPSqaK"" shows a 10♦, 9♥.",2026-10-02T21:42:08.446Z,179097732844600
"""jaaaaaaan @ O6Q78KIRx-"" calls 20.50",2026-10-02T21:42:07.635Z,179097732763500
"""rowan @ GthBpPSqaK"" raises to 20.50",2026-10-02T21:41:49.606Z,179097730960600
"""jaaaaaaan @ O6Q78KIRx-"" bets 6.00",2026-10-02T21:41:40.944Z,179097730094400
"River: 8♠, 7♦, 6♠, 4♦ [Q♥]",2026-10-02T21:41:39.388Z,179097729938800
"""rowan @ GthBpPSqaK"" checks",2026-10-02T21:41:38.564Z,179097729856400
"""jaaaaaaan @ O6Q78KIRx-"" checks",2026-10-02T21:41:36.440Z,179097729644000
"Turn: 8♠, 7♦, 6♠ [4♦]",2026-10-02T21:41:35.695Z,179097729569500
"""jaaaaaaan @ O6Q78KIRx-"" calls 1.50",2026-10-02T21:41:34.869Z,179097729486900
"""rowan @ GthBpPSqaK"" bets 1.50",2026-10-02T21:41:33.610Z,179097729361000
"""jaaaaaaan @ O6Q78KIRx-"" checks",2026-10-02T21:41:29.963Z,179097728996300
"Flop:  [8♠, 7♦, 6♠]",2026-10-02T21:41:29.143Z,179097728914300
"""jaaaaaaan @ O6Q78KIRx-"" calls 1.50",2026-10-02T21:41:28.317Z,179097728831700
"""rowan @ GthBpPSqaK"" raises to 1.50",2026-10-02T21:41:27.426Z,179097728742600
"""jaaaaaaan @ O6Q78KIRx-"" posts a big blind of 0.50",2026-10-02T21:41:24.988Z,179097728498805
"""rowan @ GthBpPSqaK"" posts a small blind of 0.25",2026-10-02T21:41:24.988Z,179097728498804
"Player stacks: #2 ""rowan @ GthBpPSqaK"" (195.96) | #5 ""jaaaaaaan @ O6Q78KIRx-"" (90.20)",2026-10-02T21:41:24.988Z,179097728498801
"-- starting hand #403 (id: rcjjyizppphs)  No Limit Texas Hold'em (dealer: ""rowan @ GthBpPSqaK"") --",2026-10-02T21:41:24.988Z,179097728498800
"""jaaaaaaan @ O6Q78KIRx-"" shows a 5♣.",2026-10-02T21:41:22.333Z,179097728233300
"""jaaaaaaan @ O6Q78KIRx-"" shows a 4♦.",2026-10-02T21:41:21.934Z,179097728193400
"""rowan @ GthBpPSqaK"" shows a J♦, K♣.",2026-10-02T21:41:21.358Z,179097728135800
"-- ending hand #402 --",2026-10-02T21:41:17.680Z,179097727768002
"""rowan @ GthBpPSqaK"" collected 0.50 from pot",2026-10-02T21:41:17.680Z,179097727768001
"Uncalled bet of 0.25 returned to ""rowan @ GthBpPSqaK""",2026-10-02T21:41:17.680Z,179097727768000
"""jaaaaaaan @ O6Q78KIRx-"" folds",2026-10-02T21:41:16.819Z,179097727681900
"""rowan @ GthBpPSqaK"" posts a big blind of 0.50",2026-10-02T21:41:15.783Z,179097727578305
"""jaaaaaaan @ O6Q78KIRx-"" posts a small blind of 0.25",2026-10-02T21:41:15.783Z,179097727578304
"Player stacks: #2 ""rowan @ GthBpPSqaK"" (195.71) | #5 ""jaaaaaaan @ O6Q78KIRx-"" (90.45)",2026-10-02T21:41:15.783Z,179097727578301
"-- starting hand #402 (id: xww9dygsqsqz)  No Limit Texas Hold'em (dealer: ""jaaaaaaan @ O6Q78KIRx-"") --",2026-10-02T21:41:15.783Z,179097727578300
"-- ending hand #401 --",2026-10-02T21:41:09.878Z,179097726987802
"""jaaaaaaan @ O6Q78KIRx-"" collected 0.50 from pot",2026-10-02T21:41:09.878Z,179097726987801
"Uncalled bet of 0.25 returned to ""jaaaaaaan @ O6Q78KIRx-""",2026-10-02T21:41:09.878Z,179097726987800
"""rowan @ GthBpPSqaK"" folds",2026-10-02T21:41:08.979Z,179097726897900
"""jaaaaaaan @ O6Q78KIRx-"" posts a big blind of 0.50",2026-10-02T21:41:07.677Z,179097726767705
"""rowan @ GthBpPSqaK"" posts a small blind of 0.25",2026-10-02T21:41:07.677Z,179097726767704
"Player stacks: #2 ""rowan @ GthBpPSqaK"" (195.96) | #5 ""jaaaaaaan @ O6Q78KIRx-"" (90.20)",2026-10-02T21:41:07.677Z,179097726767701
"-- starting hand #401 (id: msdsxhxfo2ym)  No Limit Texas Hold'em (dealer: ""rowan @ GthBpPSqaK"") --",2026-10-02T21:41:07.677Z,179097726767700
"-- ending hand #400 --",2026-10-02T21:41:01.764Z,179097726176402
"""jaaaaaaan @ O6Q78KIRx-"" collected 1.00 from pot",2026-10-02T21:41:01.764Z,179097726176401
"Uncalled bet of 1.50 returned to ""jaaaaaaan @ O6Q78KIRx-""",2026-10-02T21:41:01.764Z,179097726176400
"""rowan @ GthBpPSqaK"" folds",2026-10-02T21:41:00.911Z,179097726091100
"""jaaaaaaan @ O6Q78KIRx-"" raises to 2.00",2026-10-02T21:40:59.222Z,179097725922200
"""rowan @ GthBpPSqaK"" posts a big blind of 0.50",2026-10-02T21:40:56.448Z,179097725644805
"""jaaaaaaan @ O6Q78KIRx-"" posts a small blind of 0.25",2026-10-02T21:40:56.448Z,179097725644804
"Player stacks: #2 ""rowan @ GthBpPSqaK"" (196.46) | #5 ""jaaaaaaan @ O6Q78KIRx-"" (89.70)",2026-10-02T21:40:56.448Z,179097725644801
"-- starting hand #400 (id: zxaitgq4zhri)  No Limit Texas Hold'em (dealer: ""jaaaaaaan @ O6Q78KIRx-"") --",2026-10-02T21:40:56.448Z,179097725644800
"""rowan @ GthBpPSqaK"" shows a 2♣, Q♦.",2026-10-02T21:40:52.367Z,179097725236700
"-- ending hand #399 --",2026-10-02T21:40:49.784Z,179097724978402
"""jaaaaaaan @ O6Q78KIRx-"" collected 0.50 from pot",2026-10-02T21:40:49.784Z,179097724978401
"Uncalled bet of 0.25 returned to ""jaaaaaaan @ O6Q78KIRx-""",2026-10-02T21:40:49.784Z,179097724978400
"""rowan @ GthBpPSqaK"" folds",2026-10-02T21:40:48.972Z,179097724897200
"""jaaaaaaan @ O6Q78KIRx-"" posts a big blind of 0.50",2026-10-02T21:40:47.822Z,179097724782205
"""rowan @ GthBpPSqaK"" posts a small blind of 0.25",2026-10-02T21:40:47.822Z,179097724782204
"Player stacks: #2 ""rowan @ GthBpPSqaK"" (196.71) | #5 ""jaaaaaaan @ O6Q78KIRx-"" (89.45)",2026-10-02T21:40:47.822Z,179097724782201
"-- starting hand #399 (id: mm2ax8mewek1)  No Limit Texas Hold'em (dealer: ""rowan @ GthBpPSqaK"") --",2026-10-02T21:40:47.822Z,179097724782200
"-- ending hand #398 --",2026-10-02T21:40:41.916Z,179097724191602
"""rowan @ GthBpPSqaK"" collected 0.50 from pot",2026-10-02T21:40:41.916Z,179097724191601
"Uncalled bet of 0.25 returned to ""rowan @ GthBpPSqaK""",2026-10-02T21:40:41.916Z,179097724191600
"""jaaaaaaan @ O6Q78KIRx-"" folds",2026-10-02T21:40:41.071Z,179097724107100
"""rowan @ GthBpPSqaK"" posts a big blind of 0.50",2026-10-02T21:40:39.127Z,179097723912705
"""jaaaaaaan @ O6Q78KIRx-"" posts a small blind of 0.25",2026-10-02T21:40:39.127Z,179097723912704
"Player stacks: #2 ""rowan @ GthBpPSqaK"" (196.46) | #5 ""jaaaaaaan @ O6Q78KIRx-"" (89.70)",2026-10-02T21:40:39.127Z,179097723912701
"-- starting hand #398 (id: 1scujf8homym)  No Limit Texas Hold'em (dealer: ""jaaaaaaan @ O6Q78KIRx-"") --",2026-10-02T21:40:39.127Z,179097723912700
"-- ending hand #397 --",2026-10-02T21:40:33.161Z,179097723316102
"""jaaaaaaan @ O6Q78KIRx-"" collected 0.50 from pot",2026-10-02T21:40:33.161Z,179097723316101
"Uncalled bet of 0.25 returned to ""jaaaaaaan @ O6Q78KIRx-""",2026-10-02T21:40:33.161Z,179097723316100
"""rowan @ GthBpPSqaK"" folds",2026-10-02T21:40:32.348Z,179097723234800
"""jaaaaaaan @ O6Q78KIRx-"" posts a big blind of 0.50",2026-10-02T21:40:31.014Z,179097723101405
"""rowan @ GthBpPSqaK"" posts a small blind of 0.25",2026-10-02T21:40:31.014Z,179097723101404
"Player stacks: #2 ""rowan @ GthBpPSqaK"" (196.71) | #5 ""jaaaaaaan @ O6Q78KIRx-"" (89.45)",2026-10-02T21:40:31.014Z,179097723101401
"-- starting hand #397 (id: 54lbzxgjbvd6)  No Limit Texas Hold'em (dealer: ""rowan @ GthBpPSqaK"") --",2026-10-02T21:40:31.014Z,179097723101400
"""rowan @ GthBpPSqaK"" shows a A♥, K♠.",2026-10-02T21:40:27.329Z,179097722732900
"-- ending hand #396 --",2026-10-02T21:40:24.358Z,179097722435802
"""rowan @ GthBpPSqaK"" collected 0.50 from pot",2026-10-02T21:40:24.358Z,179097722435801
"Uncalled bet of 0.25 returned to ""rowan @ GthBpPSqaK""",2026-10-02T21:40:24.358Z,179097722435800
"""jaaaaaaan @ O6Q78KIRx-"" folds",2026-10-02T21:40:23.513Z,179097722351300
"""rowan @ GthBpPSqaK"" posts a big blind of 0.50",2026-10-02T21:40:22.008Z,179097722200805
"""jaaaaaaan @ O6Q78KIRx-"" posts a small blind of 0.25",2026-10-02T21:40:22.008Z,179097722200804
"Player stacks: #2 ""rowan @ GthBpPSqaK"" (196.46) | #5 ""jaaaaaaan @ O6Q78KIRx-"" (89.70)",2026-10-02T21:40:22.008Z,179097722200801
"-- starting hand #396 (id: ry3fu5ikfrt0)  No Limit Texas Hold'em (dealer: ""jaaaaaaan @ O6Q78KIRx-"") --",2026-10-02T21:40:22.008Z,179097722200800
"-- ending hand #395 --",2026-10-02T21:40:15.954Z,179097721595403
"""jaaaaaaan @ O6Q78KIRx-"" collected 1.00 from pot with A High (combination: 5♦, 7♥, 10♣, Q♥, A♣)",2026-10-02T21:40:15.954Z,179097721595402
"""jaaaaaaan @ O6Q78KIRx-"" shows a A♣, 5♦.",2026-10-02T21:40:15.954Z,179097721595401
"""rowan @ GthBpPSqaK"" shows a 6♣, 8♠.",2026-10-02T21:40:15.954Z,179097721595400
"""rowan @ GthBpPSqaK"" checks",2026-10-02T21:40:15.134Z,179097721513400
"""jaaaaaaan @ O6Q78KIRx-"" checks",2026-10-02T21:40:14.271Z,179097721427100
"River: Q♥, 7♥, 2♥, 4♣ [10♣]",2026-10-02T21:40:13.687Z,179097721368700
"""rowan @ GthBpPSqaK"" checks",2026-10-02T21:40:12.830Z,179097721283000
"""jaaaaaaan @ O6Q78KIRx-"" checks",2026-10-02T21:40:11.978Z,179097721197800
"Turn: Q♥, 7♥, 2♥ [4♣]",2026-10-02T21:40:11.153Z,179097721115300
"""rowan @ GthBpPSqaK"" checks",2026-10-02T21:40:10.314Z,179097721031400
"""jaaaaaaan @ O6Q78KIRx-"" checks",2026-10-02T21:40:09.008Z,179097720900800
"Flop:  [Q♥, 7♥, 2♥]",2026-10-02T21:40:07.982Z,179097720798200
"""jaaaaaaan @ O6Q78KIRx-"" checks",2026-10-02T21:40:07.130Z,179097720713000
"""rowan @ GthBpPSqaK"" calls 0.50",2026-10-02T21:40:05.527Z,179097720552700
"""jaaaaaaan @ O6Q78KIRx-"" posts a big blind of 0.50",2026-10-02T21:40:03.959Z,179097720395905
"""rowan @ GthBpPSqaK"" posts a small blind of 0.25",2026-10-02T21:40:03.959Z,179097720395904
"Player stacks: #2 ""rowan @ GthBpPSqaK"" (196.96) | #5 ""jaaaaaaan @ O6Q78KIRx-"" (89.20)",2026-10-02T21:40:03.959Z,179097720395901
"-- starting hand #395 (id: 2yadijgxfbhn)  No Limit Texas Hold'em (dealer: ""rowan @ GthBpPSqaK"") --",2026-10-02T21:40:03.959Z,179097720395900
"-- ending hand #394 --",2026-10-02T21:39:58.039Z,179097719803902
"""rowan @ GthBpPSqaK"" collected 7.00 from pot",2026-10-02T21:39:58.039Z,179097719803901
"Uncalled bet of 5.25 returned to ""rowan @ GthBpPSqaK""",2026-10-02T21:39:58.039Z,179097719803900
"""jaaaaaaan @ O6Q78KIRx-"" folds",2026-10-02T21:39:57.194Z,179097719719400
"""rowan @ GthBpPSqaK"" bets 5.25",2026-10-02T21:39:54.891Z,179097719489100
"Turn: J♣, 5♠, 9♥ [4♦]",2026-10-02T21:39:50.231Z,179097719023100
"""jaaaaaaan @ O6Q78KIRx-"" calls 1.50",2026-10-02T21:39:49.410Z,179097718941000
"""rowan @ GthBpPSqaK"" bets 1.50",2026-10-02T21:39:48.334Z,179097718833400
"Flop:  [J♣, 5♠, 9♥]",2026-10-02T21:39:44.078Z,179097718407800
"""jaaaaaaan @ O6Q78KIRx-"" calls 2.00",2026-10-02T21:39:43.197Z,179097718319700
"""rowan @ GthBpPSqaK"" raises to 2.00",2026-10-02T21:39:41.318Z,179097718131800
"""jaaaaaaan @ O6Q78KIRx-"" calls 0.50",2026-10-02T21:39:38.260Z,179097717826000
"""rowan @ GthBpPSqaK"" posts a big blind of 0.50",2026-10-02T21:39:37.383Z,179097717738305
"""jaaaaaaan @ O6Q78KIRx-"" posts a small blind of 0.25",2026-10-02T21:39:37.383Z,179097717738304
"Player stacks: #2 ""rowan @ GthBpPSqaK"" (193.46) | #5 ""jaaaaaaan @ O6Q78KIRx-"" (92.70)",2026-10-02T21:39:37.383Z,179097717738301
"-- starting hand #394 (id: f044wjsptg2m)  No Limit Texas Hold'em (dealer: ""jaaaaaaan @ O6Q78KIRx-"") --",2026-10-02T21:39:37.383Z,179097717738300
"""jaaaaaaan @ O6Q78KIRx-"" shows a 4♣, 4♥.",2026-10-02T21:39:33.015Z,179097717301500
"""rowan @ GthBpPSqaK"" shows a 5♠, J♣.",2026-10-02T21:39:32.931Z,179097717293100
"-- ending hand #393 --",2026-10-02T21:39:30.070Z,179097717007002
"""jaaaaaaan @ O6Q78KIRx-"" collected 0.50 from pot",2026-10-02T21:39:30.070Z,179097717007001
"Uncalled bet of 0.25 returned to ""jaaaaaaan @ O6Q78KIRx-""",2026-10-02T21:39:30.070Z,179097717007000
"""rowan @ GthBpPSqaK"" folds",2026-10-02T21:39:29.240Z,179097716924000
"""jaaaaaaan @ O6Q78KIRx-"" posts a big blind of 0.50",2026-10-02T21:39:28.179Z,179097716817905
"""rowan @ GthBpPSqaK"" posts a small blind of 0.25",2026-10-02T21:39:28.179Z,179097716817904
"Player stacks: #2 ""rowan @ GthBpPSqaK"" (193.71) | #5 ""jaaaaaaan @ O6Q78KIRx-"" (92.45)",2026-10-02T21:39:28.179Z,179097716817901
"-- starting hand #393 (id: vnkgvapprjtx)  No Limit Texas Hold'em (dealer: ""rowan @ GthBpPSqaK"") --",2026-10-02T21:39:28.179Z,179097716817900
"""rowan @ GthBpPSqaK"" shows a 3♦, K♦.",2026-10-02T21:39:24.091Z,179097716409100
"-- ending hand #392 --",2026-10-02T21:39:21.542Z,179097716154202
"""jaaaaaaan @ O6Q78KIRx-"" collected 3.00 from pot",2026-10-02T21:39:21.542Z,179097716154201
"Uncalled bet of 2.25 returned to ""jaaaaaaan @ O6Q78KIRx-""",2026-10-02T21:39:21.542Z,179097716154200
"""rowan @ GthBpPSqaK"" folds",2026-10-02T21:39:20.736Z,179097716073600
"""jaaaaaaan @ O6Q78KIRx-"" bets 2.25",2026-10-02T21:39:14.771Z,179097715477100
"""rowan @ GthBpPSqaK"" checks",2026-10-02T21:39:12.192Z,179097715219200
"Turn: 2♣, 8♥, 4♥ [10♦]",2026-10-02T21:39:11.474Z,179097715147400
"""jaaaaaaan @ O6Q78KIRx-"" checks",2026-10-02T21:39:10.667Z,179097715066700
"""rowan @ GthBpPSqaK"" checks",2026-10-02T21:39:09.824Z,179097714982400
"Flop:  [2♣, 8♥, 4♥]",2026-10-02T21:39:08.111Z,179097714811100
"""jaaaaaaan @ O6Q78KIRx-"" calls 1.50",2026-10-02T21:39:07.274Z,179097714727400
"""rowan @ GthBpPSqaK"" raises to 1.50",2026-10-02T21:39:05.682Z,179097714568200
"""jaaaaaaan @ O6Q78KIRx-"" calls 0.50",2026-10-02T21:39:02.862Z,179097714286200
"""rowan @ GthBpPSqaK"" posts a big blind of 0.50",2026-10-02T21:39:01.855Z,179097714185505
"""jaaaaaaan @ O6Q78KIRx-"" posts a small blind of 0.25",2026-10-02T21:39:01.855Z,179097714185504
"Player stacks: #2 ""rowan @ GthBpPSqaK"" (195.21) | #5 ""jaaaaaaan @ O6Q78KIRx-"" (90.95)",2026-10-02T21:39:01.855Z,179097714185501
"-- starting hand #392 (id: rfyn27j6fkp6)  No Limit Texas Hold'em (dealer: ""jaaaaaaan @ O6Q78KIRx-"") --",2026-10-02T21:39:01.855Z,179097714185500
"-- ending hand #391 --",2026-10-02T21:38:55.770Z,179097713577003
"""rowan @ GthBpPSqaK"" collected 9.00 from pot with Two Pair, Q's & 8's (combination: 9♥, 8♣, 8♠, Q♠, Q♥)",2026-10-02T21:38:55.770Z,179097713577002
"""rowan @ GthBpPSqaK"" shows a 2♠, Q♠.",2026-10-02T21:38:55.770Z,179097713577001
"""jaaaaaaan @ O6Q78KIRx-"" shows a 3♠, 6♣.",2026-10-02T21:38:55.770Z,179097713577000
"""rowan @ GthBpPSqaK"" calls 3.00",2026-10-02T21:38:54.895Z,179097713489500
"""jaaaaaaan @ O6Q78KIRx-"" bets 3.00",2026-10-02T21:38:53.963Z,179097713396300
"River: 5♣, 8♣, Q♥, 8♠ [9♥]",2026-10-02T21:38:51.583Z,179097713158300
"""rowan @ GthBpPSqaK"" checks",2026-10-02T21:38:50.777Z,179097713077700
"""jaaaaaaan @ O6Q78KIRx-"" checks",2026-10-02T21:38:48.064Z,179097712806400
"Turn: 5♣, 8♣, Q♥ [8♠]",2026-10-02T21:38:47.651Z,179097712765100
"""jaaaaaaan @ O6Q78KIRx-"" calls 1.00",2026-10-02T21:38:46.792Z,179097712679200
"""rowan @ GthBpPSqaK"" bets 1.00",2026-10-02T21:38:45.889Z,179097712588900
"""jaaaaaaan @ O6Q78KIRx-"" checks",2026-10-02T21:38:43.163Z,179097712316300
"Flop:  [5♣, 8♣, Q♥]",2026-10-02T21:38:41.162Z,179097712116200
"""jaaaaaaan @ O6Q78KIRx-"" checks",2026-10-02T21:38:40.279Z,179097712027900
"""rowan @ GthBpPSqaK"" calls 0.50",2026-10-02T21:38:39.412Z,179097711941200
"""jaaaaaaan @ O6Q78KIRx-"" posts a big blind of 0.50",2026-10-02T21:38:37.645Z,179097711764505
"""rowan @ GthBpPSqaK"" posts a small blind of 0.25",2026-10-02T21:38:37.645Z,179097711764504
"Player stacks: #2 ""rowan @ GthBpPSqaK"" (190.71) | #5 ""jaaaaaaan @ O6Q78KIRx-"" (95.45)",2026-10-02T21:38:37.645Z,179097711764501
"-- starting hand #391 (id: u8sepry5vmbf)  No Limit Texas Hold'em (dealer: ""rowan @ GthBpPSqaK"") --",2026-10-02T21:38:37.645Z,179097711764500
"-- ending hand #390 --",2026-10-02T21:38:31.642Z,179097711164203
"""rowan @ GthBpPSqaK"" collected 1.00 from pot with Pair, 3's (combination: 10♦, J♦, K♠, 3♦, 3♥)",2026-10-02T21:38:31.642Z,179097711164202
"""rowan @ GthBpPSqaK"" shows a 10♦, 6♣.",2026-10-02T21:38:31.642Z,179097711164201
"""jaaaaaaan @ O6Q78KIRx-"" shows a 9♣, 6♥.",2026-10-02T21:38:31.642Z,179097711164200
"""jaaaaaaan @ O6Q78KIRx-"" checks",2026-10-02T21:38:30.799Z,179097711079900
"""rowan @ GthBpPSqaK"" checks",2026-10-02T21:38:29.962Z,179097710996200
"River: J♦, 3♦, 8♥, K♠ [3♥]",2026-10-02T21:38:29.555Z,179097710955500
"""jaaaaaaan @ O6Q78KIRx-"" checks",2026-10-02T21:38:28.671Z,179097710867100
"""rowan @ GthBpPSqaK"" checks",2026-10-02T21:38:27.795Z,179097710779500
"Turn: J♦, 3♦, 8♥ [K♠]",2026-10-02T21:38:27.438Z,179097710743800
"""jaaaaaaan @ O6Q78KIRx-"" checks",2026-10-02T21:38:26.589Z,179097710658900
"""rowan @ GthBpPSqaK"" checks",2026-10-02T21:38:25.685Z,179097710568500
"Flop:  [J♦, 3♦, 8♥]",2026-10-02T21:38:25.037Z,179097710503700
"""rowan @ GthBpPSqaK"" checks",2026-10-02T21:38:24.186Z,179097710418600
"""jaaaaaaan @ O6Q78KIRx-"" calls 0.50",2026-10-02T21:38:23.310Z,179097710331000
"""rowan @ GthBpPSqaK"" posts a big blind of 0.50",2026-10-02T21:38:22.345Z,179097710234505
"""jaaaaaaan @ O6Q78KIRx-"" posts a small blind of 0.25",2026-10-02T21:38:22.345Z,179097710234504
"Player stacks: #2 ""rowan @ GthBpPSqaK"" (190.21) | #5 ""jaaaaaaan @ O6Q78KIRx-"" (95.95)",2026-10-02T21:38:22.345Z,179097710234501
"-- starting hand #390 (id: 7wff9ivhef6a)  No Limit Texas Hold'em (dealer: ""jaaaaaaan @ O6Q78KIRx-"") --",2026-10-02T21:38:22.345Z,179097710234500
"-- ending hand #389 --",2026-10-02T21:38:16.339Z,179097709633904
"""jaaaaaaan @ O6Q78KIRx-"" collected 1.00 from pot with Pair, 2's (combination: 7♥, Q♠, A♦, 2♠, 2♦)",2026-10-02T21:38:16.339Z,179097709633903
"""rowan @ GthBpPSqaK"" collected 1.00 from pot with Pair, 2's (combination: 7♥, Q♣, A♦, 2♠, 2♦)",2026-10-02T21:38:16.339Z,179097709633902
"""jaaaaaaan @ O6Q78KIRx-"" shows a 4♠, Q♠.",2026-10-02T21:38:16.339Z,179097709633901
"""rowan @ GthBpPSqaK"" shows a 5♥, Q♣.",2026-10-02T21:38:16.339Z,179097709633900
"""rowan @ GthBpPSqaK"" checks",2026-10-02T21:38:15.476Z,179097709547600
"""jaaaaaaan @ O6Q78KIRx-"" checks",2026-10-02T21:38:14.412Z,179097709441200
"River: 7♥, A♦, 2♠, 6♣ [2♦]",2026-10-02T21:38:13.739Z,179097709373900
"""jaaaaaaan @ O6Q78KIRx-"" calls 0.50",2026-10-02T21:38:12.895Z,179097709289500
"""rowan @ GthBpPSqaK"" bets 0.50",2026-10-02T21:38:11.834Z,179097709183400
"""jaaaaaaan @ O6Q78KIRx-"" checks",2026-10-02T21:38:10.609Z,179097709060900
"Turn: 7♥, A♦, 2♠ [6♣]",2026-10-02T21:38:10.094Z,179097709009400
"""rowan @ GthBpPSqaK"" checks",2026-10-02T21:38:09.278Z,179097708927800
"""jaaaaaaan @ O6Q78KIRx-"" checks",2026-10-02T21:38:08.387Z,179097708838700
"Flop:  [7♥, A♦, 2♠]",2026-10-02T21:38:07.631Z,179097708763100
"""jaaaaaaan @ O6Q78KIRx-"" checks",2026-10-02T21:38:06.726Z,179097708672600
"""rowan @ GthBpPSqaK"" calls 0.50",2026-10-02T21:38:05.666Z,179097708566600
"""jaaaaaaan @ O6Q78KIRx-"" posts a big blind of 0.50",2026-10-02T21:38:04.393Z,179097708439305
"""rowan @ GthBpPSqaK"" posts a small blind of 0.25",2026-10-02T21:38:04.393Z,179097708439304
"Player stacks: #2 ""rowan @ GthBpPSqaK"" (190.21) | #5 ""jaaaaaaan @ O6Q78KIRx-"" (95.95)",2026-10-02T21:38:04.393Z,179097708439301
"-- starting hand #389 (id: 6bqx0kwdfwma)  No Limit Texas Hold'em (dealer: ""rowan @ GthBpPSqaK"") --",2026-10-02T21:38:04.393Z,179097708439300
"""rowan @ GthBpPSqaK"" shows a 9♥, J♥.",2026-10-02T21:38:01.191Z,179097708119100
"-- ending hand #388 --",2026-10-02T21:37:57.751Z,179097707775102
"""rowan @ GthBpPSqaK"" collected 7.00 from pot",2026-10-02T21:37:57.751Z,179097707775101
"Uncalled bet of 3.50 returned to ""rowan @ GthBpPSqaK""",2026-10-02T21:37:57.751Z,179097707775100
"""jaaaaaaan @ O6Q78KIRx-"" folds",2026-10-02T21:37:56.934Z,179097707693400
"""rowan @ GthBpPSqaK"" bets 3.50",2026-10-02T21:37:55.805Z,179097707580500
"Turn: Q♦, 10♣, J♣ [5♦]",2026-10-02T21:37:53.042Z,179097707304200
"""jaaaaaaan @ O6Q78KIRx-"" calls 1.50",2026-10-02T21:37:52.199Z,179097707219900
"""rowan @ GthBpPSqaK"" bets 1.50",2026-10-02T21:37:50.989Z,179097707098900
"Flop:  [Q♦, 10♣, J♣]",2026-10-02T21:37:41.732Z,179097706173200
"""jaaaaaaan @ O6Q78KIRx-"" calls 2.00",2026-10-02T21:37:40.896Z,179097706089600
"""rowan @ GthBpPSqaK"" raises to 2.00",2026-10-02T21:37:40.057Z,179097706005700
"""jaaaaaaan @ O6Q78KIRx-"" calls 0.50",2026-10-02T21:37:38.159Z,179097705815900
"""rowan @ GthBpPSqaK"" posts a big blind of 0.50",2026-10-02T21:37:37.296Z,179097705729605
"""jaaaaaaan @ O6Q78KIRx-"" posts a small blind of 0.25",2026-10-02T21:37:37.296Z,179097705729604
"Player stacks: #2 ""rowan @ GthBpPSqaK"" (186.71) | #5 ""jaaaaaaan @ O6Q78KIRx-"" (99.45)",2026-10-02T21:37:37.296Z,179097705729601
"-- starting hand #388 (id: oasv2b3jdrlc)  No Limit Texas Hold'em (dealer: ""jaaaaaaan @ O6Q78KIRx-"") --",2026-10-02T21:37:37.296Z,179097705729600
"-- ending hand #387 --",2026-10-02T21:37:31.365Z,179097705136502
"""jaaaaaaan @ O6Q78KIRx-"" collected 0.50 from pot",2026-10-02T21:37:31.365Z,179097705136501
"Uncalled bet of 0.25 returned to ""jaaaaaaan @ O6Q78KIRx-""",2026-10-02T21:37:31.365Z,179097705136500
"""rowan @ GthBpPSqaK"" folds",2026-10-02T21:37:30.551Z,179097705055100
"""jaaaaaaan @ O6Q78KIRx-"" posts a big blind of 0.50",2026-10-02T21:37:29.365Z,179097704936505
"""rowan @ GthBpPSqaK"" posts a small blind of 0.25",2026-10-02T21:37:29.365Z,179097704936504
"Player stacks: #2 ""rowan @ GthBpPSqaK"" (186.96) | #5 ""jaaaaaaan @ O6Q78KIRx-"" (99.20)",2026-10-02T21:37:29.365Z,179097704936501
"-- starting hand #387 (id: rzeb6kdhgj3m)  No Limit Texas Hold'em (dealer: ""rowan @ GthBpPSqaK"") --",2026-10-02T21:37:29.365Z,179097704936500
"-- ending hand #386 --",2026-10-02T21:37:23.457Z,179097704345702
"""jaaaaaaan @ O6Q78KIRx-"" collected 1.00 from pot",2026-10-02T21:37:23.457Z,179097704345701
"Uncalled bet of 1.00 returned to ""jaaaaaaan @ O6Q78KIRx-""",2026-10-02T21:37:23.457Z,179097704345700
"""rowan @ GthBpPSqaK"" folds",2026-10-02T21:37:22.649Z,179097704264900
"""jaaaaaaan @ O6Q78KIRx-"" bets 1.00",2026-10-02T21:37:21.679Z,179097704167900
"""rowan @ GthBpPSqaK"" checks",2026-10-02T21:37:18.213Z,179097703821300
"Flop:  [Q♠, 3♦, 7♥]",2026-10-02T21:37:17.355Z,179097703735500
"""rowan @ GthBpPSqaK"" checks",2026-10-02T21:37:16.500Z,179097703650000
"""jaaaaaaan @ O6Q78KIRx-"" calls 0.50",2026-10-02T21:37:15.191Z,179097703519100
"""rowan @ GthBpPSqaK"" posts a big blind of 0.50",2026-10-02T21:37:10.544Z,179097703054405
"""jaaaaaaan @ O6Q78KIRx-"" posts a small blind of 0.25",2026-10-02T21:37:10.544Z,179097703054404
"Player stacks: #2 ""rowan @ GthBpPSqaK"" (187.46) | #5 ""jaaaaaaan @ O6Q78KIRx-"" (98.70)",2026-10-02T21:37:10.544Z,179097703054401
"-- starting hand #386 (id: es1ycjdjaluj)  No Limit Texas Hold'em (dealer: ""jaaaaaaan @ O6Q78KIRx-"") --",2026-10-02T21:37:10.544Z,179097703054400
"-- ending hand #385 --",2026-10-02T21:37:04.622Z,179097702462202
"""jaaaaaaan @ O6Q78KIRx-"" collected 0.50 from pot",2026-10-02T21:37:04.622Z,179097702462201
"Uncalled bet of 0.25 returned to ""jaaaaaaan @ O6Q78KIRx-""",2026-10-02T21:37:04.622Z,179097702462200
"""rowan @ GthBpPSqaK"" folds",2026-10-02T21:37:03.814Z,179097702381400
"""jaaaaaaan @ O6Q78KIRx-"" posts a big blind of 0.50",2026-10-02T21:37:02.218Z,179097702221805
"""rowan @ GthBpPSqaK"" posts a small blind of 0.25",2026-10-02T21:37:02.218Z,179097702221804
"Player stacks: #2 ""rowan @ GthBpPSqaK"" (187.71) | #5 ""jaaaaaaan @ O6Q78KIRx-"" (98.45)",2026-10-02T21:37:02.218Z,179097702221801
"-- starting hand #385 (id: 5e48pfzoyx3f)  No Limit Texas Hold'em (dealer: ""rowan @ GthBpPSqaK"") --",2026-10-02T21:37:02.218Z,179097702221800
"-- ending hand #384 --",2026-10-02T21:36:56.281Z,179097701628102
"""rowan @ GthBpPSqaK"" collected 3.00 from pot",2026-10-02T21:36:56.281Z,179097701628101
"Uncalled bet of 3.00 returned to ""rowan @ GthBpPSqaK""",2026-10-02T21:36:56.281Z,179097701628100
"""jaaaaaaan @ O6Q78KIRx-"" folds",2026-10-02T21:36:55.418Z,179097701541800
"""rowan @ GthBpPSqaK"" bets 3.00",2026-10-02T21:36:54.197Z,179097701419700
"Flop:  [8♠, 2♥, J♣]",2026-10-02T21:36:52.079Z,179097701207900
"""jaaaaaaan @ O6Q78KIRx-"" calls 1.50",2026-10-02T21:36:51.252Z,179097701125200
"""rowan @ GthBpPSqaK"" raises to 1.50",2026-10-02T21:36:49.943Z,179097700994300
"""jaaaaaaan @ O6Q78KIRx-"" calls 0.50",2026-10-02T21:36:48.017Z,179097700801700
"""rowan @ GthBpPSqaK"" posts a big blind of 0.50",2026-10-02T21:36:46.801Z,179097700680105
"""jaaaaaaan @ O6Q78KIRx-"" posts a small blind of 0.25",2026-10-02T21:36:46.801Z,179097700680104
"Player stacks: #2 ""rowan @ GthBpPSqaK"" (186.21) | #5 ""jaaaaaaan @ O6Q78KIRx-"" (99.95)",2026-10-02T21:36:46.801Z,179097700680101
"-- starting hand #384 (id: x2nteerruckd)  No Limit Texas Hold'em (dealer: ""jaaaaaaan @ O6Q78KIRx-"") --",2026-10-02T21:36:46.801Z,179097700680100
"""rowan @ GthBpPSqaK"" shows a 8♣, 7♠.",2026-10-02T21:36:44.737Z,179097700473700
"""jaaaaaaan @ O6Q78KIRx-"" shows a 3♠, Q♦.",2026-10-02T21:36:42.608Z,179097700260800
"-- ending hand #383 --",2026-10-02T21:36:42.475Z,179097700247502
"""jaaaaaaan @ O6Q78KIRx-"" collected 3.00 from pot",2026-10-02T21:36:42.475Z,179097700247501
"Uncalled bet of 3.00 returned to ""jaaaaaaan @ O6Q78KIRx-""",2026-10-02T21:36:42.475Z,179097700247500
"""rowan @ GthBpPSqaK"" folds",2026-10-02T21:36:41.633Z,179097700163300
"""jaaaaaaan @ O6Q78KIRx-"" bets 3.00",2026-10-02T21:36:40.775Z,179097700077500
"River: 2♣, 4♠, 4♦, A♠ [9♣]",2026-10-02T21:36:39.073Z,179097699907300
"""rowan @ GthBpPSqaK"" checks",2026-10-02T21:36:38.240Z,179097699824000
"""jaaaaaaan @ O6Q78KIRx-"" checks",2026-10-02T21:36:37.305Z,179097699730500
"Turn: 2♣, 4♠, 4♦ [A♠]",2026-10-02T21:36:36.569Z,179097699656900
"""rowan @ GthBpPSqaK"" checks",2026-10-02T21:36:35.711Z,179097699571100
"""jaaaaaaan @ O6Q78KIRx-"" checks",2026-10-02T21:36:34.765Z,179097699476500
"Flop:  [2♣, 4♠, 4♦]",2026-10-02T21:36:31.955Z,179097699195500
"""jaaaaaaan @ O6Q78KIRx-"" calls 1.50",2026-10-02T21:36:31.095Z,179097699109500
"""rowan @ GthBpPSqaK"" raises to 1.50",2026-10-02T21:36:28.778Z,179097698877800
"""jaaaaaaan @ O6Q78KIRx-"" posts a big blind of 0.50",2026-10-02T21:36:27.188Z,179097698718805
"""rowan @ GthBpPSqaK"" posts a small blind of 0.25",2026-10-02T21:36:27.188Z,179097698718804
"Player stacks: #2 ""rowan @ GthBpPSqaK"" (187.71) | #5 ""jaaaaaaan @ O6Q78KIRx-"" (98.45)",2026-10-02T21:36:27.188Z,179097698718801
"-- starting hand #383 (id: mplhb0ajqato)  No Limit Texas Hold'em (dealer: ""rowan @ GthBpPSqaK"") --",2026-10-02T21:36:27.188Z,179097698718800
"""rowan @ GthBpPSqaK"" shows a Q♠, 7♥.",2026-10-02T21:36:23.765Z,179097698376500
"-- ending hand #382 --",2026-10-02T21:36:20.685Z,179097698068502
"""jaaaaaaan @ O6Q78KIRx-"" collected 9.00 from pot with Full House, 2's over 4's (combination: 4♦, 4♥, 2♠, 2♣, 2♦)",2026-10-02T21:36:20.685Z,179097698068501
"""jaaaaaaan @ O6Q78KIRx-"" shows a 4♦, 2♠.",2026-10-02T21:36:20.685Z,179097698068500
"""rowan @ GthBpPSqaK"" calls 3.00",2026-10-02T21:36:19.875Z,179097697987500
"""jaaaaaaan @ O6Q78KIRx-"" bets 3.00",2026-10-02T21:36:18.988Z,179097697898800
"""rowan @ GthBpPSqaK"" checks",2026-10-02T21:36:16.510Z,179097697651000
"River: 7♠, 9♥, 4♥, 2♣ [2♦]",2026-10-02T21:36:16.442Z,179097697644200
"""rowan @ GthBpPSqaK"" calls 1.00",2026-10-02T21:36:15.627Z,179097697562700
"""jaaaaaaan @ O6Q78KIRx-"" bets 1.00",2026-10-02T21:36:14.710Z,179097697471000
"""rowan @ GthBpPSqaK"" checks",2026-10-02T21:36:12.708Z,179097697270800
"Turn: 7♠, 9♥, 4♥ [2♣]",2026-10-02T21:36:12.238Z,179097697223800
"""jaaaaaaan @ O6Q78KIRx-"" checks",2026-10-02T21:36:11.380Z,179097697138000
"""rowan @ GthBpPSqaK"" checks",2026-10-02T21:36:10.500Z,179097697050000
"Flop:  [7♠, 9♥, 4♥]",2026-10-02T21:36:09.069Z,179097696906900
"""rowan @ GthBpPSqaK"" checks",2026-10-02T21:36:08.252Z,179097696825200
"""jaaaaaaan @ O6Q78KIRx-"" calls 0.50",2026-10-02T21:36:06.804Z,179097696680400
"""rowan @ GthBpPSqaK"" posts a big blind of 0.50",2026-10-02T21:36:05.762Z,179097696576205
"""jaaaaaaan @ O6Q78KIRx-"" posts a small blind of 0.25",2026-10-02T21:36:05.762Z,179097696576204
"Player stacks: #2 ""rowan @ GthBpPSqaK"" (192.21) | #5 ""jaaaaaaan @ O6Q78KIRx-"" (93.95)",2026-10-02T21:36:05.762Z,179097696576201
"-- starting hand #382 (id: 1zqf0s2m9le0)  No Limit Texas Hold'em (dealer: ""jaaaaaaan @ O6Q78KIRx-"") --",2026-10-02T21:36:05.762Z,179097696576200
"-- ending hand #381 --",2026-10-02T21:35:59.857Z,179097695985702
"""jaaaaaaan @ O6Q78KIRx-"" collected 0.50 from pot",2026-10-02T21:35:59.857Z,179097695985701
"Uncalled bet of 0.25 returned to ""jaaaaaaan @ O6Q78KIRx-""",2026-10-02T21:35:59.857Z,179097695985700
"""rowan @ GthBpPSqaK"" folds",2026-10-02T21:35:59.041Z,179097695904100
"""jaaaaaaan @ O6Q78KIRx-"" posts a big blind of 0.50",2026-10-02T21:35:57.764Z,179097695776405
"""rowan @ GthBpPSqaK"" posts a small blind of 0.25",2026-10-02T21:35:57.764Z,179097695776404
"Player stacks: #2 ""rowan @ GthBpPSqaK"" (192.46) | #5 ""jaaaaaaan @ O6Q78KIRx-"" (93.70)",2026-10-02T21:35:57.764Z,179097695776401
"-- starting hand #381 (id: 8jjy0lufgyjl)  No Limit Texas Hold'em (dealer: ""rowan @ GthBpPSqaK"") --",2026-10-02T21:35:57.764Z,179097695776400
"""rowan @ GthBpPSqaK"" shows a 9♦, J♦.",2026-10-02T21:35:52.689Z,179097695268900
"-- ending hand #380 --",2026-10-02T21:35:51.253Z,179097695125302
"""jaaaaaaan @ O6Q78KIRx-"" collected 9.00 from pot with Pair, 7's (combination: 8♥, J♠, K♣, 7♦, 7♠)",2026-10-02T21:35:51.253Z,179097695125301
"""jaaaaaaan @ O6Q78KIRx-"" shows a K♣, J♠.",2026-10-02T21:35:51.253Z,179097695125300
"""jaaaaaaan @ O6Q78KIRx-"" checks",2026-10-02T21:35:50.413Z,179097695041300
"""rowan @ GthBpPSqaK"" checks",2026-10-02T21:35:49.559Z,179097694955900
"River: 7♦, 8♥, 7♠, 4♠ [5♥]",2026-10-02T21:35:48.751Z,179097694875100
"""rowan @ GthBpPSqaK"" calls 3.00",2026-10-02T21:35:47.865Z,179097694786500
"""jaaaaaaan @ O6Q78KIRx-"" bets 3.00",2026-10-02T21:35:46.970Z,179097694697000
"""rowan @ GthBpPSqaK"" checks",2026-10-02T21:35:45.310Z,179097694531000
"Turn: 7♦, 8♥, 7♠ [4♠]",2026-10-02T21:35:44.550Z,179097694455000
"""jaaaaaaan @ O6Q78KIRx-"" checks",2026-10-02T21:35:43.689Z,179097694368900
"""rowan @ GthBpPSqaK"" checks",2026-10-02T21:35:42.834Z,179097694283400
"Flop:  [7♦, 8♥, 7♠]",2026-10-02T21:35:41.747Z,179097694174700
"""rowan @ GthBpPSqaK"" calls 1.50",2026-10-02T21:35:40.915Z,179097694091500
"""jaaaaaaan @ O6Q78KIRx-"" raises to 1.50",2026-10-02T21:35:40.034Z,179097694003400
"""rowan @ GthBpPSqaK"" posts a big blind of 0.50",2026-10-02T21:35:37.364Z,179097693736405
"""jaaaaaaan @ O6Q78KIRx-"" posts a small blind of 0.25",2026-10-02T21:35:37.364Z,179097693736404
"Player stacks: #2 ""rowan @ GthBpPSqaK"" (196.96) | #5 ""jaaaaaaan @ O6Q78KIRx-"" (89.20)",2026-10-02T21:35:37.364Z,179097693736401
"-- starting hand #380 (id: 7sri4onvts3x)  No Limit Texas Hold'em (dealer: ""jaaaaaaan @ O6Q78KIRx-"") --",2026-10-02T21:35:37.364Z,179097693736400
"-- ending hand #379 --",2026-10-02T21:35:31.442Z,179097693144202
"""jaaaaaaan @ O6Q78KIRx-"" collected 0.50 from pot",2026-10-02T21:35:31.442Z,179097693144201
"Uncalled bet of 0.25 returned to ""jaaaaaaan @ O6Q78KIRx-""",2026-10-02T21:35:31.442Z,179097693144200
"""rowan @ GthBpPSqaK"" folds",2026-10-02T21:35:30.636Z,179097693063600
"""jaaaaaaan @ O6Q78KIRx-"" posts a big blind of 0.50",2026-10-02T21:35:29.609Z,179097692960905
"""rowan @ GthBpPSqaK"" posts a small blind of 0.25",2026-10-02T21:35:29.609Z,179097692960904
"Player stacks: #2 ""rowan @ GthBpPSqaK"" (197.21) | #5 ""jaaaaaaan @ O6Q78KIRx-"" (88.95)",2026-10-02T21:35:29.609Z,179097692960901
"-- starting hand #379 (id: yzmki8ayddok)  No Limit Texas Hold'em (dealer: ""rowan @ GthBpPSqaK"") --",2026-10-02T21:35:29.609Z,179097692960900
"""rowan @ GthBpPSqaK"" shows a 6♣, 6♥.",2026-10-02T21:35:23.409Z,179097692340900
"-- ending hand #378 --",2026-10-02T21:35:23.001Z,179097692300102
"""rowan @ GthBpPSqaK"" collected 4.00 from pot",2026-10-02T21:35:23.001Z,179097692300101
"Uncalled bet of 2.00 returned to ""rowan @ GthBpPSqaK""",2026-10-02T21:35:23.001Z,179097692300100
"""jaaaaaaan @ O6Q78KIRx-"" folds",2026-10-02T21:35:22.156Z,179097692215600
"""rowan @ GthBpPSqaK"" bets 2.00",2026-10-02T21:35:21.063Z,179097692106300
"Flop:  [6♦, K♠, 6♠]",2026-10-02T21:35:15.539Z,179097691553900
"""jaaaaaaan @ O6Q78KIRx-"" calls 2.00",2026-10-02T21:35:14.735Z,179097691473500
"""rowan @ GthBpPSqaK"" raises to 2.00",2026-10-02T21:35:13.167Z,179097691316700
"""jaaaaaaan @ O6Q78KIRx-"" calls 0.50",2026-10-02T21:35:10.393Z,179097691039300
"""rowan @ GthBpPSqaK"" posts a big blind of 0.50",2026-10-02T21:35:09.192Z,179097690919205
"""jaaaaaaan @ O6Q78KIRx-"" posts a small blind of 0.25",2026-10-02T21:35:09.192Z,179097690919204
"Player stacks: #2 ""rowan @ GthBpPSqaK"" (195.21) | #5 ""jaaaaaaan @ O6Q78KIRx-"" (90.95)",2026-10-02T21:35:09.192Z,179097690919201
"-- starting hand #378 (id: stgzrzigdqnb)  No Limit Texas Hold'em (dealer: ""jaaaaaaan @ O6Q78KIRx-"") --",2026-10-02T21:35:09.192Z,179097690919200
"""rowan @ GthBpPSqaK"" shows a 7♠, 5♥.",2026-10-02T21:35:06.518Z,179097690651800
"""jaaaaaaan @ O6Q78KIRx-"" shows a K♠, K♦.",2026-10-02T21:35:06.161Z,179097690616100
"-- ending hand #377 --",2026-10-02T21:35:01.883Z,179097690188302
"""jaaaaaaan @ O6Q78KIRx-"" collected 15.00 from pot",2026-10-02T21:35:01.883Z,179097690188301
"Uncalled bet of 11.25 returned to ""jaaaaaaan @ O6Q78KIRx-""",2026-10-02T21:35:01.883Z,179097690188300
"""rowan @ GthBpPSqaK"" folds",2026-10-02T21:35:01.009Z,179097690100900
"""jaaaaaaan @ O6Q78KIRx-"" bets 11.25",2026-10-02T21:34:53.823Z,179097689382300
"Turn: 6♥, Q♣, 9♠ [7♦]",2026-10-02T21:34:51.123Z,179097689112300
"""rowan @ GthBpPSqaK"" calls 3.75",2026-10-02T21:34:50.309Z,179097689030900
"""jaaaaaaan @ O6Q78KIRx-"" bets 3.75",2026-10-02T21:34:49.237Z,179097688923700
"Flop:  [6♥, Q♣, 9♠]",2026-10-02T21:34:42.458Z,179097688245800
"""rowan @ GthBpPSqaK"" calls 3.75",2026-10-02T21:34:41.630Z,179097688163000
"""jaaaaaaan @ O6Q78KIRx-"" raises to 3.75",2026-10-02T21:34:39.294Z,179097687929400
"""rowan @ GthBpPSqaK"" raises to 1.50",2026-10-02T21:34:36.666Z,179097687666600
"""jaaaaaaan @ O6Q78KIRx-"" posts a big blind of 0.50",2026-10-02T21:34:34.590Z,179097687459005
"""rowan @ GthBpPSqaK"" posts a small blind of 0.25",2026-10-02T21:34:34.590Z,179097687459004
"Player stacks: #2 ""rowan @ GthBpPSqaK"" (202.71) | #5 ""jaaaaaaan @ O6Q78KIRx-"" (83.45)",2026-10-02T21:34:34.590Z,179097687459001
"-- starting hand #377 (id: dzocojx6lajw)  No Limit Texas Hold'em (dealer: ""rowan @ GthBpPSqaK"") --",2026-10-02T21:34:34.590Z,179097687459000
"""jaaaaaaan @ O6Q78KIRx-"" shows a Q♥, 8♥.",2026-10-02T21:34:30.978Z,179097687097800
"""rowan @ GthBpPSqaK"" shows a 2♣, 8♠.",2026-10-02T21:34:28.748Z,179097686874800
"-- ending hand #376 --",2026-10-02T21:34:27.260Z,179097686726002
"""jaaaaaaan @ O6Q78KIRx-"" collected 1.00 from pot",2026-10-02T21:34:27.260Z,179097686726001
"Uncalled bet of 1.00 returned to ""jaaaaaaan @ O6Q78KIRx-""",2026-10-02T21:34:27.260Z,179097686726000
"""rowan @ GthBpPSqaK"" folds",2026-10-02T21:34:26.450Z,179097686645000
"""jaaaaaaan @ O6Q78KIRx-"" raises to 1.50",2026-10-02T21:34:25.573Z,179097686557300
"""rowan @ GthBpPSqaK"" posts a big blind of 0.50",2026-10-02T21:34:24.093Z,179097686409305
"""jaaaaaaan @ O6Q78KIRx-"" posts a small blind of 0.25",2026-10-02T21:34:24.093Z,179097686409304
"Player stacks: #2 ""rowan @ GthBpPSqaK"" (203.21) | #5 ""jaaaaaaan @ O6Q78KIRx-"" (82.95)",2026-10-02T21:34:24.093Z,179097686409301
"-- starting hand #376 (id: 34kodn5brjql)  No Limit Texas Hold'em (dealer: ""jaaaaaaan @ O6Q78KIRx-"") --",2026-10-02T21:34:24.093Z,179097686409300
"""rowan @ GthBpPSqaK"" shows a 5♦.",2026-10-02T21:34:18.285Z,179097685828500
"""rowan @ GthBpPSqaK"" shows a 7♦.",2026-10-02T21:34:17.751Z,179097685775100
"""jaaaaaaan @ O6Q78KIRx-"" shows a 10♥, 2♦.",2026-10-02T21:34:16.897Z,179097685689700
"-- ending hand #375 --",2026-10-02T21:34:16.761Z,179097685676102
"""jaaaaaaan @ O6Q78KIRx-"" collected 3.00 from pot",2026-10-02T21:34:16.761Z,179097685676101
"Uncalled bet of 3.00 returned to ""jaaaaaaan @ O6Q78KIRx-""",2026-10-02T21:34:16.761Z,179097685676100
"""rowan @ GthBpPSqaK"" folds",2026-10-02T21:34:15.909Z,179097685590900
"""jaaaaaaan @ O6Q78KIRx-"" bets 3.00",2026-10-02T21:34:14.899Z,179097685489900
"Turn: A♠, 10♠, 10♣ [2♥]",2026-10-02T21:34:12.781Z,179097685278100
"""rowan @ GthBpPSqaK"" checks",2026-10-02T21:34:11.970Z,179097685197000
"""jaaaaaaan @ O6Q78KIRx-"" checks",2026-10-02T21:34:10.686Z,179097685068600
"Flop:  [A♠, 10♠, 10♣]",2026-10-02T21:34:09.690Z,179097684969000
"""jaaaaaaan @ O6Q78KIRx-"" calls 1.50",2026-10-02T21:34:08.871Z,179097684887100
"""rowan @ GthBpPSqaK"" raises to 1.50",2026-10-02T21:34:08.016Z,179097684801600
"""jaaaaaaan @ O6Q78KIRx-"" posts a big blind of 0.50",2026-10-02T21:34:06.054Z,179097684605405
"""rowan @ GthBpPSqaK"" posts a small blind of 0.25",2026-10-02T21:34:06.054Z,179097684605404
"Player stacks: #2 ""rowan @ GthBpPSqaK"" (204.71) | #5 ""jaaaaaaan @ O6Q78KIRx-"" (81.45)",2026-10-02T21:34:06.054Z,179097684605401
"-- starting hand #375 (id: omofr9suduhf)  No Limit Texas Hold'em (dealer: ""rowan @ GthBpPSqaK"") --",2026-10-02T21:34:06.054Z,179097684605400
"""jaaaaaaan @ O6Q78KIRx-"" shows a 3♦, A♣.",2026-10-02T21:34:00.610Z,179097684061000
"-- ending hand #374 --",2026-10-02T21:33:59.535Z,179097683953502
"""rowan @ GthBpPSqaK"" collected 5.00 from pot with Straight, 5 High (combination: A♦, 2♥, 3♠, 4♥, 5♠)",2026-10-02T21:33:59.535Z,179097683953501
"""rowan @ GthBpPSqaK"" shows a 2♥, 3♠.",2026-10-02T21:33:59.535Z,179097683953500
"""jaaaaaaan @ O6Q78KIRx-"" calls 2.00",2026-10-02T21:33:58.710Z,179097683871000
"""rowan @ GthBpPSqaK"" bets 2.00",2026-10-02T21:33:57.823Z,179097683782300
"River: 9♥, 5♠, 4♥, 8♦ [A♦]",2026-10-02T21:33:53.809Z,179097683380900
"""jaaaaaaan @ O6Q78KIRx-"" checks",2026-10-02T21:33:53.004Z,179097683300400
"""rowan @ GthBpPSqaK"" checks",2026-10-02T21:33:52.132Z,179097683213200
"Turn: 9♥, 5♠, 4♥ [8♦]",2026-10-02T21:33:51.514Z,179097683151400
"""jaaaaaaan @ O6Q78KIRx-"" checks",2026-10-02T21:33:50.705Z,179097683070500
"""rowan @ GthBpPSqaK"" checks",2026-10-02T21:33:49.814Z,179097682981400
"Flop:  [9♥, 5♠, 4♥]",2026-10-02T21:33:49.071Z,179097682907100
"""rowan @ GthBpPSqaK"" checks",2026-10-02T21:33:48.267Z,179097682826700
"""jaaaaaaan @ O6Q78KIRx-"" calls 0.50",2026-10-02T21:33:47.072Z,179097682707200
"""rowan @ GthBpPSqaK"" posts a big blind of 0.50",2026-10-02T21:33:46.066Z,179097682606605
"""jaaaaaaan @ O6Q78KIRx-"" posts a small blind of 0.25",2026-10-02T21:33:46.066Z,179097682606604
"Player stacks: #2 ""rowan @ GthBpPSqaK"" (202.21) | #5 ""jaaaaaaan @ O6Q78KIRx-"" (83.95)",2026-10-02T21:33:46.066Z,179097682606601
"-- starting hand #374 (id: fen9z3at9c8o)  No Limit Texas Hold'em (dealer: ""jaaaaaaan @ O6Q78KIRx-"") --",2026-10-02T21:33:46.066Z,179097682606600
"""jaaaaaaan @ O6Q78KIRx-"" shows a Q♦.",2026-10-02T21:33:42.119Z,179097682211900
"""rowan @ GthBpPSqaK"" shows a 4♦, 2♥.",2026-10-02T21:33:41.992Z,179097682199200
"-- ending hand #373 --",2026-10-02T21:33:41.710Z,179097682171002
"""jaaaaaaan @ O6Q78KIRx-"" collected 6.00 from pot",2026-10-02T21:33:41.710Z,179097682171001
"Uncalled bet of 6.00 returned to ""jaaaaaaan @ O6Q78KIRx-""",2026-10-02T21:33:41.710Z,179097682171000
"""rowan @ GthBpPSqaK"" folds",2026-10-02T21:33:40.899Z,179097682089900
"""jaaaaaaan @ O6Q78KIRx-"" bets 6.00",2026-10-02T21:33:39.652Z,179097681965200
"River: 4♠, Q♥, 3♦, 9♥ [7♣]",2026-10-02T21:33:38.063Z,179097681806300
"""rowan @ GthBpPSqaK"" checks",2026-10-02T21:33:37.208Z,179097681720800
"""jaaaaaaan @ O6Q78KIRx-"" checks",2026-10-02T21:33:36.268Z,179097681626800
"Turn: 4♠, Q♥, 3♦ [9♥]",2026-10-02T21:33:35.600Z,179097681560000
"""jaaaaaaan @ O6Q78KIRx-"" calls 1.50",2026-10-02T21:33:34.766Z,179097681476600
"""rowan @ GthBpPSqaK"" bets 1.50",2026-10-02T21:33:33.877Z,179097681387700
"""jaaaaaaan @ O6Q78KIRx-"" checks",2026-10-02T21:33:28.974Z,179097680897400
"Flop:  [4♠, Q♥, 3♦]",2026-10-02T21:33:27.740Z,179097680774000
"""jaaaaaaan @ O6Q78KIRx-"" calls 1.50",2026-10-02T21:33:26.903Z,179097680690300
"""rowan @ GthBpPSqaK"" raises to 1.50",2026-10-02T21:33:25.457Z,179097680545700
"""jaaaaaaan @ O6Q78KIRx-"" posts a big blind of 0.50",2026-10-02T21:33:23.387Z,179097680338705
"""rowan @ GthBpPSqaK"" posts a small blind of 0.25",2026-10-02T21:33:23.387Z,179097680338704
"Player stacks: #2 ""rowan @ GthBpPSqaK"" (205.21) | #5 ""jaaaaaaan @ O6Q78KIRx-"" (80.95)",2026-10-02T21:33:23.387Z,179097680338701
"-- starting hand #373 (id: oeiy1lgcrca5)  No Limit Texas Hold'em (dealer: ""rowan @ GthBpPSqaK"") --",2026-10-02T21:33:23.387Z,179097680338700
"""rowan @ GthBpPSqaK"" shows a 5♥, 3♠.",2026-10-02T21:33:17.941Z,179097679794100
"""jaaaaaaan @ O6Q78KIRx-"" shows a K♣, 7♣.",2026-10-02T21:33:17.088Z,179097679708800
"-- ending hand #372 --",2026-10-02T21:33:16.038Z,179097679603802
"""jaaaaaaan @ O6Q78KIRx-"" collected 1.00 from pot",2026-10-02T21:33:16.038Z,179097679603801
"Uncalled bet of 0.75 returned to ""jaaaaaaan @ O6Q78KIRx-""",2026-10-02T21:33:16.038Z,179097679603800
"""rowan @ GthBpPSqaK"" folds",2026-10-02T21:33:15.222Z,179097679522200
"""jaaaaaaan @ O6Q78KIRx-"" bets 0.75",2026-10-02T21:33:14.355Z,179097679435500
"""rowan @ GthBpPSqaK"" checks",2026-10-02T21:33:10.975Z,179097679097500
"Flop:  [A♦, K♠, 7♥]",2026-10-02T21:33:10.248Z,179097679024800
"""rowan @ GthBpPSqaK"" checks",2026-10-02T21:33:09.439Z,179097678943900
"""jaaaaaaan @ O6Q78KIRx-"" calls 0.50",2026-10-02T21:33:08.585Z,179097678858500
"""rowan @ GthBpPSqaK"" posts a big blind of 0.50",2026-10-02T21:33:07.559Z,179097678755905
"""jaaaaaaan @ O6Q78KIRx-"" posts a small blind of 0.25",2026-10-02T21:33:07.559Z,179097678755904
"Player stacks: #2 ""rowan @ GthBpPSqaK"" (205.71) | #5 ""jaaaaaaan @ O6Q78KIRx-"" (80.45)",2026-10-02T21:33:07.559Z,179097678755901
"-- starting hand #372 (id: 85sdj8fv0chw)  No Limit Texas Hold'em (dealer: ""jaaaaaaan @ O6Q78KIRx-"") --",2026-10-02T21:33:07.559Z,179097678755900
"""rowan @ GthBpPSqaK"" shows a 9♥, 6♣.",2026-10-02T21:33:02.782Z,179097678278200
"-- ending hand #371 --",2026-10-02T21:33:00.934Z,179097678093402
"""jaaaaaaan @ O6Q78KIRx-"" collected 0.50 from pot",2026-10-02T21:33:00.934Z,179097678093401
"Uncalled bet of 0.25 returned to ""jaaaaaaan @ O6Q78KIRx-""",2026-10-02T21:33:00.934Z,179097678093400
"""rowan @ GthBpPSqaK"" folds",2026-10-02T21:33:00.102Z,179097678010200
"""jaaaaaaan @ O6Q78KIRx-"" posts a big blind of 0.50",2026-10-02T21:32:58.878Z,179097677887805
"""rowan @ GthBpPSqaK"" posts a small blind of 0.25",2026-10-02T21:32:58.878Z,179097677887804
"Player stacks: #2 ""rowan @ GthBpPSqaK"" (205.96) | #5 ""jaaaaaaan @ O6Q78KIRx-"" (80.20)",2026-10-02T21:32:58.878Z,179097677887801
"-- starting hand #371 (id: zh0o2unkoq1i)  No Limit Texas Hold'em (dealer: ""rowan @ GthBpPSqaK"") --",2026-10-02T21:32:58.878Z,179097677887800
"""rowan @ GthBpPSqaK"" shows a J♣, K♠.",2026-10-02T21:32:54.981Z,179097677498100
"-- ending hand #370 --",2026-10-02T21:32:52.274Z,179097677227402
"""jaaaaaaan @ O6Q78KIRx-"" collected 10.00 from pot",2026-10-02T21:32:52.274Z,179097677227401
"Uncalled bet of 7.50 returned to ""jaaaaaaan @ O6Q78KIRx-""",2026-10-02T21:32:52.274Z,179097677227400
"""rowan @ GthBpPSqaK"" folds",2026-10-02T21:32:51.460Z,179097677146000
"""jaaaaaaan @ O6Q78KIRx-"" bets 7.50",2026-10-02T21:32:36.382Z,179097675638200
"""rowan @ GthBpPSqaK"" checks",2026-10-02T21:32:34.436Z,179097675443600
"Turn: 4♦, 5♠, 10♣ [A♥]",2026-10-02T21:32:34.373Z,179097675437300
"""rowan @ GthBpPSqaK"" calls 3.00",2026-10-02T21:32:33.488Z,179097675348800
"""jaaaaaaan @ O6Q78KIRx-"" bets 3.00",2026-10-02T21:32:32.643Z,179097675264300
"""rowan @ GthBpPSqaK"" checks",2026-10-02T21:32:30.742Z,179097675074200
"Flop:  [4♦, 5♠, 10♣]",2026-10-02T21:32:30.171Z,179097675017100
"""rowan @ GthBpPSqaK"" calls 2.00",2026-10-02T21:32:29.325Z,179097674932500
"""jaaaaaaan @ O6Q78KIRx-"" raises to 2.00",2026-10-02T21:32:28.398Z,179097674839800
"""rowan @ GthBpPSqaK"" posts a big blind of 0.50",2026-10-02T21:32:25.980Z,179097674598005
"""jaaaaaaan @ O6Q78KIRx-"" posts a small blind of 0.25",2026-10-02T21:32:25.980Z,179097674598004
"Player stacks: #2 ""rowan @ GthBpPSqaK"" (210.96) | #5 ""jaaaaaaan @ O6Q78KIRx-"" (75.20)",2026-10-02T21:32:25.980Z,179097674598001
"-- starting hand #370 (id: enrjegysn1ry)  No Limit Texas Hold'em (dealer: ""jaaaaaaan @ O6Q78KIRx-"") --",2026-10-02T21:32:25.980Z,179097674598000
"""rowan @ GthBpPSqaK"" shows a J♠, 10♥.",2026-10-02T21:32:21.009Z,179097674100900
"-- ending hand #369 --",2026-10-02T21:32:19.372Z,179097673937202
"""rowan @ GthBpPSqaK"" collected 6.00 from pot",2026-10-02T21:32:19.372Z,179097673937201
"Uncalled bet of 4.50 returned to ""rowan @ GthBpPSqaK""",2026-10-02T21:32:19.372Z,179097673937200
"""jaaaaaaan @ O6Q78KIRx-"" folds",2026-10-02T21:32:18.561Z,179097673856100
"""rowan @ GthBpPSqaK"" bets 4.50",2026-10-02T21:32:16.836Z,179097673683600
"""jaaaaaaan @ O6Q78KIRx-"" checks",2026-10-02T21:32:14.187Z,179097673418700
"Turn: 9♠, J♥, 7♣ [3♠]",2026-10-02T21:32:13.555Z,179097673355500
"""jaaaaaaan @ O6Q78KIRx-"" calls 1.50",2026-10-02T21:32:12.683Z,179097673268300
"""rowan @ GthBpPSqaK"" bets 1.50",2026-10-02T21:32:11.559Z,179097673155900
"""jaaaaaaan @ O6Q78KIRx-"" checks",2026-10-02T21:32:09.240Z,179097672924000
"Flop:  [9♠, J♥, 7♣]",2026-10-02T21:32:08.570Z,179097672857000
"""jaaaaaaan @ O6Q78KIRx-"" calls 1.50",2026-10-02T21:32:07.753Z,179097672775300
"""rowan @ GthBpPSqaK"" raises to 1.50",2026-10-02T21:32:06.484Z,179097672648400
"""jaaaaaaan @ O6Q78KIRx-"" posts a big blind of 0.50",2026-10-02T21:32:04.416Z,179097672441605
"""rowan @ GthBpPSqaK"" posts a small blind of 0.25",2026-10-02T21:32:04.416Z,179097672441604
"Player stacks: #2 ""rowan @ GthBpPSqaK"" (207.96) | #5 ""jaaaaaaan @ O6Q78KIRx-"" (78.20)",2026-10-02T21:32:04.416Z,179097672441601
"-- starting hand #369 (id: l791vzluf69m)  No Limit Texas Hold'em (dealer: ""rowan @ GthBpPSqaK"") --",2026-10-02T21:32:04.416Z,179097672441600
"-- ending hand #368 --",2026-10-02T21:32:01.513Z,179097672151302
"""jaaaaaaan @ O6Q78KIRx-"" collected 3.00 from pot",2026-10-02T21:32:01.513Z,179097672151301
"Uncalled bet of 3.00 returned to ""jaaaaaaan @ O6Q78KIRx-""",2026-10-02T21:32:01.513Z,179097672151300
"""rowan @ GthBpPSqaK"" folds",2026-10-02T21:32:00.622Z,179097672062200
"""jaaaaaaan @ O6Q78KIRx-"" bets 3.00",2026-10-02T21:31:59.427Z,179097671942700
"""rowan @ GthBpPSqaK"" checks",2026-10-02T21:31:57.342Z,179097671734200
"River: 10♦, 10♠, 6♠, 9♦ [3♣]",2026-10-02T21:31:57.139Z,179097671713900
"""rowan @ GthBpPSqaK"" calls 1.00",2026-10-02T21:31:56.292Z,179097671629200
"""jaaaaaaan @ O6Q78KIRx-"" bets 1.00",2026-10-02T21:31:55.402Z,179097671540200
"""rowan @ GthBpPSqaK"" checks",2026-10-02T21:31:53.758Z,179097671375800
"Turn: 10♦, 10♠, 6♠ [9♦]",2026-10-02T21:31:52.853Z,179097671285300
"""jaaaaaaan @ O6Q78KIRx-"" checks",2026-10-02T21:31:51.990Z,179097671199000
"""rowan @ GthBpPSqaK"" checks",2026-10-02T21:31:51.147Z,179097671114700
"Flop:  [10♦, 10♠, 6♠]",2026-10-02T21:31:50.355Z,179097671035500
"""rowan @ GthBpPSqaK"" checks",2026-10-02T21:31:49.535Z,179097670953500
"""jaaaaaaan @ O6Q78KIRx-"" calls 0.50",2026-10-02T21:31:48.567Z,179097670856700
"""rowan @ GthBpPSqaK"" posts a big blind of 0.50",2026-10-02T21:31:45.848Z,179097670584805
"""jaaaaaaan @ O6Q78KIRx-"" posts a small blind of 0.25",2026-10-02T21:31:45.848Z,179097670584804
"Player stacks: #2 ""rowan @ GthBpPSqaK"" (209.46) | #5 ""jaaaaaaan @ O6Q78KIRx-"" (76.70)",2026-10-02T21:31:45.848Z,179097670584801
"-- starting hand #368 (id: 9dgxmxq3rijz)  No Limit Texas Hold'em (dealer: ""jaaaaaaan @ O6Q78KIRx-"") --",2026-10-02T21:31:45.848Z,179097670584800
"""jaaaaaaan @ O6Q78KIRx-"" shows a A♦, K♦.",2026-10-02T21:31:44.258Z,179097670425800
"""rowan @ GthBpPSqaK"" shows a 9♠.",2026-10-02T21:31:42.417Z,179097670241700
"""rowan @ GthBpPSqaK"" shows a J♠.",2026-10-02T21:31:41.898Z,179097670189800
"-- ending hand #367 --",2026-10-02T21:31:41.529Z,179097670152902
"""jaaaaaaan @ O6Q78KIRx-"" collected 15.00 from pot",2026-10-02T21:31:41.529Z,179097670152901
"Uncalled bet of 15.00 returned to ""jaaaaaaan @ O6Q78KIRx-""",2026-10-02T21:31:41.529Z,179097670152900
"""rowan @ GthBpPSqaK"" folds",2026-10-02T21:31:40.725Z,179097670072500
"""jaaaaaaan @ O6Q78KIRx-"" bets 15.00",2026-10-02T21:31:23.979Z,179097668397900
"River: Q♦, J♦, 8♥, 10♥ [A♠]",2026-10-02T21:31:14.771Z,179097667477100
"""rowan @ GthBpPSqaK"" calls 3.75",2026-10-02T21:31:13.961Z,179097667396100
"""jaaaaaaan @ O6Q78KIRx-"" bets 3.75",2026-10-02T21:31:10.947Z,179097667094700
"Turn: Q♦, J♦, 8♥ [10♥]",2026-10-02T21:31:07.090Z,179097666709000
"""rowan @ GthBpPSqaK"" checks",2026-10-02T21:31:06.251Z,179097666625100
"""jaaaaaaan @ O6Q78KIRx-"" checks",2026-10-02T21:31:05.082Z,179097666508200
"Flop:  [Q♦, J♦, 8♥]",2026-10-02T21:31:03.022Z,179097666302200
"""rowan @ GthBpPSqaK"" calls 3.75",2026-10-02T21:31:02.166Z,179097666216600
"""jaaaaaaan @ O6Q78KIRx-"" raises to 3.75",2026-10-02T21:31:01.134Z,179097666113400
"""rowan @ GthBpPSqaK"" raises to 1.50",2026-10-02T21:30:57.088Z,179097665708800
"""jaaaaaaan @ O6Q78KIRx-"" posts a big blind of 0.50",2026-10-02T21:30:53.395Z,179097665339505
"""rowan @ GthBpPSqaK"" posts a small blind of 0.25",2026-10-02T21:30:53.395Z,179097665339504
"Player stacks: #2 ""rowan @ GthBpPSqaK"" (216.96) | #5 ""jaaaaaaan @ O6Q78KIRx-"" (69.20)",2026-10-02T21:30:53.395Z,179097665339501
"-- starting hand #367 (id: grfcrl0rkbga)  No Limit Texas Hold'em (dealer: ""rowan @ GthBpPSqaK"") --",2026-10-02T21:30:53.395Z,179097665339500
"""rowan @ GthBpPSqaK"" shows a Q♥, 2♥.",2026-10-02T21:30:49.019Z,179097664901900
"-- ending hand #366 --",2026-10-02T21:30:46.785Z,179097664678502
"""jaaaaaaan @ O6Q78KIRx-"" collected 1.00 from pot",2026-10-02T21:30:46.785Z,179097664678501
"Uncalled bet of 1.00 returned to ""jaaaaaaan @ O6Q78KIRx-""",2026-10-02T21:30:46.785Z,179097664678500
"""rowan @ GthBpPSqaK"" folds",2026-10-02T21:30:45.885Z,179097664588500
"""jaaaaaaan @ O6Q78KIRx-"" bets 1.00",2026-10-02T21:30:45.029Z,179097664502900
"""rowan @ GthBpPSqaK"" checks",2026-10-02T21:30:42.029Z,179097664202900
"Turn: 8♣, J♣, 5♦ [7♦]",2026-10-02T21:30:41.636Z,179097664163600
"""jaaaaaaan @ O6Q78KIRx-"" checks",2026-10-02T21:30:40.809Z,179097664080900
"""rowan @ GthBpPSqaK"" checks",2026-10-02T21:30:39.951Z,179097663995100
"Flop:  [8♣, J♣, 5♦]",2026-10-02T21:30:39.182Z,179097663918200
"""rowan @ GthBpPSqaK"" checks",2026-10-02T21:30:38.328Z,179097663832800
"""jaaaaaaan @ O6Q78KIRx-"" calls 0.50",2026-10-02T21:30:37.338Z,179097663733800
"""rowan @ GthBpPSqaK"" posts a big blind of 0.50",2026-10-02T21:30:36.451Z,179097663645105
"""jaaaaaaan @ O6Q78KIRx-"" posts a small blind of 0.25",2026-10-02T21:30:36.451Z,179097663645104
"Player stacks: #2 ""rowan @ GthBpPSqaK"" (217.46) | #5 ""jaaaaaaan @ O6Q78KIRx-"" (68.70)",2026-10-02T21:30:36.451Z,179097663645101
"-- starting hand #366 (id: 23zyoabaputc)  No Limit Texas Hold'em (dealer: ""jaaaaaaan @ O6Q78KIRx-"") --",2026-10-02T21:30:36.451Z,179097663645100
"""rowan @ GthBpPSqaK"" shows a Q♣, 10♥.",2026-10-02T21:30:34.327Z,179097663432700
"-- ending hand #365 --",2026-10-02T21:30:32.827Z,179097663282702
"""rowan @ GthBpPSqaK"" collected 15.00 from pot",2026-10-02T21:30:32.827Z,179097663282701
"Uncalled bet of 8.00 returned to ""rowan @ GthBpPSqaK""",2026-10-02T21:30:32.827Z,179097663282700
"""jaaaaaaan @ O6Q78KIRx-"" folds",2026-10-02T21:30:32.009Z,179097663200900
"""rowan @ GthBpPSqaK"" bets 8.00",2026-10-02T21:30:31.123Z,179097663112300
"""jaaaaaaan @ O6Q78KIRx-"" checks",2026-10-02T21:30:25.741Z,179097662574100
"River: 7♥, A♥, 3♥, 2♦ [9♦]",2026-10-02T21:30:23.425Z,179097662342500
"""jaaaaaaan @ O6Q78KIRx-"" calls 3.75",2026-10-02T21:30:22.576Z,179097662257600
"""rowan @ GthBpPSqaK"" bets 3.75",2026-10-02T21:30:21.056Z,179097662105600
"""jaaaaaaan @ O6Q78KIRx-"" checks",2026-10-02T21:30:18.399Z,179097661839900
"Turn: 7♥, A♥, 3♥ [2♦]",2026-10-02T21:30:17.761Z,179097661776100
"""jaaaaaaan @ O6Q78KIRx-"" calls 2.25",2026-10-02T21:30:16.883Z,179097661688300
"""rowan @ GthBpPSqaK"" bets 2.25",2026-10-02T21:30:14.051Z,179097661405100
"""jaaaaaaan @ O6Q78KIRx-"" checks",2026-10-02T21:30:11.441Z,179097661144100
"Flop:  [7♥, A♥, 3♥]",2026-10-02T21:30:10.648Z,179097661064800
"""jaaaaaaan @ O6Q78KIRx-"" calls 1.50",2026-10-02T21:30:09.817Z,179097660981700
"""rowan @ GthBpPSqaK"" raises to 1.50",2026-10-02T21:30:07.564Z,179097660756400
"""jaaaaaaan @ O6Q78KIRx-"" posts a big blind of 0.50",2026-10-02T21:30:05.359Z,179097660535905
"""rowan @ GthBpPSqaK"" posts a small blind of 0.25",2026-10-02T21:30:05.359Z,179097660535904
"Player stacks: #2 ""rowan @ GthBpPSqaK"" (209.96) | #5 ""jaaaaaaan @ O6Q78KIRx-"" (76.20)",2026-10-02T21:30:05.359Z,179097660535901
"-- starting hand #365 (id: 96bg4uhkllmx)  No Limit Texas Hold'em (dealer: ""rowan @ GthBpPSqaK"") --",2026-10-02T21:30:05.359Z,179097660535900
"""jaaaaaaan @ O6Q78KIRx-"" shows a Q♣, 10♠.",2026-10-02T21:30:03.887Z,179097660388700
"""rowan @ GthBpPSqaK"" shows a A♠, Q♥.",2026-10-02T21:30:01.840Z,179097660184000
"-- ending hand #364 --",2026-10-02T21:30:00.993Z,179097660099302
"""rowan @ GthBpPSqaK"" collected 62.50 from pot",2026-10-02T21:30:00.993Z,179097660099301
"Uncalled bet of 31.25 returned to ""rowan @ GthBpPSqaK""",2026-10-02T21:30:00.993Z,179097660099300
"""jaaaaaaan @ O6Q78KIRx-"" folds",2026-10-02T21:30:00.152Z,179097660015200
"""rowan @ GthBpPSqaK"" bets 31.25",2026-10-02T21:29:29.140Z,179097656914000
"River: Q♦, 4♦, 7♠, 2♥ [2♠]",2026-10-02T21:29:23.643Z,179097656364300
"""jaaaaaaan @ O6Q78KIRx-"" calls 18.75",2026-10-02T21:29:22.834Z,179097656283400
"""rowan @ GthBpPSqaK"" bets 18.75",2026-10-02T21:28:49.404Z,179097652940400
"Turn: Q♦, 4♦, 7♠ [2♥]",2026-10-02T21:28:46.055Z,179097652605500
"""jaaaaaaan @ O6Q78KIRx-"" calls 7.50",2026-10-02T21:28:45.218Z,179097652521800
"""rowan @ GthBpPSqaK"" bets 7.50",2026-10-02T21:28:43.553Z,179097652355300
"Flop:  [Q♦, 4♦, 7♠]",2026-10-02T21:28:39.455Z,179097651945500
"""jaaaaaaan @ O6Q78KIRx-"" calls 5.00",2026-10-02T21:28:38.605Z,179097651860500
"""rowan @ GthBpPSqaK"" raises to 5.00",2026-10-02T21:28:36.796Z,179097651679600
"""jaaaaaaan @ O6Q78KIRx-"" raises to 1.50",2026-10-02T21:28:33.452Z,179097651345200
"""rowan @ GthBpPSqaK"" posts a big blind of 0.50",2026-10-02T21:28:30.949Z,179097651094905
"""jaaaaaaan @ O6Q78KIRx-"" posts a small blind of 0.25",2026-10-02T21:28:30.949Z,179097651094904
"Player stacks: #2 ""rowan @ GthBpPSqaK"" (178.71) | #5 ""jaaaaaaan @ O6Q78KIRx-"" (107.45)",2026-10-02T21:28:30.949Z,179097651094901
"-- starting hand #364 (id: agfpikjemwfj)  No Limit Texas Hold'em (dealer: ""jaaaaaaan @ O6Q78KIRx-"") --",2026-10-02T21:28:30.949Z,179097651094900
"-- ending hand #363 --",2026-10-02T21:28:25.021Z,179097650502102
"""rowan @ GthBpPSqaK"" collected 1.00 from pot",2026-10-02T21:28:25.021Z,179097650502101
"Uncalled bet of 1.00 returned to ""rowan @ GthBpPSqaK""",2026-10-02T21:28:25.021Z,179097650502100
"""jaaaaaaan @ O6Q78KIRx-"" folds",2026-10-02T21:28:24.162Z,179097650416200
"""rowan @ GthBpPSqaK"" raises to 1.50",2026-10-02T21:28:22.343Z,179097650234300
"""jaaaaaaan @ O6Q78KIRx-"" posts a big blind of 0.50",2026-10-02T21:28:20.620Z,179097650062005
"""rowan @ GthBpPSqaK"" posts a small blind of 0.25",2026-10-02T21:28:20.620Z,179097650062004
"Player stacks: #2 ""rowan @ GthBpPSqaK"" (178.21) | #5 ""jaaaaaaan @ O6Q78KIRx-"" (107.95)",2026-10-02T21:28:20.620Z,179097650062001
"-- starting hand #363 (id: wawd8jkmbrpe)  No Limit Texas Hold'em (dealer: ""rowan @ GthBpPSqaK"") --",2026-10-02T21:28:20.620Z,179097650062000
"-- ending hand #362 --",2026-10-02T21:28:14.542Z,179097649454202
"""rowan @ GthBpPSqaK"" collected 15.00 from pot with Three of a Kind, K's (combination: 7♦, 8♥, K♣, K♥, K♦)",2026-10-02T21:28:14.542Z,179097649454201
"""rowan @ GthBpPSqaK"" shows a 8♥, K♣.",2026-10-02T21:28:14.542Z,179097649454200
"""jaaaaaaan @ O6Q78KIRx-"" calls 3.75",2026-10-02T21:28:13.714Z,179097649371400
"""rowan @ GthBpPSqaK"" bets 3.75",2026-10-02T21:28:10.073Z,179097649007300
"River: 7♦, 4♦, K♥, 3♠ [K♦]",2026-10-02T21:28:05.462Z,179097648546200
"""jaaaaaaan @ O6Q78KIRx-"" calls 2.25",2026-10-02T21:28:04.643Z,179097648464300
"""rowan @ GthBpPSqaK"" bets 2.25",2026-10-02T21:28:03.748Z,179097648374800
"Turn: 7♦, 4♦, K♥ [3♠]",2026-10-02T21:28:01.068Z,179097648106800
"""jaaaaaaan @ O6Q78KIRx-"" checks",2026-10-02T21:28:00.259Z,179097648025900
"""rowan @ GthBpPSqaK"" checks",2026-10-02T21:27:56.889Z,179097647688900
"Flop:  [7♦, 4♦, K♥]",2026-10-02T21:27:56.461Z,179097647646100
"""rowan @ GthBpPSqaK"" calls 1.50",2026-10-02T21:27:55.632Z,179097647563200
"""jaaaaaaan @ O6Q78KIRx-"" raises to 1.50",2026-10-02T21:27:54.663Z,179097647466300
"""rowan @ GthBpPSqaK"" posts a big blind of 0.50",2026-10-02T21:27:51.986Z,179097647198605
"""jaaaaaaan @ O6Q78KIRx-"" posts a small blind of 0.25",2026-10-02T21:27:51.986Z,179097647198604
"Player stacks: #2 ""rowan @ GthBpPSqaK"" (170.71) | #5 ""jaaaaaaan @ O6Q78KIRx-"" (115.45)",2026-10-02T21:27:51.986Z,179097647198601
"-- starting hand #362 (id: 4gcvkvlnpu2f)  No Limit Texas Hold'em (dealer: ""jaaaaaaan @ O6Q78KIRx-"") --",2026-10-02T21:27:51.986Z,179097647198600
"""rowan @ GthBpPSqaK"" shows a Q♥.",2026-10-02T21:27:46.739Z,179097646673900
"""jaaaaaaan @ O6Q78KIRx-"" shows a 3♠.",2026-10-02T21:27:45.714Z,179097646571400
"-- ending hand #361 --",2026-10-02T21:27:44.654Z,179097646465402
"""rowan @ GthBpPSqaK"" collected 3.00 from pot",2026-10-02T21:27:44.654Z,179097646465401
"Uncalled bet of 2.25 returned to ""rowan @ GthBpPSqaK""",2026-10-02T21:27:44.654Z,179097646465400
"""jaaaaaaan @ O6Q78KIRx-"" folds",2026-10-02T21:27:43.793Z,179097646379300
"""rowan @ GthBpPSqaK"" bets 2.25",2026-10-02T21:27:42.548Z,179097646254800
"""jaaaaaaan @ O6Q78KIRx-"" checks",2026-10-02T21:27:40.402Z,179097646040200
"Flop:  [Q♣, J♦, 10♠]",2026-10-02T21:27:39.454Z,179097645945400
"""jaaaaaaan @ O6Q78KIRx-"" calls 1.50",2026-10-02T21:27:38.589Z,179097645858900
"""rowan @ GthBpPSqaK"" raises to 1.50",2026-10-02T21:27:37.546Z,179097645754600
"""jaaaaaaan @ O6Q78KIRx-"" posts a big blind of 0.50",2026-10-02T21:27:35.964Z,179097645596405
"""rowan @ GthBpPSqaK"" posts a small blind of 0.25",2026-10-02T21:27:35.964Z,179097645596404
"Player stacks: #2 ""rowan @ GthBpPSqaK"" (169.21) | #5 ""jaaaaaaan @ O6Q78KIRx-"" (116.95)",2026-10-02T21:27:35.964Z,179097645596401
"-- starting hand #361 (id: uhlthh5zwzjl)  No Limit Texas Hold'em (dealer: ""rowan @ GthBpPSqaK"") --",2026-10-02T21:27:35.964Z,179097645596400
"""rowan @ GthBpPSqaK"" shows a A♦.",2026-10-02T21:27:31.454Z,179097645145400
"""rowan @ GthBpPSqaK"" shows a 8♠.",2026-10-02T21:27:30.788Z,179097645078800
"-- ending hand #360 --",2026-10-02T21:27:29.455Z,179097644945502
"""jaaaaaaan @ O6Q78KIRx-"" collected 10.00 from pot with Two Pair, 10's & 7's (combination: Q♥, 7♣, 7♥, 10♥, 10♣)",2026-10-02T21:27:29.455Z,179097644945501
"""jaaaaaaan @ O6Q78KIRx-"" shows a 10♥, Q♥.",2026-10-02T21:27:29.455Z,179097644945500
"""jaaaaaaan @ O6Q78KIRx-"" checks",2026-10-02T21:27:28.592Z,179097644859200
"""rowan @ GthBpPSqaK"" checks",2026-10-02T21:27:27.720Z,179097644772000
"River: 5♦, 7♣, 10♣, 7♥ [J♣]",2026-10-02T21:27:27.285Z,179097644728500
"""rowan @ GthBpPSqaK"" calls 3.00",2026-10-02T21:27:26.441Z,179097644644100
"""jaaaaaaan @ O6Q78KIRx-"" bets 3.00",2026-10-02T21:27:25.181Z,179097644518100
"""rowan @ GthBpPSqaK"" checks",2026-10-02T21:27:23.084Z,179097644308400
"Turn: 5♦, 7♣, 10♣ [7♥]",2026-10-02T21:27:22.240Z,179097644224000
"""jaaaaaaan @ O6Q78KIRx-"" checks",2026-10-02T21:27:21.378Z,179097644137800
"""rowan @ GthBpPSqaK"" checks",2026-10-02T21:27:20.495Z,179097644049500
"Flop:  [5♦, 7♣, 10♣]",2026-10-02T21:27:19.636Z,179097643963600
"""rowan @ GthBpPSqaK"" calls 2.00",2026-10-02T21:27:18.779Z,179097643877900
"""jaaaaaaan @ O6Q78KIRx-"" raises to 2.00",2026-10-02T21:27:17.645Z,179097643764500
"""rowan @ GthBpPSqaK"" posts a big blind of 0.50",2026-10-02T21:27:14.419Z,179097643441905
"""jaaaaaaan @ O6Q78KIRx-"" posts a small blind of 0.25",2026-10-02T21:27:14.419Z,179097643441904
"Player stacks: #2 ""rowan @ GthBpPSqaK"" (174.21) | #5 ""jaaaaaaan @ O6Q78KIRx-"" (111.95)",2026-10-02T21:27:14.419Z,179097643441901
"-- starting hand #360 (id: yoqhme9kotzx)  No Limit Texas Hold'em (dealer: ""jaaaaaaan @ O6Q78KIRx-"") --",2026-10-02T21:27:14.419Z,179097643441900
"-- ending hand #359 --",2026-10-02T21:27:08.411Z,179097642841102
"""rowan @ GthBpPSqaK"" collected 41.50 from pot with Straight, K High (combination: 9♠, 10♣, J♥, Q♣, K♣)",2026-10-02T21:27:08.411Z,179097642841101
"""rowan @ GthBpPSqaK"" shows a K♣, Q♣.",2026-10-02T21:27:08.411Z,179097642841100
"""jaaaaaaan @ O6Q78KIRx-"" calls 13.25",2026-10-02T21:27:07.585Z,179097642758500
"""rowan @ GthBpPSqaK"" bets 13.25",2026-10-02T21:27:06.686Z,179097642668600
"""jaaaaaaan @ O6Q78KIRx-"" checks",2026-10-02T21:26:52.857Z,179097641285700
"River: 7♣, 9♠, 10♣, J♥ [2♠]",2026-10-02T21:26:51.768Z,179097641176800
"""jaaaaaaan @ O6Q78KIRx-"" calls 4.50",2026-10-02T21:26:50.937Z,179097641093700
"""rowan @ GthBpPSqaK"" bets 4.50",2026-10-02T21:26:49.834Z,179097640983400
"""jaaaaaaan @ O6Q78KIRx-"" checks",2026-10-02T21:26:42.797Z,179097640279700
"Turn: 7♣, 9♠, 10♣ [J♥]",2026-10-02T21:26:42.157Z,179097640215700
"""jaaaaaaan @ O6Q78KIRx-"" calls 1.50",2026-10-02T21:26:41.299Z,179097640129900
"""rowan @ GthBpPSqaK"" bets 1.50",2026-10-02T21:26:40.450Z,179097640045000
"""jaaaaaaan @ O6Q78KIRx-"" checks",2026-10-02T21:26:38.182Z,179097639818200
"Flop:  [7♣, 9♠, 10♣]",2026-10-02T21:26:37.470Z,179097639747000
"""jaaaaaaan @ O6Q78KIRx-"" calls 1.50",2026-10-02T21:26:36.646Z,179097639664600
"""rowan @ GthBpPSqaK"" raises to 1.50",2026-10-02T21:26:35.778Z,179097639577800
"""jaaaaaaan @ O6Q78KIRx-"" posts a big blind of 0.50",2026-10-02T21:26:34.016Z,179097639401605
"""rowan @ GthBpPSqaK"" posts a small blind of 0.25",2026-10-02T21:26:34.016Z,179097639401604
"Player stacks: #2 ""rowan @ GthBpPSqaK"" (153.46) | #5 ""jaaaaaaan @ O6Q78KIRx-"" (132.70)",2026-10-02T21:26:34.016Z,179097639401601
"-- starting hand #359 (id: bucevqi6rvzb)  No Limit Texas Hold'em (dealer: ""rowan @ GthBpPSqaK"") --",2026-10-02T21:26:34.016Z,179097639401600
"""jaaaaaaan @ O6Q78KIRx-"" shows a A♣, K♠.",2026-10-02T21:26:29.096Z,179097638909600
"""rowan @ GthBpPSqaK"" shows a 10♥, 3♣.",2026-10-02T21:26:27.643Z,179097638764300
"-- ending hand #358 --",2026-10-02T21:26:26.662Z,179097638666202
"""jaaaaaaan @ O6Q78KIRx-"" collected 1.00 from pot",2026-10-02T21:26:26.662Z,179097638666201
"Uncalled bet of 1.50 returned to ""jaaaaaaan @ O6Q78KIRx-""",2026-10-02T21:26:26.662Z,179097638666200
"""rowan @ GthBpPSqaK"" folds",2026-10-02T21:26:25.828Z,179097638582800
"""jaaaaaaan @ O6Q78KIRx-"" raises to 2.00",2026-10-02T21:26:24.713Z,179097638471300
"""rowan @ GthBpPSqaK"" posts a big blind of 0.50",2026-10-02T21:26:22.543Z,179097638254305
"""jaaaaaaan @ O6Q78KIRx-"" posts a small blind of 0.25",2026-10-02T21:26:22.543Z,179097638254304
"Player stacks: #2 ""rowan @ GthBpPSqaK"" (153.96) | #5 ""jaaaaaaan @ O6Q78KIRx-"" (132.20)",2026-10-02T21:26:22.543Z,179097638254301
"-- starting hand #358 (id: ubjuhvcaagfn)  No Limit Texas Hold'em (dealer: ""jaaaaaaan @ O6Q78KIRx-"") --",2026-10-02T21:26:22.543Z,179097638254300
"-- ending hand #357 --",2026-10-02T21:26:16.540Z,179097637654003
"""rowan @ GthBpPSqaK"" collected 36.50 from pot with Two Pair, 10's & 9's (combination: J♣, 9♥, 9♦, 10♣, 10♠)",2026-10-02T21:26:16.540Z,179097637654002
"""rowan @ GthBpPSqaK"" shows a 9♥, 10♣.",2026-10-02T21:26:16.540Z,179097637654001
"""jaaaaaaan @ O6Q78KIRx-"" shows a K♥, 4♥.",2026-10-02T21:26:16.540Z,179097637654000
"""rowan @ GthBpPSqaK"" calls 10.75",2026-10-02T21:26:15.723Z,179097637572300
"""jaaaaaaan @ O6Q78KIRx-"" bets 10.75",2026-10-02T21:26:10.053Z,179097637005300
"River: 10♠, 4♣, 9♦, 6♣ [J♣]",2026-10-02T21:26:05.252Z,179097636525200
"""jaaaaaaan @ O6Q78KIRx-"" calls 4.50",2026-10-02T21:26:04.437Z,179097636443700
"""rowan @ GthBpPSqaK"" bets 4.50",2026-10-02T21:26:03.178Z,179097636317800
"""jaaaaaaan @ O6Q78KIRx-"" checks",2026-10-02T21:26:00.552Z,179097636055200
"Turn: 10♠, 4♣, 9♦ [6♣]",2026-10-02T21:25:59.984Z,179097635998400
"""jaaaaaaan @ O6Q78KIRx-"" calls 1.50",2026-10-02T21:25:59.140Z,179097635914000
"""rowan @ GthBpPSqaK"" bets 1.50",2026-10-02T21:25:57.841Z,179097635784100
"""jaaaaaaan @ O6Q78KIRx-"" checks",2026-10-02T21:25:55.557Z,179097635555700
"Flop:  [10♠, 4♣, 9♦]",2026-10-02T21:25:54.534Z,179097635453400
"""jaaaaaaan @ O6Q78KIRx-"" calls 1.50",2026-10-02T21:25:53.703Z,179097635370300
"""rowan @ GthBpPSqaK"" raises to 1.50",2026-10-02T21:25:52.394Z,179097635239400
"""jaaaaaaan @ O6Q78KIRx-"" posts a big blind of 0.50",2026-10-02T21:25:50.577Z,179097635057705
"""rowan @ GthBpPSqaK"" posts a small blind of 0.25",2026-10-02T21:25:50.577Z,179097635057704
"Player stacks: #2 ""rowan @ GthBpPSqaK"" (135.71) | #5 ""jaaaaaaan @ O6Q78KIRx-"" (150.45)",2026-10-02T21:25:50.577Z,179097635057701
"-- starting hand #357 (id: eeyha5qt5gq7)  No Limit Texas Hold'em (dealer: ""rowan @ GthBpPSqaK"") --",2026-10-02T21:25:50.577Z,179097635057700
"-- ending hand #356 --",2026-10-02T21:25:44.570Z,179097634457003
"""rowan @ GthBpPSqaK"" collected 30.24 from pot with Two Pair, Q's & 7's (combination: 6♥, 7♥, 7♠, Q♣, Q♥)",2026-10-02T21:25:44.570Z,179097634457002
"""rowan @ GthBpPSqaK"" shows a 6♥, 7♥.",2026-10-02T21:25:44.570Z,179097634457001
"""jaaaaaaan @ O6Q78KIRx-"" shows a 8♥, K♠.",2026-10-02T21:25:44.570Z,179097634457000
"""jaaaaaaan @ O6Q78KIRx-"" checks",2026-10-02T21:25:43.740Z,179097634374000
"""rowan @ GthBpPSqaK"" checks",2026-10-02T21:25:42.853Z,179097634285300
"River: 2♣, 7♠, Q♣, 3♠ [Q♥]",2026-10-02T21:25:42.046Z,179097634204600
"""rowan @ GthBpPSqaK"" calls 8.87",2026-10-02T21:25:41.230Z,179097634123000
"""jaaaaaaan @ O6Q78KIRx-"" bets 8.87",2026-10-02T21:25:40.365Z,179097634036500
"""rowan @ GthBpPSqaK"" checks",2026-10-02T21:25:36.504Z,179097633650400
"Turn: 2♣, 7♠, Q♣ [3♠]",2026-10-02T21:25:35.966Z,179097633596600
"""rowan @ GthBpPSqaK"" calls 3.75",2026-10-02T21:25:35.102Z,179097633510200
"""jaaaaaaan @ O6Q78KIRx-"" bets 3.75",2026-10-02T21:25:34.255Z,179097633425500
"""rowan @ GthBpPSqaK"" checks",2026-10-02T21:25:32.022Z,179097633202200
"Flop:  [2♣, 7♠, Q♣]",2026-10-02T21:25:31.362Z,179097633136200
"""rowan @ GthBpPSqaK"" calls 2.50",2026-10-02T21:25:30.480Z,179097633048000
"""jaaaaaaan @ O6Q78KIRx-"" raises to 2.50",2026-10-02T21:25:29.556Z,179097632955600
"""rowan @ GthBpPSqaK"" posts a big blind of 0.50",2026-10-02T21:25:26.958Z,179097632695805
"""jaaaaaaan @ O6Q78KIRx-"" posts a small blind of 0.25",2026-10-02T21:25:26.958Z,179097632695804
"Player stacks: #2 ""rowan @ GthBpPSqaK"" (120.59) | #5 ""jaaaaaaan @ O6Q78KIRx-"" (165.57)",2026-10-02T21:25:26.958Z,179097632695801
"-- starting hand #356 (id: cn74xsfxry9i)  No Limit Texas Hold'em (dealer: ""jaaaaaaan @ O6Q78KIRx-"") --",2026-10-02T21:25:26.958Z,179097632695800
"""jaaaaaaan @ O6Q78KIRx-"" shows a 6♠, A♦.",2026-10-02T21:25:22.319Z,179097632231900
"""rowan @ GthBpPSqaK"" shows a 7♦, 2♠.",2026-10-02T21:25:20.733Z,179097632073300
"-- ending hand #355 --",2026-10-02T21:25:19.652Z,179097631965202
"""jaaaaaaan @ O6Q78KIRx-"" collected 0.50 from pot",2026-10-02T21:25:19.652Z,179097631965201
"Uncalled bet of 0.25 returned to ""jaaaaaaan @ O6Q78KIRx-""",2026-10-02T21:25:19.652Z,179097631965200
"""rowan @ GthBpPSqaK"" folds",2026-10-02T21:25:18.843Z,179097631884300
"""jaaaaaaan @ O6Q78KIRx-"" posts a big blind of 0.50",2026-10-02T21:25:16.351Z,179097631635105
"""rowan @ GthBpPSqaK"" posts a small blind of 0.25",2026-10-02T21:25:16.351Z,179097631635104
"Player stacks: #2 ""rowan @ GthBpPSqaK"" (120.84) | #5 ""jaaaaaaan @ O6Q78KIRx-"" (165.32)",2026-10-02T21:25:16.351Z,179097631635101
"-- starting hand #355 (id: v5obqiua31ff)  No Limit Texas Hold'em (dealer: ""rowan @ GthBpPSqaK"") --",2026-10-02T21:25:16.351Z,179097631635100
"-- ending hand #354 --",2026-10-02T21:25:10.346Z,179097631034603
"""rowan @ GthBpPSqaK"" collected 5.00 from pot with Straight, J High (combination: 7♥, 8♠, 9♠, 10♥, J♠)",2026-10-02T21:25:10.346Z,179097631034602
"""rowan @ GthBpPSqaK"" shows a 10♥, 9♠.",2026-10-02T21:25:10.346Z,179097631034601
"""jaaaaaaan @ O6Q78KIRx-"" shows a 4♦, 10♦.",2026-10-02T21:25:10.346Z,179097631034600
"""jaaaaaaan @ O6Q78KIRx-"" checks",2026-10-02T21:25:09.462Z,179097630946200
"""rowan @ GthBpPSqaK"" checks",2026-10-02T21:25:08.285Z,179097630828500
"River: J♠, 8♦, 8♠, 7♥ [3♥]",2026-10-02T21:25:06.575Z,179097630657500
"""rowan @ GthBpPSqaK"" calls 1.50",2026-10-02T21:25:05.759Z,179097630575900
"""jaaaaaaan @ O6Q78KIRx-"" bets 1.50",2026-10-02T21:25:02.194Z,179097630219400
"""rowan @ GthBpPSqaK"" checks",2026-10-02T21:24:59.390Z,179097629939000
"Turn: J♠, 8♦, 8♠ [7♥]",2026-10-02T21:24:57.993Z,179097629799300
"""jaaaaaaan @ O6Q78KIRx-"" calls 0.50",2026-10-02T21:24:57.156Z,179097629715600
"""rowan @ GthBpPSqaK"" bets 0.50",2026-10-02T21:24:56.311Z,179097629631100
"Flop:  [J♠, 8♦, 8♠]",2026-10-02T21:24:54.630Z,179097629463000
"""rowan @ GthBpPSqaK"" checks",2026-10-02T21:24:53.765Z,179097629376500
"""jaaaaaaan @ O6Q78KIRx-"" calls 0.50",2026-10-02T21:24:52.812Z,179097629281200
"""rowan @ GthBpPSqaK"" posts a big blind of 0.50",2026-10-02T21:24:51.793Z,179097629179305
"""jaaaaaaan @ O6Q78KIRx-"" posts a small blind of 0.25",2026-10-02T21:24:51.793Z,179097629179304
"Player stacks: #2 ""rowan @ GthBpPSqaK"" (118.34) | #5 ""jaaaaaaan @ O6Q78KIRx-"" (167.82)",2026-10-02T21:24:51.793Z,179097629179301
"-- starting hand #354 (id: imoa4tjtqyon)  No Limit Texas Hold'em (dealer: ""jaaaaaaan @ O6Q78KIRx-"") --",2026-10-02T21:24:51.793Z,179097629179300
"""jaaaaaaan @ O6Q78KIRx-"" shows a K♣.",2026-10-02T21:24:50.388Z,179097629038800
"-- ending hand #353 --",2026-10-02T21:24:48.189Z,179097628818902
"""jaaaaaaan @ O6Q78KIRx-"" collected 6.00 from pot",2026-10-02T21:24:48.189Z,179097628818901
"Uncalled bet of 4.50 returned to ""jaaaaaaan @ O6Q78KIRx-""",2026-10-02T21:24:48.189Z,179097628818900
"""rowan @ GthBpPSqaK"" folds",2026-10-02T21:24:47.387Z,179097628738700
"""jaaaaaaan @ O6Q78KIRx-"" bets 4.50",2026-10-02T21:24:44.845Z,179097628484500
"River: 3♦, A♠, 2♦, 2♥ [7♦]",2026-10-02T21:24:42.879Z,179097628287900
"""rowan @ GthBpPSqaK"" checks",2026-10-02T21:24:42.053Z,179097628205300
"""jaaaaaaan @ O6Q78KIRx-"" checks",2026-10-02T21:24:40.079Z,179097628007900
"Turn: 3♦, A♠, 2♦ [2♥]",2026-10-02T21:24:39.380Z,179097627938000
"""jaaaaaaan @ O6Q78KIRx-"" calls 1.50",2026-10-02T21:24:38.569Z,179097627856900
"""rowan @ GthBpPSqaK"" bets 1.50",2026-10-02T21:24:37.656Z,179097627765600
"""jaaaaaaan @ O6Q78KIRx-"" checks",2026-10-02T21:24:35.443Z,179097627544300
"Flop:  [3♦, A♠, 2♦]",2026-10-02T21:24:34.746Z,179097627474600
"""jaaaaaaan @ O6Q78KIRx-"" calls 1.50",2026-10-02T21:24:33.908Z,179097627390800
"""rowan @ GthBpPSqaK"" raises to 1.50",2026-10-02T21:24:33.071Z,179097627307100
"""jaaaaaaan @ O6Q78KIRx-"" posts a big blind of 0.50",2026-10-02T21:24:31.154Z,179097627115405
"""rowan @ GthBpPSqaK"" posts a small blind of 0.25",2026-10-02T21:24:31.154Z,179097627115404
"Player stacks: #2 ""rowan @ GthBpPSqaK"" (121.34) | #5 ""jaaaaaaan @ O6Q78KIRx-"" (164.82)",2026-10-02T21:24:31.154Z,179097627115401
"-- starting hand #353 (id: sytnodtxhnxd)  No Limit Texas Hold'em (dealer: ""rowan @ GthBpPSqaK"") --",2026-10-02T21:24:31.154Z,179097627115400
"-- ending hand #352 --",2026-10-02T21:24:25.136Z,179097626513603
"""rowan @ GthBpPSqaK"" collected 1.00 from pot with Pair, 3's (combination: 10♦, Q♣, K♦, 3♠, 3♦)",2026-10-02T21:24:25.136Z,179097626513602
"""rowan @ GthBpPSqaK"" shows a K♦, 3♠.",2026-10-02T21:24:25.136Z,179097626513601
"""jaaaaaaan @ O6Q78KIRx-"" shows a 5♥, 9♠.",2026-10-02T21:24:25.136Z,179097626513600
"""jaaaaaaan @ O6Q78KIRx-"" checks",2026-10-02T21:24:24.296Z,179097626429600
"""rowan @ GthBpPSqaK"" checks",2026-10-02T21:24:23.393Z,179097626339300
"River: 10♦, 2♥, 4♠, Q♣ [3♦]",2026-10-02T21:24:22.334Z,179097626233400
"""jaaaaaaan @ O6Q78KIRx-"" checks",2026-10-02T21:24:21.509Z,179097626150900
"""rowan @ GthBpPSqaK"" checks",2026-10-02T21:24:20.617Z,179097626061700
"Turn: 10♦, 2♥, 4♠ [Q♣]",2026-10-02T21:24:19.853Z,179097625985300
"""jaaaaaaan @ O6Q78KIRx-"" checks",2026-10-02T21:24:18.956Z,179097625895600
"""rowan @ GthBpPSqaK"" checks",2026-10-02T21:24:17.783Z,179097625778300
"Flop:  [10♦, 2♥, 4♠]",2026-10-02T21:24:17.051Z,179097625705100
"""rowan @ GthBpPSqaK"" checks",2026-10-02T21:24:16.176Z,179097625617600
"""jaaaaaaan @ O6Q78KIRx-"" calls 0.50",2026-10-02T21:24:15.159Z,179097625515900
"""rowan @ GthBpPSqaK"" posts a big blind of 0.50",2026-10-02T21:24:14.254Z,179097625425405
"""jaaaaaaan @ O6Q78KIRx-"" posts a small blind of 0.25",2026-10-02T21:24:14.254Z,179097625425404
"Player stacks: #2 ""rowan @ GthBpPSqaK"" (120.84) | #5 ""jaaaaaaan @ O6Q78KIRx-"" (165.32)",2026-10-02T21:24:14.254Z,179097625425401
"-- starting hand #352 (id: apgnrbpkz4tn)  No Limit Texas Hold'em (dealer: ""jaaaaaaan @ O6Q78KIRx-"") --",2026-10-02T21:24:14.254Z,179097625425400
"""jaaaaaaan @ O6Q78KIRx-"" shows a 7♠, 10♥.",2026-10-02T21:24:08.993Z,179097624899300
"-- ending hand #351 --",2026-10-02T21:24:07.682Z,179097624768202
"""rowan @ GthBpPSqaK"" collected 12.00 from pot with Two Pair, J's & 8's (combination: 10♠, 8♦, 8♠, J♦, J♠)",2026-10-02T21:24:07.682Z,179097624768201
"""rowan @ GthBpPSqaK"" shows a J♦, 8♦.",2026-10-02T21:24:07.682Z,179097624768200
"""jaaaaaaan @ O6Q78KIRx-"" calls 3.00",2026-10-02T21:24:06.873Z,179097624687300
"""rowan @ GthBpPSqaK"" bets 3.00",2026-10-02T21:24:05.974Z,179097624597400
"""jaaaaaaan @ O6Q78KIRx-"" checks",2026-10-02T21:24:03.425Z,179097624342500
"River: 10♠, 2♦, 2♣, 8♠ [J♠]",2026-10-02T21:24:02.606Z,179097624260600
"""rowan @ GthBpPSqaK"" calls 1.50",2026-10-02T21:24:01.699Z,179097624169900
"""jaaaaaaan @ O6Q78KIRx-"" bets 1.50",2026-10-02T21:24:00.684Z,179097624068400
"Turn: 10♠, 2♦, 2♣ [8♠]",2026-10-02T21:23:58.574Z,179097623857400
"""rowan @ GthBpPSqaK"" checks",2026-10-02T21:23:57.749Z,179097623774900
"""jaaaaaaan @ O6Q78KIRx-"" checks",2026-10-02T21:23:56.703Z,179097623670300
"Flop:  [10♠, 2♦, 2♣]",2026-10-02T21:23:55.570Z,179097623557000
"""jaaaaaaan @ O6Q78KIRx-"" calls 1.50",2026-10-02T21:23:54.762Z,179097623476200
"""rowan @ GthBpPSqaK"" raises to 1.50",2026-10-02T21:23:53.623Z,179097623362300
"""jaaaaaaan @ O6Q78KIRx-"" posts a big blind of 0.50",2026-10-02T21:23:52.196Z,179097623219605
"""rowan @ GthBpPSqaK"" posts a small blind of 0.25",2026-10-02T21:23:52.196Z,179097623219604
"Player stacks: #2 ""rowan @ GthBpPSqaK"" (114.84) | #5 ""jaaaaaaan @ O6Q78KIRx-"" (171.32)",2026-10-02T21:23:52.196Z,179097623219601
"-- starting hand #351 (id: nz9p7mpj2fmn)  No Limit Texas Hold'em (dealer: ""rowan @ GthBpPSqaK"") --",2026-10-02T21:23:52.196Z,179097623219600
"""rowan @ GthBpPSqaK"" shows a 4♠.",2026-10-02T21:23:49.499Z,179097622949900
"-- ending hand #350 --",2026-10-02T21:23:48.567Z,179097622856702
"""rowan @ GthBpPSqaK"" collected 3.00 from pot",2026-10-02T21:23:48.567Z,179097622856701
"Uncalled bet of 0.50 returned to ""rowan @ GthBpPSqaK""",2026-10-02T21:23:48.567Z,179097622856700
"""jaaaaaaan @ O6Q78KIRx-"" folds",2026-10-02T21:23:47.693Z,179097622769300
"""rowan @ GthBpPSqaK"" bets 0.50",2026-10-02T21:23:46.848Z,179097622684800
"River: J♥, 4♥, 4♣, 9♠ [6♦]",2026-10-02T21:23:45.794Z,179097622579400
"""jaaaaaaan @ O6Q78KIRx-"" calls 0.50",2026-10-02T21:23:44.989Z,179097622498900
"""rowan @ GthBpPSqaK"" bets 0.50",2026-10-02T21:23:44.085Z,179097622408500
"Turn: J♥, 4♥, 4♣ [9♠]",2026-10-02T21:23:43.198Z,179097622319800
"""jaaaaaaan @ O6Q78KIRx-"" calls 0.50",2026-10-02T21:23:42.396Z,179097622239600
"""rowan @ GthBpPSqaK"" bets 0.50",2026-10-02T21:23:40.936Z,179097622093600
"Flop:  [J♥, 4♥, 4♣]",2026-10-02T21:23:39.359Z,179097621935900
"""rowan @ GthBpPSqaK"" checks",2026-10-02T21:23:38.511Z,179097621851100
"""jaaaaaaan @ O6Q78KIRx-"" calls 0.50",2026-10-02T21:23:37.646Z,179097621764600
"""rowan @ GthBpPSqaK"" posts a big blind of 0.50",2026-10-02T21:23:36.660Z,179097621666005
"""jaaaaaaan @ O6Q78KIRx-"" posts a small blind of 0.25",2026-10-02T21:23:36.660Z,179097621666004
"Player stacks: #2 ""rowan @ GthBpPSqaK"" (113.34) | #5 ""jaaaaaaan @ O6Q78KIRx-"" (172.82)",2026-10-02T21:23:36.660Z,179097621666001
"-- starting hand #350 (id: nahzx5wjcjrv)  No Limit Texas Hold'em (dealer: ""jaaaaaaan @ O6Q78KIRx-"") --",2026-10-02T21:23:36.660Z,179097621666000
"""rowan @ GthBpPSqaK"" shows a Q♣, 3♥.",2026-10-02T21:23:32.993Z,179097621299300
"""jaaaaaaan @ O6Q78KIRx-"" shows a 4♦.",2026-10-02T21:23:32.029Z,179097621202900
"""jaaaaaaan @ O6Q78KIRx-"" shows a 10♦.",2026-10-02T21:23:31.622Z,179097621162200
"-- ending hand #349 --",2026-10-02T21:23:29.350Z,179097620935002
"""jaaaaaaan @ O6Q78KIRx-"" collected 0.50 from pot",2026-10-02T21:23:29.350Z,179097620935001
"Uncalled bet of 0.25 returned to ""jaaaaaaan @ O6Q78KIRx-""",2026-10-02T21:23:29.350Z,179097620935000
"""rowan @ GthBpPSqaK"" folds",2026-10-02T21:23:28.508Z,179097620850800
"""jaaaaaaan @ O6Q78KIRx-"" posts a big blind of 0.50",2026-10-02T21:23:27.547Z,179097620754705
"""rowan @ GthBpPSqaK"" posts a small blind of 0.25",2026-10-02T21:23:27.547Z,179097620754704
"Player stacks: #2 ""rowan @ GthBpPSqaK"" (113.59) | #5 ""jaaaaaaan @ O6Q78KIRx-"" (172.57)",2026-10-02T21:23:27.547Z,179097620754701
"-- starting hand #349 (id: razdkecaazdo)  No Limit Texas Hold'em (dealer: ""rowan @ GthBpPSqaK"") --",2026-10-02T21:23:27.547Z,179097620754700
"-- ending hand #348 --",2026-10-02T21:23:21.459Z,179097620145902
"""jaaaaaaan @ O6Q78KIRx-"" collected 1.00 from pot with K High (combination: 6♣, 8♥, J♠, Q♣, K♦)",2026-10-02T21:23:21.459Z,179097620145901
"""jaaaaaaan @ O6Q78KIRx-"" shows a 6♣, 8♥.",2026-10-02T21:23:21.459Z,179097620145900
"""jaaaaaaan @ O6Q78KIRx-"" checks",2026-10-02T21:23:20.619Z,179097620061900
"""rowan @ GthBpPSqaK"" checks",2026-10-02T21:23:19.773Z,179097619977300
"River: J♠, Q♣, 5♠, K♦ [4♦]",2026-10-02T21:23:17.054Z,179097619705400
"""jaaaaaaan @ O6Q78KIRx-"" checks",2026-10-02T21:23:16.202Z,179097619620200
"""rowan @ GthBpPSqaK"" checks",2026-10-02T21:23:15.363Z,179097619536300
"Turn: J♠, Q♣, 5♠ [K♦]",2026-10-02T21:23:13.937Z,179097619393700
"""jaaaaaaan @ O6Q78KIRx-"" checks",2026-10-02T21:23:13.085Z,179097619308500
"""rowan @ GthBpPSqaK"" checks",2026-10-02T21:23:12.157Z,179097619215700
"Flop:  [J♠, Q♣, 5♠]",2026-10-02T21:23:10.910Z,179097619091000
"""rowan @ GthBpPSqaK"" checks",2026-10-02T21:23:10.091Z,179097619009100
"""jaaaaaaan @ O6Q78KIRx-"" calls 0.50",2026-10-02T21:23:09.170Z,179097618917000
"""rowan @ GthBpPSqaK"" posts a big blind of 0.50",2026-10-02T21:23:08.341Z,179097618834105
"""jaaaaaaan @ O6Q78KIRx-"" posts a small blind of 0.25",2026-10-02T21:23:08.341Z,179097618834104
"Player stacks: #2 ""rowan @ GthBpPSqaK"" (114.09) | #5 ""jaaaaaaan @ O6Q78KIRx-"" (172.07)",2026-10-02T21:23:08.341Z,179097618834101
"-- starting hand #348 (id: at1lwnpidr8b)  No Limit Texas Hold'em (dealer: ""jaaaaaaan @ O6Q78KIRx-"") --",2026-10-02T21:23:08.341Z,179097618834100
"""jaaaaaaan @ O6Q78KIRx-"" shows a J♣, Q♣.",2026-10-02T21:23:05.096Z,179097618509600
"-- ending hand #347 --",2026-10-02T21:23:01.811Z,179097618181102
"""rowan @ GthBpPSqaK"" collected 7.50 from pot with Full House, 9's over 5's (combination: 5♣, 5♥, 9♣, 9♦, 9♠)",2026-10-02T21:23:01.811Z,179097618181101
"""rowan @ GthBpPSqaK"" shows a 7♠, 5♣.",2026-10-02T21:23:01.811Z,179097618181100
"""rowan @ GthBpPSqaK"" checks",2026-10-02T21:23:00.969Z,179097618096900
"""jaaaaaaan @ O6Q78KIRx-"" checks",2026-10-02T21:22:59.625Z,179097617962500
"River: 9♣, 9♦, 9♠, 5♥ [K♦]",2026-10-02T21:22:59.202Z,179097617920200
"""jaaaaaaan @ O6Q78KIRx-"" calls 2.25",2026-10-02T21:22:58.392Z,179097617839200
"""rowan @ GthBpPSqaK"" bets 2.25",2026-10-02T21:22:57.547Z,179097617754700
"""jaaaaaaan @ O6Q78KIRx-"" checks",2026-10-02T21:22:53.900Z,179097617390000
"Turn: 9♣, 9♦, 9♠ [5♥]",2026-10-02T21:22:52.665Z,179097617266500
"""rowan @ GthBpPSqaK"" checks",2026-10-02T21:22:51.817Z,179097617181700
"""jaaaaaaan @ O6Q78KIRx-"" checks",2026-10-02T21:22:50.632Z,179097617063200
"Flop:  [9♣, 9♦, 9♠]",2026-10-02T21:22:49.264Z,179097616926400
"""jaaaaaaan @ O6Q78KIRx-"" calls 1.50",2026-10-02T21:22:48.443Z,179097616844300
"""rowan @ GthBpPSqaK"" raises to 1.50",2026-10-02T21:22:46.715Z,179097616671500
"""jaaaaaaan @ O6Q78KIRx-"" posts a big blind of 0.50",2026-10-02T21:22:44.792Z,179097616479205
"""rowan @ GthBpPSqaK"" posts a small blind of 0.25",2026-10-02T21:22:44.792Z,179097616479204
"Player stacks: #2 ""rowan @ GthBpPSqaK"" (110.34) | #5 ""jaaaaaaan @ O6Q78KIRx-"" (175.82)",2026-10-02T21:22:44.792Z,179097616479201
"-- starting hand #347 (id: ifob1tqygetm)  No Limit Texas Hold'em (dealer: ""rowan @ GthBpPSqaK"") --",2026-10-02T21:22:44.792Z,179097616479200
"-- ending hand #346 --",2026-10-02T21:22:38.856Z,179097615885602
"""rowan @ GthBpPSqaK"" collected 10.00 from pot",2026-10-02T21:22:38.856Z,179097615885601
"Uncalled bet of 5.00 returned to ""rowan @ GthBpPSqaK""",2026-10-02T21:22:38.856Z,179097615885600
"""jaaaaaaan @ O6Q78KIRx-"" folds",2026-10-02T21:22:38.026Z,179097615802600
"""rowan @ GthBpPSqaK"" bets 5.00",2026-10-02T21:22:27.009Z,179097614700900
"Turn: 2♦, 9♥, 5♥ [10♠]",2026-10-02T21:22:24.892Z,179097614489200
"""jaaaaaaan @ O6Q78KIRx-"" checks",2026-10-02T21:22:24.083Z,179097614408300
"""rowan @ GthBpPSqaK"" checks",2026-10-02T21:22:22.578Z,179097614257800
"Flop:  [2♦, 9♥, 5♥]",2026-10-02T21:22:19.076Z,179097613907600
"""jaaaaaaan @ O6Q78KIRx-"" calls 5.00",2026-10-02T21:22:18.235Z,179097613823500
"""rowan @ GthBpPSqaK"" raises to 5.00",2026-10-02T21:22:11.046Z,179097613104600
"""jaaaaaaan @ O6Q78KIRx-"" raises to 2.00",2026-10-02T21:22:08.515Z,179097612851500
"""rowan @ GthBpPSqaK"" posts a big blind of 0.50",2026-10-02T21:22:06.457Z,179097612645705
"""jaaaaaaan @ O6Q78KIRx-"" posts a small blind of 0.25",2026-10-02T21:22:06.457Z,179097612645704
"Player stacks: #2 ""rowan @ GthBpPSqaK"" (105.34) | #5 ""jaaaaaaan @ O6Q78KIRx-"" (180.82)",2026-10-02T21:22:06.457Z,179097612645701
"-- starting hand #346 (id: w07sbwcqbboq)  No Limit Texas Hold'em (dealer: ""jaaaaaaan @ O6Q78KIRx-"") --",2026-10-02T21:22:06.457Z,179097612645700
"""rowan @ GthBpPSqaK"" shows a J♥.",2026-10-02T21:22:02.910Z,179097612291000
"""rowan @ GthBpPSqaK"" shows a 2♠.",2026-10-02T21:22:02.355Z,179097612235500
"-- ending hand #345 --",2026-10-02T21:21:59.852Z,179097611985202
"""jaaaaaaan @ O6Q78KIRx-"" collected 0.50 from pot",2026-10-02T21:21:59.852Z,179097611985201
"Uncalled bet of 0.25 returned to ""jaaaaaaan @ O6Q78KIRx-""",2026-10-02T21:21:59.852Z,179097611985200
"""rowan @ GthBpPSqaK"" folds",2026-10-02T21:21:59.027Z,179097611902700
"""jaaaaaaan @ O6Q78KIRx-"" posts a big blind of 0.50",2026-10-02T21:21:58.019Z,179097611801905
"""rowan @ GthBpPSqaK"" posts a small blind of 0.25",2026-10-02T21:21:58.019Z,179097611801904
"Player stacks: #2 ""rowan @ GthBpPSqaK"" (105.59) | #5 ""jaaaaaaan @ O6Q78KIRx-"" (180.57)",2026-10-02T21:21:58.019Z,179097611801901
"-- starting hand #345 (id: udtwskt9tpig)  No Limit Texas Hold'em (dealer: ""rowan @ GthBpPSqaK"") --",2026-10-02T21:21:58.019Z,179097611801900
"""rowan @ GthBpPSqaK"" shows a 9♦, 4♥.",2026-10-02T21:21:52.522Z,179097611252200
"-- ending hand #344 --",2026-10-02T21:21:51.452Z,179097611145202
"""jaaaaaaan @ O6Q78KIRx-"" collected 5.00 from pot with Pair, 5's (combination: 7♥, 10♥, J♣, 5♥, 5♠)",2026-10-02T21:21:51.452Z,179097611145201
"""jaaaaaaan @ O6Q78KIRx-"" shows a 10♥, 5♥.",2026-10-02T21:21:51.452Z,179097611145200
"""jaaaaaaan @ O6Q78KIRx-"" checks",2026-10-02T21:21:50.637Z,179097611063700
"""rowan @ GthBpPSqaK"" checks",2026-10-02T21:21:49.531Z,179097610953100
"River: 4♦, 3♦, 5♠, 7♥ [J♣]",2026-10-02T21:21:49.013Z,179097610901300
"""rowan @ GthBpPSqaK"" calls 1.50",2026-10-02T21:21:48.185Z,179097610818500
"""jaaaaaaan @ O6Q78KIRx-"" bets 1.50",2026-10-02T21:21:47.289Z,179097610728900
"""rowan @ GthBpPSqaK"" checks",2026-10-02T21:21:43.782Z,179097610378200
"Turn: 4♦, 3♦, 5♠ [7♥]",2026-10-02T21:21:42.447Z,179097610244700
"""jaaaaaaan @ O6Q78KIRx-"" calls 0.50",2026-10-02T21:21:41.626Z,179097610162600
"""rowan @ GthBpPSqaK"" bets 0.50",2026-10-02T21:21:40.731Z,179097610073100
"Flop:  [4♦, 3♦, 5♠]",2026-10-02T21:21:38.747Z,179097609874700
"""rowan @ GthBpPSqaK"" checks",2026-10-02T21:21:37.875Z,179097609787500
"""jaaaaaaan @ O6Q78KIRx-"" calls 0.50",2026-10-02T21:21:37.038Z,179097609703800
"""rowan @ GthBpPSqaK"" posts a big blind of 0.50",2026-10-02T21:21:35.648Z,179097609564805
"""jaaaaaaan @ O6Q78KIRx-"" posts a small blind of 0.25",2026-10-02T21:21:35.648Z,179097609564804
"Player stacks: #2 ""rowan @ GthBpPSqaK"" (108.09) | #5 ""jaaaaaaan @ O6Q78KIRx-"" (178.07)",2026-10-02T21:21:35.648Z,179097609564801
"-- starting hand #344 (id: 0at2rgvgw3r6)  No Limit Texas Hold'em (dealer: ""jaaaaaaan @ O6Q78KIRx-"") --",2026-10-02T21:21:35.648Z,179097609564800
"""rowan @ GthBpPSqaK"" shows a 10♣, A♣.",2026-10-02T21:21:32.286Z,179097609228600
"-- ending hand #343 --",2026-10-02T21:21:32.037Z,179097609203702
"""jaaaaaaan @ O6Q78KIRx-"" collected 15.00 from pot",2026-10-02T21:21:32.037Z,179097609203701
"Uncalled bet of 11.25 returned to ""jaaaaaaan @ O6Q78KIRx-""",2026-10-02T21:21:32.037Z,179097609203700
"""rowan @ GthBpPSqaK"" folds",2026-10-02T21:21:31.191Z,179097609119100
"""jaaaaaaan @ O6Q78KIRx-"" bets 11.25",2026-10-02T21:21:14.383Z,179097607438300
"River: 4♦, 4♣, J♣, K♥ [4♠]",2026-10-02T21:21:08.537Z,179097606853700
"""rowan @ GthBpPSqaK"" checks",2026-10-02T21:21:07.668Z,179097606766800
"""jaaaaaaan @ O6Q78KIRx-"" checks",2026-10-02T21:21:05.099Z,179097606509900
"Turn: 4♦, 4♣, J♣ [K♥]",2026-10-02T21:21:04.399Z,179097606439900
"""jaaaaaaan @ O6Q78KIRx-"" calls 3.75",2026-10-02T21:21:03.583Z,179097606358300
"""rowan @ GthBpPSqaK"" bets 3.75",2026-10-02T21:21:01.224Z,179097606122400
"""jaaaaaaan @ O6Q78KIRx-"" checks",2026-10-02T21:20:57.202Z,179097605720200
"Flop:  [4♦, 4♣, J♣]",2026-10-02T21:20:52.846Z,179097605284600
"""rowan @ GthBpPSqaK"" calls 3.75",2026-10-02T21:20:52.012Z,179097605201200
"""jaaaaaaan @ O6Q78KIRx-"" raises to 3.75",2026-10-02T21:20:50.044Z,179097605004400
"""rowan @ GthBpPSqaK"" raises to 1.50",2026-10-02T21:20:47.918Z,179097604791800
"""jaaaaaaan @ O6Q78KIRx-"" posts a big blind of 0.50",2026-10-02T21:20:46.359Z,179097604635905
"""rowan @ GthBpPSqaK"" posts a small blind of 0.25",2026-10-02T21:20:46.359Z,179097604635904
"Player stacks: #2 ""rowan @ GthBpPSqaK"" (115.59) | #5 ""jaaaaaaan @ O6Q78KIRx-"" (170.57)",2026-10-02T21:20:46.359Z,179097604635901
"-- starting hand #343 (id: es900foxfckk)  No Limit Texas Hold'em (dealer: ""rowan @ GthBpPSqaK"") --",2026-10-02T21:20:46.359Z,179097604635900
"-- ending hand #342 --",2026-10-02T21:20:40.356Z,179097604035603
"""rowan @ GthBpPSqaK"" collected 1.00 from pot with Pair, 6's (combination: 7♣, Q♠, K♥, 6♠, 6♣)",2026-10-02T21:20:40.356Z,179097604035602
"""rowan @ GthBpPSqaK"" shows a Q♠, 6♠.",2026-10-02T21:20:40.356Z,179097604035601
"""jaaaaaaan @ O6Q78KIRx-"" shows a 4♥, 8♥.",2026-10-02T21:20:40.356Z,179097604035600
"""jaaaaaaan @ O6Q78KIRx-"" checks",2026-10-02T21:20:39.479Z,179097603947900
"""rowan @ GthBpPSqaK"" checks",2026-10-02T21:20:38.630Z,179097603863000
"River: 2♦, K♥, 7♣, 4♦ [6♣]",2026-10-02T21:20:38.274Z,179097603827400
"""jaaaaaaan @ O6Q78KIRx-"" checks",2026-10-02T21:20:37.463Z,179097603746300
"""rowan @ GthBpPSqaK"" checks",2026-10-02T21:20:36.627Z,179097603662700
"Turn: 2♦, K♥, 7♣ [4♦]",2026-10-02T21:20:36.230Z,179097603623000
"""jaaaaaaan @ O6Q78KIRx-"" checks",2026-10-02T21:20:35.390Z,179097603539000
"""rowan @ GthBpPSqaK"" checks",2026-10-02T21:20:34.495Z,179097603449500
"Flop:  [2♦, K♥, 7♣]",2026-10-02T21:20:33.641Z,179097603364100
"""rowan @ GthBpPSqaK"" checks",2026-10-02T21:20:32.812Z,179097603281200
"""jaaaaaaan @ O6Q78KIRx-"" calls 0.50",2026-10-02T21:20:31.591Z,179097603159100
"""rowan @ GthBpPSqaK"" posts a big blind of 0.50",2026-10-02T21:20:28.059Z,179097602805905
"""jaaaaaaan @ O6Q78KIRx-"" posts a small blind of 0.25",2026-10-02T21:20:28.059Z,179097602805904
"Player stacks: #2 ""rowan @ GthBpPSqaK"" (115.09) | #5 ""jaaaaaaan @ O6Q78KIRx-"" (171.07)",2026-10-02T21:20:28.059Z,179097602805901
"-- starting hand #342 (id: drpwmq3mp5rq)  No Limit Texas Hold'em (dealer: ""jaaaaaaan @ O6Q78KIRx-"") --",2026-10-02T21:20:28.059Z,179097602805900
"-- ending hand #341 --",2026-10-02T21:20:22.053Z,179097602205303
"""jaaaaaaan @ O6Q78KIRx-"" collected 5.00 from pot with Pair, 9's (combination: 6♣, J♠, Q♥, 9♠, 9♦)",2026-10-02T21:20:22.053Z,179097602205302
"""jaaaaaaan @ O6Q78KIRx-"" shows a J♠, Q♥.",2026-10-02T21:20:22.053Z,179097602205301
"""rowan @ GthBpPSqaK"" shows a J♣, 10♠.",2026-10-02T21:20:22.053Z,179097602205300
"""rowan @ GthBpPSqaK"" checks",2026-10-02T21:20:21.231Z,179097602123100
"""jaaaaaaan @ O6Q78KIRx-"" checks",2026-10-02T21:20:19.489Z,179097601948900
"River: 4♣, 9♠, 9♦, 5♣ [6♣]",2026-10-02T21:20:18.590Z,179097601859000
"""rowan @ GthBpPSqaK"" checks",2026-10-02T21:20:17.774Z,179097601777400
"""jaaaaaaan @ O6Q78KIRx-"" checks",2026-10-02T21:20:15.721Z,179097601572100
"Turn: 4♣, 9♠, 9♦ [5♣]",2026-10-02T21:20:14.851Z,179097601485100
"""jaaaaaaan @ O6Q78KIRx-"" calls 1.00",2026-10-02T21:20:14.011Z,179097601401100
"""rowan @ GthBpPSqaK"" bets 1.00",2026-10-02T21:20:06.215Z,179097600621500
"""jaaaaaaan @ O6Q78KIRx-"" checks",2026-10-02T21:20:04.022Z,179097600402200
"Flop:  [4♣, 9♠, 9♦]",2026-10-02T21:20:02.709Z,179097600270900
"""jaaaaaaan @ O6Q78KIRx-"" calls 1.50",2026-10-02T21:20:01.861Z,179097600186100
"""rowan @ GthBpPSqaK"" raises to 1.50",2026-10-02T21:19:58.929Z,179097599892900
"""jaaaaaaan @ O6Q78KIRx-"" posts a big blind of 0.50",2026-10-02T21:19:57.068Z,179097599706805
"""rowan @ GthBpPSqaK"" posts a small blind of 0.25",2026-10-02T21:19:57.068Z,179097599706804
"Player stacks: #2 ""rowan @ GthBpPSqaK"" (117.59) | #5 ""jaaaaaaan @ O6Q78KIRx-"" (168.57)",2026-10-02T21:19:57.068Z,179097599706801
"-- starting hand #341 (id: cwkb7ltta1gv)  No Limit Texas Hold'em (dealer: ""rowan @ GthBpPSqaK"") --",2026-10-02T21:19:57.068Z,179097599706800
"-- ending hand #340 --",2026-10-02T21:19:51.133Z,179097599113302
"""jaaaaaaan @ O6Q78KIRx-"" collected 4.00 from pot",2026-10-02T21:19:51.133Z,179097599113301
"Uncalled bet of 3.00 returned to ""jaaaaaaan @ O6Q78KIRx-""",2026-10-02T21:19:51.133Z,179097599113300
"""rowan @ GthBpPSqaK"" folds",2026-10-02T21:19:50.281Z,179097599028100
"""jaaaaaaan @ O6Q78KIRx-"" bets 3.00",2026-10-02T21:19:46.746Z,179097598674600
"""rowan @ GthBpPSqaK"" checks",2026-10-02T21:19:43.804Z,179097598380400
"Flop:  [K♠, 2♦, Q♥]",2026-10-02T21:19:42.530Z,179097598253000
"""rowan @ GthBpPSqaK"" calls 2.00",2026-10-02T21:19:41.632Z,179097598163200
"""jaaaaaaan @ O6Q78KIRx-"" raises to 2.00",2026-10-02T21:19:40.787Z,179097598078700
"""rowan @ GthBpPSqaK"" posts a big blind of 0.50",2026-10-02T21:19:37.524Z,179097597752405
"""jaaaaaaan @ O6Q78KIRx-"" posts a small blind of 0.25",2026-10-02T21:19:37.524Z,179097597752404
"Player stacks: #2 ""rowan @ GthBpPSqaK"" (119.59) | #5 ""jaaaaaaan @ O6Q78KIRx-"" (166.57)",2026-10-02T21:19:37.524Z,179097597752401
"-- starting hand #340 (id: v6x4l5sj5tvh)  No Limit Texas Hold'em (dealer: ""jaaaaaaan @ O6Q78KIRx-"") --",2026-10-02T21:19:37.524Z,179097597752400
"""jaaaaaaan @ O6Q78KIRx-"" shows a 5♥, 7♥.",2026-10-02T21:19:31.606Z,179097597160600
"""rowan @ GthBpPSqaK"" shows a 8♣, 3♦.",2026-10-02T21:19:30.323Z,179097597032300
"-- ending hand #339 --",2026-10-02T21:19:30.109Z,179097597010902
"""jaaaaaaan @ O6Q78KIRx-"" collected 0.50 from pot",2026-10-02T21:19:30.109Z,179097597010901
"Uncalled bet of 0.25 returned to ""jaaaaaaan @ O6Q78KIRx-""",2026-10-02T21:19:30.109Z,179097597010900
"""rowan @ GthBpPSqaK"" folds",2026-10-02T21:19:29.212Z,179097596921200
"""jaaaaaaan @ O6Q78KIRx-"" posts a big blind of 0.50",2026-10-02T21:19:27.501Z,179097596750105
"""rowan @ GthBpPSqaK"" posts a small blind of 0.25",2026-10-02T21:19:27.501Z,179097596750104
"Player stacks: #2 ""rowan @ GthBpPSqaK"" (119.84) | #5 ""jaaaaaaan @ O6Q78KIRx-"" (166.32)",2026-10-02T21:19:27.501Z,179097596750101
"-- starting hand #339 (id: 4xaxsgisn162)  No Limit Texas Hold'em (dealer: ""rowan @ GthBpPSqaK"") --",2026-10-02T21:19:27.501Z,179097596750100
"-- ending hand #338 --",2026-10-02T21:19:21.501Z,179097596150102
"""jaaaaaaan @ O6Q78KIRx-"" collected 1.00 from pot",2026-10-02T21:19:21.501Z,179097596150101
"Uncalled bet of 1.50 returned to ""jaaaaaaan @ O6Q78KIRx-""",2026-10-02T21:19:21.501Z,179097596150100
"""rowan @ GthBpPSqaK"" folds",2026-10-02T21:19:20.589Z,179097596058900
"""jaaaaaaan @ O6Q78KIRx-"" raises to 2.00",2026-10-02T21:19:18.908Z,179097595890800
"""rowan @ GthBpPSqaK"" posts a big blind of 0.50",2026-10-02T21:19:16.298Z,179097595629805
"""jaaaaaaan @ O6Q78KIRx-"" posts a small blind of 0.25",2026-10-02T21:19:16.298Z,179097595629804
"Player stacks: #2 ""rowan @ GthBpPSqaK"" (120.34) | #5 ""jaaaaaaan @ O6Q78KIRx-"" (165.82)",2026-10-02T21:19:16.298Z,179097595629801
"-- starting hand #338 (id: 9uzpxajqvmsu)  No Limit Texas Hold'em (dealer: ""jaaaaaaan @ O6Q78KIRx-"") --",2026-10-02T21:19:16.298Z,179097595629800
"-- ending hand #337 --",2026-10-02T21:19:10.379Z,179097595037902
"""jaaaaaaan @ O6Q78KIRx-"" collected 0.50 from pot",2026-10-02T21:19:10.379Z,179097595037901
"Uncalled bet of 0.25 returned to ""jaaaaaaan @ O6Q78KIRx-""",2026-10-02T21:19:10.379Z,179097595037900
"""rowan @ GthBpPSqaK"" folds",2026-10-02T21:19:09.553Z,179097594955300
"""jaaaaaaan @ O6Q78KIRx-"" posts a big blind of 0.50",2026-10-02T21:19:08.319Z,179097594831905
"""rowan @ GthBpPSqaK"" posts a small blind of 0.25",2026-10-02T21:19:08.319Z,179097594831904
"Player stacks: #2 ""rowan @ GthBpPSqaK"" (120.59) | #5 ""jaaaaaaan @ O6Q78KIRx-"" (165.57)",2026-10-02T21:19:08.319Z,179097594831901
"-- starting hand #337 (id: qaccl1xdvjny)  No Limit Texas Hold'em (dealer: ""rowan @ GthBpPSqaK"") --",2026-10-02T21:19:08.319Z,179097594831900
"""jaaaaaaan @ O6Q78KIRx-"" shows a 7♦, 10♥.",2026-10-02T21:19:04.195Z,179097594419500
"-- ending hand #336 --",2026-10-02T21:19:01.711Z,179097594171102
"""jaaaaaaan @ O6Q78KIRx-"" collected 3.00 from pot",2026-10-02T21:19:01.711Z,179097594171101
"Uncalled bet of 2.25 returned to ""jaaaaaaan @ O6Q78KIRx-""",2026-10-02T21:19:01.711Z,179097594171100
"""rowan @ GthBpPSqaK"" folds",2026-10-02T21:19:00.731Z,179097594073100
"""jaaaaaaan @ O6Q78KIRx-"" bets 2.25",2026-10-02T21:18:59.882Z,179097593988200
"""rowan @ GthBpPSqaK"" checks",2026-10-02T21:18:54.719Z,179097593471900
"Turn: 10♣, 4♦, 9♥ [K♣]",2026-10-02T21:18:54.450Z,179097593445000
"""rowan @ GthBpPSqaK"" calls 1.00",2026-10-02T21:18:53.520Z,179097593352000
"""jaaaaaaan @ O6Q78KIRx-"" bets 1.00",2026-10-02T21:18:52.499Z,179097593249900
"""rowan @ GthBpPSqaK"" checks",2026-10-02T21:18:50.464Z,179097593046400
"Flop:  [10♣, 4♦, 9♥]",2026-10-02T21:18:49.701Z,179097592970100
"""rowan @ GthBpPSqaK"" checks",2026-10-02T21:18:48.883Z,179097592888300
"""jaaaaaaan @ O6Q78KIRx-"" calls 0.50",2026-10-02T21:18:47.973Z,179097592797300
"""rowan @ GthBpPSqaK"" posts a big blind of 0.50",2026-10-02T21:18:46.642Z,179097592664205
"""jaaaaaaan @ O6Q78KIRx-"" posts a small blind of 0.25",2026-10-02T21:18:46.642Z,179097592664204
"Player stacks: #2 ""rowan @ GthBpPSqaK"" (122.09) | #5 ""jaaaaaaan @ O6Q78KIRx-"" (164.07)",2026-10-02T21:18:46.642Z,179097592664201
"-- starting hand #336 (id: msvtxqojngym)  No Limit Texas Hold'em (dealer: ""jaaaaaaan @ O6Q78KIRx-"") --",2026-10-02T21:18:46.642Z,179097592664200
"""jaaaaaaan @ O6Q78KIRx-"" shows a 8♦, 9♥.",2026-10-02T21:18:43.222Z,179097592322200
"""rowan @ GthBpPSqaK"" shows a 5♦, Q♦.",2026-10-02T21:18:42.507Z,179097592250700
"-- ending hand #335 --",2026-10-02T21:18:42.241Z,179097592224102
"""jaaaaaaan @ O6Q78KIRx-"" collected 6.00 from pot",2026-10-02T21:18:42.241Z,179097592224101
"Uncalled bet of 6.00 returned to ""jaaaaaaan @ O6Q78KIRx-""",2026-10-02T21:18:42.241Z,179097592224100
"""rowan @ GthBpPSqaK"" folds",2026-10-02T21:18:41.369Z,179097592136900
"""jaaaaaaan @ O6Q78KIRx-"" bets 6.00",2026-10-02T21:18:37.968Z,179097591796800
"River: A♥, Q♥, 3♦, 8♥ [4♥]",2026-10-02T21:18:35.289Z,179097591528900
"""rowan @ GthBpPSqaK"" checks",2026-10-02T21:18:34.447Z,179097591444700
"""jaaaaaaan @ O6Q78KIRx-"" checks",2026-10-02T21:18:33.482Z,179097591348200
"Turn: A♥, Q♥, 3♦ [8♥]",2026-10-02T21:18:32.791Z,179097591279100
"""jaaaaaaan @ O6Q78KIRx-"" calls 1.50",2026-10-02T21:18:31.920Z,179097591192000
"""rowan @ GthBpPSqaK"" bets 1.50",2026-10-02T21:18:30.916Z,179097591091600
"""jaaaaaaan @ O6Q78KIRx-"" checks",2026-10-02T21:18:29.042Z,179097590904200
"Flop:  [A♥, Q♥, 3♦]",2026-10-02T21:18:27.638Z,179097590763800
"""jaaaaaaan @ O6Q78KIRx-"" calls 1.50",2026-10-02T21:18:26.821Z,179097590682100
"""rowan @ GthBpPSqaK"" raises to 1.50",2026-10-02T21:18:25.941Z,179097590594100
"""jaaaaaaan @ O6Q78KIRx-"" posts a big blind of 0.50",2026-10-02T21:18:24.288Z,179097590428805
"""rowan @ GthBpPSqaK"" posts a small blind of 0.25",2026-10-02T21:18:24.288Z,179097590428804
"Player stacks: #2 ""rowan @ GthBpPSqaK"" (125.09) | #5 ""jaaaaaaan @ O6Q78KIRx-"" (161.07)",2026-10-02T21:18:24.288Z,179097590428801
"-- starting hand #335 (id: 9ktdrne6xhct)  No Limit Texas Hold'em (dealer: ""rowan @ GthBpPSqaK"") --",2026-10-02T21:18:24.288Z,179097590428800
"""rowan @ GthBpPSqaK"" shows a 7♠, 6♥.",2026-10-02T21:18:19.012Z,179097589901200
"-- ending hand #334 --",2026-10-02T21:18:17.781Z,179097589778102
"""jaaaaaaan @ O6Q78KIRx-"" collected 4.00 from pot with Two Pair, 10's & 3's (combination: J♣, 3♣, 3♥, 10♣, 10♦)",2026-10-02T21:18:17.781Z,179097589778101
"""jaaaaaaan @ O6Q78KIRx-"" shows a J♣, 8♥.",2026-10-02T21:18:17.781Z,179097589778100
"""jaaaaaaan @ O6Q78KIRx-"" checks",2026-10-02T21:18:16.949Z,179097589694900
"""rowan @ GthBpPSqaK"" checks",2026-10-02T21:18:15.795Z,179097589579500
"River: 10♣, 3♣, 2♠, 3♥ [10♦]",2026-10-02T21:18:14.976Z,179097589497600
"""jaaaaaaan @ O6Q78KIRx-"" checks",2026-10-02T21:18:14.128Z,179097589412800
"""rowan @ GthBpPSqaK"" checks",2026-10-02T21:18:12.872Z,179097589287200
"Turn: 10♣, 3♣, 2♠ [3♥]",2026-10-02T21:18:11.791Z,179097589179100
"""jaaaaaaan @ O6Q78KIRx-"" checks",2026-10-02T21:18:10.979Z,179097589097900
"""rowan @ GthBpPSqaK"" checks",2026-10-02T21:18:07.804Z,179097588780400
"Flop:  [10♣, 3♣, 2♠]",2026-10-02T21:18:07.573Z,179097588757300
"""rowan @ GthBpPSqaK"" calls 2.00",2026-10-02T21:18:06.724Z,179097588672400
"""jaaaaaaan @ O6Q78KIRx-"" raises to 2.00",2026-10-02T21:18:05.848Z,179097588584800
"""rowan @ GthBpPSqaK"" posts a big blind of 0.50",2026-10-02T21:18:02.938Z,179097588293805
"""jaaaaaaan @ O6Q78KIRx-"" posts a small blind of 0.25",2026-10-02T21:18:02.938Z,179097588293804
"Player stacks: #2 ""rowan @ GthBpPSqaK"" (127.09) | #5 ""jaaaaaaan @ O6Q78KIRx-"" (159.07)",2026-10-02T21:18:02.938Z,179097588293801
"-- starting hand #334 (id: nfbnmnlfranr)  No Limit Texas Hold'em (dealer: ""jaaaaaaan @ O6Q78KIRx-"") --",2026-10-02T21:18:02.938Z,179097588293800
"""jaaaaaaan @ O6Q78KIRx-"" shows a 6♠, 6♥.",2026-10-02T21:17:58.487Z,179097587848700
"""rowan @ GthBpPSqaK"" shows a 2♠, 9♦.",2026-10-02T21:17:56.578Z,179097587657800
"-- ending hand #333 --",2026-10-02T21:17:55.567Z,179097587556702
"""jaaaaaaan @ O6Q78KIRx-"" collected 0.50 from pot",2026-10-02T21:17:55.567Z,179097587556701
"Uncalled bet of 0.25 returned to ""jaaaaaaan @ O6Q78KIRx-""",2026-10-02T21:17:55.567Z,179097587556700
"""rowan @ GthBpPSqaK"" folds",2026-10-02T21:17:54.734Z,179097587473400
"""jaaaaaaan @ O6Q78KIRx-"" posts a big blind of 0.50",2026-10-02T21:17:53.764Z,179097587376405
"""rowan @ GthBpPSqaK"" posts a small blind of 0.25",2026-10-02T21:17:53.764Z,179097587376404
"Player stacks: #2 ""rowan @ GthBpPSqaK"" (127.34) | #5 ""jaaaaaaan @ O6Q78KIRx-"" (158.82)",2026-10-02T21:17:53.764Z,179097587376401
"-- starting hand #333 (id: jyzevmyn2mb8)  No Limit Texas Hold'em (dealer: ""rowan @ GthBpPSqaK"") --",2026-10-02T21:17:53.764Z,179097587376400
"""jaaaaaaan @ O6Q78KIRx-"" shows a J♥, 4♣.",2026-10-02T21:17:46.838Z,179097586683800
"""rowan @ GthBpPSqaK"" shows a 5♠, 5♦.",2026-10-02T21:17:46.634Z,179097586663400
"-- ending hand #332 --",2026-10-02T21:17:46.419Z,179097586641902
"""jaaaaaaan @ O6Q78KIRx-"" collected 12.50 from pot",2026-10-02T21:17:46.419Z,179097586641901
"Uncalled bet of 7.25 returned to ""jaaaaaaan @ O6Q78KIRx-""",2026-10-02T21:17:46.419Z,179097586641900
"""rowan @ GthBpPSqaK"" folds",2026-10-02T21:17:45.606Z,179097586560600
"""jaaaaaaan @ O6Q78KIRx-"" bets 7.25",2026-10-02T21:17:44.080Z,179097586408000
"""rowan @ GthBpPSqaK"" checks",2026-10-02T21:17:39.930Z,179097585993000
"Turn: A♠, Q♦, Q♥ [8♠]",2026-10-02T21:17:38.960Z,179097585896000
"""rowan @ GthBpPSqaK"" calls 3.75",2026-10-02T21:17:38.109Z,179097585810900
"""jaaaaaaan @ O6Q78KIRx-"" bets 3.75",2026-10-02T21:17:35.506Z,179097585550600
"""rowan @ GthBpPSqaK"" checks",2026-10-02T21:17:32.531Z,179097585253100
"Flop:  [A♠, Q♦, Q♥]",2026-10-02T21:17:31.352Z,179097585135200
"""rowan @ GthBpPSqaK"" calls 2.50",2026-10-02T21:17:30.471Z,179097585047100
"""jaaaaaaan @ O6Q78KIRx-"" raises to 2.50",2026-10-02T21:17:26.783Z,179097584678300
"""rowan @ GthBpPSqaK"" posts a big blind of 0.50",2026-10-02T21:17:22.545Z,179097584254505
"""jaaaaaaan @ O6Q78KIRx-"" posts a small blind of 0.25",2026-10-02T21:17:22.545Z,179097584254504
"Player stacks: #2 ""rowan @ GthBpPSqaK"" (133.59) | #5 ""jaaaaaaan @ O6Q78KIRx-"" (152.57)",2026-10-02T21:17:22.545Z,179097584254501
"-- starting hand #332 (id: rerz3bks8qth)  No Limit Texas Hold'em (dealer: ""jaaaaaaan @ O6Q78KIRx-"") --",2026-10-02T21:17:22.545Z,179097584254500
"-- ending hand #331 --",2026-10-02T21:17:16.457Z,179097583645702
"""rowan @ GthBpPSqaK"" collected 7.50 from pot with Pair, A's (combination: 6♦, 9♠, 10♥, A♥, A♦)",2026-10-02T21:17:16.457Z,179097583645701
"""rowan @ GthBpPSqaK"" shows a 2♥, A♥.",2026-10-02T21:17:16.457Z,179097583645700
"""rowan @ GthBpPSqaK"" checks",2026-10-02T21:17:15.633Z,179097583563300
"""jaaaaaaan @ O6Q78KIRx-"" checks",2026-10-02T21:17:13.304Z,179097583330400
"River: 10♥, 5♦, 9♠, A♦ [6♦]",2026-10-02T21:17:12.387Z,179097583238700
"""jaaaaaaan @ O6Q78KIRx-"" calls 2.25",2026-10-02T21:17:11.561Z,179097583156100
"""rowan @ GthBpPSqaK"" bets 2.25",2026-10-02T21:17:10.352Z,179097583035200
"""jaaaaaaan @ O6Q78KIRx-"" checks",2026-10-02T21:17:07.529Z,179097582752900
"Turn: 10♥, 5♦, 9♠ [A♦]",2026-10-02T21:17:05.982Z,179097582598200
"""rowan @ GthBpPSqaK"" checks",2026-10-02T21:17:05.178Z,179097582517800
"""jaaaaaaan @ O6Q78KIRx-"" checks",2026-10-02T21:17:04.257Z,179097582425700
"Flop:  [10♥, 5♦, 9♠]",2026-10-02T21:17:02.947Z,179097582294700
"""jaaaaaaan @ O6Q78KIRx-"" calls 1.50",2026-10-02T21:17:02.110Z,179097582211000
"""rowan @ GthBpPSqaK"" raises to 1.50",2026-10-02T21:17:01.193Z,179097582119300
"""jaaaaaaan @ O6Q78KIRx-"" posts a big blind of 0.50",2026-10-02T21:16:59.775Z,179097581977505
"""rowan @ GthBpPSqaK"" posts a small blind of 0.25",2026-10-02T21:16:59.775Z,179097581977504
"Player stacks: #2 ""rowan @ GthBpPSqaK"" (129.84) | #5 ""jaaaaaaan @ O6Q78KIRx-"" (156.32)",2026-10-02T21:16:59.775Z,179097581977501
"-- starting hand #331 (id: jgvh80sywptz)  No Limit Texas Hold'em (dealer: ""rowan @ GthBpPSqaK"") --",2026-10-02T21:16:59.775Z,179097581977500
"""rowan @ GthBpPSqaK"" shows a J♦, 7♣.",2026-10-02T21:16:55.896Z,179097581589600
"""jaaaaaaan @ O6Q78KIRx-"" shows a 10♥.",2026-10-02T21:16:54.340Z,179097581434000
"-- ending hand #330 --",2026-10-02T21:16:52.470Z,179097581247002
"""jaaaaaaan @ O6Q78KIRx-"" collected 3.00 from pot",2026-10-02T21:16:52.470Z,179097581247001
"Uncalled bet of 2.25 returned to ""jaaaaaaan @ O6Q78KIRx-""",2026-10-02T21:16:52.470Z,179097581247000
"""rowan @ GthBpPSqaK"" folds",2026-10-02T21:16:51.578Z,179097581157800
"""jaaaaaaan @ O6Q78KIRx-"" bets 2.25",2026-10-02T21:16:50.700Z,179097581070000
"""rowan @ GthBpPSqaK"" checks",2026-10-02T21:16:48.438Z,179097580843800
"Flop:  [A♥, 4♠, 10♦]",2026-10-02T21:16:48.068Z,179097580806800
"""rowan @ GthBpPSqaK"" calls 1.50",2026-10-02T21:16:47.198Z,179097580719800
"""jaaaaaaan @ O6Q78KIRx-"" raises to 1.50",2026-10-02T21:16:45.920Z,179097580592000
"""rowan @ GthBpPSqaK"" posts a big blind of 0.50",2026-10-02T21:16:44.081Z,179097580408105
"""jaaaaaaan @ O6Q78KIRx-"" posts a small blind of 0.25",2026-10-02T21:16:44.081Z,179097580408104
"Player stacks: #2 ""rowan @ GthBpPSqaK"" (131.34) | #5 ""jaaaaaaan @ O6Q78KIRx-"" (154.82)",2026-10-02T21:16:44.081Z,179097580408101
"-- starting hand #330 (id: vo8iuk82z7oh)  No Limit Texas Hold'em (dealer: ""jaaaaaaan @ O6Q78KIRx-"") --",2026-10-02T21:16:44.081Z,179097580408100
"""rowan @ GthBpPSqaK"" shows a 9♦, 9♥.",2026-10-02T21:16:38.648Z,179097579864800
"-- ending hand #329 --",2026-10-02T21:16:37.462Z,179097579746202
"""rowan @ GthBpPSqaK"" collected 3.00 from pot",2026-10-02T21:16:37.462Z,179097579746201
"Uncalled bet of 1.50 returned to ""rowan @ GthBpPSqaK""",2026-10-02T21:16:37.462Z,179097579746200
"""jaaaaaaan @ O6Q78KIRx-"" folds",2026-10-02T21:16:36.599Z,179097579659900
"""rowan @ GthBpPSqaK"" bets 1.50",2026-10-02T21:16:35.212Z,179097579521200
"""jaaaaaaan @ O6Q78KIRx-"" checks",2026-10-02T21:16:32.682Z,179097579268200
"Flop:  [2♣, 7♦, J♠]",2026-10-02T21:16:31.545Z,179097579154500
"""jaaaaaaan @ O6Q78KIRx-"" calls 1.50",2026-10-02T21:16:30.714Z,179097579071400
"""rowan @ GthBpPSqaK"" raises to 1.50",2026-10-02T21:16:29.175Z,179097578917500
"""jaaaaaaan @ O6Q78KIRx-"" posts a big blind of 0.50",2026-10-02T21:16:27.499Z,179097578749905
"""rowan @ GthBpPSqaK"" posts a small blind of 0.25",2026-10-02T21:16:27.499Z,179097578749904
"Player stacks: #2 ""rowan @ GthBpPSqaK"" (129.84) | #5 ""jaaaaaaan @ O6Q78KIRx-"" (156.32)",2026-10-02T21:16:27.499Z,179097578749901
"-- starting hand #329 (id: gxyjpi9hks06)  No Limit Texas Hold'em (dealer: ""rowan @ GthBpPSqaK"") --",2026-10-02T21:16:27.499Z,179097578749900
"-- ending hand #328 --",2026-10-02T21:16:21.488Z,179097578148802
"""rowan @ GthBpPSqaK"" collected 4.00 from pot with Pair, 10's (combination: 6♥, 8♠, J♥, 10♥, 10♣)",2026-10-02T21:16:21.488Z,179097578148801
"""rowan @ GthBpPSqaK"" shows a 4♠, 10♥.",2026-10-02T21:16:21.488Z,179097578148800
"""jaaaaaaan @ O6Q78KIRx-"" calls 0.50",2026-10-02T21:16:20.672Z,179097578067200
"""rowan @ GthBpPSqaK"" bets 0.50",2026-10-02T21:16:19.825Z,179097577982500
"River: 6♥, 8♠, 10♣, 5♥ [J♥]",2026-10-02T21:16:19.487Z,179097577948700
"""jaaaaaaan @ O6Q78KIRx-"" calls 0.50",2026-10-02T21:16:18.664Z,179097577866400
"""rowan @ GthBpPSqaK"" bets 0.50",2026-10-02T21:16:17.788Z,179097577778800
"Turn: 6♥, 8♠, 10♣ [5♥]",2026-10-02T21:16:17.287Z,179097577728700
"""jaaaaaaan @ O6Q78KIRx-"" calls 0.50",2026-10-02T21:16:16.471Z,179097577647100
"""rowan @ GthBpPSqaK"" bets 0.50",2026-10-02T21:16:15.592Z,179097577559200
"Flop:  [6♥, 8♠, 10♣]",2026-10-02T21:16:14.084Z,179097577408400
"""rowan @ GthBpPSqaK"" checks",2026-10-02T21:16:13.257Z,179097577325700
"""jaaaaaaan @ O6Q78KIRx-"" calls 0.50",2026-10-02T21:16:12.179Z,179097577217900
"""rowan @ GthBpPSqaK"" posts a big blind of 0.50",2026-10-02T21:16:10.881Z,179097577088105
"""jaaaaaaan @ O6Q78KIRx-"" posts a small blind of 0.25",2026-10-02T21:16:10.881Z,179097577088104
"Player stacks: #2 ""rowan @ GthBpPSqaK"" (127.84) | #5 ""jaaaaaaan @ O6Q78KIRx-"" (158.32)",2026-10-02T21:16:10.881Z,179097577088101
"-- starting hand #328 (id: fzthpvgr4qsa)  No Limit Texas Hold'em (dealer: ""jaaaaaaan @ O6Q78KIRx-"") --",2026-10-02T21:16:10.881Z,179097577088100
"""rowan @ GthBpPSqaK"" shows a 5♥, 2♠.",2026-10-02T21:16:06.137Z,179097576613700
"-- ending hand #327 --",2026-10-02T21:16:04.275Z,179097576427502
"""jaaaaaaan @ O6Q78KIRx-"" collected 0.50 from pot",2026-10-02T21:16:04.275Z,179097576427501
"Uncalled bet of 0.25 returned to ""jaaaaaaan @ O6Q78KIRx-""",2026-10-02T21:16:04.275Z,179097576427500
"""rowan @ GthBpPSqaK"" folds",2026-10-02T21:16:03.449Z,179097576344900
"""jaaaaaaan @ O6Q78KIRx-"" posts a big blind of 0.50",2026-10-02T21:16:02.156Z,179097576215605
"""rowan @ GthBpPSqaK"" posts a small blind of 0.25",2026-10-02T21:16:02.156Z,179097576215604
"Player stacks: #2 ""rowan @ GthBpPSqaK"" (128.09) | #5 ""jaaaaaaan @ O6Q78KIRx-"" (158.07)",2026-10-02T21:16:02.156Z,179097576215601
"-- starting hand #327 (id: 1v5nwprcqaxj)  No Limit Texas Hold'em (dealer: ""rowan @ GthBpPSqaK"") --",2026-10-02T21:16:02.156Z,179097576215600
"""jaaaaaaan @ O6Q78KIRx-"" shows a K♣.",2026-10-02T21:15:56.784Z,179097575678400
"""rowan @ GthBpPSqaK"" shows a 4♥, 9♦.",2026-10-02T21:15:55.806Z,179097575580600
"-- ending hand #326 --",2026-10-02T21:15:54.759Z,179097575475902
"""jaaaaaaan @ O6Q78KIRx-"" collected 1.00 from pot",2026-10-02T21:15:54.759Z,179097575475901
"Uncalled bet of 1.00 returned to ""jaaaaaaan @ O6Q78KIRx-""",2026-10-02T21:15:54.759Z,179097575475900
"""rowan @ GthBpPSqaK"" folds",2026-10-02T21:15:53.905Z,179097575390500
"""jaaaaaaan @ O6Q78KIRx-"" bets 1.00",2026-10-02T21:15:53.034Z,179097575303400
"""rowan @ GthBpPSqaK"" checks",2026-10-02T21:15:50.472Z,179097575047200
"Turn: K♦, 5♠, 2♦ [K♥]",2026-10-02T21:15:50.265Z,179097575026500
"""jaaaaaaan @ O6Q78KIRx-"" checks",2026-10-02T21:15:49.411Z,179097574941100
"""rowan @ GthBpPSqaK"" checks",2026-10-02T21:15:48.375Z,179097574837500
"Flop:  [K♦, 5♠, 2♦]",2026-10-02T21:15:47.662Z,179097574766200
"""rowan @ GthBpPSqaK"" checks",2026-10-02T21:15:46.782Z,179097574678200
"""jaaaaaaan @ O6Q78KIRx-"" calls 0.50",2026-10-02T21:15:45.888Z,179097574588800
"""rowan @ GthBpPSqaK"" posts a big blind of 0.50",2026-10-02T21:15:44.861Z,179097574486105
"""jaaaaaaan @ O6Q78KIRx-"" posts a small blind of 0.25",2026-10-02T21:15:44.861Z,179097574486104
"Player stacks: #2 ""rowan @ GthBpPSqaK"" (128.59) | #5 ""jaaaaaaan @ O6Q78KIRx-"" (157.57)",2026-10-02T21:15:44.861Z,179097574486101
"-- starting hand #326 (id: tr01muktlrfl)  No Limit Texas Hold'em (dealer: ""jaaaaaaan @ O6Q78KIRx-"") --",2026-10-02T21:15:44.861Z,179097574486100
"-- ending hand #325 --",2026-10-02T21:15:38.902Z,179097573890202
"""jaaaaaaan @ O6Q78KIRx-"" collected 3.00 from pot",2026-10-02T21:15:38.902Z,179097573890201
"Uncalled bet of 2.25 returned to ""jaaaaaaan @ O6Q78KIRx-""",2026-10-02T21:15:38.902Z,179097573890200
"""rowan @ GthBpPSqaK"" folds",2026-10-02T21:15:38.095Z,179097573809500
"""jaaaaaaan @ O6Q78KIRx-"" bets 2.25",2026-10-02T21:15:37.063Z,179097573706300
"Turn: K♠, 6♥, A♦ [5♥]",2026-10-02T21:15:33.046Z,179097573304600
"""rowan @ GthBpPSqaK"" checks",2026-10-02T21:15:32.167Z,179097573216700
"""jaaaaaaan @ O6Q78KIRx-"" checks",2026-10-02T21:15:31.190Z,179097573119000
"Flop:  [K♠, 6♥, A♦]",2026-10-02T21:15:30.058Z,179097573005800
"""jaaaaaaan @ O6Q78KIRx-"" calls 1.50",2026-10-02T21:15:29.187Z,179097572918700
"""rowan @ GthBpPSqaK"" raises to 1.50",2026-10-02T21:15:27.842Z,179097572784200
"""jaaaaaaan @ O6Q78KIRx-"" posts a big blind of 0.50",2026-10-02T21:15:26.047Z,179097572604705
"""rowan @ GthBpPSqaK"" posts a small blind of 0.25",2026-10-02T21:15:26.047Z,179097572604704
"Player stacks: #2 ""rowan @ GthBpPSqaK"" (130.09) | #5 ""jaaaaaaan @ O6Q78KIRx-"" (156.07)",2026-10-02T21:15:26.047Z,179097572604701
"-- starting hand #325 (id: 6yz8n3qmmwfk)  No Limit Texas Hold'em (dealer: ""rowan @ GthBpPSqaK"") --",2026-10-02T21:15:26.047Z,179097572604700
"""jaaaaaaan @ O6Q78KIRx-"" shows a 2♠, 4♥.",2026-10-02T21:15:18.987Z,179097571898700
"""rowan @ GthBpPSqaK"" shows a 8♠, 2♥.",2026-10-02T21:15:18.971Z,179097571897100
"-- ending hand #324 --",2026-10-02T21:15:18.718Z,179097571871802
"""jaaaaaaan @ O6Q78KIRx-"" collected 1.00 from pot",2026-10-02T21:15:18.718Z,179097571871801
"Uncalled bet of 1.50 returned to ""jaaaaaaan @ O6Q78KIRx-""",2026-10-02T21:15:18.718Z,179097571871800
"""rowan @ GthBpPSqaK"" folds",2026-10-02T21:15:17.914Z,179097571791400
"""jaaaaaaan @ O6Q78KIRx-"" raises to 2.00",2026-10-02T21:15:17.075Z,179097571707500
"""rowan @ GthBpPSqaK"" posts a big blind of 0.50",2026-10-02T21:15:14.480Z,179097571448005
"""jaaaaaaan @ O6Q78KIRx-"" posts a small blind of 0.25",2026-10-02T21:15:14.480Z,179097571448004
"Player stacks: #2 ""rowan @ GthBpPSqaK"" (130.59) | #5 ""jaaaaaaan @ O6Q78KIRx-"" (155.57)",2026-10-02T21:15:14.480Z,179097571448001
"-- starting hand #324 (id: 99rqsyjmdb3e)  No Limit Texas Hold'em (dealer: ""jaaaaaaan @ O6Q78KIRx-"") --",2026-10-02T21:15:14.480Z,179097571448000
"""jaaaaaaan @ O6Q78KIRx-"" shows a 2♠, J♦.",2026-10-02T21:15:09.578Z,179097570957800
"-- ending hand #323 --",2026-10-02T21:15:07.873Z,179097570787302
"""jaaaaaaan @ O6Q78KIRx-"" collected 1.00 from pot",2026-10-02T21:15:07.873Z,179097570787301
"Uncalled bet of 1.00 returned to ""jaaaaaaan @ O6Q78KIRx-""",2026-10-02T21:15:07.873Z,179097570787300
"""rowan @ GthBpPSqaK"" folds",2026-10-02T21:15:07.038Z,179097570703800
"""jaaaaaaan @ O6Q78KIRx-"" bets 1.00",2026-10-02T21:15:06.060Z,179097570606000
"Turn: 8♦, 2♦, 7♥ [K♠]",2026-10-02T21:15:02.851Z,179097570285100
"""rowan @ GthBpPSqaK"" checks",2026-10-02T21:15:01.994Z,179097570199400
"""jaaaaaaan @ O6Q78KIRx-"" checks",2026-10-02T21:15:00.836Z,179097570083600
"Flop:  [8♦, 2♦, 7♥]",2026-10-02T21:14:59.887Z,179097569988700
"""jaaaaaaan @ O6Q78KIRx-"" checks",2026-10-02T21:14:59.034Z,179097569903400
"""rowan @ GthBpPSqaK"" calls 0.50",2026-10-02T21:14:57.277Z,179097569727700
"""jaaaaaaan @ O6Q78KIRx-"" posts a big blind of 0.50",2026-10-02T21:14:54.298Z,179097569429805
"""rowan @ GthBpPSqaK"" posts a small blind of 0.25",2026-10-02T21:14:54.298Z,179097569429804
"Player stacks: #2 ""rowan @ GthBpPSqaK"" (131.09) | #5 ""jaaaaaaan @ O6Q78KIRx-"" (155.07)",2026-10-02T21:14:54.298Z,179097569429801
"-- starting hand #323 (id: tvv9jw30jcw4)  No Limit Texas Hold'em (dealer: ""rowan @ GthBpPSqaK"") --",2026-10-02T21:14:54.298Z,179097569429800
"""rowan @ GthBpPSqaK"" shows a 9♥, 2♦.",2026-10-02T21:14:49.371Z,179097568937100
"-- ending hand #322 --",2026-10-02T21:14:47.681Z,179097568768102
"""jaaaaaaan @ O6Q78KIRx-"" collected 1.00 from pot",2026-10-02T21:14:47.681Z,179097568768101
"Uncalled bet of 1.50 returned to ""jaaaaaaan @ O6Q78KIRx-""",2026-10-02T21:14:47.681Z,179097568768100
"""rowan @ GthBpPSqaK"" folds",2026-10-02T21:14:46.827Z,179097568682700
"""jaaaaaaan @ O6Q78KIRx-"" raises to 2.00",2026-10-02T21:14:45.972Z,179097568597200
"""rowan @ GthBpPSqaK"" posts a big blind of 0.50",2026-10-02T21:14:43.692Z,179097568369205
"""jaaaaaaan @ O6Q78KIRx-"" posts a small blind of 0.25",2026-10-02T21:14:43.692Z,179097568369204
"Player stacks: #2 ""rowan @ GthBpPSqaK"" (131.59) | #5 ""jaaaaaaan @ O6Q78KIRx-"" (154.57)",2026-10-02T21:14:43.692Z,179097568369201
"-- starting hand #322 (id: 8l67rtdw1z7x)  No Limit Texas Hold'em (dealer: ""jaaaaaaan @ O6Q78KIRx-"") --",2026-10-02T21:14:43.692Z,179097568369200
"""jaaaaaaan @ O6Q78KIRx-"" collected 1.00 from the 7-2 bounty",2026-10-02T21:14:40.780Z,179097568078001
"""rowan @ GthBpPSqaK"" paid 1.00 for the 7-2 bounty to ""jaaaaaaan @ O6Q78KIRx-""",2026-10-02T21:14:40.780Z,179097568078000
"""rowan @ GthBpPSqaK"" shows a A♣, 2♥.",2026-10-02T21:14:34.596Z,179097567459600
"""jaaaaaaan @ O6Q78KIRx-"" shows a 7♦, 2♣.",2026-10-02T21:14:34.557Z,179097567455700
"-- ending hand #321 --",2026-10-02T21:14:33.476Z,179097567347602
"""jaaaaaaan @ O6Q78KIRx-"" collected 3.00 from pot",2026-10-02T21:14:33.476Z,179097567347601
"Uncalled bet of 3.00 returned to ""jaaaaaaan @ O6Q78KIRx-""",2026-10-02T21:14:33.476Z,179097567347600
"""rowan @ GthBpPSqaK"" folds",2026-10-02T21:14:32.603Z,179097567260300
"""jaaaaaaan @ O6Q78KIRx-"" raises to 4.50",2026-10-02T21:14:31.571Z,179097567157100
"""rowan @ GthBpPSqaK"" raises to 1.50",2026-10-02T21:14:28.970Z,179097566897000
"""jaaaaaaan @ O6Q78KIRx-"" posts a big blind of 0.50",2026-10-02T21:14:27.573Z,179097566757305
"""rowan @ GthBpPSqaK"" posts a small blind of 0.25",2026-10-02T21:14:27.573Z,179097566757304
"Player stacks: #2 ""rowan @ GthBpPSqaK"" (134.09) | #5 ""jaaaaaaan @ O6Q78KIRx-"" (152.07)",2026-10-02T21:14:27.573Z,179097566757301
"-- starting hand #321 (id: bclherigz6f6)  No Limit Texas Hold'em (dealer: ""rowan @ GthBpPSqaK"") --",2026-10-02T21:14:27.573Z,179097566757300
"""jaaaaaaan @ O6Q78KIRx-"" shows a 10♦.",2026-10-02T21:14:22.859Z,179097566285900
"""rowan @ GthBpPSqaK"" shows a 5♣, J♠.",2026-10-02T21:14:21.299Z,179097566129900
"-- ending hand #320 --",2026-10-02T21:14:20.266Z,179097566026602
"""jaaaaaaan @ O6Q78KIRx-"" collected 1.00 from pot",2026-10-02T21:14:20.266Z,179097566026601
"Uncalled bet of 0.75 returned to ""jaaaaaaan @ O6Q78KIRx-""",2026-10-02T21:14:20.266Z,179097566026600
"""rowan @ GthBpPSqaK"" folds",2026-10-02T21:14:19.436Z,179097565943600
"""jaaaaaaan @ O6Q78KIRx-"" bets 0.75",2026-10-02T21:14:18.318Z,179097565831800
"""rowan @ GthBpPSqaK"" checks",2026-10-02T21:14:14.778Z,179097565477800
"Flop:  [7♦, 7♣, 2♦]",2026-10-02T21:14:13.953Z,179097565395300
"""rowan @ GthBpPSqaK"" checks",2026-10-02T21:14:13.118Z,179097565311800
"""jaaaaaaan @ O6Q78KIRx-"" calls 0.50",2026-10-02T21:14:12.188Z,179097565218800
"""rowan @ GthBpPSqaK"" posts a big blind of 0.50",2026-10-02T21:14:11.263Z,179097565126305
"""jaaaaaaan @ O6Q78KIRx-"" posts a small blind of 0.25",2026-10-02T21:14:11.263Z,179097565126304
"Player stacks: #2 ""rowan @ GthBpPSqaK"" (134.59) | #5 ""jaaaaaaan @ O6Q78KIRx-"" (151.57)",2026-10-02T21:14:11.263Z,179097565126301
"-- starting hand #320 (id: xgiddleeusbw)  No Limit Texas Hold'em (dealer: ""jaaaaaaan @ O6Q78KIRx-"") --",2026-10-02T21:14:11.263Z,179097565126300
"-- ending hand #319 --",2026-10-02T21:14:05.252Z,179097564525203
"""jaaaaaaan @ O6Q78KIRx-"" collected 14.00 from pot with Pair, K's (combination: 7♣, 8♣, Q♦, K♥, K♦)",2026-10-02T21:14:05.252Z,179097564525202
"""jaaaaaaan @ O6Q78KIRx-"" shows a K♥, 5♠.",2026-10-02T21:14:05.252Z,179097564525201
"""rowan @ GthBpPSqaK"" shows a J♠, 9♦.",2026-10-02T21:14:05.252Z,179097564525200
"""rowan @ GthBpPSqaK"" checks",2026-10-02T21:14:04.439Z,179097564443900
"""jaaaaaaan @ O6Q78KIRx-"" checks",2026-10-02T21:13:44.491Z,179097562449100
"River: 6♥, Q♦, 7♣, K♦ [8♣]",2026-10-02T21:13:43.460Z,179097562346000
"""jaaaaaaan @ O6Q78KIRx-"" calls 4.00",2026-10-02T21:13:42.599Z,179097562259900
"""rowan @ GthBpPSqaK"" bets 4.00",2026-10-02T21:13:41.332Z,179097562133200
"""jaaaaaaan @ O6Q78KIRx-"" checks",2026-10-02T21:13:37.705Z,179097561770500
"Turn: 6♥, Q♦, 7♣ [K♦]",2026-10-02T21:13:36.982Z,179097561698200
"""jaaaaaaan @ O6Q78KIRx-"" calls 1.50",2026-10-02T21:13:36.179Z,179097561617900
"""rowan @ GthBpPSqaK"" bets 1.50",2026-10-02T21:13:35.168Z,179097561516800
"""jaaaaaaan @ O6Q78KIRx-"" checks",2026-10-02T21:13:33.193Z,179097561319300
"Flop:  [6♥, Q♦, 7♣]",2026-10-02T21:13:32.070Z,179097561207000
"""jaaaaaaan @ O6Q78KIRx-"" calls 1.50",2026-10-02T21:13:31.229Z,179097561122900
"""rowan @ GthBpPSqaK"" raises to 1.50",2026-10-02T21:13:30.372Z,179097561037200
"""jaaaaaaan @ O6Q78KIRx-"" posts a big blind of 0.50",2026-10-02T21:13:28.665Z,179097560866505
"""rowan @ GthBpPSqaK"" posts a small blind of 0.25",2026-10-02T21:13:28.665Z,179097560866504
"Player stacks: #2 ""rowan @ GthBpPSqaK"" (141.59) | #5 ""jaaaaaaan @ O6Q78KIRx-"" (144.57)",2026-10-02T21:13:28.665Z,179097560866501
"-- starting hand #319 (id: gaxv2i211vfc)  No Limit Texas Hold'em (dealer: ""rowan @ GthBpPSqaK"") --",2026-10-02T21:13:28.665Z,179097560866500
"""jaaaaaaan @ O6Q78KIRx-"" shows a 6♣, 5♥.",2026-10-02T21:13:23.898Z,179097560389800
"-- ending hand #318 --",2026-10-02T21:13:22.047Z,179097560204702
"""rowan @ GthBpPSqaK"" collected 1.00 from pot",2026-10-02T21:13:22.047Z,179097560204701
"Uncalled bet of 1.00 returned to ""rowan @ GthBpPSqaK""",2026-10-02T21:13:22.047Z,179097560204700
"""jaaaaaaan @ O6Q78KIRx-"" folds",2026-10-02T21:13:21.243Z,179097560124300
"""rowan @ GthBpPSqaK"" bets 1.00",2026-10-02T21:13:19.853Z,179097559985300
"Flop:  [9♣, 4♣, 2♥]",2026-10-02T21:13:16.730Z,179097559673000
"""rowan @ GthBpPSqaK"" checks",2026-10-02T21:13:15.879Z,179097559587900
"""jaaaaaaan @ O6Q78KIRx-"" calls 0.50",2026-10-02T21:13:14.816Z,179097559481600
"""rowan @ GthBpPSqaK"" posts a big blind of 0.50",2026-10-02T21:13:13.528Z,179097559352805
"""jaaaaaaan @ O6Q78KIRx-"" posts a small blind of 0.25",2026-10-02T21:13:13.528Z,179097559352804
"Player stacks: #2 ""rowan @ GthBpPSqaK"" (141.09) | #5 ""jaaaaaaan @ O6Q78KIRx-"" (145.07)",2026-10-02T21:13:13.528Z,179097559352801
"-- starting hand #318 (id: 7dk8flpx030o)  No Limit Texas Hold'em (dealer: ""jaaaaaaan @ O6Q78KIRx-"") --",2026-10-02T21:13:13.528Z,179097559352800
"-- ending hand #317 --",2026-10-02T21:13:07.557Z,179097558755702
"""jaaaaaaan @ O6Q78KIRx-"" collected 0.50 from pot",2026-10-02T21:13:07.557Z,179097558755701
"Uncalled bet of 0.25 returned to ""jaaaaaaan @ O6Q78KIRx-""",2026-10-02T21:13:07.557Z,179097558755700
"""rowan @ GthBpPSqaK"" folds",2026-10-02T21:13:06.747Z,179097558674700
"""jaaaaaaan @ O6Q78KIRx-"" posts a big blind of 0.50",2026-10-02T21:13:05.722Z,179097558572205
"""rowan @ GthBpPSqaK"" posts a small blind of 0.25",2026-10-02T21:13:05.722Z,179097558572204
"Player stacks: #2 ""rowan @ GthBpPSqaK"" (141.34) | #5 ""jaaaaaaan @ O6Q78KIRx-"" (144.82)",2026-10-02T21:13:05.722Z,179097558572201
"-- starting hand #317 (id: 0zatm2ivehjl)  No Limit Texas Hold'em (dealer: ""rowan @ GthBpPSqaK"") --",2026-10-02T21:13:05.722Z,179097558572200
"-- ending hand #316 --",2026-10-02T21:12:59.729Z,179097557972902
"""jaaaaaaan @ O6Q78KIRx-"" collected 4.00 from pot",2026-10-02T21:12:59.729Z,179097557972901
"Uncalled bet of 3.00 returned to ""jaaaaaaan @ O6Q78KIRx-""",2026-10-02T21:12:59.729Z,179097557972900
"""rowan @ GthBpPSqaK"" folds",2026-10-02T21:12:58.917Z,179097557891700
"""jaaaaaaan @ O6Q78KIRx-"" bets 3.00",2026-10-02T21:12:49.919Z,179097556991900
"""rowan @ GthBpPSqaK"" checks",2026-10-02T21:12:45.680Z,179097556568000
"Flop:  [10♠, 5♠, 4♦]",2026-10-02T21:12:44.949Z,179097556494900
"""rowan @ GthBpPSqaK"" calls 2.00",2026-10-02T21:12:44.118Z,179097556411800
"""jaaaaaaan @ O6Q78KIRx-"" raises to 2.00",2026-10-02T21:12:43.267Z,179097556326700
"""rowan @ GthBpPSqaK"" posts a big blind of 0.50",2026-10-02T21:12:41.047Z,179097556104705
"""jaaaaaaan @ O6Q78KIRx-"" posts a small blind of 0.25",2026-10-02T21:12:41.047Z,179097556104704
"Player stacks: #2 ""rowan @ GthBpPSqaK"" (143.34) | #5 ""jaaaaaaan @ O6Q78KIRx-"" (142.82)",2026-10-02T21:12:41.047Z,179097556104701
"-- starting hand #316 (id: kywipqexg4od)  No Limit Texas Hold'em (dealer: ""jaaaaaaan @ O6Q78KIRx-"") --",2026-10-02T21:12:41.047Z,179097556104700
"-- ending hand #315 --",2026-10-02T21:12:34.944Z,179097555494403
"""rowan @ GthBpPSqaK"" collected 37.50 from pot with Straight, 8 High (combination: 4♣, 5♦, 6♣, 7♠, 8♣)",2026-10-02T21:12:34.944Z,179097555494402
"""rowan @ GthBpPSqaK"" shows a 7♠, 6♣.",2026-10-02T21:12:34.944Z,179097555494401
"""jaaaaaaan @ O6Q78KIRx-"" shows a J♣, 10♦.",2026-10-02T21:12:34.944Z,179097555494400
"""rowan @ GthBpPSqaK"" calls 11.25",2026-10-02T21:12:34.108Z,179097555410800
"""jaaaaaaan @ O6Q78KIRx-"" bets 11.25",2026-10-02T21:12:26.142Z,179097554614200
"River: 4♣, 8♣, 10♣, J♥ [5♦]",2026-10-02T21:12:21.858Z,179097554185800
"""rowan @ GthBpPSqaK"" calls 4.50",2026-10-02T21:12:21.045Z,179097554104500
"""jaaaaaaan @ O6Q78KIRx-"" bets 4.50",2026-10-02T21:12:17.247Z,179097553724700
"Turn: 4♣, 8♣, 10♣ [J♥]",2026-10-02T21:12:14.595Z,179097553459500
"""jaaaaaaan @ O6Q78KIRx-"" calls 1.50",2026-10-02T21:12:13.715Z,179097553371500
"""rowan @ GthBpPSqaK"" bets 1.50",2026-10-02T21:12:12.654Z,179097553265400
"""jaaaaaaan @ O6Q78KIRx-"" checks",2026-10-02T21:12:10.204Z,179097553020400
"Flop:  [4♣, 8♣, 10♣]",2026-10-02T21:12:09.391Z,179097552939100
"""jaaaaaaan @ O6Q78KIRx-"" calls 1.50",2026-10-02T21:12:08.489Z,179097552848900
"""rowan @ GthBpPSqaK"" raises to 1.50",2026-10-02T21:12:07.483Z,179097552748300
"""jaaaaaaan @ O6Q78KIRx-"" posts a big blind of 0.50",2026-10-02T21:12:05.588Z,179097552558805
"""rowan @ GthBpPSqaK"" posts a small blind of 0.25",2026-10-02T21:12:05.588Z,179097552558804
"Player stacks: #2 ""rowan @ GthBpPSqaK"" (124.59) | #5 ""jaaaaaaan @ O6Q78KIRx-"" (161.57)",2026-10-02T21:12:05.588Z,179097552558801
"-- starting hand #315 (id: npmslttpv1qv)  No Limit Texas Hold'em (dealer: ""rowan @ GthBpPSqaK"") --",2026-10-02T21:12:05.588Z,179097552558800
"-- ending hand #314 --",2026-10-02T21:11:59.480Z,179097551948003
"""rowan @ GthBpPSqaK"" collected 20.00 from pot with Flush, A High (combination: 2♥, 8♥, 10♥, J♥, A♥)",2026-10-02T21:11:59.480Z,179097551948002
"""rowan @ GthBpPSqaK"" shows a 8♥, 10♥.",2026-10-02T21:11:59.480Z,179097551948001
"""jaaaaaaan @ O6Q78KIRx-"" shows a A♣, Q♣.",2026-10-02T21:11:59.480Z,179097551948000
"""jaaaaaaan @ O6Q78KIRx-"" checks",2026-10-02T21:11:58.621Z,179097551862100
"""rowan @ GthBpPSqaK"" checks",2026-10-02T21:11:57.702Z,179097551770200
"River: 6♦, J♥, A♥, 2♥ [6♠]",2026-10-02T21:11:57.080Z,179097551708000
"""rowan @ GthBpPSqaK"" calls 6.00",2026-10-02T21:11:56.254Z,179097551625400
"""jaaaaaaan @ O6Q78KIRx-"" bets 6.00",2026-10-02T21:11:52.069Z,179097551206900
"""rowan @ GthBpPSqaK"" checks",2026-10-02T21:11:50.275Z,179097551027500
"Turn: 6♦, J♥, A♥ [2♥]",2026-10-02T21:11:49.711Z,179097550971100
"""rowan @ GthBpPSqaK"" calls 2.00",2026-10-02T21:11:48.905Z,179097550890500
"""jaaaaaaan @ O6Q78KIRx-"" bets 2.00",2026-10-02T21:11:47.946Z,179097550794600
"""rowan @ GthBpPSqaK"" checks",2026-10-02T21:11:45.341Z,179097550534100
"Flop:  [6♦, J♥, A♥]",2026-10-02T21:11:44.260Z,179097550426000
"""rowan @ GthBpPSqaK"" calls 2.00",2026-10-02T21:11:43.423Z,179097550342300
"""jaaaaaaan @ O6Q78KIRx-"" raises to 2.00",2026-10-02T21:11:42.410Z,179097550241000
"""rowan @ GthBpPSqaK"" posts a big blind of 0.50",2026-10-02T21:11:38.656Z,179097549865605
"""jaaaaaaan @ O6Q78KIRx-"" posts a small blind of 0.25",2026-10-02T21:11:38.656Z,179097549865604
"Player stacks: #2 ""rowan @ GthBpPSqaK"" (114.59) | #5 ""jaaaaaaan @ O6Q78KIRx-"" (171.57)",2026-10-02T21:11:38.656Z,179097549865601
"-- starting hand #314 (id: nnsmimp6hhdf)  No Limit Texas Hold'em (dealer: ""jaaaaaaan @ O6Q78KIRx-"") --",2026-10-02T21:11:38.656Z,179097549865600
"""jaaaaaaan @ O6Q78KIRx-"" shows a A♠, A♥.",2026-10-02T21:11:32.931Z,179097549293100
"-- ending hand #313 --",2026-10-02T21:11:31.997Z,179097549199702
"""jaaaaaaan @ O6Q78KIRx-"" collected 7.50 from pot",2026-10-02T21:11:31.997Z,179097549199701
"Uncalled bet of 3.75 returned to ""jaaaaaaan @ O6Q78KIRx-""",2026-10-02T21:11:31.997Z,179097549199700
"""rowan @ GthBpPSqaK"" folds",2026-10-02T21:11:31.169Z,179097549116900
"""jaaaaaaan @ O6Q78KIRx-"" bets 3.75",2026-10-02T21:11:30.044Z,179097549004400
"Turn: 6♥, Q♣, 2♠ [A♣]",2026-10-02T21:11:26.897Z,179097548689700
"""rowan @ GthBpPSqaK"" checks",2026-10-02T21:11:26.083Z,179097548608300
"""jaaaaaaan @ O6Q78KIRx-"" checks",2026-10-02T21:11:25.171Z,179097548517100
"Flop:  [6♥, Q♣, 2♠]",2026-10-02T21:11:22.491Z,179097548249100
"""rowan @ GthBpPSqaK"" calls 3.75",2026-10-02T21:11:21.658Z,179097548165800
"""jaaaaaaan @ O6Q78KIRx-"" raises to 3.75",2026-10-02T21:11:20.724Z,179097548072400
"""rowan @ GthBpPSqaK"" raises to 1.50",2026-10-02T21:11:15.756Z,179097547575600
"""jaaaaaaan @ O6Q78KIRx-"" posts a big blind of 0.50",2026-10-02T21:11:14.078Z,179097547407805
"""rowan @ GthBpPSqaK"" posts a small blind of 0.25",2026-10-02T21:11:14.078Z,179097547407804
"Player stacks: #2 ""rowan @ GthBpPSqaK"" (118.34) | #5 ""jaaaaaaan @ O6Q78KIRx-"" (167.82)",2026-10-02T21:11:14.078Z,179097547407801
"-- starting hand #313 (id: qoryncp7rjch)  No Limit Texas Hold'em (dealer: ""rowan @ GthBpPSqaK"") --",2026-10-02T21:11:14.078Z,179097547407800
"""rowan @ GthBpPSqaK"" shows a 3♣, 8♦.",2026-10-02T21:11:08.533Z,179097546853300
"-- ending hand #312 --",2026-10-02T21:11:07.450Z,179097546745002
"""jaaaaaaan @ O6Q78KIRx-"" collected 1.00 from pot",2026-10-02T21:11:07.450Z,179097546745001
"Uncalled bet of 1.00 returned to ""jaaaaaaan @ O6Q78KIRx-""",2026-10-02T21:11:07.450Z,179097546745000
"""rowan @ GthBpPSqaK"" folds",2026-10-02T21:11:06.626Z,179097546662600
"""jaaaaaaan @ O6Q78KIRx-"" raises to 1.50",2026-10-02T21:11:05.775Z,179097546577500
"""rowan @ GthBpPSqaK"" posts a big blind of 0.50",2026-10-02T21:11:02.933Z,179097546293305
"""jaaaaaaan @ O6Q78KIRx-"" posts a small blind of 0.25",2026-10-02T21:11:02.933Z,179097546293304
"Player stacks: #2 ""rowan @ GthBpPSqaK"" (118.84) | #5 ""jaaaaaaan @ O6Q78KIRx-"" (167.32)",2026-10-02T21:11:02.933Z,179097546293301
"-- starting hand #312 (id: wmq88hwkmf6g)  No Limit Texas Hold'em (dealer: ""jaaaaaaan @ O6Q78KIRx-"") --",2026-10-02T21:11:02.933Z,179097546293300
"-- ending hand #311 --",2026-10-02T21:10:56.890Z,179097545689003
"""jaaaaaaan @ O6Q78KIRx-"" collected 18.00 from pot with Pair, 10's (combination: 6♦, 8♣, Q♥, 10♣, 10♥)",2026-10-02T21:10:56.890Z,179097545689002
"""jaaaaaaan @ O6Q78KIRx-"" shows a 10♣, 10♥.",2026-10-02T21:10:56.890Z,179097545689001
"""rowan @ GthBpPSqaK"" shows a 9♣, 8♠.",2026-10-02T21:10:56.890Z,179097545689000
"""rowan @ GthBpPSqaK"" checks",2026-10-02T21:10:56.065Z,179097545606500
"""jaaaaaaan @ O6Q78KIRx-"" checks",2026-10-02T21:10:54.943Z,179097545494300
"River: 8♣, Q♥, 6♦, 3♣ [2♠]",2026-10-02T21:10:52.952Z,179097545295200
"""rowan @ GthBpPSqaK"" calls 4.50",2026-10-02T21:10:52.098Z,179097545209800
"""jaaaaaaan @ O6Q78KIRx-"" bets 4.50",2026-10-02T21:10:49.786Z,179097544978600
"Turn: 8♣, Q♥, 6♦ [3♣]",2026-10-02T21:10:46.080Z,179097544608000
"""rowan @ GthBpPSqaK"" calls 3.00",2026-10-02T21:10:45.206Z,179097544520600
"""jaaaaaaan @ O6Q78KIRx-"" bets 3.00",2026-10-02T21:10:37.530Z,179097543753000
"Flop:  [8♣, Q♥, 6♦]",2026-10-02T21:10:34.544Z,179097543454400
"""jaaaaaaan @ O6Q78KIRx-"" calls 1.50",2026-10-02T21:10:33.736Z,179097543373600
"""rowan @ GthBpPSqaK"" raises to 1.50",2026-10-02T21:10:29.348Z,179097542934800
"""jaaaaaaan @ O6Q78KIRx-"" posts a big blind of 0.50",2026-10-02T21:10:27.760Z,179097542776005
"""rowan @ GthBpPSqaK"" posts a small blind of 0.25",2026-10-02T21:10:27.760Z,179097542776004
"Player stacks: #2 ""rowan @ GthBpPSqaK"" (127.84) | #5 ""jaaaaaaan @ O6Q78KIRx-"" (158.32)",2026-10-02T21:10:27.760Z,179097542776001
"-- starting hand #311 (id: iwocb8ztxm5u)  No Limit Texas Hold'em (dealer: ""rowan @ GthBpPSqaK"") --",2026-10-02T21:10:27.760Z,179097542776000
"""rowan @ GthBpPSqaK"" shows a 10♠.",2026-10-02T21:10:22.760Z,179097542276000
"-- ending hand #310 --",2026-10-02T21:10:21.151Z,179097542115102
"""jaaaaaaan @ O6Q78KIRx-"" collected 3.00 from pot",2026-10-02T21:10:21.151Z,179097542115101
"Uncalled bet of 2.25 returned to ""jaaaaaaan @ O6Q78KIRx-""",2026-10-02T21:10:21.151Z,179097542115100
"""rowan @ GthBpPSqaK"" folds",2026-10-02T21:10:20.313Z,179097542031300
"""jaaaaaaan @ O6Q78KIRx-"" bets 2.25",2026-10-02T21:10:19.173Z,179097541917300
"""rowan @ GthBpPSqaK"" checks",2026-10-02T21:10:16.884Z,179097541688400
"Flop:  [J♠, 8♣, 5♠]",2026-10-02T21:10:16.296Z,179097541629600
"""rowan @ GthBpPSqaK"" calls 1.50",2026-10-02T21:10:15.473Z,179097541547300
"""jaaaaaaan @ O6Q78KIRx-"" raises to 1.50",2026-10-02T21:10:14.618Z,179097541461800
"""rowan @ GthBpPSqaK"" posts a big blind of 0.50",2026-10-02T21:10:12.235Z,179097541223505
"""jaaaaaaan @ O6Q78KIRx-"" posts a small blind of 0.25",2026-10-02T21:10:12.235Z,179097541223504
"Player stacks: #2 ""rowan @ GthBpPSqaK"" (129.34) | #5 ""jaaaaaaan @ O6Q78KIRx-"" (156.82)",2026-10-02T21:10:12.235Z,179097541223501
"-- starting hand #310 (id: zufhmc3czqy3)  No Limit Texas Hold'em (dealer: ""jaaaaaaan @ O6Q78KIRx-"") --",2026-10-02T21:10:12.235Z,179097541223500
"""jaaaaaaan @ O6Q78KIRx-"" shows a J♠, 9♥.",2026-10-02T21:10:09.530Z,179097540953000
"""rowan @ GthBpPSqaK"" shows a 3♣.",2026-10-02T21:10:08.337Z,179097540833700
"-- ending hand #309 --",2026-10-02T21:10:07.892Z,179097540789202
"""jaaaaaaan @ O6Q78KIRx-"" collected 6.00 from pot",2026-10-02T21:10:07.892Z,179097540789201
"Uncalled bet of 4.50 returned to ""jaaaaaaan @ O6Q78KIRx-""",2026-10-02T21:10:07.892Z,179097540789200
"""rowan @ GthBpPSqaK"" folds",2026-10-02T21:10:07.076Z,179097540707600
"""jaaaaaaan @ O6Q78KIRx-"" bets 4.50",2026-10-02T21:10:01.244Z,179097540124400
"River: 3♥, K♦, Q♠, 7♥ [5♠]",2026-10-02T21:09:58.765Z,179097539876500
"""rowan @ GthBpPSqaK"" checks",2026-10-02T21:09:57.905Z,179097539790500
"""jaaaaaaan @ O6Q78KIRx-"" checks",2026-10-02T21:09:57.041Z,179097539704100
"Turn: 3♥, K♦, Q♠ [7♥]",2026-10-02T21:09:55.763Z,179097539576300
"""jaaaaaaan @ O6Q78KIRx-"" calls 1.50",2026-10-02T21:09:54.926Z,179097539492600
"""rowan @ GthBpPSqaK"" bets 1.50",2026-10-02T21:09:53.721Z,179097539372100
"""jaaaaaaan @ O6Q78KIRx-"" checks",2026-10-02T21:09:51.416Z,179097539141600
"Flop:  [3♥, K♦, Q♠]",2026-10-02T21:09:49.836Z,179097538983600
"""jaaaaaaan @ O6Q78KIRx-"" calls 1.50",2026-10-02T21:09:49.020Z,179097538902000
"""rowan @ GthBpPSqaK"" raises to 1.50",2026-10-02T21:09:47.314Z,179097538731400
"""jaaaaaaan @ O6Q78KIRx-"" posts a big blind of 0.50",2026-10-02T21:09:45.760Z,179097538576005
"""rowan @ GthBpPSqaK"" posts a small blind of 0.25",2026-10-02T21:09:45.760Z,179097538576004
"Player stacks: #2 ""rowan @ GthBpPSqaK"" (132.34) | #5 ""jaaaaaaan @ O6Q78KIRx-"" (153.82)",2026-10-02T21:09:45.760Z,179097538576001
"-- starting hand #309 (id: 9d3ywxq2dhdy)  No Limit Texas Hold'em (dealer: ""rowan @ GthBpPSqaK"") --",2026-10-02T21:09:45.760Z,179097538576000
"""rowan @ GthBpPSqaK"" shows a 7♥.",2026-10-02T21:09:41.785Z,179097538178500
"""rowan @ GthBpPSqaK"" shows a K♠.",2026-10-02T21:09:41.302Z,179097538130200
"""jaaaaaaan @ O6Q78KIRx-"" shows a K♣, A♥.",2026-10-02T21:09:39.786Z,179097537978600
"-- ending hand #308 --",2026-10-02T21:09:38.432Z,179097537843202
"""jaaaaaaan @ O6Q78KIRx-"" collected 2.50 from pot",2026-10-02T21:09:38.432Z,179097537843201
"Uncalled bet of 1.87 returned to ""jaaaaaaan @ O6Q78KIRx-""",2026-10-02T21:09:38.432Z,179097537843200
"""rowan @ GthBpPSqaK"" folds",2026-10-02T21:09:37.627Z,179097537762700
"""jaaaaaaan @ O6Q78KIRx-"" bets 1.87",2026-10-02T21:09:36.214Z,179097537621400
"""rowan @ GthBpPSqaK"" checks",2026-10-02T21:09:34.225Z,179097537422500
"Turn: 2♦, Q♠, J♠ [6♥]",2026-10-02T21:09:33.834Z,179097537383400
"""rowan @ GthBpPSqaK"" calls 0.75",2026-10-02T21:09:32.997Z,179097537299700
"""jaaaaaaan @ O6Q78KIRx-"" bets 0.75",2026-10-02T21:09:32.127Z,179097537212700
"""rowan @ GthBpPSqaK"" checks",2026-10-02T21:09:30.105Z,179097537010500
"Flop:  [2♦, Q♠, J♠]",2026-10-02T21:09:29.294Z,179097536929400
"""rowan @ GthBpPSqaK"" checks",2026-10-02T21:09:28.454Z,179097536845400
"""jaaaaaaan @ O6Q78KIRx-"" calls 0.50",2026-10-02T21:09:27.604Z,179097536760400
"""rowan @ GthBpPSqaK"" posts a big blind of 0.50",2026-10-02T21:09:26.396Z,179097536639605
"""jaaaaaaan @ O6Q78KIRx-"" posts a small blind of 0.25",2026-10-02T21:09:26.396Z,179097536639604
"Player stacks: #2 ""rowan @ GthBpPSqaK"" (133.59) | #5 ""jaaaaaaan @ O6Q78KIRx-"" (152.57)",2026-10-02T21:09:26.396Z,179097536639601
"-- starting hand #308 (id: 7pzofd18hxmf)  No Limit Texas Hold'em (dealer: ""jaaaaaaan @ O6Q78KIRx-"") --",2026-10-02T21:09:26.396Z,179097536639600
"""rowan @ GthBpPSqaK"" shows a K♣.",2026-10-02T21:09:24.203Z,179097536420300
"-- ending hand #307 --",2026-10-02T21:09:19.792Z,179097535979202
"""rowan @ GthBpPSqaK"" collected 3.00 from pot",2026-10-02T21:09:19.792Z,179097535979201
"Uncalled bet of 1.50 returned to ""rowan @ GthBpPSqaK""",2026-10-02T21:09:19.792Z,179097535979200
"""jaaaaaaan @ O6Q78KIRx-"" folds",2026-10-02T21:09:18.989Z,179097535898900
"""rowan @ GthBpPSqaK"" bets 1.50",2026-10-02T21:09:18.114Z,179097535811400
"""jaaaaaaan @ O6Q78KIRx-"" checks",2026-10-02T21:09:16.145Z,179097535614500
"Flop:  [K♥, 9♦, 5♠]",2026-10-02T21:09:12.886Z,179097535288600
"""jaaaaaaan @ O6Q78KIRx-"" calls 1.50",2026-10-02T21:09:12.038Z,179097535203800
"""rowan @ GthBpPSqaK"" raises to 1.50",2026-10-02T21:09:11.131Z,179097535113100
"""jaaaaaaan @ O6Q78KIRx-"" posts a big blind of 0.50",2026-10-02T21:09:09.569Z,179097534956905
"""rowan @ GthBpPSqaK"" posts a small blind of 0.25",2026-10-02T21:09:09.569Z,179097534956904
"Player stacks: #2 ""rowan @ GthBpPSqaK"" (132.09) | #5 ""jaaaaaaan @ O6Q78KIRx-"" (154.07)",2026-10-02T21:09:09.569Z,179097534956901
"-- starting hand #307 (id: tekx9vlqjvhy)  No Limit Texas Hold'em (dealer: ""rowan @ GthBpPSqaK"") --",2026-10-02T21:09:09.569Z,179097534956900
"""jaaaaaaan @ O6Q78KIRx-"" shows a Q♦.",2026-10-02T21:09:05.328Z,179097534532800
"""rowan @ GthBpPSqaK"" shows a 3♠, K♣.",2026-10-02T21:09:03.923Z,179097534392300
"-- ending hand #306 --",2026-10-02T21:09:02.256Z,179097534225602
"""jaaaaaaan @ O6Q78KIRx-"" collected 1.00 from pot",2026-10-02T21:09:02.256Z,179097534225601
"Uncalled bet of 1.00 returned to ""jaaaaaaan @ O6Q78KIRx-""",2026-10-02T21:09:02.256Z,179097534225600
"""rowan @ GthBpPSqaK"" folds",2026-10-02T21:09:01.386Z,179097534138600
"""jaaaaaaan @ O6Q78KIRx-"" bets 1.00",2026-10-02T21:09:00.434Z,179097534043400
"""rowan @ GthBpPSqaK"" checks",2026-10-02T21:08:58.341Z,179097533834100
"Flop:  [2♣, 8♥, A♠]",2026-10-02T21:08:57.759Z,179097533775900
"""rowan @ GthBpPSqaK"" checks",2026-10-02T21:08:56.909Z,179097533690900
"""jaaaaaaan @ O6Q78KIRx-"" calls 0.50",2026-10-02T21:08:56.046Z,179097533604600
"""rowan @ GthBpPSqaK"" posts a big blind of 0.50",2026-10-02T21:08:54.869Z,179097533486905
"""jaaaaaaan @ O6Q78KIRx-"" posts a small blind of 0.25",2026-10-02T21:08:54.869Z,179097533486904
"Player stacks: #2 ""rowan @ GthBpPSqaK"" (132.59) | #5 ""jaaaaaaan @ O6Q78KIRx-"" (153.57)",2026-10-02T21:08:54.869Z,179097533486901
"-- starting hand #306 (id: bsngb4pcxnrb)  No Limit Texas Hold'em (dealer: ""jaaaaaaan @ O6Q78KIRx-"") --",2026-10-02T21:08:54.869Z,179097533486900
"""jaaaaaaan @ O6Q78KIRx-"" shows a K♦, 6♠.",2026-10-02T21:08:49.283Z,179097532928300
"-- ending hand #305 --",2026-10-02T21:08:48.357Z,179097532835702
"""rowan @ GthBpPSqaK"" collected 15.00 from pot with Pair, K's (combination: 8♥, 10♥, J♠, K♠, K♥)",2026-10-02T21:08:48.357Z,179097532835701
"""rowan @ GthBpPSqaK"" shows a K♠, J♠.",2026-10-02T21:08:48.357Z,179097532835700
"""rowan @ GthBpPSqaK"" checks",2026-10-02T21:08:47.520Z,179097532752000
"""jaaaaaaan @ O6Q78KIRx-"" checks",2026-10-02T21:08:46.405Z,179097532640500
"River: K♥, 10♥, 4♠, 8♥ [5♠]",2026-10-02T21:08:39.151Z,179097531915100
"""rowan @ GthBpPSqaK"" calls 4.50",2026-10-02T21:08:38.347Z,179097531834700
"""jaaaaaaan @ O6Q78KIRx-"" bets 4.50",2026-10-02T21:08:37.362Z,179097531736200
"Turn: K♥, 10♥, 4♠ [8♥]",2026-10-02T21:08:33.353Z,179097531335300
"""jaaaaaaan @ O6Q78KIRx-"" calls 1.50",2026-10-02T21:08:32.525Z,179097531252500
"""rowan @ GthBpPSqaK"" bets 1.50",2026-10-02T21:08:30.791Z,179097531079100
"""jaaaaaaan @ O6Q78KIRx-"" checks",2026-10-02T21:08:28.652Z,179097530865200
"Flop:  [K♥, 10♥, 4♠]",2026-10-02T21:08:27.195Z,179097530719500
"""jaaaaaaan @ O6Q78KIRx-"" calls 1.50",2026-10-02T21:08:26.360Z,179097530636000
"""rowan @ GthBpPSqaK"" raises to 1.50",2026-10-02T21:08:22.965Z,179097530296500
"""jaaaaaaan @ O6Q78KIRx-"" posts a big blind of 0.50",2026-10-02T21:08:21.056Z,179097530105605
"""rowan @ GthBpPSqaK"" posts a small blind of 0.25",2026-10-02T21:08:21.056Z,179097530105604
"Player stacks: #2 ""rowan @ GthBpPSqaK"" (125.09) | #5 ""jaaaaaaan @ O6Q78KIRx-"" (161.07)",2026-10-02T21:08:21.056Z,179097530105601
"-- starting hand #305 (id: ofno9kmdbwtj)  No Limit Texas Hold'em (dealer: ""rowan @ GthBpPSqaK"") --",2026-10-02T21:08:21.056Z,179097530105600
"""jaaaaaaan @ O6Q78KIRx-"" shows a 7♣, 9♣.",2026-10-02T21:08:15.799Z,179097529579900
"""rowan @ GthBpPSqaK"" shows a 7♠, 3♣.",2026-10-02T21:08:15.692Z,179097529569200
"-- ending hand #304 --",2026-10-02T21:08:13.741Z,179097529374102
"""jaaaaaaan @ O6Q78KIRx-"" collected 1.00 from pot",2026-10-02T21:08:13.741Z,179097529374101
"Uncalled bet of 1.50 returned to ""jaaaaaaan @ O6Q78KIRx-""",2026-10-02T21:08:13.741Z,179097529374100
"""rowan @ GthBpPSqaK"" folds",2026-10-02T21:08:12.925Z,179097529292500
"""jaaaaaaan @ O6Q78KIRx-"" raises to 2.00",2026-10-02T21:08:11.960Z,179097529196000
"""rowan @ GthBpPSqaK"" posts a big blind of 0.50",2026-10-02T21:08:05.210Z,179097528521005
"""jaaaaaaan @ O6Q78KIRx-"" posts a small blind of 0.25",2026-10-02T21:08:05.210Z,179097528521004
"Player stacks: #2 ""rowan @ GthBpPSqaK"" (125.59) | #5 ""jaaaaaaan @ O6Q78KIRx-"" (160.57)",2026-10-02T21:08:05.210Z,179097528521001
"-- starting hand #304 (id: dljt0p44fwrl)  No Limit Texas Hold'em (dealer: ""jaaaaaaan @ O6Q78KIRx-"") --",2026-10-02T21:08:05.210Z,179097528521000
"""rowan @ GthBpPSqaK"" shows a 9♠, 5♥.",2026-10-02T21:08:01.542Z,179097528154200
"""jaaaaaaan @ O6Q78KIRx-"" shows a J♥, 3♥.",2026-10-02T21:08:00.557Z,179097528055700
"-- ending hand #303 --",2026-10-02T21:07:57.878Z,179097527787802
"""jaaaaaaan @ O6Q78KIRx-"" collected 0.50 from pot",2026-10-02T21:07:57.878Z,179097527787801
"Uncalled bet of 0.25 returned to ""jaaaaaaan @ O6Q78KIRx-""",2026-10-02T21:07:57.878Z,179097527787800
"""rowan @ GthBpPSqaK"" folds",2026-10-02T21:07:57.016Z,179097527701600
"""jaaaaaaan @ O6Q78KIRx-"" posts a big blind of 0.50",2026-10-02T21:07:55.775Z,179097527577505
"""rowan @ GthBpPSqaK"" posts a small blind of 0.25",2026-10-02T21:07:55.775Z,179097527577504
"Player stacks: #2 ""rowan @ GthBpPSqaK"" (125.84) | #5 ""jaaaaaaan @ O6Q78KIRx-"" (160.32)",2026-10-02T21:07:55.775Z,179097527577501
"-- starting hand #303 (id: sevq93i4i4jt)  No Limit Texas Hold'em (dealer: ""rowan @ GthBpPSqaK"") --",2026-10-02T21:07:55.775Z,179097527577500
"""jaaaaaaan @ O6Q78KIRx-"" shows a 3♣, J♠.",2026-10-02T21:07:52.390Z,179097527239000
"""rowan @ GthBpPSqaK"" shows a 10♣, 10♠.",2026-10-02T21:07:48.856Z,179097526885600
"-- ending hand #302 --",2026-10-02T21:07:48.469Z,179097526846902
"""rowan @ GthBpPSqaK"" collected 0.50 from pot",2026-10-02T21:07:48.469Z,179097526846901
"Uncalled bet of 0.25 returned to ""rowan @ GthBpPSqaK""",2026-10-02T21:07:48.469Z,179097526846900
"""jaaaaaaan @ O6Q78KIRx-"" folds",2026-10-02T21:07:47.610Z,179097526761000
"""rowan @ GthBpPSqaK"" posts a big blind of 0.50",2026-10-02T21:07:46.576Z,179097526657605
"""jaaaaaaan @ O6Q78KIRx-"" posts a small blind of 0.25",2026-10-02T21:07:46.576Z,179097526657604
"Player stacks: #2 ""rowan @ GthBpPSqaK"" (125.59) | #5 ""jaaaaaaan @ O6Q78KIRx-"" (160.57)",2026-10-02T21:07:46.576Z,179097526657601
"-- starting hand #302 (id: hyqtpiadwuwi)  No Limit Texas Hold'em (dealer: ""jaaaaaaan @ O6Q78KIRx-"") --",2026-10-02T21:07:46.576Z,179097526657600
"-- ending hand #301 --",2026-10-02T21:07:40.668Z,179097526066802
"""rowan @ GthBpPSqaK"" collected 3.00 from pot",2026-10-02T21:07:40.668Z,179097526066801
"Uncalled bet of 2.25 returned to ""rowan @ GthBpPSqaK""",2026-10-02T21:07:40.668Z,179097526066800
"""jaaaaaaan @ O6Q78KIRx-"" folds",2026-10-02T21:07:39.824Z,179097525982400
"""rowan @ GthBpPSqaK"" bets 2.25",2026-10-02T21:07:37.902Z,179097525790200
"""jaaaaaaan @ O6Q78KIRx-"" checks",2026-10-02T21:07:35.619Z,179097525561900
"Flop:  [6♣, Q♣, 2♣]",2026-10-02T21:07:33.774Z,179097525377400
"""jaaaaaaan @ O6Q78KIRx-"" calls 1.50",2026-10-02T21:07:32.926Z,179097525292600
"""rowan @ GthBpPSqaK"" raises to 1.50",2026-10-02T21:07:27.415Z,179097524741500
"""jaaaaaaan @ O6Q78KIRx-"" posts a big blind of 0.50",2026-10-02T21:07:25.650Z,179097524565005
"""rowan @ GthBpPSqaK"" posts a small blind of 0.25",2026-10-02T21:07:25.650Z,179097524565004
"Player stacks: #2 ""rowan @ GthBpPSqaK"" (124.09) | #5 ""jaaaaaaan @ O6Q78KIRx-"" (162.07)",2026-10-02T21:07:25.650Z,179097524565001
"-- starting hand #301 (id: exrwblghpnou)  No Limit Texas Hold'em (dealer: ""rowan @ GthBpPSqaK"") --",2026-10-02T21:07:25.650Z,179097524565000
"-- ending hand #300 --",2026-10-02T21:07:19.642Z,179097523964202
"""rowan @ GthBpPSqaK"" collected 12.00 from pot with Two Pair, 8's & 3's (combination: Q♣, 3♣, 3♠, 8♣, 8♠)",2026-10-02T21:07:19.642Z,179097523964201
"""rowan @ GthBpPSqaK"" shows a 8♣, 7♣.",2026-10-02T21:07:19.642Z,179097523964200
"""jaaaaaaan @ O6Q78KIRx-"" calls 1.00",2026-10-02T21:07:18.771Z,179097523877100
"""rowan @ GthBpPSqaK"" bets 1.00",2026-10-02T21:07:09.328Z,179097522932800
"River: 3♣, 2♥, Q♣, 8♠ [3♠]",2026-10-02T21:07:05.224Z,179097522522400
"""jaaaaaaan @ O6Q78KIRx-"" calls 1.50",2026-10-02T21:07:04.369Z,179097522436900
"""rowan @ GthBpPSqaK"" bets 1.50",2026-10-02T21:06:55.294Z,179097521529400
"Turn: 3♣, 2♥, Q♣ [8♠]",2026-10-02T21:06:48.887Z,179097520888700
"""jaaaaaaan @ O6Q78KIRx-"" calls 1.50",2026-10-02T21:06:48.081Z,179097520808100
"""rowan @ GthBpPSqaK"" bets 1.50",2026-10-02T21:06:46.377Z,179097520637700
"Flop:  [3♣, 2♥, Q♣]",2026-10-02T21:06:43.484Z,179097520348400
"""jaaaaaaan @ O6Q78KIRx-"" calls 2.00",2026-10-02T21:06:42.618Z,179097520261800
"""rowan @ GthBpPSqaK"" raises to 2.00",2026-10-02T21:06:41.243Z,179097520124300
"""jaaaaaaan @ O6Q78KIRx-"" calls 0.50",2026-10-02T21:06:39.193Z,179097519919300
"""rowan @ GthBpPSqaK"" posts a big blind of 0.50",2026-10-02T21:06:37.582Z,179097519758205
"""jaaaaaaan @ O6Q78KIRx-"" posts a small blind of 0.25",2026-10-02T21:06:37.582Z,179097519758204
"Player stacks: #2 ""rowan @ GthBpPSqaK"" (118.09) | #5 ""jaaaaaaan @ O6Q78KIRx-"" (168.07)",2026-10-02T21:06:37.582Z,179097519758201
"-- starting hand #300 (id: pklojllkxlla)  No Limit Texas Hold'em (dealer: ""jaaaaaaan @ O6Q78KIRx-"") --",2026-10-02T21:06:37.582Z,179097519758200
"""rowan @ GthBpPSqaK"" shows a 4♠.",2026-10-02T21:06:33.174Z,179097519317400
"""jaaaaaaan @ O6Q78KIRx-"" shows a 8♦.",2026-10-02T21:06:32.488Z,179097519248800
"""rowan @ GthBpPSqaK"" shows a Q♥.",2026-10-02T21:06:32.443Z,179097519244300
"-- ending hand #299 --",2026-10-02T21:06:30.276Z,179097519027602
"""jaaaaaaan @ O6Q78KIRx-"" collected 1.00 from pot",2026-10-02T21:06:30.276Z,179097519027601
"Uncalled bet of 1.00 returned to ""jaaaaaaan @ O6Q78KIRx-""",2026-10-02T21:06:30.276Z,179097519027600
"""rowan @ GthBpPSqaK"" folds",2026-10-02T21:06:29.421Z,179097518942100
"""jaaaaaaan @ O6Q78KIRx-"" bets 1.00",2026-10-02T21:06:28.413Z,179097518841300
"Flop:  [5♥, 8♣, 7♣]",2026-10-02T21:06:26.364Z,179097518636400
"""jaaaaaaan @ O6Q78KIRx-"" checks",2026-10-02T21:06:25.558Z,179097518555800
"""rowan @ GthBpPSqaK"" calls 0.50",2026-10-02T21:06:24.067Z,179097518406700
"""jaaaaaaan @ O6Q78KIRx-"" posts a big blind of 0.50",2026-10-02T21:06:22.861Z,179097518286105
"""rowan @ GthBpPSqaK"" posts a small blind of 0.25",2026-10-02T21:06:22.861Z,179097518286104
"Player stacks: #2 ""rowan @ GthBpPSqaK"" (118.59) | #5 ""jaaaaaaan @ O6Q78KIRx-"" (167.57)",2026-10-02T21:06:22.861Z,179097518286101
"-- starting hand #299 (id: 3csgarketuba)  No Limit Texas Hold'em (dealer: ""rowan @ GthBpPSqaK"") --",2026-10-02T21:06:22.861Z,179097518286100
"""jaaaaaaan @ O6Q78KIRx-"" shows a 9♠, 6♦.",2026-10-02T21:06:19.506Z,179097517950600
"""rowan @ GthBpPSqaK"" shows a 5♦, 2♠.",2026-10-02T21:06:19.352Z,179097517935200
"-- ending hand #298 --",2026-10-02T21:06:18.548Z,179097517854802
"""jaaaaaaan @ O6Q78KIRx-"" collected 1.00 from pot",2026-10-02T21:06:18.548Z,179097517854801
"Uncalled bet of 1.00 returned to ""jaaaaaaan @ O6Q78KIRx-""",2026-10-02T21:06:18.548Z,179097517854800
"""rowan @ GthBpPSqaK"" folds",2026-10-02T21:06:17.697Z,179097517769700
"""jaaaaaaan @ O6Q78KIRx-"" bets 1.00",2026-10-02T21:06:16.813Z,179097517681300
"""rowan @ GthBpPSqaK"" checks",2026-10-02T21:06:15.007Z,179097517500700
"River: 8♣, 6♠, 7♥, K♠ [8♦]",2026-10-02T21:06:14.652Z,179097517465200
"""jaaaaaaan @ O6Q78KIRx-"" checks",2026-10-02T21:06:13.804Z,179097517380400
"""rowan @ GthBpPSqaK"" checks",2026-10-02T21:06:12.929Z,179097517292900
"Turn: 8♣, 6♠, 7♥ [K♠]",2026-10-02T21:06:12.543Z,179097517254300
"""jaaaaaaan @ O6Q78KIRx-"" checks",2026-10-02T21:06:11.699Z,179097517169900
"""rowan @ GthBpPSqaK"" checks",2026-10-02T21:06:09.698Z,179097516969800
"Flop:  [8♣, 6♠, 7♥]",2026-10-02T21:06:08.942Z,179097516894200
"""rowan @ GthBpPSqaK"" checks",2026-10-02T21:06:08.080Z,179097516808000
"""jaaaaaaan @ O6Q78KIRx-"" calls 0.50",2026-10-02T21:06:07.211Z,179097516721100
"""rowan @ GthBpPSqaK"" posts a big blind of 0.50",2026-10-02T21:06:06.267Z,179097516626705
"""jaaaaaaan @ O6Q78KIRx-"" posts a small blind of 0.25",2026-10-02T21:06:06.267Z,179097516626704
"Player stacks: #2 ""rowan @ GthBpPSqaK"" (119.09) | #5 ""jaaaaaaan @ O6Q78KIRx-"" (167.07)",2026-10-02T21:06:06.267Z,179097516626701
"-- starting hand #298 (id: y2djtqfvazci)  No Limit Texas Hold'em (dealer: ""jaaaaaaan @ O6Q78KIRx-"") --",2026-10-02T21:06:06.267Z,179097516626700
"-- ending hand #297 --",2026-10-02T21:06:00.262Z,179097516026203
"""jaaaaaaan @ O6Q78KIRx-"" collected 15.00 from pot with Flush, J High (combination: 2♦, 6♦, 8♦, 10♦, J♦)",2026-10-02T21:06:00.262Z,179097516026202
"""jaaaaaaan @ O6Q78KIRx-"" shows a J♠, J♦.",2026-10-02T21:06:00.262Z,179097516026201
"""rowan @ GthBpPSqaK"" shows a 4♦, J♣.",2026-10-02T21:06:00.262Z,179097516026200
"""rowan @ GthBpPSqaK"" checks",2026-10-02T21:05:59.422Z,179097515942200
"""jaaaaaaan @ O6Q78KIRx-"" checks",2026-10-02T21:05:54.426Z,179097515442600
"River: 3♣, 2♦, 6♦, 8♦ [10♦]",2026-10-02T21:05:44.636Z,179097514463600
"""rowan @ GthBpPSqaK"" calls 3.75",2026-10-02T21:05:43.776Z,179097514377600
"""jaaaaaaan @ O6Q78KIRx-"" bets 3.75",2026-10-02T21:05:42.733Z,179097514273300
"Turn: 3♣, 2♦, 6♦ [8♦]",2026-10-02T21:05:37.943Z,179097513794300
"""rowan @ GthBpPSqaK"" calls 2.25",2026-10-02T21:05:37.103Z,179097513710300
"""jaaaaaaan @ O6Q78KIRx-"" bets 2.25",2026-10-02T21:05:36.208Z,179097513620800
"Flop:  [3♣, 2♦, 6♦]",2026-10-02T21:05:31.834Z,179097513183400
"""rowan @ GthBpPSqaK"" calls 1.50",2026-10-02T21:05:31.030Z,179097513103000
"""jaaaaaaan @ O6Q78KIRx-"" raises to 1.50",2026-10-02T21:05:30.043Z,179097513004300
"""rowan @ GthBpPSqaK"" calls 0.50",2026-10-02T21:05:26.857Z,179097512685700
"""jaaaaaaan @ O6Q78KIRx-"" posts a big blind of 0.50",2026-10-02T21:05:25.130Z,179097512513005
"""rowan @ GthBpPSqaK"" posts a small blind of 0.25",2026-10-02T21:05:25.130Z,179097512513004
"Player stacks: #2 ""rowan @ GthBpPSqaK"" (126.59) | #5 ""jaaaaaaan @ O6Q78KIRx-"" (159.57)",2026-10-02T21:05:25.130Z,179097512513001
"-- starting hand #297 (id: 1ydpuumegqti)  No Limit Texas Hold'em (dealer: ""rowan @ GthBpPSqaK"") --",2026-10-02T21:05:25.130Z,179097512513000
"""rowan @ GthBpPSqaK"" shows a 3♥, K♦.",2026-10-02T21:05:21.223Z,179097512122300
"""jaaaaaaan @ O6Q78KIRx-"" shows a 10♠, K♣.",2026-10-02T21:05:19.353Z,179097511935300
"-- ending hand #296 --",2026-10-02T21:05:17.804Z,179097511780402
"""jaaaaaaan @ O6Q78KIRx-"" collected 4.00 from pot",2026-10-02T21:05:17.804Z,179097511780401
"Uncalled bet of 3.00 returned to ""jaaaaaaan @ O6Q78KIRx-""",2026-10-02T21:05:17.804Z,179097511780400
"""rowan @ GthBpPSqaK"" folds",2026-10-02T21:05:16.953Z,179097511695300
"""jaaaaaaan @ O6Q78KIRx-"" bets 3.00",2026-10-02T21:05:16.047Z,179097511604700
"""rowan @ GthBpPSqaK"" checks",2026-10-02T21:05:13.455Z,179097511345500
"Flop:  [7♦, 9♣, 8♥]",2026-10-02T21:05:12.737Z,179097511273700
"""rowan @ GthBpPSqaK"" calls 2.00",2026-10-02T21:05:11.920Z,179097511192000
"""jaaaaaaan @ O6Q78KIRx-"" raises to 2.00",2026-10-02T21:05:10.833Z,179097511083300
"""rowan @ GthBpPSqaK"" posts a big blind of 0.50",2026-10-02T21:05:08.804Z,179097510880405
"""jaaaaaaan @ O6Q78KIRx-"" posts a small blind of 0.25",2026-10-02T21:05:08.804Z,179097510880404
"Player stacks: #2 ""rowan @ GthBpPSqaK"" (128.59) | #5 ""jaaaaaaan @ O6Q78KIRx-"" (157.57)",2026-10-02T21:05:08.804Z,179097510880401
"-- starting hand #296 (id: 3wugaatl5og0)  No Limit Texas Hold'em (dealer: ""jaaaaaaan @ O6Q78KIRx-"") --",2026-10-02T21:05:08.804Z,179097510880400
"""jaaaaaaan @ O6Q78KIRx-"" shows a 2♣, J♥.",2026-10-02T21:05:02.391Z,179097510239100
"-- ending hand #295 --",2026-10-02T21:05:02.178Z,179097510217802
"""jaaaaaaan @ O6Q78KIRx-"" collected 3.00 from pot",2026-10-02T21:05:02.178Z,179097510217801
"Uncalled bet of 2.25 returned to ""jaaaaaaan @ O6Q78KIRx-""",2026-10-02T21:05:02.178Z,179097510217800
"""rowan @ GthBpPSqaK"" folds",2026-10-02T21:05:01.287Z,179097510128700
"""jaaaaaaan @ O6Q78KIRx-"" bets 2.25",2026-10-02T21:05:00.069Z,179097510006900
"Turn: 5♠, 6♦, Q♠ [5♦]",2026-10-02T21:04:58.082Z,179097509808200
"""rowan @ GthBpPSqaK"" checks",2026-10-02T21:04:57.273Z,179097509727300
"""jaaaaaaan @ O6Q78KIRx-"" checks",2026-10-02T21:04:56.098Z,179097509609800
"Flop:  [5♠, 6♦, Q♠]",2026-10-02T21:04:55.078Z,179097509507800
"""jaaaaaaan @ O6Q78KIRx-"" calls 1.50",2026-10-02T21:04:54.256Z,179097509425600
"""rowan @ GthBpPSqaK"" raises to 1.50",2026-10-02T21:04:53.366Z,179097509336600
"""jaaaaaaan @ O6Q78KIRx-"" posts a big blind of 0.50",2026-10-02T21:04:51.596Z,179097509159605
"""rowan @ GthBpPSqaK"" posts a small blind of 0.25",2026-10-02T21:04:51.596Z,179097509159604
"Player stacks: #2 ""rowan @ GthBpPSqaK"" (130.09) | #5 ""jaaaaaaan @ O6Q78KIRx-"" (156.07)",2026-10-02T21:04:51.596Z,179097509159601
"-- starting hand #295 (id: mkftlpzu8xz6)  No Limit Texas Hold'em (dealer: ""rowan @ GthBpPSqaK"") --",2026-10-02T21:04:51.596Z,179097509159600
"-- ending hand #294 --",2026-10-02T21:04:45.565Z,179097508556503
"""rowan @ GthBpPSqaK"" collected 4.00 from pot with Pair, 10's (combination: 8♣, Q♦, A♦, 10♦, 10♣)",2026-10-02T21:04:45.565Z,179097508556502
"""rowan @ GthBpPSqaK"" shows a 6♦, 8♣.",2026-10-02T21:04:45.565Z,179097508556501
"""jaaaaaaan @ O6Q78KIRx-"" shows a 7♥, 6♥.",2026-10-02T21:04:45.565Z,179097508556500
"""jaaaaaaan @ O6Q78KIRx-"" checks",2026-10-02T21:04:44.686Z,179097508468600
"""rowan @ GthBpPSqaK"" checks",2026-10-02T21:04:43.826Z,179097508382600
"River: 10♦, 10♣, A♦, Q♦ [5♥]",2026-10-02T21:04:43.361Z,179097508336100
"""jaaaaaaan @ O6Q78KIRx-"" checks",2026-10-02T21:04:42.482Z,179097508248200
"""rowan @ GthBpPSqaK"" checks",2026-10-02T21:04:41.537Z,179097508153700
"Turn: 10♦, 10♣, A♦ [Q♦]",2026-10-02T21:04:41.181Z,179097508118100
"""jaaaaaaan @ O6Q78KIRx-"" checks",2026-10-02T21:04:40.376Z,179097508037600
"""rowan @ GthBpPSqaK"" checks",2026-10-02T21:04:39.452Z,179097507945200
"Flop:  [10♦, 10♣, A♦]",2026-10-02T21:04:38.649Z,179097507864900
"""rowan @ GthBpPSqaK"" calls 2.00",2026-10-02T21:04:37.842Z,179097507784200
"""jaaaaaaan @ O6Q78KIRx-"" raises to 2.00",2026-10-02T21:04:35.504Z,179097507550400
"""rowan @ GthBpPSqaK"" posts a big blind of 0.50",2026-10-02T21:04:33.401Z,179097507340105
"""jaaaaaaan @ O6Q78KIRx-"" posts a small blind of 0.25",2026-10-02T21:04:33.401Z,179097507340104
"Player stacks: #2 ""rowan @ GthBpPSqaK"" (128.09) | #5 ""jaaaaaaan @ O6Q78KIRx-"" (158.07)",2026-10-02T21:04:33.401Z,179097507340101
"-- starting hand #294 (id: ghbcypz7pto0)  No Limit Texas Hold'em (dealer: ""jaaaaaaan @ O6Q78KIRx-"") --",2026-10-02T21:04:33.401Z,179097507340100
"-- ending hand #293 --",2026-10-02T21:04:27.397Z,179097506739703
"""jaaaaaaan @ O6Q78KIRx-"" collected 10.00 from pot with Pair, J's (combination: 10♦, K♥, A♥, J♥, J♠)",2026-10-02T21:04:27.397Z,179097506739702
"""jaaaaaaan @ O6Q78KIRx-"" shows a 10♦, 9♠.",2026-10-02T21:04:27.397Z,179097506739701
"""rowan @ GthBpPSqaK"" shows a 8♦, 7♣.",2026-10-02T21:04:27.397Z,179097506739700
"""jaaaaaaan @ O6Q78KIRx-"" calls 2.50",2026-10-02T21:04:26.578Z,179097506657800
"""rowan @ GthBpPSqaK"" bets 2.50",2026-10-02T21:04:25.667Z,179097506566700
"""jaaaaaaan @ O6Q78KIRx-"" checks",2026-10-02T21:04:23.223Z,179097506322300
"River: K♥, A♥, J♥, 5♠ [J♠]",2026-10-02T21:04:22.634Z,179097506263400
"""jaaaaaaan @ O6Q78KIRx-"" calls 0.50",2026-10-02T21:04:21.802Z,179097506180200
"""rowan @ GthBpPSqaK"" bets 0.50",2026-10-02T21:04:20.964Z,179097506096400
"""jaaaaaaan @ O6Q78KIRx-"" checks",2026-10-02T21:04:19.757Z,179097505975700
"Turn: K♥, A♥, J♥ [5♠]",2026-10-02T21:04:19.135Z,179097505913500
"""jaaaaaaan @ O6Q78KIRx-"" calls 0.50",2026-10-02T21:04:18.295Z,179097505829500
"""rowan @ GthBpPSqaK"" bets 0.50",2026-10-02T21:04:17.386Z,179097505738600
"""jaaaaaaan @ O6Q78KIRx-"" checks",2026-10-02T21:04:15.063Z,179097505506300
"Flop:  [K♥, A♥, J♥]",2026-10-02T21:04:14.132Z,179097505413200
"""jaaaaaaan @ O6Q78KIRx-"" calls 1.50",2026-10-02T21:04:13.254Z,179097505325400
"""rowan @ GthBpPSqaK"" raises to 1.50",2026-10-02T21:04:12.406Z,179097505240600
"""jaaaaaaan @ O6Q78KIRx-"" posts a big blind of 0.50",2026-10-02T21:04:10.963Z,179097505096305
"""rowan @ GthBpPSqaK"" posts a small blind of 0.25",2026-10-02T21:04:10.963Z,179097505096304
"Player stacks: #2 ""rowan @ GthBpPSqaK"" (133.09) | #5 ""jaaaaaaan @ O6Q78KIRx-"" (153.07)",2026-10-02T21:04:10.963Z,179097505096301
"-- starting hand #293 (id: thlcsj88lybg)  No Limit Texas Hold'em (dealer: ""rowan @ GthBpPSqaK"") --",2026-10-02T21:04:10.963Z,179097505096300
"""jaaaaaaan @ O6Q78KIRx-"" shows a K♥, 2♠.",2026-10-02T21:04:04.524Z,179097504452400
"-- ending hand #292 --",2026-10-02T21:04:04.328Z,179097504432802
"""jaaaaaaan @ O6Q78KIRx-"" collected 1.00 from pot",2026-10-02T21:04:04.328Z,179097504432801
"Uncalled bet of 0.50 returned to ""jaaaaaaan @ O6Q78KIRx-""",2026-10-02T21:04:04.328Z,179097504432800
"""rowan @ GthBpPSqaK"" folds",2026-10-02T21:04:03.470Z,179097504347000
"""jaaaaaaan @ O6Q78KIRx-"" bets 0.50",2026-10-02T21:04:02.610Z,179097504261000
"""rowan @ GthBpPSqaK"" checks",2026-10-02T21:04:00.066Z,179097504006600
"Flop:  [9♦, K♣, K♠]",2026-10-02T21:03:59.200Z,179097503920000
"""rowan @ GthBpPSqaK"" checks",2026-10-02T21:03:58.351Z,179097503835100
"""jaaaaaaan @ O6Q78KIRx-"" calls 0.50",2026-10-02T21:03:57.498Z,179097503749800
"""rowan @ GthBpPSqaK"" posts a big blind of 0.50",2026-10-02T21:03:56.628Z,179097503662805
"""jaaaaaaan @ O6Q78KIRx-"" posts a small blind of 0.25",2026-10-02T21:03:56.628Z,179097503662804
"Player stacks: #2 ""rowan @ GthBpPSqaK"" (133.59) | #5 ""jaaaaaaan @ O6Q78KIRx-"" (152.57)",2026-10-02T21:03:56.628Z,179097503662801
"-- starting hand #292 (id: iyf59k3ba5de)  No Limit Texas Hold'em (dealer: ""jaaaaaaan @ O6Q78KIRx-"") --",2026-10-02T21:03:56.628Z,179097503662800
"""jaaaaaaan @ O6Q78KIRx-"" shows a Q♣, J♥.",2026-10-02T21:03:51.932Z,179097503193200
"-- ending hand #291 --",2026-10-02T21:03:49.997Z,179097502999702
"""jaaaaaaan @ O6Q78KIRx-"" collected 4.00 from pot",2026-10-02T21:03:49.997Z,179097502999701
"Uncalled bet of 3.00 returned to ""jaaaaaaan @ O6Q78KIRx-""",2026-10-02T21:03:49.997Z,179097502999700
"""rowan @ GthBpPSqaK"" folds",2026-10-02T21:03:49.130Z,179097502913000
"""jaaaaaaan @ O6Q78KIRx-"" bets 3.00",2026-10-02T21:03:48.184Z,179097502818400
"Flop:  [2♣, 9♠, A♣]",2026-10-02T21:03:44.474Z,179097502447400
"""rowan @ GthBpPSqaK"" calls 2.00",2026-10-02T21:03:43.643Z,179097502364300
"""jaaaaaaan @ O6Q78KIRx-"" raises to 2.00",2026-10-02T21:03:42.724Z,179097502272400
"""rowan @ GthBpPSqaK"" calls 0.50",2026-10-02T21:03:39.852Z,179097501985200
"""jaaaaaaan @ O6Q78KIRx-"" posts a big blind of 0.50",2026-10-02T21:03:38.694Z,179097501869405
"""rowan @ GthBpPSqaK"" posts a small blind of 0.25",2026-10-02T21:03:38.694Z,179097501869404
"Player stacks: #2 ""rowan @ GthBpPSqaK"" (135.59) | #5 ""jaaaaaaan @ O6Q78KIRx-"" (150.57)",2026-10-02T21:03:38.694Z,179097501869401
"-- starting hand #291 (id: dwujj9dzyyjj)  No Limit Texas Hold'em (dealer: ""rowan @ GthBpPSqaK"") --",2026-10-02T21:03:38.694Z,179097501869400
"""jaaaaaaan @ O6Q78KIRx-"" shows a 2♠.",2026-10-02T21:03:35.871Z,179097501587100
"-- ending hand #290 --",2026-10-02T21:03:35.071Z,179097501507102
"""jaaaaaaan @ O6Q78KIRx-"" collected 1.00 from pot",2026-10-02T21:03:35.071Z,179097501507101
"Uncalled bet of 1.00 returned to ""jaaaaaaan @ O6Q78KIRx-""",2026-10-02T21:03:35.071Z,179097501507100
"""rowan @ GthBpPSqaK"" folds",2026-10-02T21:03:34.259Z,179097501425900
"""jaaaaaaan @ O6Q78KIRx-"" bets 1.00",2026-10-02T21:03:32.303Z,179097501230300
"""rowan @ GthBpPSqaK"" checks",2026-10-02T21:03:30.309Z,179097501030900
"River: J♥, A♣, 10♥, K♥ [2♥]",2026-10-02T21:03:29.660Z,179097500966000
"""jaaaaaaan @ O6Q78KIRx-"" checks",2026-10-02T21:03:28.803Z,179097500880300
"""rowan @ GthBpPSqaK"" checks",2026-10-02T21:03:27.903Z,179097500790300
"Turn: J♥, A♣, 10♥ [K♥]",2026-10-02T21:03:27.662Z,179097500766200
"""jaaaaaaan @ O6Q78KIRx-"" checks",2026-10-02T21:03:26.799Z,179097500679900
"""rowan @ GthBpPSqaK"" checks",2026-10-02T21:03:25.892Z,179097500589200
"Flop:  [J♥, A♣, 10♥]",2026-10-02T21:03:25.060Z,179097500506000
"""rowan @ GthBpPSqaK"" checks",2026-10-02T21:03:24.191Z,179097500419100
"""jaaaaaaan @ O6Q78KIRx-"" calls 0.50",2026-10-02T21:03:23.287Z,179097500328700
"""rowan @ GthBpPSqaK"" posts a big blind of 0.50",2026-10-02T21:03:21.972Z,179097500197205
"""jaaaaaaan @ O6Q78KIRx-"" posts a small blind of 0.25",2026-10-02T21:03:21.972Z,179097500197204
"Player stacks: #2 ""rowan @ GthBpPSqaK"" (136.09) | #5 ""jaaaaaaan @ O6Q78KIRx-"" (150.07)",2026-10-02T21:03:21.972Z,179097500197201
"-- starting hand #290 (id: m5vfknkctxyq)  No Limit Texas Hold'em (dealer: ""jaaaaaaan @ O6Q78KIRx-"") --",2026-10-02T21:03:21.972Z,179097500197200
"""rowan @ GthBpPSqaK"" shows a 5♥, J♣.",2026-10-02T21:03:17.243Z,179097499724300
"-- ending hand #289 --",2026-10-02T21:03:15.350Z,179097499535002
"""jaaaaaaan @ O6Q78KIRx-"" collected 0.50 from pot",2026-10-02T21:03:15.350Z,179097499535001
"Uncalled bet of 0.25 returned to ""jaaaaaaan @ O6Q78KIRx-""",2026-10-02T21:03:15.350Z,179097499535000
"""rowan @ GthBpPSqaK"" folds",2026-10-02T21:03:14.492Z,179097499449200
"""jaaaaaaan @ O6Q78KIRx-"" posts a big blind of 0.50",2026-10-02T21:03:13.354Z,179097499335405
"""rowan @ GthBpPSqaK"" posts a small blind of 0.25",2026-10-02T21:03:13.354Z,179097499335404
"Player stacks: #2 ""rowan @ GthBpPSqaK"" (136.34) | #5 ""jaaaaaaan @ O6Q78KIRx-"" (149.82)",2026-10-02T21:03:13.354Z,179097499335401
"-- starting hand #289 (id: m9x36m422opn)  No Limit Texas Hold'em (dealer: ""rowan @ GthBpPSqaK"") --",2026-10-02T21:03:13.354Z,179097499335400
"-- ending hand #288 --",2026-10-02T21:03:07.347Z,179097498734703
"""rowan @ GthBpPSqaK"" collected 4.00 from pot with A High (combination: 5♥, 7♣, J♠, K♠, A♠)",2026-10-02T21:03:07.347Z,179097498734702
"""rowan @ GthBpPSqaK"" shows a J♠, 7♣.",2026-10-02T21:03:07.347Z,179097498734701
"""jaaaaaaan @ O6Q78KIRx-"" shows a 7♥, 8♥.",2026-10-02T21:03:07.347Z,179097498734700
"""jaaaaaaan @ O6Q78KIRx-"" checks",2026-10-02T21:03:06.471Z,179097498647100
"""rowan @ GthBpPSqaK"" checks",2026-10-02T21:03:05.607Z,179097498560700
"River: K♠, 5♥, A♠, 2♦ [4♣]",2026-10-02T21:03:05.451Z,179097498545100
"""jaaaaaaan @ O6Q78KIRx-"" checks",2026-10-02T21:03:04.644Z,179097498464400
"""rowan @ GthBpPSqaK"" checks",2026-10-02T21:03:03.774Z,179097498377400
"Turn: K♠, 5♥, A♠ [2♦]",2026-10-02T21:03:03.333Z,179097498333300
"""jaaaaaaan @ O6Q78KIRx-"" checks",2026-10-02T21:03:02.522Z,179097498252200
"""rowan @ GthBpPSqaK"" checks",2026-10-02T21:03:01.541Z,179097498154100
"Flop:  [K♠, 5♥, A♠]",2026-10-02T21:03:00.944Z,179097498094400
"""rowan @ GthBpPSqaK"" calls 2.00",2026-10-02T21:03:00.139Z,179097498013900
"""jaaaaaaan @ O6Q78KIRx-"" raises to 2.00",2026-10-02T21:02:58.845Z,179097497884500
"""rowan @ GthBpPSqaK"" posts a big blind of 0.50",2026-10-02T21:02:56.494Z,179097497649405
"""jaaaaaaan @ O6Q78KIRx-"" posts a small blind of 0.25",2026-10-02T21:02:56.494Z,179097497649404
"Player stacks: #2 ""rowan @ GthBpPSqaK"" (134.34) | #5 ""jaaaaaaan @ O6Q78KIRx-"" (151.82)",2026-10-02T21:02:56.494Z,179097497649401
"-- starting hand #288 (id: gafxyupcfrsh)  No Limit Texas Hold'em (dealer: ""jaaaaaaan @ O6Q78KIRx-"") --",2026-10-02T21:02:56.494Z,179097497649400
"-- ending hand #287 --",2026-10-02T21:02:50.488Z,179097497048803
"""jaaaaaaan @ O6Q78KIRx-"" collected 18.00 from pot with Pair, 7's (combination: 10♠, K♠, A♣, 7♦, 7♣)",2026-10-02T21:02:50.488Z,179097497048802
"""jaaaaaaan @ O6Q78KIRx-"" shows a A♣, 10♠.",2026-10-02T21:02:50.488Z,179097497048801
"""rowan @ GthBpPSqaK"" shows a 8♣, 9♣.",2026-10-02T21:02:50.488Z,179097497048800
"""rowan @ GthBpPSqaK"" checks",2026-10-02T21:02:49.674Z,179097496967400
"""jaaaaaaan @ O6Q78KIRx-"" checks",2026-10-02T21:02:36.635Z,179097495663500
"River: 2♣, 7♦, 7♣, K♠ [3♦]",2026-10-02T21:02:35.386Z,179097495538600
"""rowan @ GthBpPSqaK"" checks",2026-10-02T21:02:34.555Z,179097495455500
"""jaaaaaaan @ O6Q78KIRx-"" checks",2026-10-02T21:02:33.049Z,179097495304900
"Turn: 2♣, 7♦, 7♣ [K♠]",2026-10-02T21:02:31.981Z,179097495198100
"""jaaaaaaan @ O6Q78KIRx-"" calls 4.50",2026-10-02T21:02:31.161Z,179097495116100
"""rowan @ GthBpPSqaK"" bets 4.50",2026-10-02T21:02:29.531Z,179097494953100
"""jaaaaaaan @ O6Q78KIRx-"" checks",2026-10-02T21:02:27.406Z,179097494740600
"Flop:  [2♣, 7♦, 7♣]",2026-10-02T21:02:23.176Z,179097494317600
"""rowan @ GthBpPSqaK"" calls 4.50",2026-10-02T21:02:22.287Z,179097494228700
"""jaaaaaaan @ O6Q78KIRx-"" raises to 4.50",2026-10-02T21:02:21.447Z,179097494144700
"""rowan @ GthBpPSqaK"" raises to 1.50",2026-10-02T21:02:19.541Z,179097493954100
"""jaaaaaaan @ O6Q78KIRx-"" posts a big blind of 0.50",2026-10-02T21:02:17.838Z,179097493783805
"""rowan @ GthBpPSqaK"" posts a small blind of 0.25",2026-10-02T21:02:17.838Z,179097493783804
"Player stacks: #2 ""rowan @ GthBpPSqaK"" (143.34) | #5 ""jaaaaaaan @ O6Q78KIRx-"" (142.82)",2026-10-02T21:02:17.838Z,179097493783801
"-- starting hand #287 (id: kt8e6gw7wc6v)  No Limit Texas Hold'em (dealer: ""rowan @ GthBpPSqaK"") --",2026-10-02T21:02:17.838Z,179097493783800
"""rowan @ GthBpPSqaK"" shows a 6♥, 6♦.",2026-10-02T21:02:12.842Z,179097493284200
"""jaaaaaaan @ O6Q78KIRx-"" shows a K♠, 8♣.",2026-10-02T21:02:10.782Z,179097493078200
"-- ending hand #286 --",2026-10-02T21:02:10.527Z,179097493052702
"""jaaaaaaan @ O6Q78KIRx-"" collected 10.00 from pot",2026-10-02T21:02:10.527Z,179097493052701
"Uncalled bet of 7.50 returned to ""jaaaaaaan @ O6Q78KIRx-""",2026-10-02T21:02:10.527Z,179097493052700
"""rowan @ GthBpPSqaK"" folds",2026-10-02T21:02:09.703Z,179097492970300
"""jaaaaaaan @ O6Q78KIRx-"" bets 7.50",2026-10-02T21:02:08.588Z,179097492858800
"""rowan @ GthBpPSqaK"" checks",2026-10-02T21:02:05.966Z,179097492596600
"Turn: Q♥, 4♠, J♦ [K♣]",2026-10-02T21:02:05.526Z,179097492552600
"""rowan @ GthBpPSqaK"" calls 3.00",2026-10-02T21:02:04.657Z,179097492465700
"""jaaaaaaan @ O6Q78KIRx-"" bets 3.00",2026-10-02T21:02:03.805Z,179097492380500
"""rowan @ GthBpPSqaK"" checks",2026-10-02T21:02:00.210Z,179097492021000
"Flop:  [Q♥, 4♠, J♦]",2026-10-02T21:01:59.051Z,179097491905100
"""rowan @ GthBpPSqaK"" calls 2.00",2026-10-02T21:01:58.196Z,179097491819600
"""jaaaaaaan @ O6Q78KIRx-"" raises to 2.00",2026-10-02T21:01:57.074Z,179097491707400
"""rowan @ GthBpPSqaK"" posts a big blind of 0.50",2026-10-02T21:01:54.939Z,179097491493905
"""jaaaaaaan @ O6Q78KIRx-"" posts a small blind of 0.25",2026-10-02T21:01:54.939Z,179097491493904
"Player stacks: #2 ""rowan @ GthBpPSqaK"" (148.34) | #5 ""jaaaaaaan @ O6Q78KIRx-"" (137.82)",2026-10-02T21:01:54.939Z,179097491493901
"-- starting hand #286 (id: sgugpdrm3nk2)  No Limit Texas Hold'em (dealer: ""jaaaaaaan @ O6Q78KIRx-"") --",2026-10-02T21:01:54.939Z,179097491493900
"-- ending hand #285 --",2026-10-02T21:01:48.987Z,179097490898702
"""rowan @ GthBpPSqaK"" collected 3.00 from pot",2026-10-02T21:01:48.987Z,179097490898701
"Uncalled bet of 1.50 returned to ""rowan @ GthBpPSqaK""",2026-10-02T21:01:48.987Z,179097490898700
"""jaaaaaaan @ O6Q78KIRx-"" folds",2026-10-02T21:01:48.161Z,179097490816100
"""rowan @ GthBpPSqaK"" bets 1.50",2026-10-02T21:01:47.324Z,179097490732400
"""jaaaaaaan @ O6Q78KIRx-"" checks",2026-10-02T21:01:44.586Z,179097490458600
"Flop:  [2♥, J♠, 9♦]",2026-10-02T21:01:43.261Z,179097490326100
"""jaaaaaaan @ O6Q78KIRx-"" calls 1.50",2026-10-02T21:01:42.439Z,179097490243900
"""rowan @ GthBpPSqaK"" raises to 1.50",2026-10-02T21:01:41.170Z,179097490117000
"""jaaaaaaan @ O6Q78KIRx-"" posts a big blind of 0.50",2026-10-02T21:01:38.282Z,179097489828205
"""rowan @ GthBpPSqaK"" posts a small blind of 0.25",2026-10-02T21:01:38.282Z,179097489828204
"Player stacks: #2 ""rowan @ GthBpPSqaK"" (146.84) | #5 ""jaaaaaaan @ O6Q78KIRx-"" (139.32)",2026-10-02T21:01:38.282Z,179097489828201
"-- starting hand #285 (id: m0z7ixwezjlk)  No Limit Texas Hold'em (dealer: ""rowan @ GthBpPSqaK"") --",2026-10-02T21:01:38.282Z,179097489828200
"""rowan @ GthBpPSqaK"" shows a Q♦, 3♠.",2026-10-02T21:01:31.786Z,179097489178600
"-- ending hand #284 --",2026-10-02T21:01:31.657Z,179097489165702
"""jaaaaaaan @ O6Q78KIRx-"" collected 1.00 from pot",2026-10-02T21:01:31.657Z,179097489165701
"Uncalled bet of 1.00 returned to ""jaaaaaaan @ O6Q78KIRx-""",2026-10-02T21:01:31.657Z,179097489165700
"""rowan @ GthBpPSqaK"" folds",2026-10-02T21:01:30.825Z,179097489082500
"""jaaaaaaan @ O6Q78KIRx-"" raises to 1.50",2026-10-02T21:01:29.948Z,179097488994800
"""rowan @ GthBpPSqaK"" posts a big blind of 0.50",2026-10-02T21:01:26.850Z,179097488685005
"""jaaaaaaan @ O6Q78KIRx-"" posts a small blind of 0.25",2026-10-02T21:01:26.850Z,179097488685004
"Player stacks: #2 ""rowan @ GthBpPSqaK"" (147.34) | #5 ""jaaaaaaan @ O6Q78KIRx-"" (138.82)",2026-10-02T21:01:26.850Z,179097488685001
"-- starting hand #284 (id: felr5ox1awaj)  No Limit Texas Hold'em (dealer: ""jaaaaaaan @ O6Q78KIRx-"") --",2026-10-02T21:01:26.850Z,179097488685000
"""jaaaaaaan @ O6Q78KIRx-"" shows a J♥, 7♦.",2026-10-02T21:01:22.700Z,179097488270000
"""rowan @ GthBpPSqaK"" shows a J♦, 2♠.",2026-10-02T21:01:20.775Z,179097488077500
"-- ending hand #283 --",2026-10-02T21:01:19.542Z,179097487954202
"""jaaaaaaan @ O6Q78KIRx-"" collected 0.50 from pot",2026-10-02T21:01:19.542Z,179097487954201
"Uncalled bet of 0.25 returned to ""jaaaaaaan @ O6Q78KIRx-""",2026-10-02T21:01:19.542Z,179097487954200
"""rowan @ GthBpPSqaK"" folds",2026-10-02T21:01:18.733Z,179097487873300
"""jaaaaaaan @ O6Q78KIRx-"" posts a big blind of 0.50",2026-10-02T21:01:17.701Z,179097487770105
"""rowan @ GthBpPSqaK"" posts a small blind of 0.25",2026-10-02T21:01:17.701Z,179097487770104
"Player stacks: #2 ""rowan @ GthBpPSqaK"" (147.59) | #5 ""jaaaaaaan @ O6Q78KIRx-"" (138.57)",2026-10-02T21:01:17.701Z,179097487770101
"-- starting hand #283 (id: qmqdaewmabfo)  No Limit Texas Hold'em (dealer: ""rowan @ GthBpPSqaK"") --",2026-10-02T21:01:17.701Z,179097487770100
"-- ending hand #282 --",2026-10-02T21:01:11.770Z,179097487177002
"""jaaaaaaan @ O6Q78KIRx-"" collected 1.00 from pot",2026-10-02T21:01:11.770Z,179097487177001
"Uncalled bet of 1.00 returned to ""jaaaaaaan @ O6Q78KIRx-""",2026-10-02T21:01:11.770Z,179097487177000
"""rowan @ GthBpPSqaK"" folds",2026-10-02T21:01:10.966Z,179097487096600
"""jaaaaaaan @ O6Q78KIRx-"" bets 1.00",2026-10-02T21:01:09.639Z,179097486963900
"""rowan @ GthBpPSqaK"" checks",2026-10-02T21:01:07.324Z,179097486732400
"Turn: 6♣, Q♦, 4♣ [4♦]",2026-10-02T21:01:05.358Z,179097486535800
"""jaaaaaaan @ O6Q78KIRx-"" checks",2026-10-02T21:01:04.536Z,179097486453600
"""rowan @ GthBpPSqaK"" checks",2026-10-02T21:01:03.083Z,179097486308300
"Flop:  [6♣, Q♦, 4♣]",2026-10-02T21:01:02.047Z,179097486204700
"""rowan @ GthBpPSqaK"" checks",2026-10-02T21:01:01.118Z,179097486111800
"""jaaaaaaan @ O6Q78KIRx-"" calls 0.50",2026-10-02T21:01:00.091Z,179097486009100
"""rowan @ GthBpPSqaK"" posts a big blind of 0.50",2026-10-02T21:00:59.219Z,179097485921905
"""jaaaaaaan @ O6Q78KIRx-"" posts a small blind of 0.25",2026-10-02T21:00:59.219Z,179097485921904
"Player stacks: #2 ""rowan @ GthBpPSqaK"" (148.09) | #5 ""jaaaaaaan @ O6Q78KIRx-"" (138.07)",2026-10-02T21:00:59.219Z,179097485921901
"-- starting hand #282 (id: jim6h2ohjzw6)  No Limit Texas Hold'em (dealer: ""jaaaaaaan @ O6Q78KIRx-"") --",2026-10-02T21:00:59.219Z,179097485921900
"-- ending hand #281 --",2026-10-02T21:00:53.295Z,179097485329502
"""rowan @ GthBpPSqaK"" collected 5.00 from pot",2026-10-02T21:00:53.295Z,179097485329501
"Uncalled bet of 2.50 returned to ""rowan @ GthBpPSqaK""",2026-10-02T21:00:53.295Z,179097485329500
"""jaaaaaaan @ O6Q78KIRx-"" folds",2026-10-02T21:00:52.385Z,179097485238500
"""rowan @ GthBpPSqaK"" bets 2.50",2026-10-02T21:00:51.512Z,179097485151200
"""jaaaaaaan @ O6Q78KIRx-"" checks",2026-10-02T21:00:49.330Z,179097484933000
"Turn: A♣, 6♦, 8♦ [5♥]",2026-10-02T21:00:48.294Z,179097484829400
"""jaaaaaaan @ O6Q78KIRx-"" calls 1.00",2026-10-02T21:00:47.404Z,179097484740400
"""rowan @ GthBpPSqaK"" bets 1.00",2026-10-02T21:00:45.836Z,179097484583600
"""jaaaaaaan @ O6Q78KIRx-"" checks",2026-10-02T21:00:43.313Z,179097484331300
"Flop:  [A♣, 6♦, 8♦]",2026-10-02T21:00:42.295Z,179097484229500
"""jaaaaaaan @ O6Q78KIRx-"" calls 1.50",2026-10-02T21:00:41.457Z,179097484145700
"""rowan @ GthBpPSqaK"" raises to 1.50",2026-10-02T21:00:40.337Z,179097484033700
"""jaaaaaaan @ O6Q78KIRx-"" posts a big blind of 0.50",2026-10-02T21:00:38.492Z,179097483849205
"""rowan @ GthBpPSqaK"" posts a small blind of 0.25",2026-10-02T21:00:38.492Z,179097483849204
"Player stacks: #2 ""rowan @ GthBpPSqaK"" (145.59) | #5 ""jaaaaaaan @ O6Q78KIRx-"" (140.57)",2026-10-02T21:00:38.492Z,179097483849201
"-- starting hand #281 (id: rdowycqkpohj)  No Limit Texas Hold'em (dealer: ""rowan @ GthBpPSqaK"") --",2026-10-02T21:00:38.492Z,179097483849200
"""rowan @ GthBpPSqaK"" shows a 8♦, 3♦.",2026-10-02T21:00:33.075Z,179097483307500
"""jaaaaaaan @ O6Q78KIRx-"" shows a 8♣, 9♥.",2026-10-02T21:00:32.582Z,179097483258200
"-- ending hand #280 --",2026-10-02T21:00:31.151Z,179097483115102
"""jaaaaaaan @ O6Q78KIRx-"" collected 1.00 from pot",2026-10-02T21:00:31.151Z,179097483115101
"Uncalled bet of 1.00 returned to ""jaaaaaaan @ O6Q78KIRx-""",2026-10-02T21:00:31.151Z,179097483115100
"""rowan @ GthBpPSqaK"" folds",2026-10-02T21:00:30.339Z,179097483033900
"""jaaaaaaan @ O6Q78KIRx-"" bets 1.00",2026-10-02T21:00:28.658Z,179097482865800
"""rowan @ GthBpPSqaK"" checks",2026-10-02T21:00:26.193Z,179097482619300
"Flop:  [6♣, 7♠, 2♠]",2026-10-02T21:00:25.279Z,179097482527900
"""rowan @ GthBpPSqaK"" checks",2026-10-02T21:00:24.443Z,179097482444300
"""jaaaaaaan @ O6Q78KIRx-"" calls 0.50",2026-10-02T21:00:23.489Z,179097482348900
"""rowan @ GthBpPSqaK"" posts a big blind of 0.50",2026-10-02T21:00:22.684Z,179097482268405
"""jaaaaaaan @ O6Q78KIRx-"" posts a small blind of 0.25",2026-10-02T21:00:22.684Z,179097482268404
"Player stacks: #2 ""rowan @ GthBpPSqaK"" (146.09) | #5 ""jaaaaaaan @ O6Q78KIRx-"" (140.07)",2026-10-02T21:00:22.684Z,179097482268401
"-- starting hand #280 (id: fvjoibgicsle)  No Limit Texas Hold'em (dealer: ""jaaaaaaan @ O6Q78KIRx-"") --",2026-10-02T21:00:22.684Z,179097482268400
"""rowan @ GthBpPSqaK"" shows a A♣, 9♣.",2026-10-02T21:00:17.587Z,179097481758700
"-- ending hand #279 --",2026-10-02T21:00:16.138Z,179097481613802
"""jaaaaaaan @ O6Q78KIRx-"" collected 18.00 from pot with Two Pair, 10's & 2's (combination: Q♠, 2♣, 2♥, 10♣, 10♠)",2026-10-02T21:00:16.138Z,179097481613801
"""jaaaaaaan @ O6Q78KIRx-"" shows a Q♠, 10♣.",2026-10-02T21:00:16.138Z,179097481613800
"""rowan @ GthBpPSqaK"" calls 6.00",2026-10-02T21:00:15.278Z,179097481527800
"""jaaaaaaan @ O6Q78KIRx-"" bets 6.00",2026-10-02T21:00:02.828Z,179097480282800
"River: 10♠, 2♣, 8♥, 2♥ [5♠]",2026-10-02T21:00:00.272Z,179097480027200
"""rowan @ GthBpPSqaK"" checks",2026-10-02T20:59:59.413Z,179097479941300
"""jaaaaaaan @ O6Q78KIRx-"" checks",2026-10-02T20:59:56.488Z,179097479648800
"Turn: 10♠, 2♣, 8♥ [2♥]",2026-10-02T20:59:55.516Z,179097479551600
"""jaaaaaaan @ O6Q78KIRx-"" calls 1.50",2026-10-02T20:59:54.663Z,179097479466300
"""rowan @ GthBpPSqaK"" bets 1.50",2026-10-02T20:59:53.084Z,179097479308400
"""jaaaaaaan @ O6Q78KIRx-"" checks",2026-10-02T20:59:48.696Z,179097478869600
"Flop:  [10♠, 2♣, 8♥]",2026-10-02T20:59:47.038Z,179097478703800
"""jaaaaaaan @ O6Q78KIRx-"" calls 1.50",2026-10-02T20:59:46.217Z,179097478621700
"""rowan @ GthBpPSqaK"" raises to 1.50",2026-10-02T20:59:40.062Z,179097478006200
"""jaaaaaaan @ O6Q78KIRx-"" posts a big blind of 0.50",2026-10-02T20:59:37.509Z,179097477750905
"""rowan @ GthBpPSqaK"" posts a small blind of 0.25",2026-10-02T20:59:37.509Z,179097477750904
"Player stacks: #2 ""rowan @ GthBpPSqaK"" (155.09) | #5 ""jaaaaaaan @ O6Q78KIRx-"" (131.07)",2026-10-02T20:59:37.509Z,179097477750901
"-- starting hand #279 (id: 38ysv9rlr0zi)  No Limit Texas Hold'em (dealer: ""rowan @ GthBpPSqaK"") --",2026-10-02T20:59:37.509Z,179097477750900
"-- ending hand #278 --",2026-10-02T20:59:31.489Z,179097477148902
"""rowan @ GthBpPSqaK"" collected 4.00 from pot with Two Pair, 9's & 7's (combination: K♠, 7♠, 7♦, 9♦, 9♣)",2026-10-02T20:59:31.489Z,179097477148901
"""rowan @ GthBpPSqaK"" shows a 5♠, 7♠.",2026-10-02T20:59:31.489Z,179097477148900
"""jaaaaaaan @ O6Q78KIRx-"" calls 0.50",2026-10-02T20:59:30.668Z,179097477066800
"""rowan @ GthBpPSqaK"" bets 0.50",2026-10-02T20:59:29.319Z,179097476931900
"River: K♠, 9♦, 3♦, 9♣ [7♦]",2026-10-02T20:59:27.953Z,179097476795300
"""jaaaaaaan @ O6Q78KIRx-"" checks",2026-10-02T20:59:27.094Z,179097476709400
"""rowan @ GthBpPSqaK"" checks",2026-10-02T20:59:21.099Z,179097476109900
"Turn: K♠, 9♦, 3♦ [9♣]",2026-10-02T20:59:20.071Z,179097476007100
"""jaaaaaaan @ O6Q78KIRx-"" checks",2026-10-02T20:59:19.252Z,179097475925200
"""rowan @ GthBpPSqaK"" checks",2026-10-02T20:59:17.173Z,179097475717300
"Flop:  [K♠, 9♦, 3♦]",2026-10-02T20:59:16.267Z,179097475626700
"""rowan @ GthBpPSqaK"" calls 1.50",2026-10-02T20:59:15.414Z,179097475541400
"""jaaaaaaan @ O6Q78KIRx-"" raises to 1.50",2026-10-02T20:59:14.480Z,179097475448000
"""rowan @ GthBpPSqaK"" posts a big blind of 0.50",2026-10-02T20:59:12.267Z,179097475226705
"""jaaaaaaan @ O6Q78KIRx-"" posts a small blind of 0.25",2026-10-02T20:59:12.267Z,179097475226704
"Player stacks: #2 ""rowan @ GthBpPSqaK"" (153.09) | #5 ""jaaaaaaan @ O6Q78KIRx-"" (133.07)",2026-10-02T20:59:12.267Z,179097475226701
"-- starting hand #278 (id: jh2tawazjnyi)  No Limit Texas Hold'em (dealer: ""jaaaaaaan @ O6Q78KIRx-"") --",2026-10-02T20:59:12.267Z,179097475226700
"""jaaaaaaan @ O6Q78KIRx-"" shows a A♣.",2026-10-02T20:59:07.804Z,179097474780400
"""rowan @ GthBpPSqaK"" shows a 9♥.",2026-10-02T20:59:06.952Z,179097474695200
"""rowan @ GthBpPSqaK"" shows a 6♠.",2026-10-02T20:59:06.629Z,179097474662900
"-- ending hand #277 --",2026-10-02T20:59:04.919Z,179097474491902
"""jaaaaaaan @ O6Q78KIRx-"" collected 5.00 from pot",2026-10-02T20:59:04.919Z,179097474491901
"Uncalled bet of 3.75 returned to ""jaaaaaaan @ O6Q78KIRx-""",2026-10-02T20:59:04.919Z,179097474491900
"""rowan @ GthBpPSqaK"" folds",2026-10-02T20:59:04.094Z,179097474409400
"""jaaaaaaan @ O6Q78KIRx-"" bets 3.75",2026-10-02T20:59:02.316Z,179097474231600
"Turn: 7♣, 6♥, J♥ [3♠]",2026-10-02T20:58:59.268Z,179097473926800
"""rowan @ GthBpPSqaK"" calls 2.00",2026-10-02T20:58:58.385Z,179097473838500
"""jaaaaaaan @ O6Q78KIRx-"" raises to 2.00",2026-10-02T20:58:53.087Z,179097473308700
"""rowan @ GthBpPSqaK"" bets 0.50",2026-10-02T20:58:49.614Z,179097472961400
"""jaaaaaaan @ O6Q78KIRx-"" checks",2026-10-02T20:58:48.418Z,179097472841800
"Flop:  [7♣, 6♥, J♥]",2026-10-02T20:58:45.662Z,179097472566200
"""jaaaaaaan @ O6Q78KIRx-"" checks",2026-10-02T20:58:44.789Z,179097472478900
"""rowan @ GthBpPSqaK"" calls 0.50",2026-10-02T20:58:42.604Z,179097472260400
"""jaaaaaaan @ O6Q78KIRx-"" posts a big blind of 0.50",2026-10-02T20:58:41.172Z,179097472117205
"""rowan @ GthBpPSqaK"" posts a small blind of 0.25",2026-10-02T20:58:41.172Z,179097472117204
"Player stacks: #2 ""rowan @ GthBpPSqaK"" (155.59) | #5 ""jaaaaaaan @ O6Q78KIRx-"" (130.57)",2026-10-02T20:58:41.172Z,179097472117201
"-- starting hand #277 (id: ij6o5g6py53v)  No Limit Texas Hold'em (dealer: ""rowan @ GthBpPSqaK"") --",2026-10-02T20:58:41.172Z,179097472117200
"-- ending hand #276 --",2026-10-02T20:58:35.244Z,179097471524402
"""rowan @ GthBpPSqaK"" collected 13.00 from pot",2026-10-02T20:58:35.244Z,179097471524401
"Uncalled bet of 6.50 returned to ""rowan @ GthBpPSqaK""",2026-10-02T20:58:35.244Z,179097471524400
"""jaaaaaaan @ O6Q78KIRx-"" folds",2026-10-02T20:58:34.376Z,179097471437600
"""rowan @ GthBpPSqaK"" bets 6.50",2026-10-02T20:58:16.375Z,179097469637500
"Flop:  [2♠, A♠, 7♠]",2026-10-02T20:58:13.201Z,179097469320100
"""jaaaaaaan @ O6Q78KIRx-"" calls 6.50",2026-10-02T20:58:12.386Z,179097469238600
"""rowan @ GthBpPSqaK"" raises to 6.50",2026-10-02T20:58:10.468Z,179097469046800
"""jaaaaaaan @ O6Q78KIRx-"" raises to 2.00",2026-10-02T20:58:07.635Z,179097468763500
"""rowan @ GthBpPSqaK"" posts a big blind of 0.50",2026-10-02T20:58:04.922Z,179097468492205
"""jaaaaaaan @ O6Q78KIRx-"" posts a small blind of 0.25",2026-10-02T20:58:04.922Z,179097468492204
"Player stacks: #2 ""rowan @ GthBpPSqaK"" (149.09) | #5 ""jaaaaaaan @ O6Q78KIRx-"" (137.07)",2026-10-02T20:58:04.922Z,179097468492201
"-- starting hand #276 (id: 0vqoqx2euslp)  No Limit Texas Hold'em (dealer: ""jaaaaaaan @ O6Q78KIRx-"") --",2026-10-02T20:58:04.922Z,179097468492200
"""rowan @ GthBpPSqaK"" shows a 2♥, 6♠.",2026-10-02T20:58:01.123Z,179097468112300
"-- ending hand #275 --",2026-10-02T20:57:58.272Z,179097467827202
"""jaaaaaaan @ O6Q78KIRx-"" collected 0.50 from pot",2026-10-02T20:57:58.272Z,179097467827201
"Uncalled bet of 0.25 returned to ""jaaaaaaan @ O6Q78KIRx-""",2026-10-02T20:57:58.272Z,179097467827200
"""rowan @ GthBpPSqaK"" folds",2026-10-02T20:57:57.435Z,179097467743500
"""jaaaaaaan @ O6Q78KIRx-"" posts a big blind of 0.50",2026-10-02T20:57:56.369Z,179097467636905
"""rowan @ GthBpPSqaK"" posts a small blind of 0.25",2026-10-02T20:57:56.369Z,179097467636904
"Player stacks: #2 ""rowan @ GthBpPSqaK"" (149.34) | #5 ""jaaaaaaan @ O6Q78KIRx-"" (136.82)",2026-10-02T20:57:56.369Z,179097467636901
"-- starting hand #275 (id: lz12ms63uk3q)  No Limit Texas Hold'em (dealer: ""rowan @ GthBpPSqaK"") --",2026-10-02T20:57:56.369Z,179097467636900
"""rowan @ GthBpPSqaK"" shows a 7♣, 2♦.",2026-10-02T20:57:51.393Z,179097467139300
"-- ending hand #274 --",2026-10-02T20:57:49.753Z,179097466975302
"""jaaaaaaan @ O6Q78KIRx-"" collected 1.00 from pot",2026-10-02T20:57:49.753Z,179097466975301
"Uncalled bet of 1.50 returned to ""jaaaaaaan @ O6Q78KIRx-""",2026-10-02T20:57:49.753Z,179097466975300
"""rowan @ GthBpPSqaK"" folds",2026-10-02T20:57:48.932Z,179097466893200
"""jaaaaaaan @ O6Q78KIRx-"" raises to 2.00",2026-10-02T20:57:47.494Z,179097466749400
"""rowan @ GthBpPSqaK"" posts a big blind of 0.50",2026-10-02T20:57:43.765Z,179097466376505
"""jaaaaaaan @ O6Q78KIRx-"" posts a small blind of 0.25",2026-10-02T20:57:43.765Z,179097466376504
"Player stacks: #2 ""rowan @ GthBpPSqaK"" (149.84) | #5 ""jaaaaaaan @ O6Q78KIRx-"" (136.32)",2026-10-02T20:57:43.765Z,179097466376501
"-- starting hand #274 (id: nkxmwqox6bax)  No Limit Texas Hold'em (dealer: ""jaaaaaaan @ O6Q78KIRx-"") --",2026-10-02T20:57:43.765Z,179097466376500
"-- ending hand #273 --",2026-10-02T20:57:40.852Z,179097466085202
"""rowan @ GthBpPSqaK"" collected 1.00 from pot",2026-10-02T20:57:40.852Z,179097466085201
"Uncalled bet of 0.50 returned to ""rowan @ GthBpPSqaK""",2026-10-02T20:57:40.852Z,179097466085200
"""jaaaaaaan @ O6Q78KIRx-"" folds",2026-10-02T20:57:39.977Z,179097465997700
"""rowan @ GthBpPSqaK"" bets 0.50",2026-10-02T20:57:39.084Z,179097465908400
"""jaaaaaaan @ O6Q78KIRx-"" checks",2026-10-02T20:57:37.334Z,179097465733400
"River: J♦, Q♠, 7♠, J♣ [5♦]",2026-10-02T20:57:37.147Z,179097465714700
"""rowan @ GthBpPSqaK"" checks",2026-10-02T20:57:36.307Z,179097465630700
"""jaaaaaaan @ O6Q78KIRx-"" checks",2026-10-02T20:57:35.399Z,179097465539900
"Turn: J♦, Q♠, 7♠ [J♣]",2026-10-02T20:57:34.651Z,179097465465100
"""rowan @ GthBpPSqaK"" checks",2026-10-02T20:57:33.813Z,179097465381300
"""jaaaaaaan @ O6Q78KIRx-"" checks",2026-10-02T20:57:32.813Z,179097465281300
"Flop:  [J♦, Q♠, 7♠]",2026-10-02T20:57:31.846Z,179097465184600
"""jaaaaaaan @ O6Q78KIRx-"" checks",2026-10-02T20:57:30.988Z,179097465098800
"""rowan @ GthBpPSqaK"" calls 0.50",2026-10-02T20:57:30.109Z,179097465010900
"""jaaaaaaan @ O6Q78KIRx-"" posts a big blind of 0.50",2026-10-02T20:57:28.950Z,179097464895005
"""rowan @ GthBpPSqaK"" posts a small blind of 0.25",2026-10-02T20:57:28.950Z,179097464895004
"Player stacks: #2 ""rowan @ GthBpPSqaK"" (149.34) | #5 ""jaaaaaaan @ O6Q78KIRx-"" (136.82)",2026-10-02T20:57:28.950Z,179097464895001
"-- starting hand #273 (id: gyalurmpioue)  No Limit Texas Hold'em (dealer: ""rowan @ GthBpPSqaK"") --",2026-10-02T20:57:28.950Z,179097464895000
"-- ending hand #272 --",2026-10-02T20:57:26.046Z,179097464604602
"""jaaaaaaan @ O6Q78KIRx-"" collected 1.00 from pot",2026-10-02T20:57:26.046Z,179097464604601
"Uncalled bet of 1.00 returned to ""jaaaaaaan @ O6Q78KIRx-""",2026-10-02T20:57:26.046Z,179097464604600
"""rowan @ GthBpPSqaK"" folds",2026-10-02T20:57:25.224Z,179097464522400
"""jaaaaaaan @ O6Q78KIRx-"" bets 1.00",2026-10-02T20:57:23.188Z,179097464318800
"""rowan @ GthBpPSqaK"" checks",2026-10-02T20:57:20.830Z,179097464083000
"River: 9♠, 2♦, K♦, 9♣ [Q♥]",2026-10-02T20:57:19.046Z,179097463904600
"""jaaaaaaan @ O6Q78KIRx-"" checks",2026-10-02T20:57:18.237Z,179097463823700
"""rowan @ GthBpPSqaK"" checks",2026-10-02T20:57:16.474Z,179097463647400
"Turn: 9♠, 2♦, K♦ [9♣]",2026-10-02T20:57:15.492Z,179097463549200
"""jaaaaaaan @ O6Q78KIRx-"" checks",2026-10-02T20:57:14.669Z,179097463466900
"""rowan @ GthBpPSqaK"" checks",2026-10-02T20:57:13.757Z,179097463375700
"Flop:  [9♠, 2♦, K♦]",2026-10-02T20:57:12.888Z,179097463288800
"""rowan @ GthBpPSqaK"" checks",2026-10-02T20:57:12.050Z,179097463205000
"""jaaaaaaan @ O6Q78KIRx-"" calls 0.50",2026-10-02T20:57:09.420Z,179097462942000
"""rowan @ GthBpPSqaK"" posts a big blind of 0.50",2026-10-02T20:57:08.505Z,179097462850505
"""jaaaaaaan @ O6Q78KIRx-"" posts a small blind of 0.25",2026-10-02T20:57:08.505Z,179097462850504
"Player stacks: #2 ""rowan @ GthBpPSqaK"" (149.84) | #5 ""jaaaaaaan @ O6Q78KIRx-"" (136.32)",2026-10-02T20:57:08.505Z,179097462850501
"-- starting hand #272 (id: xk0yacrxzpac)  No Limit Texas Hold'em (dealer: ""jaaaaaaan @ O6Q78KIRx-"") --",2026-10-02T20:57:08.505Z,179097462850500
"-- ending hand #271 --",2026-10-02T20:57:05.592Z,179097462559202
"""jaaaaaaan @ O6Q78KIRx-"" collected 7.50 from pot",2026-10-02T20:57:05.592Z,179097462559201
"Uncalled bet of 7.50 returned to ""jaaaaaaan @ O6Q78KIRx-""",2026-10-02T20:57:05.592Z,179097462559200
"""rowan @ GthBpPSqaK"" folds",2026-10-02T20:57:04.728Z,179097462472800
"""jaaaaaaan @ O6Q78KIRx-"" bets 7.50",2026-10-02T20:57:03.629Z,179097462362900
"River: 9♣, 5♥, Q♥, 3♦ [J♠]",2026-10-02T20:57:00.072Z,179097462007200
"""rowan @ GthBpPSqaK"" calls 2.25",2026-10-02T20:56:59.238Z,179097461923800
"""jaaaaaaan @ O6Q78KIRx-"" bets 2.25",2026-10-02T20:56:58.396Z,179097461839600
"Turn: 9♣, 5♥, Q♥ [3♦]",2026-10-02T20:56:55.087Z,179097461508700
"""rowan @ GthBpPSqaK"" checks",2026-10-02T20:56:54.258Z,179097461425800
"""jaaaaaaan @ O6Q78KIRx-"" checks",2026-10-02T20:56:53.165Z,179097461316500
"Flop:  [9♣, 5♥, Q♥]",2026-10-02T20:56:51.886Z,179097461188600
"""jaaaaaaan @ O6Q78KIRx-"" calls 1.50",2026-10-02T20:56:51.061Z,179097461106100
"""rowan @ GthBpPSqaK"" raises to 1.50",2026-10-02T20:56:49.843Z,179097460984300
"""jaaaaaaan @ O6Q78KIRx-"" posts a big blind of 0.50",2026-10-02T20:56:48.283Z,179097460828305
"""rowan @ GthBpPSqaK"" posts a small blind of 0.25",2026-10-02T20:56:48.283Z,179097460828304
"Player stacks: #2 ""rowan @ GthBpPSqaK"" (153.59) | #5 ""jaaaaaaan @ O6Q78KIRx-"" (132.57)",2026-10-02T20:56:48.283Z,179097460828301
"-- starting hand #271 (id: 9xp6wfgusuni)  No Limit Texas Hold'em (dealer: ""rowan @ GthBpPSqaK"") --",2026-10-02T20:56:48.283Z,179097460828300
"""jaaaaaaan @ O6Q78KIRx-"" shows a 8♥.",2026-10-02T20:56:46.372Z,179097460637200
"""rowan @ GthBpPSqaK"" shows a K♥, 3♣.",2026-10-02T20:56:42.269Z,179097460226900
"-- ending hand #270 --",2026-10-02T20:56:40.953Z,179097460095302
"""jaaaaaaan @ O6Q78KIRx-"" collected 10.00 from pot",2026-10-02T20:56:40.953Z,179097460095301
"Uncalled bet of 6.00 returned to ""jaaaaaaan @ O6Q78KIRx-""",2026-10-02T20:56:40.953Z,179097460095300
"""rowan @ GthBpPSqaK"" folds",2026-10-02T20:56:40.098Z,179097460009800
"""jaaaaaaan @ O6Q78KIRx-"" bets 6.00",2026-10-02T20:56:38.707Z,179097459870700
"""rowan @ GthBpPSqaK"" checks",2026-10-02T20:56:34.663Z,179097459466300
"Turn: 7♣, 8♣, 3♠ [9♥]",2026-10-02T20:56:33.984Z,179097459398400
"""rowan @ GthBpPSqaK"" calls 3.00",2026-10-02T20:56:33.171Z,179097459317100
"""jaaaaaaan @ O6Q78KIRx-"" bets 3.00",2026-10-02T20:56:31.661Z,179097459166100
"""rowan @ GthBpPSqaK"" checks",2026-10-02T20:56:28.483Z,179097458848300
"Flop:  [7♣, 8♣, 3♠]",2026-10-02T20:56:27.146Z,179097458714600
"""rowan @ GthBpPSqaK"" calls 2.00",2026-10-02T20:56:26.266Z,179097458626600
"""jaaaaaaan @ O6Q78KIRx-"" raises to 2.00",2026-10-02T20:56:22.077Z,179097458207700
"""rowan @ GthBpPSqaK"" posts a big blind of 0.50",2026-10-02T20:56:19.342Z,179097457934205
"""jaaaaaaan @ O6Q78KIRx-"" posts a small blind of 0.25",2026-10-02T20:56:19.342Z,179097457934204
"Player stacks: #2 ""rowan @ GthBpPSqaK"" (158.59) | #5 ""jaaaaaaan @ O6Q78KIRx-"" (127.57)",2026-10-02T20:56:19.342Z,179097457934201
"-- starting hand #270 (id: k7ifnzzxsuiy)  No Limit Texas Hold'em (dealer: ""jaaaaaaan @ O6Q78KIRx-"") --",2026-10-02T20:56:19.342Z,179097457934200
"-- ending hand #269 --",2026-10-02T20:56:16.389Z,179097457638902
"""rowan @ GthBpPSqaK"" collected 3.00 from pot",2026-10-02T20:56:16.389Z,179097457638901
"Uncalled bet of 1.50 returned to ""rowan @ GthBpPSqaK""",2026-10-02T20:56:16.389Z,179097457638900
"""jaaaaaaan @ O6Q78KIRx-"" folds",2026-10-02T20:56:15.569Z,179097457556900
"""rowan @ GthBpPSqaK"" bets 1.50",2026-10-02T20:56:14.669Z,179097457466900
"""jaaaaaaan @ O6Q78KIRx-"" checks",2026-10-02T20:56:11.942Z,179097457194200
"River: Q♠, J♠, 8♥, 2♣ [A♦]",2026-10-02T20:56:10.187Z,179097457018700
"""jaaaaaaan @ O6Q78KIRx-"" calls 0.50",2026-10-02T20:56:09.385Z,179097456938500
"""rowan @ GthBpPSqaK"" bets 0.50",2026-10-02T20:56:08.268Z,179097456826800
"""jaaaaaaan @ O6Q78KIRx-"" checks",2026-10-02T20:56:06.685Z,179097456668500
"Turn: Q♠, J♠, 8♥ [2♣]",2026-10-02T20:56:05.788Z,179097456578800
"""jaaaaaaan @ O6Q78KIRx-"" calls 0.50",2026-10-02T20:56:04.982Z,179097456498200
"""rowan @ GthBpPSqaK"" bets 0.50",2026-10-02T20:56:03.534Z,179097456353400
"""jaaaaaaan @ O6Q78KIRx-"" checks",2026-10-02T20:56:01.919Z,179097456191900
"Flop:  [Q♠, J♠, 8♥]",2026-10-02T20:56:00.556Z,179097456055600
"""jaaaaaaan @ O6Q78KIRx-"" checks",2026-10-02T20:55:59.667Z,179097455966700
"""rowan @ GthBpPSqaK"" calls 0.50",2026-10-02T20:55:56.787Z,179097455678700
"""jaaaaaaan @ O6Q78KIRx-"" posts a big blind of 0.50",2026-10-02T20:55:55.527Z,179097455552705
"""rowan @ GthBpPSqaK"" posts a small blind of 0.25",2026-10-02T20:55:55.527Z,179097455552704
"Player stacks: #2 ""rowan @ GthBpPSqaK"" (157.09) | #5 ""jaaaaaaan @ O6Q78KIRx-"" (129.07)",2026-10-02T20:55:55.527Z,179097455552701
"-- starting hand #269 (id: mfl6xnp2ut3u)  No Limit Texas Hold'em (dealer: ""rowan @ GthBpPSqaK"") --",2026-10-02T20:55:55.527Z,179097455552700
"-- ending hand #268 --",2026-10-02T20:55:49.563Z,179097454956302
"""jaaaaaaan @ O6Q78KIRx-"" collected 1.00 from pot",2026-10-02T20:55:49.563Z,179097454956301
"Uncalled bet of 1.00 returned to ""jaaaaaaan @ O6Q78KIRx-""",2026-10-02T20:55:49.563Z,179097454956300
"""rowan @ GthBpPSqaK"" folds",2026-10-02T20:55:48.758Z,179097454875800
"""jaaaaaaan @ O6Q78KIRx-"" bets 1.00",2026-10-02T20:55:47.869Z,179097454786900
"""rowan @ GthBpPSqaK"" checks",2026-10-02T20:55:45.397Z,179097454539700
"Turn: 7♦, 5♣, 9♦ [8♥]",2026-10-02T20:55:44.925Z,179097454492500
"""jaaaaaaan @ O6Q78KIRx-"" checks",2026-10-02T20:55:44.072Z,179097454407200
"""rowan @ GthBpPSqaK"" checks",2026-10-02T20:55:41.266Z,179097454126600
"Flop:  [7♦, 5♣, 9♦]",2026-10-02T20:55:40.447Z,179097454044700
"""rowan @ GthBpPSqaK"" checks",2026-10-02T20:55:39.555Z,179097453955500
"""jaaaaaaan @ O6Q78KIRx-"" calls 0.50",2026-10-02T20:55:38.667Z,179097453866700
"""rowan @ GthBpPSqaK"" posts a big blind of 0.50",2026-10-02T20:55:37.745Z,179097453774505
"""jaaaaaaan @ O6Q78KIRx-"" posts a small blind of 0.25",2026-10-02T20:55:37.745Z,179097453774504
"Player stacks: #2 ""rowan @ GthBpPSqaK"" (157.59) | #5 ""jaaaaaaan @ O6Q78KIRx-"" (128.57)",2026-10-02T20:55:37.745Z,179097453774501
"-- starting hand #268 (id: mbb5cdkrmw5z)  No Limit Texas Hold'em (dealer: ""jaaaaaaan @ O6Q78KIRx-"") --",2026-10-02T20:55:37.745Z,179097453774500
"-- ending hand #267 --",2026-10-02T20:55:31.843Z,179097453184302
"""rowan @ GthBpPSqaK"" collected 1.00 from pot",2026-10-02T20:55:31.843Z,179097453184301
"Uncalled bet of 1.00 returned to ""rowan @ GthBpPSqaK""",2026-10-02T20:55:31.843Z,179097453184300
"""jaaaaaaan @ O6Q78KIRx-"" folds",2026-10-02T20:55:31.018Z,179097453101800
"""rowan @ GthBpPSqaK"" raises to 1.50",2026-10-02T20:55:29.396Z,179097452939600
"""jaaaaaaan @ O6Q78KIRx-"" posts a big blind of 0.50",2026-10-02T20:55:27.622Z,179097452762205
"""rowan @ GthBpPSqaK"" posts a small blind of 0.25",2026-10-02T20:55:27.622Z,179097452762204
"Player stacks: #2 ""rowan @ GthBpPSqaK"" (157.09) | #5 ""jaaaaaaan @ O6Q78KIRx-"" (129.07)",2026-10-02T20:55:27.622Z,179097452762201
"-- starting hand #267 (id: 7voudt6hlo2s)  No Limit Texas Hold'em (dealer: ""rowan @ GthBpPSqaK"") --",2026-10-02T20:55:27.622Z,179097452762200
"""jaaaaaaan @ O6Q78KIRx-"" shows a 6♥, K♠.",2026-10-02T20:55:22.386Z,179097452238600
"""rowan @ GthBpPSqaK"" shows a 8♠, K♥.",2026-10-02T20:55:20.779Z,179097452077900
"-- ending hand #266 --",2026-10-02T20:55:20.312Z,179097452031202
"""rowan @ GthBpPSqaK"" collected 4.00 from pot",2026-10-02T20:55:20.312Z,179097452031201
"Uncalled bet of 2.00 returned to ""rowan @ GthBpPSqaK""",2026-10-02T20:55:20.312Z,179097452031200
"""jaaaaaaan @ O6Q78KIRx-"" folds",2026-10-02T20:55:19.484Z,179097451948400
"""rowan @ GthBpPSqaK"" bets 2.00",2026-10-02T20:55:18.373Z,179097451837300
"Flop:  [4♣, 7♥, 9♠]",2026-10-02T20:55:15.875Z,179097451587500
"""jaaaaaaan @ O6Q78KIRx-"" calls 2.00",2026-10-02T20:55:15.043Z,179097451504300
"""rowan @ GthBpPSqaK"" raises to 2.00",2026-10-02T20:55:12.977Z,179097451297700
"""jaaaaaaan @ O6Q78KIRx-"" calls 0.50",2026-10-02T20:55:10.823Z,179097451082300
"""rowan @ GthBpPSqaK"" posts a big blind of 0.50",2026-10-02T20:55:09.936Z,179097450993605
"""jaaaaaaan @ O6Q78KIRx-"" posts a small blind of 0.25",2026-10-02T20:55:09.936Z,179097450993604
"Player stacks: #2 ""rowan @ GthBpPSqaK"" (155.09) | #5 ""jaaaaaaan @ O6Q78KIRx-"" (131.07)",2026-10-02T20:55:09.936Z,179097450993601
"-- starting hand #266 (id: q7t5ezg9knjy)  No Limit Texas Hold'em (dealer: ""jaaaaaaan @ O6Q78KIRx-"") --",2026-10-02T20:55:09.936Z,179097450993600
"-- ending hand #265 --",2026-10-02T20:55:04.022Z,179097450402202
"""jaaaaaaan @ O6Q78KIRx-"" collected 7.50 from pot",2026-10-02T20:55:04.022Z,179097450402201
"Uncalled bet of 5.62 returned to ""jaaaaaaan @ O6Q78KIRx-""",2026-10-02T20:55:04.022Z,179097450402200
"""rowan @ GthBpPSqaK"" folds",2026-10-02T20:55:03.173Z,179097450317300
"""jaaaaaaan @ O6Q78KIRx-"" bets 5.62",2026-10-02T20:54:58.529Z,179097449852900
"Turn: 3♠, Q♣, 6♣ [K♥]",2026-10-02T20:54:55.055Z,179097449505500
"""rowan @ GthBpPSqaK"" checks",2026-10-02T20:54:54.251Z,179097449425100
"""jaaaaaaan @ O6Q78KIRx-"" checks",2026-10-02T20:54:52.755Z,179097449275500
"Flop:  [3♠, Q♣, 6♣]",2026-10-02T20:54:48.714Z,179097448871400
"""rowan @ GthBpPSqaK"" calls 3.75",2026-10-02T20:54:47.900Z,179097448790000
"""jaaaaaaan @ O6Q78KIRx-"" raises to 3.75",2026-10-02T20:54:46.988Z,179097448698800
"""rowan @ GthBpPSqaK"" raises to 1.50",2026-10-02T20:54:44.165Z,179097448416500
"""jaaaaaaan @ O6Q78KIRx-"" posts a big blind of 0.50",2026-10-02T20:54:42.314Z,179097448231405
"""rowan @ GthBpPSqaK"" posts a small blind of 0.25",2026-10-02T20:54:42.314Z,179097448231404
"Player stacks: #2 ""rowan @ GthBpPSqaK"" (158.84) | #5 ""jaaaaaaan @ O6Q78KIRx-"" (127.32)",2026-10-02T20:54:42.314Z,179097448231401
"-- starting hand #265 (id: mszvg0izoxcd)  No Limit Texas Hold'em (dealer: ""rowan @ GthBpPSqaK"") --",2026-10-02T20:54:42.314Z,179097448231400
"""jaaaaaaan @ O6Q78KIRx-"" shows a K♥.",2026-10-02T20:54:39.937Z,179097447993700
"""rowan @ GthBpPSqaK"" shows a 2♣, 7♦.",2026-10-02T20:54:38.290Z,179097447829000
"-- ending hand #264 --",2026-10-02T20:54:34.984Z,179097447498402
"""jaaaaaaan @ O6Q78KIRx-"" collected 1.00 from pot",2026-10-02T20:54:34.984Z,179097447498401
"Uncalled bet of 1.50 returned to ""jaaaaaaan @ O6Q78KIRx-""",2026-10-02T20:54:34.984Z,179097447498400
"""rowan @ GthBpPSqaK"" folds",2026-10-02T20:54:34.167Z,179097447416700
"""jaaaaaaan @ O6Q78KIRx-"" raises to 2.00",2026-10-02T20:54:33.117Z,179097447311700
"""rowan @ GthBpPSqaK"" posts a big blind of 0.50",2026-10-02T20:54:29.904Z,179097446990405
"""jaaaaaaan @ O6Q78KIRx-"" posts a small blind of 0.25",2026-10-02T20:54:29.904Z,179097446990404
"Player stacks: #2 ""rowan @ GthBpPSqaK"" (159.34) | #5 ""jaaaaaaan @ O6Q78KIRx-"" (126.82)",2026-10-02T20:54:29.904Z,179097446990401
"-- starting hand #264 (id: bzqh74dgdcky)  No Limit Texas Hold'em (dealer: ""jaaaaaaan @ O6Q78KIRx-"") --",2026-10-02T20:54:29.904Z,179097446990400
"""jaaaaaaan @ O6Q78KIRx-"" shows a K♣.",2026-10-02T20:54:27.447Z,179097446744700
"""rowan @ GthBpPSqaK"" shows a K♠, J♠.",2026-10-02T20:54:25.660Z,179097446566000
"-- ending hand #263 --",2026-10-02T20:54:25.499Z,179097446549902
"""jaaaaaaan @ O6Q78KIRx-"" collected 6.00 from pot",2026-10-02T20:54:25.499Z,179097446549901
"Uncalled bet of 4.50 returned to ""jaaaaaaan @ O6Q78KIRx-""",2026-10-02T20:54:25.499Z,179097446549900
"""rowan @ GthBpPSqaK"" folds",2026-10-02T20:54:24.617Z,179097446461700
"""jaaaaaaan @ O6Q78KIRx-"" bets 4.50",2026-10-02T20:54:21.124Z,179097446112400
"River: 3♥, 9♣, A♣, 6♥ [8♦]",2026-10-02T20:54:18.129Z,179097445812900
"""rowan @ GthBpPSqaK"" checks",2026-10-02T20:54:17.318Z,179097445731800
"""jaaaaaaan @ O6Q78KIRx-"" checks",2026-10-02T20:54:15.904Z,179097445590400
"Turn: 3♥, 9♣, A♣ [6♥]",2026-10-02T20:54:14.779Z,179097445477900
"""jaaaaaaan @ O6Q78KIRx-"" calls 1.50",2026-10-02T20:54:13.975Z,179097445397500
"""rowan @ GthBpPSqaK"" bets 1.50",2026-10-02T20:54:12.394Z,179097445239400
"""jaaaaaaan @ O6Q78KIRx-"" checks",2026-10-02T20:54:10.095Z,179097445009500
"Flop:  [3♥, 9♣, A♣]",2026-10-02T20:54:06.660Z,179097444666000
"""jaaaaaaan @ O6Q78KIRx-"" calls 1.50",2026-10-02T20:54:05.822Z,179097444582200
"""rowan @ GthBpPSqaK"" raises to 1.50",2026-10-02T20:54:04.126Z,179097444412600
"""jaaaaaaan @ O6Q78KIRx-"" posts a big blind of 0.50",2026-10-02T20:54:01.626Z,179097444162605
"""rowan @ GthBpPSqaK"" posts a small blind of 0.25",2026-10-02T20:54:01.626Z,179097444162604
"Player stacks: #2 ""rowan @ GthBpPSqaK"" (162.34) | #5 ""jaaaaaaan @ O6Q78KIRx-"" (123.82)",2026-10-02T20:54:01.626Z,179097444162601
"-- starting hand #263 (id: 5yvfcdfpne72)  No Limit Texas Hold'em (dealer: ""rowan @ GthBpPSqaK"") --",2026-10-02T20:54:01.626Z,179097444162600
"""rowan @ GthBpPSqaK"" shows a K♦, 10♦.",2026-10-02T20:54:00.273Z,179097444027300
"-- ending hand #262 --",2026-10-02T20:53:57.993Z,179097443799302
"""rowan @ GthBpPSqaK"" collected 10.00 from pot",2026-10-02T20:53:57.993Z,179097443799301
"Uncalled bet of 5.00 returned to ""rowan @ GthBpPSqaK""",2026-10-02T20:53:57.993Z,179097443799300
"""jaaaaaaan @ O6Q78KIRx-"" folds",2026-10-02T20:53:57.170Z,179097443717000
"""rowan @ GthBpPSqaK"" bets 5.00",2026-10-02T20:53:55.409Z,179097443540900
"River: 10♥, 7♠, 3♥, K♣ [5♥]",2026-10-02T20:53:52.789Z,179097443278900
"""jaaaaaaan @ O6Q78KIRx-"" checks",2026-10-02T20:53:51.975Z,179097443197500
"""rowan @ GthBpPSqaK"" checks",2026-10-02T20:53:48.892Z,179097442889200
"Turn: 10♥, 7♠, 3♥ [K♣]",2026-10-02T20:53:47.867Z,179097442786700
"""rowan @ GthBpPSqaK"" calls 3.00",2026-10-02T20:53:47.044Z,179097442704400
"""jaaaaaaan @ O6Q78KIRx-"" bets 3.00",2026-10-02T20:53:46.052Z,179097442605200
"""rowan @ GthBpPSqaK"" checks",2026-10-02T20:53:42.350Z,179097442235000
"Flop:  [10♥, 7♠, 3♥]",2026-10-02T20:53:40.094Z,179097442009400
"""jaaaaaaan @ O6Q78KIRx-"" calls 2.00",2026-10-02T20:53:39.265Z,179097441926500
"""rowan @ GthBpPSqaK"" raises to 2.00",2026-10-02T20:53:38.072Z,179097441807200
"""jaaaaaaan @ O6Q78KIRx-"" calls 0.50",2026-10-02T20:53:35.890Z,179097441589000
"""rowan @ GthBpPSqaK"" posts a big blind of 0.50",2026-10-02T20:53:33.864Z,179097441386405
"""jaaaaaaan @ O6Q78KIRx-"" posts a small blind of 0.25",2026-10-02T20:53:33.864Z,179097441386404
"Player stacks: #2 ""rowan @ GthBpPSqaK"" (157.34) | #5 ""jaaaaaaan @ O6Q78KIRx-"" (128.82)",2026-10-02T20:53:33.864Z,179097441386401
"-- starting hand #262 (id: 85dbyp1agpjl)  No Limit Texas Hold'em (dealer: ""jaaaaaaan @ O6Q78KIRx-"") --",2026-10-02T20:53:33.864Z,179097441386400
"""rowan @ GthBpPSqaK"" collected 1.00 from the 7-2 bounty",2026-10-02T20:53:30.953Z,179097441095301
"""jaaaaaaan @ O6Q78KIRx-"" paid 1.00 for the 7-2 bounty to ""rowan @ GthBpPSqaK""",2026-10-02T20:53:30.953Z,179097441095300
"""rowan @ GthBpPSqaK"" shows a 2♥, 7♥.",2026-10-02T20:53:24.748Z,179097440474800
"-- ending hand #261 --",2026-10-02T20:53:24.345Z,179097440434502
"""rowan @ GthBpPSqaK"" collected 1.00 from pot",2026-10-02T20:53:24.345Z,179097440434501
"Uncalled bet of 1.00 returned to ""rowan @ GthBpPSqaK""",2026-10-02T20:53:24.345Z,179097440434500
"""jaaaaaaan @ O6Q78KIRx-"" folds",2026-10-02T20:53:23.541Z,179097440354100
"""rowan @ GthBpPSqaK"" raises to 1.50",2026-10-02T20:53:21.676Z,179097440167600
"""jaaaaaaan @ O6Q78KIRx-"" posts a big blind of 0.50",2026-10-02T20:53:13.233Z,179097439323306
"""rowan @ GthBpPSqaK"" posts a small blind of 0.25",2026-10-02T20:53:13.233Z,179097439323305
"Player stacks: #2 ""rowan @ GthBpPSqaK"" (155.84) | #5 ""jaaaaaaan @ O6Q78KIRx-"" (130.32)",2026-10-02T20:53:13.233Z,179097439323302
"-- starting hand #261 (id: li8ys8nb7kid)  No Limit Texas Hold'em (dealer: ""rowan @ GthBpPSqaK"") --",2026-10-02T20:53:13.233Z,179097439323301
"The player ""Will @ h_ZrezeXHs"" stand up with the stack of 199.21.",2026-10-02T20:53:13.233Z,179097439323300
"-- ending hand #260 --",2026-10-02T20:53:07.198Z,179097438719803
"""Will @ h_ZrezeXHs"" collected 8.49 from pot with Two Pair, K's & 9's (combination: 3♥, 9♠, 9♣, K♥, K♣)",2026-10-02T20:53:07.198Z,179097438719802
"""Will @ h_ZrezeXHs"" shows a 2♠, 9♠.",2026-10-02T20:53:07.198Z,179097438719801
"""jaaaaaaan @ O6Q78KIRx-"" shows a 8♥, Q♠.",2026-10-02T20:53:07.198Z,179097438719800
"""Will @ h_ZrezeXHs"" checks",2026-10-02T20:53:06.394Z,179097438639400
"""jaaaaaaan @ O6Q78KIRx-"" checks",2026-10-02T20:53:05.203Z,179097438520300
"River: K♥, 2♥, K♣, 3♥ [9♣]",2026-10-02T20:53:04.192Z,179097438419200
"""jaaaaaaan @ O6Q78KIRx-"" calls 2.12",2026-10-02T20:53:03.342Z,179097438334200
"""Will @ h_ZrezeXHs"" bets 2.12",2026-10-02T20:53:01.386Z,179097438138600
"""jaaaaaaan @ O6Q78KIRx-"" checks",2026-10-02T20:52:57.636Z,179097437763600
"Turn: K♥, 2♥, K♣ [3♥]",2026-10-02T20:52:56.349Z,179097437634900
"""Will @ h_ZrezeXHs"" checks",2026-10-02T20:52:55.525Z,179097437552500
"""jaaaaaaan @ O6Q78KIRx-"" checks",2026-10-02T20:52:53.982Z,179097437398200
"Flop:  [K♥, 2♥, K♣]",2026-10-02T20:52:52.862Z,179097437286200
"""jaaaaaaan @ O6Q78KIRx-"" calls 2.00",2026-10-02T20:52:52.007Z,179097437200700
"""rowan @ GthBpPSqaK"" folds",2026-10-02T20:52:50.756Z,179097437075600
"""Will @ h_ZrezeXHs"" raises to 2.00",2026-10-02T20:52:49.883Z,179097436988300
"""jaaaaaaan @ O6Q78KIRx-"" posts a big blind of 0.50",2026-10-02T20:52:46.057Z,179097436605706
"""rowan @ GthBpPSqaK"" posts a small blind of 0.25",2026-10-02T20:52:46.057Z,179097436605705
"Player stacks: #2 ""rowan @ GthBpPSqaK"" (156.09) | #5 ""jaaaaaaan @ O6Q78KIRx-"" (134.44) | #7 ""Will @ h_ZrezeXHs"" (194.84)",2026-10-02T20:52:46.057Z,179097436605701
"-- starting hand #260 (id: feydx4ay736z)  No Limit Texas Hold'em (dealer: ""Will @ h_ZrezeXHs"") --",2026-10-02T20:52:46.057Z,179097436605700
"-- ending hand #259 --",2026-10-02T20:52:40.132Z,179097436013202
"""rowan @ GthBpPSqaK"" collected 3.25 from pot",2026-10-02T20:52:40.132Z,179097436013201
"Uncalled bet of 2.43 returned to ""rowan @ GthBpPSqaK""",2026-10-02T20:52:40.132Z,179097436013200
"""jaaaaaaan @ O6Q78KIRx-"" folds",2026-10-02T20:52:39.312Z,179097435931200
"""rowan @ GthBpPSqaK"" bets 2.43",2026-10-02T20:52:37.989Z,179097435798900
"Flop:  [6♠, 9♠, 6♥]",2026-10-02T20:52:34.450Z,179097435445000
"""jaaaaaaan @ O6Q78KIRx-"" calls 1.50",2026-10-02T20:52:33.591Z,179097435359100
"""rowan @ GthBpPSqaK"" raises to 1.50",2026-10-02T20:52:32.381Z,179097435238100
"""Will @ h_ZrezeXHs"" folds",2026-10-02T20:52:29.418Z,179097434941800
"""jaaaaaaan @ O6Q78KIRx-"" calls 0.50",2026-10-02T20:52:28.483Z,179097434848300
"""rowan @ GthBpPSqaK"" posts a big blind of 0.50",2026-10-02T20:52:27.069Z,179097434706906
"""Will @ h_ZrezeXHs"" posts a small blind of 0.25",2026-10-02T20:52:27.069Z,179097434706905
"Player stacks: #2 ""rowan @ GthBpPSqaK"" (154.34) | #5 ""jaaaaaaan @ O6Q78KIRx-"" (135.94) | #7 ""Will @ h_ZrezeXHs"" (195.09)",2026-10-02T20:52:27.069Z,179097434706901
"-- starting hand #259 (id: aovm4vlvlmup)  No Limit Texas Hold'em (dealer: ""jaaaaaaan @ O6Q78KIRx-"") --",2026-10-02T20:52:27.069Z,179097434706900
"-- ending hand #258 --",2026-10-02T20:52:24.149Z,179097434414902
"""jaaaaaaan @ O6Q78KIRx-"" collected 37.50 from pot",2026-10-02T20:52:24.149Z,179097434414901
"Uncalled bet of 12.34 returned to ""jaaaaaaan @ O6Q78KIRx-""",2026-10-02T20:52:24.149Z,179097434414900
"""Will @ h_ZrezeXHs"" folds",2026-10-02T20:52:23.331Z,179097434333100
"""jaaaaaaan @ O6Q78KIRx-"" bets 12.34",2026-10-02T20:52:19.345Z,179097433934500
"River: 9♠, K♣, 7♣, A♦ [4♥]",2026-10-02T20:52:07.537Z,179097432753700
"""Will @ h_ZrezeXHs"" calls 11.25",2026-10-02T20:52:06.732Z,179097432673200
"""jaaaaaaan @ O6Q78KIRx-"" bets 11.25",2026-10-02T20:52:04.586Z,179097432458600
"Turn: 9♠, K♣, 7♣ [A♦]",2026-10-02T20:52:00.981Z,179097432098100
"""rowan @ GthBpPSqaK"" folds",2026-10-02T20:52:00.109Z,179097432010900
"""Will @ h_ZrezeXHs"" calls 4.50",2026-10-02T20:51:59.168Z,179097431916800
"""jaaaaaaan @ O6Q78KIRx-"" bets 4.50",2026-10-02T20:51:57.446Z,179097431744600
"Flop:  [9♠, K♣, 7♣]",2026-10-02T20:51:53.259Z,179097431325900
"""rowan @ GthBpPSqaK"" calls 2.00",2026-10-02T20:51:52.412Z,179097431241200
"""Will @ h_ZrezeXHs"" calls 2.00",2026-10-02T20:51:50.646Z,179097431064600
"""jaaaaaaan @ O6Q78KIRx-"" raises to 2.00",2026-10-02T20:51:49.117Z,179097430911700
"""rowan @ GthBpPSqaK"" calls 0.50",2026-10-02T20:51:46.453Z,179097430645300
"""Will @ h_ZrezeXHs"" posts a big blind of 0.50",2026-10-02T20:51:44.475Z,179097430447506
"""jaaaaaaan @ O6Q78KIRx-"" posts a small blind of 0.25",2026-10-02T20:51:44.475Z,179097430447505
"Player stacks: #2 ""rowan @ GthBpPSqaK"" (156.34) | #5 ""jaaaaaaan @ O6Q78KIRx-"" (116.19) | #7 ""Will @ h_ZrezeXHs"" (212.84)",2026-10-02T20:51:44.475Z,179097430447501
"-- starting hand #258 (id: btbddegcua8p)  No Limit Texas Hold'em (dealer: ""rowan @ GthBpPSqaK"") --",2026-10-02T20:51:44.475Z,179097430447500
"-- ending hand #257 --",2026-10-02T20:51:41.558Z,179097430155802
"""rowan @ GthBpPSqaK"" collected 11.00 from pot",2026-10-02T20:51:41.558Z,179097430155801
"Uncalled bet of 4.00 returned to ""rowan @ GthBpPSqaK""",2026-10-02T20:51:41.558Z,179097430155800
"""jaaaaaaan @ O6Q78KIRx-"" folds",2026-10-02T20:51:40.746Z,179097430074600
"""rowan @ GthBpPSqaK"" bets 4.00",2026-10-02T20:51:39.551Z,179097429955100
"River: 2♠, 2♥, 3♠, 7♣ [J♥]",2026-10-02T20:51:34.547Z,179097429454700
"""jaaaaaaan @ O6Q78KIRx-"" calls 2.50",2026-10-02T20:51:33.696Z,179097429369600
"""rowan @ GthBpPSqaK"" bets 2.50",2026-10-02T20:51:31.658Z,179097429165800
"Turn: 2♠, 2♥, 3♠ [7♣]",2026-10-02T20:51:27.646Z,179097428764600
"""jaaaaaaan @ O6Q78KIRx-"" calls 1.50",2026-10-02T20:51:26.840Z,179097428684000
"""rowan @ GthBpPSqaK"" bets 1.50",2026-10-02T20:51:23.997Z,179097428399700
"Flop:  [2♠, 2♥, 3♠]",2026-10-02T20:51:21.050Z,179097428105000
"""jaaaaaaan @ O6Q78KIRx-"" calls 1.50",2026-10-02T20:51:20.181Z,179097428018100
"""rowan @ GthBpPSqaK"" raises to 1.50",2026-10-02T20:51:19.040Z,179097427904000
"""Will @ h_ZrezeXHs"" folds",2026-10-02T20:51:15.051Z,179097427505100
"""jaaaaaaan @ O6Q78KIRx-"" posts a big blind of 0.50",2026-10-02T20:51:13.653Z,179097427365306
"""rowan @ GthBpPSqaK"" posts a small blind of 0.25",2026-10-02T20:51:13.653Z,179097427365305
"Player stacks: #2 ""rowan @ GthBpPSqaK"" (150.84) | #5 ""jaaaaaaan @ O6Q78KIRx-"" (121.69) | #7 ""Will @ h_ZrezeXHs"" (212.84)",2026-10-02T20:51:13.653Z,179097427365301
"-- starting hand #257 (id: oumghcbq3tcw)  No Limit Texas Hold'em (dealer: ""Will @ h_ZrezeXHs"") --",2026-10-02T20:51:13.653Z,179097427365300
"""jaaaaaaan @ O6Q78KIRx-"" shows a Q♥.",2026-10-02T20:51:11.558Z,179097427155800
"-- ending hand #256 --",2026-10-02T20:51:10.038Z,179097427003802
"""jaaaaaaan @ O6Q78KIRx-"" collected 6.75 from pot",2026-10-02T20:51:10.038Z,179097427003801
"Uncalled bet of 6.75 returned to ""jaaaaaaan @ O6Q78KIRx-""",2026-10-02T20:51:10.038Z,179097427003800
"""Will @ h_ZrezeXHs"" folds",2026-10-02T20:51:09.221Z,179097426922100
"""jaaaaaaan @ O6Q78KIRx-"" bets 6.75",2026-10-02T20:51:07.884Z,179097426788400
"""rowan @ GthBpPSqaK"" folds",2026-10-02T20:51:02.837Z,179097426283700
"""Will @ h_ZrezeXHs"" checks",2026-10-02T20:51:00.758Z,179097426075800
"River: 9♦, 10♥, 4♦, 10♦ [6♦]",2026-10-02T20:50:58.559Z,179097425855900
"""jaaaaaaan @ O6Q78KIRx-"" checks",2026-10-02T20:50:57.711Z,179097425771100
"""rowan @ GthBpPSqaK"" checks",2026-10-02T20:50:56.041Z,179097425604100
"""Will @ h_ZrezeXHs"" checks",2026-10-02T20:50:52.822Z,179097425282200
"Turn: 9♦, 10♥, 4♦ [10♦]",2026-10-02T20:50:51.039Z,179097425103900
"""jaaaaaaan @ O6Q78KIRx-"" checks",2026-10-02T20:50:50.226Z,179097425022600
"""rowan @ GthBpPSqaK"" checks",2026-10-02T20:50:30.567Z,179097423056700
"""Will @ h_ZrezeXHs"" checks",2026-10-02T20:50:28.577Z,179097422857700
"Flop:  [9♦, 10♥, 4♦]",2026-10-02T20:50:27.311Z,179097422731100
"""rowan @ GthBpPSqaK"" calls 2.25",2026-10-02T20:50:26.490Z,179097422649000
"""Will @ h_ZrezeXHs"" calls 2.25",2026-10-02T20:50:24.221Z,179097422422100
"""jaaaaaaan @ O6Q78KIRx-"" raises to 2.25",2026-10-02T20:50:23.143Z,179097422314300
"""rowan @ GthBpPSqaK"" posts a big blind of 0.50",2026-10-02T20:50:20.379Z,179097422037906
"""Will @ h_ZrezeXHs"" posts a small blind of 0.25",2026-10-02T20:50:20.379Z,179097422037905
"Player stacks: #2 ""rowan @ GthBpPSqaK"" (153.09) | #5 ""jaaaaaaan @ O6Q78KIRx-"" (117.19) | #7 ""Will @ h_ZrezeXHs"" (215.09)",2026-10-02T20:50:20.379Z,179097422037901
"-- starting hand #256 (id: 7kv9plyaonbv)  No Limit Texas Hold'em (dealer: ""jaaaaaaan @ O6Q78KIRx-"") --",2026-10-02T20:50:20.379Z,179097422037900
"""Will @ h_ZrezeXHs"" shows a A♥, J♣.",2026-10-02T20:50:17.394Z,179097421739400
"-- ending hand #255 --",2026-10-02T20:50:13.773Z,179097421377302
"""Will @ h_ZrezeXHs"" collected 15.50 from pot",2026-10-02T20:50:13.773Z,179097421377301
"Uncalled bet of 5.00 returned to ""Will @ h_ZrezeXHs""",2026-10-02T20:50:13.773Z,179097421377300
"""jaaaaaaan @ O6Q78KIRx-"" folds",2026-10-02T20:50:12.953Z,179097421295300
"""Will @ h_ZrezeXHs"" bets 5.00",2026-10-02T20:50:10.417Z,179097421041700
"""jaaaaaaan @ O6Q78KIRx-"" checks",2026-10-02T20:50:05.720Z,179097420572000
"Flop:  [J♠, 3♦, K♥]",2026-10-02T20:50:03.389Z,179097420338900
"""jaaaaaaan @ O6Q78KIRx-"" calls 7.50",2026-10-02T20:50:02.552Z,179097420255200
"""rowan @ GthBpPSqaK"" folds",2026-10-02T20:49:58.196Z,179097419819600
"""Will @ h_ZrezeXHs"" raises to 7.50",2026-10-02T20:49:56.813Z,179097419681300
"""jaaaaaaan @ O6Q78KIRx-"" raises to 2.50",2026-10-02T20:49:54.036Z,179097419403600
"""rowan @ GthBpPSqaK"" calls 0.50",2026-10-02T20:49:50.646Z,179097419064600
"""Will @ h_ZrezeXHs"" posts a big blind of 0.50",2026-10-02T20:49:49.352Z,179097418935206
"""jaaaaaaan @ O6Q78KIRx-"" posts a small blind of 0.25",2026-10-02T20:49:49.352Z,179097418935205
"Player stacks: #2 ""rowan @ GthBpPSqaK"" (153.59) | #5 ""jaaaaaaan @ O6Q78KIRx-"" (124.69) | #7 ""Will @ h_ZrezeXHs"" (207.09)",2026-10-02T20:49:49.352Z,179097418935201
"-- starting hand #255 (id: ejdhyak9vhiy)  No Limit Texas Hold'em (dealer: ""rowan @ GthBpPSqaK"") --",2026-10-02T20:49:49.352Z,179097418935200
"""jaaaaaaan @ O6Q78KIRx-"" shows a J♦, 6♣.",2026-10-02T20:49:46.065Z,179097418606500
"""rowan @ GthBpPSqaK"" shows a 7♥, 8♦.",2026-10-02T20:49:45.375Z,179097418537500
"-- ending hand #254 --",2026-10-02T20:49:44.976Z,179097418497601
"""jaaaaaaan @ O6Q78KIRx-"" collected 5.00 from pot",2026-10-02T20:49:44.976Z,179097418497600
"""rowan @ GthBpPSqaK"" folds",2026-10-02T20:49:44.155Z,179097418415500
"River: J♥, 3♥, 10♦, Q♦ [6♦]",2026-10-02T20:49:42.346Z,179097418234600
"""rowan @ GthBpPSqaK"" calls 0.50",2026-10-02T20:49:41.474Z,179097418147400
"""jaaaaaaan @ O6Q78KIRx-"" bets 0.50",2026-10-02T20:49:39.263Z,179097417926300
"""rowan @ GthBpPSqaK"" checks",2026-10-02T20:49:37.613Z,179097417761300
"Turn: J♥, 3♥, 10♦ [Q♦]",2026-10-02T20:49:32.939Z,179097417293900
"""rowan @ GthBpPSqaK"" calls 0.50",2026-10-02T20:49:32.080Z,179097417208000
"""jaaaaaaan @ O6Q78KIRx-"" bets 0.50",2026-10-02T20:49:30.790Z,179097417079000
"""rowan @ GthBpPSqaK"" checks",2026-10-02T20:49:28.209Z,179097416820900
"Flop:  [J♥, 3♥, 10♦]",2026-10-02T20:49:23.427Z,179097416342700
"""jaaaaaaan @ O6Q78KIRx-"" calls 1.50",2026-10-02T20:49:22.621Z,179097416262100
"""rowan @ GthBpPSqaK"" raises to 1.50",2026-10-02T20:49:20.655Z,179097416065500
"""Will @ h_ZrezeXHs"" folds",2026-10-02T20:49:17.283Z,179097415728300
"""jaaaaaaan @ O6Q78KIRx-"" posts a big blind of 0.50",2026-10-02T20:49:15.960Z,179097415596006
"""rowan @ GthBpPSqaK"" posts a small blind of 0.25",2026-10-02T20:49:15.960Z,179097415596005
"Player stacks: #2 ""rowan @ GthBpPSqaK"" (156.09) | #5 ""jaaaaaaan @ O6Q78KIRx-"" (122.19) | #7 ""Will @ h_ZrezeXHs"" (207.09)",2026-10-02T20:49:15.960Z,179097415596001
"-- starting hand #254 (id: bxu4qogrmauq)  No Limit Texas Hold'em (dealer: ""Will @ h_ZrezeXHs"") --",2026-10-02T20:49:15.960Z,179097415596000
"-- ending hand #253 --",2026-10-02T20:49:10.053Z,179097415005302
"""jaaaaaaan @ O6Q78KIRx-"" collected 5.50 from pot",2026-10-02T20:49:10.053Z,179097415005301
"Uncalled bet of 4.12 returned to ""jaaaaaaan @ O6Q78KIRx-""",2026-10-02T20:49:10.053Z,179097415005300
"""Will @ h_ZrezeXHs"" folds",2026-10-02T20:49:09.236Z,179097414923600
"""jaaaaaaan @ O6Q78KIRx-"" bets 4.12",2026-10-02T20:49:02.140Z,179097414214000
"""Will @ h_ZrezeXHs"" checks",2026-10-02T20:48:57.898Z,179097413789800
"Flop:  [J♣, 9♥, 9♣]",2026-10-02T20:48:55.861Z,179097413586100
"""jaaaaaaan @ O6Q78KIRx-"" calls 2.50",2026-10-02T20:48:55.050Z,179097413505000
"""rowan @ GthBpPSqaK"" folds",2026-10-02T20:48:51.593Z,179097413159300
"""Will @ h_ZrezeXHs"" raises to 2.50",2026-10-02T20:48:50.559Z,179097413055900
"""jaaaaaaan @ O6Q78KIRx-"" calls 0.50",2026-10-02T20:48:47.393Z,179097412739300
"""rowan @ GthBpPSqaK"" posts a big blind of 0.50",2026-10-02T20:48:46.657Z,179097412665706
"""Will @ h_ZrezeXHs"" posts a small blind of 0.25",2026-10-02T20:48:46.657Z,179097412665705
"Player stacks: #2 ""rowan @ GthBpPSqaK"" (156.59) | #5 ""jaaaaaaan @ O6Q78KIRx-"" (119.19) | #7 ""Will @ h_ZrezeXHs"" (209.59)",2026-10-02T20:48:46.657Z,179097412665701
"-- starting hand #253 (id: zcd0im8ximht)  No Limit Texas Hold'em (dealer: ""jaaaaaaan @ O6Q78KIRx-"") --",2026-10-02T20:48:46.657Z,179097412665700
"-- ending hand #252 --",2026-10-02T20:48:40.655Z,179097412065502
"""Will @ h_ZrezeXHs"" collected 5.00 from pot with Two Pair, J's & 4's (combination: 9♥, 4♠, 4♥, J♠, J♦)",2026-10-02T20:48:40.655Z,179097412065501
"""Will @ h_ZrezeXHs"" shows a 4♠, J♠.",2026-10-02T20:48:40.655Z,179097412065500
"""jaaaaaaan @ O6Q78KIRx-"" calls 1.50",2026-10-02T20:48:39.806Z,179097411980600
"""Will @ h_ZrezeXHs"" bets 1.50",2026-10-02T20:48:38.794Z,179097411879400
"""jaaaaaaan @ O6Q78KIRx-"" checks",2026-10-02T20:48:35.804Z,179097411580400
"River: J♦, 7♣, 9♥, 8♠ [4♥]",2026-10-02T20:48:34.751Z,179097411475100
"""Will @ h_ZrezeXHs"" checks",2026-10-02T20:48:33.901Z,179097411390100
"""jaaaaaaan @ O6Q78KIRx-"" checks",2026-10-02T20:48:32.812Z,179097411281200
"Turn: J♦, 7♣, 9♥ [8♠]",2026-10-02T20:48:31.044Z,179097411104400
"""jaaaaaaan @ O6Q78KIRx-"" calls 0.50",2026-10-02T20:48:30.236Z,179097411023600
"""Will @ h_ZrezeXHs"" bets 0.50",2026-10-02T20:48:29.369Z,179097410936900
"""jaaaaaaan @ O6Q78KIRx-"" checks",2026-10-02T20:48:26.736Z,179097410673600
"Flop:  [J♦, 7♣, 9♥]",2026-10-02T20:48:25.638Z,179097410563800
"""Will @ h_ZrezeXHs"" checks",2026-10-02T20:48:24.815Z,179097410481500
"""jaaaaaaan @ O6Q78KIRx-"" calls 0.50",2026-10-02T20:48:23.354Z,179097410335400
"""rowan @ GthBpPSqaK"" folds",2026-10-02T20:48:20.889Z,179097410088900
"""Will @ h_ZrezeXHs"" posts a big blind of 0.50",2026-10-02T20:48:19.543Z,179097409954306
"""jaaaaaaan @ O6Q78KIRx-"" posts a small blind of 0.25",2026-10-02T20:48:19.543Z,179097409954305
"Player stacks: #2 ""rowan @ GthBpPSqaK"" (156.59) | #5 ""jaaaaaaan @ O6Q78KIRx-"" (121.69) | #7 ""Will @ h_ZrezeXHs"" (207.09)",2026-10-02T20:48:19.543Z,179097409954301
"-- starting hand #252 (id: lgsbjlq6bpli)  No Limit Texas Hold'em (dealer: ""rowan @ GthBpPSqaK"") --",2026-10-02T20:48:19.543Z,179097409954300
"-- ending hand #251 --",2026-10-02T20:48:13.536Z,179097409353603
"""rowan @ GthBpPSqaK"" collected 66.00 from pot with Three of a Kind, 4's (combination: 7♣, 9♦, 4♦, 4♠, 4♥)",2026-10-02T20:48:13.536Z,179097409353602
"""rowan @ GthBpPSqaK"" shows a 3♥, 4♦.",2026-10-02T20:48:13.536Z,179097409353601
"""Will @ h_ZrezeXHs"" shows a K♠, K♥.",2026-10-02T20:48:13.536Z,179097409353600
"""rowan @ GthBpPSqaK"" calls 18.00",2026-10-02T20:48:12.659Z,179097409265900
"""Will @ h_ZrezeXHs"" bets 18.00",2026-10-02T20:48:06.551Z,179097408655100
"""rowan @ GthBpPSqaK"" checks",2026-10-02T20:47:50.142Z,179097407014200
"River: 4♠, 9♦, 4♥, 7♣ [5♠]",2026-10-02T20:47:48.499Z,179097406849900
"""rowan @ GthBpPSqaK"" calls 9.00",2026-10-02T20:47:47.675Z,179097406767500
"""Will @ h_ZrezeXHs"" bets 9.00",2026-10-02T20:47:43.937Z,179097406393700
"""rowan @ GthBpPSqaK"" checks",2026-10-02T20:47:40.467Z,179097406046700
"Turn: 4♠, 9♦, 4♥ [7♣]",2026-10-02T20:47:38.113Z,179097405811300
"""jaaaaaaan @ O6Q78KIRx-"" folds",2026-10-02T20:47:37.298Z,179097405729800
"""rowan @ GthBpPSqaK"" calls 3.00",2026-10-02T20:47:35.862Z,179097405586200
"""Will @ h_ZrezeXHs"" bets 3.00",2026-10-02T20:47:33.923Z,179097405392300
"""jaaaaaaan @ O6Q78KIRx-"" checks",2026-10-02T20:47:31.372Z,179097405137200
"""rowan @ GthBpPSqaK"" checks",2026-10-02T20:47:30.134Z,179097405013400
"Flop:  [4♠, 9♦, 4♥]",2026-10-02T20:47:27.841Z,179097404784100
"""jaaaaaaan @ O6Q78KIRx-"" calls 2.00",2026-10-02T20:47:26.993Z,179097404699300
"""rowan @ GthBpPSqaK"" calls 2.00",2026-10-02T20:47:25.343Z,179097404534300
"""Will @ h_ZrezeXHs"" raises to 2.00",2026-10-02T20:47:23.640Z,179097404364000
"""jaaaaaaan @ O6Q78KIRx-"" posts a big blind of 0.50",2026-10-02T20:47:21.643Z,179097404164306
"""rowan @ GthBpPSqaK"" posts a small blind of 0.25",2026-10-02T20:47:21.643Z,179097404164305
"Player stacks: #2 ""rowan @ GthBpPSqaK"" (122.59) | #5 ""jaaaaaaan @ O6Q78KIRx-"" (123.69) | #7 ""Will @ h_ZrezeXHs"" (239.09)",2026-10-02T20:47:21.643Z,179097404164301
"-- starting hand #251 (id: luwmyxtg9ztm)  No Limit Texas Hold'em (dealer: ""Will @ h_ZrezeXHs"") --",2026-10-02T20:47:21.643Z,179097404164300
"-- ending hand #250 --",2026-10-02T20:47:18.700Z,179097403870002
"""rowan @ GthBpPSqaK"" collected 15.00 from pot",2026-10-02T20:47:18.700Z,179097403870001
"Uncalled bet of 7.07 returned to ""rowan @ GthBpPSqaK""",2026-10-02T20:47:18.700Z,179097403870000
"""Will @ h_ZrezeXHs"" folds",2026-10-02T20:47:17.858Z,179097403785800
"""rowan @ GthBpPSqaK"" bets 7.07",2026-10-02T20:47:09.892Z,179097402989200
"""Will @ h_ZrezeXHs"" checks",2026-10-02T20:47:00.738Z,179097402073800
"River: 8♦, J♣, 5♣, 2♥ [K♠]",2026-10-02T20:46:58.773Z,179097401877300
"""rowan @ GthBpPSqaK"" checks",2026-10-02T20:46:57.907Z,179097401790700
"""Will @ h_ZrezeXHs"" checks",2026-10-02T20:46:52.338Z,179097401233800
"Turn: 8♦, J♣, 5♣ [2♥]",2026-10-02T20:46:51.254Z,179097401125400
"""Will @ h_ZrezeXHs"" calls 3.75",2026-10-02T20:46:50.422Z,179097401042200
"""jaaaaaaan @ O6Q78KIRx-"" folds",2026-10-02T20:46:49.274Z,179097400927400
"""rowan @ GthBpPSqaK"" bets 3.75",2026-10-02T20:46:47.775Z,179097400777500
"""Will @ h_ZrezeXHs"" checks",2026-10-02T20:46:44.598Z,179097400459800
"Flop:  [8♦, J♣, 5♣]",2026-10-02T20:46:43.245Z,179097400324500
"""jaaaaaaan @ O6Q78KIRx-"" calls 2.50",2026-10-02T20:46:42.421Z,179097400242100
"""rowan @ GthBpPSqaK"" calls 2.50",2026-10-02T20:46:39.464Z,179097399946400
"""Will @ h_ZrezeXHs"" raises to 2.50",2026-10-02T20:46:36.512Z,179097399651200
"""jaaaaaaan @ O6Q78KIRx-"" calls 0.50",2026-10-02T20:46:33.575Z,179097399357500
"""rowan @ GthBpPSqaK"" posts a big blind of 0.50",2026-10-02T20:46:32.852Z,179097399285206
"""Will @ h_ZrezeXHs"" posts a small blind of 0.25",2026-10-02T20:46:32.852Z,179097399285205
"Player stacks: #2 ""rowan @ GthBpPSqaK"" (113.84) | #5 ""jaaaaaaan @ O6Q78KIRx-"" (126.19) | #7 ""Will @ h_ZrezeXHs"" (245.34)",2026-10-02T20:46:32.852Z,179097399285201
"-- starting hand #250 (id: 17ljql6fbf4n)  No Limit Texas Hold'em (dealer: ""jaaaaaaan @ O6Q78KIRx-"") --",2026-10-02T20:46:32.852Z,179097399285200
"""rowan @ GthBpPSqaK"" shows a 6♠, 10♠.",2026-10-02T20:46:29.308Z,179097398930800
"-- ending hand #249 --",2026-10-02T20:46:26.246Z,179097398624602
"""rowan @ GthBpPSqaK"" collected 6.50 from pot",2026-10-02T20:46:26.246Z,179097398624601
"Uncalled bet of 4.87 returned to ""rowan @ GthBpPSqaK""",2026-10-02T20:46:26.246Z,179097398624600
"""jaaaaaaan @ O6Q78KIRx-"" folds",2026-10-02T20:46:25.438Z,179097398543800
"""rowan @ GthBpPSqaK"" bets 4.87",2026-10-02T20:46:24.467Z,179097398446700
"""jaaaaaaan @ O6Q78KIRx-"" checks",2026-10-02T20:46:21.499Z,179097398149900
"Turn: 3♠, 9♦, 4♠ [8♣]",2026-10-02T20:46:20.592Z,179097398059200
"""jaaaaaaan @ O6Q78KIRx-"" calls 1.50",2026-10-02T20:46:19.768Z,179097397976800
"""rowan @ GthBpPSqaK"" bets 1.50",2026-10-02T20:46:14.813Z,179097397481300
"""jaaaaaaan @ O6Q78KIRx-"" checks",2026-10-02T20:46:12.744Z,179097397274400
"Flop:  [3♠, 9♦, 4♠]",2026-10-02T20:46:11.359Z,179097397135900
"""Will @ h_ZrezeXHs"" folds",2026-10-02T20:46:10.527Z,179097397052700
"""jaaaaaaan @ O6Q78KIRx-"" calls 1.50",2026-10-02T20:46:09.619Z,179097396961900
"""rowan @ GthBpPSqaK"" raises to 1.50",2026-10-02T20:46:08.524Z,179097396852400
"""Will @ h_ZrezeXHs"" posts a big blind of 0.50",2026-10-02T20:46:06.560Z,179097396656006
"""jaaaaaaan @ O6Q78KIRx-"" posts a small blind of 0.25",2026-10-02T20:46:06.560Z,179097396656005
"Player stacks: #2 ""rowan @ GthBpPSqaK"" (110.34) | #5 ""jaaaaaaan @ O6Q78KIRx-"" (129.19) | #7 ""Will @ h_ZrezeXHs"" (245.84)",2026-10-02T20:46:06.560Z,179097396656001
"-- starting hand #249 (id: ibudlf1s7gsz)  No Limit Texas Hold'em (dealer: ""rowan @ GthBpPSqaK"") --",2026-10-02T20:46:06.560Z,179097396656000
"""rowan @ GthBpPSqaK"" shows a 8♠.",2026-10-02T20:46:01.681Z,179097396168100
"-- ending hand #248 --",2026-10-02T20:45:59.947Z,179097395994702
"""jaaaaaaan @ O6Q78KIRx-"" collected 6.00 from pot",2026-10-02T20:45:59.947Z,179097395994701
"Uncalled bet of 4.50 returned to ""jaaaaaaan @ O6Q78KIRx-""",2026-10-02T20:45:59.947Z,179097395994700
"""rowan @ GthBpPSqaK"" folds",2026-10-02T20:45:59.088Z,179097395908800
"""Will @ h_ZrezeXHs"" folds",2026-10-02T20:45:58.218Z,179097395821800
"""jaaaaaaan @ O6Q78KIRx-"" bets 4.50",2026-10-02T20:45:56.397Z,179097395639700
"""rowan @ GthBpPSqaK"" checks",2026-10-02T20:45:54.393Z,179097395439300
"Turn: Q♠, 4♠, 3♣ [4♥]",2026-10-02T20:45:53.330Z,179097395333000
"""Will @ h_ZrezeXHs"" checks",2026-10-02T20:45:52.453Z,179097395245300
"""jaaaaaaan @ O6Q78KIRx-"" checks",2026-10-02T20:45:51.302Z,179097395130200
"""rowan @ GthBpPSqaK"" checks",2026-10-02T20:45:49.547Z,179097394954700
"Flop:  [Q♠, 4♠, 3♣]",2026-10-02T20:45:48.324Z,179097394832400
"""jaaaaaaan @ O6Q78KIRx-"" calls 2.00",2026-10-02T20:45:47.452Z,179097394745200
"""rowan @ GthBpPSqaK"" calls 2.00",2026-10-02T20:45:46.277Z,179097394627700
"""Will @ h_ZrezeXHs"" raises to 2.00",2026-10-02T20:45:44.998Z,179097394499800
"""jaaaaaaan @ O6Q78KIRx-"" posts a big blind of 0.50",2026-10-02T20:45:42.918Z,179097394291806
"""rowan @ GthBpPSqaK"" posts a small blind of 0.25",2026-10-02T20:45:42.918Z,179097394291805
"Player stacks: #2 ""rowan @ GthBpPSqaK"" (112.34) | #5 ""jaaaaaaan @ O6Q78KIRx-"" (125.19) | #7 ""Will @ h_ZrezeXHs"" (247.84)",2026-10-02T20:45:42.918Z,179097394291801
"-- starting hand #248 (id: dklgyjm0bf77)  No Limit Texas Hold'em (dealer: ""Will @ h_ZrezeXHs"") --",2026-10-02T20:45:42.918Z,179097394291800
"""Will @ h_ZrezeXHs"" shows a 8♠, 9♦.",2026-10-02T20:45:38.761Z,179097393876100
"-- ending hand #247 --",2026-10-02T20:45:36.380Z,179097393638003
"""jaaaaaaan @ O6Q78KIRx-"" collected 7.25 from pot with Pair, Q's (combination: 8♣, 10♦, J♠, Q♣, Q♥)",2026-10-02T20:45:36.380Z,179097393638002
"""jaaaaaaan @ O6Q78KIRx-"" shows a Q♣, 6♠.",2026-10-02T20:45:36.380Z,179097393638001
"""rowan @ GthBpPSqaK"" shows a 5♥, 7♥.",2026-10-02T20:45:36.380Z,179097393638000
"""jaaaaaaan @ O6Q78KIRx-"" checks",2026-10-02T20:45:35.568Z,179097393556800
"""rowan @ GthBpPSqaK"" checks",2026-10-02T20:45:34.055Z,179097393405500
"River: 7♦, J♠, 10♦, 8♣ [Q♥]",2026-10-02T20:45:26.342Z,179097392634200
"""jaaaaaaan @ O6Q78KIRx-"" checks",2026-10-02T20:45:25.504Z,179097392550400
"""rowan @ GthBpPSqaK"" checks",2026-10-02T20:45:22.594Z,179097392259400
"Turn: 7♦, J♠, 10♦ [8♣]",2026-10-02T20:45:19.521Z,179097391952100
"""jaaaaaaan @ O6Q78KIRx-"" calls 1.50",2026-10-02T20:45:18.712Z,179097391871200
"""rowan @ GthBpPSqaK"" bets 1.50",2026-10-02T20:45:16.666Z,179097391666600
"Flop:  [7♦, J♠, 10♦]",2026-10-02T20:45:12.284Z,179097391228400
"""jaaaaaaan @ O6Q78KIRx-"" calls 2.00",2026-10-02T20:45:11.434Z,179097391143400
"""rowan @ GthBpPSqaK"" raises to 2.00",2026-10-02T20:45:05.241Z,179097390524100
"""Will @ h_ZrezeXHs"" folds",2026-10-02T20:45:02.793Z,179097390279300
"""jaaaaaaan @ O6Q78KIRx-"" calls 0.50",2026-10-02T20:45:01.010Z,179097390101000
"""rowan @ GthBpPSqaK"" posts a big blind of 0.50",2026-10-02T20:44:59.790Z,179097389979006
"""Will @ h_ZrezeXHs"" posts a small blind of 0.25",2026-10-02T20:44:59.790Z,179097389979005
"Player stacks: #2 ""rowan @ GthBpPSqaK"" (115.84) | #5 ""jaaaaaaan @ O6Q78KIRx-"" (121.44) | #7 ""Will @ h_ZrezeXHs"" (248.09)",2026-10-02T20:44:59.790Z,179097389979001
"-- starting hand #247 (id: kukkcquonzne)  No Limit Texas Hold'em (dealer: ""jaaaaaaan @ O6Q78KIRx-"") --",2026-10-02T20:44:59.790Z,179097389979000
"""Will @ h_ZrezeXHs"" shows a 3♦, 5♦.",2026-10-02T20:44:56.331Z,179097389633100
"""rowan @ GthBpPSqaK"" shows a 6♣.",2026-10-02T20:44:55.176Z,179097389517600
"""jaaaaaaan @ O6Q78KIRx-"" shows a 3♥, Q♥.",2026-10-02T20:44:55.075Z,179097389507500
"-- ending hand #246 --",2026-10-02T20:44:54.788Z,179097389478802
"""jaaaaaaan @ O6Q78KIRx-"" collected 15.00 from pot",2026-10-02T20:44:54.788Z,179097389478801
"Uncalled bet of 11.25 returned to ""jaaaaaaan @ O6Q78KIRx-""",2026-10-02T20:44:54.788Z,179097389478800
"""rowan @ GthBpPSqaK"" folds",2026-10-02T20:44:53.962Z,179097389396200
"""jaaaaaaan @ O6Q78KIRx-"" bets 11.25",2026-10-02T20:44:47.144Z,179097388714400
"River: 6♥, K♦, K♥, 2♦ [4♥]",2026-10-02T20:44:41.345Z,179097388134500
"""jaaaaaaan @ O6Q78KIRx-"" calls 3.00",2026-10-02T20:44:40.522Z,179097388052200
"""rowan @ GthBpPSqaK"" bets 3.00",2026-10-02T20:44:37.466Z,179097387746600
"""jaaaaaaan @ O6Q78KIRx-"" checks",2026-10-02T20:44:31.620Z,179097387162000
"Turn: 6♥, K♦, K♥ [2♦]",2026-10-02T20:44:30.570Z,179097387057000
"""Will @ h_ZrezeXHs"" folds",2026-10-02T20:44:29.767Z,179097386976700
"""jaaaaaaan @ O6Q78KIRx-"" calls 2.25",2026-10-02T20:44:28.851Z,179097386885100
"""rowan @ GthBpPSqaK"" bets 2.25",2026-10-02T20:44:26.952Z,179097386695200
"""Will @ h_ZrezeXHs"" checks",2026-10-02T20:44:24.466Z,179097386446600
"""jaaaaaaan @ O6Q78KIRx-"" checks",2026-10-02T20:44:23.222Z,179097386322200
"Flop:  [6♥, K♦, K♥]",2026-10-02T20:44:22.394Z,179097386239400
"""Will @ h_ZrezeXHs"" calls 1.50",2026-10-02T20:44:21.574Z,179097386157400
"""jaaaaaaan @ O6Q78KIRx-"" calls 1.50",2026-10-02T20:44:20.464Z,179097386046400
"""rowan @ GthBpPSqaK"" raises to 1.50",2026-10-02T20:44:19.569Z,179097385956900
"""Will @ h_ZrezeXHs"" posts a big blind of 0.50",2026-10-02T20:44:17.851Z,179097385785106
"""jaaaaaaan @ O6Q78KIRx-"" posts a small blind of 0.25",2026-10-02T20:44:17.851Z,179097385785105
"Player stacks: #2 ""rowan @ GthBpPSqaK"" (122.59) | #5 ""jaaaaaaan @ O6Q78KIRx-"" (113.19) | #7 ""Will @ h_ZrezeXHs"" (249.59)",2026-10-02T20:44:17.851Z,179097385785101
"-- starting hand #246 (id: 9h6mtq4nbvwo)  No Limit Texas Hold'em (dealer: ""rowan @ GthBpPSqaK"") --",2026-10-02T20:44:17.851Z,179097385785100
"""jaaaaaaan @ O6Q78KIRx-"" shows a 4♠, 4♦.",2026-10-02T20:44:13.555Z,179097385355500
"-- ending hand #245 --",2026-10-02T20:44:11.248Z,179097385124802
"""jaaaaaaan @ O6Q78KIRx-"" collected 0.50 from pot",2026-10-02T20:44:11.248Z,179097385124801
"Uncalled bet of 0.25 returned to ""jaaaaaaan @ O6Q78KIRx-""",2026-10-02T20:44:11.248Z,179097385124800
"""rowan @ GthBpPSqaK"" folds",2026-10-02T20:44:10.431Z,179097385043100
"""Will @ h_ZrezeXHs"" folds",2026-10-02T20:44:09.537Z,179097384953700
"""jaaaaaaan @ O6Q78KIRx-"" posts a big blind of 0.50",2026-10-02T20:44:07.467Z,179097384746706
"""rowan @ GthBpPSqaK"" posts a small blind of 0.25",2026-10-02T20:44:07.467Z,179097384746705
"Player stacks: #2 ""rowan @ GthBpPSqaK"" (122.84) | #5 ""jaaaaaaan @ O6Q78KIRx-"" (112.94) | #7 ""Will @ h_ZrezeXHs"" (249.59)",2026-10-02T20:44:07.467Z,179097384746701
"-- starting hand #245 (id: fvixighdqj9v)  No Limit Texas Hold'em (dealer: ""Will @ h_ZrezeXHs"") --",2026-10-02T20:44:07.467Z,179097384746700
"""rowan @ GthBpPSqaK"" shows a A♣, A♥.",2026-10-02T20:44:02.769Z,179097384276900
"-- ending hand #244 --",2026-10-02T20:44:00.956Z,179097384095602
"""Will @ h_ZrezeXHs"" collected 30.50 from pot with Three of a Kind, K's (combination: 8♦, Q♦, K♦, K♥, K♣)",2026-10-02T20:44:00.956Z,179097384095601
"""Will @ h_ZrezeXHs"" shows a K♦, 8♦.",2026-10-02T20:44:00.956Z,179097384095600
"""rowan @ GthBpPSqaK"" calls 6.50",2026-10-02T20:44:00.074Z,179097384007400
"""Will @ h_ZrezeXHs"" bets 6.50",2026-10-02T20:43:58.397Z,179097383839700
"River: 6♠, K♥, K♣, 7♣ [Q♦]",2026-10-02T20:43:45.419Z,179097382541900
"""rowan @ GthBpPSqaK"" checks",2026-10-02T20:43:44.596Z,179097382459600
"""Will @ h_ZrezeXHs"" checks",2026-10-02T20:43:41.858Z,179097382185800
"Turn: 6♠, K♥, K♣ [7♣]",2026-10-02T20:43:40.539Z,179097382053900
"""Will @ h_ZrezeXHs"" calls 3.50",2026-10-02T20:43:39.716Z,179097381971600
"""rowan @ GthBpPSqaK"" bets 3.50",2026-10-02T20:43:37.932Z,179097381793200
"""Will @ h_ZrezeXHs"" checks",2026-10-02T20:43:34.038Z,179097381403800
"Flop:  [6♠, K♥, K♣]",2026-10-02T20:43:32.648Z,179097381264800
"""Will @ h_ZrezeXHs"" calls 5.00",2026-10-02T20:43:31.834Z,179097381183400
"""jaaaaaaan @ O6Q78KIRx-"" folds",2026-10-02T20:43:28.540Z,179097380854000
"""rowan @ GthBpPSqaK"" raises to 5.00",2026-10-02T20:43:26.341Z,179097380634100
"""Will @ h_ZrezeXHs"" raises to 2.00",2026-10-02T20:43:22.442Z,179097380244200
"""jaaaaaaan @ O6Q78KIRx-"" calls 0.50",2026-10-02T20:43:19.454Z,179097379945400
"""rowan @ GthBpPSqaK"" posts a big blind of 0.50",2026-10-02T20:43:18.760Z,179097379876006
"""Will @ h_ZrezeXHs"" posts a small blind of 0.25",2026-10-02T20:43:18.760Z,179097379876005
"Player stacks: #2 ""rowan @ GthBpPSqaK"" (137.84) | #5 ""jaaaaaaan @ O6Q78KIRx-"" (113.44) | #7 ""Will @ h_ZrezeXHs"" (234.09)",2026-10-02T20:43:18.760Z,179097379876001
"-- starting hand #244 (id: ctvylzdzp6aw)  No Limit Texas Hold'em (dealer: ""jaaaaaaan @ O6Q78KIRx-"") --",2026-10-02T20:43:18.760Z,179097379876000
"""rowan @ GthBpPSqaK"" shows a 7♠.",2026-10-02T20:43:17.344Z,179097379734400
"-- ending hand #243 --",2026-10-02T20:43:15.111Z,179097379511102
"""rowan @ GthBpPSqaK"" collected 5.50 from pot",2026-10-02T20:43:15.111Z,179097379511101
"Uncalled bet of 4.12 returned to ""rowan @ GthBpPSqaK""",2026-10-02T20:43:15.111Z,179097379511100
"""jaaaaaaan @ O6Q78KIRx-"" folds",2026-10-02T20:43:14.278Z,179097379427800
"""rowan @ GthBpPSqaK"" bets 4.12",2026-10-02T20:43:13.257Z,179097379325700
"""jaaaaaaan @ O6Q78KIRx-"" checks",2026-10-02T20:43:10.022Z,179097379002200
"River: 8♦, 9♦, A♠, 7♦ [7♥]",2026-10-02T20:43:09.196Z,179097378919600
"""jaaaaaaan @ O6Q78KIRx-"" calls 0.50",2026-10-02T20:43:08.380Z,179097378838000
"""rowan @ GthBpPSqaK"" bets 0.50",2026-10-02T20:43:07.517Z,179097378751700
"""jaaaaaaan @ O6Q78KIRx-"" checks",2026-10-02T20:43:06.250Z,179097378625000
"Turn: 8♦, 9♦, A♠ [7♦]",2026-10-02T20:43:05.502Z,179097378550200
"""rowan @ GthBpPSqaK"" checks",2026-10-02T20:43:04.654Z,179097378465400
"""jaaaaaaan @ O6Q78KIRx-"" checks",2026-10-02T20:43:03.663Z,179097378366300
"Flop:  [8♦, 9♦, A♠]",2026-10-02T20:43:02.326Z,179097378232600
"""rowan @ GthBpPSqaK"" calls 2.00",2026-10-02T20:43:01.456Z,179097378145600
"""Will @ h_ZrezeXHs"" folds",2026-10-02T20:42:58.953Z,179097377895300
"""jaaaaaaan @ O6Q78KIRx-"" raises to 2.00",2026-10-02T20:42:58.072Z,179097377807200
"""rowan @ GthBpPSqaK"" calls 0.50",2026-10-02T20:42:53.918Z,179097377391800
"""Will @ h_ZrezeXHs"" posts a big blind of 0.50",2026-10-02T20:42:50.749Z,179097377074907
"""jaaaaaaan @ O6Q78KIRx-"" posts a small blind of 0.25",2026-10-02T20:42:50.749Z,179097377074906
"Player stacks: #2 ""rowan @ GthBpPSqaK"" (134.84) | #5 ""jaaaaaaan @ O6Q78KIRx-"" (115.94) | #7 ""Will @ h_ZrezeXHs"" (234.59)",2026-10-02T20:42:50.749Z,179097377074902
"-- starting hand #243 (id: ok2cnrmmlctb)  No Limit Texas Hold'em (dead button) --",2026-10-02T20:42:50.749Z,179097377074901
"The player ""sack @ boAReb7tW9"" quits the game with a stack of 0.00.",2026-10-02T20:42:50.749Z,179097377074900
"Asking to busted players the rebuy decision.",2026-10-02T20:42:49.747Z,179097376974700
"-- ending hand #242 --",2026-10-02T20:42:43.732Z,179097376373203
"""rowan @ GthBpPSqaK"" collected 52.70 from pot with Flush, Q High (combination: 3♥, 5♥, 6♥, 7♥, Q♥)",2026-10-02T20:42:43.732Z,179097376373202
"""rowan @ GthBpPSqaK"" shows a 5♥, 3♥.",2026-10-02T20:42:43.732Z,179097376373201
"""sack @ boAReb7tW9"" shows a 6♦, Q♦.",2026-10-02T20:42:43.732Z,179097376373200
"""rowan @ GthBpPSqaK"" calls 16.11",2026-10-02T20:42:42.883Z,179097376288300
"""sack @ boAReb7tW9"" bets 16.11 and go all in",2026-10-02T20:42:40.450Z,179097376045000
"River: 8♦, 7♥, Q♥, K♦ [6♥]",2026-10-02T20:42:37.918Z,179097375791800
"""sack @ boAReb7tW9"" calls 4.62",2026-10-02T20:42:37.082Z,179097375708200
"""rowan @ GthBpPSqaK"" bets 4.62",2026-10-02T20:42:33.426Z,179097375342600
"""sack @ boAReb7tW9"" checks",2026-10-02T20:42:28.433Z,179097374843300
"Turn: 8♦, 7♥, Q♥ [K♦]",2026-10-02T20:42:20.642Z,179097374064200
"""rowan @ GthBpPSqaK"" calls 3.37",2026-10-02T20:42:19.828Z,179097373982800
"""jaaaaaaan @ O6Q78KIRx-"" folds",2026-10-02T20:42:17.731Z,179097373773100
"""sack @ boAReb7tW9"" bets 3.37",2026-10-02T20:42:16.673Z,179097373667300
"Flop:  [8♦, 7♥, Q♥]",2026-10-02T20:42:08.866Z,179097372886600
"""jaaaaaaan @ O6Q78KIRx-"" calls 1.50",2026-10-02T20:42:08.057Z,179097372805700
"""sack @ boAReb7tW9"" calls 1.50",2026-10-02T20:42:07.201Z,179097372720100
"""rowan @ GthBpPSqaK"" raises to 1.50",2026-10-02T20:42:05.499Z,179097372549900
"""Will @ h_ZrezeXHs"" folds",2026-10-02T20:42:03.449Z,179097372344900
"""jaaaaaaan @ O6Q78KIRx-"" posts a big blind of 0.50",2026-10-02T20:42:01.527Z,179097372152707
"""sack @ boAReb7tW9"" posts a small blind of 0.25",2026-10-02T20:42:01.527Z,179097372152706
"Player stacks: #2 ""rowan @ GthBpPSqaK"" (107.74) | #3 ""sack @ boAReb7tW9"" (25.60) | #5 ""jaaaaaaan @ O6Q78KIRx-"" (117.44) | #7 ""Will @ h_ZrezeXHs"" (234.59)",2026-10-02T20:42:01.527Z,179097372152701
"-- starting hand #242 (id: tdy1wpl6bvpt)  No Limit Texas Hold'em (dealer: ""rowan @ GthBpPSqaK"") --",2026-10-02T20:42:01.527Z,179097372152700
"""sack @ boAReb7tW9"" shows a J♥, 9♠.",2026-10-02T20:41:58.912Z,179097371891200
"-- ending hand #241 --",2026-10-02T20:41:57.800Z,179097371780002
"""sack @ boAReb7tW9"" collected 1.50 from pot",2026-10-02T20:41:57.800Z,179097371780001
"Uncalled bet of 1.12 returned to ""sack @ boAReb7tW9""",2026-10-02T20:41:57.800Z,179097371780000
"""jaaaaaaan @ O6Q78KIRx-"" folds",2026-10-02T20:41:56.997Z,179097371699700
"""sack @ boAReb7tW9"" bets 1.12",2026-10-02T20:41:55.727Z,179097371572700
"""rowan @ GthBpPSqaK"" folds",2026-10-02T20:41:53.232Z,179097371323200
"River: 3♠, K♠, 10♠, 2♣ [Q♦]",2026-10-02T20:41:51.281Z,179097371128100
"""jaaaaaaan @ O6Q78KIRx-"" checks",2026-10-02T20:41:50.415Z,179097371041500
"""sack @ boAReb7tW9"" checks",2026-10-02T20:41:49.577Z,179097370957700
"""rowan @ GthBpPSqaK"" checks",2026-10-02T20:41:48.696Z,179097370869600
"Turn: 3♠, K♠, 10♠ [2♣]",2026-10-02T20:41:47.363Z,179097370736300
"""jaaaaaaan @ O6Q78KIRx-"" checks",2026-10-02T20:41:46.539Z,179097370653900
"""sack @ boAReb7tW9"" checks",2026-10-02T20:41:45.702Z,179097370570200
"""rowan @ GthBpPSqaK"" checks",2026-10-02T20:41:44.802Z,179097370480200
"Flop:  [3♠, K♠, 10♠]",2026-10-02T20:41:43.071Z,179097370307100
"""sack @ boAReb7tW9"" checks",2026-10-02T20:41:42.216Z,179097370221600
"""rowan @ GthBpPSqaK"" calls 0.50",2026-10-02T20:41:40.904Z,179097370090400
"""Will @ h_ZrezeXHs"" folds",2026-10-02T20:41:39.973Z,179097369997300
"""jaaaaaaan @ O6Q78KIRx-"" calls 0.50",2026-10-02T20:41:39.093Z,179097369909300
"""sack @ boAReb7tW9"" posts a big blind of 0.50",2026-10-02T20:41:37.576Z,179097369757608
"""rowan @ GthBpPSqaK"" posts a small blind of 0.25",2026-10-02T20:41:37.576Z,179097369757607
"Player stacks: #2 ""rowan @ GthBpPSqaK"" (108.24) | #3 ""sack @ boAReb7tW9"" (24.60) | #5 ""jaaaaaaan @ O6Q78KIRx-"" (117.94) | #7 ""Will @ h_ZrezeXHs"" (234.59)",2026-10-02T20:41:37.576Z,179097369757602
"-- starting hand #241 (id: mtyzoylc49xt)  No Limit Texas Hold'em (dealer: ""Will @ h_ZrezeXHs"") --",2026-10-02T20:41:37.576Z,179097369757601
"The player ""BransonW @ -thFwNBkz6"" stand up with the stack of 274.10.",2026-10-02T20:41:37.576Z,179097369757600
"-- ending hand #240 --",2026-10-02T20:41:31.660Z,179097369166002
"""rowan @ GthBpPSqaK"" collected 2.25 from pot",2026-10-02T20:41:31.660Z,179097369166001
"Uncalled bet of 1.12 returned to ""rowan @ GthBpPSqaK""",2026-10-02T20:41:31.660Z,179097369166000
"""BransonW @ -thFwNBkz6"" folds",2026-10-02T20:41:30.826Z,179097369082600
"""jaaaaaaan @ O6Q78KIRx-"" folds",2026-10-02T20:41:29.819Z,179097368981900
"""sack @ boAReb7tW9"" folds",2026-10-02T20:41:28.349Z,179097368834900
"""rowan @ GthBpPSqaK"" bets 1.12",2026-10-02T20:41:26.364Z,179097368636400
"Flop:  [6♥, Q♥, 6♠]",2026-10-02T20:41:22.147Z,179097368214700
"""rowan @ GthBpPSqaK"" checks",2026-10-02T20:41:21.335Z,179097368133500
"""Will @ h_ZrezeXHs"" folds",2026-10-02T20:41:20.022Z,179097368002200
"""BransonW @ -thFwNBkz6"" calls 0.50",2026-10-02T20:41:19.060Z,179097367906000
"""jaaaaaaan @ O6Q78KIRx-"" calls 0.50",2026-10-02T20:41:17.569Z,179097367756900
"""sack @ boAReb7tW9"" calls 0.50",2026-10-02T20:41:16.540Z,179097367654000
"""rowan @ GthBpPSqaK"" posts a big blind of 0.50",2026-10-02T20:41:15.245Z,179097367524508
"""Will @ h_ZrezeXHs"" posts a small blind of 0.25",2026-10-02T20:41:15.245Z,179097367524507
"Player stacks: #2 ""rowan @ GthBpPSqaK"" (106.49) | #3 ""sack @ boAReb7tW9"" (25.10) | #5 ""jaaaaaaan @ O6Q78KIRx-"" (118.44) | #6 ""BransonW @ -thFwNBkz6"" (274.60) | #7 ""Will @ h_ZrezeXHs"" (234.84)",2026-10-02T20:41:15.245Z,179097367524501
"-- starting hand #240 (id: u19nu6v1w2vx)  No Limit Texas Hold'em (dealer: ""BransonW @ -thFwNBkz6"") --",2026-10-02T20:41:15.245Z,179097367524500
"-- ending hand #239 --",2026-10-02T20:41:09.232Z,179097366923204
"""Will @ h_ZrezeXHs"" collected 36.74 from pot with Straight, 5 High (combination: A♣, 2♥, 3♥, 4♥, 5♠)",2026-10-02T20:41:09.232Z,179097366923203
"""rowan @ GthBpPSqaK"" collected 36.73 from pot with Straight, 5 High (combination: A♣, 2♥, 3♣, 4♥, 5♠)",2026-10-02T20:41:09.232Z,179097366923202
"""rowan @ GthBpPSqaK"" shows a 3♣, 4♦.",2026-10-02T20:41:09.232Z,179097366923201
"""Will @ h_ZrezeXHs"" shows a 3♠, 3♥.",2026-10-02T20:41:09.232Z,179097366923200
"""rowan @ GthBpPSqaK"" calls 27.00",2026-10-02T20:41:08.354Z,179097366835400
"""Will @ h_ZrezeXHs"" raises to 27.00",2026-10-02T20:41:07.283Z,179097366728300
"""sack @ boAReb7tW9"" folds",2026-10-02T20:40:58.221Z,179097365822100
"""rowan @ GthBpPSqaK"" bets 8.73",2026-10-02T20:40:57.111Z,179097365711100
"""Will @ h_ZrezeXHs"" checks",2026-10-02T20:40:49.574Z,179097364957400
"River: 4♥, 5♠, 9♣, 2♥ [A♣]",2026-10-02T20:40:43.459Z,179097364345900
"""Will @ h_ZrezeXHs"" calls 3.74",2026-10-02T20:40:42.603Z,179097364260300
"""jaaaaaaan @ O6Q78KIRx-"" folds",2026-10-02T20:40:41.330Z,179097364133000
"""sack @ boAReb7tW9"" calls 3.74",2026-10-02T20:40:39.915Z,179097363991500
"""rowan @ GthBpPSqaK"" bets 3.74",2026-10-02T20:40:38.599Z,179097363859900
"""Will @ h_ZrezeXHs"" checks",2026-10-02T20:40:32.522Z,179097363252200
"Turn: 4♥, 5♠, 9♣ [2♥]",2026-10-02T20:40:31.143Z,179097363114300
"""jaaaaaaan @ O6Q78KIRx-"" checks",2026-10-02T20:40:30.314Z,179097363031400
"""sack @ boAReb7tW9"" checks",2026-10-02T20:40:26.203Z,179097362620300
"""rowan @ GthBpPSqaK"" checks",2026-10-02T20:40:24.886Z,179097362488600
"""Will @ h_ZrezeXHs"" checks",2026-10-02T20:40:23.613Z,179097362361300
"Flop:  [4♥, 5♠, 9♣]",2026-10-02T20:40:22.385Z,179097362238500
"""rowan @ GthBpPSqaK"" calls 2.00",2026-10-02T20:40:21.540Z,179097362154000
"""Will @ h_ZrezeXHs"" calls 2.00",2026-10-02T20:40:19.833Z,179097361983300
"""BransonW @ -thFwNBkz6"" folds",2026-10-02T20:40:18.296Z,179097361829600
"""jaaaaaaan @ O6Q78KIRx-"" calls 2.00",2026-10-02T20:39:57.451Z,179097359745100
"""sack @ boAReb7tW9"" raises to 2.00",2026-10-02T20:39:56.243Z,179097359624300
"""rowan @ GthBpPSqaK"" calls 0.50",2026-10-02T20:39:50.956Z,179097359095600
"""Will @ h_ZrezeXHs"" posts a big blind of 0.50",2026-10-02T20:39:49.665Z,179097358966508
"""BransonW @ -thFwNBkz6"" posts a small blind of 0.25",2026-10-02T20:39:49.665Z,179097358966507
"Player stacks: #2 ""rowan @ GthBpPSqaK"" (102.50) | #3 ""sack @ boAReb7tW9"" (30.84) | #5 ""jaaaaaaan @ O6Q78KIRx-"" (120.44) | #6 ""BransonW @ -thFwNBkz6"" (274.85) | #7 ""Will @ h_ZrezeXHs"" (230.84)",2026-10-02T20:39:49.665Z,179097358966501
"-- starting hand #239 (id: 5qmkwtamdftp)  No Limit Texas Hold'em (dealer: ""jaaaaaaan @ O6Q78KIRx-"") --",2026-10-02T20:39:49.665Z,179097358966500
"""sack @ boAReb7tW9"" shows a A♥.",2026-10-02T20:39:45.245Z,179097358524500
"-- ending hand #238 --",2026-10-02T20:39:43.123Z,179097358312302
"""BransonW @ -thFwNBkz6"" collected 2.49 from pot with Two Pair, J's & 6's (combination: 10♠, 6♥, 6♦, J♥, J♦)",2026-10-02T20:39:43.123Z,179097358312301
"""BransonW @ -thFwNBkz6"" shows a 6♥, 5♠.",2026-10-02T20:39:43.123Z,179097358312300
"""sack @ boAReb7tW9"" calls 0.62",2026-10-02T20:39:42.312Z,179097358231200
"""BransonW @ -thFwNBkz6"" bets 0.62",2026-10-02T20:39:40.142Z,179097358014200
"River: 2♦, 6♦, J♥, 10♠ [J♦]",2026-10-02T20:39:37.348Z,179097357734800
"""sack @ boAReb7tW9"" checks",2026-10-02T20:39:36.524Z,179097357652400
"""BransonW @ -thFwNBkz6"" checks",2026-10-02T20:39:34.733Z,179097357473300
"Turn: 2♦, 6♦, J♥ [10♠]",2026-10-02T20:39:33.548Z,179097357354800
"""sack @ boAReb7tW9"" checks",2026-10-02T20:39:32.713Z,179097357271300
"""BransonW @ -thFwNBkz6"" checks",2026-10-02T20:39:29.068Z,179097356906800
"Flop:  [2♦, 6♦, J♥]",2026-10-02T20:39:15.644Z,179097355564400
"""BransonW @ -thFwNBkz6"" checks",2026-10-02T20:39:14.811Z,179097355481100
"""jaaaaaaan @ O6Q78KIRx-"" folds",2026-10-02T20:39:13.925Z,179097355392500
"""sack @ boAReb7tW9"" calls 0.50",2026-10-02T20:39:12.460Z,179097355246000
"""rowan @ GthBpPSqaK"" folds",2026-10-02T20:39:11.488Z,179097355148800
"""Will @ h_ZrezeXHs"" folds",2026-10-02T20:39:10.562Z,179097355056200
"""BransonW @ -thFwNBkz6"" posts a big blind of 0.50",2026-10-02T20:39:08.811Z,179097354881108
"""jaaaaaaan @ O6Q78KIRx-"" posts a small blind of 0.25",2026-10-02T20:39:08.811Z,179097354881107
"Player stacks: #2 ""rowan @ GthBpPSqaK"" (102.50) | #3 ""sack @ boAReb7tW9"" (31.96) | #5 ""jaaaaaaan @ O6Q78KIRx-"" (120.69) | #6 ""BransonW @ -thFwNBkz6"" (273.48) | #7 ""Will @ h_ZrezeXHs"" (230.84)",2026-10-02T20:39:08.811Z,179097354881101
"-- starting hand #238 (id: fkkwrimixwjy)  No Limit Texas Hold'em (dealer: ""sack @ boAReb7tW9"") --",2026-10-02T20:39:08.811Z,179097354881100
"""rowan @ GthBpPSqaK"" shows a 2♣, A♦.",2026-10-02T20:39:07.030Z,179097354703000
"-- ending hand #237 --",2026-10-02T20:39:02.279Z,179097354227904
"""Will @ h_ZrezeXHs"" collected 29.50 from pot with Pair, A's (combination: 9♣, 10♣, J♠, A♣, A♥)",2026-10-02T20:39:02.279Z,179097354227903
"""jaaaaaaan @ O6Q78KIRx-"" collected 29.50 from pot with Pair, A's (combination: 9♠, 10♣, J♠, A♠, A♥)",2026-10-02T20:39:02.279Z,179097354227902
"""jaaaaaaan @ O6Q78KIRx-"" shows a 9♠, A♠.",2026-10-02T20:39:02.279Z,179097354227901
"""Will @ h_ZrezeXHs"" shows a A♣, 9♣.",2026-10-02T20:39:02.279Z,179097354227900
"""jaaaaaaan @ O6Q78KIRx-"" calls 12.00",2026-10-02T20:39:01.395Z,179097354139500
"""Will @ h_ZrezeXHs"" bets 12.00",2026-10-02T20:38:57.654Z,179097353765400
"""jaaaaaaan @ O6Q78KIRx-"" checks",2026-10-02T20:38:42.339Z,179097352233900
"River: 5♦, 4♠, 10♣, A♥ [J♠]",2026-10-02T20:38:39.035Z,179097351903500
"""jaaaaaaan @ O6Q78KIRx-"" calls 10.00",2026-10-02T20:38:38.226Z,179097351822600
"""sack @ boAReb7tW9"" folds",2026-10-02T20:38:31.101Z,179097351110100
"""Will @ h_ZrezeXHs"" bets 10.00",2026-10-02T20:38:30.155Z,179097351015500
"""jaaaaaaan @ O6Q78KIRx-"" checks",2026-10-02T20:38:27.059Z,179097350705900
"""sack @ boAReb7tW9"" checks",2026-10-02T20:38:25.103Z,179097350510300
"Turn: 5♦, 4♠, 10♣ [A♥]",2026-10-02T20:38:22.546Z,179097350254600
"""Will @ h_ZrezeXHs"" calls 3.00",2026-10-02T20:38:21.715Z,179097350171500
"""jaaaaaaan @ O6Q78KIRx-"" calls 3.00",2026-10-02T20:38:20.103Z,179097350010300
"""sack @ boAReb7tW9"" bets 3.00",2026-10-02T20:38:18.071Z,179097349807100
"Flop:  [5♦, 4♠, 10♣]",2026-10-02T20:38:13.399Z,179097349339900
"""jaaaaaaan @ O6Q78KIRx-"" calls 2.00",2026-10-02T20:38:12.571Z,179097349257100
"""sack @ boAReb7tW9"" calls 2.00",2026-10-02T20:38:10.893Z,179097349089300
"""rowan @ GthBpPSqaK"" folds",2026-10-02T20:38:09.168Z,179097348916800
"""Will @ h_ZrezeXHs"" raises to 2.00",2026-10-02T20:38:06.481Z,179097348648100
"""BransonW @ -thFwNBkz6"" folds",2026-10-02T20:38:04.132Z,179097348413200
"""jaaaaaaan @ O6Q78KIRx-"" posts a big blind of 0.50",2026-10-02T20:38:03.294Z,179097348329408
"""sack @ boAReb7tW9"" posts a small blind of 0.25",2026-10-02T20:38:03.294Z,179097348329407
"Player stacks: #2 ""rowan @ GthBpPSqaK"" (102.50) | #3 ""sack @ boAReb7tW9"" (36.96) | #5 ""jaaaaaaan @ O6Q78KIRx-"" (118.19) | #6 ""BransonW @ -thFwNBkz6"" (273.48) | #7 ""Will @ h_ZrezeXHs"" (228.34)",2026-10-02T20:38:03.294Z,179097348329401
"-- starting hand #237 (id: vxed8fl7mnsb)  No Limit Texas Hold'em (dealer: ""rowan @ GthBpPSqaK"") --",2026-10-02T20:38:03.294Z,179097348329400
"""rowan @ GthBpPSqaK"" shows a A♥, 6♦.",2026-10-02T20:38:00.748Z,179097348074800
"-- ending hand #236 --",2026-10-02T20:37:59.640Z,179097347964002
"""rowan @ GthBpPSqaK"" collected 22.50 from pot",2026-10-02T20:37:59.640Z,179097347964001
"Uncalled bet of 10.75 returned to ""rowan @ GthBpPSqaK""",2026-10-02T20:37:59.640Z,179097347964000
"""sack @ boAReb7tW9"" folds",2026-10-02T20:37:58.835Z,179097347883500
"""rowan @ GthBpPSqaK"" bets 10.75",2026-10-02T20:37:57.955Z,179097347795500
"River: A♦, 4♠, 5♦, 6♥ [8♥]",2026-10-02T20:37:44.557Z,179097346455700
"""jaaaaaaan @ O6Q78KIRx-"" folds",2026-10-02T20:37:43.690Z,179097346369000
"""sack @ boAReb7tW9"" calls 6.75",2026-10-02T20:37:41.309Z,179097346130900
"""rowan @ GthBpPSqaK"" bets 6.75",2026-10-02T20:37:38.474Z,179097345847400
"Turn: A♦, 4♠, 5♦ [6♥]",2026-10-02T20:37:32.950Z,179097345295000
"""jaaaaaaan @ O6Q78KIRx-"" calls 1.50",2026-10-02T20:37:32.075Z,179097345207500
"""sack @ boAReb7tW9"" calls 1.50",2026-10-02T20:37:28.803Z,179097344880300
"""rowan @ GthBpPSqaK"" bets 1.50",2026-10-02T20:37:25.356Z,179097344535600
"Flop:  [A♦, 4♠, 5♦]",2026-10-02T20:37:21.944Z,179097344194400
"""jaaaaaaan @ O6Q78KIRx-"" calls 1.50",2026-10-02T20:37:21.050Z,179097344105000
"""sack @ boAReb7tW9"" calls 1.50",2026-10-02T20:37:19.749Z,179097343974900
"""rowan @ GthBpPSqaK"" raises to 1.50",2026-10-02T20:37:17.346Z,179097343734600
"""Will @ h_ZrezeXHs"" folds",2026-10-02T20:37:14.449Z,179097343444900
"""BransonW @ -thFwNBkz6"" folds",2026-10-02T20:37:13.422Z,179097343342200
"""jaaaaaaan @ O6Q78KIRx-"" calls 0.50",2026-10-02T20:37:12.544Z,179097343254400
"""sack @ boAReb7tW9"" posts a big blind of 0.50",2026-10-02T20:37:11.344Z,179097343134409
"""rowan @ GthBpPSqaK"" posts a small blind of 0.25",2026-10-02T20:37:11.344Z,179097343134408
"Player stacks: #2 ""rowan @ GthBpPSqaK"" (89.75) | #3 ""sack @ boAReb7tW9"" (46.71) | #5 ""jaaaaaaan @ O6Q78KIRx-"" (121.19) | #6 ""BransonW @ -thFwNBkz6"" (273.48) | #7 ""Will @ h_ZrezeXHs"" (228.34)",2026-10-02T20:37:11.344Z,179097343134402
"-- starting hand #236 (id: u3ztkydejth6)  No Limit Texas Hold'em (dead button) --",2026-10-02T20:37:11.344Z,179097343134401
"The player ""Cameron(ryan) @ eWUSzBpS1d"" stand up with the stack of 162.65.",2026-10-02T20:37:11.344Z,179097343134400
"-- ending hand #235 --",2026-10-02T20:37:05.311Z,179097342531103
"""sack @ boAReb7tW9"" collected 10.75 from pot with Two Pair, 7's & 6's (combination: Q♠, 6♣, 6♥, 7♣, 7♦)",2026-10-02T20:37:05.311Z,179097342531102
"""sack @ boAReb7tW9"" shows a 7♣, 7♦.",2026-10-02T20:37:05.311Z,179097342531101
"""rowan @ GthBpPSqaK"" shows a K♦, J♣.",2026-10-02T20:37:05.311Z,179097342531100
"""Will @ h_ZrezeXHs"" checks",2026-10-02T20:37:04.423Z,179097342442300
"""sack @ boAReb7tW9"" checks",2026-10-02T20:37:03.411Z,179097342341100
"""rowan @ GthBpPSqaK"" checks",2026-10-02T20:37:00.434Z,179097342043400
"River: 6♣, Q♠, 2♣, 6♥ [2♠]",2026-10-02T20:36:58.058Z,179097341805800
"""Will @ h_ZrezeXHs"" checks",2026-10-02T20:36:57.233Z,179097341723300
"""sack @ boAReb7tW9"" checks",2026-10-02T20:36:55.266Z,179097341526600
"""rowan @ GthBpPSqaK"" checks",2026-10-02T20:36:51.906Z,179097341190600
"Turn: 6♣, Q♠, 2♣ [6♥]",2026-10-02T20:36:50.468Z,179097341046800
"""sack @ boAReb7tW9"" calls 2.00",2026-10-02T20:36:49.647Z,179097340964700
"""rowan @ GthBpPSqaK"" calls 2.00",2026-10-02T20:36:46.881Z,179097340688100
"""Will @ h_ZrezeXHs"" bets 2.00",2026-10-02T20:36:44.329Z,179097340432900
"""sack @ boAReb7tW9"" checks",2026-10-02T20:36:40.628Z,179097340062800
"""rowan @ GthBpPSqaK"" checks",2026-10-02T20:36:38.856Z,179097339885600
"Flop:  [6♣, Q♠, 2♣]",2026-10-02T20:36:37.495Z,179097339749500
"""rowan @ GthBpPSqaK"" calls 1.50",2026-10-02T20:36:36.674Z,179097339667400
"""Cameron(ryan) @ eWUSzBpS1d"" folds",2026-10-02T20:36:35.708Z,179097339570800
"""Will @ h_ZrezeXHs"" calls 1.50",2026-10-02T20:36:20.710Z,179097338071000
"""BransonW @ -thFwNBkz6"" folds",2026-10-02T20:36:16.632Z,179097337663200
"""jaaaaaaan @ O6Q78KIRx-"" folds",2026-10-02T20:36:15.639Z,179097337563900
"""sack @ boAReb7tW9"" raises to 1.50",2026-10-02T20:36:13.989Z,179097337398900
"""rowan @ GthBpPSqaK"" posts a big blind of 0.50",2026-10-02T20:36:09.185Z,179097336918509
"""Cameron(ryan) @ eWUSzBpS1d"" posts a small blind of 0.25",2026-10-02T20:36:09.185Z,179097336918508
"Your hand is 8♠, 5♥",2026-10-02T20:36:09.185Z,179097336918502
"Player stacks: #1 ""Cameron(ryan) @ eWUSzBpS1d"" (162.90) | #2 ""rowan @ GthBpPSqaK"" (93.25) | #3 ""sack @ boAReb7tW9"" (39.46) | #5 ""jaaaaaaan @ O6Q78KIRx-"" (121.19) | #6 ""BransonW @ -thFwNBkz6"" (273.48) | #7 ""Will @ h_ZrezeXHs"" (231.84)",2026-10-02T20:36:09.185Z,179097336918501
"-- starting hand #235 (id: qnlyix4hcp66)  No Limit Texas Hold'em (dealer: ""Will @ h_ZrezeXHs"") --",2026-10-02T20:36:09.185Z,179097336918500
"""jaaaaaaan @ O6Q78KIRx-"" shows a 5♣, 5♠.",2026-10-02T20:36:06.648Z,179097336664800
"""Cameron(ryan) @ eWUSzBpS1d"" shows a Q♣.",2026-10-02T20:36:05.063Z,179097336506300
"""Cameron(ryan) @ eWUSzBpS1d"" shows a J♦.",2026-10-02T20:36:04.965Z,179097336496500
"-- ending hand #234 --",2026-10-02T20:36:04.838Z,179097336483802
"""jaaaaaaan @ O6Q78KIRx-"" collected 56.97 from pot",2026-10-02T20:36:04.838Z,179097336483801
"Uncalled bet of 56.97 returned to ""jaaaaaaan @ O6Q78KIRx-""",2026-10-02T20:36:04.838Z,179097336483800
"""Cameron(ryan) @ eWUSzBpS1d"" folds",2026-10-02T20:36:03.983Z,179097336398300
"""jaaaaaaan @ O6Q78KIRx-"" raises to 71.71",2026-10-02T20:35:51.988Z,179097335198800
"""Cameron(ryan) @ eWUSzBpS1d"" raises to 14.74",2026-10-02T20:35:48.322Z,179097334832200
"""jaaaaaaan @ O6Q78KIRx-"" bets 0.50",2026-10-02T20:35:44.538Z,179097334453800
"""Cameron(ryan) @ eWUSzBpS1d"" checks",2026-10-02T20:35:42.475Z,179097334247500
"River: 10♣, 5♥, 8♠, 9♥ [2♥]",2026-10-02T20:35:35.493Z,179097333549300
"""BransonW @ -thFwNBkz6"" folds",2026-10-02T20:35:34.647Z,179097333464700
"""jaaaaaaan @ O6Q78KIRx-"" calls 7.37",2026-10-02T20:35:32.390Z,179097333239000
"""sack @ boAReb7tW9"" folds",2026-10-02T20:35:30.277Z,179097333027700
"""rowan @ GthBpPSqaK"" folds",2026-10-02T20:35:29.421Z,179097332942100
"""Cameron(ryan) @ eWUSzBpS1d"" bets 7.37",2026-10-02T20:35:28.117Z,179097332811700
"Turn: 10♣, 5♥, 8♠ [9♥]",2026-10-02T20:35:15.914Z,179097331591400
"""BransonW @ -thFwNBkz6"" checks",2026-10-02T20:35:15.085Z,179097331508500
"""jaaaaaaan @ O6Q78KIRx-"" checks",2026-10-02T20:35:14.065Z,179097331406500
"""sack @ boAReb7tW9"" checks",2026-10-02T20:35:08.930Z,179097330893000
"""rowan @ GthBpPSqaK"" checks",2026-10-02T20:35:07.515Z,179097330751500
"""Cameron(ryan) @ eWUSzBpS1d"" checks",2026-10-02T20:35:05.756Z,179097330575600
"Flop:  [10♣, 5♥, 8♠]",2026-10-02T20:35:01.393Z,179097330139300
"""jaaaaaaan @ O6Q78KIRx-"" calls 2.50",2026-10-02T20:35:00.533Z,179097330053300
"""sack @ boAReb7tW9"" calls 2.50",2026-10-02T20:34:57.971Z,179097329797100
"""rowan @ GthBpPSqaK"" calls 2.50",2026-10-02T20:34:57.109Z,179097329710900
"""Cameron(ryan) @ eWUSzBpS1d"" calls 2.50",2026-10-02T20:34:53.704Z,179097329370400
"""Will @ h_ZrezeXHs"" folds",2026-10-02T20:34:52.636Z,179097329263600
"""BransonW @ -thFwNBkz6"" raises to 2.50",2026-10-02T20:34:51.086Z,179097329108600
"""jaaaaaaan @ O6Q78KIRx-"" calls 1.50",2026-10-02T20:34:49.356Z,179097328935600
"""sack @ boAReb7tW9"" calls 1.50",2026-10-02T20:34:48.237Z,179097328823700
"""rowan @ GthBpPSqaK"" raises to 1.50",2026-10-02T20:34:46.748Z,179097328674800
"""Cameron(ryan) @ eWUSzBpS1d"" posts a big blind of 0.50",2026-10-02T20:34:44.355Z,179097328435509
"""Will @ h_ZrezeXHs"" posts a small blind of 0.25",2026-10-02T20:34:44.355Z,179097328435508
"Your hand is J♦, Q♣",2026-10-02T20:34:44.355Z,179097328435502
"Player stacks: #1 ""Cameron(ryan) @ eWUSzBpS1d"" (187.51) | #2 ""rowan @ GthBpPSqaK"" (95.75) | #3 ""sack @ boAReb7tW9"" (41.96) | #5 ""jaaaaaaan @ O6Q78KIRx-"" (88.83) | #6 ""BransonW @ -thFwNBkz6"" (275.98) | #7 ""Will @ h_ZrezeXHs"" (232.09)",2026-10-02T20:34:44.355Z,179097328435501
"-- starting hand #234 (id: excycarpavno)  No Limit Texas Hold'em (dealer: ""BransonW @ -thFwNBkz6"") --",2026-10-02T20:34:44.355Z,179097328435500
"""Will @ h_ZrezeXHs"" shows a 6♣, 8♦.",2026-10-02T20:34:42.718Z,179097328271800
"-- ending hand #233 --",2026-10-02T20:34:40.749Z,179097328074902
"""Cameron(ryan) @ eWUSzBpS1d"" collected 8.50 from pot",2026-10-02T20:34:40.749Z,179097328074901
"Uncalled bet of 6.87 returned to ""Cameron(ryan) @ eWUSzBpS1d""",2026-10-02T20:34:40.749Z,179097328074900
"""BransonW @ -thFwNBkz6"" folds",2026-10-02T20:34:39.936Z,179097327993600
"""sack @ boAReb7tW9"" folds",2026-10-02T20:34:38.880Z,179097327888000
"""rowan @ GthBpPSqaK"" folds",2026-10-02T20:34:37.988Z,179097327798800
"""Cameron(ryan) @ eWUSzBpS1d"" bets 6.87",2026-10-02T20:34:37.109Z,179097327710900
"""BransonW @ -thFwNBkz6"" checks",2026-10-02T20:34:32.077Z,179097327207700
"River: 3♠, 2♦, 6♦, 8♥ [Q♦]",2026-10-02T20:34:30.567Z,179097327056700
"""sack @ boAReb7tW9"" checks",2026-10-02T20:34:29.729Z,179097326972900
"""rowan @ GthBpPSqaK"" checks",2026-10-02T20:34:28.774Z,179097326877400
"""Cameron(ryan) @ eWUSzBpS1d"" checks",2026-10-02T20:34:27.804Z,179097326780400
"""BransonW @ -thFwNBkz6"" checks",2026-10-02T20:34:25.657Z,179097326565700
"Turn: 3♠, 2♦, 6♦ [8♥]",2026-10-02T20:34:23.301Z,179097326330100
"""sack @ boAReb7tW9"" checks",2026-10-02T20:34:22.492Z,179097326249200
"""rowan @ GthBpPSqaK"" checks",2026-10-02T20:34:21.194Z,179097326119400
"""Cameron(ryan) @ eWUSzBpS1d"" checks",2026-10-02T20:34:20.321Z,179097326032100
"""BransonW @ -thFwNBkz6"" checks",2026-10-02T20:34:15.047Z,179097325504700
"Flop:  [3♠, 2♦, 6♦]",2026-10-02T20:34:10.950Z,179097325095000
"""Cameron(ryan) @ eWUSzBpS1d"" calls 2.00",2026-10-02T20:34:10.122Z,179097325012200
"""Will @ h_ZrezeXHs"" folds",2026-10-02T20:34:04.679Z,179097324467900
"""BransonW @ -thFwNBkz6"" calls 2.00",2026-10-02T20:34:03.617Z,179097324361700
"""jaaaaaaan @ O6Q78KIRx-"" folds",2026-10-02T20:33:58.680Z,179097323868000
"""sack @ boAReb7tW9"" calls 2.00",2026-10-02T20:33:57.807Z,179097323780700
"""rowan @ GthBpPSqaK"" raises to 2.00",2026-10-02T20:33:54.238Z,179097323423800
"""Cameron(ryan) @ eWUSzBpS1d"" calls 0.50",2026-10-02T20:33:52.079Z,179097323207900
"""Will @ h_ZrezeXHs"" posts a big blind of 0.50",2026-10-02T20:33:37.492Z,179097321749209
"""BransonW @ -thFwNBkz6"" posts a small blind of 0.25",2026-10-02T20:33:37.492Z,179097321749208
"Your hand is 10♦, 3♦",2026-10-02T20:33:37.492Z,179097321749202
"Player stacks: #1 ""Cameron(ryan) @ eWUSzBpS1d"" (181.01) | #2 ""rowan @ GthBpPSqaK"" (97.75) | #3 ""sack @ boAReb7tW9"" (43.96) | #5 ""jaaaaaaan @ O6Q78KIRx-"" (88.83) | #6 ""BransonW @ -thFwNBkz6"" (277.98) | #7 ""Will @ h_ZrezeXHs"" (232.59)",2026-10-02T20:33:37.492Z,179097321749201
"-- starting hand #233 (id: 7w5tqr6crdnl)  No Limit Texas Hold'em (dealer: ""jaaaaaaan @ O6Q78KIRx-"") --",2026-10-02T20:33:37.492Z,179097321749200
"-- ending hand #232 --",2026-10-02T20:33:31.584Z,179097321158402
"""sack @ boAReb7tW9"" collected 1.50 from pot",2026-10-02T20:33:31.584Z,179097321158401
"Uncalled bet of 1.50 returned to ""sack @ boAReb7tW9""",2026-10-02T20:33:31.584Z,179097321158400
"""BransonW @ -thFwNBkz6"" folds",2026-10-02T20:33:30.747Z,179097321074700
"""jaaaaaaan @ O6Q78KIRx-"" folds",2026-10-02T20:33:28.504Z,179097320850400
"""sack @ boAReb7tW9"" bets 1.50",2026-10-02T20:33:24.762Z,179097320476200
"""BransonW @ -thFwNBkz6"" checks",2026-10-02T20:33:22.077Z,179097320207700
"""jaaaaaaan @ O6Q78KIRx-"" checks",2026-10-02T20:33:11.288Z,179097319128800
"Flop:  [4♠, J♥, 2♣]",2026-10-02T20:33:10.013Z,179097319001300
"""BransonW @ -thFwNBkz6"" checks",2026-10-02T20:33:09.181Z,179097318918100
"""jaaaaaaan @ O6Q78KIRx-"" calls 0.50",2026-10-02T20:33:05.271Z,179097318527100
"""sack @ boAReb7tW9"" calls 0.50",2026-10-02T20:33:04.247Z,179097318424700
"""rowan @ GthBpPSqaK"" folds",2026-10-02T20:33:00.240Z,179097318024000
"""Cameron(ryan) @ eWUSzBpS1d"" folds",2026-10-02T20:32:59.200Z,179097317920000
"""Will @ h_ZrezeXHs"" folds",2026-10-02T20:32:58.358Z,179097317835800
"""BransonW @ -thFwNBkz6"" posts a big blind of 0.50",2026-10-02T20:32:54.538Z,179097317453809
"""jaaaaaaan @ O6Q78KIRx-"" posts a small blind of 0.25",2026-10-02T20:32:54.538Z,179097317453808
"Your hand is 9♦, 2♠",2026-10-02T20:32:54.538Z,179097317453802
"Player stacks: #1 ""Cameron(ryan) @ eWUSzBpS1d"" (181.01) | #2 ""rowan @ GthBpPSqaK"" (97.75) | #3 ""sack @ boAReb7tW9"" (42.96) | #5 ""jaaaaaaan @ O6Q78KIRx-"" (89.33) | #6 ""BransonW @ -thFwNBkz6"" (278.48) | #7 ""Will @ h_ZrezeXHs"" (232.59)",2026-10-02T20:32:54.538Z,179097317453801
"-- starting hand #232 (id: taxxjctwmsgr)  No Limit Texas Hold'em (dealer: ""sack @ boAReb7tW9"") --",2026-10-02T20:32:54.538Z,179097317453800
"-- ending hand #231 --",2026-10-02T20:32:48.434Z,179097316843402
"""jaaaaaaan @ O6Q78KIRx-"" collected 15.53 from pot with Straight, J High (combination: 7♣, 8♥, 9♠, 10♥, J♦)",2026-10-02T20:32:48.434Z,179097316843401
"""jaaaaaaan @ O6Q78KIRx-"" shows a 9♠, 8♥.",2026-10-02T20:32:48.434Z,179097316843400
"""BransonW @ -thFwNBkz6"" checks",2026-10-02T20:32:47.607Z,179097316760700
"""jaaaaaaan @ O6Q78KIRx-"" checks",2026-10-02T20:32:35.712Z,179097315571200
"River: 10♥, 3♦, 7♣, 3♥ [J♦]",2026-10-02T20:32:29.828Z,179097314982800
"""jaaaaaaan @ O6Q78KIRx-"" calls 3.88",2026-10-02T20:32:29.016Z,179097314901600
"""BransonW @ -thFwNBkz6"" bets 3.88",2026-10-02T20:32:25.799Z,179097314579900
"""jaaaaaaan @ O6Q78KIRx-"" checks",2026-10-02T20:32:21.902Z,179097314190200
"Turn: 10♥, 3♦, 7♣ [3♥]",2026-10-02T20:32:20.712Z,179097314071200
"""jaaaaaaan @ O6Q78KIRx-"" calls 2.33",2026-10-02T20:32:19.891Z,179097313989100
"""BransonW @ -thFwNBkz6"" bets 2.33",2026-10-02T20:32:16.708Z,179097313670800
"""jaaaaaaan @ O6Q78KIRx-"" checks",2026-10-02T20:32:13.284Z,179097313328400
"Flop:  [10♥, 3♦, 7♣]",2026-10-02T20:32:11.814Z,179097313181400
"""jaaaaaaan @ O6Q78KIRx-"" calls 1.43",2026-10-02T20:32:10.964Z,179097313096400
"""sack @ boAReb7tW9"" folds",2026-10-02T20:32:10.065Z,179097313006500
"""rowan @ GthBpPSqaK"" folds",2026-10-02T20:32:07.257Z,179097312725700
"""Cameron(ryan) @ eWUSzBpS1d"" folds",2026-10-02T20:32:06.352Z,179097312635200
"""Will @ h_ZrezeXHs"" folds",2026-10-02T20:32:05.522Z,179097312552200
"""BransonW @ -thFwNBkz6"" raises to 1.43",2026-10-02T20:32:04.508Z,179097312450800
"""jaaaaaaan @ O6Q78KIRx-"" posts a big blind of 0.50",2026-10-02T20:32:01.065Z,179097312106509
"""sack @ boAReb7tW9"" posts a small blind of 0.25",2026-10-02T20:32:01.065Z,179097312106508
"Your hand is 2♣, J♠",2026-10-02T20:32:01.065Z,179097312106502
"Player stacks: #1 ""Cameron(ryan) @ eWUSzBpS1d"" (181.01) | #2 ""rowan @ GthBpPSqaK"" (97.75) | #3 ""sack @ boAReb7tW9"" (43.21) | #5 ""jaaaaaaan @ O6Q78KIRx-"" (81.44) | #6 ""BransonW @ -thFwNBkz6"" (286.12) | #7 ""Will @ h_ZrezeXHs"" (232.59)",2026-10-02T20:32:01.065Z,179097312106501
"-- starting hand #231 (id: 0rxxouboilrk)  No Limit Texas Hold'em (dealer: ""rowan @ GthBpPSqaK"") --",2026-10-02T20:32:01.065Z,179097312106500
"""rowan @ GthBpPSqaK"" shows a 4♥, 5♠.",2026-10-02T20:31:58.380Z,179097311838000
"""jaaaaaaan @ O6Q78KIRx-"" shows a 6♦, A♥.",2026-10-02T20:31:54.694Z,179097311469400
"-- ending hand #230 --",2026-10-02T20:31:53.761Z,179097311376102
"""jaaaaaaan @ O6Q78KIRx-"" collected 5.75 from pot",2026-10-02T20:31:53.761Z,179097311376101
"Uncalled bet of 4.31 returned to ""jaaaaaaan @ O6Q78KIRx-""",2026-10-02T20:31:53.761Z,179097311376100
"""rowan @ GthBpPSqaK"" folds",2026-10-02T20:31:52.891Z,179097311289100
"""Cameron(ryan) @ eWUSzBpS1d"" folds",2026-10-02T20:31:51.036Z,179097311103600
"""jaaaaaaan @ O6Q78KIRx-"" bets 4.31",2026-10-02T20:31:40.303Z,179097310030300
"""rowan @ GthBpPSqaK"" checks",2026-10-02T20:31:37.243Z,179097309724300
"Turn: 9♦, A♦, 2♠ [6♥]",2026-10-02T20:31:35.654Z,179097309565400
"""Cameron(ryan) @ eWUSzBpS1d"" checks",2026-10-02T20:31:34.850Z,179097309485000
"""jaaaaaaan @ O6Q78KIRx-"" checks",2026-10-02T20:31:33.477Z,179097309347700
"""rowan @ GthBpPSqaK"" checks",2026-10-02T20:31:32.197Z,179097309219700
"Flop:  [9♦, A♦, 2♠]",2026-10-02T20:31:30.580Z,179097309058000
"""sack @ boAReb7tW9"" folds",2026-10-02T20:31:29.762Z,179097308976200
"""rowan @ GthBpPSqaK"" calls 1.75",2026-10-02T20:31:27.564Z,179097308756400
"""Cameron(ryan) @ eWUSzBpS1d"" calls 1.75",2026-10-02T20:31:26.683Z,179097308668300
"""Will @ h_ZrezeXHs"" folds",2026-10-02T20:31:09.595Z,179097306959500
"""BransonW @ -thFwNBkz6"" folds",2026-10-02T20:31:08.699Z,179097306869900
"""jaaaaaaan @ O6Q78KIRx-"" raises to 1.75",2026-10-02T20:31:07.788Z,179097306778800
"""sack @ boAReb7tW9"" posts a big blind of 0.50",2026-10-02T20:31:04.296Z,179097306429609
"""rowan @ GthBpPSqaK"" posts a small blind of 0.25",2026-10-02T20:31:04.296Z,179097306429608
"Your hand is 4♠, 7♠",2026-10-02T20:31:04.296Z,179097306429602
"Player stacks: #1 ""Cameron(ryan) @ eWUSzBpS1d"" (182.76) | #2 ""rowan @ GthBpPSqaK"" (99.50) | #3 ""sack @ boAReb7tW9"" (43.71) | #5 ""jaaaaaaan @ O6Q78KIRx-"" (77.44) | #6 ""BransonW @ -thFwNBkz6"" (286.12) | #7 ""Will @ h_ZrezeXHs"" (232.59)",2026-10-02T20:31:04.296Z,179097306429601
"-- starting hand #230 (id: cszvqwbvepls)  No Limit Texas Hold'em (dealer: ""Cameron(ryan) @ eWUSzBpS1d"") --",2026-10-02T20:31:04.296Z,179097306429600
"""Cameron(ryan) @ eWUSzBpS1d"" shows a 2♥.",2026-10-02T20:31:00.108Z,179097306010800
"""jaaaaaaan @ O6Q78KIRx-"" shows a 5♥, 2♦.",2026-10-02T20:30:58.417Z,179097305841700
"""rowan @ GthBpPSqaK"" shows a 6♠, 4♦.",2026-10-02T20:30:57.845Z,179097305784500
"Undealt cards:  [K♥, 3♥, 8♥, 5♣, 7♥]",2026-10-02T20:30:57.378Z,179097305737800
"-- ending hand #229 --",2026-10-02T20:30:56.267Z,179097305626702
"""sack @ boAReb7tW9"" collected 1.25 from pot",2026-10-02T20:30:56.267Z,179097305626701
"Uncalled bet of 2.00 returned to ""sack @ boAReb7tW9""",2026-10-02T20:30:56.267Z,179097305626700
"""rowan @ GthBpPSqaK"" folds",2026-10-02T20:30:55.355Z,179097305535500
"""Cameron(ryan) @ eWUSzBpS1d"" folds",2026-10-02T20:30:54.096Z,179097305409600
"""Will @ h_ZrezeXHs"" folds",2026-10-02T20:30:53.205Z,179097305320500
"""BransonW @ -thFwNBkz6"" folds",2026-10-02T20:30:41.511Z,179097304151100
"""jaaaaaaan @ O6Q78KIRx-"" folds",2026-10-02T20:30:39.898Z,179097303989800
"""sack @ boAReb7tW9"" raises to 2.50",2026-10-02T20:30:38.488Z,179097303848800
"""rowan @ GthBpPSqaK"" posts a big blind of 0.50",2026-10-02T20:30:36.126Z,179097303612609
"""Cameron(ryan) @ eWUSzBpS1d"" posts a small blind of 0.25",2026-10-02T20:30:36.126Z,179097303612608
"Your hand is 2♥, 9♦",2026-10-02T20:30:36.126Z,179097303612602
"Player stacks: #1 ""Cameron(ryan) @ eWUSzBpS1d"" (183.01) | #2 ""rowan @ GthBpPSqaK"" (100.00) | #3 ""sack @ boAReb7tW9"" (42.96) | #5 ""jaaaaaaan @ O6Q78KIRx-"" (77.44) | #6 ""BransonW @ -thFwNBkz6"" (286.12) | #7 ""Will @ h_ZrezeXHs"" (232.59)",2026-10-02T20:30:36.126Z,179097303612601
"-- starting hand #229 (id: 3r4p9wpd5kej)  No Limit Texas Hold'em (dealer: ""Will @ h_ZrezeXHs"") --",2026-10-02T20:30:36.126Z,179097303612600
"""sack @ boAReb7tW9"" shows a 5♥.",2026-10-02T20:30:30.511Z,179097303051100
"-- ending hand #228 --",2026-10-02T20:30:29.614Z,179097302961403
"""jaaaaaaan @ O6Q78KIRx-"" collected 1.25 from pot with Three of a Kind, 4's (combination: K♠, A♦, 4♣, 4♦, 4♠)",2026-10-02T20:30:29.614Z,179097302961402
"""jaaaaaaan @ O6Q78KIRx-"" shows a A♦, 3♣.",2026-10-02T20:30:29.614Z,179097302961401
"""Cameron(ryan) @ eWUSzBpS1d"" shows a J♥, 8♣.",2026-10-02T20:30:29.614Z,179097302961400
"""jaaaaaaan @ O6Q78KIRx-"" checks",2026-10-02T20:30:28.793Z,179097302879300
"""Cameron(ryan) @ eWUSzBpS1d"" checks",2026-10-02T20:30:27.705Z,179097302770500
"River: K♠, 4♣, 5♠, 4♦ [4♠]",2026-10-02T20:30:26.409Z,179097302640900
"""jaaaaaaan @ O6Q78KIRx-"" checks",2026-10-02T20:30:25.545Z,179097302554500
"""Cameron(ryan) @ eWUSzBpS1d"" checks",2026-10-02T20:30:24.703Z,179097302470300
"Turn: K♠, 4♣, 5♠ [4♦]",2026-10-02T20:30:23.475Z,179097302347500
"""jaaaaaaan @ O6Q78KIRx-"" checks",2026-10-02T20:30:22.635Z,179097302263500
"""Cameron(ryan) @ eWUSzBpS1d"" checks",2026-10-02T20:30:21.751Z,179097302175100
"Flop:  [K♠, 4♣, 5♠]",2026-10-02T20:30:20.872Z,179097302087200
"""Cameron(ryan) @ eWUSzBpS1d"" checks",2026-10-02T20:30:20.057Z,179097302005700
"""Will @ h_ZrezeXHs"" folds",2026-10-02T20:30:19.218Z,179097301921800
"""BransonW @ -thFwNBkz6"" folds",2026-10-02T20:30:18.307Z,179097301830700
"""jaaaaaaan @ O6Q78KIRx-"" calls 0.50",2026-10-02T20:30:16.097Z,179097301609700
"""sack @ boAReb7tW9"" folds",2026-10-02T20:30:15.110Z,179097301511000
"""rowan @ GthBpPSqaK"" folds",2026-10-02T20:30:13.014Z,179097301301400
"""Cameron(ryan) @ eWUSzBpS1d"" posts a big blind of 0.50",2026-10-02T20:30:11.619Z,179097301161909
"""Will @ h_ZrezeXHs"" posts a small blind of 0.25",2026-10-02T20:30:11.619Z,179097301161908
"Your hand is J♥, 8♣",2026-10-02T20:30:11.619Z,179097301161902
"Player stacks: #1 ""Cameron(ryan) @ eWUSzBpS1d"" (183.51) | #2 ""rowan @ GthBpPSqaK"" (100.00) | #3 ""sack @ boAReb7tW9"" (42.96) | #5 ""jaaaaaaan @ O6Q78KIRx-"" (76.69) | #6 ""BransonW @ -thFwNBkz6"" (286.12) | #7 ""Will @ h_ZrezeXHs"" (232.84)",2026-10-02T20:30:11.619Z,179097301161901
"-- starting hand #228 (id: gkvia8a3fvdt)  No Limit Texas Hold'em (dealer: ""BransonW @ -thFwNBkz6"") --",2026-10-02T20:30:11.619Z,179097301161900
"""sack @ boAReb7tW9"" shows a Q♥.",2026-10-02T20:30:08.616Z,179097300861600
"-- ending hand #227 --",2026-10-02T20:30:08.009Z,179097300800902
"""BransonW @ -thFwNBkz6"" collected 14.94 from pot",2026-10-02T20:30:08.009Z,179097300800901
"Uncalled bet of 5.80 returned to ""BransonW @ -thFwNBkz6""",2026-10-02T20:30:08.009Z,179097300800900
"""sack @ boAReb7tW9"" folds",2026-10-02T20:30:07.184Z,179097300718400
"""BransonW @ -thFwNBkz6"" bets 5.80",2026-10-02T20:29:56.277Z,179097299627700
"River: K♣, 5♥, A♣, Q♦ [6♠]",2026-10-02T20:29:52.550Z,179097299255000
"""sack @ boAReb7tW9"" checks",2026-10-02T20:29:51.735Z,179097299173500
"""BransonW @ -thFwNBkz6"" checks",2026-10-02T20:29:44.884Z,179097298488400
"Turn: K♣, 5♥, A♣ [Q♦]",2026-10-02T20:29:40.940Z,179097298094000
"""sack @ boAReb7tW9"" calls 5.60",2026-10-02T20:29:40.092Z,179097298009200
"""BransonW @ -thFwNBkz6"" raises to 5.60",2026-10-02T20:29:30.410Z,179097297041000
"""sack @ boAReb7tW9"" bets 2.80",2026-10-02T20:29:24.963Z,179097296496300
"""BransonW @ -thFwNBkz6"" checks",2026-10-02T20:29:20.765Z,179097296076500
"Flop:  [K♣, 5♥, A♣]",2026-10-02T20:29:19.042Z,179097295904200
"""sack @ boAReb7tW9"" calls 1.62",2026-10-02T20:29:18.214Z,179097295821400
"""Will @ h_ZrezeXHs"" folds",2026-10-02T20:29:17.366Z,179097295736600
"""BransonW @ -thFwNBkz6"" raises to 1.62",2026-10-02T20:29:16.409Z,179097295640900
"""jaaaaaaan @ O6Q78KIRx-"" folds",2026-10-02T20:29:13.080Z,179097295308000
"""sack @ boAReb7tW9"" calls 0.50",2026-10-02T20:29:12.185Z,179097295218500
"""rowan @ GthBpPSqaK"" folds",2026-10-02T20:29:11.239Z,179097295123900
"""Cameron(ryan) @ eWUSzBpS1d"" folds",2026-10-02T20:29:10.362Z,179097295036200
"""Will @ h_ZrezeXHs"" posts a big blind of 0.50",2026-10-02T20:29:00.104Z,179097294010409
"""BransonW @ -thFwNBkz6"" posts a small blind of 0.25",2026-10-02T20:29:00.104Z,179097294010408
"Your hand is 5♦, 9♥",2026-10-02T20:29:00.104Z,179097294010402
"Player stacks: #1 ""Cameron(ryan) @ eWUSzBpS1d"" (183.51) | #2 ""rowan @ GthBpPSqaK"" (100.00) | #3 ""sack @ boAReb7tW9"" (50.18) | #5 ""jaaaaaaan @ O6Q78KIRx-"" (76.69) | #6 ""BransonW @ -thFwNBkz6"" (278.40) | #7 ""Will @ h_ZrezeXHs"" (233.34)",2026-10-02T20:29:00.104Z,179097294010401
"-- starting hand #227 (id: ybejdvnvmvil)  No Limit Texas Hold'em (dealer: ""jaaaaaaan @ O6Q78KIRx-"") --",2026-10-02T20:29:00.104Z,179097294010400
"-- ending hand #226 --",2026-10-02T20:28:54.057Z,179097293405704
"""sack @ boAReb7tW9"" collected 7.25 from pot with Pair, 6's (combination: 9♥, J♦, K♦, 6♠, 6♦)",2026-10-02T20:28:54.057Z,179097293405703
"""sack @ boAReb7tW9"" shows a 6♠, 8♠.",2026-10-02T20:28:54.057Z,179097293405702
"""Cameron(ryan) @ eWUSzBpS1d"" shows a Q♣, A♣.",2026-10-02T20:28:54.057Z,179097293405701
"""jaaaaaaan @ O6Q78KIRx-"" shows a 7♠, 5♣.",2026-10-02T20:28:54.057Z,179097293405700
"""sack @ boAReb7tW9"" checks",2026-10-02T20:28:53.241Z,179097293324100
"""Cameron(ryan) @ eWUSzBpS1d"" checks",2026-10-02T20:28:52.335Z,179097293233500
"""jaaaaaaan @ O6Q78KIRx-"" checks",2026-10-02T20:28:51.131Z,179097293113100
"River: K♦, 9♥, 2♥, 6♦ [J♦]",2026-10-02T20:28:50.454Z,179097293045400
"""sack @ boAReb7tW9"" checks",2026-10-02T20:28:49.553Z,179097292955300
"""Cameron(ryan) @ eWUSzBpS1d"" checks",2026-10-02T20:28:48.564Z,179097292856400
"""jaaaaaaan @ O6Q78KIRx-"" checks",2026-10-02T20:28:47.063Z,179097292706300
"Turn: K♦, 9♥, 2♥ [6♦]",2026-10-02T20:28:43.444Z,179097292344400
"""sack @ boAReb7tW9"" checks",2026-10-02T20:28:42.564Z,179097292256400
"""Cameron(ryan) @ eWUSzBpS1d"" checks",2026-10-02T20:28:41.065Z,179097292106500
"""jaaaaaaan @ O6Q78KIRx-"" checks",2026-10-02T20:28:33.516Z,179097291351600
"Flop:  [K♦, 9♥, 2♥]",2026-10-02T20:28:32.443Z,179097291244300
"""BransonW @ -thFwNBkz6"" folds",2026-10-02T20:28:31.609Z,179097291160900
"""jaaaaaaan @ O6Q78KIRx-"" calls 2.25",2026-10-02T20:28:29.250Z,179097290925000
"""sack @ boAReb7tW9"" calls 2.25",2026-10-02T20:28:28.420Z,179097290842000
"""rowan @ GthBpPSqaK"" folds",2026-10-02T20:28:27.451Z,179097290745100
"""Cameron(ryan) @ eWUSzBpS1d"" raises to 2.25",2026-10-02T20:28:26.575Z,179097290657500
"""Will @ h_ZrezeXHs"" folds",2026-10-02T20:28:20.853Z,179097290085300
"""BransonW @ -thFwNBkz6"" posts a big blind of 0.50",2026-10-02T20:28:19.503Z,179097289950309
"""jaaaaaaan @ O6Q78KIRx-"" posts a small blind of 0.25",2026-10-02T20:28:19.503Z,179097289950308
"Your hand is Q♣, A♣",2026-10-02T20:28:19.503Z,179097289950302
"Player stacks: #1 ""Cameron(ryan) @ eWUSzBpS1d"" (185.76) | #2 ""rowan @ GthBpPSqaK"" (100.00) | #3 ""sack @ boAReb7tW9"" (45.18) | #5 ""jaaaaaaan @ O6Q78KIRx-"" (78.94) | #6 ""BransonW @ -thFwNBkz6"" (278.90) | #7 ""Will @ h_ZrezeXHs"" (233.34)",2026-10-02T20:28:19.503Z,179097289950301
"-- starting hand #226 (id: 8nhudcojxnsa)  No Limit Texas Hold'em (dealer: ""sack @ boAReb7tW9"") --",2026-10-02T20:28:19.503Z,179097289950300
"-- ending hand #225 --",2026-10-02T20:28:13.499Z,179097289349903
"""jaaaaaaan @ O6Q78KIRx-"" collected 1.00 from pot with Pair, 2's (combination: 8♠, 9♣, K♠, 2♠, 2♣)",2026-10-02T20:28:13.499Z,179097289349902
"""jaaaaaaan @ O6Q78KIRx-"" shows a 5♦, 2♠.",2026-10-02T20:28:13.499Z,179097289349901
"""sack @ boAReb7tW9"" shows a 5♣, Q♠.",2026-10-02T20:28:13.499Z,179097289349900
"""jaaaaaaan @ O6Q78KIRx-"" checks",2026-10-02T20:28:12.692Z,179097289269200
"""sack @ boAReb7tW9"" checks",2026-10-02T20:28:11.840Z,179097289184000
"River: 8♠, K♠, 2♣, 4♣ [9♣]",2026-10-02T20:28:11.699Z,179097289169900
"""jaaaaaaan @ O6Q78KIRx-"" checks",2026-10-02T20:28:10.892Z,179097289089200
"""sack @ boAReb7tW9"" checks",2026-10-02T20:28:10.019Z,179097289001900
"Turn: 8♠, K♠, 2♣ [4♣]",2026-10-02T20:28:09.173Z,179097288917300
"""jaaaaaaan @ O6Q78KIRx-"" checks",2026-10-02T20:28:08.327Z,179097288832700
"""sack @ boAReb7tW9"" checks",2026-10-02T20:28:07.478Z,179097288747800
"Flop:  [8♠, K♠, 2♣]",2026-10-02T20:28:05.570Z,179097288557000
"""jaaaaaaan @ O6Q78KIRx-"" checks",2026-10-02T20:28:04.729Z,179097288472900
"""sack @ boAReb7tW9"" calls 0.50",2026-10-02T20:28:03.592Z,179097288359200
"""rowan @ GthBpPSqaK"" folds",2026-10-02T20:28:02.497Z,179097288249700
"""Cameron(ryan) @ eWUSzBpS1d"" folds",2026-10-02T20:28:01.553Z,179097288155300
"""Will @ h_ZrezeXHs"" folds",2026-10-02T20:28:00.573Z,179097288057300
"""BransonW @ -thFwNBkz6"" folds",2026-10-02T20:27:59.665Z,179097287966500
"""jaaaaaaan @ O6Q78KIRx-"" posts a big blind of 0.50",2026-10-02T20:27:55.348Z,179097287534811
"""sack @ boAReb7tW9"" posts a small blind of 0.25",2026-10-02T20:27:55.348Z,179097287534810
"Your hand is Q♣, 3♠",2026-10-02T20:27:55.348Z,179097287534804
"Player stacks: #1 ""Cameron(ryan) @ eWUSzBpS1d"" (185.76) | #2 ""rowan @ GthBpPSqaK"" (100.00) | #3 ""sack @ boAReb7tW9"" (45.68) | #5 ""jaaaaaaan @ O6Q78KIRx-"" (78.44) | #6 ""BransonW @ -thFwNBkz6"" (278.90) | #7 ""Will @ h_ZrezeXHs"" (233.34)",2026-10-02T20:27:55.348Z,179097287534803
"-- starting hand #225 (id: xzvqo7vy5qr0)  No Limit Texas Hold'em (dealer: ""rowan @ GthBpPSqaK"") --",2026-10-02T20:27:55.348Z,179097287534802
"The player ""rowan @ GthBpPSqaK"" rebought. New stack 100.00.",2026-10-02T20:27:55.348Z,179097287534801
"The player ""rowan @ GthBpPSqaK"" requested a rebuy of 100.00.",2026-10-02T20:27:55.348Z,179097287534800
"Asking to busted players the rebuy decision.",2026-10-02T20:27:52.077Z,179097287207700
"-- ending hand #224 --",2026-10-02T20:27:44.065Z,179097286406502
"""Cameron(ryan) @ eWUSzBpS1d"" collected 37.25 from pot with Two Pair, Q's & 7's on the second run  (combination: A♥, 7♣, 7♦, Q♠, Q♦)",2026-10-02T20:27:44.065Z,179097286406501
"""Cameron(ryan) @ eWUSzBpS1d"" collected 37.25 from pot with Straight, Q High (combination: 8♠, 9♦, 10♠, J♣, Q♠)",2026-10-02T20:27:44.065Z,179097286406500
"River (second run): Q♦, K♥, 3♣, 7♣ [7♦]",2026-10-02T20:27:40.061Z,179097286006100
"Turn (second run): Q♦, K♥, 3♣ [7♣]",2026-10-02T20:27:36.056Z,179097285605600
"Flop (second run):  [Q♦, K♥, 3♣]",2026-10-02T20:27:32.048Z,179097285204800
"River: 10♠, 8♠, J♣, 5♥ [9♦]",2026-10-02T20:27:28.006Z,179097284800600
"Turn: 10♠, 8♠, J♣ [5♥]",2026-10-02T20:27:23.907Z,179097284390700
"Flop:  [10♠, 8♠, J♣]",2026-10-02T20:27:19.902Z,179097283990200
"""rowan @ GthBpPSqaK"" shows a 10♣, 10♥.",2026-10-02T20:27:15.859Z,179097283585902
"""Cameron(ryan) @ eWUSzBpS1d"" shows a A♥, Q♠.",2026-10-02T20:27:15.859Z,179097283585901
"Uncalled bet of 111.26 returned to ""Cameron(ryan) @ eWUSzBpS1d""",2026-10-02T20:27:15.859Z,179097283585900
"All players in hand choose to run it twice.",2026-10-02T20:27:15.049Z,179097283504901
"""Cameron(ryan) @ eWUSzBpS1d"" chooses to  run it twice.",2026-10-02T20:27:15.049Z,179097283504900
"""rowan @ GthBpPSqaK"" chooses to  run it twice.",2026-10-02T20:27:14.986Z,179097283498600
"Remaining players decide whether to run it twice.",2026-10-02T20:27:14.169Z,179097283416901
"""rowan @ GthBpPSqaK"" calls 36.00 and go all in",2026-10-02T20:27:14.169Z,179097283416900
"""Cameron(ryan) @ eWUSzBpS1d"" raises to 147.26 and go all in",2026-10-02T20:27:13.280Z,179097283328000
"""Will @ h_ZrezeXHs"" folds",2026-10-02T20:26:45.798Z,179097280579800
"""sack @ boAReb7tW9"" folds",2026-10-02T20:26:44.920Z,179097280492000
"""rowan @ GthBpPSqaK"" raises to 8.37",2026-10-02T20:26:43.298Z,179097280329800
"""Cameron(ryan) @ eWUSzBpS1d"" calls 2.00",2026-10-02T20:26:36.541Z,179097279654100
"""Will @ h_ZrezeXHs"" raises to 2.00",2026-10-02T20:26:34.789Z,179097279478900
"""BransonW @ -thFwNBkz6"" folds",2026-10-02T20:26:28.939Z,179097278893900
"""jaaaaaaan @ O6Q78KIRx-"" folds",2026-10-02T20:26:28.043Z,179097278804300
"""sack @ boAReb7tW9"" posts a big blind of 0.50",2026-10-02T20:26:26.762Z,179097278676209
"""rowan @ GthBpPSqaK"" posts a small blind of 0.25",2026-10-02T20:26:26.762Z,179097278676208
"Your hand is A♥, Q♠",2026-10-02T20:26:26.762Z,179097278676202
"Player stacks: #1 ""Cameron(ryan) @ eWUSzBpS1d"" (147.26) | #2 ""rowan @ GthBpPSqaK"" (36.00) | #3 ""sack @ boAReb7tW9"" (46.18) | #5 ""jaaaaaaan @ O6Q78KIRx-"" (78.44) | #6 ""BransonW @ -thFwNBkz6"" (278.90) | #7 ""Will @ h_ZrezeXHs"" (235.34)",2026-10-02T20:26:26.762Z,179097278676201
"-- starting hand #224 (id: 5zsotxle9ws3)  No Limit Texas Hold'em (dealer: ""Cameron(ryan) @ eWUSzBpS1d"") --",2026-10-02T20:26:26.762Z,179097278676200
"Undealt cards: J♠, 9♦, 8♠, 7♥ [J♥]",2026-10-02T20:26:21.238Z,179097278123800
"""Cameron(ryan) @ eWUSzBpS1d"" shows a 10♣, K♠.",2026-10-02T20:26:20.585Z,179097278058500
"-- ending hand #223 --",2026-10-02T20:26:20.148Z,179097278014802
"""Cameron(ryan) @ eWUSzBpS1d"" collected 3.50 from pot",2026-10-02T20:26:20.148Z,179097278014801
"Uncalled bet of 4.00 returned to ""Cameron(ryan) @ eWUSzBpS1d""",2026-10-02T20:26:20.148Z,179097278014800
"""jaaaaaaan @ O6Q78KIRx-"" folds",2026-10-02T20:26:19.337Z,179097277933700
"""rowan @ GthBpPSqaK"" folds",2026-10-02T20:26:17.922Z,179097277792200
"""Cameron(ryan) @ eWUSzBpS1d"" bets 4.00",2026-10-02T20:26:16.715Z,179097277671500
"Turn: J♠, 9♦, 8♠ [7♥]",2026-10-02T20:26:10.939Z,179097277093900
"""jaaaaaaan @ O6Q78KIRx-"" calls 0.50",2026-10-02T20:26:10.135Z,179097277013500
"""sack @ boAReb7tW9"" folds",2026-10-02T20:26:09.287Z,179097276928700
"""rowan @ GthBpPSqaK"" calls 0.50",2026-10-02T20:26:07.890Z,179097276789000
"""Cameron(ryan) @ eWUSzBpS1d"" bets 0.50",2026-10-02T20:26:05.777Z,179097276577700
"Flop:  [J♠, 9♦, 8♠]",2026-10-02T20:26:03.095Z,179097276309500
"""rowan @ GthBpPSqaK"" checks",2026-10-02T20:26:02.228Z,179097276222800
"""Cameron(ryan) @ eWUSzBpS1d"" calls 0.50",2026-10-02T20:26:01.149Z,179097276114900
"""Will @ h_ZrezeXHs"" folds",2026-10-02T20:25:56.147Z,179097275614700
"""BransonW @ -thFwNBkz6"" folds",2026-10-02T20:25:55.176Z,179097275517600
"""jaaaaaaan @ O6Q78KIRx-"" calls 0.50",2026-10-02T20:25:54.231Z,179097275423100
"""sack @ boAReb7tW9"" calls 0.50",2026-10-02T20:25:53.323Z,179097275332300
"""rowan @ GthBpPSqaK"" posts a big blind of 0.50",2026-10-02T20:25:51.865Z,179097275186509
"""Cameron(ryan) @ eWUSzBpS1d"" posts a small blind of 0.25",2026-10-02T20:25:51.865Z,179097275186508
"Your hand is 10♣, K♠",2026-10-02T20:25:51.865Z,179097275186502
"Player stacks: #1 ""Cameron(ryan) @ eWUSzBpS1d"" (144.76) | #2 ""rowan @ GthBpPSqaK"" (37.00) | #3 ""sack @ boAReb7tW9"" (46.68) | #5 ""jaaaaaaan @ O6Q78KIRx-"" (79.44) | #6 ""BransonW @ -thFwNBkz6"" (278.90) | #7 ""Will @ h_ZrezeXHs"" (235.34)",2026-10-02T20:25:51.865Z,179097275186501
"-- starting hand #223 (id: xphbedoyakyi)  No Limit Texas Hold'em (dealer: ""Will @ h_ZrezeXHs"") --",2026-10-02T20:25:51.865Z,179097275186500
"""rowan @ GthBpPSqaK"" shows a J♥.",2026-10-02T20:25:46.212Z,179097274621200
"Undealt cards: Q♣, 3♣, Q♠, 7♦ [J♦]",2026-10-02T20:25:45.709Z,179097274570900
"""jaaaaaaan @ O6Q78KIRx-"" shows a Q♥.",2026-10-02T20:25:45.042Z,179097274504200
"-- ending hand #222 --",2026-10-02T20:25:44.465Z,179097274446502
"""jaaaaaaan @ O6Q78KIRx-"" collected 10.25 from pot",2026-10-02T20:25:44.465Z,179097274446501
"Uncalled bet of 5.12 returned to ""jaaaaaaan @ O6Q78KIRx-""",2026-10-02T20:25:44.465Z,179097274446500
"""rowan @ GthBpPSqaK"" folds",2026-10-02T20:25:43.531Z,179097274353100
"""jaaaaaaan @ O6Q78KIRx-"" bets 5.12",2026-10-02T20:25:42.580Z,179097274258000
"""rowan @ GthBpPSqaK"" checks",2026-10-02T20:25:37.810Z,179097273781000
"Turn: Q♣, 3♣, Q♠ [7♦]",2026-10-02T20:25:30.242Z,179097273024200
"""Cameron(ryan) @ eWUSzBpS1d"" folds",2026-10-02T20:25:29.430Z,179097272943000
"""jaaaaaaan @ O6Q78KIRx-"" calls 2.00",2026-10-02T20:25:18.980Z,179097271898000
"""sack @ boAReb7tW9"" folds",2026-10-02T20:25:14.571Z,179097271457100
"""rowan @ GthBpPSqaK"" bets 2.00",2026-10-02T20:25:12.811Z,179097271281100
"""Cameron(ryan) @ eWUSzBpS1d"" checks",2026-10-02T20:25:09.446Z,179097270944600
"Flop:  [Q♣, 3♣, Q♠]",2026-10-02T20:25:05.401Z,179097270540100
"""Cameron(ryan) @ eWUSzBpS1d"" calls 1.50",2026-10-02T20:25:04.503Z,179097270450300
"""Will @ h_ZrezeXHs"" folds",2026-10-02T20:25:03.256Z,179097270325600
"""BransonW @ -thFwNBkz6"" folds",2026-10-02T20:25:02.083Z,179097270208300
"""jaaaaaaan @ O6Q78KIRx-"" calls 1.50",2026-10-02T20:25:00.994Z,179097270099400
"""sack @ boAReb7tW9"" calls 1.50",2026-10-02T20:25:00.139Z,179097270013900
"""rowan @ GthBpPSqaK"" raises to 1.50",2026-10-02T20:24:58.201Z,179097269820100
"""Cameron(ryan) @ eWUSzBpS1d"" posts a big blind of 0.50",2026-10-02T20:24:55.555Z,179097269555509
"""Will @ h_ZrezeXHs"" posts a small blind of 0.25",2026-10-02T20:24:55.555Z,179097269555508
"Your hand is K♦, 7♠",2026-10-02T20:24:55.555Z,179097269555502
"Player stacks: #1 ""Cameron(ryan) @ eWUSzBpS1d"" (146.26) | #2 ""rowan @ GthBpPSqaK"" (40.50) | #3 ""sack @ boAReb7tW9"" (48.18) | #5 ""jaaaaaaan @ O6Q78KIRx-"" (72.69) | #6 ""BransonW @ -thFwNBkz6"" (278.90) | #7 ""Will @ h_ZrezeXHs"" (235.59)",2026-10-02T20:24:55.555Z,179097269555501
"-- starting hand #222 (id: lqr2pzcfsffa)  No Limit Texas Hold'em (dealer: ""BransonW @ -thFwNBkz6"") --",2026-10-02T20:24:55.555Z,179097269555500
"""rowan @ GthBpPSqaK"" shows a 8♦.",2026-10-02T20:24:53.675Z,179097269367500
"""jaaaaaaan @ O6Q78KIRx-"" shows a Q♦, A♠.",2026-10-02T20:24:49.635Z,179097268963500
"-- ending hand #221 --",2026-10-02T20:24:48.491Z,179097268849102
"""sack @ boAReb7tW9"" collected 11.87 from pot with Pair, 7's (combination: 8♣, 9♠, A♥, 7♥, 7♠)",2026-10-02T20:24:48.491Z,179097268849101
"""sack @ boAReb7tW9"" shows a A♥, 7♥.",2026-10-02T20:24:48.491Z,179097268849100
"""jaaaaaaan @ O6Q78KIRx-"" checks",2026-10-02T20:24:47.640Z,179097268764000
"""sack @ boAReb7tW9"" checks",2026-10-02T20:24:44.820Z,179097268482000
"River: 9♠, 2♦, 7♠, 8♣ [4♥]",2026-10-02T20:24:41.538Z,179097268153800
"""jaaaaaaan @ O6Q78KIRx-"" checks",2026-10-02T20:24:40.734Z,179097268073400
"""sack @ boAReb7tW9"" checks",2026-10-02T20:24:39.602Z,179097267960200
"Turn: 9♠, 2♦, 7♠ [8♣]",2026-10-02T20:24:38.744Z,179097267874400
"""jaaaaaaan @ O6Q78KIRx-"" checks",2026-10-02T20:24:37.933Z,179097267793300
"""sack @ boAReb7tW9"" checks",2026-10-02T20:24:36.483Z,179097267648300
"Flop:  [9♠, 2♦, 7♠]",2026-10-02T20:24:34.393Z,179097267439300
"""sack @ boAReb7tW9"" calls 5.56",2026-10-02T20:24:33.585Z,179097267358500
"""Will @ h_ZrezeXHs"" folds",2026-10-02T20:24:27.750Z,179097266775000
"""BransonW @ -thFwNBkz6"" folds",2026-10-02T20:24:26.839Z,179097266683900
"""jaaaaaaan @ O6Q78KIRx-"" raises to 5.56",2026-10-02T20:24:25.851Z,179097266585100
"""sack @ boAReb7tW9"" raises to 2.00",2026-10-02T20:24:20.059Z,179097266005900
"""rowan @ GthBpPSqaK"" folds",2026-10-02T20:24:16.923Z,179097265692300
"""Cameron(ryan) @ eWUSzBpS1d"" folds",2026-10-02T20:24:16.070Z,179097265607000
"""Will @ h_ZrezeXHs"" posts a big blind of 0.50",2026-10-02T20:24:01.383Z,179097264138309
"""BransonW @ -thFwNBkz6"" posts a small blind of 0.25",2026-10-02T20:24:01.383Z,179097264138308
"Your hand is 9♣, 5♥",2026-10-02T20:24:01.383Z,179097264138302
"Player stacks: #1 ""Cameron(ryan) @ eWUSzBpS1d"" (146.26) | #2 ""rowan @ GthBpPSqaK"" (40.50) | #3 ""sack @ boAReb7tW9"" (41.87) | #5 ""jaaaaaaan @ O6Q78KIRx-"" (78.25) | #6 ""BransonW @ -thFwNBkz6"" (279.15) | #7 ""Will @ h_ZrezeXHs"" (236.09)",2026-10-02T20:24:01.383Z,179097264138301
"-- starting hand #221 (id: hrxadu035wrg)  No Limit Texas Hold'em (dealer: ""jaaaaaaan @ O6Q78KIRx-"") --",2026-10-02T20:24:01.383Z,179097264138300
"""sack @ boAReb7tW9"" shows a 4♥.",2026-10-02T20:23:57.069Z,179097263706900
"-- ending hand #220 --",2026-10-02T20:23:54.854Z,179097263485402
"""Cameron(ryan) @ eWUSzBpS1d"" collected 7.50 from pot with Flush, J High (combination: 3♣, 4♣, 5♣, 8♣, J♣)",2026-10-02T20:23:54.854Z,179097263485401
"""Cameron(ryan) @ eWUSzBpS1d"" shows a J♣, K♠.",2026-10-02T20:23:54.854Z,179097263485400
"""sack @ boAReb7tW9"" checks",2026-10-02T20:23:54.030Z,179097263403000
"""rowan @ GthBpPSqaK"" checks",2026-10-02T20:23:53.155Z,179097263315500
"""Cameron(ryan) @ eWUSzBpS1d"" checks",2026-10-02T20:23:52.299Z,179097263229900
"River: 4♣, 3♣, 5♣, 8♣ [Q♥]",2026-10-02T20:23:50.248Z,179097263024800
"""sack @ boAReb7tW9"" checks",2026-10-02T20:23:49.418Z,179097262941800
"""rowan @ GthBpPSqaK"" checks",2026-10-02T20:23:48.508Z,179097262850800
"""Cameron(ryan) @ eWUSzBpS1d"" checks",2026-10-02T20:23:47.631Z,179097262763100
"Turn: 4♣, 3♣, 5♣ [8♣]",2026-10-02T20:23:45.718Z,179097262571800
"""sack @ boAReb7tW9"" checks",2026-10-02T20:23:44.911Z,179097262491100
"""rowan @ GthBpPSqaK"" checks",2026-10-02T20:23:44.058Z,179097262405800
"""Cameron(ryan) @ eWUSzBpS1d"" checks",2026-10-02T20:23:43.189Z,179097262318900
"Flop:  [4♣, 3♣, 5♣]",2026-10-02T20:23:39.306Z,179097261930600
"""BransonW @ -thFwNBkz6"" folds",2026-10-02T20:23:38.492Z,179097261849200
"""jaaaaaaan @ O6Q78KIRx-"" folds",2026-10-02T20:23:37.536Z,179097261753600
"""sack @ boAReb7tW9"" calls 2.25",2026-10-02T20:23:36.695Z,179097261669500
"""rowan @ GthBpPSqaK"" calls 2.25",2026-10-02T20:23:35.030Z,179097261503000
"""Cameron(ryan) @ eWUSzBpS1d"" raises to 2.25",2026-10-02T20:23:30.434Z,179097261043400
"""Will @ h_ZrezeXHs"" folds",2026-10-02T20:23:23.085Z,179097260308500
"""BransonW @ -thFwNBkz6"" posts a big blind of 0.50",2026-10-02T20:23:21.494Z,179097260149409
"""jaaaaaaan @ O6Q78KIRx-"" posts a small blind of 0.25",2026-10-02T20:23:21.494Z,179097260149408
"Your hand is J♣, K♠",2026-10-02T20:23:21.494Z,179097260149402
"Player stacks: #1 ""Cameron(ryan) @ eWUSzBpS1d"" (141.01) | #2 ""rowan @ GthBpPSqaK"" (42.75) | #3 ""sack @ boAReb7tW9"" (44.12) | #5 ""jaaaaaaan @ O6Q78KIRx-"" (78.50) | #6 ""BransonW @ -thFwNBkz6"" (279.65) | #7 ""Will @ h_ZrezeXHs"" (236.09)",2026-10-02T20:23:21.494Z,179097260149401
"-- starting hand #220 (id: rkgkvbidsids)  No Limit Texas Hold'em (dealer: ""sack @ boAReb7tW9"") --",2026-10-02T20:23:21.494Z,179097260149400
"""rowan @ GthBpPSqaK"" shows a 8♦, 6♣.",2026-10-02T20:23:17.486Z,179097259748600
"Undealt cards: 5♥, 5♦, 9♥, 4♣ [10♦]",2026-10-02T20:23:15.204Z,179097259520400
"""jaaaaaaan @ O6Q78KIRx-"" shows a 10♥, 5♣.",2026-10-02T20:23:15.145Z,179097259514500
"""sack @ boAReb7tW9"" shows a 4♥, 4♠.",2026-10-02T20:23:14.485Z,179097259448500
"-- ending hand #219 --",2026-10-02T20:23:13.491Z,179097259349102
"""sack @ boAReb7tW9"" collected 13.00 from pot",2026-10-02T20:23:13.491Z,179097259349101
"Uncalled bet of 6.50 returned to ""sack @ boAReb7tW9""",2026-10-02T20:23:13.491Z,179097259349100
"""rowan @ GthBpPSqaK"" folds",2026-10-02T20:23:12.653Z,179097259265300
"""sack @ boAReb7tW9"" bets 6.50",2026-10-02T20:23:11.632Z,179097259163200
"Turn: 5♥, 5♦, 9♥ [4♣]",2026-10-02T20:23:06.507Z,179097258650700
"""Will @ h_ZrezeXHs"" folds",2026-10-02T20:23:05.688Z,179097258568800
"""sack @ boAReb7tW9"" calls 3.25",2026-10-02T20:23:04.235Z,179097258423500
"""rowan @ GthBpPSqaK"" bets 3.25",2026-10-02T20:22:44.006Z,179097256400600
"""Will @ h_ZrezeXHs"" checks",2026-10-02T20:22:41.621Z,179097256162100
"""sack @ boAReb7tW9"" checks",2026-10-02T20:22:39.888Z,179097255988800
"Flop:  [5♥, 5♦, 9♥]",2026-10-02T20:22:34.680Z,179097255468000
"""jaaaaaaan @ O6Q78KIRx-"" folds",2026-10-02T20:22:33.873Z,179097255387300
"""sack @ boAReb7tW9"" calls 2.00",2026-10-02T20:22:33.026Z,179097255302600
"""rowan @ GthBpPSqaK"" calls 2.00",2026-10-02T20:22:32.141Z,179097255214100
"""Cameron(ryan) @ eWUSzBpS1d"" folds",2026-10-02T20:22:28.954Z,179097254895400
"""Will @ h_ZrezeXHs"" raises to 2.00",2026-10-02T20:22:28.086Z,179097254808600
"""BransonW @ -thFwNBkz6"" folds",2026-10-02T20:22:25.160Z,179097254516000
"""jaaaaaaan @ O6Q78KIRx-"" posts a big blind of 0.50",2026-10-02T20:22:15.225Z,179097253522509
"""sack @ boAReb7tW9"" posts a small blind of 0.25",2026-10-02T20:22:15.225Z,179097253522508
"Your hand is 2♣, 6♦",2026-10-02T20:22:15.225Z,179097253522502
"Player stacks: #1 ""Cameron(ryan) @ eWUSzBpS1d"" (141.01) | #2 ""rowan @ GthBpPSqaK"" (48.00) | #3 ""sack @ boAReb7tW9"" (36.37) | #5 ""jaaaaaaan @ O6Q78KIRx-"" (79.00) | #6 ""BransonW @ -thFwNBkz6"" (279.65) | #7 ""Will @ h_ZrezeXHs"" (238.09)",2026-10-02T20:22:15.225Z,179097253522501
"-- starting hand #219 (id: hiigybqgkjac)  No Limit Texas Hold'em (dealer: ""rowan @ GthBpPSqaK"") --",2026-10-02T20:22:15.225Z,179097253522500
"""jaaaaaaan @ O6Q78KIRx-"" shows a 3♦, 9♦.",2026-10-02T20:22:12.736Z,179097253273600
"-- ending hand #218 --",2026-10-02T20:22:11.612Z,179097253161202
"""jaaaaaaan @ O6Q78KIRx-"" collected 16.50 from pot",2026-10-02T20:22:11.612Z,179097253161201
"Uncalled bet of 0.50 returned to ""jaaaaaaan @ O6Q78KIRx-""",2026-10-02T20:22:11.612Z,179097253161200
"""Cameron(ryan) @ eWUSzBpS1d"" folds",2026-10-02T20:22:10.802Z,179097253080200
"""jaaaaaaan @ O6Q78KIRx-"" bets 0.50",2026-10-02T20:21:56.308Z,179097251630800
"River: 7♣, K♦, 5♦, Q♣ [2♣]",2026-10-02T20:21:47.772Z,179097250777200
"""Cameron(ryan) @ eWUSzBpS1d"" checks",2026-10-02T20:21:46.948Z,179097250694800
"""jaaaaaaan @ O6Q78KIRx-"" checks",2026-10-02T20:21:45.908Z,179097250590800
"Turn: 7♣, K♦, 5♦ [Q♣]",2026-10-02T20:21:45.289Z,179097250528900
"""jaaaaaaan @ O6Q78KIRx-"" calls 5.50",2026-10-02T20:21:44.479Z,179097250447900
"""sack @ boAReb7tW9"" folds",2026-10-02T20:21:43.631Z,179097250363100
"""Cameron(ryan) @ eWUSzBpS1d"" bets 5.50",2026-10-02T20:21:42.548Z,179097250254800
"""jaaaaaaan @ O6Q78KIRx-"" checks",2026-10-02T20:21:38.940Z,179097249894000
"""sack @ boAReb7tW9"" checks",2026-10-02T20:21:37.977Z,179097249797700
"Flop:  [7♣, K♦, 5♦]",2026-10-02T20:21:35.285Z,179097249528500
"""sack @ boAReb7tW9"" calls 1.75",2026-10-02T20:21:34.432Z,179097249443200
"""rowan @ GthBpPSqaK"" folds",2026-10-02T20:21:32.996Z,179097249299600
"""Cameron(ryan) @ eWUSzBpS1d"" calls 1.75",2026-10-02T20:21:32.120Z,179097249212000
"""Will @ h_ZrezeXHs"" folds",2026-10-02T20:21:29.818Z,179097248981800
"""BransonW @ -thFwNBkz6"" folds",2026-10-02T20:21:28.947Z,179097248894700
"""jaaaaaaan @ O6Q78KIRx-"" raises to 1.75",2026-10-02T20:21:24.744Z,179097248474400
"""sack @ boAReb7tW9"" posts a big blind of 0.50",2026-10-02T20:21:23.075Z,179097248307509
"""rowan @ GthBpPSqaK"" posts a small blind of 0.25",2026-10-02T20:21:23.075Z,179097248307508
"Your hand is 7♦, 4♦",2026-10-02T20:21:23.075Z,179097248307502
"Player stacks: #1 ""Cameron(ryan) @ eWUSzBpS1d"" (148.26) | #2 ""rowan @ GthBpPSqaK"" (48.25) | #3 ""sack @ boAReb7tW9"" (38.12) | #5 ""jaaaaaaan @ O6Q78KIRx-"" (69.75) | #6 ""BransonW @ -thFwNBkz6"" (279.65) | #7 ""Will @ h_ZrezeXHs"" (238.09)",2026-10-02T20:21:23.075Z,179097248307501
"-- starting hand #218 (id: knddp1jdfb1a)  No Limit Texas Hold'em (dealer: ""Cameron(ryan) @ eWUSzBpS1d"") --",2026-10-02T20:21:23.075Z,179097248307500
"""Cameron(ryan) @ eWUSzBpS1d"" shows a 10♠, 8♣.",2026-10-02T20:21:21.780Z,179097248178000
"-- ending hand #217 --",2026-10-02T20:21:16.537Z,179097247653703
"""jaaaaaaan @ O6Q78KIRx-"" collected 3.75 from pot with Pair, 10's (combination: 6♣, Q♣, A♦, 10♦, 10♣)",2026-10-02T20:21:16.537Z,179097247653702
"""jaaaaaaan @ O6Q78KIRx-"" shows a Q♣, 6♣.",2026-10-02T20:21:16.537Z,179097247653701
"""rowan @ GthBpPSqaK"" shows a 6♥, 5♥.",2026-10-02T20:21:16.537Z,179097247653700
"""jaaaaaaan @ O6Q78KIRx-"" checks",2026-10-02T20:21:15.700Z,179097247570000
"""rowan @ GthBpPSqaK"" checks",2026-10-02T20:21:14.824Z,179097247482400
"River: 10♦, 10♣, 4♠, A♦ [2♥]",2026-10-02T20:21:11.409Z,179097247140900
"""jaaaaaaan @ O6Q78KIRx-"" checks",2026-10-02T20:21:10.577Z,179097247057700
"""rowan @ GthBpPSqaK"" checks",2026-10-02T20:21:09.734Z,179097246973400
"Turn: 10♦, 10♣, 4♠ [A♦]",2026-10-02T20:21:08.730Z,179097246873000
"""jaaaaaaan @ O6Q78KIRx-"" checks",2026-10-02T20:21:07.886Z,179097246788600
"""rowan @ GthBpPSqaK"" checks",2026-10-02T20:21:06.842Z,179097246684200
"Flop:  [10♦, 10♣, 4♠]",2026-10-02T20:21:05.204Z,179097246520400
"""rowan @ GthBpPSqaK"" calls 1.75",2026-10-02T20:21:04.374Z,179097246437400
"""Cameron(ryan) @ eWUSzBpS1d"" folds",2026-10-02T20:21:03.514Z,179097246351400
"""Will @ h_ZrezeXHs"" folds",2026-10-02T20:21:00.807Z,179097246080700
"""BransonW @ -thFwNBkz6"" folds",2026-10-02T20:20:59.913Z,179097245991300
"""jaaaaaaan @ O6Q78KIRx-"" raises to 1.75",2026-10-02T20:20:52.583Z,179097245258300
"""sack @ boAReb7tW9"" folds",2026-10-02T20:20:50.543Z,179097245054300
"""rowan @ GthBpPSqaK"" posts a big blind of 0.50",2026-10-02T20:20:49.267Z,179097244926709
"""Cameron(ryan) @ eWUSzBpS1d"" posts a small blind of 0.25",2026-10-02T20:20:49.267Z,179097244926708
"Your hand is 10♠, 8♣",2026-10-02T20:20:49.267Z,179097244926702
"Player stacks: #1 ""Cameron(ryan) @ eWUSzBpS1d"" (148.51) | #2 ""rowan @ GthBpPSqaK"" (50.00) | #3 ""sack @ boAReb7tW9"" (38.12) | #5 ""jaaaaaaan @ O6Q78KIRx-"" (67.75) | #6 ""BransonW @ -thFwNBkz6"" (279.65) | #7 ""Will @ h_ZrezeXHs"" (238.09)",2026-10-02T20:20:49.267Z,179097244926701
"-- starting hand #217 (id: ewaoo1o4kqpf)  No Limit Texas Hold'em (dealer: ""Will @ h_ZrezeXHs"") --",2026-10-02T20:20:49.267Z,179097244926700
"""jaaaaaaan @ O6Q78KIRx-"" shows a 10♠, A♥.",2026-10-02T20:20:45.599Z,179097244559900
"-- ending hand #216 --",2026-10-02T20:20:42.666Z,179097244266602
"""Cameron(ryan) @ eWUSzBpS1d"" collected 21.00 from pot with Straight, Q High (combination: 8♠, 9♠, 10♣, J♥, Q♠)",2026-10-02T20:20:42.666Z,179097244266601
"""Cameron(ryan) @ eWUSzBpS1d"" shows a 10♣, J♥.",2026-10-02T20:20:42.666Z,179097244266600
"""jaaaaaaan @ O6Q78KIRx-"" checks",2026-10-02T20:20:41.861Z,179097244186100
"""Cameron(ryan) @ eWUSzBpS1d"" checks",2026-10-02T20:20:35.997Z,179097243599700
"River: 9♠, 4♦, 8♠, Q♠ [3♥]",2026-10-02T20:20:32.501Z,179097243250100
"""jaaaaaaan @ O6Q78KIRx-"" calls 7.00",2026-10-02T20:20:31.695Z,179097243169500
"""sack @ boAReb7tW9"" folds",2026-10-02T20:20:21.853Z,179097242185300
"""Cameron(ryan) @ eWUSzBpS1d"" bets 7.00",2026-10-02T20:20:20.963Z,179097242096300
"Turn: 9♠, 4♦, 8♠ [Q♠]",2026-10-02T20:20:18.287Z,179097241828700
"""jaaaaaaan @ O6Q78KIRx-"" checks",2026-10-02T20:20:17.481Z,179097241748100
"""sack @ boAReb7tW9"" checks",2026-10-02T20:20:15.190Z,179097241519000
"""Cameron(ryan) @ eWUSzBpS1d"" checks",2026-10-02T20:20:13.306Z,179097241330600
"Flop:  [9♠, 4♦, 8♠]",2026-10-02T20:19:58.407Z,179097239840700
"""sack @ boAReb7tW9"" calls 2.25",2026-10-02T20:19:57.583Z,179097239758300
"""Cameron(ryan) @ eWUSzBpS1d"" calls 2.25",2026-10-02T20:19:56.729Z,179097239672900
"""Will @ h_ZrezeXHs"" folds",2026-10-02T20:19:49.861Z,179097238986100
"""BransonW @ -thFwNBkz6"" folds",2026-10-02T20:19:48.932Z,179097238893200
"""jaaaaaaan @ O6Q78KIRx-"" raises to 2.25",2026-10-02T20:19:48.011Z,179097238801100
"""sack @ boAReb7tW9"" calls 0.50",2026-10-02T20:19:44.797Z,179097238479700
"""rowan @ GthBpPSqaK"" folds",2026-10-02T20:19:43.091Z,179097238309100
"""Cameron(ryan) @ eWUSzBpS1d"" posts a big blind of 0.50",2026-10-02T20:19:41.676Z,179097238167611
"""Will @ h_ZrezeXHs"" posts a small blind of 0.25",2026-10-02T20:19:41.676Z,179097238167610
"Your hand is 10♣, J♥",2026-10-02T20:19:41.676Z,179097238167604
"Player stacks: #1 ""Cameron(ryan) @ eWUSzBpS1d"" (136.76) | #2 ""rowan @ GthBpPSqaK"" (50.00) | #3 ""sack @ boAReb7tW9"" (40.37) | #5 ""jaaaaaaan @ O6Q78KIRx-"" (77.00) | #6 ""BransonW @ -thFwNBkz6"" (279.65) | #7 ""Will @ h_ZrezeXHs"" (238.34)",2026-10-02T20:19:41.676Z,179097238167603
"-- starting hand #216 (id: nauhdg0cdcxf)  No Limit Texas Hold'em (dealer: ""BransonW @ -thFwNBkz6"") --",2026-10-02T20:19:41.676Z,179097238167602
"The player ""rowan @ GthBpPSqaK"" rebought. New stack 50.00.",2026-10-02T20:19:41.676Z,179097238167601
"The player ""rowan @ GthBpPSqaK"" requested a rebuy of 50.00.",2026-10-02T20:19:41.676Z,179097238167600
"Asking to busted players the rebuy decision.",2026-10-02T20:19:38.680Z,179097237868000
"-- ending hand #215 --",2026-10-02T20:19:32.668Z,179097237266803
"""rowan @ GthBpPSqaK"" shows a 8♦, K♠.",2026-10-02T20:19:32.668Z,179097237266802
"""Will @ h_ZrezeXHs"" collected 133.30 from pot with Two Pair, 6's & 2's (combination: A♠, 2♦, 2♣, 6♦, 6♠)",2026-10-02T20:19:32.668Z,179097237266801
"""Will @ h_ZrezeXHs"" shows a 6♦, 2♦.",2026-10-02T20:19:32.668Z,179097237266800
"""rowan @ GthBpPSqaK"" calls 39.15 and go all in",2026-10-02T20:19:31.804Z,179097237180400
"""Will @ h_ZrezeXHs"" bets 39.15",2026-10-02T20:19:16.233Z,179097235623300
"River: K♦, 9♦, 6♠, 2♣ [A♠]",2026-10-02T20:18:58.744Z,179097233874400
"""rowan @ GthBpPSqaK"" calls 20.00",2026-10-02T20:18:57.912Z,179097233791200
"""Will @ h_ZrezeXHs"" raises to 20.00",2026-10-02T20:18:51.839Z,179097233183900
"""jaaaaaaan @ O6Q78KIRx-"" folds",2026-10-02T20:18:34.240Z,179097231424000
"""rowan @ GthBpPSqaK"" bets 8.00",2026-10-02T20:18:30.413Z,179097231041300
"""Will @ h_ZrezeXHs"" checks",2026-10-02T20:18:19.139Z,179097229913900
"Turn: K♦, 9♦, 6♠ [2♣]",2026-10-02T20:18:17.849Z,179097229784900
"""Will @ h_ZrezeXHs"" calls 3.00",2026-10-02T20:18:16.987Z,179097229698700
"""BransonW @ -thFwNBkz6"" folds",2026-10-02T20:18:12.784Z,179097229278400
"""jaaaaaaan @ O6Q78KIRx-"" calls 3.00",2026-10-02T20:18:11.915Z,179097229191500
"""rowan @ GthBpPSqaK"" bets 3.00",2026-10-02T20:18:09.513Z,179097228951300
"""Will @ h_ZrezeXHs"" checks",2026-10-02T20:18:04.506Z,179097228450600
"""BransonW @ -thFwNBkz6"" checks",2026-10-02T20:18:03.351Z,179097228335100
"Flop:  [K♦, 9♦, 6♠]",2026-10-02T20:18:01.176Z,179097228117600
"""Will @ h_ZrezeXHs"" calls 1.50",2026-10-02T20:18:00.291Z,179097228029100
"""BransonW @ -thFwNBkz6"" calls 1.50",2026-10-02T20:17:55.876Z,179097227587600
"""jaaaaaaan @ O6Q78KIRx-"" calls 1.50",2026-10-02T20:17:47.780Z,179097226778000
"""sack @ boAReb7tW9"" folds",2026-10-02T20:17:46.903Z,179097226690300
"""rowan @ GthBpPSqaK"" raises to 1.50",2026-10-02T20:17:45.687Z,179097226568700
"""Cameron(ryan) @ eWUSzBpS1d"" folds",2026-10-02T20:17:43.820Z,179097226382000
"""Will @ h_ZrezeXHs"" posts a big blind of 0.50",2026-10-02T20:17:35.944Z,179097225594409
"""BransonW @ -thFwNBkz6"" posts a small blind of 0.25",2026-10-02T20:17:35.944Z,179097225594408
"Your hand is 8♠, 5♦",2026-10-02T20:17:35.944Z,179097225594402
"Player stacks: #1 ""Cameron(ryan) @ eWUSzBpS1d"" (136.76) | #2 ""rowan @ GthBpPSqaK"" (63.65) | #3 ""sack @ boAReb7tW9"" (40.37) | #5 ""jaaaaaaan @ O6Q78KIRx-"" (81.50) | #6 ""BransonW @ -thFwNBkz6"" (281.15) | #7 ""Will @ h_ZrezeXHs"" (168.69)",2026-10-02T20:17:35.944Z,179097225594401
"-- starting hand #215 (id: fvqlqufqwwn0)  No Limit Texas Hold'em (dealer: ""jaaaaaaan @ O6Q78KIRx-"") --",2026-10-02T20:17:35.944Z,179097225594400
"-- ending hand #214 --",2026-10-02T20:17:29.934Z,179097224993404
"""sack @ boAReb7tW9"" collected 5.24 from pot with Two Pair, J's & 9's (combination: 8♦, 9♦, 9♣, J♣, J♥)",2026-10-02T20:17:29.934Z,179097224993403
"""Cameron(ryan) @ eWUSzBpS1d"" collected 5.25 from pot with Two Pair, J's & 9's (combination: 8♦, 9♠, 9♣, J♣, J♥)",2026-10-02T20:17:29.934Z,179097224993402
"""sack @ boAReb7tW9"" shows a 7♦, 9♦.",2026-10-02T20:17:29.934Z,179097224993401
"""Cameron(ryan) @ eWUSzBpS1d"" shows a 7♠, 9♠.",2026-10-02T20:17:29.934Z,179097224993400
"""sack @ boAReb7tW9"" checks",2026-10-02T20:17:29.127Z,179097224912700
"""Cameron(ryan) @ eWUSzBpS1d"" checks",2026-10-02T20:17:27.005Z,179097224700500
"River: 9♣, J♣, J♥, 8♦ [5♦]",2026-10-02T20:17:23.215Z,179097224321500
"""sack @ boAReb7tW9"" calls 2.62",2026-10-02T20:17:22.405Z,179097224240500
"""Cameron(ryan) @ eWUSzBpS1d"" bets 2.62",2026-10-02T20:17:19.836Z,179097223983600
"Turn: 9♣, J♣, J♥ [8♦]",2026-10-02T20:17:10.397Z,179097223039700
"""BransonW @ -thFwNBkz6"" folds",2026-10-02T20:17:09.583Z,179097222958300
"""sack @ boAReb7tW9"" calls 1.75",2026-10-02T20:17:08.630Z,179097222863000
"""Cameron(ryan) @ eWUSzBpS1d"" bets 1.75",2026-10-02T20:16:50.110Z,179097221011000
"""BransonW @ -thFwNBkz6"" checks",2026-10-02T20:16:43.436Z,179097220343600
"Flop:  [9♣, J♣, J♥]",2026-10-02T20:16:38.279Z,179097219827900
"""BransonW @ -thFwNBkz6"" checks",2026-10-02T20:16:37.467Z,179097219746700
"""jaaaaaaan @ O6Q78KIRx-"" folds",2026-10-02T20:16:35.195Z,179097219519500
"""sack @ boAReb7tW9"" calls 0.50",2026-10-02T20:16:33.304Z,179097219330400
"""rowan @ GthBpPSqaK"" folds",2026-10-02T20:16:32.411Z,179097219241100
"""Cameron(ryan) @ eWUSzBpS1d"" calls 0.50",2026-10-02T20:16:31.543Z,179097219154300
"""Will @ h_ZrezeXHs"" folds",2026-10-02T20:16:28.506Z,179097218850600
"""BransonW @ -thFwNBkz6"" posts a big blind of 0.50",2026-10-02T20:16:26.789Z,179097218678909
"""jaaaaaaan @ O6Q78KIRx-"" posts a small blind of 0.25",2026-10-02T20:16:26.789Z,179097218678908
"Your hand is 7♠, 9♠",2026-10-02T20:16:26.789Z,179097218678902
"Player stacks: #1 ""Cameron(ryan) @ eWUSzBpS1d"" (136.38) | #2 ""rowan @ GthBpPSqaK"" (63.65) | #3 ""sack @ boAReb7tW9"" (40.00) | #5 ""jaaaaaaan @ O6Q78KIRx-"" (81.75) | #6 ""BransonW @ -thFwNBkz6"" (281.65) | #7 ""Will @ h_ZrezeXHs"" (168.69)",2026-10-02T20:16:26.789Z,179097218678901
"-- starting hand #214 (id: v2lexya7essa)  No Limit Texas Hold'em (dealer: ""sack @ boAReb7tW9"") --",2026-10-02T20:16:26.789Z,179097218678900
"""jaaaaaaan @ O6Q78KIRx-"" shows a Q♣, 2♣.",2026-10-02T20:16:20.607Z,179097218060700
"Undealt cards: K♣, 4♠, 2♥, K♠ [9♣]",2026-10-02T20:16:20.293Z,179097218029300
"""Cameron(ryan) @ eWUSzBpS1d"" shows a 8♦, 8♥.",2026-10-02T20:16:19.772Z,179097217977200
"-- ending hand #213 --",2026-10-02T20:16:19.469Z,179097217946902
"""Cameron(ryan) @ eWUSzBpS1d"" collected 14.00 from pot",2026-10-02T20:16:19.469Z,179097217946901
"Uncalled bet of 7.00 returned to ""Cameron(ryan) @ eWUSzBpS1d""",2026-10-02T20:16:19.469Z,179097217946900
"""jaaaaaaan @ O6Q78KIRx-"" folds",2026-10-02T20:16:18.596Z,179097217859600
"""Cameron(ryan) @ eWUSzBpS1d"" bets 7.00",2026-10-02T20:16:17.741Z,179097217774100
"""jaaaaaaan @ O6Q78KIRx-"" checks",2026-10-02T20:16:10.828Z,179097217082800
"Turn: K♣, 4♠, 2♥ [K♠]",2026-10-02T20:16:09.447Z,179097216944700
"""BransonW @ -thFwNBkz6"" folds",2026-10-02T20:16:08.607Z,179097216860700
"""jaaaaaaan @ O6Q78KIRx-"" calls 3.50",2026-10-02T20:16:04.308Z,179097216430800
"""Cameron(ryan) @ eWUSzBpS1d"" bets 3.50",2026-10-02T20:16:01.694Z,179097216169400
"""BransonW @ -thFwNBkz6"" checks",2026-10-02T20:15:57.655Z,179097215765500
"""jaaaaaaan @ O6Q78KIRx-"" checks",2026-10-02T20:15:49.993Z,179097214999300
"Flop:  [K♣, 4♠, 2♥]",2026-10-02T20:15:49.008Z,179097214900800
"""BransonW @ -thFwNBkz6"" calls 2.25",2026-10-02T20:15:48.193Z,179097214819300
"""jaaaaaaan @ O6Q78KIRx-"" calls 2.25",2026-10-02T20:15:44.999Z,179097214499900
"""sack @ boAReb7tW9"" folds",2026-10-02T20:15:43.489Z,179097214348900
"""rowan @ GthBpPSqaK"" folds",2026-10-02T20:15:42.626Z,179097214262600
"""Cameron(ryan) @ eWUSzBpS1d"" raises to 2.25",2026-10-02T20:15:41.764Z,179097214176400
"""Will @ h_ZrezeXHs"" folds",2026-10-02T20:15:38.777Z,179097213877700
"""BransonW @ -thFwNBkz6"" calls 0.50",2026-10-02T20:15:37.663Z,179097213766300
"""jaaaaaaan @ O6Q78KIRx-"" posts a big blind of 0.50",2026-10-02T20:15:33.988Z,179097213398809
"""sack @ boAReb7tW9"" posts a small blind of 0.25",2026-10-02T20:15:33.988Z,179097213398808
"Your hand is 8♦, 8♥",2026-10-02T20:15:33.988Z,179097213398802
"Player stacks: #1 ""Cameron(ryan) @ eWUSzBpS1d"" (128.13) | #2 ""rowan @ GthBpPSqaK"" (63.65) | #3 ""sack @ boAReb7tW9"" (40.25) | #5 ""jaaaaaaan @ O6Q78KIRx-"" (87.50) | #6 ""BransonW @ -thFwNBkz6"" (283.90) | #7 ""Will @ h_ZrezeXHs"" (168.69)",2026-10-02T20:15:33.988Z,179097213398801
"-- starting hand #213 (id: 2ndnwzpyolzv)  No Limit Texas Hold'em (dealer: ""rowan @ GthBpPSqaK"") --",2026-10-02T20:15:33.988Z,179097213398800
"""rowan @ GthBpPSqaK"" shows a 5♣, 5♦.",2026-10-02T20:15:32.057Z,179097213205700
"-- ending hand #212 --",2026-10-02T20:15:30.383Z,179097213038302
"""rowan @ GthBpPSqaK"" collected 9.00 from pot",2026-10-02T20:15:30.383Z,179097213038301
"Uncalled bet of 7.25 returned to ""rowan @ GthBpPSqaK""",2026-10-02T20:15:30.383Z,179097213038300
"""jaaaaaaan @ O6Q78KIRx-"" folds",2026-10-02T20:15:29.564Z,179097212956400
"""rowan @ GthBpPSqaK"" bets 7.25",2026-10-02T20:15:27.759Z,179097212775900
"River: Q♦, Q♣, 9♦, K♠ [5♠]",2026-10-02T20:15:19.317Z,179097211931700
"""jaaaaaaan @ O6Q78KIRx-"" calls 2.25",2026-10-02T20:15:18.476Z,179097211847600
"""sack @ boAReb7tW9"" folds",2026-10-02T20:15:17.606Z,179097211760600
"""rowan @ GthBpPSqaK"" bets 2.25",2026-10-02T20:15:16.752Z,179097211675200
"Turn: Q♦, Q♣, 9♦ [K♠]",2026-10-02T20:15:12.772Z,179097211277200
"""jaaaaaaan @ O6Q78KIRx-"" checks",2026-10-02T20:15:11.932Z,179097211193200
"""sack @ boAReb7tW9"" checks",2026-10-02T20:15:10.327Z,179097211032700
"""rowan @ GthBpPSqaK"" checks",2026-10-02T20:15:05.869Z,179097210586900
"Flop:  [Q♦, Q♣, 9♦]",2026-10-02T20:15:01.909Z,179097210190900
"""jaaaaaaan @ O6Q78KIRx-"" calls 1.50",2026-10-02T20:15:01.088Z,179097210108800
"""sack @ boAReb7tW9"" calls 1.50",2026-10-02T20:14:57.486Z,179097209748600
"""rowan @ GthBpPSqaK"" raises to 1.50",2026-10-02T20:14:53.130Z,179097209313000
"""Cameron(ryan) @ eWUSzBpS1d"" folds",2026-10-02T20:14:49.822Z,179097208982200
"""Will @ h_ZrezeXHs"" folds",2026-10-02T20:14:43.774Z,179097208377400
"""BransonW @ -thFwNBkz6"" folds",2026-10-02T20:14:42.869Z,179097208286900
"""jaaaaaaan @ O6Q78KIRx-"" calls 0.50",2026-10-02T20:14:39.366Z,179097207936600
"""sack @ boAReb7tW9"" posts a big blind of 0.50",2026-10-02T20:14:38.078Z,179097207807809
"""rowan @ GthBpPSqaK"" posts a small blind of 0.25",2026-10-02T20:14:38.078Z,179097207807808
"Your hand is K♦, 7♥",2026-10-02T20:14:38.078Z,179097207807802
"Player stacks: #1 ""Cameron(ryan) @ eWUSzBpS1d"" (128.13) | #2 ""rowan @ GthBpPSqaK"" (58.40) | #3 ""sack @ boAReb7tW9"" (41.75) | #5 ""jaaaaaaan @ O6Q78KIRx-"" (91.25) | #6 ""BransonW @ -thFwNBkz6"" (283.90) | #7 ""Will @ h_ZrezeXHs"" (168.69)",2026-10-02T20:14:38.078Z,179097207807801
"-- starting hand #212 (id: ur27ce1am814)  No Limit Texas Hold'em (dealer: ""Cameron(ryan) @ eWUSzBpS1d"") --",2026-10-02T20:14:38.078Z,179097207807800
"Undealt cards: 2♦, 7♠, 2♥, 3♠ [6♣]",2026-10-02T20:14:31.969Z,179097207196900
"""sack @ boAReb7tW9"" shows a 7♥, 2♠.",2026-10-02T20:14:31.851Z,179097207185100
"-- ending hand #211 --",2026-10-02T20:14:31.469Z,179097207146902
"""Cameron(ryan) @ eWUSzBpS1d"" collected 17.00 from pot",2026-10-02T20:14:31.469Z,179097207146901
"Uncalled bet of 12.75 returned to ""Cameron(ryan) @ eWUSzBpS1d""",2026-10-02T20:14:31.469Z,179097207146900
"""Will @ h_ZrezeXHs"" folds",2026-10-02T20:14:30.665Z,179097207066500
"""jaaaaaaan @ O6Q78KIRx-"" folds",2026-10-02T20:14:29.762Z,179097206976200
"""Cameron(ryan) @ eWUSzBpS1d"" bets 12.75",2026-10-02T20:14:26.909Z,179097206690900
"Turn: 2♦, 7♠, 2♥ [3♠]",2026-10-02T20:14:22.263Z,179097206226300
"""Will @ h_ZrezeXHs"" checks",2026-10-02T20:14:21.459Z,179097206145900
"""jaaaaaaan @ O6Q78KIRx-"" checks",2026-10-02T20:14:18.275Z,179097205827500
"""Cameron(ryan) @ eWUSzBpS1d"" checks",2026-10-02T20:14:14.367Z,179097205436700
"Flop:  [2♦, 7♠, 2♥]",2026-10-02T20:14:09.816Z,179097204981600
"""jaaaaaaan @ O6Q78KIRx-"" calls 5.50",2026-10-02T20:14:08.988Z,179097204898800
"""rowan @ GthBpPSqaK"" folds",2026-10-02T20:14:07.572Z,179097204757200
"""Cameron(ryan) @ eWUSzBpS1d"" calls 5.50",2026-10-02T20:14:06.692Z,179097204669200
"""Will @ h_ZrezeXHs"" raises to 5.50",2026-10-02T20:14:04.299Z,179097204429900
"""BransonW @ -thFwNBkz6"" folds",2026-10-02T20:13:57.793Z,179097203779300
"""jaaaaaaan @ O6Q78KIRx-"" raises to 1.75",2026-10-02T20:13:56.850Z,179097203685000
"""sack @ boAReb7tW9"" folds",2026-10-02T20:13:54.688Z,179097203468800
"""rowan @ GthBpPSqaK"" posts a big blind of 0.50",2026-10-02T20:13:52.947Z,179097203294709
"""Cameron(ryan) @ eWUSzBpS1d"" posts a small blind of 0.25",2026-10-02T20:13:52.947Z,179097203294708
"Your hand is 5♣, 5♥",2026-10-02T20:13:52.947Z,179097203294702
"Player stacks: #1 ""Cameron(ryan) @ eWUSzBpS1d"" (116.63) | #2 ""rowan @ GthBpPSqaK"" (58.90) | #3 ""sack @ boAReb7tW9"" (41.75) | #5 ""jaaaaaaan @ O6Q78KIRx-"" (96.75) | #6 ""BransonW @ -thFwNBkz6"" (283.90) | #7 ""Will @ h_ZrezeXHs"" (174.19)",2026-10-02T20:13:52.947Z,179097203294701
"-- starting hand #211 (id: ywmaribxuzcw)  No Limit Texas Hold'em (dealer: ""Will @ h_ZrezeXHs"") --",2026-10-02T20:13:52.947Z,179097203294700
"-- ending hand #210 --",2026-10-02T20:13:50.027Z,179097203002702
"""Cameron(ryan) @ eWUSzBpS1d"" collected 25.00 from pot",2026-10-02T20:13:50.027Z,179097203002701
"Uncalled bet of 11.00 returned to ""Cameron(ryan) @ eWUSzBpS1d""",2026-10-02T20:13:50.027Z,179097203002700
"""Will @ h_ZrezeXHs"" folds",2026-10-02T20:13:49.200Z,179097202920000
"""Cameron(ryan) @ eWUSzBpS1d"" bets 11.00",2026-10-02T20:13:48.289Z,179097202828900
"""Will @ h_ZrezeXHs"" checks",2026-10-02T20:13:32.878Z,179097201287800
"River: 10♣, 6♠, 9♣, 10♥ [J♥]",2026-10-02T20:13:31.767Z,179097201176700
"""Will @ h_ZrezeXHs"" calls 7.50",2026-10-02T20:13:30.962Z,179097201096200
"""jaaaaaaan @ O6Q78KIRx-"" folds",2026-10-02T20:13:29.797Z,179097200979700
"""Cameron(ryan) @ eWUSzBpS1d"" bets 7.50",2026-10-02T20:13:27.243Z,179097200724300
"""Will @ h_ZrezeXHs"" checks",2026-10-02T20:13:21.383Z,179097200138300
"Turn: 10♣, 6♠, 9♣ [10♥]",2026-10-02T20:13:20.410Z,179097200041000
"""Will @ h_ZrezeXHs"" calls 2.50",2026-10-02T20:13:19.557Z,179097199955700
"""BransonW @ -thFwNBkz6"" folds",2026-10-02T20:13:15.056Z,179097199505600
"""jaaaaaaan @ O6Q78KIRx-"" calls 2.50",2026-10-02T20:13:09.083Z,179097198908300
"""sack @ boAReb7tW9"" folds",2026-10-02T20:13:08.201Z,179097198820100
"""Cameron(ryan) @ eWUSzBpS1d"" bets 2.50",2026-10-02T20:13:06.716Z,179097198671600
"""Will @ h_ZrezeXHs"" checks",2026-10-02T20:13:04.348Z,179097198434800
"Flop:  [10♣, 6♠, 9♣]",2026-10-02T20:13:02.515Z,179097198251500
"""Cameron(ryan) @ eWUSzBpS1d"" checks",2026-10-02T20:13:01.688Z,179097198168800
"""Will @ h_ZrezeXHs"" calls 0.50",2026-10-02T20:13:00.753Z,179097198075300
"""BransonW @ -thFwNBkz6"" calls 0.50",2026-10-02T20:12:58.936Z,179097197893600
"""jaaaaaaan @ O6Q78KIRx-"" calls 0.50",2026-10-02T20:12:51.847Z,179097197184700
"""sack @ boAReb7tW9"" calls 0.50",2026-10-02T20:12:48.977Z,179097196897700
"""rowan @ GthBpPSqaK"" folds",2026-10-02T20:12:48.086Z,179097196808600
"""Cameron(ryan) @ eWUSzBpS1d"" posts a big blind of 0.50",2026-10-02T20:12:46.757Z,179097196675709
"""Will @ h_ZrezeXHs"" posts a small blind of 0.25",2026-10-02T20:12:46.757Z,179097196675708
"Your hand is 10♠, 4♥",2026-10-02T20:12:46.757Z,179097196675702
"Player stacks: #1 ""Cameron(ryan) @ eWUSzBpS1d"" (102.13) | #2 ""rowan @ GthBpPSqaK"" (58.90) | #3 ""sack @ boAReb7tW9"" (42.25) | #5 ""jaaaaaaan @ O6Q78KIRx-"" (99.75) | #6 ""BransonW @ -thFwNBkz6"" (284.40) | #7 ""Will @ h_ZrezeXHs"" (184.69)",2026-10-02T20:12:46.757Z,179097196675701
"-- starting hand #210 (id: s5gevnj10czy)  No Limit Texas Hold'em (dealer: ""BransonW @ -thFwNBkz6"") --",2026-10-02T20:12:46.757Z,179097196675700
"-- ending hand #209 --",2026-10-02T20:12:40.741Z,179097196074103
"""jaaaaaaan @ O6Q78KIRx-"" collected 6.75 from pot with Two Pair, Q's & 10's (combination: 6♥, 10♣, 10♥, Q♠, Q♦)",2026-10-02T20:12:40.741Z,179097196074102
"""jaaaaaaan @ O6Q78KIRx-"" shows a 6♠, Q♠.",2026-10-02T20:12:40.741Z,179097196074101
"""rowan @ GthBpPSqaK"" shows a 8♠, J♦.",2026-10-02T20:12:40.741Z,179097196074100
"""jaaaaaaan @ O6Q78KIRx-"" checks",2026-10-02T20:12:39.890Z,179097195989000
"""rowan @ GthBpPSqaK"" checks",2026-10-02T20:12:39.040Z,179097195904000
"River: 10♣, 10♥, Q♦, 3♦ [6♥]",2026-10-02T20:12:37.588Z,179097195758800
"""jaaaaaaan @ O6Q78KIRx-"" checks",2026-10-02T20:12:36.785Z,179097195678500
"""rowan @ GthBpPSqaK"" checks",2026-10-02T20:12:35.952Z,179097195595200
"Turn: 10♣, 10♥, Q♦ [3♦]",2026-10-02T20:12:34.799Z,179097195479900
"""rowan @ GthBpPSqaK"" calls 2.25",2026-10-02T20:12:33.995Z,179097195399500
"""Will @ h_ZrezeXHs"" folds",2026-10-02T20:12:31.585Z,179097195158500
"""jaaaaaaan @ O6Q78KIRx-"" bets 2.25",2026-10-02T20:12:29.896Z,179097194989600
"""sack @ boAReb7tW9"" folds",2026-10-02T20:12:28.284Z,179097194828400
"""rowan @ GthBpPSqaK"" checks",2026-10-02T20:12:26.672Z,179097194667200
"""Will @ h_ZrezeXHs"" checks",2026-10-02T20:12:25.750Z,179097194575000
"Flop:  [10♣, 10♥, Q♦]",2026-10-02T20:12:24.133Z,179097194413300
"""Will @ h_ZrezeXHs"" checks",2026-10-02T20:12:23.262Z,179097194326200
"""BransonW @ -thFwNBkz6"" folds",2026-10-02T20:12:18.363Z,179097193836300
"""jaaaaaaan @ O6Q78KIRx-"" calls 0.50",2026-10-02T20:12:17.429Z,179097193742900
"""sack @ boAReb7tW9"" calls 0.50",2026-10-02T20:12:15.762Z,179097193576200
"""rowan @ GthBpPSqaK"" calls 0.50",2026-10-02T20:12:14.913Z,179097193491300
"""Cameron(ryan) @ eWUSzBpS1d"" folds",2026-10-02T20:12:12.760Z,179097193276000
"""Will @ h_ZrezeXHs"" posts a big blind of 0.50",2026-10-02T20:12:11.528Z,179097193152809
"""BransonW @ -thFwNBkz6"" posts a small blind of 0.25",2026-10-02T20:12:11.528Z,179097193152808
"Your hand is Q♣, 5♦",2026-10-02T20:12:11.528Z,179097193152802
"Player stacks: #1 ""Cameron(ryan) @ eWUSzBpS1d"" (102.13) | #2 ""rowan @ GthBpPSqaK"" (61.65) | #3 ""sack @ boAReb7tW9"" (42.75) | #5 ""jaaaaaaan @ O6Q78KIRx-"" (95.75) | #6 ""BransonW @ -thFwNBkz6"" (284.65) | #7 ""Will @ h_ZrezeXHs"" (185.19)",2026-10-02T20:12:11.528Z,179097193152801
"-- starting hand #209 (id: v4fqrcoliktr)  No Limit Texas Hold'em (dealer: ""jaaaaaaan @ O6Q78KIRx-"") --",2026-10-02T20:12:11.528Z,179097193152800
"-- ending hand #208 --",2026-10-02T20:12:05.508Z,179097192550803
"""Will @ h_ZrezeXHs"" collected 8.00 from pot with Pair, 9's (combination: 10♥, J♦, A♣, 9♥, 9♣)",2026-10-02T20:12:05.508Z,179097192550802
"""Will @ h_ZrezeXHs"" shows a 9♥, 9♣.",2026-10-02T20:12:05.508Z,179097192550801
"""jaaaaaaan @ O6Q78KIRx-"" shows a 5♥, 2♦.",2026-10-02T20:12:05.508Z,179097192550800
"""rowan @ GthBpPSqaK"" folds",2026-10-02T20:12:04.637Z,179097192463700
"""Will @ h_ZrezeXHs"" checks",2026-10-02T20:12:02.941Z,179097192294100
"""BransonW @ -thFwNBkz6"" checks",2026-10-02T20:12:01.925Z,179097192192500
"""jaaaaaaan @ O6Q78KIRx-"" checks",2026-10-02T20:11:56.561Z,179097191656100
"River: 2♥, J♦, 10♥, 8♠ [A♣]",2026-10-02T20:11:54.785Z,179097191478500
"""rowan @ GthBpPSqaK"" checks",2026-10-02T20:11:53.945Z,179097191394500
"""Will @ h_ZrezeXHs"" checks",2026-10-02T20:11:53.037Z,179097191303700
"""BransonW @ -thFwNBkz6"" checks",2026-10-02T20:11:51.057Z,179097191105700
"""jaaaaaaan @ O6Q78KIRx-"" checks",2026-10-02T20:11:47.295Z,179097190729500
"Turn: 2♥, J♦, 10♥ [8♠]",2026-10-02T20:11:43.727Z,179097190372700
"""rowan @ GthBpPSqaK"" checks",2026-10-02T20:11:42.920Z,179097190292000
"""Will @ h_ZrezeXHs"" checks",2026-10-02T20:11:41.721Z,179097190172100
"""BransonW @ -thFwNBkz6"" checks",2026-10-02T20:11:40.066Z,179097190006600
"""jaaaaaaan @ O6Q78KIRx-"" checks",2026-10-02T20:11:31.556Z,179097189155600
"Flop:  [2♥, J♦, 10♥]",2026-10-02T20:11:30.192Z,179097189019200
"""BransonW @ -thFwNBkz6"" calls 2.00",2026-10-02T20:11:29.362Z,179097188936200
"""jaaaaaaan @ O6Q78KIRx-"" calls 2.00",2026-10-02T20:11:27.325Z,179097188732500
"""sack @ boAReb7tW9"" folds",2026-10-02T20:11:26.148Z,179097188614800
"""rowan @ GthBpPSqaK"" calls 2.00",2026-10-02T20:11:25.229Z,179097188522900
"""Cameron(ryan) @ eWUSzBpS1d"" folds",2026-10-02T20:11:24.383Z,179097188438300
"""Will @ h_ZrezeXHs"" raises to 2.00",2026-10-02T20:11:23.548Z,179097188354800
"""BransonW @ -thFwNBkz6"" posts a big blind of 0.50",2026-10-02T20:11:20.504Z,179097188050409
"""jaaaaaaan @ O6Q78KIRx-"" posts a small blind of 0.25",2026-10-02T20:11:20.504Z,179097188050408
"Your hand is Q♥, 7♠",2026-10-02T20:11:20.504Z,179097188050402
"Player stacks: #1 ""Cameron(ryan) @ eWUSzBpS1d"" (102.13) | #2 ""rowan @ GthBpPSqaK"" (63.65) | #3 ""sack @ boAReb7tW9"" (42.75) | #5 ""jaaaaaaan @ O6Q78KIRx-"" (97.75) | #6 ""BransonW @ -thFwNBkz6"" (286.65) | #7 ""Will @ h_ZrezeXHs"" (179.19)",2026-10-02T20:11:20.504Z,179097188050401
"-- starting hand #208 (id: a7qpxyw5xb6z)  No Limit Texas Hold'em (dealer: ""sack @ boAReb7tW9"") --",2026-10-02T20:11:20.504Z,179097188050400
"Undealt cards: 10♠, Q♣, 5♠ [6♠, 3♦]",2026-10-02T20:11:14.866Z,179097187486600
"-- ending hand #207 --",2026-10-02T20:11:14.581Z,179097187458102
"""Cameron(ryan) @ eWUSzBpS1d"" collected 8.50 from pot",2026-10-02T20:11:14.581Z,179097187458101
"Uncalled bet of 4.25 returned to ""Cameron(ryan) @ eWUSzBpS1d""",2026-10-02T20:11:14.581Z,179097187458100
"""jaaaaaaan @ O6Q78KIRx-"" folds",2026-10-02T20:11:13.777Z,179097187377700
"""rowan @ GthBpPSqaK"" folds",2026-10-02T20:11:12.910Z,179097187291000
"""Cameron(ryan) @ eWUSzBpS1d"" bets 4.25",2026-10-02T20:11:03.661Z,179097186366100
"""jaaaaaaan @ O6Q78KIRx-"" checks",2026-10-02T20:10:59.993Z,179097185999300
"Flop:  [10♠, Q♣, 5♠]",2026-10-02T20:10:59.034Z,179097185903400
"""jaaaaaaan @ O6Q78KIRx-"" calls 2.75",2026-10-02T20:10:58.188Z,179097185818800
"""sack @ boAReb7tW9"" folds",2026-10-02T20:10:56.854Z,179097185685400
"""rowan @ GthBpPSqaK"" calls 2.75",2026-10-02T20:10:54.183Z,179097185418300
"""Cameron(ryan) @ eWUSzBpS1d"" raises to 2.75",2026-10-02T20:10:52.913Z,179097185291300
"""Will @ h_ZrezeXHs"" folds",2026-10-02T20:10:49.378Z,179097184937800
"""BransonW @ -thFwNBkz6"" folds",2026-10-02T20:10:48.461Z,179097184846100
"""jaaaaaaan @ O6Q78KIRx-"" posts a big blind of 0.50",2026-10-02T20:10:46.865Z,179097184686509
"""sack @ boAReb7tW9"" posts a small blind of 0.25",2026-10-02T20:10:46.865Z,179097184686508
"Your hand is K♣, K♥",2026-10-02T20:10:46.865Z,179097184686502
"Player stacks: #1 ""Cameron(ryan) @ eWUSzBpS1d"" (96.38) | #2 ""rowan @ GthBpPSqaK"" (66.40) | #3 ""sack @ boAReb7tW9"" (43.00) | #5 ""jaaaaaaan @ O6Q78KIRx-"" (100.50) | #6 ""BransonW @ -thFwNBkz6"" (286.65) | #7 ""Will @ h_ZrezeXHs"" (179.19)",2026-10-02T20:10:46.865Z,179097184686501
"-- starting hand #207 (id: ridwrpcv6wqf)  No Limit Texas Hold'em (dealer: ""rowan @ GthBpPSqaK"") --",2026-10-02T20:10:46.865Z,179097184686500
"""sack @ boAReb7tW9"" shows a K♣.",2026-10-02T20:10:44.428Z,179097184442800
"Undealt cards: 6♥, 8♦, J♦ [6♣, K♠]",2026-10-02T20:10:41.465Z,179097184146500
"-- ending hand #206 --",2026-10-02T20:10:40.260Z,179097184026002
"""rowan @ GthBpPSqaK"" collected 3.00 from pot",2026-10-02T20:10:40.260Z,179097184026001
"Uncalled bet of 1.00 returned to ""rowan @ GthBpPSqaK""",2026-10-02T20:10:40.260Z,179097184026000
"""sack @ boAReb7tW9"" folds",2026-10-02T20:10:39.427Z,179097183942700
"""rowan @ GthBpPSqaK"" bets 1.00",2026-10-02T20:10:34.817Z,179097183481700
"Flop:  [6♥, 8♦, J♦]",2026-10-02T20:10:31.794Z,179097183179400
"""sack @ boAReb7tW9"" calls 1.50",2026-10-02T20:10:30.951Z,179097183095100
"""rowan @ GthBpPSqaK"" raises to 1.50",2026-10-02T20:10:30.112Z,179097183011200
"""Cameron(ryan) @ eWUSzBpS1d"" folds",2026-10-02T20:10:27.712Z,179097182771200
"""Will @ h_ZrezeXHs"" folds",2026-10-02T20:10:26.862Z,179097182686200
"""BransonW @ -thFwNBkz6"" folds",2026-10-02T20:10:25.765Z,179097182576500
"""jaaaaaaan @ O6Q78KIRx-"" folds",2026-10-02T20:10:23.445Z,179097182344500
"""sack @ boAReb7tW9"" posts a big blind of 0.50",2026-10-02T20:10:22.276Z,179097182227609
"""rowan @ GthBpPSqaK"" posts a small blind of 0.25",2026-10-02T20:10:22.276Z,179097182227608
"Your hand is 9♠, 7♣",2026-10-02T20:10:22.276Z,179097182227602
"Player stacks: #1 ""Cameron(ryan) @ eWUSzBpS1d"" (96.38) | #2 ""rowan @ GthBpPSqaK"" (64.90) | #3 ""sack @ boAReb7tW9"" (44.50) | #5 ""jaaaaaaan @ O6Q78KIRx-"" (100.50) | #6 ""BransonW @ -thFwNBkz6"" (286.65) | #7 ""Will @ h_ZrezeXHs"" (179.19)",2026-10-02T20:10:22.276Z,179097182227601
"-- starting hand #206 (id: k2tjfjrhwgx7)  No Limit Texas Hold'em (dealer: ""Cameron(ryan) @ eWUSzBpS1d"") --",2026-10-02T20:10:22.276Z,179097182227600
"-- ending hand #205 --",2026-10-02T20:10:16.270Z,179097181627002
"""rowan @ GthBpPSqaK"" collected 15.00 from pot with Straight, A High (combination: 10♦, J♠, Q♦, K♥, A♦)",2026-10-02T20:10:16.270Z,179097181627001
"""rowan @ GthBpPSqaK"" shows a 2♥, K♥.",2026-10-02T20:10:16.270Z,179097181627000
"""BransonW @ -thFwNBkz6"" calls 0.50",2026-10-02T20:10:15.455Z,179097181545500
"""rowan @ GthBpPSqaK"" bets 0.50",2026-10-02T20:10:13.917Z,179097181391700
"River: Q♦, A♦, J♠, 10♦ [7♥]",2026-10-02T20:10:12.069Z,179097181206900
"""Cameron(ryan) @ eWUSzBpS1d"" folds",2026-10-02T20:10:11.238Z,179097181123800
"""BransonW @ -thFwNBkz6"" calls 3.50",2026-10-02T20:10:10.398Z,179097181039800
"""jaaaaaaan @ O6Q78KIRx-"" folds",2026-10-02T20:10:07.015Z,179097180701500
"""rowan @ GthBpPSqaK"" bets 3.50",2026-10-02T20:10:03.473Z,179097180347300
"""Cameron(ryan) @ eWUSzBpS1d"" checks",2026-10-02T20:09:59.386Z,179097179938600
"Turn: Q♦, A♦, J♠ [10♦]",2026-10-02T20:09:58.480Z,179097179848000
"""BransonW @ -thFwNBkz6"" checks",2026-10-02T20:09:57.663Z,179097179766300
"""jaaaaaaan @ O6Q78KIRx-"" checks",2026-10-02T20:09:55.892Z,179097179589200
"""rowan @ GthBpPSqaK"" checks",2026-10-02T20:09:54.736Z,179097179473600
"""Cameron(ryan) @ eWUSzBpS1d"" checks",2026-10-02T20:09:53.881Z,179097179388100
"Flop:  [Q♦, A♦, J♠]",2026-10-02T20:09:52.330Z,179097179233000
"""rowan @ GthBpPSqaK"" calls 1.75",2026-10-02T20:09:51.520Z,179097179152000
"""Cameron(ryan) @ eWUSzBpS1d"" calls 1.75",2026-10-02T20:09:50.569Z,179097179056900
"""Will @ h_ZrezeXHs"" folds",2026-10-02T20:09:49.577Z,179097178957700
"""BransonW @ -thFwNBkz6"" calls 1.75",2026-10-02T20:09:48.690Z,179097178869000
"""jaaaaaaan @ O6Q78KIRx-"" raises to 1.75",2026-10-02T20:09:46.048Z,179097178604800
"""sack @ boAReb7tW9"" folds",2026-10-02T20:09:43.968Z,179097178396800
"""rowan @ GthBpPSqaK"" posts a big blind of 0.50",2026-10-02T20:09:42.859Z,179097178285909
"""Cameron(ryan) @ eWUSzBpS1d"" posts a small blind of 0.25",2026-10-02T20:09:42.859Z,179097178285908
"Your hand is 6♥, 9♥",2026-10-02T20:09:42.859Z,179097178285902
"Player stacks: #1 ""Cameron(ryan) @ eWUSzBpS1d"" (98.13) | #2 ""rowan @ GthBpPSqaK"" (55.65) | #3 ""sack @ boAReb7tW9"" (44.50) | #5 ""jaaaaaaan @ O6Q78KIRx-"" (102.25) | #6 ""BransonW @ -thFwNBkz6"" (292.40) | #7 ""Will @ h_ZrezeXHs"" (179.19)",2026-10-02T20:09:42.859Z,179097178285901
"-- starting hand #205 (id: lncuhicdarqi)  No Limit Texas Hold'em (dealer: ""Will @ h_ZrezeXHs"") --",2026-10-02T20:09:42.859Z,179097178285900
"""Cameron(ryan) @ eWUSzBpS1d"" shows a K♣, 10♣.",2026-10-02T20:09:37.336Z,179097177733600
"""sack @ boAReb7tW9"" shows a 6♥, 6♦.",2026-10-02T20:09:36.143Z,179097177614300
"Undealt cards: 5♠, 9♣, K♥ [8♥, 4♠]",2026-10-02T20:09:35.709Z,179097177570900
"-- ending hand #204 --",2026-10-02T20:09:35.512Z,179097177551202
"""Cameron(ryan) @ eWUSzBpS1d"" collected 4.75 from pot",2026-10-02T20:09:35.512Z,179097177551201
"Uncalled bet of 4.75 returned to ""Cameron(ryan) @ eWUSzBpS1d""",2026-10-02T20:09:35.512Z,179097177551200
"""sack @ boAReb7tW9"" folds",2026-10-02T20:09:34.697Z,179097177469700
"""Cameron(ryan) @ eWUSzBpS1d"" bets 4.75",2026-10-02T20:09:32.511Z,179097177251100
"Flop:  [5♠, 9♣, K♥]",2026-10-02T20:09:21.398Z,179097176139800
"""sack @ boAReb7tW9"" calls 2.25",2026-10-02T20:09:20.585Z,179097176058500
"""Cameron(ryan) @ eWUSzBpS1d"" raises to 2.25",2026-10-02T20:09:18.867Z,179097175886700
"""Will @ h_ZrezeXHs"" folds",2026-10-02T20:09:14.557Z,179097175455700
"""BransonW @ -thFwNBkz6"" folds",2026-10-02T20:09:13.527Z,179097175352700
"""jaaaaaaan @ O6Q78KIRx-"" folds",2026-10-02T20:09:12.643Z,179097175264300
"""sack @ boAReb7tW9"" calls 0.50",2026-10-02T20:09:11.746Z,179097175174600
"""rowan @ GthBpPSqaK"" folds",2026-10-02T20:09:07.366Z,179097174736600
"""Cameron(ryan) @ eWUSzBpS1d"" posts a big blind of 0.50",2026-10-02T20:09:06.228Z,179097174622809
"""Will @ h_ZrezeXHs"" posts a small blind of 0.25",2026-10-02T20:09:06.228Z,179097174622808
"Your hand is K♣, 10♣",2026-10-02T20:09:06.228Z,179097174622802
"Player stacks: #1 ""Cameron(ryan) @ eWUSzBpS1d"" (95.63) | #2 ""rowan @ GthBpPSqaK"" (55.65) | #3 ""sack @ boAReb7tW9"" (46.75) | #5 ""jaaaaaaan @ O6Q78KIRx-"" (102.25) | #6 ""BransonW @ -thFwNBkz6"" (292.40) | #7 ""Will @ h_ZrezeXHs"" (179.44)",2026-10-02T20:09:06.228Z,179097174622801
"-- starting hand #204 (id: wq8ma5tct1ha)  No Limit Texas Hold'em (dealer: ""BransonW @ -thFwNBkz6"") --",2026-10-02T20:09:06.228Z,179097174622800
"-- ending hand #203 --",2026-10-02T20:09:00.207Z,179097174020704
"""BransonW @ -thFwNBkz6"" collected 102.25 from pot with Full House, A's over 6's (combination: 6♥, 6♠, A♦, A♥, A♣)",2026-10-02T20:09:00.207Z,179097174020703
"""jaaaaaaan @ O6Q78KIRx-"" collected 102.25 from pot with Full House, A's over 6's (combination: 6♥, 6♠, A♠, A♥, A♣)",2026-10-02T20:09:00.207Z,179097174020702
"""BransonW @ -thFwNBkz6"" shows a 8♥, A♦.",2026-10-02T20:09:00.207Z,179097174020701
"""jaaaaaaan @ O6Q78KIRx-"" shows a 8♠, A♠.",2026-10-02T20:09:00.207Z,179097174020700
"""BransonW @ -thFwNBkz6"" calls 78.25",2026-10-02T20:08:59.365Z,179097173936500
"""jaaaaaaan @ O6Q78KIRx-"" raises to 78.25 and go all in",2026-10-02T20:08:36.626Z,179097171662600
"""BransonW @ -thFwNBkz6"" bets 12.50",2026-10-02T20:08:14.575Z,179097169457500
"River: 6♥, A♥, A♣, 6♠ [9♠]",2026-10-02T20:08:06.817Z,179097168681700
"""Cameron(ryan) @ eWUSzBpS1d"" folds",2026-10-02T20:08:05.964Z,179097168596400
"""BransonW @ -thFwNBkz6"" calls 12.00",2026-10-02T20:08:03.261Z,179097168326100
"""jaaaaaaan @ O6Q78KIRx-"" bets 12.00",2026-10-02T20:07:58.048Z,179097167804800
"""Cameron(ryan) @ eWUSzBpS1d"" checks",2026-10-02T20:07:52.615Z,179097167261500
"""BransonW @ -thFwNBkz6"" checks",2026-10-02T20:07:49.618Z,179097166961800
"Turn: 6♥, A♥, A♣ [6♠]",2026-10-02T20:07:45.598Z,179097166559800
"""Will @ h_ZrezeXHs"" folds",2026-10-02T20:07:44.750Z,179097166475000
"""BransonW @ -thFwNBkz6"" calls 5.00",2026-10-02T20:07:43.720Z,179097166372000
"""jaaaaaaan @ O6Q78KIRx-"" calls 5.00",2026-10-02T20:07:39.090Z,179097165909000
"""Cameron(ryan) @ eWUSzBpS1d"" bets 5.00",2026-10-02T20:07:29.840Z,179097164984000
"""Will @ h_ZrezeXHs"" checks",2026-10-02T20:07:25.360Z,179097164536000
"""BransonW @ -thFwNBkz6"" checks",2026-10-02T20:07:23.855Z,179097164385500
"Flop:  [6♥, A♥, A♣]",2026-10-02T20:07:19.362Z,179097163936200
"""Cameron(ryan) @ eWUSzBpS1d"" calls 2.25",2026-10-02T20:07:18.504Z,179097163850400
"""Will @ h_ZrezeXHs"" calls 2.25",2026-10-02T20:07:15.849Z,179097163584900
"""BransonW @ -thFwNBkz6"" calls 2.25",2026-10-02T20:07:13.056Z,179097163305600
"""jaaaaaaan @ O6Q78KIRx-"" raises to 2.25",2026-10-02T20:07:04.486Z,179097162448600
"""sack @ boAReb7tW9"" folds",2026-10-02T20:07:00.915Z,179097162091500
"""rowan @ GthBpPSqaK"" folds",2026-10-02T20:07:00.072Z,179097162007200
"""Cameron(ryan) @ eWUSzBpS1d"" calls 0.50",2026-10-02T20:06:59.106Z,179097161910600
"""Will @ h_ZrezeXHs"" posts a big blind of 0.50",2026-10-02T20:06:49.958Z,179097160995809
"""BransonW @ -thFwNBkz6"" posts a small blind of 0.25",2026-10-02T20:06:49.958Z,179097160995808
"Your hand is 7♠, 7♦",2026-10-02T20:06:49.958Z,179097160995802
"Player stacks: #1 ""Cameron(ryan) @ eWUSzBpS1d"" (102.88) | #2 ""rowan @ GthBpPSqaK"" (55.65) | #3 ""sack @ boAReb7tW9"" (46.75) | #5 ""jaaaaaaan @ O6Q78KIRx-"" (97.50) | #6 ""BransonW @ -thFwNBkz6"" (287.65) | #7 ""Will @ h_ZrezeXHs"" (181.69)",2026-10-02T20:06:49.958Z,179097160995801
"-- starting hand #203 (id: gnkxzaeugj75)  No Limit Texas Hold'em (dealer: ""jaaaaaaan @ O6Q78KIRx-"") --",2026-10-02T20:06:49.958Z,179097160995800
"-- ending hand #202 --",2026-10-02T20:06:43.992Z,179097160399202
"""jaaaaaaan @ O6Q78KIRx-"" collected 10.50 from pot",2026-10-02T20:06:43.992Z,179097160399201
"Uncalled bet of 7.87 returned to ""jaaaaaaan @ O6Q78KIRx-""",2026-10-02T20:06:43.992Z,179097160399200
"""sack @ boAReb7tW9"" folds",2026-10-02T20:06:43.181Z,179097160318100
"""rowan @ GthBpPSqaK"" folds",2026-10-02T20:06:42.328Z,179097160232800
"""Cameron(ryan) @ eWUSzBpS1d"" folds",2026-10-02T20:06:41.422Z,179097160142200
"""jaaaaaaan @ O6Q78KIRx-"" bets 7.87",2026-10-02T20:06:35.074Z,179097159507400
"Turn: 9♠, 3♥, Q♣ [3♦]",2026-10-02T20:06:31.258Z,179097159125800
"""sack @ boAReb7tW9"" checks",2026-10-02T20:06:30.452Z,179097159045200
"""rowan @ GthBpPSqaK"" checks",2026-10-02T20:06:28.595Z,179097158859500
"""Cameron(ryan) @ eWUSzBpS1d"" checks",2026-10-02T20:06:23.884Z,179097158388400
"""jaaaaaaan @ O6Q78KIRx-"" checks",2026-10-02T20:06:22.977Z,179097158297700
"Flop:  [9♠, 3♥, Q♣]",2026-10-02T20:06:19.496Z,179097157949600
"""rowan @ GthBpPSqaK"" calls 2.50",2026-10-02T20:06:18.674Z,179097157867400
"""Cameron(ryan) @ eWUSzBpS1d"" calls 2.50",2026-10-02T20:06:16.479Z,179097157647900
"""BransonW @ -thFwNBkz6"" folds",2026-10-02T20:06:13.688Z,179097157368800
"""jaaaaaaan @ O6Q78KIRx-"" calls 2.50",2026-10-02T20:06:12.801Z,179097157280100
"""sack @ boAReb7tW9"" raises to 2.50",2026-10-02T20:06:11.535Z,179097157153500
"""rowan @ GthBpPSqaK"" calls 0.50",2026-10-02T20:06:08.218Z,179097156821800
"""Cameron(ryan) @ eWUSzBpS1d"" calls 0.50",2026-10-02T20:06:07.351Z,179097156735100
"""Will @ h_ZrezeXHs"" folds",2026-10-02T20:05:45.225Z,179097154522500
"""BransonW @ -thFwNBkz6"" posts a big blind of 0.50",2026-10-02T20:05:43.515Z,179097154351509
"""jaaaaaaan @ O6Q78KIRx-"" posts a small blind of 0.25",2026-10-02T20:05:43.515Z,179097154351508
"Your hand is 8♣, A♦",2026-10-02T20:05:43.515Z,179097154351502
"Player stacks: #1 ""Cameron(ryan) @ eWUSzBpS1d"" (105.38) | #2 ""rowan @ GthBpPSqaK"" (58.15) | #3 ""sack @ boAReb7tW9"" (49.25) | #5 ""jaaaaaaan @ O6Q78KIRx-"" (89.50) | #6 ""BransonW @ -thFwNBkz6"" (288.15) | #7 ""Will @ h_ZrezeXHs"" (181.69)",2026-10-02T20:05:43.515Z,179097154351501
"-- starting hand #202 (id: torekucxpy9v)  No Limit Texas Hold'em (dealer: ""sack @ boAReb7tW9"") --",2026-10-02T20:05:43.515Z,179097154351500
"""sack @ boAReb7tW9"" shows a 5♠.",2026-10-02T20:05:39.155Z,179097153915500
"-- ending hand #201 --",2026-10-02T20:05:36.995Z,179097153699503
"""BransonW @ -thFwNBkz6"" collected 20.61 from pot with Two Pair, 9's & 5's (combination: K♦, 5♥, 5♦, 9♥, 9♦)",2026-10-02T20:05:36.995Z,179097153699502
"""BransonW @ -thFwNBkz6"" shows a 9♥, K♦.",2026-10-02T20:05:36.995Z,179097153699501
"""jaaaaaaan @ O6Q78KIRx-"" shows a 10♦, 9♣.",2026-10-02T20:05:36.995Z,179097153699500
"""Cameron(ryan) @ eWUSzBpS1d"" checks",2026-10-02T20:05:36.171Z,179097153617100
"""BransonW @ -thFwNBkz6"" checks",2026-10-02T20:05:31.011Z,179097153101100
"""jaaaaaaan @ O6Q78KIRx-"" checks",2026-10-02T20:05:28.475Z,179097152847500
"River: 9♦, 2♦, 5♥, 5♦ [2♠]",2026-10-02T20:05:26.428Z,179097152642800
"""rowan @ GthBpPSqaK"" folds",2026-10-02T20:05:25.619Z,179097152561900
"""Cameron(ryan) @ eWUSzBpS1d"" calls 4.12",2026-10-02T20:05:24.772Z,179097152477200
"""BransonW @ -thFwNBkz6"" calls 4.12",2026-10-02T20:05:20.534Z,179097152053400
"""jaaaaaaan @ O6Q78KIRx-"" bets 4.12",2026-10-02T20:05:17.122Z,179097151712200
"Turn: 9♦, 2♦, 5♥ [5♦]",2026-10-02T20:05:13.570Z,179097151357000
"""rowan @ GthBpPSqaK"" checks",2026-10-02T20:05:12.722Z,179097151272200
"""Cameron(ryan) @ eWUSzBpS1d"" checks",2026-10-02T20:05:11.847Z,179097151184700
"""BransonW @ -thFwNBkz6"" checks",2026-10-02T20:05:09.646Z,179097150964600
"""jaaaaaaan @ O6Q78KIRx-"" checks",2026-10-02T20:05:04.719Z,179097150471900
"Flop:  [9♦, 2♦, 5♥]",2026-10-02T20:05:02.762Z,179097150276200
"""BransonW @ -thFwNBkz6"" calls 2.00",2026-10-02T20:05:01.945Z,179097150194500
"""jaaaaaaan @ O6Q78KIRx-"" calls 2.00",2026-10-02T20:04:59.724Z,179097149972400
"""sack @ boAReb7tW9"" folds",2026-10-02T20:04:53.617Z,179097149361700
"""rowan @ GthBpPSqaK"" calls 2.00",2026-10-02T20:04:52.758Z,179097149275800
"""Cameron(ryan) @ eWUSzBpS1d"" raises to 2.00",2026-10-02T20:04:46.483Z,179097148648300
"""Will @ h_ZrezeXHs"" folds",2026-10-02T20:04:42.181Z,179097148218100
"""BransonW @ -thFwNBkz6"" calls 0.50",2026-10-02T20:04:41.239Z,179097148123900
"""jaaaaaaan @ O6Q78KIRx-"" posts a big blind of 0.50",2026-10-02T20:04:39.596Z,179097147959609
"""sack @ boAReb7tW9"" posts a small blind of 0.25",2026-10-02T20:04:39.596Z,179097147959608
"Your hand is 3♦, 3♣",2026-10-02T20:04:39.596Z,179097147959602
"Player stacks: #1 ""Cameron(ryan) @ eWUSzBpS1d"" (111.50) | #2 ""rowan @ GthBpPSqaK"" (60.15) | #3 ""sack @ boAReb7tW9"" (49.50) | #5 ""jaaaaaaan @ O6Q78KIRx-"" (95.62) | #6 ""BransonW @ -thFwNBkz6"" (273.66) | #7 ""Will @ h_ZrezeXHs"" (181.69)",2026-10-02T20:04:39.596Z,179097147959601
"-- starting hand #201 (id: bal28o50xst1)  No Limit Texas Hold'em (dealer: ""rowan @ GthBpPSqaK"") --",2026-10-02T20:04:39.596Z,179097147959600
"""jaaaaaaan @ O6Q78KIRx-"" shows a 8♥, 4♣.",2026-10-02T20:04:36.002Z,179097147600200
"""sack @ boAReb7tW9"" shows a Q♦, 9♠.",2026-10-02T20:04:34.637Z,179097147463700
"-- ending hand #200 --",2026-10-02T20:04:32.588Z,179097147258803
"""Will @ h_ZrezeXHs"" collected 9.25 from pot with Pair, 8's (combination: J♦, K♥, A♦, 8♦, 8♠)",2026-10-02T20:04:32.588Z,179097147258802
"""Will @ h_ZrezeXHs"" shows a K♥, A♦.",2026-10-02T20:04:32.588Z,179097147258801
"""BransonW @ -thFwNBkz6"" shows a 9♣, K♦.",2026-10-02T20:04:32.588Z,179097147258800
"""Will @ h_ZrezeXHs"" checks",2026-10-02T20:04:31.767Z,179097147176700
"""BransonW @ -thFwNBkz6"" checks",2026-10-02T20:04:30.500Z,179097147050000
"River: 10♠, 8♦, 8♠, J♦ [4♦]",2026-10-02T20:04:25.355Z,179097146535500
"""Will @ h_ZrezeXHs"" checks",2026-10-02T20:04:24.537Z,179097146453700
"""BransonW @ -thFwNBkz6"" checks",2026-10-02T20:04:22.856Z,179097146285600
"Turn: 10♠, 8♦, 8♠ [J♦]",2026-10-02T20:04:19.891Z,179097145989100
"""BransonW @ -thFwNBkz6"" calls 1.75",2026-10-02T20:04:19.047Z,179097145904700
"""Will @ h_ZrezeXHs"" bets 1.75",2026-10-02T20:04:16.512Z,179097145651200
"""BransonW @ -thFwNBkz6"" checks",2026-10-02T20:04:13.730Z,179097145373000
"Flop:  [10♠, 8♦, 8♠]",2026-10-02T20:04:10.287Z,179097145028700
"""BransonW @ -thFwNBkz6"" calls 2.50",2026-10-02T20:04:09.464Z,179097144946400
"""sack @ boAReb7tW9"" folds",2026-10-02T20:04:03.973Z,179097144397300
"""rowan @ GthBpPSqaK"" folds",2026-10-02T20:04:03.125Z,179097144312500
"""Cameron(ryan) @ eWUSzBpS1d"" folds",2026-10-02T20:04:02.202Z,179097144220200
"""Will @ h_ZrezeXHs"" raises to 2.50",2026-10-02T20:03:58.036Z,179097143803600
"""BransonW @ -thFwNBkz6"" calls 0.50",2026-10-02T20:03:55.259Z,179097143525900
"""jaaaaaaan @ O6Q78KIRx-"" folds",2026-10-02T20:03:51.761Z,179097143176100
"""sack @ boAReb7tW9"" posts a big blind of 0.50",2026-10-02T20:03:49.883Z,179097142988310
"""rowan @ GthBpPSqaK"" posts a small blind of 0.25",2026-10-02T20:03:49.883Z,179097142988309
"Your hand is 6♣, 2♥",2026-10-02T20:03:49.883Z,179097142988303
"Player stacks: #1 ""Cameron(ryan) @ eWUSzBpS1d"" (111.50) | #2 ""rowan @ GthBpPSqaK"" (60.40) | #3 ""sack @ boAReb7tW9"" (50.00) | #5 ""jaaaaaaan @ O6Q78KIRx-"" (95.62) | #6 ""BransonW @ -thFwNBkz6"" (277.91) | #7 ""Will @ h_ZrezeXHs"" (176.69)",2026-10-02T20:03:49.883Z,179097142988302
"-- starting hand #200 (id: rswet3wsviqi)  No Limit Texas Hold'em (dealer: ""Cameron(ryan) @ eWUSzBpS1d"") --",2026-10-02T20:03:49.883Z,179097142988301
"The player ""sack @ boAReb7tW9"" joined the game with a stack of 50.00.",2026-10-02T20:03:49.883Z,179097142988300
"-- ending hand #199 --",2026-10-02T20:03:46.977Z,179097142697702
"""Cameron(ryan) @ eWUSzBpS1d"" collected 28.50 from pot",2026-10-02T20:03:46.977Z,179097142697701
"Uncalled bet of 10.00 returned to ""Cameron(ryan) @ eWUSzBpS1d""",2026-10-02T20:03:46.977Z,179097142697700
"""Will @ h_ZrezeXHs"" folds",2026-10-02T20:03:46.116Z,179097142611600
"""Cameron(ryan) @ eWUSzBpS1d"" bets 10.00",2026-10-02T20:03:39.943Z,179097141994300
"River: 4♠, K♥, 6♥, J♦ [Q♥]",2026-10-02T20:03:34.469Z,179097141446900
"""Will @ h_ZrezeXHs"" calls 8.00",2026-10-02T20:03:33.650Z,179097141365000
"""Cameron(ryan) @ eWUSzBpS1d"" bets 8.00",2026-10-02T20:03:31.135Z,179097141113500
"Turn: 4♠, K♥, 6♥ [J♦]",2026-10-02T20:03:22.393Z,179097140239300
"""Will @ h_ZrezeXHs"" calls 4.00",2026-10-02T20:03:21.588Z,179097140158800
"""Cameron(ryan) @ eWUSzBpS1d"" raises to 4.00",2026-10-02T20:03:18.950Z,179097139895000
"""Will @ h_ZrezeXHs"" bets 1.50",2026-10-02T20:03:11.500Z,179097139150000
"The admin approved the player ""sack @ boAReb7tW9"" participation with a stack of 50.00.",2026-10-02T20:03:09.340Z,179097138934000
"""Cameron(ryan) @ eWUSzBpS1d"" checks",2026-10-02T20:03:08.672Z,179097138867200
"The player ""sack @ boAReb7tW9"" requested a seat.",2026-10-02T20:03:07.711Z,179097138771100
"Flop:  [4♠, K♥, 6♥]",2026-10-02T20:03:06.351Z,179097138635100
"""rowan @ GthBpPSqaK"" folds",2026-10-02T20:03:05.486Z,179097138548600
"""Cameron(ryan) @ eWUSzBpS1d"" calls 2.00",2026-10-02T20:03:04.634Z,179097138463400
"""Will @ h_ZrezeXHs"" raises to 2.00",2026-10-02T20:03:02.781Z,179097138278100
"""BransonW @ -thFwNBkz6"" folds",2026-10-02T20:02:59.242Z,179097137924200
"""jaaaaaaan @ O6Q78KIRx-"" folds",2026-10-02T20:02:45.160Z,179097136516000
"""rowan @ GthBpPSqaK"" posts a big blind of 0.50",2026-10-02T20:02:44.162Z,179097136416208
"""Cameron(ryan) @ eWUSzBpS1d"" posts a small blind of 0.25",2026-10-02T20:02:44.162Z,179097136416207
"Your hand is K♣, 8♣",2026-10-02T20:02:44.162Z,179097136416202
"Player stacks: #1 ""Cameron(ryan) @ eWUSzBpS1d"" (97.00) | #2 ""rowan @ GthBpPSqaK"" (60.90) | #5 ""jaaaaaaan @ O6Q78KIRx-"" (95.62) | #6 ""BransonW @ -thFwNBkz6"" (277.91) | #7 ""Will @ h_ZrezeXHs"" (190.69)",2026-10-02T20:02:44.162Z,179097136416201
"-- starting hand #199 (id: 63p3aqw4xvz2)  No Limit Texas Hold'em (dealer: ""Will @ h_ZrezeXHs"") --",2026-10-02T20:02:44.162Z,179097136416200
"""jaaaaaaan @ O6Q78KIRx-"" shows a Q♠, 8♠.",2026-10-02T20:02:39.399Z,179097135939900
"-- ending hand #198 --",2026-10-02T20:02:37.655Z,179097135765503
"""rowan @ GthBpPSqaK"" collected 7.25 from pot with Two Pair, K's & 9's (combination: Q♣, 9♦, 9♣, K♥, K♦)",2026-10-02T20:02:37.655Z,179097135765502
"""rowan @ GthBpPSqaK"" shows a 9♦, Q♣.",2026-10-02T20:02:37.655Z,179097135765501
"""Will @ h_ZrezeXHs"" shows a 4♣, 4♠.",2026-10-02T20:02:37.655Z,179097135765500
"""jaaaaaaan @ O6Q78KIRx-"" checks",2026-10-02T20:02:36.843Z,179097135684300
"""rowan @ GthBpPSqaK"" checks",2026-10-02T20:02:35.971Z,179097135597100
"""Will @ h_ZrezeXHs"" checks",2026-10-02T20:02:35.077Z,179097135507700
"River: K♥, 2♥, K♦, 3♦ [9♣]",2026-10-02T20:02:33.499Z,179097135349900
"""jaaaaaaan @ O6Q78KIRx-"" checks",2026-10-02T20:02:32.694Z,179097135269400
"""rowan @ GthBpPSqaK"" checks",2026-10-02T20:02:31.456Z,179097135145600
"""Will @ h_ZrezeXHs"" checks",2026-10-02T20:02:30.605Z,179097135060500
"Turn: K♥, 2♥, K♦ [3♦]",2026-10-02T20:02:28.635Z,179097134863500
"""jaaaaaaan @ O6Q78KIRx-"" checks",2026-10-02T20:02:27.831Z,179097134783100
"""rowan @ GthBpPSqaK"" checks",2026-10-02T20:02:24.839Z,179097134483900
"""Will @ h_ZrezeXHs"" checks",2026-10-02T20:02:23.962Z,179097134396200
"Flop:  [K♥, 2♥, K♦]",2026-10-02T20:02:22.199Z,179097134219900
"""rowan @ GthBpPSqaK"" calls 2.25",2026-10-02T20:02:21.379Z,179097134137900
"""Cameron(ryan) @ eWUSzBpS1d"" folds",2026-10-02T20:02:20.282Z,179097134028200
"""Will @ h_ZrezeXHs"" calls 2.25",2026-10-02T20:02:10.502Z,179097133050200
"""BransonW @ -thFwNBkz6"" folds",2026-10-02T20:02:09.481Z,179097132948100
"""jaaaaaaan @ O6Q78KIRx-"" raises to 2.25",2026-10-02T20:02:08.559Z,179097132855900
"""rowan @ GthBpPSqaK"" calls 0.50",2026-10-02T20:02:04.695Z,179097132469500
"""Cameron(ryan) @ eWUSzBpS1d"" posts a big blind of 0.50",2026-10-02T20:02:03.184Z,179097132318408
"""Will @ h_ZrezeXHs"" posts a small blind of 0.25",2026-10-02T20:02:03.184Z,179097132318407
"Your hand is 4♦, J♠",2026-10-02T20:02:03.184Z,179097132318402
"Player stacks: #1 ""Cameron(ryan) @ eWUSzBpS1d"" (97.50) | #2 ""rowan @ GthBpPSqaK"" (55.90) | #5 ""jaaaaaaan @ O6Q78KIRx-"" (97.87) | #6 ""BransonW @ -thFwNBkz6"" (277.91) | #7 ""Will @ h_ZrezeXHs"" (192.94)",2026-10-02T20:02:03.184Z,179097132318401
"-- starting hand #198 (id: qb21m0uw5a5w)  No Limit Texas Hold'em (dealer: ""BransonW @ -thFwNBkz6"") --",2026-10-02T20:02:03.184Z,179097132318400
"""jaaaaaaan @ O6Q78KIRx-"" shows a J♠, 8♥.",2026-10-02T20:01:58.028Z,179097131802800
"-- ending hand #197 --",2026-10-02T20:01:56.567Z,179097131656701
"""jaaaaaaan @ O6Q78KIRx-"" collected 6.25 from pot",2026-10-02T20:01:56.567Z,179097131656700
"""Cameron(ryan) @ eWUSzBpS1d"" folds",2026-10-02T20:01:55.734Z,179097131573400
"Turn: 10♠, 8♠, 2♠ [7♥]",2026-10-02T20:01:50.561Z,179097131056100
"""jaaaaaaan @ O6Q78KIRx-"" checks",2026-10-02T20:01:49.750Z,179097130975000
"""Cameron(ryan) @ eWUSzBpS1d"" checks",2026-10-02T20:01:48.620Z,179097130862000
"Flop:  [10♠, 8♠, 2♠]",2026-10-02T20:01:45.947Z,179097130594700
"""Will @ h_ZrezeXHs"" folds",2026-10-02T20:01:45.125Z,179097130512500
"""BransonW @ -thFwNBkz6"" folds",2026-10-02T20:01:44.013Z,179097130401300
"""jaaaaaaan @ O6Q78KIRx-"" calls 2.75",2026-10-02T20:01:42.388Z,179097130238800
"""rowan @ GthBpPSqaK"" folds",2026-10-02T20:01:41.545Z,179097130154500
"""Cameron(ryan) @ eWUSzBpS1d"" raises to 2.75",2026-10-02T20:01:39.008Z,179097129900800
"""Will @ h_ZrezeXHs"" posts a big blind of 0.50",2026-10-02T20:01:33.397Z,179097129339709
"""BransonW @ -thFwNBkz6"" posts a small blind of 0.25",2026-10-02T20:01:33.397Z,179097129339708
"Your hand is 9♥, K♥",2026-10-02T20:01:33.397Z,179097129339703
"Player stacks: #1 ""Cameron(ryan) @ eWUSzBpS1d"" (100.25) | #2 ""rowan @ GthBpPSqaK"" (55.90) | #5 ""jaaaaaaan @ O6Q78KIRx-"" (94.37) | #6 ""BransonW @ -thFwNBkz6"" (278.16) | #7 ""Will @ h_ZrezeXHs"" (193.44)",2026-10-02T20:01:33.397Z,179097129339702
"-- starting hand #197 (id: ywi30atmiyem)  No Limit Texas Hold'em (dealer: ""jaaaaaaan @ O6Q78KIRx-"") --",2026-10-02T20:01:33.397Z,179097129339701
"The player ""sack @ boAReb7tW9"" quits the game with a stack of 0.00.",2026-10-02T20:01:33.397Z,179097129339700
"Asking to busted players the rebuy decision.",2026-10-02T20:01:20.196Z,179097128019600
"""jaaaaaaan @ O6Q78KIRx-"" shows a A♦.",2026-10-02T20:01:18.163Z,179097127816300
"""rowan @ GthBpPSqaK"" shows a J♠, 8♠.",2026-10-02T20:01:14.486Z,179097127448600
"-- ending hand #196 --",2026-10-02T20:01:13.192Z,179097127319201
"""Cameron(ryan) @ eWUSzBpS1d"" collected 38.95 from pot with Three of a Kind, 9's (combination: J♥, A♥, 9♦, 9♥, 9♣)",2026-10-02T20:01:13.192Z,179097127319200
"River: 9♣, A♥, 2♠, 8♦ [J♥]",2026-10-02T20:01:09.159Z,179097126915900
"Turn: 9♣, A♥, 2♠ [8♦]",2026-10-02T20:01:05.103Z,179097126510300
"Flop:  [9♣, A♥, 2♠]",2026-10-02T20:01:01.061Z,179097126106100
"""sack @ boAReb7tW9"" shows a 7♣, 2♥.",2026-10-02T20:00:57.046Z,179097125704601
"""Cameron(ryan) @ eWUSzBpS1d"" shows a 9♦, 9♥.",2026-10-02T20:00:57.046Z,179097125704600
"Some players choose to not run it twice.",2026-10-02T20:00:56.230Z,179097125623001
"""sack @ boAReb7tW9"" chooses to not run it twice.",2026-10-02T20:00:56.230Z,179097125623000
"""Cameron(ryan) @ eWUSzBpS1d"" chooses to  run it twice.",2026-10-02T20:00:54.291Z,179097125429100
"Remaining players decide whether to run it twice.",2026-10-02T20:00:52.967Z,179097125296701
"""BransonW @ -thFwNBkz6"" folds",2026-10-02T20:00:52.967Z,179097125296700
"""jaaaaaaan @ O6Q78KIRx-"" folds",2026-10-02T20:00:41.120Z,179097124112000
"""rowan @ GthBpPSqaK"" folds",2026-10-02T20:00:39.648Z,179097123964800
"""Cameron(ryan) @ eWUSzBpS1d"" calls 19.10",2026-10-02T20:00:36.049Z,179097123604900
"""sack @ boAReb7tW9"" raises to 19.10 and go all in",2026-10-02T20:00:24.529Z,179097122452900
"""Will @ h_ZrezeXHs"" folds",2026-10-02T20:00:19.812Z,179097121981200
"""BransonW @ -thFwNBkz6"" posts a big blind of 0.50",2026-10-02T20:00:18.327Z,179097121832709
"""jaaaaaaan @ O6Q78KIRx-"" posts a small blind of 0.25",2026-10-02T20:00:18.327Z,179097121832708
"Your hand is 9♦, 9♥",2026-10-02T20:00:18.327Z,179097121832702
"Player stacks: #1 ""Cameron(ryan) @ eWUSzBpS1d"" (80.40) | #2 ""rowan @ GthBpPSqaK"" (55.90) | #5 ""jaaaaaaan @ O6Q78KIRx-"" (94.62) | #6 ""BransonW @ -thFwNBkz6"" (278.66) | #7 ""Will @ h_ZrezeXHs"" (193.44) | #8 ""sack @ boAReb7tW9"" (19.10)",2026-10-02T20:00:18.327Z,179097121832701
"-- starting hand #196 (id: c0uzwlxsx7tg)  No Limit Texas Hold'em (dealer: ""rowan @ GthBpPSqaK"") --",2026-10-02T20:00:18.327Z,179097121832700
"Undealt cards: 10♠, 8♦, 9♦, 5♣ [A♠]",2026-10-02T20:00:12.623Z,179097121262300
"-- ending hand #195 --",2026-10-02T20:00:12.385Z,179097121238502
"""BransonW @ -thFwNBkz6"" collected 10.49 from pot",2026-10-02T20:00:12.385Z,179097121238501
"Uncalled bet of 5.24 returned to ""BransonW @ -thFwNBkz6""",2026-10-02T20:00:12.385Z,179097121238500
"""Cameron(ryan) @ eWUSzBpS1d"" folds",2026-10-02T20:00:11.556Z,179097121155600
"""BransonW @ -thFwNBkz6"" bets 5.24",2026-10-02T20:00:08.360Z,179097120836000
"Turn: 10♠, 8♦, 9♦ [5♣]",2026-10-02T20:00:04.549Z,179097120454900
"""BransonW @ -thFwNBkz6"" calls 2.62",2026-10-02T20:00:03.660Z,179097120366000
"""Cameron(ryan) @ eWUSzBpS1d"" bets 2.62",2026-10-02T20:00:01.028Z,179097120102800
"""BransonW @ -thFwNBkz6"" checks",2026-10-02T19:59:53.967Z,179097119396700
"Flop:  [10♠, 8♦, 9♦]",2026-10-02T19:59:50.182Z,179097119018200
"""BransonW @ -thFwNBkz6"" calls 2.25",2026-10-02T19:59:49.366Z,179097118936600
"""jaaaaaaan @ O6Q78KIRx-"" folds",2026-10-02T19:59:46.834Z,179097118683400
"""rowan @ GthBpPSqaK"" folds",2026-10-02T19:59:45.731Z,179097118573100
"""Cameron(ryan) @ eWUSzBpS1d"" raises to 2.25",2026-10-02T19:59:44.883Z,179097118488300
"""sack @ boAReb7tW9"" folds",2026-10-02T19:59:29.908Z,179097116990800
"""Will @ h_ZrezeXHs"" folds",2026-10-02T19:59:29.033Z,179097116903300
"""BransonW @ -thFwNBkz6"" calls 0.50",2026-10-02T19:59:28.145Z,179097116814500
"""jaaaaaaan @ O6Q78KIRx-"" posts a big blind of 0.50",2026-10-02T19:59:25.209Z,179097116520909
"""rowan @ GthBpPSqaK"" posts a small blind of 0.25",2026-10-02T19:59:25.209Z,179097116520908
"Your hand is 7♣, 3♣",2026-10-02T19:59:25.209Z,179097116520902
"Player stacks: #1 ""Cameron(ryan) @ eWUSzBpS1d"" (85.27) | #2 ""rowan @ GthBpPSqaK"" (56.15) | #5 ""jaaaaaaan @ O6Q78KIRx-"" (95.12) | #6 ""BransonW @ -thFwNBkz6"" (273.04) | #7 ""Will @ h_ZrezeXHs"" (193.44) | #8 ""sack @ boAReb7tW9"" (19.10)",2026-10-02T19:59:25.209Z,179097116520901
"-- starting hand #195 (id: qrmq79bvq8ir)  No Limit Texas Hold'em (dealer: ""Cameron(ryan) @ eWUSzBpS1d"") --",2026-10-02T19:59:25.209Z,179097116520900
"""rowan @ GthBpPSqaK"" shows a 4♦, 6♣.",2026-10-02T19:59:20.139Z,179097116013900
"Undealt cards: 6♠, 10♠, 8♦ [4♠, 3♠]",2026-10-02T19:59:19.170Z,179097115917000
"""Cameron(ryan) @ eWUSzBpS1d"" shows a 10♥, Q♥.",2026-10-02T19:59:18.517Z,179097115851700
"-- ending hand #194 --",2026-10-02T19:59:17.873Z,179097115787302
"""Cameron(ryan) @ eWUSzBpS1d"" collected 7.50 from pot",2026-10-02T19:59:17.873Z,179097115787301
"Uncalled bet of 7.50 returned to ""Cameron(ryan) @ eWUSzBpS1d""",2026-10-02T19:59:17.873Z,179097115787300
"""sack @ boAReb7tW9"" folds",2026-10-02T19:59:17.053Z,179097115705300
"""Cameron(ryan) @ eWUSzBpS1d"" bets 7.50",2026-10-02T19:59:13.906Z,179097115390600
"Flop:  [6♠, 10♠, 8♦]",2026-10-02T19:59:11.338Z,179097115133800
"""sack @ boAReb7tW9"" calls 3.00",2026-10-02T19:59:10.532Z,179097115053200
"""BransonW @ -thFwNBkz6"" folds",2026-10-02T19:59:07.472Z,179097114747200
"""jaaaaaaan @ O6Q78KIRx-"" folds",2026-10-02T19:59:04.791Z,179097114479100
"""rowan @ GthBpPSqaK"" folds",2026-10-02T19:59:03.849Z,179097114384900
"""Cameron(ryan) @ eWUSzBpS1d"" raises to 3.00",2026-10-02T19:59:02.837Z,179097114283700
"""sack @ boAReb7tW9"" calls 0.50",2026-10-02T19:58:57.709Z,179097113770900
"""Will @ h_ZrezeXHs"" folds",2026-10-02T19:58:56.868Z,179097113686800
"""BransonW @ -thFwNBkz6"" calls 0.50",2026-10-02T19:58:55.952Z,179097113595200
"""jaaaaaaan @ O6Q78KIRx-"" calls 0.50",2026-10-02T19:58:50.872Z,179097113087200
"""rowan @ GthBpPSqaK"" posts a big blind of 0.50",2026-10-02T19:58:49.666Z,179097112966609
"""Cameron(ryan) @ eWUSzBpS1d"" posts a small blind of 0.25",2026-10-02T19:58:49.666Z,179097112966608
"Your hand is 10♥, Q♥",2026-10-02T19:58:49.666Z,179097112966602
"Player stacks: #1 ""Cameron(ryan) @ eWUSzBpS1d"" (80.77) | #2 ""rowan @ GthBpPSqaK"" (56.65) | #5 ""jaaaaaaan @ O6Q78KIRx-"" (95.62) | #6 ""BransonW @ -thFwNBkz6"" (273.54) | #7 ""Will @ h_ZrezeXHs"" (193.44) | #8 ""sack @ boAReb7tW9"" (22.10)",2026-10-02T19:58:49.666Z,179097112966601
"-- starting hand #194 (id: ankaucxcyauq)  No Limit Texas Hold'em (dealer: ""sack @ boAReb7tW9"") --",2026-10-02T19:58:49.666Z,179097112966600
"""rowan @ GthBpPSqaK"" shows a Q♠, J♣.",2026-10-02T19:58:44.082Z,179097112408200
"-- ending hand #193 --",2026-10-02T19:58:43.164Z,179097112316402
"""jaaaaaaan @ O6Q78KIRx-"" collected 71.85 from pot with Flush, K High (combination: 3♠, 5♠, 6♠, J♠, K♠)",2026-10-02T19:58:43.164Z,179097112316401
"""jaaaaaaan @ O6Q78KIRx-"" shows a K♠, 3♠.",2026-10-02T19:58:43.164Z,179097112316400
"""rowan @ GthBpPSqaK"" calls 26.44",2026-10-02T19:58:42.324Z,179097112232400
"""jaaaaaaan @ O6Q78KIRx-"" raises to 26.44",2026-10-02T19:58:31.114Z,179097111111400
"""rowan @ GthBpPSqaK"" bets 8.98",2026-10-02T19:58:19.866Z,179097109986600
"River: J♦, J♠, 6♠, 5♠ [2♣]",2026-10-02T19:58:15.595Z,179097109559500
"""jaaaaaaan @ O6Q78KIRx-"" calls 4.74",2026-10-02T19:58:14.776Z,179097109477600
"""rowan @ GthBpPSqaK"" bets 4.74",2026-10-02T19:58:10.540Z,179097109054000
"Turn: J♦, J♠, 6♠ [5♠]",2026-10-02T19:58:06.162Z,179097108616200
"""Cameron(ryan) @ eWUSzBpS1d"" folds",2026-10-02T19:58:05.342Z,179097108534200
"""jaaaaaaan @ O6Q78KIRx-"" calls 2.37",2026-10-02T19:58:01.259Z,179097108125900
"""rowan @ GthBpPSqaK"" bets 2.37",2026-10-02T19:57:57.567Z,179097107756700
"""Cameron(ryan) @ eWUSzBpS1d"" checks",2026-10-02T19:57:55.404Z,179097107540400
"Flop:  [J♦, J♠, 6♠]",2026-10-02T19:57:38.122Z,179097105812200
"""Cameron(ryan) @ eWUSzBpS1d"" calls 1.50",2026-10-02T19:57:37.316Z,179097105731600
"""sack @ boAReb7tW9"" folds",2026-10-02T19:57:36.454Z,179097105645400
"""Will @ h_ZrezeXHs"" folds",2026-10-02T19:57:35.598Z,179097105559800
"""BransonW @ -thFwNBkz6"" folds",2026-10-02T19:56:54.744Z,179097101474400
"""jaaaaaaan @ O6Q78KIRx-"" calls 1.50",2026-10-02T19:56:53.887Z,179097101388700
"""rowan @ GthBpPSqaK"" raises to 1.50",2026-10-02T19:56:53.010Z,179097101301000
"""Cameron(ryan) @ eWUSzBpS1d"" posts a big blind of 0.50",2026-10-02T19:56:50.853Z,179097101085309
"""sack @ boAReb7tW9"" posts a small blind of 0.25",2026-10-02T19:56:50.853Z,179097101085308
"Your hand is 9♠, A♣",2026-10-02T19:56:50.853Z,179097101085302
"Player stacks: #1 ""Cameron(ryan) @ eWUSzBpS1d"" (82.27) | #2 ""rowan @ GthBpPSqaK"" (91.70) | #5 ""jaaaaaaan @ O6Q78KIRx-"" (58.82) | #6 ""BransonW @ -thFwNBkz6"" (273.54) | #7 ""Will @ h_ZrezeXHs"" (193.44) | #8 ""sack @ boAReb7tW9"" (22.35)",2026-10-02T19:56:50.853Z,179097101085301
"-- starting hand #193 (id: qzm3empthdod)  No Limit Texas Hold'em (dealer: ""Will @ h_ZrezeXHs"") --",2026-10-02T19:56:50.853Z,179097101085300
"-- ending hand #192 --",2026-10-02T19:56:44.845Z,179097100484503
"""jaaaaaaan @ O6Q78KIRx-"" collected 1.25 from pot with Pair, 3's (combination: 8♠, J♦, Q♥, 3♦, 3♣)",2026-10-02T19:56:44.845Z,179097100484502
"""jaaaaaaan @ O6Q78KIRx-"" shows a 4♠, 8♠.",2026-10-02T19:56:44.845Z,179097100484501
"""sack @ boAReb7tW9"" shows a 7♣, 6♣.",2026-10-02T19:56:44.845Z,179097100484500
"""jaaaaaaan @ O6Q78KIRx-"" checks",2026-10-02T19:56:43.967Z,179097100396700
"""sack @ boAReb7tW9"" checks",2026-10-02T19:56:43.112Z,179097100311200
"River: 3♦, J♦, 3♣, 2♦ [Q♥]",2026-10-02T19:56:41.893Z,179097100189300
"""jaaaaaaan @ O6Q78KIRx-"" checks",2026-10-02T19:56:41.083Z,179097100108300
"""sack @ boAReb7tW9"" checks",2026-10-02T19:56:40.236Z,179097100023600
"Turn: 3♦, J♦, 3♣ [2♦]",2026-10-02T19:56:39.367Z,179097099936700
"""jaaaaaaan @ O6Q78KIRx-"" checks",2026-10-02T19:56:38.558Z,179097099855800
"""sack @ boAReb7tW9"" checks",2026-10-02T19:56:37.679Z,179097099767900
"Flop:  [3♦, J♦, 3♣]",2026-10-02T19:56:36.106Z,179097099610600
"""sack @ boAReb7tW9"" checks",2026-10-02T19:56:35.289Z,179097099528900
"""Will @ h_ZrezeXHs"" folds",2026-10-02T19:56:33.593Z,179097099359300
"""BransonW @ -thFwNBkz6"" folds",2026-10-02T19:56:32.698Z,179097099269800
"""jaaaaaaan @ O6Q78KIRx-"" calls 0.50",2026-10-02T19:56:31.792Z,179097099179200
"""rowan @ GthBpPSqaK"" folds",2026-10-02T19:56:30.685Z,179097099068500
"""Cameron(ryan) @ eWUSzBpS1d"" folds",2026-10-02T19:56:29.803Z,179097098980300
"""sack @ boAReb7tW9"" posts a big blind of 0.50",2026-10-02T19:56:21.677Z,179097098167709
"""Will @ h_ZrezeXHs"" posts a small blind of 0.25",2026-10-02T19:56:21.677Z,179097098167708
"Your hand is J♥, 9♣",2026-10-02T19:56:21.677Z,179097098167702
"Player stacks: #1 ""Cameron(ryan) @ eWUSzBpS1d"" (82.27) | #2 ""rowan @ GthBpPSqaK"" (91.70) | #5 ""jaaaaaaan @ O6Q78KIRx-"" (58.07) | #6 ""BransonW @ -thFwNBkz6"" (273.54) | #7 ""Will @ h_ZrezeXHs"" (193.69) | #8 ""sack @ boAReb7tW9"" (22.85)",2026-10-02T19:56:21.677Z,179097098167701
"-- starting hand #192 (id: pavowtwjhhia)  No Limit Texas Hold'em (dealer: ""BransonW @ -thFwNBkz6"") --",2026-10-02T19:56:21.677Z,179097098167700
"""Will @ h_ZrezeXHs"" shows a 4♥, 2♣.",2026-10-02T19:56:16.935Z,179097097693500
"""rowan @ GthBpPSqaK"" shows a 5♥, A♥.",2026-10-02T19:56:15.926Z,179097097592600
"-- ending hand #191 --",2026-10-02T19:56:14.649Z,179097097464902
"""BransonW @ -thFwNBkz6"" collected 71.97 from pot with Flush, A High (combination: 2♦, 3♦, 4♦, Q♦, A♦)",2026-10-02T19:56:14.649Z,179097097464901
"""BransonW @ -thFwNBkz6"" shows a Q♦, A♦.",2026-10-02T19:56:14.649Z,179097097464900
"""rowan @ GthBpPSqaK"" calls 12.50",2026-10-02T19:56:13.833Z,179097097383300
"""BransonW @ -thFwNBkz6"" bets 12.50",2026-10-02T19:56:12.662Z,179097097266200
"River: 4♦, 3♦, 4♣, A♣ [2♦]",2026-10-02T19:56:04.201Z,179097096420100
"""BransonW @ -thFwNBkz6"" calls 11.74",2026-10-02T19:56:03.368Z,179097096336800
"""rowan @ GthBpPSqaK"" bets 11.74",2026-10-02T19:56:00.227Z,179097096022700
"""BransonW @ -thFwNBkz6"" checks",2026-10-02T19:55:57.113Z,179097095711300
"Turn: 4♦, 3♦, 4♣ [A♣]",2026-10-02T19:55:54.433Z,179097095443300
"""Cameron(ryan) @ eWUSzBpS1d"" folds",2026-10-02T19:55:53.594Z,179097095359400
"""sack @ boAReb7tW9"" folds",2026-10-02T19:55:49.021Z,179097094902100
"""BransonW @ -thFwNBkz6"" calls 5.87",2026-10-02T19:55:48.165Z,179097094816500
"""jaaaaaaan @ O6Q78KIRx-"" folds",2026-10-02T19:55:41.580Z,179097094158000
"""rowan @ GthBpPSqaK"" bets 5.87",2026-10-02T19:55:40.273Z,179097094027300
"""Cameron(ryan) @ eWUSzBpS1d"" checks",2026-10-02T19:55:38.270Z,179097093827000
"""sack @ boAReb7tW9"" checks",2026-10-02T19:55:35.295Z,179097093529500
"""BransonW @ -thFwNBkz6"" checks",2026-10-02T19:55:34.277Z,179097093427700
"Flop:  [4♦, 3♦, 4♣]",2026-10-02T19:55:22.435Z,179097092243500
"""sack @ boAReb7tW9"" calls 2.25",2026-10-02T19:55:21.575Z,179097092157500
"""Will @ h_ZrezeXHs"" folds",2026-10-02T19:55:20.700Z,179097092070000
"""BransonW @ -thFwNBkz6"" calls 2.25",2026-10-02T19:55:19.716Z,179097091971600
"""jaaaaaaan @ O6Q78KIRx-"" calls 2.25",2026-10-02T19:55:16.194Z,179097091619400
"""rowan @ GthBpPSqaK"" calls 2.25",2026-10-02T19:55:12.241Z,179097091224100
"""Cameron(ryan) @ eWUSzBpS1d"" raises to 2.25",2026-10-02T19:55:10.847Z,179097091084700
"""sack @ boAReb7tW9"" calls 0.50",2026-10-02T19:55:03.251Z,179097090325100
"""Will @ h_ZrezeXHs"" posts a big blind of 0.50",2026-10-02T19:55:00.384Z,179097090038409
"""BransonW @ -thFwNBkz6"" posts a small blind of 0.25",2026-10-02T19:55:00.384Z,179097090038408
"Your hand is A♠, 6♠",2026-10-02T19:55:00.384Z,179097090038402
"Player stacks: #1 ""Cameron(ryan) @ eWUSzBpS1d"" (84.52) | #2 ""rowan @ GthBpPSqaK"" (124.06) | #5 ""jaaaaaaan @ O6Q78KIRx-"" (60.32) | #6 ""BransonW @ -thFwNBkz6"" (233.93) | #7 ""Will @ h_ZrezeXHs"" (194.19) | #8 ""sack @ boAReb7tW9"" (25.10)",2026-10-02T19:55:00.384Z,179097090038401
"-- starting hand #191 (id: 5fluaundzies)  No Limit Texas Hold'em (dealer: ""jaaaaaaan @ O6Q78KIRx-"") --",2026-10-02T19:55:00.384Z,179097090038400
"""sack @ boAReb7tW9"" shows a A♣, 2♦.",2026-10-02T19:54:55.943Z,179097089594300
"-- ending hand #190 --",2026-10-02T19:54:53.875Z,179097089387502
"""BransonW @ -thFwNBkz6"" collected 62.49 from pot with Flush, 10 High (combination: 3♠, 4♠, 5♠, 9♠, 10♠)",2026-10-02T19:54:53.875Z,179097089387501
"""BransonW @ -thFwNBkz6"" shows a 10♠, 9♠.",2026-10-02T19:54:53.875Z,179097089387500
"""sack @ boAReb7tW9"" calls 12.50",2026-10-02T19:54:53.059Z,179097089305900
"""BransonW @ -thFwNBkz6"" bets 12.50",2026-10-02T19:54:41.439Z,179097088143900
"River: 4♠, 5♠, 3♠, 6♣ [Q♥]",2026-10-02T19:54:27.654Z,179097086765400
"""BransonW @ -thFwNBkz6"" calls 9.37",2026-10-02T19:54:26.793Z,179097086679300
"""sack @ boAReb7tW9"" bets 9.37",2026-10-02T19:54:21.272Z,179097086127200
"""BransonW @ -thFwNBkz6"" checks",2026-10-02T19:54:12.898Z,179097085289800
"Turn: 4♠, 5♠, 3♠ [6♣]",2026-10-02T19:54:07.878Z,179097084787800
"""BransonW @ -thFwNBkz6"" calls 7.00",2026-10-02T19:54:07.028Z,179097084702800
"""rowan @ GthBpPSqaK"" folds",2026-10-02T19:54:00.934Z,179097084093400
"""sack @ boAReb7tW9"" raises to 7.00",2026-10-02T19:54:00.054Z,179097084005400
"""BransonW @ -thFwNBkz6"" bets 2.37",2026-10-02T19:53:48.401Z,179097082840100
"Flop:  [4♠, 5♠, 3♠]",2026-10-02T19:53:42.997Z,179097082299700
"""BransonW @ -thFwNBkz6"" calls 1.50",2026-10-02T19:53:42.194Z,179097082219400
"""jaaaaaaan @ O6Q78KIRx-"" folds",2026-10-02T19:53:33.374Z,179097081337400
"""rowan @ GthBpPSqaK"" calls 1.50",2026-10-02T19:53:32.535Z,179097081253500
"""Cameron(ryan) @ eWUSzBpS1d"" folds",2026-10-02T19:53:31.493Z,179097081149300
"""sack @ boAReb7tW9"" raises to 1.50",2026-10-02T19:53:30.627Z,179097081062700
"""Will @ h_ZrezeXHs"" folds",2026-10-02T19:53:27.075Z,179097080707500
"""BransonW @ -thFwNBkz6"" posts a big blind of 0.50",2026-10-02T19:53:24.395Z,179097080439509
"""jaaaaaaan @ O6Q78KIRx-"" posts a small blind of 0.25",2026-10-02T19:53:24.395Z,179097080439508
"Your hand is 9♦, 3♣",2026-10-02T19:53:24.395Z,179097080439502
"Player stacks: #1 ""Cameron(ryan) @ eWUSzBpS1d"" (84.52) | #2 ""rowan @ GthBpPSqaK"" (125.56) | #5 ""jaaaaaaan @ O6Q78KIRx-"" (60.57) | #6 ""BransonW @ -thFwNBkz6"" (201.81) | #7 ""Will @ h_ZrezeXHs"" (194.19) | #8 ""sack @ boAReb7tW9"" (55.47)",2026-10-02T19:53:24.395Z,179097080439501
"-- starting hand #190 (id: gzcdo2tt6wmk)  No Limit Texas Hold'em (dealer: ""rowan @ GthBpPSqaK"") --",2026-10-02T19:53:24.395Z,179097080439500
"-- ending hand #189 --",2026-10-02T19:53:18.489Z,179097079848901
"""jaaaaaaan @ O6Q78KIRx-"" collected 5.50 from pot",2026-10-02T19:53:18.489Z,179097079848900
"""rowan @ GthBpPSqaK"" folds",2026-10-02T19:53:17.640Z,179097079764000
"Flop:  [4♦, A♠, Q♣]",2026-10-02T19:53:15.487Z,179097079548700
"""rowan @ GthBpPSqaK"" calls 2.50",2026-10-02T19:53:14.667Z,179097079466700
"""sack @ boAReb7tW9"" folds",2026-10-02T19:53:13.624Z,179097079362400
"""jaaaaaaan @ O6Q78KIRx-"" raises to 2.50",2026-10-02T19:53:09.671Z,179097078967100
"""rowan @ GthBpPSqaK"" calls 0.50",2026-10-02T19:53:05.720Z,179097078572000
"""Cameron(ryan) @ eWUSzBpS1d"" folds",2026-10-02T19:53:04.816Z,179097078481600
"""sack @ boAReb7tW9"" calls 0.50",2026-10-02T19:53:03.968Z,179097078396800
"""Will @ h_ZrezeXHs"" folds",2026-10-02T19:53:01.571Z,179097078157100
"""BransonW @ -thFwNBkz6"" folds",2026-10-02T19:52:59.676Z,179097077967600
"""jaaaaaaan @ O6Q78KIRx-"" posts a big blind of 0.50",2026-10-02T19:52:58.551Z,179097077855109
"""rowan @ GthBpPSqaK"" posts a small blind of 0.25",2026-10-02T19:52:58.551Z,179097077855108
"Your hand is 9♥, 4♣",2026-10-02T19:52:58.551Z,179097077855102
"Player stacks: #1 ""Cameron(ryan) @ eWUSzBpS1d"" (84.52) | #2 ""rowan @ GthBpPSqaK"" (128.06) | #5 ""jaaaaaaan @ O6Q78KIRx-"" (57.57) | #6 ""BransonW @ -thFwNBkz6"" (201.81) | #7 ""Will @ h_ZrezeXHs"" (194.19) | #8 ""sack @ boAReb7tW9"" (55.97)",2026-10-02T19:52:58.551Z,179097077855101
"-- starting hand #189 (id: y4af4cbjpfsl)  No Limit Texas Hold'em (dealer: ""Cameron(ryan) @ eWUSzBpS1d"") --",2026-10-02T19:52:58.551Z,179097077855100
"-- ending hand #188 --",2026-10-02T19:52:52.505Z,179097077250503
"""sack @ boAReb7tW9"" collected 16.25 from pot with Two Pair, 10's & 5's (combination: Q♥, 5♠, 5♦, 10♠, 10♣)",2026-10-02T19:52:52.505Z,179097077250502
"""sack @ boAReb7tW9"" shows a 7♠, 5♠.",2026-10-02T19:52:52.505Z,179097077250501
"""Cameron(ryan) @ eWUSzBpS1d"" shows a A♦, 8♦.",2026-10-02T19:52:52.505Z,179097077250500
"""sack @ boAReb7tW9"" checks",2026-10-02T19:52:51.699Z,179097077169900
"""jaaaaaaan @ O6Q78KIRx-"" checks",2026-10-02T19:52:50.823Z,179097077082300
"""rowan @ GthBpPSqaK"" checks",2026-10-02T19:52:49.511Z,179097076951100
"""Cameron(ryan) @ eWUSzBpS1d"" checks",2026-10-02T19:52:48.471Z,179097076847100
"River: 10♠, 5♦, Q♥, 4♣ [10♣]",2026-10-02T19:52:13.436Z,179097073343600
"""sack @ boAReb7tW9"" checks",2026-10-02T19:52:12.577Z,179097073257700
"""jaaaaaaan @ O6Q78KIRx-"" checks",2026-10-02T19:52:11.066Z,179097073106600
"""rowan @ GthBpPSqaK"" checks",2026-10-02T19:52:09.753Z,179097072975300
"""Cameron(ryan) @ eWUSzBpS1d"" checks",2026-10-02T19:52:08.736Z,179097072873600
"Turn: 10♠, 5♦, Q♥ [4♣]",2026-10-02T19:51:54.570Z,179097071457000
"""sack @ boAReb7tW9"" checks",2026-10-02T19:51:53.731Z,179097071373100
"""jaaaaaaan @ O6Q78KIRx-"" checks",2026-10-02T19:51:52.671Z,179097071267100
"""rowan @ GthBpPSqaK"" checks",2026-10-02T19:51:51.341Z,179097071134100
"""Cameron(ryan) @ eWUSzBpS1d"" checks",2026-10-02T19:51:50.260Z,179097071026000
"Flop:  [10♠, 5♦, Q♥]",2026-10-02T19:51:42.448Z,179097070244800
"""sack @ boAReb7tW9"" calls 3.75",2026-10-02T19:51:41.589Z,179097070158900
"""Will @ h_ZrezeXHs"" folds",2026-10-02T19:51:40.752Z,179097070075200
"""BransonW @ -thFwNBkz6"" folds",2026-10-02T19:51:39.814Z,179097069981400
"""jaaaaaaan @ O6Q78KIRx-"" calls 3.75",2026-10-02T19:51:37.494Z,179097069749400
"""rowan @ GthBpPSqaK"" calls 3.75",2026-10-02T19:51:36.089Z,179097069608900
"""Cameron(ryan) @ eWUSzBpS1d"" raises to 3.75",2026-10-02T19:51:34.215Z,179097069421500
"""sack @ boAReb7tW9"" calls 0.50",2026-10-02T19:51:25.304Z,179097068530400
"""Will @ h_ZrezeXHs"" checks",2026-10-02T19:51:24.258Z,179097068425800
"""BransonW @ -thFwNBkz6"" calls 0.50",2026-10-02T19:51:23.287Z,179097068328700
"""jaaaaaaan @ O6Q78KIRx-"" calls 0.50",2026-10-02T19:51:20.583Z,179097068058300
"""Will @ h_ZrezeXHs"" posts a missed big blind of 0.50",2026-10-02T19:51:19.398Z,179097067939812
"""Will @ h_ZrezeXHs"" posts a missing small blind of 0.25",2026-10-02T19:51:19.398Z,179097067939811
"""rowan @ GthBpPSqaK"" posts a big blind of 0.50",2026-10-02T19:51:19.398Z,179097067939810
"""Cameron(ryan) @ eWUSzBpS1d"" posts a small blind of 0.25",2026-10-02T19:51:19.398Z,179097067939809
"Your hand is A♦, 8♦",2026-10-02T19:51:19.398Z,179097067939803
"Player stacks: #1 ""Cameron(ryan) @ eWUSzBpS1d"" (88.27) | #2 ""rowan @ GthBpPSqaK"" (131.81) | #5 ""jaaaaaaan @ O6Q78KIRx-"" (61.32) | #6 ""BransonW @ -thFwNBkz6"" (202.31) | #7 ""Will @ h_ZrezeXHs"" (194.94) | #8 ""sack @ boAReb7tW9"" (43.47)",2026-10-02T19:51:19.398Z,179097067939802
"-- starting hand #188 (id: wz8ltrx4ddo4)  No Limit Texas Hold'em (dealer: ""sack @ boAReb7tW9"") --",2026-10-02T19:51:19.398Z,179097067939801
"The player ""Will @ h_ZrezeXHs"" joined the game with a stack of 194.94.",2026-10-02T19:51:19.398Z,179097067939800
"Undealt cards:  [2♥, 7♥, 10♣, A♦, 4♣]",2026-10-02T19:51:14.593Z,179097067459300
"-- ending hand #187 --",2026-10-02T19:51:13.438Z,179097067343802
"""Cameron(ryan) @ eWUSzBpS1d"" collected 2.00 from pot",2026-10-02T19:51:13.438Z,179097067343801
"Uncalled bet of 2.00 returned to ""Cameron(ryan) @ eWUSzBpS1d""",2026-10-02T19:51:13.438Z,179097067343800
"""sack @ boAReb7tW9"" folds",2026-10-02T19:51:12.615Z,179097067261500
"""BransonW @ -thFwNBkz6"" folds",2026-10-02T19:51:11.764Z,179097067176400
"""jaaaaaaan @ O6Q78KIRx-"" folds",2026-10-02T19:51:09.795Z,179097066979500
"""Cameron(ryan) @ eWUSzBpS1d"" raises to 2.50",2026-10-02T19:51:07.745Z,179097066774500
"""sack @ boAReb7tW9"" calls 0.50",2026-10-02T19:50:47.597Z,179097064759700
"""BransonW @ -thFwNBkz6"" calls 0.50",2026-10-02T19:50:46.748Z,179097064674800
"""jaaaaaaan @ O6Q78KIRx-"" calls 0.50",2026-10-02T19:50:44.303Z,179097064430300
"""rowan @ GthBpPSqaK"" folds",2026-10-02T19:50:43.115Z,179097064311500
"""Cameron(ryan) @ eWUSzBpS1d"" posts a big blind of 0.50",2026-10-02T19:50:42.049Z,179097064204908
"""sack @ boAReb7tW9"" posts a small blind of 0.25",2026-10-02T19:50:42.049Z,179097064204907
"Your hand is K♠, Q♦",2026-10-02T19:50:42.049Z,179097064204902
"Player stacks: #1 ""Cameron(ryan) @ eWUSzBpS1d"" (86.77) | #2 ""rowan @ GthBpPSqaK"" (131.81) | #5 ""jaaaaaaan @ O6Q78KIRx-"" (61.82) | #6 ""BransonW @ -thFwNBkz6"" (202.81) | #8 ""sack @ boAReb7tW9"" (43.97)",2026-10-02T19:50:42.049Z,179097064204901
"-- starting hand #187 (id: lhsp4rkzxtnv)  No Limit Texas Hold'em (dealer: ""BransonW @ -thFwNBkz6"") --",2026-10-02T19:50:42.049Z,179097064204900
"-- ending hand #186 --",2026-10-02T19:50:36.039Z,179097063603903
"""sack @ boAReb7tW9"" collected 2.00 from pot with Two Pair, A's & 8's (combination: K♦, 8♠, 8♥, A♥, A♠)",2026-10-02T19:50:36.039Z,179097063603902
"""sack @ boAReb7tW9"" shows a 8♠, 6♥.",2026-10-02T19:50:36.039Z,179097063603901
"""BransonW @ -thFwNBkz6"" shows a 2♥, Q♠.",2026-10-02T19:50:36.039Z,179097063603900
"""jaaaaaaan @ O6Q78KIRx-"" folds",2026-10-02T19:50:35.174Z,179097063517400
"""Cameron(ryan) @ eWUSzBpS1d"" checks",2026-10-02T19:50:34.197Z,179097063419700
"""sack @ boAReb7tW9"" checks",2026-10-02T19:50:31.909Z,179097063190900
"""BransonW @ -thFwNBkz6"" checks",2026-10-02T19:50:30.888Z,179097063088800
"River: K♦, 8♥, J♣, A♥ [A♠]",2026-10-02T19:50:27.280Z,179097062728000
"""jaaaaaaan @ O6Q78KIRx-"" checks",2026-10-02T19:50:26.476Z,179097062647600
"""Cameron(ryan) @ eWUSzBpS1d"" checks",2026-10-02T19:50:25.260Z,179097062526000
"""sack @ boAReb7tW9"" checks",2026-10-02T19:50:23.278Z,179097062327800
"""BransonW @ -thFwNBkz6"" checks",2026-10-02T19:50:22.320Z,179097062232000
"Turn: K♦, 8♥, J♣ [A♥]",2026-10-02T19:50:14.687Z,179097061468700
"""jaaaaaaan @ O6Q78KIRx-"" checks",2026-10-02T19:50:13.855Z,179097061385500
"""Cameron(ryan) @ eWUSzBpS1d"" checks",2026-10-02T19:50:11.152Z,179097061115200
"The player ""Will @ h_ZrezeXHs"" sit back with the stack of 194.94.",2026-10-02T19:50:08.528Z,179097060852800
"""sack @ boAReb7tW9"" checks",2026-10-02T19:50:06.772Z,179097060677200
"""BransonW @ -thFwNBkz6"" checks",2026-10-02T19:50:05.493Z,179097060549300
"Flop:  [K♦, 8♥, J♣]",2026-10-02T19:50:04.057Z,179097060405700
"""sack @ boAReb7tW9"" checks",2026-10-02T19:50:03.229Z,179097060322900
"""BransonW @ -thFwNBkz6"" calls 0.50",2026-10-02T19:50:01.948Z,179097060194800
"""jaaaaaaan @ O6Q78KIRx-"" calls 0.50",2026-10-02T19:50:00.495Z,179097060049500
"""rowan @ GthBpPSqaK"" folds",2026-10-02T19:49:59.468Z,179097059946800
"""Cameron(ryan) @ eWUSzBpS1d"" calls 0.50",2026-10-02T19:49:58.603Z,179097059860300
"""sack @ boAReb7tW9"" posts a big blind of 0.50",2026-10-02T19:49:49.772Z,179097058977208
"""BransonW @ -thFwNBkz6"" posts a small blind of 0.25",2026-10-02T19:49:49.772Z,179097058977207
"Your hand is 10♦, 6♦",2026-10-02T19:49:49.772Z,179097058977202
"Player stacks: #1 ""Cameron(ryan) @ eWUSzBpS1d"" (87.27) | #2 ""rowan @ GthBpPSqaK"" (131.81) | #5 ""jaaaaaaan @ O6Q78KIRx-"" (62.32) | #6 ""BransonW @ -thFwNBkz6"" (203.31) | #8 ""sack @ boAReb7tW9"" (42.47)",2026-10-02T19:49:49.772Z,179097058977201
"-- starting hand #186 (id: bojldmmdk5xz)  No Limit Texas Hold'em (dealer: ""jaaaaaaan @ O6Q78KIRx-"") --",2026-10-02T19:49:49.772Z,179097058977200
"Undealt cards: 4♣, 8♠, K♥, K♠ [7♥]",2026-10-02T19:49:44.934Z,179097058493400
"-- ending hand #185 --",2026-10-02T19:49:43.792Z,179097058379202
"""Cameron(ryan) @ eWUSzBpS1d"" collected 7.25 from pot",2026-10-02T19:49:43.792Z,179097058379201
"Uncalled bet of 7.25 returned to ""Cameron(ryan) @ eWUSzBpS1d""",2026-10-02T19:49:43.792Z,179097058379200
"""jaaaaaaan @ O6Q78KIRx-"" folds",2026-10-02T19:49:42.983Z,179097058298300
"""Cameron(ryan) @ eWUSzBpS1d"" bets 7.25",2026-10-02T19:49:42.029Z,179097058202900
"""jaaaaaaan @ O6Q78KIRx-"" checks",2026-10-02T19:49:40.007Z,179097058000700
"Turn: 4♣, 8♠, K♥ [K♠]",2026-10-02T19:49:39.173Z,179097057917300
"""Cameron(ryan) @ eWUSzBpS1d"" calls 0.50",2026-10-02T19:49:38.366Z,179097057836600
"""jaaaaaaan @ O6Q78KIRx-"" bets 0.50",2026-10-02T19:49:29.939Z,179097056993900
"Flop:  [4♣, 8♠, K♥]",2026-10-02T19:49:27.849Z,179097056784900
"""sack @ boAReb7tW9"" folds",2026-10-02T19:49:27.015Z,179097056701500
"""BransonW @ -thFwNBkz6"" folds",2026-10-02T19:49:25.961Z,179097056596100
"""jaaaaaaan @ O6Q78KIRx-"" calls 2.50",2026-10-02T19:49:24.888Z,179097056488800
"""rowan @ GthBpPSqaK"" folds",2026-10-02T19:49:22.368Z,179097056236800
"""Cameron(ryan) @ eWUSzBpS1d"" raises to 2.50",2026-10-02T19:49:19.907Z,179097055990700
"""sack @ boAReb7tW9"" checks",2026-10-02T19:49:14.392Z,179097055439200
"""sack @ boAReb7tW9"" posts a missed big blind of 0.50",2026-10-02T19:49:12.699Z,179097055269911
"""sack @ boAReb7tW9"" posts a missing small blind of 0.25",2026-10-02T19:49:12.699Z,179097055269910
"""BransonW @ -thFwNBkz6"" posts a big blind of 0.50",2026-10-02T19:49:12.699Z,179097055269909
"""jaaaaaaan @ O6Q78KIRx-"" posts a small blind of 0.25",2026-10-02T19:49:12.699Z,179097055269908
"Your hand is 8♣, 9♦",2026-10-02T19:49:12.699Z,179097055269903
"Player stacks: #1 ""Cameron(ryan) @ eWUSzBpS1d"" (83.02) | #2 ""rowan @ GthBpPSqaK"" (131.81) | #5 ""jaaaaaaan @ O6Q78KIRx-"" (65.32) | #6 ""BransonW @ -thFwNBkz6"" (203.81) | #8 ""sack @ boAReb7tW9"" (43.22)",2026-10-02T19:49:12.699Z,179097055269902
"-- starting hand #185 (id: os5uxc5i01ra)  No Limit Texas Hold'em (dealer: ""rowan @ GthBpPSqaK"") --",2026-10-02T19:49:12.699Z,179097055269901
"The player ""sack @ boAReb7tW9"" joined the game with a stack of 43.22.",2026-10-02T19:49:12.699Z,179097055269900
"""Cameron(ryan) @ eWUSzBpS1d"" shows a K♣.",2026-10-02T19:49:06.567Z,179097054656700
"""Cameron(ryan) @ eWUSzBpS1d"" shows a K♥.",2026-10-02T19:49:06.539Z,179097054653900
"-- ending hand #184 --",2026-10-02T19:49:06.153Z,179097054615302
"""BransonW @ -thFwNBkz6"" collected 85.00 from pot with Flush, Q High (combination: 2♥, 3♥, 4♥, 10♥, Q♥)",2026-10-02T19:49:06.153Z,179097054615301
"""BransonW @ -thFwNBkz6"" shows a Q♥, 3♥.",2026-10-02T19:49:06.153Z,179097054615300
"""Cameron(ryan) @ eWUSzBpS1d"" calls 10.00",2026-10-02T19:49:05.313Z,179097054531300
"""BransonW @ -thFwNBkz6"" bets 10.00",2026-10-02T19:48:53.352Z,179097053335200
"River: 7♠, 2♥, 4♥, Q♦ [10♥]",2026-10-02T19:48:43.676Z,179097052367600
"""BransonW @ -thFwNBkz6"" calls 19.50",2026-10-02T19:48:42.853Z,179097052285300
"The player ""sack @ boAReb7tW9"" sit back with the stack of 43.22.",2026-10-02T19:48:41.704Z,179097052170400
"""Cameron(ryan) @ eWUSzBpS1d"" bets 19.50",2026-10-02T19:48:36.328Z,179097051632800
"""BransonW @ -thFwNBkz6"" checks",2026-10-02T19:48:24.566Z,179097050456600
"Turn: 7♠, 2♥, 4♥ [Q♦]",2026-10-02T19:48:18.864Z,179097049886400
"""BransonW @ -thFwNBkz6"" calls 8.00",2026-10-02T19:48:18.040Z,179097049804000
"""jaaaaaaan @ O6Q78KIRx-"" folds",2026-10-02T19:48:15.904Z,179097049590400
"""rowan @ GthBpPSqaK"" folds",2026-10-02T19:48:05.488Z,179097048548800
"""Cameron(ryan) @ eWUSzBpS1d"" raises to 8.00",2026-10-02T19:48:04.629Z,179097048462900
"""BransonW @ -thFwNBkz6"" bets 3.00",2026-10-02T19:48:01.459Z,179097048145900
"""jaaaaaaan @ O6Q78KIRx-"" checks",2026-10-02T19:47:54.122Z,179097047412200
"""rowan @ GthBpPSqaK"" checks",2026-10-02T19:47:46.472Z,179097046647200
"Flop:  [7♠, 2♥, 4♥]",2026-10-02T19:47:45.019Z,179097046501900
"""BransonW @ -thFwNBkz6"" calls 2.50",2026-10-02T19:47:44.201Z,179097046420100
"""jaaaaaaan @ O6Q78KIRx-"" calls 2.50",2026-10-02T19:47:42.559Z,179097046255900
"""rowan @ GthBpPSqaK"" calls 2.50",2026-10-02T19:47:39.335Z,179097045933500
"""Cameron(ryan) @ eWUSzBpS1d"" raises to 2.50",2026-10-02T19:47:38.349Z,179097045834900
"""BransonW @ -thFwNBkz6"" calls 0.50",2026-10-02T19:47:35.983Z,179097045598300
"""jaaaaaaan @ O6Q78KIRx-"" posts a big blind of 0.50",2026-10-02T19:47:34.176Z,179097045417607
"""rowan @ GthBpPSqaK"" posts a small blind of 0.25",2026-10-02T19:47:34.176Z,179097045417606
"Your hand is K♥, K♣",2026-10-02T19:47:34.176Z,179097045417602
"Player stacks: #1 ""Cameron(ryan) @ eWUSzBpS1d"" (123.02) | #2 ""rowan @ GthBpPSqaK"" (134.31) | #5 ""jaaaaaaan @ O6Q78KIRx-"" (67.82) | #6 ""BransonW @ -thFwNBkz6"" (158.81)",2026-10-02T19:47:34.176Z,179097045417601
"-- starting hand #184 (id: xim8smaludqh)  No Limit Texas Hold'em (dealer: ""Cameron(ryan) @ eWUSzBpS1d"") --",2026-10-02T19:47:34.176Z,179097045417600
"""rowan @ GthBpPSqaK"" shows a 3♠, 7♦.",2026-10-02T19:47:32.527Z,179097045252700
"-- ending hand #183 --",2026-10-02T19:47:30.562Z,179097045056202
"""BransonW @ -thFwNBkz6"" collected 5.68 from pot",2026-10-02T19:47:30.562Z,179097045056201
"Uncalled bet of 5.68 returned to ""BransonW @ -thFwNBkz6""",2026-10-02T19:47:30.562Z,179097045056200
"""jaaaaaaan @ O6Q78KIRx-"" folds",2026-10-02T19:47:29.673Z,179097044967300
"""rowan @ GthBpPSqaK"" folds",2026-10-02T19:47:28.810Z,179097044881000
"""BransonW @ -thFwNBkz6"" bets 5.68",2026-10-02T19:47:27.961Z,179097044796100
"""jaaaaaaan @ O6Q78KIRx-"" checks",2026-10-02T19:47:22.440Z,179097044244000
"""rowan @ GthBpPSqaK"" checks",2026-10-02T19:47:21.569Z,179097044156900
"River: 3♣, 5♥, K♥, 4♣ [J♥]",2026-10-02T19:47:19.756Z,179097043975600
"""jaaaaaaan @ O6Q78KIRx-"" calls 1.31",2026-10-02T19:47:18.838Z,179097043883800
"""rowan @ GthBpPSqaK"" calls 1.31",2026-10-02T19:47:17.866Z,179097043786600
"""BransonW @ -thFwNBkz6"" bets 1.31",2026-10-02T19:47:16.437Z,179097043643700
"""jaaaaaaan @ O6Q78KIRx-"" checks",2026-10-02T19:47:14.193Z,179097043419300
"""rowan @ GthBpPSqaK"" checks",2026-10-02T19:47:13.298Z,179097043329800
"Turn: 3♣, 5♥, K♥ [4♣]",2026-10-02T19:47:12.751Z,179097043275100
"""BransonW @ -thFwNBkz6"" checks",2026-10-02T19:47:11.836Z,179097043183600
"""jaaaaaaan @ O6Q78KIRx-"" checks",2026-10-02T19:47:09.634Z,179097042963400
"""rowan @ GthBpPSqaK"" checks",2026-10-02T19:47:08.723Z,179097042872300
"Flop:  [3♣, 5♥, K♥]",2026-10-02T19:47:07.748Z,179097042774800
"""rowan @ GthBpPSqaK"" checks",2026-10-02T19:47:06.866Z,179097042686600
"""Cameron(ryan) @ eWUSzBpS1d"" folds",2026-10-02T19:47:05.979Z,179097042597900
"""BransonW @ -thFwNBkz6"" calls 0.50",2026-10-02T19:47:05.066Z,179097042506600
"""jaaaaaaan @ O6Q78KIRx-"" calls 0.50",2026-10-02T19:47:02.069Z,179097042206900
"""rowan @ GthBpPSqaK"" posts a big blind of 0.50",2026-10-02T19:47:00.081Z,179097042008107
"""Cameron(ryan) @ eWUSzBpS1d"" posts a small blind of 0.25",2026-10-02T19:47:00.081Z,179097042008106
"Your hand is J♠, 2♣",2026-10-02T19:47:00.081Z,179097042008102
"Player stacks: #1 ""Cameron(ryan) @ eWUSzBpS1d"" (123.27) | #2 ""rowan @ GthBpPSqaK"" (136.12) | #5 ""jaaaaaaan @ O6Q78KIRx-"" (69.63) | #6 ""BransonW @ -thFwNBkz6"" (154.94)",2026-10-02T19:47:00.081Z,179097042008101
"-- starting hand #183 (id: ggy2lmesjtef)  No Limit Texas Hold'em (dealer: ""BransonW @ -thFwNBkz6"") --",2026-10-02T19:47:00.081Z,179097042008100
"-- ending hand #182 --",2026-10-02T19:46:54.004Z,179097041400403
"""Cameron(ryan) @ eWUSzBpS1d"" collected 4.00 from pot with Pair, A's (combination: 6♦, J♥, K♠, A♦, A♣)",2026-10-02T19:46:54.004Z,179097041400402
"""Cameron(ryan) @ eWUSzBpS1d"" shows a 6♦, K♠.",2026-10-02T19:46:54.004Z,179097041400401
"""BransonW @ -thFwNBkz6"" shows a 10♣, Q♣.",2026-10-02T19:46:54.004Z,179097041400400
"""Cameron(ryan) @ eWUSzBpS1d"" checks",2026-10-02T19:46:53.170Z,179097041317000
"""BransonW @ -thFwNBkz6"" checks",2026-10-02T19:46:52.290Z,179097041229000
"River: 2♦, J♥, A♦, A♣ [3♥]",2026-10-02T19:46:50.945Z,179097041094500
"""Cameron(ryan) @ eWUSzBpS1d"" calls 1.00",2026-10-02T19:46:50.100Z,179097041010000
"""BransonW @ -thFwNBkz6"" bets 1.00",2026-10-02T19:46:49.269Z,179097040926900
"Turn: 2♦, J♥, A♦ [A♣]",2026-10-02T19:46:45.174Z,179097040517400
"""Cameron(ryan) @ eWUSzBpS1d"" checks",2026-10-02T19:46:44.340Z,179097040434000
"""BransonW @ -thFwNBkz6"" checks",2026-10-02T19:46:43.267Z,179097040326700
"Flop:  [2♦, J♥, A♦]",2026-10-02T19:46:38.655Z,179097039865500
"""Cameron(ryan) @ eWUSzBpS1d"" calls 1.00",2026-10-02T19:46:37.802Z,179097039780200
"""BransonW @ -thFwNBkz6"" raises to 1.00",2026-10-02T19:46:35.777Z,179097039577700
"""jaaaaaaan @ O6Q78KIRx-"" folds",2026-10-02T19:46:33.365Z,179097039336500
"""rowan @ GthBpPSqaK"" folds",2026-10-02T19:46:32.424Z,179097039242400
"""Cameron(ryan) @ eWUSzBpS1d"" posts a big blind of 0.50",2026-10-02T19:46:31.391Z,179097039139107
"""BransonW @ -thFwNBkz6"" posts a small blind of 0.25",2026-10-02T19:46:31.391Z,179097039139106
"Your hand is 6♦, K♠",2026-10-02T19:46:31.391Z,179097039139102
"Player stacks: #1 ""Cameron(ryan) @ eWUSzBpS1d"" (121.27) | #2 ""rowan @ GthBpPSqaK"" (136.12) | #5 ""jaaaaaaan @ O6Q78KIRx-"" (69.63) | #6 ""BransonW @ -thFwNBkz6"" (156.94)",2026-10-02T19:46:31.391Z,179097039139101
"-- starting hand #182 (id: gnmyyo167rzg)  No Limit Texas Hold'em (dealer: ""jaaaaaaan @ O6Q78KIRx-"") --",2026-10-02T19:46:31.391Z,179097039139100
"""rowan @ GthBpPSqaK"" shows a 6♣.",2026-10-02T19:46:27.096Z,179097038709600
"""rowan @ GthBpPSqaK"" shows a 7♣.",2026-10-02T19:46:26.462Z,179097038646200
"-- ending hand #181 --",2026-10-02T19:46:24.860Z,179097038486002
"""BransonW @ -thFwNBkz6"" collected 62.75 from pot with Full House, Q's over K's (combination: K♥, K♣, Q♠, Q♣, Q♥)",2026-10-02T19:46:24.860Z,179097038486001
"""BransonW @ -thFwNBkz6"" shows a K♥, Q♠.",2026-10-02T19:46:24.860Z,179097038486000
"""rowan @ GthBpPSqaK"" calls 8.50",2026-10-02T19:46:24.019Z,179097038401900
"""BransonW @ -thFwNBkz6"" bets 8.50",2026-10-02T19:46:05.371Z,179097036537100
"River: Q♣, 7♦, 6♥, K♣ [Q♥]",2026-10-02T19:45:58.366Z,179097035836600
"""BransonW @ -thFwNBkz6"" calls 13.50",2026-10-02T19:45:57.543Z,179097035754300
"""jaaaaaaan @ O6Q78KIRx-"" folds",2026-10-02T19:45:54.682Z,179097035468200
"""rowan @ GthBpPSqaK"" raises to 13.50",2026-10-02T19:45:53.612Z,179097035361200
"""BransonW @ -thFwNBkz6"" bets 5.50",2026-10-02T19:45:49.175Z,179097034917500
"""jaaaaaaan @ O6Q78KIRx-"" checks",2026-10-02T19:45:44.220Z,179097034422000
"Turn: Q♣, 7♦, 6♥ [K♣]",2026-10-02T19:45:42.358Z,179097034235800
"""jaaaaaaan @ O6Q78KIRx-"" calls 3.75",2026-10-02T19:45:41.541Z,179097034154100
"""rowan @ GthBpPSqaK"" calls 3.75",2026-10-02T19:45:38.688Z,179097033868800
"""BransonW @ -thFwNBkz6"" bets 3.75",2026-10-02T19:45:36.970Z,179097033697000
"""jaaaaaaan @ O6Q78KIRx-"" checks",2026-10-02T19:45:29.446Z,179097032944600
"Flop:  [Q♣, 7♦, 6♥]",2026-10-02T19:45:27.941Z,179097032794100
"""jaaaaaaan @ O6Q78KIRx-"" calls 2.50",2026-10-02T19:45:27.110Z,179097032711000
"""rowan @ GthBpPSqaK"" calls 2.50",2026-10-02T19:45:26.203Z,179097032620300
"""BransonW @ -thFwNBkz6"" raises to 2.50",2026-10-02T19:45:25.010Z,179097032501000
"""jaaaaaaan @ O6Q78KIRx-"" calls 1.50",2026-10-02T19:45:21.168Z,179097032116800
"""rowan @ GthBpPSqaK"" raises to 1.50",2026-10-02T19:45:20.191Z,179097032019100
"""Cameron(ryan) @ eWUSzBpS1d"" folds",2026-10-02T19:45:18.302Z,179097031830200
"""BransonW @ -thFwNBkz6"" posts a big blind of 0.50",2026-10-02T19:45:12.131Z,179097031213107
"""jaaaaaaan @ O6Q78KIRx-"" posts a small blind of 0.25",2026-10-02T19:45:12.131Z,179097031213106
"Your hand is 10♥, 6♦",2026-10-02T19:45:12.131Z,179097031213102
"Player stacks: #1 ""Cameron(ryan) @ eWUSzBpS1d"" (121.27) | #2 ""rowan @ GthBpPSqaK"" (164.37) | #5 ""jaaaaaaan @ O6Q78KIRx-"" (75.88) | #6 ""BransonW @ -thFwNBkz6"" (122.44)",2026-10-02T19:45:12.131Z,179097031213101
"-- starting hand #181 (id: 30fpgxotzh5f)  No Limit Texas Hold'em (dealer: ""rowan @ GthBpPSqaK"") --",2026-10-02T19:45:12.131Z,179097031213100
"""jaaaaaaan @ O6Q78KIRx-"" shows a 5♦.",2026-10-02T19:45:06.661Z,179097030666100
"""jaaaaaaan @ O6Q78KIRx-"" shows a 4♦.",2026-10-02T19:45:06.393Z,179097030639300
"""rowan @ GthBpPSqaK"" shows a 6♠.",2026-10-02T19:45:05.130Z,179097030513000
"-- ending hand #180 --",2026-10-02T19:45:04.806Z,179097030480602
"""jaaaaaaan @ O6Q78KIRx-"" collected 2.00 from pot",2026-10-02T19:45:04.806Z,179097030480601
"Uncalled bet of 2.00 returned to ""jaaaaaaan @ O6Q78KIRx-""",2026-10-02T19:45:04.806Z,179097030480600
"""rowan @ GthBpPSqaK"" folds",2026-10-02T19:45:03.975Z,179097030397500
"""jaaaaaaan @ O6Q78KIRx-"" raises to 2.50",2026-10-02T19:45:02.030Z,179097030203000
"""rowan @ GthBpPSqaK"" bets 0.50",2026-10-02T19:44:59.946Z,179097029994600
"Flop:  [6♦, 10♦, 9♥]",2026-10-02T19:44:58.264Z,179097029826400
"""jaaaaaaan @ O6Q78KIRx-"" checks",2026-10-02T19:44:57.438Z,179097029743800
"""rowan @ GthBpPSqaK"" calls 0.50",2026-10-02T19:44:55.842Z,179097029584200
"""Cameron(ryan) @ eWUSzBpS1d"" folds",2026-10-02T19:44:54.791Z,179097029479100
"""BransonW @ -thFwNBkz6"" folds",2026-10-02T19:44:37.733Z,179097027773300
"""jaaaaaaan @ O6Q78KIRx-"" posts a big blind of 0.50",2026-10-02T19:44:33.779Z,179097027377907
"""rowan @ GthBpPSqaK"" posts a small blind of 0.25",2026-10-02T19:44:33.779Z,179097027377906
"Your hand is 5♥, 10♣",2026-10-02T19:44:33.779Z,179097027377902
"Player stacks: #1 ""Cameron(ryan) @ eWUSzBpS1d"" (121.27) | #2 ""rowan @ GthBpPSqaK"" (165.37) | #5 ""jaaaaaaan @ O6Q78KIRx-"" (74.88) | #6 ""BransonW @ -thFwNBkz6"" (122.44)",2026-10-02T19:44:33.779Z,179097027377901
"-- starting hand #180 (id: ybxy33lpmmn4)  No Limit Texas Hold'em (dealer: ""Cameron(ryan) @ eWUSzBpS1d"") --",2026-10-02T19:44:33.779Z,179097027377900
"Undealt cards: Q♠, 2♣, 10♣, 8♥ [5♥]",2026-10-02T19:44:29.491Z,179097026949100
"-- ending hand #179 --",2026-10-02T19:44:27.850Z,179097026785002
"""Cameron(ryan) @ eWUSzBpS1d"" collected 7.00 from pot",2026-10-02T19:44:27.850Z,179097026785001
"Uncalled bet of 3.50 returned to ""Cameron(ryan) @ eWUSzBpS1d""",2026-10-02T19:44:27.850Z,179097026785000
"""jaaaaaaan @ O6Q78KIRx-"" folds",2026-10-02T19:44:27.027Z,179097026702700
"""Cameron(ryan) @ eWUSzBpS1d"" bets 3.50",2026-10-02T19:44:24.896Z,179097026489600
"Turn: Q♠, 2♣, 10♣ [8♥]",2026-10-02T19:44:03.659Z,179097024365900
"""jaaaaaaan @ O6Q78KIRx-"" calls 1.75",2026-10-02T19:44:02.846Z,179097024284600
"""Cameron(ryan) @ eWUSzBpS1d"" bets 1.75",2026-10-02T19:43:59.940Z,179097023994000
"Flop:  [Q♠, 2♣, 10♣]",2026-10-02T19:43:52.094Z,179097023209400
"""jaaaaaaan @ O6Q78KIRx-"" calls 1.50",2026-10-02T19:43:51.273Z,179097023127300
"""rowan @ GthBpPSqaK"" folds",2026-10-02T19:43:50.378Z,179097023037800
"""Cameron(ryan) @ eWUSzBpS1d"" raises to 1.50",2026-10-02T19:43:48.215Z,179097022821500
"""BransonW @ -thFwNBkz6"" folds",2026-10-02T19:43:43.885Z,179097022388500
"""jaaaaaaan @ O6Q78KIRx-"" calls 0.50",2026-10-02T19:43:41.904Z,179097022190400
"""rowan @ GthBpPSqaK"" posts a big blind of 0.50",2026-10-02T19:43:39.088Z,179097021908807
"""Cameron(ryan) @ eWUSzBpS1d"" posts a small blind of 0.25",2026-10-02T19:43:39.088Z,179097021908806
"Your hand is J♦, 10♥",2026-10-02T19:43:39.088Z,179097021908802
"Player stacks: #1 ""Cameron(ryan) @ eWUSzBpS1d"" (117.52) | #2 ""rowan @ GthBpPSqaK"" (165.87) | #5 ""jaaaaaaan @ O6Q78KIRx-"" (78.13) | #6 ""BransonW @ -thFwNBkz6"" (122.44)",2026-10-02T19:43:39.088Z,179097021908801
"-- starting hand #179 (id: 7hukcdt3pif8)  No Limit Texas Hold'em (dealer: ""BransonW @ -thFwNBkz6"") --",2026-10-02T19:43:39.088Z,179097021908800
"""jaaaaaaan @ O6Q78KIRx-"" shows a 6♥, 4♣.",2026-10-02T19:43:34.065Z,179097021406500
"-- ending hand #178 --",2026-10-02T19:43:32.563Z,179097021256302
"""BransonW @ -thFwNBkz6"" collected 69.00 from pot with Flush, A High (combination: 2♠, 5♠, J♠, Q♠, A♠)",2026-10-02T19:43:32.563Z,179097021256301
"""BransonW @ -thFwNBkz6"" shows a 2♠, Q♠.",2026-10-02T19:43:32.563Z,179097021256300
"""jaaaaaaan @ O6Q78KIRx-"" calls 28.50",2026-10-02T19:43:31.739Z,179097021173900
"""BransonW @ -thFwNBkz6"" raises to 28.50",2026-10-02T19:43:27.157Z,179097020715700
"""jaaaaaaan @ O6Q78KIRx-"" raises to 17.00",2026-10-02T19:43:13.608Z,179097019360800
"""BransonW @ -thFwNBkz6"" bets 5.50",2026-10-02T19:43:06.780Z,179097018678000
"River: J♠, 5♠, 7♣, 8♣ [A♠]",2026-10-02T19:42:58.900Z,179097017890000
"""rowan @ GthBpPSqaK"" folds",2026-10-02T19:42:58.098Z,179097017809800
"""Cameron(ryan) @ eWUSzBpS1d"" folds",2026-10-02T19:42:57.244Z,179097017724400
"""BransonW @ -thFwNBkz6"" calls 4.00",2026-10-02T19:42:54.090Z,179097017409000
"""jaaaaaaan @ O6Q78KIRx-"" bets 4.00",2026-10-02T19:42:50.822Z,179097017082200
"""rowan @ GthBpPSqaK"" checks",2026-10-02T19:42:48.029Z,179097016802900
"""Cameron(ryan) @ eWUSzBpS1d"" checks",2026-10-02T19:42:47.120Z,179097016712000
"""BransonW @ -thFwNBkz6"" checks",2026-10-02T19:42:45.069Z,179097016506900
"Turn: J♠, 5♠, 7♣ [8♣]",2026-10-02T19:42:43.590Z,179097016359000
"""Cameron(ryan) @ eWUSzBpS1d"" calls 0.50",2026-10-02T19:42:42.723Z,179097016272300
"""BransonW @ -thFwNBkz6"" calls 0.50",2026-10-02T19:42:38.887Z,179097015888700
"""jaaaaaaan @ O6Q78KIRx-"" calls 0.50",2026-10-02T19:42:37.179Z,179097015717900
"""rowan @ GthBpPSqaK"" bets 0.50",2026-10-02T19:42:35.373Z,179097015537300
"""Cameron(ryan) @ eWUSzBpS1d"" checks",2026-10-02T19:42:33.881Z,179097015388100
"""BransonW @ -thFwNBkz6"" checks",2026-10-02T19:42:26.343Z,179097014634300
"Flop:  [J♠, 5♠, 7♣]",2026-10-02T19:42:18.803Z,179097013880300
"""Cameron(ryan) @ eWUSzBpS1d"" checks",2026-10-02T19:42:17.998Z,179097013799800
"""BransonW @ -thFwNBkz6"" calls 0.50",2026-10-02T19:42:13.965Z,179097013396500
"""jaaaaaaan @ O6Q78KIRx-"" calls 0.50",2026-10-02T19:42:06.307Z,179097012630700
"""rowan @ GthBpPSqaK"" calls 0.50",2026-10-02T19:42:05.420Z,179097012542000
"""Cameron(ryan) @ eWUSzBpS1d"" posts a big blind of 0.50",2026-10-02T19:42:03.826Z,179097012382607
"""BransonW @ -thFwNBkz6"" posts a small blind of 0.25",2026-10-02T19:42:03.826Z,179097012382606
"Your hand is 7♦, Q♦",2026-10-02T19:42:03.826Z,179097012382602
"Player stacks: #1 ""Cameron(ryan) @ eWUSzBpS1d"" (118.52) | #2 ""rowan @ GthBpPSqaK"" (166.87) | #5 ""jaaaaaaan @ O6Q78KIRx-"" (111.63) | #6 ""BransonW @ -thFwNBkz6"" (86.94)",2026-10-02T19:42:03.826Z,179097012382601
"-- starting hand #178 (id: fylm2xmf2owk)  No Limit Texas Hold'em (dealer: ""jaaaaaaan @ O6Q78KIRx-"") --",2026-10-02T19:42:03.826Z,179097012382600
"""Cameron(ryan) @ eWUSzBpS1d"" shows a K♠.",2026-10-02T19:42:01.527Z,179097012152700
"""rowan @ GthBpPSqaK"" shows a 6♣, A♥.",2026-10-02T19:41:59.608Z,179097011960800
"-- ending hand #177 --",2026-10-02T19:41:59.352Z,179097011935202
"""Cameron(ryan) @ eWUSzBpS1d"" collected 14.00 from pot",2026-10-02T19:41:59.352Z,179097011935201
"Uncalled bet of 7.00 returned to ""Cameron(ryan) @ eWUSzBpS1d""",2026-10-02T19:41:59.352Z,179097011935200
"""rowan @ GthBpPSqaK"" folds",2026-10-02T19:41:58.505Z,179097011850500
"""Cameron(ryan) @ eWUSzBpS1d"" bets 7.00",2026-10-02T19:41:42.974Z,179097010297400
"River: 5♠, 10♥, 6♥, K♦ [7♣]",2026-10-02T19:41:40.776Z,179097010077600
"""rowan @ GthBpPSqaK"" checks",2026-10-02T19:41:39.958Z,179097009995800
"""Cameron(ryan) @ eWUSzBpS1d"" checks",2026-10-02T19:41:38.877Z,179097009887700
"Turn: 5♠, 10♥, 6♥ [K♦]",2026-10-02T19:41:35.923Z,179097009592300
"""Cameron(ryan) @ eWUSzBpS1d"" calls 3.50",2026-10-02T19:41:35.092Z,179097009509200
"""BransonW @ -thFwNBkz6"" folds",2026-10-02T19:41:23.787Z,179097008378700
"""rowan @ GthBpPSqaK"" bets 3.50",2026-10-02T19:41:21.291Z,179097008129100
"""Cameron(ryan) @ eWUSzBpS1d"" checks",2026-10-02T19:41:19.137Z,179097007913700
"""BransonW @ -thFwNBkz6"" checks",2026-10-02T19:41:16.839Z,179097007683900
"Flop:  [5♠, 10♥, 6♥]",2026-10-02T19:41:13.372Z,179097007337200
"""BransonW @ -thFwNBkz6"" calls 2.25",2026-10-02T19:41:12.545Z,179097007254500
"""jaaaaaaan @ O6Q78KIRx-"" folds",2026-10-02T19:41:09.886Z,179097006988600
"""rowan @ GthBpPSqaK"" calls 2.25",2026-10-02T19:41:06.902Z,179097006690200
"""Cameron(ryan) @ eWUSzBpS1d"" raises to 2.25",2026-10-02T19:41:05.307Z,179097006530700
"""BransonW @ -thFwNBkz6"" posts a big blind of 0.50",2026-10-02T19:41:02.713Z,179097006271307
"""jaaaaaaan @ O6Q78KIRx-"" posts a small blind of 0.25",2026-10-02T19:41:02.713Z,179097006271306
"Your hand is A♣, K♠",2026-10-02T19:41:02.713Z,179097006271302
"Player stacks: #1 ""Cameron(ryan) @ eWUSzBpS1d"" (110.27) | #2 ""rowan @ GthBpPSqaK"" (172.62) | #5 ""jaaaaaaan @ O6Q78KIRx-"" (111.88) | #6 ""BransonW @ -thFwNBkz6"" (89.19)",2026-10-02T19:41:02.713Z,179097006271301
"-- starting hand #177 (id: mnjk1wqihvau)  No Limit Texas Hold'em (dealer: ""rowan @ GthBpPSqaK"") --",2026-10-02T19:41:02.713Z,179097006271300
"Undealt cards: 2♠, 2♦, 9♣, 5♦ [4♥]",2026-10-02T19:40:57.659Z,179097005765900
"-- ending hand #176 --",2026-10-02T19:40:56.742Z,179097005674202
"""rowan @ GthBpPSqaK"" collected 17.50 from pot",2026-10-02T19:40:56.742Z,179097005674201
"Uncalled bet of 8.75 returned to ""rowan @ GthBpPSqaK""",2026-10-02T19:40:56.742Z,179097005674200
"""BransonW @ -thFwNBkz6"" folds",2026-10-02T19:40:55.931Z,179097005593100
"""rowan @ GthBpPSqaK"" bets 8.75",2026-10-02T19:40:52.582Z,179097005258200
"Turn: 2♠, 2♦, 9♣ [5♦]",2026-10-02T19:40:48.530Z,179097004853000
"""jaaaaaaan @ O6Q78KIRx-"" folds",2026-10-02T19:40:47.663Z,179097004766300
"""rowan @ GthBpPSqaK"" calls 5.25",2026-10-02T19:40:46.745Z,179097004674500
"""Cameron(ryan) @ eWUSzBpS1d"" folds",2026-10-02T19:40:45.875Z,179097004587500
"""BransonW @ -thFwNBkz6"" bets 5.25",2026-10-02T19:40:42.107Z,179097004210700
"""jaaaaaaan @ O6Q78KIRx-"" checks",2026-10-02T19:40:37.982Z,179097003798200
"""rowan @ GthBpPSqaK"" checks",2026-10-02T19:40:34.982Z,179097003498200
"Flop:  [2♠, 2♦, 9♣]",2026-10-02T19:40:33.246Z,179097003324600
"""jaaaaaaan @ O6Q78KIRx-"" calls 1.75",2026-10-02T19:40:32.396Z,179097003239600
"""rowan @ GthBpPSqaK"" calls 1.75",2026-10-02T19:40:25.517Z,179097002551700
"""Cameron(ryan) @ eWUSzBpS1d"" calls 1.75",2026-10-02T19:40:24.641Z,179097002464100
"""BransonW @ -thFwNBkz6"" raises to 1.75",2026-10-02T19:40:22.337Z,179097002233700
"""jaaaaaaan @ O6Q78KIRx-"" posts a big blind of 0.50",2026-10-02T19:40:18.952Z,179097001895207
"""rowan @ GthBpPSqaK"" posts a small blind of 0.25",2026-10-02T19:40:18.952Z,179097001895206
"Your hand is 8♣, 10♦",2026-10-02T19:40:18.952Z,179097001895202
"Player stacks: #1 ""Cameron(ryan) @ eWUSzBpS1d"" (112.02) | #2 ""rowan @ GthBpPSqaK"" (162.12) | #5 ""jaaaaaaan @ O6Q78KIRx-"" (113.63) | #6 ""BransonW @ -thFwNBkz6"" (96.19)",2026-10-02T19:40:18.952Z,179097001895201
"-- starting hand #176 (id: 7594scwthy8l)  No Limit Texas Hold'em (dealer: ""Cameron(ryan) @ eWUSzBpS1d"") --",2026-10-02T19:40:18.952Z,179097001895200
"Undealt cards: 6♣, 5♠, 4♠, A♣ [2♦]",2026-10-02T19:40:14.208Z,179097001420800
"-- ending hand #175 --",2026-10-02T19:40:13.032Z,179097001303202
"""rowan @ GthBpPSqaK"" collected 14.48 from pot",2026-10-02T19:40:13.032Z,179097001303201
"Uncalled bet of 7.24 returned to ""rowan @ GthBpPSqaK""",2026-10-02T19:40:13.032Z,179097001303200
"""jaaaaaaan @ O6Q78KIRx-"" folds",2026-10-02T19:40:12.203Z,179097001220300
"""rowan @ GthBpPSqaK"" bets 7.24",2026-10-02T19:40:08.849Z,179097000884900
"Turn: 6♣, 5♠, 4♠ [A♣]",2026-10-02T19:40:03.142Z,179097000314200
"""Cameron(ryan) @ eWUSzBpS1d"" folds",2026-10-02T19:40:02.305Z,179097000230500
"""BransonW @ -thFwNBkz6"" folds",2026-10-02T19:40:01.070Z,179097000107000
"""jaaaaaaan @ O6Q78KIRx-"" calls 3.62",2026-10-02T19:39:59.674Z,179096999967400
"""rowan @ GthBpPSqaK"" bets 3.62",2026-10-02T19:39:57.995Z,179096999799500
"""Cameron(ryan) @ eWUSzBpS1d"" checks",2026-10-02T19:39:55.801Z,179096999580100
"Flop:  [6♣, 5♠, 4♠]",2026-10-02T19:39:48.077Z,179096998807700
"""jaaaaaaan @ O6Q78KIRx-"" calls 1.81",2026-10-02T19:39:47.272Z,179096998727200
"""rowan @ GthBpPSqaK"" calls 1.81",2026-10-02T19:39:46.417Z,179096998641700
"""Cameron(ryan) @ eWUSzBpS1d"" calls 1.81",2026-10-02T19:39:45.552Z,179096998555200
"""BransonW @ -thFwNBkz6"" raises to 1.81",2026-10-02T19:39:37.590Z,179096997759000
"""jaaaaaaan @ O6Q78KIRx-"" calls 0.50",2026-10-02T19:39:33.824Z,179096997382400
"""rowan @ GthBpPSqaK"" posts a big blind of 0.50",2026-10-02T19:39:32.771Z,179096997277107
"""Cameron(ryan) @ eWUSzBpS1d"" posts a small blind of 0.25",2026-10-02T19:39:32.771Z,179096997277106
"Your hand is 9♣, J♦",2026-10-02T19:39:32.771Z,179096997277102
"Player stacks: #1 ""Cameron(ryan) @ eWUSzBpS1d"" (113.83) | #2 ""rowan @ GthBpPSqaK"" (153.07) | #5 ""jaaaaaaan @ O6Q78KIRx-"" (119.06) | #6 ""BransonW @ -thFwNBkz6"" (98.00)",2026-10-02T19:39:32.771Z,179096997277101
"-- starting hand #175 (id: hdvfbskt9cm6)  No Limit Texas Hold'em (dealer: ""BransonW @ -thFwNBkz6"") --",2026-10-02T19:39:32.771Z,179096997277100
"""rowan @ GthBpPSqaK"" shows a A♠, A♣.",2026-10-02T19:39:27.369Z,179096996736900
"-- ending hand #174 --",2026-10-02T19:39:26.263Z,179096996626302
"""Cameron(ryan) @ eWUSzBpS1d"" collected 50.91 from pot with Flush, Q High (combination: 3♣, 8♣, 9♣, J♣, Q♣)",2026-10-02T19:39:26.263Z,179096996626301
"""Cameron(ryan) @ eWUSzBpS1d"" shows a 8♣, J♣.",2026-10-02T19:39:26.263Z,179096996626300
"""rowan @ GthBpPSqaK"" calls 16.97",2026-10-02T19:39:25.440Z,179096996544000
"""Cameron(ryan) @ eWUSzBpS1d"" bets 16.97",2026-10-02T19:39:23.633Z,179096996363300
"River: Q♣, 9♣, 3♠, K♠ [3♣]",2026-10-02T19:39:20.499Z,179096996049900
"""rowan @ GthBpPSqaK"" calls 4.24",2026-10-02T19:39:19.669Z,179096995966900
"""Cameron(ryan) @ eWUSzBpS1d"" bets 4.24",2026-10-02T19:39:18.582Z,179096995858200
"Turn: Q♣, 9♣, 3♠ [K♠]",2026-10-02T19:39:16.588Z,179096995658800
"""rowan @ GthBpPSqaK"" calls 2.12",2026-10-02T19:39:15.783Z,179096995578300
"""Cameron(ryan) @ eWUSzBpS1d"" bets 2.12",2026-10-02T19:39:14.436Z,179096995443600
"Flop:  [Q♣, 9♣, 3♠]",2026-10-02T19:39:10.091Z,179096995009100
"""Cameron(ryan) @ eWUSzBpS1d"" calls 2.00",2026-10-02T19:39:09.263Z,179096994926300
"""BransonW @ -thFwNBkz6"" folds",2026-10-02T19:39:04.602Z,179096994460200
"""jaaaaaaan @ O6Q78KIRx-"" folds",2026-10-02T19:39:03.661Z,179096994366100
"""rowan @ GthBpPSqaK"" raises to 2.00",2026-10-02T19:39:02.633Z,179096994263300
"""Cameron(ryan) @ eWUSzBpS1d"" posts a big blind of 0.50",2026-10-02T19:38:59.991Z,179096993999107
"""BransonW @ -thFwNBkz6"" posts a small blind of 0.25",2026-10-02T19:38:59.991Z,179096993999106
"Your hand is 8♣, J♣",2026-10-02T19:38:59.991Z,179096993999102
"Player stacks: #1 ""Cameron(ryan) @ eWUSzBpS1d"" (88.25) | #2 ""rowan @ GthBpPSqaK"" (178.40) | #5 ""jaaaaaaan @ O6Q78KIRx-"" (119.06) | #6 ""BransonW @ -thFwNBkz6"" (98.25)",2026-10-02T19:38:59.991Z,179096993999101
"-- starting hand #174 (id: ch32xpgopyoh)  No Limit Texas Hold'em (dealer: ""jaaaaaaan @ O6Q78KIRx-"") --",2026-10-02T19:38:59.991Z,179096993999100
"""rowan @ GthBpPSqaK"" shows a 4♥.",2026-10-02T19:38:58.397Z,179096993839700
"""jaaaaaaan @ O6Q78KIRx-"" shows a 9♠.",2026-10-02T19:38:57.268Z,179096993726800
"""jaaaaaaan @ O6Q78KIRx-"" shows a K♠.",2026-10-02T19:38:56.659Z,179096993665900
"""Cameron(ryan) @ eWUSzBpS1d"" shows a 5♦, 4♦.",2026-10-02T19:38:56.215Z,179096993621500
"""rowan @ GthBpPSqaK"" shows a 5♠.",2026-10-02T19:38:55.337Z,179096993533700
"-- ending hand #173 --",2026-10-02T19:38:54.987Z,179096993498702
"""jaaaaaaan @ O6Q78KIRx-"" collected 10.00 from pot",2026-10-02T19:38:54.987Z,179096993498701
"Uncalled bet of 7.50 returned to ""jaaaaaaan @ O6Q78KIRx-""",2026-10-02T19:38:54.987Z,179096993498700
"""rowan @ GthBpPSqaK"" folds",2026-10-02T19:38:54.177Z,179096993417700
"""Cameron(ryan) @ eWUSzBpS1d"" folds",2026-10-02T19:38:51.177Z,179096993117700
"""BransonW @ -thFwNBkz6"" folds",2026-10-02T19:38:47.908Z,179096992790800
"""jaaaaaaan @ O6Q78KIRx-"" bets 7.50",2026-10-02T19:38:46.992Z,179096992699200
"River: 8♦, Q♣, 10♥, 5♣ [10♣]",2026-10-02T19:38:39.933Z,179096991993300
"""rowan @ GthBpPSqaK"" checks",2026-10-02T19:38:39.074Z,179096991907400
"""Cameron(ryan) @ eWUSzBpS1d"" checks",2026-10-02T19:38:38.213Z,179096991821300
"""BransonW @ -thFwNBkz6"" checks",2026-10-02T19:38:36.151Z,179096991615100
"""jaaaaaaan @ O6Q78KIRx-"" checks",2026-10-02T19:38:33.929Z,179096991392900
"Turn: 8♦, Q♣, 10♥ [5♣]",2026-10-02T19:38:32.622Z,179096991262200
"""rowan @ GthBpPSqaK"" checks",2026-10-02T19:38:31.801Z,179096991180100
"""Cameron(ryan) @ eWUSzBpS1d"" checks",2026-10-02T19:38:30.930Z,179096991093000
"""BransonW @ -thFwNBkz6"" checks",2026-10-02T19:38:30.068Z,179096991006800
"""jaaaaaaan @ O6Q78KIRx-"" checks",2026-10-02T19:38:27.628Z,179096990762800
"Flop:  [8♦, Q♣, 10♥]",2026-10-02T19:38:25.691Z,179096990569100
"""rowan @ GthBpPSqaK"" calls 2.50",2026-10-02T19:38:24.881Z,179096990488100
"""Cameron(ryan) @ eWUSzBpS1d"" calls 2.50",2026-10-02T19:38:24.032Z,179096990403200
"""BransonW @ -thFwNBkz6"" calls 2.50",2026-10-02T19:38:22.822Z,179096990282200
"""jaaaaaaan @ O6Q78KIRx-"" raises to 2.50",2026-10-02T19:38:16.690Z,179096989669000
"""rowan @ GthBpPSqaK"" calls 0.50",2026-10-02T19:38:13.624Z,179096989362400
"""Cameron(ryan) @ eWUSzBpS1d"" calls 0.50",2026-10-02T19:38:12.741Z,179096989274100
"""BransonW @ -thFwNBkz6"" posts a big blind of 0.50",2026-10-02T19:37:54.251Z,179096987425108
"""jaaaaaaan @ O6Q78KIRx-"" posts a small blind of 0.25",2026-10-02T19:37:54.251Z,179096987425107
"Your hand is 5♦, 4♦",2026-10-02T19:37:54.251Z,179096987425103
"Player stacks: #1 ""Cameron(ryan) @ eWUSzBpS1d"" (90.75) | #2 ""rowan @ GthBpPSqaK"" (180.90) | #5 ""jaaaaaaan @ O6Q78KIRx-"" (111.56) | #6 ""BransonW @ -thFwNBkz6"" (100.75)",2026-10-02T19:37:54.251Z,179096987425102
"-- starting hand #173 (id: uahxocq8f6iw)  No Limit Texas Hold'em (dealer: ""rowan @ GthBpPSqaK"") --",2026-10-02T19:37:54.251Z,179096987425101
"The player ""sul @ thk9cMWm9U"" quits the game with a stack of 50.90.",2026-10-02T19:37:54.251Z,179096987425100
"-- ending hand #172 --",2026-10-02T19:37:51.325Z,179096987132502
"""Cameron(ryan) @ eWUSzBpS1d"" collected 34.34 from pot",2026-10-02T19:37:51.325Z,179096987132501
"Uncalled bet of 23.67 returned to ""Cameron(ryan) @ eWUSzBpS1d""",2026-10-02T19:37:51.325Z,179096987132500
"""BransonW @ -thFwNBkz6"" folds",2026-10-02T19:37:50.518Z,179096987051800
"""Cameron(ryan) @ eWUSzBpS1d"" bets 23.67",2026-10-02T19:37:47.005Z,179096986700500
"""BransonW @ -thFwNBkz6"" checks",2026-10-02T19:37:28.413Z,179096984841300
"River: J♣, 5♣, 3♣, 9♥ [4♦]",2026-10-02T19:37:25.577Z,179096984557700
"""BransonW @ -thFwNBkz6"" calls 10.30",2026-10-02T19:37:24.758Z,179096984475800
"""Cameron(ryan) @ eWUSzBpS1d"" bets 10.30",2026-10-02T19:37:15.277Z,179096983527700
"""BransonW @ -thFwNBkz6"" checks",2026-10-02T19:37:08.155Z,179096982815500
"Turn: J♣, 5♣, 3♣ [9♥]",2026-10-02T19:37:03.248Z,179096982324800
"""jaaaaaaan @ O6Q78KIRx-"" folds",2026-10-02T19:37:02.396Z,179096982239600
"""Cameron(ryan) @ eWUSzBpS1d"" calls 4.12",2026-10-02T19:37:00.414Z,179096982041400
"""BransonW @ -thFwNBkz6"" bets 4.12",2026-10-02T19:36:58.412Z,179096981841200
"""jaaaaaaan @ O6Q78KIRx-"" checks",2026-10-02T19:36:54.706Z,179096981470600
"Flop:  [J♣, 5♣, 3♣]",2026-10-02T19:36:51.755Z,179096981175500
"""jaaaaaaan @ O6Q78KIRx-"" calls 1.75",2026-10-02T19:36:50.951Z,179096981095100
"""rowan @ GthBpPSqaK"" folds",2026-10-02T19:36:48.445Z,179096980844500
"""Cameron(ryan) @ eWUSzBpS1d"" calls 1.75",2026-10-02T19:36:47.575Z,179096980757500
"""sul @ thk9cMWm9U"" folds",2026-10-02T19:36:35.494Z,179096979549400
"""BransonW @ -thFwNBkz6"" raises to 1.75",2026-10-02T19:36:34.142Z,179096979414200
"""jaaaaaaan @ O6Q78KIRx-"" posts a big blind of 0.50",2026-10-02T19:36:22.087Z,179096978208708
"""rowan @ GthBpPSqaK"" posts a small blind of 0.25",2026-10-02T19:36:22.087Z,179096978208707
"Your hand is 10♦, Q♣",2026-10-02T19:36:22.087Z,179096978208702
"Player stacks: #1 ""Cameron(ryan) @ eWUSzBpS1d"" (72.58) | #2 ""rowan @ GthBpPSqaK"" (181.15) | #5 ""jaaaaaaan @ O6Q78KIRx-"" (113.31) | #6 ""BransonW @ -thFwNBkz6"" (116.92) | #10 ""sul @ thk9cMWm9U"" (50.90)",2026-10-02T19:36:22.087Z,179096978208701
"-- starting hand #172 (id: ldfctrxl3t2h)  No Limit Texas Hold'em (dealer: ""Cameron(ryan) @ eWUSzBpS1d"") --",2026-10-02T19:36:22.087Z,179096978208700
"Undealt cards: 6♦, J♦, K♥ [6♣, 4♥]",2026-10-02T19:36:16.374Z,179096977637400
"-- ending hand #171 --",2026-10-02T19:36:16.179Z,179096977617902
"""rowan @ GthBpPSqaK"" collected 8.50 from pot",2026-10-02T19:36:16.179Z,179096977617901
"Uncalled bet of 3.75 returned to ""rowan @ GthBpPSqaK""",2026-10-02T19:36:16.179Z,179096977617900
"""Cameron(ryan) @ eWUSzBpS1d"" folds",2026-10-02T19:36:15.356Z,179096977535600
"""rowan @ GthBpPSqaK"" bets 3.75",2026-10-02T19:36:14.100Z,179096977410000
"""Cameron(ryan) @ eWUSzBpS1d"" checks",2026-10-02T19:36:08.972Z,179096976897200
"Flop:  [6♦, J♦, K♥]",2026-10-02T19:36:07.026Z,179096976702600
"""Cameron(ryan) @ eWUSzBpS1d"" calls 4.00",2026-10-02T19:36:06.171Z,179096976617100
"""jaaaaaaan @ O6Q78KIRx-"" folds",2026-10-02T19:36:03.159Z,179096976315900
"""rowan @ GthBpPSqaK"" raises to 4.00",2026-10-02T19:36:00.177Z,179096976017700
"""Cameron(ryan) @ eWUSzBpS1d"" raises to 2.00",2026-10-02T19:35:52.553Z,179096975255300
"""sul @ thk9cMWm9U"" folds",2026-10-02T19:35:47.744Z,179096974774400
"""BransonW @ -thFwNBkz6"" folds",2026-10-02T19:35:46.881Z,179096974688100
"""jaaaaaaan @ O6Q78KIRx-"" calls 0.50",2026-10-02T19:35:41.749Z,179096974174900
"""rowan @ GthBpPSqaK"" posts a big blind of 0.50",2026-10-02T19:35:40.593Z,179096974059308
"""Cameron(ryan) @ eWUSzBpS1d"" posts a small blind of 0.25",2026-10-02T19:35:40.593Z,179096974059307
"Your hand is 8♥, A♠",2026-10-02T19:35:40.593Z,179096974059302
"Player stacks: #1 ""Cameron(ryan) @ eWUSzBpS1d"" (76.58) | #2 ""rowan @ GthBpPSqaK"" (176.65) | #5 ""jaaaaaaan @ O6Q78KIRx-"" (113.81) | #6 ""BransonW @ -thFwNBkz6"" (116.92) | #10 ""sul @ thk9cMWm9U"" (50.90)",2026-10-02T19:35:40.593Z,179096974059301
"-- starting hand #171 (id: tjzwbd3hok9h)  No Limit Texas Hold'em (dealer: ""sul @ thk9cMWm9U"") --",2026-10-02T19:35:40.593Z,179096974059300
"""jaaaaaaan @ O6Q78KIRx-"" shows a 3♣, 3♥.",2026-10-02T19:35:38.546Z,179096973854600
"""rowan @ GthBpPSqaK"" shows a 6♠.",2026-10-02T19:35:36.877Z,179096973687700
"-- ending hand #170 --",2026-10-02T19:35:36.263Z,179096973626302
"""jaaaaaaan @ O6Q78KIRx-"" collected 23.71 from pot",2026-10-02T19:35:36.263Z,179096973626301
"Uncalled bet of 20.28 returned to ""jaaaaaaan @ O6Q78KIRx-""",2026-10-02T19:35:36.263Z,179096973626300
"""rowan @ GthBpPSqaK"" folds",2026-10-02T19:35:35.440Z,179096973544000
"""jaaaaaaan @ O6Q78KIRx-"" bets 20.28",2026-10-02T19:35:34.176Z,179096973417600
"""rowan @ GthBpPSqaK"" checks",2026-10-02T19:35:25.520Z,179096972552000
"River: Q♥, 5♥, 6♣, 9♠ [J♦]",2026-10-02T19:35:24.057Z,179096972405700
"""rowan @ GthBpPSqaK"" calls 7.11",2026-10-02T19:35:23.242Z,179096972324200
"""jaaaaaaan @ O6Q78KIRx-"" bets 7.11",2026-10-02T19:35:16.203Z,179096971620300
"""rowan @ GthBpPSqaK"" checks",2026-10-02T19:35:10.200Z,179096971020000
"Turn: Q♥, 5♥, 6♣ [9♠]",2026-10-02T19:35:05.729Z,179096970572900
"""Cameron(ryan) @ eWUSzBpS1d"" folds",2026-10-02T19:35:04.898Z,179096970489800
"""jaaaaaaan @ O6Q78KIRx-"" calls 2.37",2026-10-02T19:35:02.952Z,179096970295200
"""rowan @ GthBpPSqaK"" bets 2.37",2026-10-02T19:35:01.435Z,179096970143500
"""Cameron(ryan) @ eWUSzBpS1d"" checks",2026-10-02T19:34:58.552Z,179096969855200
"Flop:  [Q♥, 5♥, 6♣]",2026-10-02T19:34:51.954Z,179096969195400
"""Cameron(ryan) @ eWUSzBpS1d"" calls 1.50",2026-10-02T19:34:51.138Z,179096969113800
"""sul @ thk9cMWm9U"" folds",2026-10-02T19:34:48.415Z,179096968841500
"""BransonW @ -thFwNBkz6"" folds",2026-10-02T19:34:47.572Z,179096968757200
"""jaaaaaaan @ O6Q78KIRx-"" calls 1.50",2026-10-02T19:34:46.592Z,179096968659200
"""rowan @ GthBpPSqaK"" raises to 1.50",2026-10-02T19:34:45.589Z,179096968558900
"""Cameron(ryan) @ eWUSzBpS1d"" posts a big blind of 0.50",2026-10-02T19:34:43.252Z,179096968325208
"""sul @ thk9cMWm9U"" posts a small blind of 0.25",2026-10-02T19:34:43.252Z,179096968325207
"Your hand is 10♠, 7♦",2026-10-02T19:34:43.252Z,179096968325202
"Player stacks: #1 ""Cameron(ryan) @ eWUSzBpS1d"" (78.08) | #2 ""rowan @ GthBpPSqaK"" (187.63) | #5 ""jaaaaaaan @ O6Q78KIRx-"" (101.08) | #6 ""BransonW @ -thFwNBkz6"" (116.92) | #10 ""sul @ thk9cMWm9U"" (51.15)",2026-10-02T19:34:43.252Z,179096968325201
"-- starting hand #170 (id: sthtlb2sn5jp)  No Limit Texas Hold'em (dealer: ""BransonW @ -thFwNBkz6"") --",2026-10-02T19:34:43.252Z,179096968325200
"""Cameron(ryan) @ eWUSzBpS1d"" shows a J♥.",2026-10-02T19:34:40.034Z,179096968003400
"""jaaaaaaan @ O6Q78KIRx-"" shows a J♠, 7♦.",2026-10-02T19:34:37.589Z,179096967758900
"Undealt cards: 4♦, J♦, 6♣ [3♠, 7♠]",2026-10-02T19:34:36.934Z,179096967693400
"-- ending hand #169 --",2026-10-02T19:34:35.943Z,179096967594302
"""Cameron(ryan) @ eWUSzBpS1d"" collected 4.25 from pot",2026-10-02T19:34:35.943Z,179096967594301
"Uncalled bet of 4.25 returned to ""Cameron(ryan) @ eWUSzBpS1d""",2026-10-02T19:34:35.943Z,179096967594300
"""rowan @ GthBpPSqaK"" folds",2026-10-02T19:34:35.101Z,179096967510100
"""Cameron(ryan) @ eWUSzBpS1d"" bets 4.25",2026-10-02T19:34:33.704Z,179096967370400
"Flop:  [4♦, J♦, 6♣]",2026-10-02T19:34:29.737Z,179096966973700
"""sul @ thk9cMWm9U"" folds",2026-10-02T19:34:28.876Z,179096966887600
"""BransonW @ -thFwNBkz6"" folds",2026-10-02T19:34:28.025Z,179096966802500
"""jaaaaaaan @ O6Q78KIRx-"" folds",2026-10-02T19:34:17.039Z,179096965703900
"""rowan @ GthBpPSqaK"" calls 1.75",2026-10-02T19:34:16.166Z,179096965616600
"""Cameron(ryan) @ eWUSzBpS1d"" raises to 1.75",2026-10-02T19:34:15.269Z,179096965526900
"""sul @ thk9cMWm9U"" posts a big blind of 0.50",2026-10-02T19:34:11.798Z,179096965179808
"""BransonW @ -thFwNBkz6"" posts a small blind of 0.25",2026-10-02T19:34:11.798Z,179096965179807
"Your hand is 8♥, J♥",2026-10-02T19:34:11.798Z,179096965179802
"Player stacks: #1 ""Cameron(ryan) @ eWUSzBpS1d"" (75.58) | #2 ""rowan @ GthBpPSqaK"" (189.38) | #5 ""jaaaaaaan @ O6Q78KIRx-"" (101.08) | #6 ""BransonW @ -thFwNBkz6"" (117.17) | #10 ""sul @ thk9cMWm9U"" (51.65)",2026-10-02T19:34:11.798Z,179096965179801
"-- starting hand #169 (id: c5akkilaxa48)  No Limit Texas Hold'em (dealer: ""jaaaaaaan @ O6Q78KIRx-"") --",2026-10-02T19:34:11.798Z,179096965179800
"-- ending hand #168 --",2026-10-02T19:34:08.866Z,179096964886602
"""BransonW @ -thFwNBkz6"" collected 12.50 from pot",2026-10-02T19:34:08.866Z,179096964886601
"Uncalled bet of 5.50 returned to ""BransonW @ -thFwNBkz6""",2026-10-02T19:34:08.866Z,179096964886600
"""jaaaaaaan @ O6Q78KIRx-"" folds",2026-10-02T19:34:08.055Z,179096964805500
"""BransonW @ -thFwNBkz6"" bets 5.50",2026-10-02T19:34:06.637Z,179096964663700
"""jaaaaaaan @ O6Q78KIRx-"" checks",2026-10-02T19:34:02.256Z,179096964225600
"River: 10♥, J♦, 6♦, 7♣ [K♣]",2026-10-02T19:34:00.301Z,179096964030100
"""jaaaaaaan @ O6Q78KIRx-"" calls 2.50",2026-10-02T19:33:59.461Z,179096963946100
"""BransonW @ -thFwNBkz6"" bets 2.50",2026-10-02T19:33:57.676Z,179096963767600
"""jaaaaaaan @ O6Q78KIRx-"" checks",2026-10-02T19:33:50.611Z,179096963061100
"Turn: 10♥, J♦, 6♦ [7♣]",2026-10-02T19:33:48.241Z,179096962824100
"""BransonW @ -thFwNBkz6"" calls 2.25",2026-10-02T19:33:47.414Z,179096962741400
"""jaaaaaaan @ O6Q78KIRx-"" bets 2.25",2026-10-02T19:33:45.157Z,179096962515700
"Flop:  [10♥, J♦, 6♦]",2026-10-02T19:33:41.931Z,179096962193100
"""BransonW @ -thFwNBkz6"" calls 1.50",2026-10-02T19:33:41.113Z,179096962111300
"""jaaaaaaan @ O6Q78KIRx-"" raises to 1.50",2026-10-02T19:33:39.292Z,179096961929200
"""rowan @ GthBpPSqaK"" folds",2026-10-02T19:33:34.495Z,179096961449500
"""Cameron(ryan) @ eWUSzBpS1d"" folds",2026-10-02T19:33:33.629Z,179096961362900
"""sul @ thk9cMWm9U"" folds",2026-10-02T19:33:27.316Z,179096960731600
"""BransonW @ -thFwNBkz6"" posts a big blind of 0.50",2026-10-02T19:33:25.764Z,179096960576408
"""jaaaaaaan @ O6Q78KIRx-"" posts a small blind of 0.25",2026-10-02T19:33:25.764Z,179096960576407
"Your hand is 5♣, 4♥",2026-10-02T19:33:25.764Z,179096960576402
"Player stacks: #1 ""Cameron(ryan) @ eWUSzBpS1d"" (75.58) | #2 ""rowan @ GthBpPSqaK"" (189.38) | #5 ""jaaaaaaan @ O6Q78KIRx-"" (107.33) | #6 ""BransonW @ -thFwNBkz6"" (110.92) | #10 ""sul @ thk9cMWm9U"" (51.65)",2026-10-02T19:33:25.764Z,179096960576401
"-- starting hand #168 (id: tnvndowjaud5)  No Limit Texas Hold'em (dealer: ""rowan @ GthBpPSqaK"") --",2026-10-02T19:33:25.764Z,179096960576400
"-- ending hand #167 --",2026-10-02T19:33:22.856Z,179096960285602
"""jaaaaaaan @ O6Q78KIRx-"" collected 8.49 from pot",2026-10-02T19:33:22.856Z,179096960285601
"Uncalled bet of 6.36 returned to ""jaaaaaaan @ O6Q78KIRx-""",2026-10-02T19:33:22.856Z,179096960285600
"""sul @ thk9cMWm9U"" folds",2026-10-02T19:33:22.037Z,179096960203700
"""jaaaaaaan @ O6Q78KIRx-"" bets 6.36",2026-10-02T19:33:20.294Z,179096960029400
"River: 4♦, 4♠, A♣, 8♦ [5♣]",2026-10-02T19:33:04.998Z,179096958499800
"""sul @ thk9cMWm9U"" checks",2026-10-02T19:33:04.136Z,179096958413600
"""jaaaaaaan @ O6Q78KIRx-"" checks",2026-10-02T19:33:01.337Z,179096958133700
"Turn: 4♦, 4♠, A♣ [8♦]",2026-10-02T19:32:59.987Z,179096957998700
"""jaaaaaaan @ O6Q78KIRx-"" calls 2.12",2026-10-02T19:32:59.183Z,179096957918300
"""sul @ thk9cMWm9U"" bets 2.12",2026-10-02T19:32:56.327Z,179096957632700
"""jaaaaaaan @ O6Q78KIRx-"" checks",2026-10-02T19:32:53.694Z,179096957369400
"Flop:  [4♦, 4♠, A♣]",2026-10-02T19:32:52.442Z,179096957244200
"""jaaaaaaan @ O6Q78KIRx-"" calls 2.00",2026-10-02T19:32:51.600Z,179096957160000
"""rowan @ GthBpPSqaK"" folds",2026-10-02T19:32:50.678Z,179096957067800
"""Cameron(ryan) @ eWUSzBpS1d"" folds",2026-10-02T19:32:49.794Z,179096956979400
"""sul @ thk9cMWm9U"" raises to 2.00",2026-10-02T19:32:38.840Z,179096955884000
"""BransonW @ -thFwNBkz6"" folds",2026-10-02T19:32:33.766Z,179096955376600
"""jaaaaaaan @ O6Q78KIRx-"" posts a big blind of 0.50",2026-10-02T19:32:21.965Z,179096954196508
"""rowan @ GthBpPSqaK"" posts a small blind of 0.25",2026-10-02T19:32:21.965Z,179096954196507
"Your hand is 3♦, 6♥",2026-10-02T19:32:21.965Z,179096954196502
"Player stacks: #1 ""Cameron(ryan) @ eWUSzBpS1d"" (75.58) | #2 ""rowan @ GthBpPSqaK"" (189.63) | #5 ""jaaaaaaan @ O6Q78KIRx-"" (102.96) | #6 ""BransonW @ -thFwNBkz6"" (110.92) | #10 ""sul @ thk9cMWm9U"" (55.77)",2026-10-02T19:32:21.965Z,179096954196501
"-- starting hand #167 (id: fsdmpmapg2ro)  No Limit Texas Hold'em (dealer: ""Cameron(ryan) @ eWUSzBpS1d"") --",2026-10-02T19:32:21.965Z,179096954196500
"""Cameron(ryan) @ eWUSzBpS1d"" collected 4.00 from the 7-2 bounty",2026-10-02T19:32:19.050Z,179096953905004
"""BransonW @ -thFwNBkz6"" paid 1.00 for the 7-2 bounty to ""Cameron(ryan) @ eWUSzBpS1d""",2026-10-02T19:32:19.050Z,179096953905003
"""jaaaaaaan @ O6Q78KIRx-"" paid 1.00 for the 7-2 bounty to ""Cameron(ryan) @ eWUSzBpS1d""",2026-10-02T19:32:19.050Z,179096953905002
"""rowan @ GthBpPSqaK"" paid 1.00 for the 7-2 bounty to ""Cameron(ryan) @ eWUSzBpS1d""",2026-10-02T19:32:19.050Z,179096953905001
"""sul @ thk9cMWm9U"" paid 1.00 for the 7-2 bounty to ""Cameron(ryan) @ eWUSzBpS1d""",2026-10-02T19:32:19.050Z,179096953905000
"Undealt cards:  [10♥, 6♥, 2♥, 10♦, 6♣]",2026-10-02T19:32:15.490Z,179096953549000
"""Cameron(ryan) @ eWUSzBpS1d"" shows a 2♠, 7♦.",2026-10-02T19:32:12.812Z,179096953281200
"-- ending hand #166 --",2026-10-02T19:32:12.415Z,179096953241502
"""Cameron(ryan) @ eWUSzBpS1d"" collected 1.00 from pot",2026-10-02T19:32:12.415Z,179096953241501
"Uncalled bet of 2.00 returned to ""Cameron(ryan) @ eWUSzBpS1d""",2026-10-02T19:32:12.415Z,179096953241500
"""rowan @ GthBpPSqaK"" folds",2026-10-02T19:32:11.571Z,179096953157100
"""Cameron(ryan) @ eWUSzBpS1d"" raises to 2.50",2026-10-02T19:32:09.288Z,179096952928800
"""sul @ thk9cMWm9U"" folds",2026-10-02T19:32:06.153Z,179096952615300
"""BransonW @ -thFwNBkz6"" folds",2026-10-02T19:32:05.262Z,179096952526200
"""jaaaaaaan @ O6Q78KIRx-"" folds",2026-10-02T19:31:56.665Z,179096951666500
"""rowan @ GthBpPSqaK"" posts a big blind of 0.50",2026-10-02T19:31:55.430Z,179096951543008
"""Cameron(ryan) @ eWUSzBpS1d"" posts a small blind of 0.25",2026-10-02T19:31:55.430Z,179096951543007
"Your hand is 2♠, 7♦",2026-10-02T19:31:55.430Z,179096951543002
"Player stacks: #1 ""Cameron(ryan) @ eWUSzBpS1d"" (71.08) | #2 ""rowan @ GthBpPSqaK"" (191.13) | #5 ""jaaaaaaan @ O6Q78KIRx-"" (103.96) | #6 ""BransonW @ -thFwNBkz6"" (111.92) | #10 ""sul @ thk9cMWm9U"" (56.77)",2026-10-02T19:31:55.430Z,179096951543001
"-- starting hand #166 (id: qsd7548csqjm)  No Limit Texas Hold'em (dealer: ""sul @ thk9cMWm9U"") --",2026-10-02T19:31:55.430Z,179096951543000
"""jaaaaaaan @ O6Q78KIRx-"" shows a J♥, 5♥.",2026-10-02T19:31:53.134Z,179096951313400
"Undealt cards: 3♦, A♣, 10♦ [Q♣, K♥]",2026-10-02T19:31:49.575Z,179096950957500
"-- ending hand #165 --",2026-10-02T19:31:48.826Z,179096950882602
"""Cameron(ryan) @ eWUSzBpS1d"" collected 1.25 from pot",2026-10-02T19:31:48.826Z,179096950882601
"Uncalled bet of 0.50 returned to ""Cameron(ryan) @ eWUSzBpS1d""",2026-10-02T19:31:48.826Z,179096950882600
"""jaaaaaaan @ O6Q78KIRx-"" folds",2026-10-02T19:31:48.008Z,179096950800800
"""Cameron(ryan) @ eWUSzBpS1d"" bets 0.50",2026-10-02T19:31:47.095Z,179096950709500
"Flop:  [3♦, A♣, 10♦]",2026-10-02T19:31:39.021Z,179096949902100
"""Cameron(ryan) @ eWUSzBpS1d"" checks",2026-10-02T19:31:38.194Z,179096949819400
"""sul @ thk9cMWm9U"" folds",2026-10-02T19:31:31.388Z,179096949138800
"""BransonW @ -thFwNBkz6"" folds",2026-10-02T19:31:30.527Z,179096949052700
"""jaaaaaaan @ O6Q78KIRx-"" calls 0.50",2026-10-02T19:31:28.867Z,179096948886700
"""rowan @ GthBpPSqaK"" folds",2026-10-02T19:31:27.778Z,179096948777800
"""Cameron(ryan) @ eWUSzBpS1d"" posts a big blind of 0.50",2026-10-02T19:31:26.554Z,179096948655409
"""sul @ thk9cMWm9U"" posts a small blind of 0.25",2026-10-02T19:31:26.554Z,179096948655408
"Your hand is 3♥, 2♣",2026-10-02T19:31:26.554Z,179096948655403
"Player stacks: #1 ""Cameron(ryan) @ eWUSzBpS1d"" (70.33) | #2 ""rowan @ GthBpPSqaK"" (191.13) | #5 ""jaaaaaaan @ O6Q78KIRx-"" (104.46) | #6 ""BransonW @ -thFwNBkz6"" (111.92) | #10 ""sul @ thk9cMWm9U"" (57.02)",2026-10-02T19:31:26.554Z,179096948655402
"-- starting hand #165 (id: hqfqi2yz25jc)  No Limit Texas Hold'em (dead button) --",2026-10-02T19:31:26.554Z,179096948655401
"The player ""Will @ h_ZrezeXHs"" stand up with the stack of 194.94.",2026-10-02T19:31:26.554Z,179096948655400
"Undealt cards: A♠, J♠, 2♣, 10♣ [9♦]",2026-10-02T19:31:22.275Z,179096948227500
"-- ending hand #164 --",2026-10-02T19:31:20.622Z,179096948062202
"""rowan @ GthBpPSqaK"" collected 12.00 from pot",2026-10-02T19:31:20.622Z,179096948062201
"Uncalled bet of 7.00 returned to ""rowan @ GthBpPSqaK""",2026-10-02T19:31:20.622Z,179096948062200
"""sul @ thk9cMWm9U"" folds",2026-10-02T19:31:19.812Z,179096947981200
"""rowan @ GthBpPSqaK"" bets 7.00",2026-10-02T19:31:18.575Z,179096947857500
"""sul @ thk9cMWm9U"" checks",2026-10-02T19:31:13.842Z,179096947384200
"Turn: A♠, J♠, 2♣ [10♣]",2026-10-02T19:31:12.415Z,179096947241500
"""Will @ h_ZrezeXHs"" folds",2026-10-02T19:31:11.600Z,179096947160000
"""jaaaaaaan @ O6Q78KIRx-"" folds",2026-10-02T19:31:09.408Z,179096946940800
"""rowan @ GthBpPSqaK"" calls 3.00",2026-10-02T19:31:08.453Z,179096946845300
"""sul @ thk9cMWm9U"" bets 3.00",2026-10-02T19:31:00.521Z,179096946052100
"""Will @ h_ZrezeXHs"" checks",2026-10-02T19:30:56.779Z,179096945677900
"Flop:  [A♠, J♠, 2♣]",2026-10-02T19:30:54.880Z,179096945488000
"""sul @ thk9cMWm9U"" calls 1.50",2026-10-02T19:30:54.073Z,179096945407300
"""Will @ h_ZrezeXHs"" calls 1.50",2026-10-02T19:30:30.454Z,179096943045400
"""BransonW @ -thFwNBkz6"" folds",2026-10-02T19:30:29.153Z,179096942915300
"""jaaaaaaan @ O6Q78KIRx-"" calls 1.50",2026-10-02T19:30:28.278Z,179096942827800
"""rowan @ GthBpPSqaK"" raises to 1.50",2026-10-02T19:30:26.825Z,179096942682500
"""Cameron(ryan) @ eWUSzBpS1d"" folds",2026-10-02T19:30:24.557Z,179096942455700
"""sul @ thk9cMWm9U"" posts a big blind of 0.50",2026-10-02T19:30:16.328Z,179096941632809
"""Will @ h_ZrezeXHs"" posts a small blind of 0.25",2026-10-02T19:30:16.328Z,179096941632808
"Your hand is 4♠, 2♦",2026-10-02T19:30:16.328Z,179096941632802
"Player stacks: #1 ""Cameron(ryan) @ eWUSzBpS1d"" (70.33) | #2 ""rowan @ GthBpPSqaK"" (183.63) | #5 ""jaaaaaaan @ O6Q78KIRx-"" (105.96) | #6 ""BransonW @ -thFwNBkz6"" (111.92) | #7 ""Will @ h_ZrezeXHs"" (196.44) | #10 ""sul @ thk9cMWm9U"" (61.52)",2026-10-02T19:30:16.328Z,179096941632801
"-- starting hand #164 (id: kjawywlc0fc8)  No Limit Texas Hold'em (dealer: ""BransonW @ -thFwNBkz6"") --",2026-10-02T19:30:16.328Z,179096941632800
"""Cameron(ryan) @ eWUSzBpS1d"" shows a A♣, 5♠.",2026-10-02T19:30:10.693Z,179096941069300
"-- ending hand #163 --",2026-10-02T19:30:09.818Z,179096940981802
"""Will @ h_ZrezeXHs"" collected 18.00 from pot with Two Pair, J's & 8's (combination: A♠, 8♦, 8♣, J♦, J♠)",2026-10-02T19:30:09.818Z,179096940981801
"""Will @ h_ZrezeXHs"" shows a J♦, 8♦.",2026-10-02T19:30:09.818Z,179096940981800
"""Cameron(ryan) @ eWUSzBpS1d"" checks",2026-10-02T19:30:08.962Z,179096940896200
"""Will @ h_ZrezeXHs"" checks",2026-10-02T19:30:00.934Z,179096940093400
"River: 7♣, J♠, 2♣, A♠ [8♣]",2026-10-02T19:29:59.909Z,179096939990900
"""Will @ h_ZrezeXHs"" calls 4.50",2026-10-02T19:29:59.095Z,179096939909500
"""BransonW @ -thFwNBkz6"" folds",2026-10-02T19:29:57.293Z,179096939729300
"""jaaaaaaan @ O6Q78KIRx-"" folds",2026-10-02T19:29:41.476Z,179096938147600
"""Cameron(ryan) @ eWUSzBpS1d"" bets 4.50",2026-10-02T19:29:38.590Z,179096937859000
"""Will @ h_ZrezeXHs"" checks",2026-10-02T19:29:35.839Z,179096937583900
"""BransonW @ -thFwNBkz6"" checks",2026-10-02T19:29:34.632Z,179096937463200
"Turn: 7♣, J♠, 2♣ [A♠]",2026-10-02T19:29:32.496Z,179096937249600
"""jaaaaaaan @ O6Q78KIRx-"" checks",2026-10-02T19:29:31.684Z,179096937168400
"""Cameron(ryan) @ eWUSzBpS1d"" checks",2026-10-02T19:29:28.901Z,179096936890100
"""Will @ h_ZrezeXHs"" checks",2026-10-02T19:29:22.738Z,179096936273800
"""BransonW @ -thFwNBkz6"" checks",2026-10-02T19:29:21.262Z,179096936126200
"Flop:  [7♣, J♠, 2♣]",2026-10-02T19:29:17.689Z,179096935768900
"""Cameron(ryan) @ eWUSzBpS1d"" calls 2.25",2026-10-02T19:29:16.863Z,179096935686300
"""Will @ h_ZrezeXHs"" calls 2.25",2026-10-02T19:29:13.930Z,179096935393000
"""BransonW @ -thFwNBkz6"" calls 2.25",2026-10-02T19:29:12.836Z,179096935283600
"""jaaaaaaan @ O6Q78KIRx-"" raises to 2.25",2026-10-02T19:29:09.931Z,179096934993100
"""rowan @ GthBpPSqaK"" folds",2026-10-02T19:29:06.906Z,179096934690600
"""Cameron(ryan) @ eWUSzBpS1d"" calls 0.50",2026-10-02T19:29:05.946Z,179096934594600
"""sul @ thk9cMWm9U"" folds",2026-10-02T19:29:00.858Z,179096934085800
"""Will @ h_ZrezeXHs"" posts a big blind of 0.50",2026-10-02T19:28:58.690Z,179096933869009
"""BransonW @ -thFwNBkz6"" posts a small blind of 0.25",2026-10-02T19:28:58.690Z,179096933869008
"Your hand is A♣, 5♠",2026-10-02T19:28:58.690Z,179096933869002
"Player stacks: #1 ""Cameron(ryan) @ eWUSzBpS1d"" (77.08) | #2 ""rowan @ GthBpPSqaK"" (183.63) | #5 ""jaaaaaaan @ O6Q78KIRx-"" (108.21) | #6 ""BransonW @ -thFwNBkz6"" (114.17) | #7 ""Will @ h_ZrezeXHs"" (185.19) | #10 ""sul @ thk9cMWm9U"" (61.52)",2026-10-02T19:28:58.690Z,179096933869001
"-- starting hand #163 (id: njn4jyeck25f)  No Limit Texas Hold'em (dealer: ""jaaaaaaan @ O6Q78KIRx-"") --",2026-10-02T19:28:58.690Z,179096933869000
"""jaaaaaaan @ O6Q78KIRx-"" shows a 7♥, 6♣.",2026-10-02T19:28:57.362Z,179096933736200
"-- ending hand #162 --",2026-10-02T19:28:55.066Z,179096933506602
"""jaaaaaaan @ O6Q78KIRx-"" collected 25.00 from pot",2026-10-02T19:28:55.066Z,179096933506601
"Uncalled bet of 25.00 returned to ""jaaaaaaan @ O6Q78KIRx-""",2026-10-02T19:28:55.066Z,179096933506600
"""rowan @ GthBpPSqaK"" folds",2026-10-02T19:28:54.261Z,179096933426100
"""Will @ h_ZrezeXHs"" folds",2026-10-02T19:28:53.388Z,179096933338800
"""jaaaaaaan @ O6Q78KIRx-"" bets 25.00",2026-10-02T19:28:27.607Z,179096930760700
"River: 6♥, 5♠, 6♠, A♦ [7♣]",2026-10-02T19:28:17.054Z,179096929705400
"""rowan @ GthBpPSqaK"" calls 5.00",2026-10-02T19:28:16.208Z,179096929620800
"""Cameron(ryan) @ eWUSzBpS1d"" folds",2026-10-02T19:28:12.445Z,179096929244500
"""Will @ h_ZrezeXHs"" calls 5.00",2026-10-02T19:28:09.726Z,179096928972600
"""BransonW @ -thFwNBkz6"" folds",2026-10-02T19:28:08.260Z,179096928826000
"""jaaaaaaan @ O6Q78KIRx-"" bets 5.00",2026-10-02T19:28:07.326Z,179096928732600
"Turn: 6♥, 5♠, 6♠ [A♦]",2026-10-02T19:28:02.473Z,179096928247300
"""rowan @ GthBpPSqaK"" checks",2026-10-02T19:28:01.627Z,179096928162700
"""Cameron(ryan) @ eWUSzBpS1d"" checks",2026-10-02T19:28:00.688Z,179096928068800
"""Will @ h_ZrezeXHs"" checks",2026-10-02T19:27:58.018Z,179096927801800
"""BransonW @ -thFwNBkz6"" checks",2026-10-02T19:27:56.007Z,179096927600700
"""jaaaaaaan @ O6Q78KIRx-"" checks",2026-10-02T19:27:54.275Z,179096927427500
"Flop:  [6♥, 5♠, 6♠]",2026-10-02T19:27:46.101Z,179096926610100
"""BransonW @ -thFwNBkz6"" calls 2.00",2026-10-02T19:27:45.283Z,179096926528300
"""jaaaaaaan @ O6Q78KIRx-"" calls 2.00",2026-10-02T19:27:43.536Z,179096926353600
"""rowan @ GthBpPSqaK"" calls 2.00",2026-10-02T19:27:38.495Z,179096925849500
"""Cameron(ryan) @ eWUSzBpS1d"" calls 2.00",2026-10-02T19:27:37.647Z,179096925764700
"""sul @ thk9cMWm9U"" folds",2026-10-02T19:27:29.724Z,179096924972400
"""Will @ h_ZrezeXHs"" raises to 2.00",2026-10-02T19:27:28.878Z,179096924887800
"""BransonW @ -thFwNBkz6"" posts a big blind of 0.50",2026-10-02T19:27:25.292Z,179096924529210
"""jaaaaaaan @ O6Q78KIRx-"" posts a small blind of 0.25",2026-10-02T19:27:25.292Z,179096924529209
"Your hand is Q♥, 10♣",2026-10-02T19:27:25.292Z,179096924529203
"Player stacks: #1 ""Cameron(ryan) @ eWUSzBpS1d"" (79.08) | #2 ""rowan @ GthBpPSqaK"" (190.63) | #5 ""jaaaaaaan @ O6Q78KIRx-"" (90.21) | #6 ""BransonW @ -thFwNBkz6"" (116.17) | #7 ""Will @ h_ZrezeXHs"" (192.19) | #10 ""sul @ thk9cMWm9U"" (61.52)",2026-10-02T19:27:25.292Z,179096924529202
"-- starting hand #162 (id: 9s3ug3serlrj)  No Limit Texas Hold'em (dead button) --",2026-10-02T19:27:25.292Z,179096924529201
"The player ""dih @ GO72Iwd2XL"" quits the game with a stack of 0.00.",2026-10-02T19:27:25.292Z,179096924529200
"Asking to busted players the rebuy decision.",2026-10-02T19:27:21.089Z,179096924108900
"""rowan @ GthBpPSqaK"" shows a 2♦, 4♦.",2026-10-02T19:27:14.675Z,179096923467500
"-- ending hand #161 --",2026-10-02T19:27:14.581Z,179096923458101
"""BransonW @ -thFwNBkz6"" collected 89.52 from pot with Pair, Q's (combination: 10♥, J♦, A♠, Q♥, Q♠)",2026-10-02T19:27:14.581Z,179096923458100
"River: 4♥, Q♠, J♦, 3♠ [10♥]",2026-10-02T19:27:10.545Z,179096923054500
"""BransonW @ -thFwNBkz6"" shows a A♠, Q♥.",2026-10-02T19:27:06.538Z,179096922653801
"""dih @ GO72Iwd2XL"" shows a 7♠, 5♠.",2026-10-02T19:27:06.538Z,179096922653800
"Some players choose to not run it twice.",2026-10-02T19:27:05.733Z,179096922573301
"""dih @ GO72Iwd2XL"" chooses to not run it twice.",2026-10-02T19:27:05.733Z,179096922573300
"""BransonW @ -thFwNBkz6"" chooses to  run it twice.",2026-10-02T19:27:05.298Z,179096922529800
"Remaining players decide whether to run it twice.",2026-10-02T19:27:04.203Z,179096922420301
"""rowan @ GthBpPSqaK"" folds",2026-10-02T19:27:04.203Z,179096922420300
"""BransonW @ -thFwNBkz6"" calls 21.01",2026-10-02T19:27:01.414Z,179096922141400
"""dih @ GO72Iwd2XL"" bets 21.01 and go all in",2026-10-02T19:26:56.355Z,179096921635500
"Turn: 4♥, Q♠, J♦ [3♠]",2026-10-02T19:26:49.608Z,179096920960800
"""rowan @ GthBpPSqaK"" calls 9.50",2026-10-02T19:26:48.789Z,179096920878900
"""BransonW @ -thFwNBkz6"" calls 9.50",2026-10-02T19:26:47.511Z,179096920751100
"""dih @ GO72Iwd2XL"" bets 9.50",2026-10-02T19:26:44.174Z,179096920417400
"Flop:  [4♥, Q♠, J♦]",2026-10-02T19:26:33.550Z,179096919355000
"""rowan @ GthBpPSqaK"" calls 5.00",2026-10-02T19:26:32.669Z,179096919266900
"""Cameron(ryan) @ eWUSzBpS1d"" folds",2026-10-02T19:26:31.793Z,179096919179300
"""sul @ thk9cMWm9U"" folds",2026-10-02T19:26:20.984Z,179096918098400
"""BransonW @ -thFwNBkz6"" calls 5.00",2026-10-02T19:26:20.077Z,179096918007700
"""jaaaaaaan @ O6Q78KIRx-"" folds",2026-10-02T19:26:15.485Z,179096917548500
"""dih @ GO72Iwd2XL"" raises to 5.00",2026-10-02T19:26:08.141Z,179096916814100
"""rowan @ GthBpPSqaK"" calls 1.75",2026-10-02T19:26:03.009Z,179096916300900
"""Cameron(ryan) @ eWUSzBpS1d"" calls 1.75",2026-10-02T19:26:01.174Z,179096916117400
"""sul @ thk9cMWm9U"" calls 1.75",2026-10-02T19:25:57.652Z,179096915765200
"""Will @ h_ZrezeXHs"" folds",2026-10-02T19:25:56.055Z,179096915605500
"""BransonW @ -thFwNBkz6"" raises to 1.75",2026-10-02T19:25:53.163Z,179096915316300
"""jaaaaaaan @ O6Q78KIRx-"" posts a big blind of 0.50",2026-10-02T19:25:47.897Z,179096914789710
"""dih @ GO72Iwd2XL"" posts a small blind of 0.25",2026-10-02T19:25:47.897Z,179096914789709
"Your hand is 8♠, A♣",2026-10-02T19:25:47.897Z,179096914789702
"Player stacks: #1 ""Cameron(ryan) @ eWUSzBpS1d"" (80.83) | #2 ""rowan @ GthBpPSqaK"" (205.13) | #3 ""dih @ GO72Iwd2XL"" (35.51) | #5 ""jaaaaaaan @ O6Q78KIRx-"" (90.71) | #6 ""BransonW @ -thFwNBkz6"" (62.16) | #7 ""Will @ h_ZrezeXHs"" (192.19) | #10 ""sul @ thk9cMWm9U"" (63.27)",2026-10-02T19:25:47.897Z,179096914789701
"-- starting hand #161 (id: 9sli5c9ex0ir)  No Limit Texas Hold'em (dealer: ""rowan @ GthBpPSqaK"") --",2026-10-02T19:25:47.897Z,179096914789700
"-- ending hand #160 --",2026-10-02T19:25:44.966Z,179096914496602
"""dih @ GO72Iwd2XL"" collected 0.50 from pot",2026-10-02T19:25:44.966Z,179096914496601
"Uncalled bet of 0.25 returned to ""dih @ GO72Iwd2XL""",2026-10-02T19:25:44.966Z,179096914496600
"""rowan @ GthBpPSqaK"" folds",2026-10-02T19:25:44.152Z,179096914415200
"""Cameron(ryan) @ eWUSzBpS1d"" folds",2026-10-02T19:25:43.276Z,179096914327600
"""sul @ thk9cMWm9U"" folds",2026-10-02T19:25:42.382Z,179096914238200
"""Will @ h_ZrezeXHs"" folds",2026-10-02T19:25:41.522Z,179096914152200
"""BransonW @ -thFwNBkz6"" folds",2026-10-02T19:25:40.641Z,179096914064100
"""jaaaaaaan @ O6Q78KIRx-"" folds",2026-10-02T19:25:39.756Z,179096913975600
"""dih @ GO72Iwd2XL"" posts a big blind of 0.50",2026-10-02T19:25:32.752Z,179096913275211
"""rowan @ GthBpPSqaK"" posts a small blind of 0.25",2026-10-02T19:25:32.752Z,179096913275210
"Your hand is 7♣, 4♦",2026-10-02T19:25:32.752Z,179096913275203
"Player stacks: #1 ""Cameron(ryan) @ eWUSzBpS1d"" (80.83) | #2 ""rowan @ GthBpPSqaK"" (205.38) | #3 ""dih @ GO72Iwd2XL"" (35.26) | #5 ""jaaaaaaan @ O6Q78KIRx-"" (90.71) | #6 ""BransonW @ -thFwNBkz6"" (62.16) | #7 ""Will @ h_ZrezeXHs"" (192.19) | #10 ""sul @ thk9cMWm9U"" (63.27)",2026-10-02T19:25:32.752Z,179096913275202
"-- starting hand #160 (id: qr0utnxtyjhc)  No Limit Texas Hold'em (dealer: ""Cameron(ryan) @ eWUSzBpS1d"") --",2026-10-02T19:25:32.752Z,179096913275201
"The admin updated the player ""jaaaaaaan @ O6Q78KIRx-"" stack from 40.71 to 90.71.",2026-10-02T19:25:32.752Z,179096913275200
"Undealt cards: 3♣, 3♦, 9♣ [10♠, 2♣]",2026-10-02T19:25:27.353Z,179096912735300
"-- ending hand #159 --",2026-10-02T19:25:26.842Z,179096912684202
"""jaaaaaaan @ O6Q78KIRx-"" collected 6.75 from pot",2026-10-02T19:25:26.842Z,179096912684201
"Uncalled bet of 5.06 returned to ""jaaaaaaan @ O6Q78KIRx-""",2026-10-02T19:25:26.842Z,179096912684200
"""Cameron(ryan) @ eWUSzBpS1d"" folds",2026-10-02T19:25:25.970Z,179096912597000
"""jaaaaaaan @ O6Q78KIRx-"" bets 5.06",2026-10-02T19:25:23.720Z,179096912372000
"""rowan @ GthBpPSqaK"" folds",2026-10-02T19:25:19.975Z,179096911997500
"""Cameron(ryan) @ eWUSzBpS1d"" checks",2026-10-02T19:25:14.961Z,179096911496100
"Flop:  [3♣, 3♦, 9♣]",2026-10-02T19:24:59.305Z,179096909930500
"""rowan @ GthBpPSqaK"" calls 2.25",2026-10-02T19:24:58.470Z,179096909847000
"""Cameron(ryan) @ eWUSzBpS1d"" calls 2.25",2026-10-02T19:24:49.033Z,179096908903300
"""sul @ thk9cMWm9U"" folds",2026-10-02T19:24:43.804Z,179096908380400
"""Will @ h_ZrezeXHs"" folds",2026-10-02T19:24:42.967Z,179096908296700
"""BransonW @ -thFwNBkz6"" folds",2026-10-02T19:24:42.065Z,179096908206500
"""jaaaaaaan @ O6Q78KIRx-"" raises to 2.25",2026-10-02T19:24:41.178Z,179096908117800
"""dih @ GO72Iwd2XL"" folds",2026-10-02T19:24:34.134Z,179096907413400
"WARNING: the admin queued the stack change for the player ""jaaaaaaan @ O6Q78KIRx-"" adding 50.00 chips in the next hand.",2026-10-02T19:24:32.140Z,179096907214000
"""rowan @ GthBpPSqaK"" posts a big blind of 0.50",2026-10-02T19:24:31.296Z,179096907129610
"""Cameron(ryan) @ eWUSzBpS1d"" posts a small blind of 0.25",2026-10-02T19:24:31.296Z,179096907129609
"Your hand is A♥, 8♣",2026-10-02T19:24:31.296Z,179096907129602
"Player stacks: #1 ""Cameron(ryan) @ eWUSzBpS1d"" (83.08) | #2 ""rowan @ GthBpPSqaK"" (207.63) | #3 ""dih @ GO72Iwd2XL"" (35.26) | #5 ""jaaaaaaan @ O6Q78KIRx-"" (36.21) | #6 ""BransonW @ -thFwNBkz6"" (62.16) | #7 ""Will @ h_ZrezeXHs"" (192.19) | #10 ""sul @ thk9cMWm9U"" (63.27)",2026-10-02T19:24:31.296Z,179096907129601
"-- starting hand #159 (id: lxjq7c9dhqbc)  No Limit Texas Hold'em (dealer: ""sul @ thk9cMWm9U"") --",2026-10-02T19:24:31.296Z,179096907129600
"""sul @ thk9cMWm9U"" shows a A♥, 2♥.",2026-10-02T19:24:27.861Z,179096906786100
"""dih @ GO72Iwd2XL"" shows a A♠.",2026-10-02T19:24:26.092Z,179096906609200
"-- ending hand #158 --",2026-10-02T19:24:24.289Z,179096906428902
"""rowan @ GthBpPSqaK"" collected 120.68 from pot with Two Pair, A's & J's (combination: 7♥, J♣, J♠, A♣, A♦)",2026-10-02T19:24:24.289Z,179096906428901
"""rowan @ GthBpPSqaK"" shows a J♣, A♣.",2026-10-02T19:24:24.289Z,179096906428900
"""dih @ GO72Iwd2XL"" calls 23.84",2026-10-02T19:24:23.474Z,179096906347400
"""rowan @ GthBpPSqaK"" bets 23.84",2026-10-02T19:24:11.084Z,179096905108400
"River: 6♠, J♠, A♦, 7♥ [4♦]",2026-10-02T19:24:03.164Z,179096904316400
"""dih @ GO72Iwd2XL"" calls 21.50",2026-10-02T19:24:02.207Z,179096904220700
"""rowan @ GthBpPSqaK"" bets 21.50",2026-10-02T19:23:52.042Z,179096903204200
"Turn: 6♠, J♠, A♦ [7♥]",2026-10-02T19:23:34.966Z,179096901496600
"""Cameron(ryan) @ eWUSzBpS1d"" folds",2026-10-02T19:23:34.139Z,179096901413900
"""sul @ thk9cMWm9U"" folds",2026-10-02T19:23:31.198Z,179096901119800
"""Will @ h_ZrezeXHs"" folds",2026-10-02T19:23:30.297Z,179096901029700
"""jaaaaaaan @ O6Q78KIRx-"" folds",2026-10-02T19:23:29.209Z,179096900920900
"""dih @ GO72Iwd2XL"" calls 9.00",2026-10-02T19:23:27.801Z,179096900780100
"""rowan @ GthBpPSqaK"" bets 9.00",2026-10-02T19:23:26.166Z,179096900616600
"""Cameron(ryan) @ eWUSzBpS1d"" checks",2026-10-02T19:23:23.568Z,179096900356800
"""sul @ thk9cMWm9U"" checks",2026-10-02T19:23:11.477Z,179096899147700
"Flop:  [6♠, J♠, A♦]",2026-10-02T19:23:08.951Z,179096898895100
"""Cameron(ryan) @ eWUSzBpS1d"" calls 2.00",2026-10-02T19:23:08.147Z,179096898814700
"""sul @ thk9cMWm9U"" calls 2.00",2026-10-02T19:23:02.216Z,179096898221600
"""Will @ h_ZrezeXHs"" calls 2.00",2026-10-02T19:22:54.454Z,179096897445400
"""BransonW @ -thFwNBkz6"" folds",2026-10-02T19:22:51.985Z,179096897198500
"""jaaaaaaan @ O6Q78KIRx-"" calls 2.00",2026-10-02T19:22:51.040Z,179096897104000
"""dih @ GO72Iwd2XL"" calls 2.00",2026-10-02T19:22:44.302Z,179096896430200
"""rowan @ GthBpPSqaK"" raises to 2.00",2026-10-02T19:22:40.226Z,179096896022600
"""Cameron(ryan) @ eWUSzBpS1d"" posts a big blind of 0.50",2026-10-02T19:22:36.077Z,179096895607710
"""sul @ thk9cMWm9U"" posts a small blind of 0.25",2026-10-02T19:22:36.077Z,179096895607709
"Your hand is Q♦, 9♣",2026-10-02T19:22:36.077Z,179096895607702
"Player stacks: #1 ""Cameron(ryan) @ eWUSzBpS1d"" (85.08) | #2 ""rowan @ GthBpPSqaK"" (143.29) | #3 ""dih @ GO72Iwd2XL"" (91.60) | #5 ""jaaaaaaan @ O6Q78KIRx-"" (38.21) | #6 ""BransonW @ -thFwNBkz6"" (62.16) | #7 ""Will @ h_ZrezeXHs"" (194.19) | #10 ""sul @ thk9cMWm9U"" (65.27)",2026-10-02T19:22:36.077Z,179096895607701
"-- starting hand #158 (id: xg1fe1abwn1q)  No Limit Texas Hold'em (dead button) --",2026-10-02T19:22:36.077Z,179096895607700
"""dih @ GO72Iwd2XL"" shows a 3♥, 5♥.",2026-10-02T19:22:33.568Z,179096895356800
"""Cameron(ryan) @ eWUSzBpS1d"" shows a K♦, K♥.",2026-10-02T19:22:32.322Z,179096895232200
"""jaaaaaaan @ O6Q78KIRx-"" shows a J♥, J♠.",2026-10-02T19:22:30.720Z,179096895072000
"Undealt cards:  [9♥, J♦, A♥, K♠, 6♥]",2026-10-02T19:22:28.483Z,179096894848300
"-- ending hand #157 --",2026-10-02T19:22:27.988Z,179096894798802
"""Cameron(ryan) @ eWUSzBpS1d"" collected 25.50 from pot",2026-10-02T19:22:27.988Z,179096894798801
"Uncalled bet of 12.75 returned to ""Cameron(ryan) @ eWUSzBpS1d""",2026-10-02T19:22:27.988Z,179096894798800
"""sul @ thk9cMWm9U"" folds",2026-10-02T19:22:27.162Z,179096894716200
"""Will @ h_ZrezeXHs"" folds",2026-10-02T19:22:25.831Z,179096894583100
"""jaaaaaaan @ O6Q78KIRx-"" folds",2026-10-02T19:22:24.911Z,179096894491100
"""dih @ GO72Iwd2XL"" folds",2026-10-02T19:22:24.025Z,179096894402500
"""Cameron(ryan) @ eWUSzBpS1d"" raises to 21.75",2026-10-02T19:22:20.555Z,179096894055500
"""sul @ thk9cMWm9U"" raises to 9.00",2026-10-02T19:22:10.178Z,179096893017800
"""Will @ h_ZrezeXHs"" calls 2.50",2026-10-02T19:21:50.753Z,179096891075300
"""BransonW @ -thFwNBkz6"" folds",2026-10-02T19:21:49.420Z,179096890942000
"""jaaaaaaan @ O6Q78KIRx-"" calls 2.50",2026-10-02T19:21:48.370Z,179096890837000
"""dih @ GO72Iwd2XL"" calls 2.50",2026-10-02T19:21:36.553Z,179096889655300
"""rowan @ GthBpPSqaK"" folds",2026-10-02T19:21:22.995Z,179096888299500
"""Cameron(ryan) @ eWUSzBpS1d"" raises to 2.50",2026-10-02T19:21:22.114Z,179096888211400
"""sul @ thk9cMWm9U"" posts a big blind of 0.50",2026-10-02T19:21:17.050Z,179096887705011
"Dead Small Blind",2026-10-02T19:21:17.050Z,179096887705010
"Your hand is K♦, K♥",2026-10-02T19:21:17.050Z,179096887705003
"Player stacks: #1 ""Cameron(ryan) @ eWUSzBpS1d"" (68.58) | #2 ""rowan @ GthBpPSqaK"" (143.29) | #3 ""dih @ GO72Iwd2XL"" (94.10) | #5 ""jaaaaaaan @ O6Q78KIRx-"" (40.71) | #6 ""BransonW @ -thFwNBkz6"" (62.16) | #7 ""Will @ h_ZrezeXHs"" (196.69) | #10 ""sul @ thk9cMWm9U"" (74.27)",2026-10-02T19:21:17.050Z,179096887705002
"-- starting hand #157 (id: bqvcuwazn5tj)  No Limit Texas Hold'em (dealer: ""Will @ h_ZrezeXHs"") --",2026-10-02T19:21:17.050Z,179096887705001
"The player ""Gabe @ 9mpVPy0oPx"" quits the game with a stack of 80.14.",2026-10-02T19:21:17.050Z,179096887705000
"""Cameron(ryan) @ eWUSzBpS1d"" shows a 6♦, 4♣.",2026-10-02T19:21:12.781Z,179096887278100
"""dih @ GO72Iwd2XL"" shows a 3♠.",2026-10-02T19:21:11.756Z,179096887175600
"""sul @ thk9cMWm9U"" shows a 7♦, 6♣.",2026-10-02T19:21:10.610Z,179096887061000
"Undealt cards: 5♥, 6♠, 4♠, 7♠ [K♥]",2026-10-02T19:21:09.791Z,179096886979100
"-- ending hand #156 --",2026-10-02T19:21:09.015Z,179096886901502
"""dih @ GO72Iwd2XL"" collected 22.75 from pot",2026-10-02T19:21:09.015Z,179096886901501
"Uncalled bet of 15.37 returned to ""dih @ GO72Iwd2XL""",2026-10-02T19:21:09.015Z,179096886901500
"""Gabe @ 9mpVPy0oPx"" folds",2026-10-02T19:21:08.197Z,179096886819700
"""jaaaaaaan @ O6Q78KIRx-"" folds",2026-10-02T19:21:03.763Z,179096886376300
"""dih @ GO72Iwd2XL"" bets 15.37",2026-10-02T19:20:34.627Z,179096883462700
"""Gabe @ 9mpVPy0oPx"" checks",2026-10-02T19:20:29.025Z,179096882902500
"Turn: 5♥, 6♠, 4♠ [7♠]",2026-10-02T19:20:26.715Z,179096882671500
"""Gabe @ 9mpVPy0oPx"" calls 5.25",2026-10-02T19:20:25.851Z,179096882585100
"""jaaaaaaan @ O6Q78KIRx-"" calls 5.25",2026-10-02T19:20:24.037Z,179096882403700
"""dih @ GO72Iwd2XL"" bets 5.25",2026-10-02T19:20:21.486Z,179096882148600
"""Gabe @ 9mpVPy0oPx"" checks",2026-10-02T19:20:17.627Z,179096881762700
"Flop:  [5♥, 6♠, 4♠]",2026-10-02T19:20:15.242Z,179096881524200
"""jaaaaaaan @ O6Q78KIRx-"" calls 2.25",2026-10-02T19:20:14.435Z,179096881443500
"""dih @ GO72Iwd2XL"" calls 2.25",2026-10-02T19:20:13.106Z,179096881310600
"""Gabe @ 9mpVPy0oPx"" raises to 2.25",2026-10-02T19:20:10.732Z,179096881073200
"""Will @ h_ZrezeXHs"" folds",2026-10-02T19:20:08.563Z,179096880856300
"""BransonW @ -thFwNBkz6"" folds",2026-10-02T19:20:07.634Z,179096880763400
"""jaaaaaaan @ O6Q78KIRx-"" calls 0.50",2026-10-02T19:20:06.679Z,179096880667900
"""dih @ GO72Iwd2XL"" calls 0.50",2026-10-02T19:20:05.303Z,179096880530300
"""rowan @ GthBpPSqaK"" folds",2026-10-02T19:20:03.818Z,179096880381800
"""Cameron(ryan) @ eWUSzBpS1d"" folds",2026-10-02T19:20:02.924Z,179096880292400
"""sul @ thk9cMWm9U"" folds",2026-10-02T19:19:50.806Z,179096879080600
"""Gabe @ 9mpVPy0oPx"" posts a big blind of 0.50",2026-10-02T19:19:49.190Z,179096878919011
"""Will @ h_ZrezeXHs"" posts a small blind of 0.25",2026-10-02T19:19:49.190Z,179096878919010
"Your hand is 6♦, 4♣",2026-10-02T19:19:49.190Z,179096878919002
"Player stacks: #1 ""Cameron(ryan) @ eWUSzBpS1d"" (68.58) | #2 ""rowan @ GthBpPSqaK"" (143.29) | #3 ""dih @ GO72Iwd2XL"" (78.85) | #5 ""jaaaaaaan @ O6Q78KIRx-"" (48.21) | #6 ""BransonW @ -thFwNBkz6"" (62.16) | #7 ""Will @ h_ZrezeXHs"" (196.94) | #9 ""Gabe @ 9mpVPy0oPx"" (87.64) | #10 ""sul @ thk9cMWm9U"" (74.27)",2026-10-02T19:19:49.190Z,179096878919001
"-- starting hand #156 (id: ztsavcoe6ulh)  No Limit Texas Hold'em (dealer: ""BransonW @ -thFwNBkz6"") --",2026-10-02T19:19:49.190Z,179096878919000
"""dih @ GO72Iwd2XL"" shows a K♣, K♠.",2026-10-02T19:19:43.643Z,179096878364300
"-- ending hand #155 --",2026-10-02T19:19:42.586Z,179096878258602
"""dih @ GO72Iwd2XL"" collected 25.50 from pot",2026-10-02T19:19:42.586Z,179096878258601
"Uncalled bet of 12.75 returned to ""dih @ GO72Iwd2XL""",2026-10-02T19:19:42.586Z,179096878258600
"""rowan @ GthBpPSqaK"" folds",2026-10-02T19:19:41.752Z,179096878175200
"""sul @ thk9cMWm9U"" folds",2026-10-02T19:19:37.021Z,179096877702100
"""Gabe @ 9mpVPy0oPx"" folds",2026-10-02T19:19:36.145Z,179096877614500
"""BransonW @ -thFwNBkz6"" folds",2026-10-02T19:19:34.646Z,179096877464600
"""dih @ GO72Iwd2XL"" bets 12.75",2026-10-02T19:19:33.575Z,179096877357500
"""rowan @ GthBpPSqaK"" checks",2026-10-02T19:19:28.104Z,179096876810400
"""sul @ thk9cMWm9U"" checks",2026-10-02T19:19:27.075Z,179096876707500
"""Gabe @ 9mpVPy0oPx"" checks",2026-10-02T19:19:26.239Z,179096876623900
"""BransonW @ -thFwNBkz6"" checks",2026-10-02T19:19:24.756Z,179096876475600
"Flop:  [10♦, A♠, 9♦]",2026-10-02T19:19:22.151Z,179096876215100
"""rowan @ GthBpPSqaK"" calls 5.00",2026-10-02T19:19:21.303Z,179096876130300
"""sul @ thk9cMWm9U"" calls 5.00",2026-10-02T19:19:19.562Z,179096875956200
"""Gabe @ 9mpVPy0oPx"" calls 5.00",2026-10-02T19:19:18.312Z,179096875831200
"""Will @ h_ZrezeXHs"" folds",2026-10-02T19:19:16.995Z,179096875699500
"""BransonW @ -thFwNBkz6"" calls 5.00",2026-10-02T19:19:12.307Z,179096875230700
"""jaaaaaaan @ O6Q78KIRx-"" folds",2026-10-02T19:19:09.497Z,179096874949700
"""dih @ GO72Iwd2XL"" raises to 5.00",2026-10-02T19:19:07.825Z,179096874782500
"""rowan @ GthBpPSqaK"" calls 1.75",2026-10-02T19:19:01.731Z,179096874173100
"""Cameron(ryan) @ eWUSzBpS1d"" folds",2026-10-02T19:19:00.795Z,179096874079500
"""sul @ thk9cMWm9U"" calls 1.75",2026-10-02T19:18:59.947Z,179096873994700
"""Gabe @ 9mpVPy0oPx"" raises to 1.75",2026-10-02T19:18:58.117Z,179096873811700
"""Will @ h_ZrezeXHs"" posts a big blind of 0.50",2026-10-02T19:18:55.288Z,179096873528811
"""BransonW @ -thFwNBkz6"" posts a small blind of 0.25",2026-10-02T19:18:55.288Z,179096873528810
"Your hand is 8♥, 4♦",2026-10-02T19:18:55.288Z,179096873528802
"Player stacks: #1 ""Cameron(ryan) @ eWUSzBpS1d"" (68.58) | #2 ""rowan @ GthBpPSqaK"" (148.29) | #3 ""dih @ GO72Iwd2XL"" (58.35) | #5 ""jaaaaaaan @ O6Q78KIRx-"" (48.21) | #6 ""BransonW @ -thFwNBkz6"" (67.16) | #7 ""Will @ h_ZrezeXHs"" (197.44) | #9 ""Gabe @ 9mpVPy0oPx"" (92.64) | #10 ""sul @ thk9cMWm9U"" (79.27)",2026-10-02T19:18:55.288Z,179096873528801
"-- starting hand #155 (id: i88zeothb3y5)  No Limit Texas Hold'em (dealer: ""jaaaaaaan @ O6Q78KIRx-"") --",2026-10-02T19:18:55.288Z,179096873528800
"Undealt cards: 5♠, 4♣, 3♣, 8♥ [A♦]",2026-10-02T19:18:50.105Z,179096873010500
"-- ending hand #154 --",2026-10-02T19:18:49.356Z,179096872935602
"""Will @ h_ZrezeXHs"" collected 11.25 from pot",2026-10-02T19:18:49.356Z,179096872935601
"Uncalled bet of 5.62 returned to ""Will @ h_ZrezeXHs""",2026-10-02T19:18:49.356Z,179096872935600
"""Gabe @ 9mpVPy0oPx"" folds",2026-10-02T19:18:48.526Z,179096872852600
"""Will @ h_ZrezeXHs"" bets 5.62",2026-10-02T19:18:29.486Z,179096870948600
"Turn: 5♠, 4♣, 3♣ [8♥]",2026-10-02T19:18:20.130Z,179096870013000
"""Gabe @ 9mpVPy0oPx"" checks",2026-10-02T19:18:19.316Z,179096869931600
"""Will @ h_ZrezeXHs"" checks",2026-10-02T19:18:17.787Z,179096869778700
"Flop:  [5♠, 4♣, 3♣]",2026-10-02T19:18:16.306Z,179096869630600
"""Will @ h_ZrezeXHs"" calls 5.25",2026-10-02T19:18:15.473Z,179096869547300
"""BransonW @ -thFwNBkz6"" folds",2026-10-02T19:18:13.995Z,179096869399500
"""jaaaaaaan @ O6Q78KIRx-"" folds",2026-10-02T19:18:09.122Z,179096868912200
"""dih @ GO72Iwd2XL"" folds",2026-10-02T19:18:06.835Z,179096868683500
"""rowan @ GthBpPSqaK"" folds",2026-10-02T19:18:05.880Z,179096868588000
"""Cameron(ryan) @ eWUSzBpS1d"" folds",2026-10-02T19:18:05.018Z,179096868501800
"""sul @ thk9cMWm9U"" folds",2026-10-02T19:18:00.470Z,179096868047000
"""Gabe @ 9mpVPy0oPx"" raises to 5.25",2026-10-02T19:17:57.663Z,179096867766300
"""Will @ h_ZrezeXHs"" raises to 1.50",2026-10-02T19:17:52.051Z,179096867205100
"""BransonW @ -thFwNBkz6"" posts a big blind of 0.50",2026-10-02T19:17:45.359Z,179096866535911
"""jaaaaaaan @ O6Q78KIRx-"" posts a small blind of 0.25",2026-10-02T19:17:45.359Z,179096866535910
"Your hand is 7♣, A♥",2026-10-02T19:17:45.359Z,179096866535902
"Player stacks: #1 ""Cameron(ryan) @ eWUSzBpS1d"" (68.58) | #2 ""rowan @ GthBpPSqaK"" (148.29) | #3 ""dih @ GO72Iwd2XL"" (58.35) | #5 ""jaaaaaaan @ O6Q78KIRx-"" (48.46) | #6 ""BransonW @ -thFwNBkz6"" (67.66) | #7 ""Will @ h_ZrezeXHs"" (191.44) | #9 ""Gabe @ 9mpVPy0oPx"" (97.89) | #10 ""sul @ thk9cMWm9U"" (79.27)",2026-10-02T19:17:45.359Z,179096866535901
"-- starting hand #154 (id: 199lbv5w6cjv)  No Limit Texas Hold'em (dealer: ""dih @ GO72Iwd2XL"") --",2026-10-02T19:17:45.359Z,179096866535900
"-- ending hand #153 --",2026-10-02T19:17:39.354Z,179096865935403
"""rowan @ GthBpPSqaK"" collected 20.00 from pot with Two Pair, 8's & 3's (combination: J♣, 3♠, 3♦, 8♥, 8♣)",2026-10-02T19:17:39.354Z,179096865935402
"""rowan @ GthBpPSqaK"" shows a J♣, 8♥.",2026-10-02T19:17:39.354Z,179096865935401
"""jaaaaaaan @ O6Q78KIRx-"" shows a 6♦, 6♥.",2026-10-02T19:17:39.354Z,179096865935400
"""rowan @ GthBpPSqaK"" checks",2026-10-02T19:17:38.532Z,179096865853200
"""jaaaaaaan @ O6Q78KIRx-"" checks",2026-10-02T19:17:37.158Z,179096865715800
"River: 4♥, 8♣, 3♠, 3♦ [5♥]",2026-10-02T19:17:31.563Z,179096865156300
"""jaaaaaaan @ O6Q78KIRx-"" calls 4.50",2026-10-02T19:17:30.754Z,179096865075400
"""rowan @ GthBpPSqaK"" bets 4.50",2026-10-02T19:17:28.158Z,179096864815800
"""jaaaaaaan @ O6Q78KIRx-"" checks",2026-10-02T19:17:23.841Z,179096864384100
"Turn: 4♥, 8♣, 3♠ [3♦]",2026-10-02T19:17:21.460Z,179096864146000
"""Gabe @ 9mpVPy0oPx"" folds",2026-10-02T19:17:20.651Z,179096864065100
"""jaaaaaaan @ O6Q78KIRx-"" calls 2.75",2026-10-02T19:17:19.029Z,179096863902900
"""rowan @ GthBpPSqaK"" bets 2.75",2026-10-02T19:17:17.183Z,179096863718300
"""Gabe @ 9mpVPy0oPx"" checks",2026-10-02T19:17:15.020Z,179096863502000
"""jaaaaaaan @ O6Q78KIRx-"" checks",2026-10-02T19:17:11.546Z,179096863154600
"Flop:  [4♥, 8♣, 3♠]",2026-10-02T19:17:10.377Z,179096863037700
"""jaaaaaaan @ O6Q78KIRx-"" calls 1.75",2026-10-02T19:17:09.535Z,179096862953500
"""dih @ GO72Iwd2XL"" folds",2026-10-02T19:17:01.226Z,179096862122600
"""rowan @ GthBpPSqaK"" calls 1.75",2026-10-02T19:17:00.180Z,179096862018000
"""Cameron(ryan) @ eWUSzBpS1d"" folds",2026-10-02T19:16:59.166Z,179096861916600
"""sul @ thk9cMWm9U"" folds",2026-10-02T19:16:58.300Z,179096861830000
"""Gabe @ 9mpVPy0oPx"" raises to 1.75",2026-10-02T19:16:57.370Z,179096861737000
"""Will @ h_ZrezeXHs"" folds",2026-10-02T19:16:54.840Z,179096861484000
"""BransonW @ -thFwNBkz6"" folds",2026-10-02T19:16:50.008Z,179096861000800
"""jaaaaaaan @ O6Q78KIRx-"" posts a big blind of 0.50",2026-10-02T19:16:48.854Z,179096860885411
"""dih @ GO72Iwd2XL"" posts a small blind of 0.25",2026-10-02T19:16:48.854Z,179096860885410
"Your hand is 5♠, 9♣",2026-10-02T19:16:48.854Z,179096860885402
"Player stacks: #1 ""Cameron(ryan) @ eWUSzBpS1d"" (68.58) | #2 ""rowan @ GthBpPSqaK"" (137.29) | #3 ""dih @ GO72Iwd2XL"" (58.60) | #5 ""jaaaaaaan @ O6Q78KIRx-"" (57.46) | #6 ""BransonW @ -thFwNBkz6"" (67.66) | #7 ""Will @ h_ZrezeXHs"" (191.44) | #9 ""Gabe @ 9mpVPy0oPx"" (99.64) | #10 ""sul @ thk9cMWm9U"" (79.27)",2026-10-02T19:16:48.854Z,179096860885401
"-- starting hand #153 (id: a073wl1zmcsp)  No Limit Texas Hold'em (dealer: ""rowan @ GthBpPSqaK"") --",2026-10-02T19:16:48.854Z,179096860885400
"Undealt cards: 7♦, Q♥, Q♠ [A♦, 4♠]",2026-10-02T19:16:43.122Z,179096860312200
"-- ending hand #152 --",2026-10-02T19:16:42.853Z,179096860285302
"""BransonW @ -thFwNBkz6"" collected 9.25 from pot",2026-10-02T19:16:42.853Z,179096860285301
"Uncalled bet of 4.62 returned to ""BransonW @ -thFwNBkz6""",2026-10-02T19:16:42.853Z,179096860285300
"""jaaaaaaan @ O6Q78KIRx-"" folds",2026-10-02T19:16:41.969Z,179096860196900
"""dih @ GO72Iwd2XL"" folds",2026-10-02T19:16:41.113Z,179096860111300
"""Cameron(ryan) @ eWUSzBpS1d"" folds",2026-10-02T19:16:40.221Z,179096860022100
"""BransonW @ -thFwNBkz6"" bets 4.62",2026-10-02T19:16:16.587Z,179096857658700
"""jaaaaaaan @ O6Q78KIRx-"" checks",2026-10-02T19:16:05.220Z,179096856522000
"""dih @ GO72Iwd2XL"" checks",2026-10-02T19:16:04.288Z,179096856428800
"Flop:  [7♦, Q♥, Q♠]",2026-10-02T19:16:01.232Z,179096856123200
"""jaaaaaaan @ O6Q78KIRx-"" calls 2.25",2026-10-02T19:16:00.347Z,179096856034700
"""dih @ GO72Iwd2XL"" calls 2.25",2026-10-02T19:15:55.780Z,179096855578000
"""rowan @ GthBpPSqaK"" folds",2026-10-02T19:15:53.514Z,179096855351400
"""Cameron(ryan) @ eWUSzBpS1d"" calls 2.25",2026-10-02T19:15:52.646Z,179096855264600
"""sul @ thk9cMWm9U"" folds",2026-10-02T19:15:51.332Z,179096855133200
"""Gabe @ 9mpVPy0oPx"" folds",2026-10-02T19:15:50.473Z,179096855047300
"""Will @ h_ZrezeXHs"" folds",2026-10-02T19:15:48.950Z,179096854895000
"""BransonW @ -thFwNBkz6"" raises to 2.25",2026-10-02T19:15:48.062Z,179096854806200
"""jaaaaaaan @ O6Q78KIRx-"" calls 0.50",2026-10-02T19:15:42.022Z,179096854202200
"""dih @ GO72Iwd2XL"" posts a big blind of 0.50",2026-10-02T19:15:32.969Z,179096853296915
"""rowan @ GthBpPSqaK"" posts a small blind of 0.25",2026-10-02T19:15:32.969Z,179096853296914
"Your hand is 6♦, 6♥",2026-10-02T19:15:32.969Z,179096853296906
"Player stacks: #1 ""Cameron(ryan) @ eWUSzBpS1d"" (70.83) | #2 ""rowan @ GthBpPSqaK"" (137.54) | #3 ""dih @ GO72Iwd2XL"" (60.85) | #5 ""jaaaaaaan @ O6Q78KIRx-"" (59.71) | #6 ""BransonW @ -thFwNBkz6"" (60.66) | #7 ""Will @ h_ZrezeXHs"" (191.44) | #9 ""Gabe @ 9mpVPy0oPx"" (99.64) | #10 ""sul @ thk9cMWm9U"" (79.27)",2026-10-02T19:15:32.969Z,179096853296905
"-- starting hand #152 (id: kkodmpuhnlts)  No Limit Texas Hold'em (dealer: ""Cameron(ryan) @ eWUSzBpS1d"") --",2026-10-02T19:15:32.969Z,179096853296904
"The game's ante was changed from 0.00 to 0.00.",2026-10-02T19:15:32.969Z,179096853296903
"The game's big blind was changed from 0.20 to 0.50.",2026-10-02T19:15:32.969Z,179096853296902
"The game's small blind was changed from 0.10 to 0.25.",2026-10-02T19:15:32.969Z,179096853296901
"Game Config Changes
* Blind Schedule: L1: 10/20 » L1: 25/50
* 7-2 bounty: 40 » 100
* Restart Blind Schedule at Level: none » 1",2026-10-02T19:15:32.969Z,179096853296900
"Undealt cards: K♦, 4♣, J♥ [Q♠, 5♣]",2026-10-02T19:15:28.279Z,179096852827900
"-- ending hand #151 --",2026-10-02T19:15:26.975Z,179096852697502
"""sul @ thk9cMWm9U"" collected 13.70 from pot",2026-10-02T19:15:26.975Z,179096852697501
"Uncalled bet of 6.65 returned to ""sul @ thk9cMWm9U""",2026-10-02T19:15:26.975Z,179096852697500
"""BransonW @ -thFwNBkz6"" folds",2026-10-02T19:15:26.143Z,179096852614300
"""sul @ thk9cMWm9U"" bets 6.65",2026-10-02T19:15:21.869Z,179096852186900
"""BransonW @ -thFwNBkz6"" checks",2026-10-02T19:14:50.140Z,179096849014000
"Flop:  [K♦, 4♣, J♥]",2026-10-02T19:14:45.257Z,179096848525700
"""Gabe @ 9mpVPy0oPx"" folds",2026-10-02T19:14:44.379Z,179096848437900
"""BransonW @ -thFwNBkz6"" calls 5.50",2026-10-02T19:14:37.673Z,179096847767300
"""jaaaaaaan @ O6Q78KIRx-"" folds",2026-10-02T19:14:30.534Z,179096847053400
"""rowan @ GthBpPSqaK"" folds",2026-10-02T19:14:27.799Z,179096846779900
"""Cameron(ryan) @ eWUSzBpS1d"" folds",2026-10-02T19:14:26.904Z,179096846690400
"""sul @ thk9cMWm9U"" raises to 5.50",2026-10-02T19:14:26.048Z,179096846604800
"""Gabe @ 9mpVPy0oPx"" raises to 2.20",2026-10-02T19:14:11.774Z,179096845177400
"""Will @ h_ZrezeXHs"" folds",2026-10-02T19:14:07.383Z,179096844738300
"""BransonW @ -thFwNBkz6"" raises to 0.90",2026-10-02T19:14:05.656Z,179096844565600
"""jaaaaaaan @ O6Q78KIRx-"" calls 0.20",2026-10-02T19:13:44.536Z,179096842453600
"""dih @ GO72Iwd2XL"" folds",2026-10-02T19:13:19.772Z,179096839977200
"""rowan @ GthBpPSqaK"" posts a big blind of 0.20",2026-10-02T19:13:15.690Z,179096839569011
"""Cameron(ryan) @ eWUSzBpS1d"" posts a small blind of 0.10",2026-10-02T19:13:15.690Z,179096839569010
"Your hand is 3♦, 8♣",2026-10-02T19:13:15.690Z,179096839569002
"Player stacks: #1 ""Cameron(ryan) @ eWUSzBpS1d"" (70.93) | #2 ""rowan @ GthBpPSqaK"" (137.74) | #3 ""dih @ GO72Iwd2XL"" (60.85) | #5 ""jaaaaaaan @ O6Q78KIRx-"" (59.91) | #6 ""BransonW @ -thFwNBkz6"" (66.16) | #7 ""Will @ h_ZrezeXHs"" (191.44) | #9 ""Gabe @ 9mpVPy0oPx"" (101.84) | #10 ""sul @ thk9cMWm9U"" (71.07)",2026-10-02T19:13:15.690Z,179096839569001
"-- starting hand #151 (id: 8vbfferf60bz)  No Limit Texas Hold'em (dealer: ""sul @ thk9cMWm9U"") --",2026-10-02T19:13:15.690Z,179096839569000
"""rowan @ GthBpPSqaK"" shows a 4♥, 2♣.",2026-10-02T19:13:12.440Z,179096839244000
"-- ending hand #150 --",2026-10-02T19:13:12.060Z,179096839206002
"""rowan @ GthBpPSqaK"" collected 23.00 from pot",2026-10-02T19:13:12.060Z,179096839206001
"Uncalled bet of 11.50 returned to ""rowan @ GthBpPSqaK""",2026-10-02T19:13:12.060Z,179096839206000
"""dih @ GO72Iwd2XL"" folds",2026-10-02T19:13:11.213Z,179096839121300
"""rowan @ GthBpPSqaK"" bets 11.50",2026-10-02T19:13:08.752Z,179096838875200
"River: A♦, 6♥, 3♠, 5♠ [5♣]",2026-10-02T19:13:02.603Z,179096838260300
"""Gabe @ 9mpVPy0oPx"" folds",2026-10-02T19:13:01.585Z,179096838158500
"""dih @ GO72Iwd2XL"" calls 5.75",2026-10-02T19:12:57.227Z,179096837722700
"""rowan @ GthBpPSqaK"" bets 5.75",2026-10-02T19:12:47.075Z,179096836707500
"Turn: A♦, 6♥, 3♠ [5♠]",2026-10-02T19:12:42.449Z,179096836244900
"""dih @ GO72Iwd2XL"" calls 2.30",2026-10-02T19:12:41.639Z,179096836163900
"""rowan @ GthBpPSqaK"" calls 2.30",2026-10-02T19:12:38.099Z,179096835809900
"""sul @ thk9cMWm9U"" folds",2026-10-02T19:12:37.105Z,179096835710500
"""Gabe @ 9mpVPy0oPx"" bets 2.30",2026-10-02T19:12:33.377Z,179096835337700
"""dih @ GO72Iwd2XL"" checks",2026-10-02T19:12:30.776Z,179096835077600
"""rowan @ GthBpPSqaK"" checks",2026-10-02T19:12:29.343Z,179096834934300
"""sul @ thk9cMWm9U"" checks",2026-10-02T19:12:28.079Z,179096834807900
"Flop:  [A♦, 6♥, 3♠]",2026-10-02T19:12:26.354Z,179096834635400
"""dih @ GO72Iwd2XL"" calls 1.10",2026-10-02T19:12:25.529Z,179096834552900
"""rowan @ GthBpPSqaK"" calls 1.10",2026-10-02T19:12:20.025Z,179096834002500
"""Cameron(ryan) @ eWUSzBpS1d"" folds",2026-10-02T19:12:14.995Z,179096833499500
"""sul @ thk9cMWm9U"" calls 1.10",2026-10-02T19:12:14.139Z,179096833413900
"""Gabe @ 9mpVPy0oPx"" raises to 1.10",2026-10-02T19:12:10.898Z,179096833089800
"""Will @ h_ZrezeXHs"" folds",2026-10-02T19:12:08.165Z,179096832816500
"""BransonW @ -thFwNBkz6"" folds",2026-10-02T19:12:07.262Z,179096832726200
"""jaaaaaaan @ O6Q78KIRx-"" folds",2026-10-02T19:12:06.375Z,179096832637500
"""dih @ GO72Iwd2XL"" calls 0.20",2026-10-02T19:11:56.240Z,179096831624000
"""rowan @ GthBpPSqaK"" calls 0.20",2026-10-02T19:11:43.858Z,179096830385800
"""Cameron(ryan) @ eWUSzBpS1d"" posts a big blind of 0.20",2026-10-02T19:11:42.070Z,179096830207013
"""sul @ thk9cMWm9U"" posts a small blind of 0.10",2026-10-02T19:11:42.070Z,179096830207012
"Your hand is 3♥, 6♦",2026-10-02T19:11:42.070Z,179096830207004
"Player stacks: #1 ""Cameron(ryan) @ eWUSzBpS1d"" (71.13) | #2 ""rowan @ GthBpPSqaK"" (123.89) | #3 ""dih @ GO72Iwd2XL"" (70.00) | #5 ""jaaaaaaan @ O6Q78KIRx-"" (59.91) | #6 ""BransonW @ -thFwNBkz6"" (66.16) | #7 ""Will @ h_ZrezeXHs"" (191.44) | #9 ""Gabe @ 9mpVPy0oPx"" (105.24) | #10 ""sul @ thk9cMWm9U"" (72.17)",2026-10-02T19:11:42.070Z,179096830207003
"-- starting hand #150 (id: omrzrignxyqw)  No Limit Texas Hold'em (dealer: ""Gabe @ 9mpVPy0oPx"") --",2026-10-02T19:11:42.070Z,179096830207002
"The player ""Heech @ wzsls5Sz57"" quits the game with a stack of 0.00.",2026-10-02T19:11:42.070Z,179096830207001
"The player ""dih @ GO72Iwd2XL"" rebought. New stack 70.00.",2026-10-02T19:11:42.070Z,179096830207000
"Waiting for the game owner to approve or reject pending rebuy requests.",2026-10-02T19:11:41.204Z,179096830120401
"The player ""dih @ GO72Iwd2XL"" requested a rebuy of 70.00.",2026-10-02T19:11:41.204Z,179096830120400
"Asking to busted players the rebuy decision.",2026-10-02T19:11:36.061Z,179096829606100
"-- ending hand #149 --",2026-10-02T19:11:30.013Z,179096829001302
"""Cameron(ryan) @ eWUSzBpS1d"" collected 16.66 from pot with Three of a Kind, Q's (combination: 8♣, A♣, Q♥, Q♦, Q♠)",2026-10-02T19:11:30.013Z,179096829001301
"""Cameron(ryan) @ eWUSzBpS1d"" collected 28.80 from pot with Three of a Kind, Q's (combination: 8♣, A♣, Q♥, Q♦, Q♠)",2026-10-02T19:11:30.013Z,179096829001300
"River: 3♠, 8♣, Q♦, 5♠ [Q♠]",2026-10-02T19:11:26.002Z,179096828600200
"Turn: 3♠, 8♣, Q♦ [5♠]",2026-10-02T19:11:21.983Z,179096828198300
"Flop:  [3♠, 8♣, Q♦]",2026-10-02T19:11:17.980Z,179096827798000
"""Heech @ wzsls5Sz57"" shows a J♦, 4♦.",2026-10-02T19:11:13.978Z,179096827397802
"""dih @ GO72Iwd2XL"" shows a 2♣, 7♣.",2026-10-02T19:11:13.978Z,179096827397801
"""Cameron(ryan) @ eWUSzBpS1d"" shows a Q♥, A♣.",2026-10-02T19:11:13.978Z,179096827397800
"Some players choose to not run it twice.",2026-10-02T19:11:13.161Z,179096827316101
"""dih @ GO72Iwd2XL"" chooses to not run it twice.",2026-10-02T19:11:13.161Z,179096827316100
"""Heech @ wzsls5Sz57"" chooses to  run it twice.",2026-10-02T19:11:11.743Z,179096827174300
"""Cameron(ryan) @ eWUSzBpS1d"" chooses to  run it twice.",2026-10-02T19:11:10.858Z,179096827085800
"Remaining players decide whether to run it twice.",2026-10-02T19:11:10.314Z,179096827031401
"""Cameron(ryan) @ eWUSzBpS1d"" calls 17.83",2026-10-02T19:11:10.314Z,179096827031400
"""sul @ thk9cMWm9U"" folds",2026-10-02T19:11:08.216Z,179096826821600
"""Gabe @ 9mpVPy0oPx"" folds",2026-10-02T19:11:07.346Z,179096826734600
"""Will @ h_ZrezeXHs"" folds",2026-10-02T19:11:06.439Z,179096826643900
"""BransonW @ -thFwNBkz6"" folds",2026-10-02T19:11:05.517Z,179096826551700
"""jaaaaaaan @ O6Q78KIRx-"" folds",2026-10-02T19:11:04.531Z,179096826453100
"""Heech @ wzsls5Sz57"" calls 9.50 and go all in",2026-10-02T19:10:55.966Z,179096825596600
"""dih @ GO72Iwd2XL"" raises to 17.83 and go all in",2026-10-02T19:10:40.424Z,179096824042400
"""rowan @ GthBpPSqaK"" folds",2026-10-02T19:10:38.599Z,179096823859900
"""Cameron(ryan) @ eWUSzBpS1d"" raises to 1.10",2026-10-02T19:10:37.721Z,179096823772100
"""sul @ thk9cMWm9U"" posts a big blind of 0.20",2026-10-02T19:10:30.459Z,179096823045912
"""Gabe @ 9mpVPy0oPx"" posts a small blind of 0.10",2026-10-02T19:10:30.459Z,179096823045911
"Your hand is Q♥, A♣",2026-10-02T19:10:30.459Z,179096823045902
"Player stacks: #1 ""Cameron(ryan) @ eWUSzBpS1d"" (43.50) | #2 ""rowan @ GthBpPSqaK"" (123.89) | #3 ""dih @ GO72Iwd2XL"" (17.83) | #4 ""Heech @ wzsls5Sz57"" (9.50) | #5 ""jaaaaaaan @ O6Q78KIRx-"" (59.91) | #6 ""BransonW @ -thFwNBkz6"" (66.16) | #7 ""Will @ h_ZrezeXHs"" (191.44) | #9 ""Gabe @ 9mpVPy0oPx"" (105.34) | #10 ""sul @ thk9cMWm9U"" (72.37)",2026-10-02T19:10:30.459Z,179096823045901
"-- starting hand #149 (id: wzchseh8eq0h)  No Limit Texas Hold'em (dealer: ""Will @ h_ZrezeXHs"") --",2026-10-02T19:10:30.459Z,179096823045900
"""dih @ GO72Iwd2XL"" shows a K♠.",2026-10-02T19:10:25.776Z,179096822577600
"""dih @ GO72Iwd2XL"" shows a A♥.",2026-10-02T19:10:25.295Z,179096822529500
"-- ending hand #148 --",2026-10-02T19:10:23.911Z,179096822391102
"""BransonW @ -thFwNBkz6"" collected 49.50 from pot with Flush, A High (combination: 5♣, 6♣, 7♣, 8♣, A♣)",2026-10-02T19:10:23.911Z,179096822391101
"""BransonW @ -thFwNBkz6"" shows a 7♣, 6♣.",2026-10-02T19:10:23.911Z,179096822391100
"""dih @ GO72Iwd2XL"" calls 19.80",2026-10-02T19:10:23.095Z,179096822309500
"""BransonW @ -thFwNBkz6"" raises to 19.80",2026-10-02T19:10:19.896Z,179096821989600
"""dih @ GO72Iwd2XL"" bets 9.90",2026-10-02T19:10:12.130Z,179096821213000
"River: 5♦, 10♥, 8♣, 5♣ [A♣]",2026-10-02T19:10:02.300Z,179096820230000
"""BransonW @ -thFwNBkz6"" checks",2026-10-02T19:10:01.401Z,179096820140100
"""dih @ GO72Iwd2XL"" checks",2026-10-02T19:09:58.908Z,179096819890800
"Turn: 5♦, 10♥, 8♣ [5♣]",2026-10-02T19:09:55.441Z,179096819544100
"""BransonW @ -thFwNBkz6"" calls 3.30",2026-10-02T19:09:54.580Z,179096819458000
"""Heech @ wzsls5Sz57"" folds",2026-10-02T19:09:50.749Z,179096819074900
"""dih @ GO72Iwd2XL"" bets 3.30",2026-10-02T19:09:36.247Z,179096817624700
"Flop:  [5♦, 10♥, 8♣]",2026-10-02T19:09:29.560Z,179096816956000
"""Gabe @ 9mpVPy0oPx"" folds",2026-10-02T19:09:28.670Z,179096816867000
"""Will @ h_ZrezeXHs"" folds",2026-10-02T19:09:22.118Z,179096816211800
"""BransonW @ -thFwNBkz6"" calls 1.00",2026-10-02T19:09:21.251Z,179096816125100
"""jaaaaaaan @ O6Q78KIRx-"" folds",2026-10-02T19:09:18.675Z,179096815867500
"""Heech @ wzsls5Sz57"" calls 1.00",2026-10-02T19:09:17.723Z,179096815772300
"""dih @ GO72Iwd2XL"" raises to 1.00",2026-10-02T19:09:15.891Z,179096815589100
"""rowan @ GthBpPSqaK"" folds",2026-10-02T19:09:08.942Z,179096814894200
"""Cameron(ryan) @ eWUSzBpS1d"" folds",2026-10-02T19:09:08.079Z,179096814807900
"""sul @ thk9cMWm9U"" folds",2026-10-02T19:09:07.230Z,179096814723000
"""Gabe @ 9mpVPy0oPx"" posts a big blind of 0.20",2026-10-02T19:09:05.215Z,179096814521512
"""Will @ h_ZrezeXHs"" posts a small blind of 0.10",2026-10-02T19:09:05.215Z,179096814521511
"Your hand is 2♣, 4♥",2026-10-02T19:09:05.215Z,179096814521502
"Player stacks: #1 ""Cameron(ryan) @ eWUSzBpS1d"" (43.50) | #2 ""rowan @ GthBpPSqaK"" (123.89) | #3 ""dih @ GO72Iwd2XL"" (41.93) | #4 ""Heech @ wzsls5Sz57"" (10.50) | #5 ""jaaaaaaan @ O6Q78KIRx-"" (59.91) | #6 ""BransonW @ -thFwNBkz6"" (40.76) | #7 ""Will @ h_ZrezeXHs"" (191.54) | #9 ""Gabe @ 9mpVPy0oPx"" (105.54) | #10 ""sul @ thk9cMWm9U"" (72.37)",2026-10-02T19:09:05.215Z,179096814521501
"-- starting hand #148 (id: gznyesswixfz)  No Limit Texas Hold'em (dealer: ""BransonW @ -thFwNBkz6"") --",2026-10-02T19:09:05.215Z,179096814521500
"""Cameron(ryan) @ eWUSzBpS1d"" shows a 4♠, 4♥.",2026-10-02T19:08:59.833Z,179096813983300
"-- ending hand #147 --",2026-10-02T19:08:58.679Z,179096813867902
"""Will @ h_ZrezeXHs"" collected 22.00 from pot with Pair, Q's (combination: 10♠, J♦, A♥, Q♥, Q♣)",2026-10-02T19:08:58.679Z,179096813867901
"""Will @ h_ZrezeXHs"" shows a A♥, Q♥.",2026-10-02T19:08:58.679Z,179096813867900
"""dih @ GO72Iwd2XL"" folds",2026-10-02T19:08:57.867Z,179096813786700
"""Cameron(ryan) @ eWUSzBpS1d"" checks",2026-10-02T19:08:54.170Z,179096813417000
"""Will @ h_ZrezeXHs"" checks",2026-10-02T19:08:53.317Z,179096813331700
"River: J♦, 3♦, 10♠, 6♠ [Q♣]",2026-10-02T19:08:51.377Z,179096813137700
"""dih @ GO72Iwd2XL"" checks",2026-10-02T19:08:50.558Z,179096813055800
"""Cameron(ryan) @ eWUSzBpS1d"" checks",2026-10-02T19:08:47.548Z,179096812754800
"""Will @ h_ZrezeXHs"" checks",2026-10-02T19:08:46.030Z,179096812603000
"Turn: J♦, 3♦, 10♠ [6♠]",2026-10-02T19:08:44.767Z,179096812476700
"""dih @ GO72Iwd2XL"" checks",2026-10-02T19:08:43.942Z,179096812394200
"""Cameron(ryan) @ eWUSzBpS1d"" checks",2026-10-02T19:08:42.093Z,179096812209300
"""Will @ h_ZrezeXHs"" checks",2026-10-02T19:08:41.046Z,179096812104600
"Flop:  [J♦, 3♦, 10♠]",2026-10-02T19:08:39.328Z,179096811932800
"""jaaaaaaan @ O6Q78KIRx-"" folds",2026-10-02T19:08:38.502Z,179096811850200
"""Heech @ wzsls5Sz57"" folds",2026-10-02T19:08:37.647Z,179096811764700
"""dih @ GO72Iwd2XL"" calls 6.50",2026-10-02T19:08:35.757Z,179096811575700
"""rowan @ GthBpPSqaK"" folds",2026-10-02T19:08:33.572Z,179096811357200
"""Cameron(ryan) @ eWUSzBpS1d"" calls 6.50",2026-10-02T19:08:32.713Z,179096811271300
"""Will @ h_ZrezeXHs"" raises to 6.50",2026-10-02T19:08:27.946Z,179096810794600
"""BransonW @ -thFwNBkz6"" folds",2026-10-02T19:08:20.960Z,179096810096000
"""jaaaaaaan @ O6Q78KIRx-"" calls 0.80",2026-10-02T19:08:20.010Z,179096810001000
"""Heech @ wzsls5Sz57"" calls 0.80",2026-10-02T19:08:18.938Z,179096809893800
"""dih @ GO72Iwd2XL"" calls 0.80",2026-10-02T19:08:14.481Z,179096809448100
"""rowan @ GthBpPSqaK"" calls 0.80",2026-10-02T19:08:08.529Z,179096808852900
"""Cameron(ryan) @ eWUSzBpS1d"" raises to 0.80",2026-10-02T19:08:07.618Z,179096808761800
"""sul @ thk9cMWm9U"" folds",2026-10-02T19:08:01.136Z,179096808113600
"""Gabe @ 9mpVPy0oPx"" folds",2026-10-02T19:07:57.020Z,179096807702000
"""Will @ h_ZrezeXHs"" posts a big blind of 0.20",2026-10-02T19:07:55.772Z,179096807577212
"""BransonW @ -thFwNBkz6"" posts a small blind of 0.10",2026-10-02T19:07:55.772Z,179096807577211
"Your hand is 4♠, 4♥",2026-10-02T19:07:55.772Z,179096807577202
"Player stacks: #1 ""Cameron(ryan) @ eWUSzBpS1d"" (50.00) | #2 ""rowan @ GthBpPSqaK"" (124.69) | #3 ""dih @ GO72Iwd2XL"" (48.43) | #4 ""Heech @ wzsls5Sz57"" (11.30) | #5 ""jaaaaaaan @ O6Q78KIRx-"" (60.71) | #6 ""BransonW @ -thFwNBkz6"" (40.86) | #7 ""Will @ h_ZrezeXHs"" (176.04) | #9 ""Gabe @ 9mpVPy0oPx"" (105.54) | #10 ""sul @ thk9cMWm9U"" (72.37)",2026-10-02T19:07:55.772Z,179096807577201
"-- starting hand #147 (id: hx9zn4jgy8sc)  No Limit Texas Hold'em (dealer: ""jaaaaaaan @ O6Q78KIRx-"") --",2026-10-02T19:07:55.772Z,179096807577200
"""Heech @ wzsls5Sz57"" shows a 3♠, 6♦.",2026-10-02T19:07:53.164Z,179096807316400
"-- ending hand #146 --",2026-10-02T19:07:49.154Z,179096806915402
"""jaaaaaaan @ O6Q78KIRx-"" collected 12.00 from pot",2026-10-02T19:07:49.154Z,179096806915401
"Uncalled bet of 8.60 returned to ""jaaaaaaan @ O6Q78KIRx-""",2026-10-02T19:07:49.154Z,179096806915400
"""sul @ thk9cMWm9U"" folds",2026-10-02T19:07:48.276Z,179096806827600
"""Gabe @ 9mpVPy0oPx"" folds",2026-10-02T19:07:46.423Z,179096806642300
"""BransonW @ -thFwNBkz6"" folds",2026-10-02T19:07:41.544Z,179096806154400
"""jaaaaaaan @ O6Q78KIRx-"" bets 8.60",2026-10-02T19:07:38.658Z,179096805865800
"Turn: 6♥, K♣, K♠ [9♦]",2026-10-02T19:07:31.976Z,179096805197600
"""sul @ thk9cMWm9U"" checks",2026-10-02T19:07:31.159Z,179096805115900
"""Gabe @ 9mpVPy0oPx"" checks",2026-10-02T19:07:30.132Z,179096805013200
"""BransonW @ -thFwNBkz6"" checks",2026-10-02T19:07:28.673Z,179096804867300
"""jaaaaaaan @ O6Q78KIRx-"" checks",2026-10-02T19:07:25.435Z,179096804543500
"Flop:  [6♥, K♣, K♠]",2026-10-02T19:07:22.534Z,179096804253400
"""Gabe @ 9mpVPy0oPx"" calls 3.00",2026-10-02T19:07:21.702Z,179096804170200
"""BransonW @ -thFwNBkz6"" calls 3.00",2026-10-02T19:07:19.194Z,179096803919400
"""jaaaaaaan @ O6Q78KIRx-"" calls 3.00",2026-10-02T19:07:16.729Z,179096803672900
"""Heech @ wzsls5Sz57"" folds",2026-10-02T19:07:13.900Z,179096803390000
"""dih @ GO72Iwd2XL"" folds",2026-10-02T19:06:37.000Z,179096799700000
"""rowan @ GthBpPSqaK"" folds",2026-10-02T19:06:36.129Z,179096799612900
"""Cameron(ryan) @ eWUSzBpS1d"" folds",2026-10-02T19:06:35.201Z,179096799520100
"""sul @ thk9cMWm9U"" raises to 3.00",2026-10-02T19:06:27.826Z,179096798782600
"""Gabe @ 9mpVPy0oPx"" raises to 0.70",2026-10-02T19:06:23.780Z,179096798378000
"""Will @ h_ZrezeXHs"" folds",2026-10-02T19:06:19.403Z,179096797940300
"""BransonW @ -thFwNBkz6"" posts a big blind of 0.20",2026-10-02T19:06:16.769Z,179096797676913
"""jaaaaaaan @ O6Q78KIRx-"" posts a small blind of 0.10",2026-10-02T19:06:16.769Z,179096797676912
"Your hand is 5♥, 10♦",2026-10-02T19:06:16.769Z,179096797676903
"Player stacks: #1 ""Cameron(ryan) @ eWUSzBpS1d"" (50.00) | #2 ""rowan @ GthBpPSqaK"" (124.69) | #3 ""dih @ GO72Iwd2XL"" (48.43) | #4 ""Heech @ wzsls5Sz57"" (11.30) | #5 ""jaaaaaaan @ O6Q78KIRx-"" (51.71) | #6 ""BransonW @ -thFwNBkz6"" (43.86) | #7 ""Will @ h_ZrezeXHs"" (176.04) | #9 ""Gabe @ 9mpVPy0oPx"" (108.54) | #10 ""sul @ thk9cMWm9U"" (75.37)",2026-10-02T19:06:16.769Z,179096797676902
"-- starting hand #146 (id: 4ut7ae99qsbo)  No Limit Texas Hold'em (dealer: ""Heech @ wzsls5Sz57"") --",2026-10-02T19:06:16.769Z,179096797676901
"The player ""Cameron(ryan) @ eWUSzBpS1d"" joined the game with a stack of 50.00.",2026-10-02T19:06:16.769Z,179096797676900
"""rowan @ GthBpPSqaK"" shows a Q♥, K♥.",2026-10-02T19:06:13.254Z,179096797325400
"""sul @ thk9cMWm9U"" shows a 10♣, 6♦.",2026-10-02T19:06:11.479Z,179096797147900
"-- ending hand #145 --",2026-10-02T19:06:09.759Z,179096796975902
"""Gabe @ 9mpVPy0oPx"" collected 66.65 from pot with Two Pair, A's & 10's (combination: 9♣, 10♦, 10♠, A♣, A♥)",2026-10-02T19:06:09.759Z,179096796975901
"""Gabe @ 9mpVPy0oPx"" shows a A♣, A♥.",2026-10-02T19:06:09.759Z,179096796975900
"""dih @ GO72Iwd2XL"" checks",2026-10-02T19:06:08.927Z,179096796892700
"""Gabe @ 9mpVPy0oPx"" checks",2026-10-02T19:06:06.837Z,179096796683700
"River: 2♦, 10♦, 6♠, 10♠ [9♣]",2026-10-02T19:06:03.423Z,179096796342300
"""Gabe @ 9mpVPy0oPx"" calls 17.16",2026-10-02T19:06:02.609Z,179096796260900
"""dih @ GO72Iwd2XL"" bets 17.16",2026-10-02T19:05:55.384Z,179096795538400
"The admin approved the player ""Cameron(ryan) @ eWUSzBpS1d"" participation with a stack of 50.00.",2026-10-02T19:05:54.336Z,179096795433600
"The player ""Cameron(ryan) @ eWUSzBpS1d"" requested a seat.",2026-10-02T19:05:52.734Z,179096795273400
"""Gabe @ 9mpVPy0oPx"" checks",2026-10-02T19:05:44.483Z,179096794448300
"Turn: 2♦, 10♦, 6♠ [10♠]",2026-10-02T19:05:36.798Z,179096793679800
"""dih @ GO72Iwd2XL"" calls 6.00",2026-10-02T19:05:35.993Z,179096793599300
"""rowan @ GthBpPSqaK"" folds",2026-10-02T19:05:33.166Z,179096793316600
"""Gabe @ 9mpVPy0oPx"" bets 6.00",2026-10-02T19:05:22.295Z,179096792229500
"Flop:  [2♦, 10♦, 6♠]",2026-10-02T19:05:15.686Z,179096791568600
"""jaaaaaaan @ O6Q78KIRx-"" folds",2026-10-02T19:05:14.834Z,179096791483400
"""dih @ GO72Iwd2XL"" calls 6.23",2026-10-02T19:05:11.736Z,179096791173600
"""rowan @ GthBpPSqaK"" calls 6.23",2026-10-02T19:05:10.450Z,179096791045000
"""Gabe @ 9mpVPy0oPx"" raises to 6.23",2026-10-02T19:05:09.263Z,179096790926300
"""jaaaaaaan @ O6Q78KIRx-"" calls 1.54",2026-10-02T19:05:05.746Z,179096790574600
"""Heech @ wzsls5Sz57"" folds",2026-10-02T19:05:04.818Z,179096790481800
"""dih @ GO72Iwd2XL"" calls 1.54",2026-10-02T19:05:03.702Z,179096790370200
"""rowan @ GthBpPSqaK"" raises to 1.54",2026-10-02T19:04:54.410Z,179096789441000
"""sul @ thk9cMWm9U"" folds",2026-10-02T19:04:50.815Z,179096789081500
"""Gabe @ 9mpVPy0oPx"" raises to 0.57",2026-10-02T19:04:41.143Z,179096788114300
"""Will @ h_ZrezeXHs"" folds",2026-10-02T19:04:34.257Z,179096787425700
"""BransonW @ -thFwNBkz6"" folds",2026-10-02T19:04:33.285Z,179096787328500
"""jaaaaaaan @ O6Q78KIRx-"" posts a big blind of 0.20",2026-10-02T19:04:32.054Z,179096787205411
"""Heech @ wzsls5Sz57"" posts a small blind of 0.10",2026-10-02T19:04:32.054Z,179096787205410
"Player stacks: #2 ""rowan @ GthBpPSqaK"" (130.92) | #3 ""dih @ GO72Iwd2XL"" (77.82) | #4 ""Heech @ wzsls5Sz57"" (11.40) | #5 ""jaaaaaaan @ O6Q78KIRx-"" (53.25) | #6 ""BransonW @ -thFwNBkz6"" (43.86) | #7 ""Will @ h_ZrezeXHs"" (176.04) | #9 ""Gabe @ 9mpVPy0oPx"" (71.28) | #10 ""sul @ thk9cMWm9U"" (75.37)",2026-10-02T19:04:32.054Z,179096787205401
"-- starting hand #145 (id: ll7o1ozdu613)  No Limit Texas Hold'em (dealer: ""dih @ GO72Iwd2XL"") --",2026-10-02T19:04:32.054Z,179096787205400
"-- ending hand #144 --",2026-10-02T19:04:26.124Z,179096786612402
"""sul @ thk9cMWm9U"" collected 6.30 from pot",2026-10-02T19:04:26.124Z,179096786612401
"Uncalled bet of 3.15 returned to ""sul @ thk9cMWm9U""",2026-10-02T19:04:26.124Z,179096786612400
"""Gabe @ 9mpVPy0oPx"" folds",2026-10-02T19:04:25.281Z,179096786528100
"""sul @ thk9cMWm9U"" bets 3.15",2026-10-02T19:04:24.102Z,179096786410200
"""Gabe @ 9mpVPy0oPx"" checks",2026-10-02T19:04:21.330Z,179096786133000
"Flop:  [9♥, A♠, 3♠]",2026-10-02T19:04:19.592Z,179096785959200
"""Gabe @ 9mpVPy0oPx"" calls 3.00",2026-10-02T19:04:18.751Z,179096785875100
"""Heech @ wzsls5Sz57"" folds",2026-10-02T19:04:16.032Z,179096785603200
"""dih @ GO72Iwd2XL"" folds",2026-10-02T19:04:12.139Z,179096785213900
"""rowan @ GthBpPSqaK"" folds",2026-10-02T19:04:11.129Z,179096785112900
"""sul @ thk9cMWm9U"" raises to 3.00",2026-10-02T19:04:10.110Z,179096785011000
"""Gabe @ 9mpVPy0oPx"" raises to 0.57",2026-10-02T19:04:00.348Z,179096784034800
"""Will @ h_ZrezeXHs"" folds",2026-10-02T19:03:56.778Z,179096783677800
"""BransonW @ -thFwNBkz6"" folds",2026-10-02T19:03:55.729Z,179096783572900
"""jaaaaaaan @ O6Q78KIRx-"" folds",2026-10-02T19:03:54.832Z,179096783483200
"""Heech @ wzsls5Sz57"" posts a big blind of 0.20",2026-10-02T19:03:52.595Z,179096783259512
"""dih @ GO72Iwd2XL"" posts a small blind of 0.10",2026-10-02T19:03:52.595Z,179096783259511
"Player stacks: #2 ""rowan @ GthBpPSqaK"" (130.92) | #3 ""dih @ GO72Iwd2XL"" (77.92) | #4 ""Heech @ wzsls5Sz57"" (11.60) | #5 ""jaaaaaaan @ O6Q78KIRx-"" (53.25) | #6 ""BransonW @ -thFwNBkz6"" (43.86) | #7 ""Will @ h_ZrezeXHs"" (176.04) | #9 ""Gabe @ 9mpVPy0oPx"" (74.28) | #10 ""sul @ thk9cMWm9U"" (72.07)",2026-10-02T19:03:52.595Z,179096783259502
"-- starting hand #144 (id: axvbm8cibozh)  No Limit Texas Hold'em (dealer: ""rowan @ GthBpPSqaK"") --",2026-10-02T19:03:52.595Z,179096783259501
"The player ""Cameron @ eWUSzBpS1d"" quits the game with a stack of 0.00.",2026-10-02T19:03:52.595Z,179096783259500
"Asking to busted players the rebuy decision.",2026-10-02T19:03:50.932Z,179096783093200
"-- ending hand #143 --",2026-10-02T19:03:42.919Z,179096782291902
"""rowan @ GthBpPSqaK"" collected 3.79 from pot with Two Pair, A's & 7's on the second run  (combination: J♣, 7♦, 7♠, A♦, A♠)",2026-10-02T19:03:42.919Z,179096782291901
"""rowan @ GthBpPSqaK"" collected 3.79 from pot with Two Pair, A's & 7's (combination: J♣, 7♦, 7♠, A♦, A♠)",2026-10-02T19:03:42.919Z,179096782291900
"River (second run): 7♠, J♣, 9♣, A♠ [2♥]",2026-10-02T19:03:38.916Z,179096781891600
"River: 7♠, J♣, 9♣, A♠ [6♠]",2026-10-02T19:03:34.910Z,179096781491000
"""rowan @ GthBpPSqaK"" shows a 7♦, A♦.",2026-10-02T19:03:30.889Z,179096781088902
"""Cameron @ eWUSzBpS1d"" shows a A♣, Q♠.",2026-10-02T19:03:30.889Z,179096781088901
"Uncalled bet of 3.79 returned to ""rowan @ GthBpPSqaK""",2026-10-02T19:03:30.889Z,179096781088900
"All players in hand choose to run it twice.",2026-10-02T19:03:30.068Z,179096781006801
"""Cameron @ eWUSzBpS1d"" chooses to  run it twice.",2026-10-02T19:03:30.068Z,179096781006800
"""rowan @ GthBpPSqaK"" chooses to  run it twice.",2026-10-02T19:03:29.534Z,179096780953400
"Remaining players decide whether to run it twice.",2026-10-02T19:03:27.269Z,179096780726901
"""jaaaaaaan @ O6Q78KIRx-"" folds",2026-10-02T19:03:27.269Z,179096780726900
"""rowan @ GthBpPSqaK"" bets 3.79",2026-10-02T19:03:24.518Z,179096780451800
"Turn: 7♠, J♣, 9♣ [A♠]",2026-10-02T19:03:21.848Z,179096780184800
"""jaaaaaaan @ O6Q78KIRx-"" checks",2026-10-02T19:03:20.979Z,179096780097900
"""rowan @ GthBpPSqaK"" checks",2026-10-02T19:03:19.914Z,179096779991400
"Flop:  [7♠, J♣, 9♣]",2026-10-02T19:03:18.077Z,179096779807700
"""jaaaaaaan @ O6Q78KIRx-"" calls 2.46",2026-10-02T19:03:17.250Z,179096779725000
"""dih @ GO72Iwd2XL"" folds",2026-10-02T19:03:16.295Z,179096779629500
"""rowan @ GthBpPSqaK"" calls 2.46",2026-10-02T19:03:15.196Z,179096779519600
"""Cameron @ eWUSzBpS1d"" raises to 2.46 and go all in",2026-10-02T19:03:14.288Z,179096779428800
"""sul @ thk9cMWm9U"" folds",2026-10-02T19:03:09.506Z,179096778950600
"""Gabe @ 9mpVPy0oPx"" folds",2026-10-02T19:03:07.101Z,179096778710100
"""Will @ h_ZrezeXHs"" folds",2026-10-02T19:03:06.191Z,179096778619100
"""BransonW @ -thFwNBkz6"" folds",2026-10-02T19:03:05.273Z,179096778527300
"""jaaaaaaan @ O6Q78KIRx-"" calls 0.20",2026-10-02T19:03:04.297Z,179096778429700
"""Heech @ wzsls5Sz57"" folds",2026-10-02T19:03:01.909Z,179096778190900
"""dih @ GO72Iwd2XL"" posts a big blind of 0.20",2026-10-02T19:02:42.185Z,179096776218512
"""rowan @ GthBpPSqaK"" posts a small blind of 0.10",2026-10-02T19:02:42.185Z,179096776218511
"Your hand is A♣, Q♠",2026-10-02T19:02:42.185Z,179096776218502
"Player stacks: #1 ""Cameron @ eWUSzBpS1d"" (2.46) | #2 ""rowan @ GthBpPSqaK"" (125.80) | #3 ""dih @ GO72Iwd2XL"" (78.12) | #4 ""Heech @ wzsls5Sz57"" (11.60) | #5 ""jaaaaaaan @ O6Q78KIRx-"" (55.71) | #6 ""BransonW @ -thFwNBkz6"" (43.86) | #7 ""Will @ h_ZrezeXHs"" (176.04) | #9 ""Gabe @ 9mpVPy0oPx"" (74.28) | #10 ""sul @ thk9cMWm9U"" (72.07)",2026-10-02T19:02:42.185Z,179096776218501
"-- starting hand #143 (id: cqu5mfavhzfx)  No Limit Texas Hold'em (dealer: ""Cameron @ eWUSzBpS1d"") --",2026-10-02T19:02:42.185Z,179096776218500
"-- ending hand #142 --",2026-10-02T19:02:34.174Z,179096775417402
"""Gabe @ 9mpVPy0oPx"" collected 37.14 from pot with Full House, K's over 3's on the second run  (combination: 3♣, 3♦, K♣, K♥, K♠)",2026-10-02T19:02:34.174Z,179096775417401
"""Gabe @ 9mpVPy0oPx"" collected 37.14 from pot with Full House, K's over 3's (combination: 3♣, 3♦, K♣, K♥, K♠)",2026-10-02T19:02:34.174Z,179096775417400
"River (second run): 2♣, 3♦, K♥, K♠ [A♦]",2026-10-02T19:02:30.165Z,179096775016500
"River: 2♣, 3♦, K♥, K♠ [9♠]",2026-10-02T19:02:26.149Z,179096774614900
"""Gabe @ 9mpVPy0oPx"" shows a K♣, 3♣.",2026-10-02T19:02:22.143Z,179096774214301
"""Cameron @ eWUSzBpS1d"" shows a 2♥, 2♠.",2026-10-02T19:02:22.143Z,179096774214300
"All players in hand choose to run it twice.",2026-10-02T19:02:21.322Z,179096774132201
"""Gabe @ 9mpVPy0oPx"" chooses to  run it twice.",2026-10-02T19:02:21.322Z,179096774132200
"""Cameron @ eWUSzBpS1d"" chooses to  run it twice.",2026-10-02T19:02:18.784Z,179096773878400
"Remaining players decide whether to run it twice.",2026-10-02T19:02:18.091Z,179096773809101
"""Cameron @ eWUSzBpS1d"" calls 31.89",2026-10-02T19:02:18.091Z,179096773809100
"""Gabe @ 9mpVPy0oPx"" raises to 31.89 and go all in",2026-10-02T19:02:17.152Z,179096773715200
"""Will @ h_ZrezeXHs"" folds",2026-10-02T19:02:14.783Z,179096773478300
"""jaaaaaaan @ O6Q78KIRx-"" folds",2026-10-02T19:02:13.798Z,179096773379800
"""Cameron @ eWUSzBpS1d"" raises to 15.75",2026-10-02T19:01:58.570Z,179096771857000
"""Gabe @ 9mpVPy0oPx"" bets 5.25",2026-10-02T19:01:50.661Z,179096771066100
"""Will @ h_ZrezeXHs"" checks",2026-10-02T19:01:39.106Z,179096769910600
"""jaaaaaaan @ O6Q78KIRx-"" checks",2026-10-02T19:01:37.882Z,179096769788200
"""Cameron @ eWUSzBpS1d"" checks",2026-10-02T19:01:36.064Z,179096769606400
"Turn: 2♣, 3♦, K♥ [K♠]",2026-10-02T19:01:31.759Z,179096769175900
"""Will @ h_ZrezeXHs"" calls 1.75",2026-10-02T19:01:30.918Z,179096769091800
"""jaaaaaaan @ O6Q78KIRx-"" calls 1.75",2026-10-02T19:01:29.592Z,179096768959200
"""rowan @ GthBpPSqaK"" folds",2026-10-02T19:01:28.740Z,179096768874000
"""Cameron @ eWUSzBpS1d"" calls 1.75",2026-10-02T19:01:27.878Z,179096768787800
"""Gabe @ 9mpVPy0oPx"" bets 1.75",2026-10-02T19:01:24.075Z,179096768407500
"""Will @ h_ZrezeXHs"" checks",2026-10-02T19:01:20.619Z,179096768061900
"""jaaaaaaan @ O6Q78KIRx-"" checks",2026-10-02T19:01:18.534Z,179096767853400
"""rowan @ GthBpPSqaK"" checks",2026-10-02T19:01:01.008Z,179096766100800
"""Cameron @ eWUSzBpS1d"" checks",2026-10-02T19:01:00.076Z,179096766007600
"Flop:  [2♣, 3♦, K♥]",2026-10-02T19:00:54.210Z,179096765421000
"""rowan @ GthBpPSqaK"" calls 0.70",2026-10-02T19:00:53.360Z,179096765336000
"""Cameron @ eWUSzBpS1d"" calls 0.70",2026-10-02T19:00:49.068Z,179096764906800
"""sul @ thk9cMWm9U"" folds",2026-10-02T19:00:45.719Z,179096764571900
"""Gabe @ 9mpVPy0oPx"" calls 0.70",2026-10-02T19:00:41.003Z,179096764100300
"""Will @ h_ZrezeXHs"" calls 0.70",2026-10-02T19:00:40.049Z,179096764004900
"""BransonW @ -thFwNBkz6"" folds",2026-10-02T19:00:38.615Z,179096763861500
"""jaaaaaaan @ O6Q78KIRx-"" raises to 0.70",2026-10-02T19:00:37.703Z,179096763770300
"""Heech @ wzsls5Sz57"" folds",2026-10-02T19:00:32.057Z,179096763205700
"""dih @ GO72Iwd2XL"" folds",2026-10-02T18:59:51.195Z,179096759119500
"""rowan @ GthBpPSqaK"" posts a big blind of 0.20",2026-10-02T18:59:47.369Z,179096758736912
"""Cameron @ eWUSzBpS1d"" posts a small blind of 0.10",2026-10-02T18:59:47.369Z,179096758736911
"Your hand is 2♥, 2♠",2026-10-02T18:59:47.369Z,179096758736902
"Player stacks: #1 ""Cameron @ eWUSzBpS1d"" (36.80) | #2 ""rowan @ GthBpPSqaK"" (126.50) | #3 ""dih @ GO72Iwd2XL"" (78.12) | #4 ""Heech @ wzsls5Sz57"" (11.60) | #5 ""jaaaaaaan @ O6Q78KIRx-"" (58.16) | #6 ""BransonW @ -thFwNBkz6"" (43.86) | #7 ""Will @ h_ZrezeXHs"" (178.49) | #9 ""Gabe @ 9mpVPy0oPx"" (34.34) | #10 ""sul @ thk9cMWm9U"" (72.07)",2026-10-02T18:59:47.369Z,179096758736901
"-- starting hand #142 (id: pnlz4bxpn9qg)  No Limit Texas Hold'em (dealer: ""sul @ thk9cMWm9U"") --",2026-10-02T18:59:47.369Z,179096758736900
"-- ending hand #141 --",2026-10-02T18:59:44.453Z,179096758445302
"""jaaaaaaan @ O6Q78KIRx-"" collected 15.50 from pot",2026-10-02T18:59:44.453Z,179096758445301
"Uncalled bet of 11.62 returned to ""jaaaaaaan @ O6Q78KIRx-""",2026-10-02T18:59:44.453Z,179096758445300
"""Gabe @ 9mpVPy0oPx"" folds",2026-10-02T18:59:43.614Z,179096758361400
"""jaaaaaaan @ O6Q78KIRx-"" bets 11.62",2026-10-02T18:59:42.550Z,179096758255000
"River: 9♦, K♦, 6♠, 4♠ [K♥]",2026-10-02T18:59:35.758Z,179096757575800
"""Gabe @ 9mpVPy0oPx"" checks",2026-10-02T18:59:34.903Z,179096757490300
"""jaaaaaaan @ O6Q78KIRx-"" checks",2026-10-02T18:59:26.251Z,179096756625100
"Turn: 9♦, K♦, 6♠ [4♠]",2026-10-02T18:59:25.043Z,179096756504300
"""Will @ h_ZrezeXHs"" folds",2026-10-02T18:59:24.184Z,179096756418400
"""BransonW @ -thFwNBkz6"" folds",2026-10-02T18:59:23.259Z,179096756325900
"""jaaaaaaan @ O6Q78KIRx-"" calls 4.65",2026-10-02T18:59:22.313Z,179096756231300
"""dih @ GO72Iwd2XL"" folds",2026-10-02T18:59:17.646Z,179096755764600
"""sul @ thk9cMWm9U"" folds",2026-10-02T18:59:04.978Z,179096754497800
"""Gabe @ 9mpVPy0oPx"" bets 4.65",2026-10-02T18:59:02.816Z,179096754281600
"""Will @ h_ZrezeXHs"" checks",2026-10-02T18:59:00.268Z,179096754026800
"""BransonW @ -thFwNBkz6"" checks",2026-10-02T18:58:58.889Z,179096753888900
"""jaaaaaaan @ O6Q78KIRx-"" checks",2026-10-02T18:58:57.966Z,179096753796600
"""dih @ GO72Iwd2XL"" checks",2026-10-02T18:58:50.480Z,179096753048000
"""sul @ thk9cMWm9U"" checks",2026-10-02T18:58:47.934Z,179096752793400
"Flop:  [9♦, K♦, 6♠]",2026-10-02T18:58:43.679Z,179096752367900
"""Cameron @ eWUSzBpS1d"" folds",2026-10-02T18:58:42.870Z,179096752287000
"""sul @ thk9cMWm9U"" calls 1.00",2026-10-02T18:58:40.540Z,179096752054000
"""Gabe @ 9mpVPy0oPx"" calls 1.00",2026-10-02T18:58:29.102Z,179096750910200
"""Will @ h_ZrezeXHs"" calls 1.00",2026-10-02T18:58:27.782Z,179096750778200
"""BransonW @ -thFwNBkz6"" calls 1.00",2026-10-02T18:58:25.757Z,179096750575700
"""jaaaaaaan @ O6Q78KIRx-"" calls 1.00",2026-10-02T18:58:21.791Z,179096750179100
"""Heech @ wzsls5Sz57"" folds",2026-10-02T18:58:11.290Z,179096749129000
"""dih @ GO72Iwd2XL"" raises to 1.00",2026-10-02T18:58:06.615Z,179096748661500
"""rowan @ GthBpPSqaK"" folds",2026-10-02T18:58:03.291Z,179096748329100
"""Cameron @ eWUSzBpS1d"" posts a big blind of 0.20",2026-10-02T18:58:02.129Z,179096748212913
"""sul @ thk9cMWm9U"" posts a small blind of 0.10",2026-10-02T18:58:02.129Z,179096748212912
"Your hand is 5♠, 3♣",2026-10-02T18:58:02.129Z,179096748212903
"Player stacks: #1 ""Cameron @ eWUSzBpS1d"" (37.00) | #2 ""rowan @ GthBpPSqaK"" (126.50) | #3 ""dih @ GO72Iwd2XL"" (79.12) | #4 ""Heech @ wzsls5Sz57"" (11.60) | #5 ""jaaaaaaan @ O6Q78KIRx-"" (48.31) | #6 ""BransonW @ -thFwNBkz6"" (44.86) | #7 ""Will @ h_ZrezeXHs"" (179.49) | #9 ""Gabe @ 9mpVPy0oPx"" (39.99) | #10 ""sul @ thk9cMWm9U"" (73.07)",2026-10-02T18:58:02.129Z,179096748212902
"-- starting hand #141 (id: ukdogomvoh51)  No Limit Texas Hold'em (dealer: ""Gabe @ 9mpVPy0oPx"") --",2026-10-02T18:58:02.129Z,179096748212901
"The player ""BransonW @ -thFwNBkz6"" joined the game with a stack of 44.86.",2026-10-02T18:58:02.129Z,179096748212900
"-- ending hand #140 --",2026-10-02T18:57:56.161Z,179096747616102
"""rowan @ GthBpPSqaK"" collected 3.80 from pot",2026-10-02T18:57:56.161Z,179096747616101
"Uncalled bet of 1.90 returned to ""rowan @ GthBpPSqaK""",2026-10-02T18:57:56.161Z,179096747616100
"""Gabe @ 9mpVPy0oPx"" folds",2026-10-02T18:57:55.302Z,179096747530200
"""jaaaaaaan @ O6Q78KIRx-"" folds",2026-10-02T18:57:54.464Z,179096747446400
"""rowan @ GthBpPSqaK"" bets 1.90",2026-10-02T18:57:52.474Z,179096747247400
"""Gabe @ 9mpVPy0oPx"" checks",2026-10-02T18:57:49.650Z,179096746965000
"Flop:  [10♥, 9♦, 10♣]",2026-10-02T18:57:48.360Z,179096746836000
"""sul @ thk9cMWm9U"" folds",2026-10-02T18:57:47.554Z,179096746755400
"""Gabe @ 9mpVPy0oPx"" calls 1.20",2026-10-02T18:57:42.296Z,179096746229600
"""Will @ h_ZrezeXHs"" folds",2026-10-02T18:57:41.327Z,179096746132700
"""jaaaaaaan @ O6Q78KIRx-"" calls 1.20",2026-10-02T18:57:40.408Z,179096746040800
"""Heech @ wzsls5Sz57"" folds",2026-10-02T18:57:37.574Z,179096745757400
"""dih @ GO72Iwd2XL"" folds",2026-10-02T18:57:36.205Z,179096745620500
"""rowan @ GthBpPSqaK"" raises to 1.20",2026-10-02T18:57:35.212Z,179096745521200
"The admin approved the player ""BransonW @ -thFwNBkz6"" participation with a stack of 44.86.",2026-10-02T18:57:32.110Z,179096745211000
"""Cameron @ eWUSzBpS1d"" folds",2026-10-02T18:57:30.116Z,179096745011600
"""sul @ thk9cMWm9U"" posts a big blind of 0.20",2026-10-02T18:57:28.379Z,179096744837911
"""Gabe @ 9mpVPy0oPx"" posts a small blind of 0.10",2026-10-02T18:57:28.379Z,179096744837910
"Your hand is 6♣, A♥",2026-10-02T18:57:28.379Z,179096744837902
"Player stacks: #1 ""Cameron @ eWUSzBpS1d"" (37.00) | #2 ""rowan @ GthBpPSqaK"" (123.90) | #3 ""dih @ GO72Iwd2XL"" (79.12) | #4 ""Heech @ wzsls5Sz57"" (11.60) | #5 ""jaaaaaaan @ O6Q78KIRx-"" (49.51) | #7 ""Will @ h_ZrezeXHs"" (179.49) | #9 ""Gabe @ 9mpVPy0oPx"" (41.19) | #10 ""sul @ thk9cMWm9U"" (73.27)",2026-10-02T18:57:28.379Z,179096744837901
"-- starting hand #140 (id: ykojeitt32zx)  No Limit Texas Hold'em (dead button) --",2026-10-02T18:57:28.379Z,179096744837900
"""jaaaaaaan @ O6Q78KIRx-"" shows a 4♦, K♠.",2026-10-02T18:57:25.488Z,179096744548800
"-- ending hand #139 --",2026-10-02T18:57:21.766Z,179096744176602
"""Heech @ wzsls5Sz57"" collected 2.40 from pot",2026-10-02T18:57:21.766Z,179096744176601
"Uncalled bet of 2.40 returned to ""Heech @ wzsls5Sz57""",2026-10-02T18:57:21.766Z,179096744176600
"""Gabe @ 9mpVPy0oPx"" folds",2026-10-02T18:57:20.958Z,179096744095800
"""jaaaaaaan @ O6Q78KIRx-"" folds",2026-10-02T18:57:20.072Z,179096744007200
"""Heech @ wzsls5Sz57"" bets 2.40",2026-10-02T18:57:19.080Z,179096743908000
"""Gabe @ 9mpVPy0oPx"" checks",2026-10-02T18:57:16.472Z,179096743647200
"Turn: 6♣, 10♦, J♦ [9♦]",2026-10-02T18:57:14.242Z,179096743424200
"""jaaaaaaan @ O6Q78KIRx-"" checks",2026-10-02T18:57:13.436Z,179096743343600
"""Heech @ wzsls5Sz57"" checks",2026-10-02T18:57:12.034Z,179096743203400
"""Gabe @ 9mpVPy0oPx"" checks",2026-10-02T18:57:08.845Z,179096742884500
"Flop:  [6♣, 10♦, J♦]",2026-10-02T18:57:07.543Z,179096742754300
"""jaaaaaaan @ O6Q78KIRx-"" calls 0.80",2026-10-02T18:57:06.738Z,179096742673800
"The player ""BransonW @ -thFwNBkz6"" requested a seat.",2026-10-02T18:57:06.361Z,179096742636100
"""Heech @ wzsls5Sz57"" calls 0.80",2026-10-02T18:57:05.853Z,179096742585300
"""Gabe @ 9mpVPy0oPx"" raises to 0.80",2026-10-02T18:57:04.787Z,179096742478700
"""Will @ h_ZrezeXHs"" folds",2026-10-02T18:57:02.553Z,179096742255300
"""jaaaaaaan @ O6Q78KIRx-"" calls 0.20",2026-10-02T18:57:01.615Z,179096742161500
"""Heech @ wzsls5Sz57"" calls 0.20",2026-10-02T18:57:00.731Z,179096742073100
"""dih @ GO72Iwd2XL"" folds",2026-10-02T18:56:59.639Z,179096741963900
"""rowan @ GthBpPSqaK"" folds",2026-10-02T18:56:58.753Z,179096741875300
"""Cameron @ eWUSzBpS1d"" folds",2026-10-02T18:56:57.900Z,179096741790000
"""sul @ thk9cMWm9U"" folds",2026-10-02T18:56:57.025Z,179096741702500
"""Gabe @ 9mpVPy0oPx"" posts a big blind of 0.20",2026-10-02T18:56:54.198Z,179096741419812
"Dead Small Blind",2026-10-02T18:56:54.198Z,179096741419811
"Your hand is 2♦, 6♠",2026-10-02T18:56:54.198Z,179096741419803
"Player stacks: #1 ""Cameron @ eWUSzBpS1d"" (37.00) | #2 ""rowan @ GthBpPSqaK"" (123.90) | #3 ""dih @ GO72Iwd2XL"" (79.12) | #4 ""Heech @ wzsls5Sz57"" (10.00) | #5 ""jaaaaaaan @ O6Q78KIRx-"" (50.31) | #7 ""Will @ h_ZrezeXHs"" (179.49) | #9 ""Gabe @ 9mpVPy0oPx"" (41.99) | #10 ""sul @ thk9cMWm9U"" (73.27)",2026-10-02T18:56:54.198Z,179096741419802
"-- starting hand #139 (id: rprrqimsozpv)  No Limit Texas Hold'em (dealer: ""Will @ h_ZrezeXHs"") --",2026-10-02T18:56:54.198Z,179096741419801
"The player ""sack @ boAReb7tW9"" stand up with the stack of 43.22.",2026-10-02T18:56:54.198Z,179096741419800
"""Heech @ wzsls5Sz57"" shows a 7♣, Q♣.",2026-10-02T18:56:51.424Z,179096741142400
"""Cameron @ eWUSzBpS1d"" shows a K♦, 10♦.",2026-10-02T18:56:50.225Z,179096741022500
"-- ending hand #138 --",2026-10-02T18:56:47.194Z,179096740719404
"""dih @ GO72Iwd2XL"" collected 8.30 from pot with Pair, 8's (combination: J♠, K♠, A♦, 8♦, 8♥)",2026-10-02T18:56:47.194Z,179096740719403
"""dih @ GO72Iwd2XL"" shows a A♦, K♠.",2026-10-02T18:56:47.194Z,179096740719402
"""Gabe @ 9mpVPy0oPx"" shows a Q♥, K♥.",2026-10-02T18:56:47.194Z,179096740719401
"""Will @ h_ZrezeXHs"" shows a 3♣, K♣.",2026-10-02T18:56:47.194Z,179096740719400
"""dih @ GO72Iwd2XL"" checks",2026-10-02T18:56:46.359Z,179096740635900
"""Cameron @ eWUSzBpS1d"" checks",2026-10-02T18:56:45.492Z,179096740549200
"""Gabe @ 9mpVPy0oPx"" checks",2026-10-02T18:56:40.369Z,179096740036900
"""Will @ h_ZrezeXHs"" checks",2026-10-02T18:56:38.456Z,179096739845600
"River: 8♦, J♠, 7♥, 8♥ [5♠]",2026-10-02T18:56:35.588Z,179096739558800
"""dih @ GO72Iwd2XL"" checks",2026-10-02T18:56:34.781Z,179096739478100
"""Cameron @ eWUSzBpS1d"" checks",2026-10-02T18:56:27.266Z,179096738726600
"""Gabe @ 9mpVPy0oPx"" checks",2026-10-02T18:56:18.375Z,179096737837500
"""Will @ h_ZrezeXHs"" checks",2026-10-02T18:56:16.687Z,179096737668700
"Turn: 8♦, J♠, 7♥ [8♥]",2026-10-02T18:56:13.317Z,179096737331700
"""dih @ GO72Iwd2XL"" checks",2026-10-02T18:56:12.483Z,179096737248300
"""Cameron @ eWUSzBpS1d"" checks",2026-10-02T18:56:08.927Z,179096736892700
"""Gabe @ 9mpVPy0oPx"" checks",2026-10-02T18:56:06.083Z,179096736608300
"""Will @ h_ZrezeXHs"" checks",2026-10-02T18:56:04.896Z,179096736489600
"Flop:  [8♦, J♠, 7♥]",2026-10-02T18:56:03.564Z,179096736356400
"""Gabe @ 9mpVPy0oPx"" calls 2.00",2026-10-02T18:56:02.723Z,179096736272300
"""sack @ boAReb7tW9"" folds",2026-10-02T18:56:00.365Z,179096736036500
"""Will @ h_ZrezeXHs"" calls 2.00",2026-10-02T18:55:59.514Z,179096735951400
"""jaaaaaaan @ O6Q78KIRx-"" folds",2026-10-02T18:55:57.096Z,179096735709600
"""Heech @ wzsls5Sz57"" folds",2026-10-02T18:55:55.108Z,179096735510800
"""dih @ GO72Iwd2XL"" calls 2.00",2026-10-02T18:55:52.715Z,179096735271500
"""rowan @ GthBpPSqaK"" folds",2026-10-02T18:55:47.997Z,179096734799700
"""Cameron @ eWUSzBpS1d"" raises to 2.00",2026-10-02T18:55:47.143Z,179096734714300
"""sul @ thk9cMWm9U"" folds",2026-10-02T18:55:41.844Z,179096734184400
"""Gabe @ 9mpVPy0oPx"" raises to 0.80",2026-10-02T18:55:40.976Z,179096734097600
"""Gabe @ 9mpVPy0oPx"" posts a missed big blind of 0.20",2026-10-02T18:55:37.855Z,179096733785515
"""Gabe @ 9mpVPy0oPx"" posts a missing small blind of 0.10",2026-10-02T18:55:37.855Z,179096733785514
"""sack @ boAReb7tW9"" posts a big blind of 0.20",2026-10-02T18:55:37.855Z,179096733785513
"""Will @ h_ZrezeXHs"" posts a small blind of 0.10",2026-10-02T18:55:37.855Z,179096733785512
"Your hand is K♦, 10♦",2026-10-02T18:55:37.855Z,179096733785503
"Player stacks: #1 ""Cameron @ eWUSzBpS1d"" (39.00) | #2 ""rowan @ GthBpPSqaK"" (123.90) | #3 ""dih @ GO72Iwd2XL"" (72.82) | #4 ""Heech @ wzsls5Sz57"" (10.00) | #5 ""jaaaaaaan @ O6Q78KIRx-"" (50.31) | #7 ""Will @ h_ZrezeXHs"" (181.49) | #8 ""sack @ boAReb7tW9"" (43.42) | #9 ""Gabe @ 9mpVPy0oPx"" (44.09) | #10 ""sul @ thk9cMWm9U"" (73.27)",2026-10-02T18:55:37.855Z,179096733785502
"-- starting hand #138 (id: xctehb98wd0w)  No Limit Texas Hold'em (dealer: ""jaaaaaaan @ O6Q78KIRx-"") --",2026-10-02T18:55:37.855Z,179096733785501
"The player ""Gabe @ 9mpVPy0oPx"" joined the game with a stack of 44.09.",2026-10-02T18:55:37.855Z,179096733785500
"-- ending hand #137 --",2026-10-02T18:55:34.945Z,179096733494502
"""jaaaaaaan @ O6Q78KIRx-"" collected 17.60 from pot",2026-10-02T18:55:34.945Z,179096733494501
"Uncalled bet of 32.71 returned to ""jaaaaaaan @ O6Q78KIRx-""",2026-10-02T18:55:34.945Z,179096733494500
"""rowan @ GthBpPSqaK"" folds",2026-10-02T18:55:34.127Z,179096733412700
"""jaaaaaaan @ O6Q78KIRx-"" bets 32.71 and go all in",2026-10-02T18:55:33.183Z,179096733318300
"River: 9♠, Q♥, 6♣, 3♠ [K♥]",2026-10-02T18:55:30.545Z,179096733054500
"""jaaaaaaan @ O6Q78KIRx-"" calls 4.40",2026-10-02T18:55:29.735Z,179096732973500
"""rowan @ GthBpPSqaK"" bets 4.40",2026-10-02T18:55:28.451Z,179096732845100
"""jaaaaaaan @ O6Q78KIRx-"" checks",2026-10-02T18:55:25.919Z,179096732591900
"Turn: 9♠, Q♥, 6♣ [3♠]",2026-10-02T18:55:24.995Z,179096732499500
"""rowan @ GthBpPSqaK"" checks",2026-10-02T18:55:24.159Z,179096732415900
"""jaaaaaaan @ O6Q78KIRx-"" checks",2026-10-02T18:55:22.772Z,179096732277200
"Flop:  [9♠, Q♥, 6♣]",2026-10-02T18:55:21.419Z,179096732141900
"""Heech @ wzsls5Sz57"" folds",2026-10-02T18:55:20.594Z,179096732059400
"""rowan @ GthBpPSqaK"" calls 3.80",2026-10-02T18:55:18.115Z,179096731811500
"""sack @ boAReb7tW9"" folds",2026-10-02T18:55:16.187Z,179096731618700
"""Will @ h_ZrezeXHs"" folds",2026-10-02T18:55:15.143Z,179096731514300
"""jaaaaaaan @ O6Q78KIRx-"" raises to 3.80",2026-10-02T18:55:14.052Z,179096731405200
"""Heech @ wzsls5Sz57"" calls 0.80",2026-10-02T18:55:11.195Z,179096731119500
"""dih @ GO72Iwd2XL"" folds",2026-10-02T18:55:09.244Z,179096730924400
"The player ""Gabe @ 9mpVPy0oPx"" sit back with the stack of 44.09.",2026-10-02T18:55:09.064Z,179096730906400
"""rowan @ GthBpPSqaK"" raises to 0.80",2026-10-02T18:55:08.348Z,179096730834800
"""Cameron @ eWUSzBpS1d"" folds",2026-10-02T18:55:05.530Z,179096730553000
"""sul @ thk9cMWm9U"" folds",2026-10-02T18:55:04.696Z,179096730469600
"""sack @ boAReb7tW9"" calls 0.20",2026-10-02T18:55:03.823Z,179096730382300
"""Will @ h_ZrezeXHs"" posts a big blind of 0.20",2026-10-02T18:55:01.683Z,179096730168311
"""jaaaaaaan @ O6Q78KIRx-"" posts a small blind of 0.10",2026-10-02T18:55:01.683Z,179096730168310
"Your hand is 2♥, Q♦",2026-10-02T18:55:01.683Z,179096730168302
"Player stacks: #1 ""Cameron @ eWUSzBpS1d"" (39.00) | #2 ""rowan @ GthBpPSqaK"" (132.10) | #3 ""dih @ GO72Iwd2XL"" (72.82) | #4 ""Heech @ wzsls5Sz57"" (10.80) | #5 ""jaaaaaaan @ O6Q78KIRx-"" (40.91) | #7 ""Will @ h_ZrezeXHs"" (181.69) | #8 ""sack @ boAReb7tW9"" (43.62) | #10 ""sul @ thk9cMWm9U"" (73.27)",2026-10-02T18:55:01.683Z,179096730168301
"-- starting hand #137 (id: ghms32qxz1tu)  No Limit Texas Hold'em (dealer: ""Heech @ wzsls5Sz57"") --",2026-10-02T18:55:01.683Z,179096730168300
"-- ending hand #136 --",2026-10-02T18:54:55.630Z,179096729563005
"""rowan @ GthBpPSqaK"" collected 66.24 from pot with Pair, A's (combination: 5♦, 7♣, 9♠, A♠, A♣)",2026-10-02T18:54:55.630Z,179096729563004
"""rowan @ GthBpPSqaK"" shows a A♠, 9♠.",2026-10-02T18:54:55.630Z,179096729563003
"""jaaaaaaan @ O6Q78KIRx-"" shows a 10♦, 10♠.",2026-10-02T18:54:55.630Z,179096729563002
"""Heech @ wzsls5Sz57"" collected 10.80 from pot with Straight, 7 High (combination: 3♦, 4♣, 5♦, 6♣, 7♣)",2026-10-02T18:54:55.630Z,179096729563001
"""Heech @ wzsls5Sz57"" shows a 3♥, 6♣.",2026-10-02T18:54:55.630Z,179096729563000
"""rowan @ GthBpPSqaK"" checks",2026-10-02T18:54:54.800Z,179096729480000
"""jaaaaaaan @ O6Q78KIRx-"" checks",2026-10-02T18:54:53.255Z,179096729325500
"River: A♣, 3♦, 7♣, 5♦ [4♣]",2026-10-02T18:54:52.000Z,179096729200000
"""rowan @ GthBpPSqaK"" checks",2026-10-02T18:54:51.161Z,179096729116100
"""jaaaaaaan @ O6Q78KIRx-"" checks",2026-10-02T18:54:45.877Z,179096728587700
"Turn: A♣, 3♦, 7♣ [5♦]",2026-10-02T18:54:42.060Z,179096728206000
"""Will @ h_ZrezeXHs"" folds",2026-10-02T18:54:41.241Z,179096728124100
"""jaaaaaaan @ O6Q78KIRx-"" calls 17.76",2026-10-02T18:54:40.251Z,179096728025100
"""dih @ GO72Iwd2XL"" folds",2026-10-02T18:54:38.048Z,179096727804800
"""rowan @ GthBpPSqaK"" bets 17.76",2026-10-02T18:54:36.175Z,179096727617500
"""Will @ h_ZrezeXHs"" checks",2026-10-02T18:54:30.340Z,179096727034000
"""jaaaaaaan @ O6Q78KIRx-"" checks",2026-10-02T18:54:28.146Z,179096726814600
"Flop:  [A♣, 3♦, 7♣]",2026-10-02T18:54:20.771Z,179096726077100
"""dih @ GO72Iwd2XL"" calls 9.68",2026-10-02T18:54:19.882Z,179096725988200
"""rowan @ GthBpPSqaK"" calls 9.68",2026-10-02T18:54:13.814Z,179096725381400
"""Cameron @ eWUSzBpS1d"" folds",2026-10-02T18:54:12.861Z,179096725286100
"""Will @ h_ZrezeXHs"" calls 9.68",2026-10-02T18:54:12.032Z,179096725203200
"""jaaaaaaan @ O6Q78KIRx-"" raises to 9.68",2026-10-02T18:53:58.112Z,179096723811200
"""Heech @ wzsls5Sz57"" calls 2.00 and go all in",2026-10-02T18:53:54.999Z,179096723499900
"""dih @ GO72Iwd2XL"" calls 2.15",2026-10-02T18:53:53.671Z,179096723367100
"""rowan @ GthBpPSqaK"" raises to 2.15",2026-10-02T18:53:51.797Z,179096723179700
"""Cameron @ eWUSzBpS1d"" calls 0.80",2026-10-02T18:53:48.773Z,179096722877300
"""sul @ thk9cMWm9U"" folds",2026-10-02T18:53:47.651Z,179096722765100
"""sack @ boAReb7tW9"" folds",2026-10-02T18:53:41.170Z,179096722117000
"""Will @ h_ZrezeXHs"" raises to 0.80",2026-10-02T18:53:39.704Z,179096721970400
"""jaaaaaaan @ O6Q78KIRx-"" posts a big blind of 0.20",2026-10-02T18:53:35.668Z,179096721566813
"""Heech @ wzsls5Sz57"" posts a small blind of 0.10",2026-10-02T18:53:35.668Z,179096721566812
"Your hand is 8♥, 7♠",2026-10-02T18:53:35.668Z,179096721566804
"Player stacks: #1 ""Cameron @ eWUSzBpS1d"" (39.80) | #2 ""rowan @ GthBpPSqaK"" (93.30) | #3 ""dih @ GO72Iwd2XL"" (82.50) | #4 ""Heech @ wzsls5Sz57"" (2.00) | #5 ""jaaaaaaan @ O6Q78KIRx-"" (68.35) | #7 ""Will @ h_ZrezeXHs"" (191.37) | #8 ""sack @ boAReb7tW9"" (43.62) | #10 ""sul @ thk9cMWm9U"" (73.27)",2026-10-02T18:53:35.668Z,179096721566803
"-- starting hand #136 (id: fb7r8jfmdfur)  No Limit Texas Hold'em (dealer: ""dih @ GO72Iwd2XL"") --",2026-10-02T18:53:35.668Z,179096721566802
"The player ""Heech @ wzsls5Sz57"" rebought. New stack 2.00.",2026-10-02T18:53:35.668Z,179096721566801
"Game Config Changes
* 7-2 bounty: off » 40",2026-10-02T18:53:35.668Z,179096721566800
"Waiting for the game owner to approve or reject pending rebuy requests.",2026-10-02T18:53:30.695Z,179096721069501
"The player ""Heech @ wzsls5Sz57"" requested a rebuy of 2.00.",2026-10-02T18:53:30.695Z,179096721069500
"Asking to busted players the rebuy decision.",2026-10-02T18:53:26.107Z,179096720610700
"""rowan @ GthBpPSqaK"" shows a 2♠, 7♠.",2026-10-02T18:53:21.154Z,179096720115400
"""Cameron @ eWUSzBpS1d"" shows a 7♦.",2026-10-02T18:53:20.507Z,179096720050700
"""Cameron @ eWUSzBpS1d"" shows a 2♦.",2026-10-02T18:53:20.448Z,179096720044800
"-- ending hand #135 --",2026-10-02T18:53:19.101Z,179096719910104
"""sul @ thk9cMWm9U"" collected 15.80 from pot with Two Pair, A's & 4's (combination: Q♠, 4♠, 4♣, A♣, A♦)",2026-10-02T18:53:19.101Z,179096719910103
"""sul @ thk9cMWm9U"" shows a 8♦, A♣.",2026-10-02T18:53:19.101Z,179096719910102
"""jaaaaaaan @ O6Q78KIRx-"" shows a 5♣, K♣.",2026-10-02T18:53:19.101Z,179096719910101
"""Heech @ wzsls5Sz57"" shows a J♥, K♠.",2026-10-02T18:53:19.101Z,179096719910100
"""rowan @ GthBpPSqaK"" checks",2026-10-02T18:53:18.278Z,179096719827800
"""Cameron @ eWUSzBpS1d"" checks",2026-10-02T18:53:17.393Z,179096719739300
"""sul @ thk9cMWm9U"" checks",2026-10-02T18:53:16.535Z,179096719653500
"""jaaaaaaan @ O6Q78KIRx-"" checks",2026-10-02T18:53:15.661Z,179096719566100
"River: A♦, Q♠, 4♠, 4♣ [2♥]",2026-10-02T18:53:14.764Z,179096719476400
"""rowan @ GthBpPSqaK"" checks",2026-10-02T18:53:13.938Z,179096719393800
"""Cameron @ eWUSzBpS1d"" checks",2026-10-02T18:53:13.095Z,179096719309500
"""sul @ thk9cMWm9U"" checks",2026-10-02T18:53:11.203Z,179096719120300
"""jaaaaaaan @ O6Q78KIRx-"" checks",2026-10-02T18:53:10.311Z,179096719031100
"Turn: A♦, Q♠, 4♠ [4♣]",2026-10-02T18:53:08.254Z,179096718825400
"""rowan @ GthBpPSqaK"" checks",2026-10-02T18:53:07.441Z,179096718744100
"""Cameron @ eWUSzBpS1d"" checks",2026-10-02T18:53:06.562Z,179096718656200
"""sul @ thk9cMWm9U"" checks",2026-10-02T18:53:04.955Z,179096718495500
"""jaaaaaaan @ O6Q78KIRx-"" checks",2026-10-02T18:53:03.918Z,179096718391800
"Flop:  [A♦, Q♠, 4♠]",2026-10-02T18:53:02.688Z,179096718268800
"""rowan @ GthBpPSqaK"" calls 3.10",2026-10-02T18:53:01.851Z,179096718185100
"""Cameron @ eWUSzBpS1d"" calls 3.10",2026-10-02T18:53:00.875Z,179096718087500
"""sul @ thk9cMWm9U"" calls 3.10",2026-10-02T18:52:59.816Z,179096717981600
"""sack @ boAReb7tW9"" folds",2026-10-02T18:52:54.485Z,179096717448500
"""jaaaaaaan @ O6Q78KIRx-"" calls 3.10",2026-10-02T18:52:53.632Z,179096717363200
"""Heech @ wzsls5Sz57"" raises to 3.10 and go all in",2026-10-02T18:52:52.095Z,179096717209500
"""dih @ GO72Iwd2XL"" folds",2026-10-02T18:52:49.911Z,179096716991100
"""rowan @ GthBpPSqaK"" calls 1.50",2026-10-02T18:52:48.979Z,179096716897900
"""Cameron @ eWUSzBpS1d"" calls 1.50",2026-10-02T18:52:46.638Z,179096716663800
"""sul @ thk9cMWm9U"" raises to 1.50",2026-10-02T18:52:45.366Z,179096716536600
"""sack @ boAReb7tW9"" calls 0.20",2026-10-02T18:52:42.072Z,179096716207200
"""Will @ h_ZrezeXHs"" folds",2026-10-02T18:52:41.227Z,179096716122700
"""jaaaaaaan @ O6Q78KIRx-"" calls 0.20",2026-10-02T18:52:40.208Z,179096716020800
"""Heech @ wzsls5Sz57"" posts a big blind of 0.20",2026-10-02T18:52:39.335Z,179096715933511
"""dih @ GO72Iwd2XL"" posts a small blind of 0.10",2026-10-02T18:52:39.335Z,179096715933510
"Your hand is 7♦, 2♦",2026-10-02T18:52:39.335Z,179096715933502
"Player stacks: #1 ""Cameron @ eWUSzBpS1d"" (42.90) | #2 ""rowan @ GthBpPSqaK"" (96.40) | #3 ""dih @ GO72Iwd2XL"" (82.60) | #4 ""Heech @ wzsls5Sz57"" (3.10) | #5 ""jaaaaaaan @ O6Q78KIRx-"" (71.45) | #7 ""Will @ h_ZrezeXHs"" (191.37) | #8 ""sack @ boAReb7tW9"" (43.82) | #10 ""sul @ thk9cMWm9U"" (60.57)",2026-10-02T18:52:39.335Z,179096715933501
"-- starting hand #135 (id: pcgzjsbmpsl0)  No Limit Texas Hold'em (dealer: ""rowan @ GthBpPSqaK"") --",2026-10-02T18:52:39.335Z,179096715933500
"-- ending hand #134 --",2026-10-02T18:52:33.408Z,179096715340802
"""dih @ GO72Iwd2XL"" collected 3.70 from pot",2026-10-02T18:52:33.408Z,179096715340801
"Uncalled bet of 3.70 returned to ""dih @ GO72Iwd2XL""",2026-10-02T18:52:33.408Z,179096715340800
"""sul @ thk9cMWm9U"" folds",2026-10-02T18:52:32.571Z,179096715257100
"""dih @ GO72Iwd2XL"" bets 3.70",2026-10-02T18:52:31.655Z,179096715165500
"Turn: 9♠, Q♣, 2♦ [3♠]",2026-10-02T18:52:29.357Z,179096714935700
"""sul @ thk9cMWm9U"" checks",2026-10-02T18:52:28.519Z,179096714851900
"""dih @ GO72Iwd2XL"" checks",2026-10-02T18:52:27.615Z,179096714761500
"Flop:  [9♠, Q♣, 2♦]",2026-10-02T18:52:25.955Z,179096714595500
"""dih @ GO72Iwd2XL"" calls 1.80",2026-10-02T18:52:25.133Z,179096714513300
"""rowan @ GthBpPSqaK"" folds",2026-10-02T18:52:24.204Z,179096714420400
"""Cameron @ eWUSzBpS1d"" folds",2026-10-02T18:52:23.272Z,179096714327200
"""sul @ thk9cMWm9U"" raises to 1.80",2026-10-02T18:52:22.431Z,179096714243100
"""sack @ boAReb7tW9"" folds",2026-10-02T18:52:16.448Z,179096713644800
"""Will @ h_ZrezeXHs"" folds",2026-10-02T18:52:15.523Z,179096713552300
"""jaaaaaaan @ O6Q78KIRx-"" folds",2026-10-02T18:52:14.634Z,179096713463400
"""Heech @ wzsls5Sz57"" folds",2026-10-02T18:52:12.875Z,179096713287500
"""dih @ GO72Iwd2XL"" posts a big blind of 0.20",2026-10-02T18:52:09.146Z,179096712914611
"""rowan @ GthBpPSqaK"" posts a small blind of 0.10",2026-10-02T18:52:09.146Z,179096712914610
"Your hand is 9♣, 4♦",2026-10-02T18:52:09.146Z,179096712914602
"Player stacks: #1 ""Cameron @ eWUSzBpS1d"" (42.90) | #2 ""rowan @ GthBpPSqaK"" (96.50) | #3 ""dih @ GO72Iwd2XL"" (80.70) | #4 ""Heech @ wzsls5Sz57"" (3.10) | #5 ""jaaaaaaan @ O6Q78KIRx-"" (71.45) | #7 ""Will @ h_ZrezeXHs"" (191.37) | #8 ""sack @ boAReb7tW9"" (43.82) | #10 ""sul @ thk9cMWm9U"" (62.37)",2026-10-02T18:52:09.146Z,179096712914601
"-- starting hand #134 (id: griohldiscx3)  No Limit Texas Hold'em (dealer: ""Cameron @ eWUSzBpS1d"") --",2026-10-02T18:52:09.146Z,179096712914600
"""rowan @ GthBpPSqaK"" shows a 7♠, 7♦.",2026-10-02T18:52:03.866Z,179096712386600
"-- ending hand #133 --",2026-10-02T18:52:02.575Z,179096712257504
"""Will @ h_ZrezeXHs"" collected 29.00 from pot with Three of a Kind, J's (combination: 8♠, 9♠, J♦, J♣, J♥)",2026-10-02T18:52:02.575Z,179096712257503
"""Heech @ wzsls5Sz57"" collected 3.10 from pot with Straight, J High (combination: 7♣, 8♠, 9♠, 10♣, J♥)",2026-10-02T18:52:02.575Z,179096712257502
"""Heech @ wzsls5Sz57"" shows a 10♣, 6♦.",2026-10-02T18:52:02.575Z,179096712257501
"""Will @ h_ZrezeXHs"" shows a J♦, J♣.",2026-10-02T18:52:02.575Z,179096712257500
"""rowan @ GthBpPSqaK"" calls 8.50",2026-10-02T18:52:01.726Z,179096712172600
"""Will @ h_ZrezeXHs"" raises to 8.50",2026-10-02T18:51:56.554Z,179096711655400
"""rowan @ GthBpPSqaK"" bets 0.20",2026-10-02T18:51:44.130Z,179096710413000
"River: 9♠, J♥, 8♠, 7♣ [3♣]",2026-10-02T18:51:40.936Z,179096710093600
"""Will @ h_ZrezeXHs"" checks",2026-10-02T18:51:40.078Z,179096710007800
"""rowan @ GthBpPSqaK"" checks",2026-10-02T18:51:37.991Z,179096709799100
"Turn: 9♠, J♥, 8♠ [7♣]",2026-10-02T18:51:35.655Z,179096709565500
"""rowan @ GthBpPSqaK"" calls 4.00",2026-10-02T18:51:34.811Z,179096709481100
"""Will @ h_ZrezeXHs"" bets 4.00",2026-10-02T18:51:32.797Z,179096709279700
"""rowan @ GthBpPSqaK"" checks",2026-10-02T18:51:29.242Z,179096708924200
"Flop:  [9♠, J♥, 8♠]",2026-10-02T18:51:26.647Z,179096708664700
"""rowan @ GthBpPSqaK"" calls 3.00",2026-10-02T18:51:25.791Z,179096708579100
"""Cameron @ eWUSzBpS1d"" folds",2026-10-02T18:51:24.905Z,179096708490500
"""sul @ thk9cMWm9U"" folds",2026-10-02T18:51:18.315Z,179096707831500
"""sack @ boAReb7tW9"" folds",2026-10-02T18:51:17.436Z,179096707743600
"""Will @ h_ZrezeXHs"" raises to 3.00",2026-10-02T18:51:15.890Z,179096707589000
"""jaaaaaaan @ O6Q78KIRx-"" folds",2026-10-02T18:51:13.609Z,179096707360900
"""Heech @ wzsls5Sz57"" raises to 1.00 and go all in",2026-10-02T18:51:09.865Z,179096706986500
"""dih @ GO72Iwd2XL"" folds",2026-10-02T18:51:06.428Z,179096706642800
"""rowan @ GthBpPSqaK"" posts a big blind of 0.20",2026-10-02T18:51:04.883Z,179096706488311
"""Cameron @ eWUSzBpS1d"" posts a small blind of 0.10",2026-10-02T18:51:04.883Z,179096706488310
"Your hand is 5♦, A♠",2026-10-02T18:51:04.883Z,179096706488302
"Player stacks: #1 ""Cameron @ eWUSzBpS1d"" (43.00) | #2 ""rowan @ GthBpPSqaK"" (112.00) | #3 ""dih @ GO72Iwd2XL"" (80.70) | #4 ""Heech @ wzsls5Sz57"" (1.00) | #5 ""jaaaaaaan @ O6Q78KIRx-"" (71.45) | #7 ""Will @ h_ZrezeXHs"" (177.87) | #8 ""sack @ boAReb7tW9"" (43.82) | #10 ""sul @ thk9cMWm9U"" (62.37)",2026-10-02T18:51:04.883Z,179096706488301
"-- starting hand #133 (id: akdnvulbwhaf)  No Limit Texas Hold'em (dealer: ""sul @ thk9cMWm9U"") --",2026-10-02T18:51:04.883Z,179096706488300
"-- ending hand #132 --",2026-10-02T18:50:58.840Z,179096705884002
"""dih @ GO72Iwd2XL"" collected 38.10 from pot with Two Pair, A's & K's (combination: J♣, K♣, K♠, A♠, A♥)",2026-10-02T18:50:58.840Z,179096705884001
"""dih @ GO72Iwd2XL"" shows a K♣, J♥.",2026-10-02T18:50:58.840Z,179096705884000
"""jaaaaaaan @ O6Q78KIRx-"" checks",2026-10-02T18:50:58.004Z,179096705800400
"""dih @ GO72Iwd2XL"" checks",2026-10-02T18:50:56.443Z,179096705644300
"River: A♠, J♣, 7♦, K♠ [A♥]",2026-10-02T18:50:49.835Z,179096704983500
"""jaaaaaaan @ O6Q78KIRx-"" calls 11.43",2026-10-02T18:50:48.992Z,179096704899200
"""dih @ GO72Iwd2XL"" bets 11.43",2026-10-02T18:50:42.628Z,179096704262800
"Turn: A♠, J♣, 7♦ [K♠]",2026-10-02T18:50:39.381Z,179096703938100
"""jaaaaaaan @ O6Q78KIRx-"" checks",2026-10-02T18:50:38.558Z,179096703855800
"""dih @ GO72Iwd2XL"" checks",2026-10-02T18:50:37.186Z,179096703718600
"Flop:  [A♠, J♣, 7♦]",2026-10-02T18:50:35.156Z,179096703515600
"""dih @ GO72Iwd2XL"" calls 6.97",2026-10-02T18:50:34.318Z,179096703431800
"""rowan @ GthBpPSqaK"" folds",2026-10-02T18:50:31.519Z,179096703151900
"""Cameron @ eWUSzBpS1d"" folds",2026-10-02T18:50:30.672Z,179096703067200
"""sul @ thk9cMWm9U"" folds",2026-10-02T18:50:21.699Z,179096702169900
"""sack @ boAReb7tW9"" folds",2026-10-02T18:50:19.568Z,179096701956800
"""Will @ h_ZrezeXHs"" folds",2026-10-02T18:50:18.681Z,179096701868100
"""jaaaaaaan @ O6Q78KIRx-"" raises to 6.97",2026-10-02T18:50:17.621Z,179096701762100
"""Heech @ wzsls5Sz57"" folds",2026-10-02T18:50:14.937Z,179096701493700
"""dih @ GO72Iwd2XL"" raises to 2.40",2026-10-02T18:50:14.024Z,179096701402400
"""rowan @ GthBpPSqaK"" raises to 1.00",2026-10-02T18:50:07.659Z,179096700765900
"""Cameron @ eWUSzBpS1d"" posts a big blind of 0.20",2026-10-02T18:50:03.599Z,179096700359912
"""sul @ thk9cMWm9U"" posts a small blind of 0.10",2026-10-02T18:50:03.599Z,179096700359911
"Your hand is 2♣, 9♥",2026-10-02T18:50:03.599Z,179096700359903
"Player stacks: #1 ""Cameron @ eWUSzBpS1d"" (43.20) | #2 ""rowan @ GthBpPSqaK"" (113.00) | #3 ""dih @ GO72Iwd2XL"" (61.00) | #4 ""Heech @ wzsls5Sz57"" (1.00) | #5 ""jaaaaaaan @ O6Q78KIRx-"" (89.85) | #7 ""Will @ h_ZrezeXHs"" (177.87) | #8 ""sack @ boAReb7tW9"" (43.82) | #10 ""sul @ thk9cMWm9U"" (62.47)",2026-10-02T18:50:03.599Z,179096700359902
"-- starting hand #132 (id: bqrlytcxxsfm)  No Limit Texas Hold'em (dealer: ""sack @ boAReb7tW9"") --",2026-10-02T18:50:03.599Z,179096700359901
"The player ""Heech @ wzsls5Sz57"" joined the game with a stack of 1.00.",2026-10-02T18:50:03.599Z,179096700359900
"""sack @ boAReb7tW9"" shows a 9♦.",2026-10-02T18:49:58.756Z,179096699875600
"""jaaaaaaan @ O6Q78KIRx-"" shows a 7♠, 4♠.",2026-10-02T18:49:58.621Z,179096699862100
"Undealt cards: 7♣, 3♣, 9♠, 8♦ [7♦]",2026-10-02T18:49:56.621Z,179096699662100
"-- ending hand #131 --",2026-10-02T18:49:56.261Z,179096699626102
"""sack @ boAReb7tW9"" collected 8.70 from pot",2026-10-02T18:49:56.261Z,179096699626101
"Uncalled bet of 4.35 returned to ""sack @ boAReb7tW9""",2026-10-02T18:49:56.261Z,179096699626100
"""Cameron @ eWUSzBpS1d"" folds",2026-10-02T18:49:55.426Z,179096699542600
"""sack @ boAReb7tW9"" bets 4.35",2026-10-02T18:49:40.200Z,179096698020000
"Turn: 7♣, 3♣, 9♠ [8♦]",2026-10-02T18:49:28.440Z,179096696844000
"""jaaaaaaan @ O6Q78KIRx-"" folds",2026-10-02T18:49:27.591Z,179096696759100
"""Cameron @ eWUSzBpS1d"" calls 2.90",2026-10-02T18:49:26.748Z,179096696674800
"""sack @ boAReb7tW9"" bets 2.90",2026-10-02T18:49:22.814Z,179096696281400
"Flop:  [7♣, 3♣, 9♠]",2026-10-02T18:49:17.154Z,179096695715400
"""sul @ thk9cMWm9U"" folds",2026-10-02T18:49:16.338Z,179096695633800
"The admin approved the player ""Heech @ wzsls5Sz57"" participation with a stack of 1.00.",2026-10-02T18:49:04.626Z,179096694462600
"""sack @ boAReb7tW9"" calls 0.90",2026-10-02T18:49:04.077Z,179096694407700
"""Will @ h_ZrezeXHs"" folds",2026-10-02T18:49:02.020Z,179096694202000
"The player ""Heech @ wzsls5Sz57"" requested a seat.",2026-10-02T18:49:01.428Z,179096694142800
"""jaaaaaaan @ O6Q78KIRx-"" calls 0.90",2026-10-02T18:49:00.958Z,179096694095800
"""dih @ GO72Iwd2XL"" folds",2026-10-02T18:48:59.994Z,179096693999400
"""rowan @ GthBpPSqaK"" folds",2026-10-02T18:48:57.897Z,179096693789700
"""Cameron @ eWUSzBpS1d"" raises to 0.90",2026-10-02T18:48:56.984Z,179096693698400
"""sul @ thk9cMWm9U"" posts a big blind of 0.20",2026-10-02T18:48:45.835Z,179096692583510
"""sack @ boAReb7tW9"" posts a small blind of 0.10",2026-10-02T18:48:45.835Z,179096692583509
"Your hand is K♣, A♠",2026-10-02T18:48:45.835Z,179096692583502
"Player stacks: #1 ""Cameron @ eWUSzBpS1d"" (47.00) | #2 ""rowan @ GthBpPSqaK"" (113.00) | #3 ""dih @ GO72Iwd2XL"" (61.00) | #5 ""jaaaaaaan @ O6Q78KIRx-"" (90.75) | #7 ""Will @ h_ZrezeXHs"" (177.87) | #8 ""sack @ boAReb7tW9"" (38.92) | #10 ""sul @ thk9cMWm9U"" (62.67)",2026-10-02T18:48:45.835Z,179096692583501
"-- starting hand #131 (id: cuzca54dohyd)  No Limit Texas Hold'em (dealer: ""Will @ h_ZrezeXHs"") --",2026-10-02T18:48:45.835Z,179096692583500
"-- ending hand #130 --",2026-10-02T18:48:39.769Z,179096691976903
"""jaaaaaaan @ O6Q78KIRx-"" collected 1.90 from pot with Pair, K's (combination: 10♦, Q♣, A♣, K♦, K♥)",2026-10-02T18:48:39.769Z,179096691976902
"""jaaaaaaan @ O6Q78KIRx-"" shows a K♦, 10♦.",2026-10-02T18:48:39.769Z,179096691976901
"""sack @ boAReb7tW9"" shows a 6♣, 5♠.",2026-10-02T18:48:39.769Z,179096691976900
"""jaaaaaaan @ O6Q78KIRx-"" checks",2026-10-02T18:48:38.939Z,179096691893900
"""sack @ boAReb7tW9"" checks",2026-10-02T18:48:37.994Z,179096691799400
"River: Q♣, K♥, 9♣, 8♥ [A♣]",2026-10-02T18:48:36.765Z,179096691676500
"""jaaaaaaan @ O6Q78KIRx-"" checks",2026-10-02T18:48:35.913Z,179096691591300
"""sack @ boAReb7tW9"" checks",2026-10-02T18:48:35.068Z,179096691506800
"Turn: Q♣, K♥, 9♣ [8♥]",2026-10-02T18:48:34.415Z,179096691441500
"""jaaaaaaan @ O6Q78KIRx-"" checks",2026-10-02T18:48:33.610Z,179096691361000
"""sack @ boAReb7tW9"" checks",2026-10-02T18:48:32.497Z,179096691249700
"Flop:  [Q♣, K♥, 9♣]",2026-10-02T18:48:30.757Z,179096691075700
"""sack @ boAReb7tW9"" calls 0.90",2026-10-02T18:48:29.942Z,179096690994200
"""Will @ h_ZrezeXHs"" folds",2026-10-02T18:48:24.199Z,179096690419900
"""jaaaaaaan @ O6Q78KIRx-"" raises to 0.90",2026-10-02T18:48:23.223Z,179096690322300
"""dih @ GO72Iwd2XL"" folds",2026-10-02T18:48:20.690Z,179096690069000
"""rowan @ GthBpPSqaK"" folds",2026-10-02T18:48:19.759Z,179096689975900
"""Cameron @ eWUSzBpS1d"" folds",2026-10-02T18:48:18.867Z,179096689886700
"""sul @ thk9cMWm9U"" folds",2026-10-02T18:48:18.024Z,179096689802400
"""sack @ boAReb7tW9"" posts a big blind of 0.20",2026-10-02T18:48:16.260Z,179096689626010
"""Will @ h_ZrezeXHs"" posts a small blind of 0.10",2026-10-02T18:48:16.260Z,179096689626009
"Your hand is 3♦, 2♥",2026-10-02T18:48:16.260Z,179096689626002
"Player stacks: #1 ""Cameron @ eWUSzBpS1d"" (47.00) | #2 ""rowan @ GthBpPSqaK"" (113.00) | #3 ""dih @ GO72Iwd2XL"" (61.00) | #5 ""jaaaaaaan @ O6Q78KIRx-"" (89.75) | #7 ""Will @ h_ZrezeXHs"" (177.97) | #8 ""sack @ boAReb7tW9"" (39.82) | #10 ""sul @ thk9cMWm9U"" (62.67)",2026-10-02T18:48:16.260Z,179096689626001
"-- starting hand #130 (id: xk28jiy5kf1o)  No Limit Texas Hold'em (dealer: ""jaaaaaaan @ O6Q78KIRx-"") --",2026-10-02T18:48:16.260Z,179096689626000
"""sul @ thk9cMWm9U"" shows a 8♣, 2♥.",2026-10-02T18:48:12.916Z,179096689291600
"-- ending hand #129 --",2026-10-02T18:48:09.738Z,179096688973804
"""dih @ GO72Iwd2XL"" collected 61.00 from pot with Straight, J High (combination: 7♦, 8♥, 9♣, 10♦, J♣)",2026-10-02T18:48:09.738Z,179096688973803
"""dih @ GO72Iwd2XL"" shows a 7♦, 10♦.",2026-10-02T18:48:09.738Z,179096688973802
"""jaaaaaaan @ O6Q78KIRx-"" shows a J♦, J♠.",2026-10-02T18:48:09.738Z,179096688973801
"Uncalled bet of 89.75 returned to ""jaaaaaaan @ O6Q78KIRx-""",2026-10-02T18:48:09.738Z,179096688973800
"""dih @ GO72Iwd2XL"" calls 1.13 and go all in",2026-10-02T18:48:08.883Z,179096688888300
"""jaaaaaaan @ O6Q78KIRx-"" bets 90.88 and go all in",2026-10-02T18:48:07.960Z,179096688796000
"River: 8♥, 5♦, 2♠, 9♣ [J♣]",2026-10-02T18:48:05.036Z,179096688503600
"""dih @ GO72Iwd2XL"" calls 17.62",2026-10-02T18:48:04.208Z,179096688420800
"""jaaaaaaan @ O6Q78KIRx-"" bets 17.62",2026-10-02T18:48:00.957Z,179096688095700
"Turn: 8♥, 5♦, 2♠ [9♣]",2026-10-02T18:47:57.317Z,179096687731700
"""dih @ GO72Iwd2XL"" calls 7.05",2026-10-02T18:47:56.499Z,179096687649900
"""Cameron @ eWUSzBpS1d"" folds",2026-10-02T18:47:54.285Z,179096687428500
"""jaaaaaaan @ O6Q78KIRx-"" bets 7.05",2026-10-02T18:47:51.227Z,179096687122700
"Flop:  [8♥, 5♦, 2♠]",2026-10-02T18:47:46.268Z,179096686626800
"""dih @ GO72Iwd2XL"" calls 3.00",2026-10-02T18:47:45.417Z,179096686541700
"""Cameron @ eWUSzBpS1d"" calls 3.00",2026-10-02T18:47:43.310Z,179096686331000
"""sack @ boAReb7tW9"" folds",2026-10-02T18:47:34.196Z,179096685419600
"""Will @ h_ZrezeXHs"" folds",2026-10-02T18:47:33.202Z,179096685320200
"""jaaaaaaan @ O6Q78KIRx-"" raises to 3.00",2026-10-02T18:47:32.182Z,179096685218200
"""dih @ GO72Iwd2XL"" raises to 0.80",2026-10-02T18:47:28.542Z,179096684854200
"""rowan @ GthBpPSqaK"" folds",2026-10-02T18:47:24.827Z,179096684482700
"""Cameron @ eWUSzBpS1d"" calls 0.20",2026-10-02T18:47:23.974Z,179096684397400
"""sul @ thk9cMWm9U"" folds",2026-10-02T18:47:10.553Z,179096683055300
"""sack @ boAReb7tW9"" calls 0.20",2026-10-02T18:47:04.195Z,179096682419500
"""Will @ h_ZrezeXHs"" posts a big blind of 0.20",2026-10-02T18:47:02.148Z,179096682214811
"""jaaaaaaan @ O6Q78KIRx-"" posts a small blind of 0.10",2026-10-02T18:47:02.148Z,179096682214810
"Your hand is 10♠, 8♠",2026-10-02T18:47:02.148Z,179096682214803
"Player stacks: #1 ""Cameron @ eWUSzBpS1d"" (50.00) | #2 ""rowan @ GthBpPSqaK"" (113.00) | #3 ""dih @ GO72Iwd2XL"" (28.80) | #5 ""jaaaaaaan @ O6Q78KIRx-"" (118.55) | #7 ""Will @ h_ZrezeXHs"" (178.17) | #8 ""sack @ boAReb7tW9"" (40.02) | #10 ""sul @ thk9cMWm9U"" (62.67)",2026-10-02T18:47:02.148Z,179096682214802
"-- starting hand #129 (id: fllangocn4fo)  No Limit Texas Hold'em (dealer: ""dih @ GO72Iwd2XL"") --",2026-10-02T18:47:02.148Z,179096682214801
"The player ""Cameron @ eWUSzBpS1d"" joined the game with a stack of 50.00.",2026-10-02T18:47:02.148Z,179096682214800
"-- ending hand #128 --",2026-10-02T18:46:56.200Z,179096681620002
"""sack @ boAReb7tW9"" collected 4.00 from pot",2026-10-02T18:46:56.200Z,179096681620001
"Uncalled bet of 2.00 returned to ""sack @ boAReb7tW9""",2026-10-02T18:46:56.200Z,179096681620000
"""jaaaaaaan @ O6Q78KIRx-"" folds",2026-10-02T18:46:55.390Z,179096681539000
"""dih @ GO72Iwd2XL"" folds",2026-10-02T18:46:54.437Z,179096681443700
"""rowan @ GthBpPSqaK"" folds",2026-10-02T18:46:40.233Z,179096680023300
"""sack @ boAReb7tW9"" bets 2.00",2026-10-02T18:46:39.111Z,179096679911100
"""jaaaaaaan @ O6Q78KIRx-"" checks",2026-10-02T18:46:35.974Z,179096679597400
"""dih @ GO72Iwd2XL"" checks",2026-10-02T18:46:34.876Z,179096679487600
"Flop:  [5♣, 4♠, K♠]",2026-10-02T18:46:31.057Z,179096679105700
"""sack @ boAReb7tW9"" calls 1.00",2026-10-02T18:46:30.187Z,179096679018700
"""jaaaaaaan @ O6Q78KIRx-"" calls 1.00",2026-10-02T18:46:29.302Z,179096678930200
"""dih @ GO72Iwd2XL"" calls 1.00",2026-10-02T18:46:27.796Z,179096678779600
"The admin approved the player ""Cameron @ eWUSzBpS1d"" participation with a stack of 50.00.",2026-10-02T18:46:25.854Z,179096678585400
"The player ""Cameron @ eWUSzBpS1d"" requested a seat.",2026-10-02T18:46:24.951Z,179096678495100
"""rowan @ GthBpPSqaK"" raises to 1.00",2026-10-02T18:46:24.676Z,179096678467600
"""sul @ thk9cMWm9U"" folds",2026-10-02T18:46:22.114Z,179096678211400
"""sack @ boAReb7tW9"" calls 0.20",2026-10-02T18:46:20.901Z,179096678090100
"The player ""Heech @ wzsls5Sz57"" passed the room ownership to ""rowan @ GthBpPSqaK"".",2026-10-02T18:46:19.309Z,179096677930900
"""Will @ h_ZrezeXHs"" folds",2026-10-02T18:46:19.122Z,179096677912200
"""jaaaaaaan @ O6Q78KIRx-"" posts a big blind of 0.20",2026-10-02T18:46:16.931Z,179096677693112
"""dih @ GO72Iwd2XL"" posts a small blind of 0.10",2026-10-02T18:46:16.931Z,179096677693111
"Player stacks: #2 ""rowan @ GthBpPSqaK"" (114.00) | #3 ""dih @ GO72Iwd2XL"" (29.80) | #5 ""jaaaaaaan @ O6Q78KIRx-"" (119.55) | #7 ""Will @ h_ZrezeXHs"" (178.17) | #8 ""sack @ boAReb7tW9"" (37.02) | #10 ""sul @ thk9cMWm9U"" (62.67)",2026-10-02T18:46:16.931Z,179096677693104
"-- starting hand #128 (id: 3ez5jb1apget)  No Limit Texas Hold'em (dealer: ""rowan @ GthBpPSqaK"") --",2026-10-02T18:46:16.931Z,179096677693103
"The player ""Cameron @ eWUSzBpS1d"" quits the game with a stack of 0.00.",2026-10-02T18:46:16.931Z,179096677693102
"The player ""Heech @ wzsls5Sz57"" quits the game with a stack of 0.00.",2026-10-02T18:46:16.931Z,179096677693101
"Pending rebuy requests expired and were rejected.",2026-10-02T18:46:16.931Z,179096677693100
"Waiting for the game owner to approve or reject pending rebuy requests.",2026-10-02T18:46:06.926Z,179096676692601
"The player ""Cameron @ eWUSzBpS1d"" requested a rebuy of 50.00.",2026-10-02T18:46:06.926Z,179096676692600
"Asking to busted players the rebuy decision.",2026-10-02T18:46:00.730Z,179096676073000
"""rowan @ GthBpPSqaK"" shows a 7♣, 8♥.",2026-10-02T18:45:57.934Z,179096675793400
"""Heech @ wzsls5Sz57"" shows a 7♦, 2♥.",2026-10-02T18:45:56.459Z,179096675645900
"""sul @ thk9cMWm9U"" shows a 9♥, 8♣.",2026-10-02T18:45:54.787Z,179096675478700
"-- ending hand #127 --",2026-10-02T18:45:53.199Z,179096675319904
"""jaaaaaaan @ O6Q78KIRx-"" collected 18.84 from pot with Two Pair, 7's & 6's (combination: K♠, 6♥, 6♠, 7♠, 7♥)",2026-10-02T18:45:53.199Z,179096675319903
"""jaaaaaaan @ O6Q78KIRx-"" collected 79.90 from pot with Two Pair, 7's & 6's (combination: K♠, 6♥, 6♠, 7♠, 7♥)",2026-10-02T18:45:53.199Z,179096675319902
"""jaaaaaaan @ O6Q78KIRx-"" shows a 7♠, 6♥.",2026-10-02T18:45:53.199Z,179096675319901
"""Cameron @ eWUSzBpS1d"" shows a A♥, 5♦.",2026-10-02T18:45:53.199Z,179096675319900
"""sack @ boAReb7tW9"" checks",2026-10-02T18:45:52.396Z,179096675239600
"""jaaaaaaan @ O6Q78KIRx-"" checks",2026-10-02T18:45:51.529Z,179096675152900
"River: 6♠, 5♠, K♠, 7♥ [3♣]",2026-10-02T18:45:51.365Z,179096675136500
"""sack @ boAReb7tW9"" checks",2026-10-02T18:45:50.534Z,179096675053400
"""jaaaaaaan @ O6Q78KIRx-"" checks",2026-10-02T18:45:49.315Z,179096674931500
"Turn: 6♠, 5♠, K♠ [7♥]",2026-10-02T18:45:49.171Z,179096674917100
"""sack @ boAReb7tW9"" checks",2026-10-02T18:45:48.365Z,179096674836500
"""jaaaaaaan @ O6Q78KIRx-"" checks",2026-10-02T18:45:47.056Z,179096674705600
"Flop:  [6♠, 5♠, K♠]",2026-10-02T18:45:43.511Z,179096674351100
"""sack @ boAReb7tW9"" calls 26.18",2026-10-02T18:45:42.702Z,179096674270200
"""jaaaaaaan @ O6Q78KIRx-"" calls 26.18",2026-10-02T18:45:29.471Z,179096672947100
"""Cameron @ eWUSzBpS1d"" calls 19.90 and go all in",2026-10-02T18:45:28.484Z,179096672848400
"""dih @ GO72Iwd2XL"" folds",2026-10-02T18:45:09.900Z,179096670990000
"""rowan @ GthBpPSqaK"" folds",2026-10-02T18:45:08.908Z,179096670890800
"""Heech @ wzsls5Sz57"" raises to 26.18 and go all in",2026-10-02T18:45:08.032Z,179096670803200
"""sul @ thk9cMWm9U"" folds",2026-10-02T18:45:05.433Z,179096670543300
"""sack @ boAReb7tW9"" calls 0.90",2026-10-02T18:45:03.376Z,179096670337600
"""Will @ h_ZrezeXHs"" folds",2026-10-02T18:45:02.498Z,179096670249800
"""jaaaaaaan @ O6Q78KIRx-"" calls 0.90",2026-10-02T18:44:58.072Z,179096669807200
"""Cameron @ eWUSzBpS1d"" raises to 0.90",2026-10-02T18:44:56.290Z,179096669629000
"""dih @ GO72Iwd2XL"" posts a big blind of 0.20",2026-10-02T18:44:42.668Z,179096668266811
"""rowan @ GthBpPSqaK"" posts a small blind of 0.10",2026-10-02T18:44:42.668Z,179096668266810
"Your hand is A♥, 5♦",2026-10-02T18:44:42.668Z,179096668266805
"Player stacks: #1 ""Heech @ wzsls5Sz57"" (26.18) | #2 ""rowan @ GthBpPSqaK"" (114.10) | #3 ""dih @ GO72Iwd2XL"" (30.00) | #4 ""Cameron @ eWUSzBpS1d"" (19.90) | #5 ""jaaaaaaan @ O6Q78KIRx-"" (46.99) | #7 ""Will @ h_ZrezeXHs"" (178.17) | #8 ""sack @ boAReb7tW9"" (63.20) | #10 ""sul @ thk9cMWm9U"" (62.67)",2026-10-02T18:44:42.668Z,179096668266801
"-- starting hand #127 (id: otm0niig8dpl)  No Limit Texas Hold'em (dealer: ""Heech @ wzsls5Sz57"") --",2026-10-02T18:44:42.668Z,179096668266800
"-- ending hand #126 --",2026-10-02T18:44:36.691Z,179096667669102
"""sul @ thk9cMWm9U"" collected 18.00 from pot",2026-10-02T18:44:36.691Z,179096667669101
"Uncalled bet of 9.00 returned to ""sul @ thk9cMWm9U""",2026-10-02T18:44:36.691Z,179096667669100
"""Heech @ wzsls5Sz57"" folds",2026-10-02T18:44:35.880Z,179096667588000
"""sul @ thk9cMWm9U"" bets 9.00",2026-10-02T18:44:33.142Z,179096667314200
"""Heech @ wzsls5Sz57"" checks",2026-10-02T18:44:26.821Z,179096666682100
"Turn: 10♦, 5♦, 7♥ [Q♦]",2026-10-02T18:44:26.063Z,179096666606300
"""Heech @ wzsls5Sz57"" calls 4.50",2026-10-02T18:44:25.252Z,179096666525200
"""sul @ thk9cMWm9U"" bets 4.50",2026-10-02T18:44:24.131Z,179096666413100
"""Heech @ wzsls5Sz57"" checks",2026-10-02T18:44:21.361Z,179096666136100
"Flop:  [10♦, 5♦, 7♥]",2026-10-02T18:44:19.471Z,179096665947100
"""sack @ boAReb7tW9"" folds",2026-10-02T18:44:18.658Z,179096665865800
"""jaaaaaaan @ O6Q78KIRx-"" folds",2026-10-02T18:44:17.570Z,179096665757000
"""rowan @ GthBpPSqaK"" folds",2026-10-02T18:44:16.697Z,179096665669700
"""Heech @ wzsls5Sz57"" calls 3.50",2026-10-02T18:44:15.841Z,179096665584100
"""sul @ thk9cMWm9U"" raises to 3.50",2026-10-02T18:44:12.613Z,179096665261300
"""sack @ boAReb7tW9"" calls 0.90",2026-10-02T18:44:05.007Z,179096664500700
"""Will @ h_ZrezeXHs"" folds",2026-10-02T18:44:03.901Z,179096664390100
"""jaaaaaaan @ O6Q78KIRx-"" raises to 0.90",2026-10-02T18:44:02.763Z,179096664276300
"""Cameron @ eWUSzBpS1d"" folds",2026-10-02T18:44:00.258Z,179096664025800
"""dih @ GO72Iwd2XL"" folds",2026-10-02T18:43:59.371Z,179096663937100
"""rowan @ GthBpPSqaK"" posts a big blind of 0.20",2026-10-02T18:43:57.834Z,179096663783413
"""Heech @ wzsls5Sz57"" posts a small blind of 0.10",2026-10-02T18:43:57.834Z,179096663783412
"Your hand is 2♥, 5♠",2026-10-02T18:43:57.834Z,179096663783407
"Player stacks: #1 ""Heech @ wzsls5Sz57"" (34.18) | #2 ""rowan @ GthBpPSqaK"" (114.30) | #3 ""dih @ GO72Iwd2XL"" (30.00) | #4 ""Cameron @ eWUSzBpS1d"" (19.90) | #5 ""jaaaaaaan @ O6Q78KIRx-"" (47.89) | #7 ""Will @ h_ZrezeXHs"" (178.17) | #8 ""sack @ boAReb7tW9"" (64.10) | #10 ""sul @ thk9cMWm9U"" (52.67)",2026-10-02T18:43:57.834Z,179096663783403
"-- starting hand #126 (id: pqadqxlkdeif)  No Limit Texas Hold'em (dealer: ""sul @ thk9cMWm9U"") --",2026-10-02T18:43:57.834Z,179096663783402
"The player ""dih @ GO72Iwd2XL"" joined the game with a stack of 30.00.",2026-10-02T18:43:57.834Z,179096663783401
"The player ""Gabe @ 9mpVPy0oPx"" stand up with the stack of 44.09.",2026-10-02T18:43:57.834Z,179096663783400
"-- ending hand #125 --",2026-10-02T18:43:51.826Z,179096663182602
"""sul @ thk9cMWm9U"" collected 6.40 from pot with Pair, Q's (combination: 10♣, J♦, K♠, Q♣, Q♠)",2026-10-02T18:43:51.826Z,179096663182601
"""sul @ thk9cMWm9U"" shows a Q♣, 7♣.",2026-10-02T18:43:51.826Z,179096663182600
"""Heech @ wzsls5Sz57"" calls 0.80",2026-10-02T18:43:51.009Z,179096663100900
"""sul @ thk9cMWm9U"" bets 0.80",2026-10-02T18:43:49.964Z,179096662996400
"River: J♦, K♠, 5♦, 10♣ [Q♠]",2026-10-02T18:43:45.187Z,179096662518700
"""Heech @ wzsls5Sz57"" calls 1.60",2026-10-02T18:43:44.291Z,179096662429100
"""sul @ thk9cMWm9U"" bets 1.60",2026-10-02T18:43:43.126Z,179096662312600
"Turn: J♦, K♠, 5♦ [10♣]",2026-10-02T18:43:37.417Z,179096661741700
"""Heech @ wzsls5Sz57"" checks",2026-10-02T18:43:36.581Z,179096661658100
"""sul @ thk9cMWm9U"" checks",2026-10-02T18:43:31.541Z,179096661154100
"Flop:  [J♦, K♠, 5♦]",2026-10-02T18:43:29.462Z,179096660946200
"""Heech @ wzsls5Sz57"" calls 0.80",2026-10-02T18:43:28.642Z,179096660864200
"The admin approved the player ""dih @ GO72Iwd2XL"" participation with a stack of 30.00.",2026-10-02T18:43:27.534Z,179096660753400
"The player ""dih @ GO72Iwd2XL"" requested a seat.",2026-10-02T18:43:26.322Z,179096660632200
"""sul @ thk9cMWm9U"" raises to 0.80",2026-10-02T18:43:25.815Z,179096660581500
"""Gabe @ 9mpVPy0oPx"" folds",2026-10-02T18:43:22.796Z,179096660279600
"""sack @ boAReb7tW9"" folds",2026-10-02T18:43:21.983Z,179096660198300
"""Will @ h_ZrezeXHs"" folds",2026-10-02T18:43:21.094Z,179096660109400
"""jaaaaaaan @ O6Q78KIRx-"" folds",2026-10-02T18:43:20.008Z,179096660000800
"""Cameron @ eWUSzBpS1d"" folds",2026-10-02T18:43:18.845Z,179096659884500
"""rowan @ GthBpPSqaK"" folds",2026-10-02T18:43:18.015Z,179096659801500
"""Heech @ wzsls5Sz57"" posts a big blind of 0.20",2026-10-02T18:43:16.794Z,179096659679413
"""sul @ thk9cMWm9U"" posts a small blind of 0.10",2026-10-02T18:43:16.794Z,179096659679412
"Your hand is 2♠, 10♥",2026-10-02T18:43:16.794Z,179096659679406
"Player stacks: #1 ""Heech @ wzsls5Sz57"" (37.38) | #2 ""rowan @ GthBpPSqaK"" (114.30) | #4 ""Cameron @ eWUSzBpS1d"" (19.90) | #5 ""jaaaaaaan @ O6Q78KIRx-"" (47.89) | #7 ""Will @ h_ZrezeXHs"" (178.17) | #8 ""sack @ boAReb7tW9"" (64.10) | #9 ""Gabe @ 9mpVPy0oPx"" (44.09) | #10 ""sul @ thk9cMWm9U"" (49.47)",2026-10-02T18:43:16.794Z,179096659679403
"-- starting hand #125 (id: 87qbroxv40mp)  No Limit Texas Hold'em (dealer: ""Gabe @ 9mpVPy0oPx"") --",2026-10-02T18:43:16.794Z,179096659679402
"The player ""Neel @ WyajbU_LR7"" quits the game with a stack of 41.41.",2026-10-02T18:43:16.794Z,179096659679401
"The player ""Rayan @ nhXZL_Cydv"" quits the game with a stack of 92.76.",2026-10-02T18:43:16.794Z,179096659679400
"The admin ""Heech @ wzsls5Sz57"" enqueued the removal of the player ""Rayan @ nhXZL_Cydv"".",2026-10-02T18:43:13.880Z,179096659388000
"-- ending hand #124 --",2026-10-02T18:43:08.789Z,179096658878902
"""rowan @ GthBpPSqaK"" collected 37.38 from pot with Pair, 9's on the second run  (combination: 8♥, J♦, A♥, 9♥, 9♠)",2026-10-02T18:43:08.789Z,179096658878901
"""Heech @ wzsls5Sz57"" collected 37.38 from pot with Pair, K's (combination: 9♦, 10♥, A♦, K♣, K♦)",2026-10-02T18:43:08.789Z,179096658878900
"River (second run): 2♣, 7♠, 9♠, J♦ [A♥]",2026-10-02T18:43:04.785Z,179096658478500
"Turn (second run): 2♣, 7♠, 9♠ [J♦]",2026-10-02T18:43:00.764Z,179096658076400
"Flop (second run):  [2♣, 7♠, 9♠]",2026-10-02T18:42:56.740Z,179096657674000
"River: K♦, A♦, 9♦, 10♥ [6♦]",2026-10-02T18:42:52.725Z,179096657272500
"Turn: K♦, A♦, 9♦ [10♥]",2026-10-02T18:42:48.714Z,179096656871400
"Flop:  [K♦, A♦, 9♦]",2026-10-02T18:42:44.711Z,179096656471100
"""rowan @ GthBpPSqaK"" shows a 8♥, 9♥.",2026-10-02T18:42:40.694Z,179096656069401
"""Heech @ wzsls5Sz57"" shows a 2♥, K♣.",2026-10-02T18:42:40.694Z,179096656069400
"All players in hand choose to run it twice.",2026-10-02T18:42:39.872Z,179096655987201
"""Heech @ wzsls5Sz57"" chooses to  run it twice.",2026-10-02T18:42:39.872Z,179096655987200
"""rowan @ GthBpPSqaK"" chooses to  run it twice.",2026-10-02T18:42:39.430Z,179096655943000
"Remaining players decide whether to run it twice.",2026-10-02T18:42:38.412Z,179096655841201
"""sul @ thk9cMWm9U"" folds",2026-10-02T18:42:38.412Z,179096655841200
"""Gabe @ 9mpVPy0oPx"" folds",2026-10-02T18:42:37.522Z,179096655752200
"""sack @ boAReb7tW9"" folds",2026-10-02T18:42:36.596Z,179096655659600
"""Will @ h_ZrezeXHs"" folds",2026-10-02T18:42:35.726Z,179096655572600
"""Neel @ WyajbU_LR7"" folds",2026-10-02T18:42:34.719Z,179096655471900
"""jaaaaaaan @ O6Q78KIRx-"" folds",2026-10-02T18:42:33.903Z,179096655390300
"""Cameron @ eWUSzBpS1d"" folds",2026-10-02T18:42:33.025Z,179096655302500
"""rowan @ GthBpPSqaK"" calls 37.23",2026-10-02T18:42:19.322Z,179096653932200
"""Heech @ wzsls5Sz57"" raises to 37.23 and go all in",2026-10-02T18:41:54.712Z,179096651471200
"""sul @ thk9cMWm9U"" posts a big blind of 0.20",2026-10-02T18:41:43.867Z,179096650386712
"""Gabe @ 9mpVPy0oPx"" posts a small blind of 0.10",2026-10-02T18:41:43.867Z,179096650386711
"Your hand is Q♠, 8♦",2026-10-02T18:41:43.867Z,179096650386704
"Player stacks: #1 ""Heech @ wzsls5Sz57"" (37.23) | #2 ""rowan @ GthBpPSqaK"" (114.15) | #4 ""Cameron @ eWUSzBpS1d"" (19.90) | #5 ""jaaaaaaan @ O6Q78KIRx-"" (47.89) | #6 ""Neel @ WyajbU_LR7"" (41.41) | #7 ""Will @ h_ZrezeXHs"" (178.17) | #8 ""sack @ boAReb7tW9"" (64.10) | #9 ""Gabe @ 9mpVPy0oPx"" (44.19) | #10 ""sul @ thk9cMWm9U"" (49.67)",2026-10-02T18:41:43.867Z,179096650386701
"-- starting hand #124 (id: glkpwcmmdgtv)  No Limit Texas Hold'em (dealer: ""sack @ boAReb7tW9"") --",2026-10-02T18:41:43.867Z,179096650386700
"""rowan @ GthBpPSqaK"" shows a 7♦, 10♠.",2026-10-02T18:41:38.858Z,179096649885800
"-- ending hand #123 --",2026-10-02T18:41:37.350Z,179096649735003
"""Neel @ WyajbU_LR7"" collected 33.73 from pot with Two Pair, A's & 9's (combination: 7♥, 9♣, 9♥, A♥, A♦)",2026-10-02T18:41:37.350Z,179096649735002
"""Neel @ WyajbU_LR7"" shows a 9♣, A♥.",2026-10-02T18:41:37.350Z,179096649735001
"""Heech @ wzsls5Sz57"" shows a 10♦, 10♣.",2026-10-02T18:41:37.350Z,179096649735000
"""Neel @ WyajbU_LR7"" calls 8.43",2026-10-02T18:41:36.518Z,179096649651800
"""Heech @ wzsls5Sz57"" bets 8.43",2026-10-02T18:41:35.464Z,179096649546400
"River: 7♣, A♦, 7♥, 9♥ [4♣]",2026-10-02T18:41:33.370Z,179096649337000
"""Neel @ WyajbU_LR7"" calls 5.06",2026-10-02T18:41:32.555Z,179096649255500
"""Heech @ wzsls5Sz57"" bets 5.06",2026-10-02T18:41:31.393Z,179096649139300
"Turn: 7♣, A♦, 7♥ [9♥]",2026-10-02T18:41:29.167Z,179096648916700
"""Gabe @ 9mpVPy0oPx"" folds",2026-10-02T18:41:28.355Z,179096648835500
"""sack @ boAReb7tW9"" folds",2026-10-02T18:41:06.207Z,179096646620700
"""Neel @ WyajbU_LR7"" calls 2.25",2026-10-02T18:41:04.494Z,179096646449400
"""jaaaaaaan @ O6Q78KIRx-"" folds",2026-10-02T18:41:03.593Z,179096646359300
"""Heech @ wzsls5Sz57"" bets 2.25",2026-10-02T18:41:02.421Z,179096646242100
"""Gabe @ 9mpVPy0oPx"" checks",2026-10-02T18:41:00.104Z,179096646010400
"""sack @ boAReb7tW9"" checks",2026-10-02T18:40:58.617Z,179096645861700
"Flop:  [7♣, A♦, 7♥]",2026-10-02T18:40:56.442Z,179096645644200
"""Gabe @ 9mpVPy0oPx"" calls 0.45",2026-10-02T18:40:55.617Z,179096645561700
"""sack @ boAReb7tW9"" calls 0.45",2026-10-02T18:40:45.266Z,179096644526600
"""Will @ h_ZrezeXHs"" folds",2026-10-02T18:40:44.213Z,179096644421300
"""Neel @ WyajbU_LR7"" calls 0.45",2026-10-02T18:40:43.124Z,179096644312400
"""jaaaaaaan @ O6Q78KIRx-"" calls 0.45",2026-10-02T18:40:39.150Z,179096643915000
"""Cameron @ eWUSzBpS1d"" folds",2026-10-02T18:40:37.517Z,179096643751700
"""rowan @ GthBpPSqaK"" folds",2026-10-02T18:40:36.685Z,179096643668500
"""Heech @ wzsls5Sz57"" raises to 0.45",2026-10-02T18:40:35.104Z,179096643510400
"""sul @ thk9cMWm9U"" folds",2026-10-02T18:40:24.580Z,179096642458000
"""Gabe @ 9mpVPy0oPx"" posts a big blind of 0.20",2026-10-02T18:40:23.395Z,179096642339512
"""sack @ boAReb7tW9"" posts a small blind of 0.10",2026-10-02T18:40:23.395Z,179096642339511
"Your hand is 5♥, J♣",2026-10-02T18:40:23.395Z,179096642339504
"Player stacks: #1 ""Heech @ wzsls5Sz57"" (53.42) | #2 ""rowan @ GthBpPSqaK"" (114.15) | #4 ""Cameron @ eWUSzBpS1d"" (19.90) | #5 ""jaaaaaaan @ O6Q78KIRx-"" (48.34) | #6 ""Neel @ WyajbU_LR7"" (23.87) | #7 ""Will @ h_ZrezeXHs"" (178.17) | #8 ""sack @ boAReb7tW9"" (64.55) | #9 ""Gabe @ 9mpVPy0oPx"" (44.64) | #10 ""sul @ thk9cMWm9U"" (49.67)",2026-10-02T18:40:23.395Z,179096642339501
"-- starting hand #123 (id: qzxu3ctcq293)  No Limit Texas Hold'em (dealer: ""Will @ h_ZrezeXHs"") --",2026-10-02T18:40:23.395Z,179096642339500
"Undealt cards:  [7♠, 6♥, J♦, 9♦, 10♣]",2026-10-02T18:40:22.516Z,179096642251600
"""Heech @ wzsls5Sz57"" shows a A♥, 6♣.",2026-10-02T18:40:18.160Z,179096641816000
"""sul @ thk9cMWm9U"" shows a 8♦, Q♣.",2026-10-02T18:40:17.131Z,179096641713100
"""sack @ boAReb7tW9"" shows a 6♠, A♠.",2026-10-02T18:40:16.398Z,179096641639800
"""rowan @ GthBpPSqaK"" shows a Q♠, J♠.",2026-10-02T18:40:14.823Z,179096641482300
"-- ending hand #122 --",2026-10-02T18:40:14.676Z,179096641467602
"""Heech @ wzsls5Sz57"" collected 0.50 from pot",2026-10-02T18:40:14.676Z,179096641467601
"Uncalled bet of 52.92 returned to ""Heech @ wzsls5Sz57""",2026-10-02T18:40:14.676Z,179096641467600
"""sack @ boAReb7tW9"" folds",2026-10-02T18:40:13.855Z,179096641385500
"""Will @ h_ZrezeXHs"" folds",2026-10-02T18:40:11.662Z,179096641166200
"""Neel @ WyajbU_LR7"" folds",2026-10-02T18:40:10.752Z,179096641075200
"""jaaaaaaan @ O6Q78KIRx-"" folds",2026-10-02T18:40:09.823Z,179096640982300
"""Cameron @ eWUSzBpS1d"" folds",2026-10-02T18:40:08.899Z,179096640889900
"""rowan @ GthBpPSqaK"" folds",2026-10-02T18:40:04.860Z,179096640486000
"""Heech @ wzsls5Sz57"" raises to 53.12 and go all in",2026-10-02T18:39:45.094Z,179096638509400
"""sul @ thk9cMWm9U"" folds",2026-10-02T18:39:42.934Z,179096638293400
"""Gabe @ 9mpVPy0oPx"" folds",2026-10-02T18:39:37.669Z,179096637766900
"""sack @ boAReb7tW9"" posts a big blind of 0.20",2026-10-02T18:39:35.955Z,179096637595512
"""Will @ h_ZrezeXHs"" posts a small blind of 0.10",2026-10-02T18:39:35.955Z,179096637595511
"Your hand is 2♦, Q♥",2026-10-02T18:39:35.955Z,179096637595504
"Player stacks: #1 ""Heech @ wzsls5Sz57"" (53.12) | #2 ""rowan @ GthBpPSqaK"" (114.15) | #4 ""Cameron @ eWUSzBpS1d"" (19.90) | #5 ""jaaaaaaan @ O6Q78KIRx-"" (48.34) | #6 ""Neel @ WyajbU_LR7"" (23.87) | #7 ""Will @ h_ZrezeXHs"" (178.27) | #8 ""sack @ boAReb7tW9"" (64.75) | #9 ""Gabe @ 9mpVPy0oPx"" (44.64) | #10 ""sul @ thk9cMWm9U"" (49.67)",2026-10-02T18:39:35.955Z,179096637595501
"-- starting hand #122 (id: fhkshhelakag)  No Limit Texas Hold'em (dealer: ""Neel @ WyajbU_LR7"") --",2026-10-02T18:39:35.955Z,179096637595500
"""rowan @ GthBpPSqaK"" shows a 10♠.",2026-10-02T18:39:34.605Z,179096637460500
"""sack @ boAReb7tW9"" shows a A♠.",2026-10-02T18:39:32.820Z,179096637282000
"-- ending hand #121 --",2026-10-02T18:39:31.551Z,179096637155102
"""rowan @ GthBpPSqaK"" collected 9.90 from pot",2026-10-02T18:39:31.551Z,179096637155101
"Uncalled bet of 5.15 returned to ""rowan @ GthBpPSqaK""",2026-10-02T18:39:31.551Z,179096637155100
"""sack @ boAReb7tW9"" folds",2026-10-02T18:39:30.718Z,179096637071800
"""rowan @ GthBpPSqaK"" bets 5.15",2026-10-02T18:39:27.671Z,179096636767100
"""sack @ boAReb7tW9"" checks",2026-10-02T18:39:18.952Z,179096635895200
"River: 4♠, Q♠, A♣, K♣ [10♥]",2026-10-02T18:39:12.136Z,179096635213600
"""rowan @ GthBpPSqaK"" calls 3.30",2026-10-02T18:39:11.295Z,179096635129500
"""sack @ boAReb7tW9"" bets 3.30",2026-10-02T18:39:10.361Z,179096635036100
"Turn: 4♠, Q♠, A♣ [K♣]",2026-10-02T18:39:02.151Z,179096634215100
"""Will @ h_ZrezeXHs"" folds",2026-10-02T18:39:01.245Z,179096634124500
"""jaaaaaaan @ O6Q78KIRx-"" folds",2026-10-02T18:39:00.363Z,179096634036300
"""rowan @ GthBpPSqaK"" calls 1.10",2026-10-02T18:38:57.689Z,179096633768900
"""Heech @ wzsls5Sz57"" folds",2026-10-02T18:38:56.834Z,179096633683400
"""sack @ boAReb7tW9"" bets 1.10",2026-10-02T18:38:55.915Z,179096633591500
"""Will @ h_ZrezeXHs"" checks",2026-10-02T18:38:54.059Z,179096633405900
"Flop:  [4♠, Q♠, A♣]",2026-10-02T18:38:52.202Z,179096633220200
"""Will @ h_ZrezeXHs"" checks",2026-10-02T18:38:51.366Z,179096633136600
"""Neel @ WyajbU_LR7"" folds",2026-10-02T18:38:50.390Z,179096633039000
"""jaaaaaaan @ O6Q78KIRx-"" calls 0.20",2026-10-02T18:38:49.499Z,179096632949900
"""Cameron @ eWUSzBpS1d"" folds",2026-10-02T18:38:47.135Z,179096632713500
"""rowan @ GthBpPSqaK"" calls 0.20",2026-10-02T18:38:37.699Z,179096631769900
"""Heech @ wzsls5Sz57"" calls 0.20",2026-10-02T18:38:36.823Z,179096631682300
"""sul @ thk9cMWm9U"" folds",2026-10-02T18:38:34.878Z,179096631487800
"""Gabe @ 9mpVPy0oPx"" folds",2026-10-02T18:38:34.030Z,179096631403000
"""sack @ boAReb7tW9"" calls 0.20",2026-10-02T18:38:33.176Z,179096631317600
"""Will @ h_ZrezeXHs"" posts a big blind of 0.20",2026-10-02T18:38:32.037Z,179096631203712
"""Neel @ WyajbU_LR7"" posts a small blind of 0.10",2026-10-02T18:38:32.037Z,179096631203711
"Your hand is 8♥, 3♣",2026-10-02T18:38:32.037Z,179096631203704
"Player stacks: #1 ""Heech @ wzsls5Sz57"" (53.32) | #2 ""rowan @ GthBpPSqaK"" (108.85) | #4 ""Cameron @ eWUSzBpS1d"" (19.90) | #5 ""jaaaaaaan @ O6Q78KIRx-"" (48.54) | #6 ""Neel @ WyajbU_LR7"" (23.97) | #7 ""Will @ h_ZrezeXHs"" (178.47) | #8 ""sack @ boAReb7tW9"" (69.35) | #9 ""Gabe @ 9mpVPy0oPx"" (44.64) | #10 ""sul @ thk9cMWm9U"" (49.67)",2026-10-02T18:38:32.037Z,179096631203701
"-- starting hand #121 (id: nlhcf4eaonj6)  No Limit Texas Hold'em (dealer: ""jaaaaaaan @ O6Q78KIRx-"") --",2026-10-02T18:38:32.037Z,179096631203700
"""rowan @ GthBpPSqaK"" shows a 7♠.",2026-10-02T18:38:27.117Z,179096630711700
"""sack @ boAReb7tW9"" shows a 3♣, 3♠.",2026-10-02T18:38:27.015Z,179096630701500
"Undealt cards: 7♦, K♣, K♠ [K♥, J♦]",2026-10-02T18:38:26.148Z,179096630614800
"-- ending hand #120 --",2026-10-02T18:38:24.730Z,179096630473002
"""rowan @ GthBpPSqaK"" collected 4.20 from pot",2026-10-02T18:38:24.730Z,179096630473001
"Uncalled bet of 2.10 returned to ""rowan @ GthBpPSqaK""",2026-10-02T18:38:24.730Z,179096630473000
"""Heech @ wzsls5Sz57"" folds",2026-10-02T18:38:23.910Z,179096630391000
"""sack @ boAReb7tW9"" folds",2026-10-02T18:38:18.405Z,179096629840500
"""jaaaaaaan @ O6Q78KIRx-"" folds",2026-10-02T18:38:11.066Z,179096629106600
"""rowan @ GthBpPSqaK"" bets 2.10",2026-10-02T18:38:09.796Z,179096628979600
"""Heech @ wzsls5Sz57"" checks",2026-10-02T18:38:06.891Z,179096628689100
"""sack @ boAReb7tW9"" checks",2026-10-02T18:38:04.962Z,179096628496200
"""jaaaaaaan @ O6Q78KIRx-"" checks",2026-10-02T18:38:02.120Z,179096628212000
"Flop:  [7♦, K♣, K♠]",2026-10-02T18:38:00.709Z,179096628070900
"""Heech @ wzsls5Sz57"" calls 1.00",2026-10-02T18:37:59.902Z,179096627990200
"""sack @ boAReb7tW9"" calls 1.00",2026-10-02T18:37:57.118Z,179096627711800
"""Neel @ WyajbU_LR7"" folds",2026-10-02T18:37:55.909Z,179096627590900
"""jaaaaaaan @ O6Q78KIRx-"" calls 1.00",2026-10-02T18:37:53.623Z,179096627362300
"""Cameron @ eWUSzBpS1d"" folds",2026-10-02T18:37:50.200Z,179096627020000
"""rowan @ GthBpPSqaK"" raises to 1.00",2026-10-02T18:37:49.315Z,179096626931500
"""Heech @ wzsls5Sz57"" calls 0.20",2026-10-02T18:37:46.492Z,179096626649200
"""sul @ thk9cMWm9U"" folds",2026-10-02T18:37:34.185Z,179096625418500
"""Gabe @ 9mpVPy0oPx"" folds",2026-10-02T18:37:31.297Z,179096625129700
"""sack @ boAReb7tW9"" calls 0.20",2026-10-02T18:37:29.713Z,179096624971300
"""Will @ h_ZrezeXHs"" folds",2026-10-02T18:37:27.762Z,179096624776200
"""Neel @ WyajbU_LR7"" posts a big blind of 0.20",2026-10-02T18:37:26.061Z,179096624606112
"""jaaaaaaan @ O6Q78KIRx-"" posts a small blind of 0.10",2026-10-02T18:37:26.061Z,179096624606111
"Your hand is J♥, 6♠",2026-10-02T18:37:26.061Z,179096624606104
"Player stacks: #1 ""Heech @ wzsls5Sz57"" (54.32) | #2 ""rowan @ GthBpPSqaK"" (105.65) | #4 ""Cameron @ eWUSzBpS1d"" (19.90) | #5 ""jaaaaaaan @ O6Q78KIRx-"" (49.54) | #6 ""Neel @ WyajbU_LR7"" (24.17) | #7 ""Will @ h_ZrezeXHs"" (178.47) | #8 ""sack @ boAReb7tW9"" (70.35) | #9 ""Gabe @ 9mpVPy0oPx"" (44.64) | #10 ""sul @ thk9cMWm9U"" (49.67)",2026-10-02T18:37:26.061Z,179096624606101
"-- starting hand #120 (id: gmpdq3clljpw)  No Limit Texas Hold'em (dealer: ""Cameron @ eWUSzBpS1d"") --",2026-10-02T18:37:26.061Z,179096624606100
"-- ending hand #119 --",2026-10-02T18:37:20.028Z,179096624002802
"""sack @ boAReb7tW9"" collected 36.03 from pot with Full House, 9's over J's (combination: J♣, J♠, 9♠, 9♥, 9♦)",2026-10-02T18:37:20.028Z,179096624002801
"""sack @ boAReb7tW9"" shows a J♣, 9♠.",2026-10-02T18:37:20.028Z,179096624002800
"""Heech @ wzsls5Sz57"" calls 12.01",2026-10-02T18:37:19.165Z,179096623916500
"""Gabe @ 9mpVPy0oPx"" folds",2026-10-02T18:36:57.810Z,179096621781000
"""sack @ boAReb7tW9"" bets 12.01",2026-10-02T18:36:54.398Z,179096621439800
"River: 9♥, J♠, 4♣, 8♣ [9♦]",2026-10-02T18:36:48.158Z,179096620815800
"""jaaaaaaan @ O6Q78KIRx-"" folds",2026-10-02T18:36:47.334Z,179096620733400
"""Heech @ wzsls5Sz57"" calls 2.77",2026-10-02T18:36:43.987Z,179096620398700
"""Gabe @ 9mpVPy0oPx"" calls 2.77",2026-10-02T18:36:27.449Z,179096618744900
"""sack @ boAReb7tW9"" bets 2.77",2026-10-02T18:36:19.357Z,179096617935700
"""jaaaaaaan @ O6Q78KIRx-"" checks",2026-10-02T18:36:16.953Z,179096617695300
"Turn: 9♥, J♠, 4♣ [8♣]",2026-10-02T18:36:14.973Z,179096617497300
"""Heech @ wzsls5Sz57"" checks",2026-10-02T18:36:14.163Z,179096617416300
"""Gabe @ 9mpVPy0oPx"" checks",2026-10-02T18:36:12.706Z,179096617270600
"""sack @ boAReb7tW9"" checks",2026-10-02T18:36:11.223Z,179096617122300
"""jaaaaaaan @ O6Q78KIRx-"" checks",2026-10-02T18:36:10.327Z,179096617032700
"Flop:  [9♥, J♠, 4♣]",2026-10-02T18:36:08.696Z,179096616869600
"""sack @ boAReb7tW9"" calls 0.90",2026-10-02T18:36:07.786Z,179096616778600
"""jaaaaaaan @ O6Q78KIRx-"" calls 0.90",2026-10-02T18:36:06.959Z,179096616695900
"""Cameron @ eWUSzBpS1d"" folds",2026-10-02T18:36:05.469Z,179096616546900
"""rowan @ GthBpPSqaK"" folds",2026-10-02T18:35:59.072Z,179096615907200
"""Heech @ wzsls5Sz57"" calls 0.90",2026-10-02T18:35:58.175Z,179096615817500
"""sul @ thk9cMWm9U"" folds",2026-10-02T18:35:50.484Z,179096615048400
"""Gabe @ 9mpVPy0oPx"" raises to 0.90",2026-10-02T18:35:49.098Z,179096614909800
"""sack @ boAReb7tW9"" calls 0.20",2026-10-02T18:35:46.865Z,179096614686500
"""Will @ h_ZrezeXHs"" folds",2026-10-02T18:35:45.950Z,179096614595000
"""Neel @ WyajbU_LR7"" folds",2026-10-02T18:35:45.063Z,179096614506300
"""jaaaaaaan @ O6Q78KIRx-"" posts a big blind of 0.20",2026-10-02T18:35:43.652Z,179096614365213
"""Cameron @ eWUSzBpS1d"" posts a small blind of 0.10",2026-10-02T18:35:43.652Z,179096614365212
"Your hand is 2♥, K♥",2026-10-02T18:35:43.652Z,179096614365205
"Player stacks: #1 ""Heech @ wzsls5Sz57"" (70.00) | #2 ""rowan @ GthBpPSqaK"" (105.65) | #4 ""Cameron @ eWUSzBpS1d"" (20.00) | #5 ""jaaaaaaan @ O6Q78KIRx-"" (50.44) | #6 ""Neel @ WyajbU_LR7"" (24.17) | #7 ""Will @ h_ZrezeXHs"" (178.47) | #8 ""sack @ boAReb7tW9"" (50.00) | #9 ""Gabe @ 9mpVPy0oPx"" (48.31) | #10 ""sul @ thk9cMWm9U"" (49.67)",2026-10-02T18:35:43.652Z,179096614365202
"-- starting hand #119 (id: ylbqygl8gv0y)  No Limit Texas Hold'em (dealer: ""rowan @ GthBpPSqaK"") --",2026-10-02T18:35:43.652Z,179096614365201
"The player ""Cameron @ eWUSzBpS1d"" rebought. New stack 20.00.",2026-10-02T18:35:43.652Z,179096614365200
"Waiting for the game owner to approve or reject pending rebuy requests.",2026-10-02T18:35:39.589Z,179096613958901
"The player ""Cameron @ eWUSzBpS1d"" requested a rebuy of 20.00.",2026-10-02T18:35:39.589Z,179096613958900
"The player ""Heech @ wzsls5Sz57"" rebought. New stack 70.00.",2026-10-02T18:35:33.688Z,179096613368801
"The player ""Heech @ wzsls5Sz57"" requested a rebuy of 70.00.",2026-10-02T18:35:33.688Z,179096613368800
"Asking to busted players the rebuy decision.",2026-10-02T18:35:29.796Z,179096612979600
"-- ending hand #118 --",2026-10-02T18:35:21.755Z,179096612175504
"""rowan @ GthBpPSqaK"" collected 1.50 from pot with Two Pair, K's & 6's on the second run  (combination: Q♦, 6♣, 6♥, K♣, K♦)",2026-10-02T18:35:21.755Z,179096612175503
"""rowan @ GthBpPSqaK"" collected 1.50 from pot with Pair, K's (combination: 8♣, 9♦, 10♥, K♣, K♠)",2026-10-02T18:35:21.755Z,179096612175502
"""rowan @ GthBpPSqaK"" collected 43.42 from pot with Two Pair, K's & 6's on the second run  (combination: Q♦, 6♣, 6♥, K♣, K♦)",2026-10-02T18:35:21.755Z,179096612175501
"""rowan @ GthBpPSqaK"" collected 43.43 from pot with Pair, K's (combination: 8♣, 9♦, 10♥, K♣, K♠)",2026-10-02T18:35:21.755Z,179096612175500
"River (second run): 10♠, 7♠, Q♦, K♦ [6♥]",2026-10-02T18:35:17.749Z,179096611774900
"Turn (second run): 10♠, 7♠, Q♦ [K♦]",2026-10-02T18:35:13.662Z,179096611366200
"Flop (second run):  [10♠, 7♠, Q♦]",2026-10-02T18:35:09.644Z,179096610964400
"River: 9♦, K♠, 10♥, 8♣ [3♦]",2026-10-02T18:35:05.638Z,179096610563800
"Turn: 9♦, K♠, 10♥ [8♣]",2026-10-02T18:35:01.621Z,179096610162100
"Flop:  [9♦, K♠, 10♥]",2026-10-02T18:34:57.491Z,179096609749100
"""Cameron @ eWUSzBpS1d"" shows a A♥, 3♠.",2026-10-02T18:34:53.486Z,179096609348602
"""rowan @ GthBpPSqaK"" shows a K♣, 6♣.",2026-10-02T18:34:53.486Z,179096609348601
"""Heech @ wzsls5Sz57"" shows a A♠, 4♦.",2026-10-02T18:34:53.486Z,179096609348600
"All players in hand choose to run it twice.",2026-10-02T18:34:52.676Z,179096609267601
"""Heech @ wzsls5Sz57"" chooses to  run it twice.",2026-10-02T18:34:52.676Z,179096609267600
"""rowan @ GthBpPSqaK"" chooses to  run it twice.",2026-10-02T18:34:50.330Z,179096609033000
"""Cameron @ eWUSzBpS1d"" chooses to  run it twice.",2026-10-02T18:34:50.268Z,179096609026800
"Remaining players decide whether to run it twice.",2026-10-02T18:34:49.533Z,179096608953301
"""Cameron @ eWUSzBpS1d"" calls 28.95 and go all in",2026-10-02T18:34:49.533Z,179096608953300
"""rowan @ GthBpPSqaK"" calls 30.45",2026-10-02T18:34:42.222Z,179096608222200
"""Heech @ wzsls5Sz57"" raises to 30.45 and go all in",2026-10-02T18:34:28.292Z,179096606829200
"""sul @ thk9cMWm9U"" folds",2026-10-02T18:34:15.225Z,179096605522500
"""Gabe @ 9mpVPy0oPx"" folds",2026-10-02T18:34:13.217Z,179096605321700
"""sack @ boAReb7tW9"" folds",2026-10-02T18:34:12.360Z,179096605236000
"""Will @ h_ZrezeXHs"" folds",2026-10-02T18:34:11.502Z,179096605150200
"""Neel @ WyajbU_LR7"" folds",2026-10-02T18:34:10.556Z,179096605055600
"""jaaaaaaan @ O6Q78KIRx-"" folds",2026-10-02T18:34:09.713Z,179096604971300
"""Cameron @ eWUSzBpS1d"" posts a big blind of 0.20",2026-10-02T18:34:08.142Z,179096604814212
"""rowan @ GthBpPSqaK"" posts a small blind of 0.10",2026-10-02T18:34:08.142Z,179096604814211
"Your hand is A♥, 3♠",2026-10-02T18:34:08.142Z,179096604814204
"Player stacks: #1 ""Heech @ wzsls5Sz57"" (30.45) | #2 ""rowan @ GthBpPSqaK"" (46.25) | #4 ""Cameron @ eWUSzBpS1d"" (28.95) | #5 ""jaaaaaaan @ O6Q78KIRx-"" (50.44) | #6 ""Neel @ WyajbU_LR7"" (24.17) | #7 ""Will @ h_ZrezeXHs"" (178.47) | #8 ""sack @ boAReb7tW9"" (50.00) | #9 ""Gabe @ 9mpVPy0oPx"" (48.31) | #10 ""sul @ thk9cMWm9U"" (49.67)",2026-10-02T18:34:08.142Z,179096604814201
"-- starting hand #118 (id: vjtzzuqypgyv)  No Limit Texas Hold'em (dealer: ""Heech @ wzsls5Sz57"") --",2026-10-02T18:34:08.142Z,179096604814200
"-- ending hand #117 --",2026-10-02T18:34:00.135Z,179096604013502
"""Will @ h_ZrezeXHs"" collected 30.45 from pot with Pair, J's on the second run  (combination: 7♥, 10♣, K♠, J♥, J♣)",2026-10-02T18:34:00.135Z,179096604013501
"""Heech @ wzsls5Sz57"" collected 30.45 from pot with Pair, K's (combination: 9♦, Q♠, A♠, K♣, K♦)",2026-10-02T18:34:00.135Z,179096604013500
"River (second run): 4♠, J♣, 7♥, 2♠ [10♣]",2026-10-02T18:33:56.113Z,179096603611300
"Turn (second run): 4♠, J♣, 7♥ [2♠]",2026-10-02T18:33:52.110Z,179096603211000
"Flop (second run):  [4♠, J♣, 7♥]",2026-10-02T18:33:48.080Z,179096602808000
"River: 9♦, 6♠, K♦, A♠ [7♠]",2026-10-02T18:33:44.042Z,179096602404200
"Turn: 9♦, 6♠, K♦ [A♠]",2026-10-02T18:33:40.037Z,179096602003700
"Flop:  [9♦, 6♠, K♦]",2026-10-02T18:33:36.000Z,179096601600000
"""Will @ h_ZrezeXHs"" shows a K♠, J♥.",2026-10-02T18:33:31.980Z,179096601198002
"""Heech @ wzsls5Sz57"" shows a Q♠, K♣.",2026-10-02T18:33:31.980Z,179096601198001
"Uncalled bet of 29.15 returned to ""Will @ h_ZrezeXHs""",2026-10-02T18:33:31.980Z,179096601198000
"All players in hand choose to run it twice.",2026-10-02T18:33:31.114Z,179096601111401
"""Heech @ wzsls5Sz57"" chooses to  run it twice.",2026-10-02T18:33:31.114Z,179096601111400
"""Will @ h_ZrezeXHs"" chooses to  run it twice.",2026-10-02T18:33:27.134Z,179096600713400
"Remaining players decide whether to run it twice.",2026-10-02T18:33:25.019Z,179096600501901
"""Gabe @ 9mpVPy0oPx"" folds",2026-10-02T18:33:25.019Z,179096600501900
"""Will @ h_ZrezeXHs"" raises to 59.10",2026-10-02T18:33:24.143Z,179096600414300
"""rowan @ GthBpPSqaK"" folds",2026-10-02T18:33:09.791Z,179096598979100
"""Heech @ wzsls5Sz57"" raises to 29.95 and go all in",2026-10-02T18:33:08.867Z,179096598886700
"""sul @ thk9cMWm9U"" folds",2026-10-02T18:33:06.826Z,179096598682600
"""Gabe @ 9mpVPy0oPx"" calls 0.80",2026-10-02T18:33:05.950Z,179096598595000
"""sack @ boAReb7tW9"" folds",2026-10-02T18:33:04.978Z,179096598497800
"""Will @ h_ZrezeXHs"" raises to 0.80",2026-10-02T18:33:04.098Z,179096598409800
"""Neel @ WyajbU_LR7"" folds",2026-10-02T18:33:01.730Z,179096598173000
"""jaaaaaaan @ O6Q78KIRx-"" folds",2026-10-02T18:32:57.718Z,179096597771800
"""Cameron @ eWUSzBpS1d"" folds",2026-10-02T18:32:56.865Z,179096597686500
"""rowan @ GthBpPSqaK"" posts a big blind of 0.20",2026-10-02T18:32:55.427Z,179096597542712
"""Heech @ wzsls5Sz57"" posts a small blind of 0.10",2026-10-02T18:32:55.427Z,179096597542711
"Your hand is 9♣, Q♦",2026-10-02T18:32:55.427Z,179096597542704
"Player stacks: #1 ""Heech @ wzsls5Sz57"" (29.95) | #2 ""rowan @ GthBpPSqaK"" (46.45) | #4 ""Cameron @ eWUSzBpS1d"" (28.95) | #5 ""jaaaaaaan @ O6Q78KIRx-"" (50.44) | #6 ""Neel @ WyajbU_LR7"" (24.17) | #7 ""Will @ h_ZrezeXHs"" (177.97) | #8 ""sack @ boAReb7tW9"" (50.00) | #9 ""Gabe @ 9mpVPy0oPx"" (49.11) | #10 ""sul @ thk9cMWm9U"" (49.67)",2026-10-02T18:32:55.427Z,179096597542701
"-- starting hand #117 (id: xkfdnydbfimm)  No Limit Texas Hold'em (dealer: ""sul @ thk9cMWm9U"") --",2026-10-02T18:32:55.427Z,179096597542700
"""rowan @ GthBpPSqaK"" shows a 4♣, 3♥.",2026-10-02T18:32:51.855Z,179096597185500
"""Heech @ wzsls5Sz57"" shows a 5♦, 4♠.",2026-10-02T18:32:49.033Z,179096596903300
"-- ending hand #116 --",2026-10-02T18:32:48.422Z,179096596842203
"""Neel @ WyajbU_LR7"" collected 2.24 from pot with Pair, 10's (combination: 5♠, 9♥, Q♠, 10♠, 10♥)",2026-10-02T18:32:48.422Z,179096596842202
"""Neel @ WyajbU_LR7"" shows a 10♠, 10♥.",2026-10-02T18:32:48.422Z,179096596842201
"""jaaaaaaan @ O6Q78KIRx-"" shows a K♥, 6♥.",2026-10-02T18:32:48.422Z,179096596842200
"""Neel @ WyajbU_LR7"" checks",2026-10-02T18:32:47.619Z,179096596761900
"""jaaaaaaan @ O6Q78KIRx-"" checks",2026-10-02T18:32:46.170Z,179096596617000
"River: Q♠, 2♣, 4♥, 5♠ [9♥]",2026-10-02T18:32:41.072Z,179096596107200
"""Neel @ WyajbU_LR7"" checks",2026-10-02T18:32:40.222Z,179096596022200
"""jaaaaaaan @ O6Q78KIRx-"" checks",2026-10-02T18:32:38.481Z,179096595848100
"Turn: Q♠, 2♣, 4♥ [5♠]",2026-10-02T18:32:37.615Z,179096595761500
"""jaaaaaaan @ O6Q78KIRx-"" calls 0.67",2026-10-02T18:32:36.806Z,179096595680600
"""Cameron @ eWUSzBpS1d"" folds",2026-10-02T18:32:35.935Z,179096595593500
"""Heech @ wzsls5Sz57"" folds",2026-10-02T18:32:35.077Z,179096595507700
"""Neel @ WyajbU_LR7"" bets 0.67",2026-10-02T18:32:27.329Z,179096594732900
"""jaaaaaaan @ O6Q78KIRx-"" checks",2026-10-02T18:32:24.477Z,179096594447700
"""Cameron @ eWUSzBpS1d"" checks",2026-10-02T18:32:22.969Z,179096594296900
"""Heech @ wzsls5Sz57"" checks",2026-10-02T18:32:03.836Z,179096592383600
"Flop:  [Q♠, 2♣, 4♥]",2026-10-02T18:32:02.366Z,179096592236600
"""Heech @ wzsls5Sz57"" checks",2026-10-02T18:32:01.465Z,179096592146500
"""sul @ thk9cMWm9U"" folds",2026-10-02T18:31:44.287Z,179096590428700
"""Gabe @ 9mpVPy0oPx"" folds",2026-10-02T18:31:43.402Z,179096590340200
"""sack @ boAReb7tW9"" folds",2026-10-02T18:31:32.064Z,179096589206400
"""Will @ h_ZrezeXHs"" folds",2026-10-02T18:31:31.203Z,179096589120300
"""Neel @ WyajbU_LR7"" calls 0.20",2026-10-02T18:31:30.269Z,179096589026900
"""jaaaaaaan @ O6Q78KIRx-"" calls 0.20",2026-10-02T18:31:29.306Z,179096588930600
"""Cameron @ eWUSzBpS1d"" calls 0.20",2026-10-02T18:31:27.935Z,179096588793500
"""rowan @ GthBpPSqaK"" folds",2026-10-02T18:31:17.298Z,179096587729800
"""Heech @ wzsls5Sz57"" posts a big blind of 0.20",2026-10-02T18:31:14.985Z,179096587498513
"""sul @ thk9cMWm9U"" posts a small blind of 0.10",2026-10-02T18:31:14.985Z,179096587498512
"Your hand is K♠, 9♣",2026-10-02T18:31:14.985Z,179096587498505
"Player stacks: #1 ""Heech @ wzsls5Sz57"" (30.15) | #2 ""rowan @ GthBpPSqaK"" (46.45) | #4 ""Cameron @ eWUSzBpS1d"" (29.15) | #5 ""jaaaaaaan @ O6Q78KIRx-"" (51.31) | #6 ""Neel @ WyajbU_LR7"" (22.80) | #7 ""Will @ h_ZrezeXHs"" (177.97) | #8 ""sack @ boAReb7tW9"" (50.00) | #9 ""Gabe @ 9mpVPy0oPx"" (49.11) | #10 ""sul @ thk9cMWm9U"" (49.77)",2026-10-02T18:31:14.985Z,179096587498502
"-- starting hand #116 (id: m7cgdpomkdnm)  No Limit Texas Hold'em (dealer: ""Gabe @ 9mpVPy0oPx"") --",2026-10-02T18:31:14.985Z,179096587498501
"The player ""sack @ boAReb7tW9"" joined the game with a stack of 50.00.",2026-10-02T18:31:14.985Z,179096587498500
"-- ending hand #115 --",2026-10-02T18:31:06.981Z,179096586698104
"""rowan @ GthBpPSqaK"" collected 8.15 from pot with Straight, 9 High on the second run  (combination: 5♥, 6♦, 7♦, 8♠, 9♥)",2026-10-02T18:31:06.981Z,179096586698103
"""rowan @ GthBpPSqaK"" collected 8.15 from pot with Flush, A High (combination: 5♥, 9♥, J♥, Q♥, A♥)",2026-10-02T18:31:06.981Z,179096586698102
"""Heech @ wzsls5Sz57"" collected 30.15 from pot with Straight, 10 High on the second run  (combination: 6♦, 7♦, 8♠, 9♥, 10♣)",2026-10-02T18:31:06.981Z,179096586698101
"""rowan @ GthBpPSqaK"" collected 30.15 from pot with Flush, A High (combination: 5♥, 9♥, J♥, Q♥, A♥)",2026-10-02T18:31:06.981Z,179096586698100
"River (second run): A♥, 6♦, 9♥, 7♦ [8♠]",2026-10-02T18:31:02.974Z,179096586297400
"Turn (second run): A♥, 6♦, 9♥ [7♦]",2026-10-02T18:30:58.932Z,179096585893200
"River: A♥, 6♦, 9♥, Q♥ [10♠]",2026-10-02T18:30:54.872Z,179096585487200
"Turn: A♥, 6♦, 9♥ [Q♥]",2026-10-02T18:30:50.868Z,179096585086800
"""Cameron @ eWUSzBpS1d"" shows a 6♥, 6♠.",2026-10-02T18:30:46.790Z,179096584679002
"""rowan @ GthBpPSqaK"" shows a 5♥, J♥.",2026-10-02T18:30:46.790Z,179096584679001
"""Heech @ wzsls5Sz57"" shows a 9♦, 10♣.",2026-10-02T18:30:46.790Z,179096584679000
"All players in hand choose to run it twice.",2026-10-02T18:30:45.984Z,179096584598401
"""Heech @ wzsls5Sz57"" chooses to  run it twice.",2026-10-02T18:30:45.984Z,179096584598400
"""Cameron @ eWUSzBpS1d"" chooses to  run it twice.",2026-10-02T18:30:45.689Z,179096584568900
"""rowan @ GthBpPSqaK"" chooses to  run it twice.",2026-10-02T18:30:45.379Z,179096584537900
"Remaining players decide whether to run it twice.",2026-10-02T18:30:44.861Z,179096584486101
"""Cameron @ eWUSzBpS1d"" calls 8.15",2026-10-02T18:30:44.861Z,179096584486100
"""rowan @ GthBpPSqaK"" bets 8.15 and go all in",2026-10-02T18:30:42.990Z,179096584299000
"Flop:  [A♥, 6♦, 9♥]",2026-10-02T18:30:35.587Z,179096583558700
"""sul @ thk9cMWm9U"" folds",2026-10-02T18:30:34.779Z,179096583477900
"""Gabe @ 9mpVPy0oPx"" folds",2026-10-02T18:30:33.928Z,179096583392800
"""Will @ h_ZrezeXHs"" folds",2026-10-02T18:30:33.004Z,179096583300400
"""Neel @ WyajbU_LR7"" folds",2026-10-02T18:30:32.092Z,179096583209200
"""jaaaaaaan @ O6Q78KIRx-"" folds",2026-10-02T18:30:31.142Z,179096583114200
"""Cameron @ eWUSzBpS1d"" calls 20.00",2026-10-02T18:30:30.291Z,179096583029100
"The admin approved the player ""sack @ boAReb7tW9"" participation with a stack of 50.00.",2026-10-02T18:30:14.570Z,179096581457000
"The player ""sack @ boAReb7tW9"" requested a seat.",2026-10-02T18:30:12.976Z,179096581297600
"""rowan @ GthBpPSqaK"" calls 20.00",2026-10-02T18:30:07.289Z,179096580728900
"""Heech @ wzsls5Sz57"" raises to 20.00 and go all in",2026-10-02T18:29:58.880Z,179096579888000
"""sul @ thk9cMWm9U"" posts a big blind of 0.20",2026-10-02T18:29:56.912Z,179096579691213
"""Gabe @ 9mpVPy0oPx"" posts a small blind of 0.10",2026-10-02T18:29:56.912Z,179096579691212
"Your hand is 6♥, 6♠",2026-10-02T18:29:56.912Z,179096579691206
"Player stacks: #1 ""Heech @ wzsls5Sz57"" (20.00) | #2 ""rowan @ GthBpPSqaK"" (28.15) | #4 ""Cameron @ eWUSzBpS1d"" (57.30) | #5 ""jaaaaaaan @ O6Q78KIRx-"" (51.31) | #6 ""Neel @ WyajbU_LR7"" (22.80) | #7 ""Will @ h_ZrezeXHs"" (177.97) | #9 ""Gabe @ 9mpVPy0oPx"" (49.21) | #10 ""sul @ thk9cMWm9U"" (49.97)",2026-10-02T18:29:56.912Z,179096579691203
"-- starting hand #115 (id: 7e0lefudlf6f)  No Limit Texas Hold'em (dead button) --",2026-10-02T18:29:56.912Z,179096579691202
"The player ""Heech @ wzsls5Sz57"" rebought. New stack 20.00.",2026-10-02T18:29:56.912Z,179096579691201
"The player ""Heech @ wzsls5Sz57"" requested a rebuy of 20.00.",2026-10-02T18:29:56.912Z,179096579691200
"Asking to busted players the rebuy decision.",2026-10-02T18:29:53.430Z,179096579343000
"""Will @ h_ZrezeXHs"" shows a 3♦, 6♦.",2026-10-02T18:29:47.916Z,179096578791600
"""rowan @ GthBpPSqaK"" shows a 4♦, A♣.",2026-10-02T18:29:44.662Z,179096578466200
"-- ending hand #114 --",2026-10-02T18:29:44.420Z,179096578442002
"""sul @ thk9cMWm9U"" collected 17.04 from pot with Pair, 8's on the second run  (combination: 7♠, Q♥, A♠, 8♦, 8♣)",2026-10-02T18:29:44.420Z,179096578442001
"""sul @ thk9cMWm9U"" collected 17.04 from pot with Pair, Q's (combination: 10♦, K♣, A♠, Q♥, Q♣)",2026-10-02T18:29:44.420Z,179096578442000
"River (second run): 2♥, 8♦, 3♠, 8♣ [7♠]",2026-10-02T18:29:40.418Z,179096578041800
"Turn (second run): 2♥, 8♦, 3♠ [8♣]",2026-10-02T18:29:36.404Z,179096577640400
"Flop (second run):  [2♥, 8♦, 3♠]",2026-10-02T18:29:32.386Z,179096577238600
"River: 5♣, K♣, 3♣, Q♣ [10♦]",2026-10-02T18:29:28.380Z,179096576838000
"Turn: 5♣, K♣, 3♣ [Q♣]",2026-10-02T18:29:24.342Z,179096576434200
"Flop:  [5♣, K♣, 3♣]",2026-10-02T18:29:20.334Z,179096576033400
"""sul @ thk9cMWm9U"" shows a Q♥, A♠.",2026-10-02T18:29:16.331Z,179096575633101
"""Heech @ wzsls5Sz57"" shows a 9♦, A♥.",2026-10-02T18:29:16.331Z,179096575633100
"All players in hand choose to run it twice.",2026-10-02T18:29:15.500Z,179096575550001
"""sul @ thk9cMWm9U"" chooses to  run it twice.",2026-10-02T18:29:15.500Z,179096575550000
"""Heech @ wzsls5Sz57"" chooses to  run it twice.",2026-10-02T18:29:15.240Z,179096575524000
"Remaining players decide whether to run it twice.",2026-10-02T18:29:13.914Z,179096575391401
"""sul @ thk9cMWm9U"" calls 16.94",2026-10-02T18:29:13.914Z,179096575391400
"""Gabe @ 9mpVPy0oPx"" folds",2026-10-02T18:29:07.041Z,179096574704100
"""Will @ h_ZrezeXHs"" folds",2026-10-02T18:29:06.147Z,179096574614700
"""Neel @ WyajbU_LR7"" folds",2026-10-02T18:29:03.784Z,179096574378400
"""jaaaaaaan @ O6Q78KIRx-"" folds",2026-10-02T18:29:02.923Z,179096574292300
"""Cameron @ eWUSzBpS1d"" folds",2026-10-02T18:29:01.823Z,179096574182300
"""rowan @ GthBpPSqaK"" folds",2026-10-02T18:28:58.205Z,179096573820500
"""Heech @ wzsls5Sz57"" raises to 16.94 and go all in",2026-10-02T18:28:57.347Z,179096573734700
"""sul @ thk9cMWm9U"" raises to 1.80",2026-10-02T18:28:55.212Z,179096573521200
"""Gabe @ 9mpVPy0oPx"" posts a big blind of 0.20",2026-10-02T18:28:35.170Z,179096571517012
"Dead Small Blind",2026-10-02T18:28:35.170Z,179096571517011
"Your hand is 2♦, 7♦",2026-10-02T18:28:35.170Z,179096571517005
"Player stacks: #1 ""Heech @ wzsls5Sz57"" (16.94) | #2 ""rowan @ GthBpPSqaK"" (28.15) | #4 ""Cameron @ eWUSzBpS1d"" (57.30) | #5 ""jaaaaaaan @ O6Q78KIRx-"" (51.31) | #6 ""Neel @ WyajbU_LR7"" (22.80) | #7 ""Will @ h_ZrezeXHs"" (177.97) | #9 ""Gabe @ 9mpVPy0oPx"" (49.41) | #10 ""sul @ thk9cMWm9U"" (32.83)",2026-10-02T18:28:35.170Z,179096571517002
"-- starting hand #114 (id: 0m3shym9pdwl)  No Limit Texas Hold'em (dealer: ""Will @ h_ZrezeXHs"") --",2026-10-02T18:28:35.170Z,179096571517001
"The player ""sack @ boAReb7tW9"" quits the game with a stack of 0.00.",2026-10-02T18:28:35.170Z,179096571517000
"Asking to busted players the rebuy decision.",2026-10-02T18:28:30.441Z,179096571044100
"""Cameron @ eWUSzBpS1d"" shows a 8♣, 9♠.",2026-10-02T18:28:26.588Z,179096570658800
"""rowan @ GthBpPSqaK"" shows a 8♦, 2♦.",2026-10-02T18:28:25.934Z,179096570593400
"""Neel @ WyajbU_LR7"" shows a 4♥, J♣.",2026-10-02T18:28:24.516Z,179096570451600
"-- ending hand #113 --",2026-10-02T18:28:22.877Z,179096570287701
"""Heech @ wzsls5Sz57"" collected 2.16 from pot with A High (combination: 6♥, 9♦, 10♠, K♠, A♥)",2026-10-02T18:28:22.877Z,179096570287700
"River: 10♠, 4♠, 5♥, 6♥ [K♠]",2026-10-02T18:28:18.871Z,179096569887100
"Turn: 10♠, 4♠, 5♥ [6♥]",2026-10-02T18:28:14.867Z,179096569486700
"Flop:  [10♠, 4♠, 5♥]",2026-10-02T18:28:10.843Z,179096569084300
"""sack @ boAReb7tW9"" shows a 8♥, 2♠.",2026-10-02T18:28:06.824Z,179096568682401
"Uncalled bet of 14.78 returned to ""Heech @ wzsls5Sz57""",2026-10-02T18:28:06.824Z,179096568682400
"""Heech @ wzsls5Sz57"" shows a A♥, 9♦.",2026-10-02T18:28:06.310Z,179096568631000
"Some players choose to not run it twice.",2026-10-02T18:28:05.978Z,179096568597801
"""sack @ boAReb7tW9"" chooses to not run it twice.",2026-10-02T18:28:05.978Z,179096568597800
"Remaining players decide whether to run it twice.",2026-10-02T18:28:04.531Z,179096568453101
"""sack @ boAReb7tW9"" calls 1.03 and go all in",2026-10-02T18:28:04.531Z,179096568453100
"""Will @ h_ZrezeXHs"" folds",2026-10-02T18:28:03.083Z,179096568308300
"""Neel @ WyajbU_LR7"" folds",2026-10-02T18:28:01.890Z,179096568189000
"""jaaaaaaan @ O6Q78KIRx-"" folds",2026-10-02T18:28:00.912Z,179096568091200
"""Cameron @ eWUSzBpS1d"" folds",2026-10-02T18:28:00.040Z,179096568004000
"""rowan @ GthBpPSqaK"" folds",2026-10-02T18:27:53.198Z,179096567319800
"""Heech @ wzsls5Sz57"" raises to 15.81 and go all in",2026-10-02T18:27:52.317Z,179096567231700
"""sul @ thk9cMWm9U"" folds",2026-10-02T18:27:49.634Z,179096566963400
"""Gabe @ 9mpVPy0oPx"" folds",2026-10-02T18:27:30.927Z,179096565092700
"""sack @ boAReb7tW9"" posts a big blind of 0.20",2026-10-02T18:27:29.029Z,179096564902912
"""Will @ h_ZrezeXHs"" posts a small blind of 0.10",2026-10-02T18:27:29.029Z,179096564902911
"Your hand is 8♣, 9♠",2026-10-02T18:27:29.029Z,179096564902904
"Player stacks: #1 ""Heech @ wzsls5Sz57"" (15.81) | #2 ""rowan @ GthBpPSqaK"" (28.15) | #4 ""Cameron @ eWUSzBpS1d"" (57.30) | #5 ""jaaaaaaan @ O6Q78KIRx-"" (51.31) | #6 ""Neel @ WyajbU_LR7"" (22.80) | #7 ""Will @ h_ZrezeXHs"" (178.07) | #8 ""sack @ boAReb7tW9"" (1.03) | #9 ""Gabe @ 9mpVPy0oPx"" (49.41) | #10 ""sul @ thk9cMWm9U"" (32.83)",2026-10-02T18:27:29.029Z,179096564902901
"-- starting hand #113 (id: nd2zr7o9quqj)  No Limit Texas Hold'em (dealer: ""Neel @ WyajbU_LR7"") --",2026-10-02T18:27:29.029Z,179096564902900
"-- ending hand #112 --",2026-10-02T18:27:23.005Z,179096564300501
"""Neel @ WyajbU_LR7"" collected 22.80 from pot with Full House, J's over 7's (combination: 7♥, 7♣, J♥, J♦, J♠)",2026-10-02T18:27:23.005Z,179096564300500
"River: 5♣, 7♥, J♠, K♠ [7♣]",2026-10-02T18:27:18.978Z,179096563897800
"Turn: 5♣, 7♥, J♠ [K♠]",2026-10-02T18:27:14.969Z,179096563496900
"Flop:  [5♣, 7♥, J♠]",2026-10-02T18:27:10.909Z,179096563090900
"""sack @ boAReb7tW9"" shows a A♣, 10♥.",2026-10-02T18:27:06.874Z,179096562687401
"""Neel @ WyajbU_LR7"" shows a J♥, J♦.",2026-10-02T18:27:06.874Z,179096562687400
"Some players choose to not run it twice.",2026-10-02T18:27:06.020Z,179096562602001
"""sack @ boAReb7tW9"" chooses to not run it twice.",2026-10-02T18:27:06.020Z,179096562602000
"""Neel @ WyajbU_LR7"" chooses to  run it twice.",2026-10-02T18:26:58.024Z,179096561802400
"Remaining players decide whether to run it twice.",2026-10-02T18:26:56.920Z,179096561692001
"""jaaaaaaan @ O6Q78KIRx-"" folds",2026-10-02T18:26:56.920Z,179096561692000
"""rowan @ GthBpPSqaK"" folds",2026-10-02T18:26:55.565Z,179096561556500
"""Gabe @ 9mpVPy0oPx"" folds",2026-10-02T18:26:53.814Z,179096561381400
"""sack @ boAReb7tW9"" calls 9.95",2026-10-02T18:26:52.883Z,179096561288300
"""Will @ h_ZrezeXHs"" folds",2026-10-02T18:26:49.706Z,179096560970600
"""Neel @ WyajbU_LR7"" raises to 9.95 and go all in",2026-10-02T18:26:48.829Z,179096560882900
"""jaaaaaaan @ O6Q78KIRx-"" calls 0.90",2026-10-02T18:26:43.074Z,179096560307400
"""Cameron @ eWUSzBpS1d"" folds",2026-10-02T18:26:35.089Z,179096559508900
"""rowan @ GthBpPSqaK"" calls 0.90",2026-10-02T18:26:34.242Z,179096559424200
"""Heech @ wzsls5Sz57"" folds",2026-10-02T18:26:33.119Z,179096559311900
"""sul @ thk9cMWm9U"" folds",2026-10-02T18:26:26.512Z,179096558651200
"""Gabe @ 9mpVPy0oPx"" raises to 0.90",2026-10-02T18:26:12.402Z,179096557240200
"""sack @ boAReb7tW9"" calls 0.20",2026-10-02T18:26:00.094Z,179096556009400
"""Will @ h_ZrezeXHs"" posts a big blind of 0.20",2026-10-02T18:25:56.218Z,179096555621813
"""Neel @ WyajbU_LR7"" posts a small blind of 0.10",2026-10-02T18:25:56.218Z,179096555621812
"Your hand is 5♠, 2♦",2026-10-02T18:25:56.218Z,179096555621805
"Player stacks: #1 ""Heech @ wzsls5Sz57"" (15.81) | #2 ""rowan @ GthBpPSqaK"" (29.05) | #4 ""Cameron @ eWUSzBpS1d"" (57.30) | #5 ""jaaaaaaan @ O6Q78KIRx-"" (52.21) | #6 ""Neel @ WyajbU_LR7"" (9.95) | #7 ""Will @ h_ZrezeXHs"" (178.27) | #8 ""sack @ boAReb7tW9"" (10.98) | #9 ""Gabe @ 9mpVPy0oPx"" (50.31) | #10 ""sul @ thk9cMWm9U"" (32.83)",2026-10-02T18:25:56.218Z,179096555621802
"-- starting hand #112 (id: zq13z80tgydl)  No Limit Texas Hold'em (dealer: ""jaaaaaaan @ O6Q78KIRx-"") --",2026-10-02T18:25:56.218Z,179096555621801
"The admin updated the player ""sul @ thk9cMWm9U"" stack from 7.83 to 32.83.",2026-10-02T18:25:56.218Z,179096555621800
"WARNING: the admin queued the stack change for the player ""sul @ thk9cMWm9U"" adding 25.00 chips in the next hand.",2026-10-02T18:25:50.611Z,179096555061100
"-- ending hand #111 --",2026-10-02T18:25:50.212Z,179096555021203
"""Cameron @ eWUSzBpS1d"" collected 21.20 from pot with Pair, 10's (combination: 8♦, 9♦, Q♣, 10♦, 10♥)",2026-10-02T18:25:50.212Z,179096555021202
"""Cameron @ eWUSzBpS1d"" shows a 8♦, 10♦.",2026-10-02T18:25:50.212Z,179096555021201
"""rowan @ GthBpPSqaK"" shows a 7♠, 5♦.",2026-10-02T18:25:50.212Z,179096555021200
"""Cameron @ eWUSzBpS1d"" calls 0.20",2026-10-02T18:25:49.401Z,179096554940100
"""rowan @ GthBpPSqaK"" bets 0.20",2026-10-02T18:25:48.387Z,179096554838700
"River: 7♣, 9♦, 3♥, Q♣ [10♥]",2026-10-02T18:25:46.734Z,179096554673400
"""rowan @ GthBpPSqaK"" calls 5.20",2026-10-02T18:25:45.887Z,179096554588700
"""Cameron @ eWUSzBpS1d"" bets 5.20",2026-10-02T18:25:43.899Z,179096554389900
"""rowan @ GthBpPSqaK"" checks",2026-10-02T18:25:38.220Z,179096553822000
"Turn: 7♣, 9♦, 3♥ [Q♣]",2026-10-02T18:25:37.332Z,179096553733200
"""rowan @ GthBpPSqaK"" calls 2.60",2026-10-02T18:25:36.520Z,179096553652000
"""Heech @ wzsls5Sz57"" folds",2026-10-02T18:25:35.625Z,179096553562500
"""sul @ thk9cMWm9U"" folds",2026-10-02T18:25:34.444Z,179096553444400
"""jaaaaaaan @ O6Q78KIRx-"" folds",2026-10-02T18:25:33.550Z,179096553355000
"""Cameron @ eWUSzBpS1d"" bets 2.60",2026-10-02T18:25:29.277Z,179096552927700
"""rowan @ GthBpPSqaK"" checks",2026-10-02T18:25:25.894Z,179096552589400
"""Heech @ wzsls5Sz57"" checks",2026-10-02T18:25:24.426Z,179096552442600
"""sul @ thk9cMWm9U"" checks",2026-10-02T18:25:22.776Z,179096552277600
"""jaaaaaaan @ O6Q78KIRx-"" checks",2026-10-02T18:25:18.149Z,179096551814900
"Flop:  [7♣, 9♦, 3♥]",2026-10-02T18:25:16.662Z,179096551666200
"""Neel @ WyajbU_LR7"" folds",2026-10-02T18:25:15.856Z,179096551585600
"""jaaaaaaan @ O6Q78KIRx-"" calls 1.00",2026-10-02T18:25:14.904Z,179096551490400
"""Cameron @ eWUSzBpS1d"" calls 1.00",2026-10-02T18:25:13.515Z,179096551351500
"""rowan @ GthBpPSqaK"" calls 1.00",2026-10-02T18:25:12.181Z,179096551218100
"""Heech @ wzsls5Sz57"" calls 1.00",2026-10-02T18:25:11.316Z,179096551131600
"""sul @ thk9cMWm9U"" raises to 1.00",2026-10-02T18:25:09.007Z,179096550900700
"""Gabe @ 9mpVPy0oPx"" folds",2026-10-02T18:25:06.300Z,179096550630000
"""sack @ boAReb7tW9"" folds",2026-10-02T18:25:02.804Z,179096550280400
"""Will @ h_ZrezeXHs"" folds",2026-10-02T18:25:00.307Z,179096550030700
"""Neel @ WyajbU_LR7"" posts a big blind of 0.20",2026-10-02T18:24:58.864Z,179096549886412
"""jaaaaaaan @ O6Q78KIRx-"" posts a small blind of 0.10",2026-10-02T18:24:58.864Z,179096549886411
"Your hand is 8♦, 10♦",2026-10-02T18:24:58.864Z,179096549886404
"Player stacks: #1 ""Heech @ wzsls5Sz57"" (16.81) | #2 ""rowan @ GthBpPSqaK"" (38.05) | #4 ""Cameron @ eWUSzBpS1d"" (45.10) | #5 ""jaaaaaaan @ O6Q78KIRx-"" (53.21) | #6 ""Neel @ WyajbU_LR7"" (10.15) | #7 ""Will @ h_ZrezeXHs"" (178.27) | #8 ""sack @ boAReb7tW9"" (10.98) | #9 ""Gabe @ 9mpVPy0oPx"" (50.31) | #10 ""sul @ thk9cMWm9U"" (8.83)",2026-10-02T18:24:58.864Z,179096549886401
"-- starting hand #111 (id: xv6t59gcv0qj)  No Limit Texas Hold'em (dealer: ""Cameron @ eWUSzBpS1d"") --",2026-10-02T18:24:58.864Z,179096549886400
"""rowan @ GthBpPSqaK"" shows a K♠, 9♠.",2026-10-02T18:24:53.471Z,179096549347100
"-- ending hand #110 --",2026-10-02T18:24:52.343Z,179096549234303
"""Will @ h_ZrezeXHs"" collected 36.40 from pot with Pair, K's (combination: 6♣, 10♥, Q♠, K♥, K♣)",2026-10-02T18:24:52.343Z,179096549234302
"""Will @ h_ZrezeXHs"" shows a Q♠, K♥.",2026-10-02T18:24:52.343Z,179096549234301
"""Neel @ WyajbU_LR7"" shows a J♣, A♠.",2026-10-02T18:24:52.343Z,179096549234300
"""Cameron @ eWUSzBpS1d"" folds",2026-10-02T18:24:51.472Z,179096549147200
"""rowan @ GthBpPSqaK"" calls 5.00",2026-10-02T18:24:48.982Z,179096548898200
"""Will @ h_ZrezeXHs"" calls 5.00",2026-10-02T18:24:42.962Z,179096548296200
"""Neel @ WyajbU_LR7"" bets 5.00",2026-10-02T18:24:39.806Z,179096547980600
"""Cameron @ eWUSzBpS1d"" checks",2026-10-02T18:24:36.756Z,179096547675600
"River: 6♣, 10♥, 2♥, K♣ [5♥]",2026-10-02T18:24:34.503Z,179096547450300
"""Cameron @ eWUSzBpS1d"" calls 3.30",2026-10-02T18:24:33.686Z,179096547368600
"""rowan @ GthBpPSqaK"" calls 3.30",2026-10-02T18:24:32.082Z,179096547208200
"""Will @ h_ZrezeXHs"" calls 3.30",2026-10-02T18:24:31.218Z,179096547121800
"""Neel @ WyajbU_LR7"" bets 3.30",2026-10-02T18:24:28.640Z,179096546864000
"""Cameron @ eWUSzBpS1d"" checks",2026-10-02T18:24:24.061Z,179096546406100
"Turn: 6♣, 10♥, 2♥ [K♣]",2026-10-02T18:24:22.574Z,179096546257400
"""rowan @ GthBpPSqaK"" checks",2026-10-02T18:24:21.739Z,179096546173900
"""Will @ h_ZrezeXHs"" checks",2026-10-02T18:24:20.330Z,179096546033000
"""Neel @ WyajbU_LR7"" checks",2026-10-02T18:24:18.142Z,179096545814200
"""Cameron @ eWUSzBpS1d"" checks",2026-10-02T18:24:14.341Z,179096545434100
"Flop:  [6♣, 10♥, 2♥]",2026-10-02T18:24:10.678Z,179096545067800
"""Neel @ WyajbU_LR7"" calls 2.00",2026-10-02T18:24:09.836Z,179096544983600
"""jaaaaaaan @ O6Q78KIRx-"" folds",2026-10-02T18:24:06.627Z,179096544662700
"""Cameron @ eWUSzBpS1d"" calls 2.00",2026-10-02T18:24:03.974Z,179096544397400
"""rowan @ GthBpPSqaK"" calls 2.00",2026-10-02T18:24:02.586Z,179096544258600
"""Heech @ wzsls5Sz57"" folds",2026-10-02T18:23:59.017Z,179096543901700
"""sul @ thk9cMWm9U"" folds",2026-10-02T18:23:58.136Z,179096543813600
"""Gabe @ 9mpVPy0oPx"" folds",2026-10-02T18:23:57.287Z,179096543728700
"""sack @ boAReb7tW9"" folds",2026-10-02T18:23:35.976Z,179096541597600
"""Will @ h_ZrezeXHs"" raises to 2.00",2026-10-02T18:23:35.134Z,179096541513400
"""Neel @ WyajbU_LR7"" raises to 0.60",2026-10-02T18:23:31.073Z,179096541107300
"""jaaaaaaan @ O6Q78KIRx-"" posts a big blind of 0.20",2026-10-02T18:23:27.255Z,179096540725512
"""Cameron @ eWUSzBpS1d"" posts a small blind of 0.10",2026-10-02T18:23:27.255Z,179096540725511
"Your hand is 10♣, 9♦",2026-10-02T18:23:27.255Z,179096540725504
"Player stacks: #1 ""Heech @ wzsls5Sz57"" (16.81) | #2 ""rowan @ GthBpPSqaK"" (48.35) | #4 ""Cameron @ eWUSzBpS1d"" (50.40) | #5 ""jaaaaaaan @ O6Q78KIRx-"" (53.41) | #6 ""Neel @ WyajbU_LR7"" (20.45) | #7 ""Will @ h_ZrezeXHs"" (152.17) | #8 ""sack @ boAReb7tW9"" (10.98) | #9 ""Gabe @ 9mpVPy0oPx"" (50.31) | #10 ""sul @ thk9cMWm9U"" (8.83)",2026-10-02T18:23:27.255Z,179096540725501
"-- starting hand #110 (id: ak7la6imiz9t)  No Limit Texas Hold'em (dealer: ""rowan @ GthBpPSqaK"") --",2026-10-02T18:23:27.255Z,179096540725500
"""rowan @ GthBpPSqaK"" shows a 4♣, 4♦.",2026-10-02T18:23:18.820Z,179096539882000
"-- ending hand #109 --",2026-10-02T18:23:18.727Z,179096539872702
"""Neel @ WyajbU_LR7"" collected 16.81 from pot with Pair, Q's on the second run  (combination: 7♦, J♦, A♦, Q♠, Q♣)",2026-10-02T18:23:18.727Z,179096539872701
"""Heech @ wzsls5Sz57"" collected 16.81 from pot with Pair, 8's (combination: 6♥, 9♦, K♥, 8♦, 8♣)",2026-10-02T18:23:18.727Z,179096539872700
"River (second run): 5♣, Q♣, 6♠, J♦ [7♦]",2026-10-02T18:23:14.719Z,179096539471900
"Turn (second run): 5♣, Q♣, 6♠ [J♦]",2026-10-02T18:23:10.716Z,179096539071600
"Flop (second run):  [5♣, Q♣, 6♠]",2026-10-02T18:23:06.714Z,179096538671400
"River: 9♦, 4♠, 2♥, 8♣ [K♥]",2026-10-02T18:23:02.688Z,179096538268800
"Turn: 9♦, 4♠, 2♥ [8♣]",2026-10-02T18:22:58.670Z,179096537867000
"Flop:  [9♦, 4♠, 2♥]",2026-10-02T18:22:54.658Z,179096537465800
"""Neel @ WyajbU_LR7"" shows a A♦, Q♠.",2026-10-02T18:22:50.600Z,179096537060001
"""Heech @ wzsls5Sz57"" shows a 8♦, 6♥.",2026-10-02T18:22:50.600Z,179096537060000
"All players in hand choose to run it twice.",2026-10-02T18:22:49.793Z,179096536979301
"""Neel @ WyajbU_LR7"" chooses to  run it twice.",2026-10-02T18:22:49.793Z,179096536979300
"""Heech @ wzsls5Sz57"" chooses to  run it twice.",2026-10-02T18:22:49.529Z,179096536952900
"Remaining players decide whether to run it twice.",2026-10-02T18:22:48.589Z,179096536858901
"""sul @ thk9cMWm9U"" folds",2026-10-02T18:22:48.589Z,179096536858900
"""Neel @ WyajbU_LR7"" calls 16.06",2026-10-02T18:22:47.351Z,179096536735100
"""Cameron @ eWUSzBpS1d"" folds",2026-10-02T18:22:40.092Z,179096536009200
"""rowan @ GthBpPSqaK"" folds",2026-10-02T18:22:37.295Z,179096535729500
"""Heech @ wzsls5Sz57"" raises to 16.06 and go all in",2026-10-02T18:22:31.391Z,179096535139100
"""sul @ thk9cMWm9U"" raises to 1.20",2026-10-02T18:22:27.615Z,179096534761500
"""Gabe @ 9mpVPy0oPx"" folds",2026-10-02T18:22:23.158Z,179096534315800
"""sack @ boAReb7tW9"" folds",2026-10-02T18:22:17.020Z,179096533702000
"""Will @ h_ZrezeXHs"" folds",2026-10-02T18:22:16.155Z,179096533615500
"""Neel @ WyajbU_LR7"" raises to 0.60",2026-10-02T18:22:15.258Z,179096533525800
"""jaaaaaaan @ O6Q78KIRx-"" folds",2026-10-02T18:22:12.009Z,179096533200900
"""Cameron @ eWUSzBpS1d"" posts a big blind of 0.20",2026-10-02T18:22:06.382Z,179096532638212
"""rowan @ GthBpPSqaK"" posts a small blind of 0.10",2026-10-02T18:22:06.382Z,179096532638211
"Your hand is 3♠, 10♥",2026-10-02T18:22:06.382Z,179096532638204
"Player stacks: #1 ""Heech @ wzsls5Sz57"" (16.06) | #2 ""rowan @ GthBpPSqaK"" (48.45) | #4 ""Cameron @ eWUSzBpS1d"" (50.60) | #5 ""jaaaaaaan @ O6Q78KIRx-"" (53.41) | #6 ""Neel @ WyajbU_LR7"" (19.70) | #7 ""Will @ h_ZrezeXHs"" (152.17) | #8 ""sack @ boAReb7tW9"" (10.98) | #9 ""Gabe @ 9mpVPy0oPx"" (50.31) | #10 ""sul @ thk9cMWm9U"" (10.03)",2026-10-02T18:22:06.382Z,179096532638201
"-- starting hand #109 (id: imgq6egrngvo)  No Limit Texas Hold'em (dealer: ""Heech @ wzsls5Sz57"") --",2026-10-02T18:22:06.382Z,179096532638200
"-- ending hand #108 --",2026-10-02T18:22:00.348Z,179096532034803
"""jaaaaaaan @ O6Q78KIRx-"" collected 22.50 from pot with Pair, K's (combination: 6♦, 10♥, Q♥, K♦, K♣)",2026-10-02T18:22:00.348Z,179096532034802
"""jaaaaaaan @ O6Q78KIRx-"" shows a Q♥, K♦.",2026-10-02T18:22:00.348Z,179096532034801
"""Heech @ wzsls5Sz57"" shows a A♣, 3♣.",2026-10-02T18:22:00.348Z,179096532034800
"""jaaaaaaan @ O6Q78KIRx-"" checks",2026-10-02T18:21:59.503Z,179096531950300
"""Heech @ wzsls5Sz57"" checks",2026-10-02T18:21:58.619Z,179096531861900
"River: 5♣, 10♥, 6♦, K♣ [4♠]",2026-10-02T18:21:53.552Z,179096531355200
"""Heech @ wzsls5Sz57"" calls 7.50",2026-10-02T18:21:52.729Z,179096531272900
"""jaaaaaaan @ O6Q78KIRx-"" bets 7.50",2026-10-02T18:21:51.168Z,179096531116800
"""Heech @ wzsls5Sz57"" checks",2026-10-02T18:21:49.098Z,179096530909800
"Turn: 5♣, 10♥, 6♦ [K♣]",2026-10-02T18:21:47.768Z,179096530776800
"""Heech @ wzsls5Sz57"" calls 2.25",2026-10-02T18:21:46.948Z,179096530694800
"""sul @ thk9cMWm9U"" folds",2026-10-02T18:21:41.745Z,179096530174500
"""Gabe @ 9mpVPy0oPx"" folds",2026-10-02T18:21:40.885Z,179096530088500
"""jaaaaaaan @ O6Q78KIRx-"" bets 2.25",2026-10-02T18:21:38.775Z,179096529877500
"""Heech @ wzsls5Sz57"" checks",2026-10-02T18:21:35.960Z,179096529596000
"Flop:  [5♣, 10♥, 6♦]",2026-10-02T18:21:31.656Z,179096529165600
"""rowan @ GthBpPSqaK"" folds",2026-10-02T18:21:30.793Z,179096529079300
"""Heech @ wzsls5Sz57"" calls 0.70",2026-10-02T18:21:29.915Z,179096528991500
"""sul @ thk9cMWm9U"" calls 0.70",2026-10-02T18:21:28.706Z,179096528870600
"""Gabe @ 9mpVPy0oPx"" calls 0.70",2026-10-02T18:21:05.713Z,179096526571300
"""sack @ boAReb7tW9"" folds",2026-10-02T18:21:04.046Z,179096526404600
"""Will @ h_ZrezeXHs"" folds",2026-10-02T18:21:03.163Z,179096526316300
"""Neel @ WyajbU_LR7"" folds",2026-10-02T18:21:02.235Z,179096526223500
"""jaaaaaaan @ O6Q78KIRx-"" raises to 0.70",2026-10-02T18:20:59.441Z,179096525944100
"""Cameron @ eWUSzBpS1d"" folds",2026-10-02T18:20:56.446Z,179096525644600
"""rowan @ GthBpPSqaK"" posts a big blind of 0.20",2026-10-02T18:20:55.189Z,179096525518912
"""Heech @ wzsls5Sz57"" posts a small blind of 0.10",2026-10-02T18:20:55.189Z,179096525518911
"Your hand is 9♠, J♥",2026-10-02T18:20:55.189Z,179096525518904
"Player stacks: #1 ""Heech @ wzsls5Sz57"" (26.51) | #2 ""rowan @ GthBpPSqaK"" (48.65) | #4 ""Cameron @ eWUSzBpS1d"" (50.60) | #5 ""jaaaaaaan @ O6Q78KIRx-"" (41.36) | #6 ""Neel @ WyajbU_LR7"" (19.70) | #7 ""Will @ h_ZrezeXHs"" (152.17) | #8 ""sack @ boAReb7tW9"" (10.98) | #9 ""Gabe @ 9mpVPy0oPx"" (51.01) | #10 ""sul @ thk9cMWm9U"" (10.73)",2026-10-02T18:20:55.189Z,179096525518901
"-- starting hand #108 (id: m7rytzdatmzm)  No Limit Texas Hold'em (dealer: ""sul @ thk9cMWm9U"") --",2026-10-02T18:20:55.189Z,179096525518900
"""Neel @ WyajbU_LR7"" shows a 3♥.",2026-10-02T18:20:50.447Z,179096525044700
"""Cameron @ eWUSzBpS1d"" shows a K♠.",2026-10-02T18:20:50.364Z,179096525036400
"""jaaaaaaan @ O6Q78KIRx-"" shows a 2♠.",2026-10-02T18:20:50.238Z,179096525023800
"Undealt cards: 8♠, K♥, J♦, 5♥ [3♠]",2026-10-02T18:20:47.966Z,179096524796600
"-- ending hand #107 --",2026-10-02T18:20:47.158Z,179096524715802
"""Cameron @ eWUSzBpS1d"" collected 34.10 from pot",2026-10-02T18:20:47.158Z,179096524715801
"Uncalled bet of 16.50 returned to ""Cameron @ eWUSzBpS1d""",2026-10-02T18:20:47.158Z,179096524715800
"""Heech @ wzsls5Sz57"" folds",2026-10-02T18:20:46.341Z,179096524634100
"""Gabe @ 9mpVPy0oPx"" folds",2026-10-02T18:20:36.349Z,179096523634900
"""Cameron @ eWUSzBpS1d"" raises to 26.50 and go all in",2026-10-02T18:20:34.431Z,179096523443100
"""rowan @ GthBpPSqaK"" folds",2026-10-02T18:20:25.283Z,179096522528300
"""Heech @ wzsls5Sz57"" bets 10.00",2026-10-02T18:20:24.321Z,179096522432100
"Turn: 8♠, K♥, J♦ [5♥]",2026-10-02T18:20:15.131Z,179096521513100
"""Gabe @ 9mpVPy0oPx"" checks",2026-10-02T18:20:14.328Z,179096521432800
"""Cameron @ eWUSzBpS1d"" checks",2026-10-02T18:20:02.147Z,179096520214700
"""rowan @ GthBpPSqaK"" checks",2026-10-02T18:19:56.605Z,179096519660500
"""Heech @ wzsls5Sz57"" checks",2026-10-02T18:19:52.645Z,179096519264500
"Flop:  [8♠, K♥, J♦]",2026-10-02T18:19:50.159Z,179096519015900
"""Cameron @ eWUSzBpS1d"" calls 3.50",2026-10-02T18:19:49.294Z,179096518929400
"""rowan @ GthBpPSqaK"" calls 3.50",2026-10-02T18:19:46.469Z,179096518646900
"""Heech @ wzsls5Sz57"" calls 3.50",2026-10-02T18:19:45.585Z,179096518558500
"""sul @ thk9cMWm9U"" folds",2026-10-02T18:19:37.658Z,179096517765800
"""Gabe @ 9mpVPy0oPx"" raises to 3.50",2026-10-02T18:19:36.805Z,179096517680500
"""sack @ boAReb7tW9"" folds",2026-10-02T18:19:33.021Z,179096517302100
"""Will @ h_ZrezeXHs"" folds",2026-10-02T18:19:32.078Z,179096517207800
"""Neel @ WyajbU_LR7"" folds",2026-10-02T18:19:31.178Z,179096517117800
"""jaaaaaaan @ O6Q78KIRx-"" folds",2026-10-02T18:19:27.680Z,179096516768000
"""Cameron @ eWUSzBpS1d"" calls 0.80",2026-10-02T18:19:26.358Z,179096516635800
"""rowan @ GthBpPSqaK"" raises to 0.80",2026-10-02T18:19:19.372Z,179096515937200
"""Heech @ wzsls5Sz57"" posts a big blind of 0.20",2026-10-02T18:19:16.249Z,179096515624912
"""sul @ thk9cMWm9U"" posts a small blind of 0.10",2026-10-02T18:19:16.249Z,179096515624911
"Your hand is K♠, 6♠",2026-10-02T18:19:16.249Z,179096515624904
"Player stacks: #1 ""Heech @ wzsls5Sz57"" (40.01) | #2 ""rowan @ GthBpPSqaK"" (52.15) | #4 ""Cameron @ eWUSzBpS1d"" (30.00) | #5 ""jaaaaaaan @ O6Q78KIRx-"" (41.36) | #6 ""Neel @ WyajbU_LR7"" (19.70) | #7 ""Will @ h_ZrezeXHs"" (152.17) | #8 ""sack @ boAReb7tW9"" (10.98) | #9 ""Gabe @ 9mpVPy0oPx"" (54.51) | #10 ""sul @ thk9cMWm9U"" (10.83)",2026-10-02T18:19:16.249Z,179096515624901
"-- starting hand #107 (id: fdn8f6uaklab)  No Limit Texas Hold'em (dealer: ""Gabe @ 9mpVPy0oPx"") --",2026-10-02T18:19:16.249Z,179096515624900
"""jaaaaaaan @ O6Q78KIRx-"" shows a 4♠, 2♦.",2026-10-02T18:19:12.921Z,179096515292100
"-- ending hand #106 --",2026-10-02T18:19:12.644Z,179096515264402
"""jaaaaaaan @ O6Q78KIRx-"" collected 9.00 from pot",2026-10-02T18:19:12.644Z,179096515264401
"Uncalled bet of 6.75 returned to ""jaaaaaaan @ O6Q78KIRx-""",2026-10-02T18:19:12.644Z,179096515264400
"""sul @ thk9cMWm9U"" folds",2026-10-02T18:19:11.803Z,179096515180300
"""jaaaaaaan @ O6Q78KIRx-"" raises to 8.35",2026-10-02T18:19:01.697Z,179096514169700
"""sul @ thk9cMWm9U"" bets 1.60",2026-10-02T18:18:57.686Z,179096513768600
"River: A♠, Q♠, 9♦, J♠ [10♥]",2026-10-02T18:18:49.942Z,179096512994200
"""jaaaaaaan @ O6Q78KIRx-"" calls 1.00",2026-10-02T18:18:49.102Z,179096512910200
"""sul @ thk9cMWm9U"" bets 1.00",2026-10-02T18:18:48.237Z,179096512823700
"Turn: A♠, Q♠, 9♦ [J♠]",2026-10-02T18:18:41.548Z,179096512154800
"""jaaaaaaan @ O6Q78KIRx-"" calls 0.95",2026-10-02T18:18:40.731Z,179096512073100
"""Heech @ wzsls5Sz57"" folds",2026-10-02T18:18:39.893Z,179096511989300
"""sul @ thk9cMWm9U"" bets 0.95",2026-10-02T18:18:35.884Z,179096511588400
"Flop:  [A♠, Q♠, 9♦]",2026-10-02T18:18:24.881Z,179096510488100
"""jaaaaaaan @ O6Q78KIRx-"" calls 0.60",2026-10-02T18:18:24.072Z,179096510407200
"""Heech @ wzsls5Sz57"" calls 0.60",2026-10-02T18:18:23.190Z,179096510319000
"""sul @ thk9cMWm9U"" raises to 0.60",2026-10-02T18:18:17.692Z,179096509769200
"""Gabe @ 9mpVPy0oPx"" folds",2026-10-02T18:17:56.107Z,179096507610700
"""sack @ boAReb7tW9"" folds",2026-10-02T18:17:55.126Z,179096507512600
"""Will @ h_ZrezeXHs"" folds",2026-10-02T18:17:54.291Z,179096507429100
"""Neel @ WyajbU_LR7"" folds",2026-10-02T18:17:53.300Z,179096507330000
"""jaaaaaaan @ O6Q78KIRx-"" calls 0.20",2026-10-02T18:17:52.418Z,179096507241800
"""Cameron @ eWUSzBpS1d"" folds",2026-10-02T18:17:45.769Z,179096506576900
"""rowan @ GthBpPSqaK"" folds",2026-10-02T18:17:44.904Z,179096506490400
"""Heech @ wzsls5Sz57"" calls 0.20",2026-10-02T18:17:43.997Z,179096506399700
"""sul @ thk9cMWm9U"" posts a big blind of 0.20",2026-10-02T18:17:41.593Z,179096506159312
"""Gabe @ 9mpVPy0oPx"" posts a small blind of 0.10",2026-10-02T18:17:41.593Z,179096506159311
"Your hand is 9♥, 2♠",2026-10-02T18:17:41.593Z,179096506159304
"Player stacks: #1 ""Heech @ wzsls5Sz57"" (40.61) | #2 ""rowan @ GthBpPSqaK"" (52.15) | #4 ""Cameron @ eWUSzBpS1d"" (30.00) | #5 ""jaaaaaaan @ O6Q78KIRx-"" (36.51) | #6 ""Neel @ WyajbU_LR7"" (19.70) | #7 ""Will @ h_ZrezeXHs"" (152.17) | #8 ""sack @ boAReb7tW9"" (10.98) | #9 ""Gabe @ 9mpVPy0oPx"" (54.61) | #10 ""sul @ thk9cMWm9U"" (14.98)",2026-10-02T18:17:41.593Z,179096506159301
"-- starting hand #106 (id: rlubd0yvkxw0)  No Limit Texas Hold'em (dealer: ""sack @ boAReb7tW9"") --",2026-10-02T18:17:41.593Z,179096506159300
"Undealt cards: 4♦, 6♠, J♣, A♠ [Q♥]",2026-10-02T18:17:38.244Z,179096505824400
"-- ending hand #105 --",2026-10-02T18:17:35.680Z,179096505568002
"""rowan @ GthBpPSqaK"" collected 6.60 from pot",2026-10-02T18:17:35.680Z,179096505568001
"Uncalled bet of 4.95 returned to ""rowan @ GthBpPSqaK""",2026-10-02T18:17:35.680Z,179096505568000
"""jaaaaaaan @ O6Q78KIRx-"" folds",2026-10-02T18:17:34.805Z,179096505480500
"""rowan @ GthBpPSqaK"" bets 4.95",2026-10-02T18:17:30.533Z,179096505053300
"Turn: 4♦, 6♠, J♣ [A♠]",2026-10-02T18:17:27.670Z,179096504767000
"""sul @ thk9cMWm9U"" folds",2026-10-02T18:17:26.828Z,179096504682800
"""jaaaaaaan @ O6Q78KIRx-"" calls 1.65",2026-10-02T18:17:25.463Z,179096504546300
"""rowan @ GthBpPSqaK"" bets 1.65",2026-10-02T18:17:23.882Z,179096504388200
"""sul @ thk9cMWm9U"" checks",2026-10-02T18:17:21.360Z,179096504136000
"Flop:  [4♦, 6♠, J♣]",2026-10-02T18:17:16.653Z,179096503665300
"""Gabe @ 9mpVPy0oPx"" folds",2026-10-02T18:17:15.805Z,179096503580500
"""sack @ boAReb7tW9"" folds",2026-10-02T18:17:14.796Z,179096503479600
"""Will @ h_ZrezeXHs"" folds",2026-10-02T18:17:13.935Z,179096503393500
"""Neel @ WyajbU_LR7"" folds",2026-10-02T18:17:13.032Z,179096503303200
"""jaaaaaaan @ O6Q78KIRx-"" calls 1.00",2026-10-02T18:17:09.078Z,179096502907800
"""Cameron @ eWUSzBpS1d"" folds",2026-10-02T18:17:07.604Z,179096502760400
"""rowan @ GthBpPSqaK"" calls 1.00",2026-10-02T18:17:03.599Z,179096502359900
"""Heech @ wzsls5Sz57"" folds",2026-10-02T18:17:02.706Z,179096502270600
"""sul @ thk9cMWm9U"" raises to 1.00",2026-10-02T18:17:01.804Z,179096502180400
"""Gabe @ 9mpVPy0oPx"" posts a big blind of 0.20",2026-10-02T18:16:37.397Z,179096499739713
"""sack @ boAReb7tW9"" posts a small blind of 0.10",2026-10-02T18:16:37.397Z,179096499739712
"Your hand is 5♣, 6♥",2026-10-02T18:16:37.397Z,179096499739705
"Player stacks: #1 ""Heech @ wzsls5Sz57"" (40.61) | #2 ""rowan @ GthBpPSqaK"" (48.20) | #4 ""Cameron @ eWUSzBpS1d"" (30.00) | #5 ""jaaaaaaan @ O6Q78KIRx-"" (39.16) | #6 ""Neel @ WyajbU_LR7"" (19.70) | #7 ""Will @ h_ZrezeXHs"" (152.17) | #8 ""sack @ boAReb7tW9"" (11.08) | #9 ""Gabe @ 9mpVPy0oPx"" (54.81) | #10 ""sul @ thk9cMWm9U"" (15.98)",2026-10-02T18:16:37.397Z,179096499739702
"-- starting hand #105 (id: quccrk6ghwso)  No Limit Texas Hold'em (dealer: ""Will @ h_ZrezeXHs"") --",2026-10-02T18:16:37.397Z,179096499739701
"The player ""Cameron @ eWUSzBpS1d"" joined the game with a stack of 30.00.",2026-10-02T18:16:37.397Z,179096499739700
"-- ending hand #104 --",2026-10-02T18:16:31.488Z,179096499148802
"""jaaaaaaan @ O6Q78KIRx-"" collected 4.50 from pot",2026-10-02T18:16:31.488Z,179096499148801
"Uncalled bet of 2.25 returned to ""jaaaaaaan @ O6Q78KIRx-""",2026-10-02T18:16:31.488Z,179096499148800
"""rowan @ GthBpPSqaK"" folds",2026-10-02T18:16:30.596Z,179096499059600
"""jaaaaaaan @ O6Q78KIRx-"" bets 2.25",2026-10-02T18:16:29.479Z,179096498947900
"The admin approved the player ""Cameron @ eWUSzBpS1d"" participation with a stack of 30.00.",2026-10-02T18:16:27.256Z,179096498725600
"""rowan @ GthBpPSqaK"" checks",2026-10-02T18:16:26.565Z,179096498656500
"The player ""Cameron @ eWUSzBpS1d"" requested a seat.",2026-10-02T18:16:25.256Z,179096498525600
"Turn: J♦, A♠, 8♣ [A♣]",2026-10-02T18:16:22.732Z,179096498273200
"""sack @ boAReb7tW9"" folds",2026-10-02T18:16:21.918Z,179096498191800
"""jaaaaaaan @ O6Q78KIRx-"" calls 1.00",2026-10-02T18:16:21.044Z,179096498104400
"""rowan @ GthBpPSqaK"" bets 1.00",2026-10-02T18:16:19.859Z,179096497985900
"""sack @ boAReb7tW9"" checks",2026-10-02T18:16:16.515Z,179096497651500
"Flop:  [J♦, A♠, 8♣]",2026-10-02T18:16:14.383Z,179096497438300
"""sack @ boAReb7tW9"" calls 0.80",2026-10-02T18:16:13.576Z,179096497357600
"""Will @ h_ZrezeXHs"" folds",2026-10-02T18:16:11.770Z,179096497177000
"""Neel @ WyajbU_LR7"" folds",2026-10-02T18:16:10.792Z,179096497079200
"""jaaaaaaan @ O6Q78KIRx-"" calls 0.80",2026-10-02T18:16:09.922Z,179096496992200
"""rowan @ GthBpPSqaK"" raises to 0.80",2026-10-02T18:16:09.024Z,179096496902400
"""Heech @ wzsls5Sz57"" folds",2026-10-02T18:16:05.528Z,179096496552800
"""sul @ thk9cMWm9U"" folds",2026-10-02T18:16:04.613Z,179096496461300
"""Gabe @ 9mpVPy0oPx"" folds",2026-10-02T18:16:03.770Z,179096496377000
"""sack @ boAReb7tW9"" posts a big blind of 0.20",2026-10-02T18:16:02.143Z,179096496214312
"""Will @ h_ZrezeXHs"" posts a small blind of 0.10",2026-10-02T18:16:02.143Z,179096496214311
"Player stacks: #1 ""Heech @ wzsls5Sz57"" (40.61) | #2 ""rowan @ GthBpPSqaK"" (50.00) | #5 ""jaaaaaaan @ O6Q78KIRx-"" (36.46) | #6 ""Neel @ WyajbU_LR7"" (19.70) | #7 ""Will @ h_ZrezeXHs"" (152.27) | #8 ""sack @ boAReb7tW9"" (11.88) | #9 ""Gabe @ 9mpVPy0oPx"" (54.81) | #10 ""sul @ thk9cMWm9U"" (15.98)",2026-10-02T18:16:02.143Z,179096496214302
"-- starting hand #104 (id: qcyk8mtbg6py)  No Limit Texas Hold'em (dealer: ""Neel @ WyajbU_LR7"") --",2026-10-02T18:16:02.143Z,179096496214301
"The player ""Jason @ XKcqCJfaWe"" quits the game with a stack of 60.67.",2026-10-02T18:16:02.143Z,179096496214300
"Undealt cards:  [K♦, 6♣, A♦, 10♠, 6♠]",2026-10-02T18:15:57.230Z,179096495723000
"""rowan @ GthBpPSqaK"" shows a 7♦, K♠.",2026-10-02T18:15:57.174Z,179096495717400
"""sul @ thk9cMWm9U"" shows a 4♣, 4♠.",2026-10-02T18:15:56.480Z,179096495648000
"""Heech @ wzsls5Sz57"" shows a 3♥, 5♦.",2026-10-02T18:15:55.707Z,179096495570700
"""Will @ h_ZrezeXHs"" shows a K♥, K♣.",2026-10-02T18:15:54.803Z,179096495480300
"-- ending hand #103 --",2026-10-02T18:15:53.220Z,179096495322002
"""Will @ h_ZrezeXHs"" collected 3.30 from pot",2026-10-02T18:15:53.220Z,179096495322001
"Uncalled bet of 4.00 returned to ""Will @ h_ZrezeXHs""",2026-10-02T18:15:53.220Z,179096495322000
"""jaaaaaaan @ O6Q78KIRx-"" folds",2026-10-02T18:15:52.413Z,179096495241300
"""sul @ thk9cMWm9U"" folds",2026-10-02T18:15:49.136Z,179096494913600
"""sack @ boAReb7tW9"" folds",2026-10-02T18:15:47.901Z,179096494790100
"""Will @ h_ZrezeXHs"" raises to 5.00",2026-10-02T18:15:46.269Z,179096494626900
"""Neel @ WyajbU_LR7"" folds",2026-10-02T18:15:43.616Z,179096494361600
"""jaaaaaaan @ O6Q78KIRx-"" calls 1.00",2026-10-02T18:15:41.566Z,179096494156600
"""rowan @ GthBpPSqaK"" folds",2026-10-02T18:15:40.105Z,179096494010500
"""Heech @ wzsls5Sz57"" folds",2026-10-02T18:15:39.238Z,179096493923800
"""sul @ thk9cMWm9U"" raises to 1.00",2026-10-02T18:15:37.230Z,179096493723000
"The admin ""Heech @ wzsls5Sz57"" enqueued the removal of the player ""Jason @ XKcqCJfaWe"".",2026-10-02T18:15:30.179Z,179096493017900
"""Gabe @ 9mpVPy0oPx"" folds",2026-10-02T18:15:27.617Z,179096492761700
"""sack @ boAReb7tW9"" calls 0.20",2026-10-02T18:15:26.570Z,179096492657000
"""Will @ h_ZrezeXHs"" posts a big blind of 0.20",2026-10-02T18:15:22.619Z,179096492261913
"""Neel @ WyajbU_LR7"" posts a small blind of 0.10",2026-10-02T18:15:22.619Z,179096492261912
"Player stacks: #1 ""Heech @ wzsls5Sz57"" (40.61) | #2 ""rowan @ GthBpPSqaK"" (50.00) | #5 ""jaaaaaaan @ O6Q78KIRx-"" (37.46) | #6 ""Neel @ WyajbU_LR7"" (19.80) | #7 ""Will @ h_ZrezeXHs"" (149.97) | #8 ""sack @ boAReb7tW9"" (12.08) | #9 ""Gabe @ 9mpVPy0oPx"" (54.81) | #10 ""sul @ thk9cMWm9U"" (16.98)",2026-10-02T18:15:22.619Z,179096492261903
"-- starting hand #103 (id: eilfwhfwm5ep)  No Limit Texas Hold'em (dealer: ""jaaaaaaan @ O6Q78KIRx-"") --",2026-10-02T18:15:22.619Z,179096492261902
"The admin updated the player ""Heech @ wzsls5Sz57"" stack from 60.61 to 40.61.",2026-10-02T18:15:22.619Z,179096492261901
"The player ""rowan @ GthBpPSqaK"" rebought. New stack 50.00.",2026-10-02T18:15:22.619Z,179096492261900
"Waiting for the game owner to approve or reject pending rebuy requests.",2026-10-02T18:15:21.090Z,179096492109001
"The player ""rowan @ GthBpPSqaK"" requested a rebuy of 50.00.",2026-10-02T18:15:21.090Z,179096492109000
"Asking to busted players the rebuy decision.",2026-10-02T18:15:12.373Z,179096491237300
"""sack @ boAReb7tW9"" shows a 10♣, 10♦.",2026-10-02T18:15:05.773Z,179096490577300
"-- ending hand #102 --",2026-10-02T18:15:03.840Z,179096490384002
"""Will @ h_ZrezeXHs"" collected 46.46 from pot with Three of a Kind, 7's on the second run  (combination: J♠, A♦, 7♥, 7♣, 7♠)",2026-10-02T18:15:03.840Z,179096490384001
"""Will @ h_ZrezeXHs"" collected 46.46 from pot with Three of a Kind, 7's (combination: 8♦, A♦, 7♥, 7♣, 7♠)",2026-10-02T18:15:03.840Z,179096490384000
"River (second run): 5♠, 7♠, A♦, 8♦ [J♠]",2026-10-02T18:14:59.785Z,179096489978500
"River: 5♠, 7♠, A♦, 8♦ [2♣]",2026-10-02T18:14:55.757Z,179096489575700
"""Will @ h_ZrezeXHs"" shows a 7♥, 7♣.",2026-10-02T18:14:51.754Z,179096489175401
"""rowan @ GthBpPSqaK"" shows a 5♥, 6♠.",2026-10-02T18:14:51.754Z,179096489175400
"All players in hand choose to run it twice.",2026-10-02T18:14:50.906Z,179096489090601
"""Will @ h_ZrezeXHs"" chooses to  run it twice.",2026-10-02T18:14:50.906Z,179096489090600
"""rowan @ GthBpPSqaK"" chooses to  run it twice.",2026-10-02T18:14:50.265Z,179096489026500
"Remaining players decide whether to run it twice.",2026-10-02T18:14:49.654Z,179096488965401
"""rowan @ GthBpPSqaK"" calls 24.95 and go all in",2026-10-02T18:14:49.654Z,179096488965400
"WARNING: the admin queued the stack change for the player ""Heech @ wzsls5Sz57"" removing 20.00 chips in the next hand.",2026-10-02T18:14:47.835Z,179096488783500
"""Will @ h_ZrezeXHs"" bets 24.95",2026-10-02T18:14:41.870Z,179096488187000
"Turn: 5♠, 7♠, A♦ [8♦]",2026-10-02T18:14:37.049Z,179096487704900
"""rowan @ GthBpPSqaK"" calls 16.00",2026-10-02T18:14:36.172Z,179096487617200
"""sack @ boAReb7tW9"" folds",2026-10-02T18:14:30.586Z,179096487058600
"""Will @ h_ZrezeXHs"" raises to 16.00",2026-10-02T18:14:26.045Z,179096486604500
"""rowan @ GthBpPSqaK"" calls 4.72",2026-10-02T18:14:18.527Z,179096485852700
"""sack @ boAReb7tW9"" bets 4.72",2026-10-02T18:14:17.490Z,179096485749000
"""Will @ h_ZrezeXHs"" checks",2026-10-02T18:14:13.988Z,179096485398800
"Flop:  [5♠, 7♠, A♦]",2026-10-02T18:14:12.392Z,179096485239200
"""Will @ h_ZrezeXHs"" calls 2.00",2026-10-02T18:14:11.562Z,179096485156200
"""Neel @ WyajbU_LR7"" folds",2026-10-02T18:14:04.000Z,179096484400000
"""jaaaaaaan @ O6Q78KIRx-"" folds",2026-10-02T18:14:03.064Z,179096484306400
"""rowan @ GthBpPSqaK"" calls 2.00",2026-10-02T18:14:00.822Z,179096484082200
"""Heech @ wzsls5Sz57"" folds",2026-10-02T18:13:59.892Z,179096483989200
"""sul @ thk9cMWm9U"" folds",2026-10-02T18:13:58.919Z,179096483891900
"""Gabe @ 9mpVPy0oPx"" folds",2026-10-02T18:13:58.036Z,179096483803600
"""sack @ boAReb7tW9"" raises to 2.00",2026-10-02T18:13:49.430Z,179096482943000
"""Will @ h_ZrezeXHs"" raises to 0.80",2026-10-02T18:13:40.842Z,179096482084200
"""Neel @ WyajbU_LR7"" posts a big blind of 0.20",2026-10-02T18:13:37.846Z,179096481784612
"""jaaaaaaan @ O6Q78KIRx-"" posts a small blind of 0.10",2026-10-02T18:13:37.846Z,179096481784611
"Player stacks: #1 ""Heech @ wzsls5Sz57"" (60.61) | #2 ""rowan @ GthBpPSqaK"" (42.95) | #5 ""jaaaaaaan @ O6Q78KIRx-"" (37.56) | #6 ""Neel @ WyajbU_LR7"" (20.00) | #7 ""Will @ h_ZrezeXHs"" (100.00) | #8 ""sack @ boAReb7tW9"" (18.80) | #9 ""Gabe @ 9mpVPy0oPx"" (54.81) | #10 ""sul @ thk9cMWm9U"" (16.98)",2026-10-02T18:13:37.846Z,179096481784602
"-- starting hand #102 (id: yyfbsd43mc5e)  No Limit Texas Hold'em (dealer: ""rowan @ GthBpPSqaK"") --",2026-10-02T18:13:37.846Z,179096481784601
"The admin updated the player ""jaaaaaaan @ O6Q78KIRx-"" stack from 11.56 to 37.56.",2026-10-02T18:13:37.846Z,179096481784600
"-- ending hand #101 --",2026-10-02T18:13:31.903Z,179096481190301
"""Heech @ wzsls5Sz57"" collected 1.80 from pot",2026-10-02T18:13:31.903Z,179096481190300
"""rowan @ GthBpPSqaK"" folds",2026-10-02T18:13:31.085Z,179096481108500
"Turn: Q♦, A♠, J♣ [6♣]",2026-10-02T18:13:28.349Z,179096480834900
"""jaaaaaaan @ O6Q78KIRx-"" folds",2026-10-02T18:13:27.512Z,179096480751200
"""rowan @ GthBpPSqaK"" calls 0.60",2026-10-02T18:13:24.882Z,179096480488200
"""Heech @ wzsls5Sz57"" bets 0.60",2026-10-02T18:13:24.004Z,179096480400400
"""jaaaaaaan @ O6Q78KIRx-"" checks",2026-10-02T18:13:16.212Z,179096479621200
"""rowan @ GthBpPSqaK"" checks",2026-10-02T18:13:15.174Z,179096479517400
"Flop:  [Q♦, A♠, J♣]",2026-10-02T18:13:13.033Z,179096479303300
"""jaaaaaaan @ O6Q78KIRx-"" checks",2026-10-02T18:13:12.186Z,179096479218600
"""rowan @ GthBpPSqaK"" calls 0.20",2026-10-02T18:13:10.956Z,179096479095600
"""Heech @ wzsls5Sz57"" calls 0.20",2026-10-02T18:13:08.743Z,179096478874300
"WARNING: the admin queued the stack change for the player ""jaaaaaaan @ O6Q78KIRx-"" adding 26.00 chips in the next hand.",2026-10-02T18:13:06.807Z,179096478680700
"""sul @ thk9cMWm9U"" folds",2026-10-02T18:12:49.960Z,179096476996000
"""Gabe @ 9mpVPy0oPx"" folds",2026-10-02T18:12:49.073Z,179096476907300
"""sack @ boAReb7tW9"" folds",2026-10-02T18:12:48.034Z,179096476803400
"""Will @ h_ZrezeXHs"" folds",2026-10-02T18:12:47.162Z,179096476716200
"""Neel @ WyajbU_LR7"" folds",2026-10-02T18:12:45.593Z,179096476559300
"""jaaaaaaan @ O6Q78KIRx-"" posts a big blind of 0.20",2026-10-02T18:12:44.334Z,179096476433412
"""rowan @ GthBpPSqaK"" posts a small blind of 0.10",2026-10-02T18:12:44.334Z,179096476433411
"Player stacks: #1 ""Heech @ wzsls5Sz57"" (59.61) | #2 ""rowan @ GthBpPSqaK"" (43.75) | #5 ""jaaaaaaan @ O6Q78KIRx-"" (11.76) | #6 ""Neel @ WyajbU_LR7"" (20.00) | #7 ""Will @ h_ZrezeXHs"" (100.00) | #8 ""sack @ boAReb7tW9"" (18.80) | #9 ""Gabe @ 9mpVPy0oPx"" (54.81) | #10 ""sul @ thk9cMWm9U"" (16.98)",2026-10-02T18:12:44.334Z,179096476433402
"-- starting hand #101 (id: gvszgw0yfncp)  No Limit Texas Hold'em (dealer: ""Heech @ wzsls5Sz57"") --",2026-10-02T18:12:44.334Z,179096476433401
"The player ""Neel @ WyajbU_LR7"" rebought. New stack 20.00.",2026-10-02T18:12:44.334Z,179096476433400
"Waiting for the game owner to approve or reject pending rebuy requests.",2026-10-02T18:12:43.466Z,179096476346601
"The player ""Neel @ WyajbU_LR7"" requested a rebuy of 20.00.",2026-10-02T18:12:43.466Z,179096476346600
"Asking to busted players the rebuy decision.",2026-10-02T18:12:40.981Z,179096476098100
"-- ending hand #100 --",2026-10-02T18:12:32.965Z,179096475296504
"""Heech @ wzsls5Sz57"" collected 0.03 from pot with Pair, 9's on the second run  (combination: 10♠, Q♣, A♠, 9♦, 9♣)",2026-10-02T18:12:32.965Z,179096475296503
"""Heech @ wzsls5Sz57"" collected 0.03 from pot with Pair, 9's (combination: 8♠, Q♣, A♠, 9♦, 9♣)",2026-10-02T18:12:32.965Z,179096475296502
"""Gabe @ 9mpVPy0oPx"" collected 27.40 from pot with Two Pair, 7's & 3's on the second run  (combination: Q♣, 3♦, 3♥, 7♦, 7♠)",2026-10-02T18:12:32.965Z,179096475296501
"""Gabe @ 9mpVPy0oPx"" collected 27.41 from pot with Two Pair, 7's & 3's (combination: Q♣, 3♦, 3♥, 7♦, 7♠)",2026-10-02T18:12:32.965Z,179096475296500
"River (second run): 3♥, 7♠, 9♣, Q♣ [10♠]",2026-10-02T18:12:28.915Z,179096474891500
"River: 3♥, 7♠, 9♣, Q♣ [8♠]",2026-10-02T18:12:24.902Z,179096474490200
"""Gabe @ 9mpVPy0oPx"" shows a 7♦, 3♦.",2026-10-02T18:12:20.823Z,179096474082302
"""Neel @ WyajbU_LR7"" shows a A♣, 7♣.",2026-10-02T18:12:20.823Z,179096474082301
"""Heech @ wzsls5Sz57"" shows a A♠, 9♦.",2026-10-02T18:12:20.823Z,179096474082300
"All players in hand choose to run it twice.",2026-10-02T18:12:19.978Z,179096473997801
"""Gabe @ 9mpVPy0oPx"" chooses to  run it twice.",2026-10-02T18:12:19.978Z,179096473997800
"""Neel @ WyajbU_LR7"" chooses to  run it twice.",2026-10-02T18:12:19.110Z,179096473911000
"""Heech @ wzsls5Sz57"" chooses to  run it twice.",2026-10-02T18:12:18.868Z,179096473886800
"Remaining players decide whether to run it twice.",2026-10-02T18:12:17.967Z,179096473796701
"""Heech @ wzsls5Sz57"" calls 13.30",2026-10-02T18:12:17.967Z,179096473796700
"""Neel @ WyajbU_LR7"" raises to 13.30 and go all in",2026-10-02T18:12:14.832Z,179096473483200
"""Heech @ wzsls5Sz57"" calls 13.27",2026-10-02T18:11:59.652Z,179096471965200
"""Gabe @ 9mpVPy0oPx"" bets 13.27 and go all in",2026-10-02T18:11:41.976Z,179096470197600
"""Neel @ WyajbU_LR7"" checks",2026-10-02T18:11:39.471Z,179096469947100
"""Heech @ wzsls5Sz57"" checks",2026-10-02T18:11:37.535Z,179096469753500
"Turn: 3♥, 7♠, 9♣ [Q♣]",2026-10-02T18:11:35.902Z,179096469590200
"""Neel @ WyajbU_LR7"" calls 4.20",2026-10-02T18:11:35.088Z,179096469508800
"""Heech @ wzsls5Sz57"" calls 4.20",2026-10-02T18:11:33.400Z,179096469340000
"""Gabe @ 9mpVPy0oPx"" raises to 4.20",2026-10-02T18:11:27.875Z,179096468787500
"""Neel @ WyajbU_LR7"" calls 1.80",2026-10-02T18:11:23.061Z,179096468306100
"""rowan @ GthBpPSqaK"" folds",2026-10-02T18:11:15.439Z,179096467543900
"""Heech @ wzsls5Sz57"" bets 1.80",2026-10-02T18:11:14.404Z,179096467440400
"Flop:  [3♥, 7♠, 9♣]",2026-10-02T18:11:10.758Z,179096467075800
"""rowan @ GthBpPSqaK"" calls 0.60",2026-10-02T18:11:09.884Z,179096466988400
"""Heech @ wzsls5Sz57"" calls 0.60",2026-10-02T18:11:09.022Z,179096466902200
"""sul @ thk9cMWm9U"" folds",2026-10-02T18:11:07.994Z,179096466799400
"""Gabe @ 9mpVPy0oPx"" calls 0.60",2026-10-02T18:10:51.594Z,179096465159400
"""sack @ boAReb7tW9"" folds",2026-10-02T18:10:49.384Z,179096464938400
"""Will @ h_ZrezeXHs"" folds",2026-10-02T18:10:48.523Z,179096464852300
"""Neel @ WyajbU_LR7"" raises to 0.60",2026-10-02T18:10:41.884Z,179096464188400
"""jaaaaaaan @ O6Q78KIRx-"" folds",2026-10-02T18:10:38.304Z,179096463830400
"""rowan @ GthBpPSqaK"" posts a big blind of 0.20",2026-10-02T18:10:36.794Z,179096463679412
"""Heech @ wzsls5Sz57"" posts a small blind of 0.10",2026-10-02T18:10:36.794Z,179096463679411
"Player stacks: #1 ""Heech @ wzsls5Sz57"" (77.65) | #2 ""rowan @ GthBpPSqaK"" (44.35) | #5 ""jaaaaaaan @ O6Q78KIRx-"" (11.76) | #6 ""Neel @ WyajbU_LR7"" (18.10) | #7 ""Will @ h_ZrezeXHs"" (100.00) | #8 ""sack @ boAReb7tW9"" (18.80) | #9 ""Gabe @ 9mpVPy0oPx"" (18.07) | #10 ""sul @ thk9cMWm9U"" (16.98)",2026-10-02T18:10:36.794Z,179096463679402
"-- starting hand #100 (id: demhprhnw5nv)  No Limit Texas Hold'em (dealer: ""sul @ thk9cMWm9U"") --",2026-10-02T18:10:36.794Z,179096463679401
"The player ""Will @ h_ZrezeXHs"" joined the game with a stack of 100.00.",2026-10-02T18:10:36.794Z,179096463679400
"-- ending hand #99 --",2026-10-02T18:10:30.790Z,179096463079005
"""jaaaaaaan @ O6Q78KIRx-"" collected 11.76 from pot with Three of a Kind, 7's (combination: 10♦, Q♠, 7♦, 7♠, 7♥)",2026-10-02T18:10:30.790Z,179096463079004
"""rowan @ GthBpPSqaK"" collected 11.76 from pot with Three of a Kind, 7's (combination: 10♦, Q♠, 7♣, 7♠, 7♥)",2026-10-02T18:10:30.790Z,179096463079003
"""jaaaaaaan @ O6Q78KIRx-"" shows a 7♦, 9♥.",2026-10-02T18:10:30.790Z,179096463079002
"""rowan @ GthBpPSqaK"" shows a 7♣, 9♠.",2026-10-02T18:10:30.790Z,179096463079001
"Uncalled bet of 0.24 returned to ""rowan @ GthBpPSqaK""",2026-10-02T18:10:30.790Z,179096463079000
"""Heech @ wzsls5Sz57"" folds",2026-10-02T18:10:29.978Z,179096462997800
"""jaaaaaaan @ O6Q78KIRx-"" calls 8.76 and go all in",2026-10-02T18:10:28.337Z,179096462833700
"""rowan @ GthBpPSqaK"" bets 9.00",2026-10-02T18:10:27.209Z,179096462720900
"""Heech @ wzsls5Sz57"" checks",2026-10-02T18:10:19.242Z,179096461924200
"River: 10♦, 7♠, 7♥, Q♠ [5♦]",2026-10-02T18:10:17.713Z,179096461771300
"""Heech @ wzsls5Sz57"" calls 1.50",2026-10-02T18:10:16.896Z,179096461689600
"""jaaaaaaan @ O6Q78KIRx-"" calls 1.50",2026-10-02T18:10:14.638Z,179096461463800
"""rowan @ GthBpPSqaK"" bets 1.50",2026-10-02T18:10:10.091Z,179096461009100
"""Heech @ wzsls5Sz57"" checks",2026-10-02T18:10:07.659Z,179096460765900
"Turn: 10♦, 7♠, 7♥ [Q♠]",2026-10-02T18:10:06.702Z,179096460670200
"""Heech @ wzsls5Sz57"" calls 0.20",2026-10-02T18:10:05.891Z,179096460589100
"""sack @ boAReb7tW9"" folds",2026-10-02T18:10:04.639Z,179096460463900
"""jaaaaaaan @ O6Q78KIRx-"" calls 0.20",2026-10-02T18:10:03.800Z,179096460380000
"""rowan @ GthBpPSqaK"" bets 0.20",2026-10-02T18:10:02.305Z,179096460230500
"""Heech @ wzsls5Sz57"" checks",2026-10-02T18:09:59.350Z,179096459935000
"Flop:  [10♦, 7♠, 7♥]",2026-10-02T18:09:56.938Z,179096459693800
"""Heech @ wzsls5Sz57"" checks",2026-10-02T18:09:56.098Z,179096459609800
"The admin approved the player ""Will @ h_ZrezeXHs"" participation with a stack of 100.00.",2026-10-02T18:09:54.088Z,179096459408800
"""sul @ thk9cMWm9U"" folds",2026-10-02T18:09:53.918Z,179096459391800
"""Gabe @ 9mpVPy0oPx"" folds",2026-10-02T18:09:53.021Z,179096459302100
"The player ""Will @ h_ZrezeXHs"" requested a seat.",2026-10-02T18:09:52.176Z,179096459217600
"""sack @ boAReb7tW9"" calls 0.20",2026-10-02T18:09:49.962Z,179096458996200
"""Neel @ WyajbU_LR7"" folds",2026-10-02T18:09:49.101Z,179096458910100
"""jaaaaaaan @ O6Q78KIRx-"" calls 0.20",2026-10-02T18:09:48.171Z,179096458817100
"""rowan @ GthBpPSqaK"" calls 0.20",2026-10-02T18:09:47.279Z,179096458727900
"""Heech @ wzsls5Sz57"" posts a big blind of 0.20",2026-10-02T18:09:46.269Z,179096458626911
"""sul @ thk9cMWm9U"" posts a small blind of 0.10",2026-10-02T18:09:46.269Z,179096458626910
"Player stacks: #1 ""Heech @ wzsls5Sz57"" (79.55) | #2 ""rowan @ GthBpPSqaK"" (43.25) | #5 ""jaaaaaaan @ O6Q78KIRx-"" (10.66) | #6 ""Neel @ WyajbU_LR7"" (18.10) | #8 ""sack @ boAReb7tW9"" (19.00) | #9 ""Gabe @ 9mpVPy0oPx"" (18.07) | #10 ""sul @ thk9cMWm9U"" (17.08)",2026-10-02T18:09:46.269Z,179096458626902
"-- starting hand #99 (id: 72vzp4egerqv)  No Limit Texas Hold'em (dealer: ""Gabe @ 9mpVPy0oPx"") --",2026-10-02T18:09:46.269Z,179096458626901
"The player ""BransonW @ -thFwNBkz6"" quits the game with a stack of 44.86.",2026-10-02T18:09:46.269Z,179096458626900
"""rowan @ GthBpPSqaK"" shows a 10♥.",2026-10-02T18:09:42.646Z,179096458264600
"""jaaaaaaan @ O6Q78KIRx-"" shows a 2♦, 9♦.",2026-10-02T18:09:41.086Z,179096458108600
"-- ending hand #98 --",2026-10-02T18:09:39.159Z,179096457915903
"""Heech @ wzsls5Sz57"" collected 26.00 from pot with Three of a Kind, 7's (combination: J♦, A♣, 7♣, 7♥, 7♦)",2026-10-02T18:09:39.159Z,179096457915902
"""Heech @ wzsls5Sz57"" shows a A♣, 7♣.",2026-10-02T18:09:39.159Z,179096457915901
"""Gabe @ 9mpVPy0oPx"" shows a 6♦, 7♠.",2026-10-02T18:09:39.159Z,179096457915900
"""rowan @ GthBpPSqaK"" folds",2026-10-02T18:09:38.337Z,179096457833700
"""Heech @ wzsls5Sz57"" calls 6.50",2026-10-02T18:09:37.381Z,179096457738100
"""Gabe @ 9mpVPy0oPx"" bets 6.50",2026-10-02T18:09:36.067Z,179096457606700
"River: 7♥, J♦, 5♦, 7♦ [10♣]",2026-10-02T18:09:33.555Z,179096457355500
"""rowan @ GthBpPSqaK"" checks",2026-10-02T18:09:32.729Z,179096457272900
"""Heech @ wzsls5Sz57"" checks",2026-10-02T18:09:31.548Z,179096457154800
"""Gabe @ 9mpVPy0oPx"" checks",2026-10-02T18:09:28.732Z,179096456873200
"Turn: 7♥, J♦, 5♦ [7♦]",2026-10-02T18:09:25.456Z,179096456545600
"""Heech @ wzsls5Sz57"" calls 2.60",2026-10-02T18:09:24.652Z,179096456465200
"""Gabe @ 9mpVPy0oPx"" calls 2.60",2026-10-02T18:09:21.293Z,179096456129300
"""sack @ boAReb7tW9"" folds",2026-10-02T18:09:15.277Z,179096455527700
"""Neel @ WyajbU_LR7"" folds",2026-10-02T18:09:14.406Z,179096455440600
"""rowan @ GthBpPSqaK"" bets 2.60",2026-10-02T18:09:11.826Z,179096455182600
"""Heech @ wzsls5Sz57"" checks",2026-10-02T18:09:09.511Z,179096454951100
"""Gabe @ 9mpVPy0oPx"" checks",2026-10-02T18:09:08.383Z,179096454838300
"Flop:  [7♥, J♦, 5♦]",2026-10-02T18:09:06.224Z,179096454622400
"""Heech @ wzsls5Sz57"" calls 1.00",2026-10-02T18:09:05.415Z,179096454541500
"""sul @ thk9cMWm9U"" folds",2026-10-02T18:09:01.342Z,179096454134200
"""Gabe @ 9mpVPy0oPx"" calls 1.00",2026-10-02T18:08:47.478Z,179096452747800
"""sack @ boAReb7tW9"" calls 1.00",2026-10-02T18:08:43.474Z,179096452347400
"""Neel @ WyajbU_LR7"" calls 1.00",2026-10-02T18:08:42.595Z,179096452259500
"""jaaaaaaan @ O6Q78KIRx-"" folds",2026-10-02T18:08:40.351Z,179096452035100
"""rowan @ GthBpPSqaK"" raises to 1.00",2026-10-02T18:08:38.806Z,179096451880600
"""Heech @ wzsls5Sz57"" calls 0.20",2026-10-02T18:08:36.431Z,179096451643100
"The admin ""Heech @ wzsls5Sz57"" enqueued the removal of the player ""BransonW @ -thFwNBkz6"".",2026-10-02T18:08:33.483Z,179096451348300
"""sul @ thk9cMWm9U"" posts a big blind of 0.20",2026-10-02T18:08:13.397Z,179096449339710
"""Gabe @ 9mpVPy0oPx"" posts a small blind of 0.10",2026-10-02T18:08:13.397Z,179096449339709
"Player stacks: #1 ""Heech @ wzsls5Sz57"" (63.65) | #2 ""rowan @ GthBpPSqaK"" (46.85) | #5 ""jaaaaaaan @ O6Q78KIRx-"" (10.66) | #6 ""Neel @ WyajbU_LR7"" (19.10) | #8 ""sack @ boAReb7tW9"" (20.00) | #9 ""Gabe @ 9mpVPy0oPx"" (28.17) | #10 ""sul @ thk9cMWm9U"" (17.28)",2026-10-02T18:08:13.397Z,179096449339701
"-- starting hand #98 (id: hhl5jiqqjuwq)  No Limit Texas Hold'em (dealer: ""sack @ boAReb7tW9"") --",2026-10-02T18:08:13.397Z,179096449339700
"""jaaaaaaan @ O6Q78KIRx-"" shows a 2♦, 10♦.",2026-10-02T18:08:08.926Z,179096448892600
"-- ending hand #97 --",2026-10-02T18:08:06.752Z,179096448675202
"""jaaaaaaan @ O6Q78KIRx-"" collected 4.30 from pot",2026-10-02T18:08:06.752Z,179096448675201
"Uncalled bet of 6.36 returned to ""jaaaaaaan @ O6Q78KIRx-""",2026-10-02T18:08:06.752Z,179096448675200
"""sul @ thk9cMWm9U"" folds",2026-10-02T18:08:05.946Z,179096448594600
"""Gabe @ 9mpVPy0oPx"" folds",2026-10-02T18:08:02.390Z,179096448239000
"""sack @ boAReb7tW9"" folds",2026-10-02T18:07:58.403Z,179096447840300
"""Neel @ WyajbU_LR7"" folds",2026-10-02T18:07:57.509Z,179096447750900
"""jaaaaaaan @ O6Q78KIRx-"" raises to 8.36 and go all in",2026-10-02T18:07:52.879Z,179096447287900
"""rowan @ GthBpPSqaK"" folds",2026-10-02T18:07:50.220Z,179096447022000
"""Heech @ wzsls5Sz57"" folds",2026-10-02T18:07:49.363Z,179096446936300
"""sul @ thk9cMWm9U"" raises to 2.00",2026-10-02T18:07:45.827Z,179096446582700
"""Gabe @ 9mpVPy0oPx"" posts a big blind of 0.20",2026-10-02T18:07:27.514Z,179096444751411
"""sack @ boAReb7tW9"" posts a small blind of 0.10",2026-10-02T18:07:27.514Z,179096444751410
"Player stacks: #1 ""Heech @ wzsls5Sz57"" (63.65) | #2 ""rowan @ GthBpPSqaK"" (46.85) | #5 ""jaaaaaaan @ O6Q78KIRx-"" (8.36) | #6 ""Neel @ WyajbU_LR7"" (19.10) | #8 ""sack @ boAReb7tW9"" (20.10) | #9 ""Gabe @ 9mpVPy0oPx"" (28.37) | #10 ""sul @ thk9cMWm9U"" (19.28)",2026-10-02T18:07:27.514Z,179096444751402
"-- starting hand #97 (id: bazkpp3rxb7w)  No Limit Texas Hold'em (dealer: ""Neel @ WyajbU_LR7"") --",2026-10-02T18:07:27.514Z,179096444751401
"The player ""Jason @ XKcqCJfaWe"" stand up with the stack of 60.67.",2026-10-02T18:07:27.514Z,179096444751400
"""rowan @ GthBpPSqaK"" shows a Q♦, 8♥.",2026-10-02T18:07:21.895Z,179096444189500
"-- ending hand #96 --",2026-10-02T18:07:20.985Z,179096444098502
"""Heech @ wzsls5Sz57"" collected 33.41 from pot with Three of a Kind, K's (combination: 8♣, Q♠, K♣, K♥, K♠)",2026-10-02T18:07:20.985Z,179096444098501
"""Heech @ wzsls5Sz57"" shows a 5♣, K♣.",2026-10-02T18:07:20.985Z,179096444098500
"""rowan @ GthBpPSqaK"" checks",2026-10-02T18:07:20.181Z,179096444018100
"""Heech @ wzsls5Sz57"" checks",2026-10-02T18:07:13.883Z,179096443388300
"River: K♥, Q♠, 8♣, 2♣ [K♠]",2026-10-02T18:07:11.946Z,179096443194600
"""Heech @ wzsls5Sz57"" calls 8.75",2026-10-02T18:07:11.104Z,179096443110400
"""Gabe @ 9mpVPy0oPx"" folds",2026-10-02T18:07:10.075Z,179096443007500
"""rowan @ GthBpPSqaK"" bets 8.75",2026-10-02T18:06:59.927Z,179096441992700
"""Heech @ wzsls5Sz57"" checks",2026-10-02T18:06:54.545Z,179096441454500
"""Gabe @ 9mpVPy0oPx"" checks",2026-10-02T18:06:53.402Z,179096441340200
"Turn: K♥, Q♠, 8♣ [2♣]",2026-10-02T18:06:52.391Z,179096441239100
"""Heech @ wzsls5Sz57"" calls 3.67",2026-10-02T18:06:51.572Z,179096441157200
"""Gabe @ 9mpVPy0oPx"" calls 3.67",2026-10-02T18:06:50.517Z,179096441051700
"""sack @ boAReb7tW9"" folds",2026-10-02T18:06:48.897Z,179096440889700
"""Neel @ WyajbU_LR7"" folds",2026-10-02T18:06:48.052Z,179096440805200
"""jaaaaaaan @ O6Q78KIRx-"" folds",2026-10-02T18:06:46.100Z,179096440610000
"""Jason @ XKcqCJfaWe"" folds",2026-10-02T18:06:45.249Z,179096440524900
"""rowan @ GthBpPSqaK"" bets 3.67",2026-10-02T18:06:41.867Z,179096440186700
"""Heech @ wzsls5Sz57"" checks",2026-10-02T18:06:38.344Z,179096439834400
"""Gabe @ 9mpVPy0oPx"" checks",2026-10-02T18:06:34.328Z,179096439432800
"""sack @ boAReb7tW9"" checks",2026-10-02T18:06:33.242Z,179096439324200
"""Neel @ WyajbU_LR7"" checks",2026-10-02T18:06:31.864Z,179096439186400
"Flop:  [K♥, Q♠, 8♣]",2026-10-02T18:06:28.641Z,179096438864100
"""sack @ boAReb7tW9"" calls 0.70",2026-10-02T18:06:27.835Z,179096438783500
"""Neel @ WyajbU_LR7"" calls 0.70",2026-10-02T18:06:26.991Z,179096438699100
"""jaaaaaaan @ O6Q78KIRx-"" calls 0.70",2026-10-02T18:06:24.786Z,179096438478600
"""Jason @ XKcqCJfaWe"" calls 0.70",2026-10-02T18:06:23.864Z,179096438386400
"""rowan @ GthBpPSqaK"" calls 0.70",2026-10-02T18:06:22.926Z,179096438292600
"""Heech @ wzsls5Sz57"" calls 0.70",2026-10-02T18:06:19.867Z,179096437986700
"""sul @ thk9cMWm9U"" folds",2026-10-02T18:06:17.549Z,179096437754900
"""Gabe @ 9mpVPy0oPx"" raises to 0.70",2026-10-02T18:06:16.671Z,179096437667100
"""sack @ boAReb7tW9"" posts a big blind of 0.20",2026-10-02T18:06:14.201Z,179096437420111
"""Neel @ WyajbU_LR7"" posts a small blind of 0.10",2026-10-02T18:06:14.201Z,179096437420110
"Player stacks: #1 ""Heech @ wzsls5Sz57"" (43.36) | #2 ""rowan @ GthBpPSqaK"" (59.97) | #4 ""Jason @ XKcqCJfaWe"" (61.37) | #5 ""jaaaaaaan @ O6Q78KIRx-"" (9.06) | #6 ""Neel @ WyajbU_LR7"" (19.80) | #8 ""sack @ boAReb7tW9"" (20.80) | #9 ""Gabe @ 9mpVPy0oPx"" (32.74) | #10 ""sul @ thk9cMWm9U"" (19.28)",2026-10-02T18:06:14.201Z,179096437420101
"-- starting hand #96 (id: hv9g0qgyalqa)  No Limit Texas Hold'em (dealer: ""jaaaaaaan @ O6Q78KIRx-"") --",2026-10-02T18:06:14.201Z,179096437420100
"-- ending hand #95 --",2026-10-02T18:06:08.298Z,179096436829802
"""sack @ boAReb7tW9"" collected 0.80 from pot",2026-10-02T18:06:08.298Z,179096436829801
"Uncalled bet of 0.80 returned to ""sack @ boAReb7tW9""",2026-10-02T18:06:08.298Z,179096436829800
"""Neel @ WyajbU_LR7"" folds",2026-10-02T18:06:07.423Z,179096436742300
"""jaaaaaaan @ O6Q78KIRx-"" folds",2026-10-02T18:06:06.580Z,179096436658000
"""Jason @ XKcqCJfaWe"" folds",2026-10-02T18:06:05.184Z,179096436518400
"""sack @ boAReb7tW9"" bets 0.80",2026-10-02T18:05:34.883Z,179096433488300
"""Neel @ WyajbU_LR7"" checks",2026-10-02T18:05:33.069Z,179096433306900
"""jaaaaaaan @ O6Q78KIRx-"" checks",2026-10-02T18:05:31.123Z,179096433112300
"Turn: 7♣, 4♣, 3♥ [Q♠]",2026-10-02T18:05:29.686Z,179096432968600
"""Jason @ XKcqCJfaWe"" checks",2026-10-02T18:05:28.876Z,179096432887600
"""sack @ boAReb7tW9"" checks",2026-10-02T18:05:27.977Z,179096432797700
"""Neel @ WyajbU_LR7"" checks",2026-10-02T18:05:23.030Z,179096432303000
"""jaaaaaaan @ O6Q78KIRx-"" checks",2026-10-02T18:05:20.153Z,179096432015300
"Flop:  [7♣, 4♣, 3♥]",2026-10-02T18:05:19.230Z,179096431923000
"""Neel @ WyajbU_LR7"" checks",2026-10-02T18:05:18.422Z,179096431842200
"""jaaaaaaan @ O6Q78KIRx-"" calls 0.20",2026-10-02T18:05:17.577Z,179096431757700
"""Jason @ XKcqCJfaWe"" calls 0.20",2026-10-02T18:05:16.587Z,179096431658700
"""rowan @ GthBpPSqaK"" folds",2026-10-02T18:05:13.240Z,179096431324000
"""Heech @ wzsls5Sz57"" folds",2026-10-02T18:05:12.310Z,179096431231000
"""sul @ thk9cMWm9U"" folds",2026-10-02T18:05:11.400Z,179096431140000
"""Gabe @ 9mpVPy0oPx"" folds",2026-10-02T18:05:05.872Z,179096430587200
"""sack @ boAReb7tW9"" calls 0.20",2026-10-02T18:05:04.931Z,179096430493100
"""Neel @ WyajbU_LR7"" posts a big blind of 0.20",2026-10-02T18:05:02.664Z,179096430266412
"""jaaaaaaan @ O6Q78KIRx-"" posts a small blind of 0.10",2026-10-02T18:05:02.664Z,179096430266411
"Player stacks: #1 ""Heech @ wzsls5Sz57"" (43.36) | #2 ""rowan @ GthBpPSqaK"" (59.97) | #4 ""Jason @ XKcqCJfaWe"" (61.57) | #5 ""jaaaaaaan @ O6Q78KIRx-"" (9.26) | #6 ""Neel @ WyajbU_LR7"" (20.00) | #8 ""sack @ boAReb7tW9"" (20.20) | #9 ""Gabe @ 9mpVPy0oPx"" (32.74) | #10 ""sul @ thk9cMWm9U"" (19.28)",2026-10-02T18:05:02.664Z,179096430266402
"-- starting hand #95 (id: wqzg8ezbitwd)  No Limit Texas Hold'em (dealer: ""Jason @ XKcqCJfaWe"") --",2026-10-02T18:05:02.664Z,179096430266401
"The player ""Rayan @ nhXZL_Cydv"" stand up with the stack of 92.76.",2026-10-02T18:05:02.664Z,179096430266400
"-- ending hand #94 --",2026-10-02T18:04:56.544Z,179096429654402
"""Heech @ wzsls5Sz57"" collected 2.20 from pot",2026-10-02T18:04:56.544Z,179096429654401
"Uncalled bet of 1.65 returned to ""Heech @ wzsls5Sz57""",2026-10-02T18:04:56.544Z,179096429654400
"""Gabe @ 9mpVPy0oPx"" folds",2026-10-02T18:04:55.650Z,179096429565000
"""jaaaaaaan @ O6Q78KIRx-"" folds",2026-10-02T18:04:54.779Z,179096429477900
"""Heech @ wzsls5Sz57"" bets 1.65",2026-10-02T18:04:53.869Z,179096429386900
"""Gabe @ 9mpVPy0oPx"" checks",2026-10-02T18:04:52.001Z,179096429200100
"""jaaaaaaan @ O6Q78KIRx-"" checks",2026-10-02T18:04:50.443Z,179096429044300
"Flop:  [J♥, J♠, Q♣]",2026-10-02T18:04:48.942Z,179096428894200
"""jaaaaaaan @ O6Q78KIRx-"" calls 0.70",2026-10-02T18:04:48.112Z,179096428811200
"""Jason @ XKcqCJfaWe"" folds",2026-10-02T18:04:46.942Z,179096428694200
"""Rayan @ nhXZL_Cydv"" folds",2026-10-02T18:04:39.389Z,179096427938900
"""rowan @ GthBpPSqaK"" folds",2026-10-02T18:04:38.578Z,179096427857800
"""Heech @ wzsls5Sz57"" calls 0.70",2026-10-02T18:04:37.687Z,179096427768700
"""sul @ thk9cMWm9U"" folds",2026-10-02T18:04:35.944Z,179096427594400
"""Gabe @ 9mpVPy0oPx"" raises to 0.70",2026-10-02T18:04:35.090Z,179096427509000
"""sack @ boAReb7tW9"" folds",2026-10-02T18:04:31.621Z,179096427162100
"""Neel @ WyajbU_LR7"" folds",2026-10-02T18:04:30.674Z,179096427067400
"""jaaaaaaan @ O6Q78KIRx-"" posts a big blind of 0.20",2026-10-02T18:04:28.473Z,179096426847312
"""Jason @ XKcqCJfaWe"" posts a small blind of 0.10",2026-10-02T18:04:28.473Z,179096426847311
"Player stacks: #1 ""Heech @ wzsls5Sz57"" (41.86) | #2 ""rowan @ GthBpPSqaK"" (59.97) | #3 ""Rayan @ nhXZL_Cydv"" (92.76) | #4 ""Jason @ XKcqCJfaWe"" (61.67) | #5 ""jaaaaaaan @ O6Q78KIRx-"" (9.96) | #6 ""Neel @ WyajbU_LR7"" (20.00) | #8 ""sack @ boAReb7tW9"" (20.20) | #9 ""Gabe @ 9mpVPy0oPx"" (33.44) | #10 ""sul @ thk9cMWm9U"" (19.28)",2026-10-02T18:04:28.473Z,179096426847301
"-- starting hand #94 (id: ngatafxas7zj)  No Limit Texas Hold'em (dealer: ""Rayan @ nhXZL_Cydv"") --",2026-10-02T18:04:28.473Z,179096426847300
"""sul @ thk9cMWm9U"" shows a 3♥, A♥.",2026-10-02T18:04:24.574Z,179096426457400
"""Neel @ WyajbU_LR7"" shows a 8♦, 5♠.",2026-10-02T18:04:24.379Z,179096426437900
"""Rayan @ nhXZL_Cydv"" shows a A♣, 5♦.",2026-10-02T18:04:24.313Z,179096426431300
"""rowan @ GthBpPSqaK"" shows a K♣, 8♣.",2026-10-02T18:04:19.970Z,179096425997000
"-- ending hand #93 --",2026-10-02T18:04:19.714Z,179096425971402
"""rowan @ GthBpPSqaK"" collected 4.10 from pot",2026-10-02T18:04:19.714Z,179096425971401
"Uncalled bet of 2.05 returned to ""rowan @ GthBpPSqaK""",2026-10-02T18:04:19.714Z,179096425971400
"""sul @ thk9cMWm9U"" folds",2026-10-02T18:04:18.909Z,179096425890900
"""Rayan @ nhXZL_Cydv"" folds",2026-10-02T18:04:18.033Z,179096425803300
"""rowan @ GthBpPSqaK"" bets 2.05",2026-10-02T18:04:15.854Z,179096425585400
"""sul @ thk9cMWm9U"" checks",2026-10-02T18:04:12.936Z,179096425293600
"""Rayan @ nhXZL_Cydv"" checks",2026-10-02T18:04:09.546Z,179096424954600
"Flop:  [J♣, K♥, 2♣]",2026-10-02T18:04:06.243Z,179096424624300
"""Jason @ XKcqCJfaWe"" folds",2026-10-02T18:04:05.397Z,179096424539700
"""Rayan @ nhXZL_Cydv"" calls 1.30",2026-10-02T18:04:04.454Z,179096424445400
"""rowan @ GthBpPSqaK"" calls 1.30",2026-10-02T18:03:58.803Z,179096423880300
"""Heech @ wzsls5Sz57"" folds",2026-10-02T18:03:56.192Z,179096423619200
"""sul @ thk9cMWm9U"" raises to 1.30",2026-10-02T18:03:47.852Z,179096422785200
"""Gabe @ 9mpVPy0oPx"" folds",2026-10-02T18:03:38.136Z,179096421813600
"""sack @ boAReb7tW9"" folds",2026-10-02T18:03:33.967Z,179096421396700
"""Neel @ WyajbU_LR7"" folds",2026-10-02T18:03:33.124Z,179096421312400
"""jaaaaaaan @ O6Q78KIRx-"" folds",2026-10-02T18:03:31.097Z,179096421109700
"""Jason @ XKcqCJfaWe"" posts a big blind of 0.20",2026-10-02T18:03:29.658Z,179096420965813
"""Rayan @ nhXZL_Cydv"" posts a small blind of 0.10",2026-10-02T18:03:29.658Z,179096420965812
"Player stacks: #1 ""Heech @ wzsls5Sz57"" (41.86) | #2 ""rowan @ GthBpPSqaK"" (57.17) | #3 ""Rayan @ nhXZL_Cydv"" (94.06) | #4 ""Jason @ XKcqCJfaWe"" (61.87) | #5 ""jaaaaaaan @ O6Q78KIRx-"" (9.96) | #6 ""Neel @ WyajbU_LR7"" (20.00) | #8 ""sack @ boAReb7tW9"" (20.20) | #9 ""Gabe @ 9mpVPy0oPx"" (33.44) | #10 ""sul @ thk9cMWm9U"" (20.58)",2026-10-02T18:03:29.658Z,179096420965802
"-- starting hand #93 (id: td6efjpqmld9)  No Limit Texas Hold'em (dealer: ""rowan @ GthBpPSqaK"") --",2026-10-02T18:03:29.658Z,179096420965801
"The player ""BransonW @ -thFwNBkz6"" stand up with the stack of 44.86.",2026-10-02T18:03:29.658Z,179096420965800
"""Jason @ XKcqCJfaWe"" shows a 9♥, K♣.",2026-10-02T18:03:21.576Z,179096420157600
"""rowan @ GthBpPSqaK"" shows a 2♦, 5♣.",2026-10-02T18:03:20.747Z,179096420074700
"-- ending hand #92 --",2026-10-02T18:03:20.640Z,179096420064004
"""BransonW @ -thFwNBkz6"" collected 1.50 from pot with Full House, Q's over 4's on the second run  (combination: 4♦, 4♠, Q♠, Q♣, Q♦)",2026-10-02T18:03:20.640Z,179096420064003
"""BransonW @ -thFwNBkz6"" collected 1.50 from pot with Two Pair, A's & K's (combination: Q♣, K♠, K♥, A♣, A♠)",2026-10-02T18:03:20.640Z,179096420064002
"""BransonW @ -thFwNBkz6"" collected 41.86 from pot with Full House, Q's over 4's on the second run  (combination: 4♦, 4♠, Q♠, Q♣, Q♦)",2026-10-02T18:03:20.640Z,179096420064001
"""Heech @ wzsls5Sz57"" collected 41.86 from pot with Full House, A's over K's (combination: K♠, K♥, A♦, A♣, A♠)",2026-10-02T18:03:20.640Z,179096420064000
"River (second run): 7♠, Q♦, 4♦, 4♠ [2♣]",2026-10-02T18:03:16.637Z,179096419663700
"Turn (second run): 7♠, Q♦, 4♦ [4♠]",2026-10-02T18:03:12.633Z,179096419263300
"Flop (second run):  [7♠, Q♦, 4♦]",2026-10-02T18:03:08.624Z,179096418862400
"River: K♠, A♣, 6♥, A♠ [K♥]",2026-10-02T18:03:04.581Z,179096418458100
"Turn: K♠, A♣, 6♥ [A♠]",2026-10-02T18:03:00.553Z,179096418055300
"Flop:  [K♠, A♣, 6♥]",2026-10-02T18:02:56.533Z,179096417653300
"""BransonW @ -thFwNBkz6"" shows a Q♠, Q♣.",2026-10-02T18:02:52.506Z,179096417250602
"""jaaaaaaan @ O6Q78KIRx-"" shows a J♦, 8♦.",2026-10-02T18:02:52.506Z,179096417250601
"""Heech @ wzsls5Sz57"" shows a A♦, J♠.",2026-10-02T18:02:52.506Z,179096417250600
"All players in hand choose to run it twice.",2026-10-02T18:02:51.698Z,179096417169801
"""jaaaaaaan @ O6Q78KIRx-"" chooses to  run it twice.",2026-10-02T18:02:51.698Z,179096417169800
"""BransonW @ -thFwNBkz6"" chooses to  run it twice.",2026-10-02T18:02:51.666Z,179096417166600
"""Heech @ wzsls5Sz57"" chooses to  run it twice.",2026-10-02T18:02:51.520Z,179096417152000
"Remaining players decide whether to run it twice.",2026-10-02T18:02:50.233Z,179096417023301
"""jaaaaaaan @ O6Q78KIRx-"" calls 28.65",2026-10-02T18:02:50.233Z,179096417023300
"""Gabe @ 9mpVPy0oPx"" folds",2026-10-02T18:02:48.520Z,179096416852000
"""BransonW @ -thFwNBkz6"" raises to 28.65 and go all in",2026-10-02T18:02:47.556Z,179096416755600
"""jaaaaaaan @ O6Q78KIRx-"" calls 27.15",2026-10-02T18:02:31.440Z,179096415144000
"""Rayan @ nhXZL_Cydv"" folds",2026-10-02T18:02:30.585Z,179096415058500
"""rowan @ GthBpPSqaK"" folds",2026-10-02T18:02:28.940Z,179096414894000
"""Heech @ wzsls5Sz57"" raises to 27.15 and go all in",2026-10-02T18:02:27.648Z,179096414764800
"""sul @ thk9cMWm9U"" folds",2026-10-02T18:02:25.147Z,179096414514700
"""Gabe @ 9mpVPy0oPx"" calls 1.97",2026-10-02T18:01:52.087Z,179096411208700
"""sack @ boAReb7tW9"" folds",2026-10-02T18:01:45.577Z,179096410557700
"""BransonW @ -thFwNBkz6"" raises to 1.97",2026-10-02T18:01:44.691Z,179096410469100
"""Neel @ WyajbU_LR7"" folds",2026-10-02T18:01:40.616Z,179096410061600
"""jaaaaaaan @ O6Q78KIRx-"" raises to 0.70",2026-10-02T18:01:39.747Z,179096409974700
"""Jason @ XKcqCJfaWe"" folds",2026-10-02T18:01:37.617Z,179096409761700
"""Rayan @ nhXZL_Cydv"" posts a big blind of 0.20",2026-10-02T18:01:36.200Z,179096409620013
"""rowan @ GthBpPSqaK"" posts a small blind of 0.10",2026-10-02T18:01:36.200Z,179096409620012
"Player stacks: #1 ""Heech @ wzsls5Sz57"" (27.15) | #2 ""rowan @ GthBpPSqaK"" (57.27) | #3 ""Rayan @ nhXZL_Cydv"" (94.26) | #4 ""Jason @ XKcqCJfaWe"" (61.87) | #5 ""jaaaaaaan @ O6Q78KIRx-"" (38.61) | #6 ""Neel @ WyajbU_LR7"" (20.00) | #7 ""BransonW @ -thFwNBkz6"" (28.65) | #8 ""sack @ boAReb7tW9"" (20.20) | #9 ""Gabe @ 9mpVPy0oPx"" (35.41) | #10 ""sul @ thk9cMWm9U"" (20.58)",2026-10-02T18:01:36.200Z,179096409620001
"-- starting hand #92 (id: tsakczy5knv4)  No Limit Texas Hold'em (dealer: ""Heech @ wzsls5Sz57"") --",2026-10-02T18:01:36.200Z,179096409620000
"""Neel @ WyajbU_LR7"" shows a Q♣, 3♠.",2026-10-02T18:01:32.614Z,179096409261400
"""Gabe @ 9mpVPy0oPx"" shows a A♦.",2026-10-02T18:01:32.244Z,179096409224400
"""Rayan @ nhXZL_Cydv"" shows a Q♦.",2026-10-02T18:01:31.669Z,179096409166900
"""jaaaaaaan @ O6Q78KIRx-"" shows a 7♥, Q♥.",2026-10-02T18:01:30.462Z,179096409046200
"""Heech @ wzsls5Sz57"" shows a 4♦, 4♥.",2026-10-02T18:01:28.068Z,179096408806800
"-- ending hand #91 --",2026-10-02T18:01:26.783Z,179096408678302
"""Heech @ wzsls5Sz57"" collected 2.80 from pot",2026-10-02T18:01:26.783Z,179096408678301
"Uncalled bet of 24.35 returned to ""Heech @ wzsls5Sz57""",2026-10-02T18:01:26.783Z,179096408678300
"""Gabe @ 9mpVPy0oPx"" folds",2026-10-02T18:01:25.950Z,179096408595000
"""jaaaaaaan @ O6Q78KIRx-"" folds",2026-10-02T18:01:08.674Z,179096406867400
"""Rayan @ nhXZL_Cydv"" folds",2026-10-02T18:01:07.795Z,179096406779500
"""rowan @ GthBpPSqaK"" folds",2026-10-02T18:00:59.404Z,179096405940400
"""Heech @ wzsls5Sz57"" raises to 25.45 and go all in",2026-10-02T18:00:57.439Z,179096405743900
"""sul @ thk9cMWm9U"" folds",2026-10-02T18:00:55.014Z,179096405501400
"""Gabe @ 9mpVPy0oPx"" raises to 1.10",2026-10-02T18:00:44.440Z,179096404444000
"""sack @ boAReb7tW9"" folds",2026-10-02T18:00:40.721Z,179096404072100
"""BransonW @ -thFwNBkz6"" folds",2026-10-02T18:00:39.840Z,179096403984000
"""Neel @ WyajbU_LR7"" folds",2026-10-02T18:00:38.919Z,179096403891900
"""jaaaaaaan @ O6Q78KIRx-"" calls 0.20",2026-10-02T18:00:37.986Z,179096403798600
"""Jason @ XKcqCJfaWe"" folds",2026-10-02T18:00:37.142Z,179096403714200
"""Rayan @ nhXZL_Cydv"" calls 0.20",2026-10-02T18:00:32.732Z,179096403273200
"""rowan @ GthBpPSqaK"" posts a big blind of 0.20",2026-10-02T18:00:31.676Z,179096403167613
"""Heech @ wzsls5Sz57"" posts a small blind of 0.10",2026-10-02T18:00:31.676Z,179096403167612
"Player stacks: #1 ""Heech @ wzsls5Sz57"" (25.45) | #2 ""rowan @ GthBpPSqaK"" (57.47) | #3 ""Rayan @ nhXZL_Cydv"" (94.46) | #4 ""Jason @ XKcqCJfaWe"" (61.87) | #5 ""jaaaaaaan @ O6Q78KIRx-"" (38.81) | #6 ""Neel @ WyajbU_LR7"" (20.00) | #7 ""BransonW @ -thFwNBkz6"" (28.65) | #8 ""sack @ boAReb7tW9"" (20.20) | #9 ""Gabe @ 9mpVPy0oPx"" (36.51) | #10 ""sul @ thk9cMWm9U"" (20.58)",2026-10-02T18:00:31.676Z,179096403167601
"-- starting hand #91 (id: xchyt1rjztzr)  No Limit Texas Hold'em (dealer: ""sul @ thk9cMWm9U"") --",2026-10-02T18:00:31.676Z,179096403167600
"""Heech @ wzsls5Sz57"" shows a 7♦, Q♥.",2026-10-02T18:00:29.418Z,179096402941800
"""Neel @ WyajbU_LR7"" shows a J♠, 2♠.",2026-10-02T18:00:26.446Z,179096402644600
"-- ending hand #90 --",2026-10-02T18:00:24.657Z,179096402465703
"""BransonW @ -thFwNBkz6"" collected 18.40 from pot with Pair, A's (combination: 7♠, 9♠, 10♦, A♣, A♠)",2026-10-02T18:00:24.657Z,179096402465702
"""BransonW @ -thFwNBkz6"" shows a 9♠, A♣.",2026-10-02T18:00:24.657Z,179096402465701
"""rowan @ GthBpPSqaK"" shows a 5♦, 6♠.",2026-10-02T18:00:24.657Z,179096402465700
"""BransonW @ -thFwNBkz6"" calls 0.20",2026-10-02T18:00:23.736Z,179096402373600
"""rowan @ GthBpPSqaK"" bets 0.20",2026-10-02T18:00:21.744Z,179096402174400
"River: 5♣, 4♠, A♠, 7♠ [10♦]",2026-10-02T18:00:06.813Z,179096400681300
"""BransonW @ -thFwNBkz6"" calls 4.50",2026-10-02T18:00:05.961Z,179096400596100
"""rowan @ GthBpPSqaK"" bets 4.50",2026-10-02T18:00:02.055Z,179096400205500
"Turn: 5♣, 4♠, A♠ [7♠]",2026-10-02T17:59:56.130Z,179096399613000
"""Heech @ wzsls5Sz57"" folds",2026-10-02T17:59:55.303Z,179096399530300
"""BransonW @ -thFwNBkz6"" calls 2.25",2026-10-02T17:59:54.227Z,179096399422700
"""jaaaaaaan @ O6Q78KIRx-"" folds",2026-10-02T17:59:50.435Z,179096399043500
"""rowan @ GthBpPSqaK"" bets 2.25",2026-10-02T17:59:49.211Z,179096398921100
"""Heech @ wzsls5Sz57"" checks",2026-10-02T17:59:43.793Z,179096398379300
"Flop:  [5♣, 4♠, A♠]",2026-10-02T17:59:39.854Z,179096397985400
"""rowan @ GthBpPSqaK"" calls 1.10",2026-10-02T17:59:39.000Z,179096397900000
"""Heech @ wzsls5Sz57"" calls 1.10",2026-10-02T17:59:38.117Z,179096397811700
"""sul @ thk9cMWm9U"" folds",2026-10-02T17:59:25.161Z,179096396516100
"""Gabe @ 9mpVPy0oPx"" folds",2026-10-02T17:59:07.473Z,179096394747300
"""sack @ boAReb7tW9"" folds",2026-10-02T17:59:06.116Z,179096394611600
"""BransonW @ -thFwNBkz6"" calls 1.10",2026-10-02T17:59:04.480Z,179096394448000
"""Neel @ WyajbU_LR7"" folds",2026-10-02T17:59:02.417Z,179096394241700
"""jaaaaaaan @ O6Q78KIRx-"" raises to 1.10",2026-10-02T17:59:01.531Z,179096394153100
"""Jason @ XKcqCJfaWe"" folds",2026-10-02T17:58:58.109Z,179096393810900
"""Rayan @ nhXZL_Cydv"" folds",2026-10-02T17:58:57.192Z,179096393719200
"""rowan @ GthBpPSqaK"" calls 0.20",2026-10-02T17:58:55.966Z,179096393596600
"""Heech @ wzsls5Sz57"" posts a big blind of 0.20",2026-10-02T17:58:54.904Z,179096393490413
"""sul @ thk9cMWm9U"" posts a small blind of 0.10",2026-10-02T17:58:54.904Z,179096393490412
"Player stacks: #1 ""Heech @ wzsls5Sz57"" (26.55) | #2 ""rowan @ GthBpPSqaK"" (65.52) | #3 ""Rayan @ nhXZL_Cydv"" (94.46) | #4 ""Jason @ XKcqCJfaWe"" (61.87) | #5 ""jaaaaaaan @ O6Q78KIRx-"" (39.91) | #6 ""Neel @ WyajbU_LR7"" (20.00) | #7 ""BransonW @ -thFwNBkz6"" (18.30) | #8 ""sack @ boAReb7tW9"" (20.20) | #9 ""Gabe @ 9mpVPy0oPx"" (36.51) | #10 ""sul @ thk9cMWm9U"" (20.68)",2026-10-02T17:58:54.904Z,179096393490401
"-- starting hand #90 (id: 10w5b1iwb7da)  No Limit Texas Hold'em (dealer: ""Gabe @ 9mpVPy0oPx"") --",2026-10-02T17:58:54.904Z,179096393490400
"""sack @ boAReb7tW9"" shows a 5♥, J♥.",2026-10-02T17:58:52.045Z,179096393204500
"""jaaaaaaan @ O6Q78KIRx-"" shows a J♦, 7♠.",2026-10-02T17:58:50.989Z,179096393098900
"""rowan @ GthBpPSqaK"" shows a 3♦, 6♦.",2026-10-02T17:58:50.886Z,179096393088600
"""Neel @ WyajbU_LR7"" shows a J♠, 7♦.",2026-10-02T17:58:49.679Z,179096392967900
"""Heech @ wzsls5Sz57"" shows a 4♦, 7♣.",2026-10-02T17:58:46.078Z,179096392607800
"-- ending hand #89 --",2026-10-02T17:58:45.483Z,179096392548302
"""Heech @ wzsls5Sz57"" collected 0.50 from pot",2026-10-02T17:58:45.483Z,179096392548301
"Uncalled bet of 26.05 returned to ""Heech @ wzsls5Sz57""",2026-10-02T17:58:45.483Z,179096392548300
"""sul @ thk9cMWm9U"" folds",2026-10-02T17:58:44.679Z,179096392467900
"""Gabe @ 9mpVPy0oPx"" folds",2026-10-02T17:58:43.796Z,179096392379600
"""sack @ boAReb7tW9"" folds",2026-10-02T17:58:31.111Z,179096391111100
"""BransonW @ -thFwNBkz6"" folds",2026-10-02T17:58:30.242Z,179096391024200
"""Neel @ WyajbU_LR7"" folds",2026-10-02T17:58:29.233Z,179096390923300
"""jaaaaaaan @ O6Q78KIRx-"" folds",2026-10-02T17:58:25.595Z,179096390559500
"""Jason @ XKcqCJfaWe"" folds",2026-10-02T17:58:24.700Z,179096390470000
"""Rayan @ nhXZL_Cydv"" folds",2026-10-02T17:58:23.806Z,179096390380600
"""rowan @ GthBpPSqaK"" folds",2026-10-02T17:58:19.182Z,179096389918200
"""Heech @ wzsls5Sz57"" raises to 26.25 and go all in",2026-10-02T17:58:15.394Z,179096389539400
"""sul @ thk9cMWm9U"" posts a big blind of 0.20",2026-10-02T17:58:11.220Z,179096389122015
"""Gabe @ 9mpVPy0oPx"" posts a small blind of 0.10",2026-10-02T17:58:11.220Z,179096389122014
"Player stacks: #1 ""Heech @ wzsls5Sz57"" (26.25) | #2 ""rowan @ GthBpPSqaK"" (65.52) | #3 ""Rayan @ nhXZL_Cydv"" (94.46) | #4 ""Jason @ XKcqCJfaWe"" (61.87) | #5 ""jaaaaaaan @ O6Q78KIRx-"" (39.91) | #6 ""Neel @ WyajbU_LR7"" (20.00) | #7 ""BransonW @ -thFwNBkz6"" (18.30) | #8 ""sack @ boAReb7tW9"" (20.20) | #9 ""Gabe @ 9mpVPy0oPx"" (36.61) | #10 ""sul @ thk9cMWm9U"" (20.88)",2026-10-02T17:58:11.220Z,179096389122003
"-- starting hand #89 (id: umb7zxq6tsty)  No Limit Texas Hold'em (dealer: ""sack @ boAReb7tW9"") --",2026-10-02T17:58:11.220Z,179096389122002
"The player ""Neel @ WyajbU_LR7"" joined the game with a stack of 20.00.",2026-10-02T17:58:11.220Z,179096389122001
"The player ""Rayan @ nhXZL_Cydv"" joined the game with a stack of 94.46.",2026-10-02T17:58:11.220Z,179096389122000
"""Heech @ wzsls5Sz57"" shows a A♦.",2026-10-02T17:58:06.877Z,179096388687700
"-- ending hand #88 --",2026-10-02T17:58:04.595Z,179096388459502
"""sack @ boAReb7tW9"" collected 7.40 from pot",2026-10-02T17:58:04.595Z,179096388459501
"Uncalled bet of 5.55 returned to ""sack @ boAReb7tW9""",2026-10-02T17:58:04.595Z,179096388459500
"""jaaaaaaan @ O6Q78KIRx-"" folds",2026-10-02T17:58:03.779Z,179096388377900
"""Heech @ wzsls5Sz57"" folds",2026-10-02T17:58:02.913Z,179096388291300
"""sack @ boAReb7tW9"" bets 5.55",2026-10-02T17:58:01.494Z,179096388149400
"Flop:  [10♦, 3♥, 7♠]",2026-10-02T17:57:57.500Z,179096387750000
"""Heech @ wzsls5Sz57"" calls 2.40",2026-10-02T17:57:56.603Z,179096387660300
"The admin approved the player ""Neel @ WyajbU_LR7"" participation with a stack of 20.00.",2026-10-02T17:57:55.421Z,179096387542100
"""Gabe @ 9mpVPy0oPx"" folds",2026-10-02T17:57:54.416Z,179096387441600
"The player ""Neel @ WyajbU_LR7"" requested a seat.",2026-10-02T17:57:54.199Z,179096387419900
"""sack @ boAReb7tW9"" calls 2.40",2026-10-02T17:57:53.567Z,179096387356700
"""BransonW @ -thFwNBkz6"" folds",2026-10-02T17:57:50.401Z,179096387040100
"""jaaaaaaan @ O6Q78KIRx-"" raises to 2.40",2026-10-02T17:57:49.520Z,179096386952000
"""Jason @ XKcqCJfaWe"" folds",2026-10-02T17:57:46.959Z,179096386695900
"""rowan @ GthBpPSqaK"" folds",2026-10-02T17:57:45.992Z,179096386599200
"""Heech @ wzsls5Sz57"" raises to 0.70",2026-10-02T17:57:45.147Z,179096386514700
"The player ""Rayan @ nhXZL_Cydv"" sit back with the stack of 94.46.",2026-10-02T17:57:39.033Z,179096385903300
"""sul @ thk9cMWm9U"" folds",2026-10-02T17:57:38.401Z,179096385840100
"""Gabe @ 9mpVPy0oPx"" posts a big blind of 0.20",2026-10-02T17:57:34.333Z,179096385433313
"""sack @ boAReb7tW9"" posts a small blind of 0.10",2026-10-02T17:57:34.333Z,179096385433312
"Player stacks: #1 ""Heech @ wzsls5Sz57"" (28.65) | #2 ""rowan @ GthBpPSqaK"" (65.52) | #4 ""Jason @ XKcqCJfaWe"" (61.87) | #5 ""jaaaaaaan @ O6Q78KIRx-"" (42.31) | #7 ""BransonW @ -thFwNBkz6"" (18.30) | #8 ""sack @ boAReb7tW9"" (15.20) | #9 ""Gabe @ 9mpVPy0oPx"" (36.81) | #10 ""sul @ thk9cMWm9U"" (20.88)",2026-10-02T17:57:34.333Z,179096385433303
"-- starting hand #88 (id: p59fsgcgumah)  No Limit Texas Hold'em (dealer: ""BransonW @ -thFwNBkz6"") --",2026-10-02T17:57:34.333Z,179096385433302
"The player ""Rayan @ nhXZL_Cydv"" stand up with the stack of 94.46.",2026-10-02T17:57:34.333Z,179096385433301
"The admin updated the player ""rowan @ GthBpPSqaK"" stack from 25.52 to 65.52.",2026-10-02T17:57:34.333Z,179096385433300
"-- ending hand #87 --",2026-10-02T17:57:28.309Z,179096384830901
"""rowan @ GthBpPSqaK"" collected 25.52 from pot with Pair, K's (combination: 9♥, 10♣, J♣, K♣, K♥)",2026-10-02T17:57:28.309Z,179096384830900
"River: 10♣, 9♥, K♥, 3♠ [2♣]",2026-10-02T17:57:24.262Z,179096384426200
"""rowan @ GthBpPSqaK"" shows a K♣, J♣.",2026-10-02T17:57:20.257Z,179096384025701
"""Heech @ wzsls5Sz57"" shows a Q♥, 10♥.",2026-10-02T17:57:20.257Z,179096384025700
"Some players choose to not run it twice.",2026-10-02T17:57:19.343Z,179096383934301
"""rowan @ GthBpPSqaK"" chooses to not run it twice.",2026-10-02T17:57:19.343Z,179096383934300
"Remaining players decide whether to run it twice.",2026-10-02T17:57:18.188Z,179096383818801
"""Gabe @ 9mpVPy0oPx"" folds",2026-10-02T17:57:18.188Z,179096383818800
"""jaaaaaaan @ O6Q78KIRx-"" folds",2026-10-02T17:57:16.065Z,179096383606500
"""rowan @ GthBpPSqaK"" calls 7.45 and go all in",2026-10-02T17:57:15.159Z,179096383515900
"""Heech @ wzsls5Sz57"" bets 7.45",2026-10-02T17:57:14.303Z,179096383430300
"""Gabe @ 9mpVPy0oPx"" checks",2026-10-02T17:57:06.411Z,179096382641100
"Turn: 10♣, 9♥, K♥ [3♠]",2026-10-02T17:57:05.192Z,179096382519200
"""jaaaaaaan @ O6Q78KIRx-"" checks",2026-10-02T17:57:04.332Z,179096382433200
"""rowan @ GthBpPSqaK"" checks",2026-10-02T17:57:03.335Z,179096382333500
"""Heech @ wzsls5Sz57"" checks",2026-10-02T17:57:00.219Z,179096382021900
"""Gabe @ 9mpVPy0oPx"" checks",2026-10-02T17:56:58.621Z,179096381862100
"Flop:  [10♣, 9♥, K♥]",2026-10-02T17:56:56.857Z,179096381685700
"""Heech @ wzsls5Sz57"" calls 2.58",2026-10-02T17:56:56.041Z,179096381604100
"""Gabe @ 9mpVPy0oPx"" calls 2.58",2026-10-02T17:56:55.099Z,179096381509900
"""sack @ boAReb7tW9"" folds",2026-10-02T17:56:54.051Z,179096381405100
"""BransonW @ -thFwNBkz6"" folds",2026-10-02T17:56:53.180Z,179096381318000
"""jaaaaaaan @ O6Q78KIRx-"" calls 2.58",2026-10-02T17:56:52.169Z,179096381216900
"""Jason @ XKcqCJfaWe"" folds",2026-10-02T17:56:51.271Z,179096381127100
"""Rayan @ nhXZL_Cydv"" folds",2026-10-02T17:56:50.388Z,179096381038801
"The admin ""Heech @ wzsls5Sz57"" forced the player ""Rayan @ nhXZL_Cydv"" to away mode in the next hand.",2026-10-02T17:56:50.388Z,179096381038800
"""rowan @ GthBpPSqaK"" raises to 2.58",2026-10-02T17:56:26.878Z,179096378687800
"""Heech @ wzsls5Sz57"" calls 0.57",2026-10-02T17:56:23.379Z,179096378337900
"""sul @ thk9cMWm9U"" folds",2026-10-02T17:56:22.230Z,179096378223000
"""Gabe @ 9mpVPy0oPx"" raises to 0.57",2026-10-02T17:56:21.344Z,179096378134400
"WARNING: the admin queued the stack change for the player ""rowan @ GthBpPSqaK"" adding 40.00 chips in the next hand.",2026-10-02T17:56:20.442Z,179096378044200
"""sack @ boAReb7tW9"" posts a big blind of 0.20",2026-10-02T17:56:17.090Z,179096377709012
"""BransonW @ -thFwNBkz6"" posts a small blind of 0.10",2026-10-02T17:56:17.090Z,179096377709011
"Player stacks: #1 ""Heech @ wzsls5Sz57"" (38.68) | #2 ""rowan @ GthBpPSqaK"" (10.03) | #3 ""Rayan @ nhXZL_Cydv"" (94.46) | #4 ""Jason @ XKcqCJfaWe"" (61.87) | #5 ""jaaaaaaan @ O6Q78KIRx-"" (44.89) | #7 ""BransonW @ -thFwNBkz6"" (18.40) | #8 ""sack @ boAReb7tW9"" (15.40) | #9 ""Gabe @ 9mpVPy0oPx"" (39.39) | #10 ""sul @ thk9cMWm9U"" (20.88)",2026-10-02T17:56:17.090Z,179096377709001
"-- starting hand #87 (id: nvovebro7ibc)  No Limit Texas Hold'em (dealer: ""jaaaaaaan @ O6Q78KIRx-"") --",2026-10-02T17:56:17.090Z,179096377709000
"""jaaaaaaan @ O6Q78KIRx-"" shows a 6♣, 9♣.",2026-10-02T17:56:11.797Z,179096377179700
"-- ending hand #86 --",2026-10-02T17:56:10.580Z,179096377058002
"""Jason @ XKcqCJfaWe"" collected 36.40 from pot with Flush, J High (combination: 5♠, 6♠, 7♠, 8♠, J♠)",2026-10-02T17:56:10.580Z,179096377058001
"""Jason @ XKcqCJfaWe"" shows a 6♠, 7♠.",2026-10-02T17:56:10.580Z,179096377058000
"""jaaaaaaan @ O6Q78KIRx-"" calls 9.10",2026-10-02T17:56:09.699Z,179096376969900
"""Jason @ XKcqCJfaWe"" bets 9.10",2026-10-02T17:56:07.183Z,179096376718300
"""jaaaaaaan @ O6Q78KIRx-"" checks",2026-10-02T17:56:03.886Z,179096376388600
"River: 3♣, 8♠, 7♣, J♠ [5♠]",2026-10-02T17:55:57.490Z,179096375749000
"""Heech @ wzsls5Sz57"" folds",2026-10-02T17:55:56.678Z,179096375667800
"""jaaaaaaan @ O6Q78KIRx-"" calls 4.55",2026-10-02T17:55:47.050Z,179096374705000
"""Jason @ XKcqCJfaWe"" bets 4.55",2026-10-02T17:55:45.125Z,179096374512500
"""Heech @ wzsls5Sz57"" checks",2026-10-02T17:55:42.380Z,179096374238000
"""jaaaaaaan @ O6Q78KIRx-"" checks",2026-10-02T17:55:40.490Z,179096374049000
"Turn: 3♣, 8♠, 7♣ [J♠]",2026-10-02T17:55:39.059Z,179096373905900
"""BransonW @ -thFwNBkz6"" folds",2026-10-02T17:55:38.217Z,179096373821700
"""jaaaaaaan @ O6Q78KIRx-"" calls 2.10",2026-10-02T17:55:37.302Z,179096373730200
"""Jason @ XKcqCJfaWe"" calls 2.10",2026-10-02T17:55:35.735Z,179096373573500
"""Heech @ wzsls5Sz57"" bets 2.10",2026-10-02T17:55:32.418Z,179096373241800
"""BransonW @ -thFwNBkz6"" checks",2026-10-02T17:55:29.626Z,179096372962600
"""jaaaaaaan @ O6Q78KIRx-"" checks",2026-10-02T17:55:26.661Z,179096372666100
"Flop:  [3♣, 8♠, 7♣]",2026-10-02T17:55:25.654Z,179096372565400
"""BransonW @ -thFwNBkz6"" calls 0.70",2026-10-02T17:55:24.816Z,179096372481600
"""jaaaaaaan @ O6Q78KIRx-"" calls 0.70",2026-10-02T17:55:21.607Z,179096372160700
"""Jason @ XKcqCJfaWe"" calls 0.70",2026-10-02T17:55:20.142Z,179096372014200
"""Rayan @ nhXZL_Cydv"" folds",2026-10-02T17:55:18.963Z,179096371896300
"""rowan @ GthBpPSqaK"" folds",2026-10-02T17:55:18.087Z,179096371808700
"""Heech @ wzsls5Sz57"" raises to 0.70",2026-10-02T17:55:17.221Z,179096371722100
"""sul @ thk9cMWm9U"" folds",2026-10-02T17:55:14.293Z,179096371429300
"""Gabe @ 9mpVPy0oPx"" folds",2026-10-02T17:55:13.211Z,179096371321100
"""sack @ boAReb7tW9"" folds",2026-10-02T17:55:11.769Z,179096371176900
"""BransonW @ -thFwNBkz6"" posts a big blind of 0.20",2026-10-02T17:55:10.638Z,179096371063812
"""jaaaaaaan @ O6Q78KIRx-"" posts a small blind of 0.10",2026-10-02T17:55:10.638Z,179096371063811
"Player stacks: #1 ""Heech @ wzsls5Sz57"" (41.48) | #2 ""rowan @ GthBpPSqaK"" (10.03) | #3 ""Rayan @ nhXZL_Cydv"" (94.46) | #4 ""Jason @ XKcqCJfaWe"" (41.92) | #5 ""jaaaaaaan @ O6Q78KIRx-"" (61.34) | #7 ""BransonW @ -thFwNBkz6"" (19.10) | #8 ""sack @ boAReb7tW9"" (15.40) | #9 ""Gabe @ 9mpVPy0oPx"" (39.39) | #10 ""sul @ thk9cMWm9U"" (20.88)",2026-10-02T17:55:10.638Z,179096371063801
"-- starting hand #86 (id: nomeqwjfu7jr)  No Limit Texas Hold'em (dealer: ""Jason @ XKcqCJfaWe"") --",2026-10-02T17:55:10.638Z,179096371063800
"""rowan @ GthBpPSqaK"" shows a 7♠, J♠.",2026-10-02T17:55:05.077Z,179096370507700
"""Heech @ wzsls5Sz57"" shows a 2♦, 4♦.",2026-10-02T17:55:04.928Z,179096370492800
"-- ending hand #85 --",2026-10-02T17:55:03.607Z,179096370360702
"""Rayan @ nhXZL_Cydv"" collected 45.80 from pot with Two Pair, 6's & 3's (combination: J♣, 3♣, 3♥, 6♣, 6♥)",2026-10-02T17:55:03.607Z,179096370360701
"""Rayan @ nhXZL_Cydv"" shows a 3♣, 6♣.",2026-10-02T17:55:03.607Z,179096370360700
"""rowan @ GthBpPSqaK"" calls 11.65",2026-10-02T17:55:02.744Z,179096370274400
"""Rayan @ nhXZL_Cydv"" raises to 11.65",2026-10-02T17:54:47.965Z,179096368796500
"""rowan @ GthBpPSqaK"" bets 0.20",2026-10-02T17:54:39.335Z,179096367933500
"River: J♣, 9♦, 3♥, 4♠ [6♥]",2026-10-02T17:54:34.438Z,179096367443800
"""sul @ thk9cMWm9U"" folds",2026-10-02T17:54:33.591Z,179096367359100
"""Rayan @ nhXZL_Cydv"" calls 6.75",2026-10-02T17:54:32.687Z,179096367268700
"""rowan @ GthBpPSqaK"" bets 6.75",2026-10-02T17:54:15.492Z,179096365549200
"""sul @ thk9cMWm9U"" checks",2026-10-02T17:54:12.425Z,179096365242500
"Turn: J♣, 9♦, 3♥ [4♠]",2026-10-02T17:54:10.068Z,179096365006800
"""jaaaaaaan @ O6Q78KIRx-"" folds",2026-10-02T17:54:09.225Z,179096364922500
"""Jason @ XKcqCJfaWe"" folds",2026-10-02T17:54:08.330Z,179096364833000
"""Rayan @ nhXZL_Cydv"" calls 1.80",2026-10-02T17:54:07.420Z,179096364742000
"""rowan @ GthBpPSqaK"" calls 1.80",2026-10-02T17:54:06.234Z,179096364623400
"""Heech @ wzsls5Sz57"" folds",2026-10-02T17:54:05.361Z,179096364536100
"""sul @ thk9cMWm9U"" bets 1.80",2026-10-02T17:54:03.189Z,179096364318900
"""jaaaaaaan @ O6Q78KIRx-"" checks",2026-10-02T17:53:58.120Z,179096363812000
"""Jason @ XKcqCJfaWe"" checks",2026-10-02T17:53:56.830Z,179096363683000
"Flop:  [J♣, 9♦, 3♥]",2026-10-02T17:53:55.607Z,179096363560700
"""jaaaaaaan @ O6Q78KIRx-"" calls 0.60",2026-10-02T17:53:54.774Z,179096363477400
"""Jason @ XKcqCJfaWe"" calls 0.60",2026-10-02T17:53:53.199Z,179096363319900
"""Rayan @ nhXZL_Cydv"" calls 0.60",2026-10-02T17:53:50.873Z,179096363087300
"""rowan @ GthBpPSqaK"" calls 0.60",2026-10-02T17:53:39.637Z,179096361963700
"""Heech @ wzsls5Sz57"" calls 0.60",2026-10-02T17:53:37.423Z,179096361742300
"""sul @ thk9cMWm9U"" raises to 0.60",2026-10-02T17:53:34.911Z,179096361491100
"""Gabe @ 9mpVPy0oPx"" folds",2026-10-02T17:53:31.356Z,179096361135600
"""sack @ boAReb7tW9"" folds",2026-10-02T17:53:30.494Z,179096361049400
"""BransonW @ -thFwNBkz6"" folds",2026-10-02T17:53:29.646Z,179096360964600
"""jaaaaaaan @ O6Q78KIRx-"" posts a big blind of 0.20",2026-10-02T17:53:24.501Z,179096360450112
"""Jason @ XKcqCJfaWe"" posts a small blind of 0.10",2026-10-02T17:53:24.501Z,179096360450111
"Player stacks: #1 ""Heech @ wzsls5Sz57"" (42.08) | #2 ""rowan @ GthBpPSqaK"" (30.83) | #3 ""Rayan @ nhXZL_Cydv"" (69.46) | #4 ""Jason @ XKcqCJfaWe"" (42.52) | #5 ""jaaaaaaan @ O6Q78KIRx-"" (61.94) | #7 ""BransonW @ -thFwNBkz6"" (19.10) | #8 ""sack @ boAReb7tW9"" (15.40) | #9 ""Gabe @ 9mpVPy0oPx"" (39.39) | #10 ""sul @ thk9cMWm9U"" (23.28)",2026-10-02T17:53:24.501Z,179096360450101
"-- starting hand #85 (id: iarlftbwoi57)  No Limit Texas Hold'em (dealer: ""Rayan @ nhXZL_Cydv"") --",2026-10-02T17:53:24.501Z,179096360450100
"""Rayan @ nhXZL_Cydv"" shows a 4♦, J♥.",2026-10-02T17:53:19.640Z,179096359964000
"""Jason @ XKcqCJfaWe"" shows a A♣, 6♠.",2026-10-02T17:53:18.663Z,179096359866300
"-- ending hand #84 --",2026-10-02T17:53:15.496Z,179096359549602
"""Heech @ wzsls5Sz57"" collected 21.04 from pot with Straight, Q High on the second run  (combination: 8♦, 9♦, 10♣, J♠, Q♦)",2026-10-02T17:53:15.496Z,179096359549601
"""Heech @ wzsls5Sz57"" collected 21.04 from pot with Straight, Q High (combination: 8♣, 9♣, 10♦, J♠, Q♦)",2026-10-02T17:53:15.496Z,179096359549600
"River (second run): 8♥, 5♣, 8♦, 10♣ [9♦]",2026-10-02T17:53:11.436Z,179096359143600
"Turn (second run): 8♥, 5♣, 8♦ [10♣]",2026-10-02T17:53:07.431Z,179096358743100
"Flop (second run):  [8♥, 5♣, 8♦]",2026-10-02T17:53:03.411Z,179096358341100
"River: A♦, 9♣, 8♣, 7♥ [10♦]",2026-10-02T17:52:59.402Z,179096357940200
"Turn: A♦, 9♣, 8♣ [7♥]",2026-10-02T17:52:55.380Z,179096357538000
"Flop:  [A♦, 9♣, 8♣]",2026-10-02T17:52:51.374Z,179096357137400
"""rowan @ GthBpPSqaK"" shows a K♥, 9♥.",2026-10-02T17:52:47.336Z,179096356733601
"""Heech @ wzsls5Sz57"" shows a Q♦, J♠.",2026-10-02T17:52:47.336Z,179096356733600
"All players in hand choose to run it twice.",2026-10-02T17:52:46.502Z,179096356650201
"""rowan @ GthBpPSqaK"" chooses to  run it twice.",2026-10-02T17:52:46.502Z,179096356650200
"""Heech @ wzsls5Sz57"" chooses to  run it twice.",2026-10-02T17:52:45.413Z,179096356541300
"Remaining players decide whether to run it twice.",2026-10-02T17:52:44.450Z,179096356445001
"""Gabe @ 9mpVPy0oPx"" folds",2026-10-02T17:52:44.450Z,179096356445000
"""Jason @ XKcqCJfaWe"" folds",2026-10-02T17:52:43.548Z,179096356354800
"""Rayan @ nhXZL_Cydv"" folds",2026-10-02T17:52:41.985Z,179096356198500
"""rowan @ GthBpPSqaK"" calls 20.74",2026-10-02T17:52:40.994Z,179096356099400
"""Heech @ wzsls5Sz57"" raises to 20.74 and go all in",2026-10-02T17:52:33.849Z,179096355384900
"""sul @ thk9cMWm9U"" folds",2026-10-02T17:52:31.891Z,179096355189100
"""Gabe @ 9mpVPy0oPx"" checks",2026-10-02T17:52:30.981Z,179096355098100
"""sack @ boAReb7tW9"" folds",2026-10-02T17:52:29.271Z,179096354927100
"""BransonW @ -thFwNBkz6"" folds",2026-10-02T17:52:28.422Z,179096354842200
"""jaaaaaaan @ O6Q78KIRx-"" folds",2026-10-02T17:52:23.589Z,179096354358900
"""Gabe @ 9mpVPy0oPx"" posts a missed big blind of 0.20",2026-10-02T17:52:21.760Z,179096354176015
"""Gabe @ 9mpVPy0oPx"" posts a missing small blind of 0.10",2026-10-02T17:52:21.760Z,179096354176014
"""Jason @ XKcqCJfaWe"" posts a big blind of 0.20",2026-10-02T17:52:21.760Z,179096354176013
"""Rayan @ nhXZL_Cydv"" posts a small blind of 0.10",2026-10-02T17:52:21.760Z,179096354176012
"Player stacks: #1 ""Heech @ wzsls5Sz57"" (20.74) | #2 ""rowan @ GthBpPSqaK"" (51.57) | #3 ""Rayan @ nhXZL_Cydv"" (69.56) | #4 ""Jason @ XKcqCJfaWe"" (42.72) | #5 ""jaaaaaaan @ O6Q78KIRx-"" (61.94) | #7 ""BransonW @ -thFwNBkz6"" (19.10) | #8 ""sack @ boAReb7tW9"" (15.40) | #9 ""Gabe @ 9mpVPy0oPx"" (39.69) | #10 ""sul @ thk9cMWm9U"" (23.28)",2026-10-02T17:52:21.760Z,179096354176002
"-- starting hand #84 (id: czt3090wuufx)  No Limit Texas Hold'em (dealer: ""rowan @ GthBpPSqaK"") --",2026-10-02T17:52:21.760Z,179096354176001
"The player ""Gabe @ 9mpVPy0oPx"" joined the game with a stack of 39.69.",2026-10-02T17:52:21.760Z,179096354176000
"""rowan @ GthBpPSqaK"" shows a 10♥, J♥.",2026-10-02T17:52:13.990Z,179096353399000
"-- ending hand #83 --",2026-10-02T17:52:13.231Z,179096353323102
"""Jason @ XKcqCJfaWe"" collected 21.36 from pot with Pair, A's on the second run  (combination: 7♠, 8♥, 9♠, A♠, A♣)",2026-10-02T17:52:13.231Z,179096353323101
"""Jason @ XKcqCJfaWe"" collected 21.36 from pot with Pair, A's (combination: 7♠, 9♠, 10♣, A♠, A♣)",2026-10-02T17:52:13.231Z,179096353323100
"River (second run): 6♥, 3♦, A♣, 9♠ [8♥]",2026-10-02T17:52:09.212Z,179096352921200
"River: 6♥, 3♦, A♣, 9♠ [10♣]",2026-10-02T17:52:05.208Z,179096352520800
"""Jason @ XKcqCJfaWe"" shows a A♠, 7♠.",2026-10-02T17:52:01.187Z,179096352118702
"""Heech @ wzsls5Sz57"" shows a 7♥, 2♠.",2026-10-02T17:52:01.187Z,179096352118701
"Uncalled bet of 20.74 returned to ""Heech @ wzsls5Sz57""",2026-10-02T17:52:01.187Z,179096352118700
"All players in hand choose to run it twice.",2026-10-02T17:52:00.312Z,179096352031201
"""Heech @ wzsls5Sz57"" chooses to  run it twice.",2026-10-02T17:52:00.312Z,179096352031200
"""Jason @ XKcqCJfaWe"" chooses to  run it twice.",2026-10-02T17:51:57.806Z,179096351780600
"Remaining players decide whether to run it twice.",2026-10-02T17:51:56.946Z,179096351694601
"""jaaaaaaan @ O6Q78KIRx-"" folds",2026-10-02T17:51:56.946Z,179096351694600
"""Jason @ XKcqCJfaWe"" calls 5.86 and go all in",2026-10-02T17:51:54.634Z,179096351463400
"""Heech @ wzsls5Sz57"" bets 26.60 and go all in",2026-10-02T17:51:47.253Z,179096350725300
"""jaaaaaaan @ O6Q78KIRx-"" checks",2026-10-02T17:51:44.579Z,179096350457900
"""Jason @ XKcqCJfaWe"" checks",2026-10-02T17:51:42.432Z,179096350243200
"""rowan @ GthBpPSqaK"" folds",2026-10-02T17:51:40.544Z,179096350054400
"Turn: 6♥, 3♦, A♣ [9♠]",2026-10-02T17:51:34.074Z,179096349407400
"""jaaaaaaan @ O6Q78KIRx-"" calls 6.20",2026-10-02T17:51:33.267Z,179096349326700
"""Jason @ XKcqCJfaWe"" calls 6.20",2026-10-02T17:51:20.921Z,179096348092100
"""rowan @ GthBpPSqaK"" calls 6.20",2026-10-02T17:51:19.492Z,179096347949200
"""Heech @ wzsls5Sz57"" bets 6.20",2026-10-02T17:51:15.721Z,179096347572100
"""jaaaaaaan @ O6Q78KIRx-"" checks",2026-10-02T17:51:13.135Z,179096347313500
"""Jason @ XKcqCJfaWe"" checks",2026-10-02T17:51:10.236Z,179096347023600
"""rowan @ GthBpPSqaK"" checks",2026-10-02T17:51:08.903Z,179096346890300
"Flop:  [6♥, 3♦, A♣]",2026-10-02T17:51:06.857Z,179096346685700
"""jaaaaaaan @ O6Q78KIRx-"" calls 1.50",2026-10-02T17:51:06.045Z,179096346604500
"""Jason @ XKcqCJfaWe"" calls 1.50",2026-10-02T17:51:04.479Z,179096346447900
"""Rayan @ nhXZL_Cydv"" folds",2026-10-02T17:51:03.368Z,179096346336800
"""rowan @ GthBpPSqaK"" calls 1.50",2026-10-02T17:51:02.488Z,179096346248800
"""Heech @ wzsls5Sz57"" raises to 1.50",2026-10-02T17:51:00.840Z,179096346084000
"""sul @ thk9cMWm9U"" folds",2026-10-02T17:50:53.488Z,179096345348800
"""sack @ boAReb7tW9"" folds",2026-10-02T17:50:52.598Z,179096345259800
"""BransonW @ -thFwNBkz6"" folds",2026-10-02T17:50:46.155Z,179096344615500
"""jaaaaaaan @ O6Q78KIRx-"" calls 0.20",2026-10-02T17:50:44.847Z,179096344484700
"""Jason @ XKcqCJfaWe"" calls 0.20",2026-10-02T17:50:43.515Z,179096344351500
"The player ""Gabe @ 9mpVPy0oPx"" sit back with the stack of 39.69.",2026-10-02T17:50:43.229Z,179096344322900
"""Rayan @ nhXZL_Cydv"" posts a big blind of 0.20",2026-10-02T17:50:41.979Z,179096344197911
"""rowan @ GthBpPSqaK"" posts a small blind of 0.10",2026-10-02T17:50:41.979Z,179096344197910
"Player stacks: #1 ""Heech @ wzsls5Sz57"" (34.30) | #2 ""rowan @ GthBpPSqaK"" (59.27) | #3 ""Rayan @ nhXZL_Cydv"" (69.76) | #4 ""Jason @ XKcqCJfaWe"" (13.56) | #5 ""jaaaaaaan @ O6Q78KIRx-"" (69.64) | #7 ""BransonW @ -thFwNBkz6"" (19.10) | #8 ""sack @ boAReb7tW9"" (15.40) | #10 ""sul @ thk9cMWm9U"" (23.28)",2026-10-02T17:50:41.979Z,179096344197901
"-- starting hand #83 (id: luufwnrdodqm)  No Limit Texas Hold'em (dealer: ""Heech @ wzsls5Sz57"") --",2026-10-02T17:50:41.979Z,179096344197900
"""Jason @ XKcqCJfaWe"" shows a 9♣, K♥.",2026-10-02T17:50:38.790Z,179096343879000
"""Rayan @ nhXZL_Cydv"" shows a Q♦, J♦.",2026-10-02T17:50:36.758Z,179096343675800
"""rowan @ GthBpPSqaK"" shows a 2♣, 3♣.",2026-10-02T17:50:35.582Z,179096343558200
"""sack @ boAReb7tW9"" shows a 6♦, 10♠.",2026-10-02T17:50:34.170Z,179096343417000
"-- ending hand #82 --",2026-10-02T17:50:33.222Z,179096343322202
"""sul @ thk9cMWm9U"" collected 12.50 from pot",2026-10-02T17:50:33.222Z,179096343322201
"Uncalled bet of 10.78 returned to ""sul @ thk9cMWm9U""",2026-10-02T17:50:33.222Z,179096343322200
"""jaaaaaaan @ O6Q78KIRx-"" folds",2026-10-02T17:50:32.405Z,179096343240500
"""Rayan @ nhXZL_Cydv"" folds",2026-10-02T17:50:31.524Z,179096343152400
"""rowan @ GthBpPSqaK"" folds",2026-10-02T17:50:30.573Z,179096343057300
"""Heech @ wzsls5Sz57"" folds",2026-10-02T17:50:16.479Z,179096341647900
"""sul @ thk9cMWm9U"" bets 10.78 and go all in",2026-10-02T17:50:14.936Z,179096341493600
"""jaaaaaaan @ O6Q78KIRx-"" checks",2026-10-02T17:50:00.852Z,179096340085200
"""Rayan @ nhXZL_Cydv"" checks",2026-10-02T17:49:54.708Z,179096339470800
"""rowan @ GthBpPSqaK"" checks",2026-10-02T17:49:53.685Z,179096339368500
"""Heech @ wzsls5Sz57"" checks",2026-10-02T17:49:50.307Z,179096339030700
"Flop:  [6♣, 10♥, 10♦]",2026-10-02T17:49:48.469Z,179096338846900
"""jaaaaaaan @ O6Q78KIRx-"" calls 2.50",2026-10-02T17:49:47.654Z,179096338765400
"""Rayan @ nhXZL_Cydv"" calls 2.50",2026-10-02T17:49:45.146Z,179096338514600
"""rowan @ GthBpPSqaK"" calls 2.50",2026-10-02T17:49:43.876Z,179096338387600
"""Heech @ wzsls5Sz57"" calls 2.50",2026-10-02T17:49:42.229Z,179096338222900
"""sul @ thk9cMWm9U"" raises to 2.50",2026-10-02T17:49:37.738Z,179096337773800
"""sack @ boAReb7tW9"" folds",2026-10-02T17:49:11.472Z,179096335147200
"""BransonW @ -thFwNBkz6"" folds",2026-10-02T17:49:10.600Z,179096335060000
"""jaaaaaaan @ O6Q78KIRx-"" calls 0.80",2026-10-02T17:49:09.555Z,179096334955500
"""Jason @ XKcqCJfaWe"" folds",2026-10-02T17:49:07.643Z,179096334764300
"""Rayan @ nhXZL_Cydv"" raises to 0.80",2026-10-02T17:49:06.788Z,179096334678800
"""rowan @ GthBpPSqaK"" posts a big blind of 0.20",2026-10-02T17:49:04.189Z,179096334418911
"""Heech @ wzsls5Sz57"" posts a small blind of 0.10",2026-10-02T17:49:04.189Z,179096334418910
"Player stacks: #1 ""Heech @ wzsls5Sz57"" (36.80) | #2 ""rowan @ GthBpPSqaK"" (61.77) | #3 ""Rayan @ nhXZL_Cydv"" (72.26) | #4 ""Jason @ XKcqCJfaWe"" (13.56) | #5 ""jaaaaaaan @ O6Q78KIRx-"" (72.14) | #7 ""BransonW @ -thFwNBkz6"" (19.10) | #8 ""sack @ boAReb7tW9"" (15.40) | #10 ""sul @ thk9cMWm9U"" (13.28)",2026-10-02T17:49:04.189Z,179096334418901
"-- starting hand #82 (id: eelduopdec5h)  No Limit Texas Hold'em (dealer: ""sul @ thk9cMWm9U"") --",2026-10-02T17:49:04.189Z,179096334418900
"""sul @ thk9cMWm9U"" shows a A♠, 4♥.",2026-10-02T17:48:56.126Z,179096333612600
"-- ending hand #81 --",2026-10-02T17:48:55.630Z,179096333563002
"""rowan @ GthBpPSqaK"" collected 13.56 from pot with Pair, A's on the second run  (combination: 9♥, 10♣, Q♥, A♦, A♣)",2026-10-02T17:48:55.630Z,179096333563001
"""Jason @ XKcqCJfaWe"" collected 13.56 from pot with Flush, A High (combination: 4♣, 6♣, 10♣, Q♣, A♣)",2026-10-02T17:48:55.630Z,179096333563000
"River (second run): 5♦, 10♣, 9♥, A♣ [2♠]",2026-10-02T17:48:51.590Z,179096333159000
"River: 5♦, 10♣, 9♥, A♣ [4♣]",2026-10-02T17:48:47.586Z,179096332758600
"""Jason @ XKcqCJfaWe"" shows a Q♣, 6♣.",2026-10-02T17:48:43.553Z,179096332355301
"""rowan @ GthBpPSqaK"" shows a Q♥, A♦.",2026-10-02T17:48:43.553Z,179096332355300
"All players in hand choose to run it twice.",2026-10-02T17:48:42.737Z,179096332273701
"""rowan @ GthBpPSqaK"" chooses to  run it twice.",2026-10-02T17:48:42.737Z,179096332273700
"""Jason @ XKcqCJfaWe"" chooses to  run it twice.",2026-10-02T17:48:42.704Z,179096332270400
"Remaining players decide whether to run it twice.",2026-10-02T17:48:41.830Z,179096332183001
"""rowan @ GthBpPSqaK"" calls 9.96",2026-10-02T17:48:41.830Z,179096332183000
"""sul @ thk9cMWm9U"" folds",2026-10-02T17:48:40.776Z,179096332077600
"""sack @ boAReb7tW9"" folds",2026-10-02T17:48:37.772Z,179096331777200
"""jaaaaaaan @ O6Q78KIRx-"" folds",2026-10-02T17:48:36.411Z,179096331641100
"""Jason @ XKcqCJfaWe"" raises to 9.96 and go all in",2026-10-02T17:48:35.553Z,179096331555300
"""rowan @ GthBpPSqaK"" bets 7.20",2026-10-02T17:48:25.016Z,179096330501600
"""Heech @ wzsls5Sz57"" folds",2026-10-02T17:48:22.211Z,179096330221100
"""sul @ thk9cMWm9U"" checks",2026-10-02T17:48:21.251Z,179096330125100
"Turn: 5♦, 10♣, 9♥ [A♣]",2026-10-02T17:47:53.981Z,179096327398100
"""sack @ boAReb7tW9"" checks",2026-10-02T17:47:53.128Z,179096327312800
"""jaaaaaaan @ O6Q78KIRx-"" checks",2026-10-02T17:47:51.006Z,179096327100600
"""Jason @ XKcqCJfaWe"" checks",2026-10-02T17:47:48.663Z,179096326866300
"""rowan @ GthBpPSqaK"" checks",2026-10-02T17:47:47.360Z,179096326736000
"""Heech @ wzsls5Sz57"" checks",2026-10-02T17:47:46.425Z,179096326642500
"""sul @ thk9cMWm9U"" checks",2026-10-02T17:47:45.136Z,179096326513600
"Flop:  [5♦, 10♣, 9♥]",2026-10-02T17:47:41.673Z,179096326167300
"""Heech @ wzsls5Sz57"" calls 1.20",2026-10-02T17:47:40.867Z,179096326086700
"""sul @ thk9cMWm9U"" calls 1.20",2026-10-02T17:47:34.636Z,179096325463600
"""sack @ boAReb7tW9"" calls 1.20",2026-10-02T17:47:30.823Z,179096325082300
"""BransonW @ -thFwNBkz6"" folds",2026-10-02T17:47:24.596Z,179096324459600
"""jaaaaaaan @ O6Q78KIRx-"" calls 1.20",2026-10-02T17:47:23.548Z,179096324354800
"""Jason @ XKcqCJfaWe"" calls 1.20",2026-10-02T17:47:19.971Z,179096323997100
"""Rayan @ nhXZL_Cydv"" folds",2026-10-02T17:47:18.209Z,179096323820900
"""rowan @ GthBpPSqaK"" raises to 1.20",2026-10-02T17:47:03.510Z,179096322351000
"""Heech @ wzsls5Sz57"" posts a big blind of 0.20",2026-10-02T17:47:00.367Z,179096322036711
"""sul @ thk9cMWm9U"" posts a small blind of 0.10",2026-10-02T17:47:00.367Z,179096322036710
"Player stacks: #1 ""Heech @ wzsls5Sz57"" (38.00) | #2 ""rowan @ GthBpPSqaK"" (59.37) | #3 ""Rayan @ nhXZL_Cydv"" (72.26) | #4 ""Jason @ XKcqCJfaWe"" (11.16) | #5 ""jaaaaaaan @ O6Q78KIRx-"" (73.34) | #7 ""BransonW @ -thFwNBkz6"" (19.10) | #8 ""sack @ boAReb7tW9"" (16.60) | #10 ""sul @ thk9cMWm9U"" (14.48)",2026-10-02T17:47:00.367Z,179096322036701
"-- starting hand #81 (id: tjtmr0lzn0nd)  No Limit Texas Hold'em (dealer: ""sack @ boAReb7tW9"") --",2026-10-02T17:47:00.367Z,179096322036700
"""Jason @ XKcqCJfaWe"" shows a 2♠, 3♥.",2026-10-02T17:46:54.834Z,179096321483400
"-- ending hand #80 --",2026-10-02T17:46:53.796Z,179096321379601
"""Rayan @ nhXZL_Cydv"" collected 72.26 from pot with Flush, J High (combination: 4♦, 6♦, 7♦, 9♦, J♦)",2026-10-02T17:46:53.796Z,179096321379600
"River: 7♦, 9♦, 6♦, A♠ [9♠]",2026-10-02T17:46:49.792Z,179096320979200
"Turn: 7♦, 9♦, 6♦ [A♠]",2026-10-02T17:46:45.779Z,179096320577900
"""Rayan @ nhXZL_Cydv"" shows a 4♦, J♦.",2026-10-02T17:46:41.751Z,179096320175101
"""rowan @ GthBpPSqaK"" shows a 8♣, 10♠.",2026-10-02T17:46:41.751Z,179096320175100
"Some players choose to not run it twice.",2026-10-02T17:46:40.861Z,179096320086101
"""Rayan @ nhXZL_Cydv"" chooses to not run it twice.",2026-10-02T17:46:40.861Z,179096320086100
"Remaining players decide whether to run it twice.",2026-10-02T17:46:40.195Z,179096320019501
"""rowan @ GthBpPSqaK"" calls 29.73",2026-10-02T17:46:40.195Z,179096320019500
"""sul @ thk9cMWm9U"" folds",2026-10-02T17:46:39.267Z,179096319926700
"""jaaaaaaan @ O6Q78KIRx-"" folds",2026-10-02T17:46:35.424Z,179096319542400
"""Rayan @ nhXZL_Cydv"" raises to 29.73 and go all in",2026-10-02T17:46:33.948Z,179096319394800
"""rowan @ GthBpPSqaK"" raises to 18.00",2026-10-02T17:46:32.024Z,179096319202400
"""Heech @ wzsls5Sz57"" folds",2026-10-02T17:46:25.668Z,179096318566800
"""sul @ thk9cMWm9U"" bets 2.60",2026-10-02T17:46:20.546Z,179096318054600
"Flop:  [7♦, 9♦, 6♦]",2026-10-02T17:46:10.930Z,179096317093000
"""sack @ boAReb7tW9"" folds",2026-10-02T17:46:10.062Z,179096317006200
"""jaaaaaaan @ O6Q78KIRx-"" calls 2.00",2026-10-02T17:46:04.900Z,179096316490000
"""Rayan @ nhXZL_Cydv"" calls 2.00",2026-10-02T17:46:01.024Z,179096316102400
"""rowan @ GthBpPSqaK"" calls 2.00",2026-10-02T17:46:00.186Z,179096316018600
"""Heech @ wzsls5Sz57"" calls 2.00",2026-10-02T17:45:58.860Z,179096315886000
"""sul @ thk9cMWm9U"" raises to 2.00",2026-10-02T17:45:56.516Z,179096315651600
"""sack @ boAReb7tW9"" calls 0.20",2026-10-02T17:45:41.814Z,179096314181400
"""BransonW @ -thFwNBkz6"" folds",2026-10-02T17:45:40.905Z,179096314090500
"""jaaaaaaan @ O6Q78KIRx-"" calls 0.20",2026-10-02T17:45:35.673Z,179096313567300
"""Jason @ XKcqCJfaWe"" folds",2026-10-02T17:45:33.030Z,179096313303000
"""Rayan @ nhXZL_Cydv"" calls 0.20",2026-10-02T17:45:19.803Z,179096311980300
"""rowan @ GthBpPSqaK"" calls 0.20",2026-10-02T17:45:18.813Z,179096311881300
"""Heech @ wzsls5Sz57"" calls 0.20",2026-10-02T17:45:17.907Z,179096311790700
"""sul @ thk9cMWm9U"" posts a big blind of 0.20",2026-10-02T17:45:15.150Z,179096311515013
"""sack @ boAReb7tW9"" posts a small blind of 0.10",2026-10-02T17:45:15.150Z,179096311515012
"Player stacks: #1 ""Heech @ wzsls5Sz57"" (40.00) | #2 ""rowan @ GthBpPSqaK"" (91.10) | #3 ""Rayan @ nhXZL_Cydv"" (31.73) | #4 ""Jason @ XKcqCJfaWe"" (11.16) | #5 ""jaaaaaaan @ O6Q78KIRx-"" (75.34) | #7 ""BransonW @ -thFwNBkz6"" (19.10) | #8 ""sack @ boAReb7tW9"" (16.80) | #10 ""sul @ thk9cMWm9U"" (19.08)",2026-10-02T17:45:15.150Z,179096311515003
"-- starting hand #80 (id: abthpjzeb1pd)  No Limit Texas Hold'em (dealer: ""BransonW @ -thFwNBkz6"") --",2026-10-02T17:45:15.150Z,179096311515002
"The player ""Heech @ wzsls5Sz57"" rebought. New stack 40.00.",2026-10-02T17:45:15.150Z,179096311515001
"The player ""Heech @ wzsls5Sz57"" requested a rebuy of 40.00.",2026-10-02T17:45:15.150Z,179096311515000
"Asking to busted players the rebuy decision.",2026-10-02T17:45:07.942Z,179096310794200
"""sul @ thk9cMWm9U"" shows a 4♦, A♣.",2026-10-02T17:45:00.036Z,179096310003600
"-- ending hand #79 --",2026-10-02T17:44:59.397Z,179096309939702
"""rowan @ GthBpPSqaK"" collected 28.65 from pot with Three of a Kind, 7's on the second run  (combination: K♥, A♠, 7♦, 7♣, 7♠)",2026-10-02T17:44:59.397Z,179096309939701
"""rowan @ GthBpPSqaK"" collected 28.65 from pot with Three of a Kind, 7's (combination: 10♣, A♠, 7♦, 7♣, 7♠)",2026-10-02T17:44:59.397Z,179096309939700
"River (second run): 7♠, A♠, 3♣, 10♣ [K♥]",2026-10-02T17:44:55.378Z,179096309537800
"River: 7♠, A♠, 3♣, 10♣ [5♠]",2026-10-02T17:44:51.311Z,179096309131100
"""rowan @ GthBpPSqaK"" shows a 7♦, 7♣.",2026-10-02T17:44:47.308Z,179096308730801
"""Heech @ wzsls5Sz57"" shows a A♥, K♣.",2026-10-02T17:44:47.308Z,179096308730800
"All players in hand choose to run it twice.",2026-10-02T17:44:46.491Z,179096308649101
"""Heech @ wzsls5Sz57"" chooses to  run it twice.",2026-10-02T17:44:46.491Z,179096308649100
"""rowan @ GthBpPSqaK"" chooses to  run it twice.",2026-10-02T17:44:46.411Z,179096308641100
"Remaining players decide whether to run it twice.",2026-10-02T17:44:45.298Z,179096308529801
"""rowan @ GthBpPSqaK"" calls 18.28",2026-10-02T17:44:45.298Z,179096308529800
"""Heech @ wzsls5Sz57"" bets 18.28 and go all in",2026-10-02T17:44:44.407Z,179096308440700
"Turn: 7♠, A♠, 3♣ [10♣]",2026-10-02T17:44:41.398Z,179096308139800
"""sul @ thk9cMWm9U"" folds",2026-10-02T17:44:40.581Z,179096308058100
"""jaaaaaaan @ O6Q78KIRx-"" folds",2026-10-02T17:44:39.739Z,179096307973900
"""rowan @ GthBpPSqaK"" calls 6.22",2026-10-02T17:44:36.831Z,179096307683100
"""Heech @ wzsls5Sz57"" bets 6.22",2026-10-02T17:44:28.948Z,179096306894800
"""sul @ thk9cMWm9U"" checks",2026-10-02T17:44:24.910Z,179096306491000
"Flop:  [7♠, A♠, 3♣]",2026-10-02T17:44:22.168Z,179096306216800
"""sul @ thk9cMWm9U"" calls 2.00",2026-10-02T17:44:21.357Z,179096306135700
"""sack @ boAReb7tW9"" folds",2026-10-02T17:44:19.593Z,179096305959300
"""BransonW @ -thFwNBkz6"" folds",2026-10-02T17:44:18.736Z,179096305873600
"""jaaaaaaan @ O6Q78KIRx-"" calls 2.00",2026-10-02T17:44:15.601Z,179096305560100
"""Jason @ XKcqCJfaWe"" folds",2026-10-02T17:44:14.766Z,179096305476600
"""Rayan @ nhXZL_Cydv"" folds",2026-10-02T17:44:13.865Z,179096305386500
"""rowan @ GthBpPSqaK"" calls 2.00",2026-10-02T17:44:12.956Z,179096305295600
"""Heech @ wzsls5Sz57"" raises to 2.00",2026-10-02T17:44:11.845Z,179096305184500
"""sul @ thk9cMWm9U"" raises to 1.00",2026-10-02T17:44:05.204Z,179096304520400
"""sack @ boAReb7tW9"" posts a big blind of 0.20",2026-10-02T17:43:57.270Z,179096303727011
"""BransonW @ -thFwNBkz6"" posts a small blind of 0.10",2026-10-02T17:43:57.270Z,179096303727010
"Player stacks: #1 ""Heech @ wzsls5Sz57"" (26.50) | #2 ""rowan @ GthBpPSqaK"" (60.30) | #3 ""Rayan @ nhXZL_Cydv"" (31.73) | #4 ""Jason @ XKcqCJfaWe"" (11.16) | #5 ""jaaaaaaan @ O6Q78KIRx-"" (77.34) | #7 ""BransonW @ -thFwNBkz6"" (19.20) | #8 ""sack @ boAReb7tW9"" (17.00) | #10 ""sul @ thk9cMWm9U"" (21.08)",2026-10-02T17:43:57.270Z,179096303727001
"-- starting hand #79 (id: ypt4ymafwty1)  No Limit Texas Hold'em (dealer: ""jaaaaaaan @ O6Q78KIRx-"") --",2026-10-02T17:43:57.270Z,179096303727000
"""Jason @ XKcqCJfaWe"" shows a 4♠.",2026-10-02T17:43:53.835Z,179096303383500
"""Heech @ wzsls5Sz57"" shows a 4♣, 2♦.",2026-10-02T17:43:49.841Z,179096302984100
"""rowan @ GthBpPSqaK"" shows a 5♠.",2026-10-02T17:43:49.780Z,179096302978000
"-- ending hand #78 --",2026-10-02T17:43:49.265Z,179096302926502
"""Heech @ wzsls5Sz57"" collected 4.10 from pot",2026-10-02T17:43:49.265Z,179096302926501
"Uncalled bet of 22.40 returned to ""Heech @ wzsls5Sz57""",2026-10-02T17:43:49.265Z,179096302926500
"""BransonW @ -thFwNBkz6"" folds",2026-10-02T17:43:48.421Z,179096302842100
"""Jason @ XKcqCJfaWe"" folds",2026-10-02T17:43:42.099Z,179096302209900
"""Rayan @ nhXZL_Cydv"" folds",2026-10-02T17:43:41.150Z,179096302115000
"""rowan @ GthBpPSqaK"" folds",2026-10-02T17:43:34.680Z,179096301468000
"""Heech @ wzsls5Sz57"" bets 22.40 and go all in",2026-10-02T17:43:25.135Z,179096300513500
"""BransonW @ -thFwNBkz6"" checks",2026-10-02T17:43:22.426Z,179096300242600
"Flop:  [5♥, 3♥, 9♣]",2026-10-02T17:43:20.360Z,179096300036000
"""BransonW @ -thFwNBkz6"" calls 0.80",2026-10-02T17:43:19.481Z,179096299948100
"""jaaaaaaan @ O6Q78KIRx-"" folds",2026-10-02T17:43:15.190Z,179096299519000
"""Jason @ XKcqCJfaWe"" calls 0.80",2026-10-02T17:43:14.296Z,179096299429600
"""Rayan @ nhXZL_Cydv"" calls 0.80",2026-10-02T17:43:12.861Z,179096299286100
"""rowan @ GthBpPSqaK"" calls 0.80",2026-10-02T17:43:05.460Z,179096298546000
"""Heech @ wzsls5Sz57"" raises to 0.80",2026-10-02T17:43:04.555Z,179096298455500
"""sul @ thk9cMWm9U"" folds",2026-10-02T17:43:00.811Z,179096298081100
"""sack @ boAReb7tW9"" folds",2026-10-02T17:42:59.942Z,179096297994200
"""BransonW @ -thFwNBkz6"" posts a big blind of 0.20",2026-10-02T17:42:58.534Z,179096297853412
"""jaaaaaaan @ O6Q78KIRx-"" posts a small blind of 0.10",2026-10-02T17:42:58.534Z,179096297853411
"Player stacks: #1 ""Heech @ wzsls5Sz57"" (23.20) | #2 ""rowan @ GthBpPSqaK"" (61.10) | #3 ""Rayan @ nhXZL_Cydv"" (32.53) | #4 ""Jason @ XKcqCJfaWe"" (11.96) | #5 ""jaaaaaaan @ O6Q78KIRx-"" (77.44) | #7 ""BransonW @ -thFwNBkz6"" (20.00) | #8 ""sack @ boAReb7tW9"" (17.00) | #10 ""sul @ thk9cMWm9U"" (21.08)",2026-10-02T17:42:58.534Z,179096297853402
"-- starting hand #78 (id: ias0gb2r4gal)  No Limit Texas Hold'em (dealer: ""Jason @ XKcqCJfaWe"") --",2026-10-02T17:42:58.534Z,179096297853401
"The player ""BransonW @ -thFwNBkz6"" joined the game with a stack of 20.00.",2026-10-02T17:42:58.534Z,179096297853400
"-- ending hand #77 --",2026-10-02T17:42:52.556Z,179096297255602
"""Heech @ wzsls5Sz57"" collected 0.50 from pot",2026-10-02T17:42:52.556Z,179096297255601
"Uncalled bet of 0.80 returned to ""Heech @ wzsls5Sz57""",2026-10-02T17:42:52.556Z,179096297255600
"""jaaaaaaan @ O6Q78KIRx-"" folds",2026-10-02T17:42:51.701Z,179096297170100
"""Jason @ XKcqCJfaWe"" folds",2026-10-02T17:42:10.814Z,179096293081400
"""Rayan @ nhXZL_Cydv"" folds",2026-10-02T17:42:07.302Z,179096292730200
"""rowan @ GthBpPSqaK"" folds",2026-10-02T17:42:06.381Z,179096292638100
"""Heech @ wzsls5Sz57"" raises to 1.00",2026-10-02T17:42:05.537Z,179096292553700
"""sul @ thk9cMWm9U"" folds",2026-10-02T17:41:58.193Z,179096291819300
"The admin approved the player ""BransonW @ -thFwNBkz6"" participation with a stack of 20.00.",2026-10-02T17:41:47.149Z,179096290714900
"The player ""BransonW @ -thFwNBkz6"" requested a seat.",2026-10-02T17:41:46.026Z,179096290602600
"""sack @ boAReb7tW9"" folds",2026-10-02T17:41:45.448Z,179096290544800
"""jaaaaaaan @ O6Q78KIRx-"" posts a big blind of 0.20",2026-10-02T17:41:43.515Z,179096290351510
"""Jason @ XKcqCJfaWe"" posts a small blind of 0.10",2026-10-02T17:41:43.515Z,179096290351509
"Player stacks: #1 ""Heech @ wzsls5Sz57"" (22.90) | #2 ""rowan @ GthBpPSqaK"" (61.10) | #3 ""Rayan @ nhXZL_Cydv"" (32.53) | #4 ""Jason @ XKcqCJfaWe"" (12.06) | #5 ""jaaaaaaan @ O6Q78KIRx-"" (77.64) | #8 ""sack @ boAReb7tW9"" (17.00) | #10 ""sul @ thk9cMWm9U"" (21.08)",2026-10-02T17:41:43.515Z,179096290351501
"-- starting hand #77 (id: snkskqcphfow)  No Limit Texas Hold'em (dealer: ""Rayan @ nhXZL_Cydv"") --",2026-10-02T17:41:43.515Z,179096290351500
"-- ending hand #76 --",2026-10-02T17:41:37.467Z,179096289746703
"""Heech @ wzsls5Sz57"" collected 3.20 from pot with Pair, K's (combination: 9♣, J♠, A♥, K♠, K♣)",2026-10-02T17:41:37.467Z,179096289746702
"""Heech @ wzsls5Sz57"" shows a K♠, 9♣.",2026-10-02T17:41:37.467Z,179096289746701
"""Rayan @ nhXZL_Cydv"" shows a 2♦, 8♥.",2026-10-02T17:41:37.467Z,179096289746700
"""Heech @ wzsls5Sz57"" checks",2026-10-02T17:41:36.609Z,179096289660900
"""Jason @ XKcqCJfaWe"" checks",2026-10-02T17:41:35.598Z,179096289559800
"""Rayan @ nhXZL_Cydv"" checks",2026-10-02T17:41:34.636Z,179096289463600
"River: A♥, J♠, K♣, 2♥ [6♥]",2026-10-02T17:41:32.253Z,179096289225300
"""rowan @ GthBpPSqaK"" folds",2026-10-02T17:41:31.398Z,179096289139800
"""Heech @ wzsls5Sz57"" calls 0.80",2026-10-02T17:41:30.530Z,179096289053000
"""Jason @ XKcqCJfaWe"" calls 0.80",2026-10-02T17:41:29.494Z,179096288949400
"""Rayan @ nhXZL_Cydv"" bets 0.80",2026-10-02T17:41:26.651Z,179096288665100
"Turn: A♥, J♠, K♣ [2♥]",2026-10-02T17:41:23.983Z,179096288398300
"""rowan @ GthBpPSqaK"" checks",2026-10-02T17:41:23.178Z,179096288317800
"""Heech @ wzsls5Sz57"" checks",2026-10-02T17:41:21.747Z,179096288174700
"""Jason @ XKcqCJfaWe"" checks",2026-10-02T17:41:20.272Z,179096288027200
"""Rayan @ nhXZL_Cydv"" checks",2026-10-02T17:41:19.333Z,179096287933300
"Flop:  [A♥, J♠, K♣]",2026-10-02T17:41:13.298Z,179096287329800
"""Jason @ XKcqCJfaWe"" checks",2026-10-02T17:41:12.452Z,179096287245200
"""Rayan @ nhXZL_Cydv"" calls 0.20",2026-10-02T17:41:11.110Z,179096287111000
"""rowan @ GthBpPSqaK"" calls 0.20",2026-10-02T17:41:06.164Z,179096286616400
"""Heech @ wzsls5Sz57"" calls 0.20",2026-10-02T17:41:01.143Z,179096286114300
"""sul @ thk9cMWm9U"" folds",2026-10-02T17:40:56.170Z,179096285617000
"""sack @ boAReb7tW9"" folds",2026-10-02T17:40:46.924Z,179096284692400
"""jaaaaaaan @ O6Q78KIRx-"" folds",2026-10-02T17:40:46.037Z,179096284603700
"""Jason @ XKcqCJfaWe"" posts a big blind of 0.20",2026-10-02T17:40:44.692Z,179096284469210
"""Rayan @ nhXZL_Cydv"" posts a small blind of 0.10",2026-10-02T17:40:44.692Z,179096284469209
"Player stacks: #1 ""Heech @ wzsls5Sz57"" (20.70) | #2 ""rowan @ GthBpPSqaK"" (61.30) | #3 ""Rayan @ nhXZL_Cydv"" (33.53) | #4 ""Jason @ XKcqCJfaWe"" (13.06) | #5 ""jaaaaaaan @ O6Q78KIRx-"" (77.64) | #8 ""sack @ boAReb7tW9"" (17.00) | #10 ""sul @ thk9cMWm9U"" (21.08)",2026-10-02T17:40:44.692Z,179096284469201
"-- starting hand #76 (id: quabfwtlvdbg)  No Limit Texas Hold'em (dealer: ""rowan @ GthBpPSqaK"") --",2026-10-02T17:40:44.692Z,179096284469200
"""Heech @ wzsls5Sz57"" shows a A♦.",2026-10-02T17:40:42.267Z,179096284226700
"""rowan @ GthBpPSqaK"" shows a 6♠.",2026-10-02T17:40:39.647Z,179096283964700
"-- ending hand #75 --",2026-10-02T17:40:37.353Z,179096283735302
"""Heech @ wzsls5Sz57"" collected 0.90 from pot",2026-10-02T17:40:37.353Z,179096283735301
"Uncalled bet of 19.80 returned to ""Heech @ wzsls5Sz57""",2026-10-02T17:40:37.353Z,179096283735300
"""sack @ boAReb7tW9"" folds",2026-10-02T17:40:36.511Z,179096283651100
"""jaaaaaaan @ O6Q78KIRx-"" folds",2026-10-02T17:40:35.599Z,179096283559900
"""Rayan @ nhXZL_Cydv"" folds",2026-10-02T17:40:19.817Z,179096281981700
"""rowan @ GthBpPSqaK"" folds",2026-10-02T17:40:18.862Z,179096281886200
"""Heech @ wzsls5Sz57"" raises to 20.00 and go all in",2026-10-02T17:40:17.377Z,179096281737700
"""sul @ thk9cMWm9U"" folds",2026-10-02T17:40:14.931Z,179096281493100
"""sack @ boAReb7tW9"" calls 0.20",2026-10-02T17:40:14.082Z,179096281408200
"""jaaaaaaan @ O6Q78KIRx-"" calls 0.20",2026-10-02T17:40:12.858Z,179096281285800
"""Jason @ XKcqCJfaWe"" folds",2026-10-02T17:40:03.760Z,179096280376000
"""Rayan @ nhXZL_Cydv"" posts a big blind of 0.20",2026-10-02T17:40:01.857Z,179096280185712
"""rowan @ GthBpPSqaK"" posts a small blind of 0.10",2026-10-02T17:40:01.857Z,179096280185711
"Player stacks: #1 ""Heech @ wzsls5Sz57"" (20.00) | #2 ""rowan @ GthBpPSqaK"" (61.40) | #3 ""Rayan @ nhXZL_Cydv"" (33.73) | #4 ""Jason @ XKcqCJfaWe"" (13.06) | #5 ""jaaaaaaan @ O6Q78KIRx-"" (77.84) | #8 ""sack @ boAReb7tW9"" (17.20) | #10 ""sul @ thk9cMWm9U"" (21.08)",2026-10-02T17:40:01.857Z,179096280185703
"-- starting hand #75 (id: auuno32a7vsy)  No Limit Texas Hold'em (dealer: ""Heech @ wzsls5Sz57"") --",2026-10-02T17:40:01.857Z,179096280185702
"The player ""Heech @ wzsls5Sz57"" rebought. New stack 20.00.",2026-10-02T17:40:01.857Z,179096280185701
"The player ""Heech @ wzsls5Sz57"" requested a rebuy of 20.00.",2026-10-02T17:40:01.857Z,179096280185700
"Asking to busted players the rebuy decision.",2026-10-02T17:39:57.623Z,179096279762300
"-- ending hand #74 --",2026-10-02T17:39:51.592Z,179096279159203
"""jaaaaaaan @ O6Q78KIRx-"" collected 0.84 from pot with Two Pair, 7's & 6's (combination: Q♠, 6♣, 6♥, 7♠, 7♦)",2026-10-02T17:39:51.592Z,179096279159202
"""jaaaaaaan @ O6Q78KIRx-"" collected 61.40 from pot with Two Pair, 7's & 6's (combination: Q♠, 6♣, 6♥, 7♠, 7♦)",2026-10-02T17:39:51.592Z,179096279159201
"""rowan @ GthBpPSqaK"" collected 61.40 from pot with Two Pair, 7's & 6's (combination: Q♠, 6♠, 6♥, 7♣, 7♦)",2026-10-02T17:39:51.592Z,179096279159200
"River: 6♥, 7♦, 2♦, Q♠ [J♥]",2026-10-02T17:39:47.580Z,179096278758000
"Turn: 6♥, 7♦, 2♦ [Q♠]",2026-10-02T17:39:43.575Z,179096278357500
"""jaaaaaaan @ O6Q78KIRx-"" shows a 7♠, 6♣.",2026-10-02T17:39:39.572Z,179096277957202
"""rowan @ GthBpPSqaK"" shows a 7♣, 6♠.",2026-10-02T17:39:39.572Z,179096277957201
"""Heech @ wzsls5Sz57"" shows a 8♦, 9♦.",2026-10-02T17:39:39.572Z,179096277957200
"Some players choose to not run it twice.",2026-10-02T17:39:38.679Z,179096277867901
"""jaaaaaaan @ O6Q78KIRx-"" chooses to not run it twice.",2026-10-02T17:39:38.679Z,179096277867900
"""Heech @ wzsls5Sz57"" chooses to  run it twice.",2026-10-02T17:39:38.235Z,179096277823500
"""rowan @ GthBpPSqaK"" chooses to  run it twice.",2026-10-02T17:39:38.054Z,179096277805400
"Remaining players decide whether to run it twice.",2026-10-02T17:39:37.154Z,179096277715401
"""jaaaaaaan @ O6Q78KIRx-"" calls 39.02",2026-10-02T17:39:37.154Z,179096277715400
"""Heech @ wzsls5Sz57"" raises to 39.02 and go all in",2026-10-02T17:39:35.485Z,179096277548500
"""sack @ boAReb7tW9"" folds",2026-10-02T17:39:32.936Z,179096277293600
"""jaaaaaaan @ O6Q78KIRx-"" calls 38.60",2026-10-02T17:39:30.195Z,179096277019500
"""Rayan @ nhXZL_Cydv"" folds",2026-10-02T17:39:29.293Z,179096276929300
"""rowan @ GthBpPSqaK"" raises to 38.60 and go all in",2026-10-02T17:39:28.256Z,179096276825600
"""Heech @ wzsls5Sz57"" bets 5.25",2026-10-02T17:39:14.878Z,179096275487800
"Flop:  [6♥, 7♦, 2♦]",2026-10-02T17:39:07.045Z,179096274704500
"""sack @ boAReb7tW9"" calls 1.40",2026-10-02T17:39:06.211Z,179096274621100
"""jaaaaaaan @ O6Q78KIRx-"" calls 1.40",2026-10-02T17:39:03.953Z,179096274395300
"""Rayan @ nhXZL_Cydv"" calls 1.40",2026-10-02T17:39:00.245Z,179096274024500
"""rowan @ GthBpPSqaK"" calls 1.40",2026-10-02T17:38:59.094Z,179096273909400
"""Heech @ wzsls5Sz57"" raises to 1.40",2026-10-02T17:38:58.066Z,179096273806600
"""sul @ thk9cMWm9U"" folds",2026-10-02T17:38:53.088Z,179096273308800
"""sack @ boAReb7tW9"" calls 0.20",2026-10-02T17:38:52.203Z,179096273220300
"""jaaaaaaan @ O6Q78KIRx-"" calls 0.20",2026-10-02T17:38:49.899Z,179096272989900
"""Jason @ XKcqCJfaWe"" folds",2026-10-02T17:38:48.505Z,179096272850500
"""Rayan @ nhXZL_Cydv"" calls 0.20",2026-10-02T17:38:47.592Z,179096272759200
"""rowan @ GthBpPSqaK"" posts a big blind of 0.20",2026-10-02T17:38:46.238Z,179096272623811
"""Heech @ wzsls5Sz57"" posts a small blind of 0.10",2026-10-02T17:38:46.238Z,179096272623810
"Player stacks: #1 ""Heech @ wzsls5Sz57"" (40.42) | #2 ""rowan @ GthBpPSqaK"" (40.00) | #3 ""Rayan @ nhXZL_Cydv"" (35.13) | #4 ""Jason @ XKcqCJfaWe"" (13.06) | #5 ""jaaaaaaan @ O6Q78KIRx-"" (56.02) | #8 ""sack @ boAReb7tW9"" (18.60) | #10 ""sul @ thk9cMWm9U"" (21.08)",2026-10-02T17:38:46.238Z,179096272623802
"-- starting hand #74 (id: pn1cubdr9hjh)  No Limit Texas Hold'em (dealer: ""sul @ thk9cMWm9U"") --",2026-10-02T17:38:46.238Z,179096272623801
"The player ""rowan @ GthBpPSqaK"" rebought. New stack 40.00.",2026-10-02T17:38:46.238Z,179096272623800
"Waiting for the game owner to approve or reject pending rebuy requests.",2026-10-02T17:38:44.292Z,179096272429201
"The player ""rowan @ GthBpPSqaK"" requested a rebuy of 40.00.",2026-10-02T17:38:44.292Z,179096272429200
"Asking to busted players the rebuy decision.",2026-10-02T17:38:41.070Z,179096272107000
"""sul @ thk9cMWm9U"" shows a 7♦, 7♠.",2026-10-02T17:38:35.098Z,179096271509800
"-- ending hand #73 --",2026-10-02T17:38:34.523Z,179096271452301
"""Rayan @ nhXZL_Cydv"" collected 25.06 from pot with Two Pair, J's & 6's (combination: K♠, 6♠, 6♣, J♣, J♠)",2026-10-02T17:38:34.523Z,179096271452300
"River: 3♠, J♣, 5♦, K♠ [J♠]",2026-10-02T17:38:30.483Z,179096271048300
"Turn: 3♠, J♣, 5♦ [K♠]",2026-10-02T17:38:26.462Z,179096270646200
"""Rayan @ nhXZL_Cydv"" shows a 6♠, 6♣.",2026-10-02T17:38:22.403Z,179096270240301
"""rowan @ GthBpPSqaK"" shows a Q♥, 10♦.",2026-10-02T17:38:22.403Z,179096270240300
"Some players choose to not run it twice.",2026-10-02T17:38:21.569Z,179096270156901
"""Rayan @ nhXZL_Cydv"" chooses to not run it twice.",2026-10-02T17:38:21.569Z,179096270156900
"""rowan @ GthBpPSqaK"" chooses to  run it twice.",2026-10-02T17:38:21.513Z,179096270151300
"Remaining players decide whether to run it twice.",2026-10-02T17:38:20.547Z,179096270054701
"""Heech @ wzsls5Sz57"" folds",2026-10-02T17:38:20.547Z,179096270054700
"""sul @ thk9cMWm9U"" folds",2026-10-02T17:38:13.708Z,179096269370800
"""jaaaaaaan @ O6Q78KIRx-"" folds",2026-10-02T17:38:11.244Z,179096269124400
"""Rayan @ nhXZL_Cydv"" calls 7.53",2026-10-02T17:38:10.362Z,179096269036200
"""rowan @ GthBpPSqaK"" bets 7.53 and go all in",2026-10-02T17:37:58.369Z,179096267836900
"""Heech @ wzsls5Sz57"" checks",2026-10-02T17:37:56.374Z,179096267637400
"""sul @ thk9cMWm9U"" checks",2026-10-02T17:37:54.476Z,179096267447600
"Flop:  [3♠, J♣, 5♦]",2026-10-02T17:37:47.161Z,179096266716100
"""jaaaaaaan @ O6Q78KIRx-"" calls 2.00",2026-10-02T17:37:46.304Z,179096266630400
"""Rayan @ nhXZL_Cydv"" calls 2.00",2026-10-02T17:37:43.726Z,179096266372600
"""rowan @ GthBpPSqaK"" calls 2.00",2026-10-02T17:37:33.211Z,179096265321100
"""Heech @ wzsls5Sz57"" calls 2.00",2026-10-02T17:37:32.217Z,179096265221700
"""sul @ thk9cMWm9U"" raises to 2.00",2026-10-02T17:37:28.622Z,179096264862200
"""sack @ boAReb7tW9"" folds",2026-10-02T17:37:21.499Z,179096264149900
"""jaaaaaaan @ O6Q78KIRx-"" raises to 0.87",2026-10-02T17:37:20.637Z,179096264063700
"""Jason @ XKcqCJfaWe"" folds",2026-10-02T17:37:12.187Z,179096263218700
"""Rayan @ nhXZL_Cydv"" calls 0.20",2026-10-02T17:37:11.243Z,179096263124300
"""rowan @ GthBpPSqaK"" calls 0.20",2026-10-02T17:37:06.481Z,179096262648100
"""Heech @ wzsls5Sz57"" posts a big blind of 0.20",2026-10-02T17:37:04.518Z,179096262451810
"""sul @ thk9cMWm9U"" posts a small blind of 0.10",2026-10-02T17:37:04.518Z,179096262451809
"Player stacks: #1 ""Heech @ wzsls5Sz57"" (42.42) | #2 ""rowan @ GthBpPSqaK"" (9.53) | #3 ""Rayan @ nhXZL_Cydv"" (19.60) | #4 ""Jason @ XKcqCJfaWe"" (13.06) | #5 ""jaaaaaaan @ O6Q78KIRx-"" (58.02) | #8 ""sack @ boAReb7tW9"" (18.60) | #10 ""sul @ thk9cMWm9U"" (23.08)",2026-10-02T17:37:04.518Z,179096262451801
"-- starting hand #73 (id: bytdcmrqriia)  No Limit Texas Hold'em (dealer: ""sack @ boAReb7tW9"") --",2026-10-02T17:37:04.518Z,179096262451800
"""jaaaaaaan @ O6Q78KIRx-"" shows a 5♣, 2♥.",2026-10-02T17:36:57.520Z,179096261752000
"-- ending hand #72 --",2026-10-02T17:36:56.007Z,179096261600702
"""sul @ thk9cMWm9U"" collected 11.54 from pot with Two Pair, A's & K's on the second run  (combination: 9♣, K♥, K♠, A♠, A♦)",2026-10-02T17:36:56.007Z,179096261600701
"""sul @ thk9cMWm9U"" collected 11.54 from pot with Three of a Kind, A's (combination: 9♣, K♥, A♠, A♦, A♥)",2026-10-02T17:36:56.007Z,179096261600700
"River (second run): K♥, 9♣, 4♠, K♠ [2♠]",2026-10-02T17:36:52.004Z,179096261200400
"Turn (second run): K♥, 9♣, 4♠ [K♠]",2026-10-02T17:36:47.994Z,179096260799400
"River: K♥, 9♣, 4♠, A♥ [3♣]",2026-10-02T17:36:43.991Z,179096260399100
"Turn: K♥, 9♣, 4♠ [A♥]",2026-10-02T17:36:39.974Z,179096259997400
"""sul @ thk9cMWm9U"" shows a A♠, A♦.",2026-10-02T17:36:35.899Z,179096259589901
"""rowan @ GthBpPSqaK"" shows a Q♠, 10♦.",2026-10-02T17:36:35.899Z,179096259589900
"All players in hand choose to run it twice.",2026-10-02T17:36:35.080Z,179096259508001
"""sul @ thk9cMWm9U"" chooses to  run it twice.",2026-10-02T17:36:35.080Z,179096259508000
"""rowan @ GthBpPSqaK"" chooses to  run it twice.",2026-10-02T17:36:34.994Z,179096259499400
"Remaining players decide whether to run it twice.",2026-10-02T17:36:33.956Z,179096259395601
"""sack @ boAReb7tW9"" folds",2026-10-02T17:36:33.956Z,179096259395600
"""Jason @ XKcqCJfaWe"" folds",2026-10-02T17:36:30.992Z,179096259099200
"""Rayan @ nhXZL_Cydv"" folds",2026-10-02T17:36:30.088Z,179096259008800
"""rowan @ GthBpPSqaK"" calls 7.94",2026-10-02T17:36:26.327Z,179096258632700
"""Heech @ wzsls5Sz57"" folds",2026-10-02T17:36:22.552Z,179096258255200
"""sul @ thk9cMWm9U"" bets 7.94 and go all in",2026-10-02T17:36:06.805Z,179096256680500
"""sack @ boAReb7tW9"" checks",2026-10-02T17:36:03.631Z,179096256363100
"Flop:  [K♥, 9♣, 4♠]",2026-10-02T17:36:00.877Z,179096256087700
"""sack @ boAReb7tW9"" calls 1.20",2026-10-02T17:36:00.064Z,179096256006400
"""Jason @ XKcqCJfaWe"" calls 1.20",2026-10-02T17:35:57.858Z,179096255785800
"""Rayan @ nhXZL_Cydv"" calls 1.20",2026-10-02T17:35:53.787Z,179096255378700
"""rowan @ GthBpPSqaK"" calls 1.20",2026-10-02T17:35:51.521Z,179096255152100
"""Heech @ wzsls5Sz57"" calls 1.20",2026-10-02T17:35:49.593Z,179096254959300
"""sul @ thk9cMWm9U"" raises to 1.20",2026-10-02T17:35:46.322Z,179096254632200
"""sack @ boAReb7tW9"" calls 0.20",2026-10-02T17:35:33.496Z,179096253349600
"""jaaaaaaan @ O6Q78KIRx-"" folds",2026-10-02T17:35:31.712Z,179096253171200
"""Jason @ XKcqCJfaWe"" calls 0.20",2026-10-02T17:35:27.811Z,179096252781100
"""Rayan @ nhXZL_Cydv"" calls 0.20",2026-10-02T17:35:26.861Z,179096252686100
"""rowan @ GthBpPSqaK"" calls 0.20",2026-10-02T17:35:23.008Z,179096252300800
"""Heech @ wzsls5Sz57"" calls 0.20",2026-10-02T17:35:22.110Z,179096252211000
"""sul @ thk9cMWm9U"" posts a big blind of 0.20",2026-10-02T17:35:17.767Z,179096251776710
"""sack @ boAReb7tW9"" posts a small blind of 0.10",2026-10-02T17:35:17.767Z,179096251776709
"Player stacks: #1 ""Heech @ wzsls5Sz57"" (43.62) | #2 ""rowan @ GthBpPSqaK"" (18.67) | #3 ""Rayan @ nhXZL_Cydv"" (20.80) | #4 ""Jason @ XKcqCJfaWe"" (14.26) | #5 ""jaaaaaaan @ O6Q78KIRx-"" (58.02) | #8 ""sack @ boAReb7tW9"" (19.80) | #10 ""sul @ thk9cMWm9U"" (9.14)",2026-10-02T17:35:17.767Z,179096251776701
"-- starting hand #72 (id: p2gs50ydycdt)  No Limit Texas Hold'em (dealer: ""jaaaaaaan @ O6Q78KIRx-"") --",2026-10-02T17:35:17.767Z,179096251776700
"-- ending hand #71 --",2026-10-02T17:35:11.845Z,179096251184502
"""Rayan @ nhXZL_Cydv"" collected 2.40 from pot",2026-10-02T17:35:11.845Z,179096251184501
"Uncalled bet of 1.80 returned to ""Rayan @ nhXZL_Cydv""",2026-10-02T17:35:11.845Z,179096251184500
"""rowan @ GthBpPSqaK"" folds",2026-10-02T17:35:11.040Z,179096251104000
"""sack @ boAReb7tW9"" folds",2026-10-02T17:35:10.091Z,179096251009100
"""jaaaaaaan @ O6Q78KIRx-"" folds",2026-10-02T17:35:08.085Z,179096250808500
"""Rayan @ nhXZL_Cydv"" bets 1.80",2026-10-02T17:35:05.773Z,179096250577300
"""rowan @ GthBpPSqaK"" checks",2026-10-02T17:35:03.322Z,179096250332200
"""sack @ boAReb7tW9"" checks",2026-10-02T17:35:02.356Z,179096250235600
"""jaaaaaaan @ O6Q78KIRx-"" checks",2026-10-02T17:34:56.573Z,179096249657300
"Flop:  [6♥, A♠, J♦]",2026-10-02T17:34:55.182Z,179096249518200
"""rowan @ GthBpPSqaK"" calls 0.60",2026-10-02T17:34:54.342Z,179096249434200
"""sack @ boAReb7tW9"" calls 0.60",2026-10-02T17:34:53.225Z,179096249322500
"""jaaaaaaan @ O6Q78KIRx-"" calls 0.60",2026-10-02T17:34:51.392Z,179096249139200
"""Jason @ XKcqCJfaWe"" folds",2026-10-02T17:34:49.810Z,179096248981000
"""Rayan @ nhXZL_Cydv"" raises to 0.60",2026-10-02T17:34:46.930Z,179096248693000
"""rowan @ GthBpPSqaK"" calls 0.20",2026-10-02T17:34:42.876Z,179096248287600
"""Heech @ wzsls5Sz57"" folds",2026-10-02T17:34:41.987Z,179096248198700
"""sul @ thk9cMWm9U"" folds",2026-10-02T17:34:41.079Z,179096248107900
"""sack @ boAReb7tW9"" posts a big blind of 0.20",2026-10-02T17:34:39.693Z,179096247969310
"""jaaaaaaan @ O6Q78KIRx-"" posts a small blind of 0.10",2026-10-02T17:34:39.693Z,179096247969309
"Player stacks: #1 ""Heech @ wzsls5Sz57"" (43.62) | #2 ""rowan @ GthBpPSqaK"" (19.27) | #3 ""Rayan @ nhXZL_Cydv"" (19.00) | #4 ""Jason @ XKcqCJfaWe"" (14.26) | #5 ""jaaaaaaan @ O6Q78KIRx-"" (58.62) | #8 ""sack @ boAReb7tW9"" (20.40) | #10 ""sul @ thk9cMWm9U"" (9.14)",2026-10-02T17:34:39.693Z,179096247969301
"-- starting hand #71 (id: ek4f7pntxbzc)  No Limit Texas Hold'em (dealer: ""Jason @ XKcqCJfaWe"") --",2026-10-02T17:34:39.693Z,179096247969300
"""Heech @ wzsls5Sz57"" shows a 8♦.",2026-10-02T17:34:37.960Z,179096247796000
"""rowan @ GthBpPSqaK"" shows a 9♦, 4♠.",2026-10-02T17:34:36.087Z,179096247608700
"-- ending hand #70 --",2026-10-02T17:34:32.361Z,179096247236102
"""sack @ boAReb7tW9"" collected 1.40 from pot",2026-10-02T17:34:32.361Z,179096247236101
"Uncalled bet of 1.40 returned to ""sack @ boAReb7tW9""",2026-10-02T17:34:32.361Z,179096247236100
"""jaaaaaaan @ O6Q78KIRx-"" folds",2026-10-02T17:34:31.531Z,179096247153100
"""Jason @ XKcqCJfaWe"" folds",2026-10-02T17:34:27.289Z,179096246728900
"""Rayan @ nhXZL_Cydv"" folds",2026-10-02T17:34:26.317Z,179096246631700
"""rowan @ GthBpPSqaK"" folds",2026-10-02T17:34:25.460Z,179096246546000
"""Heech @ wzsls5Sz57"" folds",2026-10-02T17:34:24.606Z,179096246460600
"""sul @ thk9cMWm9U"" folds",2026-10-02T17:34:22.033Z,179096246203300
"""sack @ boAReb7tW9"" bets 1.40",2026-10-02T17:34:16.897Z,179096245689700
"""jaaaaaaan @ O6Q78KIRx-"" checks",2026-10-02T17:34:14.013Z,179096245401300
"""Jason @ XKcqCJfaWe"" checks",2026-10-02T17:34:08.723Z,179096244872300
"Flop:  [A♥, 2♠, 10♣]",2026-10-02T17:34:06.750Z,179096244675000
"""jaaaaaaan @ O6Q78KIRx-"" checks",2026-10-02T17:34:05.933Z,179096244593300
"""Jason @ XKcqCJfaWe"" calls 0.20",2026-10-02T17:33:57.029Z,179096243702900
"""Rayan @ nhXZL_Cydv"" calls 0.20",2026-10-02T17:33:52.286Z,179096243228600
"""rowan @ GthBpPSqaK"" calls 0.20",2026-10-02T17:33:51.323Z,179096243132300
"""Heech @ wzsls5Sz57"" calls 0.20",2026-10-02T17:33:50.450Z,179096243045000
"""sul @ thk9cMWm9U"" calls 0.20",2026-10-02T17:33:48.581Z,179096242858100
"""sack @ boAReb7tW9"" calls 0.20",2026-10-02T17:33:44.497Z,179096242449700
"""jaaaaaaan @ O6Q78KIRx-"" posts a big blind of 0.20",2026-10-02T17:33:40.665Z,179096242066510
"""Jason @ XKcqCJfaWe"" posts a small blind of 0.10",2026-10-02T17:33:40.665Z,179096242066509
"Player stacks: #1 ""Heech @ wzsls5Sz57"" (43.82) | #2 ""rowan @ GthBpPSqaK"" (19.47) | #3 ""Rayan @ nhXZL_Cydv"" (19.20) | #4 ""Jason @ XKcqCJfaWe"" (14.46) | #5 ""jaaaaaaan @ O6Q78KIRx-"" (58.82) | #8 ""sack @ boAReb7tW9"" (19.20) | #10 ""sul @ thk9cMWm9U"" (9.34)",2026-10-02T17:33:40.665Z,179096242066501
"-- starting hand #70 (id: rquqby2voply)  No Limit Texas Hold'em (dealer: ""Rayan @ nhXZL_Cydv"") --",2026-10-02T17:33:40.665Z,179096242066500
"""Heech @ wzsls5Sz57"" shows a 7♣.",2026-10-02T17:33:36.345Z,179096241634500
"""rowan @ GthBpPSqaK"" shows a 4♦.",2026-10-02T17:33:34.514Z,179096241451400
"""jaaaaaaan @ O6Q78KIRx-"" shows a 5♦, J♦.",2026-10-02T17:33:34.286Z,179096241428600
"-- ending hand #69 --",2026-10-02T17:33:32.607Z,179096241260702
"""jaaaaaaan @ O6Q78KIRx-"" collected 4.20 from pot",2026-10-02T17:33:32.607Z,179096241260701
"Uncalled bet of 2.10 returned to ""jaaaaaaan @ O6Q78KIRx-""",2026-10-02T17:33:32.607Z,179096241260700
"""Rayan @ nhXZL_Cydv"" folds",2026-10-02T17:33:31.781Z,179096241178100
"""rowan @ GthBpPSqaK"" folds",2026-10-02T17:33:30.894Z,179096241089400
"""Heech @ wzsls5Sz57"" folds",2026-10-02T17:33:30.029Z,179096241002900
"""jaaaaaaan @ O6Q78KIRx-"" bets 2.10",2026-10-02T17:33:27.768Z,179096240776800
"""Rayan @ nhXZL_Cydv"" checks",2026-10-02T17:33:22.082Z,179096240208200
"Turn: K♦, 10♦, K♠ [7♦]",2026-10-02T17:33:19.080Z,179096239908000
"""rowan @ GthBpPSqaK"" checks",2026-10-02T17:33:18.259Z,179096239825900
"""Heech @ wzsls5Sz57"" checks",2026-10-02T17:33:17.376Z,179096239737600
"""sack @ boAReb7tW9"" folds",2026-10-02T17:33:15.781Z,179096239578100
"""jaaaaaaan @ O6Q78KIRx-"" checks",2026-10-02T17:33:14.910Z,179096239491000
"""Rayan @ nhXZL_Cydv"" checks",2026-10-02T17:33:03.424Z,179096238342400
"Flop:  [K♦, 10♦, K♠]",2026-10-02T17:33:01.924Z,179096238192400
"""rowan @ GthBpPSqaK"" calls 0.80",2026-10-02T17:33:01.093Z,179096238109300
"""Heech @ wzsls5Sz57"" calls 0.80",2026-10-02T17:33:00.188Z,179096238018800
"""sack @ boAReb7tW9"" calls 0.80",2026-10-02T17:32:51.983Z,179096237198300
"""jaaaaaaan @ O6Q78KIRx-"" calls 0.80",2026-10-02T17:32:47.135Z,179096236713500
"""Jason @ XKcqCJfaWe"" folds",2026-10-02T17:32:35.206Z,179096235520600
"""Rayan @ nhXZL_Cydv"" raises to 0.80",2026-10-02T17:32:34.197Z,179096235419700
"""rowan @ GthBpPSqaK"" calls 0.20",2026-10-02T17:32:31.986Z,179096235198600
"""Heech @ wzsls5Sz57"" calls 0.20",2026-10-02T17:32:31.103Z,179096235110300
"""sul @ thk9cMWm9U"" folds",2026-10-02T17:32:25.673Z,179096234567300
"""sack @ boAReb7tW9"" calls 0.20",2026-10-02T17:32:24.807Z,179096234480700
"""jaaaaaaan @ O6Q78KIRx-"" calls 0.20",2026-10-02T17:32:22.677Z,179096234267700
"""Jason @ XKcqCJfaWe"" posts a big blind of 0.20",2026-10-02T17:32:19.168Z,179096233916811
"""Rayan @ nhXZL_Cydv"" posts a small blind of 0.10",2026-10-02T17:32:19.168Z,179096233916810
"Player stacks: #1 ""Heech @ wzsls5Sz57"" (44.62) | #2 ""rowan @ GthBpPSqaK"" (20.27) | #3 ""Rayan @ nhXZL_Cydv"" (20.00) | #4 ""Jason @ XKcqCJfaWe"" (14.66) | #5 ""jaaaaaaan @ O6Q78KIRx-"" (55.42) | #8 ""sack @ boAReb7tW9"" (20.00) | #10 ""sul @ thk9cMWm9U"" (9.34)",2026-10-02T17:32:19.168Z,179096233916802
"-- starting hand #69 (id: o0ag0a3lvuza)  No Limit Texas Hold'em (dealer: ""rowan @ GthBpPSqaK"") --",2026-10-02T17:32:19.168Z,179096233916801
"The player ""Rayan @ nhXZL_Cydv"" rebought. New stack 20.00.",2026-10-02T17:32:19.168Z,179096233916800
"Waiting for the game owner to approve or reject pending rebuy requests.",2026-10-02T17:32:17.980Z,179096233798001
"The player ""Rayan @ nhXZL_Cydv"" requested a rebuy of 20.00.",2026-10-02T17:32:17.980Z,179096233798000
"Asking to busted players the rebuy decision.",2026-10-02T17:32:14.799Z,179096233479900
"""Jason @ XKcqCJfaWe"" shows a 9♠, 6♠.",2026-10-02T17:32:08.903Z,179096232890300
"-- ending hand #68 --",2026-10-02T17:32:08.276Z,179096232827601
"""Heech @ wzsls5Sz57"" collected 9.20 from pot with Pair, J's (combination: 8♣, 9♣, A♠, J♦, J♥)",2026-10-02T17:32:08.276Z,179096232827600
"River: J♦, J♥, 5♦, 8♣ [9♣]",2026-10-02T17:32:04.269Z,179096232426900
"Turn: J♦, J♥, 5♦ [8♣]",2026-10-02T17:32:00.238Z,179096232023800
"Flop:  [J♦, J♥, 5♦]",2026-10-02T17:31:56.156Z,179096231615600
"""Rayan @ nhXZL_Cydv"" shows a Q♥, 3♠.",2026-10-02T17:31:52.134Z,179096231213401
"""Heech @ wzsls5Sz57"" shows a A♠, 4♠.",2026-10-02T17:31:52.134Z,179096231213400
"Some players choose to not run it twice.",2026-10-02T17:31:51.291Z,179096231129101
"""Rayan @ nhXZL_Cydv"" chooses to not run it twice.",2026-10-02T17:31:51.291Z,179096231129100
"Remaining players decide whether to run it twice.",2026-10-02T17:31:50.761Z,179096231076101
"""Heech @ wzsls5Sz57"" calls 4.35",2026-10-02T17:31:50.761Z,179096231076100
"""jaaaaaaan @ O6Q78KIRx-"" folds",2026-10-02T17:31:41.627Z,179096230162700
"""Jason @ XKcqCJfaWe"" folds",2026-10-02T17:31:39.463Z,179096229946300
"""Rayan @ nhXZL_Cydv"" raises to 4.35 and go all in",2026-10-02T17:31:38.072Z,179096229807200
"""rowan @ GthBpPSqaK"" folds",2026-10-02T17:31:29.330Z,179096228933000
"""Heech @ wzsls5Sz57"" raises to 1.20",2026-10-02T17:31:28.482Z,179096228848200
"""sul @ thk9cMWm9U"" folds",2026-10-02T17:31:22.635Z,179096228263500
"""sack @ boAReb7tW9"" folds",2026-10-02T17:31:21.135Z,179096228113500
"""jaaaaaaan @ O6Q78KIRx-"" calls 0.20",2026-10-02T17:31:19.829Z,179096227982900
"""Jason @ XKcqCJfaWe"" calls 0.20",2026-10-02T17:31:18.642Z,179096227864200
"""Rayan @ nhXZL_Cydv"" posts a big blind of 0.20",2026-10-02T17:31:17.245Z,179096227724511
"""rowan @ GthBpPSqaK"" posts a small blind of 0.10",2026-10-02T17:31:17.245Z,179096227724510
"Player stacks: #1 ""Heech @ wzsls5Sz57"" (39.77) | #2 ""rowan @ GthBpPSqaK"" (20.37) | #3 ""Rayan @ nhXZL_Cydv"" (4.35) | #4 ""Jason @ XKcqCJfaWe"" (14.86) | #5 ""jaaaaaaan @ O6Q78KIRx-"" (55.62) | #8 ""sack @ boAReb7tW9"" (20.00) | #10 ""sul @ thk9cMWm9U"" (9.34)",2026-10-02T17:31:17.245Z,179096227724502
"-- starting hand #68 (id: j1whxcadgrxr)  No Limit Texas Hold'em (dealer: ""Heech @ wzsls5Sz57"") --",2026-10-02T17:31:17.245Z,179096227724501
"The player ""sack @ boAReb7tW9"" rebought. New stack 20.00.",2026-10-02T17:31:17.245Z,179096227724500
"Waiting for the game owner to approve or reject pending rebuy requests.",2026-10-02T17:31:15.458Z,179096227545801
"The player ""sack @ boAReb7tW9"" requested a rebuy of 20.00.",2026-10-02T17:31:15.458Z,179096227545800
"Asking to busted players the rebuy decision.",2026-10-02T17:31:11.076Z,179096227107600
"""Heech @ wzsls5Sz57"" shows a 3♦, 9♠.",2026-10-02T17:31:05.147Z,179096226514700
"-- ending hand #67 --",2026-10-02T17:31:04.525Z,179096226452503
"""jaaaaaaan @ O6Q78KIRx-"" collected 19.86 from pot with Straight, K High (combination: 9♣, 10♦, J♣, Q♠, K♦)",2026-10-02T17:31:04.525Z,179096226452502
"""jaaaaaaan @ O6Q78KIRx-"" shows a Q♠, J♣.",2026-10-02T17:31:04.525Z,179096226452501
"""rowan @ GthBpPSqaK"" shows a 8♠, 10♥.",2026-10-02T17:31:04.525Z,179096226452500
"""jaaaaaaan @ O6Q78KIRx-"" checks",2026-10-02T17:31:03.709Z,179096226370900
"""Jason @ XKcqCJfaWe"" checks",2026-10-02T17:31:02.754Z,179096226275400
"""rowan @ GthBpPSqaK"" checks",2026-10-02T17:31:01.364Z,179096226136400
"River: 10♦, 9♣, 4♦, K♦ [3♠]",2026-10-02T17:31:01.007Z,179096226100700
"""jaaaaaaan @ O6Q78KIRx-"" checks",2026-10-02T17:31:00.180Z,179096226018000
"""Jason @ XKcqCJfaWe"" checks",2026-10-02T17:30:59.240Z,179096225924000
"""rowan @ GthBpPSqaK"" checks",2026-10-02T17:30:58.248Z,179096225824800
"Turn: 10♦, 9♣, 4♦ [K♦]",2026-10-02T17:30:57.841Z,179096225784100
"""jaaaaaaan @ O6Q78KIRx-"" checks",2026-10-02T17:30:57.008Z,179096225700800
"""Jason @ XKcqCJfaWe"" checks",2026-10-02T17:30:56.134Z,179096225613400
"""rowan @ GthBpPSqaK"" checks",2026-10-02T17:30:55.254Z,179096225525400
"Flop:  [10♦, 9♣, 4♦]",2026-10-02T17:30:53.355Z,179096225335500
"""jaaaaaaan @ O6Q78KIRx-"" calls 4.94",2026-10-02T17:30:52.549Z,179096225254900
"""Jason @ XKcqCJfaWe"" calls 4.94",2026-10-02T17:30:44.608Z,179096224460800
"""rowan @ GthBpPSqaK"" calls 4.94",2026-10-02T17:30:43.214Z,179096224321400
"""Heech @ wzsls5Sz57"" folds",2026-10-02T17:30:27.045Z,179096222704500
"""sul @ thk9cMWm9U"" folds",2026-10-02T17:30:24.497Z,179096222449700
"""sack @ boAReb7tW9"" raises to 4.94 and go all in",2026-10-02T17:30:23.644Z,179096222364400
"""jaaaaaaan @ O6Q78KIRx-"" calls 1.00",2026-10-02T17:30:19.441Z,179096221944100
"""Jason @ XKcqCJfaWe"" raises to 1.00",2026-10-02T17:30:17.334Z,179096221733400
"""Rayan @ nhXZL_Cydv"" folds",2026-10-02T17:30:12.683Z,179096221268300
"""rowan @ GthBpPSqaK"" posts a big blind of 0.20",2026-10-02T17:30:11.314Z,179096221131410
"""Heech @ wzsls5Sz57"" posts a small blind of 0.10",2026-10-02T17:30:11.314Z,179096221131409
"Player stacks: #1 ""Heech @ wzsls5Sz57"" (39.87) | #2 ""rowan @ GthBpPSqaK"" (25.31) | #3 ""Rayan @ nhXZL_Cydv"" (4.35) | #4 ""Jason @ XKcqCJfaWe"" (19.80) | #5 ""jaaaaaaan @ O6Q78KIRx-"" (40.70) | #8 ""sack @ boAReb7tW9"" (4.94) | #10 ""sul @ thk9cMWm9U"" (9.34)",2026-10-02T17:30:11.314Z,179096221131401
"-- starting hand #67 (id: iu98ix0j03fh)  No Limit Texas Hold'em (dealer: ""sul @ thk9cMWm9U"") --",2026-10-02T17:30:11.314Z,179096221131400
"""Jason @ XKcqCJfaWe"" shows a A♣.",2026-10-02T17:30:05.419Z,179096220541900
"""Heech @ wzsls5Sz57"" shows a A♠, 3♠.",2026-10-02T17:30:05.057Z,179096220505700
"""Jason @ XKcqCJfaWe"" shows a 8♥.",2026-10-02T17:30:05.028Z,179096220502800
"""rowan @ GthBpPSqaK"" shows a 7♣, 6♠.",2026-10-02T17:30:04.783Z,179096220478300
"-- ending hand #66 --",2026-10-02T17:30:03.776Z,179096220377601
"""jaaaaaaan @ O6Q78KIRx-"" collected 40.70 from pot with Two Pair, 10's & 9's (combination: J♣, 9♣, 9♥, 10♣, 10♠)",2026-10-02T17:30:03.776Z,179096220377600
"River: 6♥, 9♥, 10♠, 2♠ [J♣]",2026-10-02T17:29:59.673Z,179096219967300
"""jaaaaaaan @ O6Q78KIRx-"" shows a 9♣, 10♣.",2026-10-02T17:29:55.669Z,179096219566902
"""Rayan @ nhXZL_Cydv"" shows a A♥.",2026-10-02T17:29:55.669Z,179096219566901
"Uncalled bet of 4.35 returned to ""Rayan @ nhXZL_Cydv""",2026-10-02T17:29:55.669Z,179096219566900
"""Rayan @ nhXZL_Cydv"" shows a 7♥.",2026-10-02T17:29:54.965Z,179096219496500
"Some players choose to not run it twice.",2026-10-02T17:29:54.815Z,179096219481501
"""jaaaaaaan @ O6Q78KIRx-"" chooses to not run it twice.",2026-10-02T17:29:54.815Z,179096219481500
"Remaining players decide whether to run it twice.",2026-10-02T17:29:53.909Z,179096219390901
"""jaaaaaaan @ O6Q78KIRx-"" calls 13.85 and go all in",2026-10-02T17:29:53.909Z,179096219390900
"""Rayan @ nhXZL_Cydv"" raises to 18.20 and go all in",2026-10-02T17:29:51.951Z,179096219195100
"""jaaaaaaan @ O6Q78KIRx-"" bets 9.75",2026-10-02T17:29:43.970Z,179096218397000
"""Rayan @ nhXZL_Cydv"" checks",2026-10-02T17:29:34.572Z,179096217457200
"Turn: 6♥, 9♥, 10♠ [2♠]",2026-10-02T17:29:32.255Z,179096217225500
"""Jason @ XKcqCJfaWe"" folds",2026-10-02T17:29:31.449Z,179096217144900
"""Rayan @ nhXZL_Cydv"" calls 5.20",2026-10-02T17:29:30.556Z,179096217055600
"""rowan @ GthBpPSqaK"" folds",2026-10-02T17:29:25.849Z,179096216584900
"""Heech @ wzsls5Sz57"" folds",2026-10-02T17:29:21.139Z,179096216113900
"""sack @ boAReb7tW9"" folds",2026-10-02T17:29:20.214Z,179096216021400
"""jaaaaaaan @ O6Q78KIRx-"" raises to 5.20",2026-10-02T17:29:18.716Z,179096215871600
"""Jason @ XKcqCJfaWe"" calls 1.30",2026-10-02T17:29:14.448Z,179096215444800
"""Rayan @ nhXZL_Cydv"" bets 1.30",2026-10-02T17:29:07.726Z,179096214772600
"""rowan @ GthBpPSqaK"" checks",2026-10-02T17:29:04.116Z,179096214411600
"""Heech @ wzsls5Sz57"" checks",2026-10-02T17:29:03.156Z,179096214315600
"Flop:  [6♥, 9♥, 10♠]",2026-10-02T17:29:01.417Z,179096214141700
"""Heech @ wzsls5Sz57"" checks",2026-10-02T17:29:00.595Z,179096214059500
"""sul @ thk9cMWm9U"" folds",2026-10-02T17:28:57.419Z,179096213741900
"""sack @ boAReb7tW9"" calls 0.20",2026-10-02T17:28:56.533Z,179096213653300
"""jaaaaaaan @ O6Q78KIRx-"" calls 0.20",2026-10-02T17:28:54.204Z,179096213420400
"""Jason @ XKcqCJfaWe"" calls 0.20",2026-10-02T17:28:40.871Z,179096212087100
"""Rayan @ nhXZL_Cydv"" calls 0.20",2026-10-02T17:28:37.984Z,179096211798400
"""rowan @ GthBpPSqaK"" calls 0.20",2026-10-02T17:28:36.724Z,179096211672400
"""Heech @ wzsls5Sz57"" posts a big blind of 0.20",2026-10-02T17:28:35.757Z,179096211575710
"""sul @ thk9cMWm9U"" posts a small blind of 0.10",2026-10-02T17:28:35.757Z,179096211575709
"Player stacks: #1 ""Heech @ wzsls5Sz57"" (40.07) | #2 ""rowan @ GthBpPSqaK"" (25.51) | #3 ""Rayan @ nhXZL_Cydv"" (23.60) | #4 ""Jason @ XKcqCJfaWe"" (21.30) | #5 ""jaaaaaaan @ O6Q78KIRx-"" (19.25) | #8 ""sack @ boAReb7tW9"" (5.14) | #10 ""sul @ thk9cMWm9U"" (9.44)",2026-10-02T17:28:35.757Z,179096211575701
"-- starting hand #66 (id: 6jbsyeq7k8by)  No Limit Texas Hold'em (dealer: ""sack @ boAReb7tW9"") --",2026-10-02T17:28:35.757Z,179096211575700
"""Jason @ XKcqCJfaWe"" shows a 6♦.",2026-10-02T17:28:33.484Z,179096211348400
"""Jason @ XKcqCJfaWe"" shows a A♥.",2026-10-02T17:28:33.250Z,179096211325000
"""rowan @ GthBpPSqaK"" shows a 2♣.",2026-10-02T17:28:32.450Z,179096211245000
"""rowan @ GthBpPSqaK"" shows a 9♣.",2026-10-02T17:28:32.048Z,179096211204800
"-- ending hand #65 --",2026-10-02T17:28:31.374Z,179096211137402
"""Jason @ XKcqCJfaWe"" collected 3.80 from pot",2026-10-02T17:28:31.374Z,179096211137401
"Uncalled bet of 3.80 returned to ""Jason @ XKcqCJfaWe""",2026-10-02T17:28:31.374Z,179096211137400
"""rowan @ GthBpPSqaK"" folds",2026-10-02T17:28:30.515Z,179096211051500
"""Jason @ XKcqCJfaWe"" raises to 4.00",2026-10-02T17:28:27.885Z,179096210788500
"""rowan @ GthBpPSqaK"" bets 0.20",2026-10-02T17:28:24.290Z,179096210429000
"River: A♠, 2♦, 8♥, 10♦ [4♠]",2026-10-02T17:28:22.795Z,179096210279500
"""rowan @ GthBpPSqaK"" calls 1.15",2026-10-02T17:28:21.988Z,179096210198800
"""Jason @ XKcqCJfaWe"" raises to 1.15",2026-10-02T17:28:15.337Z,179096209533700
"""rowan @ GthBpPSqaK"" bets 0.20",2026-10-02T17:28:10.571Z,179096209057100
"Turn: A♠, 2♦, 8♥ [10♦]",2026-10-02T17:28:08.225Z,179096208822500
"""Jason @ XKcqCJfaWe"" calls 0.20",2026-10-02T17:28:07.388Z,179096208738800
"""rowan @ GthBpPSqaK"" bets 0.20",2026-10-02T17:28:02.467Z,179096208246700
"Flop:  [A♠, 2♦, 8♥]",2026-10-02T17:27:54.250Z,179096207425000
"""sul @ thk9cMWm9U"" folds",2026-10-02T17:27:53.412Z,179096207341200
"""sack @ boAReb7tW9"" folds",2026-10-02T17:27:52.527Z,179096207252700
"""jaaaaaaan @ O6Q78KIRx-"" folds",2026-10-02T17:27:51.682Z,179096207168200
"""Jason @ XKcqCJfaWe"" calls 0.20",2026-10-02T17:27:49.754Z,179096206975400
"""Rayan @ nhXZL_Cydv"" folds",2026-10-02T17:27:37.499Z,179096205749900
"""rowan @ GthBpPSqaK"" calls 0.20",2026-10-02T17:27:36.486Z,179096205648600
"""Heech @ wzsls5Sz57"" folds",2026-10-02T17:27:34.498Z,179096205449800
"""sul @ thk9cMWm9U"" posts a big blind of 0.20",2026-10-02T17:27:28.997Z,179096204899710
"""sack @ boAReb7tW9"" posts a small blind of 0.10",2026-10-02T17:27:28.997Z,179096204899709
"Player stacks: #1 ""Heech @ wzsls5Sz57"" (40.07) | #2 ""rowan @ GthBpPSqaK"" (27.26) | #3 ""Rayan @ nhXZL_Cydv"" (23.60) | #4 ""Jason @ XKcqCJfaWe"" (19.25) | #5 ""jaaaaaaan @ O6Q78KIRx-"" (19.25) | #8 ""sack @ boAReb7tW9"" (5.24) | #10 ""sul @ thk9cMWm9U"" (9.64)",2026-10-02T17:27:28.997Z,179096204899701
"-- starting hand #65 (id: zcmcrlrphgka)  No Limit Texas Hold'em (dealer: ""jaaaaaaan @ O6Q78KIRx-"") --",2026-10-02T17:27:28.997Z,179096204899700
"""Rayan @ nhXZL_Cydv"" shows a Q♦.",2026-10-02T17:27:27.103Z,179096204710300
"""rowan @ GthBpPSqaK"" shows a 10♣.",2026-10-02T17:27:25.589Z,179096204558900
"""rowan @ GthBpPSqaK"" shows a 2♠.",2026-10-02T17:27:25.298Z,179096204529800
"-- ending hand #64 --",2026-10-02T17:27:24.664Z,179096204466402
"""Rayan @ nhXZL_Cydv"" collected 6.50 from pot",2026-10-02T17:27:24.664Z,179096204466401
"Uncalled bet of 1.95 returned to ""Rayan @ nhXZL_Cydv""",2026-10-02T17:27:24.664Z,179096204466400
"""jaaaaaaan @ O6Q78KIRx-"" folds",2026-10-02T17:27:23.828Z,179096204382800
"""Rayan @ nhXZL_Cydv"" raises to 3.90",2026-10-02T17:27:21.467Z,179096204146700
"""jaaaaaaan @ O6Q78KIRx-"" bets 1.95",2026-10-02T17:27:14.899Z,179096203489900
"River: 2♣, J♥, 2♦, Q♠ [2♥]",2026-10-02T17:27:07.580Z,179096202758000
"""Rayan @ nhXZL_Cydv"" calls 0.60",2026-10-02T17:27:06.747Z,179096202674700
"""jaaaaaaan @ O6Q78KIRx-"" raises to 0.60",2026-10-02T17:27:00.996Z,179096202099600
"""Rayan @ nhXZL_Cydv"" raises to 0.40",2026-10-02T17:26:58.040Z,179096201804000
"""jaaaaaaan @ O6Q78KIRx-"" bets 0.20",2026-10-02T17:26:53.811Z,179096201381100
"Turn: 2♣, J♥, 2♦ [Q♠]",2026-10-02T17:26:49.194Z,179096200919400
"""Jason @ XKcqCJfaWe"" folds",2026-10-02T17:26:48.376Z,179096200837600
"""Rayan @ nhXZL_Cydv"" calls 0.20",2026-10-02T17:26:46.610Z,179096200661000
"""Heech @ wzsls5Sz57"" folds",2026-10-02T17:26:44.574Z,179096200457400
"""sack @ boAReb7tW9"" folds",2026-10-02T17:26:42.274Z,179096200227400
"""jaaaaaaan @ O6Q78KIRx-"" bets 0.20",2026-10-02T17:26:40.627Z,179096200062700
"Flop:  [2♣, J♥, 2♦]",2026-10-02T17:26:36.548Z,179096199654800
"""sack @ boAReb7tW9"" checks",2026-10-02T17:26:35.645Z,179096199564500
"""jaaaaaaan @ O6Q78KIRx-"" calls 0.20",2026-10-02T17:26:34.098Z,179096199409800
"""Jason @ XKcqCJfaWe"" calls 0.20",2026-10-02T17:26:32.533Z,179096199253300
"""Rayan @ nhXZL_Cydv"" calls 0.20",2026-10-02T17:26:30.271Z,179096199027100
"""rowan @ GthBpPSqaK"" folds",2026-10-02T17:26:29.425Z,179096198942500
"""Heech @ wzsls5Sz57"" calls 0.20",2026-10-02T17:26:26.620Z,179096198662000
"""sul @ thk9cMWm9U"" folds",2026-10-02T17:26:22.038Z,179096198203800
"""sack @ boAReb7tW9"" posts a big blind of 0.20",2026-10-02T17:26:13.960Z,179096197396010
"""jaaaaaaan @ O6Q78KIRx-"" posts a small blind of 0.10",2026-10-02T17:26:13.960Z,179096197396009
"Player stacks: #1 ""Heech @ wzsls5Sz57"" (40.27) | #2 ""rowan @ GthBpPSqaK"" (27.26) | #3 ""Rayan @ nhXZL_Cydv"" (20.05) | #4 ""Jason @ XKcqCJfaWe"" (19.45) | #5 ""jaaaaaaan @ O6Q78KIRx-"" (22.20) | #8 ""sack @ boAReb7tW9"" (5.44) | #10 ""sul @ thk9cMWm9U"" (9.64)",2026-10-02T17:26:13.960Z,179096197396001
"-- starting hand #64 (id: ky3gtw3toeck)  No Limit Texas Hold'em (dealer: ""Jason @ XKcqCJfaWe"") --",2026-10-02T17:26:13.960Z,179096197396000
"""rowan @ GthBpPSqaK"" shows a Q♥.",2026-10-02T17:26:11.087Z,179096197108700
"""Rayan @ nhXZL_Cydv"" shows a K♣, A♦.",2026-10-02T17:26:09.973Z,179096196997300
"-- ending hand #63 --",2026-10-02T17:26:09.632Z,179096196963202
"""rowan @ GthBpPSqaK"" collected 5.00 from pot",2026-10-02T17:26:09.632Z,179096196963201
"Uncalled bet of 2.50 returned to ""rowan @ GthBpPSqaK""",2026-10-02T17:26:09.632Z,179096196963200
"""Rayan @ nhXZL_Cydv"" folds",2026-10-02T17:26:08.800Z,179096196880000
"""rowan @ GthBpPSqaK"" bets 2.50",2026-10-02T17:26:03.398Z,179096196339800
"River: 10♠, 6♣, Q♠, 4♣ [7♠]",2026-10-02T17:25:55.662Z,179096195566200
"""jaaaaaaan @ O6Q78KIRx-"" folds",2026-10-02T17:25:54.830Z,179096195483000
"""Rayan @ nhXZL_Cydv"" calls 1.25",2026-10-02T17:25:50.230Z,179096195023000
"""rowan @ GthBpPSqaK"" bets 1.25",2026-10-02T17:25:46.983Z,179096194698300
"""jaaaaaaan @ O6Q78KIRx-"" checks",2026-10-02T17:25:43.493Z,179096194349300
"Turn: 10♠, 6♣, Q♠ [4♣]",2026-10-02T17:25:37.448Z,179096193744800
"""Rayan @ nhXZL_Cydv"" checks",2026-10-02T17:25:36.580Z,179096193658000
"""rowan @ GthBpPSqaK"" checks",2026-10-02T17:25:34.777Z,179096193477700
"""jaaaaaaan @ O6Q78KIRx-"" checks",2026-10-02T17:25:29.307Z,179096192930700
"Flop:  [10♠, 6♣, Q♠]",2026-10-02T17:25:28.176Z,179096192817600
"""jaaaaaaan @ O6Q78KIRx-"" calls 0.80",2026-10-02T17:25:27.367Z,179096192736700
"""Jason @ XKcqCJfaWe"" folds",2026-10-02T17:25:23.845Z,179096192384500
"""Rayan @ nhXZL_Cydv"" calls 0.80",2026-10-02T17:25:22.947Z,179096192294700
"""rowan @ GthBpPSqaK"" raises to 0.80",2026-10-02T17:25:16.696Z,179096191669600
"""Heech @ wzsls5Sz57"" folds",2026-10-02T17:25:10.916Z,179096191091600
"""sul @ thk9cMWm9U"" folds",2026-10-02T17:25:10.029Z,179096191002900
"""sack @ boAReb7tW9"" folds",2026-10-02T17:25:05.832Z,179096190583200
"""jaaaaaaan @ O6Q78KIRx-"" posts a big blind of 0.20",2026-10-02T17:25:03.975Z,179096190397510
"""Jason @ XKcqCJfaWe"" posts a small blind of 0.10",2026-10-02T17:25:03.975Z,179096190397509
"Player stacks: #1 ""Heech @ wzsls5Sz57"" (40.27) | #2 ""rowan @ GthBpPSqaK"" (24.31) | #3 ""Rayan @ nhXZL_Cydv"" (22.10) | #4 ""Jason @ XKcqCJfaWe"" (19.55) | #5 ""jaaaaaaan @ O6Q78KIRx-"" (23.00) | #8 ""sack @ boAReb7tW9"" (5.44) | #10 ""sul @ thk9cMWm9U"" (9.64)",2026-10-02T17:25:03.975Z,179096190397501
"-- starting hand #63 (id: shje4r3fuunc)  No Limit Texas Hold'em (dealer: ""Rayan @ nhXZL_Cydv"") --",2026-10-02T17:25:03.975Z,179096190397500
"""Rayan @ nhXZL_Cydv"" shows a 2♣.",2026-10-02T17:25:00.780Z,179096190078000
"-- ending hand #62 --",2026-10-02T17:24:57.361Z,179096189736102
"""rowan @ GthBpPSqaK"" collected 3.30 from pot",2026-10-02T17:24:57.361Z,179096189736101
"Uncalled bet of 1.65 returned to ""rowan @ GthBpPSqaK""",2026-10-02T17:24:57.361Z,179096189736100
"""sack @ boAReb7tW9"" folds",2026-10-02T17:24:56.517Z,179096189651700
"""Jason @ XKcqCJfaWe"" folds",2026-10-02T17:24:54.927Z,179096189492700
"""rowan @ GthBpPSqaK"" bets 1.65",2026-10-02T17:24:53.780Z,179096189378000
"""sack @ boAReb7tW9"" checks",2026-10-02T17:24:51.259Z,179096189125900
"""Jason @ XKcqCJfaWe"" checks",2026-10-02T17:24:45.246Z,179096188524600
"Flop:  [2♥, K♦, 2♠]",2026-10-02T17:24:44.052Z,179096188405200
"""Heech @ wzsls5Sz57"" folds",2026-10-02T17:24:43.242Z,179096188324200
"""sack @ boAReb7tW9"" calls 1.00",2026-10-02T17:24:42.152Z,179096188215200
"""Jason @ XKcqCJfaWe"" calls 1.00",2026-10-02T17:24:40.133Z,179096188013300
"""Rayan @ nhXZL_Cydv"" folds",2026-10-02T17:24:38.786Z,179096187878600
"""rowan @ GthBpPSqaK"" raises to 1.00",2026-10-02T17:24:33.420Z,179096187342000
"""Heech @ wzsls5Sz57"" calls 0.20",2026-10-02T17:24:31.030Z,179096187103000
"""sul @ thk9cMWm9U"" folds",2026-10-02T17:24:26.478Z,179096186647800
"""sack @ boAReb7tW9"" calls 0.20",2026-10-02T17:24:20.484Z,179096186048400
"""jaaaaaaan @ O6Q78KIRx-"" folds",2026-10-02T17:24:18.435Z,179096185843500
"""Jason @ XKcqCJfaWe"" posts a big blind of 0.20",2026-10-02T17:24:04.781Z,179096184478110
"""Rayan @ nhXZL_Cydv"" posts a small blind of 0.10",2026-10-02T17:24:04.781Z,179096184478109
"Player stacks: #1 ""Heech @ wzsls5Sz57"" (40.47) | #2 ""rowan @ GthBpPSqaK"" (22.01) | #3 ""Rayan @ nhXZL_Cydv"" (22.20) | #4 ""Jason @ XKcqCJfaWe"" (20.55) | #5 ""jaaaaaaan @ O6Q78KIRx-"" (23.00) | #8 ""sack @ boAReb7tW9"" (6.44) | #10 ""sul @ thk9cMWm9U"" (9.64)",2026-10-02T17:24:04.781Z,179096184478101
"-- starting hand #62 (id: 4blnkz8kmyym)  No Limit Texas Hold'em (dealer: ""rowan @ GthBpPSqaK"") --",2026-10-02T17:24:04.781Z,179096184478100
"""Jason @ XKcqCJfaWe"" shows a 9♠, 10♣.",2026-10-02T17:24:03.284Z,179096184328400
"""Heech @ wzsls5Sz57"" shows a 2♥, 6♥.",2026-10-02T17:24:01.320Z,179096184132000
"-- ending hand #61 --",2026-10-02T17:24:00.463Z,179096184046302
"""Heech @ wzsls5Sz57"" collected 8.50 from pot",2026-10-02T17:24:00.463Z,179096184046301
"Uncalled bet of 4.25 returned to ""Heech @ wzsls5Sz57""",2026-10-02T17:24:00.463Z,179096184046300
"""Jason @ XKcqCJfaWe"" folds",2026-10-02T17:23:59.639Z,179096183963900
"""Heech @ wzsls5Sz57"" bets 4.25",2026-10-02T17:23:50.960Z,179096183096000
"""Jason @ XKcqCJfaWe"" checks",2026-10-02T17:23:46.326Z,179096182632600
"River: 7♣, A♥, J♣, Q♣ [2♠]",2026-10-02T17:23:43.041Z,179096182304100
"""Heech @ wzsls5Sz57"" checks",2026-10-02T17:23:42.194Z,179096182219400
"""Jason @ XKcqCJfaWe"" checks",2026-10-02T17:23:36.687Z,179096181668700
"Turn: 7♣, A♥, J♣ [Q♣]",2026-10-02T17:23:35.342Z,179096181534200
"""sack @ boAReb7tW9"" folds",2026-10-02T17:23:34.484Z,179096181448400
"""Jason @ XKcqCJfaWe"" calls 2.55",2026-10-02T17:23:31.415Z,179096181141500
"""rowan @ GthBpPSqaK"" folds",2026-10-02T17:23:28.772Z,179096180877200
"""Heech @ wzsls5Sz57"" bets 2.55",2026-10-02T17:23:27.909Z,179096180790900
"""sack @ boAReb7tW9"" checks",2026-10-02T17:23:21.960Z,179096180196000
"""Jason @ XKcqCJfaWe"" checks",2026-10-02T17:23:20.315Z,179096180031500
"""rowan @ GthBpPSqaK"" checks",2026-10-02T17:23:18.726Z,179096179872600
"Flop:  [7♣, A♥, J♣]",2026-10-02T17:23:16.912Z,179096179691200
"""sack @ boAReb7tW9"" calls 0.80",2026-10-02T17:23:16.088Z,179096179608800
"""Jason @ XKcqCJfaWe"" calls 0.80",2026-10-02T17:23:12.768Z,179096179276800
"""Rayan @ nhXZL_Cydv"" folds",2026-10-02T17:23:11.878Z,179096179187800
"""rowan @ GthBpPSqaK"" calls 0.80",2026-10-02T17:23:10.959Z,179096179095900
"""Heech @ wzsls5Sz57"" raises to 0.80",2026-10-02T17:23:04.531Z,179096178453100
"""sul @ thk9cMWm9U"" folds",2026-10-02T17:23:00.739Z,179096178073900
"""sack @ boAReb7tW9"" calls 0.20",2026-10-02T17:22:59.878Z,179096177987800
"""jaaaaaaan @ O6Q78KIRx-"" folds",2026-10-02T17:22:58.352Z,179096177835200
"""Jason @ XKcqCJfaWe"" calls 0.20",2026-10-02T17:22:46.649Z,179096176664900
"""Rayan @ nhXZL_Cydv"" posts a big blind of 0.20",2026-10-02T17:22:45.502Z,179096176550210
"""rowan @ GthBpPSqaK"" posts a small blind of 0.10",2026-10-02T17:22:45.502Z,179096176550209
"Player stacks: #1 ""Heech @ wzsls5Sz57"" (35.32) | #2 ""rowan @ GthBpPSqaK"" (22.81) | #3 ""Rayan @ nhXZL_Cydv"" (22.40) | #4 ""Jason @ XKcqCJfaWe"" (23.90) | #5 ""jaaaaaaan @ O6Q78KIRx-"" (23.00) | #8 ""sack @ boAReb7tW9"" (7.24) | #10 ""sul @ thk9cMWm9U"" (9.64)",2026-10-02T17:22:45.502Z,179096176550201
"-- starting hand #61 (id: do5ynwc8kjep)  No Limit Texas Hold'em (dealer: ""Heech @ wzsls5Sz57"") --",2026-10-02T17:22:45.502Z,179096176550200
"""Rayan @ nhXZL_Cydv"" shows a 8♣, 9♠.",2026-10-02T17:22:40.506Z,179096176050600
"""rowan @ GthBpPSqaK"" shows a 7♥.",2026-10-02T17:22:39.345Z,179096175934500
"""Jason @ XKcqCJfaWe"" shows a 8♠, 6♠.",2026-10-02T17:22:38.660Z,179096175866000
"-- ending hand #60 --",2026-10-02T17:22:37.459Z,179096175745902
"""Jason @ XKcqCJfaWe"" collected 9.20 from pot",2026-10-02T17:22:37.459Z,179096175745901
"Uncalled bet of 4.60 returned to ""Jason @ XKcqCJfaWe""",2026-10-02T17:22:37.459Z,179096175745900
"""Rayan @ nhXZL_Cydv"" folds",2026-10-02T17:22:36.636Z,179096175663600
"""Jason @ XKcqCJfaWe"" bets 4.60",2026-10-02T17:22:28.263Z,179096174826300
"""Rayan @ nhXZL_Cydv"" checks",2026-10-02T17:22:25.114Z,179096174511400
"Turn: 3♦, Q♠, 8♦ [7♦]",2026-10-02T17:22:22.483Z,179096174248300
"""rowan @ GthBpPSqaK"" folds",2026-10-02T17:22:21.677Z,179096174167700
"""Heech @ wzsls5Sz57"" folds",2026-10-02T17:22:20.738Z,179096174073800
"""sack @ boAReb7tW9"" folds",2026-10-02T17:22:19.760Z,179096173976000
"""Jason @ XKcqCJfaWe"" calls 2.10",2026-10-02T17:22:18.927Z,179096173892700
"""Rayan @ nhXZL_Cydv"" bets 2.10",2026-10-02T17:22:16.081Z,179096173608100
"""rowan @ GthBpPSqaK"" checks",2026-10-02T17:22:12.591Z,179096173259100
"""Heech @ wzsls5Sz57"" checks",2026-10-02T17:22:08.927Z,179096172892700
"Flop:  [3♦, Q♠, 8♦]",2026-10-02T17:22:04.640Z,179096172464000
"""Jason @ XKcqCJfaWe"" calls 1.00",2026-10-02T17:22:03.823Z,179096172382300
"""Rayan @ nhXZL_Cydv"" calls 1.00",2026-10-02T17:22:02.481Z,179096172248100
"""rowan @ GthBpPSqaK"" calls 1.00",2026-10-02T17:22:00.847Z,179096172084700
"""Heech @ wzsls5Sz57"" calls 1.00",2026-10-02T17:21:57.834Z,179096171783400
"""sul @ thk9cMWm9U"" folds",2026-10-02T17:21:56.050Z,179096171605000
"""sack @ boAReb7tW9"" raises to 1.00",2026-10-02T17:21:55.197Z,179096171519700
"""jaaaaaaan @ O6Q78KIRx-"" folds",2026-10-02T17:21:52.613Z,179096171261300
"""Jason @ XKcqCJfaWe"" calls 0.20",2026-10-02T17:21:51.732Z,179096171173200
"""Rayan @ nhXZL_Cydv"" calls 0.20",2026-10-02T17:21:50.642Z,179096171064200
"""rowan @ GthBpPSqaK"" posts a big blind of 0.20",2026-10-02T17:21:48.783Z,179096170878310
"""Heech @ wzsls5Sz57"" posts a small blind of 0.10",2026-10-02T17:21:48.783Z,179096170878309
"Player stacks: #1 ""Heech @ wzsls5Sz57"" (36.32) | #2 ""rowan @ GthBpPSqaK"" (23.81) | #3 ""Rayan @ nhXZL_Cydv"" (25.50) | #4 ""Jason @ XKcqCJfaWe"" (17.80) | #5 ""jaaaaaaan @ O6Q78KIRx-"" (23.00) | #8 ""sack @ boAReb7tW9"" (8.24) | #10 ""sul @ thk9cMWm9U"" (9.64)",2026-10-02T17:21:48.783Z,179096170878301
"-- starting hand #60 (id: ta4d4lg9o3wk)  No Limit Texas Hold'em (dealer: ""sul @ thk9cMWm9U"") --",2026-10-02T17:21:48.783Z,179096170878300
"""Heech @ wzsls5Sz57"" shows a 10♠.",2026-10-02T17:21:47.735Z,179096170773500
"""Heech @ wzsls5Sz57"" shows a 7♦.",2026-10-02T17:21:44.086Z,179096170408600
"""Jason @ XKcqCJfaWe"" shows a 8♠.",2026-10-02T17:21:43.896Z,179096170389600
"""jaaaaaaan @ O6Q78KIRx-"" shows a K♥, 5♠.",2026-10-02T17:21:41.496Z,179096170149600
"-- ending hand #59 --",2026-10-02T17:21:40.774Z,179096170077402
"""jaaaaaaan @ O6Q78KIRx-"" collected 2.70 from pot",2026-10-02T17:21:40.774Z,179096170077401
"Uncalled bet of 2.02 returned to ""jaaaaaaan @ O6Q78KIRx-""",2026-10-02T17:21:40.774Z,179096170077400
"""Jason @ XKcqCJfaWe"" folds",2026-10-02T17:21:39.885Z,179096169988500
"""jaaaaaaan @ O6Q78KIRx-"" bets 2.02",2026-10-02T17:21:36.004Z,179096169600400
"""Jason @ XKcqCJfaWe"" checks",2026-10-02T17:21:31.649Z,179096169164900
"Flop:  [7♠, 2♠, 3♣]",2026-10-02T17:21:30.232Z,179096169023200
"""Jason @ XKcqCJfaWe"" calls 1.10",2026-10-02T17:21:29.409Z,179096168940900
"""Rayan @ nhXZL_Cydv"" folds",2026-10-02T17:21:27.992Z,179096168799200
"""Heech @ wzsls5Sz57"" folds",2026-10-02T17:21:26.835Z,179096168683500
"""sul @ thk9cMWm9U"" folds",2026-10-02T17:21:24.078Z,179096168407800
"""sack @ boAReb7tW9"" folds",2026-10-02T17:21:23.237Z,179096168323700
"""jaaaaaaan @ O6Q78KIRx-"" raises to 1.10",2026-10-02T17:21:20.635Z,179096168063500
"""Jason @ XKcqCJfaWe"" calls 0.20",2026-10-02T17:21:18.286Z,179096167828600
"""Rayan @ nhXZL_Cydv"" calls 0.20",2026-10-02T17:21:17.090Z,179096167709000
"""rowan @ GthBpPSqaK"" folds",2026-10-02T17:21:15.729Z,179096167572900
"""Heech @ wzsls5Sz57"" posts a big blind of 0.20",2026-10-02T17:21:14.640Z,179096167464010
"""sul @ thk9cMWm9U"" posts a small blind of 0.10",2026-10-02T17:21:14.640Z,179096167464009
"Player stacks: #1 ""Heech @ wzsls5Sz57"" (36.52) | #2 ""rowan @ GthBpPSqaK"" (23.81) | #3 ""Rayan @ nhXZL_Cydv"" (25.70) | #4 ""Jason @ XKcqCJfaWe"" (18.90) | #5 ""jaaaaaaan @ O6Q78KIRx-"" (21.40) | #8 ""sack @ boAReb7tW9"" (8.24) | #10 ""sul @ thk9cMWm9U"" (9.74)",2026-10-02T17:21:14.640Z,179096167464001
"-- starting hand #59 (id: 4h7uoxxa3hcs)  No Limit Texas Hold'em (dealer: ""sack @ boAReb7tW9"") --",2026-10-02T17:21:14.640Z,179096167464000
"""jaaaaaaan @ O6Q78KIRx-"" shows a 7♥.",2026-10-02T17:21:11.885Z,179096167188500
"""Heech @ wzsls5Sz57"" shows a 3♥, A♦.",2026-10-02T17:21:11.868Z,179096167186800
"""Jason @ XKcqCJfaWe"" shows a 4♦, 4♥.",2026-10-02T17:21:07.163Z,179096166716300
"""Rayan @ nhXZL_Cydv"" shows a J♥, A♠.",2026-10-02T17:21:06.855Z,179096166685500
"""rowan @ GthBpPSqaK"" shows a 3♠, 3♦.",2026-10-02T17:21:05.393Z,179096166539300
"-- ending hand #58 --",2026-10-02T17:21:05.227Z,179096166522702
"""Rayan @ nhXZL_Cydv"" collected 5.10 from pot",2026-10-02T17:21:05.227Z,179096166522701
"Uncalled bet of 2.35 returned to ""Rayan @ nhXZL_Cydv""",2026-10-02T17:21:05.227Z,179096166522700
"""rowan @ GthBpPSqaK"" folds",2026-10-02T17:21:04.415Z,179096166441500
"""Rayan @ nhXZL_Cydv"" bets 2.35",2026-10-02T17:21:03.279Z,179096166327900
"""rowan @ GthBpPSqaK"" checks",2026-10-02T17:20:58.750Z,179096165875000
"Turn: 7♦, A♥, Q♥ [5♥]",2026-10-02T17:20:56.560Z,179096165656000
"""jaaaaaaan @ O6Q78KIRx-"" folds",2026-10-02T17:20:55.739Z,179096165573900
"""Jason @ XKcqCJfaWe"" folds",2026-10-02T17:20:46.137Z,179096164613700
"""Rayan @ nhXZL_Cydv"" calls 1.20",2026-10-02T17:20:45.239Z,179096164523900
"""rowan @ GthBpPSqaK"" bets 1.20",2026-10-02T17:20:39.800Z,179096163980000
"Flop:  [7♦, A♥, Q♥]",2026-10-02T17:20:35.855Z,179096163585500
"""sul @ thk9cMWm9U"" folds",2026-10-02T17:20:34.930Z,179096163493000
"""sack @ boAReb7tW9"" folds",2026-10-02T17:20:34.084Z,179096163408400
"""jaaaaaaan @ O6Q78KIRx-"" calls 0.60",2026-10-02T17:20:33.174Z,179096163317400
"""Jason @ XKcqCJfaWe"" calls 0.60",2026-10-02T17:20:31.491Z,179096163149100
"""Rayan @ nhXZL_Cydv"" calls 0.60",2026-10-02T17:20:30.386Z,179096163038600
"""rowan @ GthBpPSqaK"" raises to 0.60",2026-10-02T17:20:25.958Z,179096162595800
"""Heech @ wzsls5Sz57"" folds",2026-10-02T17:20:23.399Z,179096162339900
"""sul @ thk9cMWm9U"" posts a big blind of 0.20",2026-10-02T17:20:21.507Z,179096162150710
"""sack @ boAReb7tW9"" posts a small blind of 0.10",2026-10-02T17:20:21.507Z,179096162150709
"Player stacks: #1 ""Heech @ wzsls5Sz57"" (36.52) | #2 ""rowan @ GthBpPSqaK"" (25.61) | #3 ""Rayan @ nhXZL_Cydv"" (22.40) | #4 ""Jason @ XKcqCJfaWe"" (19.50) | #5 ""jaaaaaaan @ O6Q78KIRx-"" (22.00) | #8 ""sack @ boAReb7tW9"" (8.34) | #10 ""sul @ thk9cMWm9U"" (9.94)",2026-10-02T17:20:21.507Z,179096162150701
"-- starting hand #58 (id: oteqxsl6kkpd)  No Limit Texas Hold'em (dealer: ""jaaaaaaan @ O6Q78KIRx-"") --",2026-10-02T17:20:21.507Z,179096162150700
"-- ending hand #57 --",2026-10-02T17:20:15.496Z,179096161549604
"""Jason @ XKcqCJfaWe"" collected 3.60 from pot with Three of a Kind, A's (combination: 7♥, K♥, A♣, A♠, A♦)",2026-10-02T17:20:15.496Z,179096161549603
"""Jason @ XKcqCJfaWe"" shows a K♥, 7♥.",2026-10-02T17:20:15.496Z,179096161549602
"""sul @ thk9cMWm9U"" shows a 9♠, J♠.",2026-10-02T17:20:15.496Z,179096161549601
"""jaaaaaaan @ O6Q78KIRx-"" shows a 10♦, 9♦.",2026-10-02T17:20:15.496Z,179096161549600
"""Jason @ XKcqCJfaWe"" checks",2026-10-02T17:20:14.678Z,179096161467800
"""rowan @ GthBpPSqaK"" folds",2026-10-02T17:20:13.646Z,179096161364600
"""sul @ thk9cMWm9U"" checks",2026-10-02T17:20:11.078Z,179096161107800
"""sack @ boAReb7tW9"" folds",2026-10-02T17:20:10.223Z,179096161022300
"""jaaaaaaan @ O6Q78KIRx-"" checks",2026-10-02T17:20:09.350Z,179096160935000
"River: 5♣, 3♥, A♣, A♠ [A♦]",2026-10-02T17:20:02.017Z,179096160201700
"""Jason @ XKcqCJfaWe"" checks",2026-10-02T17:20:01.195Z,179096160119500
"""rowan @ GthBpPSqaK"" checks",2026-10-02T17:20:00.229Z,179096160022900
"""sul @ thk9cMWm9U"" checks",2026-10-02T17:19:59.113Z,179096159911300
"""sack @ boAReb7tW9"" checks",2026-10-02T17:19:58.180Z,179096159818000
"""jaaaaaaan @ O6Q78KIRx-"" checks",2026-10-02T17:19:56.519Z,179096159651900
"Turn: 5♣, 3♥, A♣ [A♠]",2026-10-02T17:19:52.371Z,179096159237100
"""Jason @ XKcqCJfaWe"" checks",2026-10-02T17:19:51.553Z,179096159155300
"""rowan @ GthBpPSqaK"" checks",2026-10-02T17:19:50.602Z,179096159060200
"""Heech @ wzsls5Sz57"" folds",2026-10-02T17:19:49.741Z,179096158974100
"""sul @ thk9cMWm9U"" checks",2026-10-02T17:19:43.718Z,179096158371800
"""sack @ boAReb7tW9"" checks",2026-10-02T17:19:42.857Z,179096158285700
"""jaaaaaaan @ O6Q78KIRx-"" checks",2026-10-02T17:19:41.267Z,179096158126700
"Flop:  [5♣, 3♥, A♣]",2026-10-02T17:19:39.245Z,179096157924500
"""sack @ boAReb7tW9"" calls 0.60",2026-10-02T17:19:38.431Z,179096157843100
"""jaaaaaaan @ O6Q78KIRx-"" calls 0.60",2026-10-02T17:19:36.809Z,179096157680900
"""Jason @ XKcqCJfaWe"" calls 0.60",2026-10-02T17:19:28.713Z,179096156871300
"""Rayan @ nhXZL_Cydv"" folds",2026-10-02T17:19:27.814Z,179096156781400
"""rowan @ GthBpPSqaK"" calls 0.60",2026-10-02T17:19:26.940Z,179096156694000
"""Heech @ wzsls5Sz57"" calls 0.60",2026-10-02T17:19:25.993Z,179096156599300
"""sul @ thk9cMWm9U"" raises to 0.60",2026-10-02T17:19:20.726Z,179096156072600
"""sack @ boAReb7tW9"" posts a big blind of 0.20",2026-10-02T17:19:09.914Z,179096154991410
"""jaaaaaaan @ O6Q78KIRx-"" posts a small blind of 0.10",2026-10-02T17:19:09.914Z,179096154991409
"Player stacks: #1 ""Heech @ wzsls5Sz57"" (37.12) | #2 ""rowan @ GthBpPSqaK"" (26.21) | #3 ""Rayan @ nhXZL_Cydv"" (22.40) | #4 ""Jason @ XKcqCJfaWe"" (16.50) | #5 ""jaaaaaaan @ O6Q78KIRx-"" (22.60) | #8 ""sack @ boAReb7tW9"" (8.94) | #10 ""sul @ thk9cMWm9U"" (10.54)",2026-10-02T17:19:09.914Z,179096154991401
"-- starting hand #57 (id: pl11qozvc5pj)  No Limit Texas Hold'em (dealer: ""Jason @ XKcqCJfaWe"") --",2026-10-02T17:19:09.914Z,179096154991400
"""Heech @ wzsls5Sz57"" shows a J♥, 9♦.",2026-10-02T17:19:05.723Z,179096154572300
"-- ending hand #56 --",2026-10-02T17:19:03.397Z,179096154339701
"""Rayan @ nhXZL_Cydv"" collected 22.40 from pot with Full House, A's over 10's (combination: 10♦, 10♣, A♦, A♣, A♥)",2026-10-02T17:19:03.397Z,179096154339700
"River: Q♥, 10♦, 10♣, 5♠ [A♥]",2026-10-02T17:18:59.382Z,179096153938200
"Turn: Q♥, 10♦, 10♣ [5♠]",2026-10-02T17:18:55.299Z,179096153529900
"Flop:  [Q♥, 10♦, 10♣]",2026-10-02T17:18:51.285Z,179096153128500
"""sul @ thk9cMWm9U"" shows a K♥, K♦.",2026-10-02T17:18:47.280Z,179096152728002
"""Rayan @ nhXZL_Cydv"" shows a A♦, A♣.",2026-10-02T17:18:47.280Z,179096152728001
"Uncalled bet of 10.54 returned to ""sul @ thk9cMWm9U""",2026-10-02T17:18:47.280Z,179096152728000
"Some players choose to not run it twice.",2026-10-02T17:18:46.452Z,179096152645201
"""Rayan @ nhXZL_Cydv"" chooses to not run it twice.",2026-10-02T17:18:46.452Z,179096152645200
"Remaining players decide whether to run it twice.",2026-10-02T17:18:45.784Z,179096152578401
"""jaaaaaaan @ O6Q78KIRx-"" folds",2026-10-02T17:18:45.784Z,179096152578400
"""Rayan @ nhXZL_Cydv"" calls 9.65 and go all in",2026-10-02T17:18:43.282Z,179096152328200
"""rowan @ GthBpPSqaK"" folds",2026-10-02T17:18:42.289Z,179096152228900
"""Heech @ wzsls5Sz57"" folds",2026-10-02T17:18:39.119Z,179096151911900
"""sul @ thk9cMWm9U"" raises to 20.19 and go all in",2026-10-02T17:18:37.286Z,179096151728600
"""jaaaaaaan @ O6Q78KIRx-"" calls 1.40",2026-10-02T17:18:19.137Z,179096149913700
"""Jason @ XKcqCJfaWe"" folds",2026-10-02T17:18:09.390Z,179096148939000
"""Rayan @ nhXZL_Cydv"" raises to 1.40",2026-10-02T17:18:08.478Z,179096148847800
"""rowan @ GthBpPSqaK"" calls 0.80",2026-10-02T17:18:03.556Z,179096148355600
"""Heech @ wzsls5Sz57"" calls 0.80",2026-10-02T17:18:01.367Z,179096148136700
"""sul @ thk9cMWm9U"" raises to 0.80",2026-10-02T17:17:57.676Z,179096147767600
"""sack @ boAReb7tW9"" folds",2026-10-02T17:17:52.131Z,179096147213100
"""jaaaaaaan @ O6Q78KIRx-"" posts a big blind of 0.20",2026-10-02T17:17:50.507Z,179096147050710
"""Jason @ XKcqCJfaWe"" posts a small blind of 0.10",2026-10-02T17:17:50.507Z,179096147050709
"Player stacks: #1 ""Heech @ wzsls5Sz57"" (37.92) | #2 ""rowan @ GthBpPSqaK"" (27.01) | #3 ""Rayan @ nhXZL_Cydv"" (9.65) | #4 ""Jason @ XKcqCJfaWe"" (16.60) | #5 ""jaaaaaaan @ O6Q78KIRx-"" (24.00) | #8 ""sack @ boAReb7tW9"" (8.94) | #10 ""sul @ thk9cMWm9U"" (20.19)",2026-10-02T17:17:50.507Z,179096147050701
"-- starting hand #56 (id: inl7afyq772i)  No Limit Texas Hold'em (dealer: ""Rayan @ nhXZL_Cydv"") --",2026-10-02T17:17:50.507Z,179096147050700
"""rowan @ GthBpPSqaK"" shows a Q♦, J♦.",2026-10-02T17:17:47.339Z,179096146733900
"""Jason @ XKcqCJfaWe"" shows a 8♣.",2026-10-02T17:17:47.134Z,179096146713400
"-- ending hand #55 --",2026-10-02T17:17:46.199Z,179096146619901
"""Heech @ wzsls5Sz57"" collected 10.50 from pot",2026-10-02T17:17:46.199Z,179096146619900
"""Rayan @ nhXZL_Cydv"" folds",2026-10-02T17:17:45.333Z,179096146533300
"River: 7♠, 8♠, 4♦, 8♥ [K♠]",2026-10-02T17:17:43.443Z,179096146344300
"""sack @ boAReb7tW9"" folds",2026-10-02T17:17:42.623Z,179096146262300
"""Rayan @ nhXZL_Cydv"" calls 3.15",2026-10-02T17:17:41.482Z,179096146148200
"""rowan @ GthBpPSqaK"" folds",2026-10-02T17:17:36.541Z,179096145654100
"""Heech @ wzsls5Sz57"" bets 3.15",2026-10-02T17:17:33.893Z,179096145389300
"""sack @ boAReb7tW9"" checks",2026-10-02T17:17:31.517Z,179096145151700
"""Rayan @ nhXZL_Cydv"" checks",2026-10-02T17:17:30.560Z,179096145056000
"Turn: 7♠, 8♠, 4♦ [8♥]",2026-10-02T17:17:25.788Z,179096144578800
"""rowan @ GthBpPSqaK"" checks",2026-10-02T17:17:24.941Z,179096144494100
"""Heech @ wzsls5Sz57"" checks",2026-10-02T17:17:23.798Z,179096144379800
"""sack @ boAReb7tW9"" checks",2026-10-02T17:17:21.765Z,179096144176500
"""Rayan @ nhXZL_Cydv"" checks",2026-10-02T17:17:19.162Z,179096143916200
"Flop:  [7♠, 8♠, 4♦]",2026-10-02T17:17:17.786Z,179096143778600
"""Heech @ wzsls5Sz57"" calls 1.00",2026-10-02T17:17:16.944Z,179096143694400
"""sack @ boAReb7tW9"" calls 1.00",2026-10-02T17:17:15.481Z,179096143548100
"""Jason @ XKcqCJfaWe"" folds",2026-10-02T17:17:14.629Z,179096143462900
"""Rayan @ nhXZL_Cydv"" calls 1.00",2026-10-02T17:17:13.769Z,179096143376900
"""rowan @ GthBpPSqaK"" raises to 1.00",2026-10-02T17:17:02.709Z,179096142270900
"""Heech @ wzsls5Sz57"" calls 0.20",2026-10-02T17:17:00.298Z,179096142029800
"""sul @ thk9cMWm9U"" folds",2026-10-02T17:16:55.361Z,179096141536100
"""sack @ boAReb7tW9"" calls 0.20",2026-10-02T17:16:54.500Z,179096141450000
"""jaaaaaaan @ O6Q78KIRx-"" folds",2026-10-02T17:16:53.556Z,179096141355600
"""Jason @ XKcqCJfaWe"" posts a big blind of 0.20",2026-10-02T17:16:49.515Z,179096140951511
"""Rayan @ nhXZL_Cydv"" posts a small blind of 0.10",2026-10-02T17:16:49.515Z,179096140951510
"Player stacks: #1 ""Heech @ wzsls5Sz57"" (31.57) | #2 ""rowan @ GthBpPSqaK"" (28.01) | #3 ""Rayan @ nhXZL_Cydv"" (13.80) | #4 ""Jason @ XKcqCJfaWe"" (16.80) | #5 ""jaaaaaaan @ O6Q78KIRx-"" (24.00) | #8 ""sack @ boAReb7tW9"" (9.94) | #10 ""sul @ thk9cMWm9U"" (20.19)",2026-10-02T17:16:49.515Z,179096140951502
"-- starting hand #55 (id: r67icuba0gbw)  No Limit Texas Hold'em (dealer: ""rowan @ GthBpPSqaK"") --",2026-10-02T17:16:49.515Z,179096140951501
"The player ""jaaaaaaan @ O6Q78KIRx-"" joined the game with a stack of 24.00.",2026-10-02T17:16:49.515Z,179096140951500
"-- ending hand #54 --",2026-10-02T17:16:43.577Z,179096140357702
"""rowan @ GthBpPSqaK"" collected 2.00 from pot",2026-10-02T17:16:43.577Z,179096140357701
"Uncalled bet of 1.80 returned to ""rowan @ GthBpPSqaK""",2026-10-02T17:16:43.577Z,179096140357700
"""Heech @ wzsls5Sz57"" folds",2026-10-02T17:16:42.750Z,179096140275000
"""sul @ thk9cMWm9U"" folds",2026-10-02T17:16:38.983Z,179096139898300
"""Rayan @ nhXZL_Cydv"" folds",2026-10-02T17:16:38.129Z,179096139812900
"The admin approved the player ""jaaaaaaan @ O6Q78KIRx-"" participation with a stack of 24.00.",2026-10-02T17:16:37.929Z,179096139792900
"The player ""jaaaaaaan @ O6Q78KIRx-"" requested a seat.",2026-10-02T17:16:36.411Z,179096139641100
"""rowan @ GthBpPSqaK"" raises to 2.40",2026-10-02T17:16:30.607Z,179096139060700
"""Heech @ wzsls5Sz57"" calls 0.60",2026-10-02T17:16:26.743Z,179096138674300
"""sul @ thk9cMWm9U"" raises to 0.60",2026-10-02T17:16:24.558Z,179096138455800
"""sack @ boAReb7tW9"" folds",2026-10-02T17:16:19.851Z,179096137985100
"""Jason @ XKcqCJfaWe"" folds",2026-10-02T17:16:16.526Z,179096137652600
"""Rayan @ nhXZL_Cydv"" posts a big blind of 0.20",2026-10-02T17:16:14.944Z,179096137494409
"""rowan @ GthBpPSqaK"" posts a small blind of 0.10",2026-10-02T17:16:14.944Z,179096137494408
"Player stacks: #1 ""Heech @ wzsls5Sz57"" (32.17) | #2 ""rowan @ GthBpPSqaK"" (26.61) | #3 ""Rayan @ nhXZL_Cydv"" (14.00) | #4 ""Jason @ XKcqCJfaWe"" (16.80) | #8 ""sack @ boAReb7tW9"" (9.94) | #10 ""sul @ thk9cMWm9U"" (20.79)",2026-10-02T17:16:14.944Z,179096137494401
"-- starting hand #54 (id: aodeqhsja14c)  No Limit Texas Hold'em (dealer: ""Heech @ wzsls5Sz57"") --",2026-10-02T17:16:14.944Z,179096137494400
"""Heech @ wzsls5Sz57"" shows a 2♥.",2026-10-02T17:16:10.728Z,179096137072800
"""sul @ thk9cMWm9U"" shows a K♦.",2026-10-02T17:16:10.265Z,179096137026500
"""rowan @ GthBpPSqaK"" shows a 8♥.",2026-10-02T17:16:08.662Z,179096136866200
"-- ending hand #53 --",2026-10-02T17:16:06.936Z,179096136693602
"""rowan @ GthBpPSqaK"" collected 4.80 from pot",2026-10-02T17:16:06.936Z,179096136693601
"Uncalled bet of 2.40 returned to ""rowan @ GthBpPSqaK""",2026-10-02T17:16:06.936Z,179096136693600
"""Heech @ wzsls5Sz57"" folds",2026-10-02T17:16:06.104Z,179096136610400
"""rowan @ GthBpPSqaK"" bets 2.40",2026-10-02T17:16:03.371Z,179096136337100
"""Heech @ wzsls5Sz57"" checks",2026-10-02T17:15:58.894Z,179096135889400
"Turn: 6♦, 8♣, 2♦ [K♠]",2026-10-02T17:15:57.442Z,179096135744200
"""Heech @ wzsls5Sz57"" calls 1.20",2026-10-02T17:15:56.614Z,179096135661400
"""sul @ thk9cMWm9U"" folds",2026-10-02T17:15:52.383Z,179096135238300
"""Rayan @ nhXZL_Cydv"" folds",2026-10-02T17:15:51.530Z,179096135153000
"""rowan @ GthBpPSqaK"" bets 1.20",2026-10-02T17:15:46.939Z,179096134693900
"""Heech @ wzsls5Sz57"" checks",2026-10-02T17:15:44.525Z,179096134452500
"Flop:  [6♦, 8♣, 2♦]",2026-10-02T17:15:41.069Z,179096134106900
"""rowan @ GthBpPSqaK"" calls 0.60",2026-10-02T17:15:40.237Z,179096134023700
"""Heech @ wzsls5Sz57"" calls 0.60",2026-10-02T17:15:38.054Z,179096133805400
"""sul @ thk9cMWm9U"" calls 0.60",2026-10-02T17:15:32.306Z,179096133230600
"""sack @ boAReb7tW9"" folds",2026-10-02T17:15:11.082Z,179096131108200
"""Jason @ XKcqCJfaWe"" folds",2026-10-02T17:15:09.932Z,179096130993200
"""Rayan @ nhXZL_Cydv"" raises to 0.60",2026-10-02T17:15:09.088Z,179096130908800
"""rowan @ GthBpPSqaK"" posts a big blind of 0.20",2026-10-02T17:15:06.880Z,179096130688009
"""Heech @ wzsls5Sz57"" posts a small blind of 0.10",2026-10-02T17:15:06.880Z,179096130688008
"Player stacks: #1 ""Heech @ wzsls5Sz57"" (33.97) | #2 ""rowan @ GthBpPSqaK"" (23.61) | #3 ""Rayan @ nhXZL_Cydv"" (14.60) | #4 ""Jason @ XKcqCJfaWe"" (16.80) | #8 ""sack @ boAReb7tW9"" (9.94) | #10 ""sul @ thk9cMWm9U"" (21.39)",2026-10-02T17:15:06.880Z,179096130688001
"-- starting hand #53 (id: wqdg8y7beldj)  No Limit Texas Hold'em (dealer: ""sul @ thk9cMWm9U"") --",2026-10-02T17:15:06.880Z,179096130688000
"""Heech @ wzsls5Sz57"" shows a 7♣, 2♥.",2026-10-02T17:15:03.491Z,179096130349100
"""Rayan @ nhXZL_Cydv"" shows a Q♦, 8♠.",2026-10-02T17:15:03.398Z,179096130339800
"""Jason @ XKcqCJfaWe"" shows a J♦.",2026-10-02T17:15:02.607Z,179096130260700
"""sack @ boAReb7tW9"" shows a 9♠.",2026-10-02T17:15:01.027Z,179096130102700
"-- ending hand #52 --",2026-10-02T17:14:58.165Z,179096129816502
"""sack @ boAReb7tW9"" collected 0.70 from pot",2026-10-02T17:14:58.165Z,179096129816501
"Uncalled bet of 0.20 returned to ""sack @ boAReb7tW9""",2026-10-02T17:14:58.165Z,179096129816500
"""Jason @ XKcqCJfaWe"" folds",2026-10-02T17:14:57.341Z,179096129734100
"""Heech @ wzsls5Sz57"" folds",2026-10-02T17:14:56.411Z,179096129641100
"""sack @ boAReb7tW9"" bets 0.20",2026-10-02T17:14:55.416Z,179096129541600
"""Jason @ XKcqCJfaWe"" checks",2026-10-02T17:14:54.385Z,179096129438500
"""Heech @ wzsls5Sz57"" checks",2026-10-02T17:14:53.400Z,179096129340000
"Turn: 8♦, Q♣, 5♣ [10♠]",2026-10-02T17:14:51.687Z,179096129168700
"""sack @ boAReb7tW9"" checks",2026-10-02T17:14:50.866Z,179096129086600
"""Jason @ XKcqCJfaWe"" checks",2026-10-02T17:14:49.357Z,179096128935700
"""Heech @ wzsls5Sz57"" checks",2026-10-02T17:14:48.423Z,179096128842300
"Flop:  [8♦, Q♣, 5♣]",2026-10-02T17:14:46.869Z,179096128686900
"""Heech @ wzsls5Sz57"" checks",2026-10-02T17:14:46.034Z,179096128603400
"""sul @ thk9cMWm9U"" folds",2026-10-02T17:14:44.116Z,179096128411600
"""sack @ boAReb7tW9"" calls 0.20",2026-10-02T17:14:43.274Z,179096128327400
"""Jason @ XKcqCJfaWe"" calls 0.20",2026-10-02T17:14:40.604Z,179096128060400
"""Rayan @ nhXZL_Cydv"" folds",2026-10-02T17:14:39.634Z,179096127963400
"""rowan @ GthBpPSqaK"" folds",2026-10-02T17:14:38.728Z,179096127872800
"""Heech @ wzsls5Sz57"" posts a big blind of 0.20",2026-10-02T17:14:37.472Z,179096127747209
"""sul @ thk9cMWm9U"" posts a small blind of 0.10",2026-10-02T17:14:37.472Z,179096127747208
"Player stacks: #1 ""Heech @ wzsls5Sz57"" (34.17) | #2 ""rowan @ GthBpPSqaK"" (23.61) | #3 ""Rayan @ nhXZL_Cydv"" (14.60) | #4 ""Jason @ XKcqCJfaWe"" (17.00) | #8 ""sack @ boAReb7tW9"" (9.44) | #10 ""sul @ thk9cMWm9U"" (21.49)",2026-10-02T17:14:37.472Z,179096127747201
"-- starting hand #52 (id: uhio57wkypc6)  No Limit Texas Hold'em (dealer: ""sack @ boAReb7tW9"") --",2026-10-02T17:14:37.472Z,179096127747200
"""rowan @ GthBpPSqaK"" shows a 3♣.",2026-10-02T17:14:33.103Z,179096127310300
"-- ending hand #51 --",2026-10-02T17:14:30.869Z,179096127086902
"""sul @ thk9cMWm9U"" collected 2.50 from pot",2026-10-02T17:14:30.869Z,179096127086901
"Uncalled bet of 3.00 returned to ""sul @ thk9cMWm9U""",2026-10-02T17:14:30.869Z,179096127086900
"""Jason @ XKcqCJfaWe"" folds",2026-10-02T17:14:30.048Z,179096127004800
"""Rayan @ nhXZL_Cydv"" folds",2026-10-02T17:14:29.104Z,179096126910400
"""rowan @ GthBpPSqaK"" folds",2026-10-02T17:14:19.490Z,179096125949000
"""sul @ thk9cMWm9U"" raises to 4.00",2026-10-02T17:14:15.568Z,179096125556800
"""sack @ boAReb7tW9"" folds",2026-10-02T17:14:06.933Z,179096124693300
"""Jason @ XKcqCJfaWe"" raises to 1.00",2026-10-02T17:14:05.177Z,179096124517700
"""Rayan @ nhXZL_Cydv"" calls 0.20",2026-10-02T17:14:00.393Z,179096124039300
"""rowan @ GthBpPSqaK"" calls 0.20",2026-10-02T17:13:59.533Z,179096123953300
"""Heech @ wzsls5Sz57"" folds",2026-10-02T17:13:58.619Z,179096123861900
"""sul @ thk9cMWm9U"" posts a big blind of 0.20",2026-10-02T17:13:56.597Z,179096123659709
"""sack @ boAReb7tW9"" posts a small blind of 0.10",2026-10-02T17:13:56.597Z,179096123659708
"Player stacks: #1 ""Heech @ wzsls5Sz57"" (34.17) | #2 ""rowan @ GthBpPSqaK"" (23.81) | #3 ""Rayan @ nhXZL_Cydv"" (14.80) | #4 ""Jason @ XKcqCJfaWe"" (18.00) | #8 ""sack @ boAReb7tW9"" (9.54) | #10 ""sul @ thk9cMWm9U"" (19.99)",2026-10-02T17:13:56.597Z,179096123659701
"-- starting hand #51 (id: imgs9ij9uykc)  No Limit Texas Hold'em (dealer: ""Jason @ XKcqCJfaWe"") --",2026-10-02T17:13:56.597Z,179096123659700
"""Heech @ wzsls5Sz57"" shows a 8♥.",2026-10-02T17:13:54.521Z,179096123452100
"""rowan @ GthBpPSqaK"" shows a K♣.",2026-10-02T17:13:53.999Z,179096123399900
"""Rayan @ nhXZL_Cydv"" shows a 8♣.",2026-10-02T17:13:52.439Z,179096123243900
"-- ending hand #50 --",2026-10-02T17:13:51.564Z,179096123156402
"""Heech @ wzsls5Sz57"" collected 8.00 from pot",2026-10-02T17:13:51.564Z,179096123156401
"Uncalled bet of 4.00 returned to ""Heech @ wzsls5Sz57""",2026-10-02T17:13:51.564Z,179096123156400
"""Rayan @ nhXZL_Cydv"" folds",2026-10-02T17:13:50.760Z,179096123076000
"""Heech @ wzsls5Sz57"" bets 4.00",2026-10-02T17:13:49.055Z,179096122905500
"River: 7♥, K♠, 8♦, 2♥ [A♣]",2026-10-02T17:13:44.560Z,179096122456000
"""Jason @ XKcqCJfaWe"" folds",2026-10-02T17:13:43.699Z,179096122369900
"""Rayan @ nhXZL_Cydv"" calls 2.40",2026-10-02T17:13:42.352Z,179096122235200
"""Heech @ wzsls5Sz57"" bets 2.40",2026-10-02T17:13:38.332Z,179096121833200
"""Jason @ XKcqCJfaWe"" checks",2026-10-02T17:13:34.219Z,179096121421900
"Turn: 7♥, K♠, 8♦ [2♥]",2026-10-02T17:13:32.149Z,179096121214900
"""Rayan @ nhXZL_Cydv"" checks",2026-10-02T17:13:31.320Z,179096121132000
"""Heech @ wzsls5Sz57"" checks",2026-10-02T17:13:28.708Z,179096120870800
"""Jason @ XKcqCJfaWe"" checks",2026-10-02T17:13:23.287Z,179096120328700
"Flop:  [7♥, K♠, 8♦]",2026-10-02T17:13:20.541Z,179096120054100
"""Rayan @ nhXZL_Cydv"" calls 1.00",2026-10-02T17:13:19.693Z,179096119969300
"""Heech @ wzsls5Sz57"" calls 1.00",2026-10-02T17:13:04.608Z,179096118460800
"""sack @ boAReb7tW9"" folds",2026-10-02T17:13:01.841Z,179096118184100
"""Jason @ XKcqCJfaWe"" raises to 1.00",2026-10-02T17:13:00.139Z,179096118013900
"""Rayan @ nhXZL_Cydv"" calls 0.20",2026-10-02T17:12:57.964Z,179096117796400
"""rowan @ GthBpPSqaK"" folds",2026-10-02T17:12:54.556Z,179096117455600
"""Heech @ wzsls5Sz57"" calls 0.20",2026-10-02T17:12:53.717Z,179096117371700
"""sul @ thk9cMWm9U"" folds",2026-10-02T17:12:51.020Z,179096117102000
"""sack @ boAReb7tW9"" posts a big blind of 0.20",2026-10-02T17:12:48.879Z,179096116887909
"""Jason @ XKcqCJfaWe"" posts a small blind of 0.10",2026-10-02T17:12:48.879Z,179096116887908
"Player stacks: #1 ""Heech @ wzsls5Sz57"" (29.57) | #2 ""rowan @ GthBpPSqaK"" (23.81) | #3 ""Rayan @ nhXZL_Cydv"" (18.20) | #4 ""Jason @ XKcqCJfaWe"" (19.00) | #8 ""sack @ boAReb7tW9"" (9.74) | #10 ""sul @ thk9cMWm9U"" (19.99)",2026-10-02T17:12:48.879Z,179096116887901
"-- starting hand #50 (id: ef9iemjeon1t)  No Limit Texas Hold'em (dealer: ""Rayan @ nhXZL_Cydv"") --",2026-10-02T17:12:48.879Z,179096116887900
"-- ending hand #49 --",2026-10-02T17:12:40.876Z,179096116087602
"""sack @ boAReb7tW9"" collected 9.74 from pot with Straight, K High on the second run  (combination: 9♥, 10♣, J♦, Q♣, K♠)",2026-10-02T17:12:40.876Z,179096116087601
"""Heech @ wzsls5Sz57"" collected 9.74 from pot with Two Pair, Q's & J's (combination: A♥, J♥, J♦, Q♣, Q♦)",2026-10-02T17:12:40.876Z,179096116087600
"River (second run): 6♥, Q♣, J♦, K♠ [9♥]",2026-10-02T17:12:36.868Z,179096115686800
"Turn (second run): 6♥, Q♣, J♦ [K♠]",2026-10-02T17:12:32.857Z,179096115285700
"River: 6♥, Q♣, J♦, 7♥ [Q♦]",2026-10-02T17:12:28.852Z,179096114885200
"Turn: 6♥, Q♣, J♦ [7♥]",2026-10-02T17:12:24.848Z,179096114484800
"""sack @ boAReb7tW9"" shows a 9♣, 10♣.",2026-10-02T17:12:20.839Z,179096114083901
"""Heech @ wzsls5Sz57"" shows a J♥, A♥.",2026-10-02T17:12:20.839Z,179096114083900
"All players in hand choose to run it twice.",2026-10-02T17:12:19.943Z,179096113994301
"""sack @ boAReb7tW9"" chooses to  run it twice.",2026-10-02T17:12:19.943Z,179096113994300
"""Heech @ wzsls5Sz57"" chooses to  run it twice.",2026-10-02T17:12:17.114Z,179096113711400
"Remaining players decide whether to run it twice.",2026-10-02T17:12:16.066Z,179096113606601
"""Rayan @ nhXZL_Cydv"" folds",2026-10-02T17:12:16.066Z,179096113606600
"""Heech @ wzsls5Sz57"" calls 6.94",2026-10-02T17:12:15.228Z,179096113522800
"""sack @ boAReb7tW9"" bets 6.94 and go all in",2026-10-02T17:12:04.701Z,179096112470100
"""Rayan @ nhXZL_Cydv"" checks",2026-10-02T17:12:01.485Z,179096112148500
"Flop:  [6♥, Q♣, J♦]",2026-10-02T17:11:59.985Z,179096111998500
"""sack @ boAReb7tW9"" calls 1.80",2026-10-02T17:11:59.176Z,179096111917600
"""Jason @ XKcqCJfaWe"" folds",2026-10-02T17:11:56.594Z,179096111659400
"""Rayan @ nhXZL_Cydv"" calls 1.80",2026-10-02T17:11:51.759Z,179096111175900
"""rowan @ GthBpPSqaK"" folds",2026-10-02T17:11:49.173Z,179096110917300
"""Heech @ wzsls5Sz57"" raises to 1.80",2026-10-02T17:11:48.326Z,179096110832600
"""sul @ thk9cMWm9U"" folds",2026-10-02T17:11:40.176Z,179096110017600
"""sack @ boAReb7tW9"" raises to 0.80",2026-10-02T17:11:39.323Z,179096109932300
"""Jason @ XKcqCJfaWe"" posts a big blind of 0.20",2026-10-02T17:11:35.232Z,179096109523210
"""Rayan @ nhXZL_Cydv"" posts a small blind of 0.10",2026-10-02T17:11:35.232Z,179096109523209
"Player stacks: #1 ""Heech @ wzsls5Sz57"" (28.57) | #2 ""rowan @ GthBpPSqaK"" (23.81) | #3 ""Rayan @ nhXZL_Cydv"" (20.00) | #4 ""Jason @ XKcqCJfaWe"" (19.20) | #8 ""sack @ boAReb7tW9"" (8.74) | #10 ""sul @ thk9cMWm9U"" (19.99)",2026-10-02T17:11:35.232Z,179096109523202
"-- starting hand #49 (id: nokiidtpbcto)  No Limit Texas Hold'em (dealer: ""rowan @ GthBpPSqaK"") --",2026-10-02T17:11:35.232Z,179096109523201
"The player ""Rayan @ nhXZL_Cydv"" rebought. New stack 20.00.",2026-10-02T17:11:35.232Z,179096109523200
"Waiting for the game owner to approve or reject pending rebuy requests.",2026-10-02T17:11:28.867Z,179096108886701
"The player ""Rayan @ nhXZL_Cydv"" requested a rebuy of 20.00.",2026-10-02T17:11:28.867Z,179096108886700
"""Jason @ XKcqCJfaWe"" shows a K♣.",2026-10-02T17:11:28.153Z,179096108815300
"Asking to busted players the rebuy decision.",2026-10-02T17:11:26.579Z,179096108657900
"-- ending hand #48 --",2026-10-02T17:11:20.566Z,179096108056601
"""sul @ thk9cMWm9U"" collected 12.66 from pot with Pair, Q's (combination: 9♠, 10♦, K♦, Q♥, Q♦)",2026-10-02T17:11:20.566Z,179096108056600
"River: 6♠, 10♦, K♦, 9♠ [3♠]",2026-10-02T17:11:16.553Z,179096107655300
"Turn: 6♠, 10♦, K♦ [9♠]",2026-10-02T17:11:12.535Z,179096107253500
"Flop:  [6♠, 10♦, K♦]",2026-10-02T17:11:08.514Z,179096106851400
"""sul @ thk9cMWm9U"" shows a Q♥, Q♦.",2026-10-02T17:11:04.501Z,179096106450102
"""Rayan @ nhXZL_Cydv"" shows a 2♥, A♥.",2026-10-02T17:11:04.501Z,179096106450101
"Uncalled bet of 7.33 returned to ""sul @ thk9cMWm9U""",2026-10-02T17:11:04.501Z,179096106450100
"Some players choose to not run it twice.",2026-10-02T17:11:03.643Z,179096106364301
"""Rayan @ nhXZL_Cydv"" chooses to not run it twice.",2026-10-02T17:11:03.643Z,179096106364300
"""sul @ thk9cMWm9U"" chooses to  run it twice.",2026-10-02T17:11:03.605Z,179096106360500
"Remaining players decide whether to run it twice.",2026-10-02T17:11:01.951Z,179096106195101
"""rowan @ GthBpPSqaK"" folds",2026-10-02T17:11:01.951Z,179096106195100
"""Heech @ wzsls5Sz57"" folds",2026-10-02T17:11:01.021Z,179096106102100
"""sul @ thk9cMWm9U"" raises to 12.86 and go all in",2026-10-02T17:10:55.436Z,179096105543600
"""Rayan @ nhXZL_Cydv"" raises to 5.53 and go all in",2026-10-02T17:10:52.023Z,179096105202300
"""rowan @ GthBpPSqaK"" calls 0.80",2026-10-02T17:10:49.891Z,179096104989100
"""Heech @ wzsls5Sz57"" calls 0.80",2026-10-02T17:10:48.981Z,179096104898100
"""sul @ thk9cMWm9U"" raises to 0.80",2026-10-02T17:10:44.485Z,179096104448500
"""sack @ boAReb7tW9"" folds",2026-10-02T17:10:36.687Z,179096103668700
"""Jason @ XKcqCJfaWe"" folds",2026-10-02T17:10:35.747Z,179096103574700
"""Rayan @ nhXZL_Cydv"" posts a big blind of 0.20",2026-10-02T17:10:34.844Z,179096103484409
"""rowan @ GthBpPSqaK"" posts a small blind of 0.10",2026-10-02T17:10:34.844Z,179096103484408
"Player stacks: #1 ""Heech @ wzsls5Sz57"" (29.37) | #2 ""rowan @ GthBpPSqaK"" (24.61) | #3 ""Rayan @ nhXZL_Cydv"" (5.53) | #4 ""Jason @ XKcqCJfaWe"" (19.20) | #8 ""sack @ boAReb7tW9"" (8.74) | #10 ""sul @ thk9cMWm9U"" (12.86)",2026-10-02T17:10:34.844Z,179096103484401
"-- starting hand #48 (id: 0ivjkktkit6h)  No Limit Texas Hold'em (dealer: ""Heech @ wzsls5Sz57"") --",2026-10-02T17:10:34.844Z,179096103484400
"""sack @ boAReb7tW9"" shows a A♥.",2026-10-02T17:10:31.474Z,179096103147400
"""sack @ boAReb7tW9"" shows a 7♥.",2026-10-02T17:10:30.634Z,179096103063400
"-- ending hand #47 --",2026-10-02T17:10:28.279Z,179096102827902
"""Heech @ wzsls5Sz57"" collected 5.20 from pot with Three of a Kind, 5's (combination: 10♠, J♠, 5♠, 5♣, 5♦)",2026-10-02T17:10:28.279Z,179096102827901
"""Heech @ wzsls5Sz57"" shows a J♠, 5♠.",2026-10-02T17:10:28.279Z,179096102827900
"""sack @ boAReb7tW9"" calls 1.30",2026-10-02T17:10:27.470Z,179096102747000
"""Jason @ XKcqCJfaWe"" folds",2026-10-02T17:10:26.495Z,179096102649500
"""Heech @ wzsls5Sz57"" bets 1.30",2026-10-02T17:10:23.171Z,179096102317100
"River: 7♦, 10♠, 5♣, 6♦ [5♦]",2026-10-02T17:10:20.647Z,179096102064700
"""sack @ boAReb7tW9"" checks",2026-10-02T17:10:19.840Z,179096101984000
"""Jason @ XKcqCJfaWe"" checks",2026-10-02T17:10:16.374Z,179096101637400
"""Heech @ wzsls5Sz57"" checks",2026-10-02T17:10:15.503Z,179096101550300
"Turn: 7♦, 10♠, 5♣ [6♦]",2026-10-02T17:10:13.201Z,179096101320100
"""Jason @ XKcqCJfaWe"" calls 0.60",2026-10-02T17:10:12.391Z,179096101239100
"""rowan @ GthBpPSqaK"" folds",2026-10-02T17:10:11.074Z,179096101107400
"""Heech @ wzsls5Sz57"" calls 0.60",2026-10-02T17:10:10.206Z,179096101020600
"""sack @ boAReb7tW9"" bets 0.60",2026-10-02T17:10:08.266Z,179096100826600
"""Jason @ XKcqCJfaWe"" checks",2026-10-02T17:10:04.994Z,179096100499400
"""rowan @ GthBpPSqaK"" checks",2026-10-02T17:10:03.451Z,179096100345100
"""Heech @ wzsls5Sz57"" checks",2026-10-02T17:10:02.536Z,179096100253600
"Flop:  [7♦, 10♠, 5♣]",2026-10-02T17:09:58.236Z,179096099823600
"""rowan @ GthBpPSqaK"" checks",2026-10-02T17:09:57.425Z,179096099742500
"""Heech @ wzsls5Sz57"" calls 0.20",2026-10-02T17:09:56.272Z,179096099627200
"""sul @ thk9cMWm9U"" folds",2026-10-02T17:09:54.741Z,179096099474100
"""sack @ boAReb7tW9"" calls 0.20",2026-10-02T17:09:51.661Z,179096099166100
"""Jason @ XKcqCJfaWe"" calls 0.20",2026-10-02T17:09:49.530Z,179096098953000
"""Rayan @ nhXZL_Cydv"" folds",2026-10-02T17:09:48.022Z,179096098802200
"""rowan @ GthBpPSqaK"" posts a big blind of 0.20",2026-10-02T17:09:46.869Z,179096098686909
"""Heech @ wzsls5Sz57"" posts a small blind of 0.10",2026-10-02T17:09:46.869Z,179096098686908
"Player stacks: #1 ""Heech @ wzsls5Sz57"" (26.27) | #2 ""rowan @ GthBpPSqaK"" (24.81) | #3 ""Rayan @ nhXZL_Cydv"" (5.53) | #4 ""Jason @ XKcqCJfaWe"" (20.00) | #8 ""sack @ boAReb7tW9"" (10.84) | #10 ""sul @ thk9cMWm9U"" (12.86)",2026-10-02T17:09:46.869Z,179096098686901
"-- starting hand #47 (id: znatoextruau)  No Limit Texas Hold'em (dealer: ""sul @ thk9cMWm9U"") --",2026-10-02T17:09:46.869Z,179096098686900
"""rowan @ GthBpPSqaK"" shows a Q♣, Q♦.",2026-10-02T17:09:42.577Z,179096098257700
"""sul @ thk9cMWm9U"" shows a 4♠.",2026-10-02T17:09:41.979Z,179096098197900
"-- ending hand #46 --",2026-10-02T17:09:39.831Z,179096097983102
"""Heech @ wzsls5Sz57"" collected 16.48 from pot with Straight, 6 High (combination: 2♣, 3♥, 4♦, 5♥, 6♠)",2026-10-02T17:09:39.831Z,179096097983101
"""Heech @ wzsls5Sz57"" shows a 8♣, 4♦.",2026-10-02T17:09:39.831Z,179096097983100
"""rowan @ GthBpPSqaK"" calls 4.12",2026-10-02T17:09:39.016Z,179096097901600
"""Heech @ wzsls5Sz57"" bets 4.12",2026-10-02T17:09:10.518Z,179096095051800
"River: 5♥, 3♥, A♥, 2♣ [6♠]",2026-10-02T17:09:08.094Z,179096094809400
"""sack @ boAReb7tW9"" folds",2026-10-02T17:09:07.284Z,179096094728400
"""Rayan @ nhXZL_Cydv"" folds",2026-10-02T17:09:03.632Z,179096094363200
"""rowan @ GthBpPSqaK"" calls 2.47",2026-10-02T17:09:02.550Z,179096094255000
"""Heech @ wzsls5Sz57"" bets 2.47",2026-10-02T17:08:59.785Z,179096093978500
"Turn: 5♥, 3♥, A♥ [2♣]",2026-10-02T17:08:55.459Z,179096093545900
"""sack @ boAReb7tW9"" checks",2026-10-02T17:08:54.642Z,179096093464200
"""Rayan @ nhXZL_Cydv"" checks",2026-10-02T17:08:53.263Z,179096093326300
"""rowan @ GthBpPSqaK"" checks",2026-10-02T17:08:51.472Z,179096093147200
"""Heech @ wzsls5Sz57"" checks",2026-10-02T17:08:50.008Z,179096093000800
"Flop:  [5♥, 3♥, A♥]",2026-10-02T17:08:46.946Z,179096092694600
"""Heech @ wzsls5Sz57"" calls 0.80",2026-10-02T17:08:46.133Z,179096092613300
"""sul @ thk9cMWm9U"" folds",2026-10-02T17:08:42.422Z,179096092242200
"""sack @ boAReb7tW9"" calls 0.80",2026-10-02T17:08:41.562Z,179096092156200
"""Jason @ XKcqCJfaWe"" folds",2026-10-02T17:08:40.185Z,179096092018500
"""Rayan @ nhXZL_Cydv"" calls 0.80",2026-10-02T17:08:39.329Z,179096091932900
"""rowan @ GthBpPSqaK"" raises to 0.80",2026-10-02T17:08:21.851Z,179096090185100
"""Heech @ wzsls5Sz57"" posts a big blind of 0.20",2026-10-02T17:08:19.162Z,179096089916210
"""sul @ thk9cMWm9U"" posts a small blind of 0.10",2026-10-02T17:08:19.162Z,179096089916209
"Player stacks: #1 ""Heech @ wzsls5Sz57"" (17.18) | #2 ""rowan @ GthBpPSqaK"" (32.20) | #3 ""Rayan @ nhXZL_Cydv"" (6.33) | #4 ""Jason @ XKcqCJfaWe"" (20.00) | #8 ""sack @ boAReb7tW9"" (11.64) | #10 ""sul @ thk9cMWm9U"" (12.96)",2026-10-02T17:08:19.162Z,179096089916202
"-- starting hand #46 (id: o295jsio4lvv)  No Limit Texas Hold'em (dealer: ""sack @ boAReb7tW9"") --",2026-10-02T17:08:19.162Z,179096089916201
"The player ""Jason @ XKcqCJfaWe"" joined the game with a stack of 20.00.",2026-10-02T17:08:19.162Z,179096089916200
"""sack @ boAReb7tW9"" shows a 3♣.",2026-10-02T17:08:14.537Z,179096089453700
"-- ending hand #45 --",2026-10-02T17:08:12.526Z,179096089252602
"""sack @ boAReb7tW9"" collected 0.40 from pot",2026-10-02T17:08:12.526Z,179096089252601
"Uncalled bet of 0.20 returned to ""sack @ boAReb7tW9""",2026-10-02T17:08:12.526Z,179096089252600
"""sul @ thk9cMWm9U"" folds",2026-10-02T17:08:11.714Z,179096089171400
"""sack @ boAReb7tW9"" bets 0.20",2026-10-02T17:08:10.830Z,179096089083000
"Flop:  [3♠, 5♦, J♠]",2026-10-02T17:08:08.034Z,179096088803400
"""sul @ thk9cMWm9U"" checks",2026-10-02T17:08:07.206Z,179096088720600
"""sack @ boAReb7tW9"" calls 0.20",2026-10-02T17:08:01.802Z,179096088180200
"""Rayan @ nhXZL_Cydv"" folds",2026-10-02T17:08:00.827Z,179096088082700
"""rowan @ GthBpPSqaK"" folds",2026-10-02T17:07:51.133Z,179096087113300
"""Heech @ wzsls5Sz57"" folds",2026-10-02T17:07:50.233Z,179096087023300
"""sul @ thk9cMWm9U"" posts a big blind of 0.20",2026-10-02T17:07:48.993Z,179096086899308
"""sack @ boAReb7tW9"" posts a small blind of 0.10",2026-10-02T17:07:48.993Z,179096086899307
"Player stacks: #1 ""Heech @ wzsls5Sz57"" (17.18) | #2 ""rowan @ GthBpPSqaK"" (32.20) | #3 ""Rayan @ nhXZL_Cydv"" (6.33) | #8 ""sack @ boAReb7tW9"" (11.44) | #10 ""sul @ thk9cMWm9U"" (13.16)",2026-10-02T17:07:48.993Z,179096086899301
"-- starting hand #45 (id: q7uhwwopgy0m)  No Limit Texas Hold'em (dealer: ""Rayan @ nhXZL_Cydv"") --",2026-10-02T17:07:48.993Z,179096086899300
"-- ending hand #44 --",2026-10-02T17:07:46.089Z,179096086608902
"""rowan @ GthBpPSqaK"" collected 12.80 from pot",2026-10-02T17:07:46.089Z,179096086608901
"Uncalled bet of 5.02 returned to ""rowan @ GthBpPSqaK""",2026-10-02T17:07:46.089Z,179096086608900
"""Heech @ wzsls5Sz57"" folds",2026-10-02T17:07:45.281Z,179096086528100
"""rowan @ GthBpPSqaK"" bets 5.02",2026-10-02T17:07:43.860Z,179096086386000
"""Heech @ wzsls5Sz57"" checks",2026-10-02T17:07:35.680Z,179096085568000
"River: 8♥, 7♣, Q♠, 4♣ [Q♣]",2026-10-02T17:07:33.977Z,179096085397700
"""Heech @ wzsls5Sz57"" calls 3.20",2026-10-02T17:07:33.143Z,179096085314300
"The admin approved the player ""Jason @ XKcqCJfaWe"" participation with a stack of 20.00.",2026-10-02T17:07:31.332Z,179096085133200
"The player ""Jason @ XKcqCJfaWe"" requested a seat.",2026-10-02T17:07:30.275Z,179096085027500
"""rowan @ GthBpPSqaK"" bets 3.20",2026-10-02T17:07:28.040Z,179096084804000
"""Heech @ wzsls5Sz57"" checks",2026-10-02T17:07:25.172Z,179096084517200
"Turn: 8♥, 7♣, Q♠ [4♣]",2026-10-02T17:07:23.858Z,179096084385800
"""Heech @ wzsls5Sz57"" calls 1.60",2026-10-02T17:07:23.026Z,179096084302600
"""sack @ boAReb7tW9"" folds",2026-10-02T17:07:21.949Z,179096084194900
"""Rayan @ nhXZL_Cydv"" folds",2026-10-02T17:07:21.121Z,179096084112100
"""rowan @ GthBpPSqaK"" bets 1.60",2026-10-02T17:07:15.592Z,179096083559200
"""Heech @ wzsls5Sz57"" checks",2026-10-02T17:07:13.251Z,179096083325100
"""sack @ boAReb7tW9"" checks",2026-10-02T17:07:09.387Z,179096082938700
"""Rayan @ nhXZL_Cydv"" checks",2026-10-02T17:07:07.223Z,179096082722300
"Flop:  [8♥, 7♣, Q♠]",2026-10-02T17:07:05.845Z,179096082584500
"""sack @ boAReb7tW9"" calls 0.80",2026-10-02T17:07:05.028Z,179096082502800
"""Rayan @ nhXZL_Cydv"" calls 0.80",2026-10-02T17:07:04.165Z,179096082416500
"""rowan @ GthBpPSqaK"" calls 0.80",2026-10-02T17:06:50.995Z,179096081099500
"""Heech @ wzsls5Sz57"" raises to 0.80",2026-10-02T17:06:50.144Z,179096081014400
"""sul @ thk9cMWm9U"" folds",2026-10-02T17:06:46.421Z,179096080642100
"""sack @ boAReb7tW9"" posts a big blind of 0.20",2026-10-02T17:06:43.973Z,179096080397308
"""Rayan @ nhXZL_Cydv"" posts a small blind of 0.10",2026-10-02T17:06:43.973Z,179096080397307
"Player stacks: #1 ""Heech @ wzsls5Sz57"" (22.78) | #2 ""rowan @ GthBpPSqaK"" (25.00) | #3 ""Rayan @ nhXZL_Cydv"" (7.13) | #8 ""sack @ boAReb7tW9"" (12.24) | #10 ""sul @ thk9cMWm9U"" (13.16)",2026-10-02T17:06:43.973Z,179096080397301
"-- starting hand #44 (id: 6kio1e3qwcao)  No Limit Texas Hold'em (dealer: ""rowan @ GthBpPSqaK"") --",2026-10-02T17:06:43.973Z,179096080397300
"-- ending hand #43 --",2026-10-02T17:06:37.967Z,179096079796703
"""Heech @ wzsls5Sz57"" collected 9.60 from pot with Pair, A's (combination: 7♦, 8♦, K♠, A♥, A♠)",2026-10-02T17:06:37.967Z,179096079796702
"""Heech @ wzsls5Sz57"" shows a 2♥, A♥.",2026-10-02T17:06:37.967Z,179096079796701
"""rowan @ GthBpPSqaK"" shows a K♣, J♠.",2026-10-02T17:06:37.967Z,179096079796700
"""Heech @ wzsls5Sz57"" checks",2026-10-02T17:06:37.158Z,179096079715800
"""rowan @ GthBpPSqaK"" checks",2026-10-02T17:06:35.684Z,179096079568400
"River: K♠, 7♦, A♠, 8♦ [5♦]",2026-10-02T17:06:34.751Z,179096079475100
"""rowan @ GthBpPSqaK"" calls 2.40",2026-10-02T17:06:33.914Z,179096079391400
"""Heech @ wzsls5Sz57"" bets 2.40",2026-10-02T17:06:32.379Z,179096079237900
"""rowan @ GthBpPSqaK"" checks",2026-10-02T17:06:24.234Z,179096078423400
"Turn: K♠, 7♦, A♠ [8♦]",2026-10-02T17:06:22.345Z,179096078234500
"""Heech @ wzsls5Sz57"" calls 1.20",2026-10-02T17:06:21.499Z,179096078149900
"""Rayan @ nhXZL_Cydv"" folds",2026-10-02T17:06:19.686Z,179096077968600
"""rowan @ GthBpPSqaK"" bets 1.20",2026-10-02T17:06:18.654Z,179096077865400
"Flop:  [K♠, 7♦, A♠]",2026-10-02T17:06:15.691Z,179096077569100
"""Heech @ wzsls5Sz57"" calls 0.80",2026-10-02T17:06:14.870Z,179096077487000
"""Rayan @ nhXZL_Cydv"" calls 0.80",2026-10-02T17:06:13.292Z,179096077329200
"""rowan @ GthBpPSqaK"" raises to 0.80",2026-10-02T17:06:11.482Z,179096077148200
"""Heech @ wzsls5Sz57"" calls 0.20",2026-10-02T17:06:09.159Z,179096076915900
"""sul @ thk9cMWm9U"" folds",2026-10-02T17:06:07.090Z,179096076709000
"""sack @ boAReb7tW9"" folds",2026-10-02T17:06:06.222Z,179096076622200
"""Rayan @ nhXZL_Cydv"" posts a big blind of 0.20",2026-10-02T17:06:04.728Z,179096076472808
"""rowan @ GthBpPSqaK"" posts a small blind of 0.10",2026-10-02T17:06:04.728Z,179096076472807
"Player stacks: #1 ""Heech @ wzsls5Sz57"" (17.58) | #2 ""rowan @ GthBpPSqaK"" (29.40) | #3 ""Rayan @ nhXZL_Cydv"" (7.93) | #8 ""sack @ boAReb7tW9"" (12.24) | #10 ""sul @ thk9cMWm9U"" (13.16)",2026-10-02T17:06:04.728Z,179096076472801
"-- starting hand #43 (id: bqfogvyvuil4)  No Limit Texas Hold'em (dealer: ""Heech @ wzsls5Sz57"") --",2026-10-02T17:06:04.728Z,179096076472800
"""Heech @ wzsls5Sz57"" shows a 2♦.",2026-10-02T17:06:00.547Z,179096076054700
"-- ending hand #42 --",2026-10-02T17:05:58.118Z,179096075811802
"""Heech @ wzsls5Sz57"" collected 8.00 from pot",2026-10-02T17:05:58.118Z,179096075811801
"Uncalled bet of 9.58 returned to ""Heech @ wzsls5Sz57""",2026-10-02T17:05:58.118Z,179096075811800
"""sack @ boAReb7tW9"" folds",2026-10-02T17:05:57.286Z,179096075728600
"""Rayan @ nhXZL_Cydv"" folds",2026-10-02T17:05:56.420Z,179096075642000
"""rowan @ GthBpPSqaK"" folds",2026-10-02T17:05:55.193Z,179096075519300
"""Heech @ wzsls5Sz57"" bets 9.58 and go all in",2026-10-02T17:05:53.598Z,179096075359800
"Turn: 3♥, 6♠, 7♣ [2♣]",2026-10-02T17:05:50.058Z,179096075005800
"""sack @ boAReb7tW9"" checks",2026-10-02T17:05:49.255Z,179096074925500
"""Rayan @ nhXZL_Cydv"" checks",2026-10-02T17:05:42.530Z,179096074253000
"""rowan @ GthBpPSqaK"" checks",2026-10-02T17:05:37.114Z,179096073711400
"""Heech @ wzsls5Sz57"" checks",2026-10-02T17:05:35.353Z,179096073535300
"Flop:  [3♥, 6♠, 7♣]",2026-10-02T17:05:29.716Z,179096072971600
"""rowan @ GthBpPSqaK"" calls 2.00",2026-10-02T17:05:28.898Z,179096072889800
"""Heech @ wzsls5Sz57"" calls 2.00",2026-10-02T17:05:28.041Z,179096072804100
"""sack @ boAReb7tW9"" calls 2.00",2026-10-02T17:05:26.636Z,179096072663600
"""Rayan @ nhXZL_Cydv"" raises to 2.00",2026-10-02T17:05:22.394Z,179096072239400
"""rowan @ GthBpPSqaK"" calls 0.80",2026-10-02T17:05:18.946Z,179096071894600
"""Heech @ wzsls5Sz57"" calls 0.80",2026-10-02T17:05:18.104Z,179096071810400
"""sul @ thk9cMWm9U"" folds",2026-10-02T17:05:11.623Z,179096071162300
"""sack @ boAReb7tW9"" raises to 0.80",2026-10-02T17:04:58.132Z,179096069813200
"""Rayan @ nhXZL_Cydv"" calls 0.20",2026-10-02T17:04:55.549Z,179096069554900
"""rowan @ GthBpPSqaK"" posts a big blind of 0.20",2026-10-02T17:04:47.768Z,179096068776808
"""Heech @ wzsls5Sz57"" posts a small blind of 0.10",2026-10-02T17:04:47.768Z,179096068776807
"Player stacks: #1 ""Heech @ wzsls5Sz57"" (11.58) | #2 ""rowan @ GthBpPSqaK"" (31.40) | #3 ""Rayan @ nhXZL_Cydv"" (9.93) | #8 ""sack @ boAReb7tW9"" (14.24) | #10 ""sul @ thk9cMWm9U"" (13.16)",2026-10-02T17:04:47.768Z,179096068776801
"-- starting hand #42 (id: v8gwm8f0ulkr)  No Limit Texas Hold'em (dealer: ""sul @ thk9cMWm9U"") --",2026-10-02T17:04:47.768Z,179096068776800
"-- ending hand #41 --",2026-10-02T17:04:41.748Z,179096068174803
"""rowan @ GthBpPSqaK"" collected 12.80 from pot with Pair, Q's (combination: 7♦, 10♥, J♠, Q♠, Q♣)",2026-10-02T17:04:41.748Z,179096068174802
"""rowan @ GthBpPSqaK"" shows a 10♥, Q♠.",2026-10-02T17:04:41.748Z,179096068174801
"""Heech @ wzsls5Sz57"" shows a J♣, 3♣.",2026-10-02T17:04:41.748Z,179096068174800
"""rowan @ GthBpPSqaK"" checks",2026-10-02T17:04:40.918Z,179096068091800
"""Heech @ wzsls5Sz57"" checks",2026-10-02T17:04:39.522Z,179096067952200
"River: Q♣, J♠, 7♦, 5♦ [6♠]",2026-10-02T17:04:38.211Z,179096067821100
"""Heech @ wzsls5Sz57"" calls 3.20",2026-10-02T17:04:37.381Z,179096067738100
"""rowan @ GthBpPSqaK"" bets 3.20",2026-10-02T17:04:36.069Z,179096067606900
"""Heech @ wzsls5Sz57"" checks",2026-10-02T17:04:33.345Z,179096067334500
"Turn: Q♣, J♠, 7♦ [5♦]",2026-10-02T17:04:32.259Z,179096067225900
"""Heech @ wzsls5Sz57"" calls 1.70",2026-10-02T17:04:31.452Z,179096067145200
"""sul @ thk9cMWm9U"" folds",2026-10-02T17:04:24.668Z,179096066466800
"""sack @ boAReb7tW9"" folds",2026-10-02T17:04:23.088Z,179096066308800
"""Rayan @ nhXZL_Cydv"" folds",2026-10-02T17:04:21.382Z,179096066138200
"""rowan @ GthBpPSqaK"" bets 1.70",2026-10-02T17:04:20.496Z,179096066049600
"""Heech @ wzsls5Sz57"" checks",2026-10-02T17:04:16.521Z,179096065652100
"""sul @ thk9cMWm9U"" checks",2026-10-02T17:04:15.152Z,179096065515200
"Flop:  [Q♣, J♠, 7♦]",2026-10-02T17:04:13.597Z,179096065359700
"""Heech @ wzsls5Sz57"" calls 0.60",2026-10-02T17:04:12.785Z,179096065278500
"""sul @ thk9cMWm9U"" calls 0.60",2026-10-02T17:04:11.214Z,179096065121400
"""sack @ boAReb7tW9"" calls 0.60",2026-10-02T17:04:02.173Z,179096064217300
"""Rayan @ nhXZL_Cydv"" calls 0.60",2026-10-02T17:04:01.088Z,179096064108800
"""rowan @ GthBpPSqaK"" raises to 0.60",2026-10-02T17:03:59.257Z,179096063925700
"""Heech @ wzsls5Sz57"" posts a big blind of 0.20",2026-10-02T17:03:53.351Z,179096063335108
"""sul @ thk9cMWm9U"" posts a small blind of 0.10",2026-10-02T17:03:53.351Z,179096063335107
"Player stacks: #1 ""Heech @ wzsls5Sz57"" (17.08) | #2 ""rowan @ GthBpPSqaK"" (24.10) | #3 ""Rayan @ nhXZL_Cydv"" (10.53) | #8 ""sack @ boAReb7tW9"" (14.84) | #10 ""sul @ thk9cMWm9U"" (13.76)",2026-10-02T17:03:53.351Z,179096063335101
"-- starting hand #41 (id: nai31k6igxwm)  No Limit Texas Hold'em (dealer: ""sack @ boAReb7tW9"") --",2026-10-02T17:03:53.351Z,179096063335100
"-- ending hand #40 --",2026-10-02T17:03:47.316Z,179096062731604
"""rowan @ GthBpPSqaK"" collected 17.08 from pot with Straight, 6 High (combination: 2♠, 3♦, 4♣, 5♣, 6♦)",2026-10-02T17:03:47.316Z,179096062731603
"""Heech @ wzsls5Sz57"" collected 17.08 from pot with Straight, 6 High (combination: 2♠, 3♦, 4♣, 5♣, 6♣)",2026-10-02T17:03:47.316Z,179096062731602
"""rowan @ GthBpPSqaK"" shows a A♦, 6♦.",2026-10-02T17:03:47.316Z,179096062731601
"""Heech @ wzsls5Sz57"" shows a 9♣, 6♣.",2026-10-02T17:03:47.316Z,179096062731600
"""rowan @ GthBpPSqaK"" calls 10.08",2026-10-02T17:03:46.511Z,179096062651100
"""Heech @ wzsls5Sz57"" bets 10.08 and go all in",2026-10-02T17:03:45.626Z,179096062562600
"River: 2♠, 4♣, 5♣, 3♦ [K♦]",2026-10-02T17:03:42.664Z,179096062266400
"""Heech @ wzsls5Sz57"" calls 3.60",2026-10-02T17:03:41.834Z,179096062183400
"""rowan @ GthBpPSqaK"" bets 3.60",2026-10-02T17:03:39.089Z,179096061908900
"""Heech @ wzsls5Sz57"" checks",2026-10-02T17:03:28.796Z,179096060879600
"Turn: 2♠, 4♣, 5♣ [3♦]",2026-10-02T17:03:26.348Z,179096060634800
"""Heech @ wzsls5Sz57"" calls 1.70",2026-10-02T17:03:25.524Z,179096060552400
"""sack @ boAReb7tW9"" folds",2026-10-02T17:03:24.342Z,179096060434200
"""Rayan @ nhXZL_Cydv"" folds",2026-10-02T17:03:23.486Z,179096060348600
"""rowan @ GthBpPSqaK"" bets 1.70",2026-10-02T17:03:21.827Z,179096060182700
"""Heech @ wzsls5Sz57"" checks",2026-10-02T17:03:18.540Z,179096059854000
"""sack @ boAReb7tW9"" checks",2026-10-02T17:03:17.156Z,179096059715600
"Flop:  [2♠, 4♣, 5♣]",2026-10-02T17:03:14.502Z,179096059450200
"""sul @ thk9cMWm9U"" folds",2026-10-02T17:03:13.691Z,179096059369100
"""sack @ boAReb7tW9"" calls 0.80",2026-10-02T17:03:12.838Z,179096059283800
"""Rayan @ nhXZL_Cydv"" calls 0.80",2026-10-02T17:03:10.198Z,179096059019800
"""rowan @ GthBpPSqaK"" calls 0.80",2026-10-02T17:03:09.089Z,179096058908900
"""Heech @ wzsls5Sz57"" raises to 0.80",2026-10-02T17:03:08.068Z,179096058806800
"""sul @ thk9cMWm9U"" posts a big blind of 0.20",2026-10-02T17:03:04.416Z,179096058441608
"""sack @ boAReb7tW9"" posts a small blind of 0.10",2026-10-02T17:03:04.416Z,179096058441607
"Player stacks: #1 ""Heech @ wzsls5Sz57"" (16.18) | #2 ""rowan @ GthBpPSqaK"" (23.20) | #3 ""Rayan @ nhXZL_Cydv"" (11.33) | #8 ""sack @ boAReb7tW9"" (15.64) | #10 ""sul @ thk9cMWm9U"" (13.96)",2026-10-02T17:03:04.416Z,179096058441601
"-- starting hand #40 (id: nidhk2qwbpyn)  No Limit Texas Hold'em (dealer: ""Rayan @ nhXZL_Cydv"") --",2026-10-02T17:03:04.416Z,179096058441600
"-- ending hand #39 --",2026-10-02T17:02:58.395Z,179096057839501
"""sack @ boAReb7tW9"" collected 15.64 from pot with Pair, 8's (combination: 4♠, 7♣, K♣, 8♣, 8♠)",2026-10-02T17:02:58.395Z,179096057839500
"River: 2♣, 4♠, 8♠, 7♣ [3♦]",2026-10-02T17:02:54.373Z,179096057437300
"Turn: 2♣, 4♠, 8♠ [7♣]",2026-10-02T17:02:50.353Z,179096057035300
"""sack @ boAReb7tW9"" shows a 8♣, K♣.",2026-10-02T17:02:46.349Z,179096056634901
"""Rayan @ nhXZL_Cydv"" shows a 10♥, A♣.",2026-10-02T17:02:46.349Z,179096056634900
"Some players choose to not run it twice.",2026-10-02T17:02:45.527Z,179096056552701
"""Rayan @ nhXZL_Cydv"" chooses to not run it twice.",2026-10-02T17:02:45.527Z,179096056552700
"Remaining players decide whether to run it twice.",2026-10-02T17:02:45.037Z,179096056503701
"""Rayan @ nhXZL_Cydv"" calls 5.32",2026-10-02T17:02:45.037Z,179096056503700
"""sack @ boAReb7tW9"" bets 5.32 and go all in",2026-10-02T17:02:25.936Z,179096054593600
"""Rayan @ nhXZL_Cydv"" checks",2026-10-02T17:02:21.564Z,179096054156400
"Flop:  [2♣, 4♠, 8♠]",2026-10-02T17:02:19.926Z,179096053992600
"""Rayan @ nhXZL_Cydv"" calls 2.40",2026-10-02T17:02:19.116Z,179096053911600
"""Heech @ wzsls5Sz57"" folds",2026-10-02T17:02:16.058Z,179096053605800
"""sack @ boAReb7tW9"" raises to 2.40",2026-10-02T17:02:13.010Z,179096053301000
"""Rayan @ nhXZL_Cydv"" raises to 0.80",2026-10-02T17:02:10.005Z,179096053000500
"""rowan @ GthBpPSqaK"" folds",2026-10-02T17:02:07.769Z,179096052776900
"""Heech @ wzsls5Sz57"" calls 0.20",2026-10-02T17:02:06.879Z,179096052687900
"""sul @ thk9cMWm9U"" folds",2026-10-02T17:02:04.361Z,179096052436100
"""sack @ boAReb7tW9"" posts a big blind of 0.20",2026-10-02T17:02:01.778Z,179096052177808
"""Rayan @ nhXZL_Cydv"" posts a small blind of 0.10",2026-10-02T17:02:01.778Z,179096052177807
"Player stacks: #1 ""Heech @ wzsls5Sz57"" (16.38) | #2 ""rowan @ GthBpPSqaK"" (23.20) | #3 ""Rayan @ nhXZL_Cydv"" (19.05) | #8 ""sack @ boAReb7tW9"" (7.72) | #10 ""sul @ thk9cMWm9U"" (13.96)",2026-10-02T17:02:01.778Z,179096052177801
"-- starting hand #39 (id: qlnnrxnjazgx)  No Limit Texas Hold'em (dealer: ""rowan @ GthBpPSqaK"") --",2026-10-02T17:02:01.778Z,179096052177800
"""rowan @ GthBpPSqaK"" shows a K♣.",2026-10-02T17:02:00.430Z,179096052043000
"-- ending hand #38 --",2026-10-02T17:01:58.137Z,179096051813702
"""rowan @ GthBpPSqaK"" collected 5.00 from pot",2026-10-02T17:01:58.137Z,179096051813701
"Uncalled bet of 3.75 returned to ""rowan @ GthBpPSqaK""",2026-10-02T17:01:58.137Z,179096051813700
"""Heech @ wzsls5Sz57"" folds",2026-10-02T17:01:57.328Z,179096051732800
"""rowan @ GthBpPSqaK"" bets 3.75",2026-10-02T17:01:40.607Z,179096050060700
"River: K♥, 9♦, 7♥, 5♥ [Q♣]",2026-10-02T17:01:37.653Z,179096049765300
"""Heech @ wzsls5Sz57"" checks",2026-10-02T17:01:36.791Z,179096049679100
"""rowan @ GthBpPSqaK"" checks",2026-10-02T17:01:35.057Z,179096049505700
"Turn: K♥, 9♦, 7♥ [5♥]",2026-10-02T17:01:33.757Z,179096049375700
"""sack @ boAReb7tW9"" folds",2026-10-02T17:01:32.937Z,179096049293700
"""rowan @ GthBpPSqaK"" calls 1.50",2026-10-02T17:01:32.028Z,179096049202800
"""Heech @ wzsls5Sz57"" bets 1.50",2026-10-02T17:01:31.076Z,179096049107600
"""sack @ boAReb7tW9"" checks",2026-10-02T17:01:28.301Z,179096048830100
"""rowan @ GthBpPSqaK"" checks",2026-10-02T17:01:26.447Z,179096048644700
"Flop:  [K♥, 9♦, 7♥]",2026-10-02T17:01:24.150Z,179096048415000
"""sack @ boAReb7tW9"" calls 0.60",2026-10-02T17:01:23.315Z,179096048331500
"""Rayan @ nhXZL_Cydv"" folds",2026-10-02T17:01:22.476Z,179096048247600
"""rowan @ GthBpPSqaK"" calls 0.60",2026-10-02T17:01:08.412Z,179096046841200
"""Heech @ wzsls5Sz57"" raises to 0.60",2026-10-02T17:01:07.273Z,179096046727300
"""sul @ thk9cMWm9U"" folds",2026-10-02T17:01:04.843Z,179096046484300
"""sack @ boAReb7tW9"" calls 0.20",2026-10-02T17:01:03.968Z,179096046396800
"""Rayan @ nhXZL_Cydv"" posts a big blind of 0.20",2026-10-02T17:01:01.198Z,179096046119808
"""rowan @ GthBpPSqaK"" posts a small blind of 0.10",2026-10-02T17:01:01.198Z,179096046119807
"Player stacks: #1 ""Heech @ wzsls5Sz57"" (18.48) | #2 ""rowan @ GthBpPSqaK"" (20.30) | #3 ""Rayan @ nhXZL_Cydv"" (19.25) | #8 ""sack @ boAReb7tW9"" (8.32) | #10 ""sul @ thk9cMWm9U"" (13.96)",2026-10-02T17:01:01.198Z,179096046119801
"-- starting hand #38 (id: 5ld7lxsupb5p)  No Limit Texas Hold'em (dealer: ""Heech @ wzsls5Sz57"") --",2026-10-02T17:01:01.198Z,179096046119800
"-- ending hand #37 --",2026-10-02T17:00:55.187Z,179096045518703
"""Rayan @ nhXZL_Cydv"" collected 0.50 from pot with Two Pair, Q's & 5's (combination: 8♥, 5♦, 5♥, Q♣, Q♥)",2026-10-02T17:00:55.187Z,179096045518702
"""Rayan @ nhXZL_Cydv"" shows a 5♦, 2♦.",2026-10-02T17:00:55.187Z,179096045518701
"""rowan @ GthBpPSqaK"" shows a 2♠, K♣.",2026-10-02T17:00:55.187Z,179096045518700
"""Rayan @ nhXZL_Cydv"" checks",2026-10-02T17:00:54.383Z,179096045438300
"""rowan @ GthBpPSqaK"" checks",2026-10-02T17:00:53.532Z,179096045353200
"River: 8♥, 4♦, Q♣, 5♥ [Q♥]",2026-10-02T17:00:52.493Z,179096045249300
"""Rayan @ nhXZL_Cydv"" checks",2026-10-02T17:00:51.688Z,179096045168800
"""rowan @ GthBpPSqaK"" checks",2026-10-02T17:00:50.851Z,179096045085100
"Turn: 8♥, 4♦, Q♣ [5♥]",2026-10-02T17:00:50.458Z,179096045045800
"""Rayan @ nhXZL_Cydv"" checks",2026-10-02T17:00:49.606Z,179096044960600
"""rowan @ GthBpPSqaK"" checks",2026-10-02T17:00:48.009Z,179096044800900
"Flop:  [8♥, 4♦, Q♣]",2026-10-02T17:00:47.430Z,179096044743000
"""rowan @ GthBpPSqaK"" checks",2026-10-02T17:00:46.590Z,179096044659000
"""Heech @ wzsls5Sz57"" folds",2026-10-02T17:00:45.699Z,179096044569900
"""sul @ thk9cMWm9U"" folds",2026-10-02T17:00:44.790Z,179096044479000
"""sack @ boAReb7tW9"" folds",2026-10-02T17:00:43.177Z,179096044317700
"""Rayan @ nhXZL_Cydv"" calls 0.20",2026-10-02T17:00:42.344Z,179096044234400
"""rowan @ GthBpPSqaK"" posts a big blind of 0.20",2026-10-02T17:00:41.281Z,179096044128108
"""Heech @ wzsls5Sz57"" posts a small blind of 0.10",2026-10-02T17:00:41.281Z,179096044128107
"Player stacks: #1 ""Heech @ wzsls5Sz57"" (18.58) | #2 ""rowan @ GthBpPSqaK"" (20.50) | #3 ""Rayan @ nhXZL_Cydv"" (18.95) | #8 ""sack @ boAReb7tW9"" (8.32) | #10 ""sul @ thk9cMWm9U"" (13.96)",2026-10-02T17:00:41.281Z,179096044128101
"-- starting hand #37 (id: jcjn9jxoomhj)  No Limit Texas Hold'em (dealer: ""sul @ thk9cMWm9U"") --",2026-10-02T17:00:41.281Z,179096044128100
"-- ending hand #36 --",2026-10-02T17:00:35.348Z,179096043534802
"""Heech @ wzsls5Sz57"" collected 0.20 from pot",2026-10-02T17:00:35.348Z,179096043534801
"Uncalled bet of 0.10 returned to ""Heech @ wzsls5Sz57""",2026-10-02T17:00:35.348Z,179096043534800
"""sul @ thk9cMWm9U"" folds",2026-10-02T17:00:34.481Z,179096043448100
"""sack @ boAReb7tW9"" folds",2026-10-02T17:00:32.827Z,179096043282700
"""Rayan @ nhXZL_Cydv"" folds",2026-10-02T17:00:31.975Z,179096043197500
"""rowan @ GthBpPSqaK"" folds",2026-10-02T17:00:31.127Z,179096043112700
"""Heech @ wzsls5Sz57"" posts a big blind of 0.20",2026-10-02T17:00:29.818Z,179096042981808
"""sul @ thk9cMWm9U"" posts a small blind of 0.10",2026-10-02T17:00:29.818Z,179096042981807
"Player stacks: #1 ""Heech @ wzsls5Sz57"" (18.48) | #2 ""rowan @ GthBpPSqaK"" (20.50) | #3 ""Rayan @ nhXZL_Cydv"" (18.95) | #8 ""sack @ boAReb7tW9"" (8.32) | #10 ""sul @ thk9cMWm9U"" (14.06)",2026-10-02T17:00:29.818Z,179096042981801
"-- starting hand #36 (id: j1xxa4jiuh76)  No Limit Texas Hold'em (dealer: ""sack @ boAReb7tW9"") --",2026-10-02T17:00:29.818Z,179096042981800
"-- ending hand #35 --",2026-10-02T17:00:23.814Z,179096042381403
"""Rayan @ nhXZL_Cydv"" collected 13.50 from pot with Pair, 5's (combination: 9♣, 10♦, A♣, 5♣, 5♠)",2026-10-02T17:00:23.814Z,179096042381402
"""Rayan @ nhXZL_Cydv"" shows a 5♣, 4♥.",2026-10-02T17:00:23.814Z,179096042381401
"""sack @ boAReb7tW9"" shows a J♣, Q♠.",2026-10-02T17:00:23.814Z,179096042381400
"""Rayan @ nhXZL_Cydv"" checks",2026-10-02T17:00:22.979Z,179096042297900
"""sack @ boAReb7tW9"" checks",2026-10-02T17:00:20.810Z,179096042081000
"River: 9♣, 5♠, 3♦, A♣ [10♦]",2026-10-02T17:00:07.060Z,179096040706000
"""Rayan @ nhXZL_Cydv"" calls 4.05",2026-10-02T17:00:06.209Z,179096040620900
"""sack @ boAReb7tW9"" bets 4.05",2026-10-02T17:00:01.169Z,179096040116900
"Turn: 9♣, 5♠, 3♦ [A♣]",2026-10-02T16:59:57.191Z,179096039719100
"""Rayan @ nhXZL_Cydv"" calls 1.80",2026-10-02T16:59:56.387Z,179096039638700
"""sack @ boAReb7tW9"" bets 1.80",2026-10-02T16:59:53.452Z,179096039345200
"Flop:  [9♣, 5♠, 3♦]",2026-10-02T16:59:50.500Z,179096039050000
"""Rayan @ nhXZL_Cydv"" calls 0.80",2026-10-02T16:59:49.685Z,179096038968500
"""sul @ thk9cMWm9U"" folds",2026-10-02T16:59:48.471Z,179096038847100
"""sack @ boAReb7tW9"" raises to 0.80",2026-10-02T16:59:47.627Z,179096038762700
"""Rayan @ nhXZL_Cydv"" calls 0.20",2026-10-02T16:59:45.015Z,179096038501500
"""rowan @ GthBpPSqaK"" folds",2026-10-02T16:59:43.935Z,179096038393500
"""Heech @ wzsls5Sz57"" folds",2026-10-02T16:59:43.065Z,179096038306500
"""sul @ thk9cMWm9U"" posts a big blind of 0.20",2026-10-02T16:59:41.197Z,179096038119708
"""sack @ boAReb7tW9"" posts a small blind of 0.10",2026-10-02T16:59:41.197Z,179096038119707
"Player stacks: #1 ""Heech @ wzsls5Sz57"" (18.48) | #2 ""rowan @ GthBpPSqaK"" (20.50) | #3 ""Rayan @ nhXZL_Cydv"" (12.10) | #8 ""sack @ boAReb7tW9"" (14.97) | #10 ""sul @ thk9cMWm9U"" (14.26)",2026-10-02T16:59:41.197Z,179096038119701
"-- starting hand #35 (id: krkmejn0ygxc)  No Limit Texas Hold'em (dealer: ""Rayan @ nhXZL_Cydv"") --",2026-10-02T16:59:41.197Z,179096038119700
"-- ending hand #34 --",2026-10-02T16:59:38.292Z,179096037829202
"""Heech @ wzsls5Sz57"" collected 8.80 from pot",2026-10-02T16:59:38.292Z,179096037829201
"Uncalled bet of 9.68 returned to ""Heech @ wzsls5Sz57""",2026-10-02T16:59:38.292Z,179096037829200
"""Rayan @ nhXZL_Cydv"" folds",2026-10-02T16:59:37.451Z,179096037745100
"""Heech @ wzsls5Sz57"" bets 9.68 and go all in",2026-10-02T16:59:36.608Z,179096037660800
"""Rayan @ nhXZL_Cydv"" checks",2026-10-02T16:59:33.666Z,179096037366600
"River: 3♠, 4♥, 8♠, A♦ [K♣]",2026-10-02T16:59:32.689Z,179096037268900
"""Rayan @ nhXZL_Cydv"" calls 2.20",2026-10-02T16:59:31.848Z,179096037184800
"""Heech @ wzsls5Sz57"" bets 2.20",2026-10-02T16:59:26.725Z,179096036672500
"""Rayan @ nhXZL_Cydv"" checks",2026-10-02T16:59:24.549Z,179096036454900
"Turn: 3♠, 4♥, 8♠ [A♦]",2026-10-02T16:59:22.743Z,179096036274300
"""Heech @ wzsls5Sz57"" calls 1.10",2026-10-02T16:59:21.925Z,179096036192500
"""Rayan @ nhXZL_Cydv"" bets 1.10",2026-10-02T16:59:20.573Z,179096036057300
"Flop:  [3♠, 4♥, 8♠]",2026-10-02T16:59:14.597Z,179096035459700
"""sack @ boAReb7tW9"" folds",2026-10-02T16:59:13.776Z,179096035377600
"""Rayan @ nhXZL_Cydv"" calls 1.00",2026-10-02T16:59:12.948Z,179096035294800
"""rowan @ GthBpPSqaK"" folds",2026-10-02T16:59:09.752Z,179096034975200
"""Heech @ wzsls5Sz57"" raises to 1.00",2026-10-02T16:59:08.900Z,179096034890000
"""sul @ thk9cMWm9U"" folds",2026-10-02T16:59:05.307Z,179096034530700
"""sack @ boAReb7tW9"" posts a big blind of 0.20",2026-10-02T16:59:02.701Z,179096034270108
"""Rayan @ nhXZL_Cydv"" posts a small blind of 0.10",2026-10-02T16:59:02.701Z,179096034270107
"Player stacks: #1 ""Heech @ wzsls5Sz57"" (13.98) | #2 ""rowan @ GthBpPSqaK"" (20.50) | #3 ""Rayan @ nhXZL_Cydv"" (16.40) | #8 ""sack @ boAReb7tW9"" (15.17) | #10 ""sul @ thk9cMWm9U"" (14.26)",2026-10-02T16:59:02.701Z,179096034270101
"-- starting hand #34 (id: ujysjmnmhqlo)  No Limit Texas Hold'em (dealer: ""rowan @ GthBpPSqaK"") --",2026-10-02T16:59:02.701Z,179096034270100
"""rowan @ GthBpPSqaK"" shows a 10♦, Q♦.",2026-10-02T16:59:00.668Z,179096034066800
"-- ending hand #33 --",2026-10-02T16:58:59.062Z,179096033906202
"""rowan @ GthBpPSqaK"" collected 8.40 from pot",2026-10-02T16:58:59.062Z,179096033906201
"Uncalled bet of 3.03 returned to ""rowan @ GthBpPSqaK""",2026-10-02T16:58:59.062Z,179096033906200
"""Heech @ wzsls5Sz57"" folds",2026-10-02T16:58:58.258Z,179096033825800
"""rowan @ GthBpPSqaK"" bets 3.03",2026-10-02T16:58:54.978Z,179096033497800
"River: J♣, 8♦, 9♠, 7♣ [J♠]",2026-10-02T16:58:44.239Z,179096032423900
"""Heech @ wzsls5Sz57"" calls 1.80",2026-10-02T16:58:43.404Z,179096032340400
"""rowan @ GthBpPSqaK"" bets 1.80",2026-10-02T16:58:41.832Z,179096032183200
"Turn: J♣, 8♦, 9♠ [7♣]",2026-10-02T16:58:28.617Z,179096030861700
"""Heech @ wzsls5Sz57"" calls 1.20",2026-10-02T16:58:27.771Z,179096030777100
"""Rayan @ nhXZL_Cydv"" folds",2026-10-02T16:58:23.069Z,179096030306900
"""rowan @ GthBpPSqaK"" bets 1.20",2026-10-02T16:58:21.325Z,179096030132500
"Flop:  [J♣, 8♦, 9♠]",2026-10-02T16:58:09.608Z,179096028960800
"""Heech @ wzsls5Sz57"" calls 0.80",2026-10-02T16:58:08.765Z,179096028876500
"""Rayan @ nhXZL_Cydv"" calls 0.80",2026-10-02T16:58:07.225Z,179096028722500
"""rowan @ GthBpPSqaK"" raises to 0.80",2026-10-02T16:58:05.767Z,179096028576700
"""Heech @ wzsls5Sz57"" calls 0.20",2026-10-02T16:58:02.896Z,179096028289600
"""sul @ thk9cMWm9U"" folds",2026-10-02T16:58:01.693Z,179096028169300
"""sack @ boAReb7tW9"" folds",2026-10-02T16:58:00.790Z,179096028079000
"""Rayan @ nhXZL_Cydv"" posts a big blind of 0.20",2026-10-02T16:57:58.574Z,179096027857408
"""rowan @ GthBpPSqaK"" posts a small blind of 0.10",2026-10-02T16:57:58.574Z,179096027857407
"Player stacks: #1 ""Heech @ wzsls5Sz57"" (17.78) | #2 ""rowan @ GthBpPSqaK"" (15.90) | #3 ""Rayan @ nhXZL_Cydv"" (17.20) | #8 ""sack @ boAReb7tW9"" (15.17) | #10 ""sul @ thk9cMWm9U"" (14.26)",2026-10-02T16:57:58.574Z,179096027857401
"-- starting hand #33 (id: bctybm7ywmf8)  No Limit Texas Hold'em (dealer: ""Heech @ wzsls5Sz57"") --",2026-10-02T16:57:58.574Z,179096027857400
"-- ending hand #32 --",2026-10-02T16:57:52.565Z,179096027256501
"""Rayan @ nhXZL_Cydv"" collected 17.20 from pot with Pair, K's (combination: 10♠, J♣, A♠, K♦, K♠)",2026-10-02T16:57:52.565Z,179096027256500
"River: J♣, K♠, 5♦, 4♦ [10♠]",2026-10-02T16:57:48.555Z,179096026855500
"Turn: J♣, K♠, 5♦ [4♦]",2026-10-02T16:57:44.470Z,179096026447000
"Flop:  [J♣, K♠, 5♦]",2026-10-02T16:57:40.468Z,179096026046800
"""sack @ boAReb7tW9"" shows a Q♥, 10♥.",2026-10-02T16:57:36.463Z,179096025646301
"""Rayan @ nhXZL_Cydv"" shows a K♦, A♠.",2026-10-02T16:57:36.463Z,179096025646300
"Some players choose to not run it twice.",2026-10-02T16:57:35.621Z,179096025562101
"""Rayan @ nhXZL_Cydv"" chooses to not run it twice.",2026-10-02T16:57:35.621Z,179096025562100
"Remaining players decide whether to run it twice.",2026-10-02T16:57:34.912Z,179096025491201
"""Heech @ wzsls5Sz57"" folds",2026-10-02T16:57:34.912Z,179096025491200
"""sack @ boAReb7tW9"" calls 8.00",2026-10-02T16:57:33.259Z,179096025325900
"""Rayan @ nhXZL_Cydv"" raises to 8.00 and go all in",2026-10-02T16:57:10.173Z,179096023017300
"""rowan @ GthBpPSqaK"" folds",2026-10-02T16:57:05.815Z,179096022581500
"""Heech @ wzsls5Sz57"" calls 1.00",2026-10-02T16:57:04.950Z,179096022495000
"""sul @ thk9cMWm9U"" folds",2026-10-02T16:57:02.474Z,179096022247400
"""sack @ boAReb7tW9"" raises to 1.00",2026-10-02T16:57:01.569Z,179096022156900
"""Rayan @ nhXZL_Cydv"" calls 0.20",2026-10-02T16:56:57.966Z,179096021796600
"""rowan @ GthBpPSqaK"" posts a big blind of 0.20",2026-10-02T16:56:54.578Z,179096021457808
"""Heech @ wzsls5Sz57"" posts a small blind of 0.10",2026-10-02T16:56:54.578Z,179096021457807
"Player stacks: #1 ""Heech @ wzsls5Sz57"" (18.78) | #2 ""rowan @ GthBpPSqaK"" (16.10) | #3 ""Rayan @ nhXZL_Cydv"" (8.00) | #8 ""sack @ boAReb7tW9"" (23.17) | #10 ""sul @ thk9cMWm9U"" (14.26)",2026-10-02T16:56:54.578Z,179096021457801
"-- starting hand #32 (id: mpbbfui8jnze)  No Limit Texas Hold'em (dealer: ""sul @ thk9cMWm9U"") --",2026-10-02T16:56:54.578Z,179096021457800
"""sack @ boAReb7tW9"" shows a 10♣.",2026-10-02T16:56:50.095Z,179096021009500
"-- ending hand #31 --",2026-10-02T16:56:47.968Z,179096020796802
"""sack @ boAReb7tW9"" collected 7.24 from pot",2026-10-02T16:56:47.968Z,179096020796801
"Uncalled bet of 5.43 returned to ""sack @ boAReb7tW9""",2026-10-02T16:56:47.968Z,179096020796800
"""Heech @ wzsls5Sz57"" folds",2026-10-02T16:56:47.094Z,179096020709400
"""sack @ boAReb7tW9"" bets 5.43",2026-10-02T16:56:43.919Z,179096020391900
"""Heech @ wzsls5Sz57"" checks",2026-10-02T16:56:41.285Z,179096020128500
"Turn: Q♦, K♣, 5♦ [K♥]",2026-10-02T16:56:39.955Z,179096019995500
"""sack @ boAReb7tW9"" calls 2.17",2026-10-02T16:56:39.073Z,179096019907300
"""Heech @ wzsls5Sz57"" bets 2.17",2026-10-02T16:56:37.864Z,179096019786400
"Flop:  [Q♦, K♣, 5♦]",2026-10-02T16:56:32.390Z,179096019239000
"""sack @ boAReb7tW9"" calls 1.40",2026-10-02T16:56:31.563Z,179096019156300
"""Heech @ wzsls5Sz57"" raises to 1.40",2026-10-02T16:56:29.374Z,179096018937400
"""sul @ thk9cMWm9U"" folds",2026-10-02T16:56:23.743Z,179096018374300
"""sack @ boAReb7tW9"" raises to 0.60",2026-10-02T16:56:21.883Z,179096018188300
"""Rayan @ nhXZL_Cydv"" folds",2026-10-02T16:56:18.488Z,179096017848800
"""rowan @ GthBpPSqaK"" folds",2026-10-02T16:56:17.599Z,179096017759900
"""Heech @ wzsls5Sz57"" posts a big blind of 0.20",2026-10-02T16:56:16.189Z,179096017618909
"""sul @ thk9cMWm9U"" posts a small blind of 0.10",2026-10-02T16:56:16.189Z,179096017618908
"Player stacks: #1 ""Heech @ wzsls5Sz57"" (22.35) | #2 ""rowan @ GthBpPSqaK"" (16.10) | #3 ""Rayan @ nhXZL_Cydv"" (8.00) | #8 ""sack @ boAReb7tW9"" (19.50) | #10 ""sul @ thk9cMWm9U"" (14.36)",2026-10-02T16:56:16.189Z,179096017618902
"-- starting hand #31 (id: hbc2psozq8dy)  No Limit Texas Hold'em (dealer: ""sack @ boAReb7tW9"") --",2026-10-02T16:56:16.189Z,179096017618901
"The admin updated the player ""Heech @ wzsls5Sz57"" stack from 42.35 to 22.35.",2026-10-02T16:56:16.189Z,179096017618900
"-- ending hand #30 --",2026-10-02T16:56:08.183Z,179096016818304
"""sul @ thk9cMWm9U"" collected 7.18 from pot with Two Pair, Q's & 9's on the second run  (combination: 6♥, 9♠, 9♣, Q♠, Q♣)",2026-10-02T16:56:08.183Z,179096016818303
"""Heech @ wzsls5Sz57"" collected 7.17 from pot with Two Pair, Q's & 9's on the second run  (combination: 6♥, 9♦, 9♣, Q♦, Q♣)",2026-10-02T16:56:08.183Z,179096016818302
"""sul @ thk9cMWm9U"" collected 7.18 from pot with Pair, 9's (combination: 6♥, Q♠, K♥, 9♠, 9♣)",2026-10-02T16:56:08.183Z,179096016818301
"""Heech @ wzsls5Sz57"" collected 7.17 from pot with Pair, 9's (combination: 6♥, Q♦, K♥, 9♦, 9♣)",2026-10-02T16:56:08.183Z,179096016818300
"River (second run): 5♥, 9♣, 4♣, 6♥ [Q♣]",2026-10-02T16:56:04.180Z,179096016418000
"River: 5♥, 9♣, 4♣, 6♥ [K♥]",2026-10-02T16:56:00.162Z,179096016016200
"""sul @ thk9cMWm9U"" shows a 9♠, Q♠.",2026-10-02T16:55:56.046Z,179096015604601
"""Heech @ wzsls5Sz57"" shows a Q♦, 9♦.",2026-10-02T16:55:56.046Z,179096015604600
"All players in hand choose to run it twice.",2026-10-02T16:55:55.229Z,179096015522901
"""sul @ thk9cMWm9U"" chooses to  run it twice.",2026-10-02T16:55:55.229Z,179096015522900
"""Heech @ wzsls5Sz57"" chooses to  run it twice.",2026-10-02T16:55:54.801Z,179096015480100
"Remaining players decide whether to run it twice.",2026-10-02T16:55:54.178Z,179096015417801
"""Heech @ wzsls5Sz57"" calls 11.23",2026-10-02T16:55:54.178Z,179096015417800
"""sul @ thk9cMWm9U"" raises to 11.23 and go all in",2026-10-02T16:55:35.674Z,179096013567400
"""Heech @ wzsls5Sz57"" bets 3.12",2026-10-02T16:55:22.810Z,179096012281000
"""sul @ thk9cMWm9U"" checks",2026-10-02T16:55:16.022Z,179096011602200
"Turn: 5♥, 9♣, 4♣ [6♥]",2026-10-02T16:55:14.745Z,179096011474500
"""sul @ thk9cMWm9U"" calls 1.87",2026-10-02T16:55:13.940Z,179096011394000
"""Rayan @ nhXZL_Cydv"" folds",2026-10-02T16:55:11.423Z,179096011142300
"""Heech @ wzsls5Sz57"" bets 1.87",2026-10-02T16:55:08.214Z,179096010821400
"""sul @ thk9cMWm9U"" checks",2026-10-02T16:55:05.263Z,179096010526300
"Flop:  [5♥, 9♣, 4♣]",2026-10-02T16:54:37.966Z,179096007796600
"""sul @ thk9cMWm9U"" calls 0.80",2026-10-02T16:54:37.144Z,179096007714400
"""sack @ boAReb7tW9"" folds",2026-10-02T16:54:35.959Z,179096007595900
"""Rayan @ nhXZL_Cydv"" calls 0.80",2026-10-02T16:54:35.076Z,179096007507600
"""rowan @ GthBpPSqaK"" folds",2026-10-02T16:54:32.807Z,179096007280700
"""Heech @ wzsls5Sz57"" raises to 0.80",2026-10-02T16:54:31.936Z,179096007193600
"WARNING: the admin queued the stack change for the player ""Heech @ wzsls5Sz57"" removing 20.00 chips in the next hand.",2026-10-02T16:54:27.175Z,179096006717500
"""sul @ thk9cMWm9U"" posts a big blind of 0.20",2026-10-02T16:54:22.596Z,179096006259608
"""sack @ boAReb7tW9"" posts a small blind of 0.10",2026-10-02T16:54:22.596Z,179096006259607
"Player stacks: #1 ""Heech @ wzsls5Sz57"" (41.91) | #2 ""rowan @ GthBpPSqaK"" (16.10) | #3 ""Rayan @ nhXZL_Cydv"" (8.80) | #8 ""sack @ boAReb7tW9"" (19.60) | #10 ""sul @ thk9cMWm9U"" (13.90)",2026-10-02T16:54:22.596Z,179096006259601
"-- starting hand #30 (id: 5an5olzvkpgp)  No Limit Texas Hold'em (dealer: ""Rayan @ nhXZL_Cydv"") --",2026-10-02T16:54:22.596Z,179096006259600
"""rowan @ GthBpPSqaK"" shows a 8♦, A♠.",2026-10-02T16:54:16.322Z,179096005632200
"-- ending hand #29 --",2026-10-02T16:54:15.987Z,179096005598702
"""Rayan @ nhXZL_Cydv"" collected 5.20 from pot",2026-10-02T16:54:15.987Z,179096005598701
"Uncalled bet of 3.60 returned to ""Rayan @ nhXZL_Cydv""",2026-10-02T16:54:15.987Z,179096005598700
"""rowan @ GthBpPSqaK"" folds",2026-10-02T16:54:15.181Z,179096005518100
"""Heech @ wzsls5Sz57"" folds",2026-10-02T16:54:13.231Z,179096005323100
"""Rayan @ nhXZL_Cydv"" raises to 4.90 and go all in",2026-10-02T16:54:12.365Z,179096005236500
"""rowan @ GthBpPSqaK"" bets 1.30",2026-10-02T16:54:10.031Z,179096005003100
"""Heech @ wzsls5Sz57"" checks",2026-10-02T16:54:07.376Z,179096004737600
"""Rayan @ nhXZL_Cydv"" checks",2026-10-02T16:54:06.340Z,179096004634000
"Flop:  [J♠, 9♥, J♥]",2026-10-02T16:54:04.583Z,179096004458300
"""Heech @ wzsls5Sz57"" calls 0.80",2026-10-02T16:54:03.742Z,179096004374200
"""sack @ boAReb7tW9"" folds",2026-10-02T16:54:02.104Z,179096004210400
"""Rayan @ nhXZL_Cydv"" calls 0.80",2026-10-02T16:53:59.992Z,179096003999200
"""rowan @ GthBpPSqaK"" raises to 0.80",2026-10-02T16:53:55.707Z,179096003570700
"""Heech @ wzsls5Sz57"" calls 0.20",2026-10-02T16:53:52.683Z,179096003268300
"""sul @ thk9cMWm9U"" folds",2026-10-02T16:53:51.695Z,179096003169500
"""sack @ boAReb7tW9"" posts a big blind of 0.20",2026-10-02T16:53:50.544Z,179096003054408
"""Rayan @ nhXZL_Cydv"" posts a small blind of 0.10",2026-10-02T16:53:50.544Z,179096003054407
"Player stacks: #1 ""Heech @ wzsls5Sz57"" (42.71) | #2 ""rowan @ GthBpPSqaK"" (18.20) | #3 ""Rayan @ nhXZL_Cydv"" (5.70) | #8 ""sack @ boAReb7tW9"" (19.80) | #10 ""sul @ thk9cMWm9U"" (13.90)",2026-10-02T16:53:50.544Z,179096003054401
"-- starting hand #29 (id: dqhwjkw83aix)  No Limit Texas Hold'em (dealer: ""rowan @ GthBpPSqaK"") --",2026-10-02T16:53:50.544Z,179096003054400
"-- ending hand #28 --",2026-10-02T16:53:44.534Z,179096002453402
"""Rayan @ nhXZL_Cydv"" collected 0.50 from pot with Pair, 8's (combination: Q♥, K♣, A♠, 8♦, 8♠)",2026-10-02T16:53:44.534Z,179096002453401
"""Rayan @ nhXZL_Cydv"" shows a 5♣, 8♦.",2026-10-02T16:53:44.534Z,179096002453400
"""Heech @ wzsls5Sz57"" checks",2026-10-02T16:53:43.716Z,179096002371600
"""Rayan @ nhXZL_Cydv"" checks",2026-10-02T16:53:42.798Z,179096002279800
"River: A♠, 8♠, K♣, 9♠ [Q♥]",2026-10-02T16:53:41.582Z,179096002158200
"""Heech @ wzsls5Sz57"" checks",2026-10-02T16:53:40.776Z,179096002077600
"""Rayan @ nhXZL_Cydv"" checks",2026-10-02T16:53:39.901Z,179096001990100
"Turn: A♠, 8♠, K♣ [9♠]",2026-10-02T16:53:39.066Z,179096001906600
"""Heech @ wzsls5Sz57"" checks",2026-10-02T16:53:38.246Z,179096001824600
"""Rayan @ nhXZL_Cydv"" checks",2026-10-02T16:53:37.012Z,179096001701200
"Flop:  [A♠, 8♠, K♣]",2026-10-02T16:53:36.062Z,179096001606200
"""Rayan @ nhXZL_Cydv"" checks",2026-10-02T16:53:35.255Z,179096001525500
"""rowan @ GthBpPSqaK"" folds",2026-10-02T16:53:21.935Z,179096000193500
"""Heech @ wzsls5Sz57"" calls 0.20",2026-10-02T16:53:21.056Z,179096000105600
"""sul @ thk9cMWm9U"" folds",2026-10-02T16:53:18.887Z,179095999888700
"""sack @ boAReb7tW9"" folds",2026-10-02T16:53:18.035Z,179095999803500
"""Rayan @ nhXZL_Cydv"" posts a big blind of 0.20",2026-10-02T16:53:16.706Z,179095999670608
"""rowan @ GthBpPSqaK"" posts a small blind of 0.10",2026-10-02T16:53:16.706Z,179095999670607
"Player stacks: #1 ""Heech @ wzsls5Sz57"" (42.91) | #2 ""rowan @ GthBpPSqaK"" (18.30) | #3 ""Rayan @ nhXZL_Cydv"" (5.40) | #8 ""sack @ boAReb7tW9"" (19.80) | #10 ""sul @ thk9cMWm9U"" (13.90)",2026-10-02T16:53:16.706Z,179095999670601
"-- starting hand #28 (id: 0eqb7gbf1wth)  No Limit Texas Hold'em (dealer: ""Heech @ wzsls5Sz57"") --",2026-10-02T16:53:16.706Z,179095999670600
"""Heech @ wzsls5Sz57"" shows a 3♥.",2026-10-02T16:53:12.260Z,179095999226000
"-- ending hand #27 --",2026-10-02T16:53:10.103Z,179095999010301
"""rowan @ GthBpPSqaK"" collected 2.20 from pot",2026-10-02T16:53:10.103Z,179095999010300
"""Heech @ wzsls5Sz57"" folds",2026-10-02T16:53:09.299Z,179095998929900
"Flop:  [K♦, 2♠, 4♣]",2026-10-02T16:53:07.013Z,179095998701300
"""Heech @ wzsls5Sz57"" calls 1.00",2026-10-02T16:53:06.205Z,179095998620500
"""sack @ boAReb7tW9"" folds",2026-10-02T16:52:59.747Z,179095997974700
"""rowan @ GthBpPSqaK"" raises to 1.00",2026-10-02T16:52:57.981Z,179095997798100
"""Heech @ wzsls5Sz57"" calls 0.20",2026-10-02T16:52:54.939Z,179095997493900
"""sul @ thk9cMWm9U"" folds",2026-10-02T16:52:53.034Z,179095997303400
"""sack @ boAReb7tW9"" calls 0.20",2026-10-02T16:52:42.741Z,179095996274100
"""Rayan @ nhXZL_Cydv"" folds",2026-10-02T16:52:39.524Z,179095995952400
"""rowan @ GthBpPSqaK"" posts a big blind of 0.20",2026-10-02T16:52:38.455Z,179095995845509
"""Heech @ wzsls5Sz57"" posts a small blind of 0.10",2026-10-02T16:52:38.455Z,179095995845508
"Player stacks: #1 ""Heech @ wzsls5Sz57"" (43.91) | #2 ""rowan @ GthBpPSqaK"" (17.10) | #3 ""Rayan @ nhXZL_Cydv"" (5.40) | #8 ""sack @ boAReb7tW9"" (20.00) | #10 ""sul @ thk9cMWm9U"" (13.90)",2026-10-02T16:52:38.455Z,179095995845502
"-- starting hand #27 (id: kxinmzhitksq)  No Limit Texas Hold'em (dealer: ""sul @ thk9cMWm9U"") --",2026-10-02T16:52:38.455Z,179095995845501
"The player ""sack @ boAReb7tW9"" joined the game with a stack of 20.00.",2026-10-02T16:52:38.455Z,179095995845500
"-- ending hand #26 --",2026-10-02T16:52:32.449Z,179095995244903
"""Heech @ wzsls5Sz57"" collected 22.00 from pot with Three of a Kind, 3's (combination: 7♣, Q♦, 3♣, 3♦, 3♥)",2026-10-02T16:52:32.449Z,179095995244902
"""Heech @ wzsls5Sz57"" shows a 5♣, 3♣.",2026-10-02T16:52:32.449Z,179095995244901
"""Rayan @ nhXZL_Cydv"" shows a A♠, K♥.",2026-10-02T16:52:32.449Z,179095995244900
"""Heech @ wzsls5Sz57"" calls 6.60",2026-10-02T16:52:31.612Z,179095995161200
"""Rayan @ nhXZL_Cydv"" bets 6.60",2026-10-02T16:52:30.750Z,179095995075000
"""Heech @ wzsls5Sz57"" checks",2026-10-02T16:52:27.447Z,179095994744700
"River: 2♣, Q♦, 3♦, 3♥ [7♣]",2026-10-02T16:52:25.834Z,179095994583400
"""Heech @ wzsls5Sz57"" calls 3.20",2026-10-02T16:52:24.979Z,179095994497900
"""sul @ thk9cMWm9U"" folds",2026-10-02T16:52:17.922Z,179095993792200
"""Rayan @ nhXZL_Cydv"" raises to 3.20",2026-10-02T16:52:17.040Z,179095993704000
"""Heech @ wzsls5Sz57"" bets 1.20",2026-10-02T16:52:11.917Z,179095993191700
"""sul @ thk9cMWm9U"" checks",2026-10-02T16:52:09.281Z,179095992928100
"The admin approved the player ""sack @ boAReb7tW9"" participation with a stack of 20.00.",2026-10-02T16:52:06.282Z,179095992628200
"The player ""sack @ boAReb7tW9"" requested a seat.",2026-10-02T16:52:05.018Z,179095992501800
"Turn: 2♣, Q♦, 3♦ [3♥]",2026-10-02T16:52:04.077Z,179095992407700
"""Rayan @ nhXZL_Cydv"" checks",2026-10-02T16:52:03.270Z,179095992327000
"""Heech @ wzsls5Sz57"" checks",2026-10-02T16:52:01.961Z,179095992196100
"""sul @ thk9cMWm9U"" checks",2026-10-02T16:51:59.960Z,179095991996000
"Flop:  [2♣, Q♦, 3♦]",2026-10-02T16:51:57.937Z,179095991793700
"""Heech @ wzsls5Sz57"" calls 0.80",2026-10-02T16:51:57.102Z,179095991710200
"""sul @ thk9cMWm9U"" calls 0.80",2026-10-02T16:51:55.487Z,179095991548700
"""Rayan @ nhXZL_Cydv"" raises to 0.80",2026-10-02T16:51:50.892Z,179095991089200
"""rowan @ GthBpPSqaK"" folds",2026-10-02T16:51:48.694Z,179095990869400
"""Heech @ wzsls5Sz57"" posts a big blind of 0.20",2026-10-02T16:51:47.583Z,179095990758308
"""sul @ thk9cMWm9U"" posts a small blind of 0.10",2026-10-02T16:51:47.583Z,179095990758307
"Player stacks: #1 ""Heech @ wzsls5Sz57"" (32.51) | #2 ""rowan @ GthBpPSqaK"" (17.10) | #3 ""Rayan @ nhXZL_Cydv"" (16.00) | #10 ""sul @ thk9cMWm9U"" (14.70)",2026-10-02T16:51:47.583Z,179095990758302
"-- starting hand #26 (id: 8lcxmnweoe5l)  No Limit Texas Hold'em (dead button) --",2026-10-02T16:51:47.583Z,179095990758301
"The player ""Gabe @ 9mpVPy0oPx"" stand up with the stack of 39.69.",2026-10-02T16:51:47.583Z,179095990758300
"""sul @ thk9cMWm9U"" shows a 10♣, 10♠.",2026-10-02T16:51:43.696Z,179095990369600
"-- ending hand #25 --",2026-10-02T16:51:40.981Z,179095990098102
"""sul @ thk9cMWm9U"" collected 0.20 from pot",2026-10-02T16:51:40.981Z,179095990098101
"Uncalled bet of 0.10 returned to ""sul @ thk9cMWm9U""",2026-10-02T16:51:40.981Z,179095990098100
"""Gabe @ 9mpVPy0oPx"" folds",2026-10-02T16:51:40.123Z,179095990012300
"""Rayan @ nhXZL_Cydv"" folds",2026-10-02T16:51:26.870Z,179095988687000
"""rowan @ GthBpPSqaK"" folds",2026-10-02T16:51:26.035Z,179095988603500
"""Heech @ wzsls5Sz57"" folds",2026-10-02T16:51:25.169Z,179095988516900
"""sul @ thk9cMWm9U"" posts a big blind of 0.20",2026-10-02T16:51:23.990Z,179095988399008
"""Gabe @ 9mpVPy0oPx"" posts a small blind of 0.10",2026-10-02T16:51:23.990Z,179095988399007
"Player stacks: #1 ""Heech @ wzsls5Sz57"" (32.51) | #2 ""rowan @ GthBpPSqaK"" (17.10) | #3 ""Rayan @ nhXZL_Cydv"" (16.00) | #9 ""Gabe @ 9mpVPy0oPx"" (39.79) | #10 ""sul @ thk9cMWm9U"" (14.60)",2026-10-02T16:51:23.990Z,179095988399001
"-- starting hand #25 (id: rohyqv0itea9)  No Limit Texas Hold'em (dealer: ""Rayan @ nhXZL_Cydv"") --",2026-10-02T16:51:23.990Z,179095988399000
"-- ending hand #24 --",2026-10-02T16:51:18.074Z,179095987807402
"""Heech @ wzsls5Sz57"" collected 2.40 from pot",2026-10-02T16:51:18.074Z,179095987807401
"Uncalled bet of 1.80 returned to ""Heech @ wzsls5Sz57""",2026-10-02T16:51:18.074Z,179095987807400
"""sul @ thk9cMWm9U"" folds",2026-10-02T16:51:17.263Z,179095987726300
"""Gabe @ 9mpVPy0oPx"" folds",2026-10-02T16:51:15.663Z,179095987566300
"""Rayan @ nhXZL_Cydv"" folds",2026-10-02T16:51:14.765Z,179095987476500
"""Heech @ wzsls5Sz57"" bets 1.80",2026-10-02T16:51:13.629Z,179095987362900
"""sul @ thk9cMWm9U"" checks",2026-10-02T16:51:11.498Z,179095987149800
"""Gabe @ 9mpVPy0oPx"" checks",2026-10-02T16:51:10.646Z,179095987064600
"""Rayan @ nhXZL_Cydv"" checks",2026-10-02T16:51:08.868Z,179095986886800
"Turn: 3♣, J♣, 8♠ [2♣]",2026-10-02T16:51:06.586Z,179095986658600
"""Heech @ wzsls5Sz57"" checks",2026-10-02T16:51:05.721Z,179095986572100
"""sul @ thk9cMWm9U"" checks",2026-10-02T16:51:04.411Z,179095986441100
"""Gabe @ 9mpVPy0oPx"" checks",2026-10-02T16:51:02.861Z,179095986286100
"""Rayan @ nhXZL_Cydv"" checks",2026-10-02T16:51:01.451Z,179095986145100
"Flop:  [3♣, J♣, 8♠]",2026-10-02T16:51:00.098Z,179095986009800
"""Gabe @ 9mpVPy0oPx"" calls 0.60",2026-10-02T16:50:59.226Z,179095985922600
"""Rayan @ nhXZL_Cydv"" calls 0.60",2026-10-02T16:50:44.410Z,179095984441000
"""rowan @ GthBpPSqaK"" folds",2026-10-02T16:50:42.524Z,179095984252400
"""Heech @ wzsls5Sz57"" calls 0.60",2026-10-02T16:50:41.634Z,179095984163400
"""sul @ thk9cMWm9U"" raises to 0.60",2026-10-02T16:50:39.268Z,179095983926800
"""Gabe @ 9mpVPy0oPx"" posts a big blind of 0.20",2026-10-02T16:50:29.476Z,179095982947608
"""Rayan @ nhXZL_Cydv"" posts a small blind of 0.10",2026-10-02T16:50:29.476Z,179095982947607
"Player stacks: #1 ""Heech @ wzsls5Sz57"" (30.71) | #2 ""rowan @ GthBpPSqaK"" (17.10) | #3 ""Rayan @ nhXZL_Cydv"" (16.60) | #9 ""Gabe @ 9mpVPy0oPx"" (40.39) | #10 ""sul @ thk9cMWm9U"" (15.20)",2026-10-02T16:50:29.476Z,179095982947601
"-- starting hand #24 (id: gqxhwfs1pbex)  No Limit Texas Hold'em (dealer: ""rowan @ GthBpPSqaK"") --",2026-10-02T16:50:29.476Z,179095982947600
"""Rayan @ nhXZL_Cydv"" shows a A♠, K♣.",2026-10-02T16:50:23.084Z,179095982308400
"-- ending hand #23 --",2026-10-02T16:50:22.784Z,179095982278402
"""Heech @ wzsls5Sz57"" collected 7.20 from pot",2026-10-02T16:50:22.784Z,179095982278401
"Uncalled bet of 3.60 returned to ""Heech @ wzsls5Sz57""",2026-10-02T16:50:22.784Z,179095982278400
"""Rayan @ nhXZL_Cydv"" folds",2026-10-02T16:50:21.969Z,179095982196900
"""Heech @ wzsls5Sz57"" bets 3.60",2026-10-02T16:50:15.697Z,179095981569700
"""Rayan @ nhXZL_Cydv"" checks",2026-10-02T16:50:13.401Z,179095981340100
"Turn: 9♥, 3♦, 6♥ [7♦]",2026-10-02T16:50:09.945Z,179095980994500
"""rowan @ GthBpPSqaK"" folds",2026-10-02T16:50:09.121Z,179095980912100
"""Heech @ wzsls5Sz57"" calls 2.00",2026-10-02T16:50:08.279Z,179095980827900
"""sul @ thk9cMWm9U"" folds",2026-10-02T16:50:07.179Z,179095980717900
"""Rayan @ nhXZL_Cydv"" bets 2.00",2026-10-02T16:50:06.319Z,179095980631900
"""rowan @ GthBpPSqaK"" checks",2026-10-02T16:50:00.929Z,179095980092900
"Flop:  [9♥, 3♦, 6♥]",2026-10-02T16:49:59.843Z,179095979984300
"""rowan @ GthBpPSqaK"" calls 0.80",2026-10-02T16:49:59.008Z,179095979900800
"""Heech @ wzsls5Sz57"" calls 0.80",2026-10-02T16:49:58.147Z,179095979814700
"""sul @ thk9cMWm9U"" calls 0.80",2026-10-02T16:49:57.283Z,179095979728300
"""Rayan @ nhXZL_Cydv"" raises to 0.80",2026-10-02T16:49:56.105Z,179095979610500
"""rowan @ GthBpPSqaK"" calls 0.20",2026-10-02T16:49:53.545Z,179095979354500
"""Heech @ wzsls5Sz57"" calls 0.20",2026-10-02T16:49:52.676Z,179095979267600
"""sul @ thk9cMWm9U"" calls 0.20",2026-10-02T16:49:50.245Z,179095979024500
"""Gabe @ 9mpVPy0oPx"" folds",2026-10-02T16:49:45.456Z,179095978545600
"""Rayan @ nhXZL_Cydv"" posts a big blind of 0.20",2026-10-02T16:49:41.594Z,179095978159408
"""rowan @ GthBpPSqaK"" posts a small blind of 0.10",2026-10-02T16:49:41.594Z,179095978159407
"Player stacks: #1 ""Heech @ wzsls5Sz57"" (26.31) | #2 ""rowan @ GthBpPSqaK"" (17.90) | #3 ""Rayan @ nhXZL_Cydv"" (19.40) | #9 ""Gabe @ 9mpVPy0oPx"" (40.39) | #10 ""sul @ thk9cMWm9U"" (16.00)",2026-10-02T16:49:41.594Z,179095978159401
"-- starting hand #23 (id: b6zkvqhkiqdo)  No Limit Texas Hold'em (dealer: ""Heech @ wzsls5Sz57"") --",2026-10-02T16:49:41.594Z,179095978159400
"-- ending hand #22 --",2026-10-02T16:49:38.690Z,179095977869002
"""Heech @ wzsls5Sz57"" collected 6.40 from pot",2026-10-02T16:49:38.690Z,179095977869001
"Uncalled bet of 3.20 returned to ""Heech @ wzsls5Sz57""",2026-10-02T16:49:38.690Z,179095977869000
"""sul @ thk9cMWm9U"" folds",2026-10-02T16:49:37.882Z,179095977788200
"""Heech @ wzsls5Sz57"" bets 3.20",2026-10-02T16:49:36.639Z,179095977663900
"River: 6♣, 7♦, 8♣, 3♠ [4♠]",2026-10-02T16:49:34.287Z,179095977428700
"""sul @ thk9cMWm9U"" checks",2026-10-02T16:49:33.435Z,179095977343500
"""Heech @ wzsls5Sz57"" checks",2026-10-02T16:49:32.136Z,179095977213600
"Turn: 6♣, 7♦, 8♣ [3♠]",2026-10-02T16:49:29.285Z,179095976928500
"""Rayan @ nhXZL_Cydv"" folds",2026-10-02T16:49:28.445Z,179095976844500
"""rowan @ GthBpPSqaK"" folds",2026-10-02T16:49:27.203Z,179095976720300
"""Heech @ wzsls5Sz57"" calls 2.00",2026-10-02T16:49:22.440Z,179095976244000
"""sul @ thk9cMWm9U"" bets 2.00",2026-10-02T16:49:21.576Z,179095976157600
"""Rayan @ nhXZL_Cydv"" checks",2026-10-02T16:49:14.599Z,179095975459900
"""rowan @ GthBpPSqaK"" checks",2026-10-02T16:49:13.048Z,179095975304800
"""Heech @ wzsls5Sz57"" checks",2026-10-02T16:49:11.430Z,179095975143000
"Flop:  [6♣, 7♦, 8♣]",2026-10-02T16:49:09.771Z,179095974977100
"""rowan @ GthBpPSqaK"" calls 0.60",2026-10-02T16:49:08.915Z,179095974891500
"""Heech @ wzsls5Sz57"" calls 0.60",2026-10-02T16:49:08.046Z,179095974804600
"""sul @ thk9cMWm9U"" calls 0.60",2026-10-02T16:49:06.571Z,179095974657100
"""Gabe @ 9mpVPy0oPx"" folds",2026-10-02T16:48:51.910Z,179095973191000
"""Rayan @ nhXZL_Cydv"" raises to 0.60",2026-10-02T16:48:50.930Z,179095973093000
"""rowan @ GthBpPSqaK"" posts a big blind of 0.20",2026-10-02T16:48:48.656Z,179095972865609
"""Heech @ wzsls5Sz57"" posts a small blind of 0.10",2026-10-02T16:48:48.656Z,179095972865608
"Player stacks: #1 ""Heech @ wzsls5Sz57"" (22.51) | #2 ""rowan @ GthBpPSqaK"" (18.50) | #3 ""Rayan @ nhXZL_Cydv"" (20.00) | #9 ""Gabe @ 9mpVPy0oPx"" (40.39) | #10 ""sul @ thk9cMWm9U"" (18.60)",2026-10-02T16:48:48.656Z,179095972865602
"-- starting hand #22 (id: ojkhzg48jqup)  No Limit Texas Hold'em (dealer: ""sul @ thk9cMWm9U"") --",2026-10-02T16:48:48.656Z,179095972865601
"The player ""Rayan @ nhXZL_Cydv"" joined the game with a stack of 20.00.",2026-10-02T16:48:48.656Z,179095972865600
"-- ending hand #21 --",2026-10-02T16:48:42.648Z,179095972264803
"""Gabe @ 9mpVPy0oPx"" collected 2.48 from pot with Pair, 8's (combination: J♦, Q♠, A♥, 8♠, 8♣)",2026-10-02T16:48:42.648Z,179095972264802
"""Gabe @ 9mpVPy0oPx"" shows a J♦, 8♠.",2026-10-02T16:48:42.648Z,179095972264801
"""Heech @ wzsls5Sz57"" shows a 6♦, K♠.",2026-10-02T16:48:42.648Z,179095972264800
"""Gabe @ 9mpVPy0oPx"" calls 0.20",2026-10-02T16:48:41.839Z,179095972183900
"""Heech @ wzsls5Sz57"" bets 0.20",2026-10-02T16:48:40.859Z,179095972085900
"River: A♥, 8♣, 6♠, Q♠ [4♣]",2026-10-02T16:48:39.845Z,179095971984500
"""Gabe @ 9mpVPy0oPx"" checks",2026-10-02T16:48:39.026Z,179095971902600
"""Heech @ wzsls5Sz57"" checks",2026-10-02T16:48:37.922Z,179095971792200
"Turn: A♥, 8♣, 6♠ [Q♠]",2026-10-02T16:48:37.043Z,179095971704300
"""Heech @ wzsls5Sz57"" calls 0.42",2026-10-02T16:48:36.212Z,179095971621200
"""Gabe @ 9mpVPy0oPx"" bets 0.42",2026-10-02T16:48:34.645Z,179095971464500
"""Heech @ wzsls5Sz57"" checks",2026-10-02T16:48:32.142Z,179095971214200
"Flop:  [A♥, 8♣, 6♠]",2026-10-02T16:48:30.378Z,179095971037800
"""Heech @ wzsls5Sz57"" calls 0.57",2026-10-02T16:48:29.539Z,179095970953900
"""sul @ thk9cMWm9U"" folds",2026-10-02T16:48:27.663Z,179095970766300
"""Gabe @ 9mpVPy0oPx"" raises to 0.57",2026-10-02T16:48:24.824Z,179095970482400
"""rowan @ GthBpPSqaK"" folds",2026-10-02T16:48:22.473Z,179095970247300
"The admin approved the player ""Rayan @ nhXZL_Cydv"" participation with a stack of 20.00.",2026-10-02T16:48:21.131Z,179095970113100
"""Heech @ wzsls5Sz57"" posts a big blind of 0.20",2026-10-02T16:48:20.895Z,179095970089507
"""sul @ thk9cMWm9U"" posts a small blind of 0.10",2026-10-02T16:48:20.895Z,179095970089506
"Player stacks: #1 ""Heech @ wzsls5Sz57"" (23.70) | #2 ""rowan @ GthBpPSqaK"" (18.50) | #9 ""Gabe @ 9mpVPy0oPx"" (39.10) | #10 ""sul @ thk9cMWm9U"" (18.70)",2026-10-02T16:48:20.895Z,179095970089501
"-- starting hand #21 (id: ee74x9gatzka)  No Limit Texas Hold'em (dealer: ""Gabe @ 9mpVPy0oPx"") --",2026-10-02T16:48:20.895Z,179095970089500
"The player ""Rayan @ nhXZL_Cydv"" requested a seat.",2026-10-02T16:48:19.505Z,179095969950500
"-- ending hand #20 --",2026-10-02T16:48:14.965Z,179095969496502
"""Gabe @ 9mpVPy0oPx"" collected 0.40 from pot",2026-10-02T16:48:14.965Z,179095969496501
"Uncalled bet of 0.40 returned to ""Gabe @ 9mpVPy0oPx""",2026-10-02T16:48:14.965Z,179095969496500
"""sul @ thk9cMWm9U"" folds",2026-10-02T16:48:14.131Z,179095969413100
"""Gabe @ 9mpVPy0oPx"" raises to 0.60",2026-10-02T16:48:13.252Z,179095969325200
"""rowan @ GthBpPSqaK"" folds",2026-10-02T16:48:11.103Z,179095969110300
"""Heech @ wzsls5Sz57"" folds",2026-10-02T16:48:10.183Z,179095969018300
"""sul @ thk9cMWm9U"" posts a big blind of 0.20",2026-10-02T16:48:08.890Z,179095968889007
"""Gabe @ 9mpVPy0oPx"" posts a small blind of 0.10",2026-10-02T16:48:08.890Z,179095968889006
"Player stacks: #1 ""Heech @ wzsls5Sz57"" (23.70) | #2 ""rowan @ GthBpPSqaK"" (18.50) | #9 ""Gabe @ 9mpVPy0oPx"" (38.90) | #10 ""sul @ thk9cMWm9U"" (18.90)",2026-10-02T16:48:08.890Z,179095968889001
"-- starting hand #20 (id: tk9rbt8tbtfh)  No Limit Texas Hold'em (dealer: ""rowan @ GthBpPSqaK"") --",2026-10-02T16:48:08.890Z,179095968889000
"-- ending hand #19 --",2026-10-02T16:48:05.962Z,179095968596202
"""Heech @ wzsls5Sz57"" collected 7.20 from pot",2026-10-02T16:48:05.962Z,179095968596201
"Uncalled bet of 5.40 returned to ""Heech @ wzsls5Sz57""",2026-10-02T16:48:05.962Z,179095968596200
"""rowan @ GthBpPSqaK"" folds",2026-10-02T16:48:05.155Z,179095968515500
"""Heech @ wzsls5Sz57"" bets 5.40",2026-10-02T16:48:03.499Z,179095968349900
"""rowan @ GthBpPSqaK"" checks",2026-10-02T16:48:00.345Z,179095968034500
"River: 5♦, 9♠, 5♣, 6♣ [8♥]",2026-10-02T16:47:59.520Z,179095967952000
"""rowan @ GthBpPSqaK"" calls 1.80",2026-10-02T16:47:58.708Z,179095967870800
"""Heech @ wzsls5Sz57"" bets 1.80",2026-10-02T16:47:56.801Z,179095967680100
"""rowan @ GthBpPSqaK"" checks",2026-10-02T16:47:53.126Z,179095967312600
"Turn: 5♦, 9♠, 5♣ [6♣]",2026-10-02T16:47:52.079Z,179095967207900
"""rowan @ GthBpPSqaK"" calls 0.90",2026-10-02T16:47:51.259Z,179095967125900
"""Heech @ wzsls5Sz57"" bets 0.90",2026-10-02T16:47:49.479Z,179095966947900
"""rowan @ GthBpPSqaK"" checks",2026-10-02T16:47:46.602Z,179095966660200
"Flop:  [5♦, 9♠, 5♣]",2026-10-02T16:47:45.293Z,179095966529300
"""Gabe @ 9mpVPy0oPx"" folds",2026-10-02T16:47:44.465Z,179095966446500
"""rowan @ GthBpPSqaK"" calls 0.80",2026-10-02T16:47:43.302Z,179095966330200
"""Heech @ wzsls5Sz57"" raises to 0.80",2026-10-02T16:47:41.751Z,179095966175100
"""sul @ thk9cMWm9U"" folds",2026-10-02T16:47:38.987Z,179095965898700
"""Gabe @ 9mpVPy0oPx"" posts a big blind of 0.20",2026-10-02T16:47:36.524Z,179095965652409
"""rowan @ GthBpPSqaK"" posts a small blind of 0.10",2026-10-02T16:47:36.524Z,179095965652408
"Player stacks: #1 ""Heech @ wzsls5Sz57"" (20.00) | #2 ""rowan @ GthBpPSqaK"" (22.00) | #9 ""Gabe @ 9mpVPy0oPx"" (39.10) | #10 ""sul @ thk9cMWm9U"" (18.90)",2026-10-02T16:47:36.524Z,179095965652403
"-- starting hand #19 (id: mpvzuskudkdh)  No Limit Texas Hold'em (dealer: ""Heech @ wzsls5Sz57"") --",2026-10-02T16:47:36.524Z,179095965652402
"The player ""Heech @ wzsls5Sz57"" rebought. New stack 20.00.",2026-10-02T16:47:36.524Z,179095965652401
"The player ""Heech @ wzsls5Sz57"" requested a rebuy of 20.00.",2026-10-02T16:47:36.524Z,179095965652400
"Asking to busted players the rebuy decision.",2026-10-02T16:47:33.283Z,179095965328300
"-- ending hand #18 --",2026-10-02T16:47:25.276Z,179095964527602
"""Gabe @ 9mpVPy0oPx"" collected 15.90 from pot with Flush, K High on the second run  (combination: 2♣, 4♣, 6♣, 7♣, K♣)",2026-10-02T16:47:25.276Z,179095964527601
"""Gabe @ 9mpVPy0oPx"" collected 15.90 from pot with Flush, K High (combination: 2♣, 4♣, 6♣, 7♣, K♣)",2026-10-02T16:47:25.276Z,179095964527600
"River (second run): 2♣, K♣, 4♣, 5♦ [6♥]",2026-10-02T16:47:21.272Z,179095964127200
"River: 2♣, K♣, 4♣, 5♦ [9♦]",2026-10-02T16:47:17.237Z,179095963723700
"""Gabe @ 9mpVPy0oPx"" shows a 6♣, 7♣.",2026-10-02T16:47:13.179Z,179095963317902
"""Heech @ wzsls5Sz57"" shows a A♣, J♥.",2026-10-02T16:47:13.179Z,179095963317901
"Uncalled bet of 7.30 returned to ""Gabe @ 9mpVPy0oPx""",2026-10-02T16:47:13.179Z,179095963317900
"All players in hand choose to run it twice.",2026-10-02T16:47:12.372Z,179095963237201
"""Gabe @ 9mpVPy0oPx"" chooses to  run it twice.",2026-10-02T16:47:12.372Z,179095963237200
"""Heech @ wzsls5Sz57"" chooses to  run it twice.",2026-10-02T16:47:11.521Z,179095963152100
"Remaining players decide whether to run it twice.",2026-10-02T16:47:10.617Z,179095963061701
"""Heech @ wzsls5Sz57"" calls 12.90 and go all in",2026-10-02T16:47:10.617Z,179095963061700
"""Gabe @ 9mpVPy0oPx"" raises to 20.20 and go all in",2026-10-02T16:46:51.447Z,179095961144700
"""Heech @ wzsls5Sz57"" raises to 6.60",2026-10-02T16:46:48.704Z,179095960870400
"""Gabe @ 9mpVPy0oPx"" bets 3.00",2026-10-02T16:46:43.578Z,179095960357800
"""Heech @ wzsls5Sz57"" checks",2026-10-02T16:46:37.672Z,179095959767200
"Turn: 2♣, K♣, 4♣ [5♦]",2026-10-02T16:46:36.342Z,179095959634200
"""Heech @ wzsls5Sz57"" calls 1.30",2026-10-02T16:46:35.499Z,179095959549900
"""Gabe @ 9mpVPy0oPx"" bets 1.30",2026-10-02T16:46:29.677Z,179095958967700
"""Heech @ wzsls5Sz57"" checks",2026-10-02T16:46:24.509Z,179095958450900
"Flop:  [2♣, K♣, 4♣]",2026-10-02T16:46:21.251Z,179095958125100
"""Gabe @ 9mpVPy0oPx"" calls 1.60",2026-10-02T16:46:20.446Z,179095958044600
"""rowan @ GthBpPSqaK"" folds",2026-10-02T16:46:19.346Z,179095957934600
"""Heech @ wzsls5Sz57"" raises to 1.60",2026-10-02T16:46:18.476Z,179095957847600
"""sul @ thk9cMWm9U"" folds",2026-10-02T16:46:15.482Z,179095957548200
"""Gabe @ 9mpVPy0oPx"" raises to 0.70",2026-10-02T16:46:12.696Z,179095957269600
"""rowan @ GthBpPSqaK"" posts a big blind of 0.20",2026-10-02T16:46:11.132Z,179095957113207
"""Heech @ wzsls5Sz57"" posts a small blind of 0.10",2026-10-02T16:46:11.132Z,179095957113206
"Player stacks: #1 ""Heech @ wzsls5Sz57"" (15.80) | #2 ""rowan @ GthBpPSqaK"" (22.20) | #9 ""Gabe @ 9mpVPy0oPx"" (23.10) | #10 ""sul @ thk9cMWm9U"" (18.90)",2026-10-02T16:46:11.132Z,179095957113201
"-- starting hand #18 (id: 91dpbdvtosoz)  No Limit Texas Hold'em (dealer: ""sul @ thk9cMWm9U"") --",2026-10-02T16:46:11.132Z,179095957113200
"""sul @ thk9cMWm9U"" shows a 10♥, 2♦.",2026-10-02T16:46:09.567Z,179095956956700
"""Heech @ wzsls5Sz57"" shows a 7♥, 6♥.",2026-10-02T16:46:06.959Z,179095956695900
"-- ending hand #17 --",2026-10-02T16:46:03.797Z,179095956379702
"""Heech @ wzsls5Sz57"" collected 0.20 from pot",2026-10-02T16:46:03.797Z,179095956379701
"Uncalled bet of 0.10 returned to ""Heech @ wzsls5Sz57""",2026-10-02T16:46:03.797Z,179095956379700
"""sul @ thk9cMWm9U"" folds",2026-10-02T16:46:02.992Z,179095956299200
"""Gabe @ 9mpVPy0oPx"" folds",2026-10-02T16:46:02.093Z,179095956209300
"""rowan @ GthBpPSqaK"" folds",2026-10-02T16:46:01.015Z,179095956101500
"""Heech @ wzsls5Sz57"" posts a big blind of 0.20",2026-10-02T16:45:59.972Z,179095955997207
"""sul @ thk9cMWm9U"" posts a small blind of 0.10",2026-10-02T16:45:59.972Z,179095955997206
"Player stacks: #1 ""Heech @ wzsls5Sz57"" (15.70) | #2 ""rowan @ GthBpPSqaK"" (22.20) | #9 ""Gabe @ 9mpVPy0oPx"" (23.10) | #10 ""sul @ thk9cMWm9U"" (19.00)",2026-10-02T16:45:59.972Z,179095955997201
"-- starting hand #17 (id: vyavgvlgsplk)  No Limit Texas Hold'em (dealer: ""Gabe @ 9mpVPy0oPx"") --",2026-10-02T16:45:59.972Z,179095955997200
"""sul @ thk9cMWm9U"" shows a 3♣, 8♥.",2026-10-02T16:45:54.743Z,179095955474300
"-- ending hand #16 --",2026-10-02T16:45:53.369Z,179095955336902
"""sul @ thk9cMWm9U"" collected 0.20 from pot",2026-10-02T16:45:53.369Z,179095955336901
"Uncalled bet of 0.10 returned to ""sul @ thk9cMWm9U""",2026-10-02T16:45:53.369Z,179095955336900
"""Gabe @ 9mpVPy0oPx"" folds",2026-10-02T16:45:52.497Z,179095955249700
"""rowan @ GthBpPSqaK"" folds",2026-10-02T16:45:49.401Z,179095954940100
"""Heech @ wzsls5Sz57"" folds",2026-10-02T16:45:48.562Z,179095954856200
"""sul @ thk9cMWm9U"" posts a big blind of 0.20",2026-10-02T16:45:47.477Z,179095954747707
"""Gabe @ 9mpVPy0oPx"" posts a small blind of 0.10",2026-10-02T16:45:47.477Z,179095954747706
"Player stacks: #1 ""Heech @ wzsls5Sz57"" (15.70) | #2 ""rowan @ GthBpPSqaK"" (22.20) | #9 ""Gabe @ 9mpVPy0oPx"" (23.20) | #10 ""sul @ thk9cMWm9U"" (18.90)",2026-10-02T16:45:47.477Z,179095954747701
"-- starting hand #16 (id: wbmoz9r5xs9u)  No Limit Texas Hold'em (dealer: ""rowan @ GthBpPSqaK"") --",2026-10-02T16:45:47.477Z,179095954747700
"""rowan @ GthBpPSqaK"" shows a 7♣.",2026-10-02T16:45:43.443Z,179095954344300
"-- ending hand #15 --",2026-10-02T16:45:40.873Z,179095954087302
"""Heech @ wzsls5Sz57"" collected 1.70 from pot",2026-10-02T16:45:40.873Z,179095954087301
"Uncalled bet of 0.85 returned to ""Heech @ wzsls5Sz57""",2026-10-02T16:45:40.873Z,179095954087300
"""Gabe @ 9mpVPy0oPx"" folds",2026-10-02T16:45:40.063Z,179095954006300
"""Heech @ wzsls5Sz57"" bets 0.85",2026-10-02T16:45:34.605Z,179095953460500
"""Gabe @ 9mpVPy0oPx"" checks",2026-10-02T16:45:30.322Z,179095953032200
"Flop:  [K♦, 7♥, K♣]",2026-10-02T16:45:28.768Z,179095952876800
"""Gabe @ 9mpVPy0oPx"" calls 0.80",2026-10-02T16:45:27.900Z,179095952790000
"""rowan @ GthBpPSqaK"" folds",2026-10-02T16:45:26.867Z,179095952686700
"""Heech @ wzsls5Sz57"" raises to 0.80",2026-10-02T16:45:25.980Z,179095952598000
"""sul @ thk9cMWm9U"" folds",2026-10-02T16:45:23.220Z,179095952322000
"""Gabe @ 9mpVPy0oPx"" posts a big blind of 0.20",2026-10-02T16:45:22.158Z,179095952215807
"""rowan @ GthBpPSqaK"" posts a small blind of 0.10",2026-10-02T16:45:22.158Z,179095952215806
"Player stacks: #1 ""Heech @ wzsls5Sz57"" (14.80) | #2 ""rowan @ GthBpPSqaK"" (22.30) | #9 ""Gabe @ 9mpVPy0oPx"" (24.00) | #10 ""sul @ thk9cMWm9U"" (18.90)",2026-10-02T16:45:22.158Z,179095952215801
"-- starting hand #15 (id: ckg04dm0hnkp)  No Limit Texas Hold'em (dealer: ""Heech @ wzsls5Sz57"") --",2026-10-02T16:45:22.158Z,179095952215800
"-- ending hand #14 --",2026-10-02T16:45:16.148Z,179095951614801
"""Gabe @ 9mpVPy0oPx"" collected 3.20 from pot",2026-10-02T16:45:16.148Z,179095951614800
"""Heech @ wzsls5Sz57"" folds",2026-10-02T16:45:15.318Z,179095951531800
"Turn: Q♥, 8♥, 7♠ [Q♦]",2026-10-02T16:45:13.405Z,179095951340500
"""Heech @ wzsls5Sz57"" calls 0.80",2026-10-02T16:45:12.592Z,179095951259200
"""Gabe @ 9mpVPy0oPx"" bets 0.80",2026-10-02T16:45:10.479Z,179095951047900
"""Heech @ wzsls5Sz57"" checks",2026-10-02T16:45:06.505Z,179095950650500
"Flop:  [Q♥, 8♥, 7♠]",2026-10-02T16:45:05.181Z,179095950518100
"""rowan @ GthBpPSqaK"" folds",2026-10-02T16:45:04.376Z,179095950437600
"""Heech @ wzsls5Sz57"" calls 0.70",2026-10-02T16:45:03.530Z,179095950353000
"""sul @ thk9cMWm9U"" folds",2026-10-02T16:45:00.877Z,179095950087700
"""Gabe @ 9mpVPy0oPx"" raises to 0.70",2026-10-02T16:44:59.944Z,179095949994400
"""rowan @ GthBpPSqaK"" posts a big blind of 0.20",2026-10-02T16:44:55.409Z,179095949540907
"""Heech @ wzsls5Sz57"" posts a small blind of 0.10",2026-10-02T16:44:55.409Z,179095949540906
"Player stacks: #1 ""Heech @ wzsls5Sz57"" (16.30) | #2 ""rowan @ GthBpPSqaK"" (22.50) | #9 ""Gabe @ 9mpVPy0oPx"" (22.30) | #10 ""sul @ thk9cMWm9U"" (18.90)",2026-10-02T16:44:55.409Z,179095949540901
"-- starting hand #14 (id: dw5zwaffx4nl)  No Limit Texas Hold'em (dealer: ""sul @ thk9cMWm9U"") --",2026-10-02T16:44:55.409Z,179095949540900
"-- ending hand #13 --",2026-10-02T16:44:49.452Z,179095948945202
"""sul @ thk9cMWm9U"" collected 2.20 from pot",2026-10-02T16:44:49.452Z,179095948945201
"Uncalled bet of 1.10 returned to ""sul @ thk9cMWm9U""",2026-10-02T16:44:49.452Z,179095948945200
"""Gabe @ 9mpVPy0oPx"" folds",2026-10-02T16:44:48.622Z,179095948862200
"""rowan @ GthBpPSqaK"" folds",2026-10-02T16:44:46.094Z,179095948609400
"""Heech @ wzsls5Sz57"" folds",2026-10-02T16:44:45.232Z,179095948523200
"""sul @ thk9cMWm9U"" raises to 2.00",2026-10-02T16:44:42.946Z,179095948294600
"""Gabe @ 9mpVPy0oPx"" raises to 0.90",2026-10-02T16:44:33.015Z,179095947301500
"""rowan @ GthBpPSqaK"" calls 0.20",2026-10-02T16:44:30.476Z,179095947047600
"""Heech @ wzsls5Sz57"" posts a big blind of 0.20",2026-10-02T16:44:28.944Z,179095946894407
"""sul @ thk9cMWm9U"" posts a small blind of 0.10",2026-10-02T16:44:28.944Z,179095946894406
"Player stacks: #1 ""Heech @ wzsls5Sz57"" (16.50) | #2 ""rowan @ GthBpPSqaK"" (22.70) | #9 ""Gabe @ 9mpVPy0oPx"" (23.20) | #10 ""sul @ thk9cMWm9U"" (17.60)",2026-10-02T16:44:28.944Z,179095946894401
"-- starting hand #13 (id: b0nxzxofg3vm)  No Limit Texas Hold'em (dealer: ""Gabe @ 9mpVPy0oPx"") --",2026-10-02T16:44:28.944Z,179095946894400
"""rowan @ GthBpPSqaK"" shows a 4♥, 5♣.",2026-10-02T16:44:26.365Z,179095946636500
"-- ending hand #12 --",2026-10-02T16:44:25.339Z,179095946533902
"""rowan @ GthBpPSqaK"" collected 5.60 from pot",2026-10-02T16:44:25.339Z,179095946533901
"Uncalled bet of 3.80 returned to ""rowan @ GthBpPSqaK""",2026-10-02T16:44:25.339Z,179095946533900
"""sul @ thk9cMWm9U"" folds",2026-10-02T16:44:24.477Z,179095946447700
"""rowan @ GthBpPSqaK"" bets 3.80",2026-10-02T16:44:23.586Z,179095946358600
"""sul @ thk9cMWm9U"" checks",2026-10-02T16:44:17.275Z,179095945727500
"River: 3♠, 4♣, Q♠, K♥ [8♦]",2026-10-02T16:44:15.559Z,179095945555900
"""sul @ thk9cMWm9U"" calls 1.40",2026-10-02T16:44:14.704Z,179095945470400
"""rowan @ GthBpPSqaK"" bets 1.40",2026-10-02T16:44:09.668Z,179095944966800
"""sul @ thk9cMWm9U"" checks",2026-10-02T16:44:06.340Z,179095944634000
"Turn: 3♠, 4♣, Q♠ [K♥]",2026-10-02T16:44:04.085Z,179095944408500
"""rowan @ GthBpPSqaK"" calls 1.00",2026-10-02T16:44:03.244Z,179095944324400
"""Heech @ wzsls5Sz57"" folds",2026-10-02T16:43:59.716Z,179095943971600
"""sul @ thk9cMWm9U"" raises to 1.00",2026-10-02T16:43:58.811Z,179095943881100
"""Gabe @ 9mpVPy0oPx"" folds",2026-10-02T16:43:55.543Z,179095943554300
"""rowan @ GthBpPSqaK"" bets 0.40",2026-10-02T16:43:54.506Z,179095943450600
"""Heech @ wzsls5Sz57"" checks",2026-10-02T16:43:52.214Z,179095943221400
"""sul @ thk9cMWm9U"" checks",2026-10-02T16:43:46.966Z,179095942696600
"""Gabe @ 9mpVPy0oPx"" checks",2026-10-02T16:43:45.143Z,179095942514300
"Flop:  [3♠, 4♣, Q♠]",2026-10-02T16:43:43.362Z,179095942336200
"""sul @ thk9cMWm9U"" checks",2026-10-02T16:43:42.543Z,179095942254300
"""Gabe @ 9mpVPy0oPx"" calls 0.20",2026-10-02T16:43:41.687Z,179095942168700
"""rowan @ GthBpPSqaK"" calls 0.20",2026-10-02T16:43:37.077Z,179095941707700
"""Heech @ wzsls5Sz57"" calls 0.20",2026-10-02T16:43:35.886Z,179095941588600
"""sul @ thk9cMWm9U"" posts a big blind of 0.20",2026-10-02T16:43:34.501Z,179095941450107
"""Gabe @ 9mpVPy0oPx"" posts a small blind of 0.10",2026-10-02T16:43:34.501Z,179095941450106
"Player stacks: #1 ""Heech @ wzsls5Sz57"" (16.70) | #2 ""rowan @ GthBpPSqaK"" (19.70) | #9 ""Gabe @ 9mpVPy0oPx"" (23.40) | #10 ""sul @ thk9cMWm9U"" (20.20)",2026-10-02T16:43:34.501Z,179095941450101
"-- starting hand #12 (id: mddvv36mgcfr)  No Limit Texas Hold'em (dealer: ""rowan @ GthBpPSqaK"") --",2026-10-02T16:43:34.501Z,179095941450100
"-- ending hand #11 --",2026-10-02T16:43:28.496Z,179095940849602
"""Heech @ wzsls5Sz57"" collected 3.10 from pot with Two Pair, K's & 5's (combination: 10♥, 5♦, 5♣, K♣, K♦)",2026-10-02T16:43:28.496Z,179095940849601
"""Heech @ wzsls5Sz57"" shows a 4♣, K♣.",2026-10-02T16:43:28.496Z,179095940849600
"""Gabe @ 9mpVPy0oPx"" calls 0.93",2026-10-02T16:43:27.667Z,179095940766700
"""Heech @ wzsls5Sz57"" bets 0.93",2026-10-02T16:43:25.042Z,179095940504200
"""Gabe @ 9mpVPy0oPx"" checks",2026-10-02T16:43:23.060Z,179095940306000
"River: 5♦, 10♥, K♦, 2♠ [5♣]",2026-10-02T16:43:21.159Z,179095940115900
"""Heech @ wzsls5Sz57"" checks",2026-10-02T16:43:20.351Z,179095940035100
"""Gabe @ 9mpVPy0oPx"" checks",2026-10-02T16:43:18.881Z,179095939888100
"Turn: 5♦, 10♥, K♦ [2♠]",2026-10-02T16:43:17.943Z,179095939794300
"""Gabe @ 9mpVPy0oPx"" calls 0.37",2026-10-02T16:43:17.092Z,179095939709200
"""Heech @ wzsls5Sz57"" bets 0.37",2026-10-02T16:43:15.961Z,179095939596100
"""Gabe @ 9mpVPy0oPx"" checks",2026-10-02T16:43:13.375Z,179095939337500
"Flop:  [5♦, 10♥, K♦]",2026-10-02T16:43:11.437Z,179095939143700
"""Gabe @ 9mpVPy0oPx"" checks",2026-10-02T16:43:10.625Z,179095939062500
"""rowan @ GthBpPSqaK"" folds",2026-10-02T16:43:08.723Z,179095938872300
"""Heech @ wzsls5Sz57"" calls 0.20",2026-10-02T16:43:07.811Z,179095938781100
"""sul @ thk9cMWm9U"" folds",2026-10-02T16:43:06.304Z,179095938630400
"""Gabe @ 9mpVPy0oPx"" posts a big blind of 0.20",2026-10-02T16:43:04.601Z,179095938460107
"""rowan @ GthBpPSqaK"" posts a small blind of 0.10",2026-10-02T16:43:04.601Z,179095938460106
"Player stacks: #1 ""Heech @ wzsls5Sz57"" (15.10) | #2 ""rowan @ GthBpPSqaK"" (19.80) | #9 ""Gabe @ 9mpVPy0oPx"" (24.90) | #10 ""sul @ thk9cMWm9U"" (20.20)",2026-10-02T16:43:04.601Z,179095938460101
"-- starting hand #11 (id: roxxukvt5rrs)  No Limit Texas Hold'em (dealer: ""Heech @ wzsls5Sz57"") --",2026-10-02T16:43:04.601Z,179095938460100
"""rowan @ GthBpPSqaK"" shows a 4♥.",2026-10-02T16:42:59.942Z,179095937994200
"-- ending hand #10 --",2026-10-02T16:42:57.975Z,179095937797502
"""Heech @ wzsls5Sz57"" collected 0.40 from pot",2026-10-02T16:42:57.975Z,179095937797501
"Uncalled bet of 0.60 returned to ""Heech @ wzsls5Sz57""",2026-10-02T16:42:57.975Z,179095937797500
"""rowan @ GthBpPSqaK"" folds",2026-10-02T16:42:57.149Z,179095937714900
"""Heech @ wzsls5Sz57"" raises to 0.80",2026-10-02T16:42:56.099Z,179095937609900
"""sul @ thk9cMWm9U"" folds",2026-10-02T16:42:49.421Z,179095936942100
"""Gabe @ 9mpVPy0oPx"" folds",2026-10-02T16:42:48.549Z,179095936854900
"""rowan @ GthBpPSqaK"" posts a big blind of 0.20",2026-10-02T16:42:47.313Z,179095936731308
"""Heech @ wzsls5Sz57"" posts a small blind of 0.10",2026-10-02T16:42:47.313Z,179095936731307
"Player stacks: #1 ""Heech @ wzsls5Sz57"" (14.90) | #2 ""rowan @ GthBpPSqaK"" (20.00) | #9 ""Gabe @ 9mpVPy0oPx"" (24.90) | #10 ""sul @ thk9cMWm9U"" (20.20)",2026-10-02T16:42:47.313Z,179095936731302
"-- starting hand #10 (id: lmftlsgmf02h)  No Limit Texas Hold'em (dealer: ""sul @ thk9cMWm9U"") --",2026-10-02T16:42:47.313Z,179095936731301
"The player ""rowan @ GthBpPSqaK"" joined the game with a stack of 20.00.",2026-10-02T16:42:47.313Z,179095936731300
"-- ending hand #9 --",2026-10-02T16:42:41.299Z,179095936129902
"""sul @ thk9cMWm9U"" collected 2.40 from pot with Pair, J's (combination: 9♣, 10♠, A♥, J♥, J♣)",2026-10-02T16:42:41.299Z,179095936129901
"""sul @ thk9cMWm9U"" shows a 10♠, J♥.",2026-10-02T16:42:41.299Z,179095936129900
"""Heech @ wzsls5Sz57"" checks",2026-10-02T16:42:40.496Z,179095936049600
"""sul @ thk9cMWm9U"" checks",2026-10-02T16:42:38.986Z,179095935898600
"The admin approved the player ""rowan @ GthBpPSqaK"" participation with a stack of 20.00.",2026-10-02T16:42:37.022Z,179095935702200
"The player ""rowan @ GthBpPSqaK"" requested a seat.",2026-10-02T16:42:35.916Z,179095935591600
"River: 9♣, J♣, 4♣, 6♦ [A♥]",2026-10-02T16:42:35.689Z,179095935568900
"""Heech @ wzsls5Sz57"" checks",2026-10-02T16:42:34.866Z,179095935486600
"""sul @ thk9cMWm9U"" checks",2026-10-02T16:42:32.966Z,179095935296600
"Turn: 9♣, J♣, 4♣ [6♦]",2026-10-02T16:42:29.744Z,179095934974400
"""Heech @ wzsls5Sz57"" calls 0.60",2026-10-02T16:42:28.926Z,179095934892600
"""sul @ thk9cMWm9U"" bets 0.60",2026-10-02T16:42:23.212Z,179095934321200
"Flop:  [9♣, J♣, 4♣]",2026-10-02T16:42:03.235Z,179095932323500
"""Heech @ wzsls5Sz57"" calls 0.60",2026-10-02T16:42:02.346Z,179095932234600
"""sul @ thk9cMWm9U"" raises to 0.60",2026-10-02T16:41:59.119Z,179095931911900
"""Gabe @ 9mpVPy0oPx"" folds",2026-10-02T16:41:51.294Z,179095931129400
"""Heech @ wzsls5Sz57"" posts a big blind of 0.20",2026-10-02T16:41:48.564Z,179095930856406
"""sul @ thk9cMWm9U"" posts a small blind of 0.10",2026-10-02T16:41:48.564Z,179095930856405
"Player stacks: #1 ""Heech @ wzsls5Sz57"" (16.10) | #9 ""Gabe @ 9mpVPy0oPx"" (24.90) | #10 ""sul @ thk9cMWm9U"" (19.00)",2026-10-02T16:41:48.564Z,179095930856401
"-- starting hand #9 (id: 98qrcjkgvyy3)  No Limit Texas Hold'em (dealer: ""Gabe @ 9mpVPy0oPx"") --",2026-10-02T16:41:48.564Z,179095930856400
"-- ending hand #8 --",2026-10-02T16:41:42.557Z,179095930255702
"""Gabe @ 9mpVPy0oPx"" collected 9.00 from pot with Pair, 4's (combination: 6♣, 9♥, K♣, 4♥, 4♠)",2026-10-02T16:41:42.557Z,179095930255701
"""Gabe @ 9mpVPy0oPx"" shows a 4♥, 5♣.",2026-10-02T16:41:42.557Z,179095930255700
"""Heech @ wzsls5Sz57"" checks",2026-10-02T16:41:41.740Z,179095930174000
"""Gabe @ 9mpVPy0oPx"" checks",2026-10-02T16:41:39.534Z,179095929953400
"River: 9♥, 6♣, K♣, 2♦ [4♠]",2026-10-02T16:41:34.057Z,179095929405700
"""Heech @ wzsls5Sz57"" calls 2.70",2026-10-02T16:41:33.209Z,179095929320900
"""Gabe @ 9mpVPy0oPx"" bets 2.70",2026-10-02T16:41:27.732Z,179095928773200
"Turn: 9♥, 6♣, K♣ [2♦]",2026-10-02T16:41:13.317Z,179095927331700
"""Heech @ wzsls5Sz57"" calls 0.90",2026-10-02T16:41:12.497Z,179095927249700
"""Gabe @ 9mpVPy0oPx"" bets 0.90",2026-10-02T16:41:10.331Z,179095927033100
"Flop:  [9♥, 6♣, K♣]",2026-10-02T16:41:07.288Z,179095926728800
"""Heech @ wzsls5Sz57"" calls 0.80",2026-10-02T16:41:06.457Z,179095926645700
"""sul @ thk9cMWm9U"" folds",2026-10-02T16:41:05.012Z,179095926501200
"""Gabe @ 9mpVPy0oPx"" raises to 0.80",2026-10-02T16:41:03.481Z,179095926348100
"""Heech @ wzsls5Sz57"" calls 0.20",2026-10-02T16:41:01.493Z,179095926149300
"""sul @ thk9cMWm9U"" posts a big blind of 0.20",2026-10-02T16:41:00.077Z,179095926007706
"""Gabe @ 9mpVPy0oPx"" posts a small blind of 0.10",2026-10-02T16:41:00.077Z,179095926007705
"Player stacks: #1 ""Heech @ wzsls5Sz57"" (20.50) | #9 ""Gabe @ 9mpVPy0oPx"" (20.30) | #10 ""sul @ thk9cMWm9U"" (19.20)",2026-10-02T16:41:00.077Z,179095926007701
"-- starting hand #8 (id: ntu6zu5baygy)  No Limit Texas Hold'em (dealer: ""Heech @ wzsls5Sz57"") --",2026-10-02T16:41:00.077Z,179095926007700
"-- ending hand #7 --",2026-10-02T16:40:54.098Z,179095925409802
"""Heech @ wzsls5Sz57"" collected 0.40 from pot",2026-10-02T16:40:54.098Z,179095925409801
"Uncalled bet of 0.40 returned to ""Heech @ wzsls5Sz57""",2026-10-02T16:40:54.098Z,179095925409800
"""Gabe @ 9mpVPy0oPx"" folds",2026-10-02T16:40:53.272Z,179095925327200
"""Heech @ wzsls5Sz57"" bets 0.40",2026-10-02T16:40:51.921Z,179095925192100
"Flop:  [9♦, 4♦, A♣]",2026-10-02T16:40:48.465Z,179095924846500
"""Gabe @ 9mpVPy0oPx"" checks",2026-10-02T16:40:47.652Z,179095924765200
"""Heech @ wzsls5Sz57"" calls 0.20",2026-10-02T16:40:46.609Z,179095924660900
"""sul @ thk9cMWm9U"" folds",2026-10-02T16:40:39.259Z,179095923925900
"""Gabe @ 9mpVPy0oPx"" posts a big blind of 0.20",2026-10-02T16:40:37.565Z,179095923756506
"""Heech @ wzsls5Sz57"" posts a small blind of 0.10",2026-10-02T16:40:37.565Z,179095923756505
"Player stacks: #1 ""Heech @ wzsls5Sz57"" (20.30) | #9 ""Gabe @ 9mpVPy0oPx"" (20.50) | #10 ""sul @ thk9cMWm9U"" (19.20)",2026-10-02T16:40:37.565Z,179095923756501
"-- starting hand #7 (id: 3aepgvhxe9rq)  No Limit Texas Hold'em (dealer: ""sul @ thk9cMWm9U"") --",2026-10-02T16:40:37.565Z,179095923756500
"-- ending hand #6 --",2026-10-02T16:40:31.607Z,179095923160702
"""Heech @ wzsls5Sz57"" collected 0.20 from pot",2026-10-02T16:40:31.607Z,179095923160701
"Uncalled bet of 0.10 returned to ""Heech @ wzsls5Sz57""",2026-10-02T16:40:31.607Z,179095923160700
"""sul @ thk9cMWm9U"" folds",2026-10-02T16:40:30.796Z,179095923079600
"""Gabe @ 9mpVPy0oPx"" folds",2026-10-02T16:40:29.925Z,179095922992500
"""Heech @ wzsls5Sz57"" posts a big blind of 0.20",2026-10-02T16:40:28.360Z,179095922836006
"""sul @ thk9cMWm9U"" posts a small blind of 0.10",2026-10-02T16:40:28.360Z,179095922836005
"Player stacks: #1 ""Heech @ wzsls5Sz57"" (20.20) | #9 ""Gabe @ 9mpVPy0oPx"" (20.50) | #10 ""sul @ thk9cMWm9U"" (19.30)",2026-10-02T16:40:28.360Z,179095922836001
"-- starting hand #6 (id: a0ubcpnltxdw)  No Limit Texas Hold'em (dealer: ""Gabe @ 9mpVPy0oPx"") --",2026-10-02T16:40:28.360Z,179095922836000
"-- ending hand #5 --",2026-10-02T16:40:22.357Z,179095922235702
"""sul @ thk9cMWm9U"" collected 0.20 from pot",2026-10-02T16:40:22.357Z,179095922235701
"Uncalled bet of 0.10 returned to ""sul @ thk9cMWm9U""",2026-10-02T16:40:22.357Z,179095922235700
"""Gabe @ 9mpVPy0oPx"" folds",2026-10-02T16:40:21.510Z,179095922151000
"""Heech @ wzsls5Sz57"" folds",2026-10-02T16:40:17.376Z,179095921737600
"""sul @ thk9cMWm9U"" posts a big blind of 0.20",2026-10-02T16:40:16.149Z,179095921614906
"""Gabe @ 9mpVPy0oPx"" posts a small blind of 0.10",2026-10-02T16:40:16.149Z,179095921614905
"Player stacks: #1 ""Heech @ wzsls5Sz57"" (20.20) | #9 ""Gabe @ 9mpVPy0oPx"" (20.60) | #10 ""sul @ thk9cMWm9U"" (19.20)",2026-10-02T16:40:16.149Z,179095921614901
"-- starting hand #5 (id: hkpr1jxt0vpz)  No Limit Texas Hold'em (dealer: ""Heech @ wzsls5Sz57"") --",2026-10-02T16:40:16.149Z,179095921614900
"-- ending hand #4 --",2026-10-02T16:40:10.149Z,179095921014902
"""sul @ thk9cMWm9U"" collected 1.40 from pot",2026-10-02T16:40:10.149Z,179095921014901
"Uncalled bet of 1.00 returned to ""sul @ thk9cMWm9U""",2026-10-02T16:40:10.149Z,179095921014900
"""Heech @ wzsls5Sz57"" folds",2026-10-02T16:40:09.293Z,179095920929300
"""sul @ thk9cMWm9U"" bets 1.00",2026-10-02T16:40:08.398Z,179095920839800
"""Heech @ wzsls5Sz57"" checks",2026-10-02T16:40:04.876Z,179095920487600
"Turn: 2♠, 3♠, 8♦ [A♥]",2026-10-02T16:40:02.757Z,179095920275700
"""sul @ thk9cMWm9U"" checks",2026-10-02T16:40:01.869Z,179095920186900
"""Heech @ wzsls5Sz57"" checks",2026-10-02T16:39:57.016Z,179095919701600
"Flop:  [2♠, 3♠, 8♦]",2026-10-02T16:39:55.196Z,179095919519600
"""Gabe @ 9mpVPy0oPx"" folds",2026-10-02T16:39:54.390Z,179095919439000
"""Heech @ wzsls5Sz57"" calls 0.60",2026-10-02T16:39:51.555Z,179095919155500
"""sul @ thk9cMWm9U"" raises to 0.60",2026-10-02T16:39:48.982Z,179095918898200
"""Gabe @ 9mpVPy0oPx"" posts a big blind of 0.20",2026-10-02T16:39:46.267Z,179095918626706
"""Heech @ wzsls5Sz57"" posts a small blind of 0.10",2026-10-02T16:39:46.267Z,179095918626705
"Player stacks: #1 ""Heech @ wzsls5Sz57"" (20.80) | #9 ""Gabe @ 9mpVPy0oPx"" (20.80) | #10 ""sul @ thk9cMWm9U"" (18.40)",2026-10-02T16:39:46.267Z,179095918626701
"-- starting hand #4 (id: ahn6vk6pgfcl)  No Limit Texas Hold'em (dealer: ""sul @ thk9cMWm9U"") --",2026-10-02T16:39:46.267Z,179095918626700
"""sul @ thk9cMWm9U"" shows a K♦.",2026-10-02T16:39:43.843Z,179095918384300
"-- ending hand #3 --",2026-10-02T16:39:39.661Z,179095917966102
"""Heech @ wzsls5Sz57"" collected 3.20 from pot",2026-10-02T16:39:39.661Z,179095917966101
"Uncalled bet of 2.40 returned to ""Heech @ wzsls5Sz57""",2026-10-02T16:39:39.661Z,179095917966100
"""sul @ thk9cMWm9U"" folds",2026-10-02T16:39:38.807Z,179095917880700
"""Heech @ wzsls5Sz57"" bets 2.40",2026-10-02T16:39:37.376Z,179095917737600
"""sul @ thk9cMWm9U"" checks",2026-10-02T16:39:34.757Z,179095917475700
"Turn: 6♥, 5♠, Q♠ [2♣]",2026-10-02T16:39:32.455Z,179095917245500
"""Heech @ wzsls5Sz57"" checks",2026-10-02T16:39:31.594Z,179095917159400
"""sul @ thk9cMWm9U"" checks",2026-10-02T16:39:28.855Z,179095916885500
"Flop:  [6♥, 5♠, Q♠]",2026-10-02T16:39:25.769Z,179095916576900
"""sul @ thk9cMWm9U"" calls 1.60",2026-10-02T16:39:24.950Z,179095916495000
"""Heech @ wzsls5Sz57"" raises to 1.60",2026-10-02T16:39:20.697Z,179095916069700
"""sul @ thk9cMWm9U"" raises to 0.60",2026-10-02T16:39:15.589Z,179095915558900
"""Gabe @ 9mpVPy0oPx"" folds",2026-10-02T16:38:58.331Z,179095913833100
"""Heech @ wzsls5Sz57"" posts a big blind of 0.20",2026-10-02T16:38:57.082Z,179095913708206
"""sul @ thk9cMWm9U"" posts a small blind of 0.10",2026-10-02T16:38:57.082Z,179095913708205
"Player stacks: #1 ""Heech @ wzsls5Sz57"" (19.20) | #9 ""Gabe @ 9mpVPy0oPx"" (20.80) | #10 ""sul @ thk9cMWm9U"" (20.00)",2026-10-02T16:38:57.082Z,179095913708201
"-- starting hand #3 (id: 3kfquzblxk0b)  No Limit Texas Hold'em (dealer: ""Gabe @ 9mpVPy0oPx"") --",2026-10-02T16:38:57.082Z,179095913708200
"-- ending hand #2 --",2026-10-02T16:38:51.159Z,179095913115902
"""Gabe @ 9mpVPy0oPx"" collected 2.00 from pot",2026-10-02T16:38:51.159Z,179095913115901
"Uncalled bet of 1.50 returned to ""Gabe @ 9mpVPy0oPx""",2026-10-02T16:38:51.159Z,179095913115900
"""sul @ thk9cMWm9U"" folds",2026-10-02T16:38:50.306Z,179095913030600
"""Gabe @ 9mpVPy0oPx"" bets 1.50",2026-10-02T16:38:39.043Z,179095911904300
"Turn: 10♠, K♣, 3♥ [6♣]",2026-10-02T16:38:36.860Z,179095911686000
"""sul @ thk9cMWm9U"" calls 0.40",2026-10-02T16:38:36.045Z,179095911604500
"""Gabe @ 9mpVPy0oPx"" bets 0.40",2026-10-02T16:38:34.873Z,179095911487300
"Flop:  [10♠, K♣, 3♥]",2026-10-02T16:38:31.320Z,179095911132000
"""sul @ thk9cMWm9U"" calls 0.60",2026-10-02T16:38:30.489Z,179095911048900
"""Gabe @ 9mpVPy0oPx"" raises to 0.60",2026-10-02T16:38:20.256Z,179095910025600
"""Heech @ wzsls5Sz57"" folds",2026-10-02T16:38:17.504Z,179095909750400
"""sul @ thk9cMWm9U"" posts a big blind of 0.20",2026-10-02T16:38:16.246Z,179095909624607
"""Gabe @ 9mpVPy0oPx"" posts a small blind of 0.10",2026-10-02T16:38:16.246Z,179095909624606
"Player stacks: #1 ""Heech @ wzsls5Sz57"" (19.20) | #9 ""Gabe @ 9mpVPy0oPx"" (19.80) | #10 ""sul @ thk9cMWm9U"" (21.00)",2026-10-02T16:38:16.246Z,179095909624602
"-- starting hand #2 (id: 5nscl3lsiccw)  No Limit Texas Hold'em (dealer: ""Heech @ wzsls5Sz57"") --",2026-10-02T16:38:16.246Z,179095909624601
"Game Config Changes
* Decision Limit Time: 20s » 40s
* Max Time Bank: 10s » off
* Hands to Full Refill Time Bank: 10 » off",2026-10-02T16:38:16.246Z,179095909624600
"-- ending hand #1 --",2026-10-02T16:38:13.338Z,179095909333802
"""sul @ thk9cMWm9U"" collected 1.80 from pot",2026-10-02T16:38:13.338Z,179095909333801
"Uncalled bet of 1.35 returned to ""sul @ thk9cMWm9U""",2026-10-02T16:38:13.338Z,179095909333800
"""Heech @ wzsls5Sz57"" folds",2026-10-02T16:38:12.516Z,179095909251600
"""sul @ thk9cMWm9U"" bets 1.35",2026-10-02T16:38:11.389Z,179095909138900
"""Heech @ wzsls5Sz57"" checks",2026-10-02T16:38:08.506Z,179095908850600
"River: A♥, 8♦, 3♦, J♥ [10♦]",2026-10-02T16:38:05.101Z,179095908510100
"""sul @ thk9cMWm9U"" checks",2026-10-02T16:38:04.263Z,179095908426300
"""Heech @ wzsls5Sz57"" checks",2026-10-02T16:38:01.806Z,179095908180600
"Turn: A♥, 8♦, 3♦ [J♥]",2026-10-02T16:37:59.802Z,179095907980200
"""sul @ thk9cMWm9U"" checks",2026-10-02T16:37:58.960Z,179095907896000
"""Heech @ wzsls5Sz57"" checks",2026-10-02T16:37:53.445Z,179095907344500
"Flop:  [A♥, 8♦, 3♦]",2026-10-02T16:37:52.091Z,179095907209100
"""Gabe @ 9mpVPy0oPx"" folds",2026-10-02T16:37:51.277Z,179095907127700
"""Heech @ wzsls5Sz57"" calls 0.80",2026-10-02T16:37:50.282Z,179095907028200
"""sul @ thk9cMWm9U"" raises to 0.80",2026-10-02T16:37:47.176Z,179095906717600
"""Gabe @ 9mpVPy0oPx"" posts a big blind of 0.20",2026-10-02T16:37:27.267Z,179095904726709
"""Heech @ wzsls5Sz57"" posts a small blind of 0.10",2026-10-02T16:37:27.267Z,179095904726708
"Player stacks: #1 ""Heech @ wzsls5Sz57"" (20.00) | #9 ""Gabe @ 9mpVPy0oPx"" (20.00) | #10 ""sul @ thk9cMWm9U"" (20.00)",2026-10-02T16:37:27.267Z,179095904726704
"The player ""sul @ thk9cMWm9U"" joined the game with a stack of 20.00.",2026-10-02T16:37:27.267Z,179095904726703
"The player ""Gabe @ 9mpVPy0oPx"" joined the game with a stack of 20.00.",2026-10-02T16:37:27.267Z,179095904726702
"The player ""Heech @ wzsls5Sz57"" joined the game with a stack of 20.00.",2026-10-02T16:37:27.267Z,179095904726701
"-- starting hand #1 (id: z8brsidbpuxg)  No Limit Texas Hold'em (dealer: ""sul @ thk9cMWm9U"") --",2026-10-02T16:37:27.267Z,179095904726700
"The admin approved the player ""Gabe @ 9mpVPy0oPx"" participation with a stack of 20.00.",2026-10-02T16:37:24.556Z,179095904455600
"The player ""Gabe @ 9mpVPy0oPx"" requested a seat.",2026-10-02T16:37:23.092Z,179095904309200
"The admin approved the player ""sul @ thk9cMWm9U"" participation with a stack of 20.00.",2026-10-02T16:30:24.777Z,179095862477700
"The player ""sul @ thk9cMWm9U"" requested a seat.",2026-10-02T16:29:12.739Z,179095855273900
"The admin approved the player ""Heech @ wzsls5Sz57"" participation with a stack of 20.00.",2026-10-02T16:12:37.219Z,179095755721901
"The player ""Heech @ wzsls5Sz57"" requested a seat.",2026-10-02T16:12:37.219Z,179095755721900
"Game Config Changes
* Allow Straddle: off » on
* Cents Mode: off » on
* Nit Minimum Players: off » 3
* Allow Rebuy: off » on
* Rabbit Hunt: off » on
* Allow Run it Twice: no » ask players",2026-10-02T16:12:32.359Z,179095755235900
