entry,at,order
"The player ""Dih @ GO72Iwd2XL"" stand up with the stack of 320.00.",2026-10-07T04:53:40.380Z,179134882038000
"-- ending hand #528 --",2026-10-07T04:53:34.450Z,179134881445002
"""jaan @ O6Q78KIRx-"" collected 1.00 from pot",2026-10-07T04:53:34.450Z,179134881445001
"Uncalled bet of 1.50 returned to ""jaan @ O6Q78KIRx-""",2026-10-07T04:53:34.450Z,179134881445000
"""Dih @ GO72Iwd2XL"" folds",2026-10-07T04:53:33.595Z,179134881359500
"""jaan @ O6Q78KIRx-"" raises to 2.00",2026-10-07T04:53:32.433Z,179134881243300
"""Dih @ GO72Iwd2XL"" calls 0.50",2026-10-07T04:53:27.332Z,179134880733200
"""jaan @ O6Q78KIRx-"" posts a big blind of 0.50",2026-10-07T04:53:24.932Z,179134880493213
"""Dih @ GO72Iwd2XL"" posts a small blind of 0.25",2026-10-07T04:53:24.932Z,179134880493212
"Player stacks: #1 ""Dih @ GO72Iwd2XL"" (320.50) | #2 ""jaan @ O6Q78KIRx-"" (181.77)",2026-10-07T04:53:24.932Z,179134880493209
"The player ""Rayan @ nhXZL_Cydv"" joined the game with a stack of 80.74.",2026-10-07T04:53:24.932Z,179134880493208
"The player ""Jason @ fYqcH1JWT_"" joined the game with a stack of 80.50.",2026-10-07T04:53:24.932Z,179134880493207
"The player ""jt brotha jt @ bzbydISPPH"" joined the game with a stack of 48.50.",2026-10-07T04:53:24.932Z,179134880493206
"The player ""Cam @ eWUSzBpS1d"" joined the game with a stack of 88.66.",2026-10-07T04:53:24.932Z,179134880493205
"The player ""sack @ boAReb7tW9"" joined the game with a stack of 181.83.",2026-10-07T04:53:24.932Z,179134880493204
"The player ""Heech @ wzsls5Sz57"" joined the game with a stack of 21.00.",2026-10-07T04:53:24.932Z,179134880493203
"The player ""jaan @ O6Q78KIRx-"" joined the game with a stack of 181.77.",2026-10-07T04:53:24.932Z,179134880493202
"The player ""Dih @ GO72Iwd2XL"" joined the game with a stack of 320.50.",2026-10-07T04:53:24.932Z,179134880493201
"-- starting hand #528 (id: dcgicxkytecd)  No Limit Texas Hold'em (dealer: ""Dih @ GO72Iwd2XL"") --",2026-10-07T04:53:24.932Z,179134880493200
"The player ""Dih @ GO72Iwd2XL"" sit back with the stack of 320.50.",2026-10-07T04:53:24.050Z,179134880405000
"The player ""Dih @ GO72Iwd2XL"" stand up with the stack of 320.50.",2026-10-07T04:53:22.610Z,179134880261000
"""Dih @ GO72Iwd2XL"" shows a 4♣, 7♣.",2026-10-07T04:53:17.880Z,179134879788000
"-- ending hand #527 --",2026-10-07T04:53:16.005Z,179134879600502
"""Dih @ GO72Iwd2XL"" collected 1.00 from pot",2026-10-07T04:53:16.005Z,179134879600501
"Uncalled bet of 319.50 returned to ""Dih @ GO72Iwd2XL""",2026-10-07T04:53:16.005Z,179134879600500
"""jaan @ O6Q78KIRx-"" folds",2026-10-07T04:53:15.177Z,179134879517700
"""Dih @ GO72Iwd2XL"" bets 319.50 and go all in",2026-10-07T04:53:13.630Z,179134879363000
"""jaan @ O6Q78KIRx-"" checks",2026-10-07T04:53:11.522Z,179134879152200
"Flop:  [A♣, 2♠, 3♣]",2026-10-07T04:53:10.739Z,179134879073900
"""jaan @ O6Q78KIRx-"" checks",2026-10-07T04:53:09.906Z,179134878990600
"""Dih @ GO72Iwd2XL"" calls 0.50",2026-10-07T04:53:04.945Z,179134878494500
"""jaan @ O6Q78KIRx-"" posts a big blind of 0.50",2026-10-07T04:52:59.484Z,179134877948405
"""Dih @ GO72Iwd2XL"" posts a small blind of 0.25",2026-10-07T04:52:59.484Z,179134877948404
"Player stacks: #1 ""Dih @ GO72Iwd2XL"" (320.00) | #2 ""jaan @ O6Q78KIRx-"" (182.27)",2026-10-07T04:52:59.484Z,179134877948401
"-- starting hand #527 (id: dbaukkurvlvr)  No Limit Texas Hold'em (dealer: ""Dih @ GO72Iwd2XL"") --",2026-10-07T04:52:59.484Z,179134877948400
"-- ending hand #526 --",2026-10-07T04:52:53.476Z,179134877347602
"""jaan @ O6Q78KIRx-"" collected 171.50 from pot with Straight, 6 High (combination: 2♦, 3♥, 4♦, 5♦, 6♠)",2026-10-07T04:52:53.476Z,179134877347601
"""jaan @ O6Q78KIRx-"" shows a 4♦, 6♦.",2026-10-07T04:52:53.476Z,179134877347600
"""jaan @ O6Q78KIRx-"" checks",2026-10-07T04:52:52.585Z,179134877258500
"""Dih @ GO72Iwd2XL"" checks",2026-10-07T04:52:51.413Z,179134877141300
"River: 2♦, 3♥, 5♦, J♣ [6♠]",2026-10-07T04:52:46.068Z,179134876606800
"""jaan @ O6Q78KIRx-"" checks",2026-10-07T04:52:45.189Z,179134876518900
"""Dih @ GO72Iwd2XL"" checks",2026-10-07T04:52:43.377Z,179134876337700
"Turn: 2♦, 3♥, 5♦ [J♣]",2026-10-07T04:52:41.862Z,179134876186200
"""jaan @ O6Q78KIRx-"" checks",2026-10-07T04:52:40.985Z,179134876098500
"""Dih @ GO72Iwd2XL"" checks",2026-10-07T04:52:39.113Z,179134875911300
"Flop:  [2♦, 3♥, 5♦]",2026-10-07T04:52:36.109Z,179134875610900
"""jaan @ O6Q78KIRx-"" calls 85.75",2026-10-07T04:52:35.266Z,179134875526600
"""Dih @ GO72Iwd2XL"" raises to 85.75",2026-10-07T04:52:30.641Z,179134875064100
"""jaan @ O6Q78KIRx-"" calls 0.50",2026-10-07T04:52:22.108Z,179134874210800
"""Dih @ GO72Iwd2XL"" posts a big blind of 0.50",2026-10-07T04:52:20.203Z,179134874020305
"""jaan @ O6Q78KIRx-"" posts a small blind of 0.25",2026-10-07T04:52:20.203Z,179134874020304
"Player stacks: #1 ""Dih @ GO72Iwd2XL"" (405.75) | #2 ""jaan @ O6Q78KIRx-"" (96.52)",2026-10-07T04:52:20.203Z,179134874020301
"-- starting hand #526 (id: zh0ekdswzi9p)  No Limit Texas Hold'em (dealer: ""jaan @ O6Q78KIRx-"") --",2026-10-07T04:52:20.203Z,179134874020300
"""jaan @ O6Q78KIRx-"" shows a 4♥, A♦.",2026-10-07T04:52:15.437Z,179134873543700
"-- ending hand #525 --",2026-10-07T04:52:13.588Z,179134873358802
"""jaan @ O6Q78KIRx-"" collected 0.50 from pot",2026-10-07T04:52:13.588Z,179134873358801
"Uncalled bet of 0.25 returned to ""jaan @ O6Q78KIRx-""",2026-10-07T04:52:13.588Z,179134873358800
"""Dih @ GO72Iwd2XL"" folds",2026-10-07T04:52:12.748Z,179134873274800
"""jaan @ O6Q78KIRx-"" posts a big blind of 0.50",2026-10-07T04:52:10.690Z,179134873069005
"""Dih @ GO72Iwd2XL"" posts a small blind of 0.25",2026-10-07T04:52:10.690Z,179134873069004
"Player stacks: #1 ""Dih @ GO72Iwd2XL"" (406.00) | #2 ""jaan @ O6Q78KIRx-"" (96.27)",2026-10-07T04:52:10.690Z,179134873069001
"-- starting hand #525 (id: qikbesk64lhv)  No Limit Texas Hold'em (dealer: ""Dih @ GO72Iwd2XL"") --",2026-10-07T04:52:10.690Z,179134873069000
"-- ending hand #524 --",2026-10-07T04:52:04.638Z,179134872463803
"""Dih @ GO72Iwd2XL"" collected 86.00 from pot with Pair, A's (combination: 9♥, Q♦, K♠, A♣, A♠)",2026-10-07T04:52:04.638Z,179134872463802
"""Dih @ GO72Iwd2XL"" shows a 8♣, A♣.",2026-10-07T04:52:04.638Z,179134872463801
"""jaan @ O6Q78KIRx-"" shows a 6♣, 10♣.",2026-10-07T04:52:04.638Z,179134872463800
"""jaan @ O6Q78KIRx-"" checks",2026-10-07T04:52:03.811Z,179134872381100
"""Dih @ GO72Iwd2XL"" checks",2026-10-07T04:52:02.970Z,179134872297000
"River: K♠, A♠, 5♦, 9♥ [Q♦]",2026-10-07T04:52:02.022Z,179134872202200
"""jaan @ O6Q78KIRx-"" checks",2026-10-07T04:52:01.100Z,179134872110000
"""Dih @ GO72Iwd2XL"" checks",2026-10-07T04:52:00.260Z,179134872026000
"Turn: K♠, A♠, 5♦ [9♥]",2026-10-07T04:51:59.307Z,179134871930700
"""jaan @ O6Q78KIRx-"" checks",2026-10-07T04:51:58.484Z,179134871848400
"""Dih @ GO72Iwd2XL"" checks",2026-10-07T04:51:57.582Z,179134871758200
"Flop:  [K♠, A♠, 5♦]",2026-10-07T04:51:55.569Z,179134871556900
"""jaan @ O6Q78KIRx-"" calls 43.00",2026-10-07T04:51:54.760Z,179134871476000
"""Dih @ GO72Iwd2XL"" raises to 43.00",2026-10-07T04:51:53.012Z,179134871301200
"""jaan @ O6Q78KIRx-"" calls 0.50",2026-10-07T04:51:50.811Z,179134871081100
"""Dih @ GO72Iwd2XL"" posts a big blind of 0.50",2026-10-07T04:51:47.362Z,179134870736205
"""jaan @ O6Q78KIRx-"" posts a small blind of 0.25",2026-10-07T04:51:47.362Z,179134870736204
"Player stacks: #1 ""Dih @ GO72Iwd2XL"" (363.00) | #2 ""jaan @ O6Q78KIRx-"" (139.27)",2026-10-07T04:51:47.362Z,179134870736201
"-- starting hand #524 (id: zjbpndjpyutv)  No Limit Texas Hold'em (dealer: ""jaan @ O6Q78KIRx-"") --",2026-10-07T04:51:47.362Z,179134870736200
"-- ending hand #523 --",2026-10-07T04:51:41.404Z,179134870140401
"""jaan @ O6Q78KIRx-"" collected 100.00 from pot",2026-10-07T04:51:41.404Z,179134870140400
"""Dih @ GO72Iwd2XL"" folds",2026-10-07T04:51:40.597Z,179134870059700
"""jaan @ O6Q78KIRx-"" checks",2026-10-07T04:51:39.739Z,179134869973900
"Flop:  [K♠, 3♠, 7♠]",2026-10-07T04:51:37.601Z,179134869760100
"""jaan @ O6Q78KIRx-"" calls 50.00",2026-10-07T04:51:36.785Z,179134869678500
"""Dih @ GO72Iwd2XL"" raises to 50.00",2026-10-07T04:51:35.487Z,179134869548700
"""jaan @ O6Q78KIRx-"" posts a big blind of 0.50",2026-10-07T04:51:31.953Z,179134869195305
"""Dih @ GO72Iwd2XL"" posts a small blind of 0.25",2026-10-07T04:51:31.953Z,179134869195304
"Player stacks: #1 ""Dih @ GO72Iwd2XL"" (413.00) | #2 ""jaan @ O6Q78KIRx-"" (89.27)",2026-10-07T04:51:31.953Z,179134869195301
"-- starting hand #523 (id: 9lkikfimmlhk)  No Limit Texas Hold'em (dealer: ""Dih @ GO72Iwd2XL"") --",2026-10-07T04:51:31.953Z,179134869195300
"-- ending hand #522 --",2026-10-07T04:51:25.945Z,179134868594503
"""Dih @ GO72Iwd2XL"" collected 93.00 from pot with Two Pair, 7's & 4's (combination: K♣, 4♥, 4♣, 7♥, 7♠)",2026-10-07T04:51:25.945Z,179134868594502
"""Dih @ GO72Iwd2XL"" shows a 4♥, 4♣.",2026-10-07T04:51:25.945Z,179134868594501
"""jaan @ O6Q78KIRx-"" shows a A♥, 3♦.",2026-10-07T04:51:25.945Z,179134868594500
"""jaan @ O6Q78KIRx-"" checks",2026-10-07T04:51:25.116Z,179134868511600
"""Dih @ GO72Iwd2XL"" checks",2026-10-07T04:51:24.283Z,179134868428300
"River: 8♣, K♣, 7♥, 7♠ [Q♥]",2026-10-07T04:51:23.086Z,179134868308600
"""jaan @ O6Q78KIRx-"" checks",2026-10-07T04:51:22.222Z,179134868222200
"""Dih @ GO72Iwd2XL"" checks",2026-10-07T04:51:21.382Z,179134868138200
"Turn: 8♣, K♣, 7♥ [7♠]",2026-10-07T04:51:20.279Z,179134868027900
"""jaan @ O6Q78KIRx-"" checks",2026-10-07T04:51:19.463Z,179134867946300
"""Dih @ GO72Iwd2XL"" checks",2026-10-07T04:51:18.586Z,179134867858600
"Flop:  [8♣, K♣, 7♥]",2026-10-07T04:51:16.972Z,179134867697200
"""jaan @ O6Q78KIRx-"" calls 46.50",2026-10-07T04:51:16.143Z,179134867614300
"""Dih @ GO72Iwd2XL"" raises to 46.50",2026-10-07T04:51:14.244Z,179134867424400
"""jaan @ O6Q78KIRx-"" calls 0.50",2026-10-07T04:51:10.841Z,179134867084100
"""Dih @ GO72Iwd2XL"" posts a big blind of 0.50",2026-10-07T04:50:59.102Z,179134865910205
"""jaan @ O6Q78KIRx-"" posts a small blind of 0.25",2026-10-07T04:50:59.102Z,179134865910204
"Player stacks: #1 ""Dih @ GO72Iwd2XL"" (366.50) | #2 ""jaan @ O6Q78KIRx-"" (135.77)",2026-10-07T04:50:59.102Z,179134865910201
"-- starting hand #522 (id: dax5a3dd1jo6)  No Limit Texas Hold'em (dealer: ""jaan @ O6Q78KIRx-"") --",2026-10-07T04:50:59.102Z,179134865910200
"-- ending hand #521 --",2026-10-07T04:50:53.151Z,179134865315101
"""jaan @ O6Q78KIRx-"" collected 100.00 from pot",2026-10-07T04:50:53.151Z,179134865315100
"""Dih @ GO72Iwd2XL"" folds",2026-10-07T04:50:52.346Z,179134865234600
"""jaan @ O6Q78KIRx-"" checks",2026-10-07T04:50:51.436Z,179134865143600
"Flop:  [7♠, 10♥, Q♠]",2026-10-07T04:50:50.199Z,179134865019900
"""jaan @ O6Q78KIRx-"" calls 50.00",2026-10-07T04:50:49.356Z,179134864935600
"""Dih @ GO72Iwd2XL"" raises to 50.00",2026-10-07T04:50:47.499Z,179134864749900
"""jaan @ O6Q78KIRx-"" posts a big blind of 0.50",2026-10-07T04:50:42.292Z,179134864229205
"""Dih @ GO72Iwd2XL"" posts a small blind of 0.25",2026-10-07T04:50:42.292Z,179134864229204
"Player stacks: #1 ""Dih @ GO72Iwd2XL"" (416.50) | #2 ""jaan @ O6Q78KIRx-"" (85.77)",2026-10-07T04:50:42.292Z,179134864229201
"-- starting hand #521 (id: 4namunmzwsxi)  No Limit Texas Hold'em (dealer: ""Dih @ GO72Iwd2XL"") --",2026-10-07T04:50:42.292Z,179134864229200
"-- ending hand #520 --",2026-10-07T04:50:36.331Z,179134863633101
"""jaan @ O6Q78KIRx-"" collected 80.00 from pot",2026-10-07T04:50:36.331Z,179134863633100
"""Dih @ GO72Iwd2XL"" folds",2026-10-07T04:50:35.517Z,179134863551700
"Flop:  [10♥, J♠, 2♦]",2026-10-07T04:50:33.993Z,179134863399300
"""jaan @ O6Q78KIRx-"" calls 40.00",2026-10-07T04:50:33.157Z,179134863315700
"""Dih @ GO72Iwd2XL"" raises to 40.00",2026-10-07T04:50:32.118Z,179134863211800
"""jaan @ O6Q78KIRx-"" calls 0.50",2026-10-07T04:50:28.641Z,179134862864100
"""Dih @ GO72Iwd2XL"" posts a big blind of 0.50",2026-10-07T04:50:27.313Z,179134862731305
"""jaan @ O6Q78KIRx-"" posts a small blind of 0.25",2026-10-07T04:50:27.313Z,179134862731304
"Player stacks: #1 ""Dih @ GO72Iwd2XL"" (456.50) | #2 ""jaan @ O6Q78KIRx-"" (45.77)",2026-10-07T04:50:27.313Z,179134862731301
"-- starting hand #520 (id: xjjyyjm1twae)  No Limit Texas Hold'em (dealer: ""jaan @ O6Q78KIRx-"") --",2026-10-07T04:50:27.313Z,179134862731300
"""jaan @ O6Q78KIRx-"" shows a 8♦, 6♠.",2026-10-07T04:50:22.942Z,179134862294200
"-- ending hand #519 --",2026-10-07T04:50:20.781Z,179134862078102
"""Dih @ GO72Iwd2XL"" collected 136.50 from pot with Full House, 9's over K's (combination: K♠, K♥, 9♥, 9♠, 9♣)",2026-10-07T04:50:20.781Z,179134862078101
"""Dih @ GO72Iwd2XL"" shows a K♠, 9♥.",2026-10-07T04:50:20.781Z,179134862078100
"""Dih @ GO72Iwd2XL"" checks",2026-10-07T04:50:19.968Z,179134861996800
"""jaan @ O6Q78KIRx-"" checks",2026-10-07T04:50:18.449Z,179134861844900
"River: Q♣, 9♠, A♥, 9♣ [K♥]",2026-10-07T04:50:18.260Z,179134861826000
"""Dih @ GO72Iwd2XL"" checks",2026-10-07T04:50:17.434Z,179134861743400
"""jaan @ O6Q78KIRx-"" checks",2026-10-07T04:50:15.676Z,179134861567600
"Turn: Q♣, 9♠, A♥ [9♣]",2026-10-07T04:50:15.376Z,179134861537600
"""Dih @ GO72Iwd2XL"" checks",2026-10-07T04:50:14.565Z,179134861456500
"""jaan @ O6Q78KIRx-"" checks",2026-10-07T04:50:13.344Z,179134861334400
"Flop:  [Q♣, 9♠, A♥]",2026-10-07T04:50:12.174Z,179134861217400
"""jaan @ O6Q78KIRx-"" calls 68.25",2026-10-07T04:50:11.334Z,179134861133400
"""Dih @ GO72Iwd2XL"" raises to 68.25",2026-10-07T04:50:09.507Z,179134860950700
"""jaan @ O6Q78KIRx-"" posts a big blind of 0.50",2026-10-07T04:50:01.858Z,179134860185805
"""Dih @ GO72Iwd2XL"" posts a small blind of 0.25",2026-10-07T04:50:01.858Z,179134860185804
"Player stacks: #1 ""Dih @ GO72Iwd2XL"" (388.25) | #2 ""jaan @ O6Q78KIRx-"" (114.02)",2026-10-07T04:50:01.858Z,179134860185801
"-- starting hand #519 (id: h9pozrlvjzxo)  No Limit Texas Hold'em (dealer: ""Dih @ GO72Iwd2XL"") --",2026-10-07T04:50:01.858Z,179134860185800
"""jaan @ O6Q78KIRx-"" shows a 10♥, K♦.",2026-10-07T04:49:58.686Z,179134859868600
"""Dih @ GO72Iwd2XL"" shows a K♠, A♦.",2026-10-07T04:49:54.948Z,179134859494800
"-- ending hand #518 --",2026-10-07T04:49:54.396Z,179134859439602
"""Dih @ GO72Iwd2XL"" collected 0.50 from pot",2026-10-07T04:49:54.396Z,179134859439601
"Uncalled bet of 0.25 returned to ""Dih @ GO72Iwd2XL""",2026-10-07T04:49:54.396Z,179134859439600
"""jaan @ O6Q78KIRx-"" folds",2026-10-07T04:49:53.564Z,179134859356400
"""Dih @ GO72Iwd2XL"" posts a big blind of 0.50",2026-10-07T04:49:41.897Z,179134858189705
"""jaan @ O6Q78KIRx-"" posts a small blind of 0.25",2026-10-07T04:49:41.897Z,179134858189704
"Player stacks: #1 ""Dih @ GO72Iwd2XL"" (388.00) | #2 ""jaan @ O6Q78KIRx-"" (114.27)",2026-10-07T04:49:41.897Z,179134858189701
"-- starting hand #518 (id: yq8frihkhe0y)  No Limit Texas Hold'em (dealer: ""jaan @ O6Q78KIRx-"") --",2026-10-07T04:49:41.897Z,179134858189700
"""jaan @ O6Q78KIRx-"" shows a 3♥.",2026-10-07T04:49:38.230Z,179134857823000
"""jaan @ O6Q78KIRx-"" shows a 2♠.",2026-10-07T04:49:37.595Z,179134857759500
"""Dih @ GO72Iwd2XL"" shows a Q♠.",2026-10-07T04:49:36.781Z,179134857678100
"-- ending hand #517 --",2026-10-07T04:49:34.586Z,179134857458601
"""jaan @ O6Q78KIRx-"" collected 100.00 from pot",2026-10-07T04:49:34.586Z,179134857458600
"""Dih @ GO72Iwd2XL"" folds",2026-10-07T04:49:33.768Z,179134857376800
"""jaan @ O6Q78KIRx-"" checks",2026-10-07T04:49:32.576Z,179134857257600
"Flop:  [Q♣, 3♦, K♣]",2026-10-07T04:49:30.785Z,179134857078500
"""jaan @ O6Q78KIRx-"" calls 50.00",2026-10-07T04:49:29.962Z,179134856996200
"""Dih @ GO72Iwd2XL"" raises to 50.00",2026-10-07T04:49:28.019Z,179134856801900
"""jaan @ O6Q78KIRx-"" posts a big blind of 0.50",2026-10-07T04:49:25.382Z,179134856538205
"""Dih @ GO72Iwd2XL"" posts a small blind of 0.25",2026-10-07T04:49:25.382Z,179134856538204
"Player stacks: #1 ""Dih @ GO72Iwd2XL"" (438.00) | #2 ""jaan @ O6Q78KIRx-"" (64.27)",2026-10-07T04:49:25.382Z,179134856538201
"-- starting hand #517 (id: cbs9ygynrydr)  No Limit Texas Hold'em (dealer: ""Dih @ GO72Iwd2XL"") --",2026-10-07T04:49:25.382Z,179134856538200
"-- ending hand #516 --",2026-10-07T04:49:19.378Z,179134855937803
"""Dih @ GO72Iwd2XL"" collected 118.00 from pot with Pair, 5's (combination: J♦, K♣, A♦, 5♦, 5♠)",2026-10-07T04:49:19.378Z,179134855937802
"""Dih @ GO72Iwd2XL"" shows a J♦, K♣.",2026-10-07T04:49:19.378Z,179134855937801
"""jaan @ O6Q78KIRx-"" shows a Q♥, J♠.",2026-10-07T04:49:19.378Z,179134855937800
"""jaan @ O6Q78KIRx-"" checks",2026-10-07T04:49:18.570Z,179134855857000
"""Dih @ GO72Iwd2XL"" checks",2026-10-07T04:49:17.735Z,179134855773500
"River: 10♦, 5♦, 5♠, A♦ [6♥]",2026-10-07T04:49:15.371Z,179134855537100
"""jaan @ O6Q78KIRx-"" checks",2026-10-07T04:49:14.561Z,179134855456100
"""Dih @ GO72Iwd2XL"" checks",2026-10-07T04:49:13.701Z,179134855370100
"Turn: 10♦, 5♦, 5♠ [A♦]",2026-10-07T04:49:11.066Z,179134855106600
"""jaan @ O6Q78KIRx-"" checks",2026-10-07T04:49:10.171Z,179134855017100
"""Dih @ GO72Iwd2XL"" checks",2026-10-07T04:49:09.136Z,179134854913600
"Flop:  [10♦, 5♦, 5♠]",2026-10-07T04:49:07.460Z,179134854746000
"""jaan @ O6Q78KIRx-"" calls 59.00",2026-10-07T04:49:06.580Z,179134854658000
"""Dih @ GO72Iwd2XL"" raises to 59.00",2026-10-07T04:49:04.012Z,179134854401200
"""jaan @ O6Q78KIRx-"" calls 0.50",2026-10-07T04:48:56.408Z,179134853640800
"""Dih @ GO72Iwd2XL"" posts a big blind of 0.50",2026-10-07T04:48:53.860Z,179134853386005
"""jaan @ O6Q78KIRx-"" posts a small blind of 0.25",2026-10-07T04:48:53.860Z,179134853386004
"Player stacks: #1 ""Dih @ GO72Iwd2XL"" (379.00) | #2 ""jaan @ O6Q78KIRx-"" (123.27)",2026-10-07T04:48:53.860Z,179134853386001
"-- starting hand #516 (id: b05ovq9kpnma)  No Limit Texas Hold'em (dealer: ""jaan @ O6Q78KIRx-"") --",2026-10-07T04:48:53.860Z,179134853386000
"""Dih @ GO72Iwd2XL"" shows a 9♠, 7♦.",2026-10-07T04:48:49.047Z,179134852904700
"""jaan @ O6Q78KIRx-"" shows a 5♥, 9♦.",2026-10-07T04:48:46.907Z,179134852690700
"-- ending hand #515 --",2026-10-07T04:48:46.492Z,179134852649202
"""jaan @ O6Q78KIRx-"" collected 0.50 from pot",2026-10-07T04:48:46.492Z,179134852649201
"Uncalled bet of 0.25 returned to ""jaan @ O6Q78KIRx-""",2026-10-07T04:48:46.492Z,179134852649200
"""Dih @ GO72Iwd2XL"" folds",2026-10-07T04:48:45.682Z,179134852568200
"""jaan @ O6Q78KIRx-"" posts a big blind of 0.50",2026-10-07T04:48:40.941Z,179134852094105
"""Dih @ GO72Iwd2XL"" posts a small blind of 0.25",2026-10-07T04:48:40.941Z,179134852094104
"Player stacks: #1 ""Dih @ GO72Iwd2XL"" (379.25) | #2 ""jaan @ O6Q78KIRx-"" (123.02)",2026-10-07T04:48:40.941Z,179134852094101
"-- starting hand #515 (id: hivjaqatujcg)  No Limit Texas Hold'em (dealer: ""Dih @ GO72Iwd2XL"") --",2026-10-07T04:48:40.941Z,179134852094100
"""jaan @ O6Q78KIRx-"" shows a 9♥, Q♥.",2026-10-07T04:48:34.687Z,179134851468700
"""Dih @ GO72Iwd2XL"" shows a 8♥, 2♠.",2026-10-07T04:48:34.283Z,179134851428300
"-- ending hand #514 --",2026-10-07T04:48:33.639Z,179134851363901
"""jaan @ O6Q78KIRx-"" collected 1.00 from pot",2026-10-07T04:48:33.639Z,179134851363900
"""Dih @ GO72Iwd2XL"" folds",2026-10-07T04:48:32.750Z,179134851275000
"""jaan @ O6Q78KIRx-"" calls 0.50",2026-10-07T04:48:31.805Z,179134851180500
"""Dih @ GO72Iwd2XL"" posts a big blind of 0.50",2026-10-07T04:48:28.440Z,179134850844005
"""jaan @ O6Q78KIRx-"" posts a small blind of 0.25",2026-10-07T04:48:28.440Z,179134850844004
"Player stacks: #1 ""Dih @ GO72Iwd2XL"" (379.75) | #2 ""jaan @ O6Q78KIRx-"" (122.52)",2026-10-07T04:48:28.440Z,179134850844001
"-- starting hand #514 (id: pykpq4m8aw2e)  No Limit Texas Hold'em (dealer: ""jaan @ O6Q78KIRx-"") --",2026-10-07T04:48:28.440Z,179134850844000
"""jaan @ O6Q78KIRx-"" shows a Q♣, A♠.",2026-10-07T04:48:22.091Z,179134850209100
"-- ending hand #513 --",2026-10-07T04:48:21.812Z,179134850181202
"""jaan @ O6Q78KIRx-"" collected 0.50 from pot",2026-10-07T04:48:21.812Z,179134850181201
"Uncalled bet of 0.25 returned to ""jaan @ O6Q78KIRx-""",2026-10-07T04:48:21.812Z,179134850181200
"""Dih @ GO72Iwd2XL"" folds",2026-10-07T04:48:20.952Z,179134850095200
"""jaan @ O6Q78KIRx-"" posts a big blind of 0.50",2026-10-07T04:48:19.680Z,179134849968005
"""Dih @ GO72Iwd2XL"" posts a small blind of 0.25",2026-10-07T04:48:19.680Z,179134849968004
"Player stacks: #1 ""Dih @ GO72Iwd2XL"" (380.00) | #2 ""jaan @ O6Q78KIRx-"" (122.27)",2026-10-07T04:48:19.680Z,179134849968001
"-- starting hand #513 (id: ojvfustxtvhx)  No Limit Texas Hold'em (dealer: ""Dih @ GO72Iwd2XL"") --",2026-10-07T04:48:19.680Z,179134849968000
"""jaan @ O6Q78KIRx-"" shows a 5♠, 4♠.",2026-10-07T04:48:14.849Z,179134849484900
"-- ending hand #512 --",2026-10-07T04:48:13.060Z,179134849306001
"""jaan @ O6Q78KIRx-"" collected 1.00 from pot",2026-10-07T04:48:13.060Z,179134849306000
"""Dih @ GO72Iwd2XL"" folds",2026-10-07T04:48:12.235Z,179134849223500
"""jaan @ O6Q78KIRx-"" calls 0.50",2026-10-07T04:48:10.352Z,179134849035200
"""Dih @ GO72Iwd2XL"" posts a big blind of 0.50",2026-10-07T04:48:07.402Z,179134848740205
"""jaan @ O6Q78KIRx-"" posts a small blind of 0.25",2026-10-07T04:48:07.402Z,179134848740204
"Player stacks: #1 ""Dih @ GO72Iwd2XL"" (380.50) | #2 ""jaan @ O6Q78KIRx-"" (121.77)",2026-10-07T04:48:07.402Z,179134848740201
"-- starting hand #512 (id: q1laygx890z8)  No Limit Texas Hold'em (dealer: ""jaan @ O6Q78KIRx-"") --",2026-10-07T04:48:07.402Z,179134848740200
"-- ending hand #511 --",2026-10-07T04:48:01.466Z,179134848146602
"""jaan @ O6Q78KIRx-"" collected 0.50 from pot",2026-10-07T04:48:01.466Z,179134848146601
"Uncalled bet of 0.25 returned to ""jaan @ O6Q78KIRx-""",2026-10-07T04:48:01.466Z,179134848146600
"""Dih @ GO72Iwd2XL"" folds",2026-10-07T04:48:00.569Z,179134848056900
"""jaan @ O6Q78KIRx-"" posts a big blind of 0.50",2026-10-07T04:47:58.682Z,179134847868205
"""Dih @ GO72Iwd2XL"" posts a small blind of 0.25",2026-10-07T04:47:58.682Z,179134847868204
"Player stacks: #1 ""Dih @ GO72Iwd2XL"" (380.75) | #2 ""jaan @ O6Q78KIRx-"" (121.52)",2026-10-07T04:47:58.682Z,179134847868201
"-- starting hand #511 (id: vsxhx4j3sfpe)  No Limit Texas Hold'em (dealer: ""Dih @ GO72Iwd2XL"") --",2026-10-07T04:47:58.682Z,179134847868200
"""Dih @ GO72Iwd2XL"" shows a A♦.",2026-10-07T04:47:55.849Z,179134847584900
"""Dih @ GO72Iwd2XL"" shows a 9♣.",2026-10-07T04:47:55.449Z,179134847544900
"-- ending hand #510 --",2026-10-07T04:47:52.078Z,179134847207802
"""Dih @ GO72Iwd2XL"" collected 0.50 from pot",2026-10-07T04:47:52.078Z,179134847207801
"Uncalled bet of 0.25 returned to ""Dih @ GO72Iwd2XL""",2026-10-07T04:47:52.078Z,179134847207800
"""jaan @ O6Q78KIRx-"" folds",2026-10-07T04:47:51.269Z,179134847126900
"""Dih @ GO72Iwd2XL"" posts a big blind of 0.50",2026-10-07T04:47:49.635Z,179134846963505
"""jaan @ O6Q78KIRx-"" posts a small blind of 0.25",2026-10-07T04:47:49.635Z,179134846963504
"Player stacks: #1 ""Dih @ GO72Iwd2XL"" (380.50) | #2 ""jaan @ O6Q78KIRx-"" (121.77)",2026-10-07T04:47:49.635Z,179134846963501
"-- starting hand #510 (id: myge7dpmlxyh)  No Limit Texas Hold'em (dealer: ""jaan @ O6Q78KIRx-"") --",2026-10-07T04:47:49.635Z,179134846963500
"""jaan @ O6Q78KIRx-"" shows a 2♠, 3♦.",2026-10-07T04:47:43.961Z,179134846396100
"-- ending hand #509 --",2026-10-07T04:47:43.077Z,179134846307702
"""Dih @ GO72Iwd2XL"" collected 60.50 from pot with Pair, 5's (combination: 10♦, J♠, A♠, 5♠, 5♦)",2026-10-07T04:47:43.077Z,179134846307701
"""Dih @ GO72Iwd2XL"" shows a 5♠, 5♦.",2026-10-07T04:47:43.077Z,179134846307700
"""Dih @ GO72Iwd2XL"" checks",2026-10-07T04:47:42.236Z,179134846223600
"""jaan @ O6Q78KIRx-"" checks",2026-10-07T04:47:41.321Z,179134846132100
"River: A♠, 10♦, 3♥, 6♥ [J♠]",2026-10-07T04:47:41.078Z,179134846107800
"""Dih @ GO72Iwd2XL"" checks",2026-10-07T04:47:40.258Z,179134846025800
"""jaan @ O6Q78KIRx-"" checks",2026-10-07T04:47:39.410Z,179134845941000
"Turn: A♠, 10♦, 3♥ [6♥]",2026-10-07T04:47:39.191Z,179134845919100
"""Dih @ GO72Iwd2XL"" checks",2026-10-07T04:47:38.348Z,179134845834800
"""jaan @ O6Q78KIRx-"" checks",2026-10-07T04:47:37.366Z,179134845736600
"Flop:  [A♠, 10♦, 3♥]",2026-10-07T04:47:36.810Z,179134845681000
"""jaan @ O6Q78KIRx-"" calls 30.25",2026-10-07T04:47:35.996Z,179134845599600
"""Dih @ GO72Iwd2XL"" raises to 30.25",2026-10-07T04:47:34.591Z,179134845459100
"""jaan @ O6Q78KIRx-"" posts a big blind of 0.50",2026-10-07T04:47:29.452Z,179134844945205
"""Dih @ GO72Iwd2XL"" posts a small blind of 0.25",2026-10-07T04:47:29.452Z,179134844945204
"Player stacks: #1 ""Dih @ GO72Iwd2XL"" (350.25) | #2 ""jaan @ O6Q78KIRx-"" (152.02)",2026-10-07T04:47:29.452Z,179134844945201
"-- starting hand #509 (id: smnmmwnhw1ri)  No Limit Texas Hold'em (dealer: ""Dih @ GO72Iwd2XL"") --",2026-10-07T04:47:29.452Z,179134844945200
"""jaan @ O6Q78KIRx-"" shows a 6♦, 2♠.",2026-10-07T04:47:24.745Z,179134844474500
"-- ending hand #508 --",2026-10-07T04:47:22.849Z,179134844284902
"""Dih @ GO72Iwd2XL"" collected 0.50 from pot",2026-10-07T04:47:22.849Z,179134844284901
"Uncalled bet of 0.25 returned to ""Dih @ GO72Iwd2XL""",2026-10-07T04:47:22.849Z,179134844284900
"""jaan @ O6Q78KIRx-"" folds",2026-10-07T04:47:22.047Z,179134844204700
"""Dih @ GO72Iwd2XL"" posts a big blind of 0.50",2026-10-07T04:47:20.974Z,179134844097405
"""jaan @ O6Q78KIRx-"" posts a small blind of 0.25",2026-10-07T04:47:20.974Z,179134844097404
"Player stacks: #1 ""Dih @ GO72Iwd2XL"" (350.00) | #2 ""jaan @ O6Q78KIRx-"" (152.27)",2026-10-07T04:47:20.974Z,179134844097401
"-- starting hand #508 (id: dnife0aso9gx)  No Limit Texas Hold'em (dealer: ""jaan @ O6Q78KIRx-"") --",2026-10-07T04:47:20.974Z,179134844097400
"""jaan @ O6Q78KIRx-"" shows a 6♦, 2♥.",2026-10-07T04:47:16.425Z,179134843642500
"""Dih @ GO72Iwd2XL"" shows a 2♠, 8♠.",2026-10-07T04:47:13.866Z,179134843386600
"-- ending hand #507 --",2026-10-07T04:47:13.568Z,179134843356802
"""jaan @ O6Q78KIRx-"" collected 0.50 from pot",2026-10-07T04:47:13.568Z,179134843356801
"Uncalled bet of 0.25 returned to ""jaan @ O6Q78KIRx-""",2026-10-07T04:47:13.568Z,179134843356800
"""Dih @ GO72Iwd2XL"" folds",2026-10-07T04:47:12.740Z,179134843274000
"""jaan @ O6Q78KIRx-"" posts a big blind of 0.50",2026-10-07T04:47:08.871Z,179134842887105
"""Dih @ GO72Iwd2XL"" posts a small blind of 0.25",2026-10-07T04:47:08.871Z,179134842887104
"Player stacks: #1 ""Dih @ GO72Iwd2XL"" (350.25) | #2 ""jaan @ O6Q78KIRx-"" (152.02)",2026-10-07T04:47:08.871Z,179134842887101
"-- starting hand #507 (id: gh8fdlgagf1b)  No Limit Texas Hold'em (dealer: ""Dih @ GO72Iwd2XL"") --",2026-10-07T04:47:08.871Z,179134842887100
"""jaan @ O6Q78KIRx-"" shows a 5♣, 2♠.",2026-10-07T04:47:06.810Z,179134842681000
"""Dih @ GO72Iwd2XL"" shows a K♣, J♥.",2026-10-07T04:47:04.949Z,179134842494900
"-- ending hand #506 --",2026-10-07T04:47:01.558Z,179134842155802
"""Dih @ GO72Iwd2XL"" collected 0.50 from pot",2026-10-07T04:47:01.558Z,179134842155801
"Uncalled bet of 0.25 returned to ""Dih @ GO72Iwd2XL""",2026-10-07T04:47:01.558Z,179134842155800
"""jaan @ O6Q78KIRx-"" folds",2026-10-07T04:47:00.745Z,179134842074500
"""Dih @ GO72Iwd2XL"" posts a big blind of 0.50",2026-10-07T04:46:59.450Z,179134841945005
"""jaan @ O6Q78KIRx-"" posts a small blind of 0.25",2026-10-07T04:46:59.450Z,179134841945004
"Player stacks: #1 ""Dih @ GO72Iwd2XL"" (350.00) | #2 ""jaan @ O6Q78KIRx-"" (152.27)",2026-10-07T04:46:59.450Z,179134841945001
"-- starting hand #506 (id: yuvm9buhsx0c)  No Limit Texas Hold'em (dealer: ""jaan @ O6Q78KIRx-"") --",2026-10-07T04:46:59.450Z,179134841945000
"-- ending hand #505 --",2026-10-07T04:46:53.538Z,179134841353802
"""jaan @ O6Q78KIRx-"" collected 0.50 from pot",2026-10-07T04:46:53.538Z,179134841353801
"Uncalled bet of 0.25 returned to ""jaan @ O6Q78KIRx-""",2026-10-07T04:46:53.538Z,179134841353800
"""Dih @ GO72Iwd2XL"" folds",2026-10-07T04:46:52.684Z,179134841268400
"""jaan @ O6Q78KIRx-"" posts a big blind of 0.50",2026-10-07T04:46:43.001Z,179134840300105
"""Dih @ GO72Iwd2XL"" posts a small blind of 0.25",2026-10-07T04:46:43.001Z,179134840300104
"Player stacks: #1 ""Dih @ GO72Iwd2XL"" (350.25) | #2 ""jaan @ O6Q78KIRx-"" (152.02)",2026-10-07T04:46:43.001Z,179134840300101
"-- starting hand #505 (id: qeggt5fnogbq)  No Limit Texas Hold'em (dealer: ""Dih @ GO72Iwd2XL"") --",2026-10-07T04:46:43.001Z,179134840300100
"""jaan @ O6Q78KIRx-"" shows a K♠, 5♠.",2026-10-07T04:46:38.037Z,179134839803700
"-- ending hand #504 --",2026-10-07T04:46:36.398Z,179134839639802
"""Dih @ GO72Iwd2XL"" collected 0.50 from pot",2026-10-07T04:46:36.398Z,179134839639801
"Uncalled bet of 0.25 returned to ""Dih @ GO72Iwd2XL""",2026-10-07T04:46:36.398Z,179134839639800
"""jaan @ O6Q78KIRx-"" folds",2026-10-07T04:46:35.592Z,179134839559200
"""Dih @ GO72Iwd2XL"" posts a big blind of 0.50",2026-10-07T04:46:32.557Z,179134839255705
"""jaan @ O6Q78KIRx-"" posts a small blind of 0.25",2026-10-07T04:46:32.557Z,179134839255704
"Player stacks: #1 ""Dih @ GO72Iwd2XL"" (350.00) | #2 ""jaan @ O6Q78KIRx-"" (152.27)",2026-10-07T04:46:32.557Z,179134839255701
"-- starting hand #504 (id: qjfwbyj2hkmq)  No Limit Texas Hold'em (dealer: ""jaan @ O6Q78KIRx-"") --",2026-10-07T04:46:32.557Z,179134839255700
"""jaan @ O6Q78KIRx-"" shows a 9♣.",2026-10-07T04:46:27.043Z,179134838704300
"""jaan @ O6Q78KIRx-"" shows a 8♦.",2026-10-07T04:46:26.767Z,179134838676700
"-- ending hand #503 --",2026-10-07T04:46:25.953Z,179134838595302
"""jaan @ O6Q78KIRx-"" collected 0.50 from pot",2026-10-07T04:46:25.953Z,179134838595301
"Uncalled bet of 0.25 returned to ""jaan @ O6Q78KIRx-""",2026-10-07T04:46:25.953Z,179134838595300
"""Dih @ GO72Iwd2XL"" folds",2026-10-07T04:46:25.116Z,179134838511600
"""jaan @ O6Q78KIRx-"" posts a big blind of 0.50",2026-10-07T04:46:19.935Z,179134837993505
"""Dih @ GO72Iwd2XL"" posts a small blind of 0.25",2026-10-07T04:46:19.935Z,179134837993504
"Player stacks: #1 ""Dih @ GO72Iwd2XL"" (350.25) | #2 ""jaan @ O6Q78KIRx-"" (152.02)",2026-10-07T04:46:19.935Z,179134837993501
"-- starting hand #503 (id: a2ravtc3zoze)  No Limit Texas Hold'em (dealer: ""Dih @ GO72Iwd2XL"") --",2026-10-07T04:46:19.935Z,179134837993500
"""Dih @ GO72Iwd2XL"" shows a K♥, 5♠.",2026-10-07T04:46:15.667Z,179134837566700
"-- ending hand #502 --",2026-10-07T04:46:13.297Z,179134837329702
"""Dih @ GO72Iwd2XL"" collected 0.50 from pot",2026-10-07T04:46:13.297Z,179134837329701
"Uncalled bet of 0.25 returned to ""Dih @ GO72Iwd2XL""",2026-10-07T04:46:13.297Z,179134837329700
"""jaan @ O6Q78KIRx-"" folds",2026-10-07T04:46:12.491Z,179134837249100
"""Dih @ GO72Iwd2XL"" posts a big blind of 0.50",2026-10-07T04:46:03.732Z,179134836373213
"""jaan @ O6Q78KIRx-"" posts a small blind of 0.25",2026-10-07T04:46:03.732Z,179134836373212
"Player stacks: #1 ""Dih @ GO72Iwd2XL"" (350.00) | #2 ""jaan @ O6Q78KIRx-"" (152.27)",2026-10-07T04:46:03.732Z,179134836373209
"The player ""Rayan @ nhXZL_Cydv"" joined the game with a stack of 80.74.",2026-10-07T04:46:03.732Z,179134836373208
"The player ""Jason @ fYqcH1JWT_"" joined the game with a stack of 80.50.",2026-10-07T04:46:03.732Z,179134836373207
"The player ""jt brotha jt @ bzbydISPPH"" joined the game with a stack of 48.50.",2026-10-07T04:46:03.732Z,179134836373206
"The player ""Cam @ eWUSzBpS1d"" joined the game with a stack of 88.66.",2026-10-07T04:46:03.732Z,179134836373205
"The player ""sack @ boAReb7tW9"" joined the game with a stack of 181.83.",2026-10-07T04:46:03.732Z,179134836373204
"The player ""Heech @ wzsls5Sz57"" joined the game with a stack of 21.00.",2026-10-07T04:46:03.732Z,179134836373203
"The player ""jaan @ O6Q78KIRx-"" joined the game with a stack of 152.27.",2026-10-07T04:46:03.732Z,179134836373202
"The player ""Dih @ GO72Iwd2XL"" joined the game with a stack of 350.00.",2026-10-07T04:46:03.732Z,179134836373201
"-- starting hand #502 (id: ady9ryuiwmdj)  No Limit Texas Hold'em (dealer: ""jaan @ O6Q78KIRx-"") --",2026-10-07T04:46:03.732Z,179134836373200
"The player ""Dih @ GO72Iwd2XL"" sit back with the stack of 350.00.",2026-10-07T04:46:01.933Z,179134836193300
"The player ""Dih @ GO72Iwd2XL"" stand up with the stack of 350.00.",2026-10-07T04:45:31.441Z,179134833144100
"-- ending hand #501 --",2026-10-07T04:45:25.434Z,179134832543402
"""jaan @ O6Q78KIRx-"" collected 119.68 from pot with Two Pair, 8's & 2's (combination: A♥, 2♠, 2♦, 8♠, 8♥)",2026-10-07T04:45:25.434Z,179134832543401
"""jaan @ O6Q78KIRx-"" shows a 8♠, A♥.",2026-10-07T04:45:25.434Z,179134832543400
"""jaan @ O6Q78KIRx-"" checks",2026-10-07T04:45:24.577Z,179134832457700
"""Dih @ GO72Iwd2XL"" checks",2026-10-07T04:45:23.553Z,179134832355300
"River: 2♠, 7♣, 8♥, 2♦ [Q♥]",2026-10-07T04:45:21.033Z,179134832103300
"""jaan @ O6Q78KIRx-"" checks",2026-10-07T04:45:20.172Z,179134832017200
"""Dih @ GO72Iwd2XL"" checks",2026-10-07T04:45:19.338Z,179134831933800
"Turn: 2♠, 7♣, 8♥ [2♦]",2026-10-07T04:45:17.469Z,179134831746900
"""jaan @ O6Q78KIRx-"" checks",2026-10-07T04:45:16.649Z,179134831664900
"""Dih @ GO72Iwd2XL"" checks",2026-10-07T04:45:15.785Z,179134831578500
"Flop:  [2♠, 7♣, 8♥]",2026-10-07T04:45:13.617Z,179134831361700
"""jaan @ O6Q78KIRx-"" calls 59.84",2026-10-07T04:45:12.811Z,179134831281100
"""Dih @ GO72Iwd2XL"" raises to 59.84",2026-10-07T04:45:11.545Z,179134831154500
"""jaan @ O6Q78KIRx-"" calls 0.50",2026-10-07T04:45:07.176Z,179134830717600
"""Dih @ GO72Iwd2XL"" posts a big blind of 0.50",2026-10-07T04:44:55.862Z,179134829586205
"""jaan @ O6Q78KIRx-"" posts a small blind of 0.25",2026-10-07T04:44:55.862Z,179134829586204
"Player stacks: #1 ""Dih @ GO72Iwd2XL"" (409.84) | #2 ""jaan @ O6Q78KIRx-"" (92.43)",2026-10-07T04:44:55.862Z,179134829586201
"-- starting hand #501 (id: u1obwrxcggsu)  No Limit Texas Hold'em (dealer: ""jaan @ O6Q78KIRx-"") --",2026-10-07T04:44:55.862Z,179134829586200
"""jaan @ O6Q78KIRx-"" shows a A♥, 10♣.",2026-10-07T04:44:51.423Z,179134829142300
"-- ending hand #500 --",2026-10-07T04:44:49.353Z,179134828935302
"""Dih @ GO72Iwd2XL"" collected 59.84 from pot with Two Pair, 7's & 6's (combination: J♣, 6♣, 6♦, 7♠, 7♦)",2026-10-07T04:44:49.353Z,179134828935301
"""Dih @ GO72Iwd2XL"" shows a J♣, 6♣.",2026-10-07T04:44:49.353Z,179134828935300
"""Dih @ GO72Iwd2XL"" checks",2026-10-07T04:44:48.498Z,179134828849800
"""jaan @ O6Q78KIRx-"" checks",2026-10-07T04:44:47.610Z,179134828761000
"River: 4♦, 7♠, 3♥, 6♦ [7♦]",2026-10-07T04:44:47.354Z,179134828735400
"""Dih @ GO72Iwd2XL"" checks",2026-10-07T04:44:46.512Z,179134828651200
"""jaan @ O6Q78KIRx-"" checks",2026-10-07T04:44:45.618Z,179134828561800
"Turn: 4♦, 7♠, 3♥ [6♦]",2026-10-07T04:44:44.950Z,179134828495000
"""Dih @ GO72Iwd2XL"" checks",2026-10-07T04:44:44.052Z,179134828405200
"""jaan @ O6Q78KIRx-"" checks",2026-10-07T04:44:42.484Z,179134828248400
"Flop:  [4♦, 7♠, 3♥]",2026-10-07T04:44:41.749Z,179134828174900
"""jaan @ O6Q78KIRx-"" calls 29.92",2026-10-07T04:44:40.917Z,179134828091700
"""Dih @ GO72Iwd2XL"" raises to 29.92",2026-10-07T04:44:38.496Z,179134827849600
"""jaan @ O6Q78KIRx-"" posts a big blind of 0.50",2026-10-07T04:44:31.303Z,179134827130305
"""Dih @ GO72Iwd2XL"" posts a small blind of 0.25",2026-10-07T04:44:31.303Z,179134827130304
"Player stacks: #1 ""Dih @ GO72Iwd2XL"" (379.92) | #2 ""jaan @ O6Q78KIRx-"" (122.35)",2026-10-07T04:44:31.303Z,179134827130301
"-- starting hand #500 (id: xqxj0efxlk89)  No Limit Texas Hold'em (dealer: ""Dih @ GO72Iwd2XL"") --",2026-10-07T04:44:31.303Z,179134827130300
"""Dih @ GO72Iwd2XL"" shows a 6♣, 5♠.",2026-10-07T04:44:26.783Z,179134826678300
"""jaan @ O6Q78KIRx-"" shows a 7♠, 2♣.",2026-10-07T04:44:24.150Z,179134826415000
"-- ending hand #499 --",2026-10-07T04:44:23.974Z,179134826397402
"""Dih @ GO72Iwd2XL"" collected 0.50 from pot",2026-10-07T04:44:23.974Z,179134826397401
"Uncalled bet of 0.25 returned to ""Dih @ GO72Iwd2XL""",2026-10-07T04:44:23.974Z,179134826397400
"""jaan @ O6Q78KIRx-"" folds",2026-10-07T04:44:23.147Z,179134826314700
"""Dih @ GO72Iwd2XL"" posts a big blind of 0.50",2026-10-07T04:44:21.435Z,179134826143505
"""jaan @ O6Q78KIRx-"" posts a small blind of 0.25",2026-10-07T04:44:21.435Z,179134826143504
"Player stacks: #1 ""Dih @ GO72Iwd2XL"" (379.67) | #2 ""jaan @ O6Q78KIRx-"" (122.60)",2026-10-07T04:44:21.435Z,179134826143501
"-- starting hand #499 (id: lrb80ocvimb9)  No Limit Texas Hold'em (dealer: ""jaan @ O6Q78KIRx-"") --",2026-10-07T04:44:21.435Z,179134826143500
"""Dih @ GO72Iwd2XL"" shows a 3♣.",2026-10-07T04:44:18.667Z,179134825866700
"""Dih @ GO72Iwd2XL"" shows a 4♥.",2026-10-07T04:44:17.203Z,179134825720300
"""jaan @ O6Q78KIRx-"" shows a K♣, A♠.",2026-10-07T04:44:14.764Z,179134825476400
"-- ending hand #498 --",2026-10-07T04:44:14.095Z,179134825409502
"""jaan @ O6Q78KIRx-"" collected 0.50 from pot",2026-10-07T04:44:14.095Z,179134825409501
"Uncalled bet of 0.25 returned to ""jaan @ O6Q78KIRx-""",2026-10-07T04:44:14.095Z,179134825409500
"""Dih @ GO72Iwd2XL"" folds",2026-10-07T04:44:13.272Z,179134825327200
"""jaan @ O6Q78KIRx-"" posts a big blind of 0.50",2026-10-07T04:44:11.293Z,179134825129305
"""Dih @ GO72Iwd2XL"" posts a small blind of 0.25",2026-10-07T04:44:11.293Z,179134825129304
"Player stacks: #1 ""Dih @ GO72Iwd2XL"" (379.92) | #2 ""jaan @ O6Q78KIRx-"" (122.35)",2026-10-07T04:44:11.293Z,179134825129301
"-- starting hand #498 (id: 7isv1f1cz2ot)  No Limit Texas Hold'em (dealer: ""Dih @ GO72Iwd2XL"") --",2026-10-07T04:44:11.293Z,179134825129300
"-- ending hand #497 --",2026-10-07T04:44:05.360Z,179134824536001
"""jaan @ O6Q78KIRx-"" collected 70.00 from pot",2026-10-07T04:44:05.360Z,179134824536000
"""Dih @ GO72Iwd2XL"" folds",2026-10-07T04:44:04.534Z,179134824453400
"Flop:  [6♦, 3♥, 4♠]",2026-10-07T04:44:03.361Z,179134824336100
"""jaan @ O6Q78KIRx-"" calls 35.00",2026-10-07T04:44:02.519Z,179134824251900
"""Dih @ GO72Iwd2XL"" raises to 35.00",2026-10-07T04:44:00.977Z,179134824097700
"""jaan @ O6Q78KIRx-"" calls 0.50",2026-10-07T04:43:57.790Z,179134823779000
"""Dih @ GO72Iwd2XL"" posts a big blind of 0.50",2026-10-07T04:43:56.249Z,179134823624905
"""jaan @ O6Q78KIRx-"" posts a small blind of 0.25",2026-10-07T04:43:56.249Z,179134823624904
"Player stacks: #1 ""Dih @ GO72Iwd2XL"" (414.92) | #2 ""jaan @ O6Q78KIRx-"" (87.35)",2026-10-07T04:43:56.249Z,179134823624901
"-- starting hand #497 (id: yxbvk5un5qtx)  No Limit Texas Hold'em (dealer: ""jaan @ O6Q78KIRx-"") --",2026-10-07T04:43:56.249Z,179134823624900
"-- ending hand #496 --",2026-10-07T04:43:50.232Z,179134823023202
"""Dih @ GO72Iwd2XL"" collected 64.92 from pot with Pair, 9's (combination: 7♥, J♥, A♠, 9♥, 9♦)",2026-10-07T04:43:50.232Z,179134823023201
"""Dih @ GO72Iwd2XL"" shows a 9♥, 9♦.",2026-10-07T04:43:50.232Z,179134823023200
"""Dih @ GO72Iwd2XL"" checks",2026-10-07T04:43:49.402Z,179134822940200
"""jaan @ O6Q78KIRx-"" checks",2026-10-07T04:43:48.222Z,179134822822200
"River: 6♥, 2♦, J♥, 7♥ [A♠]",2026-10-07T04:43:48.031Z,179134822803100
"""Dih @ GO72Iwd2XL"" checks",2026-10-07T04:43:47.186Z,179134822718600
"""jaan @ O6Q78KIRx-"" checks",2026-10-07T04:43:46.321Z,179134822632100
"Turn: 6♥, 2♦, J♥ [7♥]",2026-10-07T04:43:46.072Z,179134822607200
"""Dih @ GO72Iwd2XL"" checks",2026-10-07T04:43:45.266Z,179134822526600
"""jaan @ O6Q78KIRx-"" checks",2026-10-07T04:43:44.013Z,179134822401300
"Flop:  [6♥, 2♦, J♥]",2026-10-07T04:43:43.676Z,179134822367600
"""jaan @ O6Q78KIRx-"" calls 32.46",2026-10-07T04:43:42.850Z,179134822285000
"""Dih @ GO72Iwd2XL"" raises to 32.46",2026-10-07T04:43:40.796Z,179134822079600
"""jaan @ O6Q78KIRx-"" posts a big blind of 0.50",2026-10-07T04:43:24.181Z,179134820418105
"""Dih @ GO72Iwd2XL"" posts a small blind of 0.25",2026-10-07T04:43:24.181Z,179134820418104
"Player stacks: #1 ""Dih @ GO72Iwd2XL"" (382.46) | #2 ""jaan @ O6Q78KIRx-"" (119.81)",2026-10-07T04:43:24.181Z,179134820418101
"-- starting hand #496 (id: nkju8htw7oaq)  No Limit Texas Hold'em (dealer: ""Dih @ GO72Iwd2XL"") --",2026-10-07T04:43:24.181Z,179134820418100
"""jaan @ O6Q78KIRx-"" shows a 3♠, 4♥.",2026-10-07T04:43:19.401Z,179134819940100
"""Dih @ GO72Iwd2XL"" shows a 9♥, 9♣.",2026-10-07T04:43:17.433Z,179134819743300
"-- ending hand #495 --",2026-10-07T04:43:16.855Z,179134819685502
"""Dih @ GO72Iwd2XL"" collected 0.50 from pot",2026-10-07T04:43:16.855Z,179134819685501
"Uncalled bet of 0.25 returned to ""Dih @ GO72Iwd2XL""",2026-10-07T04:43:16.855Z,179134819685500
"""jaan @ O6Q78KIRx-"" folds",2026-10-07T04:43:16.038Z,179134819603800
"""Dih @ GO72Iwd2XL"" posts a big blind of 0.50",2026-10-07T04:43:14.515Z,179134819451505
"""jaan @ O6Q78KIRx-"" posts a small blind of 0.25",2026-10-07T04:43:14.515Z,179134819451504
"Player stacks: #1 ""Dih @ GO72Iwd2XL"" (382.21) | #2 ""jaan @ O6Q78KIRx-"" (120.06)",2026-10-07T04:43:14.515Z,179134819451501
"-- starting hand #495 (id: 7wx76mcywsg4)  No Limit Texas Hold'em (dealer: ""jaan @ O6Q78KIRx-"") --",2026-10-07T04:43:14.515Z,179134819451500
"""Dih @ GO72Iwd2XL"" shows a A♦, 9♣.",2026-10-07T04:43:11.201Z,179134819120100
"-- ending hand #494 --",2026-10-07T04:43:07.906Z,179134818790601
"""jaan @ O6Q78KIRx-"" collected 56.00 from pot",2026-10-07T04:43:07.906Z,179134818790600
"""Dih @ GO72Iwd2XL"" folds",2026-10-07T04:43:07.101Z,179134818710100
"""jaan @ O6Q78KIRx-"" checks",2026-10-07T04:43:05.900Z,179134818590000
"Flop:  [K♠, 5♣, Q♥]",2026-10-07T04:43:03.774Z,179134818377400
"""jaan @ O6Q78KIRx-"" calls 28.00",2026-10-07T04:43:02.940Z,179134818294000
"""Dih @ GO72Iwd2XL"" raises to 28.00",2026-10-07T04:43:01.956Z,179134818195600
"""jaan @ O6Q78KIRx-"" posts a big blind of 0.50",2026-10-07T04:42:59.253Z,179134817925305
"""Dih @ GO72Iwd2XL"" posts a small blind of 0.25",2026-10-07T04:42:59.253Z,179134817925304
"Player stacks: #1 ""Dih @ GO72Iwd2XL"" (410.21) | #2 ""jaan @ O6Q78KIRx-"" (92.06)",2026-10-07T04:42:59.253Z,179134817925301
"-- starting hand #494 (id: mpunosdnkyg8)  No Limit Texas Hold'em (dealer: ""Dih @ GO72Iwd2XL"") --",2026-10-07T04:42:59.253Z,179134817925300
"""Dih @ GO72Iwd2XL"" shows a J♣, A♣.",2026-10-07T04:42:53.202Z,179134817320200
"-- ending hand #493 --",2026-10-07T04:42:52.646Z,179134817264602
"""Dih @ GO72Iwd2XL"" collected 0.50 from pot",2026-10-07T04:42:52.646Z,179134817264601
"Uncalled bet of 0.25 returned to ""Dih @ GO72Iwd2XL""",2026-10-07T04:42:52.646Z,179134817264600
"""jaan @ O6Q78KIRx-"" folds",2026-10-07T04:42:51.806Z,179134817180600
"""Dih @ GO72Iwd2XL"" posts a big blind of 0.50",2026-10-07T04:42:50.869Z,179134817086905
"""jaan @ O6Q78KIRx-"" posts a small blind of 0.25",2026-10-07T04:42:50.869Z,179134817086904
"Player stacks: #1 ""Dih @ GO72Iwd2XL"" (409.96) | #2 ""jaan @ O6Q78KIRx-"" (92.31)",2026-10-07T04:42:50.869Z,179134817086901
"-- starting hand #493 (id: ifpy2fn5tcqo)  No Limit Texas Hold'em (dealer: ""jaan @ O6Q78KIRx-"") --",2026-10-07T04:42:50.869Z,179134817086900
"""jaan @ O6Q78KIRx-"" shows a 6♣, 5♣.",2026-10-07T04:42:45.020Z,179134816502000
"-- ending hand #492 --",2026-10-07T04:42:44.350Z,179134816435002
"""Dih @ GO72Iwd2XL"" collected 59.96 from pot with Two Pair, K's & 10's (combination: Q♦, 10♠, 10♦, K♦, K♠)",2026-10-07T04:42:44.350Z,179134816435001
"""Dih @ GO72Iwd2XL"" shows a K♦, J♥.",2026-10-07T04:42:44.350Z,179134816435000
"""Dih @ GO72Iwd2XL"" checks",2026-10-07T04:42:43.500Z,179134816350000
"""jaan @ O6Q78KIRx-"" checks",2026-10-07T04:42:42.294Z,179134816229400
"River: 3♣, K♠, 10♠, 10♦ [Q♦]",2026-10-07T04:42:42.086Z,179134816208600
"""Dih @ GO72Iwd2XL"" checks",2026-10-07T04:42:41.279Z,179134816127900
"""jaan @ O6Q78KIRx-"" checks",2026-10-07T04:42:40.414Z,179134816041400
"Turn: 3♣, K♠, 10♠ [10♦]",2026-10-07T04:42:39.780Z,179134815978000
"""Dih @ GO72Iwd2XL"" checks",2026-10-07T04:42:38.951Z,179134815895100
"""jaan @ O6Q78KIRx-"" checks",2026-10-07T04:42:37.428Z,179134815742800
"Flop:  [3♣, K♠, 10♠]",2026-10-07T04:42:37.054Z,179134815705400
"""jaan @ O6Q78KIRx-"" calls 29.98",2026-10-07T04:42:36.206Z,179134815620600
"""Dih @ GO72Iwd2XL"" raises to 29.98",2026-10-07T04:42:34.605Z,179134815460500
"""jaan @ O6Q78KIRx-"" posts a big blind of 0.50",2026-10-07T04:42:28.069Z,179134814806905
"""Dih @ GO72Iwd2XL"" posts a small blind of 0.25",2026-10-07T04:42:28.069Z,179134814806904
"Player stacks: #1 ""Dih @ GO72Iwd2XL"" (379.98) | #2 ""jaan @ O6Q78KIRx-"" (122.29)",2026-10-07T04:42:28.069Z,179134814806901
"-- starting hand #492 (id: 4kjcy9m3mejz)  No Limit Texas Hold'em (dealer: ""Dih @ GO72Iwd2XL"") --",2026-10-07T04:42:28.069Z,179134814806900
"""Dih @ GO72Iwd2XL"" shows a 2♦.",2026-10-07T04:42:23.751Z,179134814375100
"-- ending hand #491 --",2026-10-07T04:42:21.463Z,179134814146301
"""jaan @ O6Q78KIRx-"" collected 54.00 from pot",2026-10-07T04:42:21.463Z,179134814146300
"""Dih @ GO72Iwd2XL"" folds",2026-10-07T04:42:20.654Z,179134814065400
"Flop:  [2♥, 2♠, 5♦]",2026-10-07T04:42:18.837Z,179134813883700
"""jaan @ O6Q78KIRx-"" calls 27.00",2026-10-07T04:42:18.011Z,179134813801100
"""Dih @ GO72Iwd2XL"" raises to 27.00",2026-10-07T04:42:14.282Z,179134813428200
"""jaan @ O6Q78KIRx-"" calls 0.50",2026-10-07T04:42:11.441Z,179134813144100
"""Dih @ GO72Iwd2XL"" posts a big blind of 0.50",2026-10-07T04:42:05.436Z,179134812543605
"""jaan @ O6Q78KIRx-"" posts a small blind of 0.25",2026-10-07T04:42:05.436Z,179134812543604
"Player stacks: #1 ""Dih @ GO72Iwd2XL"" (406.98) | #2 ""jaan @ O6Q78KIRx-"" (95.29)",2026-10-07T04:42:05.436Z,179134812543601
"-- starting hand #491 (id: qd3xqclbhiz0)  No Limit Texas Hold'em (dealer: ""jaan @ O6Q78KIRx-"") --",2026-10-07T04:42:05.436Z,179134812543600
"""jaan @ O6Q78KIRx-"" shows a Q♠, 9♥.",2026-10-07T04:41:59.891Z,179134811989100
"-- ending hand #490 --",2026-10-07T04:41:58.893Z,179134811889302
"""Dih @ GO72Iwd2XL"" collected 56.98 from pot with Pair, 3's (combination: 8♥, K♠, A♥, 3♣, 3♠)",2026-10-07T04:41:58.893Z,179134811889301
"""Dih @ GO72Iwd2XL"" shows a 7♣, 3♣.",2026-10-07T04:41:58.893Z,179134811889300
"""Dih @ GO72Iwd2XL"" checks",2026-10-07T04:41:58.072Z,179134811807200
"""jaan @ O6Q78KIRx-"" checks",2026-10-07T04:41:55.271Z,179134811527100
"River: 3♠, 8♥, K♠, 6♥ [A♥]",2026-10-07T04:41:55.169Z,179134811516900
"""Dih @ GO72Iwd2XL"" checks",2026-10-07T04:41:54.334Z,179134811433400
"""jaan @ O6Q78KIRx-"" checks",2026-10-07T04:41:53.442Z,179134811344200
"Turn: 3♠, 8♥, K♠ [6♥]",2026-10-07T04:41:53.254Z,179134811325400
"""Dih @ GO72Iwd2XL"" checks",2026-10-07T04:41:52.434Z,179134811243400
"""jaan @ O6Q78KIRx-"" checks",2026-10-07T04:41:51.184Z,179134811118400
"Flop:  [3♠, 8♥, K♠]",2026-10-07T04:41:50.638Z,179134811063800
"""jaan @ O6Q78KIRx-"" calls 28.49",2026-10-07T04:41:49.815Z,179134810981500
"""Dih @ GO72Iwd2XL"" raises to 28.49",2026-10-07T04:41:47.826Z,179134810782600
"""jaan @ O6Q78KIRx-"" posts a big blind of 0.50",2026-10-07T04:41:37.757Z,179134809775705
"""Dih @ GO72Iwd2XL"" posts a small blind of 0.25",2026-10-07T04:41:37.757Z,179134809775704
"Player stacks: #1 ""Dih @ GO72Iwd2XL"" (378.49) | #2 ""jaan @ O6Q78KIRx-"" (123.78)",2026-10-07T04:41:37.757Z,179134809775701
"-- starting hand #490 (id: glifjrsy9brf)  No Limit Texas Hold'em (dealer: ""Dih @ GO72Iwd2XL"") --",2026-10-07T04:41:37.757Z,179134809775700
"""jaan @ O6Q78KIRx-"" shows a 3♣, 10♥.",2026-10-07T04:41:31.893Z,179134809189300
"""Dih @ GO72Iwd2XL"" shows a 5♥, 5♠.",2026-10-07T04:41:30.967Z,179134809096700
"-- ending hand #489 --",2026-10-07T04:41:30.450Z,179134809045002
"""Dih @ GO72Iwd2XL"" collected 0.50 from pot",2026-10-07T04:41:30.450Z,179134809045001
"Uncalled bet of 0.25 returned to ""Dih @ GO72Iwd2XL""",2026-10-07T04:41:30.450Z,179134809045000
"""jaan @ O6Q78KIRx-"" folds",2026-10-07T04:41:29.627Z,179134808962700
"""Dih @ GO72Iwd2XL"" posts a big blind of 0.50",2026-10-07T04:41:28.555Z,179134808855505
"""jaan @ O6Q78KIRx-"" posts a small blind of 0.25",2026-10-07T04:41:28.555Z,179134808855504
"Player stacks: #1 ""Dih @ GO72Iwd2XL"" (378.24) | #2 ""jaan @ O6Q78KIRx-"" (124.03)",2026-10-07T04:41:28.555Z,179134808855501
"-- starting hand #489 (id: a0omjfwj7gvl)  No Limit Texas Hold'em (dealer: ""jaan @ O6Q78KIRx-"") --",2026-10-07T04:41:28.555Z,179134808855500
"""jaan @ O6Q78KIRx-"" shows a A♠, 2♠.",2026-10-07T04:41:22.834Z,179134808283400
"""Dih @ GO72Iwd2XL"" shows a 2♦, 10♠.",2026-10-07T04:41:21.436Z,179134808143600
"-- ending hand #488 --",2026-10-07T04:41:21.218Z,179134808121802
"""jaan @ O6Q78KIRx-"" collected 0.50 from pot",2026-10-07T04:41:21.218Z,179134808121801
"Uncalled bet of 0.25 returned to ""jaan @ O6Q78KIRx-""",2026-10-07T04:41:21.218Z,179134808121800
"""Dih @ GO72Iwd2XL"" folds",2026-10-07T04:41:20.368Z,179134808036800
"""jaan @ O6Q78KIRx-"" posts a big blind of 0.50",2026-10-07T04:41:19.079Z,179134807907905
"""Dih @ GO72Iwd2XL"" posts a small blind of 0.25",2026-10-07T04:41:19.079Z,179134807907904
"Player stacks: #1 ""Dih @ GO72Iwd2XL"" (378.49) | #2 ""jaan @ O6Q78KIRx-"" (123.78)",2026-10-07T04:41:19.079Z,179134807907901
"-- starting hand #488 (id: pr991zzz3ndt)  No Limit Texas Hold'em (dealer: ""Dih @ GO72Iwd2XL"") --",2026-10-07T04:41:19.079Z,179134807907900
"""jaan @ O6Q78KIRx-"" shows a A♥.",2026-10-07T04:41:14.844Z,179134807484400
"""Dih @ GO72Iwd2XL"" shows a 2♦, 8♣.",2026-10-07T04:41:11.921Z,179134807192100
"-- ending hand #487 --",2026-10-07T04:41:11.746Z,179134807174601
"""jaan @ O6Q78KIRx-"" collected 1.00 from pot",2026-10-07T04:41:11.746Z,179134807174600
"""Dih @ GO72Iwd2XL"" folds",2026-10-07T04:41:10.872Z,179134807087200
"""jaan @ O6Q78KIRx-"" calls 0.50",2026-10-07T04:41:08.684Z,179134806868400
"""Dih @ GO72Iwd2XL"" posts a big blind of 0.50",2026-10-07T04:41:00.993Z,179134806099305
"""jaan @ O6Q78KIRx-"" posts a small blind of 0.25",2026-10-07T04:41:00.993Z,179134806099304
"Player stacks: #1 ""Dih @ GO72Iwd2XL"" (378.99) | #2 ""jaan @ O6Q78KIRx-"" (123.28)",2026-10-07T04:41:00.993Z,179134806099301
"-- starting hand #487 (id: 58leceolfp4s)  No Limit Texas Hold'em (dealer: ""jaan @ O6Q78KIRx-"") --",2026-10-07T04:41:00.993Z,179134806099300
"""jaan @ O6Q78KIRx-"" shows a 5♣.",2026-10-07T04:40:55.780Z,179134805578000
"""jaan @ O6Q78KIRx-"" shows a 6♥.",2026-10-07T04:40:55.416Z,179134805541600
"""Dih @ GO72Iwd2XL"" shows a Q♠, 9♠.",2026-10-07T04:40:54.136Z,179134805413600
"-- ending hand #486 --",2026-10-07T04:40:53.686Z,179134805368602
"""Dih @ GO72Iwd2XL"" collected 1.00 from pot",2026-10-07T04:40:53.686Z,179134805368601
"Uncalled bet of 27.99 returned to ""Dih @ GO72Iwd2XL""",2026-10-07T04:40:53.686Z,179134805368600
"""jaan @ O6Q78KIRx-"" folds",2026-10-07T04:40:52.806Z,179134805280600
"""Dih @ GO72Iwd2XL"" raises to 28.49",2026-10-07T04:40:51.575Z,179134805157500
"""jaan @ O6Q78KIRx-"" posts a big blind of 0.50",2026-10-07T04:40:38.784Z,179134803878405
"""Dih @ GO72Iwd2XL"" posts a small blind of 0.25",2026-10-07T04:40:38.784Z,179134803878404
"Player stacks: #1 ""Dih @ GO72Iwd2XL"" (378.49) | #2 ""jaan @ O6Q78KIRx-"" (123.78)",2026-10-07T04:40:38.784Z,179134803878401
"-- starting hand #486 (id: ol49hqs9xcbz)  No Limit Texas Hold'em (dealer: ""Dih @ GO72Iwd2XL"") --",2026-10-07T04:40:38.784Z,179134803878400
"-- ending hand #485 --",2026-10-07T04:40:32.854Z,179134803285402
"""Dih @ GO72Iwd2XL"" collected 0.50 from pot",2026-10-07T04:40:32.854Z,179134803285401
"Uncalled bet of 0.25 returned to ""Dih @ GO72Iwd2XL""",2026-10-07T04:40:32.854Z,179134803285400
"""jaan @ O6Q78KIRx-"" folds",2026-10-07T04:40:32.039Z,179134803203900
"""Dih @ GO72Iwd2XL"" posts a big blind of 0.50",2026-10-07T04:40:30.375Z,179134803037505
"""jaan @ O6Q78KIRx-"" posts a small blind of 0.25",2026-10-07T04:40:30.375Z,179134803037504
"Player stacks: #1 ""Dih @ GO72Iwd2XL"" (378.24) | #2 ""jaan @ O6Q78KIRx-"" (124.03)",2026-10-07T04:40:30.375Z,179134803037501
"-- starting hand #485 (id: 64rkcx8bve1s)  No Limit Texas Hold'em (dealer: ""jaan @ O6Q78KIRx-"") --",2026-10-07T04:40:30.375Z,179134803037500
"""Dih @ GO72Iwd2XL"" shows a A♣.",2026-10-07T04:40:24.852Z,179134802485200
"-- ending hand #484 --",2026-10-07T04:40:23.747Z,179134802374702
"""Dih @ GO72Iwd2XL"" collected 1.00 from pot",2026-10-07T04:40:23.747Z,179134802374701
"Uncalled bet of 27.24 returned to ""Dih @ GO72Iwd2XL""",2026-10-07T04:40:23.747Z,179134802374700
"""jaan @ O6Q78KIRx-"" folds",2026-10-07T04:40:22.930Z,179134802293000
"""Dih @ GO72Iwd2XL"" raises to 27.74",2026-10-07T04:40:11.174Z,179134801117400
"""jaan @ O6Q78KIRx-"" posts a big blind of 0.50",2026-10-07T04:39:57.114Z,179134799711405
"""Dih @ GO72Iwd2XL"" posts a small blind of 0.25",2026-10-07T04:39:57.114Z,179134799711404
"Player stacks: #1 ""Dih @ GO72Iwd2XL"" (377.74) | #2 ""jaan @ O6Q78KIRx-"" (124.53)",2026-10-07T04:39:57.114Z,179134799711401
"-- starting hand #484 (id: foekya4av4lp)  No Limit Texas Hold'em (dealer: ""Dih @ GO72Iwd2XL"") --",2026-10-07T04:39:57.114Z,179134799711400
"-- ending hand #483 --",2026-10-07T04:39:51.182Z,179134799118202
"""Dih @ GO72Iwd2XL"" collected 0.50 from pot",2026-10-07T04:39:51.182Z,179134799118201
"Uncalled bet of 0.25 returned to ""Dih @ GO72Iwd2XL""",2026-10-07T04:39:51.182Z,179134799118200
"""jaan @ O6Q78KIRx-"" folds",2026-10-07T04:39:50.361Z,179134799036100
"""Dih @ GO72Iwd2XL"" posts a big blind of 0.50",2026-10-07T04:39:43.774Z,179134798377405
"""jaan @ O6Q78KIRx-"" posts a small blind of 0.25",2026-10-07T04:39:43.774Z,179134798377404
"Player stacks: #1 ""Dih @ GO72Iwd2XL"" (377.49) | #2 ""jaan @ O6Q78KIRx-"" (124.78)",2026-10-07T04:39:43.774Z,179134798377401
"-- starting hand #483 (id: jz6isac5ntq4)  No Limit Texas Hold'em (dealer: ""jaan @ O6Q78KIRx-"") --",2026-10-07T04:39:43.774Z,179134798377400
"-- ending hand #482 --",2026-10-07T04:39:37.847Z,179134797784702
"""jaan @ O6Q78KIRx-"" collected 0.50 from pot",2026-10-07T04:39:37.847Z,179134797784701
"Uncalled bet of 0.25 returned to ""jaan @ O6Q78KIRx-""",2026-10-07T04:39:37.847Z,179134797784700
"""Dih @ GO72Iwd2XL"" folds",2026-10-07T04:39:37.011Z,179134797701100
"""jaan @ O6Q78KIRx-"" posts a big blind of 0.50",2026-10-07T04:39:33.489Z,179134797348905
"""Dih @ GO72Iwd2XL"" posts a small blind of 0.25",2026-10-07T04:39:33.489Z,179134797348904
"Player stacks: #1 ""Dih @ GO72Iwd2XL"" (377.74) | #2 ""jaan @ O6Q78KIRx-"" (124.53)",2026-10-07T04:39:33.489Z,179134797348901
"-- starting hand #482 (id: pb3bxaldim0g)  No Limit Texas Hold'em (dealer: ""Dih @ GO72Iwd2XL"") --",2026-10-07T04:39:33.489Z,179134797348900
"-- ending hand #481 --",2026-10-07T04:39:27.562Z,179134796756202
"""jaan @ O6Q78KIRx-"" collected 1.00 from pot",2026-10-07T04:39:27.562Z,179134796756201
"Uncalled bet of 1.00 returned to ""jaan @ O6Q78KIRx-""",2026-10-07T04:39:27.562Z,179134796756200
"""Dih @ GO72Iwd2XL"" folds",2026-10-07T04:39:26.708Z,179134796670800
"""jaan @ O6Q78KIRx-"" raises to 1.50",2026-10-07T04:39:25.221Z,179134796522100
"""Dih @ GO72Iwd2XL"" posts a big blind of 0.50",2026-10-07T04:39:23.273Z,179134796327305
"""jaan @ O6Q78KIRx-"" posts a small blind of 0.25",2026-10-07T04:39:23.273Z,179134796327304
"Player stacks: #1 ""Dih @ GO72Iwd2XL"" (378.24) | #2 ""jaan @ O6Q78KIRx-"" (124.03)",2026-10-07T04:39:23.273Z,179134796327301
"-- starting hand #481 (id: n5pn9u9mfcak)  No Limit Texas Hold'em (dealer: ""jaan @ O6Q78KIRx-"") --",2026-10-07T04:39:23.273Z,179134796327300
"-- ending hand #480 --",2026-10-07T04:39:17.352Z,179134795735202
"""jaan @ O6Q78KIRx-"" collected 0.50 from pot",2026-10-07T04:39:17.352Z,179134795735201
"Uncalled bet of 0.25 returned to ""jaan @ O6Q78KIRx-""",2026-10-07T04:39:17.352Z,179134795735200
"""Dih @ GO72Iwd2XL"" folds",2026-10-07T04:39:16.488Z,179134795648800
"""jaan @ O6Q78KIRx-"" posts a big blind of 0.50",2026-10-07T04:39:14.996Z,179134795499605
"""Dih @ GO72Iwd2XL"" posts a small blind of 0.25",2026-10-07T04:39:14.996Z,179134795499604
"Player stacks: #1 ""Dih @ GO72Iwd2XL"" (378.49) | #2 ""jaan @ O6Q78KIRx-"" (123.78)",2026-10-07T04:39:14.996Z,179134795499601
"-- starting hand #480 (id: w8omzvbib0ng)  No Limit Texas Hold'em (dealer: ""Dih @ GO72Iwd2XL"") --",2026-10-07T04:39:14.996Z,179134795499600
"""Dih @ GO72Iwd2XL"" shows a 2♥, 5♥.",2026-10-07T04:39:09.973Z,179134794997300
"-- ending hand #479 --",2026-10-07T04:39:08.392Z,179134794839202
"""jaan @ O6Q78KIRx-"" collected 10.00 from pot",2026-10-07T04:39:08.392Z,179134794839201
"Uncalled bet of 7.50 returned to ""jaan @ O6Q78KIRx-""",2026-10-07T04:39:08.392Z,179134794839200
"""Dih @ GO72Iwd2XL"" folds",2026-10-07T04:39:07.554Z,179134794755400
"""jaan @ O6Q78KIRx-"" bets 7.50",2026-10-07T04:39:05.134Z,179134794513400
"""Dih @ GO72Iwd2XL"" checks",2026-10-07T04:38:57.787Z,179134793778700
"Turn: 8♦, 4♠, 5♦ [10♥]",2026-10-07T04:38:56.275Z,179134793627500
"""Dih @ GO72Iwd2XL"" calls 3.00",2026-10-07T04:38:55.375Z,179134793537500
"""jaan @ O6Q78KIRx-"" bets 3.00",2026-10-07T04:38:54.511Z,179134793451100
"""Dih @ GO72Iwd2XL"" checks",2026-10-07T04:38:49.522Z,179134792952200
"Flop:  [8♦, 4♠, 5♦]",2026-10-07T04:38:48.069Z,179134792806900
"""Dih @ GO72Iwd2XL"" calls 2.00",2026-10-07T04:38:47.139Z,179134792713900
"""jaan @ O6Q78KIRx-"" raises to 2.00",2026-10-07T04:38:46.279Z,179134792627900
"""Dih @ GO72Iwd2XL"" posts a big blind of 0.50",2026-10-07T04:38:43.466Z,179134792346605
"""jaan @ O6Q78KIRx-"" posts a small blind of 0.25",2026-10-07T04:38:43.466Z,179134792346604
"Player stacks: #1 ""Dih @ GO72Iwd2XL"" (383.49) | #2 ""jaan @ O6Q78KIRx-"" (118.78)",2026-10-07T04:38:43.466Z,179134792346601
"-- starting hand #479 (id: tiar8j92huwq)  No Limit Texas Hold'em (dealer: ""jaan @ O6Q78KIRx-"") --",2026-10-07T04:38:43.466Z,179134792346600
"-- ending hand #478 --",2026-10-07T04:38:40.466Z,179134792046602
"""jaan @ O6Q78KIRx-"" collected 12.00 from pot",2026-10-07T04:38:40.466Z,179134792046601
"Uncalled bet of 12.00 returned to ""jaan @ O6Q78KIRx-""",2026-10-07T04:38:40.466Z,179134792046600
"""Dih @ GO72Iwd2XL"" folds",2026-10-07T04:38:39.531Z,179134791953100
"""jaan @ O6Q78KIRx-"" bets 12.00",2026-10-07T04:38:38.642Z,179134791864200
"River: 8♦, 4♠, J♦, 7♠ [9♥]",2026-10-07T04:38:35.885Z,179134791588500
"""Dih @ GO72Iwd2XL"" checks",2026-10-07T04:38:35.022Z,179134791502200
"""jaan @ O6Q78KIRx-"" checks",2026-10-07T04:38:34.068Z,179134791406800
"Turn: 8♦, 4♠, J♦ [7♠]",2026-10-07T04:38:33.020Z,179134791302000
"""jaan @ O6Q78KIRx-"" calls 4.00",2026-10-07T04:38:32.191Z,179134791219100
"""Dih @ GO72Iwd2XL"" bets 4.00",2026-10-07T04:38:30.609Z,179134791060900
"""jaan @ O6Q78KIRx-"" checks",2026-10-07T04:38:28.673Z,179134790867300
"Flop:  [8♦, 4♠, J♦]",2026-10-07T04:38:27.417Z,179134790741700
"""jaan @ O6Q78KIRx-"" calls 2.00",2026-10-07T04:38:26.575Z,179134790657500
"""Dih @ GO72Iwd2XL"" raises to 2.00",2026-10-07T04:38:25.253Z,179134790525300
"""jaan @ O6Q78KIRx-"" posts a big blind of 0.50",2026-10-07T04:38:15.615Z,179134789561505
"""Dih @ GO72Iwd2XL"" posts a small blind of 0.25",2026-10-07T04:38:15.615Z,179134789561504
"Player stacks: #1 ""Dih @ GO72Iwd2XL"" (389.49) | #2 ""jaan @ O6Q78KIRx-"" (112.78)",2026-10-07T04:38:15.615Z,179134789561501
"-- starting hand #478 (id: whylj1cx0vln)  No Limit Texas Hold'em (dealer: ""Dih @ GO72Iwd2XL"") --",2026-10-07T04:38:15.615Z,179134789561500
"-- ending hand #477 --",2026-10-07T04:38:09.611Z,179134788961102
"""Dih @ GO72Iwd2XL"" collected 0.50 from pot",2026-10-07T04:38:09.611Z,179134788961101
"Uncalled bet of 0.25 returned to ""Dih @ GO72Iwd2XL""",2026-10-07T04:38:09.611Z,179134788961100
"""jaan @ O6Q78KIRx-"" folds",2026-10-07T04:38:08.718Z,179134788871800
"""Dih @ GO72Iwd2XL"" posts a big blind of 0.50",2026-10-07T04:38:07.609Z,179134788760905
"""jaan @ O6Q78KIRx-"" posts a small blind of 0.25",2026-10-07T04:38:07.609Z,179134788760904
"Player stacks: #1 ""Dih @ GO72Iwd2XL"" (389.24) | #2 ""jaan @ O6Q78KIRx-"" (113.03)",2026-10-07T04:38:07.609Z,179134788760901
"-- starting hand #477 (id: qf5prldscit7)  No Limit Texas Hold'em (dealer: ""jaan @ O6Q78KIRx-"") --",2026-10-07T04:38:07.609Z,179134788760900
"-- ending hand #476 --",2026-10-07T04:38:01.606Z,179134788160602
"""jaan @ O6Q78KIRx-"" collected 0.50 from pot",2026-10-07T04:38:01.606Z,179134788160601
"Uncalled bet of 0.25 returned to ""jaan @ O6Q78KIRx-""",2026-10-07T04:38:01.606Z,179134788160600
"""Dih @ GO72Iwd2XL"" folds",2026-10-07T04:38:00.710Z,179134788071000
"""jaan @ O6Q78KIRx-"" posts a big blind of 0.50",2026-10-07T04:37:59.359Z,179134787935905
"""Dih @ GO72Iwd2XL"" posts a small blind of 0.25",2026-10-07T04:37:59.359Z,179134787935904
"Player stacks: #1 ""Dih @ GO72Iwd2XL"" (389.49) | #2 ""jaan @ O6Q78KIRx-"" (112.78)",2026-10-07T04:37:59.359Z,179134787935901
"-- starting hand #476 (id: ynjtffgmqksj)  No Limit Texas Hold'em (dealer: ""Dih @ GO72Iwd2XL"") --",2026-10-07T04:37:59.359Z,179134787935900
"""Dih @ GO72Iwd2XL"" shows a 4♣, 2♣.",2026-10-07T04:37:54.637Z,179134787463700
"-- ending hand #475 --",2026-10-07T04:37:52.753Z,179134787275302
"""jaan @ O6Q78KIRx-"" collected 36.00 from pot with Two Pair, J's & 10's (combination: A♥, 10♣, 10♠, J♥, J♠)",2026-10-07T04:37:52.753Z,179134787275301
"""jaan @ O6Q78KIRx-"" shows a A♥, J♥.",2026-10-07T04:37:52.753Z,179134787275300
"""jaan @ O6Q78KIRx-"" checks",2026-10-07T04:37:51.843Z,179134787184300
"""Dih @ GO72Iwd2XL"" checks",2026-10-07T04:37:45.339Z,179134786533900
"River: 6♥, 10♣, 9♣, J♠ [10♠]",2026-10-07T04:37:38.146Z,179134785814600
"""jaan @ O6Q78KIRx-"" calls 12.00",2026-10-07T04:37:37.286Z,179134785728600
"""Dih @ GO72Iwd2XL"" bets 12.00",2026-10-07T04:37:35.571Z,179134785557100
"Turn: 6♥, 10♣, 9♣ [J♠]",2026-10-07T04:37:32.871Z,179134785287100
"""jaan @ O6Q78KIRx-"" calls 4.00",2026-10-07T04:37:32.011Z,179134785201100
"""Dih @ GO72Iwd2XL"" bets 4.00",2026-10-07T04:37:29.437Z,179134784943700
"Flop:  [6♥, 10♣, 9♣]",2026-10-07T04:37:26.463Z,179134784646300
"""Dih @ GO72Iwd2XL"" calls 2.00",2026-10-07T04:37:25.596Z,179134784559600
"""jaan @ O6Q78KIRx-"" raises to 2.00",2026-10-07T04:37:23.346Z,179134784334600
"""Dih @ GO72Iwd2XL"" posts a big blind of 0.50",2026-10-07T04:37:21.154Z,179134784115405
"""jaan @ O6Q78KIRx-"" posts a small blind of 0.25",2026-10-07T04:37:21.154Z,179134784115404
"Player stacks: #1 ""Dih @ GO72Iwd2XL"" (407.49) | #2 ""jaan @ O6Q78KIRx-"" (94.78)",2026-10-07T04:37:21.154Z,179134784115401
"-- starting hand #475 (id: abltvr0hwsvg)  No Limit Texas Hold'em (dealer: ""jaan @ O6Q78KIRx-"") --",2026-10-07T04:37:21.154Z,179134784115400
"""Dih @ GO72Iwd2XL"" shows a 10♣.",2026-10-07T04:37:16.554Z,179134783655400
"-- ending hand #474 --",2026-10-07T04:37:14.543Z,179134783454302
"""jaan @ O6Q78KIRx-"" collected 5.00 from pot",2026-10-07T04:37:14.543Z,179134783454301
"Uncalled bet of 3.75 returned to ""jaan @ O6Q78KIRx-""",2026-10-07T04:37:14.543Z,179134783454300
"""Dih @ GO72Iwd2XL"" folds",2026-10-07T04:37:13.735Z,179134783373500
"""jaan @ O6Q78KIRx-"" bets 3.75",2026-10-07T04:37:09.891Z,179134782989100
"Flop:  [9♣, 9♦, Q♣]",2026-10-07T04:37:07.335Z,179134782733500
"""jaan @ O6Q78KIRx-"" calls 2.50",2026-10-07T04:37:06.394Z,179134782639400
"""Dih @ GO72Iwd2XL"" raises to 2.50",2026-10-07T04:37:04.321Z,179134782432100
"""jaan @ O6Q78KIRx-"" posts a big blind of 0.50",2026-10-07T04:36:58.296Z,179134781829605
"""Dih @ GO72Iwd2XL"" posts a small blind of 0.25",2026-10-07T04:36:58.296Z,179134781829604
"Player stacks: #1 ""Dih @ GO72Iwd2XL"" (409.99) | #2 ""jaan @ O6Q78KIRx-"" (92.28)",2026-10-07T04:36:58.296Z,179134781829601
"-- starting hand #474 (id: ozqha6gkrxjr)  No Limit Texas Hold'em (dealer: ""Dih @ GO72Iwd2XL"") --",2026-10-07T04:36:58.296Z,179134781829600
"-- ending hand #473 --",2026-10-07T04:36:52.380Z,179134781238002
"""jaan @ O6Q78KIRx-"" collected 10.00 from pot",2026-10-07T04:36:52.380Z,179134781238001
"Uncalled bet of 7.50 returned to ""jaan @ O6Q78KIRx-""",2026-10-07T04:36:52.380Z,179134781238000
"""Dih @ GO72Iwd2XL"" folds",2026-10-07T04:36:51.535Z,179134781153500
"""jaan @ O6Q78KIRx-"" bets 7.50",2026-10-07T04:36:47.785Z,179134780778500
"""Dih @ GO72Iwd2XL"" checks",2026-10-07T04:36:44.308Z,179134780430800
"Turn: Q♥, 10♥, 10♣ [3♣]",2026-10-07T04:36:43.042Z,179134780304200
"""Dih @ GO72Iwd2XL"" calls 3.00",2026-10-07T04:36:42.206Z,179134780220600
"""jaan @ O6Q78KIRx-"" bets 3.00",2026-10-07T04:36:40.469Z,179134780046900
"""Dih @ GO72Iwd2XL"" checks",2026-10-07T04:36:37.422Z,179134779742200
"Flop:  [Q♥, 10♥, 10♣]",2026-10-07T04:36:35.454Z,179134779545400
"""jaan @ O6Q78KIRx-"" calls 2.00",2026-10-07T04:36:34.638Z,179134779463800
"""Dih @ GO72Iwd2XL"" raises to 2.00",2026-10-07T04:36:33.063Z,179134779306300
"""jaan @ O6Q78KIRx-"" calls 0.50",2026-10-07T04:36:30.777Z,179134779077700
"""Dih @ GO72Iwd2XL"" posts a big blind of 0.50",2026-10-07T04:36:29.963Z,179134778996305
"""jaan @ O6Q78KIRx-"" posts a small blind of 0.25",2026-10-07T04:36:29.963Z,179134778996304
"Player stacks: #1 ""Dih @ GO72Iwd2XL"" (414.99) | #2 ""jaan @ O6Q78KIRx-"" (87.28)",2026-10-07T04:36:29.963Z,179134778996301
"-- starting hand #473 (id: opavkmw5t7k0)  No Limit Texas Hold'em (dealer: ""jaan @ O6Q78KIRx-"") --",2026-10-07T04:36:29.963Z,179134778996300
"-- ending hand #472 --",2026-10-07T04:36:24.050Z,179134778405002
"""Dih @ GO72Iwd2XL"" collected 4.00 from pot",2026-10-07T04:36:24.050Z,179134778405001
"Uncalled bet of 4.00 returned to ""Dih @ GO72Iwd2XL""",2026-10-07T04:36:24.050Z,179134778405000
"""jaan @ O6Q78KIRx-"" folds",2026-10-07T04:36:23.224Z,179134778322400
"""Dih @ GO72Iwd2XL"" bets 4.00",2026-10-07T04:36:22.138Z,179134778213800
"""jaan @ O6Q78KIRx-"" checks",2026-10-07T04:36:19.747Z,179134777974700
"Flop:  [J♠, 4♦, 8♥]",2026-10-07T04:36:18.743Z,179134777874300
"""jaan @ O6Q78KIRx-"" calls 2.00",2026-10-07T04:36:17.894Z,179134777789400
"""Dih @ GO72Iwd2XL"" raises to 2.00",2026-10-07T04:36:16.808Z,179134777680800
"""jaan @ O6Q78KIRx-"" posts a big blind of 0.50",2026-10-07T04:36:14.249Z,179134777424913
"""Dih @ GO72Iwd2XL"" posts a small blind of 0.25",2026-10-07T04:36:14.249Z,179134777424912
"Player stacks: #1 ""Dih @ GO72Iwd2XL"" (412.99) | #2 ""jaan @ O6Q78KIRx-"" (89.28)",2026-10-07T04:36:14.249Z,179134777424909
"The player ""Rayan @ nhXZL_Cydv"" joined the game with a stack of 80.74.",2026-10-07T04:36:14.249Z,179134777424908
"The player ""Jason @ fYqcH1JWT_"" joined the game with a stack of 80.50.",2026-10-07T04:36:14.249Z,179134777424907
"The player ""jt brotha jt @ bzbydISPPH"" joined the game with a stack of 48.50.",2026-10-07T04:36:14.249Z,179134777424906
"The player ""Cam @ eWUSzBpS1d"" joined the game with a stack of 88.66.",2026-10-07T04:36:14.249Z,179134777424905
"The player ""sack @ boAReb7tW9"" joined the game with a stack of 181.83.",2026-10-07T04:36:14.249Z,179134777424904
"The player ""Heech @ wzsls5Sz57"" joined the game with a stack of 21.00.",2026-10-07T04:36:14.249Z,179134777424903
"The player ""jaan @ O6Q78KIRx-"" joined the game with a stack of 89.28.",2026-10-07T04:36:14.249Z,179134777424902
"The player ""Dih @ GO72Iwd2XL"" joined the game with a stack of 412.99.",2026-10-07T04:36:14.249Z,179134777424901
"-- starting hand #472 (id: ml9r1tfrfqwi)  No Limit Texas Hold'em (dealer: ""Dih @ GO72Iwd2XL"") --",2026-10-07T04:36:14.249Z,179134777424900
"Game Config Changes
* Game Type Cyling: off » off
* Double Board: off » off
* Simulated Fee: off » off
* Simulated Fee Percentage: off » null
* Simulated Fee Max Value: none » none
* Bomb Pot: off » off
* Bomb Pot Probability: off » off
* Bomb Pot BB Quantity: off » off
* 7-2 bounty: 100 » off",2026-10-07T04:36:12.282Z,179134777228200
"The player ""rowan @ GthBpPSqaK"" passed the room ownership to ""Dih @ GO72Iwd2XL"".",2026-10-07T04:36:12.219Z,179134777221900
"The player ""Dih @ GO72Iwd2XL"" sit back with the stack of 412.99.",2026-10-07T04:36:04.765Z,179134776476500
"The player ""Dih @ GO72Iwd2XL"" stand up with the stack of 412.99.",2026-10-07T04:36:02.812Z,179134776281200
"-- ending hand #471 --",2026-10-07T04:35:56.858Z,179134775685801
"""jaan @ O6Q78KIRx-"" collected 1.00 from pot",2026-10-07T04:35:56.858Z,179134775685800
"""Dih @ GO72Iwd2XL"" folds",2026-10-07T04:35:56.020Z,179134775602000
"Flop:  [7♦, 10♦, J♠]",2026-10-07T04:35:54.257Z,179134775425700
"""Dih @ GO72Iwd2XL"" checks",2026-10-07T04:35:53.438Z,179134775343800
"""jaan @ O6Q78KIRx-"" calls 0.50",2026-10-07T04:35:51.986Z,179134775198600
"""Dih @ GO72Iwd2XL"" posts a big blind of 0.50",2026-10-07T04:35:50.736Z,179134775073606
"""jaan @ O6Q78KIRx-"" posts a small blind of 0.25",2026-10-07T04:35:50.736Z,179134775073605
"Player stacks: #1 ""Dih @ GO72Iwd2XL"" (413.49) | #2 ""jaan @ O6Q78KIRx-"" (88.78)",2026-10-07T04:35:50.736Z,179134775073602
"-- starting hand #471 (id: 8dg7wcvud3dq)  No Limit Texas Hold'em (dealer: ""jaan @ O6Q78KIRx-"") --",2026-10-07T04:35:50.736Z,179134775073601
"The player ""rowan @ GthBpPSqaK"" quits the game with a stack of 0.00.",2026-10-07T04:35:50.736Z,179134775073600
"Asking to busted players the rebuy decision.",2026-10-07T04:35:49.654Z,179134774965400
"-- ending hand #470 --",2026-10-07T04:35:41.642Z,179134774164202
"""Dih @ GO72Iwd2XL"" collected 185.26 from pot with Flush, A High on the second run  (combination: 2♣, 3♣, 10♣, J♣, A♣)",2026-10-07T04:35:41.642Z,179134774164201
"""Dih @ GO72Iwd2XL"" collected 185.27 from pot with Flush, A High (combination: 2♣, 3♣, 10♣, J♣, A♣)",2026-10-07T04:35:41.642Z,179134774164200
"River (second run): 3♣, 10♣, 2♣, 2♦ [A♠]",2026-10-07T04:35:37.605Z,179134773760500
"River: 3♣, 10♣, 2♣, 2♦ [9♦]",2026-10-07T04:35:33.561Z,179134773356100
"""rowan @ GthBpPSqaK"" shows a 10♦, A♦.",2026-10-07T04:35:29.517Z,179134772951702
"""Dih @ GO72Iwd2XL"" shows a A♣, J♣.",2026-10-07T04:35:29.517Z,179134772951701
"Uncalled bet of 42.96 returned to ""Dih @ GO72Iwd2XL""",2026-10-07T04:35:29.517Z,179134772951700
"All players in hand choose to run it twice.",2026-10-07T04:35:28.690Z,179134772869001
"""Dih @ GO72Iwd2XL"" chooses to  run it twice.",2026-10-07T04:35:28.690Z,179134772869000
"""rowan @ GthBpPSqaK"" chooses to  run it twice.",2026-10-07T04:35:28.253Z,179134772825300
"Remaining players decide whether to run it twice.",2026-10-07T04:35:27.624Z,179134772762401
"""rowan @ GthBpPSqaK"" calls 161.64 and go all in",2026-10-07T04:35:27.624Z,179134772762400
"""Dih @ GO72Iwd2XL"" raises to 204.60 and go all in",2026-10-07T04:35:24.970Z,179134772497000
"""rowan @ GthBpPSqaK"" bets 47.25",2026-10-07T04:35:23.148Z,179134772314800
"Turn: 3♣, 10♣, 2♣ [2♦]",2026-10-07T04:35:19.463Z,179134771946300
"""Dih @ GO72Iwd2XL"" calls 15.75",2026-10-07T04:35:18.622Z,179134771862200
"""rowan @ GthBpPSqaK"" bets 15.75",2026-10-07T04:35:17.709Z,179134771770900
"Flop:  [3♣, 10♣, 2♣]",2026-10-07T04:35:15.461Z,179134771546100
"""Dih @ GO72Iwd2XL"" calls 7.75",2026-10-07T04:35:14.636Z,179134771463600
"""rowan @ GthBpPSqaK"" raises to 7.75",2026-10-07T04:35:13.163Z,179134771316300
"""jaan @ O6Q78KIRx-"" folds",2026-10-07T04:35:10.836Z,179134771083600
"""Dih @ GO72Iwd2XL"" raises to 2.50",2026-10-07T04:35:09.838Z,179134770983800
"""rowan @ GthBpPSqaK"" posts a big blind of 0.50",2026-10-07T04:35:06.944Z,179134770694406
"""jaan @ O6Q78KIRx-"" posts a small blind of 0.25",2026-10-07T04:35:06.944Z,179134770694405
"Player stacks: #1 ""Dih @ GO72Iwd2XL"" (228.10) | #2 ""jaan @ O6Q78KIRx-"" (89.03) | #10 ""rowan @ GthBpPSqaK"" (185.14)",2026-10-07T04:35:06.944Z,179134770694401
"-- starting hand #470 (id: phr1wsvrqgpp)  No Limit Texas Hold'em (dealer: ""Dih @ GO72Iwd2XL"") --",2026-10-07T04:35:06.944Z,179134770694400
"""rowan @ GthBpPSqaK"" shows a 3♥.",2026-10-07T04:35:02.221Z,179134770222100
"-- ending hand #469 --",2026-10-07T04:35:00.294Z,179134770029402
"""Dih @ GO72Iwd2XL"" collected 11.50 from pot",2026-10-07T04:35:00.294Z,179134770029401
"Uncalled bet of 11.50 returned to ""Dih @ GO72Iwd2XL""",2026-10-07T04:35:00.294Z,179134770029400
"""rowan @ GthBpPSqaK"" folds",2026-10-07T04:34:59.424Z,179134769942400
"""Dih @ GO72Iwd2XL"" bets 11.50",2026-10-07T04:34:58.338Z,179134769833800
"Flop:  [9♠, 7♥, J♦]",2026-10-07T04:34:55.770Z,179134769577000
"""rowan @ GthBpPSqaK"" calls 5.50",2026-10-07T04:34:54.942Z,179134769494200
"""jaan @ O6Q78KIRx-"" folds",2026-10-07T04:34:54.038Z,179134769403800
"""Dih @ GO72Iwd2XL"" raises to 5.50",2026-10-07T04:34:51.954Z,179134769195400
"""rowan @ GthBpPSqaK"" raises to 2.00",2026-10-07T04:34:49.521Z,179134768952100
"""jaan @ O6Q78KIRx-"" posts a big blind of 0.50",2026-10-07T04:34:47.486Z,179134768748606
"""Dih @ GO72Iwd2XL"" posts a small blind of 0.25",2026-10-07T04:34:47.486Z,179134768748605
"Player stacks: #1 ""Dih @ GO72Iwd2XL"" (222.10) | #2 ""jaan @ O6Q78KIRx-"" (89.53) | #10 ""rowan @ GthBpPSqaK"" (190.64)",2026-10-07T04:34:47.486Z,179134768748601
"-- starting hand #469 (id: mbvstbswp7ht)  No Limit Texas Hold'em (dealer: ""rowan @ GthBpPSqaK"") --",2026-10-07T04:34:47.486Z,179134768748600
"-- ending hand #468 --",2026-10-07T04:34:41.560Z,179134768156002
"""rowan @ GthBpPSqaK"" collected 27.00 from pot",2026-10-07T04:34:41.560Z,179134768156001
"Uncalled bet of 27.00 returned to ""rowan @ GthBpPSqaK""",2026-10-07T04:34:41.560Z,179134768156000
"""Dih @ GO72Iwd2XL"" folds",2026-10-07T04:34:40.740Z,179134768074000
"""rowan @ GthBpPSqaK"" bets 27.00",2026-10-07T04:34:38.196Z,179134767819600
"Turn: J♣, 6♣, 4♥ [6♦]",2026-10-07T04:34:34.456Z,179134767445600
"""jaan @ O6Q78KIRx-"" folds",2026-10-07T04:34:33.591Z,179134767359100
"""Dih @ GO72Iwd2XL"" calls 9.00",2026-10-07T04:34:31.505Z,179134767150500
"""rowan @ GthBpPSqaK"" bets 9.00",2026-10-07T04:34:30.646Z,179134767064600
"Flop:  [J♣, 6♣, 4♥]",2026-10-07T04:34:27.755Z,179134766775500
"""jaan @ O6Q78KIRx-"" calls 3.00",2026-10-07T04:34:26.936Z,179134766693600
"""Dih @ GO72Iwd2XL"" calls 3.00",2026-10-07T04:34:24.071Z,179134766407100
"""rowan @ GthBpPSqaK"" raises to 3.00",2026-10-07T04:34:23.166Z,179134766316600
"""jaan @ O6Q78KIRx-"" calls 0.50",2026-10-07T04:34:20.632Z,179134766063200
"""Dih @ GO72Iwd2XL"" posts a big blind of 0.50",2026-10-07T04:34:18.951Z,179134765895106
"""rowan @ GthBpPSqaK"" posts a small blind of 0.25",2026-10-07T04:34:18.951Z,179134765895105
"Player stacks: #1 ""Dih @ GO72Iwd2XL"" (234.10) | #2 ""jaan @ O6Q78KIRx-"" (92.53) | #10 ""rowan @ GthBpPSqaK"" (175.64)",2026-10-07T04:34:18.951Z,179134765895101
"-- starting hand #468 (id: x7kiidw4mibd)  No Limit Texas Hold'em (dealer: ""jaan @ O6Q78KIRx-"") --",2026-10-07T04:34:18.951Z,179134765895100
"-- ending hand #467 --",2026-10-07T04:34:12.942Z,179134765294203
"""Dih @ GO72Iwd2XL"" collected 31.49 from pot with Two Pair, 7's & 5's (combination: Q♥, 5♥, 5♦, 7♥, 7♦)",2026-10-07T04:34:12.942Z,179134765294202
"""Dih @ GO72Iwd2XL"" shows a 9♣, 7♥.",2026-10-07T04:34:12.942Z,179134765294201
"""rowan @ GthBpPSqaK"" shows a 6♥, 8♥.",2026-10-07T04:34:12.942Z,179134765294200
"""Dih @ GO72Iwd2XL"" calls 7.87",2026-10-07T04:34:12.139Z,179134765213900
"""rowan @ GthBpPSqaK"" bets 7.87",2026-10-07T04:34:11.256Z,179134765125600
"River: 3♦, 5♥, 7♦, 5♦ [Q♥]",2026-10-07T04:34:09.410Z,179134764941000
"""Dih @ GO72Iwd2XL"" checks",2026-10-07T04:34:08.606Z,179134764860600
"""rowan @ GthBpPSqaK"" checks",2026-10-07T04:34:07.548Z,179134764754800
"Turn: 3♦, 5♥, 7♦ [5♦]",2026-10-07T04:34:06.884Z,179134764688400
"""rowan @ GthBpPSqaK"" calls 5.25",2026-10-07T04:34:06.052Z,179134764605200
"""Dih @ GO72Iwd2XL"" bets 5.25",2026-10-07T04:34:05.172Z,179134764517200
"""rowan @ GthBpPSqaK"" checks",2026-10-07T04:34:03.248Z,179134764324800
"Flop:  [3♦, 5♥, 7♦]",2026-10-07T04:34:02.307Z,179134764230700
"""rowan @ GthBpPSqaK"" calls 2.50",2026-10-07T04:34:01.475Z,179134764147500
"""jaan @ O6Q78KIRx-"" folds",2026-10-07T04:34:00.538Z,179134764053800
"""Dih @ GO72Iwd2XL"" raises to 2.50",2026-10-07T04:33:59.691Z,179134763969100
"""rowan @ GthBpPSqaK"" posts a big blind of 0.50",2026-10-07T04:33:57.372Z,179134763737206
"""jaan @ O6Q78KIRx-"" posts a small blind of 0.25",2026-10-07T04:33:57.372Z,179134763737205
"Player stacks: #1 ""Dih @ GO72Iwd2XL"" (218.23) | #2 ""jaan @ O6Q78KIRx-"" (92.78) | #10 ""rowan @ GthBpPSqaK"" (191.26)",2026-10-07T04:33:57.372Z,179134763737201
"-- starting hand #467 (id: xwmpnxtaoc1y)  No Limit Texas Hold'em (dealer: ""Dih @ GO72Iwd2XL"") --",2026-10-07T04:33:57.372Z,179134763737200
"""Dih @ GO72Iwd2XL"" shows a 7♦.",2026-10-07T04:33:53.587Z,179134763358700
"-- ending hand #466 --",2026-10-07T04:33:50.850Z,179134763085002
"""rowan @ GthBpPSqaK"" collected 9.75 from pot with Two Pair, 7's & 5's (combination: J♠, 5♥, 5♠, 7♠, 7♥)",2026-10-07T04:33:50.850Z,179134763085001
"""rowan @ GthBpPSqaK"" shows a 5♥, 7♠.",2026-10-07T04:33:50.850Z,179134763085000
"""jaan @ O6Q78KIRx-"" calls 3.25",2026-10-07T04:33:49.992Z,179134762999200
"""rowan @ GthBpPSqaK"" bets 3.25",2026-10-07T04:33:49.104Z,179134762910400
"""jaan @ O6Q78KIRx-"" checks",2026-10-07T04:33:47.074Z,179134762707400
"River: J♠, 5♠, 4♦, 7♥ [10♦]",2026-10-07T04:33:46.051Z,179134762605100
"""jaan @ O6Q78KIRx-"" calls 0.50",2026-10-07T04:33:45.247Z,179134762524700
"""rowan @ GthBpPSqaK"" bets 0.50",2026-10-07T04:33:44.404Z,179134762440400
"""jaan @ O6Q78KIRx-"" checks",2026-10-07T04:33:43.368Z,179134762336800
"Turn: J♠, 5♠, 4♦ [7♥]",2026-10-07T04:33:42.499Z,179134762249900
"""jaan @ O6Q78KIRx-"" calls 0.50",2026-10-07T04:33:41.679Z,179134762167900
"""rowan @ GthBpPSqaK"" bets 0.50",2026-10-07T04:33:40.840Z,179134762084000
"""jaan @ O6Q78KIRx-"" checks",2026-10-07T04:33:39.539Z,179134761953900
"Flop:  [J♠, 5♠, 4♦]",2026-10-07T04:33:38.639Z,179134761863900
"""jaan @ O6Q78KIRx-"" checks",2026-10-07T04:33:37.825Z,179134761782500
"""Dih @ GO72Iwd2XL"" folds",2026-10-07T04:33:34.291Z,179134761429100
"""rowan @ GthBpPSqaK"" calls 0.50",2026-10-07T04:33:31.899Z,179134761189900
"""jaan @ O6Q78KIRx-"" posts a big blind of 0.50",2026-10-07T04:33:30.801Z,179134761080106
"""Dih @ GO72Iwd2XL"" posts a small blind of 0.25",2026-10-07T04:33:30.801Z,179134761080105
"Player stacks: #1 ""Dih @ GO72Iwd2XL"" (218.48) | #2 ""jaan @ O6Q78KIRx-"" (97.53) | #10 ""rowan @ GthBpPSqaK"" (186.26)",2026-10-07T04:33:30.801Z,179134761080101
"-- starting hand #466 (id: ywq71ofhhq3r)  No Limit Texas Hold'em (dealer: ""rowan @ GthBpPSqaK"") --",2026-10-07T04:33:30.801Z,179134761080100
"""rowan @ GthBpPSqaK"" shows a A♦, A♣.",2026-10-07T04:33:25.574Z,179134760557400
"-- ending hand #465 --",2026-10-07T04:33:24.197Z,179134760419702
"""rowan @ GthBpPSqaK"" collected 36.00 from pot",2026-10-07T04:33:24.197Z,179134760419701
"Uncalled bet of 36.00 returned to ""rowan @ GthBpPSqaK""",2026-10-07T04:33:24.197Z,179134760419700
"""Dih @ GO72Iwd2XL"" folds",2026-10-07T04:33:23.370Z,179134760337000
"""rowan @ GthBpPSqaK"" bets 36.00",2026-10-07T04:33:22.046Z,179134760204600
"Turn: K♥, 6♦, J♠ [3♥]",2026-10-07T04:33:18.896Z,179134759889600
"""jaan @ O6Q78KIRx-"" folds",2026-10-07T04:33:18.093Z,179134759809300
"""Dih @ GO72Iwd2XL"" calls 12.00",2026-10-07T04:33:16.740Z,179134759674000
"""rowan @ GthBpPSqaK"" bets 12.00",2026-10-07T04:33:14.028Z,179134759402800
"Flop:  [K♥, 6♦, J♠]",2026-10-07T04:33:11.187Z,179134759118700
"""jaan @ O6Q78KIRx-"" calls 4.00",2026-10-07T04:33:10.385Z,179134759038500
"""Dih @ GO72Iwd2XL"" calls 4.00",2026-10-07T04:33:09.009Z,179134758900900
"""rowan @ GthBpPSqaK"" raises to 4.00",2026-10-07T04:33:07.642Z,179134758764200
"""jaan @ O6Q78KIRx-"" calls 0.50",2026-10-07T04:33:04.570Z,179134758457000
"""Dih @ GO72Iwd2XL"" posts a big blind of 0.50",2026-10-07T04:33:03.387Z,179134758338706
"""rowan @ GthBpPSqaK"" posts a small blind of 0.25",2026-10-07T04:33:03.387Z,179134758338705
"Player stacks: #1 ""Dih @ GO72Iwd2XL"" (234.48) | #2 ""jaan @ O6Q78KIRx-"" (101.53) | #10 ""rowan @ GthBpPSqaK"" (166.26)",2026-10-07T04:33:03.387Z,179134758338701
"-- starting hand #465 (id: gyaw0amfpmvp)  No Limit Texas Hold'em (dealer: ""jaan @ O6Q78KIRx-"") --",2026-10-07T04:33:03.387Z,179134758338700
"-- ending hand #464 --",2026-10-07T04:32:57.458Z,179134757745802
"""jaan @ O6Q78KIRx-"" collected 1.00 from pot",2026-10-07T04:32:57.458Z,179134757745801
"Uncalled bet of 1.50 returned to ""jaan @ O6Q78KIRx-""",2026-10-07T04:32:57.458Z,179134757745800
"""rowan @ GthBpPSqaK"" folds",2026-10-07T04:32:56.579Z,179134757657900
"""jaan @ O6Q78KIRx-"" raises to 2.00",2026-10-07T04:32:55.550Z,179134757555000
"""Dih @ GO72Iwd2XL"" folds",2026-10-07T04:32:52.941Z,179134757294100
"""rowan @ GthBpPSqaK"" posts a big blind of 0.50",2026-10-07T04:32:51.656Z,179134757165606
"""jaan @ O6Q78KIRx-"" posts a small blind of 0.25",2026-10-07T04:32:51.656Z,179134757165605
"Player stacks: #1 ""Dih @ GO72Iwd2XL"" (234.48) | #2 ""jaan @ O6Q78KIRx-"" (101.03) | #10 ""rowan @ GthBpPSqaK"" (166.76)",2026-10-07T04:32:51.656Z,179134757165601
"-- starting hand #464 (id: bueio1fmd6m9)  No Limit Texas Hold'em (dealer: ""Dih @ GO72Iwd2XL"") --",2026-10-07T04:32:51.656Z,179134757165600
"""rowan @ GthBpPSqaK"" shows a Q♠, 6♣.",2026-10-07T04:32:48.023Z,179134756802300
"-- ending hand #463 --",2026-10-07T04:32:45.082Z,179134756508202
"""Dih @ GO72Iwd2XL"" collected 31.00 from pot with Two Pair, 8's & 6's (combination: J♠, 6♥, 6♦, 8♣, 8♥)",2026-10-07T04:32:45.082Z,179134756508201
"""Dih @ GO72Iwd2XL"" shows a 9♦, 8♣.",2026-10-07T04:32:45.082Z,179134756508200
"""jaan @ O6Q78KIRx-"" checks",2026-10-07T04:32:44.229Z,179134756422900
"""Dih @ GO72Iwd2XL"" checks",2026-10-07T04:32:42.942Z,179134756294200
"River: J♠, 8♥, 6♥, 5♥ [6♦]",2026-10-07T04:32:40.876Z,179134756087600
"""jaan @ O6Q78KIRx-"" checks",2026-10-07T04:32:40.029Z,179134756002900
"""Dih @ GO72Iwd2XL"" checks",2026-10-07T04:32:35.007Z,179134755500700
"Turn: J♠, 8♥, 6♥ [5♥]",2026-10-07T04:32:33.599Z,179134755359900
"""Dih @ GO72Iwd2XL"" calls 9.50",2026-10-07T04:32:32.771Z,179134755277100
"""jaan @ O6Q78KIRx-"" bets 9.50",2026-10-07T04:32:31.715Z,179134755171500
"""Dih @ GO72Iwd2XL"" checks",2026-10-07T04:32:28.157Z,179134754815700
"Flop:  [J♠, 8♥, 6♥]",2026-10-07T04:32:26.589Z,179134754658900
"""Dih @ GO72Iwd2XL"" calls 6.00",2026-10-07T04:32:25.754Z,179134754575400
"""jaan @ O6Q78KIRx-"" raises to 6.00",2026-10-07T04:32:24.822Z,179134754482200
"""Dih @ GO72Iwd2XL"" raises to 2.00",2026-10-07T04:32:23.123Z,179134754312300
"""rowan @ GthBpPSqaK"" folds",2026-10-07T04:32:21.147Z,179134754114700
"""jaan @ O6Q78KIRx-"" posts a big blind of 0.50",2026-10-07T04:32:20.179Z,179134754017906
"""Dih @ GO72Iwd2XL"" posts a small blind of 0.25",2026-10-07T04:32:20.179Z,179134754017905
"Player stacks: #1 ""Dih @ GO72Iwd2XL"" (218.98) | #2 ""jaan @ O6Q78KIRx-"" (116.53) | #10 ""rowan @ GthBpPSqaK"" (166.76)",2026-10-07T04:32:20.179Z,179134754017901
"-- starting hand #463 (id: wldccyeunmsx)  No Limit Texas Hold'em (dealer: ""rowan @ GthBpPSqaK"") --",2026-10-07T04:32:20.179Z,179134754017900
"-- ending hand #462 --",2026-10-07T04:32:14.275Z,179134753427502
"""jaan @ O6Q78KIRx-"" collected 1.25 from pot",2026-10-07T04:32:14.275Z,179134753427501
"Uncalled bet of 2.25 returned to ""jaan @ O6Q78KIRx-""",2026-10-07T04:32:14.275Z,179134753427500
"""Dih @ GO72Iwd2XL"" folds",2026-10-07T04:32:13.471Z,179134753347100
"""rowan @ GthBpPSqaK"" folds",2026-10-07T04:32:12.226Z,179134753222600
"""jaan @ O6Q78KIRx-"" raises to 2.75",2026-10-07T04:32:11.338Z,179134753133800
"""Dih @ GO72Iwd2XL"" posts a big blind of 0.50",2026-10-07T04:32:09.018Z,179134752901806
"""rowan @ GthBpPSqaK"" posts a small blind of 0.25",2026-10-07T04:32:09.018Z,179134752901805
"Player stacks: #1 ""Dih @ GO72Iwd2XL"" (219.48) | #2 ""jaan @ O6Q78KIRx-"" (115.78) | #10 ""rowan @ GthBpPSqaK"" (167.01)",2026-10-07T04:32:09.018Z,179134752901801
"-- starting hand #462 (id: uzwm7zqftebb)  No Limit Texas Hold'em (dealer: ""jaan @ O6Q78KIRx-"") --",2026-10-07T04:32:09.018Z,179134752901800
"""Dih @ GO72Iwd2XL"" shows a 4♠.",2026-10-07T04:32:05.757Z,179134752575700
"-- ending hand #461 --",2026-10-07T04:32:02.395Z,179134752239501
"""jaan @ O6Q78KIRx-"" collected 4.50 from pot",2026-10-07T04:32:02.395Z,179134752239500
"""Dih @ GO72Iwd2XL"" folds",2026-10-07T04:32:01.550Z,179134752155000
"""jaan @ O6Q78KIRx-"" checks",2026-10-07T04:32:00.661Z,179134752066100
"Flop:  [Q♠, 8♥, 10♦]",2026-10-07T04:31:58.077Z,179134751807700
"""rowan @ GthBpPSqaK"" folds",2026-10-07T04:31:57.219Z,179134751721900
"""jaan @ O6Q78KIRx-"" calls 2.00",2026-10-07T04:31:56.359Z,179134751635900
"""Dih @ GO72Iwd2XL"" raises to 2.00",2026-10-07T04:31:54.140Z,179134751414000
"""rowan @ GthBpPSqaK"" posts a big blind of 0.50",2026-10-07T04:31:51.551Z,179134751155106
"""jaan @ O6Q78KIRx-"" posts a small blind of 0.25",2026-10-07T04:31:51.551Z,179134751155105
"Player stacks: #1 ""Dih @ GO72Iwd2XL"" (221.48) | #2 ""jaan @ O6Q78KIRx-"" (113.28) | #10 ""rowan @ GthBpPSqaK"" (167.51)",2026-10-07T04:31:51.551Z,179134751155101
"-- starting hand #461 (id: 8munvdpzecia)  No Limit Texas Hold'em (dealer: ""Dih @ GO72Iwd2XL"") --",2026-10-07T04:31:51.551Z,179134751155100
"-- ending hand #460 --",2026-10-07T04:31:45.607Z,179134750560702
"""jaan @ O6Q78KIRx-"" collected 1.50 from pot",2026-10-07T04:31:45.607Z,179134750560701
"Uncalled bet of 1.50 returned to ""jaan @ O6Q78KIRx-""",2026-10-07T04:31:45.607Z,179134750560700
"""rowan @ GthBpPSqaK"" folds",2026-10-07T04:31:44.796Z,179134750479600
"""jaan @ O6Q78KIRx-"" bets 1.50",2026-10-07T04:31:43.868Z,179134750386800
"""Dih @ GO72Iwd2XL"" folds",2026-10-07T04:31:42.106Z,179134750210600
"Flop:  [Q♦, 2♥, 7♠]",2026-10-07T04:31:40.403Z,179134750040300
"""jaan @ O6Q78KIRx-"" checks",2026-10-07T04:31:39.589Z,179134749958900
"""Dih @ GO72Iwd2XL"" calls 0.50",2026-10-07T04:31:35.245Z,179134749524500
"""rowan @ GthBpPSqaK"" calls 0.50",2026-10-07T04:31:34.372Z,179134749437200
"""jaan @ O6Q78KIRx-"" posts a big blind of 0.50",2026-10-07T04:31:32.718Z,179134749271806
"""Dih @ GO72Iwd2XL"" posts a small blind of 0.25",2026-10-07T04:31:32.718Z,179134749271805
"Player stacks: #1 ""Dih @ GO72Iwd2XL"" (221.98) | #2 ""jaan @ O6Q78KIRx-"" (112.28) | #10 ""rowan @ GthBpPSqaK"" (168.01)",2026-10-07T04:31:32.718Z,179134749271801
"-- starting hand #460 (id: qs9hye24wz2k)  No Limit Texas Hold'em (dealer: ""rowan @ GthBpPSqaK"") --",2026-10-07T04:31:32.718Z,179134749271800
"-- ending hand #459 --",2026-10-07T04:31:26.713Z,179134748671303
"""Dih @ GO72Iwd2XL"" collected 75.00 from pot with Two Pair, J's & 10's (combination: A♥, 10♣, 10♠, J♥, J♦)",2026-10-07T04:31:26.713Z,179134748671302
"""Dih @ GO72Iwd2XL"" shows a J♥, A♥.",2026-10-07T04:31:26.713Z,179134748671301
"""rowan @ GthBpPSqaK"" shows a Q♦, J♠.",2026-10-07T04:31:26.713Z,179134748671300
"""Dih @ GO72Iwd2XL"" calls 18.75",2026-10-07T04:31:25.855Z,179134748585500
"""rowan @ GthBpPSqaK"" bets 18.75",2026-10-07T04:31:25.004Z,179134748500400
"River: J♦, 10♣, 10♠, 4♦ [4♣]",2026-10-07T04:31:20.993Z,179134748099300
"""Dih @ GO72Iwd2XL"" checks",2026-10-07T04:31:20.189Z,179134748018900
"""rowan @ GthBpPSqaK"" checks",2026-10-07T04:31:17.906Z,179134747790600
"Turn: J♦, 10♣, 10♠ [4♦]",2026-10-07T04:31:17.511Z,179134747751100
"""rowan @ GthBpPSqaK"" calls 11.25",2026-10-07T04:31:16.636Z,179134747663600
"""Dih @ GO72Iwd2XL"" bets 11.25",2026-10-07T04:31:15.792Z,179134747579200
"""rowan @ GthBpPSqaK"" checks",2026-10-07T04:31:13.105Z,179134747310500
"Flop:  [J♦, 10♣, 10♠]",2026-10-07T04:31:12.277Z,179134747227700
"""rowan @ GthBpPSqaK"" calls 7.50",2026-10-07T04:31:11.414Z,179134747141400
"""Dih @ GO72Iwd2XL"" raises to 7.50",2026-10-07T04:31:10.556Z,179134747055600
"""rowan @ GthBpPSqaK"" raises to 2.50",2026-10-07T04:31:08.170Z,179134746817000
"""jaan @ O6Q78KIRx-"" folds",2026-10-07T04:31:05.977Z,179134746597700
"""Dih @ GO72Iwd2XL"" posts a big blind of 0.50",2026-10-07T04:31:04.508Z,179134746450806
"""rowan @ GthBpPSqaK"" posts a small blind of 0.25",2026-10-07T04:31:04.508Z,179134746450805
"Player stacks: #1 ""Dih @ GO72Iwd2XL"" (184.48) | #2 ""jaan @ O6Q78KIRx-"" (112.28) | #10 ""rowan @ GthBpPSqaK"" (205.51)",2026-10-07T04:31:04.508Z,179134746450801
"-- starting hand #459 (id: rbfdrbyhyuu6)  No Limit Texas Hold'em (dealer: ""jaan @ O6Q78KIRx-"") --",2026-10-07T04:31:04.508Z,179134746450800
"""Dih @ GO72Iwd2XL"" shows a 5♥.",2026-10-07T04:30:59.239Z,179134745923900
"""rowan @ GthBpPSqaK"" shows a 9♣, 8♦.",2026-10-07T04:30:58.981Z,179134745898100
"-- ending hand #458 --",2026-10-07T04:30:57.200Z,179134745720002
"""rowan @ GthBpPSqaK"" collected 24.00 from pot",2026-10-07T04:30:57.200Z,179134745720001
"Uncalled bet of 24.00 returned to ""rowan @ GthBpPSqaK""",2026-10-07T04:30:57.200Z,179134745720000
"""jaan @ O6Q78KIRx-"" folds",2026-10-07T04:30:56.387Z,179134745638700
"""Dih @ GO72Iwd2XL"" folds",2026-10-07T04:30:53.249Z,179134745324900
"""rowan @ GthBpPSqaK"" raises to 30.00",2026-10-07T04:30:51.229Z,179134745122900
"""jaan @ O6Q78KIRx-"" calls 6.00",2026-10-07T04:30:47.983Z,179134744798300
"""Dih @ GO72Iwd2XL"" bets 6.00",2026-10-07T04:30:42.560Z,179134744256000
"""rowan @ GthBpPSqaK"" checks",2026-10-07T04:30:39.167Z,179134743916700
"""jaan @ O6Q78KIRx-"" checks",2026-10-07T04:30:38.211Z,179134743821100
"Flop:  [3♦, 9♦, 8♣]",2026-10-07T04:30:36.382Z,179134743638200
"""rowan @ GthBpPSqaK"" calls 2.00",2026-10-07T04:30:35.509Z,179134743550900
"""jaan @ O6Q78KIRx-"" calls 2.00",2026-10-07T04:30:34.652Z,179134743465200
"""Dih @ GO72Iwd2XL"" raises to 2.00",2026-10-07T04:30:33.558Z,179134743355800
"""rowan @ GthBpPSqaK"" posts a big blind of 0.50",2026-10-07T04:30:31.687Z,179134743168706
"""jaan @ O6Q78KIRx-"" posts a small blind of 0.25",2026-10-07T04:30:31.687Z,179134743168705
"Player stacks: #1 ""Dih @ GO72Iwd2XL"" (192.48) | #2 ""jaan @ O6Q78KIRx-"" (120.28) | #10 ""rowan @ GthBpPSqaK"" (189.51)",2026-10-07T04:30:31.687Z,179134743168701
"-- starting hand #458 (id: mfqdlimfvrmv)  No Limit Texas Hold'em (dealer: ""Dih @ GO72Iwd2XL"") --",2026-10-07T04:30:31.687Z,179134743168700
"-- ending hand #457 --",2026-10-07T04:30:25.684Z,179134742568402
"""Dih @ GO72Iwd2XL"" collected 45.00 from pot with Two Pair, Q's & 8's (combination: 5♥, 8♦, 8♥, Q♥, Q♠)",2026-10-07T04:30:25.684Z,179134742568401
"""Dih @ GO72Iwd2XL"" shows a Q♥, 8♦.",2026-10-07T04:30:25.684Z,179134742568400
"""rowan @ GthBpPSqaK"" checks",2026-10-07T04:30:24.876Z,179134742487600
"""Dih @ GO72Iwd2XL"" checks",2026-10-07T04:30:21.905Z,179134742190500
"River: 5♥, 4♥, 8♥, 3♣ [Q♠]",2026-10-07T04:30:18.881Z,179134741888100
"""Dih @ GO72Iwd2XL"" calls 11.25",2026-10-07T04:30:18.056Z,179134741805600
"""rowan @ GthBpPSqaK"" bets 11.25",2026-10-07T04:30:17.069Z,179134741706900
"""Dih @ GO72Iwd2XL"" checks",2026-10-07T04:30:13.109Z,179134741310900
"Turn: 5♥, 4♥, 8♥ [3♣]",2026-10-07T04:30:10.566Z,179134741056600
"""rowan @ GthBpPSqaK"" calls 7.50",2026-10-07T04:30:09.760Z,179134740976000
"""jaan @ O6Q78KIRx-"" folds",2026-10-07T04:30:08.792Z,179134740879200
"""Dih @ GO72Iwd2XL"" bets 7.50",2026-10-07T04:30:07.940Z,179134740794000
"Flop:  [5♥, 4♥, 8♥]",2026-10-07T04:30:04.825Z,179134740482500
"""jaan @ O6Q78KIRx-"" calls 2.50",2026-10-07T04:30:04.005Z,179134740400500
"""Dih @ GO72Iwd2XL"" calls 2.50",2026-10-07T04:30:02.583Z,179134740258300
"""rowan @ GthBpPSqaK"" raises to 2.50",2026-10-07T04:30:00.525Z,179134740052500
"""jaan @ O6Q78KIRx-"" posts a big blind of 0.50",2026-10-07T04:29:58.381Z,179134739838106
"""Dih @ GO72Iwd2XL"" posts a small blind of 0.25",2026-10-07T04:29:58.381Z,179134739838105
"Player stacks: #1 ""Dih @ GO72Iwd2XL"" (168.73) | #2 ""jaan @ O6Q78KIRx-"" (122.78) | #10 ""rowan @ GthBpPSqaK"" (210.76)",2026-10-07T04:29:58.381Z,179134739838101
"-- starting hand #457 (id: 6ryl7fqvfj7r)  No Limit Texas Hold'em (dealer: ""rowan @ GthBpPSqaK"") --",2026-10-07T04:29:58.381Z,179134739838100
"""Dih @ GO72Iwd2XL"" collected 2.00 from the 7-2 bounty",2026-10-07T04:29:55.465Z,179134739546502
"""jaan @ O6Q78KIRx-"" paid 1.00 for the 7-2 bounty to ""Dih @ GO72Iwd2XL""",2026-10-07T04:29:55.465Z,179134739546501
"""rowan @ GthBpPSqaK"" paid 1.00 for the 7-2 bounty to ""Dih @ GO72Iwd2XL""",2026-10-07T04:29:55.465Z,179134739546500
"""Dih @ GO72Iwd2XL"" shows a 2♥, 7♠.",2026-10-07T04:29:49.454Z,179134738945400
"-- ending hand #456 --",2026-10-07T04:29:48.859Z,179134738885902
"""Dih @ GO72Iwd2XL"" collected 14.25 from pot",2026-10-07T04:29:48.859Z,179134738885901
"Uncalled bet of 8.12 returned to ""Dih @ GO72Iwd2XL""",2026-10-07T04:29:48.859Z,179134738885900
"""jaan @ O6Q78KIRx-"" folds",2026-10-07T04:29:48.052Z,179134738805200
"""Dih @ GO72Iwd2XL"" bets 8.12",2026-10-07T04:29:41.425Z,179134738142500
"Flop:  [7♥, 3♣, J♠]",2026-10-07T04:29:37.562Z,179134737756200
"""jaan @ O6Q78KIRx-"" calls 7.00",2026-10-07T04:29:36.712Z,179134737671200
"""Dih @ GO72Iwd2XL"" raises to 7.00",2026-10-07T04:29:35.189Z,179134737518900
"""rowan @ GthBpPSqaK"" folds",2026-10-07T04:29:32.796Z,179134737279600
"""jaan @ O6Q78KIRx-"" raises to 2.25",2026-10-07T04:29:31.923Z,179134737192300
"""Dih @ GO72Iwd2XL"" posts a big blind of 0.50",2026-10-07T04:29:28.146Z,179134736814606
"""rowan @ GthBpPSqaK"" posts a small blind of 0.25",2026-10-07T04:29:28.146Z,179134736814605
"Player stacks: #1 ""Dih @ GO72Iwd2XL"" (159.48) | #2 ""jaan @ O6Q78KIRx-"" (130.78) | #10 ""rowan @ GthBpPSqaK"" (212.01)",2026-10-07T04:29:28.146Z,179134736814601
"-- starting hand #456 (id: abdjl7lma0no)  No Limit Texas Hold'em (dealer: ""jaan @ O6Q78KIRx-"") --",2026-10-07T04:29:28.146Z,179134736814600
"-- ending hand #455 --",2026-10-07T04:29:22.079Z,179134736207903
"""rowan @ GthBpPSqaK"" collected 1.00 from pot with Pair, 2's (combination: 6♠, 7♥, A♦, 2♣, 2♦)",2026-10-07T04:29:22.079Z,179134736207902
"""rowan @ GthBpPSqaK"" shows a 2♣, 2♦.",2026-10-07T04:29:22.079Z,179134736207901
"""jaan @ O6Q78KIRx-"" shows a J♠, 10♣.",2026-10-07T04:29:22.079Z,179134736207900
"""rowan @ GthBpPSqaK"" checks",2026-10-07T04:29:21.270Z,179134736127000
"""jaan @ O6Q78KIRx-"" checks",2026-10-07T04:29:20.406Z,179134736040600
"River: A♦, 6♠, 7♥, 5♦ [3♠]",2026-10-07T04:29:18.943Z,179134735894300
"""rowan @ GthBpPSqaK"" checks",2026-10-07T04:29:18.060Z,179134735806000
"""jaan @ O6Q78KIRx-"" checks",2026-10-07T04:29:17.220Z,179134735722000
"Turn: A♦, 6♠, 7♥ [5♦]",2026-10-07T04:29:15.624Z,179134735562400
"""rowan @ GthBpPSqaK"" checks",2026-10-07T04:29:14.773Z,179134735477300
"""jaan @ O6Q78KIRx-"" checks",2026-10-07T04:29:13.927Z,179134735392700
"Flop:  [A♦, 6♠, 7♥]",2026-10-07T04:29:11.740Z,179134735174000
"""rowan @ GthBpPSqaK"" checks",2026-10-07T04:29:10.908Z,179134735090800
"""jaan @ O6Q78KIRx-"" calls 0.50",2026-10-07T04:29:09.409Z,179134734940900
"""Dih @ GO72Iwd2XL"" folds",2026-10-07T04:29:06.891Z,179134734689100
"""rowan @ GthBpPSqaK"" posts a big blind of 0.50",2026-10-07T04:29:05.496Z,179134734549606
"""jaan @ O6Q78KIRx-"" posts a small blind of 0.25",2026-10-07T04:29:05.496Z,179134734549605
"Player stacks: #1 ""Dih @ GO72Iwd2XL"" (159.48) | #2 ""jaan @ O6Q78KIRx-"" (131.28) | #10 ""rowan @ GthBpPSqaK"" (211.51)",2026-10-07T04:29:05.496Z,179134734549601
"-- starting hand #455 (id: z3x6xq1a2zri)  No Limit Texas Hold'em (dealer: ""Dih @ GO72Iwd2XL"") --",2026-10-07T04:29:05.496Z,179134734549600
"""rowan @ GthBpPSqaK"" shows a 5♦, 6♦.",2026-10-07T04:29:02.585Z,179134734258500
"-- ending hand #454 --",2026-10-07T04:29:01.871Z,179134734187101
"""jaan @ O6Q78KIRx-"" collected 8.49 from pot",2026-10-07T04:29:01.871Z,179134734187100
"""rowan @ GthBpPSqaK"" folds",2026-10-07T04:29:01.020Z,179134734102000
"""jaan @ O6Q78KIRx-"" checks",2026-10-07T04:28:59.239Z,179134733923900
"River: 4♥, 2♦, 9♣, Q♥ [2♣]",2026-10-07T04:28:54.279Z,179134733427900
"""rowan @ GthBpPSqaK"" checks",2026-10-07T04:28:53.465Z,179134733346500
"""jaan @ O6Q78KIRx-"" checks",2026-10-07T04:28:52.034Z,179134733203400
"Turn: 4♥, 2♦, 9♣ [Q♥]",2026-10-07T04:28:50.663Z,179134733066300
"""jaan @ O6Q78KIRx-"" calls 2.12",2026-10-07T04:28:49.858Z,179134732985800
"""rowan @ GthBpPSqaK"" bets 2.12",2026-10-07T04:28:46.993Z,179134732699300
"""jaan @ O6Q78KIRx-"" checks",2026-10-07T04:28:44.492Z,179134732449200
"Flop:  [4♥, 2♦, 9♣]",2026-10-07T04:28:42.739Z,179134732273900
"""jaan @ O6Q78KIRx-"" calls 2.00",2026-10-07T04:28:41.881Z,179134732188100
"""Dih @ GO72Iwd2XL"" folds",2026-10-07T04:28:38.306Z,179134731830600
"""rowan @ GthBpPSqaK"" raises to 2.00",2026-10-07T04:28:37.448Z,179134731744800
"""jaan @ O6Q78KIRx-"" posts a big blind of 0.50",2026-10-07T04:28:31.195Z,179134731119506
"""Dih @ GO72Iwd2XL"" posts a small blind of 0.25",2026-10-07T04:28:31.195Z,179134731119505
"Player stacks: #1 ""Dih @ GO72Iwd2XL"" (159.73) | #2 ""jaan @ O6Q78KIRx-"" (126.91) | #10 ""rowan @ GthBpPSqaK"" (215.63)",2026-10-07T04:28:31.195Z,179134731119501
"-- starting hand #454 (id: mreeha2rbfws)  No Limit Texas Hold'em (dealer: ""rowan @ GthBpPSqaK"") --",2026-10-07T04:28:31.195Z,179134731119500
"-- ending hand #453 --",2026-10-07T04:28:25.291Z,179134730529102
"""rowan @ GthBpPSqaK"" collected 1.00 from pot",2026-10-07T04:28:25.291Z,179134730529101
"Uncalled bet of 2.00 returned to ""rowan @ GthBpPSqaK""",2026-10-07T04:28:25.291Z,179134730529100
"""Dih @ GO72Iwd2XL"" folds",2026-10-07T04:28:24.474Z,179134730447400
"""rowan @ GthBpPSqaK"" raises to 2.50",2026-10-07T04:28:18.830Z,179134729883000
"""jaan @ O6Q78KIRx-"" folds",2026-10-07T04:28:15.687Z,179134729568700
"""Dih @ GO72Iwd2XL"" posts a big blind of 0.50",2026-10-07T04:28:13.764Z,179134729376406
"""rowan @ GthBpPSqaK"" posts a small blind of 0.25",2026-10-07T04:28:13.764Z,179134729376405
"Player stacks: #1 ""Dih @ GO72Iwd2XL"" (160.23) | #2 ""jaan @ O6Q78KIRx-"" (126.91) | #10 ""rowan @ GthBpPSqaK"" (215.13)",2026-10-07T04:28:13.764Z,179134729376401
"-- starting hand #453 (id: jazmhtnjirdt)  No Limit Texas Hold'em (dealer: ""jaan @ O6Q78KIRx-"") --",2026-10-07T04:28:13.764Z,179134729376400
"-- ending hand #452 --",2026-10-07T04:28:07.817Z,179134728781702
"""rowan @ GthBpPSqaK"" collected 0.50 from pot",2026-10-07T04:28:07.817Z,179134728781701
"Uncalled bet of 0.25 returned to ""rowan @ GthBpPSqaK""",2026-10-07T04:28:07.817Z,179134728781700
"""jaan @ O6Q78KIRx-"" folds",2026-10-07T04:28:06.974Z,179134728697400
"""Dih @ GO72Iwd2XL"" folds",2026-10-07T04:27:58.507Z,179134727850700
"""rowan @ GthBpPSqaK"" posts a big blind of 0.50",2026-10-07T04:27:57.345Z,179134727734506
"""jaan @ O6Q78KIRx-"" posts a small blind of 0.25",2026-10-07T04:27:57.345Z,179134727734505
"Player stacks: #1 ""Dih @ GO72Iwd2XL"" (160.23) | #2 ""jaan @ O6Q78KIRx-"" (127.16) | #10 ""rowan @ GthBpPSqaK"" (214.88)",2026-10-07T04:27:57.345Z,179134727734501
"-- starting hand #452 (id: awcgt8b6u6io)  No Limit Texas Hold'em (dealer: ""Dih @ GO72Iwd2XL"") --",2026-10-07T04:27:57.345Z,179134727734500
"""rowan @ GthBpPSqaK"" shows a A♥, K♣.",2026-10-07T04:27:54.008Z,179134727400800
"""Dih @ GO72Iwd2XL"" shows a 3♠, 3♦.",2026-10-07T04:27:53.708Z,179134727370800
"-- ending hand #451 --",2026-10-07T04:27:53.036Z,179134727303601
"""rowan @ GthBpPSqaK"" collected 7.50 from pot",2026-10-07T04:27:53.036Z,179134727303600
"""Dih @ GO72Iwd2XL"" folds",2026-10-07T04:27:52.177Z,179134727217700
"River: 9♥, 10♣, 4♥, 10♦ [4♠]",2026-10-07T04:27:49.228Z,179134726922800
"""rowan @ GthBpPSqaK"" checks",2026-10-07T04:27:48.375Z,179134726837500
"""Dih @ GO72Iwd2XL"" checks",2026-10-07T04:27:47.526Z,179134726752600
"Turn: 9♥, 10♣, 4♥ [10♦]",2026-10-07T04:27:46.269Z,179134726626900
"""rowan @ GthBpPSqaK"" checks",2026-10-07T04:27:45.459Z,179134726545900
"""Dih @ GO72Iwd2XL"" checks",2026-10-07T04:27:43.827Z,179134726382700
"Flop:  [9♥, 10♣, 4♥]",2026-10-07T04:27:42.020Z,179134726202000
"""jaan @ O6Q78KIRx-"" folds",2026-10-07T04:27:41.203Z,179134726120300
"""Dih @ GO72Iwd2XL"" calls 3.50",2026-10-07T04:27:38.657Z,179134725865700
"""rowan @ GthBpPSqaK"" raises to 3.50",2026-10-07T04:27:37.668Z,179134725766800
"""jaan @ O6Q78KIRx-"" posts a big blind of 0.50",2026-10-07T04:27:34.813Z,179134725481307
"""Dih @ GO72Iwd2XL"" posts a small blind of 0.25",2026-10-07T04:27:34.813Z,179134725481306
"Player stacks: #1 ""Dih @ GO72Iwd2XL"" (163.73) | #2 ""jaan @ O6Q78KIRx-"" (127.66) | #10 ""rowan @ GthBpPSqaK"" (210.88)",2026-10-07T04:27:34.813Z,179134725481302
"-- starting hand #451 (id: cluv19uiw7ta)  No Limit Texas Hold'em (dealer: ""rowan @ GthBpPSqaK"") --",2026-10-07T04:27:34.813Z,179134725481301
"The player ""Cam @ eWUSzBpS1d"" stand up with the stack of 88.66.",2026-10-07T04:27:34.813Z,179134725481300
"Undealt cards: 6♦, 3♥, 10♣, A♥ [4♦]",2026-10-07T04:27:29.406Z,179134724940600
"-- ending hand #450 --",2026-10-07T04:27:28.892Z,179134724889202
"""jaan @ O6Q78KIRx-"" collected 35.61 from pot",2026-10-07T04:27:28.892Z,179134724889201
"Uncalled bet of 26.70 returned to ""jaan @ O6Q78KIRx-""",2026-10-07T04:27:28.892Z,179134724889200
"""Dih @ GO72Iwd2XL"" folds",2026-10-07T04:27:28.059Z,179134724805900
"""jaan @ O6Q78KIRx-"" bets 26.70",2026-10-07T04:27:23.031Z,179134724303100
"""Dih @ GO72Iwd2XL"" checks",2026-10-07T04:27:19.659Z,179134723965900
"Turn: 6♦, 3♥, 10♣ [A♥]",2026-10-07T04:27:17.395Z,179134723739500
"""jaan @ O6Q78KIRx-"" checks",2026-10-07T04:27:16.561Z,179134723656100
"""Dih @ GO72Iwd2XL"" checks",2026-10-07T04:27:14.703Z,179134723470300
"Flop:  [6♦, 3♥, 10♣]",2026-10-07T04:27:12.281Z,179134723228100
"""Dih @ GO72Iwd2XL"" calls 17.68",2026-10-07T04:27:11.455Z,179134723145500
"""jaan @ O6Q78KIRx-"" raises to 17.68",2026-10-07T04:27:08.488Z,179134722848800
"""Dih @ GO72Iwd2XL"" raises to 7.00",2026-10-07T04:27:00.810Z,179134722081000
"""rowan @ GthBpPSqaK"" folds",2026-10-07T04:26:58.633Z,179134721863300
"""Cam @ eWUSzBpS1d"" folds",2026-10-07T04:26:57.789Z,179134721778900
"""jaan @ O6Q78KIRx-"" raises to 2.25",2026-10-07T04:26:56.952Z,179134721695200
"""Dih @ GO72Iwd2XL"" posts a big blind of 0.50",2026-10-07T04:26:54.850Z,179134721485007
"""rowan @ GthBpPSqaK"" posts a small blind of 0.25",2026-10-07T04:26:54.850Z,179134721485006
"Your hand is 2♦, 10♠",2026-10-07T04:26:54.850Z,179134721485004
"Player stacks: #1 ""Dih @ GO72Iwd2XL"" (181.41) | #2 ""jaan @ O6Q78KIRx-"" (109.73) | #5 ""Cam @ eWUSzBpS1d"" (88.66) | #10 ""rowan @ GthBpPSqaK"" (211.13)",2026-10-07T04:26:54.850Z,179134721485001
"-- starting hand #450 (id: xvh4oxrczzds)  No Limit Texas Hold'em (dealer: ""Cam @ eWUSzBpS1d"") --",2026-10-07T04:26:54.850Z,179134721485000
"""Dih @ GO72Iwd2XL"" shows a 2♦, K♠.",2026-10-07T04:26:52.243Z,179134721224300
"-- ending hand #449 --",2026-10-07T04:26:48.333Z,179134720833302
"""Cam @ eWUSzBpS1d"" collected 6.50 from pot with A High (combination: 9♣, 10♦, Q♥, K♣, A♠)",2026-10-07T04:26:48.333Z,179134720833301
"""Cam @ eWUSzBpS1d"" shows a A♠, 10♦.",2026-10-07T04:26:48.333Z,179134720833300
"""jaan @ O6Q78KIRx-"" checks",2026-10-07T04:26:47.472Z,179134720747200
"""Cam @ eWUSzBpS1d"" checks",2026-10-07T04:26:46.622Z,179134720662200
"River: Q♥, K♣, 2♣, 9♣ [7♦]",2026-10-07T04:26:46.131Z,179134720613100
"""jaan @ O6Q78KIRx-"" checks",2026-10-07T04:26:45.283Z,179134720528300
"""Cam @ eWUSzBpS1d"" checks",2026-10-07T04:26:44.414Z,179134720441400
"Turn: Q♥, K♣, 2♣ [9♣]",2026-10-07T04:26:42.880Z,179134720288000
"""jaan @ O6Q78KIRx-"" checks",2026-10-07T04:26:42.068Z,179134720206800
"""Cam @ eWUSzBpS1d"" checks",2026-10-07T04:26:37.545Z,179134719754500
"Flop:  [Q♥, K♣, 2♣]",2026-10-07T04:26:36.474Z,179134719647400
"""jaan @ O6Q78KIRx-"" calls 3.00",2026-10-07T04:26:35.671Z,179134719567100
"""rowan @ GthBpPSqaK"" folds",2026-10-07T04:26:32.989Z,179134719298900
"""Cam @ eWUSzBpS1d"" raises to 3.00",2026-10-07T04:26:30.661Z,179134719066100
"""jaan @ O6Q78KIRx-"" calls 0.50",2026-10-07T04:26:26.892Z,179134718689200
"""Dih @ GO72Iwd2XL"" folds",2026-10-07T04:26:26.027Z,179134718602700
"""rowan @ GthBpPSqaK"" posts a big blind of 0.50",2026-10-07T04:26:24.854Z,179134718485407
"""Cam @ eWUSzBpS1d"" posts a small blind of 0.25",2026-10-07T04:26:24.854Z,179134718485406
"Your hand is A♠, 10♦",2026-10-07T04:26:24.854Z,179134718485404
"Player stacks: #1 ""Dih @ GO72Iwd2XL"" (181.41) | #2 ""jaan @ O6Q78KIRx-"" (112.73) | #5 ""Cam @ eWUSzBpS1d"" (85.16) | #10 ""rowan @ GthBpPSqaK"" (211.63)",2026-10-07T04:26:24.854Z,179134718485401
"-- starting hand #449 (id: s0dd0alhum2q)  No Limit Texas Hold'em (dealer: ""jaan @ O6Q78KIRx-"") --",2026-10-07T04:26:24.854Z,179134718485400
"Undealt cards: 5♦, 10♠, 6♣ [8♦, A♣]",2026-10-07T04:26:19.808Z,179134717980800
"-- ending hand #448 --",2026-10-07T04:26:18.902Z,179134717890202
"""rowan @ GthBpPSqaK"" collected 6.50 from pot",2026-10-07T04:26:18.902Z,179134717890201
"Uncalled bet of 6.50 returned to ""rowan @ GthBpPSqaK""",2026-10-07T04:26:18.902Z,179134717890200
"""jaan @ O6Q78KIRx-"" folds",2026-10-07T04:26:18.094Z,179134717809400
"""Dih @ GO72Iwd2XL"" folds",2026-10-07T04:26:15.372Z,179134717537200
"""rowan @ GthBpPSqaK"" bets 6.50",2026-10-07T04:26:13.978Z,179134717397800
"""jaan @ O6Q78KIRx-"" checks",2026-10-07T04:26:11.651Z,179134717165100
"Flop:  [5♦, 10♠, 6♣]",2026-10-07T04:26:09.448Z,179134716944800
"""Cam @ eWUSzBpS1d"" folds",2026-10-07T04:26:08.607Z,179134716860700
"""jaan @ O6Q78KIRx-"" calls 2.00",2026-10-07T04:26:06.193Z,179134716619300
"""Dih @ GO72Iwd2XL"" calls 2.00",2026-10-07T04:26:04.527Z,179134716452700
"""rowan @ GthBpPSqaK"" raises to 2.00",2026-10-07T04:26:01.761Z,179134716176100
"""Cam @ eWUSzBpS1d"" posts a big blind of 0.50",2026-10-07T04:25:58.863Z,179134715886307
"""jaan @ O6Q78KIRx-"" posts a small blind of 0.25",2026-10-07T04:25:58.863Z,179134715886306
"Your hand is 2♠, 10♦",2026-10-07T04:25:58.863Z,179134715886304
"Player stacks: #1 ""Dih @ GO72Iwd2XL"" (183.41) | #2 ""jaan @ O6Q78KIRx-"" (114.73) | #5 ""Cam @ eWUSzBpS1d"" (85.66) | #10 ""rowan @ GthBpPSqaK"" (207.13)",2026-10-07T04:25:58.863Z,179134715886301
"-- starting hand #448 (id: 5m2fvf6jybnm)  No Limit Texas Hold'em (dealer: ""Dih @ GO72Iwd2XL"") --",2026-10-07T04:25:58.863Z,179134715886300
"-- ending hand #447 --",2026-10-07T04:25:55.953Z,179134715595302
"""rowan @ GthBpPSqaK"" collected 3.25 from pot",2026-10-07T04:25:55.953Z,179134715595301
"Uncalled bet of 0.50 returned to ""rowan @ GthBpPSqaK""",2026-10-07T04:25:55.953Z,179134715595300
"""jaan @ O6Q78KIRx-"" folds",2026-10-07T04:25:55.102Z,179134715510200
"""rowan @ GthBpPSqaK"" bets 0.50",2026-10-07T04:25:53.592Z,179134715359200
"""jaan @ O6Q78KIRx-"" checks",2026-10-07T04:25:52.343Z,179134715234300
"River: 6♠, 7♥, 8♦, 5♣ [10♥]",2026-10-07T04:25:51.752Z,179134715175200
"""jaan @ O6Q78KIRx-"" calls 0.50",2026-10-07T04:25:50.892Z,179134715089200
"""rowan @ GthBpPSqaK"" bets 0.50",2026-10-07T04:25:50.016Z,179134715001600
"""jaan @ O6Q78KIRx-"" checks",2026-10-07T04:25:48.456Z,179134714845600
"Turn: 6♠, 7♥, 8♦ [5♣]",2026-10-07T04:25:47.946Z,179134714794600
"""jaan @ O6Q78KIRx-"" calls 0.50",2026-10-07T04:25:47.071Z,179134714707100
"""rowan @ GthBpPSqaK"" bets 0.50",2026-10-07T04:25:45.166Z,179134714516600
"""jaan @ O6Q78KIRx-"" checks",2026-10-07T04:25:42.992Z,179134714299200
"Flop:  [6♠, 7♥, 8♦]",2026-10-07T04:25:42.054Z,179134714205400
"""jaan @ O6Q78KIRx-"" checks",2026-10-07T04:25:41.207Z,179134714120700
"""Dih @ GO72Iwd2XL"" folds",2026-10-07T04:25:38.299Z,179134713829900
"""rowan @ GthBpPSqaK"" calls 0.50",2026-10-07T04:25:37.414Z,179134713741400
"""Cam @ eWUSzBpS1d"" folds",2026-10-07T04:25:35.116Z,179134713511600
"""jaan @ O6Q78KIRx-"" posts a big blind of 0.50",2026-10-07T04:25:33.982Z,179134713398207
"""Dih @ GO72Iwd2XL"" posts a small blind of 0.25",2026-10-07T04:25:33.982Z,179134713398206
"Your hand is 8♠, 4♦",2026-10-07T04:25:33.982Z,179134713398204
"Player stacks: #1 ""Dih @ GO72Iwd2XL"" (183.66) | #2 ""jaan @ O6Q78KIRx-"" (116.23) | #5 ""Cam @ eWUSzBpS1d"" (85.66) | #10 ""rowan @ GthBpPSqaK"" (205.38)",2026-10-07T04:25:33.982Z,179134713398201
"-- starting hand #447 (id: eivv3fgxrcyw)  No Limit Texas Hold'em (dealer: ""rowan @ GthBpPSqaK"") --",2026-10-07T04:25:33.982Z,179134713398200
"-- ending hand #446 --",2026-10-07T04:25:25.954Z,179134712595403
"""rowan @ GthBpPSqaK"" collected 68.46 from pot with Straight, 7 High on the second run  (combination: 3♣, 4♥, 5♣, 6♦, 7♠)",2026-10-07T04:25:25.954Z,179134712595402
"""Cam @ eWUSzBpS1d"" collected 68.46 from pot with Straight, 7 High on the second run  (combination: 3♣, 4♦, 5♣, 6♦, 7♠)",2026-10-07T04:25:25.954Z,179134712595401
"""rowan @ GthBpPSqaK"" collected 136.92 from pot with Straight, 7 High (combination: 3♣, 4♥, 5♣, 6♦, 7♥)",2026-10-07T04:25:25.954Z,179134712595400
"River (second run): 2♥, 3♣, 6♦, 5♣ [7♠]",2026-10-07T04:25:21.951Z,179134712195100
"River: 2♥, 3♣, 6♦, 5♣ [10♣]",2026-10-07T04:25:17.948Z,179134711794800
"""rowan @ GthBpPSqaK"" shows a 7♥, 4♥.",2026-10-07T04:25:13.884Z,179134711388401
"""Cam @ eWUSzBpS1d"" shows a 4♦, J♦.",2026-10-07T04:25:13.884Z,179134711388400
"All players in hand choose to run it twice.",2026-10-07T04:25:13.067Z,179134711306701
"""rowan @ GthBpPSqaK"" chooses to  run it twice.",2026-10-07T04:25:13.067Z,179134711306700
"""Cam @ eWUSzBpS1d"" chooses to  run it twice.",2026-10-07T04:25:12.444Z,179134711244400
"Remaining players decide whether to run it twice.",2026-10-07T04:25:11.711Z,179134711171101
"""Cam @ eWUSzBpS1d"" calls 127.17",2026-10-07T04:25:11.711Z,179134711171100
"""Dih @ GO72Iwd2XL"" folds",2026-10-07T04:25:03.759Z,179134710375900
"""rowan @ GthBpPSqaK"" bets 127.17 and go all in",2026-10-07T04:24:58.065Z,179134709806500
"Turn: 2♥, 3♣, 6♦ [5♣]",2026-10-07T04:24:50.951Z,179134709095100
"""rowan @ GthBpPSqaK"" calls 4.50",2026-10-07T04:24:50.133Z,179134709013300
"""Cam @ eWUSzBpS1d"" calls 4.50",2026-10-07T04:24:49.299Z,179134708929900
"""Dih @ GO72Iwd2XL"" bets 4.50",2026-10-07T04:24:45.992Z,179134708599200
"""rowan @ GthBpPSqaK"" checks",2026-10-07T04:24:43.280Z,179134708328000
"Flop:  [2♥, 3♣, 6♦]",2026-10-07T04:24:40.897Z,179134708089700
"""rowan @ GthBpPSqaK"" calls 2.00",2026-10-07T04:24:40.078Z,179134708007800
"""Cam @ eWUSzBpS1d"" calls 2.00",2026-10-07T04:24:39.219Z,179134707921900
"""Dih @ GO72Iwd2XL"" raises to 2.00",2026-10-07T04:24:33.015Z,179134707301500
"""rowan @ GthBpPSqaK"" calls 0.50",2026-10-07T04:24:30.202Z,179134707020200
"""Cam @ eWUSzBpS1d"" calls 0.50",2026-10-07T04:24:28.013Z,179134706801300
"""jaan @ O6Q78KIRx-"" folds",2026-10-07T04:24:08.143Z,179134704814300
"""Dih @ GO72Iwd2XL"" posts a big blind of 0.50",2026-10-07T04:24:06.771Z,179134704677107
"""rowan @ GthBpPSqaK"" posts a small blind of 0.25",2026-10-07T04:24:06.771Z,179134704677106
"Your hand is 4♦, J♦",2026-10-07T04:24:06.771Z,179134704677104
"Player stacks: #1 ""Dih @ GO72Iwd2XL"" (190.16) | #2 ""jaan @ O6Q78KIRx-"" (116.23) | #5 ""Cam @ eWUSzBpS1d"" (150.87) | #10 ""rowan @ GthBpPSqaK"" (133.67)",2026-10-07T04:24:06.771Z,179134704677101
"-- starting hand #446 (id: j9rhwvgwulmx)  No Limit Texas Hold'em (dealer: ""Cam @ eWUSzBpS1d"") --",2026-10-07T04:24:06.771Z,179134704677100
"-- ending hand #445 --",2026-10-07T04:24:00.857Z,179134704085702
"""jaan @ O6Q78KIRx-"" collected 1.50 from pot",2026-10-07T04:24:00.857Z,179134704085701
"Uncalled bet of 1.12 returned to ""jaan @ O6Q78KIRx-""",2026-10-07T04:24:00.857Z,179134704085700
"""rowan @ GthBpPSqaK"" folds",2026-10-07T04:23:59.990Z,179134703999000
"""Cam @ eWUSzBpS1d"" folds",2026-10-07T04:23:59.058Z,179134703905800
"""jaan @ O6Q78KIRx-"" bets 1.12",2026-10-07T04:23:28.824Z,179134700882400
"""rowan @ GthBpPSqaK"" checks",2026-10-07T04:23:26.803Z,179134700680300
"""Cam @ eWUSzBpS1d"" checks",2026-10-07T04:23:25.701Z,179134700570100
"Flop:  [5♠, J♥, 7♥]",2026-10-07T04:23:14.761Z,179134699476100
"""rowan @ GthBpPSqaK"" checks",2026-10-07T04:23:13.924Z,179134699392400
"""Cam @ eWUSzBpS1d"" calls 0.50",2026-10-07T04:23:12.533Z,179134699253300
"""jaan @ O6Q78KIRx-"" calls 0.50",2026-10-07T04:23:00.837Z,179134698083700
"""Dih @ GO72Iwd2XL"" folds",2026-10-07T04:22:59.978Z,179134697997800
"""rowan @ GthBpPSqaK"" posts a big blind of 0.50",2026-10-07T04:22:58.600Z,179134697860007
"""Cam @ eWUSzBpS1d"" posts a small blind of 0.25",2026-10-07T04:22:58.600Z,179134697860006
"Your hand is A♠, 4♦",2026-10-07T04:22:58.600Z,179134697860004
"Player stacks: #1 ""Dih @ GO72Iwd2XL"" (190.16) | #2 ""jaan @ O6Q78KIRx-"" (115.23) | #5 ""Cam @ eWUSzBpS1d"" (151.37) | #10 ""rowan @ GthBpPSqaK"" (134.17)",2026-10-07T04:22:58.600Z,179134697860001
"-- starting hand #445 (id: 0kv4a9vipy1y)  No Limit Texas Hold'em (dealer: ""jaan @ O6Q78KIRx-"") --",2026-10-07T04:22:58.600Z,179134697860000
"-- ending hand #444 --",2026-10-07T04:22:52.672Z,179134697267202
"""Cam @ eWUSzBpS1d"" collected 0.50 from pot",2026-10-07T04:22:52.672Z,179134697267201
"Uncalled bet of 0.25 returned to ""Cam @ eWUSzBpS1d""",2026-10-07T04:22:52.672Z,179134697267200
"""jaan @ O6Q78KIRx-"" folds",2026-10-07T04:22:51.848Z,179134697184800
"""Dih @ GO72Iwd2XL"" folds",2026-10-07T04:22:43.642Z,179134696364200
"""rowan @ GthBpPSqaK"" folds",2026-10-07T04:22:41.976Z,179134696197600
"""Cam @ eWUSzBpS1d"" posts a big blind of 0.50",2026-10-07T04:22:41.047Z,179134696104707
"""jaan @ O6Q78KIRx-"" posts a small blind of 0.25",2026-10-07T04:22:41.047Z,179134696104706
"Your hand is 8♣, 5♣",2026-10-07T04:22:41.047Z,179134696104704
"Player stacks: #1 ""Dih @ GO72Iwd2XL"" (190.16) | #2 ""jaan @ O6Q78KIRx-"" (115.48) | #5 ""Cam @ eWUSzBpS1d"" (151.12) | #10 ""rowan @ GthBpPSqaK"" (134.17)",2026-10-07T04:22:41.047Z,179134696104701
"-- starting hand #444 (id: iy1ymdpkizgp)  No Limit Texas Hold'em (dealer: ""Dih @ GO72Iwd2XL"") --",2026-10-07T04:22:41.047Z,179134696104700
"Undealt cards:  [Q♦, J♣, 8♣, 3♣, 10♣]",2026-10-07T04:22:36.856Z,179134695685600
"-- ending hand #443 --",2026-10-07T04:22:35.138Z,179134695513801
"""Cam @ eWUSzBpS1d"" collected 1.25 from pot",2026-10-07T04:22:35.138Z,179134695513800
"""jaan @ O6Q78KIRx-"" folds",2026-10-07T04:22:34.247Z,179134695424700
"""Dih @ GO72Iwd2XL"" folds",2026-10-07T04:22:29.890Z,179134694989000
"""rowan @ GthBpPSqaK"" folds",2026-10-07T04:22:29.020Z,179134694902000
"""Cam @ eWUSzBpS1d"" calls 0.50",2026-10-07T04:22:28.102Z,179134694810200
"""jaan @ O6Q78KIRx-"" posts a big blind of 0.50",2026-10-07T04:22:14.083Z,179134693408307
"""Dih @ GO72Iwd2XL"" posts a small blind of 0.25",2026-10-07T04:22:14.083Z,179134693408306
"Your hand is 9♦, A♣",2026-10-07T04:22:14.083Z,179134693408304
"Player stacks: #1 ""Dih @ GO72Iwd2XL"" (190.41) | #2 ""jaan @ O6Q78KIRx-"" (115.98) | #5 ""Cam @ eWUSzBpS1d"" (150.37) | #10 ""rowan @ GthBpPSqaK"" (134.17)",2026-10-07T04:22:14.083Z,179134693408301
"-- starting hand #443 (id: tdygidarmqz2)  No Limit Texas Hold'em (dealer: ""rowan @ GthBpPSqaK"") --",2026-10-07T04:22:14.083Z,179134693408300
"""Dih @ GO72Iwd2XL"" shows a K♠.",2026-10-07T04:22:07.194Z,179134692719400
"""rowan @ GthBpPSqaK"" shows a K♣, Q♠.",2026-10-07T04:22:07.111Z,179134692711100
"-- ending hand #442 --",2026-10-07T04:22:06.682Z,179134692668202
"""rowan @ GthBpPSqaK"" collected 43.74 from pot",2026-10-07T04:22:06.682Z,179134692668201
"Uncalled bet of 90.43 returned to ""rowan @ GthBpPSqaK""",2026-10-07T04:22:06.682Z,179134692668200
"""Dih @ GO72Iwd2XL"" folds",2026-10-07T04:22:05.775Z,179134692577500
"""rowan @ GthBpPSqaK"" bets 90.43 and go all in",2026-10-07T04:21:56.392Z,179134691639200
"Turn: 7♣, 5♦, K♦ [Q♥]",2026-10-07T04:21:51.052Z,179134691105200
"""Dih @ GO72Iwd2XL"" calls 13.12",2026-10-07T04:21:50.173Z,179134691017300
"""rowan @ GthBpPSqaK"" bets 13.12",2026-10-07T04:21:49.282Z,179134690928200
"Flop:  [7♣, 5♦, K♦]",2026-10-07T04:21:46.051Z,179134690605100
"""rowan @ GthBpPSqaK"" calls 8.75",2026-10-07T04:21:45.235Z,179134690523500
"""Dih @ GO72Iwd2XL"" raises to 8.75",2026-10-07T04:21:44.295Z,179134690429500
"""rowan @ GthBpPSqaK"" raises to 3.50",2026-10-07T04:21:41.061Z,179134690106100
"""Cam @ eWUSzBpS1d"" folds",2026-10-07T04:21:37.720Z,179134689772000
"""jaan @ O6Q78KIRx-"" folds",2026-10-07T04:21:36.864Z,179134689686400
"""Dih @ GO72Iwd2XL"" posts a big blind of 0.50",2026-10-07T04:21:35.987Z,179134689598707
"""rowan @ GthBpPSqaK"" posts a small blind of 0.25",2026-10-07T04:21:35.987Z,179134689598706
"Your hand is J♥, 3♣",2026-10-07T04:21:35.987Z,179134689598704
"Player stacks: #1 ""Dih @ GO72Iwd2XL"" (212.28) | #2 ""jaan @ O6Q78KIRx-"" (115.98) | #5 ""Cam @ eWUSzBpS1d"" (150.37) | #10 ""rowan @ GthBpPSqaK"" (112.30)",2026-10-07T04:21:35.987Z,179134689598701
"-- starting hand #442 (id: ggkeeui2iuwz)  No Limit Texas Hold'em (dealer: ""Cam @ eWUSzBpS1d"") --",2026-10-07T04:21:35.987Z,179134689598700
"""Dih @ GO72Iwd2XL"" shows a 3♣.",2026-10-07T04:21:31.594Z,179134689159400
"-- ending hand #441 --",2026-10-07T04:21:29.447Z,179134688944702
"""rowan @ GthBpPSqaK"" collected 49.41 from pot with Three of a Kind, 8's (combination: 7♥, Q♠, 8♠, 8♥, 8♣)",2026-10-07T04:21:29.447Z,179134688944701
"""rowan @ GthBpPSqaK"" shows a 7♥, 8♠.",2026-10-07T04:21:29.447Z,179134688944700
"""jaan @ O6Q78KIRx-"" checks",2026-10-07T04:21:28.587Z,179134688858700
"""rowan @ GthBpPSqaK"" checks",2026-10-07T04:21:25.690Z,179134688569000
"River: Q♠, 8♥, 8♣, 3♦ [5♥]",2026-10-07T04:21:25.087Z,179134688508700
"""rowan @ GthBpPSqaK"" calls 15.02",2026-10-07T04:21:24.280Z,179134688428000
"""jaan @ O6Q78KIRx-"" bets 15.02",2026-10-07T04:21:22.991Z,179134688299100
"""rowan @ GthBpPSqaK"" checks",2026-10-07T04:21:17.087Z,179134687708700
"Turn: Q♠, 8♥, 8♣ [3♦]",2026-10-07T04:21:15.770Z,179134687577000
"""Dih @ GO72Iwd2XL"" folds",2026-10-07T04:21:14.878Z,179134687487800
"""rowan @ GthBpPSqaK"" calls 5.81",2026-10-07T04:21:13.218Z,179134687321800
"""jaan @ O6Q78KIRx-"" bets 5.81",2026-10-07T04:21:12.192Z,179134687219200
"""Dih @ GO72Iwd2XL"" checks",2026-10-07T04:21:08.426Z,179134686842600
"""rowan @ GthBpPSqaK"" checks",2026-10-07T04:21:07.442Z,179134686744200
"Flop:  [Q♠, 8♥, 8♣]",2026-10-07T04:21:06.199Z,179134686619900
"""rowan @ GthBpPSqaK"" calls 2.50",2026-10-07T04:21:05.375Z,179134686537500
"""Cam @ eWUSzBpS1d"" folds",2026-10-07T04:21:04.431Z,179134686443100
"""jaan @ O6Q78KIRx-"" calls 2.50",2026-10-07T04:21:03.592Z,179134686359200
"""Dih @ GO72Iwd2XL"" raises to 2.50",2026-10-07T04:21:02.530Z,179134686253000
"""rowan @ GthBpPSqaK"" posts a big blind of 0.50",2026-10-07T04:21:00.348Z,179134686034807
"""Cam @ eWUSzBpS1d"" posts a small blind of 0.25",2026-10-07T04:21:00.348Z,179134686034806
"Your hand is 6♥, 7♠",2026-10-07T04:21:00.348Z,179134686034804
"Player stacks: #1 ""Dih @ GO72Iwd2XL"" (214.78) | #2 ""jaan @ O6Q78KIRx-"" (139.31) | #5 ""Cam @ eWUSzBpS1d"" (150.62) | #10 ""rowan @ GthBpPSqaK"" (86.22)",2026-10-07T04:21:00.348Z,179134686034801
"-- starting hand #441 (id: wvi7wsse4vml)  No Limit Texas Hold'em (dealer: ""jaan @ O6Q78KIRx-"") --",2026-10-07T04:21:00.348Z,179134686034800
"""rowan @ GthBpPSqaK"" shows a Q♥, A♦.",2026-10-07T04:20:56.102Z,179134685610200
"Undealt cards: 5♣, 5♠, J♠ [3♥, 2♥]",2026-10-07T04:20:53.965Z,179134685396500
"-- ending hand #440 --",2026-10-07T04:20:53.730Z,179134685373002
"""rowan @ GthBpPSqaK"" collected 12.00 from pot",2026-10-07T04:20:53.730Z,179134685373001
"Uncalled bet of 6.00 returned to ""rowan @ GthBpPSqaK""",2026-10-07T04:20:53.730Z,179134685373000
"""Cam @ eWUSzBpS1d"" folds",2026-10-07T04:20:52.905Z,179134685290500
"""jaan @ O6Q78KIRx-"" folds",2026-10-07T04:20:52.067Z,179134685206700
"""Dih @ GO72Iwd2XL"" folds",2026-10-07T04:20:50.892Z,179134685089200
"""rowan @ GthBpPSqaK"" bets 6.00",2026-10-07T04:20:49.837Z,179134684983700
"""Cam @ eWUSzBpS1d"" checks",2026-10-07T04:20:47.403Z,179134684740300
"""jaan @ O6Q78KIRx-"" checks",2026-10-07T04:20:46.548Z,179134684654800
"Flop:  [5♣, 5♠, J♠]",2026-10-07T04:20:45.472Z,179134684547200
"""Cam @ eWUSzBpS1d"" calls 3.00",2026-10-07T04:20:44.652Z,179134684465200
"""jaan @ O6Q78KIRx-"" calls 3.00",2026-10-07T04:20:43.656Z,179134684365600
"""Dih @ GO72Iwd2XL"" calls 3.00",2026-10-07T04:20:42.158Z,179134684215800
"""rowan @ GthBpPSqaK"" raises to 3.00",2026-10-07T04:20:41.081Z,179134684108100
"""Cam @ eWUSzBpS1d"" posts a big blind of 0.50",2026-10-07T04:20:37.507Z,179134683750707
"""jaan @ O6Q78KIRx-"" posts a small blind of 0.25",2026-10-07T04:20:37.507Z,179134683750706
"Your hand is 7♦, 8♦",2026-10-07T04:20:37.507Z,179134683750704
"Player stacks: #1 ""Dih @ GO72Iwd2XL"" (217.78) | #2 ""jaan @ O6Q78KIRx-"" (142.31) | #5 ""Cam @ eWUSzBpS1d"" (153.62) | #10 ""rowan @ GthBpPSqaK"" (77.22)",2026-10-07T04:20:37.507Z,179134683750701
"-- starting hand #440 (id: 7ra3uy0wdnvj)  No Limit Texas Hold'em (dealer: ""Dih @ GO72Iwd2XL"") --",2026-10-07T04:20:37.507Z,179134683750700
"-- ending hand #439 --",2026-10-07T04:20:31.461Z,179134683146102
"""Dih @ GO72Iwd2XL"" collected 12.00 from pot with Two Pair, 9's & 8's (combination: 10♥, 8♦, 8♣, 9♥, 9♦)",2026-10-07T04:20:31.461Z,179134683146101
"""Dih @ GO72Iwd2XL"" shows a 8♦, 5♦.",2026-10-07T04:20:31.461Z,179134683146100
"""Cam @ eWUSzBpS1d"" checks",2026-10-07T04:20:30.635Z,179134683063500
"""Dih @ GO72Iwd2XL"" checks",2026-10-07T04:20:29.778Z,179134682977800
"River: 8♣, 9♥, 10♥, 5♠ [9♦]",2026-10-07T04:20:27.859Z,179134682785900
"""Cam @ eWUSzBpS1d"" checks",2026-10-07T04:20:27.031Z,179134682703100
"""Dih @ GO72Iwd2XL"" checks",2026-10-07T04:20:26.147Z,179134682614700
"Turn: 8♣, 9♥, 10♥ [5♠]",2026-10-07T04:20:24.400Z,179134682440000
"""Dih @ GO72Iwd2XL"" calls 3.00",2026-10-07T04:20:23.536Z,179134682353600
"""Cam @ eWUSzBpS1d"" bets 3.00",2026-10-07T04:20:22.600Z,179134682260000
"""Dih @ GO72Iwd2XL"" checks",2026-10-07T04:20:19.996Z,179134681999600
"Flop:  [8♣, 9♥, 10♥]",2026-10-07T04:20:18.652Z,179134681865200
"""jaan @ O6Q78KIRx-"" folds",2026-10-07T04:20:17.820Z,179134681782000
"""Dih @ GO72Iwd2XL"" calls 2.75",2026-10-07T04:20:16.964Z,179134681696400
"""rowan @ GthBpPSqaK"" folds",2026-10-07T04:20:13.251Z,179134681325100
"""Cam @ eWUSzBpS1d"" raises to 2.75",2026-10-07T04:20:12.355Z,179134681235500
"""jaan @ O6Q78KIRx-"" posts a big blind of 0.50",2026-10-07T04:20:10.094Z,179134681009407
"""Dih @ GO72Iwd2XL"" posts a small blind of 0.25",2026-10-07T04:20:10.094Z,179134681009406
"Your hand is Q♦, A♣",2026-10-07T04:20:10.094Z,179134681009404
"Player stacks: #1 ""Dih @ GO72Iwd2XL"" (211.53) | #2 ""jaan @ O6Q78KIRx-"" (142.81) | #5 ""Cam @ eWUSzBpS1d"" (159.37) | #10 ""rowan @ GthBpPSqaK"" (77.22)",2026-10-07T04:20:10.094Z,179134681009401
"-- starting hand #439 (id: 82mzrgsmuuhq)  No Limit Texas Hold'em (dealer: ""rowan @ GthBpPSqaK"") --",2026-10-07T04:20:10.094Z,179134681009400
"-- ending hand #438 --",2026-10-07T04:20:04.190Z,179134680419002
"""Dih @ GO72Iwd2XL"" collected 0.50 from pot",2026-10-07T04:20:04.190Z,179134680419001
"Uncalled bet of 0.25 returned to ""Dih @ GO72Iwd2XL""",2026-10-07T04:20:04.190Z,179134680419000
"""rowan @ GthBpPSqaK"" folds",2026-10-07T04:20:03.345Z,179134680334500
"""Cam @ eWUSzBpS1d"" folds",2026-10-07T04:20:02.380Z,179134680238000
"""jaan @ O6Q78KIRx-"" folds",2026-10-07T04:20:01.475Z,179134680147500
"""Dih @ GO72Iwd2XL"" posts a big blind of 0.50",2026-10-07T04:20:00.045Z,179134680004507
"""rowan @ GthBpPSqaK"" posts a small blind of 0.25",2026-10-07T04:20:00.045Z,179134680004506
"Your hand is 8♥, 5♣",2026-10-07T04:20:00.045Z,179134680004504
"Player stacks: #1 ""Dih @ GO72Iwd2XL"" (211.28) | #2 ""jaan @ O6Q78KIRx-"" (142.81) | #5 ""Cam @ eWUSzBpS1d"" (159.37) | #10 ""rowan @ GthBpPSqaK"" (77.47)",2026-10-07T04:20:00.045Z,179134680004501
"-- starting hand #438 (id: 1cznljhwdlvp)  No Limit Texas Hold'em (dealer: ""Cam @ eWUSzBpS1d"") --",2026-10-07T04:20:00.045Z,179134680004500
"""rowan @ GthBpPSqaK"" shows a Q♦, Q♣.",2026-10-07T04:19:54.997Z,179134679499700
"Undealt cards: J♣, 7♥, 4♥ [6♥, K♣]",2026-10-07T04:19:54.238Z,179134679423800
"-- ending hand #437 --",2026-10-07T04:19:53.392Z,179134679339202
"""rowan @ GthBpPSqaK"" collected 31.00 from pot",2026-10-07T04:19:53.392Z,179134679339201
"Uncalled bet of 46.47 returned to ""rowan @ GthBpPSqaK""",2026-10-07T04:19:53.392Z,179134679339200
"""jaan @ O6Q78KIRx-"" folds",2026-10-07T04:19:52.578Z,179134679257800
"""Dih @ GO72Iwd2XL"" folds",2026-10-07T04:19:50.077Z,179134679007700
"""rowan @ GthBpPSqaK"" bets 46.47 and go all in",2026-10-07T04:19:48.879Z,179134678887900
"Flop:  [J♣, 7♥, 4♥]",2026-10-07T04:19:46.154Z,179134678615400
"""jaan @ O6Q78KIRx-"" calls 10.25",2026-10-07T04:19:45.339Z,179134678533900
"""Dih @ GO72Iwd2XL"" calls 10.25",2026-10-07T04:19:42.109Z,179134678210900
"""rowan @ GthBpPSqaK"" raises to 10.25",2026-10-07T04:19:41.080Z,179134678108000
"""Cam @ eWUSzBpS1d"" folds",2026-10-07T04:19:38.177Z,179134677817700
"""jaan @ O6Q78KIRx-"" calls 2.50",2026-10-07T04:19:37.295Z,179134677729500
"""Dih @ GO72Iwd2XL"" raises to 2.50",2026-10-07T04:19:24.826Z,179134676482600
"""rowan @ GthBpPSqaK"" posts a big blind of 0.50",2026-10-07T04:19:22.655Z,179134676265507
"""Cam @ eWUSzBpS1d"" posts a small blind of 0.25",2026-10-07T04:19:22.655Z,179134676265506
"Your hand is A♠, 9♥",2026-10-07T04:19:22.655Z,179134676265504
"Player stacks: #1 ""Dih @ GO72Iwd2XL"" (221.53) | #2 ""jaan @ O6Q78KIRx-"" (153.06) | #5 ""Cam @ eWUSzBpS1d"" (159.62) | #10 ""rowan @ GthBpPSqaK"" (56.72)",2026-10-07T04:19:22.655Z,179134676265501
"-- starting hand #437 (id: 9actspwzn9vl)  No Limit Texas Hold'em (dealer: ""jaan @ O6Q78KIRx-"") --",2026-10-07T04:19:22.655Z,179134676265500
"""Cam @ eWUSzBpS1d"" shows a 5♦.",2026-10-07T04:19:19.462Z,179134675946200
"Undealt cards: 3♥, 5♥, Q♠, Q♣ [2♥]",2026-10-07T04:19:16.524Z,179134675652400
"""Dih @ GO72Iwd2XL"" shows a A♦, A♠.",2026-10-07T04:19:15.844Z,179134675584400
"-- ending hand #436 --",2026-10-07T04:19:15.336Z,179134675533602
"""Dih @ GO72Iwd2XL"" collected 12.75 from pot",2026-10-07T04:19:15.336Z,179134675533601
"Uncalled bet of 12.75 returned to ""Dih @ GO72Iwd2XL""",2026-10-07T04:19:15.336Z,179134675533600
"""Cam @ eWUSzBpS1d"" folds",2026-10-07T04:19:14.523Z,179134675452300
"""Dih @ GO72Iwd2XL"" bets 12.75",2026-10-07T04:19:00.663Z,179134674066300
"""Cam @ eWUSzBpS1d"" checks",2026-10-07T04:18:58.551Z,179134673855100
"Turn: 3♥, 5♥, Q♠ [Q♣]",2026-10-07T04:18:57.670Z,179134673767000
"""Cam @ eWUSzBpS1d"" calls 4.25",2026-10-07T04:18:56.824Z,179134673682400
"""Dih @ GO72Iwd2XL"" bets 4.25",2026-10-07T04:18:55.583Z,179134673558300
"""Cam @ eWUSzBpS1d"" checks",2026-10-07T04:18:52.891Z,179134673289100
"Flop:  [3♥, 5♥, Q♠]",2026-10-07T04:18:51.294Z,179134673129400
"""Cam @ eWUSzBpS1d"" calls 2.00",2026-10-07T04:18:50.487Z,179134673048700
"""jaan @ O6Q78KIRx-"" folds",2026-10-07T04:18:49.614Z,179134672961400
"""Dih @ GO72Iwd2XL"" raises to 2.00",2026-10-07T04:18:47.260Z,179134672726000
"""rowan @ GthBpPSqaK"" folds",2026-10-07T04:18:44.960Z,179134672496000
"""Cam @ eWUSzBpS1d"" posts a big blind of 0.50",2026-10-07T04:18:43.262Z,179134672326207
"""jaan @ O6Q78KIRx-"" posts a small blind of 0.25",2026-10-07T04:18:43.262Z,179134672326206
"Your hand is K♦, 5♦",2026-10-07T04:18:43.262Z,179134672326204
"Player stacks: #1 ""Dih @ GO72Iwd2XL"" (215.03) | #2 ""jaan @ O6Q78KIRx-"" (153.31) | #5 ""Cam @ eWUSzBpS1d"" (165.87) | #10 ""rowan @ GthBpPSqaK"" (56.72)",2026-10-07T04:18:43.262Z,179134672326201
"-- starting hand #436 (id: cqbpwwokjgfe)  No Limit Texas Hold'em (dealer: ""Dih @ GO72Iwd2XL"") --",2026-10-07T04:18:43.262Z,179134672326200
"""rowan @ GthBpPSqaK"" shows a J♣.",2026-10-07T04:18:39.536Z,179134671953600
"""Cam @ eWUSzBpS1d"" shows a A♥, 10♣.",2026-10-07T04:18:37.925Z,179134671792500
"Undealt cards: 2♦, 9♠, 10♥, 10♦ [J♠]",2026-10-07T04:18:36.359Z,179134671635900
"""rowan @ GthBpPSqaK"" shows a 9♣.",2026-10-07T04:18:36.347Z,179134671634700
"-- ending hand #435 --",2026-10-07T04:18:35.958Z,179134671595802
"""Cam @ eWUSzBpS1d"" collected 43.49 from pot",2026-10-07T04:18:35.958Z,179134671595801
"Uncalled bet of 122.38 returned to ""Cam @ eWUSzBpS1d""",2026-10-07T04:18:35.958Z,179134671595800
"""rowan @ GthBpPSqaK"" folds",2026-10-07T04:18:35.152Z,179134671515200
"""Cam @ eWUSzBpS1d"" raises to 133.25 and go all in",2026-10-07T04:18:33.156Z,179134671315600
"""rowan @ GthBpPSqaK"" bets 10.87",2026-10-07T04:18:31.382Z,179134671138200
"""Cam @ eWUSzBpS1d"" checks",2026-10-07T04:18:28.369Z,179134670836900
"Turn: 2♦, 9♠, 10♥ [10♦]",2026-10-07T04:18:23.638Z,179134670363800
"""Dih @ GO72Iwd2XL"" folds",2026-10-07T04:18:22.830Z,179134670283000
"""rowan @ GthBpPSqaK"" calls 7.25",2026-10-07T04:18:21.690Z,179134670169000
"""Cam @ eWUSzBpS1d"" bets 7.25",2026-10-07T04:18:20.824Z,179134670082400
"""Dih @ GO72Iwd2XL"" checks",2026-10-07T04:18:17.648Z,179134669764800
"Flop:  [2♦, 9♠, 10♥]",2026-10-07T04:18:16.157Z,179134669615700
"""jaan @ O6Q78KIRx-"" folds",2026-10-07T04:18:15.338Z,179134669533800
"""Dih @ GO72Iwd2XL"" calls 2.25",2026-10-07T04:18:10.930Z,179134669093000
"""rowan @ GthBpPSqaK"" calls 2.25",2026-10-07T04:18:09.101Z,179134668910100
"""Cam @ eWUSzBpS1d"" raises to 2.25",2026-10-07T04:18:07.971Z,179134668797100
"""jaan @ O6Q78KIRx-"" posts a big blind of 0.50",2026-10-07T04:17:59.346Z,179134667934607
"""Dih @ GO72Iwd2XL"" posts a small blind of 0.25",2026-10-07T04:17:59.346Z,179134667934606
"Your hand is A♥, 10♣",2026-10-07T04:17:59.346Z,179134667934604
"Player stacks: #1 ""Dih @ GO72Iwd2XL"" (217.28) | #2 ""jaan @ O6Q78KIRx-"" (153.81) | #5 ""Cam @ eWUSzBpS1d"" (142.75) | #10 ""rowan @ GthBpPSqaK"" (77.09)",2026-10-07T04:17:59.346Z,179134667934601
"-- starting hand #435 (id: d615fs3trjqb)  No Limit Texas Hold'em (dealer: ""rowan @ GthBpPSqaK"") --",2026-10-07T04:17:59.346Z,179134667934600
"-- ending hand #434 --",2026-10-07T04:17:53.339Z,179134667333902
"""rowan @ GthBpPSqaK"" collected 4.00 from pot with Pair, 8's (combination: J♥, Q♠, K♥, 8♣, 8♦)",2026-10-07T04:17:53.339Z,179134667333901
"""rowan @ GthBpPSqaK"" shows a 8♣, 9♠.",2026-10-07T04:17:53.339Z,179134667333900
"""Dih @ GO72Iwd2XL"" checks",2026-10-07T04:17:52.513Z,179134667251300
"""rowan @ GthBpPSqaK"" checks",2026-10-07T04:17:50.533Z,179134667053300
"River: 5♠, K♥, J♥, 8♦ [Q♠]",2026-10-07T04:17:50.209Z,179134667020900
"""Dih @ GO72Iwd2XL"" checks",2026-10-07T04:17:49.381Z,179134666938100
"""rowan @ GthBpPSqaK"" checks",2026-10-07T04:17:48.442Z,179134666844200
"Turn: 5♠, K♥, J♥ [8♦]",2026-10-07T04:17:48.138Z,179134666813800
"""Dih @ GO72Iwd2XL"" checks",2026-10-07T04:17:47.229Z,179134666722900
"""rowan @ GthBpPSqaK"" checks",2026-10-07T04:17:46.289Z,179134666628900
"Flop:  [5♠, K♥, J♥]",2026-10-07T04:17:45.609Z,179134666560900
"""rowan @ GthBpPSqaK"" calls 2.00",2026-10-07T04:17:44.777Z,179134666477700
"""Dih @ GO72Iwd2XL"" raises to 2.00",2026-10-07T04:17:43.880Z,179134666388000
"""rowan @ GthBpPSqaK"" calls 0.50",2026-10-07T04:17:37.963Z,179134665796300
"""Cam @ eWUSzBpS1d"" folds",2026-10-07T04:17:36.711Z,179134665671100
"""jaan @ O6Q78KIRx-"" folds",2026-10-07T04:17:35.863Z,179134665586300
"""Dih @ GO72Iwd2XL"" posts a big blind of 0.50",2026-10-07T04:17:34.745Z,179134665474507
"""rowan @ GthBpPSqaK"" posts a small blind of 0.25",2026-10-07T04:17:34.745Z,179134665474506
"Your hand is 7♦, 8♠",2026-10-07T04:17:34.745Z,179134665474504
"Player stacks: #1 ""Dih @ GO72Iwd2XL"" (219.28) | #2 ""jaan @ O6Q78KIRx-"" (153.81) | #5 ""Cam @ eWUSzBpS1d"" (142.75) | #10 ""rowan @ GthBpPSqaK"" (75.09)",2026-10-07T04:17:34.745Z,179134665474501
"-- starting hand #434 (id: fanllqlkmtre)  No Limit Texas Hold'em (dealer: ""Cam @ eWUSzBpS1d"") --",2026-10-07T04:17:34.745Z,179134665474500
"Undealt cards: 9♥, J♠, 8♣ [7♣, A♣]",2026-10-07T04:17:28.622Z,179134664862200
"""Dih @ GO72Iwd2XL"" shows a 8♠, 6♣.",2026-10-07T04:17:28.609Z,179134664860900
"-- ending hand #433 --",2026-10-07T04:17:28.130Z,179134664813002
"""Dih @ GO72Iwd2XL"" collected 8.00 from pot",2026-10-07T04:17:28.130Z,179134664813001
"Uncalled bet of 8.00 returned to ""Dih @ GO72Iwd2XL""",2026-10-07T04:17:28.130Z,179134664813000
"""Cam @ eWUSzBpS1d"" folds",2026-10-07T04:17:27.303Z,179134664730300
"""jaan @ O6Q78KIRx-"" folds",2026-10-07T04:17:26.472Z,179134664647200
"""Dih @ GO72Iwd2XL"" bets 8.00",2026-10-07T04:17:24.798Z,179134664479800
"""Cam @ eWUSzBpS1d"" checks",2026-10-07T04:17:22.323Z,179134664232300
"Flop:  [9♥, J♠, 8♣]",2026-10-07T04:17:21.143Z,179134664114300
"""rowan @ GthBpPSqaK"" folds",2026-10-07T04:17:20.329Z,179134664032900
"""Cam @ eWUSzBpS1d"" calls 2.50",2026-10-07T04:17:19.434Z,179134663943400
"""jaan @ O6Q78KIRx-"" calls 2.50",2026-10-07T04:17:18.582Z,179134663858200
"""Dih @ GO72Iwd2XL"" raises to 2.50",2026-10-07T04:17:17.461Z,179134663746100
"""rowan @ GthBpPSqaK"" posts a big blind of 0.50",2026-10-07T04:17:14.792Z,179134663479207
"""Cam @ eWUSzBpS1d"" posts a small blind of 0.25",2026-10-07T04:17:14.792Z,179134663479206
"Your hand is 2♥, 2♣",2026-10-07T04:17:14.792Z,179134663479204
"Player stacks: #1 ""Dih @ GO72Iwd2XL"" (213.78) | #2 ""jaan @ O6Q78KIRx-"" (156.31) | #5 ""Cam @ eWUSzBpS1d"" (145.25) | #10 ""rowan @ GthBpPSqaK"" (75.59)",2026-10-07T04:17:14.792Z,179134663479201
"-- starting hand #433 (id: zlu69rlxwxi2)  No Limit Texas Hold'em (dealer: ""jaan @ O6Q78KIRx-"") --",2026-10-07T04:17:14.792Z,179134663479200
"""jaan @ O6Q78KIRx-"" shows a J♠, 10♠.",2026-10-07T04:17:11.476Z,179134663147600
"""Dih @ GO72Iwd2XL"" shows a 10♦, J♦.",2026-10-07T04:17:09.845Z,179134662984500
"Undealt cards: 5♣, K♦, K♥ [3♣, Q♥]",2026-10-07T04:17:09.200Z,179134662920000
"-- ending hand #432 --",2026-10-07T04:17:07.471Z,179134662747102
"""jaan @ O6Q78KIRx-"" collected 14.50 from pot",2026-10-07T04:17:07.471Z,179134662747101
"Uncalled bet of 7.75 returned to ""jaan @ O6Q78KIRx-""",2026-10-07T04:17:07.471Z,179134662747100
"""Dih @ GO72Iwd2XL"" folds",2026-10-07T04:17:06.661Z,179134662666100
"""jaan @ O6Q78KIRx-"" bets 7.75",2026-10-07T04:17:05.329Z,179134662532900
"Flop:  [5♣, K♦, K♥]",2026-10-07T04:16:59.965Z,179134661996500
"""rowan @ GthBpPSqaK"" folds",2026-10-07T04:16:59.084Z,179134661908400
"""Cam @ eWUSzBpS1d"" folds",2026-10-07T04:16:54.229Z,179134661422900
"""jaan @ O6Q78KIRx-"" calls 6.00",2026-10-07T04:16:53.390Z,179134661339000
"""Dih @ GO72Iwd2XL"" raises to 6.00",2026-10-07T04:16:52.530Z,179134661253000
"""rowan @ GthBpPSqaK"" raises to 2.00",2026-10-07T04:16:49.428Z,179134660942800
"""Cam @ eWUSzBpS1d"" posts a big blind of 0.50",2026-10-07T04:16:46.471Z,179134660647107
"""jaan @ O6Q78KIRx-"" posts a small blind of 0.25",2026-10-07T04:16:46.471Z,179134660647106
"Your hand is A♣, 3♦",2026-10-07T04:16:46.471Z,179134660647104
"Player stacks: #1 ""Dih @ GO72Iwd2XL"" (219.78) | #2 ""jaan @ O6Q78KIRx-"" (147.81) | #5 ""Cam @ eWUSzBpS1d"" (145.75) | #10 ""rowan @ GthBpPSqaK"" (77.59)",2026-10-07T04:16:46.471Z,179134660647101
"-- starting hand #432 (id: ky3fk61xyjws)  No Limit Texas Hold'em (dealer: ""Dih @ GO72Iwd2XL"") --",2026-10-07T04:16:46.471Z,179134660647100
"""Dih @ GO72Iwd2XL"" shows a Q♥, 2♠.",2026-10-07T04:16:41.632Z,179134660163200
"Undealt cards: J♦, 5♦, Q♣, 2♣ [10♣]",2026-10-07T04:16:39.657Z,179134659965700
"""jaan @ O6Q78KIRx-"" shows a Q♠, K♦.",2026-10-07T04:16:39.283Z,179134659928300
"-- ending hand #431 --",2026-10-07T04:16:39.155Z,179134659915502
"""jaan @ O6Q78KIRx-"" collected 3.75 from pot",2026-10-07T04:16:39.155Z,179134659915501
"Uncalled bet of 2.81 returned to ""jaan @ O6Q78KIRx-""",2026-10-07T04:16:39.155Z,179134659915500
"""Cam @ eWUSzBpS1d"" folds",2026-10-07T04:16:38.293Z,179134659829300
"""jaan @ O6Q78KIRx-"" bets 2.81",2026-10-07T04:16:37.152Z,179134659715200
"Turn: J♦, 5♦, Q♣ [2♣]",2026-10-07T04:16:35.849Z,179134659584900
"""Cam @ eWUSzBpS1d"" checks",2026-10-07T04:16:35.039Z,179134659503900
"""jaan @ O6Q78KIRx-"" checks",2026-10-07T04:16:34.178Z,179134659417800
"Flop:  [J♦, 5♦, Q♣]",2026-10-07T04:16:32.951Z,179134659295100
"""jaan @ O6Q78KIRx-"" calls 1.75",2026-10-07T04:16:32.054Z,179134659205400
"""Dih @ GO72Iwd2XL"" folds",2026-10-07T04:16:30.672Z,179134659067200
"""rowan @ GthBpPSqaK"" folds",2026-10-07T04:16:29.803Z,179134658980300
"""Cam @ eWUSzBpS1d"" raises to 1.75",2026-10-07T04:16:28.853Z,179134658885300
"""jaan @ O6Q78KIRx-"" posts a big blind of 0.50",2026-10-07T04:16:26.651Z,179134658665107
"""Dih @ GO72Iwd2XL"" posts a small blind of 0.25",2026-10-07T04:16:26.651Z,179134658665106
"Your hand is 6♠, A♠",2026-10-07T04:16:26.651Z,179134658665104
"Player stacks: #1 ""Dih @ GO72Iwd2XL"" (220.03) | #2 ""jaan @ O6Q78KIRx-"" (145.81) | #5 ""Cam @ eWUSzBpS1d"" (147.50) | #10 ""rowan @ GthBpPSqaK"" (77.59)",2026-10-07T04:16:26.651Z,179134658665101
"-- starting hand #431 (id: lt0itzjc4jna)  No Limit Texas Hold'em (dealer: ""rowan @ GthBpPSqaK"") --",2026-10-07T04:16:26.651Z,179134658665100
"""Cam @ eWUSzBpS1d"" shows a 9♣.",2026-10-07T04:16:21.584Z,179134658158400
"""Cam @ eWUSzBpS1d"" shows a K♣.",2026-10-07T04:16:20.894Z,179134658089400
"Undealt cards: 9♠, 10♣, 9♦ [4♥, 4♦]",2026-10-07T04:16:20.326Z,179134658032600
"-- ending hand #430 --",2026-10-07T04:16:20.048Z,179134658004802
"""Cam @ eWUSzBpS1d"" collected 15.75 from pot",2026-10-07T04:16:20.048Z,179134658004801
"Uncalled bet of 7.87 returned to ""Cam @ eWUSzBpS1d""",2026-10-07T04:16:20.048Z,179134658004800
"""Dih @ GO72Iwd2XL"" folds",2026-10-07T04:16:19.244Z,179134657924400
"""Cam @ eWUSzBpS1d"" bets 7.87",2026-10-07T04:16:18.159Z,179134657815900
"""Dih @ GO72Iwd2XL"" checks",2026-10-07T04:16:15.898Z,179134657589800
"Flop:  [9♠, 10♣, 9♦]",2026-10-07T04:16:14.168Z,179134657416800
"""Cam @ eWUSzBpS1d"" calls 7.50",2026-10-07T04:16:13.344Z,179134657334400
"""jaan @ O6Q78KIRx-"" folds",2026-10-07T04:16:12.393Z,179134657239300
"""Dih @ GO72Iwd2XL"" raises to 7.50",2026-10-07T04:16:11.521Z,179134657152100
"""rowan @ GthBpPSqaK"" folds",2026-10-07T04:16:09.481Z,179134656948100
"""Cam @ eWUSzBpS1d"" raises to 2.25",2026-10-07T04:16:08.621Z,179134656862100
"""jaan @ O6Q78KIRx-"" calls 0.50",2026-10-07T04:16:05.839Z,179134656583900
"""Dih @ GO72Iwd2XL"" posts a big blind of 0.50",2026-10-07T04:16:02.816Z,179134656281607
"""rowan @ GthBpPSqaK"" posts a small blind of 0.25",2026-10-07T04:16:02.816Z,179134656281606
"Your hand is 9♣, K♣",2026-10-07T04:16:02.816Z,179134656281604
"Player stacks: #1 ""Dih @ GO72Iwd2XL"" (227.53) | #2 ""jaan @ O6Q78KIRx-"" (146.31) | #5 ""Cam @ eWUSzBpS1d"" (139.25) | #10 ""rowan @ GthBpPSqaK"" (77.84)",2026-10-07T04:16:02.816Z,179134656281601
"-- starting hand #430 (id: cfgs4yvy4y1s)  No Limit Texas Hold'em (dealer: ""Cam @ eWUSzBpS1d"") --",2026-10-07T04:16:02.816Z,179134656281600
"Undealt cards: 8♠, 3♦, 7♥ [9♣, J♥]",2026-10-07T04:15:57.956Z,179134655795600
"""Dih @ GO72Iwd2XL"" shows a K♠, K♦.",2026-10-07T04:15:56.546Z,179134655654600
"-- ending hand #429 --",2026-10-07T04:15:56.191Z,179134655619102
"""Dih @ GO72Iwd2XL"" collected 4.25 from pot",2026-10-07T04:15:56.191Z,179134655619101
"Uncalled bet of 4.25 returned to ""Dih @ GO72Iwd2XL""",2026-10-07T04:15:56.191Z,179134655619100
"""rowan @ GthBpPSqaK"" folds",2026-10-07T04:15:55.313Z,179134655531300
"""Dih @ GO72Iwd2XL"" bets 4.25",2026-10-07T04:15:50.820Z,179134655082000
"""rowan @ GthBpPSqaK"" checks",2026-10-07T04:15:48.575Z,179134654857500
"Flop:  [8♠, 3♦, 7♥]",2026-10-07T04:15:47.509Z,179134654750900
"""rowan @ GthBpPSqaK"" calls 2.00",2026-10-07T04:15:46.695Z,179134654669500
"""Cam @ eWUSzBpS1d"" folds",2026-10-07T04:15:45.809Z,179134654580900
"""jaan @ O6Q78KIRx-"" folds",2026-10-07T04:15:44.936Z,179134654493600
"""Dih @ GO72Iwd2XL"" raises to 2.00",2026-10-07T04:15:43.865Z,179134654386500
"""rowan @ GthBpPSqaK"" posts a big blind of 0.50",2026-10-07T04:15:41.654Z,179134654165407
"""Cam @ eWUSzBpS1d"" posts a small blind of 0.25",2026-10-07T04:15:41.654Z,179134654165406
"Your hand is 2♥, 8♣",2026-10-07T04:15:41.654Z,179134654165404
"Player stacks: #1 ""Dih @ GO72Iwd2XL"" (225.28) | #2 ""jaan @ O6Q78KIRx-"" (146.31) | #5 ""Cam @ eWUSzBpS1d"" (139.50) | #10 ""rowan @ GthBpPSqaK"" (79.84)",2026-10-07T04:15:41.654Z,179134654165401
"-- starting hand #429 (id: xaexeti7zeym)  No Limit Texas Hold'em (dealer: ""jaan @ O6Q78KIRx-"") --",2026-10-07T04:15:41.654Z,179134654165400
"""Dih @ GO72Iwd2XL"" shows a 3♥, 8♥.",2026-10-07T04:15:38.467Z,179134653846700
"Undealt cards:  [7♥, 2♠, A♦, 6♥, Q♥]",2026-10-07T04:15:35.303Z,179134653530300
"-- ending hand #428 --",2026-10-07T04:15:35.015Z,179134653501502
"""Dih @ GO72Iwd2XL"" collected 1.25 from pot",2026-10-07T04:15:35.015Z,179134653501501
"Uncalled bet of 2.00 returned to ""Dih @ GO72Iwd2XL""",2026-10-07T04:15:35.015Z,179134653501500
"""Cam @ eWUSzBpS1d"" folds",2026-10-07T04:15:34.204Z,179134653420400
"""jaan @ O6Q78KIRx-"" folds",2026-10-07T04:15:33.340Z,179134653334000
"""Dih @ GO72Iwd2XL"" raises to 2.50",2026-10-07T04:15:30.848Z,179134653084800
"""rowan @ GthBpPSqaK"" folds",2026-10-07T04:15:28.692Z,179134652869200
"""Cam @ eWUSzBpS1d"" posts a big blind of 0.50",2026-10-07T04:15:27.244Z,179134652724407
"""jaan @ O6Q78KIRx-"" posts a small blind of 0.25",2026-10-07T04:15:27.244Z,179134652724406
"Your hand is 7♦, J♥",2026-10-07T04:15:27.244Z,179134652724404
"Player stacks: #1 ""Dih @ GO72Iwd2XL"" (224.53) | #2 ""jaan @ O6Q78KIRx-"" (146.56) | #5 ""Cam @ eWUSzBpS1d"" (140.00) | #10 ""rowan @ GthBpPSqaK"" (79.84)",2026-10-07T04:15:27.244Z,179134652724401
"-- starting hand #428 (id: ogfhkhsg963p)  No Limit Texas Hold'em (dealer: ""Dih @ GO72Iwd2XL"") --",2026-10-07T04:15:27.244Z,179134652724400
"Undealt cards:  [10♦, 6♦, 2♠, 4♠, K♣]",2026-10-07T04:15:21.904Z,179134652190400
"-- ending hand #427 --",2026-10-07T04:15:21.287Z,179134652128702
"""Dih @ GO72Iwd2XL"" collected 1.00 from pot",2026-10-07T04:15:21.287Z,179134652128701
"Uncalled bet of 2.00 returned to ""Dih @ GO72Iwd2XL""",2026-10-07T04:15:21.287Z,179134652128700
"""jaan @ O6Q78KIRx-"" folds",2026-10-07T04:15:20.481Z,179134652048100
"""Dih @ GO72Iwd2XL"" raises to 2.50",2026-10-07T04:15:19.647Z,179134651964700
"""rowan @ GthBpPSqaK"" folds",2026-10-07T04:15:16.884Z,179134651688400
"""Cam @ eWUSzBpS1d"" folds",2026-10-07T04:15:15.986Z,179134651598600
"""jaan @ O6Q78KIRx-"" posts a big blind of 0.50",2026-10-07T04:15:14.075Z,179134651407507
"""Dih @ GO72Iwd2XL"" posts a small blind of 0.25",2026-10-07T04:15:14.075Z,179134651407506
"Your hand is 10♥, 5♥",2026-10-07T04:15:14.075Z,179134651407504
"Player stacks: #1 ""Dih @ GO72Iwd2XL"" (224.03) | #2 ""jaan @ O6Q78KIRx-"" (147.06) | #5 ""Cam @ eWUSzBpS1d"" (140.00) | #10 ""rowan @ GthBpPSqaK"" (79.84)",2026-10-07T04:15:14.075Z,179134651407501
"-- starting hand #427 (id: 8qosy0pnodwj)  No Limit Texas Hold'em (dealer: ""rowan @ GthBpPSqaK"") --",2026-10-07T04:15:14.075Z,179134651407500
"-- ending hand #426 --",2026-10-07T04:15:08.155Z,179134650815501
"""jaan @ O6Q78KIRx-"" collected 1.25 from pot",2026-10-07T04:15:08.155Z,179134650815500
"""Dih @ GO72Iwd2XL"" folds",2026-10-07T04:15:07.281Z,179134650728100
"Flop:  [10♥, A♥, 6♦]",2026-10-07T04:15:05.152Z,179134650515200
"""Dih @ GO72Iwd2XL"" checks",2026-10-07T04:15:04.252Z,179134650425200
"""rowan @ GthBpPSqaK"" folds",2026-10-07T04:15:02.406Z,179134650240600
"""Cam @ eWUSzBpS1d"" folds",2026-10-07T04:15:01.411Z,179134650141100
"""jaan @ O6Q78KIRx-"" calls 0.50",2026-10-07T04:15:00.405Z,179134650040500
"""Dih @ GO72Iwd2XL"" posts a big blind of 0.50",2026-10-07T04:14:59.097Z,179134649909707
"""rowan @ GthBpPSqaK"" posts a small blind of 0.25",2026-10-07T04:14:59.097Z,179134649909706
"Your hand is Q♣, 7♥",2026-10-07T04:14:59.097Z,179134649909704
"Player stacks: #1 ""Dih @ GO72Iwd2XL"" (224.53) | #2 ""jaan @ O6Q78KIRx-"" (146.31) | #5 ""Cam @ eWUSzBpS1d"" (140.00) | #10 ""rowan @ GthBpPSqaK"" (80.09)",2026-10-07T04:14:59.097Z,179134649909701
"-- starting hand #426 (id: bh65uck69uoy)  No Limit Texas Hold'em (dealer: ""Cam @ eWUSzBpS1d"") --",2026-10-07T04:14:59.097Z,179134649909700
"""rowan @ GthBpPSqaK"" shows a K♠, 8♦.",2026-10-07T04:14:53.877Z,179134649387700
"-- ending hand #425 --",2026-10-07T04:14:52.550Z,179134649255002
"""Dih @ GO72Iwd2XL"" collected 18.75 from pot with Two Pair, 8's & 6's (combination: J♥, 6♠, 6♦, 8♥, 8♠)",2026-10-07T04:14:52.550Z,179134649255001
"""Dih @ GO72Iwd2XL"" shows a 8♥, 6♠.",2026-10-07T04:14:52.550Z,179134649255000
"""rowan @ GthBpPSqaK"" calls 6.75",2026-10-07T04:14:51.693Z,179134649169300
"""Dih @ GO72Iwd2XL"" raises to 6.75",2026-10-07T04:14:49.429Z,179134648942900
"""rowan @ GthBpPSqaK"" bets 0.50",2026-10-07T04:14:47.305Z,179134648730500
"River: 10♦, 2♥, J♥, 8♠ [6♦]",2026-10-07T04:14:45.888Z,179134648588800
"""Dih @ GO72Iwd2XL"" calls 0.50",2026-10-07T04:14:45.083Z,179134648508300
"""rowan @ GthBpPSqaK"" bets 0.50",2026-10-07T04:14:43.947Z,179134648394700
"Turn: 10♦, 2♥, J♥ [8♠]",2026-10-07T04:14:42.547Z,179134648254700
"""Dih @ GO72Iwd2XL"" checks",2026-10-07T04:14:41.699Z,179134648169900
"""rowan @ GthBpPSqaK"" checks",2026-10-07T04:14:39.709Z,179134647970900
"Flop:  [10♦, 2♥, J♥]",2026-10-07T04:14:38.682Z,179134647868200
"""rowan @ GthBpPSqaK"" calls 2.00",2026-10-07T04:14:37.823Z,179134647782300
"""Cam @ eWUSzBpS1d"" folds",2026-10-07T04:14:36.967Z,179134647696700
"""jaan @ O6Q78KIRx-"" folds",2026-10-07T04:14:36.108Z,179134647610800
"""Dih @ GO72Iwd2XL"" raises to 2.00",2026-10-07T04:14:34.631Z,179134647463100
"""rowan @ GthBpPSqaK"" posts a big blind of 0.50",2026-10-07T04:14:32.137Z,179134647213707
"""Cam @ eWUSzBpS1d"" posts a small blind of 0.25",2026-10-07T04:14:32.137Z,179134647213706
"Your hand is K♦, 2♠",2026-10-07T04:14:32.137Z,179134647213704
"Player stacks: #1 ""Dih @ GO72Iwd2XL"" (215.03) | #2 ""jaan @ O6Q78KIRx-"" (146.31) | #5 ""Cam @ eWUSzBpS1d"" (140.25) | #10 ""rowan @ GthBpPSqaK"" (89.34)",2026-10-07T04:14:32.137Z,179134647213701
"-- starting hand #425 (id: kv9iwxkuvm9h)  No Limit Texas Hold'em (dealer: ""jaan @ O6Q78KIRx-"") --",2026-10-07T04:14:32.137Z,179134647213700
"-- ending hand #424 --",2026-10-07T04:14:26.134Z,179134646613403
"""Dih @ GO72Iwd2XL"" collected 4.50 from pot with Pair, 7's (combination: 9♠, J♣, Q♥, 7♦, 7♥)",2026-10-07T04:14:26.134Z,179134646613402
"""Dih @ GO72Iwd2XL"" shows a 7♦, 9♠.",2026-10-07T04:14:26.134Z,179134646613401
"""jaan @ O6Q78KIRx-"" shows a 3♦, K♦.",2026-10-07T04:14:26.134Z,179134646613400
"""Dih @ GO72Iwd2XL"" checks",2026-10-07T04:14:25.322Z,179134646532200
"""jaan @ O6Q78KIRx-"" checks",2026-10-07T04:14:24.385Z,179134646438500
"River: J♣, Q♥, 2♥, 6♠ [7♥]",2026-10-07T04:14:23.674Z,179134646367400
"""Dih @ GO72Iwd2XL"" checks",2026-10-07T04:14:22.791Z,179134646279100
"""jaan @ O6Q78KIRx-"" checks",2026-10-07T04:14:21.930Z,179134646193000
"Turn: J♣, Q♥, 2♥ [6♠]",2026-10-07T04:14:21.274Z,179134646127400
"""Dih @ GO72Iwd2XL"" checks",2026-10-07T04:14:20.464Z,179134646046400
"""jaan @ O6Q78KIRx-"" checks",2026-10-07T04:14:19.226Z,179134645922600
"Flop:  [J♣, Q♥, 2♥]",2026-10-07T04:14:18.384Z,179134645838400
"""Cam @ eWUSzBpS1d"" folds",2026-10-07T04:14:17.570Z,179134645757000
"""jaan @ O6Q78KIRx-"" calls 2.00",2026-10-07T04:14:16.636Z,179134645663600
"""Dih @ GO72Iwd2XL"" raises to 2.00",2026-10-07T04:14:15.315Z,179134645531500
"""rowan @ GthBpPSqaK"" folds",2026-10-07T04:14:13.178Z,179134645317800
"""Cam @ eWUSzBpS1d"" posts a big blind of 0.50",2026-10-07T04:14:11.982Z,179134645198207
"""jaan @ O6Q78KIRx-"" posts a small blind of 0.25",2026-10-07T04:14:11.982Z,179134645198206
"Your hand is 4♠, 6♥",2026-10-07T04:14:11.982Z,179134645198204
"Player stacks: #1 ""Dih @ GO72Iwd2XL"" (212.53) | #2 ""jaan @ O6Q78KIRx-"" (148.31) | #5 ""Cam @ eWUSzBpS1d"" (140.75) | #10 ""rowan @ GthBpPSqaK"" (89.34)",2026-10-07T04:14:11.982Z,179134645198201
"-- starting hand #424 (id: hfmc8umazdh5)  No Limit Texas Hold'em (dealer: ""Dih @ GO72Iwd2XL"") --",2026-10-07T04:14:11.982Z,179134645198200
"""rowan @ GthBpPSqaK"" shows a J♥, 3♥.",2026-10-07T04:14:07.810Z,179134644781000
"Undealt cards: J♣, K♠, A♣ [A♦, Q♠]",2026-10-07T04:14:05.623Z,179134644562300
"-- ending hand #423 --",2026-10-07T04:14:05.376Z,179134644537602
"""rowan @ GthBpPSqaK"" collected 1.75 from pot",2026-10-07T04:14:05.376Z,179134644537601
"Uncalled bet of 0.50 returned to ""rowan @ GthBpPSqaK""",2026-10-07T04:14:05.376Z,179134644537600
"""Cam @ eWUSzBpS1d"" folds",2026-10-07T04:14:04.554Z,179134644455400
"""jaan @ O6Q78KIRx-"" folds",2026-10-07T04:14:03.656Z,179134644365600
"""rowan @ GthBpPSqaK"" bets 0.50",2026-10-07T04:14:02.211Z,179134644221100
"""Cam @ eWUSzBpS1d"" checks",2026-10-07T04:14:00.730Z,179134644073000
"""jaan @ O6Q78KIRx-"" checks",2026-10-07T04:13:59.868Z,179134643986800
"Flop:  [J♣, K♠, A♣]",2026-10-07T04:13:58.918Z,179134643891800
"""jaan @ O6Q78KIRx-"" checks",2026-10-07T04:13:58.106Z,179134643810600
"""Dih @ GO72Iwd2XL"" folds",2026-10-07T04:13:57.248Z,179134643724800
"""rowan @ GthBpPSqaK"" calls 0.50",2026-10-07T04:13:55.044Z,179134643504400
"""Cam @ eWUSzBpS1d"" calls 0.50",2026-10-07T04:13:53.835Z,179134643383500
"""jaan @ O6Q78KIRx-"" posts a big blind of 0.50",2026-10-07T04:13:52.558Z,179134643255807
"""Dih @ GO72Iwd2XL"" posts a small blind of 0.25",2026-10-07T04:13:52.558Z,179134643255806
"Your hand is 7♠, 8♦",2026-10-07T04:13:52.558Z,179134643255804
"Player stacks: #1 ""Dih @ GO72Iwd2XL"" (212.78) | #2 ""jaan @ O6Q78KIRx-"" (148.81) | #5 ""Cam @ eWUSzBpS1d"" (141.25) | #10 ""rowan @ GthBpPSqaK"" (88.09)",2026-10-07T04:13:52.558Z,179134643255801
"-- starting hand #423 (id: 68od1vovsejk)  No Limit Texas Hold'em (dealer: ""rowan @ GthBpPSqaK"") --",2026-10-07T04:13:52.558Z,179134643255800
"-- ending hand #422 --",2026-10-07T04:13:46.549Z,179134642654904
"""rowan @ GthBpPSqaK"" collected 11.75 from pot with Straight, 9 High (combination: 5♦, 6♦, 7♣, 8♥, 9♣)",2026-10-07T04:13:46.549Z,179134642654903
"""Dih @ GO72Iwd2XL"" collected 11.75 from pot with Straight, 9 High (combination: 5♦, 6♦, 7♣, 8♥, 9♣)",2026-10-07T04:13:46.549Z,179134642654902
"""Dih @ GO72Iwd2XL"" shows a J♥, A♠.",2026-10-07T04:13:46.549Z,179134642654901
"""rowan @ GthBpPSqaK"" shows a K♥, 7♥.",2026-10-07T04:13:46.549Z,179134642654900
"""Dih @ GO72Iwd2XL"" checks",2026-10-07T04:13:45.717Z,179134642571700
"""rowan @ GthBpPSqaK"" checks",2026-10-07T04:13:44.753Z,179134642475300
"River: 5♦, 7♣, 9♣, 8♥ [6♦]",2026-10-07T04:13:35.104Z,179134641510400
"""Dih @ GO72Iwd2XL"" calls 0.50",2026-10-07T04:13:34.297Z,179134641429700
"""rowan @ GthBpPSqaK"" bets 0.50",2026-10-07T04:13:26.346Z,179134640634600
"Turn: 5♦, 7♣, 9♣ [8♥]",2026-10-07T04:13:14.498Z,179134639449800
"""rowan @ GthBpPSqaK"" calls 7.50",2026-10-07T04:13:13.688Z,179134639368800
"""jaan @ O6Q78KIRx-"" folds",2026-10-07T04:13:12.830Z,179134639283000
"""Dih @ GO72Iwd2XL"" bets 7.50",2026-10-07T04:13:11.366Z,179134639136600
"""rowan @ GthBpPSqaK"" checks",2026-10-07T04:13:08.438Z,179134638843800
"Flop:  [5♦, 7♣, 9♣]",2026-10-07T04:13:06.957Z,179134638695700
"""rowan @ GthBpPSqaK"" calls 2.50",2026-10-07T04:13:06.121Z,179134638612100
"""jaan @ O6Q78KIRx-"" calls 2.50",2026-10-07T04:13:05.248Z,179134638524800
"""Dih @ GO72Iwd2XL"" raises to 2.50",2026-10-07T04:13:04.380Z,179134638438000
"""rowan @ GthBpPSqaK"" calls 0.50",2026-10-07T04:13:01.969Z,179134638196900
"""Cam @ eWUSzBpS1d"" folds",2026-10-07T04:12:59.694Z,179134637969400
"""jaan @ O6Q78KIRx-"" calls 0.50",2026-10-07T04:12:58.854Z,179134637885400
"""Dih @ GO72Iwd2XL"" posts a big blind of 0.50",2026-10-07T04:12:58.065Z,179134637806507
"""rowan @ GthBpPSqaK"" posts a small blind of 0.25",2026-10-07T04:12:58.065Z,179134637806506
"Your hand is 4♥, Q♣",2026-10-07T04:12:58.065Z,179134637806504
"Player stacks: #1 ""Dih @ GO72Iwd2XL"" (211.53) | #2 ""jaan @ O6Q78KIRx-"" (151.31) | #5 ""Cam @ eWUSzBpS1d"" (141.25) | #10 ""rowan @ GthBpPSqaK"" (86.84)",2026-10-07T04:12:58.065Z,179134637806501
"-- starting hand #422 (id: vh6urpbwss1o)  No Limit Texas Hold'em (dealer: ""Cam @ eWUSzBpS1d"") --",2026-10-07T04:12:58.065Z,179134637806500
"""rowan @ GthBpPSqaK"" shows a 4♦, 5♥.",2026-10-07T04:12:55.828Z,179134637582800
"""Cam @ eWUSzBpS1d"" shows a Q♦.",2026-10-07T04:12:54.878Z,179134637487800
"-- ending hand #421 --",2026-10-07T04:12:53.735Z,179134637373501
"""Cam @ eWUSzBpS1d"" collected 5.00 from pot",2026-10-07T04:12:53.735Z,179134637373500
"""rowan @ GthBpPSqaK"" folds",2026-10-07T04:12:52.884Z,179134637288400
"""Cam @ eWUSzBpS1d"" checks",2026-10-07T04:12:51.568Z,179134637156800
"River: 7♠, 2♦, 8♣, A♠ [10♠]",2026-10-07T04:12:51.263Z,179134637126300
"""rowan @ GthBpPSqaK"" checks",2026-10-07T04:12:50.416Z,179134637041600
"""Cam @ eWUSzBpS1d"" checks",2026-10-07T04:12:49.446Z,179134636944600
"Turn: 7♠, 2♦, 8♣ [A♠]",2026-10-07T04:12:48.463Z,179134636846300
"""rowan @ GthBpPSqaK"" checks",2026-10-07T04:12:47.628Z,179134636762800
"""Cam @ eWUSzBpS1d"" checks",2026-10-07T04:12:46.255Z,179134636625500
"Flop:  [7♠, 2♦, 8♣]",2026-10-07T04:12:45.069Z,179134636506900
"""rowan @ GthBpPSqaK"" calls 2.50",2026-10-07T04:12:44.242Z,179134636424200
"""Cam @ eWUSzBpS1d"" raises to 2.50",2026-10-07T04:12:43.318Z,179134636331800
"""jaan @ O6Q78KIRx-"" folds",2026-10-07T04:12:39.620Z,179134635962000
"""Dih @ GO72Iwd2XL"" folds",2026-10-07T04:12:38.765Z,179134635876500
"""rowan @ GthBpPSqaK"" posts a big blind of 0.50",2026-10-07T04:12:37.362Z,179134635736207
"""Cam @ eWUSzBpS1d"" posts a small blind of 0.25",2026-10-07T04:12:37.362Z,179134635736206
"Your hand is Q♦, J♦",2026-10-07T04:12:37.362Z,179134635736204
"Player stacks: #1 ""Dih @ GO72Iwd2XL"" (211.53) | #2 ""jaan @ O6Q78KIRx-"" (151.31) | #5 ""Cam @ eWUSzBpS1d"" (138.75) | #10 ""rowan @ GthBpPSqaK"" (89.34)",2026-10-07T04:12:37.362Z,179134635736201
"-- starting hand #421 (id: yn6dvy1fedin)  No Limit Texas Hold'em (dealer: ""jaan @ O6Q78KIRx-"") --",2026-10-07T04:12:37.362Z,179134635736200
"""Dih @ GO72Iwd2XL"" shows a 3♥, 3♦.",2026-10-07T04:12:31.964Z,179134635196400
"""Cam @ eWUSzBpS1d"" shows a 6♣.",2026-10-07T04:12:31.744Z,179134635174400
"""Cam @ eWUSzBpS1d"" shows a 2♣.",2026-10-07T04:12:31.418Z,179134635141800
"-- ending hand #420 --",2026-10-07T04:12:30.358Z,179134635035802
"""rowan @ GthBpPSqaK"" collected 32.50 from pot with Two Pair, 8's & 5's (combination: K♣, 5♥, 5♣, 8♥, 8♣)",2026-10-07T04:12:30.358Z,179134635035801
"""rowan @ GthBpPSqaK"" shows a 8♥, K♣.",2026-10-07T04:12:30.358Z,179134635035800
"""Cam @ eWUSzBpS1d"" calls 0.50",2026-10-07T04:12:29.539Z,179134634953900
"""Dih @ GO72Iwd2XL"" calls 0.50",2026-10-07T04:12:25.464Z,179134634546400
"""rowan @ GthBpPSqaK"" bets 0.50",2026-10-07T04:12:24.505Z,179134634450500
"""Cam @ eWUSzBpS1d"" checks",2026-10-07T04:12:22.110Z,179134634211000
"River: 8♣, 4♥, 2♦, 5♥ [5♣]",2026-10-07T04:12:21.034Z,179134634103400
"""Cam @ eWUSzBpS1d"" calls 7.75",2026-10-07T04:12:20.230Z,179134634023000
"""Dih @ GO72Iwd2XL"" calls 7.75",2026-10-07T04:12:17.096Z,179134633709600
"""rowan @ GthBpPSqaK"" bets 7.75",2026-10-07T04:12:16.048Z,179134633604800
"""Cam @ eWUSzBpS1d"" checks",2026-10-07T04:12:13.485Z,179134633348500
"Turn: 8♣, 4♥, 2♦ [5♥]",2026-10-07T04:12:12.746Z,179134633274600
"""Dih @ GO72Iwd2XL"" checks",2026-10-07T04:12:11.864Z,179134633186400
"""rowan @ GthBpPSqaK"" checks",2026-10-07T04:12:10.716Z,179134633071600
"""Cam @ eWUSzBpS1d"" checks",2026-10-07T04:12:09.740Z,179134632974000
"Flop:  [8♣, 4♥, 2♦]",2026-10-07T04:12:08.427Z,179134632842700
"""rowan @ GthBpPSqaK"" calls 2.50",2026-10-07T04:12:07.585Z,179134632758500
"""Cam @ eWUSzBpS1d"" calls 2.50",2026-10-07T04:12:06.655Z,179134632665500
"""jaan @ O6Q78KIRx-"" folds",2026-10-07T04:12:05.773Z,179134632577300
"""Dih @ GO72Iwd2XL"" raises to 2.50",2026-10-07T04:12:04.897Z,179134632489700
"""rowan @ GthBpPSqaK"" calls 0.50",2026-10-07T04:12:02.365Z,179134632236500
"""Cam @ eWUSzBpS1d"" posts a big blind of 0.50",2026-10-07T04:12:00.855Z,179134632085507
"""jaan @ O6Q78KIRx-"" posts a small blind of 0.25",2026-10-07T04:12:00.855Z,179134632085506
"Your hand is 2♣, 6♣",2026-10-07T04:12:00.855Z,179134632085504
"Player stacks: #1 ""Dih @ GO72Iwd2XL"" (222.28) | #2 ""jaan @ O6Q78KIRx-"" (151.56) | #5 ""Cam @ eWUSzBpS1d"" (149.50) | #10 ""rowan @ GthBpPSqaK"" (67.59)",2026-10-07T04:12:00.855Z,179134632085501
"-- starting hand #420 (id: kkqw24otprkx)  No Limit Texas Hold'em (dealer: ""Dih @ GO72Iwd2XL"") --",2026-10-07T04:12:00.855Z,179134632085500
"""rowan @ GthBpPSqaK"" shows a 3♠, 6♠.",2026-10-07T04:11:57.764Z,179134631776400
"-- ending hand #419 --",2026-10-07T04:11:57.250Z,179134631725002
"""rowan @ GthBpPSqaK"" collected 15.00 from pot",2026-10-07T04:11:57.250Z,179134631725001
"Uncalled bet of 11.25 returned to ""rowan @ GthBpPSqaK""",2026-10-07T04:11:57.250Z,179134631725000
"""Dih @ GO72Iwd2XL"" folds",2026-10-07T04:11:56.397Z,179134631639700
"""rowan @ GthBpPSqaK"" bets 11.25",2026-10-07T04:11:55.354Z,179134631535400
"""Dih @ GO72Iwd2XL"" checks",2026-10-07T04:11:52.433Z,179134631243300
"River: K♠, 9♠, 4♣, 3♣ [A♠]",2026-10-07T04:11:50.717Z,179134631071700
"""rowan @ GthBpPSqaK"" calls 4.50",2026-10-07T04:11:49.896Z,179134630989600
"""jaan @ O6Q78KIRx-"" folds",2026-10-07T04:11:48.988Z,179134630898800
"""Dih @ GO72Iwd2XL"" bets 4.50",2026-10-07T04:11:48.117Z,179134630811700
"Turn: K♠, 9♠, 4♣ [3♣]",2026-10-07T04:11:44.918Z,179134630491800
"""rowan @ GthBpPSqaK"" checks",2026-10-07T04:11:44.115Z,179134630411500
"""jaan @ O6Q78KIRx-"" checks",2026-10-07T04:11:43.271Z,179134630327100
"""Dih @ GO72Iwd2XL"" checks",2026-10-07T04:11:42.417Z,179134630241700
"Flop:  [K♠, 9♠, 4♣]",2026-10-07T04:11:41.073Z,179134630107300
"""rowan @ GthBpPSqaK"" calls 2.00",2026-10-07T04:11:40.254Z,179134630025400
"""jaan @ O6Q78KIRx-"" calls 2.00",2026-10-07T04:11:39.375Z,179134629937500
"""Dih @ GO72Iwd2XL"" raises to 2.00",2026-10-07T04:11:38.298Z,179134629829800
"""rowan @ GthBpPSqaK"" calls 0.50",2026-10-07T04:11:36.030Z,179134629603000
"""Cam @ eWUSzBpS1d"" folds",2026-10-07T04:11:35.148Z,179134629514800
"""jaan @ O6Q78KIRx-"" posts a big blind of 0.50",2026-10-07T04:11:33.733Z,179134629373307
"""Dih @ GO72Iwd2XL"" posts a small blind of 0.25",2026-10-07T04:11:33.733Z,179134629373306
"Your hand is 2♦, 10♥",2026-10-07T04:11:33.733Z,179134629373304
"Player stacks: #1 ""Dih @ GO72Iwd2XL"" (228.78) | #2 ""jaan @ O6Q78KIRx-"" (153.56) | #5 ""Cam @ eWUSzBpS1d"" (149.50) | #10 ""rowan @ GthBpPSqaK"" (59.09)",2026-10-07T04:11:33.733Z,179134629373301
"-- starting hand #419 (id: nesxgo3fwx8y)  No Limit Texas Hold'em (dealer: ""rowan @ GthBpPSqaK"") --",2026-10-07T04:11:33.733Z,179134629373300
"""rowan @ GthBpPSqaK"" shows a 2♠, 3♠.",2026-10-07T04:11:31.454Z,179134629145400
"-- ending hand #418 --",2026-10-07T04:11:30.129Z,179134629012902
"""jaan @ O6Q78KIRx-"" collected 67.00 from pot",2026-10-07T04:11:30.129Z,179134629012901
"Uncalled bet of 50.25 returned to ""jaan @ O6Q78KIRx-""",2026-10-07T04:11:30.129Z,179134629012900
"""Dih @ GO72Iwd2XL"" folds",2026-10-07T04:11:29.317Z,179134628931700
"""jaan @ O6Q78KIRx-"" raises to 50.75",2026-10-07T04:11:27.626Z,179134628762600
"""Dih @ GO72Iwd2XL"" bets 0.50",2026-10-07T04:11:23.996Z,179134628399600
"River: 2♥, 6♦, 4♠, 6♣ [10♥]",2026-10-07T04:11:15.549Z,179134627554900
"""jaan @ O6Q78KIRx-"" checks",2026-10-07T04:11:14.716Z,179134627471600
"""Dih @ GO72Iwd2XL"" checks",2026-10-07T04:11:00.829Z,179134626082900
"Turn: 2♥, 6♦, 4♠ [6♣]",2026-10-07T04:10:56.707Z,179134625670700
"""jaan @ O6Q78KIRx-"" calls 16.50",2026-10-07T04:10:55.898Z,179134625589800
"""Dih @ GO72Iwd2XL"" bets 16.50",2026-10-07T04:10:53.653Z,179134625365300
"Flop:  [2♥, 6♦, 4♠]",2026-10-07T04:10:50.453Z,179134625045300
"""rowan @ GthBpPSqaK"" folds",2026-10-07T04:10:49.522Z,179134624952200
"""Cam @ eWUSzBpS1d"" folds",2026-10-07T04:10:48.679Z,179134624867900
"""jaan @ O6Q78KIRx-"" calls 13.75",2026-10-07T04:10:47.745Z,179134624774500
"""Dih @ GO72Iwd2XL"" raises to 13.75",2026-10-07T04:10:46.426Z,179134624642600
"""rowan @ GthBpPSqaK"" calls 2.75",2026-10-07T04:10:36.091Z,179134623609100
"""Cam @ eWUSzBpS1d"" calls 2.75",2026-10-07T04:10:34.887Z,179134623488700
"""jaan @ O6Q78KIRx-"" raises to 2.75",2026-10-07T04:10:32.530Z,179134623253000
"""Dih @ GO72Iwd2XL"" posts a big blind of 0.50",2026-10-07T04:10:29.813Z,179134622981307
"""rowan @ GthBpPSqaK"" posts a small blind of 0.25",2026-10-07T04:10:29.813Z,179134622981306
"Your hand is J♠, 7♠",2026-10-07T04:10:29.813Z,179134622981304
"Player stacks: #1 ""Dih @ GO72Iwd2XL"" (259.53) | #2 ""jaan @ O6Q78KIRx-"" (117.31) | #5 ""Cam @ eWUSzBpS1d"" (152.25) | #10 ""rowan @ GthBpPSqaK"" (61.84)",2026-10-07T04:10:29.813Z,179134622981301
"-- starting hand #418 (id: 6flkkc5hd8if)  No Limit Texas Hold'em (dealer: ""Cam @ eWUSzBpS1d"") --",2026-10-07T04:10:29.813Z,179134622981300
"Undealt cards: 7♥, 5♥, 4♦, 2♠ [9♠]",2026-10-07T04:10:24.609Z,179134622460900
"-- ending hand #417 --",2026-10-07T04:10:23.806Z,179134622380602
"""jaan @ O6Q78KIRx-"" collected 30.75 from pot",2026-10-07T04:10:23.806Z,179134622380601
"Uncalled bet of 23.06 returned to ""jaan @ O6Q78KIRx-""",2026-10-07T04:10:23.806Z,179134622380600
"""Dih @ GO72Iwd2XL"" folds",2026-10-07T04:10:22.986Z,179134622298600
"""jaan @ O6Q78KIRx-"" bets 23.06",2026-10-07T04:10:21.036Z,179134622103600
"""Dih @ GO72Iwd2XL"" checks",2026-10-07T04:10:18.951Z,179134621895100
"Turn: 7♥, 5♥, 4♦ [2♠]",2026-10-07T04:10:17.658Z,179134621765800
"""Dih @ GO72Iwd2XL"" calls 10.25",2026-10-07T04:10:16.850Z,179134621685000
"""jaan @ O6Q78KIRx-"" bets 10.25",2026-10-07T04:10:15.398Z,179134621539800
"""Dih @ GO72Iwd2XL"" checks",2026-10-07T04:10:13.599Z,179134621359900
"Flop:  [7♥, 5♥, 4♦]",2026-10-07T04:10:12.058Z,179134621205800
"""Dih @ GO72Iwd2XL"" calls 4.75",2026-10-07T04:10:11.255Z,179134621125500
"""rowan @ GthBpPSqaK"" folds",2026-10-07T04:10:10.310Z,179134621031000
"""Cam @ eWUSzBpS1d"" folds",2026-10-07T04:10:09.427Z,179134620942700
"""jaan @ O6Q78KIRx-"" raises to 4.75",2026-10-07T04:10:08.510Z,179134620851000
"""Dih @ GO72Iwd2XL"" calls 0.50",2026-10-07T04:10:05.201Z,179134620520100
"""rowan @ GthBpPSqaK"" posts a big blind of 0.50",2026-10-07T04:10:01.816Z,179134620181607
"""Cam @ eWUSzBpS1d"" posts a small blind of 0.25",2026-10-07T04:10:01.816Z,179134620181606
"Your hand is 4♣, 6♥",2026-10-07T04:10:01.816Z,179134620181604
"Player stacks: #1 ""Dih @ GO72Iwd2XL"" (274.53) | #2 ""jaan @ O6Q78KIRx-"" (101.56) | #5 ""Cam @ eWUSzBpS1d"" (152.50) | #10 ""rowan @ GthBpPSqaK"" (62.34)",2026-10-07T04:10:01.816Z,179134620181601
"-- starting hand #417 (id: 6gksyzoxpvak)  No Limit Texas Hold'em (dealer: ""jaan @ O6Q78KIRx-"") --",2026-10-07T04:10:01.816Z,179134620181600
"""Cam @ eWUSzBpS1d"" shows a 6♦.",2026-10-07T04:09:58.874Z,179134619887400
"""Dih @ GO72Iwd2XL"" shows a A♦, 6♥.",2026-10-07T04:09:56.131Z,179134619613100
"""rowan @ GthBpPSqaK"" shows a K♣.",2026-10-07T04:09:55.906Z,179134619590600
"""rowan @ GthBpPSqaK"" shows a 9♥.",2026-10-07T04:09:55.280Z,179134619528000
"Undealt cards: K♦, 8♦, 7♣, 5♦ [6♠]",2026-10-07T04:09:54.068Z,179134619406800
"-- ending hand #416 --",2026-10-07T04:09:53.773Z,179134619377302
"""Cam @ eWUSzBpS1d"" collected 6.75 from pot",2026-10-07T04:09:53.773Z,179134619377301
"Uncalled bet of 6.75 returned to ""Cam @ eWUSzBpS1d""",2026-10-07T04:09:53.773Z,179134619377300
"""rowan @ GthBpPSqaK"" folds",2026-10-07T04:09:52.963Z,179134619296300
"""Cam @ eWUSzBpS1d"" bets 6.75",2026-10-07T04:09:35.239Z,179134617523900
"Turn: K♦, 8♦, 7♣ [5♦]",2026-10-07T04:09:33.902Z,179134617390200
"""rowan @ GthBpPSqaK"" calls 2.75",2026-10-07T04:09:33.095Z,179134617309500
"""Cam @ eWUSzBpS1d"" raises to 2.75",2026-10-07T04:09:31.705Z,179134617170500
"""rowan @ GthBpPSqaK"" bets 0.50",2026-10-07T04:09:30.056Z,179134617005600
"""Cam @ eWUSzBpS1d"" checks",2026-10-07T04:09:28.778Z,179134616877800
"Flop:  [K♦, 8♦, 7♣]",2026-10-07T04:09:28.131Z,179134616813100
"""Cam @ eWUSzBpS1d"" checks",2026-10-07T04:09:27.327Z,179134616732700
"""jaan @ O6Q78KIRx-"" folds",2026-10-07T04:09:26.498Z,179134616649800
"""Dih @ GO72Iwd2XL"" folds",2026-10-07T04:09:25.583Z,179134616558300
"""rowan @ GthBpPSqaK"" calls 0.50",2026-10-07T04:09:23.583Z,179134616358300
"""Cam @ eWUSzBpS1d"" posts a big blind of 0.50",2026-10-07T04:09:22.458Z,179134616245807
"""jaan @ O6Q78KIRx-"" posts a small blind of 0.25",2026-10-07T04:09:22.458Z,179134616245806
"Your hand is 2♦, 6♦",2026-10-07T04:09:22.458Z,179134616245804
"Player stacks: #1 ""Dih @ GO72Iwd2XL"" (274.53) | #2 ""jaan @ O6Q78KIRx-"" (101.81) | #5 ""Cam @ eWUSzBpS1d"" (149.00) | #10 ""rowan @ GthBpPSqaK"" (65.59)",2026-10-07T04:09:22.458Z,179134616245801
"-- starting hand #416 (id: 3t9b7ojnhsbv)  No Limit Texas Hold'em (dealer: ""Dih @ GO72Iwd2XL"") --",2026-10-07T04:09:22.458Z,179134616245800
"""Cam @ eWUSzBpS1d"" shows a J♣.",2026-10-07T04:09:17.627Z,179134615762700
"""Cam @ eWUSzBpS1d"" shows a Q♦.",2026-10-07T04:09:16.986Z,179134615698600
"""jaan @ O6Q78KIRx-"" shows a J♥, 4♦.",2026-10-07T04:09:16.151Z,179134615615100
"Undealt cards: 2♥, 6♦, J♦, 9♣ [A♥]",2026-10-07T04:09:15.382Z,179134615538200
"-- ending hand #415 --",2026-10-07T04:09:15.144Z,179134615514402
"""Cam @ eWUSzBpS1d"" collected 14.25 from pot",2026-10-07T04:09:15.144Z,179134615514401
"Uncalled bet of 7.12 returned to ""Cam @ eWUSzBpS1d""",2026-10-07T04:09:15.144Z,179134615514400
"""jaan @ O6Q78KIRx-"" folds",2026-10-07T04:09:14.340Z,179134615434000
"""Cam @ eWUSzBpS1d"" bets 7.12",2026-10-07T04:09:10.117Z,179134615011700
"""jaan @ O6Q78KIRx-"" checks",2026-10-07T04:09:07.764Z,179134614776400
"Turn: 2♥, 6♦, J♦ [9♣]",2026-10-07T04:09:07.297Z,179134614729700
"""jaan @ O6Q78KIRx-"" calls 4.75",2026-10-07T04:09:06.484Z,179134614648400
"""Cam @ eWUSzBpS1d"" bets 4.75",2026-10-07T04:09:04.627Z,179134614462700
"""jaan @ O6Q78KIRx-"" checks",2026-10-07T04:09:02.751Z,179134614275100
"Flop:  [2♥, 6♦, J♦]",2026-10-07T04:09:02.224Z,179134614222400
"""jaan @ O6Q78KIRx-"" calls 2.25",2026-10-07T04:09:01.365Z,179134614136500
"""Dih @ GO72Iwd2XL"" folds",2026-10-07T04:09:00.453Z,179134614045300
"""rowan @ GthBpPSqaK"" folds",2026-10-07T04:08:59.493Z,179134613949300
"""Cam @ eWUSzBpS1d"" raises to 2.25",2026-10-07T04:08:58.619Z,179134613861900
"""jaan @ O6Q78KIRx-"" posts a big blind of 0.50",2026-10-07T04:08:56.276Z,179134613627607
"""Dih @ GO72Iwd2XL"" posts a small blind of 0.25",2026-10-07T04:08:56.276Z,179134613627606
"Your hand is Q♦, J♣",2026-10-07T04:08:56.276Z,179134613627604
"Player stacks: #1 ""Dih @ GO72Iwd2XL"" (274.78) | #2 ""jaan @ O6Q78KIRx-"" (108.81) | #5 ""Cam @ eWUSzBpS1d"" (141.75) | #10 ""rowan @ GthBpPSqaK"" (65.59)",2026-10-07T04:08:56.276Z,179134613627601
"-- starting hand #415 (id: fuwaovgkugt1)  No Limit Texas Hold'em (dealer: ""rowan @ GthBpPSqaK"") --",2026-10-07T04:08:56.276Z,179134613627600
"""Cam @ eWUSzBpS1d"" shows a 7♠, 5♦.",2026-10-07T04:08:51.250Z,179134613125000
"""Dih @ GO72Iwd2XL"" shows a 2♠, 4♠.",2026-10-07T04:08:51.082Z,179134613108200
"Undealt cards:  [6♦, 3♣, A♥, 5♥, Q♥]",2026-10-07T04:08:49.148Z,179134612914800
"-- ending hand #414 --",2026-10-07T04:08:48.969Z,179134612896902
"""Dih @ GO72Iwd2XL"" collected 6.75 from pot",2026-10-07T04:08:48.969Z,179134612896901
"Uncalled bet of 6.75 returned to ""Dih @ GO72Iwd2XL""",2026-10-07T04:08:48.969Z,179134612896900
"""rowan @ GthBpPSqaK"" folds",2026-10-07T04:08:48.133Z,179134612813300
"""Cam @ eWUSzBpS1d"" folds",2026-10-07T04:08:47.024Z,179134612702400
"""Dih @ GO72Iwd2XL"" raises to 9.00",2026-10-07T04:08:44.650Z,179134612465000
"""rowan @ GthBpPSqaK"" calls 2.25",2026-10-07T04:08:42.514Z,179134612251400
"""Cam @ eWUSzBpS1d"" raises to 2.25",2026-10-07T04:08:40.591Z,179134612059100
"""jaan @ O6Q78KIRx-"" folds",2026-10-07T04:08:38.166Z,179134611816600
"""Dih @ GO72Iwd2XL"" posts a big blind of 0.50",2026-10-07T04:08:37.160Z,179134611716007
"""rowan @ GthBpPSqaK"" posts a small blind of 0.25",2026-10-07T04:08:37.160Z,179134611716006
"Your hand is 7♠, 5♦",2026-10-07T04:08:37.160Z,179134611716004
"Player stacks: #1 ""Dih @ GO72Iwd2XL"" (270.28) | #2 ""jaan @ O6Q78KIRx-"" (108.81) | #5 ""Cam @ eWUSzBpS1d"" (144.00) | #10 ""rowan @ GthBpPSqaK"" (67.84)",2026-10-07T04:08:37.160Z,179134611716001
"-- starting hand #414 (id: ytzeydn3mru5)  No Limit Texas Hold'em (dealer: ""Cam @ eWUSzBpS1d"") --",2026-10-07T04:08:37.160Z,179134611716000
"""rowan @ GthBpPSqaK"" shows a 6♠, 10♠.",2026-10-07T04:08:32.695Z,179134611269500
"Undealt cards: 9♠, 5♠, 5♦, 3♣ [2♣]",2026-10-07T04:08:32.013Z,179134611201300
"-- ending hand #413 --",2026-10-07T04:08:30.549Z,179134611054902
"""jaan @ O6Q78KIRx-"" collected 20.00 from pot",2026-10-07T04:08:30.549Z,179134611054901
"Uncalled bet of 15.00 returned to ""jaan @ O6Q78KIRx-""",2026-10-07T04:08:30.549Z,179134611054900
"""rowan @ GthBpPSqaK"" folds",2026-10-07T04:08:29.676Z,179134610967600
"""jaan @ O6Q78KIRx-"" bets 15.00",2026-10-07T04:08:28.314Z,179134610831400
"""rowan @ GthBpPSqaK"" checks",2026-10-07T04:08:24.132Z,179134610413200
"Turn: 9♠, 5♠, 5♦ [3♣]",2026-10-07T04:08:19.339Z,179134609933900
"""Dih @ GO72Iwd2XL"" folds",2026-10-07T04:08:18.519Z,179134609851900
"""rowan @ GthBpPSqaK"" calls 6.00",2026-10-07T04:08:15.775Z,179134609577500
"""Cam @ eWUSzBpS1d"" folds",2026-10-07T04:08:14.926Z,179134609492600
"""jaan @ O6Q78KIRx-"" bets 6.00",2026-10-07T04:08:13.570Z,179134609357000
"""Dih @ GO72Iwd2XL"" checks",2026-10-07T04:08:11.247Z,179134609124700
"""rowan @ GthBpPSqaK"" checks",2026-10-07T04:08:09.819Z,179134608981900
"""Cam @ eWUSzBpS1d"" checks",2026-10-07T04:08:08.798Z,179134608879800
"Flop:  [9♠, 5♠, 5♦]",2026-10-07T04:08:07.449Z,179134608744900
"""rowan @ GthBpPSqaK"" calls 2.00",2026-10-07T04:08:06.610Z,179134608661000
"""Cam @ eWUSzBpS1d"" calls 2.00",2026-10-07T04:08:05.680Z,179134608568000
"""jaan @ O6Q78KIRx-"" calls 2.00",2026-10-07T04:08:04.745Z,179134608474500
"""Dih @ GO72Iwd2XL"" raises to 2.00",2026-10-07T04:08:03.834Z,179134608383400
"""rowan @ GthBpPSqaK"" posts a big blind of 0.50",2026-10-07T04:07:55.897Z,179134607589707
"""Cam @ eWUSzBpS1d"" posts a small blind of 0.25",2026-10-07T04:07:55.897Z,179134607589706
"Your hand is 8♣, 7♥",2026-10-07T04:07:55.897Z,179134607589704
"Player stacks: #1 ""Dih @ GO72Iwd2XL"" (272.28) | #2 ""jaan @ O6Q78KIRx-"" (96.81) | #5 ""Cam @ eWUSzBpS1d"" (146.00) | #10 ""rowan @ GthBpPSqaK"" (75.84)",2026-10-07T04:07:55.897Z,179134607589701
"-- starting hand #413 (id: b4ftjd1gmxls)  No Limit Texas Hold'em (dealer: ""jaan @ O6Q78KIRx-"") --",2026-10-07T04:07:55.897Z,179134607589700
"""rowan @ GthBpPSqaK"" shows a 4♦, 4♥.",2026-10-07T04:07:51.176Z,179134607117600
"-- ending hand #412 --",2026-10-07T04:07:49.295Z,179134606929502
"""jaan @ O6Q78KIRx-"" collected 1.50 from pot with Two Pair, K's & 9's (combination: Q♦, 9♦, 9♣, K♦, K♠)",2026-10-07T04:07:49.295Z,179134606929501
"""jaan @ O6Q78KIRx-"" shows a 8♠, Q♦.",2026-10-07T04:07:49.295Z,179134606929500
"""rowan @ GthBpPSqaK"" checks",2026-10-07T04:07:48.475Z,179134606847500
"""Cam @ eWUSzBpS1d"" checks",2026-10-07T04:07:47.426Z,179134606742600
"""jaan @ O6Q78KIRx-"" checks",2026-10-07T04:07:46.378Z,179134606637800
"River: 9♦, K♦, K♠, 7♣ [9♣]",2026-10-07T04:07:46.290Z,179134606629000
"""rowan @ GthBpPSqaK"" checks",2026-10-07T04:07:45.395Z,179134606539500
"""Cam @ eWUSzBpS1d"" checks",2026-10-07T04:07:44.524Z,179134606452400
"""jaan @ O6Q78KIRx-"" checks",2026-10-07T04:07:43.418Z,179134606341800
"Turn: 9♦, K♦, K♠ [7♣]",2026-10-07T04:07:43.291Z,179134606329100
"""rowan @ GthBpPSqaK"" checks",2026-10-07T04:07:42.412Z,179134606241200
"""Cam @ eWUSzBpS1d"" checks",2026-10-07T04:07:41.315Z,179134606131500
"""jaan @ O6Q78KIRx-"" checks",2026-10-07T04:07:40.451Z,179134606045100
"Flop:  [9♦, K♦, K♠]",2026-10-07T04:07:39.722Z,179134605972200
"""Cam @ eWUSzBpS1d"" checks",2026-10-07T04:07:38.915Z,179134605891500
"""jaan @ O6Q78KIRx-"" calls 0.50",2026-10-07T04:07:38.080Z,179134605808000
"""Dih @ GO72Iwd2XL"" folds",2026-10-07T04:07:37.019Z,179134605701900
"""rowan @ GthBpPSqaK"" calls 0.50",2026-10-07T04:07:35.799Z,179134605579900
"""Cam @ eWUSzBpS1d"" posts a big blind of 0.50",2026-10-07T04:07:33.959Z,179134605395907
"""jaan @ O6Q78KIRx-"" posts a small blind of 0.25",2026-10-07T04:07:33.959Z,179134605395906
"Your hand is 2♠, J♠",2026-10-07T04:07:33.959Z,179134605395904
"Player stacks: #1 ""Dih @ GO72Iwd2XL"" (272.28) | #2 ""jaan @ O6Q78KIRx-"" (95.81) | #5 ""Cam @ eWUSzBpS1d"" (146.50) | #10 ""rowan @ GthBpPSqaK"" (76.34)",2026-10-07T04:07:33.959Z,179134605395901
"-- starting hand #412 (id: etygpovle2jk)  No Limit Texas Hold'em (dealer: ""Dih @ GO72Iwd2XL"") --",2026-10-07T04:07:33.959Z,179134605395900
"""rowan @ GthBpPSqaK"" shows a 6♣, Q♣.",2026-10-07T04:07:28.792Z,179134604879200
"Undealt cards:  [7♣, 7♥, 5♥, 2♣, 9♣]",2026-10-07T04:07:28.007Z,179134604800700
"-- ending hand #411 --",2026-10-07T04:07:27.349Z,179134604734902
"""Dih @ GO72Iwd2XL"" collected 7.25 from pot",2026-10-07T04:07:27.349Z,179134604734901
"Uncalled bet of 7.25 returned to ""Dih @ GO72Iwd2XL""",2026-10-07T04:07:27.349Z,179134604734900
"""rowan @ GthBpPSqaK"" folds",2026-10-07T04:07:26.516Z,179134604651600
"""Cam @ eWUSzBpS1d"" folds",2026-10-07T04:07:25.332Z,179134604533200
"""jaan @ O6Q78KIRx-"" folds",2026-10-07T04:07:24.502Z,179134604450200
"""Dih @ GO72Iwd2XL"" raises to 9.50",2026-10-07T04:07:23.591Z,179134604359100
"""rowan @ GthBpPSqaK"" calls 2.25",2026-10-07T04:07:21.017Z,179134604101700
"""Cam @ eWUSzBpS1d"" raises to 2.25",2026-10-07T04:07:19.891Z,179134603989100
"""jaan @ O6Q78KIRx-"" posts a big blind of 0.50",2026-10-07T04:07:17.103Z,179134603710307
"""Dih @ GO72Iwd2XL"" posts a small blind of 0.25",2026-10-07T04:07:17.103Z,179134603710306
"Your hand is 9♥, A♣",2026-10-07T04:07:17.103Z,179134603710304
"Player stacks: #1 ""Dih @ GO72Iwd2XL"" (267.28) | #2 ""jaan @ O6Q78KIRx-"" (96.31) | #5 ""Cam @ eWUSzBpS1d"" (148.75) | #10 ""rowan @ GthBpPSqaK"" (78.59)",2026-10-07T04:07:17.103Z,179134603710301
"-- starting hand #411 (id: l7hoawvszotk)  No Limit Texas Hold'em (dealer: ""rowan @ GthBpPSqaK"") --",2026-10-07T04:07:17.103Z,179134603710300
"-- ending hand #410 --",2026-10-07T04:07:11.090Z,179134603109001
"""rowan @ GthBpPSqaK"" collected 78.59 from pot with Four of a Kind, 10's (combination: Q♥, 10♠, 10♣, 10♦, 10♥)",2026-10-07T04:07:11.090Z,179134603109000
"River: 9♠, 10♦, 10♥, Q♥ [7♠]",2026-10-07T04:07:07.082Z,179134602708200
"Turn: 9♠, 10♦, 10♥ [Q♥]",2026-10-07T04:07:03.076Z,179134602307600
"Flop:  [9♠, 10♦, 10♥]",2026-10-07T04:06:59.029Z,179134601902900
"""rowan @ GthBpPSqaK"" shows a 10♣.",2026-10-07T04:06:54.992Z,179134601499201
"""Dih @ GO72Iwd2XL"" shows a 3♣, 2♠.",2026-10-07T04:06:54.992Z,179134601499200
"""rowan @ GthBpPSqaK"" shows a 10♠.",2026-10-07T04:06:54.646Z,179134601464600
"Some players choose to not run it twice.",2026-10-07T04:06:54.170Z,179134601417001
"""Dih @ GO72Iwd2XL"" chooses to not run it twice.",2026-10-07T04:06:54.170Z,179134601417000
"Remaining players decide whether to run it twice.",2026-10-07T04:06:53.445Z,179134601344501
"""Dih @ GO72Iwd2XL"" calls 37.92",2026-10-07T04:06:53.445Z,179134601344500
"""rowan @ GthBpPSqaK"" raises to 37.92 and go all in",2026-10-07T04:06:52.549Z,179134601254900
"""Cam @ eWUSzBpS1d"" folds",2026-10-07T04:06:50.417Z,179134601041700
"""jaan @ O6Q78KIRx-"" folds",2026-10-07T04:06:49.555Z,179134600955500
"""Dih @ GO72Iwd2XL"" raises to 26.00",2026-10-07T04:06:48.642Z,179134600864200
"""rowan @ GthBpPSqaK"" raises to 7.75",2026-10-07T04:06:43.544Z,179134600354400
"""Cam @ eWUSzBpS1d"" raises to 2.25",2026-10-07T04:06:40.741Z,179134600074100
"""jaan @ O6Q78KIRx-"" calls 0.50",2026-10-07T04:06:38.449Z,179134599844900
"""Dih @ GO72Iwd2XL"" posts a big blind of 0.50",2026-10-07T04:06:37.582Z,179134599758207
"""rowan @ GthBpPSqaK"" posts a small blind of 0.25",2026-10-07T04:06:37.582Z,179134599758206
"Your hand is A♥, 5♦",2026-10-07T04:06:37.582Z,179134599758204
"Player stacks: #1 ""Dih @ GO72Iwd2XL"" (305.20) | #2 ""jaan @ O6Q78KIRx-"" (96.81) | #5 ""Cam @ eWUSzBpS1d"" (151.00) | #10 ""rowan @ GthBpPSqaK"" (37.92)",2026-10-07T04:06:37.582Z,179134599758201
"-- starting hand #410 (id: r1at1o5xz9xc)  No Limit Texas Hold'em (dealer: ""Cam @ eWUSzBpS1d"") --",2026-10-07T04:06:37.582Z,179134599758200
"""rowan @ GthBpPSqaK"" shows a 3♠, 7♥.",2026-10-07T04:06:33.826Z,179134599382600
"""Cam @ eWUSzBpS1d"" shows a K♥, 8♠.",2026-10-07T04:06:31.852Z,179134599185200
"Undealt cards:  [7♠, 5♣, K♣, 8♣, K♠]",2026-10-07T04:06:31.128Z,179134599112800
"-- ending hand #409 --",2026-10-07T04:06:30.230Z,179134599023002
"""Cam @ eWUSzBpS1d"" collected 1.50 from pot",2026-10-07T04:06:30.230Z,179134599023001
"Uncalled bet of 2.00 returned to ""Cam @ eWUSzBpS1d""",2026-10-07T04:06:30.230Z,179134599023000
"""jaan @ O6Q78KIRx-"" folds",2026-10-07T04:06:29.419Z,179134598941900
"""rowan @ GthBpPSqaK"" folds",2026-10-07T04:06:28.535Z,179134598853500
"""Cam @ eWUSzBpS1d"" raises to 2.50",2026-10-07T04:06:27.412Z,179134598741200
"""jaan @ O6Q78KIRx-"" calls 0.50",2026-10-07T04:06:24.856Z,179134598485600
"""Dih @ GO72Iwd2XL"" folds",2026-10-07T04:06:24.020Z,179134598402000
"""rowan @ GthBpPSqaK"" posts a big blind of 0.50",2026-10-07T04:06:22.985Z,179134598298507
"""Cam @ eWUSzBpS1d"" posts a small blind of 0.25",2026-10-07T04:06:22.985Z,179134598298506
"Your hand is K♥, 8♠",2026-10-07T04:06:22.985Z,179134598298504
"Player stacks: #1 ""Dih @ GO72Iwd2XL"" (305.20) | #2 ""jaan @ O6Q78KIRx-"" (97.31) | #5 ""Cam @ eWUSzBpS1d"" (150.00) | #10 ""rowan @ GthBpPSqaK"" (38.42)",2026-10-07T04:06:22.985Z,179134598298501
"-- starting hand #409 (id: vbxklg3sdvfp)  No Limit Texas Hold'em (dealer: ""jaan @ O6Q78KIRx-"") --",2026-10-07T04:06:22.985Z,179134598298500
"""Dih @ GO72Iwd2XL"" shows a 7♠, 4♦.",2026-10-07T04:06:18.551Z,179134597855100
"""jaan @ O6Q78KIRx-"" shows a 9♥.",2026-10-07T04:06:17.787Z,179134597778700
"""Cam @ eWUSzBpS1d"" shows a 8♠, 8♦.",2026-10-07T04:06:16.176Z,179134597617600
"Undealt cards:  [7♥, 9♠, 4♠, 3♥, 7♦]",2026-10-07T04:06:15.479Z,179134597547900
"-- ending hand #408 --",2026-10-07T04:06:14.972Z,179134597497202
"""Cam @ eWUSzBpS1d"" collected 1.00 from pot",2026-10-07T04:06:14.972Z,179134597497201
"Uncalled bet of 2.00 returned to ""Cam @ eWUSzBpS1d""",2026-10-07T04:06:14.972Z,179134597497200
"""jaan @ O6Q78KIRx-"" folds",2026-10-07T04:06:14.161Z,179134597416100
"""Cam @ eWUSzBpS1d"" raises to 2.50",2026-10-07T04:06:12.980Z,179134597298000
"""jaan @ O6Q78KIRx-"" calls 0.50",2026-10-07T04:06:09.343Z,179134596934300
"""Dih @ GO72Iwd2XL"" folds",2026-10-07T04:06:08.153Z,179134596815300
"""rowan @ GthBpPSqaK"" folds",2026-10-07T04:06:05.522Z,179134596552200
"""Cam @ eWUSzBpS1d"" posts a big blind of 0.50",2026-10-07T04:06:04.354Z,179134596435407
"""jaan @ O6Q78KIRx-"" posts a small blind of 0.25",2026-10-07T04:06:04.354Z,179134596435406
"Your hand is 8♠, 8♦",2026-10-07T04:06:04.354Z,179134596435404
"Player stacks: #1 ""Dih @ GO72Iwd2XL"" (305.20) | #2 ""jaan @ O6Q78KIRx-"" (97.81) | #5 ""Cam @ eWUSzBpS1d"" (149.50) | #10 ""rowan @ GthBpPSqaK"" (38.42)",2026-10-07T04:06:04.354Z,179134596435401
"-- starting hand #408 (id: dj11amfh2e9e)  No Limit Texas Hold'em (dealer: ""Dih @ GO72Iwd2XL"") --",2026-10-07T04:06:04.354Z,179134596435400
"Undealt cards: 6♠, Q♠, A♣ [7♣, 10♣]",2026-10-07T04:06:02.019Z,179134596201900
"""rowan @ GthBpPSqaK"" shows a 5♣, 4♣.",2026-10-07T04:05:58.793Z,179134595879300
"-- ending hand #407 --",2026-10-07T04:05:57.643Z,179134595764302
"""jaan @ O6Q78KIRx-"" collected 3.75 from pot",2026-10-07T04:05:57.643Z,179134595764301
"Uncalled bet of 2.81 returned to ""jaan @ O6Q78KIRx-""",2026-10-07T04:05:57.643Z,179134595764300
"""rowan @ GthBpPSqaK"" folds",2026-10-07T04:05:56.824Z,179134595682400
"""jaan @ O6Q78KIRx-"" bets 2.81",2026-10-07T04:05:55.935Z,179134595593500
"Flop:  [6♠, Q♠, A♣]",2026-10-07T04:05:52.654Z,179134595265400
"""rowan @ GthBpPSqaK"" calls 1.75",2026-10-07T04:05:51.848Z,179134595184800
"""jaan @ O6Q78KIRx-"" raises to 1.75",2026-10-07T04:05:50.545Z,179134595054500
"""Dih @ GO72Iwd2XL"" folds",2026-10-07T04:05:48.687Z,179134594868700
"""rowan @ GthBpPSqaK"" calls 0.50",2026-10-07T04:05:47.791Z,179134594779100
"""Cam @ eWUSzBpS1d"" folds",2026-10-07T04:05:46.009Z,179134594600900
"""jaan @ O6Q78KIRx-"" posts a big blind of 0.50",2026-10-07T04:05:45.015Z,179134594501507
"""Dih @ GO72Iwd2XL"" posts a small blind of 0.25",2026-10-07T04:05:45.015Z,179134594501506
"Your hand is J♦, 7♠",2026-10-07T04:05:45.015Z,179134594501504
"Player stacks: #1 ""Dih @ GO72Iwd2XL"" (305.45) | #2 ""jaan @ O6Q78KIRx-"" (95.81) | #5 ""Cam @ eWUSzBpS1d"" (149.50) | #10 ""rowan @ GthBpPSqaK"" (40.17)",2026-10-07T04:05:45.015Z,179134594501501
"-- starting hand #407 (id: hvdareobmygm)  No Limit Texas Hold'em (dealer: ""rowan @ GthBpPSqaK"") --",2026-10-07T04:05:45.015Z,179134594501500
"Undealt cards: K♥, 8♠, 8♦ [J♦, 3♦]",2026-10-07T04:05:39.297Z,179134593929700
"-- ending hand #406 --",2026-10-07T04:05:39.075Z,179134593907502
"""Cam @ eWUSzBpS1d"" collected 21.00 from pot",2026-10-07T04:05:39.075Z,179134593907501
"Uncalled bet of 15.75 returned to ""Cam @ eWUSzBpS1d""",2026-10-07T04:05:39.075Z,179134593907500
"""Dih @ GO72Iwd2XL"" folds",2026-10-07T04:05:38.199Z,179134593819900
"""rowan @ GthBpPSqaK"" folds",2026-10-07T04:05:37.345Z,179134593734500
"""Cam @ eWUSzBpS1d"" bets 15.75",2026-10-07T04:05:35.382Z,179134593538200
"""Dih @ GO72Iwd2XL"" checks",2026-10-07T04:05:30.372Z,179134593037200
"""rowan @ GthBpPSqaK"" checks",2026-10-07T04:05:28.799Z,179134592879900
"Flop:  [K♥, 8♠, 8♦]",2026-10-07T04:05:24.861Z,179134592486100
"""Cam @ eWUSzBpS1d"" calls 7.00",2026-10-07T04:05:24.003Z,179134592400300
"""Dih @ GO72Iwd2XL"" calls 7.00",2026-10-07T04:05:23.035Z,179134592303500
"""rowan @ GthBpPSqaK"" raises to 7.00",2026-10-07T04:05:22.165Z,179134592216500
"""Cam @ eWUSzBpS1d"" raises to 2.25",2026-10-07T04:05:19.352Z,179134591935200
"""jaan @ O6Q78KIRx-"" folds",2026-10-07T04:05:16.346Z,179134591634600
"""Dih @ GO72Iwd2XL"" posts a big blind of 0.50",2026-10-07T04:05:15.071Z,179134591507107
"""rowan @ GthBpPSqaK"" posts a small blind of 0.25",2026-10-07T04:05:15.071Z,179134591507106
"Your hand is 5♥, 5♠",2026-10-07T04:05:15.071Z,179134591507104
"Player stacks: #1 ""Dih @ GO72Iwd2XL"" (312.45) | #2 ""jaan @ O6Q78KIRx-"" (95.81) | #5 ""Cam @ eWUSzBpS1d"" (135.50) | #10 ""rowan @ GthBpPSqaK"" (47.17)",2026-10-07T04:05:15.071Z,179134591507101
"-- starting hand #406 (id: kl0shlfpxuri)  No Limit Texas Hold'em (dealer: ""Cam @ eWUSzBpS1d"") --",2026-10-07T04:05:15.071Z,179134591507100
"""Dih @ GO72Iwd2XL"" collected 3.00 from the 7-2 bounty",2026-10-07T04:05:12.139Z,179134591213903
"""Cam @ eWUSzBpS1d"" paid 1.00 for the 7-2 bounty to ""Dih @ GO72Iwd2XL""",2026-10-07T04:05:12.139Z,179134591213902
"""jaan @ O6Q78KIRx-"" paid 1.00 for the 7-2 bounty to ""Dih @ GO72Iwd2XL""",2026-10-07T04:05:12.139Z,179134591213901
"""rowan @ GthBpPSqaK"" paid 1.00 for the 7-2 bounty to ""Dih @ GO72Iwd2XL""",2026-10-07T04:05:12.139Z,179134591213900
"""rowan @ GthBpPSqaK"" shows a 6♦, 8♥.",2026-10-07T04:05:06.502Z,179134590650200
"""jaan @ O6Q78KIRx-"" shows a 7♦, 2♦.",2026-10-07T04:05:06.042Z,179134590604200
"Undealt cards: 8♣, K♠, A♥ [6♣, K♦]",2026-10-07T04:05:04.519Z,179134590451900
"""Dih @ GO72Iwd2XL"" shows a 2♣, 7♠.",2026-10-07T04:05:04.500Z,179134590450000
"-- ending hand #405 --",2026-10-07T04:05:04.125Z,179134590412502
"""Dih @ GO72Iwd2XL"" collected 12.00 from pot",2026-10-07T04:05:04.125Z,179134590412501
"Uncalled bet of 12.00 returned to ""Dih @ GO72Iwd2XL""",2026-10-07T04:05:04.125Z,179134590412500
"""rowan @ GthBpPSqaK"" folds",2026-10-07T04:05:03.222Z,179134590322200
"""Cam @ eWUSzBpS1d"" folds",2026-10-07T04:05:02.330Z,179134590233000
"""jaan @ O6Q78KIRx-"" folds",2026-10-07T04:05:01.027Z,179134590102700
"""Dih @ GO72Iwd2XL"" bets 12.00",2026-10-07T04:04:59.816Z,179134589981600
"""rowan @ GthBpPSqaK"" checks",2026-10-07T04:04:56.827Z,179134589682700
"""Cam @ eWUSzBpS1d"" checks",2026-10-07T04:04:55.927Z,179134589592700
"Flop:  [8♣, K♠, A♥]",2026-10-07T04:04:54.592Z,179134589459200
"""rowan @ GthBpPSqaK"" calls 3.00",2026-10-07T04:04:53.712Z,179134589371200
"""Cam @ eWUSzBpS1d"" calls 3.00",2026-10-07T04:04:52.607Z,179134589260700
"""jaan @ O6Q78KIRx-"" calls 3.00",2026-10-07T04:04:51.654Z,179134589165400
"""Dih @ GO72Iwd2XL"" raises to 3.00",2026-10-07T04:04:49.017Z,179134588901700
"""rowan @ GthBpPSqaK"" posts a big blind of 0.50",2026-10-07T04:04:46.074Z,179134588607407
"""Cam @ eWUSzBpS1d"" posts a small blind of 0.25",2026-10-07T04:04:46.074Z,179134588607406
"Your hand is Q♥, J♠",2026-10-07T04:04:46.074Z,179134588607404
"Player stacks: #1 ""Dih @ GO72Iwd2XL"" (300.45) | #2 ""jaan @ O6Q78KIRx-"" (99.81) | #5 ""Cam @ eWUSzBpS1d"" (139.50) | #10 ""rowan @ GthBpPSqaK"" (51.17)",2026-10-07T04:04:46.074Z,179134588607401
"-- starting hand #405 (id: 6csu25mxdrsr)  No Limit Texas Hold'em (dealer: ""jaan @ O6Q78KIRx-"") --",2026-10-07T04:04:46.074Z,179134588607400
"""Cam @ eWUSzBpS1d"" shows a 9♠, 6♣.",2026-10-07T04:04:41.064Z,179134588106400
"""rowan @ GthBpPSqaK"" shows a J♦, 10♥.",2026-10-07T04:04:40.381Z,179134588038100
"Undealt cards: 7♠, 9♥, 10♣ [9♣, 10♠]",2026-10-07T04:04:39.651Z,179134587965100
"-- ending hand #404 --",2026-10-07T04:04:38.752Z,179134587875202
"""rowan @ GthBpPSqaK"" collected 27.50 from pot",2026-10-07T04:04:38.752Z,179134587875201
"Uncalled bet of 23.67 returned to ""rowan @ GthBpPSqaK""",2026-10-07T04:04:38.752Z,179134587875200
"""jaan @ O6Q78KIRx-"" folds",2026-10-07T04:04:37.895Z,179134587789500
"""Dih @ GO72Iwd2XL"" folds",2026-10-07T04:04:36.983Z,179134587698300
"""rowan @ GthBpPSqaK"" raises to 32.42 and go all in",2026-10-07T04:04:35.896Z,179134587589600
"""jaan @ O6Q78KIRx-"" raises to 8.75",2026-10-07T04:04:31.692Z,179134587169200
"""Dih @ GO72Iwd2XL"" calls 0.50",2026-10-07T04:04:26.554Z,179134586655400
"""rowan @ GthBpPSqaK"" bets 0.50",2026-10-07T04:04:24.904Z,179134586490400
"""jaan @ O6Q78KIRx-"" checks",2026-10-07T04:04:22.267Z,179134586226700
"Flop:  [7♠, 9♥, 10♣]",2026-10-07T04:04:13.103Z,179134585310300
"""Dih @ GO72Iwd2XL"" calls 3.00",2026-10-07T04:04:12.266Z,179134585226600
"""rowan @ GthBpPSqaK"" calls 3.00",2026-10-07T04:04:11.075Z,179134585107500
"""Cam @ eWUSzBpS1d"" folds",2026-10-07T04:04:10.170Z,179134585017000
"""jaan @ O6Q78KIRx-"" raises to 3.00",2026-10-07T04:04:09.186Z,179134584918600
"""Dih @ GO72Iwd2XL"" calls 0.50",2026-10-07T04:04:06.403Z,179134584640300
"""rowan @ GthBpPSqaK"" calls 0.50",2026-10-07T04:04:04.825Z,179134584482500
"""Cam @ eWUSzBpS1d"" posts a big blind of 0.50",2026-10-07T04:04:02.803Z,179134584280307
"""jaan @ O6Q78KIRx-"" posts a small blind of 0.25",2026-10-07T04:04:02.803Z,179134584280306
"Your hand is 9♠, 6♣",2026-10-07T04:04:02.803Z,179134584280304
"Player stacks: #1 ""Dih @ GO72Iwd2XL"" (303.95) | #2 ""jaan @ O6Q78KIRx-"" (111.56) | #5 ""Cam @ eWUSzBpS1d"" (140.00) | #10 ""rowan @ GthBpPSqaK"" (35.42)",2026-10-07T04:04:02.803Z,179134584280301
"-- starting hand #404 (id: ibefjvjj9vae)  No Limit Texas Hold'em (dealer: ""Dih @ GO72Iwd2XL"") --",2026-10-07T04:04:02.803Z,179134584280300
"""Cam @ eWUSzBpS1d"" shows a 2♦, 7♦.",2026-10-07T04:03:58.698Z,179134583869800
"""Dih @ GO72Iwd2XL"" shows a 5♠, 5♣.",2026-10-07T04:03:58.236Z,179134583823600
"""jaan @ O6Q78KIRx-"" shows a 2♣, 4♣.",2026-10-07T04:03:58.180Z,179134583818000
"-- ending hand #403 --",2026-10-07T04:03:57.776Z,179134583777602
"""jaan @ O6Q78KIRx-"" collected 26.79 from pot",2026-10-07T04:03:57.776Z,179134583777601
"Uncalled bet of 20.09 returned to ""jaan @ O6Q78KIRx-""",2026-10-07T04:03:57.776Z,179134583777600
"""Dih @ GO72Iwd2XL"" folds",2026-10-07T04:03:56.902Z,179134583690200
"""Cam @ eWUSzBpS1d"" folds",2026-10-07T04:03:55.600Z,179134583560000
"""jaan @ O6Q78KIRx-"" bets 20.09",2026-10-07T04:03:54.675Z,179134583467500
"""Dih @ GO72Iwd2XL"" checks",2026-10-07T04:03:50.969Z,179134583096900
"River: 6♣, A♥, 9♣, J♠ [Q♥]",2026-10-07T04:03:49.808Z,179134582980800
"""Cam @ eWUSzBpS1d"" checks",2026-10-07T04:03:48.997Z,179134582899700
"""jaan @ O6Q78KIRx-"" checks",2026-10-07T04:03:48.134Z,179134582813400
"""Dih @ GO72Iwd2XL"" checks",2026-10-07T04:03:46.538Z,179134582653800
"Turn: 6♣, A♥, 9♣ [J♠]",2026-10-07T04:03:45.187Z,179134582518700
"""jaan @ O6Q78KIRx-"" calls 6.18",2026-10-07T04:03:44.370Z,179134582437000
"""Dih @ GO72Iwd2XL"" calls 6.18",2026-10-07T04:03:42.652Z,179134582265200
"""Cam @ eWUSzBpS1d"" bets 6.18",2026-10-07T04:03:40.779Z,179134582077900
"""jaan @ O6Q78KIRx-"" checks",2026-10-07T04:03:38.553Z,179134581855300
"""Dih @ GO72Iwd2XL"" checks",2026-10-07T04:03:36.388Z,179134581638800
"Flop:  [6♣, A♥, 9♣]",2026-10-07T04:03:34.799Z,179134581479900
"""jaan @ O6Q78KIRx-"" calls 2.75",2026-10-07T04:03:33.955Z,179134581395500
"""Dih @ GO72Iwd2XL"" calls 2.75",2026-10-07T04:03:33.008Z,179134581300800
"""rowan @ GthBpPSqaK"" folds",2026-10-07T04:03:32.044Z,179134581204400
"""Cam @ eWUSzBpS1d"" raises to 2.75",2026-10-07T04:03:31.177Z,179134581117700
"""jaan @ O6Q78KIRx-"" posts a big blind of 0.50",2026-10-07T04:03:28.752Z,179134580875207
"""Dih @ GO72Iwd2XL"" posts a small blind of 0.25",2026-10-07T04:03:28.752Z,179134580875206
"Your hand is 2♦, 7♦",2026-10-07T04:03:28.752Z,179134580875204
"Player stacks: #1 ""Dih @ GO72Iwd2XL"" (312.88) | #2 ""jaan @ O6Q78KIRx-"" (93.70) | #5 ""Cam @ eWUSzBpS1d"" (148.93) | #10 ""rowan @ GthBpPSqaK"" (35.42)",2026-10-07T04:03:28.752Z,179134580875201
"-- starting hand #403 (id: vhxkyidyojpl)  No Limit Texas Hold'em (dealer: ""rowan @ GthBpPSqaK"") --",2026-10-07T04:03:28.752Z,179134580875200
"""Dih @ GO72Iwd2XL"" shows a 4♠.",2026-10-07T04:03:24.951Z,179134580495100
"Undealt cards:  [8♦, A♠, K♦, 4♥, 10♠]",2026-10-07T04:03:22.617Z,179134580261700
"-- ending hand #402 --",2026-10-07T04:03:22.133Z,179134580213302
"""Dih @ GO72Iwd2XL"" collected 0.50 from pot",2026-10-07T04:03:22.133Z,179134580213301
"Uncalled bet of 0.25 returned to ""Dih @ GO72Iwd2XL""",2026-10-07T04:03:22.133Z,179134580213300
"""rowan @ GthBpPSqaK"" folds",2026-10-07T04:03:21.278Z,179134580127800
"""Cam @ eWUSzBpS1d"" folds",2026-10-07T04:03:20.418Z,179134580041800
"""jaan @ O6Q78KIRx-"" folds",2026-10-07T04:03:18.364Z,179134579836400
"""Dih @ GO72Iwd2XL"" posts a big blind of 0.50",2026-10-07T04:03:17.335Z,179134579733507
"""rowan @ GthBpPSqaK"" posts a small blind of 0.25",2026-10-07T04:03:17.335Z,179134579733506
"Your hand is 9♥, 3♣",2026-10-07T04:03:17.335Z,179134579733504
"Player stacks: #1 ""Dih @ GO72Iwd2XL"" (312.63) | #2 ""jaan @ O6Q78KIRx-"" (93.70) | #5 ""Cam @ eWUSzBpS1d"" (148.93) | #10 ""rowan @ GthBpPSqaK"" (35.67)",2026-10-07T04:03:17.335Z,179134579733501
"-- starting hand #402 (id: thtuudi3ajhv)  No Limit Texas Hold'em (dealer: ""Cam @ eWUSzBpS1d"") --",2026-10-07T04:03:17.335Z,179134579733500
"""jaan @ O6Q78KIRx-"" shows a J♦, Q♣.",2026-10-07T04:03:13.743Z,179134579374300
"Undealt cards: 6♣, 10♦, 7♥, 8♥ [K♦]",2026-10-07T04:03:11.327Z,179134579132700
"""Dih @ GO72Iwd2XL"" shows a 9♥, 7♣.",2026-10-07T04:03:10.567Z,179134579056700
"-- ending hand #401 --",2026-10-07T04:03:09.932Z,179134578993202
"""Dih @ GO72Iwd2XL"" collected 50.49 from pot",2026-10-07T04:03:09.932Z,179134578993201
"Uncalled bet of 262.14 returned to ""Dih @ GO72Iwd2XL""",2026-10-07T04:03:09.932Z,179134578993200
"""jaan @ O6Q78KIRx-"" folds",2026-10-07T04:03:09.112Z,179134578911200
"""Dih @ GO72Iwd2XL"" bets 262.14 and go all in",2026-10-07T04:02:39.535Z,179134575953500
"Turn: 6♣, 10♦, 7♥ [8♥]",2026-10-07T04:02:34.357Z,179134575435700
"""Dih @ GO72Iwd2XL"" calls 12.62",2026-10-07T04:02:33.519Z,179134575351900
"""Cam @ eWUSzBpS1d"" folds",2026-10-07T04:02:32.638Z,179134575263800
"""jaan @ O6Q78KIRx-"" bets 12.62",2026-10-07T04:02:31.684Z,179134575168400
"""Dih @ GO72Iwd2XL"" checks",2026-10-07T04:02:27.400Z,179134574740000
"""Cam @ eWUSzBpS1d"" checks",2026-10-07T04:02:25.089Z,179134574508900
"Flop:  [6♣, 10♦, 7♥]",2026-10-07T04:02:23.749Z,179134574374900
"""Dih @ GO72Iwd2XL"" calls 8.25",2026-10-07T04:02:22.912Z,179134574291200
"""rowan @ GthBpPSqaK"" folds",2026-10-07T04:02:22.007Z,179134574200700
"""Cam @ eWUSzBpS1d"" calls 8.25",2026-10-07T04:02:21.142Z,179134574114200
"""jaan @ O6Q78KIRx-"" raises to 8.25",2026-10-07T04:02:19.160Z,179134573916000
"""Dih @ GO72Iwd2XL"" raises to 2.50",2026-10-07T04:02:16.851Z,179134573685100
"""rowan @ GthBpPSqaK"" posts a big blind of 0.50",2026-10-07T04:02:14.511Z,179134573451107
"""Cam @ eWUSzBpS1d"" posts a small blind of 0.25",2026-10-07T04:02:14.511Z,179134573451106
"Your hand is A♠, 3♣",2026-10-07T04:02:14.511Z,179134573451104
"Player stacks: #1 ""Dih @ GO72Iwd2XL"" (283.01) | #2 ""jaan @ O6Q78KIRx-"" (114.57) | #5 ""Cam @ eWUSzBpS1d"" (157.18) | #10 ""rowan @ GthBpPSqaK"" (36.17)",2026-10-07T04:02:14.511Z,179134573451101
"-- starting hand #401 (id: zgitwz2vhl8n)  No Limit Texas Hold'em (dealer: ""jaan @ O6Q78KIRx-"") --",2026-10-07T04:02:14.511Z,179134573451100
"""Cam @ eWUSzBpS1d"" shows a J♥, 6♠.",2026-10-07T04:02:09.626Z,179134572962600
"Undealt cards: 9♠, 8♥, 5♠, 7♦ [7♣]",2026-10-07T04:02:09.211Z,179134572921100
"-- ending hand #400 --",2026-10-07T04:02:07.906Z,179134572790602
"""Cam @ eWUSzBpS1d"" collected 1.00 from pot",2026-10-07T04:02:07.906Z,179134572790601
"Uncalled bet of 1.00 returned to ""Cam @ eWUSzBpS1d""",2026-10-07T04:02:07.906Z,179134572790600
"""jaan @ O6Q78KIRx-"" folds",2026-10-07T04:02:07.095Z,179134572709500
"""Cam @ eWUSzBpS1d"" bets 1.00",2026-10-07T04:02:06.242Z,179134572624200
"""jaan @ O6Q78KIRx-"" checks",2026-10-07T04:02:04.146Z,179134572414600
"Turn: 9♠, 8♥, 5♠ [7♦]",2026-10-07T04:02:03.908Z,179134572390800
"""Cam @ eWUSzBpS1d"" checks",2026-10-07T04:02:03.103Z,179134572310300
"""jaan @ O6Q78KIRx-"" checks",2026-10-07T04:02:02.207Z,179134572220700
"Flop:  [9♠, 8♥, 5♠]",2026-10-07T04:02:01.456Z,179134572145600
"""Cam @ eWUSzBpS1d"" checks",2026-10-07T04:02:00.617Z,179134572061700
"""jaan @ O6Q78KIRx-"" calls 0.50",2026-10-07T04:01:59.770Z,179134571977000
"""Dih @ GO72Iwd2XL"" folds",2026-10-07T04:01:58.893Z,179134571889300
"""rowan @ GthBpPSqaK"" folds",2026-10-07T04:01:58.016Z,179134571801600
"""Cam @ eWUSzBpS1d"" posts a big blind of 0.50",2026-10-07T04:01:56.905Z,179134571690507
"""jaan @ O6Q78KIRx-"" posts a small blind of 0.25",2026-10-07T04:01:56.905Z,179134571690506
"Your hand is J♥, 6♠",2026-10-07T04:01:56.905Z,179134571690504
"Player stacks: #1 ""Dih @ GO72Iwd2XL"" (283.01) | #2 ""jaan @ O6Q78KIRx-"" (115.07) | #5 ""Cam @ eWUSzBpS1d"" (156.68) | #10 ""rowan @ GthBpPSqaK"" (36.17)",2026-10-07T04:01:56.905Z,179134571690501
"-- starting hand #400 (id: ahcf6thbw9yo)  No Limit Texas Hold'em (dealer: ""Dih @ GO72Iwd2XL"") --",2026-10-07T04:01:56.905Z,179134571690500
"""Cam @ eWUSzBpS1d"" shows a Q♣.",2026-10-07T04:01:51.039Z,179134571103900
"""Cam @ eWUSzBpS1d"" shows a 9♣.",2026-10-07T04:01:50.634Z,179134571063400
"""Dih @ GO72Iwd2XL"" shows a 6♠.",2026-10-07T04:01:49.903Z,179134570990300
"Undealt cards: 6♥, A♥, 10♠, 6♣ [6♦]",2026-10-07T04:01:49.762Z,179134570976200
"-- ending hand #399 --",2026-10-07T04:01:49.584Z,179134570958402
"""Dih @ GO72Iwd2XL"" collected 5.00 from pot",2026-10-07T04:01:49.584Z,179134570958401
"Uncalled bet of 5.00 returned to ""Dih @ GO72Iwd2XL""",2026-10-07T04:01:49.584Z,179134570958400
"""Cam @ eWUSzBpS1d"" folds",2026-10-07T04:01:48.706Z,179134570870600
"""Dih @ GO72Iwd2XL"" bets 5.00",2026-10-07T04:01:47.837Z,179134570783700
"Turn: 6♥, A♥, 10♠ [6♣]",2026-10-07T04:01:45.045Z,179134570504500
"""Cam @ eWUSzBpS1d"" checks",2026-10-07T04:01:44.209Z,179134570420900
"""Dih @ GO72Iwd2XL"" checks",2026-10-07T04:01:43.338Z,179134570333800
"Flop:  [6♥, A♥, 10♠]",2026-10-07T04:01:41.871Z,179134570187100
"""jaan @ O6Q78KIRx-"" folds",2026-10-07T04:01:41.054Z,179134570105400
"""Dih @ GO72Iwd2XL"" calls 2.25",2026-10-07T04:01:39.774Z,179134569977400
"""rowan @ GthBpPSqaK"" folds",2026-10-07T04:01:38.810Z,179134569881000
"""Cam @ eWUSzBpS1d"" raises to 2.25",2026-10-07T04:01:37.883Z,179134569788300
"""jaan @ O6Q78KIRx-"" posts a big blind of 0.50",2026-10-07T04:01:34.984Z,179134569498407
"""Dih @ GO72Iwd2XL"" posts a small blind of 0.25",2026-10-07T04:01:34.984Z,179134569498406
"Your hand is 9♣, Q♣",2026-10-07T04:01:34.984Z,179134569498404
"Player stacks: #1 ""Dih @ GO72Iwd2XL"" (280.26) | #2 ""jaan @ O6Q78KIRx-"" (115.57) | #5 ""Cam @ eWUSzBpS1d"" (158.93) | #10 ""rowan @ GthBpPSqaK"" (36.17)",2026-10-07T04:01:34.984Z,179134569498401
"-- starting hand #399 (id: 3axm5k47714o)  No Limit Texas Hold'em (dealer: ""rowan @ GthBpPSqaK"") --",2026-10-07T04:01:34.984Z,179134569498400
"""Cam @ eWUSzBpS1d"" shows a K♥.",2026-10-07T04:01:30.571Z,179134569057100
"""rowan @ GthBpPSqaK"" shows a 10♣.",2026-10-07T04:01:30.480Z,179134569048000
"""Dih @ GO72Iwd2XL"" shows a 8♥, 7♣.",2026-10-07T04:01:30.419Z,179134569041900
"-- ending hand #398 --",2026-10-07T04:01:29.981Z,179134568998102
"""Dih @ GO72Iwd2XL"" collected 6.00 from pot",2026-10-07T04:01:29.981Z,179134568998101
"Uncalled bet of 6.00 returned to ""Dih @ GO72Iwd2XL""",2026-10-07T04:01:29.981Z,179134568998100
"""rowan @ GthBpPSqaK"" folds",2026-10-07T04:01:29.172Z,179134568917200
"""Cam @ eWUSzBpS1d"" folds",2026-10-07T04:01:26.931Z,179134568693100
"""Dih @ GO72Iwd2XL"" bets 6.00",2026-10-07T04:01:25.936Z,179134568593600
"""rowan @ GthBpPSqaK"" checks",2026-10-07T04:01:21.760Z,179134568176000
"River: A♣, J♣, K♦, 10♠ [9♥]",2026-10-07T04:01:21.224Z,179134568122400
"""Cam @ eWUSzBpS1d"" checks",2026-10-07T04:01:20.388Z,179134568038800
"""Dih @ GO72Iwd2XL"" checks",2026-10-07T04:01:19.470Z,179134567947000
"""rowan @ GthBpPSqaK"" checks",2026-10-07T04:01:18.576Z,179134567857600
"Turn: A♣, J♣, K♦ [10♠]",2026-10-07T04:01:17.557Z,179134567755700
"""Cam @ eWUSzBpS1d"" checks",2026-10-07T04:01:16.664Z,179134567666400
"""Dih @ GO72Iwd2XL"" checks",2026-10-07T04:01:15.835Z,179134567583500
"""rowan @ GthBpPSqaK"" checks",2026-10-07T04:01:14.709Z,179134567470900
"Flop:  [A♣, J♣, K♦]",2026-10-07T04:01:13.552Z,179134567355200
"""rowan @ GthBpPSqaK"" calls 2.00",2026-10-07T04:01:12.658Z,179134567265800
"""Cam @ eWUSzBpS1d"" calls 2.00",2026-10-07T04:01:11.779Z,179134567177900
"""Dih @ GO72Iwd2XL"" raises to 2.00",2026-10-07T04:01:10.786Z,179134567078600
"""rowan @ GthBpPSqaK"" calls 0.50",2026-10-07T04:01:06.046Z,179134566604600
"""Cam @ eWUSzBpS1d"" calls 0.50",2026-10-07T04:01:04.822Z,179134566482200
"""jaan @ O6Q78KIRx-"" folds",2026-10-07T04:01:02.674Z,179134566267400
"""Dih @ GO72Iwd2XL"" posts a big blind of 0.50",2026-10-07T04:01:01.577Z,179134566157707
"""rowan @ GthBpPSqaK"" posts a small blind of 0.25",2026-10-07T04:01:01.577Z,179134566157706
"Your hand is K♥, 7♥",2026-10-07T04:01:01.577Z,179134566157704
"Player stacks: #1 ""Dih @ GO72Iwd2XL"" (276.26) | #2 ""jaan @ O6Q78KIRx-"" (115.57) | #5 ""Cam @ eWUSzBpS1d"" (160.93) | #10 ""rowan @ GthBpPSqaK"" (38.17)",2026-10-07T04:01:01.577Z,179134566157701
"-- starting hand #398 (id: 11hlmizjyh0s)  No Limit Texas Hold'em (dealer: ""Cam @ eWUSzBpS1d"") --",2026-10-07T04:01:01.577Z,179134566157700
"""jaan @ O6Q78KIRx-"" shows a A♣.",2026-10-07T04:00:58.377Z,179134565837700
"""jaan @ O6Q78KIRx-"" shows a 9♦.",2026-10-07T04:00:57.927Z,179134565792700
"""Cam @ eWUSzBpS1d"" shows a 8♣.",2026-10-07T04:00:56.904Z,179134565690400
"""rowan @ GthBpPSqaK"" shows a Q♥, J♠.",2026-10-07T04:00:55.270Z,179134565527000
"Undealt cards: 8♠, 10♣, A♦, A♥ [3♠]",2026-10-07T04:00:53.737Z,179134565373700
"-- ending hand #397 --",2026-10-07T04:00:53.548Z,179134565354802
"""jaan @ O6Q78KIRx-"" collected 19.50 from pot",2026-10-07T04:00:53.548Z,179134565354801
"Uncalled bet of 14.62 returned to ""jaan @ O6Q78KIRx-""",2026-10-07T04:00:53.548Z,179134565354800
"""rowan @ GthBpPSqaK"" folds",2026-10-07T04:00:52.741Z,179134565274100
"""Cam @ eWUSzBpS1d"" folds",2026-10-07T04:00:51.097Z,179134565109700
"""jaan @ O6Q78KIRx-"" bets 14.62",2026-10-07T04:00:49.923Z,179134564992300
"""rowan @ GthBpPSqaK"" checks",2026-10-07T04:00:47.202Z,179134564720200
"""Cam @ eWUSzBpS1d"" checks",2026-10-07T04:00:45.952Z,179134564595200
"Turn: 8♠, 10♣, A♦ [A♥]",2026-10-07T04:00:44.940Z,179134564494000
"""rowan @ GthBpPSqaK"" calls 4.50",2026-10-07T04:00:44.071Z,179134564407100
"""Cam @ eWUSzBpS1d"" calls 4.50",2026-10-07T04:00:43.193Z,179134564319300
"""jaan @ O6Q78KIRx-"" bets 4.50",2026-10-07T04:00:42.164Z,179134564216400
"""rowan @ GthBpPSqaK"" checks",2026-10-07T04:00:40.190Z,179134564019000
"""Cam @ eWUSzBpS1d"" checks",2026-10-07T04:00:39.010Z,179134563901000
"Flop:  [8♠, 10♣, A♦]",2026-10-07T04:00:37.571Z,179134563757100
"""jaan @ O6Q78KIRx-"" calls 2.00",2026-10-07T04:00:36.765Z,179134563676500
"""rowan @ GthBpPSqaK"" calls 2.00",2026-10-07T04:00:35.860Z,179134563586000
"""Cam @ eWUSzBpS1d"" raises to 2.00",2026-10-07T04:00:34.963Z,179134563496300
"""jaan @ O6Q78KIRx-"" calls 0.50",2026-10-07T04:00:32.993Z,179134563299300
"""Dih @ GO72Iwd2XL"" folds",2026-10-07T04:00:31.889Z,179134563188900
"""rowan @ GthBpPSqaK"" posts a big blind of 0.50",2026-10-07T04:00:30.641Z,179134563064107
"""Cam @ eWUSzBpS1d"" posts a small blind of 0.25",2026-10-07T04:00:30.641Z,179134563064106
"Your hand is 8♣, 7♠",2026-10-07T04:00:30.641Z,179134563064104
"Player stacks: #1 ""Dih @ GO72Iwd2XL"" (276.26) | #2 ""jaan @ O6Q78KIRx-"" (102.57) | #5 ""Cam @ eWUSzBpS1d"" (167.43) | #10 ""rowan @ GthBpPSqaK"" (44.67)",2026-10-07T04:00:30.641Z,179134563064101
"-- starting hand #397 (id: 0onhqdwiic7w)  No Limit Texas Hold'em (dealer: ""jaan @ O6Q78KIRx-"") --",2026-10-07T04:00:30.641Z,179134563064100
"""Cam @ eWUSzBpS1d"" shows a 10♠.",2026-10-07T04:00:26.267Z,179134562626700
"""Cam @ eWUSzBpS1d"" shows a 3♦.",2026-10-07T04:00:25.939Z,179134562593900
"""rowan @ GthBpPSqaK"" shows a 2♥, 2♦.",2026-10-07T04:00:23.618Z,179134562361800
"Undealt cards: 6♦, 5♥, 4♠, 8♦ [J♣]",2026-10-07T04:00:22.280Z,179134562228000
"""jaan @ O6Q78KIRx-"" shows a 2♠, 4♣.",2026-10-07T04:00:22.122Z,179134562212200
"""Dih @ GO72Iwd2XL"" shows a A♣, Q♦.",2026-10-07T04:00:22.070Z,179134562207000
"-- ending hand #396 --",2026-10-07T04:00:21.897Z,179134562189702
"""jaan @ O6Q78KIRx-"" collected 6.50 from pot",2026-10-07T04:00:21.897Z,179134562189701
"Uncalled bet of 4.87 returned to ""jaan @ O6Q78KIRx-""",2026-10-07T04:00:21.897Z,179134562189700
"""Dih @ GO72Iwd2XL"" folds",2026-10-07T04:00:21.075Z,179134562107500
"""rowan @ GthBpPSqaK"" folds",2026-10-07T04:00:20.206Z,179134562020600
"""jaan @ O6Q78KIRx-"" bets 4.87",2026-10-07T04:00:19.152Z,179134561915200
"Turn: 6♦, 5♥, 4♠ [8♦]",2026-10-07T04:00:17.224Z,179134561722400
"""Dih @ GO72Iwd2XL"" checks",2026-10-07T04:00:16.405Z,179134561640500
"""rowan @ GthBpPSqaK"" checks",2026-10-07T04:00:15.473Z,179134561547300
"""jaan @ O6Q78KIRx-"" checks",2026-10-07T04:00:14.216Z,179134561421600
"Flop:  [6♦, 5♥, 4♠]",2026-10-07T04:00:13.182Z,179134561318200
"""rowan @ GthBpPSqaK"" calls 2.00",2026-10-07T04:00:12.364Z,179134561236400
"""Cam @ eWUSzBpS1d"" folds",2026-10-07T04:00:11.526Z,179134561152600
"""jaan @ O6Q78KIRx-"" calls 2.00",2026-10-07T04:00:10.685Z,179134561068500
"""Dih @ GO72Iwd2XL"" raises to 2.00",2026-10-07T04:00:09.321Z,179134560932100
"""rowan @ GthBpPSqaK"" calls 0.50",2026-10-07T04:00:06.577Z,179134560657700
"""Cam @ eWUSzBpS1d"" posts a big blind of 0.50",2026-10-07T04:00:05.384Z,179134560538407
"""jaan @ O6Q78KIRx-"" posts a small blind of 0.25",2026-10-07T04:00:05.384Z,179134560538406
"Your hand is 3♦, 10♠",2026-10-07T04:00:05.384Z,179134560538404
"Player stacks: #1 ""Dih @ GO72Iwd2XL"" (278.26) | #2 ""jaan @ O6Q78KIRx-"" (98.07) | #5 ""Cam @ eWUSzBpS1d"" (167.93) | #10 ""rowan @ GthBpPSqaK"" (46.67)",2026-10-07T04:00:05.384Z,179134560538401
"-- starting hand #396 (id: vihjizxks0mz)  No Limit Texas Hold'em (dealer: ""Dih @ GO72Iwd2XL"") --",2026-10-07T04:00:05.384Z,179134560538400
"""jaan @ O6Q78KIRx-"" shows a A♣, Q♦.",2026-10-07T04:00:01.783Z,179134560178300
"""Cam @ eWUSzBpS1d"" shows a 7♥.",2026-10-07T04:00:01.412Z,179134560141200
"""rowan @ GthBpPSqaK"" shows a 4♦, 5♦.",2026-10-07T04:00:00.589Z,179134560058900
"-- ending hand #395 --",2026-10-07T04:00:00.369Z,179134560036902
"""jaan @ O6Q78KIRx-"" collected 33.93 from pot",2026-10-07T04:00:00.369Z,179134560036901
"Uncalled bet of 25.44 returned to ""jaan @ O6Q78KIRx-""",2026-10-07T04:00:00.369Z,179134560036900
"""rowan @ GthBpPSqaK"" folds",2026-10-07T03:59:59.535Z,179134559953500
"""jaan @ O6Q78KIRx-"" bets 25.44",2026-10-07T03:59:54.932Z,179134559493200
"River: A♦, Q♥, 6♠, 7♦ [7♣]",2026-10-07T03:59:50.386Z,179134559038600
"""rowan @ GthBpPSqaK"" calls 12.72",2026-10-07T03:59:49.573Z,179134558957300
"""jaan @ O6Q78KIRx-"" raises to 12.72",2026-10-07T03:59:48.200Z,179134558820000
"""rowan @ GthBpPSqaK"" bets 6.36",2026-10-07T03:59:43.153Z,179134558315300
"""jaan @ O6Q78KIRx-"" checks",2026-10-07T03:59:36.207Z,179134557620700
"Turn: A♦, Q♥, 6♠ [7♦]",2026-10-07T03:59:35.191Z,179134557519100
"""jaan @ O6Q78KIRx-"" calls 2.12",2026-10-07T03:59:34.376Z,179134557437600
"""rowan @ GthBpPSqaK"" bets 2.12",2026-10-07T03:59:32.245Z,179134557224500
"""jaan @ O6Q78KIRx-"" checks",2026-10-07T03:59:29.637Z,179134556963700
"Flop:  [A♦, Q♥, 6♠]",2026-10-07T03:59:28.567Z,179134556856700
"""jaan @ O6Q78KIRx-"" calls 2.00",2026-10-07T03:59:27.724Z,179134556772400
"""Dih @ GO72Iwd2XL"" folds",2026-10-07T03:59:26.762Z,179134556676200
"""rowan @ GthBpPSqaK"" raises to 2.00",2026-10-07T03:59:25.891Z,179134556589100
"""Cam @ eWUSzBpS1d"" folds",2026-10-07T03:59:23.643Z,179134556364300
"""jaan @ O6Q78KIRx-"" posts a big blind of 0.50",2026-10-07T03:59:21.861Z,179134556186107
"""Dih @ GO72Iwd2XL"" posts a small blind of 0.25",2026-10-07T03:59:21.861Z,179134556186106
"Your hand is K♠, 7♥",2026-10-07T03:59:21.861Z,179134556186104
"Player stacks: #1 ""Dih @ GO72Iwd2XL"" (278.51) | #2 ""jaan @ O6Q78KIRx-"" (80.98) | #5 ""Cam @ eWUSzBpS1d"" (167.93) | #10 ""rowan @ GthBpPSqaK"" (63.51)",2026-10-07T03:59:21.861Z,179134556186101
"-- starting hand #395 (id: 4pws5trkbgpx)  No Limit Texas Hold'em (dealer: ""rowan @ GthBpPSqaK"") --",2026-10-07T03:59:21.861Z,179134556186100
"Undealt cards: J♥, 9♣, 4♥, 8♥ [9♦]",2026-10-07T03:59:17.390Z,179134555739000
"-- ending hand #394 --",2026-10-07T03:59:15.949Z,179134555594902
"""Cam @ eWUSzBpS1d"" collected 16.87 from pot",2026-10-07T03:59:15.949Z,179134555594901
"Uncalled bet of 8.43 returned to ""Cam @ eWUSzBpS1d""",2026-10-07T03:59:15.949Z,179134555594900
"""Dih @ GO72Iwd2XL"" folds",2026-10-07T03:59:15.106Z,179134555510600
"""Cam @ eWUSzBpS1d"" bets 8.43",2026-10-07T03:59:14.245Z,179134555424500
"""Dih @ GO72Iwd2XL"" checks",2026-10-07T03:59:12.086Z,179134555208600
"Turn: J♥, 9♣, 4♥ [8♥]",2026-10-07T03:59:10.289Z,179134555028900
"""Dih @ GO72Iwd2XL"" calls 5.06",2026-10-07T03:59:09.429Z,179134554942900
"""rowan @ GthBpPSqaK"" folds",2026-10-07T03:59:08.573Z,179134554857300
"""Cam @ eWUSzBpS1d"" bets 5.06",2026-10-07T03:59:06.816Z,179134554681600
"""Dih @ GO72Iwd2XL"" checks",2026-10-07T03:59:04.285Z,179134554428500
"""rowan @ GthBpPSqaK"" checks",2026-10-07T03:59:03.251Z,179134554325100
"Flop:  [J♥, 9♣, 4♥]",2026-10-07T03:59:02.351Z,179134554235100
"""Dih @ GO72Iwd2XL"" calls 2.25",2026-10-07T03:59:01.438Z,179134554143800
"""rowan @ GthBpPSqaK"" calls 2.25",2026-10-07T03:59:00.565Z,179134554056500
"""Cam @ eWUSzBpS1d"" raises to 2.25",2026-10-07T03:58:59.036Z,179134553903600
"""jaan @ O6Q78KIRx-"" folds",2026-10-07T03:58:55.590Z,179134553559000
"""Dih @ GO72Iwd2XL"" posts a big blind of 0.50",2026-10-07T03:58:54.442Z,179134553444207
"""rowan @ GthBpPSqaK"" posts a small blind of 0.25",2026-10-07T03:58:54.442Z,179134553444206
"Your hand is J♦, Q♥",2026-10-07T03:58:54.442Z,179134553444204
"Player stacks: #1 ""Dih @ GO72Iwd2XL"" (285.82) | #2 ""jaan @ O6Q78KIRx-"" (80.98) | #5 ""Cam @ eWUSzBpS1d"" (158.37) | #10 ""rowan @ GthBpPSqaK"" (65.76)",2026-10-07T03:58:54.442Z,179134553444201
"-- starting hand #394 (id: 28vylhvaaumo)  No Limit Texas Hold'em (dealer: ""Cam @ eWUSzBpS1d"") --",2026-10-07T03:58:54.442Z,179134553444200
"-- ending hand #393 --",2026-10-07T03:58:48.437Z,179134552843703
"""Dih @ GO72Iwd2XL"" collected 15.75 from pot with Two Pair, A's & J's (combination: 10♦, J♦, J♠, A♥, A♦)",2026-10-07T03:58:48.437Z,179134552843702
"""Dih @ GO72Iwd2XL"" shows a J♦, 10♦.",2026-10-07T03:58:48.437Z,179134552843701
"""rowan @ GthBpPSqaK"" shows a 4♠, 5♠.",2026-10-07T03:58:48.437Z,179134552843700
"""Dih @ GO72Iwd2XL"" checks",2026-10-07T03:58:47.571Z,179134552757100
"""rowan @ GthBpPSqaK"" checks",2026-10-07T03:58:46.332Z,179134552633200
"River: J♠, 7♦, 3♥, A♥ [A♦]",2026-10-07T03:58:44.895Z,179134552489500
"""Dih @ GO72Iwd2XL"" checks",2026-10-07T03:58:44.056Z,179134552405600
"""rowan @ GthBpPSqaK"" checks",2026-10-07T03:58:42.286Z,179134552228600
"Turn: J♠, 7♦, 3♥ [A♥]",2026-10-07T03:58:36.292Z,179134551629200
"""rowan @ GthBpPSqaK"" calls 5.25",2026-10-07T03:58:35.426Z,179134551542600
"""Dih @ GO72Iwd2XL"" bets 5.25",2026-10-07T03:58:33.922Z,179134551392200
"""rowan @ GthBpPSqaK"" checks",2026-10-07T03:58:32.052Z,179134551205200
"Flop:  [J♠, 7♦, 3♥]",2026-10-07T03:58:30.690Z,179134551069000
"""rowan @ GthBpPSqaK"" calls 2.50",2026-10-07T03:58:29.845Z,179134550984500
"""Cam @ eWUSzBpS1d"" folds",2026-10-07T03:58:28.965Z,179134550896500
"""jaan @ O6Q78KIRx-"" folds",2026-10-07T03:58:25.040Z,179134550504000
"""Dih @ GO72Iwd2XL"" raises to 2.50",2026-10-07T03:58:24.170Z,179134550417000
"""rowan @ GthBpPSqaK"" posts a big blind of 0.50",2026-10-07T03:58:21.203Z,179134550120307
"""Cam @ eWUSzBpS1d"" posts a small blind of 0.25",2026-10-07T03:58:21.203Z,179134550120306
"Your hand is 2♦, 10♣",2026-10-07T03:58:21.203Z,179134550120304
"Player stacks: #1 ""Dih @ GO72Iwd2XL"" (277.82) | #2 ""jaan @ O6Q78KIRx-"" (80.98) | #5 ""Cam @ eWUSzBpS1d"" (158.62) | #10 ""rowan @ GthBpPSqaK"" (73.51)",2026-10-07T03:58:21.203Z,179134550120301
"-- starting hand #393 (id: 41ghelr1wtg9)  No Limit Texas Hold'em (dealer: ""jaan @ O6Q78KIRx-"") --",2026-10-07T03:58:21.203Z,179134550120300
"Undealt cards: 4♥, 8♠, 6♥ [A♠, 8♦]",2026-10-07T03:58:16.591Z,179134549659100
"""Dih @ GO72Iwd2XL"" shows a 4♣, 6♣.",2026-10-07T03:58:15.121Z,179134549512100
"-- ending hand #392 --",2026-10-07T03:58:14.592Z,179134549459202
"""Dih @ GO72Iwd2XL"" collected 37.00 from pot",2026-10-07T03:58:14.592Z,179134549459201
"Uncalled bet of 240.82 returned to ""Dih @ GO72Iwd2XL""",2026-10-07T03:58:14.592Z,179134549459200
"""rowan @ GthBpPSqaK"" folds",2026-10-07T03:58:13.738Z,179134549373800
"""jaan @ O6Q78KIRx-"" folds",2026-10-07T03:58:12.394Z,179134549239400
"""Dih @ GO72Iwd2XL"" raises to 250.07 and go all in",2026-10-07T03:58:10.539Z,179134549053900
"""rowan @ GthBpPSqaK"" bets 9.25",2026-10-07T03:58:07.071Z,179134548707100
"""jaan @ O6Q78KIRx-"" checks",2026-10-07T03:58:04.468Z,179134548446800
"Flop:  [4♥, 8♠, 6♥]",2026-10-07T03:58:02.908Z,179134548290800
"""rowan @ GthBpPSqaK"" calls 6.00",2026-10-07T03:58:02.101Z,179134548210100
"""Cam @ eWUSzBpS1d"" folds",2026-10-07T03:58:01.111Z,179134548111100
"""jaan @ O6Q78KIRx-"" calls 6.00",2026-10-07T03:57:59.769Z,179134547976900
"""Dih @ GO72Iwd2XL"" raises to 6.00",2026-10-07T03:57:57.955Z,179134547795500
"""rowan @ GthBpPSqaK"" raises to 2.00",2026-10-07T03:57:54.837Z,179134547483700
"""Cam @ eWUSzBpS1d"" posts a big blind of 0.50",2026-10-07T03:57:52.547Z,179134547254707
"""jaan @ O6Q78KIRx-"" posts a small blind of 0.25",2026-10-07T03:57:52.547Z,179134547254706
"Your hand is 2♠, 7♦",2026-10-07T03:57:52.547Z,179134547254704
"Player stacks: #1 ""Dih @ GO72Iwd2XL"" (256.07) | #2 ""jaan @ O6Q78KIRx-"" (86.98) | #5 ""Cam @ eWUSzBpS1d"" (159.12) | #10 ""rowan @ GthBpPSqaK"" (88.76)",2026-10-07T03:57:52.547Z,179134547254701
"-- starting hand #392 (id: mvgrttalk8om)  No Limit Texas Hold'em (dealer: ""Dih @ GO72Iwd2XL"") --",2026-10-07T03:57:52.547Z,179134547254700
"Undealt cards:  [7♠, Q♥, A♣, 2♣, 3♦]",2026-10-07T03:57:48.915Z,179134546891500
"-- ending hand #391 --",2026-10-07T03:57:46.608Z,179134546660802
"""jaan @ O6Q78KIRx-"" collected 0.50 from pot",2026-10-07T03:57:46.608Z,179134546660801
"Uncalled bet of 0.25 returned to ""jaan @ O6Q78KIRx-""",2026-10-07T03:57:46.608Z,179134546660800
"""Dih @ GO72Iwd2XL"" folds",2026-10-07T03:57:45.788Z,179134546578800
"""rowan @ GthBpPSqaK"" folds",2026-10-07T03:57:44.918Z,179134546491800
"""Cam @ eWUSzBpS1d"" folds",2026-10-07T03:57:44.073Z,179134546407300
"""jaan @ O6Q78KIRx-"" posts a big blind of 0.50",2026-10-07T03:57:42.808Z,179134546280807
"""Dih @ GO72Iwd2XL"" posts a small blind of 0.25",2026-10-07T03:57:42.808Z,179134546280806
"Your hand is 3♣, 8♦",2026-10-07T03:57:42.808Z,179134546280804
"Player stacks: #1 ""Dih @ GO72Iwd2XL"" (256.32) | #2 ""jaan @ O6Q78KIRx-"" (86.73) | #5 ""Cam @ eWUSzBpS1d"" (159.12) | #10 ""rowan @ GthBpPSqaK"" (88.76)",2026-10-07T03:57:42.808Z,179134546280801
"-- starting hand #391 (id: bdqyeykwuore)  No Limit Texas Hold'em (dealer: ""rowan @ GthBpPSqaK"") --",2026-10-07T03:57:42.808Z,179134546280800
"""Dih @ GO72Iwd2XL"" shows a J♦.",2026-10-07T03:57:39.141Z,179134545914100
"Undealt cards: Q♥, 4♥, 6♠ [2♦, J♠]",2026-10-07T03:57:36.287Z,179134545628700
"""rowan @ GthBpPSqaK"" shows a K♠, J♣.",2026-10-07T03:57:35.843Z,179134545584300
"-- ending hand #390 --",2026-10-07T03:57:35.476Z,179134545547602
"""Cam @ eWUSzBpS1d"" collected 7.50 from pot",2026-10-07T03:57:35.476Z,179134545547601
"Uncalled bet of 5.62 returned to ""Cam @ eWUSzBpS1d""",2026-10-07T03:57:35.476Z,179134545547600
"""Dih @ GO72Iwd2XL"" folds",2026-10-07T03:57:34.650Z,179134545465000
"""rowan @ GthBpPSqaK"" folds",2026-10-07T03:57:33.786Z,179134545378600
"""Cam @ eWUSzBpS1d"" bets 5.62",2026-10-07T03:57:32.906Z,179134545290600
"""Dih @ GO72Iwd2XL"" checks",2026-10-07T03:57:28.982Z,179134544898200
"""rowan @ GthBpPSqaK"" checks",2026-10-07T03:57:26.972Z,179134544697200
"Flop:  [Q♥, 4♥, 6♠]",2026-10-07T03:57:25.398Z,179134544539800
"""Cam @ eWUSzBpS1d"" calls 2.50",2026-10-07T03:57:24.559Z,179134544455900
"""Dih @ GO72Iwd2XL"" calls 2.50",2026-10-07T03:57:22.170Z,179134544217000
"""rowan @ GthBpPSqaK"" raises to 2.50",2026-10-07T03:57:20.929Z,179134544092900
"""Cam @ eWUSzBpS1d"" calls 0.50",2026-10-07T03:57:18.627Z,179134543862700
"""jaan @ O6Q78KIRx-"" folds",2026-10-07T03:56:56.493Z,179134541649300
"""Dih @ GO72Iwd2XL"" posts a big blind of 0.50",2026-10-07T03:56:51.959Z,179134541195907
"""rowan @ GthBpPSqaK"" posts a small blind of 0.25",2026-10-07T03:56:51.959Z,179134541195906
"Your hand is 6♦, 7♥",2026-10-07T03:56:51.959Z,179134541195904
"Player stacks: #1 ""Dih @ GO72Iwd2XL"" (258.82) | #2 ""jaan @ O6Q78KIRx-"" (86.73) | #5 ""Cam @ eWUSzBpS1d"" (154.12) | #10 ""rowan @ GthBpPSqaK"" (91.26)",2026-10-07T03:56:51.959Z,179134541195901
"-- starting hand #390 (id: glnd5gyxiv0w)  No Limit Texas Hold'em (dealer: ""Cam @ eWUSzBpS1d"") --",2026-10-07T03:56:51.959Z,179134541195900
"-- ending hand #389 --",2026-10-07T03:56:46.041Z,179134540604102
"""Dih @ GO72Iwd2XL"" collected 4.75 from pot",2026-10-07T03:56:46.041Z,179134540604101
"Uncalled bet of 4.75 returned to ""Dih @ GO72Iwd2XL""",2026-10-07T03:56:46.041Z,179134540604100
"""jaan @ O6Q78KIRx-"" folds",2026-10-07T03:56:45.190Z,179134540519000
"""Dih @ GO72Iwd2XL"" bets 4.75",2026-10-07T03:56:44.241Z,179134540424100
"Flop:  [J♠, 6♠, 2♣]",2026-10-07T03:56:41.155Z,179134540115500
"""rowan @ GthBpPSqaK"" folds",2026-10-07T03:56:40.285Z,179134540028500
"""Cam @ eWUSzBpS1d"" folds",2026-10-07T03:56:39.382Z,179134539938200
"""jaan @ O6Q78KIRx-"" calls 2.00",2026-10-07T03:56:38.503Z,179134539850300
"""Dih @ GO72Iwd2XL"" raises to 2.00",2026-10-07T03:56:36.538Z,179134539653800
"""rowan @ GthBpPSqaK"" posts a big blind of 0.50",2026-10-07T03:56:33.837Z,179134539383707
"""Cam @ eWUSzBpS1d"" posts a small blind of 0.25",2026-10-07T03:56:33.837Z,179134539383706
"Your hand is Q♣, 7♦",2026-10-07T03:56:33.837Z,179134539383704
"Player stacks: #1 ""Dih @ GO72Iwd2XL"" (256.07) | #2 ""jaan @ O6Q78KIRx-"" (88.73) | #5 ""Cam @ eWUSzBpS1d"" (154.37) | #10 ""rowan @ GthBpPSqaK"" (91.76)",2026-10-07T03:56:33.837Z,179134539383701
"-- starting hand #389 (id: 8qewtugxtwx0)  No Limit Texas Hold'em (dealer: ""jaan @ O6Q78KIRx-"") --",2026-10-07T03:56:33.837Z,179134539383700
"-- ending hand #388 --",2026-10-07T03:56:27.829Z,179134538782902
"""jaan @ O6Q78KIRx-"" collected 1.00 from pot with A High (combination: 9♦, 10♦, Q♣, K♥, A♠)",2026-10-07T03:56:27.829Z,179134538782901
"""jaan @ O6Q78KIRx-"" shows a 9♦, A♠.",2026-10-07T03:56:27.829Z,179134538782900
"""Cam @ eWUSzBpS1d"" checks",2026-10-07T03:56:26.954Z,179134538695400
"""jaan @ O6Q78KIRx-"" checks",2026-10-07T03:56:24.911Z,179134538491100
"River: K♥, 5♣, 10♦, 6♠ [Q♣]",2026-10-07T03:56:24.225Z,179134538422500
"""Cam @ eWUSzBpS1d"" checks",2026-10-07T03:56:23.357Z,179134538335700
"""jaan @ O6Q78KIRx-"" checks",2026-10-07T03:56:22.525Z,179134538252500
"Turn: K♥, 5♣, 10♦ [6♠]",2026-10-07T03:56:22.467Z,179134538246700
"""Cam @ eWUSzBpS1d"" checks",2026-10-07T03:56:21.644Z,179134538164400
"""jaan @ O6Q78KIRx-"" checks",2026-10-07T03:56:20.817Z,179134538081700
"Flop:  [K♥, 5♣, 10♦]",2026-10-07T03:56:19.890Z,179134537989000
"""Cam @ eWUSzBpS1d"" checks",2026-10-07T03:56:19.085Z,179134537908500
"""jaan @ O6Q78KIRx-"" calls 0.50",2026-10-07T03:56:18.069Z,179134537806900
"""Dih @ GO72Iwd2XL"" folds",2026-10-07T03:56:16.992Z,179134537699200
"""rowan @ GthBpPSqaK"" folds",2026-10-07T03:56:16.134Z,179134537613400
"""Cam @ eWUSzBpS1d"" posts a big blind of 0.50",2026-10-07T03:56:15.064Z,179134537506407
"""jaan @ O6Q78KIRx-"" posts a small blind of 0.25",2026-10-07T03:56:15.064Z,179134537506406
"Your hand is 8♣, 3♠",2026-10-07T03:56:15.064Z,179134537506404
"Player stacks: #1 ""Dih @ GO72Iwd2XL"" (256.07) | #2 ""jaan @ O6Q78KIRx-"" (88.23) | #5 ""Cam @ eWUSzBpS1d"" (154.87) | #10 ""rowan @ GthBpPSqaK"" (91.76)",2026-10-07T03:56:15.064Z,179134537506401
"-- starting hand #388 (id: fwqiaipudgo1)  No Limit Texas Hold'em (dealer: ""Dih @ GO72Iwd2XL"") --",2026-10-07T03:56:15.064Z,179134537506400
"""rowan @ GthBpPSqaK"" shows a 2♦, 6♦.",2026-10-07T03:56:12.918Z,179134537291800
"-- ending hand #387 --",2026-10-07T03:56:11.412Z,179134537141202
"""jaan @ O6Q78KIRx-"" collected 2.49 from pot",2026-10-07T03:56:11.412Z,179134537141201
"Uncalled bet of 2.49 returned to ""jaan @ O6Q78KIRx-""",2026-10-07T03:56:11.412Z,179134537141200
"""rowan @ GthBpPSqaK"" folds",2026-10-07T03:56:10.567Z,179134537056700
"""jaan @ O6Q78KIRx-"" bets 2.49",2026-10-07T03:56:09.705Z,179134536970500
"River: 3♣, 10♠, 4♦, 4♣ [Q♥]",2026-10-07T03:56:07.524Z,179134536752400
"""rowan @ GthBpPSqaK"" calls 0.62",2026-10-07T03:56:06.704Z,179134536670400
"""jaan @ O6Q78KIRx-"" bets 0.62",2026-10-07T03:56:05.433Z,179134536543300
"Turn: 3♣, 10♠, 4♦ [4♣]",2026-10-07T03:56:04.411Z,179134536441100
"""rowan @ GthBpPSqaK"" checks",2026-10-07T03:56:03.570Z,179134536357000
"""jaan @ O6Q78KIRx-"" checks",2026-10-07T03:56:02.526Z,179134536252600
"Flop:  [3♣, 10♠, 4♦]",2026-10-07T03:56:01.793Z,179134536179300
"""jaan @ O6Q78KIRx-"" checks",2026-10-07T03:56:00.925Z,179134536092500
"""Dih @ GO72Iwd2XL"" folds",2026-10-07T03:55:58.760Z,179134535876000
"""rowan @ GthBpPSqaK"" calls 0.50",2026-10-07T03:55:56.887Z,179134535688700
"""Cam @ eWUSzBpS1d"" folds",2026-10-07T03:55:55.841Z,179134535584100
"""jaan @ O6Q78KIRx-"" posts a big blind of 0.50",2026-10-07T03:55:54.797Z,179134535479707
"""Dih @ GO72Iwd2XL"" posts a small blind of 0.25",2026-10-07T03:55:54.797Z,179134535479706
"Your hand is 8♦, 6♠",2026-10-07T03:55:54.797Z,179134535479704
"Player stacks: #1 ""Dih @ GO72Iwd2XL"" (256.32) | #2 ""jaan @ O6Q78KIRx-"" (86.86) | #5 ""Cam @ eWUSzBpS1d"" (154.87) | #10 ""rowan @ GthBpPSqaK"" (92.88)",2026-10-07T03:55:54.797Z,179134535479701
"-- starting hand #387 (id: xcz4k8qy76a6)  No Limit Texas Hold'em (dealer: ""rowan @ GthBpPSqaK"") --",2026-10-07T03:55:54.797Z,179134535479700
"""Cam @ eWUSzBpS1d"" shows a A♣, Q♠.",2026-10-07T03:55:51.496Z,179134535149600
"""Dih @ GO72Iwd2XL"" shows a 2♦, 3♠.",2026-10-07T03:55:49.025Z,179134534902500
"Undealt cards: 7♥, 3♦, K♣, 6♥ [8♥]",2026-10-07T03:55:48.110Z,179134534811000
"-- ending hand #386 --",2026-10-07T03:55:47.495Z,179134534749502
"""jaan @ O6Q78KIRx-"" collected 29.64 from pot",2026-10-07T03:55:47.495Z,179134534749501
"Uncalled bet of 57.22 returned to ""jaan @ O6Q78KIRx-""",2026-10-07T03:55:47.495Z,179134534749500
"""Dih @ GO72Iwd2XL"" folds",2026-10-07T03:55:46.656Z,179134534665600
"""jaan @ O6Q78KIRx-"" bets 57.22 and go all in",2026-10-07T03:55:44.517Z,179134534451700
"""Dih @ GO72Iwd2XL"" checks",2026-10-07T03:55:39.988Z,179134533998800
"Turn: 7♥, 3♦, K♣ [6♥]",2026-10-07T03:55:38.286Z,179134533828600
"""Dih @ GO72Iwd2XL"" calls 8.89",2026-10-07T03:55:37.407Z,179134533740700
"""Cam @ eWUSzBpS1d"" folds",2026-10-07T03:55:27.102Z,179134532710200
"""jaan @ O6Q78KIRx-"" bets 8.89",2026-10-07T03:55:26.195Z,179134532619500
"""Dih @ GO72Iwd2XL"" checks",2026-10-07T03:55:24.157Z,179134532415700
"Flop:  [7♥, 3♦, K♣]",2026-10-07T03:55:22.497Z,179134532249700
"""jaan @ O6Q78KIRx-"" calls 3.87",2026-10-07T03:55:21.690Z,179134532169000
"""Dih @ GO72Iwd2XL"" calls 3.87",2026-10-07T03:55:20.179Z,179134532017900
"""rowan @ GthBpPSqaK"" folds",2026-10-07T03:55:19.318Z,179134531931800
"""Cam @ eWUSzBpS1d"" raises to 3.87",2026-10-07T03:55:18.400Z,179134531840000
"""jaan @ O6Q78KIRx-"" raises to 1.75",2026-10-07T03:55:14.067Z,179134531406700
"""Dih @ GO72Iwd2XL"" posts a big blind of 0.50",2026-10-07T03:55:12.277Z,179134531227707
"""rowan @ GthBpPSqaK"" posts a small blind of 0.25",2026-10-07T03:55:12.277Z,179134531227706
"Your hand is A♣, Q♠",2026-10-07T03:55:12.277Z,179134531227704
"Player stacks: #1 ""Dih @ GO72Iwd2XL"" (269.08) | #2 ""jaan @ O6Q78KIRx-"" (69.98) | #5 ""Cam @ eWUSzBpS1d"" (158.74) | #10 ""rowan @ GthBpPSqaK"" (93.13)",2026-10-07T03:55:12.277Z,179134531227701
"-- starting hand #386 (id: wja2i5ysnxnb)  No Limit Texas Hold'em (dealer: ""Cam @ eWUSzBpS1d"") --",2026-10-07T03:55:12.277Z,179134531227700
"""jaan @ O6Q78KIRx-"" shows a 8♠, 7♥.",2026-10-07T03:55:07.948Z,179134530794800
"""Cam @ eWUSzBpS1d"" shows a Q♠, 8♣.",2026-10-07T03:55:06.430Z,179134530643000
"-- ending hand #385 --",2026-10-07T03:55:05.265Z,179134530526503
"""Dih @ GO72Iwd2XL"" collected 48.25 from pot with Three of a Kind, 3's (combination: J♦, A♥, 3♦, 3♠, 3♥)",2026-10-07T03:55:05.265Z,179134530526502
"""Dih @ GO72Iwd2XL"" shows a 3♦, 3♠.",2026-10-07T03:55:05.265Z,179134530526501
"""rowan @ GthBpPSqaK"" shows a K♦, 10♦.",2026-10-07T03:55:05.265Z,179134530526500
"""Dih @ GO72Iwd2XL"" calls 0.50",2026-10-07T03:55:04.324Z,179134530432400
"""rowan @ GthBpPSqaK"" bets 0.50",2026-10-07T03:55:02.938Z,179134530293800
"River: 3♥, J♦, 10♠, 9♠ [A♥]",2026-10-07T03:55:00.295Z,179134530029500
"""rowan @ GthBpPSqaK"" calls 15.75",2026-10-07T03:54:59.486Z,179134529948600
"""Dih @ GO72Iwd2XL"" bets 15.75",2026-10-07T03:54:55.372Z,179134529537200
"""rowan @ GthBpPSqaK"" checks",2026-10-07T03:54:53.493Z,179134529349300
"Turn: 3♥, J♦, 10♠ [9♠]",2026-10-07T03:54:53.062Z,179134529306200
"""rowan @ GthBpPSqaK"" calls 5.25",2026-10-07T03:54:52.203Z,179134529220300
"""Dih @ GO72Iwd2XL"" bets 5.25",2026-10-07T03:54:51.288Z,179134529128800
"""rowan @ GthBpPSqaK"" checks",2026-10-07T03:54:49.350Z,179134528935000
"Flop:  [3♥, J♦, 10♠]",2026-10-07T03:54:48.262Z,179134528826200
"""rowan @ GthBpPSqaK"" calls 2.50",2026-10-07T03:54:47.400Z,179134528740000
"""Cam @ eWUSzBpS1d"" folds",2026-10-07T03:54:46.484Z,179134528648400
"""jaan @ O6Q78KIRx-"" folds",2026-10-07T03:54:45.577Z,179134528557700
"""Dih @ GO72Iwd2XL"" raises to 2.50",2026-10-07T03:54:43.239Z,179134528323900
"""rowan @ GthBpPSqaK"" posts a big blind of 0.50",2026-10-07T03:54:38.632Z,179134527863207
"""Cam @ eWUSzBpS1d"" posts a small blind of 0.25",2026-10-07T03:54:38.632Z,179134527863206
"Your hand is Q♠, 8♣",2026-10-07T03:54:38.632Z,179134527863204
"Player stacks: #1 ""Dih @ GO72Iwd2XL"" (244.83) | #2 ""jaan @ O6Q78KIRx-"" (69.98) | #5 ""Cam @ eWUSzBpS1d"" (158.99) | #10 ""rowan @ GthBpPSqaK"" (117.13)",2026-10-07T03:54:38.632Z,179134527863201
"-- starting hand #385 (id: h6gyfjt2d8oj)  No Limit Texas Hold'em (dealer: ""jaan @ O6Q78KIRx-"") --",2026-10-07T03:54:38.632Z,179134527863200
"Undealt cards: 8♥, K♦, 6♣, 10♥ [6♦]",2026-10-07T03:54:32.799Z,179134527279900
"""Dih @ GO72Iwd2XL"" shows a 6♥, K♥.",2026-10-07T03:54:32.438Z,179134527243800
"-- ending hand #384 --",2026-10-07T03:54:32.016Z,179134527201602
"""Dih @ GO72Iwd2XL"" collected 18.00 from pot",2026-10-07T03:54:32.016Z,179134527201601
"Uncalled bet of 226.83 returned to ""Dih @ GO72Iwd2XL""",2026-10-07T03:54:32.016Z,179134527201600
"""jaan @ O6Q78KIRx-"" folds",2026-10-07T03:54:31.170Z,179134527117000
"""Dih @ GO72Iwd2XL"" bets 226.83 and go all in",2026-10-07T03:54:29.840Z,179134526984000
"""jaan @ O6Q78KIRx-"" checks",2026-10-07T03:54:27.952Z,179134526795200
"Turn: 8♥, K♦, 6♣ [10♥]",2026-10-07T03:54:27.344Z,179134526734400
"""Cam @ eWUSzBpS1d"" folds",2026-10-07T03:54:26.525Z,179134526652500
"""jaan @ O6Q78KIRx-"" calls 6.00",2026-10-07T03:54:25.693Z,179134526569300
"""Dih @ GO72Iwd2XL"" bets 6.00",2026-10-07T03:54:24.206Z,179134526420600
"""Cam @ eWUSzBpS1d"" checks",2026-10-07T03:54:22.124Z,179134526212400
"""jaan @ O6Q78KIRx-"" checks",2026-10-07T03:54:21.260Z,179134526126000
"Flop:  [8♥, K♦, 6♣]",2026-10-07T03:54:19.993Z,179134525999300
"""Cam @ eWUSzBpS1d"" calls 2.00",2026-10-07T03:54:19.187Z,179134525918700
"""jaan @ O6Q78KIRx-"" calls 2.00",2026-10-07T03:54:18.081Z,179134525808100
"""Dih @ GO72Iwd2XL"" raises to 2.00",2026-10-07T03:54:16.989Z,179134525698900
"""rowan @ GthBpPSqaK"" folds",2026-10-07T03:54:14.725Z,179134525472500
"""Cam @ eWUSzBpS1d"" posts a big blind of 0.50",2026-10-07T03:54:13.388Z,179134525338807
"""jaan @ O6Q78KIRx-"" posts a small blind of 0.25",2026-10-07T03:54:13.388Z,179134525338806
"Your hand is 2♦, 9♦",2026-10-07T03:54:13.388Z,179134525338804
"Player stacks: #1 ""Dih @ GO72Iwd2XL"" (234.83) | #2 ""jaan @ O6Q78KIRx-"" (77.98) | #5 ""Cam @ eWUSzBpS1d"" (160.99) | #10 ""rowan @ GthBpPSqaK"" (117.13)",2026-10-07T03:54:13.388Z,179134525338801
"-- starting hand #384 (id: pztujsij5sui)  No Limit Texas Hold'em (dealer: ""Dih @ GO72Iwd2XL"") --",2026-10-07T03:54:13.388Z,179134525338800
"""Cam @ eWUSzBpS1d"" shows a A♥, 9♠.",2026-10-07T03:54:10.040Z,179134525004000
"""Dih @ GO72Iwd2XL"" shows a A♣.",2026-10-07T03:54:09.705Z,179134524970500
"-- ending hand #383 --",2026-10-07T03:54:09.082Z,179134524908201
"""Cam @ eWUSzBpS1d"" collected 40.50 from pot",2026-10-07T03:54:09.082Z,179134524908200
"""Dih @ GO72Iwd2XL"" folds",2026-10-07T03:54:08.274Z,179134524827400
"River: 7♦, A♠, 4♣, 4♠ [8♠]",2026-10-07T03:54:04.583Z,179134524458300
"""Cam @ eWUSzBpS1d"" calls 13.50",2026-10-07T03:54:03.774Z,179134524377400
"""Dih @ GO72Iwd2XL"" bets 13.50",2026-10-07T03:53:28.623Z,179134520862300
"Turn: 7♦, A♠, 4♣ [4♠]",2026-10-07T03:53:26.369Z,179134520636900
"""Cam @ eWUSzBpS1d"" calls 4.50",2026-10-07T03:53:25.562Z,179134520556200
"""Dih @ GO72Iwd2XL"" bets 4.50",2026-10-07T03:53:24.690Z,179134520469000
"Flop:  [7♦, A♠, 4♣]",2026-10-07T03:53:22.314Z,179134520231400
"""Cam @ eWUSzBpS1d"" calls 2.00",2026-10-07T03:53:21.472Z,179134520147200
"""jaan @ O6Q78KIRx-"" folds",2026-10-07T03:53:20.594Z,179134520059400
"""Dih @ GO72Iwd2XL"" raises to 2.00",2026-10-07T03:53:18.389Z,179134519838900
"""rowan @ GthBpPSqaK"" folds",2026-10-07T03:53:14.245Z,179134519424500
"""Cam @ eWUSzBpS1d"" calls 0.50",2026-10-07T03:53:13.360Z,179134519336000
"""jaan @ O6Q78KIRx-"" posts a big blind of 0.50",2026-10-07T03:53:12.382Z,179134519238207
"""Dih @ GO72Iwd2XL"" posts a small blind of 0.25",2026-10-07T03:53:12.382Z,179134519238206
"Your hand is A♥, 9♠",2026-10-07T03:53:12.382Z,179134519238204
"Player stacks: #1 ""Dih @ GO72Iwd2XL"" (254.83) | #2 ""jaan @ O6Q78KIRx-"" (78.48) | #5 ""Cam @ eWUSzBpS1d"" (140.49) | #10 ""rowan @ GthBpPSqaK"" (117.13)",2026-10-07T03:53:12.382Z,179134519238201
"-- starting hand #383 (id: qqejqx9uuhlw)  No Limit Texas Hold'em (dealer: ""rowan @ GthBpPSqaK"") --",2026-10-07T03:53:12.382Z,179134519238200
"Undealt cards:  [K♣, Q♥, A♥, A♠, K♠]",2026-10-07T03:53:07.819Z,179134518781900
"""Dih @ GO72Iwd2XL"" shows a J♥, 4♦.",2026-10-07T03:53:06.229Z,179134518622900
"-- ending hand #382 --",2026-10-07T03:53:05.772Z,179134518577202
"""Dih @ GO72Iwd2XL"" collected 1.50 from pot",2026-10-07T03:53:05.772Z,179134518577201
"Uncalled bet of 9.50 returned to ""Dih @ GO72Iwd2XL""",2026-10-07T03:53:05.772Z,179134518577200
"""rowan @ GthBpPSqaK"" folds",2026-10-07T03:53:04.965Z,179134518496500
"""jaan @ O6Q78KIRx-"" folds",2026-10-07T03:53:04.092Z,179134518409200
"""Dih @ GO72Iwd2XL"" raises to 10.00",2026-10-07T03:52:59.087Z,179134517908700
"""rowan @ GthBpPSqaK"" calls 0.50",2026-10-07T03:52:54.564Z,179134517456400
"""Cam @ eWUSzBpS1d"" folds",2026-10-07T03:52:53.700Z,179134517370000
"""jaan @ O6Q78KIRx-"" calls 0.50",2026-10-07T03:52:52.832Z,179134517283200
"""Dih @ GO72Iwd2XL"" posts a big blind of 0.50",2026-10-07T03:52:51.670Z,179134517167007
"""rowan @ GthBpPSqaK"" posts a small blind of 0.25",2026-10-07T03:52:51.670Z,179134517167006
"Your hand is J♦, 8♣",2026-10-07T03:52:51.670Z,179134517167004
"Player stacks: #1 ""Dih @ GO72Iwd2XL"" (253.83) | #2 ""jaan @ O6Q78KIRx-"" (78.98) | #5 ""Cam @ eWUSzBpS1d"" (140.49) | #10 ""rowan @ GthBpPSqaK"" (117.63)",2026-10-07T03:52:51.670Z,179134517167001
"-- starting hand #382 (id: e6iqe7itapev)  No Limit Texas Hold'em (dealer: ""Cam @ eWUSzBpS1d"") --",2026-10-07T03:52:51.670Z,179134517167000
"Undealt cards: 8♠, J♣, J♠ [Q♦, A♥]",2026-10-07T03:52:51.106Z,179134517110600
"""rowan @ GthBpPSqaK"" shows a 5♦, 7♣.",2026-10-07T03:52:46.033Z,179134516603300
"""jaan @ O6Q78KIRx-"" shows a 8♥, K♣.",2026-10-07T03:52:44.579Z,179134516457900
"-- ending hand #381 --",2026-10-07T03:52:44.339Z,179134516433902
"""jaan @ O6Q78KIRx-"" collected 1.25 from pot",2026-10-07T03:52:44.339Z,179134516433901
"Uncalled bet of 1.25 returned to ""jaan @ O6Q78KIRx-""",2026-10-07T03:52:44.339Z,179134516433900
"""rowan @ GthBpPSqaK"" folds",2026-10-07T03:52:43.501Z,179134516350100
"""jaan @ O6Q78KIRx-"" bets 1.25",2026-10-07T03:52:42.574Z,179134516257400
"""rowan @ GthBpPSqaK"" checks",2026-10-07T03:52:39.797Z,179134515979700
"Flop:  [8♠, J♣, J♠]",2026-10-07T03:52:39.061Z,179134515906100
"""rowan @ GthBpPSqaK"" checks",2026-10-07T03:52:38.204Z,179134515820400
"""Cam @ eWUSzBpS1d"" folds",2026-10-07T03:52:37.172Z,179134515717200
"""jaan @ O6Q78KIRx-"" calls 0.50",2026-10-07T03:52:36.289Z,179134515628900
"""Dih @ GO72Iwd2XL"" folds",2026-10-07T03:52:34.842Z,179134515484200
"""rowan @ GthBpPSqaK"" posts a big blind of 0.50",2026-10-07T03:52:31.051Z,179134515105107
"""Cam @ eWUSzBpS1d"" posts a small blind of 0.25",2026-10-07T03:52:31.051Z,179134515105106
"Your hand is 6♠, K♥",2026-10-07T03:52:31.051Z,179134515105104
"Player stacks: #1 ""Dih @ GO72Iwd2XL"" (253.83) | #2 ""jaan @ O6Q78KIRx-"" (78.23) | #5 ""Cam @ eWUSzBpS1d"" (140.74) | #10 ""rowan @ GthBpPSqaK"" (118.13)",2026-10-07T03:52:31.051Z,179134515105101
"-- starting hand #381 (id: la0bex4o4lcq)  No Limit Texas Hold'em (dealer: ""jaan @ O6Q78KIRx-"") --",2026-10-07T03:52:31.051Z,179134515105100
"""Dih @ GO72Iwd2XL"" shows a Q♣, K♠.",2026-10-07T03:52:25.708Z,179134514570800
"""jaan @ O6Q78KIRx-"" shows a A♠, Q♦.",2026-10-07T03:52:25.174Z,179134514517400
"Undealt cards: 10♥, J♣, 2♠, J♥ [9♠]",2026-10-07T03:52:24.969Z,179134514496900
"-- ending hand #380 --",2026-10-07T03:52:23.648Z,179134514364802
"""jaan @ O6Q78KIRx-"" collected 33.00 from pot",2026-10-07T03:52:23.648Z,179134514364801
"Uncalled bet of 24.75 returned to ""jaan @ O6Q78KIRx-""",2026-10-07T03:52:23.648Z,179134514364800
"""Dih @ GO72Iwd2XL"" folds",2026-10-07T03:52:22.741Z,179134514274100
"""jaan @ O6Q78KIRx-"" bets 24.75",2026-10-07T03:52:17.608Z,179134513760800
"Turn: 10♥, J♣, 2♠ [J♥]",2026-10-07T03:52:07.083Z,179134512708300
"""Dih @ GO72Iwd2XL"" calls 8.25",2026-10-07T03:52:06.274Z,179134512627400
"""jaan @ O6Q78KIRx-"" bets 8.25",2026-10-07T03:52:05.407Z,179134512540700
"Flop:  [10♥, J♣, 2♠]",2026-10-07T03:52:01.469Z,179134512146900
"""Dih @ GO72Iwd2XL"" calls 8.00",2026-10-07T03:52:00.640Z,179134512064000
"""Cam @ eWUSzBpS1d"" folds",2026-10-07T03:51:59.772Z,179134511977200
"""jaan @ O6Q78KIRx-"" raises to 8.00",2026-10-07T03:51:58.882Z,179134511888200
"""Dih @ GO72Iwd2XL"" raises to 2.50",2026-10-07T03:51:57.049Z,179134511704900
"""rowan @ GthBpPSqaK"" folds",2026-10-07T03:51:54.870Z,179134511487000
"""Cam @ eWUSzBpS1d"" posts a big blind of 0.50",2026-10-07T03:51:53.353Z,179134511335307
"""jaan @ O6Q78KIRx-"" posts a small blind of 0.25",2026-10-07T03:51:53.353Z,179134511335306
"Your hand is 3♦, 10♣",2026-10-07T03:51:53.353Z,179134511335304
"Player stacks: #1 ""Dih @ GO72Iwd2XL"" (270.08) | #2 ""jaan @ O6Q78KIRx-"" (61.48) | #5 ""Cam @ eWUSzBpS1d"" (141.24) | #10 ""rowan @ GthBpPSqaK"" (118.13)",2026-10-07T03:51:53.353Z,179134511335301
"-- starting hand #380 (id: 10kb33ce68ay)  No Limit Texas Hold'em (dealer: ""Dih @ GO72Iwd2XL"") --",2026-10-07T03:51:53.353Z,179134511335300
"""Cam @ eWUSzBpS1d"" shows a J♠.",2026-10-07T03:51:50.286Z,179134511028600
"""Cam @ eWUSzBpS1d"" shows a 5♥.",2026-10-07T03:51:50.196Z,179134511019600
"""rowan @ GthBpPSqaK"" shows a 5♦, 2♠.",2026-10-07T03:51:48.576Z,179134510857600
"-- ending hand #379 --",2026-10-07T03:51:46.340Z,179134510634003
"""jaan @ O6Q78KIRx-"" collected 1.00 from pot with Three of a Kind, K's (combination: J♣, A♦, K♦, K♠, K♥)",2026-10-07T03:51:46.340Z,179134510634002
"""jaan @ O6Q78KIRx-"" shows a 5♣, J♣.",2026-10-07T03:51:46.340Z,179134510634001
"""Dih @ GO72Iwd2XL"" shows a 4♣, 10♣.",2026-10-07T03:51:46.340Z,179134510634000
"""jaan @ O6Q78KIRx-"" checks",2026-10-07T03:51:45.528Z,179134510552800
"""Dih @ GO72Iwd2XL"" checks",2026-10-07T03:51:44.675Z,179134510467500
"River: K♦, K♠, 2♥, K♥ [A♦]",2026-10-07T03:51:42.703Z,179134510270300
"""jaan @ O6Q78KIRx-"" checks",2026-10-07T03:51:41.894Z,179134510189400
"""Dih @ GO72Iwd2XL"" checks",2026-10-07T03:51:41.011Z,179134510101100
"Turn: K♦, K♠, 2♥ [K♥]",2026-10-07T03:51:39.460Z,179134509946000
"""jaan @ O6Q78KIRx-"" checks",2026-10-07T03:51:38.636Z,179134509863600
"""Dih @ GO72Iwd2XL"" checks",2026-10-07T03:51:37.294Z,179134509729400
"Flop:  [K♦, K♠, 2♥]",2026-10-07T03:51:35.362Z,179134509536200
"""jaan @ O6Q78KIRx-"" checks",2026-10-07T03:51:34.556Z,179134509455600
"""Dih @ GO72Iwd2XL"" calls 0.50",2026-10-07T03:51:28.174Z,179134508817400
"""rowan @ GthBpPSqaK"" folds",2026-10-07T03:51:26.909Z,179134508690900
"""Cam @ eWUSzBpS1d"" folds",2026-10-07T03:51:26.039Z,179134508603900
"""jaan @ O6Q78KIRx-"" posts a big blind of 0.50",2026-10-07T03:51:23.123Z,179134508312307
"""Dih @ GO72Iwd2XL"" posts a small blind of 0.25",2026-10-07T03:51:23.123Z,179134508312306
"Your hand is 5♥, J♠",2026-10-07T03:51:23.123Z,179134508312304
"Player stacks: #1 ""Dih @ GO72Iwd2XL"" (270.58) | #2 ""jaan @ O6Q78KIRx-"" (60.98) | #5 ""Cam @ eWUSzBpS1d"" (141.24) | #10 ""rowan @ GthBpPSqaK"" (118.13)",2026-10-07T03:51:23.123Z,179134508312301
"-- starting hand #379 (id: nnmzdpbi2n1x)  No Limit Texas Hold'em (dealer: ""rowan @ GthBpPSqaK"") --",2026-10-07T03:51:23.123Z,179134508312300
"""Dih @ GO72Iwd2XL"" shows a 2♣.",2026-10-07T03:51:20.055Z,179134508005500
"-- ending hand #378 --",2026-10-07T03:51:19.484Z,179134507948402
"""Dih @ GO72Iwd2XL"" collected 20.25 from pot",2026-10-07T03:51:19.484Z,179134507948401
"Uncalled bet of 250.33 returned to ""Dih @ GO72Iwd2XL""",2026-10-07T03:51:19.484Z,179134507948400
"""jaan @ O6Q78KIRx-"" folds",2026-10-07T03:51:18.658Z,179134507865800
"""Dih @ GO72Iwd2XL"" bets 250.33 and go all in",2026-10-07T03:51:15.690Z,179134507569000
"River: 2♦, 2♠, 9♦, 2♥ [10♠]",2026-10-07T03:51:13.305Z,179134507330500
"""rowan @ GthBpPSqaK"" folds",2026-10-07T03:51:12.499Z,179134507249900
"""jaan @ O6Q78KIRx-"" calls 6.75",2026-10-07T03:51:11.563Z,179134507156300
"""Dih @ GO72Iwd2XL"" bets 6.75",2026-10-07T03:51:06.456Z,179134506645600
"""rowan @ GthBpPSqaK"" checks",2026-10-07T03:51:04.475Z,179134506447500
"Turn: 2♦, 2♠, 9♦ [2♥]",2026-10-07T03:51:03.580Z,179134506358000
"""jaan @ O6Q78KIRx-"" checks",2026-10-07T03:51:02.768Z,179134506276800
"""Dih @ GO72Iwd2XL"" checks",2026-10-07T03:51:01.077Z,179134506107700
"""rowan @ GthBpPSqaK"" checks",2026-10-07T03:50:59.295Z,179134505929500
"Flop:  [2♦, 2♠, 9♦]",2026-10-07T03:50:58.343Z,179134505834300
"""Dih @ GO72Iwd2XL"" calls 2.25",2026-10-07T03:50:57.507Z,179134505750700
"""rowan @ GthBpPSqaK"" calls 2.25",2026-10-07T03:50:55.382Z,179134505538200
"""Cam @ eWUSzBpS1d"" folds",2026-10-07T03:50:54.510Z,179134505451000
"""jaan @ O6Q78KIRx-"" raises to 2.25",2026-10-07T03:50:51.988Z,179134505198800
"""Dih @ GO72Iwd2XL"" posts a big blind of 0.50",2026-10-07T03:50:47.539Z,179134504753907
"""rowan @ GthBpPSqaK"" posts a small blind of 0.25",2026-10-07T03:50:47.539Z,179134504753906
"Your hand is 7♦, Q♥",2026-10-07T03:50:47.539Z,179134504753904
"Player stacks: #1 ""Dih @ GO72Iwd2XL"" (259.33) | #2 ""jaan @ O6Q78KIRx-"" (69.98) | #5 ""Cam @ eWUSzBpS1d"" (141.24) | #10 ""rowan @ GthBpPSqaK"" (120.38)",2026-10-07T03:50:47.539Z,179134504753901
"-- starting hand #378 (id: hht2m4rt25gc)  No Limit Texas Hold'em (dealer: ""Cam @ eWUSzBpS1d"") --",2026-10-07T03:50:47.539Z,179134504753900
"""rowan @ GthBpPSqaK"" shows a Q♠, A♥.",2026-10-07T03:50:41.589Z,179134504158900
"""Cam @ eWUSzBpS1d"" shows a 7♦, A♠.",2026-10-07T03:50:40.458Z,179134504045800
"""Dih @ GO72Iwd2XL"" shows a 9♣, 9♦.",2026-10-07T03:50:39.822Z,179134503982200
"Undealt cards: 6♠, 7♠, K♠ [2♣, 2♠]",2026-10-07T03:50:39.767Z,179134503976700
"-- ending hand #377 --",2026-10-07T03:50:39.527Z,179134503952702
"""rowan @ GthBpPSqaK"" collected 28.25 from pot",2026-10-07T03:50:39.527Z,179134503952701
"Uncalled bet of 14.12 returned to ""rowan @ GthBpPSqaK""",2026-10-07T03:50:39.527Z,179134503952700
"""Dih @ GO72Iwd2XL"" folds",2026-10-07T03:50:38.666Z,179134503866600
"""rowan @ GthBpPSqaK"" bets 14.12",2026-10-07T03:50:33.897Z,179134503389700
"Flop:  [6♠, 7♠, K♠]",2026-10-07T03:50:27.753Z,179134502775300
"""rowan @ GthBpPSqaK"" calls 13.00",2026-10-07T03:50:26.924Z,179134502692400
"""jaan @ O6Q78KIRx-"" folds",2026-10-07T03:50:24.362Z,179134502436200
"""Dih @ GO72Iwd2XL"" raises to 13.00",2026-10-07T03:50:22.457Z,179134502245700
"""rowan @ GthBpPSqaK"" raises to 5.50",2026-10-07T03:50:17.100Z,179134501710000
"""Cam @ eWUSzBpS1d"" folds",2026-10-07T03:50:13.198Z,179134501319800
"""jaan @ O6Q78KIRx-"" calls 2.00",2026-10-07T03:50:12.357Z,179134501235700
"""Dih @ GO72Iwd2XL"" raises to 2.00",2026-10-07T03:50:10.775Z,179134501077500
"""rowan @ GthBpPSqaK"" posts a big blind of 0.50",2026-10-07T03:50:07.873Z,179134500787307
"""Cam @ eWUSzBpS1d"" posts a small blind of 0.25",2026-10-07T03:50:07.873Z,179134500787306
"Your hand is 7♦, A♠",2026-10-07T03:50:07.873Z,179134500787304
"Player stacks: #1 ""Dih @ GO72Iwd2XL"" (272.33) | #2 ""jaan @ O6Q78KIRx-"" (71.98) | #5 ""Cam @ eWUSzBpS1d"" (141.49) | #10 ""rowan @ GthBpPSqaK"" (105.13)",2026-10-07T03:50:07.873Z,179134500787301
"-- starting hand #377 (id: lgbyrizbhbch)  No Limit Texas Hold'em (dealer: ""jaan @ O6Q78KIRx-"") --",2026-10-07T03:50:07.873Z,179134500787300
"-- ending hand #376 --",2026-10-07T03:50:01.891Z,179134500189102
"""Cam @ eWUSzBpS1d"" collected 0.50 from pot",2026-10-07T03:50:01.891Z,179134500189101
"Uncalled bet of 0.25 returned to ""Cam @ eWUSzBpS1d""",2026-10-07T03:50:01.891Z,179134500189100
"""jaan @ O6Q78KIRx-"" folds",2026-10-07T03:50:00.965Z,179134500096500
"""Dih @ GO72Iwd2XL"" folds",2026-10-07T03:49:59.861Z,179134499986100
"""rowan @ GthBpPSqaK"" folds",2026-10-07T03:49:55.986Z,179134499598600
"""Cam @ eWUSzBpS1d"" posts a big blind of 0.50",2026-10-07T03:49:54.880Z,179134499488007
"""jaan @ O6Q78KIRx-"" posts a small blind of 0.25",2026-10-07T03:49:54.880Z,179134499488006
"Your hand is 2♦, Q♥",2026-10-07T03:49:54.880Z,179134499488004
"Player stacks: #1 ""Dih @ GO72Iwd2XL"" (272.33) | #2 ""jaan @ O6Q78KIRx-"" (72.23) | #5 ""Cam @ eWUSzBpS1d"" (141.24) | #10 ""rowan @ GthBpPSqaK"" (105.13)",2026-10-07T03:49:54.880Z,179134499488001
"-- starting hand #376 (id: rmo2wcyl01as)  No Limit Texas Hold'em (dealer: ""Dih @ GO72Iwd2XL"") --",2026-10-07T03:49:54.880Z,179134499488000
"-- ending hand #375 --",2026-10-07T03:49:48.877Z,179134498887702
"""jaan @ O6Q78KIRx-"" collected 1.25 from pot with Pair, J's (combination: 10♠, K♠, A♥, J♥, J♦)",2026-10-07T03:49:48.877Z,179134498887701
"""jaan @ O6Q78KIRx-"" shows a 10♠, 9♦.",2026-10-07T03:49:48.877Z,179134498887700
"""Cam @ eWUSzBpS1d"" checks",2026-10-07T03:49:48.062Z,179134498806200
"""jaan @ O6Q78KIRx-"" checks",2026-10-07T03:49:47.219Z,179134498721900
"River: K♠, A♥, J♥, J♦ [7♠]",2026-10-07T03:49:47.076Z,179134498707600
"""Cam @ eWUSzBpS1d"" checks",2026-10-07T03:49:46.258Z,179134498625800
"""jaan @ O6Q78KIRx-"" checks",2026-10-07T03:49:45.392Z,179134498539200
"Turn: K♠, A♥, J♥ [J♦]",2026-10-07T03:49:45.233Z,179134498523300
"""Cam @ eWUSzBpS1d"" checks",2026-10-07T03:49:44.408Z,179134498440800
"""jaan @ O6Q78KIRx-"" checks",2026-10-07T03:49:43.481Z,179134498348100
"Flop:  [K♠, A♥, J♥]",2026-10-07T03:49:42.188Z,179134498218800
"""jaan @ O6Q78KIRx-"" checks",2026-10-07T03:49:41.306Z,179134498130600
"""Dih @ GO72Iwd2XL"" folds",2026-10-07T03:49:40.430Z,179134498043000
"""rowan @ GthBpPSqaK"" folds",2026-10-07T03:49:39.470Z,179134497947000
"""Cam @ eWUSzBpS1d"" calls 0.50",2026-10-07T03:49:38.482Z,179134497848200
"""jaan @ O6Q78KIRx-"" posts a big blind of 0.50",2026-10-07T03:49:30.774Z,179134497077407
"""Dih @ GO72Iwd2XL"" posts a small blind of 0.25",2026-10-07T03:49:30.774Z,179134497077406
"Your hand is 6♦, 4♦",2026-10-07T03:49:30.774Z,179134497077404
"Player stacks: #1 ""Dih @ GO72Iwd2XL"" (272.58) | #2 ""jaan @ O6Q78KIRx-"" (71.48) | #5 ""Cam @ eWUSzBpS1d"" (141.74) | #10 ""rowan @ GthBpPSqaK"" (105.13)",2026-10-07T03:49:30.774Z,179134497077401
"-- starting hand #375 (id: mthourgfpwma)  No Limit Texas Hold'em (dealer: ""rowan @ GthBpPSqaK"") --",2026-10-07T03:49:30.774Z,179134497077400
"""Dih @ GO72Iwd2XL"" collected 3.00 from the 7-2 bounty",2026-10-07T03:49:27.848Z,179134496784803
"""Cam @ eWUSzBpS1d"" paid 1.00 for the 7-2 bounty to ""Dih @ GO72Iwd2XL""",2026-10-07T03:49:27.848Z,179134496784802
"""jaan @ O6Q78KIRx-"" paid 1.00 for the 7-2 bounty to ""Dih @ GO72Iwd2XL""",2026-10-07T03:49:27.848Z,179134496784801
"""rowan @ GthBpPSqaK"" paid 1.00 for the 7-2 bounty to ""Dih @ GO72Iwd2XL""",2026-10-07T03:49:27.848Z,179134496784800
"""Dih @ GO72Iwd2XL"" shows a 2♥, 7♦.",2026-10-07T03:49:21.759Z,179134496175900
"-- ending hand #374 --",2026-10-07T03:49:21.237Z,179134496123702
"""Dih @ GO72Iwd2XL"" collected 26.49 from pot",2026-10-07T03:49:21.237Z,179134496123701
"Uncalled bet of 13.24 returned to ""Dih @ GO72Iwd2XL""",2026-10-07T03:49:21.237Z,179134496123700
"""jaan @ O6Q78KIRx-"" folds",2026-10-07T03:49:20.408Z,179134496040800
"""Dih @ GO72Iwd2XL"" bets 13.24",2026-10-07T03:48:53.410Z,179134493341000
"Turn: K♥, J♥, 9♠ [7♣]",2026-10-07T03:48:49.679Z,179134492967900
"""jaan @ O6Q78KIRx-"" calls 6.12",2026-10-07T03:48:48.830Z,179134492883000
"""Dih @ GO72Iwd2XL"" bets 6.12",2026-10-07T03:48:44.891Z,179134492489100
"Flop:  [K♥, J♥, 9♠]",2026-10-07T03:48:40.406Z,179134492040600
"""jaan @ O6Q78KIRx-"" calls 7.00",2026-10-07T03:48:39.596Z,179134491959600
"""Dih @ GO72Iwd2XL"" raises to 7.00",2026-10-07T03:48:37.958Z,179134491795800
"""rowan @ GthBpPSqaK"" folds",2026-10-07T03:48:34.056Z,179134491405600
"""Cam @ eWUSzBpS1d"" folds",2026-10-07T03:48:33.195Z,179134491319500
"""jaan @ O6Q78KIRx-"" raises to 1.75",2026-10-07T03:48:32.345Z,179134491234500
"""Dih @ GO72Iwd2XL"" posts a big blind of 0.50",2026-10-07T03:48:30.562Z,179134491056207
"""rowan @ GthBpPSqaK"" posts a small blind of 0.25",2026-10-07T03:48:30.562Z,179134491056206
"Your hand is 8♣, Q♥",2026-10-07T03:48:30.562Z,179134491056204
"Player stacks: #1 ""Dih @ GO72Iwd2XL"" (256.21) | #2 ""jaan @ O6Q78KIRx-"" (85.60) | #5 ""Cam @ eWUSzBpS1d"" (142.74) | #10 ""rowan @ GthBpPSqaK"" (106.38)",2026-10-07T03:48:30.562Z,179134491056201
"-- starting hand #374 (id: ryf0vqqojhzp)  No Limit Texas Hold'em (dealer: ""Cam @ eWUSzBpS1d"") --",2026-10-07T03:48:30.562Z,179134491056200
"Undealt cards: 2♥, 6♣, 8♥ [10♠, A♦]",2026-10-07T03:48:27.498Z,179134490749800
"""rowan @ GthBpPSqaK"" shows a 8♦.",2026-10-07T03:48:24.586Z,179134490458600
"""Dih @ GO72Iwd2XL"" shows a 4♦, 9♦.",2026-10-07T03:48:23.992Z,179134490399200
"-- ending hand #373 --",2026-10-07T03:48:23.203Z,179134490320302
"""Dih @ GO72Iwd2XL"" collected 5.75 from pot",2026-10-07T03:48:23.203Z,179134490320301
"Uncalled bet of 5.75 returned to ""Dih @ GO72Iwd2XL""",2026-10-07T03:48:23.203Z,179134490320300
"""jaan @ O6Q78KIRx-"" folds",2026-10-07T03:48:22.389Z,179134490238900
"""Dih @ GO72Iwd2XL"" bets 5.75",2026-10-07T03:48:15.217Z,179134489521700
"Flop:  [2♥, 6♣, 8♥]",2026-10-07T03:48:11.467Z,179134489146700
"""rowan @ GthBpPSqaK"" folds",2026-10-07T03:48:10.661Z,179134489066100
"""Cam @ eWUSzBpS1d"" folds",2026-10-07T03:48:09.743Z,179134488974300
"""jaan @ O6Q78KIRx-"" calls 2.50",2026-10-07T03:48:02.297Z,179134488229700
"""Dih @ GO72Iwd2XL"" raises to 2.50",2026-10-07T03:47:59.868Z,179134487986800
"""rowan @ GthBpPSqaK"" posts a big blind of 0.50",2026-10-07T03:47:57.349Z,179134487734907
"""Cam @ eWUSzBpS1d"" posts a small blind of 0.25",2026-10-07T03:47:57.349Z,179134487734906
"Your hand is 6♥, K♠",2026-10-07T03:47:57.349Z,179134487734904
"Player stacks: #1 ""Dih @ GO72Iwd2XL"" (252.96) | #2 ""jaan @ O6Q78KIRx-"" (88.10) | #5 ""Cam @ eWUSzBpS1d"" (142.99) | #10 ""rowan @ GthBpPSqaK"" (106.88)",2026-10-07T03:47:57.349Z,179134487734901
"-- starting hand #373 (id: z1nvykf9unsf)  No Limit Texas Hold'em (dealer: ""jaan @ O6Q78KIRx-"") --",2026-10-07T03:47:57.349Z,179134487734900
"""rowan @ GthBpPSqaK"" shows a 4♠, 4♣.",2026-10-07T03:47:51.962Z,179134487196200
"-- ending hand #372 --",2026-10-07T03:47:50.796Z,179134487079602
"""jaan @ O6Q78KIRx-"" collected 1.50 from pot with Two Pair, 10's & 7's (combination: A♣, 7♣, 7♦, 10♠, 10♣)",2026-10-07T03:47:50.796Z,179134487079601
"""jaan @ O6Q78KIRx-"" shows a 9♠, A♣.",2026-10-07T03:47:50.796Z,179134487079600
"""rowan @ GthBpPSqaK"" checks",2026-10-07T03:47:49.987Z,179134486998700
"""Cam @ eWUSzBpS1d"" checks",2026-10-07T03:47:49.109Z,179134486910900
"""jaan @ O6Q78KIRx-"" checks",2026-10-07T03:47:48.242Z,179134486824200
"River: Q♥, 10♠, 7♣, 7♦ [10♣]",2026-10-07T03:47:47.079Z,179134486707900
"""rowan @ GthBpPSqaK"" checks",2026-10-07T03:47:46.192Z,179134486619200
"""Cam @ eWUSzBpS1d"" checks",2026-10-07T03:47:45.317Z,179134486531700
"""jaan @ O6Q78KIRx-"" checks",2026-10-07T03:47:44.423Z,179134486442300
"Turn: Q♥, 10♠, 7♣ [7♦]",2026-10-07T03:47:42.943Z,179134486294300
"""rowan @ GthBpPSqaK"" checks",2026-10-07T03:47:42.129Z,179134486212900
"""Cam @ eWUSzBpS1d"" checks",2026-10-07T03:47:41.207Z,179134486120700
"""jaan @ O6Q78KIRx-"" checks",2026-10-07T03:47:40.208Z,179134486020800
"Flop:  [Q♥, 10♠, 7♣]",2026-10-07T03:47:39.134Z,179134485913400
"""Cam @ eWUSzBpS1d"" checks",2026-10-07T03:47:38.301Z,179134485830100
"""jaan @ O6Q78KIRx-"" calls 0.50",2026-10-07T03:47:37.055Z,179134485705500
"""Dih @ GO72Iwd2XL"" folds",2026-10-07T03:47:33.594Z,179134485359400
"""rowan @ GthBpPSqaK"" calls 0.50",2026-10-07T03:47:31.363Z,179134485136300
"""Cam @ eWUSzBpS1d"" posts a big blind of 0.50",2026-10-07T03:47:29.525Z,179134484952507
"""jaan @ O6Q78KIRx-"" posts a small blind of 0.25",2026-10-07T03:47:29.525Z,179134484952506
"Your hand is 5♠, 6♦",2026-10-07T03:47:29.525Z,179134484952504
"Player stacks: #1 ""Dih @ GO72Iwd2XL"" (252.96) | #2 ""jaan @ O6Q78KIRx-"" (87.10) | #5 ""Cam @ eWUSzBpS1d"" (143.49) | #10 ""rowan @ GthBpPSqaK"" (107.38)",2026-10-07T03:47:29.525Z,179134484952501
"-- starting hand #372 (id: w0yuah7hbsqj)  No Limit Texas Hold'em (dealer: ""Dih @ GO72Iwd2XL"") --",2026-10-07T03:47:29.525Z,179134484952500
"-- ending hand #371 --",2026-10-07T03:47:23.516Z,179134484351601
"""rowan @ GthBpPSqaK"" collected 107.38 from pot with Two Pair, 5's & 2's (combination: 10♥, 2♠, 2♣, 5♠, 5♦)",2026-10-07T03:47:23.516Z,179134484351600
"River: 5♦, 8♥, 2♣, 6♥ [10♥]",2026-10-07T03:47:19.513Z,179134483951300
"""rowan @ GthBpPSqaK"" shows a 2♠, 5♠.",2026-10-07T03:47:15.510Z,179134483551001
"""jaan @ O6Q78KIRx-"" shows a Q♣, Q♥.",2026-10-07T03:47:15.510Z,179134483551000
"Some players choose to not run it twice.",2026-10-07T03:47:14.684Z,179134483468401
"""jaan @ O6Q78KIRx-"" chooses to not run it twice.",2026-10-07T03:47:14.684Z,179134483468400
"Remaining players decide whether to run it twice.",2026-10-07T03:47:13.838Z,179134483383801
"""jaan @ O6Q78KIRx-"" calls 43.07",2026-10-07T03:47:13.838Z,179134483383800
"""rowan @ GthBpPSqaK"" raises to 43.07 and go all in",2026-10-07T03:47:09.865Z,179134482986500
"""jaan @ O6Q78KIRx-"" bets 15.93",2026-10-07T03:47:04.524Z,179134482452400
"Turn: 5♦, 8♥, 2♣ [6♥]",2026-10-07T03:46:58.797Z,179134481879700
"""rowan @ GthBpPSqaK"" calls 6.37",2026-10-07T03:46:57.939Z,179134481793900
"""Cam @ eWUSzBpS1d"" folds",2026-10-07T03:46:56.658Z,179134481665800
"""jaan @ O6Q78KIRx-"" bets 6.37",2026-10-07T03:46:49.855Z,179134480985500
"Flop:  [5♦, 8♥, 2♣]",2026-10-07T03:46:46.185Z,179134480618500
"""rowan @ GthBpPSqaK"" calls 2.75",2026-10-07T03:46:45.333Z,179134480533300
"""Cam @ eWUSzBpS1d"" calls 2.75",2026-10-07T03:46:44.380Z,179134480438000
"""jaan @ O6Q78KIRx-"" raises to 2.75",2026-10-07T03:46:42.843Z,179134480284300
"""Dih @ GO72Iwd2XL"" folds",2026-10-07T03:46:39.721Z,179134479972100
"""rowan @ GthBpPSqaK"" calls 0.50",2026-10-07T03:46:38.801Z,179134479880100
"""Cam @ eWUSzBpS1d"" calls 0.50",2026-10-07T03:46:37.749Z,179134479774900
"""jaan @ O6Q78KIRx-"" posts a big blind of 0.50",2026-10-07T03:46:36.577Z,179134479657707
"""Dih @ GO72Iwd2XL"" posts a small blind of 0.25",2026-10-07T03:46:36.577Z,179134479657706
"Your hand is 4♥, 2♦",2026-10-07T03:46:36.577Z,179134479657704
"Player stacks: #1 ""Dih @ GO72Iwd2XL"" (253.21) | #2 ""jaan @ O6Q78KIRx-"" (139.29) | #5 ""Cam @ eWUSzBpS1d"" (146.24) | #10 ""rowan @ GthBpPSqaK"" (52.19)",2026-10-07T03:46:36.577Z,179134479657701
"-- starting hand #371 (id: f9ypgkqyywa4)  No Limit Texas Hold'em (dealer: ""rowan @ GthBpPSqaK"") --",2026-10-07T03:46:36.577Z,179134479657700
"""rowan @ GthBpPSqaK"" shows a 9♠, K♥.",2026-10-07T03:46:33.373Z,179134479337300
"-- ending hand #370 --",2026-10-07T03:46:29.972Z,179134478997204
"""Cam @ eWUSzBpS1d"" collected 8.62 from pot with Pair, 8's (combination: 10♥, K♦, A♣, 8♣, 8♦)",2026-10-07T03:46:29.972Z,179134478997203
"""Dih @ GO72Iwd2XL"" collected 8.63 from pot with Pair, 8's (combination: 10♥, K♦, A♦, 8♥, 8♦)",2026-10-07T03:46:29.972Z,179134478997202
"""Cam @ eWUSzBpS1d"" shows a 8♣, A♣.",2026-10-07T03:46:29.972Z,179134478997201
"""Dih @ GO72Iwd2XL"" shows a 8♥, A♦.",2026-10-07T03:46:29.972Z,179134478997200
"""Cam @ eWUSzBpS1d"" checks",2026-10-07T03:46:29.083Z,179134478908300
"""Dih @ GO72Iwd2XL"" checks",2026-10-07T03:46:28.193Z,179134478819300
"River: 10♥, 8♦, 6♦, K♦ [5♥]",2026-10-07T03:46:25.245Z,179134478524500
"""Cam @ eWUSzBpS1d"" checks",2026-10-07T03:46:24.410Z,179134478441000
"""Dih @ GO72Iwd2XL"" checks",2026-10-07T03:46:23.143Z,179134478314300
"Turn: 10♥, 8♦, 6♦ [K♦]",2026-10-07T03:46:21.364Z,179134478136400
"""Dih @ GO72Iwd2XL"" calls 5.75",2026-10-07T03:46:20.524Z,179134478052400
"""Cam @ eWUSzBpS1d"" bets 5.75",2026-10-07T03:46:19.374Z,179134477937400
"""Dih @ GO72Iwd2XL"" checks",2026-10-07T03:46:16.880Z,179134477688000
"Flop:  [10♥, 8♦, 6♦]",2026-10-07T03:46:14.962Z,179134477496200
"""Dih @ GO72Iwd2XL"" calls 2.75",2026-10-07T03:46:14.128Z,179134477412800
"""rowan @ GthBpPSqaK"" folds",2026-10-07T03:46:13.173Z,179134477317300
"""Cam @ eWUSzBpS1d"" raises to 2.75",2026-10-07T03:46:11.124Z,179134477112400
"""jaan @ O6Q78KIRx-"" folds",2026-10-07T03:46:06.633Z,179134476663300
"""Dih @ GO72Iwd2XL"" posts a big blind of 0.50",2026-10-07T03:46:05.741Z,179134476574107
"""rowan @ GthBpPSqaK"" posts a small blind of 0.25",2026-10-07T03:46:05.741Z,179134476574106
"Your hand is 8♣, A♣",2026-10-07T03:46:05.741Z,179134476574104
"Player stacks: #1 ""Dih @ GO72Iwd2XL"" (253.08) | #2 ""jaan @ O6Q78KIRx-"" (139.29) | #5 ""Cam @ eWUSzBpS1d"" (146.12) | #10 ""rowan @ GthBpPSqaK"" (52.44)",2026-10-07T03:46:05.741Z,179134476574101
"-- starting hand #370 (id: 8oaaypqihkqo)  No Limit Texas Hold'em (dealer: ""Cam @ eWUSzBpS1d"") --",2026-10-07T03:46:05.741Z,179134476574100
"""jaan @ O6Q78KIRx-"" shows a 9♦.",2026-10-07T03:46:02.567Z,179134476256700
"-- ending hand #369 --",2026-10-07T03:46:02.133Z,179134476213302
"""jaan @ O6Q78KIRx-"" collected 7.48 from pot",2026-10-07T03:46:02.133Z,179134476213301
"Uncalled bet of 5.61 returned to ""jaan @ O6Q78KIRx-""",2026-10-07T03:46:02.133Z,179134476213300
"""Cam @ eWUSzBpS1d"" folds",2026-10-07T03:46:01.319Z,179134476131900
"""jaan @ O6Q78KIRx-"" bets 5.61",2026-10-07T03:45:54.675Z,179134475467500
"""Cam @ eWUSzBpS1d"" checks",2026-10-07T03:45:52.494Z,179134475249400
"River: A♣, 4♠, 9♣, 4♦ [9♥]",2026-10-07T03:45:51.660Z,179134475166000
"""Cam @ eWUSzBpS1d"" calls 1.87",2026-10-07T03:45:50.847Z,179134475084700
"""jaan @ O6Q78KIRx-"" bets 1.87",2026-10-07T03:45:49.850Z,179134474985000
"""Cam @ eWUSzBpS1d"" checks",2026-10-07T03:45:47.701Z,179134474770100
"Turn: A♣, 4♠, 9♣ [4♦]",2026-10-07T03:45:46.361Z,179134474636100
"""rowan @ GthBpPSqaK"" folds",2026-10-07T03:45:45.514Z,179134474551400
"""Cam @ eWUSzBpS1d"" calls 1.12",2026-10-07T03:45:44.639Z,179134474463900
"""jaan @ O6Q78KIRx-"" bets 1.12",2026-10-07T03:45:43.410Z,179134474341000
"""rowan @ GthBpPSqaK"" checks",2026-10-07T03:45:39.497Z,179134473949700
"""Cam @ eWUSzBpS1d"" checks",2026-10-07T03:45:38.638Z,179134473863800
"Flop:  [A♣, 4♠, 9♣]",2026-10-07T03:45:37.545Z,179134473754500
"""rowan @ GthBpPSqaK"" checks",2026-10-07T03:45:36.704Z,179134473670400
"""Cam @ eWUSzBpS1d"" calls 0.50",2026-10-07T03:45:35.763Z,179134473576300
"""jaan @ O6Q78KIRx-"" calls 0.50",2026-10-07T03:45:34.284Z,179134473428400
"""Dih @ GO72Iwd2XL"" folds",2026-10-07T03:45:33.347Z,179134473334700
"""rowan @ GthBpPSqaK"" posts a big blind of 0.50",2026-10-07T03:45:32.250Z,179134473225007
"""Cam @ eWUSzBpS1d"" posts a small blind of 0.25",2026-10-07T03:45:32.250Z,179134473225006
"Your hand is K♣, 10♥",2026-10-07T03:45:32.250Z,179134473225004
"Player stacks: #1 ""Dih @ GO72Iwd2XL"" (253.08) | #2 ""jaan @ O6Q78KIRx-"" (135.30) | #5 ""Cam @ eWUSzBpS1d"" (149.61) | #10 ""rowan @ GthBpPSqaK"" (52.94)",2026-10-07T03:45:32.250Z,179134473225001
"-- starting hand #369 (id: 7qtlqauhxscf)  No Limit Texas Hold'em (dealer: ""jaan @ O6Q78KIRx-"") --",2026-10-07T03:45:32.250Z,179134473225000
"""Dih @ GO72Iwd2XL"" shows a 2♣.",2026-10-07T03:45:27.459Z,179134472745900
"Undealt cards: 2♠, 9♠, 8♣ [4♦, 6♣]",2026-10-07T03:45:26.106Z,179134472610600
"-- ending hand #368 --",2026-10-07T03:45:25.600Z,179134472560002
"""jaan @ O6Q78KIRx-"" collected 13.50 from pot",2026-10-07T03:45:25.600Z,179134472560001
"Uncalled bet of 10.12 returned to ""jaan @ O6Q78KIRx-""",2026-10-07T03:45:25.600Z,179134472560000
"""rowan @ GthBpPSqaK"" folds",2026-10-07T03:45:24.785Z,179134472478500
"""jaan @ O6Q78KIRx-"" bets 10.12",2026-10-07T03:45:20.166Z,179134472016600
"Flop:  [2♠, 9♠, 8♣]",2026-10-07T03:45:14.991Z,179134471499100
"""rowan @ GthBpPSqaK"" calls 6.50",2026-10-07T03:45:14.155Z,179134471415500
"""Cam @ eWUSzBpS1d"" folds",2026-10-07T03:45:12.214Z,179134471221400
"""jaan @ O6Q78KIRx-"" raises to 6.50",2026-10-07T03:45:10.049Z,179134471004900
"""Dih @ GO72Iwd2XL"" folds",2026-10-07T03:45:07.238Z,179134470723800
"""rowan @ GthBpPSqaK"" raises to 2.00",2026-10-07T03:45:06.327Z,179134470632700
"""Cam @ eWUSzBpS1d"" posts a big blind of 0.50",2026-10-07T03:45:03.127Z,179134470312707
"""jaan @ O6Q78KIRx-"" posts a small blind of 0.25",2026-10-07T03:45:03.127Z,179134470312706
"Your hand is 8♥, 5♦",2026-10-07T03:45:03.127Z,179134470312704
"Player stacks: #1 ""Dih @ GO72Iwd2XL"" (253.08) | #2 ""jaan @ O6Q78KIRx-"" (128.30) | #5 ""Cam @ eWUSzBpS1d"" (150.11) | #10 ""rowan @ GthBpPSqaK"" (59.44)",2026-10-07T03:45:03.127Z,179134470312701
"-- starting hand #368 (id: 7w7vq4bngb0i)  No Limit Texas Hold'em (dealer: ""Dih @ GO72Iwd2XL"") --",2026-10-07T03:45:03.127Z,179134470312700
"""Cam @ eWUSzBpS1d"" shows a 9♣, A♣.",2026-10-07T03:44:57.768Z,179134469776800
"""Dih @ GO72Iwd2XL"" shows a K♠, K♦.",2026-10-07T03:44:56.059Z,179134469605900
"Undealt cards: 9♥, 9♠, Q♠, 6♦ [A♥]",2026-10-07T03:44:55.952Z,179134469595200
"-- ending hand #367 --",2026-10-07T03:44:55.752Z,179134469575202
"""Cam @ eWUSzBpS1d"" collected 24.00 from pot",2026-10-07T03:44:55.752Z,179134469575201
"Uncalled bet of 24.00 returned to ""Cam @ eWUSzBpS1d""",2026-10-07T03:44:55.752Z,179134469575200
"""Dih @ GO72Iwd2XL"" folds",2026-10-07T03:44:54.897Z,179134469489700
"""Cam @ eWUSzBpS1d"" bets 24.00",2026-10-07T03:44:44.881Z,179134468488100
"""Dih @ GO72Iwd2XL"" checks",2026-10-07T03:44:42.930Z,179134468293000
"Turn: 9♥, 9♠, Q♠ [6♦]",2026-10-07T03:44:35.147Z,179134467514700
"""rowan @ GthBpPSqaK"" folds",2026-10-07T03:44:34.319Z,179134467431900
"""Cam @ eWUSzBpS1d"" calls 8.00",2026-10-07T03:44:31.270Z,179134467127000
"""jaan @ O6Q78KIRx-"" folds",2026-10-07T03:44:30.050Z,179134467005000
"""Dih @ GO72Iwd2XL"" bets 8.00",2026-10-07T03:44:28.896Z,179134466889600
"Flop:  [9♥, 9♠, Q♠]",2026-10-07T03:44:25.650Z,179134466565000
"""rowan @ GthBpPSqaK"" calls 2.00",2026-10-07T03:44:24.818Z,179134466481800
"""Cam @ eWUSzBpS1d"" calls 2.00",2026-10-07T03:44:23.924Z,179134466392400
"""jaan @ O6Q78KIRx-"" calls 2.00",2026-10-07T03:44:20.272Z,179134466027200
"""Dih @ GO72Iwd2XL"" raises to 2.00",2026-10-07T03:44:19.194Z,179134465919400
"""rowan @ GthBpPSqaK"" calls 0.50",2026-10-07T03:44:16.926Z,179134465692600
"""Cam @ eWUSzBpS1d"" calls 0.50",2026-10-07T03:44:15.647Z,179134465564700
"""jaan @ O6Q78KIRx-"" posts a big blind of 0.50",2026-10-07T03:44:13.827Z,179134465382707
"""Dih @ GO72Iwd2XL"" posts a small blind of 0.25",2026-10-07T03:44:13.827Z,179134465382706
"Your hand is 9♣, A♣",2026-10-07T03:44:13.827Z,179134465382704
"Player stacks: #1 ""Dih @ GO72Iwd2XL"" (263.08) | #2 ""jaan @ O6Q78KIRx-"" (130.30) | #5 ""Cam @ eWUSzBpS1d"" (136.11) | #10 ""rowan @ GthBpPSqaK"" (61.44)",2026-10-07T03:44:13.827Z,179134465382701
"-- starting hand #367 (id: nizlza67paci)  No Limit Texas Hold'em (dealer: ""rowan @ GthBpPSqaK"") --",2026-10-07T03:44:13.827Z,179134465382700
"Undealt cards: K♦, 6♦, 2♥ [A♣, 3♥]",2026-10-07T03:44:11.260Z,179134465126000
"""jaan @ O6Q78KIRx-"" shows a A♠.",2026-10-07T03:44:10.201Z,179134465020100
"""rowan @ GthBpPSqaK"" shows a A♥.",2026-10-07T03:44:08.040Z,179134464804000
"-- ending hand #366 --",2026-10-07T03:44:06.498Z,179134464649802
"""jaan @ O6Q78KIRx-"" collected 1.50 from pot",2026-10-07T03:44:06.498Z,179134464649801
"Uncalled bet of 1.50 returned to ""jaan @ O6Q78KIRx-""",2026-10-07T03:44:06.498Z,179134464649800
"""Dih @ GO72Iwd2XL"" folds",2026-10-07T03:44:05.662Z,179134464566200
"""rowan @ GthBpPSqaK"" folds",2026-10-07T03:44:04.797Z,179134464479700
"""jaan @ O6Q78KIRx-"" bets 1.50",2026-10-07T03:44:03.932Z,179134464393200
"""Dih @ GO72Iwd2XL"" checks",2026-10-07T03:44:01.521Z,179134464152100
"""rowan @ GthBpPSqaK"" checks",2026-10-07T03:44:00.516Z,179134464051600
"Flop:  [K♦, 6♦, 2♥]",2026-10-07T03:43:59.280Z,179134463928000
"""Dih @ GO72Iwd2XL"" checks",2026-10-07T03:43:58.447Z,179134463844700
"""rowan @ GthBpPSqaK"" calls 0.50",2026-10-07T03:43:53.389Z,179134463338900
"""Cam @ eWUSzBpS1d"" folds",2026-10-07T03:43:51.995Z,179134463199500
"""jaan @ O6Q78KIRx-"" calls 0.50",2026-10-07T03:43:49.522Z,179134462952200
"""Dih @ GO72Iwd2XL"" posts a big blind of 0.50",2026-10-07T03:43:48.578Z,179134462857807
"""rowan @ GthBpPSqaK"" posts a small blind of 0.25",2026-10-07T03:43:48.578Z,179134462857806
"Your hand is Q♦, 4♣",2026-10-07T03:43:48.578Z,179134462857804
"Player stacks: #1 ""Dih @ GO72Iwd2XL"" (263.58) | #2 ""jaan @ O6Q78KIRx-"" (129.30) | #5 ""Cam @ eWUSzBpS1d"" (136.11) | #10 ""rowan @ GthBpPSqaK"" (61.94)",2026-10-07T03:43:48.578Z,179134462857801
"-- starting hand #366 (id: 7gyi2flusajf)  No Limit Texas Hold'em (dealer: ""Cam @ eWUSzBpS1d"") --",2026-10-07T03:43:48.578Z,179134462857800
"""Dih @ GO72Iwd2XL"" shows a Q♦, A♦.",2026-10-07T03:43:43.511Z,179134462351100
"Undealt cards: K♣, 8♥, J♦ [10♦, 6♦]",2026-10-07T03:43:42.824Z,179134462282400
"-- ending hand #365 --",2026-10-07T03:43:41.970Z,179134462197002
"""Dih @ GO72Iwd2XL"" collected 6.50 from pot",2026-10-07T03:43:41.970Z,179134462197001
"Uncalled bet of 6.50 returned to ""Dih @ GO72Iwd2XL""",2026-10-07T03:43:41.970Z,179134462197000
"""Cam @ eWUSzBpS1d"" folds",2026-10-07T03:43:41.076Z,179134462107600
"""jaan @ O6Q78KIRx-"" folds",2026-10-07T03:43:34.427Z,179134461442700
"""Dih @ GO72Iwd2XL"" bets 6.50",2026-10-07T03:43:33.478Z,179134461347800
"""Cam @ eWUSzBpS1d"" checks",2026-10-07T03:43:30.993Z,179134461099300
"Flop:  [K♣, 8♥, J♦]",2026-10-07T03:43:29.671Z,179134460967100
"""rowan @ GthBpPSqaK"" folds",2026-10-07T03:43:28.863Z,179134460886300
"""Cam @ eWUSzBpS1d"" calls 2.00",2026-10-07T03:43:27.988Z,179134460798800
"""jaan @ O6Q78KIRx-"" calls 2.00",2026-10-07T03:43:27.074Z,179134460707400
"""Dih @ GO72Iwd2XL"" raises to 2.00",2026-10-07T03:43:24.528Z,179134460452800
"""rowan @ GthBpPSqaK"" posts a big blind of 0.50",2026-10-07T03:43:21.649Z,179134460164907
"""Cam @ eWUSzBpS1d"" posts a small blind of 0.25",2026-10-07T03:43:21.649Z,179134460164906
"Your hand is Q♣, 8♣",2026-10-07T03:43:21.649Z,179134460164904
"Player stacks: #1 ""Dih @ GO72Iwd2XL"" (259.08) | #2 ""jaan @ O6Q78KIRx-"" (131.30) | #5 ""Cam @ eWUSzBpS1d"" (138.11) | #10 ""rowan @ GthBpPSqaK"" (62.44)",2026-10-07T03:43:21.649Z,179134460164901
"-- starting hand #365 (id: kd0fctoxl4bn)  No Limit Texas Hold'em (dealer: ""jaan @ O6Q78KIRx-"") --",2026-10-07T03:43:21.649Z,179134460164900
"""rowan @ GthBpPSqaK"" shows a Q♥, 6♣.",2026-10-07T03:43:17.516Z,179134459751600
"""Cam @ eWUSzBpS1d"" shows a A♠, 4♦.",2026-10-07T03:43:16.187Z,179134459618700
"""Dih @ GO72Iwd2XL"" shows a A♣, A♦.",2026-10-07T03:43:14.278Z,179134459427800
"Undealt cards: Q♠, J♦, 10♣ [5♣, 5♥]",2026-10-07T03:43:13.889Z,179134459388900
"-- ending hand #364 --",2026-10-07T03:43:13.645Z,179134459364502
"""Dih @ GO72Iwd2XL"" collected 4.25 from pot",2026-10-07T03:43:13.645Z,179134459364501
"Uncalled bet of 4.25 returned to ""Dih @ GO72Iwd2XL""",2026-10-07T03:43:13.645Z,179134459364500
"""Cam @ eWUSzBpS1d"" folds",2026-10-07T03:43:12.817Z,179134459281700
"""Dih @ GO72Iwd2XL"" bets 4.25",2026-10-07T03:43:11.083Z,179134459108300
"""Cam @ eWUSzBpS1d"" checks",2026-10-07T03:43:08.786Z,179134458878600
"Flop:  [Q♠, J♦, 10♣]",2026-10-07T03:43:07.641Z,179134458764100
"""Cam @ eWUSzBpS1d"" calls 2.00",2026-10-07T03:43:06.821Z,179134458682100
"""jaan @ O6Q78KIRx-"" folds",2026-10-07T03:43:05.986Z,179134458598600
"""Dih @ GO72Iwd2XL"" raises to 2.00",2026-10-07T03:43:03.316Z,179134458331600
"""rowan @ GthBpPSqaK"" folds",2026-10-07T03:42:58.875Z,179134457887500
"""Cam @ eWUSzBpS1d"" posts a big blind of 0.50",2026-10-07T03:42:57.801Z,179134457780107
"""jaan @ O6Q78KIRx-"" posts a small blind of 0.25",2026-10-07T03:42:57.801Z,179134457780106
"Your hand is A♠, 4♦",2026-10-07T03:42:57.801Z,179134457780104
"Player stacks: #1 ""Dih @ GO72Iwd2XL"" (256.83) | #2 ""jaan @ O6Q78KIRx-"" (131.55) | #5 ""Cam @ eWUSzBpS1d"" (140.11) | #10 ""rowan @ GthBpPSqaK"" (62.44)",2026-10-07T03:42:57.801Z,179134457780101
"-- starting hand #364 (id: 0j6jp5tis0hl)  No Limit Texas Hold'em (dealer: ""Dih @ GO72Iwd2XL"") --",2026-10-07T03:42:57.801Z,179134457780100
"Undealt cards: 4♣, A♥, 5♥ [4♠, 5♦]",2026-10-07T03:42:52.109Z,179134457210900
"-- ending hand #363 --",2026-10-07T03:42:51.874Z,179134457187402
"""Cam @ eWUSzBpS1d"" collected 5.50 from pot",2026-10-07T03:42:51.874Z,179134457187401
"Uncalled bet of 5.50 returned to ""Cam @ eWUSzBpS1d""",2026-10-07T03:42:51.874Z,179134457187400
"""jaan @ O6Q78KIRx-"" folds",2026-10-07T03:42:51.027Z,179134457102700
"""rowan @ GthBpPSqaK"" folds",2026-10-07T03:42:50.182Z,179134457018200
"""Cam @ eWUSzBpS1d"" bets 5.50",2026-10-07T03:42:49.322Z,179134456932200
"""jaan @ O6Q78KIRx-"" checks",2026-10-07T03:42:47.508Z,179134456750800
"Flop:  [4♣, A♥, 5♥]",2026-10-07T03:42:46.747Z,179134456674700
"""jaan @ O6Q78KIRx-"" calls 1.75",2026-10-07T03:42:45.907Z,179134456590700
"""Dih @ GO72Iwd2XL"" folds",2026-10-07T03:42:44.987Z,179134456498700
"""rowan @ GthBpPSqaK"" calls 1.75",2026-10-07T03:42:44.094Z,179134456409400
"""Cam @ eWUSzBpS1d"" raises to 1.75",2026-10-07T03:42:43.142Z,179134456314200
"""jaan @ O6Q78KIRx-"" posts a big blind of 0.50",2026-10-07T03:42:40.371Z,179134456037107
"""Dih @ GO72Iwd2XL"" posts a small blind of 0.25",2026-10-07T03:42:40.371Z,179134456037106
"Your hand is 7♥, 9♥",2026-10-07T03:42:40.371Z,179134456037104
"Player stacks: #1 ""Dih @ GO72Iwd2XL"" (257.08) | #2 ""jaan @ O6Q78KIRx-"" (133.30) | #5 ""Cam @ eWUSzBpS1d"" (136.36) | #10 ""rowan @ GthBpPSqaK"" (64.19)",2026-10-07T03:42:40.371Z,179134456037101
"-- starting hand #363 (id: vm1flhhtxrld)  No Limit Texas Hold'em (dealer: ""rowan @ GthBpPSqaK"") --",2026-10-07T03:42:40.371Z,179134456037100
"""Cam @ eWUSzBpS1d"" shows a K♠, A♠.",2026-10-07T03:42:36.297Z,179134455629700
"""Dih @ GO72Iwd2XL"" shows a A♥, J♣.",2026-10-07T03:42:35.859Z,179134455585900
"""rowan @ GthBpPSqaK"" shows a 6♠, 7♦.",2026-10-07T03:42:35.797Z,179134455579700
"-- ending hand #362 --",2026-10-07T03:42:35.363Z,179134455536302
"""Cam @ eWUSzBpS1d"" collected 22.75 from pot",2026-10-07T03:42:35.363Z,179134455536301
"Uncalled bet of 17.06 returned to ""Cam @ eWUSzBpS1d""",2026-10-07T03:42:35.363Z,179134455536300
"""jaan @ O6Q78KIRx-"" folds",2026-10-07T03:42:34.550Z,179134455455000
"""Dih @ GO72Iwd2XL"" folds",2026-10-07T03:42:33.661Z,179134455366100
"""Cam @ eWUSzBpS1d"" bets 17.06",2026-10-07T03:42:32.772Z,179134455277200
"""jaan @ O6Q78KIRx-"" checks",2026-10-07T03:42:30.352Z,179134455035200
"""Dih @ GO72Iwd2XL"" checks",2026-10-07T03:42:29.512Z,179134454951200
"River: 4♦, 6♦, 3♥, 10♦ [K♣]",2026-10-07T03:42:28.295Z,179134454829500
"""Cam @ eWUSzBpS1d"" checks",2026-10-07T03:42:27.478Z,179134454747800
"""jaan @ O6Q78KIRx-"" checks",2026-10-07T03:42:26.587Z,179134454658700
"""Dih @ GO72Iwd2XL"" checks",2026-10-07T03:42:25.712Z,179134454571200
"Turn: 4♦, 6♦, 3♥ [10♦]",2026-10-07T03:42:24.050Z,179134454405000
"""Cam @ eWUSzBpS1d"" checks",2026-10-07T03:42:23.230Z,179134454323000
"""jaan @ O6Q78KIRx-"" checks",2026-10-07T03:42:19.991Z,179134453999100
"""Dih @ GO72Iwd2XL"" checks",2026-10-07T03:42:19.146Z,179134453914600
"Flop:  [4♦, 6♦, 3♥]",2026-10-07T03:42:17.354Z,179134453735400
"""jaan @ O6Q78KIRx-"" calls 7.50",2026-10-07T03:42:16.520Z,179134453652000
"""Dih @ GO72Iwd2XL"" calls 7.50",2026-10-07T03:42:15.668Z,179134453566800
"""rowan @ GthBpPSqaK"" folds",2026-10-07T03:42:14.701Z,179134453470100
"""Cam @ eWUSzBpS1d"" raises to 7.50",2026-10-07T03:42:13.472Z,179134453347200
"""jaan @ O6Q78KIRx-"" raises to 2.25",2026-10-07T03:42:09.202Z,179134452920200
"""Dih @ GO72Iwd2XL"" posts a big blind of 0.50",2026-10-07T03:42:05.437Z,179134452543707
"""rowan @ GthBpPSqaK"" posts a small blind of 0.25",2026-10-07T03:42:05.437Z,179134452543706
"Your hand is K♠, A♠",2026-10-07T03:42:05.437Z,179134452543704
"Player stacks: #1 ""Dih @ GO72Iwd2XL"" (264.58) | #2 ""jaan @ O6Q78KIRx-"" (140.80) | #5 ""Cam @ eWUSzBpS1d"" (121.11) | #10 ""rowan @ GthBpPSqaK"" (64.44)",2026-10-07T03:42:05.437Z,179134452543701
"-- starting hand #362 (id: 5ewwqo6086di)  No Limit Texas Hold'em (dealer: ""Cam @ eWUSzBpS1d"") --",2026-10-07T03:42:05.437Z,179134452543700
"Undealt cards: 5♥, J♥, 5♠ [10♦, Q♥]",2026-10-07T03:41:59.495Z,179134451949500
"""Dih @ GO72Iwd2XL"" shows a A♦, A♣.",2026-10-07T03:41:59.443Z,179134451944300
"-- ending hand #361 --",2026-10-07T03:41:58.786Z,179134451878602
"""Dih @ GO72Iwd2XL"" collected 40.50 from pot",2026-10-07T03:41:58.786Z,179134451878601
"Uncalled bet of 224.08 returned to ""Dih @ GO72Iwd2XL""",2026-10-07T03:41:58.786Z,179134451878600
"""Cam @ eWUSzBpS1d"" folds",2026-10-07T03:41:57.959Z,179134451795900
"""Dih @ GO72Iwd2XL"" raises to 242.08 and go all in",2026-10-07T03:41:35.033Z,179134449503300
"""Cam @ eWUSzBpS1d"" raises to 18.00",2026-10-07T03:41:32.532Z,179134449253200
"""Dih @ GO72Iwd2XL"" bets 4.50",2026-10-07T03:41:30.145Z,179134449014500
"""Cam @ eWUSzBpS1d"" checks",2026-10-07T03:41:27.946Z,179134448794600
"Flop:  [5♥, J♥, 5♠]",2026-10-07T03:41:26.528Z,179134448652800
"""rowan @ GthBpPSqaK"" folds",2026-10-07T03:41:25.721Z,179134448572100
"""Cam @ eWUSzBpS1d"" calls 2.00",2026-10-07T03:41:24.828Z,179134448482800
"""jaan @ O6Q78KIRx-"" folds",2026-10-07T03:41:22.574Z,179134448257400
"""Dih @ GO72Iwd2XL"" raises to 2.00",2026-10-07T03:41:21.495Z,179134448149500
"""rowan @ GthBpPSqaK"" posts a big blind of 0.50",2026-10-07T03:41:17.442Z,179134447744207
"""Cam @ eWUSzBpS1d"" posts a small blind of 0.25",2026-10-07T03:41:17.442Z,179134447744206
"Your hand is K♦, J♦",2026-10-07T03:41:17.442Z,179134447744204
"Player stacks: #1 ""Dih @ GO72Iwd2XL"" (244.08) | #2 ""jaan @ O6Q78KIRx-"" (140.80) | #5 ""Cam @ eWUSzBpS1d"" (141.11) | #10 ""rowan @ GthBpPSqaK"" (64.94)",2026-10-07T03:41:17.442Z,179134447744201
"-- starting hand #361 (id: ld1vdrqbepqv)  No Limit Texas Hold'em (dealer: ""jaan @ O6Q78KIRx-"") --",2026-10-07T03:41:17.442Z,179134447744200
"""Dih @ GO72Iwd2XL"" shows a 9♣, 2♣.",2026-10-07T03:41:13.463Z,179134447346300
"Undealt cards:  [J♥, 8♥, 5♣, 3♣, J♣]",2026-10-07T03:41:10.988Z,179134447098800
"-- ending hand #360 --",2026-10-07T03:41:10.789Z,179134447078902
"""Dih @ GO72Iwd2XL"" collected 1.25 from pot",2026-10-07T03:41:10.789Z,179134447078901
"Uncalled bet of 1.25 returned to ""Dih @ GO72Iwd2XL""",2026-10-07T03:41:10.789Z,179134447078900
"""Cam @ eWUSzBpS1d"" folds",2026-10-07T03:41:09.968Z,179134446996800
"""jaan @ O6Q78KIRx-"" folds",2026-10-07T03:41:09.102Z,179134446910200
"""Dih @ GO72Iwd2XL"" raises to 1.75",2026-10-07T03:41:08.212Z,179134446821200
"""rowan @ GthBpPSqaK"" folds",2026-10-07T03:41:05.762Z,179134446576200
"""Cam @ eWUSzBpS1d"" posts a big blind of 0.50",2026-10-07T03:41:04.291Z,179134446429107
"""jaan @ O6Q78KIRx-"" posts a small blind of 0.25",2026-10-07T03:41:04.291Z,179134446429106
"Your hand is 6♣, A♦",2026-10-07T03:41:04.291Z,179134446429104
"Player stacks: #1 ""Dih @ GO72Iwd2XL"" (243.33) | #2 ""jaan @ O6Q78KIRx-"" (141.05) | #5 ""Cam @ eWUSzBpS1d"" (141.61) | #10 ""rowan @ GthBpPSqaK"" (64.94)",2026-10-07T03:41:04.291Z,179134446429101
"-- starting hand #360 (id: s7fktkelwbjv)  No Limit Texas Hold'em (dealer: ""Dih @ GO72Iwd2XL"") --",2026-10-07T03:41:04.291Z,179134446429100
"""jaan @ O6Q78KIRx-"" shows a 10♦, J♥.",2026-10-07T03:40:58.813Z,179134445881300
"""Cam @ eWUSzBpS1d"" shows a J♣.",2026-10-07T03:40:58.255Z,179134445825500
"Undealt cards: 10♥, 4♦, A♠ [K♥, 5♥]",2026-10-07T03:40:56.976Z,179134445697600
"""rowan @ GthBpPSqaK"" shows a J♦, J♠.",2026-10-07T03:40:56.480Z,179134445648000
"-- ending hand #359 --",2026-10-07T03:40:56.280Z,179134445628002
"""jaan @ O6Q78KIRx-"" collected 5.25 from pot",2026-10-07T03:40:56.280Z,179134445628001
"Uncalled bet of 5.25 returned to ""jaan @ O6Q78KIRx-""",2026-10-07T03:40:56.280Z,179134445628000
"""rowan @ GthBpPSqaK"" folds",2026-10-07T03:40:55.416Z,179134445541600
"""jaan @ O6Q78KIRx-"" bets 5.25",2026-10-07T03:40:52.845Z,179134445284500
"Flop:  [10♥, 4♦, A♠]",2026-10-07T03:40:51.196Z,179134445119600
"""jaan @ O6Q78KIRx-"" calls 2.50",2026-10-07T03:40:50.369Z,179134445036900
"""Dih @ GO72Iwd2XL"" folds",2026-10-07T03:40:48.843Z,179134444884300
"""rowan @ GthBpPSqaK"" raises to 2.50",2026-10-07T03:40:47.968Z,179134444796800
"""Cam @ eWUSzBpS1d"" folds",2026-10-07T03:40:44.732Z,179134444473200
"""jaan @ O6Q78KIRx-"" posts a big blind of 0.50",2026-10-07T03:40:42.458Z,179134444245807
"""Dih @ GO72Iwd2XL"" posts a small blind of 0.25",2026-10-07T03:40:42.458Z,179134444245806
"Your hand is 6♣, J♣",2026-10-07T03:40:42.458Z,179134444245804
"Player stacks: #1 ""Dih @ GO72Iwd2XL"" (243.58) | #2 ""jaan @ O6Q78KIRx-"" (138.30) | #5 ""Cam @ eWUSzBpS1d"" (141.61) | #10 ""rowan @ GthBpPSqaK"" (67.44)",2026-10-07T03:40:42.458Z,179134444245801
"-- starting hand #359 (id: pxh7a3qt1z71)  No Limit Texas Hold'em (dealer: ""rowan @ GthBpPSqaK"") --",2026-10-07T03:40:42.458Z,179134444245800
"""jaan @ O6Q78KIRx-"" shows a K♥, Q♠.",2026-10-07T03:40:36.756Z,179134443675600
"Undealt cards: 2♠, 10♦, 9♣, K♦ [2♦]",2026-10-07T03:40:36.097Z,179134443609700
"-- ending hand #358 --",2026-10-07T03:40:35.849Z,179134443584902
"""jaan @ O6Q78KIRx-"" collected 14.00 from pot",2026-10-07T03:40:35.849Z,179134443584901
"Uncalled bet of 10.50 returned to ""jaan @ O6Q78KIRx-""",2026-10-07T03:40:35.849Z,179134443584900
"""Cam @ eWUSzBpS1d"" folds",2026-10-07T03:40:35.019Z,179134443501900
"""jaan @ O6Q78KIRx-"" bets 10.50",2026-10-07T03:40:31.819Z,179134443181900
"Turn: 2♠, 10♦, 9♣ [K♦]",2026-10-07T03:40:29.114Z,179134442911400
"""jaan @ O6Q78KIRx-"" calls 3.50",2026-10-07T03:40:28.278Z,179134442827800
"""Dih @ GO72Iwd2XL"" folds",2026-10-07T03:40:27.428Z,179134442742800
"""Cam @ eWUSzBpS1d"" bets 3.50",2026-10-07T03:40:26.302Z,179134442630200
"""jaan @ O6Q78KIRx-"" checks",2026-10-07T03:40:23.692Z,179134442369200
"""Dih @ GO72Iwd2XL"" checks",2026-10-07T03:40:21.482Z,179134442148200
"Flop:  [2♠, 10♦, 9♣]",2026-10-07T03:40:19.662Z,179134441966200
"""Dih @ GO72Iwd2XL"" calls 2.25",2026-10-07T03:40:18.851Z,179134441885100
"""rowan @ GthBpPSqaK"" folds",2026-10-07T03:40:17.909Z,179134441790900
"""Cam @ eWUSzBpS1d"" calls 2.25",2026-10-07T03:40:17.034Z,179134441703400
"""jaan @ O6Q78KIRx-"" raises to 2.25",2026-10-07T03:40:14.917Z,179134441491700
"""Dih @ GO72Iwd2XL"" posts a big blind of 0.50",2026-10-07T03:40:11.221Z,179134441122107
"""rowan @ GthBpPSqaK"" posts a small blind of 0.25",2026-10-07T03:40:11.221Z,179134441122106
"Your hand is 8♣, J♣",2026-10-07T03:40:11.221Z,179134441122104
"Player stacks: #1 ""Dih @ GO72Iwd2XL"" (245.83) | #2 ""jaan @ O6Q78KIRx-"" (130.05) | #5 ""Cam @ eWUSzBpS1d"" (147.36) | #10 ""rowan @ GthBpPSqaK"" (67.69)",2026-10-07T03:40:11.221Z,179134441122101
"-- starting hand #358 (id: dj3q3xkuor6q)  No Limit Texas Hold'em (dealer: ""Cam @ eWUSzBpS1d"") --",2026-10-07T03:40:11.221Z,179134441122100
"""jaan @ O6Q78KIRx-"" shows a 10♦, 2♠.",2026-10-07T03:40:08.149Z,179134440814900
"-- ending hand #357 --",2026-10-07T03:40:07.616Z,179134440761601
"""jaan @ O6Q78KIRx-"" collected 3.74 from pot",2026-10-07T03:40:07.616Z,179134440761600
"""rowan @ GthBpPSqaK"" folds",2026-10-07T03:40:06.770Z,179134440677000
"River: A♦, 4♦, 7♦, A♣ [8♥]",2026-10-07T03:40:05.644Z,179134440564400
"""rowan @ GthBpPSqaK"" calls 1.12",2026-10-07T03:40:04.834Z,179134440483400
"""Cam @ eWUSzBpS1d"" folds",2026-10-07T03:40:02.307Z,179134440230700
"""jaan @ O6Q78KIRx-"" bets 1.12",2026-10-07T03:40:00.550Z,179134440055000
"""rowan @ GthBpPSqaK"" checks",2026-10-07T03:39:58.322Z,179134439832200
"""Cam @ eWUSzBpS1d"" checks",2026-10-07T03:39:57.424Z,179134439742400
"Turn: A♦, 4♦, 7♦ [A♣]",2026-10-07T03:39:56.810Z,179134439681000
"""jaan @ O6Q78KIRx-"" checks",2026-10-07T03:39:55.977Z,179134439597700
"""rowan @ GthBpPSqaK"" checks",2026-10-07T03:39:54.443Z,179134439444300
"""Cam @ eWUSzBpS1d"" checks",2026-10-07T03:39:53.582Z,179134439358200
"Flop:  [A♦, 4♦, 7♦]",2026-10-07T03:39:51.949Z,179134439194900
"""rowan @ GthBpPSqaK"" checks",2026-10-07T03:39:51.136Z,179134439113600
"""Cam @ eWUSzBpS1d"" calls 0.50",2026-10-07T03:39:50.231Z,179134439023100
"""jaan @ O6Q78KIRx-"" calls 0.50",2026-10-07T03:39:49.379Z,179134438937900
"""Dih @ GO72Iwd2XL"" folds",2026-10-07T03:39:48.415Z,179134438841500
"""rowan @ GthBpPSqaK"" posts a big blind of 0.50",2026-10-07T03:39:47.280Z,179134438728007
"""Cam @ eWUSzBpS1d"" posts a small blind of 0.25",2026-10-07T03:39:47.280Z,179134438728006
"Your hand is 6♥, 9♥",2026-10-07T03:39:47.280Z,179134438728004
"Player stacks: #1 ""Dih @ GO72Iwd2XL"" (245.83) | #2 ""jaan @ O6Q78KIRx-"" (127.93) | #5 ""Cam @ eWUSzBpS1d"" (147.86) | #10 ""rowan @ GthBpPSqaK"" (69.31)",2026-10-07T03:39:47.280Z,179134438728001
"-- starting hand #357 (id: tnp9czl6i9yn)  No Limit Texas Hold'em (dealer: ""jaan @ O6Q78KIRx-"") --",2026-10-07T03:39:47.280Z,179134438728000
"Undealt cards: 7♣, 2♣, 4♠, 3♥ [Q♥]",2026-10-07T03:39:42.379Z,179134438237900
"""jaan @ O6Q78KIRx-"" shows a J♥, 4♣.",2026-10-07T03:39:40.865Z,179134438086500
"-- ending hand #356 --",2026-10-07T03:39:40.601Z,179134438060102
"""jaan @ O6Q78KIRx-"" collected 11.00 from pot",2026-10-07T03:39:40.601Z,179134438060101
"Uncalled bet of 8.25 returned to ""jaan @ O6Q78KIRx-""",2026-10-07T03:39:40.601Z,179134438060100
"""Dih @ GO72Iwd2XL"" folds",2026-10-07T03:39:39.787Z,179134437978700
"""rowan @ GthBpPSqaK"" folds",2026-10-07T03:39:38.914Z,179134437891400
"""jaan @ O6Q78KIRx-"" bets 8.25",2026-10-07T03:39:38.047Z,179134437804700
"Turn: 7♣, 2♣, 4♠ [3♥]",2026-10-07T03:39:31.536Z,179134437153600
"""Dih @ GO72Iwd2XL"" checks",2026-10-07T03:39:30.698Z,179134437069800
"""rowan @ GthBpPSqaK"" checks",2026-10-07T03:39:29.201Z,179134436920100
"""jaan @ O6Q78KIRx-"" checks",2026-10-07T03:39:28.338Z,179134436833800
"Flop:  [7♣, 2♣, 4♠]",2026-10-07T03:39:24.054Z,179134436405400
"""rowan @ GthBpPSqaK"" calls 3.50",2026-10-07T03:39:23.179Z,179134436317900
"""Cam @ eWUSzBpS1d"" folds",2026-10-07T03:39:22.278Z,179134436227800
"""jaan @ O6Q78KIRx-"" calls 3.50",2026-10-07T03:39:21.449Z,179134436144900
"""Dih @ GO72Iwd2XL"" raises to 3.50",2026-10-07T03:39:17.595Z,179134435759500
"""rowan @ GthBpPSqaK"" raises to 2.00",2026-10-07T03:39:09.647Z,179134434964700
"""Cam @ eWUSzBpS1d"" posts a big blind of 0.50",2026-10-07T03:39:06.922Z,179134434692207
"""jaan @ O6Q78KIRx-"" posts a small blind of 0.25",2026-10-07T03:39:06.922Z,179134434692206
"Your hand is 8♠, A♣",2026-10-07T03:39:06.922Z,179134434692204
"Player stacks: #1 ""Dih @ GO72Iwd2XL"" (249.33) | #2 ""jaan @ O6Q78KIRx-"" (120.43) | #5 ""Cam @ eWUSzBpS1d"" (148.36) | #10 ""rowan @ GthBpPSqaK"" (72.81)",2026-10-07T03:39:06.922Z,179134434692201
"-- starting hand #356 (id: dx4bxcua4xux)  No Limit Texas Hold'em (dealer: ""Dih @ GO72Iwd2XL"") --",2026-10-07T03:39:06.922Z,179134434692200
"""rowan @ GthBpPSqaK"" shows a 9♥.",2026-10-07T03:39:05.343Z,179134434534300
"""Cam @ eWUSzBpS1d"" shows a 8♣, K♦.",2026-10-07T03:39:04.981Z,179134434498100
"""rowan @ GthBpPSqaK"" shows a Q♣.",2026-10-07T03:39:04.228Z,179134434422800
"""jaan @ O6Q78KIRx-"" shows a 5♠, 7♦.",2026-10-07T03:39:02.304Z,179134434230400
"-- ending hand #355 --",2026-10-07T03:39:01.914Z,179134434191402
"""jaan @ O6Q78KIRx-"" collected 1.75 from pot",2026-10-07T03:39:01.914Z,179134434191401
"Uncalled bet of 1.75 returned to ""jaan @ O6Q78KIRx-""",2026-10-07T03:39:01.914Z,179134434191400
"""rowan @ GthBpPSqaK"" folds",2026-10-07T03:39:01.033Z,179134434103300
"""Cam @ eWUSzBpS1d"" folds",2026-10-07T03:39:00.152Z,179134434015200
"""jaan @ O6Q78KIRx-"" bets 1.75",2026-10-07T03:38:59.218Z,179134433921800
"River: A♥, 4♣, 4♥, 2♣ [5♥]",2026-10-07T03:38:56.572Z,179134433657200
"""rowan @ GthBpPSqaK"" checks",2026-10-07T03:38:55.725Z,179134433572500
"""Cam @ eWUSzBpS1d"" checks",2026-10-07T03:38:54.852Z,179134433485200
"""jaan @ O6Q78KIRx-"" checks",2026-10-07T03:38:54.012Z,179134433401200
"Turn: A♥, 4♣, 4♥ [2♣]",2026-10-07T03:38:52.866Z,179134433286600
"""rowan @ GthBpPSqaK"" checks",2026-10-07T03:38:52.026Z,179134433202600
"""Cam @ eWUSzBpS1d"" checks",2026-10-07T03:38:51.095Z,179134433109500
"""jaan @ O6Q78KIRx-"" checks",2026-10-07T03:38:50.238Z,179134433023800
"Flop:  [A♥, 4♣, 4♥]",2026-10-07T03:38:48.412Z,179134432841200
"""jaan @ O6Q78KIRx-"" checks",2026-10-07T03:38:47.602Z,179134432760200
"""Dih @ GO72Iwd2XL"" folds",2026-10-07T03:38:44.405Z,179134432440500
"""rowan @ GthBpPSqaK"" calls 0.50",2026-10-07T03:38:42.411Z,179134432241100
"""Cam @ eWUSzBpS1d"" calls 0.50",2026-10-07T03:38:41.328Z,179134432132800
"""jaan @ O6Q78KIRx-"" posts a big blind of 0.50",2026-10-07T03:38:39.963Z,179134431996307
"""Dih @ GO72Iwd2XL"" posts a small blind of 0.25",2026-10-07T03:38:39.963Z,179134431996306
"Your hand is 8♣, K♦",2026-10-07T03:38:39.963Z,179134431996304
"Player stacks: #1 ""Dih @ GO72Iwd2XL"" (249.58) | #2 ""jaan @ O6Q78KIRx-"" (119.18) | #5 ""Cam @ eWUSzBpS1d"" (148.86) | #10 ""rowan @ GthBpPSqaK"" (73.31)",2026-10-07T03:38:39.963Z,179134431996301
"-- starting hand #355 (id: e8uhykayhlzl)  No Limit Texas Hold'em (dealer: ""rowan @ GthBpPSqaK"") --",2026-10-07T03:38:39.963Z,179134431996300
"""Dih @ GO72Iwd2XL"" shows a A♠.",2026-10-07T03:38:36.162Z,179134431616200
"""rowan @ GthBpPSqaK"" shows a 9♣.",2026-10-07T03:38:35.256Z,179134431525600
"""rowan @ GthBpPSqaK"" shows a A♣.",2026-10-07T03:38:34.578Z,179134431457800
"""Dih @ GO72Iwd2XL"" shows a J♦.",2026-10-07T03:38:33.868Z,179134431386800
"Undealt cards: 5♣, 3♦, J♥, 6♠ [A♥]",2026-10-07T03:38:33.125Z,179134431312500
"-- ending hand #354 --",2026-10-07T03:38:32.601Z,179134431260102
"""Dih @ GO72Iwd2XL"" collected 57.00 from pot",2026-10-07T03:38:32.601Z,179134431260101
"Uncalled bet of 28.50 returned to ""Dih @ GO72Iwd2XL""",2026-10-07T03:38:32.601Z,179134431260100
"""rowan @ GthBpPSqaK"" folds",2026-10-07T03:38:31.796Z,179134431179600
"""Dih @ GO72Iwd2XL"" bets 28.50",2026-10-07T03:38:30.415Z,179134431041500
"""rowan @ GthBpPSqaK"" checks",2026-10-07T03:38:24.942Z,179134430494200
"Turn: 5♣, 3♦, J♥ [6♠]",2026-10-07T03:38:23.951Z,179134430395100
"""rowan @ GthBpPSqaK"" calls 15.00",2026-10-07T03:38:23.037Z,179134430303700
"""jaan @ O6Q78KIRx-"" folds",2026-10-07T03:38:12.119Z,179134429211900
"""Dih @ GO72Iwd2XL"" bets 15.00",2026-10-07T03:38:09.380Z,179134428938000
"""rowan @ GthBpPSqaK"" checks",2026-10-07T03:38:05.803Z,179134428580300
"Flop:  [5♣, 3♦, J♥]",2026-10-07T03:38:04.910Z,179134428491000
"""rowan @ GthBpPSqaK"" calls 9.00",2026-10-07T03:38:04.057Z,179134428405700
"""jaan @ O6Q78KIRx-"" calls 9.00",2026-10-07T03:38:02.033Z,179134428203300
"""Dih @ GO72Iwd2XL"" raises to 9.00",2026-10-07T03:37:55.079Z,179134427507900
"""rowan @ GthBpPSqaK"" calls 2.25",2026-10-07T03:37:52.878Z,179134427287800
"""Cam @ eWUSzBpS1d"" folds",2026-10-07T03:37:51.930Z,179134427193000
"""jaan @ O6Q78KIRx-"" raises to 2.25",2026-10-07T03:37:50.784Z,179134427078400
"""Dih @ GO72Iwd2XL"" posts a big blind of 0.50",2026-10-07T03:37:48.549Z,179134426854907
"""rowan @ GthBpPSqaK"" posts a small blind of 0.25",2026-10-07T03:37:48.549Z,179134426854906
"Your hand is 6♣, 7♥",2026-10-07T03:37:48.549Z,179134426854904
"Player stacks: #1 ""Dih @ GO72Iwd2XL"" (216.58) | #2 ""jaan @ O6Q78KIRx-"" (128.18) | #5 ""Cam @ eWUSzBpS1d"" (148.86) | #10 ""rowan @ GthBpPSqaK"" (97.31)",2026-10-07T03:37:48.549Z,179134426854901
"-- starting hand #354 (id: s3k0owvkvboq)  No Limit Texas Hold'em (dealer: ""Cam @ eWUSzBpS1d"") --",2026-10-07T03:37:48.549Z,179134426854900
"""Dih @ GO72Iwd2XL"" shows a A♠.",2026-10-07T03:37:47.650Z,179134426765000
"""Cam @ eWUSzBpS1d"" shows a 2♥.",2026-10-07T03:37:45.152Z,179134426515200
"""rowan @ GthBpPSqaK"" shows a Q♣, 4♥.",2026-10-07T03:37:43.115Z,179134426311500
"""Cam @ eWUSzBpS1d"" shows a 4♣.",2026-10-07T03:37:42.364Z,179134426236400
"""Dih @ GO72Iwd2XL"" shows a 4♦.",2026-10-07T03:37:42.318Z,179134426231800
"Undealt cards: 7♦, 4♠, 3♥, 3♠ [J♣]",2026-10-07T03:37:40.851Z,179134426085100
"-- ending hand #353 --",2026-10-07T03:37:40.456Z,179134426045602
"""jaan @ O6Q78KIRx-"" collected 26.00 from pot",2026-10-07T03:37:40.456Z,179134426045601
"Uncalled bet of 18.00 returned to ""jaan @ O6Q78KIRx-""",2026-10-07T03:37:40.456Z,179134426045600
"""Dih @ GO72Iwd2XL"" folds",2026-10-07T03:37:39.638Z,179134425963800
"""Cam @ eWUSzBpS1d"" folds",2026-10-07T03:37:35.744Z,179134425574400
"""jaan @ O6Q78KIRx-"" bets 18.00",2026-10-07T03:37:34.175Z,179134425417500
"""Dih @ GO72Iwd2XL"" checks",2026-10-07T03:37:23.394Z,179134424339400
"""Cam @ eWUSzBpS1d"" checks",2026-10-07T03:37:16.297Z,179134423629700
"Turn: 7♦, 4♠, 3♥ [3♠]",2026-10-07T03:37:14.648Z,179134423464800
"""Cam @ eWUSzBpS1d"" calls 6.50",2026-10-07T03:37:13.828Z,179134423382800
"""jaan @ O6Q78KIRx-"" calls 6.50",2026-10-07T03:37:04.520Z,179134422452000
"""Dih @ GO72Iwd2XL"" bets 6.50",2026-10-07T03:37:03.219Z,179134422321900
"""Cam @ eWUSzBpS1d"" checks",2026-10-07T03:37:00.900Z,179134422090000
"Flop:  [7♦, 4♠, 3♥]",2026-10-07T03:36:58.535Z,179134421853500
"""rowan @ GthBpPSqaK"" folds",2026-10-07T03:36:57.699Z,179134421769900
"""Cam @ eWUSzBpS1d"" calls 2.00",2026-10-07T03:36:56.820Z,179134421682000
"""jaan @ O6Q78KIRx-"" calls 2.00",2026-10-07T03:36:54.814Z,179134421481400
"""Dih @ GO72Iwd2XL"" raises to 2.00",2026-10-07T03:36:51.731Z,179134421173100
"""rowan @ GthBpPSqaK"" posts a big blind of 0.50",2026-10-07T03:36:49.190Z,179134420919007
"""Cam @ eWUSzBpS1d"" posts a small blind of 0.25",2026-10-07T03:36:49.190Z,179134420919006
"Your hand is 2♥, 4♣",2026-10-07T03:36:49.190Z,179134420919004
"Player stacks: #1 ""Dih @ GO72Iwd2XL"" (225.08) | #2 ""jaan @ O6Q78KIRx-"" (110.68) | #5 ""Cam @ eWUSzBpS1d"" (157.36) | #10 ""rowan @ GthBpPSqaK"" (97.81)",2026-10-07T03:36:49.190Z,179134420919001
"-- starting hand #353 (id: 6rmnuer9idgk)  No Limit Texas Hold'em (dealer: ""jaan @ O6Q78KIRx-"") --",2026-10-07T03:36:49.190Z,179134420919000
"Undealt cards:  [5♦, 8♠, A♥, 2♥, 4♣]",2026-10-07T03:36:43.502Z,179134420350200
"-- ending hand #352 --",2026-10-07T03:36:43.281Z,179134420328102
"""rowan @ GthBpPSqaK"" collected 1.25 from pot",2026-10-07T03:36:43.281Z,179134420328101
"Uncalled bet of 1.50 returned to ""rowan @ GthBpPSqaK""",2026-10-07T03:36:43.281Z,179134420328100
"""Cam @ eWUSzBpS1d"" folds",2026-10-07T03:36:42.470Z,179134420247000
"""jaan @ O6Q78KIRx-"" folds",2026-10-07T03:36:41.580Z,179134420158000
"""Dih @ GO72Iwd2XL"" folds",2026-10-07T03:36:40.697Z,179134420069700
"""rowan @ GthBpPSqaK"" raises to 2.00",2026-10-07T03:36:39.338Z,179134419933800
"""Cam @ eWUSzBpS1d"" posts a big blind of 0.50",2026-10-07T03:36:36.878Z,179134419687807
"""jaan @ O6Q78KIRx-"" posts a small blind of 0.25",2026-10-07T03:36:36.878Z,179134419687806
"Your hand is 2♠, 10♥",2026-10-07T03:36:36.878Z,179134419687804
"Player stacks: #1 ""Dih @ GO72Iwd2XL"" (225.08) | #2 ""jaan @ O6Q78KIRx-"" (110.93) | #5 ""Cam @ eWUSzBpS1d"" (157.86) | #10 ""rowan @ GthBpPSqaK"" (97.06)",2026-10-07T03:36:36.878Z,179134419687801
"-- starting hand #352 (id: kqyfz0ko2zhh)  No Limit Texas Hold'em (dealer: ""Dih @ GO72Iwd2XL"") --",2026-10-07T03:36:36.878Z,179134419687800
"""rowan @ GthBpPSqaK"" shows a 9♠.",2026-10-07T03:36:33.456Z,179134419345600
"Undealt cards: 6♣, 6♠, 10♦ [9♦, 7♣]",2026-10-07T03:36:30.429Z,179134419042900
"-- ending hand #351 --",2026-10-07T03:36:30.272Z,179134419027202
"""Cam @ eWUSzBpS1d"" collected 7.00 from pot",2026-10-07T03:36:30.272Z,179134419027201
"Uncalled bet of 3.50 returned to ""Cam @ eWUSzBpS1d""",2026-10-07T03:36:30.272Z,179134419027200
"""jaan @ O6Q78KIRx-"" folds",2026-10-07T03:36:29.408Z,179134418940800
"""rowan @ GthBpPSqaK"" folds",2026-10-07T03:36:28.548Z,179134418854800
"""Cam @ eWUSzBpS1d"" bets 3.50",2026-10-07T03:36:25.577Z,179134418557700
"""jaan @ O6Q78KIRx-"" checks",2026-10-07T03:36:23.071Z,179134418307100
"Flop:  [6♣, 6♠, 10♦]",2026-10-07T03:36:21.666Z,179134418166600
"""jaan @ O6Q78KIRx-"" calls 2.25",2026-10-07T03:36:20.830Z,179134418083000
"""Dih @ GO72Iwd2XL"" folds",2026-10-07T03:36:19.619Z,179134417961900
"""rowan @ GthBpPSqaK"" calls 2.25",2026-10-07T03:36:18.679Z,179134417867900
"""Cam @ eWUSzBpS1d"" raises to 2.25",2026-10-07T03:36:17.166Z,179134417716600
"""jaan @ O6Q78KIRx-"" posts a big blind of 0.50",2026-10-07T03:36:14.580Z,179134417458007
"""Dih @ GO72Iwd2XL"" posts a small blind of 0.25",2026-10-07T03:36:14.580Z,179134417458006
"Your hand is A♦, 10♠",2026-10-07T03:36:14.580Z,179134417458004
"Player stacks: #1 ""Dih @ GO72Iwd2XL"" (225.33) | #2 ""jaan @ O6Q78KIRx-"" (113.18) | #5 ""Cam @ eWUSzBpS1d"" (153.11) | #10 ""rowan @ GthBpPSqaK"" (99.31)",2026-10-07T03:36:14.580Z,179134417458001
"-- starting hand #351 (id: wepp4a30w94p)  No Limit Texas Hold'em (dealer: ""rowan @ GthBpPSqaK"") --",2026-10-07T03:36:14.580Z,179134417458000
"Undealt cards: 8♣, 5♣, 10♠ [8♦, 4♠]",2026-10-07T03:36:09.334Z,179134416933400
"-- ending hand #350 --",2026-10-07T03:36:08.667Z,179134416866702
"""jaan @ O6Q78KIRx-"" collected 30.61 from pot",2026-10-07T03:36:08.667Z,179134416866701
"Uncalled bet of 22.95 returned to ""jaan @ O6Q78KIRx-""",2026-10-07T03:36:08.667Z,179134416866700
"""Dih @ GO72Iwd2XL"" folds",2026-10-07T03:36:07.853Z,179134416785300
"""jaan @ O6Q78KIRx-"" bets 22.95",2026-10-07T03:36:06.217Z,179134416621700
"""Dih @ GO72Iwd2XL"" checks",2026-10-07T03:36:02.520Z,179134416252000
"Flop:  [8♣, 5♣, 10♠]",2026-10-07T03:35:58.176Z,179134415817600
"""Dih @ GO72Iwd2XL"" calls 15.18",2026-10-07T03:35:57.331Z,179134415733100
"""jaan @ O6Q78KIRx-"" raises to 15.18",2026-10-07T03:35:55.439Z,179134415543900
"""Dih @ GO72Iwd2XL"" raises to 6.00",2026-10-07T03:35:51.015Z,179134415101500
"""rowan @ GthBpPSqaK"" folds",2026-10-07T03:35:45.686Z,179134414568600
"""Cam @ eWUSzBpS1d"" folds",2026-10-07T03:35:44.787Z,179134414478700
"""jaan @ O6Q78KIRx-"" raises to 2.25",2026-10-07T03:35:43.928Z,179134414392800
"""Dih @ GO72Iwd2XL"" posts a big blind of 0.50",2026-10-07T03:35:41.357Z,179134414135707
"""rowan @ GthBpPSqaK"" posts a small blind of 0.25",2026-10-07T03:35:41.357Z,179134414135706
"Your hand is 10♣, 6♠",2026-10-07T03:35:41.357Z,179134414135704
"Player stacks: #1 ""Dih @ GO72Iwd2XL"" (240.51) | #2 ""jaan @ O6Q78KIRx-"" (97.75) | #5 ""Cam @ eWUSzBpS1d"" (153.11) | #10 ""rowan @ GthBpPSqaK"" (99.56)",2026-10-07T03:35:41.357Z,179134414135701
"-- starting hand #350 (id: tm2n2zsot81u)  No Limit Texas Hold'em (dealer: ""Cam @ eWUSzBpS1d"") --",2026-10-07T03:35:41.357Z,179134414135700
"""rowan @ GthBpPSqaK"" shows a 2♥, 8♣.",2026-10-07T03:35:36.075Z,179134413607500
"Undealt cards: 2♣, 2♠, 10♦ [5♥, 10♣]",2026-10-07T03:35:35.154Z,179134413515400
"-- ending hand #349 --",2026-10-07T03:35:34.753Z,179134413475302
"""rowan @ GthBpPSqaK"" collected 1.50 from pot",2026-10-07T03:35:34.753Z,179134413475301
"Uncalled bet of 0.50 returned to ""rowan @ GthBpPSqaK""",2026-10-07T03:35:34.753Z,179134413475300
"""Cam @ eWUSzBpS1d"" folds",2026-10-07T03:35:33.950Z,179134413395000
"""jaan @ O6Q78KIRx-"" folds",2026-10-07T03:35:32.138Z,179134413213800
"""rowan @ GthBpPSqaK"" bets 0.50",2026-10-07T03:35:31.268Z,179134413126800
"""Cam @ eWUSzBpS1d"" checks",2026-10-07T03:35:30.056Z,179134413005600
"Flop:  [2♣, 2♠, 10♦]",2026-10-07T03:35:28.857Z,179134412885700
"""rowan @ GthBpPSqaK"" checks",2026-10-07T03:35:28.050Z,179134412805000
"""Cam @ eWUSzBpS1d"" calls 0.50",2026-10-07T03:35:26.128Z,179134412612800
"""jaan @ O6Q78KIRx-"" calls 0.50",2026-10-07T03:35:25.143Z,179134412514300
"""Dih @ GO72Iwd2XL"" folds",2026-10-07T03:35:24.206Z,179134412420600
"""rowan @ GthBpPSqaK"" posts a big blind of 0.50",2026-10-07T03:35:22.503Z,179134412250307
"""Cam @ eWUSzBpS1d"" posts a small blind of 0.25",2026-10-07T03:35:22.503Z,179134412250306
"Your hand is 7♥, 4♥",2026-10-07T03:35:22.503Z,179134412250304
"Player stacks: #1 ""Dih @ GO72Iwd2XL"" (240.51) | #2 ""jaan @ O6Q78KIRx-"" (98.25) | #5 ""Cam @ eWUSzBpS1d"" (153.61) | #10 ""rowan @ GthBpPSqaK"" (98.56)",2026-10-07T03:35:22.503Z,179134412250301
"-- starting hand #349 (id: onbxavtova8p)  No Limit Texas Hold'em (dealer: ""jaan @ O6Q78KIRx-"") --",2026-10-07T03:35:22.503Z,179134412250300
"-- ending hand #348 --",2026-10-07T03:35:16.500Z,179134411650003
"""Dih @ GO72Iwd2XL"" collected 6.00 from pot with Two Pair, 7's & 6's (combination: K♦, 6♦, 6♣, 7♣, 7♥)",2026-10-07T03:35:16.500Z,179134411650002
"""Dih @ GO72Iwd2XL"" shows a 6♦, K♦.",2026-10-07T03:35:16.500Z,179134411650001
"""jaan @ O6Q78KIRx-"" shows a K♠, 4♠.",2026-10-07T03:35:16.500Z,179134411650000
"""Dih @ GO72Iwd2XL"" checks",2026-10-07T03:35:15.696Z,179134411569600
"""Cam @ eWUSzBpS1d"" checks",2026-10-07T03:35:14.813Z,179134411481300
"""jaan @ O6Q78KIRx-"" checks",2026-10-07T03:35:13.977Z,179134411397700
"River: 7♣, J♦, 3♥, 7♥ [6♣]",2026-10-07T03:35:13.441Z,179134411344100
"""Dih @ GO72Iwd2XL"" checks",2026-10-07T03:35:12.616Z,179134411261600
"""Cam @ eWUSzBpS1d"" checks",2026-10-07T03:35:11.328Z,179134411132800
"""jaan @ O6Q78KIRx-"" checks",2026-10-07T03:35:10.491Z,179134411049100
"Turn: 7♣, J♦, 3♥ [7♥]",2026-10-07T03:35:09.638Z,179134410963800
"""Dih @ GO72Iwd2XL"" checks",2026-10-07T03:35:08.799Z,179134410879900
"""Cam @ eWUSzBpS1d"" checks",2026-10-07T03:35:07.278Z,179134410727800
"""jaan @ O6Q78KIRx-"" checks",2026-10-07T03:35:06.262Z,179134410626200
"Flop:  [7♣, J♦, 3♥]",2026-10-07T03:35:05.091Z,179134410509100
"""Cam @ eWUSzBpS1d"" calls 2.00",2026-10-07T03:35:04.262Z,179134410426200
"""jaan @ O6Q78KIRx-"" calls 2.00",2026-10-07T03:35:03.178Z,179134410317800
"""Dih @ GO72Iwd2XL"" raises to 2.00",2026-10-07T03:35:02.092Z,179134410209200
"""rowan @ GthBpPSqaK"" folds",2026-10-07T03:34:59.564Z,179134409956400
"""Cam @ eWUSzBpS1d"" posts a big blind of 0.50",2026-10-07T03:34:58.168Z,179134409816807
"""jaan @ O6Q78KIRx-"" posts a small blind of 0.25",2026-10-07T03:34:58.168Z,179134409816806
"Your hand is Q♦, 9♣",2026-10-07T03:34:58.168Z,179134409816804
"Player stacks: #1 ""Dih @ GO72Iwd2XL"" (236.51) | #2 ""jaan @ O6Q78KIRx-"" (100.25) | #5 ""Cam @ eWUSzBpS1d"" (155.61) | #10 ""rowan @ GthBpPSqaK"" (98.56)",2026-10-07T03:34:58.168Z,179134409816801
"-- starting hand #348 (id: t53dif9pzbna)  No Limit Texas Hold'em (dealer: ""Dih @ GO72Iwd2XL"") --",2026-10-07T03:34:58.168Z,179134409816800
"Undealt cards:  [K♥, 7♠, 4♥, 9♦, J♣]",2026-10-07T03:34:52.584Z,179134409258400
"-- ending hand #347 --",2026-10-07T03:34:52.260Z,179134409226002
"""jaan @ O6Q78KIRx-"" collected 0.50 from pot",2026-10-07T03:34:52.260Z,179134409226001
"Uncalled bet of 0.25 returned to ""jaan @ O6Q78KIRx-""",2026-10-07T03:34:52.260Z,179134409226000
"""Dih @ GO72Iwd2XL"" folds",2026-10-07T03:34:51.397Z,179134409139700
"""rowan @ GthBpPSqaK"" folds",2026-10-07T03:34:50.499Z,179134409049900
"""Cam @ eWUSzBpS1d"" folds",2026-10-07T03:34:49.623Z,179134408962300
"""jaan @ O6Q78KIRx-"" posts a big blind of 0.50",2026-10-07T03:34:45.873Z,179134408587307
"""Dih @ GO72Iwd2XL"" posts a small blind of 0.25",2026-10-07T03:34:45.873Z,179134408587306
"Your hand is Q♦, 2♠",2026-10-07T03:34:45.873Z,179134408587304
"Player stacks: #1 ""Dih @ GO72Iwd2XL"" (236.76) | #2 ""jaan @ O6Q78KIRx-"" (100.00) | #5 ""Cam @ eWUSzBpS1d"" (155.61) | #10 ""rowan @ GthBpPSqaK"" (98.56)",2026-10-07T03:34:45.873Z,179134408587301
"-- starting hand #347 (id: 68i0a3ijwila)  No Limit Texas Hold'em (dealer: ""rowan @ GthBpPSqaK"") --",2026-10-07T03:34:45.873Z,179134408587300
"""Dih @ GO72Iwd2XL"" shows a 7♥.",2026-10-07T03:34:40.784Z,179134408078400
"-- ending hand #346 --",2026-10-07T03:34:39.353Z,179134407935302
"""rowan @ GthBpPSqaK"" collected 33.00 from pot with Pair, A's (combination: 7♠, 8♠, J♠, A♠, A♦)",2026-10-07T03:34:39.353Z,179134407935301
"""rowan @ GthBpPSqaK"" shows a A♠, J♠.",2026-10-07T03:34:39.353Z,179134407935300
"""Dih @ GO72Iwd2XL"" checks",2026-10-07T03:34:38.515Z,179134407851500
"""rowan @ GthBpPSqaK"" checks",2026-10-07T03:34:34.896Z,179134407489600
"River: 7♠, 5♣, A♦, 8♠ [2♣]",2026-10-07T03:34:33.952Z,179134407395200
"""Dih @ GO72Iwd2XL"" checks",2026-10-07T03:34:33.087Z,179134407308700
"""rowan @ GthBpPSqaK"" checks",2026-10-07T03:34:30.522Z,179134407052200
"Turn: 7♠, 5♣, A♦ [8♠]",2026-10-07T03:34:30.026Z,179134407002600
"""rowan @ GthBpPSqaK"" calls 8.25",2026-10-07T03:34:29.204Z,179134406920400
"""Dih @ GO72Iwd2XL"" bets 8.25",2026-10-07T03:34:28.238Z,179134406823800
"""rowan @ GthBpPSqaK"" checks",2026-10-07T03:34:25.472Z,179134406547200
"Flop:  [7♠, 5♣, A♦]",2026-10-07T03:34:24.039Z,179134406403900
"""rowan @ GthBpPSqaK"" calls 8.00",2026-10-07T03:34:23.233Z,179134406323300
"""jaan @ O6Q78KIRx-"" folds",2026-10-07T03:34:21.969Z,179134406196900
"""Dih @ GO72Iwd2XL"" raises to 8.00",2026-10-07T03:34:20.081Z,179134406008100
"""rowan @ GthBpPSqaK"" raises to 2.50",2026-10-07T03:34:17.431Z,179134405743100
"""Cam @ eWUSzBpS1d"" folds",2026-10-07T03:34:14.849Z,179134405484900
"""jaan @ O6Q78KIRx-"" calls 0.50",2026-10-07T03:34:13.914Z,179134405391400
"""Dih @ GO72Iwd2XL"" posts a big blind of 0.50",2026-10-07T03:34:03.501Z,179134404350107
"""rowan @ GthBpPSqaK"" posts a small blind of 0.25",2026-10-07T03:34:03.501Z,179134404350106
"Your hand is 6♠, 2♥",2026-10-07T03:34:03.501Z,179134404350104
"Player stacks: #1 ""Dih @ GO72Iwd2XL"" (253.01) | #2 ""jaan @ O6Q78KIRx-"" (100.50) | #5 ""Cam @ eWUSzBpS1d"" (155.61) | #10 ""rowan @ GthBpPSqaK"" (81.81)",2026-10-07T03:34:03.501Z,179134404350101
"-- starting hand #346 (id: 2tvhxodaqfqk)  No Limit Texas Hold'em (dealer: ""Cam @ eWUSzBpS1d"") --",2026-10-07T03:34:03.501Z,179134404350100
"Undealt cards: Q♠, 2♥, 5♦ [J♦, 2♠]",2026-10-07T03:33:58.126Z,179134403812600
"-- ending hand #345 --",2026-10-07T03:33:57.592Z,179134403759202
"""Dih @ GO72Iwd2XL"" collected 4.50 from pot",2026-10-07T03:33:57.592Z,179134403759201
"Uncalled bet of 4.50 returned to ""Dih @ GO72Iwd2XL""",2026-10-07T03:33:57.592Z,179134403759200
"""Cam @ eWUSzBpS1d"" folds",2026-10-07T03:33:56.783Z,179134403678300
"""Dih @ GO72Iwd2XL"" bets 4.50",2026-10-07T03:33:55.216Z,179134403521600
"""Cam @ eWUSzBpS1d"" checks",2026-10-07T03:33:51.988Z,179134403198800
"Flop:  [Q♠, 2♥, 5♦]",2026-10-07T03:33:50.064Z,179134403006400
"""rowan @ GthBpPSqaK"" folds",2026-10-07T03:33:49.239Z,179134402923900
"""Cam @ eWUSzBpS1d"" calls 2.00",2026-10-07T03:33:48.356Z,179134402835600
"""jaan @ O6Q78KIRx-"" folds",2026-10-07T03:33:47.067Z,179134402706700
"""Dih @ GO72Iwd2XL"" raises to 2.00",2026-10-07T03:33:46.032Z,179134402603200
"""rowan @ GthBpPSqaK"" posts a big blind of 0.50",2026-10-07T03:33:42.171Z,179134402217107
"""Cam @ eWUSzBpS1d"" posts a small blind of 0.25",2026-10-07T03:33:42.171Z,179134402217106
"Your hand is 7♣, K♥",2026-10-07T03:33:42.171Z,179134402217104
"Player stacks: #1 ""Dih @ GO72Iwd2XL"" (250.51) | #2 ""jaan @ O6Q78KIRx-"" (100.50) | #5 ""Cam @ eWUSzBpS1d"" (157.61) | #10 ""rowan @ GthBpPSqaK"" (82.31)",2026-10-07T03:33:42.171Z,179134402217101
"-- starting hand #345 (id: f36mzkueelwf)  No Limit Texas Hold'em (dealer: ""jaan @ O6Q78KIRx-"") --",2026-10-07T03:33:42.171Z,179134402217100
"-- ending hand #344 --",2026-10-07T03:33:36.160Z,179134401616002
"""jaan @ O6Q78KIRx-"" collected 1.00 from pot with Three of a Kind, 10's (combination: 8♠, Q♦, 10♠, 10♦, 10♥)",2026-10-07T03:33:36.160Z,179134401616001
"""jaan @ O6Q78KIRx-"" shows a 4♠, 10♠.",2026-10-07T03:33:36.160Z,179134401616000
"""Cam @ eWUSzBpS1d"" checks",2026-10-07T03:33:35.280Z,179134401528000
"""jaan @ O6Q78KIRx-"" checks",2026-10-07T03:33:34.391Z,179134401439100
"River: Q♦, 3♥, 8♠, 10♦ [10♥]",2026-10-07T03:33:33.983Z,179134401398300
"""Cam @ eWUSzBpS1d"" checks",2026-10-07T03:33:33.175Z,179134401317500
"""jaan @ O6Q78KIRx-"" checks",2026-10-07T03:33:32.300Z,179134401230000
"Turn: Q♦, 3♥, 8♠ [10♦]",2026-10-07T03:33:32.149Z,179134401214900
"""Cam @ eWUSzBpS1d"" checks",2026-10-07T03:33:31.288Z,179134401128800
"""jaan @ O6Q78KIRx-"" checks",2026-10-07T03:33:30.305Z,179134401030500
"Flop:  [Q♦, 3♥, 8♠]",2026-10-07T03:33:28.948Z,179134400894800
"""Cam @ eWUSzBpS1d"" checks",2026-10-07T03:33:28.085Z,179134400808500
"""jaan @ O6Q78KIRx-"" calls 0.50",2026-10-07T03:33:27.212Z,179134400721200
"""Dih @ GO72Iwd2XL"" folds",2026-10-07T03:33:25.720Z,179134400572000
"""rowan @ GthBpPSqaK"" folds",2026-10-07T03:33:24.149Z,179134400414900
"""Cam @ eWUSzBpS1d"" posts a big blind of 0.50",2026-10-07T03:33:22.872Z,179134400287208
"""jaan @ O6Q78KIRx-"" posts a small blind of 0.25",2026-10-07T03:33:22.872Z,179134400287207
"Your hand is 7♠, 4♣",2026-10-07T03:33:22.872Z,179134400287205
"Player stacks: #1 ""Dih @ GO72Iwd2XL"" (250.51) | #2 ""jaan @ O6Q78KIRx-"" (100.00) | #5 ""Cam @ eWUSzBpS1d"" (158.11) | #10 ""rowan @ GthBpPSqaK"" (82.31)",2026-10-07T03:33:22.872Z,179134400287202
"-- starting hand #344 (id: bxxabiba77fo)  No Limit Texas Hold'em (dealer: ""Dih @ GO72Iwd2XL"") --",2026-10-07T03:33:22.872Z,179134400287201
"The player ""jaan @ O6Q78KIRx-"" rebought. New stack 100.00.",2026-10-07T03:33:22.872Z,179134400287200
"Waiting for the game owner to approve or reject pending rebuy requests.",2026-10-07T03:33:21.026Z,179134400102601
"The player ""jaan @ O6Q78KIRx-"" requested a rebuy of 100.00.",2026-10-07T03:33:21.026Z,179134400102600
"Asking to busted players the rebuy decision.",2026-10-07T03:33:17.765Z,179134399776500
"""Cam @ eWUSzBpS1d"" shows a A♦, 3♣.",2026-10-07T03:33:13.924Z,179134399392400
"""rowan @ GthBpPSqaK"" shows a 4♥, A♣.",2026-10-07T03:33:11.319Z,179134399131900
"-- ending hand #343 --",2026-10-07T03:33:10.760Z,179134399076001
"""Dih @ GO72Iwd2XL"" collected 58.46 from pot with Straight, 5 High (combination: A♠, 2♣, 3♥, 4♣, 5♣)",2026-10-07T03:33:10.760Z,179134399076000
"River: 5♣, 2♣, A♠, 3♥ [K♥]",2026-10-07T03:33:06.749Z,179134398674900
"Turn: 5♣, 2♣, A♠ [3♥]",2026-10-07T03:33:02.733Z,179134398273300
"Flop:  [5♣, 2♣, A♠]",2026-10-07T03:32:58.705Z,179134397870500
"""jaan @ O6Q78KIRx-"" shows a 10♣, Q♠.",2026-10-07T03:32:54.672Z,179134397467202
"""Dih @ GO72Iwd2XL"" shows a 4♣, 3♠.",2026-10-07T03:32:54.672Z,179134397467201
"Uncalled bet of 192.05 returned to ""Dih @ GO72Iwd2XL""",2026-10-07T03:32:54.672Z,179134397467200
"Some players choose to not run it twice.",2026-10-07T03:32:53.849Z,179134397384901
"""jaan @ O6Q78KIRx-"" chooses to not run it twice.",2026-10-07T03:32:53.849Z,179134397384900
"Remaining players decide whether to run it twice.",2026-10-07T03:32:52.948Z,179134397294801
"""jaan @ O6Q78KIRx-"" calls 28.98 and go all in",2026-10-07T03:32:52.948Z,179134397294800
"""Dih @ GO72Iwd2XL"" raises to 221.03 and go all in",2026-10-07T03:32:38.700Z,179134395870000
"""rowan @ GthBpPSqaK"" folds",2026-10-07T03:32:36.336Z,179134395633600
"""jaan @ O6Q78KIRx-"" raises to 2.00",2026-10-07T03:32:34.400Z,179134395440000
"""Dih @ GO72Iwd2XL"" calls 0.50",2026-10-07T03:32:31.350Z,179134395135000
"""rowan @ GthBpPSqaK"" calls 0.50",2026-10-07T03:32:30.226Z,179134395022600
"""Cam @ eWUSzBpS1d"" folds",2026-10-07T03:32:26.432Z,179134394643200
"""jaan @ O6Q78KIRx-"" posts a big blind of 0.50",2026-10-07T03:32:24.464Z,179134394446407
"""Dih @ GO72Iwd2XL"" posts a small blind of 0.25",2026-10-07T03:32:24.464Z,179134394446406
"Your hand is A♦, 3♣",2026-10-07T03:32:24.464Z,179134394446404
"Player stacks: #1 ""Dih @ GO72Iwd2XL"" (221.03) | #2 ""jaan @ O6Q78KIRx-"" (28.98) | #5 ""Cam @ eWUSzBpS1d"" (158.11) | #10 ""rowan @ GthBpPSqaK"" (82.81)",2026-10-07T03:32:24.464Z,179134394446401
"-- starting hand #343 (id: io850pvlwmgc)  No Limit Texas Hold'em (dealer: ""rowan @ GthBpPSqaK"") --",2026-10-07T03:32:24.464Z,179134394446400
"""rowan @ GthBpPSqaK"" shows a 10♦, 6♥.",2026-10-07T03:32:21.431Z,179134394143100
"Undealt cards: 5♠, 2♦, A♣ [6♠, 10♣]",2026-10-07T03:32:17.998Z,179134393799800
"-- ending hand #342 --",2026-10-07T03:32:17.846Z,179134393784602
"""Dih @ GO72Iwd2XL"" collected 1.75 from pot",2026-10-07T03:32:17.846Z,179134393784601
"Uncalled bet of 1.75 returned to ""Dih @ GO72Iwd2XL""",2026-10-07T03:32:17.846Z,179134393784600
"""Cam @ eWUSzBpS1d"" folds",2026-10-07T03:32:17.026Z,179134393702600
"""jaan @ O6Q78KIRx-"" folds",2026-10-07T03:32:13.002Z,179134393300200
"""Dih @ GO72Iwd2XL"" bets 1.75",2026-10-07T03:32:12.016Z,179134393201600
"Flop:  [5♠, 2♦, A♣]",2026-10-07T03:32:08.777Z,179134392877700
"""Dih @ GO72Iwd2XL"" checks",2026-10-07T03:32:07.939Z,179134392793900
"""rowan @ GthBpPSqaK"" folds",2026-10-07T03:32:05.883Z,179134392588300
"""Cam @ eWUSzBpS1d"" calls 0.50",2026-10-07T03:32:04.683Z,179134392468300
"""jaan @ O6Q78KIRx-"" calls 0.50",2026-10-07T03:32:03.574Z,179134392357400
"""Dih @ GO72Iwd2XL"" posts a big blind of 0.50",2026-10-07T03:32:02.189Z,179134392218907
"""rowan @ GthBpPSqaK"" posts a small blind of 0.25",2026-10-07T03:32:02.189Z,179134392218906
"Your hand is 9♣, K♠",2026-10-07T03:32:02.189Z,179134392218904
"Player stacks: #1 ""Dih @ GO72Iwd2XL"" (219.78) | #2 ""jaan @ O6Q78KIRx-"" (29.48) | #5 ""Cam @ eWUSzBpS1d"" (158.61) | #10 ""rowan @ GthBpPSqaK"" (83.06)",2026-10-07T03:32:02.189Z,179134392218901
"-- starting hand #342 (id: mgjxfmulvkzd)  No Limit Texas Hold'em (dealer: ""Cam @ eWUSzBpS1d"") --",2026-10-07T03:32:02.189Z,179134392218900
"""Dih @ GO72Iwd2XL"" shows a Q♦.",2026-10-07T03:31:59.267Z,179134391926700
"""Cam @ eWUSzBpS1d"" shows a K♥, J♠.",2026-10-07T03:31:59.086Z,179134391908600
"""Dih @ GO72Iwd2XL"" shows a K♠.",2026-10-07T03:31:57.198Z,179134391719800
"""rowan @ GthBpPSqaK"" shows a K♣, 6♠.",2026-10-07T03:31:54.544Z,179134391454400
"Undealt cards: J♦, 6♣, K♦, A♣ [9♠]",2026-10-07T03:31:54.287Z,179134391428700
"-- ending hand #341 --",2026-10-07T03:31:54.158Z,179134391415802
"""Cam @ eWUSzBpS1d"" collected 40.50 from pot",2026-10-07T03:31:54.158Z,179134391415801
"Uncalled bet of 20.25 returned to ""Cam @ eWUSzBpS1d""",2026-10-07T03:31:54.158Z,179134391415800
"""Dih @ GO72Iwd2XL"" folds",2026-10-07T03:31:53.285Z,179134391328500
"""Cam @ eWUSzBpS1d"" bets 20.25",2026-10-07T03:31:31.038Z,179134389103800
"Turn: J♦, 6♣, K♦ [A♣]",2026-10-07T03:31:26.203Z,179134388620300
"""Dih @ GO72Iwd2XL"" calls 18.00",2026-10-07T03:31:25.384Z,179134388538400
"""Cam @ eWUSzBpS1d"" raises to 18.00",2026-10-07T03:31:22.770Z,179134388277000
"""Dih @ GO72Iwd2XL"" bets 4.50",2026-10-07T03:31:21.017Z,179134388101700
"""Cam @ eWUSzBpS1d"" checks",2026-10-07T03:31:18.658Z,179134387865800
"Flop:  [J♦, 6♣, K♦]",2026-10-07T03:31:16.546Z,179134387654600
"""rowan @ GthBpPSqaK"" folds",2026-10-07T03:31:15.740Z,179134387574000
"""Cam @ eWUSzBpS1d"" calls 2.00",2026-10-07T03:31:14.810Z,179134387481000
"""jaan @ O6Q78KIRx-"" folds",2026-10-07T03:31:12.531Z,179134387253100
"""Dih @ GO72Iwd2XL"" raises to 2.00",2026-10-07T03:31:11.616Z,179134387161600
"""rowan @ GthBpPSqaK"" posts a big blind of 0.50",2026-10-07T03:31:08.949Z,179134386894907
"""Cam @ eWUSzBpS1d"" posts a small blind of 0.25",2026-10-07T03:31:08.949Z,179134386894906
"Your hand is K♥, J♠",2026-10-07T03:31:08.949Z,179134386894904
"Player stacks: #1 ""Dih @ GO72Iwd2XL"" (239.78) | #2 ""jaan @ O6Q78KIRx-"" (29.48) | #5 ""Cam @ eWUSzBpS1d"" (138.11) | #10 ""rowan @ GthBpPSqaK"" (83.56)",2026-10-07T03:31:08.949Z,179134386894901
"-- starting hand #341 (id: 1lqvkme9ibpp)  No Limit Texas Hold'em (dealer: ""jaan @ O6Q78KIRx-"") --",2026-10-07T03:31:08.949Z,179134386894900
"""rowan @ GthBpPSqaK"" shows a K♠, 8♥.",2026-10-07T03:31:05.983Z,179134386598300
"-- ending hand #340 --",2026-10-07T03:31:05.334Z,179134386533401
"""rowan @ GthBpPSqaK"" collected 13.00 from pot",2026-10-07T03:31:05.334Z,179134386533400
"""jaan @ O6Q78KIRx-"" folds",2026-10-07T03:31:04.515Z,179134386451500
"River: 2♠, K♥, 7♥, 10♣ [Q♠]",2026-10-07T03:31:02.628Z,179134386262800
"""rowan @ GthBpPSqaK"" checks",2026-10-07T03:31:01.763Z,179134386176300
"""jaan @ O6Q78KIRx-"" checks",2026-10-07T03:30:48.442Z,179134384844200
"Turn: 2♠, K♥, 7♥ [10♣]",2026-10-07T03:30:46.960Z,179134384696000
"""jaan @ O6Q78KIRx-"" calls 3.25",2026-10-07T03:30:46.152Z,179134384615200
"""Dih @ GO72Iwd2XL"" folds",2026-10-07T03:30:44.785Z,179134384478500
"""rowan @ GthBpPSqaK"" bets 3.25",2026-10-07T03:30:43.831Z,179134384383100
"""jaan @ O6Q78KIRx-"" checks",2026-10-07T03:30:41.108Z,179134384110800
"Flop:  [2♠, K♥, 7♥]",2026-10-07T03:30:39.637Z,179134383963700
"""Cam @ eWUSzBpS1d"" folds",2026-10-07T03:30:38.783Z,179134383878300
"""jaan @ O6Q78KIRx-"" calls 2.00",2026-10-07T03:30:37.923Z,179134383792300
"""Dih @ GO72Iwd2XL"" calls 2.00",2026-10-07T03:30:36.838Z,179134383683800
"""rowan @ GthBpPSqaK"" raises to 2.00",2026-10-07T03:30:35.022Z,179134383502200
"""Cam @ eWUSzBpS1d"" posts a big blind of 0.50",2026-10-07T03:30:32.519Z,179134383251907
"""jaan @ O6Q78KIRx-"" posts a small blind of 0.25",2026-10-07T03:30:32.519Z,179134383251906
"Your hand is A♠, 3♥",2026-10-07T03:30:32.519Z,179134383251904
"Player stacks: #1 ""Dih @ GO72Iwd2XL"" (241.78) | #2 ""jaan @ O6Q78KIRx-"" (34.73) | #5 ""Cam @ eWUSzBpS1d"" (138.61) | #10 ""rowan @ GthBpPSqaK"" (75.81)",2026-10-07T03:30:32.519Z,179134383251901
"-- starting hand #340 (id: bejuyvgqq9cu)  No Limit Texas Hold'em (dealer: ""Dih @ GO72Iwd2XL"") --",2026-10-07T03:30:32.519Z,179134383251900
"""Cam @ eWUSzBpS1d"" shows a 9♦.",2026-10-07T03:30:27.064Z,179134382706400
"""Dih @ GO72Iwd2XL"" shows a A♥, Q♣.",2026-10-07T03:30:26.851Z,179134382685100
"""rowan @ GthBpPSqaK"" shows a 2♥, 3♠.",2026-10-07T03:30:24.892Z,179134382489200
"Undealt cards: 8♣, 3♥, 2♠ [5♥, 9♣]",2026-10-07T03:30:24.731Z,179134382473100
"-- ending hand #339 --",2026-10-07T03:30:24.512Z,179134382451202
"""Dih @ GO72Iwd2XL"" collected 6.00 from pot",2026-10-07T03:30:24.512Z,179134382451201
"Uncalled bet of 3.00 returned to ""Dih @ GO72Iwd2XL""",2026-10-07T03:30:24.512Z,179134382451200
"""Cam @ eWUSzBpS1d"" folds",2026-10-07T03:30:23.693Z,179134382369300
"""jaan @ O6Q78KIRx-"" folds",2026-10-07T03:30:22.850Z,179134382285000
"""Dih @ GO72Iwd2XL"" bets 3.00",2026-10-07T03:30:18.316Z,179134381831600
"Flop:  [8♣, 3♥, 2♠]",2026-10-07T03:30:13.786Z,179134381378600
"""Cam @ eWUSzBpS1d"" calls 2.00",2026-10-07T03:30:12.958Z,179134381295800
"""jaan @ O6Q78KIRx-"" calls 2.00",2026-10-07T03:30:11.519Z,179134381151900
"""Dih @ GO72Iwd2XL"" raises to 2.00",2026-10-07T03:30:08.313Z,179134380831300
"""rowan @ GthBpPSqaK"" folds",2026-10-07T03:30:06.254Z,179134380625400
"""Cam @ eWUSzBpS1d"" calls 0.50",2026-10-07T03:30:05.358Z,179134380535800
"""jaan @ O6Q78KIRx-"" posts a big blind of 0.50",2026-10-07T03:30:02.602Z,179134380260207
"""Dih @ GO72Iwd2XL"" posts a small blind of 0.25",2026-10-07T03:30:02.602Z,179134380260206
"Your hand is 9♦, 6♦",2026-10-07T03:30:02.602Z,179134380260204
"Player stacks: #1 ""Dih @ GO72Iwd2XL"" (237.78) | #2 ""jaan @ O6Q78KIRx-"" (36.73) | #5 ""Cam @ eWUSzBpS1d"" (140.61) | #10 ""rowan @ GthBpPSqaK"" (75.81)",2026-10-07T03:30:02.602Z,179134380260201
"-- starting hand #339 (id: xrcz8zjs2zri)  No Limit Texas Hold'em (dealer: ""rowan @ GthBpPSqaK"") --",2026-10-07T03:30:02.602Z,179134380260200
"-- ending hand #338 --",2026-10-07T03:29:56.341Z,179134379634103
"""jaan @ O6Q78KIRx-"" collected 4.00 from pot with Pair, 9's (combination: 10♠, J♠, A♦, 9♠, 9♥)",2026-10-07T03:29:56.341Z,179134379634102
"""jaan @ O6Q78KIRx-"" shows a J♠, 9♠.",2026-10-07T03:29:56.341Z,179134379634101
"""rowan @ GthBpPSqaK"" shows a 4♥, 2♣.",2026-10-07T03:29:56.341Z,179134379634100
"""jaan @ O6Q78KIRx-"" checks",2026-10-07T03:29:55.503Z,179134379550300
"""rowan @ GthBpPSqaK"" checks",2026-10-07T03:29:54.606Z,179134379460600
"River: 2♠, A♦, 9♥, 10♠ [7♥]",2026-10-07T03:29:53.834Z,179134379383400
"""jaan @ O6Q78KIRx-"" checks",2026-10-07T03:29:52.973Z,179134379297300
"""rowan @ GthBpPSqaK"" checks",2026-10-07T03:29:52.106Z,179134379210600
"Turn: 2♠, A♦, 9♥ [10♠]",2026-10-07T03:29:51.470Z,179134379147000
"""jaan @ O6Q78KIRx-"" checks",2026-10-07T03:29:50.657Z,179134379065700
"""rowan @ GthBpPSqaK"" checks",2026-10-07T03:29:49.434Z,179134378943400
"Flop:  [2♠, A♦, 9♥]",2026-10-07T03:29:45.791Z,179134378579100
"""Dih @ GO72Iwd2XL"" folds",2026-10-07T03:29:44.966Z,179134378496600
"""rowan @ GthBpPSqaK"" calls 1.75",2026-10-07T03:29:43.185Z,179134378318500
"""Cam @ eWUSzBpS1d"" folds",2026-10-07T03:29:41.586Z,179134378158600
"""jaan @ O6Q78KIRx-"" raises to 1.75",2026-10-07T03:29:40.713Z,179134378071300
"""Dih @ GO72Iwd2XL"" posts a big blind of 0.50",2026-10-07T03:29:38.214Z,179134377821407
"""rowan @ GthBpPSqaK"" posts a small blind of 0.25",2026-10-07T03:29:38.214Z,179134377821406
"Your hand is K♠, 6♥",2026-10-07T03:29:38.214Z,179134377821404
"Player stacks: #1 ""Dih @ GO72Iwd2XL"" (238.28) | #2 ""jaan @ O6Q78KIRx-"" (34.48) | #5 ""Cam @ eWUSzBpS1d"" (140.61) | #10 ""rowan @ GthBpPSqaK"" (77.56)",2026-10-07T03:29:38.214Z,179134377821401
"-- starting hand #338 (id: ivcr6lpwgchc)  No Limit Texas Hold'em (dealer: ""Cam @ eWUSzBpS1d"") --",2026-10-07T03:29:38.214Z,179134377821400
"""rowan @ GthBpPSqaK"" shows a 6♦, 5♦.",2026-10-07T03:29:33.369Z,179134377336900
"-- ending hand #337 --",2026-10-07T03:29:31.693Z,179134377169303
"""Dih @ GO72Iwd2XL"" collected 13.00 from pot with Pair, 5's (combination: 10♣, J♥, K♣, 5♣, 5♠)",2026-10-07T03:29:31.693Z,179134377169302
"""Dih @ GO72Iwd2XL"" shows a K♣, 5♣.",2026-10-07T03:29:31.693Z,179134377169301
"""Cam @ eWUSzBpS1d"" shows a A♠, K♦.",2026-10-07T03:29:31.693Z,179134377169300
"""Dih @ GO72Iwd2XL"" calls 0.50",2026-10-07T03:29:30.830Z,179134377083000
"""Cam @ eWUSzBpS1d"" bets 0.50",2026-10-07T03:29:29.970Z,179134376997000
"River: 5♠, J♥, 6♥, 10♣ [7♥]",2026-10-07T03:29:29.133Z,179134376913300
"""Dih @ GO72Iwd2XL"" calls 0.50",2026-10-07T03:29:28.328Z,179134376832800
"""Cam @ eWUSzBpS1d"" bets 0.50",2026-10-07T03:29:27.209Z,179134376720900
"Turn: 5♠, J♥, 6♥ [10♣]",2026-10-07T03:29:25.931Z,179134376593100
"""Dih @ GO72Iwd2XL"" checks",2026-10-07T03:29:25.117Z,179134376511700
"""Cam @ eWUSzBpS1d"" checks",2026-10-07T03:29:23.893Z,179134376389300
"Flop:  [5♠, J♥, 6♥]",2026-10-07T03:29:22.095Z,179134376209500
"""Dih @ GO72Iwd2XL"" calls 5.25",2026-10-07T03:29:21.252Z,179134376125200
"""rowan @ GthBpPSqaK"" folds",2026-10-07T03:29:15.385Z,179134375538500
"""Cam @ eWUSzBpS1d"" raises to 5.25",2026-10-07T03:29:13.673Z,179134375367300
"""jaan @ O6Q78KIRx-"" folds",2026-10-07T03:29:07.375Z,179134374737500
"""Dih @ GO72Iwd2XL"" raises to 2.50",2026-10-07T03:29:03.997Z,179134374399700
"""rowan @ GthBpPSqaK"" posts a big blind of 0.50",2026-10-07T03:29:00.570Z,179134374057007
"""Cam @ eWUSzBpS1d"" posts a small blind of 0.25",2026-10-07T03:29:00.570Z,179134374057006
"Your hand is A♠, K♦",2026-10-07T03:29:00.570Z,179134374057004
"Player stacks: #1 ""Dih @ GO72Iwd2XL"" (231.53) | #2 ""jaan @ O6Q78KIRx-"" (34.48) | #5 ""Cam @ eWUSzBpS1d"" (146.86) | #10 ""rowan @ GthBpPSqaK"" (78.06)",2026-10-07T03:29:00.570Z,179134374057001
"-- starting hand #337 (id: hgvkutusazgy)  No Limit Texas Hold'em (dealer: ""jaan @ O6Q78KIRx-"") --",2026-10-07T03:29:00.570Z,179134374057000
"""Cam @ eWUSzBpS1d"" shows a 3♠.",2026-10-07T03:28:57.639Z,179134373763900
"Undealt cards: Q♦, 10♠, 9♠ [K♠, 7♠]",2026-10-07T03:28:55.919Z,179134373591900
"""Dih @ GO72Iwd2XL"" shows a Q♣, 10♥.",2026-10-07T03:28:53.650Z,179134373365000
"-- ending hand #336 --",2026-10-07T03:28:53.259Z,179134373325902
"""Dih @ GO72Iwd2XL"" collected 4.50 from pot",2026-10-07T03:28:53.259Z,179134373325901
"Uncalled bet of 4.50 returned to ""Dih @ GO72Iwd2XL""",2026-10-07T03:28:53.259Z,179134373325900
"""jaan @ O6Q78KIRx-"" folds",2026-10-07T03:28:52.364Z,179134373236400
"""Dih @ GO72Iwd2XL"" bets 4.50",2026-10-07T03:28:51.502Z,179134373150200
"""jaan @ O6Q78KIRx-"" checks",2026-10-07T03:28:48.462Z,179134372846200
"Flop:  [Q♦, 10♠, 9♠]",2026-10-07T03:28:47.102Z,179134372710200
"""Cam @ eWUSzBpS1d"" folds",2026-10-07T03:28:46.280Z,179134372628000
"""jaan @ O6Q78KIRx-"" calls 2.00",2026-10-07T03:28:45.367Z,179134372536700
"""Dih @ GO72Iwd2XL"" raises to 2.00",2026-10-07T03:28:36.562Z,179134371656200
"""rowan @ GthBpPSqaK"" folds",2026-10-07T03:28:34.274Z,179134371427400
"""Cam @ eWUSzBpS1d"" posts a big blind of 0.50",2026-10-07T03:28:32.956Z,179134371295607
"""jaan @ O6Q78KIRx-"" posts a small blind of 0.25",2026-10-07T03:28:32.956Z,179134371295606
"Your hand is 3♠, 10♣",2026-10-07T03:28:32.956Z,179134371295604
"Player stacks: #1 ""Dih @ GO72Iwd2XL"" (229.03) | #2 ""jaan @ O6Q78KIRx-"" (36.48) | #5 ""Cam @ eWUSzBpS1d"" (147.36) | #10 ""rowan @ GthBpPSqaK"" (78.06)",2026-10-07T03:28:32.956Z,179134371295601
"-- starting hand #336 (id: uxinizmfiflq)  No Limit Texas Hold'em (dealer: ""Dih @ GO72Iwd2XL"") --",2026-10-07T03:28:32.956Z,179134371295600
"""Cam @ eWUSzBpS1d"" shows a 2♥, 2♠.",2026-10-07T03:28:28.795Z,179134370879500
"Undealt cards: 5♣, 10♦, 9♠ [8♠, 3♦]",2026-10-07T03:28:28.069Z,179134370806900
"""Dih @ GO72Iwd2XL"" shows a 10♣.",2026-10-07T03:28:27.161Z,179134370716100
"""rowan @ GthBpPSqaK"" shows a 4♣, 2♣.",2026-10-07T03:28:26.160Z,179134370616000
"-- ending hand #335 --",2026-10-07T03:28:24.951Z,179134370495102
"""Dih @ GO72Iwd2XL"" collected 20.00 from pot",2026-10-07T03:28:24.951Z,179134370495101
"Uncalled bet of 20.00 returned to ""Dih @ GO72Iwd2XL""",2026-10-07T03:28:24.951Z,179134370495100
"""rowan @ GthBpPSqaK"" folds",2026-10-07T03:28:24.140Z,179134370414000
"""Cam @ eWUSzBpS1d"" folds",2026-10-07T03:28:23.257Z,179134370325700
"""jaan @ O6Q78KIRx-"" folds",2026-10-07T03:28:22.364Z,179134370236400
"""Dih @ GO72Iwd2XL"" bets 20.00",2026-10-07T03:28:08.542Z,179134368854200
"Flop:  [5♣, 10♦, 9♠]",2026-10-07T03:28:04.260Z,179134368426000
"""rowan @ GthBpPSqaK"" calls 5.00",2026-10-07T03:28:03.416Z,179134368341600
"""Cam @ eWUSzBpS1d"" calls 5.00",2026-10-07T03:27:59.808Z,179134367980800
"""jaan @ O6Q78KIRx-"" calls 5.00",2026-10-07T03:27:56.900Z,179134367690000
"""Dih @ GO72Iwd2XL"" raises to 5.00",2026-10-07T03:27:55.204Z,179134367520400
"""rowan @ GthBpPSqaK"" calls 0.50",2026-10-07T03:27:51.348Z,179134367134800
"""Cam @ eWUSzBpS1d"" calls 0.50",2026-10-07T03:27:50.119Z,179134367011900
"""jaan @ O6Q78KIRx-"" posts a big blind of 0.50",2026-10-07T03:27:48.791Z,179134366879107
"""Dih @ GO72Iwd2XL"" posts a small blind of 0.25",2026-10-07T03:27:48.791Z,179134366879106
"Your hand is 2♥, 2♠",2026-10-07T03:27:48.791Z,179134366879104
"Player stacks: #1 ""Dih @ GO72Iwd2XL"" (214.03) | #2 ""jaan @ O6Q78KIRx-"" (41.48) | #5 ""Cam @ eWUSzBpS1d"" (152.36) | #10 ""rowan @ GthBpPSqaK"" (83.06)",2026-10-07T03:27:48.791Z,179134366879101
"-- starting hand #335 (id: swkctxlhfhhc)  No Limit Texas Hold'em (dealer: ""rowan @ GthBpPSqaK"") --",2026-10-07T03:27:48.791Z,179134366879100
"""rowan @ GthBpPSqaK"" shows a 6♠, 5♠.",2026-10-07T03:27:44.194Z,179134366419400
"Undealt cards: 10♠, 6♥, 3♥ [5♦, 9♣]",2026-10-07T03:27:42.850Z,179134366285000
"-- ending hand #334 --",2026-10-07T03:27:42.170Z,179134366217002
"""rowan @ GthBpPSqaK"" collected 10.00 from pot",2026-10-07T03:27:42.170Z,179134366217001
"Uncalled bet of 5.00 returned to ""rowan @ GthBpPSqaK""",2026-10-07T03:27:42.170Z,179134366217000
"""Cam @ eWUSzBpS1d"" folds",2026-10-07T03:27:41.356Z,179134366135600
"""jaan @ O6Q78KIRx-"" folds",2026-10-07T03:27:36.175Z,179134365617500
"""Dih @ GO72Iwd2XL"" folds",2026-10-07T03:27:35.293Z,179134365529300
"""rowan @ GthBpPSqaK"" bets 5.00",2026-10-07T03:27:33.437Z,179134365343700
"Flop:  [10♠, 6♥, 3♥]",2026-10-07T03:27:29.477Z,179134364947700
"""Cam @ eWUSzBpS1d"" calls 2.50",2026-10-07T03:27:28.626Z,179134364862600
"""jaan @ O6Q78KIRx-"" calls 2.50",2026-10-07T03:27:27.562Z,179134364756200
"""Dih @ GO72Iwd2XL"" calls 2.50",2026-10-07T03:27:21.592Z,179134364159200
"""rowan @ GthBpPSqaK"" raises to 2.50",2026-10-07T03:27:20.332Z,179134364033200
"""Cam @ eWUSzBpS1d"" calls 0.50",2026-10-07T03:27:17.012Z,179134363701200
"""jaan @ O6Q78KIRx-"" calls 0.50",2026-10-07T03:27:15.128Z,179134363512800
"""Dih @ GO72Iwd2XL"" posts a big blind of 0.50",2026-10-07T03:27:13.861Z,179134363386107
"""rowan @ GthBpPSqaK"" posts a small blind of 0.25",2026-10-07T03:27:13.861Z,179134363386106
"Your hand is 5♥, A♣",2026-10-07T03:27:13.861Z,179134363386104
"Player stacks: #1 ""Dih @ GO72Iwd2XL"" (216.53) | #2 ""jaan @ O6Q78KIRx-"" (43.98) | #5 ""Cam @ eWUSzBpS1d"" (154.86) | #10 ""rowan @ GthBpPSqaK"" (75.56)",2026-10-07T03:27:13.861Z,179134363386101
"-- starting hand #334 (id: d7yld1ncoiev)  No Limit Texas Hold'em (dealer: ""Cam @ eWUSzBpS1d"") --",2026-10-07T03:27:13.861Z,179134363386100
"""Cam @ eWUSzBpS1d"" collected 3.00 from the 7-2 bounty",2026-10-07T03:27:10.879Z,179134363087903
"""jaan @ O6Q78KIRx-"" paid 1.00 for the 7-2 bounty to ""Cam @ eWUSzBpS1d""",2026-10-07T03:27:10.879Z,179134363087902
"""rowan @ GthBpPSqaK"" paid 1.00 for the 7-2 bounty to ""Cam @ eWUSzBpS1d""",2026-10-07T03:27:10.879Z,179134363087901
"""Dih @ GO72Iwd2XL"" paid 1.00 for the 7-2 bounty to ""Cam @ eWUSzBpS1d""",2026-10-07T03:27:10.879Z,179134363087900
"Undealt cards: 7♣, 4♠, J♥, 9♠ [K♠]",2026-10-07T03:27:05.384Z,179134362538400
"""Cam @ eWUSzBpS1d"" shows a 2♥, 7♦.",2026-10-07T03:27:04.841Z,179134362484100
"-- ending hand #333 --",2026-10-07T03:27:04.259Z,179134362425902
"""Cam @ eWUSzBpS1d"" collected 11.00 from pot",2026-10-07T03:27:04.259Z,179134362425901
"Uncalled bet of 5.50 returned to ""Cam @ eWUSzBpS1d""",2026-10-07T03:27:04.259Z,179134362425900
"""Dih @ GO72Iwd2XL"" folds",2026-10-07T03:27:03.443Z,179134362344300
"""Cam @ eWUSzBpS1d"" bets 5.50",2026-10-07T03:26:59.831Z,179134361983100
"Turn: 7♣, 4♠, J♥ [9♠]",2026-10-07T03:26:56.830Z,179134361683000
"""Dih @ GO72Iwd2XL"" calls 2.75",2026-10-07T03:26:55.980Z,179134361598000
"""Cam @ eWUSzBpS1d"" bets 2.75",2026-10-07T03:26:54.186Z,179134361418600
"Flop:  [7♣, 4♠, J♥]",2026-10-07T03:26:51.154Z,179134361115400
"""rowan @ GthBpPSqaK"" folds",2026-10-07T03:26:50.294Z,179134361029400
"""Cam @ eWUSzBpS1d"" calls 2.50",2026-10-07T03:26:49.426Z,179134360942600
"""jaan @ O6Q78KIRx-"" folds",2026-10-07T03:26:36.467Z,179134359646700
"""Dih @ GO72Iwd2XL"" raises to 2.50",2026-10-07T03:26:35.613Z,179134359561300
"""rowan @ GthBpPSqaK"" posts a big blind of 0.50",2026-10-07T03:26:32.435Z,179134359243507
"""Cam @ eWUSzBpS1d"" posts a small blind of 0.25",2026-10-07T03:26:32.435Z,179134359243506
"Your hand is 2♥, 7♦",2026-10-07T03:26:32.435Z,179134359243504
"Player stacks: #1 ""Dih @ GO72Iwd2XL"" (222.78) | #2 ""jaan @ O6Q78KIRx-"" (44.98) | #5 ""Cam @ eWUSzBpS1d"" (146.11) | #10 ""rowan @ GthBpPSqaK"" (77.06)",2026-10-07T03:26:32.435Z,179134359243501
"-- starting hand #333 (id: mtpakhjoos6o)  No Limit Texas Hold'em (dealer: ""jaan @ O6Q78KIRx-"") --",2026-10-07T03:26:32.435Z,179134359243500
"-- ending hand #332 --",2026-10-07T03:26:26.402Z,179134358640203
"""rowan @ GthBpPSqaK"" collected 30.00 from pot with Pair, K's (combination: 9♦, Q♣, A♥, K♣, K♦)",2026-10-07T03:26:26.402Z,179134358640202
"""rowan @ GthBpPSqaK"" shows a K♣, A♥.",2026-10-07T03:26:26.402Z,179134358640201
"""jaan @ O6Q78KIRx-"" shows a Q♥, 8♣.",2026-10-07T03:26:26.402Z,179134358640200
"""rowan @ GthBpPSqaK"" checks",2026-10-07T03:26:25.564Z,179134358556400
"""jaan @ O6Q78KIRx-"" checks",2026-10-07T03:26:23.156Z,179134358315600
"River: K♦, Q♣, 9♦, 7♣ [6♣]",2026-10-07T03:26:16.474Z,179134357647400
"""jaan @ O6Q78KIRx-"" calls 7.50",2026-10-07T03:26:15.574Z,179134357557400
"""rowan @ GthBpPSqaK"" bets 7.50",2026-10-07T03:26:07.248Z,179134356724800
"""jaan @ O6Q78KIRx-"" checks",2026-10-07T03:26:01.682Z,179134356168200
"Turn: K♦, Q♣, 9♦ [7♣]",2026-10-07T03:26:00.185Z,179134356018500
"""Cam @ eWUSzBpS1d"" folds",2026-10-07T03:25:59.361Z,179134355936100
"""jaan @ O6Q78KIRx-"" calls 4.50",2026-10-07T03:25:53.594Z,179134355359400
"""rowan @ GthBpPSqaK"" bets 4.50",2026-10-07T03:25:50.729Z,179134355072900
"""Cam @ eWUSzBpS1d"" checks",2026-10-07T03:25:46.121Z,179134354612100
"""jaan @ O6Q78KIRx-"" checks",2026-10-07T03:25:33.586Z,179134353358600
"Flop:  [K♦, Q♣, 9♦]",2026-10-07T03:25:32.375Z,179134353237500
"""Cam @ eWUSzBpS1d"" calls 2.00",2026-10-07T03:25:31.568Z,179134353156800
"""jaan @ O6Q78KIRx-"" calls 2.00",2026-10-07T03:25:28.586Z,179134352858600
"""Dih @ GO72Iwd2XL"" folds",2026-10-07T03:25:27.700Z,179134352770000
"""rowan @ GthBpPSqaK"" raises to 2.00",2026-10-07T03:25:26.783Z,179134352678300
"""Cam @ eWUSzBpS1d"" posts a big blind of 0.50",2026-10-07T03:25:24.349Z,179134352434908
"""jaan @ O6Q78KIRx-"" posts a small blind of 0.25",2026-10-07T03:25:24.349Z,179134352434907
"Your hand is 2♣, 2♦",2026-10-07T03:25:24.349Z,179134352434905
"Player stacks: #1 ""Dih @ GO72Iwd2XL"" (222.78) | #2 ""jaan @ O6Q78KIRx-"" (58.98) | #5 ""Cam @ eWUSzBpS1d"" (148.11) | #10 ""rowan @ GthBpPSqaK"" (61.06)",2026-10-07T03:25:24.349Z,179134352434902
"-- starting hand #332 (id: nbliiqv2s4cr)  No Limit Texas Hold'em (dealer: ""Dih @ GO72Iwd2XL"") --",2026-10-07T03:25:24.349Z,179134352434901
"Game Config Changes
* 7-2 bounty: off » 100",2026-10-07T03:25:24.349Z,179134352434900
"Undealt cards: 6♦, 8♣, 8♠, A♦ [K♥]",2026-10-07T03:25:20.343Z,179134352034300
"-- ending hand #331 --",2026-10-07T03:25:18.434Z,179134351843402
"""rowan @ GthBpPSqaK"" collected 8.49 from pot",2026-10-07T03:25:18.434Z,179134351843401
"Uncalled bet of 4.24 returned to ""rowan @ GthBpPSqaK""",2026-10-07T03:25:18.434Z,179134351843400
"""jaan @ O6Q78KIRx-"" folds",2026-10-07T03:25:17.612Z,179134351761200
"""rowan @ GthBpPSqaK"" bets 4.24",2026-10-07T03:25:16.519Z,179134351651900
"""jaan @ O6Q78KIRx-"" checks",2026-10-07T03:25:05.736Z,179134350573600
"Turn: 6♦, 8♣, 8♠ [A♦]",2026-10-07T03:25:04.432Z,179134350443200
"""jaan @ O6Q78KIRx-"" calls 2.12",2026-10-07T03:25:03.586Z,179134350358600
"""rowan @ GthBpPSqaK"" bets 2.12",2026-10-07T03:25:01.954Z,179134350195400
"The player ""Dih @ GO72Iwd2XL"" passed the room ownership to ""rowan @ GthBpPSqaK"".",2026-10-07T03:25:01.304Z,179134350130400
"""jaan @ O6Q78KIRx-"" checks",2026-10-07T03:24:58.593Z,179134349859300
"Flop:  [6♦, 8♣, 8♠]",2026-10-07T03:24:56.717Z,179134349671700
"""jaan @ O6Q78KIRx-"" calls 2.00",2026-10-07T03:24:55.888Z,179134349588800
"""Dih @ GO72Iwd2XL"" folds",2026-10-07T03:24:54.860Z,179134349486000
"""rowan @ GthBpPSqaK"" raises to 2.00",2026-10-07T03:24:53.528Z,179134349352800
"""Cam @ eWUSzBpS1d"" folds",2026-10-07T03:24:51.197Z,179134349119700
"""jaan @ O6Q78KIRx-"" posts a big blind of 0.50",2026-10-07T03:24:50.111Z,179134349011107
"""Dih @ GO72Iwd2XL"" posts a small blind of 0.25",2026-10-07T03:24:50.111Z,179134349011106
"Your hand is 2♥, 4♦",2026-10-07T03:24:50.111Z,179134349011104
"Player stacks: #1 ""Dih @ GO72Iwd2XL"" (223.03) | #2 ""jaan @ O6Q78KIRx-"" (63.10) | #5 ""Cam @ eWUSzBpS1d"" (148.11) | #10 ""rowan @ GthBpPSqaK"" (56.69)",2026-10-07T03:24:50.111Z,179134349011101
"-- starting hand #331 (id: ljcbd3hc7ofn)  No Limit Texas Hold'em (dealer: ""rowan @ GthBpPSqaK"") --",2026-10-07T03:24:50.111Z,179134349011100
"Undealt cards: 3♥, 9♣, 8♥ [7♦, A♠]",2026-10-07T03:24:44.489Z,179134348448900
"-- ending hand #330 --",2026-10-07T03:24:44.204Z,179134348420402
"""jaan @ O6Q78KIRx-"" collected 5.25 from pot",2026-10-07T03:24:44.204Z,179134348420401
"Uncalled bet of 3.93 returned to ""jaan @ O6Q78KIRx-""",2026-10-07T03:24:44.204Z,179134348420400
"""Cam @ eWUSzBpS1d"" folds",2026-10-07T03:24:43.394Z,179134348339400
"""jaan @ O6Q78KIRx-"" bets 3.93",2026-10-07T03:24:42.550Z,179134348255000
"Flop:  [3♥, 9♣, 8♥]",2026-10-07T03:24:39.300Z,179134347930000
"""Dih @ GO72Iwd2XL"" folds",2026-10-07T03:24:38.496Z,179134347849600
"""rowan @ GthBpPSqaK"" folds",2026-10-07T03:24:35.816Z,179134347581600
"""Cam @ eWUSzBpS1d"" calls 2.25",2026-10-07T03:24:34.928Z,179134347492800
"""jaan @ O6Q78KIRx-"" raises to 2.25",2026-10-07T03:24:34.088Z,179134347408800
"""Dih @ GO72Iwd2XL"" posts a big blind of 0.50",2026-10-07T03:24:32.184Z,179134347218407
"""rowan @ GthBpPSqaK"" posts a small blind of 0.25",2026-10-07T03:24:32.184Z,179134347218406
"Your hand is 5♦, 4♣",2026-10-07T03:24:32.184Z,179134347218404
"Player stacks: #1 ""Dih @ GO72Iwd2XL"" (223.53) | #2 ""jaan @ O6Q78KIRx-"" (60.10) | #5 ""Cam @ eWUSzBpS1d"" (150.36) | #10 ""rowan @ GthBpPSqaK"" (56.94)",2026-10-07T03:24:32.184Z,179134347218401
"-- starting hand #330 (id: exynohfzwhrt)  No Limit Texas Hold'em (dealer: ""Cam @ eWUSzBpS1d"") --",2026-10-07T03:24:32.184Z,179134347218400
"""rowan @ GthBpPSqaK"" shows a 8♠, J♥.",2026-10-07T03:24:29.863Z,179134346986300
"""jaan @ O6Q78KIRx-"" shows a Q♠, 6♦.",2026-10-07T03:24:27.698Z,179134346769800
"Undealt cards:  [Q♦, 6♠, 3♥, 8♣, 2♥]",2026-10-07T03:24:25.659Z,179134346565900
"-- ending hand #329 --",2026-10-07T03:24:24.853Z,179134346485302
"""rowan @ GthBpPSqaK"" collected 0.50 from pot",2026-10-07T03:24:24.853Z,179134346485301
"Uncalled bet of 0.25 returned to ""rowan @ GthBpPSqaK""",2026-10-07T03:24:24.853Z,179134346485300
"""Cam @ eWUSzBpS1d"" folds",2026-10-07T03:24:24.009Z,179134346400900
"""jaan @ O6Q78KIRx-"" folds",2026-10-07T03:24:23.182Z,179134346318200
"""Dih @ GO72Iwd2XL"" folds",2026-10-07T03:24:22.290Z,179134346229000
"""rowan @ GthBpPSqaK"" posts a big blind of 0.50",2026-10-07T03:24:20.250Z,179134346025007
"""Cam @ eWUSzBpS1d"" posts a small blind of 0.25",2026-10-07T03:24:20.250Z,179134346025006
"Your hand is 3♠, J♣",2026-10-07T03:24:20.250Z,179134346025004
"Player stacks: #1 ""Dih @ GO72Iwd2XL"" (223.53) | #2 ""jaan @ O6Q78KIRx-"" (60.10) | #5 ""Cam @ eWUSzBpS1d"" (150.61) | #10 ""rowan @ GthBpPSqaK"" (56.69)",2026-10-07T03:24:20.250Z,179134346025001
"-- starting hand #329 (id: etfjeifeiiom)  No Limit Texas Hold'em (dealer: ""jaan @ O6Q78KIRx-"") --",2026-10-07T03:24:20.250Z,179134346025000
"Undealt cards: 9♣, A♥, 4♦, 2♥ [9♦]",2026-10-07T03:24:14.882Z,179134345488200
"-- ending hand #328 --",2026-10-07T03:24:14.339Z,179134345433902
"""jaan @ O6Q78KIRx-"" collected 1.00 from pot",2026-10-07T03:24:14.339Z,179134345433901
"Uncalled bet of 1.00 returned to ""jaan @ O6Q78KIRx-""",2026-10-07T03:24:14.339Z,179134345433900
"""Cam @ eWUSzBpS1d"" folds",2026-10-07T03:24:13.523Z,179134345352300
"""jaan @ O6Q78KIRx-"" bets 1.00",2026-10-07T03:24:07.416Z,179134344741600
"Turn: 9♣, A♥, 4♦ [2♥]",2026-10-07T03:24:05.762Z,179134344576200
"""Cam @ eWUSzBpS1d"" checks",2026-10-07T03:24:04.954Z,179134344495400
"""jaan @ O6Q78KIRx-"" checks",2026-10-07T03:24:04.091Z,179134344409100
"Flop:  [9♣, A♥, 4♦]",2026-10-07T03:24:01.983Z,179134344198300
"""Cam @ eWUSzBpS1d"" checks",2026-10-07T03:24:01.075Z,179134344107500
"""jaan @ O6Q78KIRx-"" calls 0.50",2026-10-07T03:24:00.188Z,179134344018800
"""Dih @ GO72Iwd2XL"" folds",2026-10-07T03:23:58.412Z,179134343841200
"""rowan @ GthBpPSqaK"" folds",2026-10-07T03:23:57.486Z,179134343748600
"""Cam @ eWUSzBpS1d"" posts a big blind of 0.50",2026-10-07T03:23:56.242Z,179134343624207
"""jaan @ O6Q78KIRx-"" posts a small blind of 0.25",2026-10-07T03:23:56.242Z,179134343624206
"Your hand is 6♦, J♠",2026-10-07T03:23:56.242Z,179134343624204
"Player stacks: #1 ""Dih @ GO72Iwd2XL"" (223.53) | #2 ""jaan @ O6Q78KIRx-"" (59.60) | #5 ""Cam @ eWUSzBpS1d"" (151.11) | #10 ""rowan @ GthBpPSqaK"" (56.69)",2026-10-07T03:23:56.242Z,179134343624201
"-- starting hand #328 (id: fbidjszrwb8v)  No Limit Texas Hold'em (dealer: ""Dih @ GO72Iwd2XL"") --",2026-10-07T03:23:56.242Z,179134343624200
"""Dih @ GO72Iwd2XL"" shows a 8♥.",2026-10-07T03:23:54.660Z,179134343466000
"""rowan @ GthBpPSqaK"" shows a 10♦, J♥.",2026-10-07T03:23:49.439Z,179134342943900
"""Cam @ eWUSzBpS1d"" shows a 10♠, A♣.",2026-10-07T03:23:49.239Z,179134342923900
"Undealt cards: J♦, 7♣, 9♣, A♦ [8♦]",2026-10-07T03:23:48.482Z,179134342848200
"-- ending hand #327 --",2026-10-07T03:23:48.203Z,179134342820302
"""Cam @ eWUSzBpS1d"" collected 13.75 from pot",2026-10-07T03:23:48.203Z,179134342820301
"Uncalled bet of 6.87 returned to ""Cam @ eWUSzBpS1d""",2026-10-07T03:23:48.203Z,179134342820300
"""jaan @ O6Q78KIRx-"" folds",2026-10-07T03:23:47.364Z,179134342736400
"""rowan @ GthBpPSqaK"" folds",2026-10-07T03:23:44.101Z,179134342410100
"""Cam @ eWUSzBpS1d"" bets 6.87",2026-10-07T03:23:42.635Z,179134342263500
"""jaan @ O6Q78KIRx-"" checks",2026-10-07T03:23:40.163Z,179134342016300
"Turn: J♦, 7♣, 9♣ [A♦]",2026-10-07T03:23:38.533Z,179134341853300
"""Cam @ eWUSzBpS1d"" calls 2.75",2026-10-07T03:23:37.698Z,179134341769800
"""jaan @ O6Q78KIRx-"" calls 2.75",2026-10-07T03:23:28.305Z,179134340830500
"""rowan @ GthBpPSqaK"" bets 2.75",2026-10-07T03:23:26.774Z,179134340677400
"""Cam @ eWUSzBpS1d"" checks",2026-10-07T03:23:24.192Z,179134340419200
"""jaan @ O6Q78KIRx-"" checks",2026-10-07T03:23:05.248Z,179134338524800
"Flop:  [J♦, 7♣, 9♣]",2026-10-07T03:23:04.355Z,179134338435500
"""jaan @ O6Q78KIRx-"" calls 1.75",2026-10-07T03:23:03.536Z,179134338353600
"""Dih @ GO72Iwd2XL"" folds",2026-10-07T03:23:02.687Z,179134338268700
"""rowan @ GthBpPSqaK"" calls 1.75",2026-10-07T03:23:01.777Z,179134338177700
"""Cam @ eWUSzBpS1d"" raises to 1.75",2026-10-07T03:22:59.902Z,179134337990200
"""jaan @ O6Q78KIRx-"" posts a big blind of 0.50",2026-10-07T03:22:43.355Z,179134336335507
"""Dih @ GO72Iwd2XL"" posts a small blind of 0.25",2026-10-07T03:22:43.355Z,179134336335506
"Your hand is 10♠, A♣",2026-10-07T03:22:43.355Z,179134336335504
"Player stacks: #1 ""Dih @ GO72Iwd2XL"" (223.78) | #2 ""jaan @ O6Q78KIRx-"" (64.10) | #5 ""Cam @ eWUSzBpS1d"" (141.86) | #10 ""rowan @ GthBpPSqaK"" (61.19)",2026-10-07T03:22:43.355Z,179134336335501
"-- starting hand #327 (id: jhraks8nikqs)  No Limit Texas Hold'em (dealer: ""rowan @ GthBpPSqaK"") --",2026-10-07T03:22:43.355Z,179134336335500
"-- ending hand #326 --",2026-10-07T03:22:37.445Z,179134335744502
"""jaan @ O6Q78KIRx-"" collected 1.25 from pot",2026-10-07T03:22:37.445Z,179134335744501
"Uncalled bet of 1.75 returned to ""jaan @ O6Q78KIRx-""",2026-10-07T03:22:37.445Z,179134335744500
"""Dih @ GO72Iwd2XL"" folds",2026-10-07T03:22:36.630Z,179134335663000
"""rowan @ GthBpPSqaK"" folds",2026-10-07T03:22:33.687Z,179134335368700
"""Cam @ eWUSzBpS1d"" folds",2026-10-07T03:22:32.790Z,179134335279000
"""jaan @ O6Q78KIRx-"" raises to 2.25",2026-10-07T03:22:30.745Z,179134335074500
"""Dih @ GO72Iwd2XL"" posts a big blind of 0.50",2026-10-07T03:22:27.748Z,179134334774807
"""rowan @ GthBpPSqaK"" posts a small blind of 0.25",2026-10-07T03:22:27.748Z,179134334774806
"Your hand is 5♠, 10♠",2026-10-07T03:22:27.748Z,179134334774804
"Player stacks: #1 ""Dih @ GO72Iwd2XL"" (224.28) | #2 ""jaan @ O6Q78KIRx-"" (63.35) | #5 ""Cam @ eWUSzBpS1d"" (141.86) | #10 ""rowan @ GthBpPSqaK"" (61.44)",2026-10-07T03:22:27.748Z,179134334774801
"-- starting hand #326 (id: w71ifn1sfrtq)  No Limit Texas Hold'em (dealer: ""Cam @ eWUSzBpS1d"") --",2026-10-07T03:22:27.748Z,179134334774800
"""Cam @ eWUSzBpS1d"" shows a A♥.",2026-10-07T03:22:22.487Z,179134334248700
"""rowan @ GthBpPSqaK"" shows a 7♦.",2026-10-07T03:22:22.404Z,179134334240400
"""Cam @ eWUSzBpS1d"" shows a 5♦.",2026-10-07T03:22:21.928Z,179134334192800
"Undealt cards: J♦, Q♣, 5♠ [7♣, 2♥]",2026-10-07T03:22:20.841Z,179134334084100
"-- ending hand #325 --",2026-10-07T03:22:20.400Z,179134334040002
"""jaan @ O6Q78KIRx-"" collected 6.75 from pot",2026-10-07T03:22:20.400Z,179134334040001
"Uncalled bet of 5.06 returned to ""jaan @ O6Q78KIRx-""",2026-10-07T03:22:20.400Z,179134334040000
"""rowan @ GthBpPSqaK"" folds",2026-10-07T03:22:19.584Z,179134333958400
"""Cam @ eWUSzBpS1d"" folds",2026-10-07T03:22:18.700Z,179134333870000
"""jaan @ O6Q78KIRx-"" bets 5.06",2026-10-07T03:22:13.443Z,179134333344300
"""rowan @ GthBpPSqaK"" checks",2026-10-07T03:22:10.775Z,179134333077500
"""Cam @ eWUSzBpS1d"" checks",2026-10-07T03:22:09.885Z,179134332988500
"Flop:  [J♦, Q♣, 5♠]",2026-10-07T03:22:05.515Z,179134332551500
"""rowan @ GthBpPSqaK"" calls 2.25",2026-10-07T03:22:04.697Z,179134332469700
"""Cam @ eWUSzBpS1d"" calls 2.25",2026-10-07T03:22:03.581Z,179134332358100
"""jaan @ O6Q78KIRx-"" raises to 2.25",2026-10-07T03:22:02.638Z,179134332263800
"""Dih @ GO72Iwd2XL"" folds",2026-10-07T03:22:00.365Z,179134332036500
"""rowan @ GthBpPSqaK"" posts a big blind of 0.50",2026-10-07T03:21:59.001Z,179134331900107
"""Cam @ eWUSzBpS1d"" posts a small blind of 0.25",2026-10-07T03:21:59.001Z,179134331900106
"Your hand is 5♦, A♥",2026-10-07T03:21:59.001Z,179134331900104
"Player stacks: #1 ""Dih @ GO72Iwd2XL"" (224.28) | #2 ""jaan @ O6Q78KIRx-"" (58.85) | #5 ""Cam @ eWUSzBpS1d"" (144.11) | #10 ""rowan @ GthBpPSqaK"" (63.69)",2026-10-07T03:21:59.001Z,179134331900101
"-- starting hand #325 (id: v6dmfz8aivs4)  No Limit Texas Hold'em (dealer: ""jaan @ O6Q78KIRx-"") --",2026-10-07T03:21:59.001Z,179134331900100
"""jaan @ O6Q78KIRx-"" shows a A♦.",2026-10-07T03:21:54.991Z,179134331499100
"""rowan @ GthBpPSqaK"" shows a 3♣, 2♣.",2026-10-07T03:21:53.643Z,179134331364300
"""Dih @ GO72Iwd2XL"" shows a A♠.",2026-10-07T03:21:53.013Z,179134331301300
"-- ending hand #324 --",2026-10-07T03:21:51.482Z,179134331148202
"""Cam @ eWUSzBpS1d"" collected 3.50 from pot with Two Pair, K's & Q's (combination: 8♥, Q♥, Q♠, K♠, K♥)",2026-10-07T03:21:51.482Z,179134331148201
"""Cam @ eWUSzBpS1d"" shows a Q♥, 3♠.",2026-10-07T03:21:51.482Z,179134331148200
"""jaan @ O6Q78KIRx-"" calls 0.50",2026-10-07T03:21:50.602Z,179134331060200
"""Dih @ GO72Iwd2XL"" calls 0.50",2026-10-07T03:21:49.764Z,179134330976400
"""rowan @ GthBpPSqaK"" folds",2026-10-07T03:21:47.919Z,179134330791900
"""Cam @ eWUSzBpS1d"" bets 0.50",2026-10-07T03:21:47.054Z,179134330705400
"""jaan @ O6Q78KIRx-"" checks",2026-10-07T03:21:45.522Z,179134330552200
"River: K♠, 6♣, K♥, 8♥ [Q♠]",2026-10-07T03:21:44.878Z,179134330487800
"""Dih @ GO72Iwd2XL"" checks",2026-10-07T03:21:44.014Z,179134330401400
"""rowan @ GthBpPSqaK"" checks",2026-10-07T03:21:43.139Z,179134330313900
"""Cam @ eWUSzBpS1d"" checks",2026-10-07T03:21:42.221Z,179134330222100
"""jaan @ O6Q78KIRx-"" checks",2026-10-07T03:21:41.315Z,179134330131500
"Turn: K♠, 6♣, K♥ [8♥]",2026-10-07T03:21:40.277Z,179134330027700
"""Dih @ GO72Iwd2XL"" checks",2026-10-07T03:21:39.415Z,179134329941500
"""rowan @ GthBpPSqaK"" checks",2026-10-07T03:21:37.727Z,179134329772700
"""Cam @ eWUSzBpS1d"" checks",2026-10-07T03:21:36.873Z,179134329687300
"""jaan @ O6Q78KIRx-"" checks",2026-10-07T03:21:35.963Z,179134329596300
"Flop:  [K♠, 6♣, K♥]",2026-10-07T03:21:34.182Z,179134329418200
"""Cam @ eWUSzBpS1d"" checks",2026-10-07T03:21:33.368Z,179134329336800
"""jaan @ O6Q78KIRx-"" calls 0.50",2026-10-07T03:21:32.532Z,179134329253200
"""Dih @ GO72Iwd2XL"" calls 0.50",2026-10-07T03:21:31.461Z,179134329146100
"""rowan @ GthBpPSqaK"" calls 0.50",2026-10-07T03:21:30.480Z,179134329048000
"""Cam @ eWUSzBpS1d"" posts a big blind of 0.50",2026-10-07T03:21:29.340Z,179134328934007
"""jaan @ O6Q78KIRx-"" posts a small blind of 0.25",2026-10-07T03:21:29.340Z,179134328934006
"Your hand is Q♥, 3♠",2026-10-07T03:21:29.340Z,179134328934004
"Player stacks: #1 ""Dih @ GO72Iwd2XL"" (225.28) | #2 ""jaan @ O6Q78KIRx-"" (59.85) | #5 ""Cam @ eWUSzBpS1d"" (141.61) | #10 ""rowan @ GthBpPSqaK"" (64.19)",2026-10-07T03:21:29.340Z,179134328934001
"-- starting hand #324 (id: 2qap7luctsyi)  No Limit Texas Hold'em (dealer: ""Dih @ GO72Iwd2XL"") --",2026-10-07T03:21:29.340Z,179134328934000
"""rowan @ GthBpPSqaK"" shows a 5♥, K♣.",2026-10-07T03:21:24.704Z,179134328470400
"""Dih @ GO72Iwd2XL"" shows a 3♦.",2026-10-07T03:21:23.947Z,179134328394700
"""Cam @ eWUSzBpS1d"" shows a 5♠, 7♥.",2026-10-07T03:21:23.295Z,179134328329500
"Undealt cards: 6♠, 7♣, 3♣, Q♠ [2♦]",2026-10-07T03:21:22.546Z,179134328254600
"-- ending hand #323 --",2026-10-07T03:21:21.329Z,179134328132902
"""Cam @ eWUSzBpS1d"" collected 12.00 from pot",2026-10-07T03:21:21.329Z,179134328132901
"Uncalled bet of 6.00 returned to ""Cam @ eWUSzBpS1d""",2026-10-07T03:21:21.329Z,179134328132900
"""Dih @ GO72Iwd2XL"" folds",2026-10-07T03:21:20.512Z,179134328051200
"""Cam @ eWUSzBpS1d"" bets 6.00",2026-10-07T03:21:18.667Z,179134327866700
"""Dih @ GO72Iwd2XL"" checks",2026-10-07T03:21:16.332Z,179134327633200
"Turn: 6♠, 7♣, 3♣ [Q♠]",2026-10-07T03:21:14.770Z,179134327477000
"""jaan @ O6Q78KIRx-"" folds",2026-10-07T03:21:13.962Z,179134327396200
"""Dih @ GO72Iwd2XL"" calls 4.50",2026-10-07T03:21:12.781Z,179134327278100
"""Cam @ eWUSzBpS1d"" raises to 4.50",2026-10-07T03:21:10.917Z,179134327091700
"""jaan @ O6Q78KIRx-"" calls 1.50",2026-10-07T03:21:08.560Z,179134326856000
"""Dih @ GO72Iwd2XL"" bets 1.50",2026-10-07T03:21:05.470Z,179134326547000
"Flop:  [6♠, 7♣, 3♣]",2026-10-07T03:21:02.318Z,179134326231800
"""jaan @ O6Q78KIRx-"" checks",2026-10-07T03:21:01.339Z,179134326133900
"""Dih @ GO72Iwd2XL"" calls 0.50",2026-10-07T03:20:59.764Z,179134325976400
"""rowan @ GthBpPSqaK"" folds",2026-10-07T03:20:58.052Z,179134325805200
"""Cam @ eWUSzBpS1d"" calls 0.50",2026-10-07T03:20:57.140Z,179134325714000
"""jaan @ O6Q78KIRx-"" posts a big blind of 0.50",2026-10-07T03:20:54.688Z,179134325468807
"""Dih @ GO72Iwd2XL"" posts a small blind of 0.25",2026-10-07T03:20:54.688Z,179134325468806
"Your hand is 5♠, 7♥",2026-10-07T03:20:54.688Z,179134325468804
"Player stacks: #1 ""Dih @ GO72Iwd2XL"" (230.28) | #2 ""jaan @ O6Q78KIRx-"" (61.85) | #5 ""Cam @ eWUSzBpS1d"" (134.61) | #10 ""rowan @ GthBpPSqaK"" (64.19)",2026-10-07T03:20:54.688Z,179134325468801
"-- starting hand #323 (id: ozzsmyy47z9t)  No Limit Texas Hold'em (dealer: ""rowan @ GthBpPSqaK"") --",2026-10-07T03:20:54.688Z,179134325468800
"-- ending hand #322 --",2026-10-07T03:20:51.780Z,179134325178002
"""Cam @ eWUSzBpS1d"" collected 22.97 from pot",2026-10-07T03:20:51.780Z,179134325178001
"Uncalled bet of 11.48 returned to ""Cam @ eWUSzBpS1d""",2026-10-07T03:20:51.780Z,179134325178000
"""Dih @ GO72Iwd2XL"" folds",2026-10-07T03:20:50.947Z,179134325094700
"""Cam @ eWUSzBpS1d"" bets 11.48",2026-10-07T03:20:49.932Z,179134324993200
"""Dih @ GO72Iwd2XL"" checks",2026-10-07T03:20:47.149Z,179134324714900
"River: 3♣, 9♥, J♦, 8♥ [3♠]",2026-10-07T03:20:44.656Z,179134324465600
"""Dih @ GO72Iwd2XL"" calls 5.74",2026-10-07T03:20:43.799Z,179134324379900
"""Cam @ eWUSzBpS1d"" bets 5.74",2026-10-07T03:20:42.310Z,179134324231000
"""Dih @ GO72Iwd2XL"" checks",2026-10-07T03:20:38.433Z,179134323843300
"Turn: 3♣, 9♥, J♦ [8♥]",2026-10-07T03:20:37.051Z,179134323705100
"""Dih @ GO72Iwd2XL"" calls 2.87",2026-10-07T03:20:36.247Z,179134323624700
"""Cam @ eWUSzBpS1d"" bets 2.87",2026-10-07T03:20:35.180Z,179134323518000
"""Dih @ GO72Iwd2XL"" checks",2026-10-07T03:20:33.033Z,179134323303300
"Flop:  [3♣, 9♥, J♦]",2026-10-07T03:20:30.659Z,179134323065900
"""Dih @ GO72Iwd2XL"" calls 2.75",2026-10-07T03:20:29.831Z,179134322983100
"""rowan @ GthBpPSqaK"" folds",2026-10-07T03:20:26.871Z,179134322687100
"""Cam @ eWUSzBpS1d"" raises to 2.75",2026-10-07T03:20:26.000Z,179134322600000
"""jaan @ O6Q78KIRx-"" folds",2026-10-07T03:20:22.801Z,179134322280100
"""Dih @ GO72Iwd2XL"" posts a big blind of 0.50",2026-10-07T03:20:21.563Z,179134322156307
"""rowan @ GthBpPSqaK"" posts a small blind of 0.25",2026-10-07T03:20:21.563Z,179134322156306
"Your hand is 9♣, Q♣",2026-10-07T03:20:21.563Z,179134322156304
"Player stacks: #1 ""Dih @ GO72Iwd2XL"" (241.64) | #2 ""jaan @ O6Q78KIRx-"" (61.85) | #5 ""Cam @ eWUSzBpS1d"" (123.00) | #10 ""rowan @ GthBpPSqaK"" (64.44)",2026-10-07T03:20:21.563Z,179134322156301
"-- starting hand #322 (id: nw84kdcxcrvo)  No Limit Texas Hold'em (dealer: ""Cam @ eWUSzBpS1d"") --",2026-10-07T03:20:21.563Z,179134322156300
"""rowan @ GthBpPSqaK"" shows a 10♥.",2026-10-07T03:20:17.364Z,179134321736400
"""Dih @ GO72Iwd2XL"" shows a 2♦.",2026-10-07T03:20:15.979Z,179134321597900
"Undealt cards: 10♣, 7♣, A♠, A♦ [6♣]",2026-10-07T03:20:15.560Z,179134321556000
"-- ending hand #321 --",2026-10-07T03:20:14.154Z,179134321415402
"""Dih @ GO72Iwd2XL"" collected 39.00 from pot",2026-10-07T03:20:14.154Z,179134321415401
"Uncalled bet of 22.00 returned to ""Dih @ GO72Iwd2XL""",2026-10-07T03:20:14.154Z,179134321415400
"""jaan @ O6Q78KIRx-"" folds",2026-10-07T03:20:13.266Z,179134321326600
"""Dih @ GO72Iwd2XL"" bets 22.00",2026-10-07T03:19:57.813Z,179134319781300
"Turn: 10♣, 7♣, A♠ [A♦]",2026-10-07T03:19:45.390Z,179134318539000
"""jaan @ O6Q78KIRx-"" calls 10.25",2026-10-07T03:19:44.525Z,179134318452500
"""Dih @ GO72Iwd2XL"" bets 10.25",2026-10-07T03:19:39.962Z,179134317996200
"Flop:  [10♣, 7♣, A♠]",2026-10-07T03:19:34.180Z,179134317418000
"""rowan @ GthBpPSqaK"" folds",2026-10-07T03:19:33.320Z,179134317332000
"""jaan @ O6Q78KIRx-"" calls 8.00",2026-10-07T03:19:32.436Z,179134317243600
"""Dih @ GO72Iwd2XL"" raises to 8.00",2026-10-07T03:19:22.682Z,179134316268200
"""rowan @ GthBpPSqaK"" calls 2.25",2026-10-07T03:19:18.947Z,179134315894700
"""Cam @ eWUSzBpS1d"" folds",2026-10-07T03:19:17.875Z,179134315787500
"""jaan @ O6Q78KIRx-"" raises to 2.25",2026-10-07T03:19:17.030Z,179134315703000
"""Dih @ GO72Iwd2XL"" calls 0.50",2026-10-07T03:18:52.322Z,179134313232200
"""rowan @ GthBpPSqaK"" posts a big blind of 0.50",2026-10-07T03:18:49.584Z,179134312958407
"""Cam @ eWUSzBpS1d"" posts a small blind of 0.25",2026-10-07T03:18:49.584Z,179134312958406
"Your hand is 8♦, 3♥",2026-10-07T03:18:49.584Z,179134312958404
"Player stacks: #1 ""Dih @ GO72Iwd2XL"" (220.89) | #2 ""jaan @ O6Q78KIRx-"" (80.10) | #5 ""Cam @ eWUSzBpS1d"" (123.25) | #10 ""rowan @ GthBpPSqaK"" (66.69)",2026-10-07T03:18:49.584Z,179134312958401
"-- starting hand #321 (id: aanrde4lkgtj)  No Limit Texas Hold'em (dealer: ""jaan @ O6Q78KIRx-"") --",2026-10-07T03:18:49.584Z,179134312958400
"""rowan @ GthBpPSqaK"" shows a Q♦.",2026-10-07T03:18:45.818Z,179134312581800
"""rowan @ GthBpPSqaK"" shows a A♣.",2026-10-07T03:18:44.518Z,179134312451800
"Undealt cards: 3♥, 3♠, 9♠ [A♥, A♠]",2026-10-07T03:18:43.120Z,179134312312000
"-- ending hand #320 --",2026-10-07T03:18:42.958Z,179134312295802
"""rowan @ GthBpPSqaK"" collected 4.25 from pot",2026-10-07T03:18:42.958Z,179134312295801
"Uncalled bet of 2.12 returned to ""rowan @ GthBpPSqaK""",2026-10-07T03:18:42.958Z,179134312295800
"""Cam @ eWUSzBpS1d"" folds",2026-10-07T03:18:42.086Z,179134312208600
"""rowan @ GthBpPSqaK"" bets 2.12",2026-10-07T03:18:41.236Z,179134312123600
"""Cam @ eWUSzBpS1d"" checks",2026-10-07T03:18:39.091Z,179134311909100
"Flop:  [3♥, 3♠, 9♠]",2026-10-07T03:18:37.960Z,179134311796000
"""Cam @ eWUSzBpS1d"" calls 2.00",2026-10-07T03:18:37.106Z,179134311710600
"""jaan @ O6Q78KIRx-"" folds",2026-10-07T03:18:35.511Z,179134311551100
"""Dih @ GO72Iwd2XL"" folds",2026-10-07T03:18:34.663Z,179134311466300
"""rowan @ GthBpPSqaK"" raises to 2.00",2026-10-07T03:18:33.767Z,179134311376700
"""Cam @ eWUSzBpS1d"" posts a big blind of 0.50",2026-10-07T03:18:31.480Z,179134311148007
"""jaan @ O6Q78KIRx-"" posts a small blind of 0.25",2026-10-07T03:18:31.480Z,179134311148006
"Your hand is 8♣, 2♠",2026-10-07T03:18:31.480Z,179134311148004
"Player stacks: #1 ""Dih @ GO72Iwd2XL"" (220.89) | #2 ""jaan @ O6Q78KIRx-"" (80.35) | #5 ""Cam @ eWUSzBpS1d"" (125.25) | #10 ""rowan @ GthBpPSqaK"" (64.44)",2026-10-07T03:18:31.480Z,179134311148001
"-- starting hand #320 (id: 6legmv5u8tu6)  No Limit Texas Hold'em (dealer: ""Dih @ GO72Iwd2XL"") --",2026-10-07T03:18:31.480Z,179134311148000
"""rowan @ GthBpPSqaK"" shows a 2♠.",2026-10-07T03:18:26.681Z,179134310668100
"""Dih @ GO72Iwd2XL"" shows a 2♥.",2026-10-07T03:18:26.031Z,179134310603100
"Undealt cards: 9♠, K♣, 3♠ [2♣, Q♣]",2026-10-07T03:18:25.185Z,179134310518500
"-- ending hand #319 --",2026-10-07T03:18:24.155Z,179134310415502
"""Cam @ eWUSzBpS1d"" collected 5.75 from pot",2026-10-07T03:18:24.155Z,179134310415501
"Uncalled bet of 3.37 returned to ""Cam @ eWUSzBpS1d""",2026-10-07T03:18:24.155Z,179134310415500
"""Dih @ GO72Iwd2XL"" folds",2026-10-07T03:18:23.350Z,179134310335000
"""Cam @ eWUSzBpS1d"" bets 3.37",2026-10-07T03:18:21.730Z,179134310173000
"""Dih @ GO72Iwd2XL"" checks",2026-10-07T03:18:18.117Z,179134309811700
"Flop:  [9♠, K♣, 3♠]",2026-10-07T03:18:16.384Z,179134309638400
"""jaan @ O6Q78KIRx-"" folds",2026-10-07T03:18:15.559Z,179134309555900
"""Dih @ GO72Iwd2XL"" calls 2.50",2026-10-07T03:18:12.728Z,179134309272800
"""rowan @ GthBpPSqaK"" folds",2026-10-07T03:18:11.636Z,179134309163600
"""Cam @ eWUSzBpS1d"" raises to 2.50",2026-10-07T03:18:10.771Z,179134309077100
"""jaan @ O6Q78KIRx-"" posts a missing small blind of 0.25",2026-10-07T03:18:08.220Z,179134308822009
"""jaan @ O6Q78KIRx-"" posts a big blind of 0.50",2026-10-07T03:18:08.220Z,179134308822008
"""Dih @ GO72Iwd2XL"" posts a small blind of 0.25",2026-10-07T03:18:08.220Z,179134308822007
"Your hand is 10♠, K♦",2026-10-07T03:18:08.220Z,179134308822005
"Player stacks: #1 ""Dih @ GO72Iwd2XL"" (223.39) | #2 ""jaan @ O6Q78KIRx-"" (81.10) | #5 ""Cam @ eWUSzBpS1d"" (122.00) | #10 ""rowan @ GthBpPSqaK"" (64.44)",2026-10-07T03:18:08.220Z,179134308822002
"-- starting hand #319 (id: u2hcxcm5uczl)  No Limit Texas Hold'em (dealer: ""rowan @ GthBpPSqaK"") --",2026-10-07T03:18:08.220Z,179134308822001
"The player ""jaan @ O6Q78KIRx-"" joined the game with a stack of 81.10.",2026-10-07T03:18:08.220Z,179134308822000
"The player ""jaan @ O6Q78KIRx-"" sit back with the stack of 81.10.",2026-10-07T03:18:06.024Z,179134308602400
"-- ending hand #318 --",2026-10-07T03:18:02.200Z,179134308220003
"""Dih @ GO72Iwd2XL"" collected 4.00 from pot with Two Pair, K's & 2's (combination: 10♦, 2♣, 2♥, K♠, K♥)",2026-10-07T03:18:02.200Z,179134308220002
"""Dih @ GO72Iwd2XL"" shows a 2♣, 5♣.",2026-10-07T03:18:02.200Z,179134308220001
"""rowan @ GthBpPSqaK"" shows a 8♣, A♠.",2026-10-07T03:18:02.200Z,179134308220000
"""Dih @ GO72Iwd2XL"" checks",2026-10-07T03:18:01.334Z,179134308133400
"""rowan @ GthBpPSqaK"" checks",2026-10-07T03:18:00.248Z,179134308024800
"River: K♠, 10♦, K♥, 2♥ [3♣]",2026-10-07T03:17:59.758Z,179134307975800
"""Dih @ GO72Iwd2XL"" checks",2026-10-07T03:17:58.936Z,179134307893600
"""rowan @ GthBpPSqaK"" checks",2026-10-07T03:17:58.045Z,179134307804500
"Turn: K♠, 10♦, K♥ [2♥]",2026-10-07T03:17:56.475Z,179134307647500
"""Dih @ GO72Iwd2XL"" checks",2026-10-07T03:17:55.630Z,179134307563000
"""rowan @ GthBpPSqaK"" checks",2026-10-07T03:17:54.543Z,179134307454300
"Flop:  [K♠, 10♦, K♥]",2026-10-07T03:17:53.676Z,179134307367600
"""rowan @ GthBpPSqaK"" calls 2.00",2026-10-07T03:17:52.867Z,179134307286700
"""Dih @ GO72Iwd2XL"" raises to 2.00",2026-10-07T03:17:51.483Z,179134307148300
"""rowan @ GthBpPSqaK"" calls 0.50",2026-10-07T03:17:46.518Z,179134306651800
"""Cam @ eWUSzBpS1d"" folds",2026-10-07T03:17:44.728Z,179134306472800
"""Dih @ GO72Iwd2XL"" posts a big blind of 0.50",2026-10-07T03:17:43.788Z,179134306378806
"""rowan @ GthBpPSqaK"" posts a small blind of 0.25",2026-10-07T03:17:43.788Z,179134306378805
"Your hand is J♣, 2♦",2026-10-07T03:17:43.788Z,179134306378803
"Player stacks: #1 ""Dih @ GO72Iwd2XL"" (221.39) | #5 ""Cam @ eWUSzBpS1d"" (122.00) | #10 ""rowan @ GthBpPSqaK"" (66.44)",2026-10-07T03:17:43.788Z,179134306378801
"-- starting hand #318 (id: c2anlwgarfdy)  No Limit Texas Hold'em (dealer: ""Cam @ eWUSzBpS1d"") --",2026-10-07T03:17:43.788Z,179134306378800
"""rowan @ GthBpPSqaK"" shows a Q♥, 7♣.",2026-10-07T03:17:41.417Z,179134306141700
"""Cam @ eWUSzBpS1d"" shows a A♥, Q♠.",2026-10-07T03:17:37.808Z,179134305780800
"Undealt cards:  [10♠, J♦, A♠, J♠, 9♦]",2026-10-07T03:17:37.192Z,179134305719200
"-- ending hand #317 --",2026-10-07T03:17:36.466Z,179134305646602
"""Cam @ eWUSzBpS1d"" collected 1.00 from pot",2026-10-07T03:17:36.466Z,179134305646601
"Uncalled bet of 1.50 returned to ""Cam @ eWUSzBpS1d""",2026-10-07T03:17:36.466Z,179134305646600
"""rowan @ GthBpPSqaK"" folds",2026-10-07T03:17:35.590Z,179134305559000
"""Cam @ eWUSzBpS1d"" raises to 2.00",2026-10-07T03:17:34.222Z,179134305422200
"""Dih @ GO72Iwd2XL"" folds",2026-10-07T03:17:31.434Z,179134305143400
"""rowan @ GthBpPSqaK"" posts a big blind of 0.50",2026-10-07T03:17:30.350Z,179134305035006
"""Cam @ eWUSzBpS1d"" posts a small blind of 0.25",2026-10-07T03:17:30.350Z,179134305035005
"Your hand is A♥, Q♠",2026-10-07T03:17:30.350Z,179134305035003
"Player stacks: #1 ""Dih @ GO72Iwd2XL"" (221.39) | #5 ""Cam @ eWUSzBpS1d"" (121.50) | #10 ""rowan @ GthBpPSqaK"" (66.94)",2026-10-07T03:17:30.350Z,179134305035001
"-- starting hand #317 (id: 90tm9jkwgp6x)  No Limit Texas Hold'em (dealer: ""Dih @ GO72Iwd2XL"") --",2026-10-07T03:17:30.350Z,179134305035000
"""rowan @ GthBpPSqaK"" shows a 4♠, K♥.",2026-10-07T03:17:27.415Z,179134304741500
"""Dih @ GO72Iwd2XL"" shows a J♦, 6♠.",2026-10-07T03:17:25.317Z,179134304531700
"Undealt cards:  [A♠, Q♦, A♥, 3♣, A♦]",2026-10-07T03:17:23.553Z,179134304355300
"""Cam @ eWUSzBpS1d"" shows a 10♠, 6♣.",2026-10-07T03:17:22.846Z,179134304284600
"-- ending hand #316 --",2026-10-07T03:17:22.338Z,179134304233802
"""Cam @ eWUSzBpS1d"" collected 0.50 from pot",2026-10-07T03:17:22.338Z,179134304233801
"Uncalled bet of 0.25 returned to ""Cam @ eWUSzBpS1d""",2026-10-07T03:17:22.338Z,179134304233800
"""Dih @ GO72Iwd2XL"" folds",2026-10-07T03:17:21.533Z,179134304153300
"""rowan @ GthBpPSqaK"" folds",2026-10-07T03:17:19.489Z,179134303948900
"""Cam @ eWUSzBpS1d"" posts a big blind of 0.50",2026-10-07T03:17:18.171Z,179134303817106
"""Dih @ GO72Iwd2XL"" posts a small blind of 0.25",2026-10-07T03:17:18.171Z,179134303817105
"Your hand is 10♠, 6♣",2026-10-07T03:17:18.171Z,179134303817103
"Player stacks: #1 ""Dih @ GO72Iwd2XL"" (221.64) | #5 ""Cam @ eWUSzBpS1d"" (121.25) | #10 ""rowan @ GthBpPSqaK"" (66.94)",2026-10-07T03:17:18.171Z,179134303817101
"-- starting hand #316 (id: w9jy07seufrf)  No Limit Texas Hold'em (dealer: ""rowan @ GthBpPSqaK"") --",2026-10-07T03:17:18.171Z,179134303817100
"""Cam @ eWUSzBpS1d"" shows a 10♦.",2026-10-07T03:17:14.269Z,179134303426900
"""Cam @ eWUSzBpS1d"" shows a 6♠.",2026-10-07T03:17:13.921Z,179134303392100
"Undealt cards: A♦, 6♣, A♠ [7♦, 8♣]",2026-10-07T03:17:12.586Z,179134303258600
"""rowan @ GthBpPSqaK"" shows a 3♣, 4♦.",2026-10-07T03:17:11.526Z,179134303152600
"""Dih @ GO72Iwd2XL"" shows a 2♥, 5♥.",2026-10-07T03:17:11.250Z,179134303125000
"-- ending hand #315 --",2026-10-07T03:17:10.114Z,179134303011401
"""Dih @ GO72Iwd2XL"" collected 5.00 from pot",2026-10-07T03:17:10.114Z,179134303011400
"""rowan @ GthBpPSqaK"" folds",2026-10-07T03:17:09.266Z,179134302926600
"Flop:  [A♦, 6♣, A♠]",2026-10-07T03:17:05.369Z,179134302536900
"""rowan @ GthBpPSqaK"" calls 2.50",2026-10-07T03:17:04.555Z,179134302455500
"""Dih @ GO72Iwd2XL"" raises to 2.50",2026-10-07T03:17:02.676Z,179134302267600
"""rowan @ GthBpPSqaK"" calls 0.50",2026-10-07T03:16:57.917Z,179134301791700
"""Cam @ eWUSzBpS1d"" folds",2026-10-07T03:16:56.779Z,179134301677900
"""Dih @ GO72Iwd2XL"" posts a big blind of 0.50",2026-10-07T03:16:55.292Z,179134301529206
"""rowan @ GthBpPSqaK"" posts a small blind of 0.25",2026-10-07T03:16:55.292Z,179134301529205
"Your hand is 6♠, 10♦",2026-10-07T03:16:55.292Z,179134301529203
"Player stacks: #1 ""Dih @ GO72Iwd2XL"" (219.14) | #5 ""Cam @ eWUSzBpS1d"" (121.25) | #10 ""rowan @ GthBpPSqaK"" (69.44)",2026-10-07T03:16:55.292Z,179134301529201
"-- starting hand #315 (id: qtiwvr1linwx)  No Limit Texas Hold'em (dealer: ""Cam @ eWUSzBpS1d"") --",2026-10-07T03:16:55.292Z,179134301529200
"""Dih @ GO72Iwd2XL"" shows a 6♥.",2026-10-07T03:16:53.402Z,179134301340200
"""rowan @ GthBpPSqaK"" shows a 6♣, 10♥.",2026-10-07T03:16:49.640Z,179134300964000
"Undealt cards: A♠, J♣, 5♦ [3♣, K♥]",2026-10-07T03:16:48.273Z,179134300827300
"-- ending hand #314 --",2026-10-07T03:16:47.965Z,179134300796502
"""Cam @ eWUSzBpS1d"" collected 1.00 from pot",2026-10-07T03:16:47.965Z,179134300796501
"Uncalled bet of 0.50 returned to ""Cam @ eWUSzBpS1d""",2026-10-07T03:16:47.965Z,179134300796500
"""rowan @ GthBpPSqaK"" folds",2026-10-07T03:16:47.157Z,179134300715700
"""Cam @ eWUSzBpS1d"" bets 0.50",2026-10-07T03:16:46.175Z,179134300617500
"Flop:  [A♠, J♣, 5♦]",2026-10-07T03:16:44.657Z,179134300465700
"""rowan @ GthBpPSqaK"" checks",2026-10-07T03:16:43.849Z,179134300384900
"""Cam @ eWUSzBpS1d"" calls 0.50",2026-10-07T03:16:42.960Z,179134300296000
"""Dih @ GO72Iwd2XL"" folds",2026-10-07T03:16:42.102Z,179134300210200
"""rowan @ GthBpPSqaK"" posts a big blind of 0.50",2026-10-07T03:16:40.558Z,179134300055806
"""Cam @ eWUSzBpS1d"" posts a small blind of 0.25",2026-10-07T03:16:40.558Z,179134300055805
"Your hand is 7♠, A♥",2026-10-07T03:16:40.558Z,179134300055803
"Player stacks: #1 ""Dih @ GO72Iwd2XL"" (219.14) | #5 ""Cam @ eWUSzBpS1d"" (120.75) | #10 ""rowan @ GthBpPSqaK"" (69.94)",2026-10-07T03:16:40.558Z,179134300055801
"-- starting hand #314 (id: yptqkwvvutgm)  No Limit Texas Hold'em (dealer: ""Dih @ GO72Iwd2XL"") --",2026-10-07T03:16:40.558Z,179134300055800
"""Dih @ GO72Iwd2XL"" shows a 2♥.",2026-10-07T03:16:35.749Z,179134299574900
"""rowan @ GthBpPSqaK"" shows a A♦.",2026-10-07T03:16:34.954Z,179134299495400
"Undealt cards: J♣, 2♣, 9♠ [K♥, 3♣]",2026-10-07T03:16:34.560Z,179134299456000
"-- ending hand #313 --",2026-10-07T03:16:33.196Z,179134299319602
"""Dih @ GO72Iwd2XL"" collected 4.50 from pot",2026-10-07T03:16:33.196Z,179134299319601
"Uncalled bet of 4.50 returned to ""Dih @ GO72Iwd2XL""",2026-10-07T03:16:33.196Z,179134299319600
"""rowan @ GthBpPSqaK"" folds",2026-10-07T03:16:32.386Z,179134299238600
"""Dih @ GO72Iwd2XL"" bets 4.50",2026-10-07T03:16:30.798Z,179134299079800
"Flop:  [J♣, 2♣, 9♠]",2026-10-07T03:16:27.848Z,179134298784800
"""rowan @ GthBpPSqaK"" calls 2.00",2026-10-07T03:16:27.027Z,179134298702700
"""Cam @ eWUSzBpS1d"" folds",2026-10-07T03:16:24.320Z,179134298432000
"""Dih @ GO72Iwd2XL"" raises to 2.00",2026-10-07T03:16:23.202Z,179134298320200
"""rowan @ GthBpPSqaK"" calls 0.50",2026-10-07T03:16:21.165Z,179134298116500
"""Cam @ eWUSzBpS1d"" posts a big blind of 0.50",2026-10-07T03:16:19.743Z,179134297974306
"""Dih @ GO72Iwd2XL"" posts a small blind of 0.25",2026-10-07T03:16:19.743Z,179134297974305
"Your hand is 4♠, Q♦",2026-10-07T03:16:19.743Z,179134297974303
"Player stacks: #1 ""Dih @ GO72Iwd2XL"" (216.64) | #5 ""Cam @ eWUSzBpS1d"" (121.25) | #10 ""rowan @ GthBpPSqaK"" (71.94)",2026-10-07T03:16:19.743Z,179134297974301
"-- starting hand #313 (id: ytaujcxruwj2)  No Limit Texas Hold'em (dealer: ""rowan @ GthBpPSqaK"") --",2026-10-07T03:16:19.743Z,179134297974300
"""rowan @ GthBpPSqaK"" shows a 6♠, 9♥.",2026-10-07T03:16:14.282Z,179134297428200
"""Dih @ GO72Iwd2XL"" shows a Q♥, Q♦.",2026-10-07T03:16:12.997Z,179134297299700
"Undealt cards:  [10♦, 9♠, 2♦, 5♥, 4♣]",2026-10-07T03:16:12.904Z,179134297290400
"-- ending hand #312 --",2026-10-07T03:16:12.430Z,179134297243002
"""Dih @ GO72Iwd2XL"" collected 0.50 from pot",2026-10-07T03:16:12.430Z,179134297243001
"Uncalled bet of 0.25 returned to ""Dih @ GO72Iwd2XL""",2026-10-07T03:16:12.430Z,179134297243000
"""rowan @ GthBpPSqaK"" folds",2026-10-07T03:16:11.519Z,179134297151900
"""Cam @ eWUSzBpS1d"" folds",2026-10-07T03:16:09.848Z,179134296984800
"""Dih @ GO72Iwd2XL"" posts a big blind of 0.50",2026-10-07T03:16:08.830Z,179134296883006
"""rowan @ GthBpPSqaK"" posts a small blind of 0.25",2026-10-07T03:16:08.830Z,179134296883005
"Your hand is 7♣, 10♥",2026-10-07T03:16:08.830Z,179134296883003
"Player stacks: #1 ""Dih @ GO72Iwd2XL"" (216.39) | #5 ""Cam @ eWUSzBpS1d"" (121.25) | #10 ""rowan @ GthBpPSqaK"" (72.19)",2026-10-07T03:16:08.830Z,179134296883001
"-- starting hand #312 (id: sknaatzuyet6)  No Limit Texas Hold'em (dealer: ""Cam @ eWUSzBpS1d"") --",2026-10-07T03:16:08.830Z,179134296883000
"""Dih @ GO72Iwd2XL"" shows a 6♥.",2026-10-07T03:16:04.282Z,179134296428200
"-- ending hand #311 --",2026-10-07T03:16:02.285Z,179134296228502
"""Cam @ eWUSzBpS1d"" collected 19.50 from pot with Two Pair, Q's & 3's (combination: A♣, 3♠, 3♥, Q♥, Q♠)",2026-10-07T03:16:02.285Z,179134296228501
"""Cam @ eWUSzBpS1d"" shows a Q♥, A♣.",2026-10-07T03:16:02.285Z,179134296228500
"""Dih @ GO72Iwd2XL"" calls 0.50",2026-10-07T03:16:01.160Z,179134296116000
"""Cam @ eWUSzBpS1d"" bets 0.50",2026-10-07T03:16:00.204Z,179134296020400
"River: 9♥, 3♠, 6♠, Q♠ [3♥]",2026-10-07T03:15:58.469Z,179134295846900
"""Dih @ GO72Iwd2XL"" calls 0.50",2026-10-07T03:15:57.593Z,179134295759300
"""Cam @ eWUSzBpS1d"" bets 0.50",2026-10-07T03:15:56.717Z,179134295671700
"Turn: 9♥, 3♠, 6♠ [Q♠]",2026-10-07T03:15:55.470Z,179134295547000
"""Cam @ eWUSzBpS1d"" calls 0.50",2026-10-07T03:15:54.659Z,179134295465900
"""Dih @ GO72Iwd2XL"" bets 0.50",2026-10-07T03:15:53.366Z,179134295336600
"""Cam @ eWUSzBpS1d"" checks",2026-10-07T03:15:51.373Z,179134295137300
"Flop:  [9♥, 3♠, 6♠]",2026-10-07T03:15:43.067Z,179134294306700
"""Dih @ GO72Iwd2XL"" calls 8.00",2026-10-07T03:15:42.218Z,179134294221800
"""rowan @ GthBpPSqaK"" folds",2026-10-07T03:15:39.898Z,179134293989800
"""Cam @ eWUSzBpS1d"" raises to 8.00",2026-10-07T03:15:37.838Z,179134293783800
"""Dih @ GO72Iwd2XL"" raises to 2.50",2026-10-07T03:15:35.308Z,179134293530800
"""rowan @ GthBpPSqaK"" posts a big blind of 0.50",2026-10-07T03:15:32.716Z,179134293271606
"""Cam @ eWUSzBpS1d"" posts a small blind of 0.25",2026-10-07T03:15:32.716Z,179134293271605
"Your hand is Q♥, A♣",2026-10-07T03:15:32.716Z,179134293271603
"Player stacks: #1 ""Dih @ GO72Iwd2XL"" (225.89) | #5 ""Cam @ eWUSzBpS1d"" (111.25) | #10 ""rowan @ GthBpPSqaK"" (72.69)",2026-10-07T03:15:32.716Z,179134293271601
"-- starting hand #311 (id: lupkpyxaqpob)  No Limit Texas Hold'em (dealer: ""Dih @ GO72Iwd2XL"") --",2026-10-07T03:15:32.716Z,179134293271600
"Undealt cards: 3♣, K♣, 3♥ [8♦, 10♥]",2026-10-07T03:15:26.880Z,179134292688000
"""Dih @ GO72Iwd2XL"" shows a K♥, Q♦.",2026-10-07T03:15:26.667Z,179134292666700
"""rowan @ GthBpPSqaK"" shows a 2♥, 4♠.",2026-10-07T03:15:25.684Z,179134292568400
"-- ending hand #310 --",2026-10-07T03:15:25.404Z,179134292540402
"""Dih @ GO72Iwd2XL"" collected 4.50 from pot",2026-10-07T03:15:25.404Z,179134292540401
"Uncalled bet of 4.50 returned to ""Dih @ GO72Iwd2XL""",2026-10-07T03:15:25.404Z,179134292540400
"""rowan @ GthBpPSqaK"" folds",2026-10-07T03:15:24.575Z,179134292457500
"""Dih @ GO72Iwd2XL"" bets 4.50",2026-10-07T03:15:23.366Z,179134292336600
"Flop:  [3♣, K♣, 3♥]",2026-10-07T03:15:20.600Z,179134292060000
"""rowan @ GthBpPSqaK"" calls 2.00",2026-10-07T03:15:19.793Z,179134291979300
"""Cam @ eWUSzBpS1d"" folds",2026-10-07T03:15:18.063Z,179134291806300
"""Dih @ GO72Iwd2XL"" raises to 2.00",2026-10-07T03:15:16.633Z,179134291663300
"""rowan @ GthBpPSqaK"" calls 0.50",2026-10-07T03:15:14.319Z,179134291431900
"""Cam @ eWUSzBpS1d"" posts a big blind of 0.50",2026-10-07T03:15:11.798Z,179134291179806
"""Dih @ GO72Iwd2XL"" posts a small blind of 0.25",2026-10-07T03:15:11.798Z,179134291179805
"Your hand is J♦, 8♠",2026-10-07T03:15:11.798Z,179134291179803
"Player stacks: #1 ""Dih @ GO72Iwd2XL"" (223.39) | #5 ""Cam @ eWUSzBpS1d"" (111.75) | #10 ""rowan @ GthBpPSqaK"" (74.69)",2026-10-07T03:15:11.798Z,179134291179801
"-- starting hand #310 (id: m4w5nx5qej3y)  No Limit Texas Hold'em (dealer: ""rowan @ GthBpPSqaK"") --",2026-10-07T03:15:11.798Z,179134291179800
"""Dih @ GO72Iwd2XL"" shows a 2♠.",2026-10-07T03:15:08.117Z,179134290811700
"Undealt cards: J♥, 5♠, 3♠ [J♣, 6♦]",2026-10-07T03:15:05.515Z,179134290551500
"-- ending hand #309 --",2026-10-07T03:15:05.165Z,179134290516502
"""Dih @ GO72Iwd2XL"" collected 1.00 from pot",2026-10-07T03:15:05.165Z,179134290516501
"Uncalled bet of 1.00 returned to ""Dih @ GO72Iwd2XL""",2026-10-07T03:15:05.165Z,179134290516500
"""rowan @ GthBpPSqaK"" folds",2026-10-07T03:15:04.338Z,179134290433800
"""Dih @ GO72Iwd2XL"" bets 1.00",2026-10-07T03:15:03.331Z,179134290333100
"""rowan @ GthBpPSqaK"" checks",2026-10-07T03:15:01.088Z,179134290108800
"Flop:  [J♥, 5♠, 3♠]",2026-10-07T03:14:59.908Z,179134289990800
"""Dih @ GO72Iwd2XL"" checks",2026-10-07T03:14:59.081Z,179134289908100
"""rowan @ GthBpPSqaK"" calls 0.50",2026-10-07T03:14:57.279Z,179134289727900
"""Cam @ eWUSzBpS1d"" folds",2026-10-07T03:14:55.925Z,179134289592500
"""Dih @ GO72Iwd2XL"" posts a big blind of 0.50",2026-10-07T03:14:54.906Z,179134289490606
"""rowan @ GthBpPSqaK"" posts a small blind of 0.25",2026-10-07T03:14:54.906Z,179134289490605
"Your hand is 5♥, 2♦",2026-10-07T03:14:54.906Z,179134289490603
"Player stacks: #1 ""Dih @ GO72Iwd2XL"" (222.89) | #5 ""Cam @ eWUSzBpS1d"" (111.75) | #10 ""rowan @ GthBpPSqaK"" (75.19)",2026-10-07T03:14:54.906Z,179134289490601
"-- starting hand #309 (id: 0nnvzkfdox4h)  No Limit Texas Hold'em (dealer: ""Cam @ eWUSzBpS1d"") --",2026-10-07T03:14:54.906Z,179134289490600
"-- ending hand #308 --",2026-10-07T03:14:51.963Z,179134289196302
"""rowan @ GthBpPSqaK"" collected 16.00 from pot",2026-10-07T03:14:51.963Z,179134289196301
"Uncalled bet of 8.00 returned to ""rowan @ GthBpPSqaK""",2026-10-07T03:14:51.963Z,179134289196300
"""Cam @ eWUSzBpS1d"" folds",2026-10-07T03:14:51.149Z,179134289114900
"""rowan @ GthBpPSqaK"" bets 8.00",2026-10-07T03:14:44.013Z,179134288401300
"""Cam @ eWUSzBpS1d"" checks",2026-10-07T03:14:40.924Z,179134288092400
"River: Q♦, 4♣, K♦, 8♥ [A♠]",2026-10-07T03:14:40.154Z,179134288015400
"""rowan @ GthBpPSqaK"" checks",2026-10-07T03:14:39.302Z,179134287930200
"""Cam @ eWUSzBpS1d"" checks",2026-10-07T03:14:37.954Z,179134287795400
"Turn: Q♦, 4♣, K♦ [8♥]",2026-10-07T03:14:36.948Z,179134287694800
"""Cam @ eWUSzBpS1d"" calls 4.00",2026-10-07T03:14:36.138Z,179134287613800
"""rowan @ GthBpPSqaK"" bets 4.00",2026-10-07T03:14:33.787Z,179134287378700
"""Cam @ eWUSzBpS1d"" checks",2026-10-07T03:14:31.348Z,179134287134800
"Flop:  [Q♦, 4♣, K♦]",2026-10-07T03:14:29.976Z,179134286997600
"""Cam @ eWUSzBpS1d"" calls 4.00",2026-10-07T03:14:29.156Z,179134286915600
"""rowan @ GthBpPSqaK"" raises to 4.00",2026-10-07T03:14:27.669Z,179134286766900
"""Cam @ eWUSzBpS1d"" raises to 1.50",2026-10-07T03:14:24.221Z,179134286422100
"""Dih @ GO72Iwd2XL"" folds",2026-10-07T03:14:21.517Z,179134286151700
"""rowan @ GthBpPSqaK"" posts a big blind of 0.50",2026-10-07T03:14:19.436Z,179134285943606
"""Cam @ eWUSzBpS1d"" posts a small blind of 0.25",2026-10-07T03:14:19.436Z,179134285943605
"Your hand is Q♠, J♠",2026-10-07T03:14:19.436Z,179134285943603
"Player stacks: #1 ""Dih @ GO72Iwd2XL"" (222.89) | #5 ""Cam @ eWUSzBpS1d"" (119.75) | #10 ""rowan @ GthBpPSqaK"" (67.19)",2026-10-07T03:14:19.436Z,179134285943601
"-- starting hand #308 (id: 4bpgctcbtiex)  No Limit Texas Hold'em (dealer: ""Dih @ GO72Iwd2XL"") --",2026-10-07T03:14:19.436Z,179134285943600
"""rowan @ GthBpPSqaK"" shows a 8♣, 3♦.",2026-10-07T03:14:16.142Z,179134285614200
"""Cam @ eWUSzBpS1d"" shows a 9♥, J♥.",2026-10-07T03:14:13.623Z,179134285362300
"Undealt cards:  [5♠, 9♠, 2♥, 10♠, 2♣]",2026-10-07T03:14:13.061Z,179134285306100
"-- ending hand #307 --",2026-10-07T03:14:12.109Z,179134285210902
"""Cam @ eWUSzBpS1d"" collected 0.50 from pot",2026-10-07T03:14:12.109Z,179134285210901
"Uncalled bet of 0.25 returned to ""Cam @ eWUSzBpS1d""",2026-10-07T03:14:12.109Z,179134285210900
"""Dih @ GO72Iwd2XL"" folds",2026-10-07T03:14:11.288Z,179134285128800
"""rowan @ GthBpPSqaK"" folds",2026-10-07T03:14:10.346Z,179134285034600
"""Cam @ eWUSzBpS1d"" posts a big blind of 0.50",2026-10-07T03:14:08.864Z,179134284886406
"""Dih @ GO72Iwd2XL"" posts a small blind of 0.25",2026-10-07T03:14:08.864Z,179134284886405
"Your hand is 9♥, J♥",2026-10-07T03:14:08.864Z,179134284886403
"Player stacks: #1 ""Dih @ GO72Iwd2XL"" (223.14) | #5 ""Cam @ eWUSzBpS1d"" (119.50) | #10 ""rowan @ GthBpPSqaK"" (67.19)",2026-10-07T03:14:08.864Z,179134284886401
"-- starting hand #307 (id: xjwatjdha3t8)  No Limit Texas Hold'em (dealer: ""rowan @ GthBpPSqaK"") --",2026-10-07T03:14:08.864Z,179134284886400
"""rowan @ GthBpPSqaK"" shows a 8♣, K♦.",2026-10-07T03:14:05.957Z,179134284595700
"-- ending hand #306 --",2026-10-07T03:14:05.260Z,179134284526002
"""rowan @ GthBpPSqaK"" collected 16.00 from pot",2026-10-07T03:14:05.260Z,179134284526001
"Uncalled bet of 0.50 returned to ""rowan @ GthBpPSqaK""",2026-10-07T03:14:05.260Z,179134284526000
"""Dih @ GO72Iwd2XL"" folds",2026-10-07T03:14:04.425Z,179134284442500
"""rowan @ GthBpPSqaK"" bets 0.50",2026-10-07T03:14:03.533Z,179134284353300
"River: K♥, 3♦, Q♥, Q♣ [6♣]",2026-10-07T03:13:58.666Z,179134283866600
"""Dih @ GO72Iwd2XL"" calls 4.00",2026-10-07T03:13:57.818Z,179134283781800
"""rowan @ GthBpPSqaK"" bets 4.00",2026-10-07T03:13:56.813Z,179134283681300
"Turn: K♥, 3♦, Q♥ [Q♣]",2026-10-07T03:13:53.752Z,179134283375200
"""Dih @ GO72Iwd2XL"" calls 2.00",2026-10-07T03:13:52.946Z,179134283294600
"""rowan @ GthBpPSqaK"" bets 2.00",2026-10-07T03:13:52.061Z,179134283206100
"Flop:  [K♥, 3♦, Q♥]",2026-10-07T03:13:49.460Z,179134282946000
"""Dih @ GO72Iwd2XL"" calls 2.00",2026-10-07T03:13:48.650Z,179134282865000
"""rowan @ GthBpPSqaK"" raises to 2.00",2026-10-07T03:13:47.603Z,179134282760300
"""Cam @ eWUSzBpS1d"" folds",2026-10-07T03:13:45.288Z,179134282528800
"""Dih @ GO72Iwd2XL"" posts a big blind of 0.50",2026-10-07T03:13:43.898Z,179134282389806
"""rowan @ GthBpPSqaK"" posts a small blind of 0.25",2026-10-07T03:13:43.898Z,179134282389805
"Your hand is 4♠, A♥",2026-10-07T03:13:43.898Z,179134282389803
"Player stacks: #1 ""Dih @ GO72Iwd2XL"" (231.14) | #5 ""Cam @ eWUSzBpS1d"" (119.50) | #10 ""rowan @ GthBpPSqaK"" (59.19)",2026-10-07T03:13:43.898Z,179134282389801
"-- starting hand #306 (id: zgrybo06ceqc)  No Limit Texas Hold'em (dealer: ""Cam @ eWUSzBpS1d"") --",2026-10-07T03:13:43.898Z,179134282389800
"""Dih @ GO72Iwd2XL"" shows a K♥, 8♦.",2026-10-07T03:13:38.232Z,179134281823200
"-- ending hand #305 --",2026-10-07T03:13:37.370Z,179134281737002
"""rowan @ GthBpPSqaK"" collected 5.25 from pot with Pair, 5's (combination: J♠, Q♣, A♥, 5♣, 5♥)",2026-10-07T03:13:37.370Z,179134281737001
"""rowan @ GthBpPSqaK"" shows a 5♣, 5♥.",2026-10-07T03:13:37.370Z,179134281737000
"""Dih @ GO72Iwd2XL"" checks",2026-10-07T03:13:36.525Z,179134281652500
"""rowan @ GthBpPSqaK"" checks",2026-10-07T03:13:35.660Z,179134281566000
"River: A♥, J♠, Q♣, 6♣ [9♣]",2026-10-07T03:13:35.202Z,179134281520200
"""Dih @ GO72Iwd2XL"" checks",2026-10-07T03:13:34.375Z,179134281437500
"""rowan @ GthBpPSqaK"" checks",2026-10-07T03:13:33.403Z,179134281340300
"Turn: A♥, J♠, Q♣ [6♣]",2026-10-07T03:13:32.865Z,179134281286500
"""Dih @ GO72Iwd2XL"" checks",2026-10-07T03:13:32.034Z,179134281203400
"""rowan @ GthBpPSqaK"" checks",2026-10-07T03:13:31.134Z,179134281113400
"Flop:  [A♥, J♠, Q♣]",2026-10-07T03:13:29.967Z,179134280996700
"""rowan @ GthBpPSqaK"" calls 2.50",2026-10-07T03:13:29.110Z,179134280911000
"""Cam @ eWUSzBpS1d"" folds",2026-10-07T03:13:27.167Z,179134280716700
"""Dih @ GO72Iwd2XL"" raises to 2.50",2026-10-07T03:13:25.465Z,179134280546500
"""rowan @ GthBpPSqaK"" posts a big blind of 0.50",2026-10-07T03:13:22.656Z,179134280265606
"""Cam @ eWUSzBpS1d"" posts a small blind of 0.25",2026-10-07T03:13:22.656Z,179134280265605
"Your hand is 2♥, 4♦",2026-10-07T03:13:22.656Z,179134280265603
"Player stacks: #1 ""Dih @ GO72Iwd2XL"" (233.64) | #5 ""Cam @ eWUSzBpS1d"" (119.75) | #10 ""rowan @ GthBpPSqaK"" (56.44)",2026-10-07T03:13:22.656Z,179134280265601
"-- starting hand #305 (id: xnyj8uu1oqmv)  No Limit Texas Hold'em (dealer: ""Dih @ GO72Iwd2XL"") --",2026-10-07T03:13:22.656Z,179134280265600
"Undealt cards: Q♠, J♥, 8♦, 7♦ [6♠]",2026-10-07T03:13:16.962Z,179134279696200
"-- ending hand #304 --",2026-10-07T03:13:16.754Z,179134279675402
"""Dih @ GO72Iwd2XL"" collected 4.00 from pot",2026-10-07T03:13:16.754Z,179134279675401
"Uncalled bet of 4.00 returned to ""Dih @ GO72Iwd2XL""",2026-10-07T03:13:16.754Z,179134279675400
"""Cam @ eWUSzBpS1d"" folds",2026-10-07T03:13:15.880Z,179134279588000
"""Dih @ GO72Iwd2XL"" bets 4.00",2026-10-07T03:13:14.964Z,179134279496400
"Turn: Q♠, J♥, 8♦ [7♦]",2026-10-07T03:13:11.979Z,179134279197900
"""Cam @ eWUSzBpS1d"" checks",2026-10-07T03:13:11.109Z,179134279110900
"""Dih @ GO72Iwd2XL"" checks",2026-10-07T03:13:10.254Z,179134279025400
"Flop:  [Q♠, J♥, 8♦]",2026-10-07T03:13:07.371Z,179134278737100
"""Cam @ eWUSzBpS1d"" calls 2.00",2026-10-07T03:13:06.521Z,179134278652100
"""Dih @ GO72Iwd2XL"" raises to 2.00",2026-10-07T03:13:05.253Z,179134278525300
"""rowan @ GthBpPSqaK"" folds",2026-10-07T03:13:01.540Z,179134278154000
"""Cam @ eWUSzBpS1d"" posts a big blind of 0.50",2026-10-07T03:13:00.159Z,179134278015906
"""Dih @ GO72Iwd2XL"" posts a small blind of 0.25",2026-10-07T03:13:00.159Z,179134278015905
"Your hand is 6♥, 4♥",2026-10-07T03:13:00.159Z,179134278015903
"Player stacks: #1 ""Dih @ GO72Iwd2XL"" (231.64) | #5 ""Cam @ eWUSzBpS1d"" (121.75) | #10 ""rowan @ GthBpPSqaK"" (56.44)",2026-10-07T03:13:00.159Z,179134278015901
"-- starting hand #304 (id: sqek5kmvhjho)  No Limit Texas Hold'em (dealer: ""rowan @ GthBpPSqaK"") --",2026-10-07T03:13:00.159Z,179134278015900
"Undealt cards:  [9♦, 5♦, 7♠, Q♣, 5♠]",2026-10-07T03:12:55.110Z,179134277511000
"-- ending hand #303 --",2026-10-07T03:12:54.235Z,179134277423502
"""Dih @ GO72Iwd2XL"" collected 0.50 from pot",2026-10-07T03:12:54.235Z,179134277423501
"Uncalled bet of 0.25 returned to ""Dih @ GO72Iwd2XL""",2026-10-07T03:12:54.235Z,179134277423500
"""rowan @ GthBpPSqaK"" folds",2026-10-07T03:12:53.367Z,179134277336700
"""Cam @ eWUSzBpS1d"" folds",2026-10-07T03:12:52.502Z,179134277250200
"""Dih @ GO72Iwd2XL"" posts a big blind of 0.50",2026-10-07T03:12:51.352Z,179134277135206
"""rowan @ GthBpPSqaK"" posts a small blind of 0.25",2026-10-07T03:12:51.352Z,179134277135205
"Your hand is 8♣, 4♦",2026-10-07T03:12:51.352Z,179134277135203
"Player stacks: #1 ""Dih @ GO72Iwd2XL"" (231.39) | #5 ""Cam @ eWUSzBpS1d"" (121.75) | #10 ""rowan @ GthBpPSqaK"" (56.69)",2026-10-07T03:12:51.352Z,179134277135201
"-- starting hand #303 (id: visbpzcf0jbu)  No Limit Texas Hold'em (dealer: ""Cam @ eWUSzBpS1d"") --",2026-10-07T03:12:51.352Z,179134277135200
"""rowan @ GthBpPSqaK"" shows a Q♠, 10♣.",2026-10-07T03:12:49.151Z,179134276915100
"-- ending hand #302 --",2026-10-07T03:12:44.829Z,179134276482904
"""Cam @ eWUSzBpS1d"" collected 18.74 from pot with Straight, 8 High (combination: 4♠, 5♦, 6♥, 7♣, 8♦)",2026-10-07T03:12:44.829Z,179134276482903
"""Dih @ GO72Iwd2XL"" collected 18.74 from pot with Straight, 8 High (combination: 4♠, 5♦, 6♥, 7♦, 8♦)",2026-10-07T03:12:44.829Z,179134276482902
"""Dih @ GO72Iwd2XL"" shows a 7♦, 3♦.",2026-10-07T03:12:44.829Z,179134276482901
"""Cam @ eWUSzBpS1d"" shows a K♣, 7♣.",2026-10-07T03:12:44.829Z,179134276482900
"""Dih @ GO72Iwd2XL"" calls 9.37",2026-10-07T03:12:43.984Z,179134276398400
"""Cam @ eWUSzBpS1d"" bets 9.37",2026-10-07T03:12:42.898Z,179134276289800
"River: 6♥, 8♥, 4♠, 5♦ [8♦]",2026-10-07T03:12:35.824Z,179134275582400
"""Dih @ GO72Iwd2XL"" calls 5.62",2026-10-07T03:12:34.954Z,179134275495400
"""rowan @ GthBpPSqaK"" folds",2026-10-07T03:12:30.357Z,179134275035700
"""Cam @ eWUSzBpS1d"" bets 5.62",2026-10-07T03:12:29.434Z,179134274943400
"Turn: 6♥, 8♥, 4♠ [5♦]",2026-10-07T03:12:26.040Z,179134274604000
"""Dih @ GO72Iwd2XL"" checks",2026-10-07T03:12:25.202Z,179134274520200
"""rowan @ GthBpPSqaK"" checks",2026-10-07T03:11:59.397Z,179134271939700
"""Cam @ eWUSzBpS1d"" checks",2026-10-07T03:11:57.887Z,179134271788700
"Flop:  [6♥, 8♥, 4♠]",2026-10-07T03:11:51.504Z,179134271150400
"""Cam @ eWUSzBpS1d"" calls 2.50",2026-10-07T03:11:50.690Z,179134271069000
"""Dih @ GO72Iwd2XL"" calls 2.50",2026-10-07T03:11:48.342Z,179134270834200
"""rowan @ GthBpPSqaK"" raises to 2.50",2026-10-07T03:11:39.545Z,179134269954500
"""Cam @ eWUSzBpS1d"" calls 0.50",2026-10-07T03:11:35.976Z,179134269597600
"""Dih @ GO72Iwd2XL"" calls 0.50",2026-10-07T03:11:35.136Z,179134269513600
"""rowan @ GthBpPSqaK"" posts a big blind of 0.50",2026-10-07T03:10:49.177Z,179134264917706
"""Cam @ eWUSzBpS1d"" posts a small blind of 0.25",2026-10-07T03:10:49.177Z,179134264917705
"Your hand is K♣, 7♣",2026-10-07T03:10:49.177Z,179134264917703
"Player stacks: #1 ""Dih @ GO72Iwd2XL"" (230.14) | #5 ""Cam @ eWUSzBpS1d"" (120.50) | #10 ""rowan @ GthBpPSqaK"" (59.19)",2026-10-07T03:10:49.177Z,179134264917701
"-- starting hand #302 (id: wsavsbnqshw1)  No Limit Texas Hold'em (dealer: ""Dih @ GO72Iwd2XL"") --",2026-10-07T03:10:49.177Z,179134264917700
"Undealt cards: 5♣, 8♠, 3♥ [9♥, J♣]",2026-10-07T03:10:43.642Z,179134264364200
"-- ending hand #301 --",2026-10-07T03:10:43.270Z,179134264327002
"""Dih @ GO72Iwd2XL"" collected 3.00 from pot",2026-10-07T03:10:43.270Z,179134264327001
"Uncalled bet of 2.25 returned to ""Dih @ GO72Iwd2XL""",2026-10-07T03:10:43.270Z,179134264327000
"""Cam @ eWUSzBpS1d"" folds",2026-10-07T03:10:42.445Z,179134264244500
"""Dih @ GO72Iwd2XL"" bets 2.25",2026-10-07T03:10:38.045Z,179134263804500
"Flop:  [5♣, 8♠, 3♥]",2026-10-07T03:10:32.372Z,179134263237200
"""Cam @ eWUSzBpS1d"" calls 1.50",2026-10-07T03:10:31.531Z,179134263153100
"""Dih @ GO72Iwd2XL"" raises to 1.50",2026-10-07T03:10:24.595Z,179134262459500
"""rowan @ GthBpPSqaK"" folds",2026-10-07T03:10:21.773Z,179134262177300
"""Cam @ eWUSzBpS1d"" posts a big blind of 0.50",2026-10-07T03:10:20.453Z,179134262045306
"""Dih @ GO72Iwd2XL"" posts a small blind of 0.25",2026-10-07T03:10:20.453Z,179134262045305
"Your hand is Q♣, J♠",2026-10-07T03:10:20.453Z,179134262045303
"Player stacks: #1 ""Dih @ GO72Iwd2XL"" (228.64) | #5 ""Cam @ eWUSzBpS1d"" (122.00) | #10 ""rowan @ GthBpPSqaK"" (59.19)",2026-10-07T03:10:20.453Z,179134262045301
"-- starting hand #301 (id: vrvznntcbbon)  No Limit Texas Hold'em (dealer: ""rowan @ GthBpPSqaK"") --",2026-10-07T03:10:20.453Z,179134262045300
"""rowan @ GthBpPSqaK"" shows a 3♣, 5♦.",2026-10-07T03:10:18.105Z,179134261810500
"""Cam @ eWUSzBpS1d"" shows a K♥, 9♣.",2026-10-07T03:10:16.578Z,179134261657800
"-- ending hand #300 --",2026-10-07T03:10:16.113Z,179134261611301
"""Cam @ eWUSzBpS1d"" collected 1.50 from pot",2026-10-07T03:10:16.113Z,179134261611300
"""rowan @ GthBpPSqaK"" folds",2026-10-07T03:10:15.290Z,179134261529000
"River: J♣, 8♥, Q♦, A♠ [8♠]",2026-10-07T03:10:13.968Z,179134261396800
"""Cam @ eWUSzBpS1d"" checks",2026-10-07T03:10:13.154Z,179134261315400
"""rowan @ GthBpPSqaK"" checks",2026-10-07T03:10:12.020Z,179134261202000
"Turn: J♣, 8♥, Q♦ [A♠]",2026-10-07T03:10:11.565Z,179134261156500
"""Cam @ eWUSzBpS1d"" checks",2026-10-07T03:10:10.744Z,179134261074400
"""rowan @ GthBpPSqaK"" checks",2026-10-07T03:10:09.476Z,179134260947600
"Flop:  [J♣, 8♥, Q♦]",2026-10-07T03:10:05.032Z,179134260503200
"""Dih @ GO72Iwd2XL"" folds",2026-10-07T03:10:04.221Z,179134260422100
"""rowan @ GthBpPSqaK"" calls 0.50",2026-10-07T03:10:03.345Z,179134260334500
"""Cam @ eWUSzBpS1d"" calls 0.50",2026-10-07T03:10:01.853Z,179134260185300
"""Dih @ GO72Iwd2XL"" posts a big blind of 0.50",2026-10-07T03:10:00.598Z,179134260059806
"""rowan @ GthBpPSqaK"" posts a small blind of 0.25",2026-10-07T03:10:00.598Z,179134260059805
"Your hand is K♥, 9♣",2026-10-07T03:10:00.598Z,179134260059803
"Player stacks: #1 ""Dih @ GO72Iwd2XL"" (229.14) | #5 ""Cam @ eWUSzBpS1d"" (121.00) | #10 ""rowan @ GthBpPSqaK"" (59.69)",2026-10-07T03:10:00.598Z,179134260059801
"-- starting hand #300 (id: yicgslhrvndt)  No Limit Texas Hold'em (dealer: ""Cam @ eWUSzBpS1d"") --",2026-10-07T03:10:00.598Z,179134260059800
"Undealt cards: 4♥, 5♣, K♥ [8♣, 7♠]",2026-10-07T03:09:59.563Z,179134259956300
"""rowan @ GthBpPSqaK"" shows a 9♠.",2026-10-07T03:09:58.095Z,179134259809500
"""Dih @ GO72Iwd2XL"" shows a 6♣.",2026-10-07T03:09:56.911Z,179134259691100
"""rowan @ GthBpPSqaK"" shows a A♣.",2026-10-07T03:09:54.793Z,179134259479300
"-- ending hand #299 --",2026-10-07T03:09:53.242Z,179134259324202
"""Dih @ GO72Iwd2XL"" collected 4.25 from pot",2026-10-07T03:09:53.242Z,179134259324201
"Uncalled bet of 3.18 returned to ""Dih @ GO72Iwd2XL""",2026-10-07T03:09:53.242Z,179134259324200
"""rowan @ GthBpPSqaK"" folds",2026-10-07T03:09:52.438Z,179134259243800
"""Dih @ GO72Iwd2XL"" bets 3.18",2026-10-07T03:09:50.560Z,179134259056000
"""rowan @ GthBpPSqaK"" checks",2026-10-07T03:09:48.276Z,179134258827600
"Flop:  [4♥, 5♣, K♥]",2026-10-07T03:09:46.812Z,179134258681200
"""rowan @ GthBpPSqaK"" calls 2.00",2026-10-07T03:09:45.976Z,179134258597600
"""Cam @ eWUSzBpS1d"" folds",2026-10-07T03:09:42.705Z,179134258270500
"""Dih @ GO72Iwd2XL"" raises to 2.00",2026-10-07T03:09:40.767Z,179134258076700
"""rowan @ GthBpPSqaK"" posts a big blind of 0.50",2026-10-07T03:09:34.163Z,179134257416306
"""Cam @ eWUSzBpS1d"" posts a small blind of 0.25",2026-10-07T03:09:34.163Z,179134257416305
"Your hand is 2♠, Q♦",2026-10-07T03:09:34.163Z,179134257416303
"Player stacks: #1 ""Dih @ GO72Iwd2XL"" (226.89) | #5 ""Cam @ eWUSzBpS1d"" (121.25) | #10 ""rowan @ GthBpPSqaK"" (61.69)",2026-10-07T03:09:34.163Z,179134257416301
"-- starting hand #299 (id: gatn9sddbeuw)  No Limit Texas Hold'em (dealer: ""Dih @ GO72Iwd2XL"") --",2026-10-07T03:09:34.163Z,179134257416300
"Undealt cards:  [3♣, 6♦, 8♥, 9♠, 5♥]",2026-10-07T03:09:28.923Z,179134256892300
"-- ending hand #298 --",2026-10-07T03:09:28.259Z,179134256825902
"""Dih @ GO72Iwd2XL"" collected 1.00 from pot",2026-10-07T03:09:28.259Z,179134256825901
"Uncalled bet of 1.50 returned to ""Dih @ GO72Iwd2XL""",2026-10-07T03:09:28.259Z,179134256825900
"""Cam @ eWUSzBpS1d"" folds",2026-10-07T03:09:27.455Z,179134256745500
"""Dih @ GO72Iwd2XL"" raises to 2.00",2026-10-07T03:09:24.895Z,179134256489500
"""rowan @ GthBpPSqaK"" folds",2026-10-07T03:09:22.507Z,179134256250700
"""Cam @ eWUSzBpS1d"" posts a big blind of 0.50",2026-10-07T03:09:21.153Z,179134256115306
"""Dih @ GO72Iwd2XL"" posts a small blind of 0.25",2026-10-07T03:09:21.153Z,179134256115305
"Your hand is J♥, 2♠",2026-10-07T03:09:21.153Z,179134256115303
"Player stacks: #1 ""Dih @ GO72Iwd2XL"" (226.39) | #5 ""Cam @ eWUSzBpS1d"" (121.75) | #10 ""rowan @ GthBpPSqaK"" (61.69)",2026-10-07T03:09:21.153Z,179134256115301
"-- starting hand #298 (id: crtwl86innqt)  No Limit Texas Hold'em (dealer: ""rowan @ GthBpPSqaK"") --",2026-10-07T03:09:21.153Z,179134256115300
"""Dih @ GO72Iwd2XL"" shows a J♥, 8♦.",2026-10-07T03:09:18.243Z,179134255824300
"""Cam @ eWUSzBpS1d"" shows a 8♣, 5♣.",2026-10-07T03:09:17.752Z,179134255775200
"""rowan @ GthBpPSqaK"" shows a 9♥, J♠.",2026-10-07T03:09:17.362Z,179134255736200
"-- ending hand #297 --",2026-10-07T03:09:16.149Z,179134255614901
"""Cam @ eWUSzBpS1d"" collected 6.00 from pot",2026-10-07T03:09:16.149Z,179134255614900
"""Dih @ GO72Iwd2XL"" folds",2026-10-07T03:09:15.279Z,179134255527900
"""rowan @ GthBpPSqaK"" folds",2026-10-07T03:09:13.878Z,179134255387800
"River: A♦, 10♠, 4♦, Q♠ [6♦]",2026-10-07T03:09:12.548Z,179134255254800
"""Cam @ eWUSzBpS1d"" checks",2026-10-07T03:09:11.660Z,179134255166000
"""Dih @ GO72Iwd2XL"" checks",2026-10-07T03:09:10.824Z,179134255082400
"""rowan @ GthBpPSqaK"" checks",2026-10-07T03:09:09.877Z,179134254987700
"Turn: A♦, 10♠, 4♦ [Q♠]",2026-10-07T03:09:09.237Z,179134254923700
"""Cam @ eWUSzBpS1d"" checks",2026-10-07T03:09:08.427Z,179134254842700
"""Dih @ GO72Iwd2XL"" checks",2026-10-07T03:09:07.597Z,179134254759700
"""rowan @ GthBpPSqaK"" checks",2026-10-07T03:09:06.004Z,179134254600400
"Flop:  [A♦, 10♠, 4♦]",2026-10-07T03:09:05.237Z,179134254523700
"""rowan @ GthBpPSqaK"" calls 2.00",2026-10-07T03:09:04.402Z,179134254440200
"""Cam @ eWUSzBpS1d"" calls 2.00",2026-10-07T03:09:03.498Z,179134254349800
"""Dih @ GO72Iwd2XL"" raises to 2.00",2026-10-07T03:09:02.381Z,179134254238100
"""rowan @ GthBpPSqaK"" calls 0.50",2026-10-07T03:08:59.505Z,179134253950500
"""Cam @ eWUSzBpS1d"" calls 0.50",2026-10-07T03:08:58.476Z,179134253847600
"""Dih @ GO72Iwd2XL"" posts a big blind of 0.50",2026-10-07T03:08:57.493Z,179134253749306
"""rowan @ GthBpPSqaK"" posts a small blind of 0.25",2026-10-07T03:08:57.493Z,179134253749305
"Your hand is 8♣, 5♣",2026-10-07T03:08:57.493Z,179134253749303
"Player stacks: #1 ""Dih @ GO72Iwd2XL"" (228.39) | #5 ""Cam @ eWUSzBpS1d"" (117.75) | #10 ""rowan @ GthBpPSqaK"" (63.69)",2026-10-07T03:08:57.493Z,179134253749301
"-- starting hand #297 (id: ype8hrqyciei)  No Limit Texas Hold'em (dealer: ""Cam @ eWUSzBpS1d"") --",2026-10-07T03:08:57.493Z,179134253749300
"""rowan @ GthBpPSqaK"" shows a 9♠, 10♠.",2026-10-07T03:08:52.045Z,179134253204500
"Undealt cards: J♣, A♦, 5♦ [2♠, 6♦]",2026-10-07T03:08:51.132Z,179134253113200
"-- ending hand #296 --",2026-10-07T03:08:50.890Z,179134253089002
"""Cam @ eWUSzBpS1d"" collected 9.00 from pot",2026-10-07T03:08:50.890Z,179134253089001
"Uncalled bet of 4.50 returned to ""Cam @ eWUSzBpS1d""",2026-10-07T03:08:50.890Z,179134253089000
"""Dih @ GO72Iwd2XL"" folds",2026-10-07T03:08:50.022Z,179134253002200
"""rowan @ GthBpPSqaK"" folds",2026-10-07T03:08:49.160Z,179134252916000
"""Cam @ eWUSzBpS1d"" bets 4.50",2026-10-07T03:08:48.262Z,179134252826200
"Flop:  [J♣, A♦, 5♦]",2026-10-07T03:08:44.886Z,179134252488600
"""Dih @ GO72Iwd2XL"" calls 3.00",2026-10-07T03:08:44.034Z,179134252403400
"""rowan @ GthBpPSqaK"" calls 3.00",2026-10-07T03:08:43.010Z,179134252301000
"""Cam @ eWUSzBpS1d"" raises to 3.00",2026-10-07T03:08:41.069Z,179134252106900
"""Dih @ GO72Iwd2XL"" calls 0.50",2026-10-07T03:08:37.730Z,179134251773000
"""rowan @ GthBpPSqaK"" posts a big blind of 0.50",2026-10-07T03:08:36.279Z,179134251627906
"""Cam @ eWUSzBpS1d"" posts a small blind of 0.25",2026-10-07T03:08:36.279Z,179134251627905
"Your hand is Q♣, A♠",2026-10-07T03:08:36.279Z,179134251627903
"Player stacks: #1 ""Dih @ GO72Iwd2XL"" (231.39) | #5 ""Cam @ eWUSzBpS1d"" (111.75) | #10 ""rowan @ GthBpPSqaK"" (66.69)",2026-10-07T03:08:36.279Z,179134251627901
"-- starting hand #296 (id: uqfwiqjhnpqf)  No Limit Texas Hold'em (dealer: ""Dih @ GO72Iwd2XL"") --",2026-10-07T03:08:36.279Z,179134251627900
"""rowan @ GthBpPSqaK"" shows a 7♣.",2026-10-07T03:08:35.656Z,179134251565600
"""rowan @ GthBpPSqaK"" shows a Q♣.",2026-10-07T03:08:35.262Z,179134251526200
"""Cam @ eWUSzBpS1d"" shows a A♦, K♦.",2026-10-07T03:08:30.245Z,179134251024500
"-- ending hand #295 --",2026-10-07T03:08:29.272Z,179134250927202
"""Dih @ GO72Iwd2XL"" collected 15.00 from pot with Pair, 9's (combination: 7♥, 8♠, 10♦, 9♦, 9♥)",2026-10-07T03:08:29.272Z,179134250927201
"""Dih @ GO72Iwd2XL"" shows a 9♦, 7♥.",2026-10-07T03:08:29.272Z,179134250927200
"""Cam @ eWUSzBpS1d"" checks",2026-10-07T03:08:28.457Z,179134250845700
"""Dih @ GO72Iwd2XL"" checks",2026-10-07T03:08:24.415Z,179134250441500
"River: 4♠, 9♥, 10♦, 8♠ [2♦]",2026-10-07T03:08:22.703Z,179134250270300
"""Cam @ eWUSzBpS1d"" checks",2026-10-07T03:08:21.893Z,179134250189300
"""Dih @ GO72Iwd2XL"" checks",2026-10-07T03:08:19.855Z,179134249985500
"Turn: 4♠, 9♥, 10♦ [8♠]",2026-10-07T03:08:18.454Z,179134249845400
"""Cam @ eWUSzBpS1d"" checks",2026-10-07T03:08:17.592Z,179134249759200
"""Dih @ GO72Iwd2XL"" checks",2026-10-07T03:08:16.512Z,179134249651200
"Flop:  [4♠, 9♥, 10♦]",2026-10-07T03:08:14.718Z,179134249471800
"""Dih @ GO72Iwd2XL"" calls 6.50",2026-10-07T03:08:13.914Z,179134249391400
"""rowan @ GthBpPSqaK"" folds",2026-10-07T03:08:12.341Z,179134249234100
"""Cam @ eWUSzBpS1d"" raises to 6.50",2026-10-07T03:08:10.836Z,179134249083600
"""Dih @ GO72Iwd2XL"" calls 2.00",2026-10-07T03:08:07.814Z,179134248781400
"""rowan @ GthBpPSqaK"" raises to 2.00",2026-10-07T03:08:06.297Z,179134248629700
"""Cam @ eWUSzBpS1d"" posts a big blind of 0.50",2026-10-07T03:08:03.448Z,179134248344806
"""Dih @ GO72Iwd2XL"" posts a small blind of 0.25",2026-10-07T03:08:03.448Z,179134248344805
"Your hand is A♦, K♦",2026-10-07T03:08:03.448Z,179134248344803
"Player stacks: #1 ""Dih @ GO72Iwd2XL"" (222.89) | #5 ""Cam @ eWUSzBpS1d"" (118.25) | #10 ""rowan @ GthBpPSqaK"" (68.69)",2026-10-07T03:08:03.448Z,179134248344801
"-- starting hand #295 (id: 9o4lczuxhp0b)  No Limit Texas Hold'em (dealer: ""rowan @ GthBpPSqaK"") --",2026-10-07T03:08:03.448Z,179134248344800
"""Dih @ GO72Iwd2XL"" shows a 7♦, 8♣.",2026-10-07T03:08:01.417Z,179134248141700
"Undealt cards:  [10♥, 8♠, 7♥, 10♦, J♦]",2026-10-07T03:07:57.306Z,179134247730600
"-- ending hand #294 --",2026-10-07T03:07:56.790Z,179134247679002
"""Dih @ GO72Iwd2XL"" collected 0.50 from pot",2026-10-07T03:07:56.790Z,179134247679001
"Uncalled bet of 0.25 returned to ""Dih @ GO72Iwd2XL""",2026-10-07T03:07:56.790Z,179134247679000
"""rowan @ GthBpPSqaK"" folds",2026-10-07T03:07:55.959Z,179134247595900
"""Cam @ eWUSzBpS1d"" folds",2026-10-07T03:07:55.046Z,179134247504600
"""Dih @ GO72Iwd2XL"" posts a big blind of 0.50",2026-10-07T03:07:53.349Z,179134247334906
"""rowan @ GthBpPSqaK"" posts a small blind of 0.25",2026-10-07T03:07:53.349Z,179134247334905
"Your hand is K♣, 8♦",2026-10-07T03:07:53.349Z,179134247334903
"Player stacks: #1 ""Dih @ GO72Iwd2XL"" (222.64) | #5 ""Cam @ eWUSzBpS1d"" (118.25) | #10 ""rowan @ GthBpPSqaK"" (68.94)",2026-10-07T03:07:53.349Z,179134247334901
"-- starting hand #294 (id: 2tl0xla54uyv)  No Limit Texas Hold'em (dealer: ""Cam @ eWUSzBpS1d"") --",2026-10-07T03:07:53.349Z,179134247334900
"Undealt cards: Q♣, 7♠, 3♥ [8♣, 3♠]",2026-10-07T03:07:47.520Z,179134246752000
"-- ending hand #293 --",2026-10-07T03:07:47.381Z,179134246738102
"""Cam @ eWUSzBpS1d"" collected 4.00 from pot",2026-10-07T03:07:47.381Z,179134246738101
"Uncalled bet of 3.00 returned to ""Cam @ eWUSzBpS1d""",2026-10-07T03:07:47.381Z,179134246738100
"""rowan @ GthBpPSqaK"" folds",2026-10-07T03:07:46.565Z,179134246656500
"""Cam @ eWUSzBpS1d"" bets 3.00",2026-10-07T03:07:45.639Z,179134246563900
"Flop:  [Q♣, 7♠, 3♥]",2026-10-07T03:07:41.604Z,179134246160400
"""rowan @ GthBpPSqaK"" calls 2.00",2026-10-07T03:07:40.799Z,179134246079900
"""Cam @ eWUSzBpS1d"" raises to 2.00",2026-10-07T03:07:39.165Z,179134245916500
"""Dih @ GO72Iwd2XL"" folds",2026-10-07T03:07:36.029Z,179134245602900
"""rowan @ GthBpPSqaK"" posts a big blind of 0.50",2026-10-07T03:07:34.363Z,179134245436306
"""Cam @ eWUSzBpS1d"" posts a small blind of 0.25",2026-10-07T03:07:34.363Z,179134245436305
"Your hand is 4♥, 4♦",2026-10-07T03:07:34.363Z,179134245436303
"Player stacks: #1 ""Dih @ GO72Iwd2XL"" (222.64) | #5 ""Cam @ eWUSzBpS1d"" (116.25) | #10 ""rowan @ GthBpPSqaK"" (70.94)",2026-10-07T03:07:34.363Z,179134245436301
"-- starting hand #293 (id: yr9tvgmsiavi)  No Limit Texas Hold'em (dealer: ""Dih @ GO72Iwd2XL"") --",2026-10-07T03:07:34.363Z,179134245436300
"-- ending hand #292 --",2026-10-07T03:07:28.309Z,179134244830903
"""rowan @ GthBpPSqaK"" collected 15.00 from pot with Two Pair, K's & 10's (combination: A♠, 10♣, 10♦, K♣, K♥)",2026-10-07T03:07:28.309Z,179134244830902
"""rowan @ GthBpPSqaK"" shows a K♣, 10♣.",2026-10-07T03:07:28.309Z,179134244830901
"""Dih @ GO72Iwd2XL"" shows a 7♥, A♦.",2026-10-07T03:07:28.309Z,179134244830900
"""rowan @ GthBpPSqaK"" checks",2026-10-07T03:07:27.483Z,179134244748300
"""Dih @ GO72Iwd2XL"" checks",2026-10-07T03:07:26.381Z,179134244638100
"River: J♦, A♠, 5♦, 10♦ [K♥]",2026-10-07T03:07:18.700Z,179134243870000
"""rowan @ GthBpPSqaK"" calls 4.50",2026-10-07T03:07:17.868Z,179134243786800
"""Cam @ eWUSzBpS1d"" folds",2026-10-07T03:07:15.593Z,179134243559300
"""Dih @ GO72Iwd2XL"" bets 4.50",2026-10-07T03:07:14.747Z,179134243474700
"Turn: J♦, A♠, 5♦ [10♦]",2026-10-07T03:07:09.970Z,179134242997000
"""rowan @ GthBpPSqaK"" checks",2026-10-07T03:07:09.163Z,179134242916300
"""Cam @ eWUSzBpS1d"" checks",2026-10-07T03:07:07.911Z,179134242791100
"""Dih @ GO72Iwd2XL"" checks",2026-10-07T03:07:07.048Z,179134242704800
"Flop:  [J♦, A♠, 5♦]",2026-10-07T03:07:04.281Z,179134242428100
"""Cam @ eWUSzBpS1d"" calls 2.00",2026-10-07T03:07:03.392Z,179134242339200
"""Dih @ GO72Iwd2XL"" calls 2.00",2026-10-07T03:07:02.531Z,179134242253100
"""rowan @ GthBpPSqaK"" raises to 2.00",2026-10-07T03:06:59.167Z,179134241916700
"""Cam @ eWUSzBpS1d"" posts a big blind of 0.50",2026-10-07T03:06:57.046Z,179134241704606
"""Dih @ GO72Iwd2XL"" posts a small blind of 0.25",2026-10-07T03:06:57.046Z,179134241704605
"Your hand is 9♣, K♠",2026-10-07T03:06:57.046Z,179134241704603
"Player stacks: #1 ""Dih @ GO72Iwd2XL"" (229.14) | #5 ""Cam @ eWUSzBpS1d"" (118.25) | #10 ""rowan @ GthBpPSqaK"" (62.44)",2026-10-07T03:06:57.046Z,179134241704601
"-- starting hand #292 (id: oue8ac8cllvm)  No Limit Texas Hold'em (dealer: ""rowan @ GthBpPSqaK"") --",2026-10-07T03:06:57.046Z,179134241704600
"Undealt cards:  [9♠, K♥, 5♥, 7♠, K♠]",2026-10-07T03:06:52.135Z,179134241213500
"-- ending hand #291 --",2026-10-07T03:06:51.045Z,179134241104502
"""rowan @ GthBpPSqaK"" collected 1.00 from pot",2026-10-07T03:06:51.045Z,179134241104501
"Uncalled bet of 1.50 returned to ""rowan @ GthBpPSqaK""",2026-10-07T03:06:51.045Z,179134241104500
"""Dih @ GO72Iwd2XL"" folds",2026-10-07T03:06:50.227Z,179134241022700
"""rowan @ GthBpPSqaK"" raises to 2.00",2026-10-07T03:06:47.401Z,179134240740100
"""Cam @ eWUSzBpS1d"" folds",2026-10-07T03:06:45.056Z,179134240505600
"""Dih @ GO72Iwd2XL"" posts a big blind of 0.50",2026-10-07T03:06:43.842Z,179134240384206
"""rowan @ GthBpPSqaK"" posts a small blind of 0.25",2026-10-07T03:06:43.842Z,179134240384205
"Your hand is 3♣, 10♠",2026-10-07T03:06:43.842Z,179134240384203
"Player stacks: #1 ""Dih @ GO72Iwd2XL"" (229.64) | #5 ""Cam @ eWUSzBpS1d"" (118.25) | #10 ""rowan @ GthBpPSqaK"" (61.94)",2026-10-07T03:06:43.842Z,179134240384201
"-- starting hand #291 (id: a3hh2fnk3swr)  No Limit Texas Hold'em (dealer: ""Cam @ eWUSzBpS1d"") --",2026-10-07T03:06:43.842Z,179134240384200
"Undealt cards: J♦, 7♥, 4♠, K♥ [2♠]",2026-10-07T03:06:38.762Z,179134239876200
"-- ending hand #290 --",2026-10-07T03:06:37.915Z,179134239791502
"""Cam @ eWUSzBpS1d"" collected 4.00 from pot",2026-10-07T03:06:37.915Z,179134239791501
"Uncalled bet of 3.00 returned to ""Cam @ eWUSzBpS1d""",2026-10-07T03:06:37.915Z,179134239791500
"""rowan @ GthBpPSqaK"" folds",2026-10-07T03:06:37.090Z,179134239709000
"""Cam @ eWUSzBpS1d"" bets 3.00",2026-10-07T03:06:35.396Z,179134239539600
"Turn: J♦, 7♥, 4♠ [K♥]",2026-10-07T03:06:30.928Z,179134239092800
"""rowan @ GthBpPSqaK"" checks",2026-10-07T03:06:30.108Z,179134239010800
"""Cam @ eWUSzBpS1d"" checks",2026-10-07T03:06:28.355Z,179134238835500
"Flop:  [J♦, 7♥, 4♠]",2026-10-07T03:06:25.642Z,179134238564200
"""rowan @ GthBpPSqaK"" calls 2.00",2026-10-07T03:06:24.817Z,179134238481700
"""Cam @ eWUSzBpS1d"" raises to 2.00",2026-10-07T03:06:23.177Z,179134238317700
"""Dih @ GO72Iwd2XL"" folds",2026-10-07T03:06:20.366Z,179134238036600
"""rowan @ GthBpPSqaK"" posts a big blind of 0.50",2026-10-07T03:06:18.853Z,179134237885306
"""Cam @ eWUSzBpS1d"" posts a small blind of 0.25",2026-10-07T03:06:18.853Z,179134237885305
"Your hand is Q♣, 10♦",2026-10-07T03:06:18.853Z,179134237885303
"Player stacks: #1 ""Dih @ GO72Iwd2XL"" (229.64) | #5 ""Cam @ eWUSzBpS1d"" (116.25) | #10 ""rowan @ GthBpPSqaK"" (63.94)",2026-10-07T03:06:18.853Z,179134237885301
"-- starting hand #290 (id: nmpk9xtvibhq)  No Limit Texas Hold'em (dealer: ""Dih @ GO72Iwd2XL"") --",2026-10-07T03:06:18.853Z,179134237885300
"""rowan @ GthBpPSqaK"" shows a 4♦.",2026-10-07T03:06:13.829Z,179134237382900
"""Cam @ eWUSzBpS1d"" shows a K♦.",2026-10-07T03:06:12.739Z,179134237273900
"Undealt cards: 2♦, A♦, J♦ [3♣, Q♦]",2026-10-07T03:06:11.752Z,179134237175200
"-- ending hand #289 --",2026-10-07T03:06:11.519Z,179134237151902
"""Cam @ eWUSzBpS1d"" collected 1.50 from pot",2026-10-07T03:06:11.519Z,179134237151901
"Uncalled bet of 2.00 returned to ""Cam @ eWUSzBpS1d""",2026-10-07T03:06:11.519Z,179134237151900
"""Dih @ GO72Iwd2XL"" folds",2026-10-07T03:06:10.700Z,179134237070000
"""rowan @ GthBpPSqaK"" folds",2026-10-07T03:06:09.343Z,179134236934300
"""Cam @ eWUSzBpS1d"" bets 2.00",2026-10-07T03:06:08.385Z,179134236838500
"""Dih @ GO72Iwd2XL"" checks",2026-10-07T03:06:05.983Z,179134236598300
"Flop:  [2♦, A♦, J♦]",2026-10-07T03:06:04.208Z,179134236420800
"""Cam @ eWUSzBpS1d"" checks",2026-10-07T03:06:03.359Z,179134236335900
"""Dih @ GO72Iwd2XL"" calls 0.50",2026-10-07T03:06:02.223Z,179134236222300
"""rowan @ GthBpPSqaK"" calls 0.50",2026-10-07T03:05:59.933Z,179134235993300
"""Cam @ eWUSzBpS1d"" posts a big blind of 0.50",2026-10-07T03:05:58.710Z,179134235871006
"""Dih @ GO72Iwd2XL"" posts a small blind of 0.25",2026-10-07T03:05:58.710Z,179134235871005
"Your hand is 8♥, K♦",2026-10-07T03:05:58.710Z,179134235871003
"Player stacks: #1 ""Dih @ GO72Iwd2XL"" (230.14) | #5 ""Cam @ eWUSzBpS1d"" (115.25) | #10 ""rowan @ GthBpPSqaK"" (64.44)",2026-10-07T03:05:58.710Z,179134235871001
"-- starting hand #289 (id: eypgawt8qst1)  No Limit Texas Hold'em (dealer: ""rowan @ GthBpPSqaK"") --",2026-10-07T03:05:58.710Z,179134235871000
"Undealt cards:  [4♥, J♥, 8♠, K♣, 3♥]",2026-10-07T03:05:54.210Z,179134235421000
"""rowan @ GthBpPSqaK"" shows a 6♠, A♥.",2026-10-07T03:05:53.265Z,179134235326500
"-- ending hand #288 --",2026-10-07T03:05:52.097Z,179134235209702
"""Dih @ GO72Iwd2XL"" collected 3.00 from pot",2026-10-07T03:05:52.097Z,179134235209701
"Uncalled bet of 2.00 returned to ""Dih @ GO72Iwd2XL""",2026-10-07T03:05:52.097Z,179134235209700
"""rowan @ GthBpPSqaK"" folds",2026-10-07T03:05:51.219Z,179134235121900
"""Dih @ GO72Iwd2XL"" raises to 3.50",2026-10-07T03:05:49.281Z,179134234928100
"""rowan @ GthBpPSqaK"" raises to 1.50",2026-10-07T03:05:44.788Z,179134234478800
"""Cam @ eWUSzBpS1d"" folds",2026-10-07T03:05:42.244Z,179134234224400
"""Dih @ GO72Iwd2XL"" posts a big blind of 0.50",2026-10-07T03:05:41.086Z,179134234108606
"""rowan @ GthBpPSqaK"" posts a small blind of 0.25",2026-10-07T03:05:41.086Z,179134234108605
"Your hand is 9♣, J♦",2026-10-07T03:05:41.086Z,179134234108603
"Player stacks: #1 ""Dih @ GO72Iwd2XL"" (228.64) | #5 ""Cam @ eWUSzBpS1d"" (115.25) | #10 ""rowan @ GthBpPSqaK"" (65.94)",2026-10-07T03:05:41.086Z,179134234108601
"-- starting hand #288 (id: mzjcci583cgw)  No Limit Texas Hold'em (dealer: ""Cam @ eWUSzBpS1d"") --",2026-10-07T03:05:41.086Z,179134234108600
"""Cam @ eWUSzBpS1d"" shows a Q♦, K♣.",2026-10-07T03:05:37.455Z,179134233745500
"Undealt cards:  [7♠, 6♣, 4♦, 8♣, 10♣]",2026-10-07T03:05:34.570Z,179134233457000
"""rowan @ GthBpPSqaK"" shows a 2♠, 9♦.",2026-10-07T03:05:33.878Z,179134233387800
"-- ending hand #287 --",2026-10-07T03:05:33.684Z,179134233368402
"""Cam @ eWUSzBpS1d"" collected 1.00 from pot",2026-10-07T03:05:33.684Z,179134233368401
"Uncalled bet of 1.50 returned to ""Cam @ eWUSzBpS1d""",2026-10-07T03:05:33.684Z,179134233368400
"""rowan @ GthBpPSqaK"" folds",2026-10-07T03:05:32.763Z,179134233276300
"""Cam @ eWUSzBpS1d"" raises to 2.00",2026-10-07T03:05:31.895Z,179134233189500
"""Dih @ GO72Iwd2XL"" folds",2026-10-07T03:05:29.336Z,179134232933600
"""rowan @ GthBpPSqaK"" posts a big blind of 0.50",2026-10-07T03:05:27.863Z,179134232786306
"""Cam @ eWUSzBpS1d"" posts a small blind of 0.25",2026-10-07T03:05:27.863Z,179134232786305
"Your hand is Q♦, K♣",2026-10-07T03:05:27.863Z,179134232786303
"Player stacks: #1 ""Dih @ GO72Iwd2XL"" (228.64) | #5 ""Cam @ eWUSzBpS1d"" (114.75) | #10 ""rowan @ GthBpPSqaK"" (66.44)",2026-10-07T03:05:27.863Z,179134232786301
"-- starting hand #287 (id: vnlyhiviu3gi)  No Limit Texas Hold'em (dealer: ""Dih @ GO72Iwd2XL"") --",2026-10-07T03:05:27.863Z,179134232786300
"Undealt cards:  [6♦, 4♣, 9♠, 10♥, J♠]",2026-10-07T03:05:22.816Z,179134232281600
"-- ending hand #286 --",2026-10-07T03:05:21.947Z,179134232194702
"""Cam @ eWUSzBpS1d"" collected 0.50 from pot",2026-10-07T03:05:21.947Z,179134232194701
"Uncalled bet of 0.25 returned to ""Cam @ eWUSzBpS1d""",2026-10-07T03:05:21.947Z,179134232194700
"""Dih @ GO72Iwd2XL"" folds",2026-10-07T03:05:21.103Z,179134232110300
"""rowan @ GthBpPSqaK"" folds",2026-10-07T03:05:20.243Z,179134232024300
"""Cam @ eWUSzBpS1d"" posts a big blind of 0.50",2026-10-07T03:05:19.097Z,179134231909706
"""Dih @ GO72Iwd2XL"" posts a small blind of 0.25",2026-10-07T03:05:19.097Z,179134231909705
"Your hand is 3♥, J♥",2026-10-07T03:05:19.097Z,179134231909703
"Player stacks: #1 ""Dih @ GO72Iwd2XL"" (228.89) | #5 ""Cam @ eWUSzBpS1d"" (114.50) | #10 ""rowan @ GthBpPSqaK"" (66.44)",2026-10-07T03:05:19.097Z,179134231909701
"-- starting hand #286 (id: khosrhwt3ue6)  No Limit Texas Hold'em (dealer: ""rowan @ GthBpPSqaK"") --",2026-10-07T03:05:19.097Z,179134231909700
"-- ending hand #285 --",2026-10-07T03:05:13.082Z,179134231308203
"""Cam @ eWUSzBpS1d"" collected 4.25 from pot with Two Pair, 10's & 6's (combination: A♥, 6♦, 6♠, 10♦, 10♣)",2026-10-07T03:05:13.082Z,179134231308202
"""Cam @ eWUSzBpS1d"" shows a 6♦, 6♠.",2026-10-07T03:05:13.082Z,179134231308201
"""Dih @ GO72Iwd2XL"" shows a 7♣, 8♦.",2026-10-07T03:05:13.082Z,179134231308200
"""Cam @ eWUSzBpS1d"" checks",2026-10-07T03:05:12.276Z,179134231227600
"""Dih @ GO72Iwd2XL"" checks",2026-10-07T03:05:11.336Z,179134231133600
"River: 10♦, 3♦, A♥, K♥ [10♣]",2026-10-07T03:05:11.134Z,179134231113400
"""Cam @ eWUSzBpS1d"" checks",2026-10-07T03:05:10.295Z,179134231029500
"""Dih @ GO72Iwd2XL"" checks",2026-10-07T03:05:09.452Z,179134230945200
"Turn: 10♦, 3♦, A♥ [K♥]",2026-10-07T03:05:08.096Z,179134230809600
"""Cam @ eWUSzBpS1d"" checks",2026-10-07T03:05:07.281Z,179134230728100
"""Dih @ GO72Iwd2XL"" checks",2026-10-07T03:05:06.398Z,179134230639800
"Flop:  [10♦, 3♦, A♥]",2026-10-07T03:05:04.748Z,179134230474800
"""Dih @ GO72Iwd2XL"" calls 2.00",2026-10-07T03:05:03.920Z,179134230392000
"""rowan @ GthBpPSqaK"" folds",2026-10-07T03:05:02.657Z,179134230265700
"""Cam @ eWUSzBpS1d"" raises to 2.00",2026-10-07T03:05:01.695Z,179134230169500
"""Dih @ GO72Iwd2XL"" posts a big blind of 0.50",2026-10-07T03:04:55.362Z,179134229536206
"""rowan @ GthBpPSqaK"" posts a small blind of 0.25",2026-10-07T03:04:55.362Z,179134229536205
"Your hand is 6♦, 6♠",2026-10-07T03:04:55.362Z,179134229536203
"Player stacks: #1 ""Dih @ GO72Iwd2XL"" (230.89) | #5 ""Cam @ eWUSzBpS1d"" (112.25) | #10 ""rowan @ GthBpPSqaK"" (66.69)",2026-10-07T03:04:55.362Z,179134229536201
"-- starting hand #285 (id: jt7yqrepaagp)  No Limit Texas Hold'em (dealer: ""Cam @ eWUSzBpS1d"") --",2026-10-07T03:04:55.362Z,179134229536200
"""Dih @ GO72Iwd2XL"" shows a 4♠.",2026-10-07T03:04:49.499Z,179134228949900
"Undealt cards: 6♥, 4♦, 8♥, J♦ [9♦]",2026-10-07T03:04:49.254Z,179134228925400
"""rowan @ GthBpPSqaK"" shows a 3♦, K♦.",2026-10-07T03:04:49.147Z,179134228914700
"-- ending hand #284 --",2026-10-07T03:04:48.029Z,179134228802902
"""Cam @ eWUSzBpS1d"" collected 12.00 from pot",2026-10-07T03:04:48.029Z,179134228802901
"Uncalled bet of 6.00 returned to ""Cam @ eWUSzBpS1d""",2026-10-07T03:04:48.029Z,179134228802900
"""Dih @ GO72Iwd2XL"" folds",2026-10-07T03:04:47.186Z,179134228718600
"""Cam @ eWUSzBpS1d"" bets 6.00",2026-10-07T03:04:44.895Z,179134228489500
"Turn: 6♥, 4♦, 8♥ [J♦]",2026-10-07T03:04:41.900Z,179134228190000
"""Dih @ GO72Iwd2XL"" calls 3.00",2026-10-07T03:04:41.019Z,179134228101900
"""rowan @ GthBpPSqaK"" folds",2026-10-07T03:04:39.507Z,179134227950700
"""Cam @ eWUSzBpS1d"" bets 3.00",2026-10-07T03:04:38.117Z,179134227811700
"Flop:  [6♥, 4♦, 8♥]",2026-10-07T03:04:34.147Z,179134227414700
"""rowan @ GthBpPSqaK"" calls 2.00",2026-10-07T03:04:33.336Z,179134227333600
"""Cam @ eWUSzBpS1d"" calls 2.00",2026-10-07T03:04:32.084Z,179134227208400
"""Dih @ GO72Iwd2XL"" raises to 2.00",2026-10-07T03:04:30.932Z,179134227093200
"""rowan @ GthBpPSqaK"" posts a big blind of 0.50",2026-10-07T03:04:28.002Z,179134226800206
"""Cam @ eWUSzBpS1d"" posts a small blind of 0.25",2026-10-07T03:04:28.002Z,179134226800205
"Your hand is 8♣, 10♥",2026-10-07T03:04:28.002Z,179134226800203
"Player stacks: #1 ""Dih @ GO72Iwd2XL"" (235.89) | #5 ""Cam @ eWUSzBpS1d"" (105.25) | #10 ""rowan @ GthBpPSqaK"" (68.69)",2026-10-07T03:04:28.002Z,179134226800201
"-- starting hand #284 (id: khzu5a73zwyh)  No Limit Texas Hold'em (dealer: ""Dih @ GO72Iwd2XL"") --",2026-10-07T03:04:28.002Z,179134226800200
"""rowan @ GthBpPSqaK"" shows a 5♥, 9♥.",2026-10-07T03:04:25.153Z,179134226515300
"Undealt cards: Q♣, K♣, Q♦, A♠ [4♣]",2026-10-07T03:04:22.166Z,179134226216600
"""Dih @ GO72Iwd2XL"" shows a A♣.",2026-10-07T03:04:22.016Z,179134226201600
"""Dih @ GO72Iwd2XL"" shows a Q♥.",2026-10-07T03:04:21.547Z,179134226154700
"-- ending hand #283 --",2026-10-07T03:04:20.689Z,179134226068901
"""Dih @ GO72Iwd2XL"" collected 4.50 from pot",2026-10-07T03:04:20.689Z,179134226068900
"""rowan @ GthBpPSqaK"" folds",2026-10-07T03:04:19.855Z,179134225985500
"""Dih @ GO72Iwd2XL"" checks",2026-10-07T03:04:17.752Z,179134225775200
"Turn: Q♣, K♣, Q♦ [A♠]",2026-10-07T03:04:13.486Z,179134225348600
"""rowan @ GthBpPSqaK"" checks",2026-10-07T03:04:12.663Z,179134225266300
"""Dih @ GO72Iwd2XL"" checks",2026-10-07T03:04:10.965Z,179134225096500
"Flop:  [Q♣, K♣, Q♦]",2026-10-07T03:04:07.981Z,179134224798100
"""rowan @ GthBpPSqaK"" calls 2.00",2026-10-07T03:04:07.169Z,179134224716900
"""Cam @ eWUSzBpS1d"" folds",2026-10-07T03:04:05.366Z,179134224536600
"""Dih @ GO72Iwd2XL"" raises to 2.00",2026-10-07T03:04:03.498Z,179134224349800
"""rowan @ GthBpPSqaK"" calls 0.50",2026-10-07T03:04:00.940Z,179134224094000
"""Cam @ eWUSzBpS1d"" posts a big blind of 0.50",2026-10-07T03:03:59.609Z,179134223960906
"""Dih @ GO72Iwd2XL"" posts a small blind of 0.25",2026-10-07T03:03:59.609Z,179134223960905
"Your hand is J♠, 5♣",2026-10-07T03:03:59.609Z,179134223960903
"Player stacks: #1 ""Dih @ GO72Iwd2XL"" (233.39) | #5 ""Cam @ eWUSzBpS1d"" (105.75) | #10 ""rowan @ GthBpPSqaK"" (70.69)",2026-10-07T03:03:59.609Z,179134223960901
"-- starting hand #283 (id: viovsennpkly)  No Limit Texas Hold'em (dealer: ""rowan @ GthBpPSqaK"") --",2026-10-07T03:03:59.609Z,179134223960900
"Undealt cards:  [10♣, 5♦, 3♣, 9♦, 4♦]",2026-10-07T03:03:55.282Z,179134223528200
"-- ending hand #282 --",2026-10-07T03:03:53.672Z,179134223367202
"""Dih @ GO72Iwd2XL"" collected 0.50 from pot",2026-10-07T03:03:53.672Z,179134223367201
"Uncalled bet of 0.25 returned to ""Dih @ GO72Iwd2XL""",2026-10-07T03:03:53.672Z,179134223367200
"""rowan @ GthBpPSqaK"" folds",2026-10-07T03:03:52.866Z,179134223286600
"""Cam @ eWUSzBpS1d"" folds",2026-10-07T03:03:51.978Z,179134223197800
"""Dih @ GO72Iwd2XL"" posts a big blind of 0.50",2026-10-07T03:03:51.004Z,179134223100406
"""rowan @ GthBpPSqaK"" posts a small blind of 0.25",2026-10-07T03:03:51.004Z,179134223100405
"Your hand is K♠, 2♥",2026-10-07T03:03:51.004Z,179134223100403
"Player stacks: #1 ""Dih @ GO72Iwd2XL"" (233.14) | #5 ""Cam @ eWUSzBpS1d"" (105.75) | #10 ""rowan @ GthBpPSqaK"" (70.94)",2026-10-07T03:03:51.004Z,179134223100401
"-- starting hand #282 (id: eystd9j2uaol)  No Limit Texas Hold'em (dealer: ""Cam @ eWUSzBpS1d"") --",2026-10-07T03:03:51.004Z,179134223100400
"Undealt cards: 3♦, 4♦, 3♠ [4♣, 10♣]",2026-10-07T03:03:45.303Z,179134222530300
"-- ending hand #281 --",2026-10-07T03:03:45.068Z,179134222506802
"""Cam @ eWUSzBpS1d"" collected 10.50 from pot",2026-10-07T03:03:45.068Z,179134222506801
"Uncalled bet of 5.25 returned to ""Cam @ eWUSzBpS1d""",2026-10-07T03:03:45.068Z,179134222506800
"""Dih @ GO72Iwd2XL"" folds",2026-10-07T03:03:44.246Z,179134222424600
"""Cam @ eWUSzBpS1d"" bets 5.25",2026-10-07T03:03:42.907Z,179134222290700
"Flop:  [3♦, 4♦, 3♠]",2026-10-07T03:03:38.858Z,179134221885800
"""Dih @ GO72Iwd2XL"" calls 5.00",2026-10-07T03:03:38.047Z,179134221804700
"""rowan @ GthBpPSqaK"" folds",2026-10-07T03:03:37.163Z,179134221716300
"""Cam @ eWUSzBpS1d"" raises to 5.00",2026-10-07T03:03:34.988Z,179134221498800
"""Dih @ GO72Iwd2XL"" raises to 2.00",2026-10-07T03:03:29.499Z,179134220949900
"""rowan @ GthBpPSqaK"" posts a big blind of 0.50",2026-10-07T03:03:26.557Z,179134220655706
"""Cam @ eWUSzBpS1d"" posts a small blind of 0.25",2026-10-07T03:03:26.557Z,179134220655705
"Your hand is 9♦, 9♥",2026-10-07T03:03:26.557Z,179134220655703
"Player stacks: #1 ""Dih @ GO72Iwd2XL"" (238.14) | #5 ""Cam @ eWUSzBpS1d"" (100.25) | #10 ""rowan @ GthBpPSqaK"" (71.44)",2026-10-07T03:03:26.557Z,179134220655701
"-- starting hand #281 (id: 0go2ncaj9dnw)  No Limit Texas Hold'em (dealer: ""Dih @ GO72Iwd2XL"") --",2026-10-07T03:03:26.557Z,179134220655700
"""rowan @ GthBpPSqaK"" shows a A♥, Q♣.",2026-10-07T03:03:23.521Z,179134220352100
"""Cam @ eWUSzBpS1d"" shows a 6♠, 5♣.",2026-10-07T03:03:21.318Z,179134220131800
"Undealt cards: J♠, 7♠, K♣ [4♠, 8♣]",2026-10-07T03:03:19.361Z,179134219936100
"-- ending hand #280 --",2026-10-07T03:03:19.168Z,179134219916802
"""rowan @ GthBpPSqaK"" collected 4.25 from pot",2026-10-07T03:03:19.168Z,179134219916801
"Uncalled bet of 2.00 returned to ""rowan @ GthBpPSqaK""",2026-10-07T03:03:19.168Z,179134219916800
"""Cam @ eWUSzBpS1d"" folds",2026-10-07T03:03:18.326Z,179134219832600
"""rowan @ GthBpPSqaK"" bets 2.00",2026-10-07T03:03:09.305Z,179134218930500
"""Cam @ eWUSzBpS1d"" checks",2026-10-07T03:03:06.543Z,179134218654300
"Flop:  [J♠, 7♠, K♣]",2026-10-07T03:03:05.157Z,179134218515700
"""Cam @ eWUSzBpS1d"" calls 2.00",2026-10-07T03:03:04.343Z,179134218434300
"""Dih @ GO72Iwd2XL"" folds",2026-10-07T03:03:00.420Z,179134218042000
"""rowan @ GthBpPSqaK"" raises to 2.00",2026-10-07T03:02:59.557Z,179134217955700
"""Cam @ eWUSzBpS1d"" posts a big blind of 0.50",2026-10-07T03:02:49.688Z,179134216968806
"""Dih @ GO72Iwd2XL"" posts a small blind of 0.25",2026-10-07T03:02:49.688Z,179134216968805
"Your hand is 6♠, 5♣",2026-10-07T03:02:49.688Z,179134216968803
"Player stacks: #1 ""Dih @ GO72Iwd2XL"" (238.39) | #5 ""Cam @ eWUSzBpS1d"" (102.25) | #10 ""rowan @ GthBpPSqaK"" (69.19)",2026-10-07T03:02:49.688Z,179134216968801
"-- starting hand #280 (id: jit5clo93rfb)  No Limit Texas Hold'em (dealer: ""rowan @ GthBpPSqaK"") --",2026-10-07T03:02:49.688Z,179134216968800
"-- ending hand #279 --",2026-10-07T03:02:43.676Z,179134216367603
"""Dih @ GO72Iwd2XL"" collected 9.00 from pot with K High (combination: 6♦, 7♠, J♦, Q♦, K♠)",2026-10-07T03:02:43.676Z,179134216367602
"""Dih @ GO72Iwd2XL"" shows a Q♦, J♦.",2026-10-07T03:02:43.676Z,179134216367601
"""rowan @ GthBpPSqaK"" shows a J♠, 5♠.",2026-10-07T03:02:43.676Z,179134216367600
"""Dih @ GO72Iwd2XL"" checks",2026-10-07T03:02:42.786Z,179134216278600
"""rowan @ GthBpPSqaK"" checks",2026-10-07T03:02:41.912Z,179134216191200
"River: 6♦, 2♦, 3♣, 7♠ [K♠]",2026-10-07T03:02:40.331Z,179134216033100
"""Dih @ GO72Iwd2XL"" checks",2026-10-07T03:02:39.473Z,179134215947300
"""rowan @ GthBpPSqaK"" checks",2026-10-07T03:02:37.612Z,179134215761200
"Turn: 6♦, 2♦, 3♣ [7♠]",2026-10-07T03:02:36.330Z,179134215633000
"""rowan @ GthBpPSqaK"" calls 2.50",2026-10-07T03:02:35.475Z,179134215547500
"""Dih @ GO72Iwd2XL"" bets 2.50",2026-10-07T03:02:33.581Z,179134215358100
"""rowan @ GthBpPSqaK"" checks",2026-10-07T03:02:28.780Z,179134214878000
"Flop:  [6♦, 2♦, 3♣]",2026-10-07T03:02:27.567Z,179134214756700
"""rowan @ GthBpPSqaK"" calls 2.00",2026-10-07T03:02:26.762Z,179134214676200
"""Dih @ GO72Iwd2XL"" raises to 2.00",2026-10-07T03:02:24.763Z,179134214476300
"""rowan @ GthBpPSqaK"" calls 0.50",2026-10-07T03:02:21.243Z,179134214124300
"""Cam @ eWUSzBpS1d"" folds",2026-10-07T03:02:19.883Z,179134213988300
"""Dih @ GO72Iwd2XL"" posts a big blind of 0.50",2026-10-07T03:02:05.044Z,179134212504406
"""rowan @ GthBpPSqaK"" posts a small blind of 0.25",2026-10-07T03:02:05.044Z,179134212504405
"Your hand is 9♦, 6♥",2026-10-07T03:02:05.044Z,179134212504403
"Player stacks: #1 ""Dih @ GO72Iwd2XL"" (233.89) | #5 ""Cam @ eWUSzBpS1d"" (102.25) | #10 ""rowan @ GthBpPSqaK"" (73.69)",2026-10-07T03:02:05.044Z,179134212504401
"-- starting hand #279 (id: 3lpvtxngoh06)  No Limit Texas Hold'em (dealer: ""Cam @ eWUSzBpS1d"") --",2026-10-07T03:02:05.044Z,179134212504400
"Undealt cards:  [8♥, 7♦, 9♥, Q♦, Q♠]",2026-10-07T03:02:02.540Z,179134212254000
"""rowan @ GthBpPSqaK"" shows a 3♦, K♥.",2026-10-07T03:02:01.469Z,179134212146900
"-- ending hand #278 --",2026-10-07T03:01:58.370Z,179134211837002
"""Dih @ GO72Iwd2XL"" collected 1.25 from pot",2026-10-07T03:01:58.370Z,179134211837001
"Uncalled bet of 2.00 returned to ""Dih @ GO72Iwd2XL""",2026-10-07T03:01:58.370Z,179134211837000
"""rowan @ GthBpPSqaK"" folds",2026-10-07T03:01:57.566Z,179134211756600
"""Cam @ eWUSzBpS1d"" folds",2026-10-07T03:01:56.687Z,179134211668700
"""Dih @ GO72Iwd2XL"" raises to 2.50",2026-10-07T03:01:55.834Z,179134211583400
"""rowan @ GthBpPSqaK"" posts a big blind of 0.50",2026-10-07T03:01:48.472Z,179134210847206
"""Cam @ eWUSzBpS1d"" posts a small blind of 0.25",2026-10-07T03:01:48.472Z,179134210847205
"Your hand is J♦, 7♥",2026-10-07T03:01:48.472Z,179134210847203
"Player stacks: #1 ""Dih @ GO72Iwd2XL"" (233.14) | #5 ""Cam @ eWUSzBpS1d"" (102.50) | #10 ""rowan @ GthBpPSqaK"" (74.19)",2026-10-07T03:01:48.472Z,179134210847201
"-- starting hand #278 (id: upadl3ddozvl)  No Limit Texas Hold'em (dealer: ""Dih @ GO72Iwd2XL"") --",2026-10-07T03:01:48.472Z,179134210847200
"""rowan @ GthBpPSqaK"" shows a K♠, 7♥.",2026-10-07T03:01:46.280Z,179134210628000
"""Cam @ eWUSzBpS1d"" shows a 5♣.",2026-10-07T03:01:44.057Z,179134210405700
"""Cam @ eWUSzBpS1d"" shows a 4♠.",2026-10-07T03:01:43.915Z,179134210391500
"Undealt cards:  [4♥, 7♦, 3♣, 6♠, 2♠]",2026-10-07T03:01:41.969Z,179134210196900
"-- ending hand #277 --",2026-10-07T03:01:41.167Z,179134210116702
"""Cam @ eWUSzBpS1d"" collected 0.50 from pot",2026-10-07T03:01:41.167Z,179134210116701
"Uncalled bet of 0.25 returned to ""Cam @ eWUSzBpS1d""",2026-10-07T03:01:41.167Z,179134210116700
"""Dih @ GO72Iwd2XL"" folds",2026-10-07T03:01:40.300Z,179134210030000
"""rowan @ GthBpPSqaK"" folds",2026-10-07T03:01:38.711Z,179134209871100
"""Cam @ eWUSzBpS1d"" posts a big blind of 0.50",2026-10-07T03:01:37.454Z,179134209745406
"""Dih @ GO72Iwd2XL"" posts a small blind of 0.25",2026-10-07T03:01:37.454Z,179134209745405
"Your hand is 4♠, 5♣",2026-10-07T03:01:37.454Z,179134209745403
"Player stacks: #1 ""Dih @ GO72Iwd2XL"" (233.39) | #5 ""Cam @ eWUSzBpS1d"" (102.25) | #10 ""rowan @ GthBpPSqaK"" (74.19)",2026-10-07T03:01:37.454Z,179134209745401
"-- starting hand #277 (id: pnny80wyyruk)  No Limit Texas Hold'em (dealer: ""rowan @ GthBpPSqaK"") --",2026-10-07T03:01:37.454Z,179134209745400
"-- ending hand #276 --",2026-10-07T03:01:31.442Z,179134209144202
"""rowan @ GthBpPSqaK"" collected 1.50 from pot with Two Pair, 8's & 7's (combination: Q♥, 7♦, 7♣, 8♠, 8♣)",2026-10-07T03:01:31.442Z,179134209144201
"""rowan @ GthBpPSqaK"" shows a 7♦, 10♣.",2026-10-07T03:01:31.442Z,179134209144200
"""Cam @ eWUSzBpS1d"" checks",2026-10-07T03:01:30.587Z,179134209058700
"""Dih @ GO72Iwd2XL"" checks",2026-10-07T03:01:29.661Z,179134208966100
"""rowan @ GthBpPSqaK"" checks",2026-10-07T03:01:28.765Z,179134208876500
"River: 7♣, 5♦, 8♠, Q♥ [8♣]",2026-10-07T03:01:28.436Z,179134208843600
"""Cam @ eWUSzBpS1d"" checks",2026-10-07T03:01:27.586Z,179134208758600
"""Dih @ GO72Iwd2XL"" checks",2026-10-07T03:01:26.685Z,179134208668500
"""rowan @ GthBpPSqaK"" checks",2026-10-07T03:01:25.833Z,179134208583300
"Turn: 7♣, 5♦, 8♠ [Q♥]",2026-10-07T03:01:25.251Z,179134208525100
"""Cam @ eWUSzBpS1d"" checks",2026-10-07T03:01:24.440Z,179134208444000
"""Dih @ GO72Iwd2XL"" checks",2026-10-07T03:01:23.602Z,179134208360200
"""rowan @ GthBpPSqaK"" checks",2026-10-07T03:01:21.732Z,179134208173200
"Flop:  [7♣, 5♦, 8♠]",2026-10-07T03:01:20.756Z,179134208075600
"""Dih @ GO72Iwd2XL"" checks",2026-10-07T03:01:19.849Z,179134207984900
"""rowan @ GthBpPSqaK"" calls 0.50",2026-10-07T03:01:16.720Z,179134207672000
"""Cam @ eWUSzBpS1d"" calls 0.50",2026-10-07T03:01:15.215Z,179134207521500
"""Dih @ GO72Iwd2XL"" posts a big blind of 0.50",2026-10-07T03:01:11.943Z,179134207194306
"""rowan @ GthBpPSqaK"" posts a small blind of 0.25",2026-10-07T03:01:11.943Z,179134207194305
"Your hand is A♦, 2♥",2026-10-07T03:01:11.943Z,179134207194303
"Player stacks: #1 ""Dih @ GO72Iwd2XL"" (233.89) | #5 ""Cam @ eWUSzBpS1d"" (102.75) | #10 ""rowan @ GthBpPSqaK"" (73.19)",2026-10-07T03:01:11.943Z,179134207194301
"-- starting hand #276 (id: q43ehkisb6v6)  No Limit Texas Hold'em (dealer: ""Cam @ eWUSzBpS1d"") --",2026-10-07T03:01:11.943Z,179134207194300
"""Cam @ eWUSzBpS1d"" shows a K♠.",2026-10-07T03:01:07.625Z,179134206762500
"""Cam @ eWUSzBpS1d"" shows a A♦.",2026-10-07T03:01:07.542Z,179134206754200
"Undealt cards: 7♣, J♠, 8♣, J♥ [3♥]",2026-10-07T03:01:05.385Z,179134206538500
"""rowan @ GthBpPSqaK"" shows a 4♦, J♦.",2026-10-07T03:01:05.084Z,179134206508400
"-- ending hand #275 --",2026-10-07T03:01:04.638Z,179134206463802
"""rowan @ GthBpPSqaK"" collected 8.00 from pot",2026-10-07T03:01:04.638Z,179134206463801
"Uncalled bet of 4.00 returned to ""rowan @ GthBpPSqaK""",2026-10-07T03:01:04.638Z,179134206463800
"""Cam @ eWUSzBpS1d"" folds",2026-10-07T03:01:03.826Z,179134206382600
"""rowan @ GthBpPSqaK"" bets 4.00",2026-10-07T03:01:01.387Z,179134206138700
"""Cam @ eWUSzBpS1d"" checks",2026-10-07T03:00:58.601Z,179134205860100
"Turn: 7♣, J♠, 8♣ [J♥]",2026-10-07T03:00:57.807Z,179134205780700
"""Cam @ eWUSzBpS1d"" calls 2.00",2026-10-07T03:00:56.993Z,179134205699300
"""rowan @ GthBpPSqaK"" bets 2.00",2026-10-07T03:00:55.060Z,179134205506000
"""Cam @ eWUSzBpS1d"" checks",2026-10-07T03:00:52.469Z,179134205246900
"Flop:  [7♣, J♠, 8♣]",2026-10-07T03:00:50.688Z,179134205068800
"""rowan @ GthBpPSqaK"" calls 2.00",2026-10-07T03:00:49.792Z,179134204979200
"""Cam @ eWUSzBpS1d"" raises to 2.00",2026-10-07T03:00:47.986Z,179134204798600
"""Dih @ GO72Iwd2XL"" folds",2026-10-07T03:00:44.232Z,179134204423200
"""rowan @ GthBpPSqaK"" posts a big blind of 0.50",2026-10-07T03:00:42.378Z,179134204237806
"""Cam @ eWUSzBpS1d"" posts a small blind of 0.25",2026-10-07T03:00:42.378Z,179134204237805
"Your hand is K♠, A♦",2026-10-07T03:00:42.378Z,179134204237803
"Player stacks: #1 ""Dih @ GO72Iwd2XL"" (233.89) | #5 ""Cam @ eWUSzBpS1d"" (106.75) | #10 ""rowan @ GthBpPSqaK"" (69.19)",2026-10-07T03:00:42.378Z,179134204237801
"-- starting hand #275 (id: i1hytfqp6hk1)  No Limit Texas Hold'em (dealer: ""Dih @ GO72Iwd2XL"") --",2026-10-07T03:00:42.378Z,179134204237800
"""Cam @ eWUSzBpS1d"" shows a Q♥.",2026-10-07T03:00:38.712Z,179134203871200
"Undealt cards: 7♦, Q♠, 3♠, 8♦ [6♥]",2026-10-07T03:00:35.842Z,179134203584200
"-- ending hand #274 --",2026-10-07T03:00:35.771Z,179134203577102
"""Cam @ eWUSzBpS1d"" collected 20.50 from pot",2026-10-07T03:00:35.771Z,179134203577101
"Uncalled bet of 15.00 returned to ""Cam @ eWUSzBpS1d""",2026-10-07T03:00:35.771Z,179134203577100
"""Dih @ GO72Iwd2XL"" folds",2026-10-07T03:00:34.957Z,179134203495700
"""Cam @ eWUSzBpS1d"" bets 15.00",2026-10-07T03:00:30.520Z,179134203052000
"""Dih @ GO72Iwd2XL"" checks",2026-10-07T03:00:23.020Z,179134202302000
"Turn: 7♦, Q♠, 3♠ [8♦]",2026-10-07T03:00:17.041Z,179134201704100
"""Cam @ eWUSzBpS1d"" calls 5.50",2026-10-07T03:00:16.219Z,179134201621900
"""Dih @ GO72Iwd2XL"" bets 5.50",2026-10-07T03:00:10.336Z,179134201033600
"Flop:  [7♦, Q♠, 3♠]",2026-10-07T03:00:05.392Z,179134200539200
"""rowan @ GthBpPSqaK"" folds",2026-10-07T03:00:04.575Z,179134200457500
"""Cam @ eWUSzBpS1d"" calls 4.00",2026-10-07T03:00:02.726Z,179134200272600
"""Dih @ GO72Iwd2XL"" raises to 4.00",2026-10-07T02:59:58.290Z,179134199829000
"""rowan @ GthBpPSqaK"" raises to 1.50",2026-10-07T02:59:52.336Z,179134199233600
"""Cam @ eWUSzBpS1d"" posts a big blind of 0.50",2026-10-07T02:59:45.482Z,179134198548206
"""Dih @ GO72Iwd2XL"" posts a small blind of 0.25",2026-10-07T02:59:45.482Z,179134198548205
"Your hand is 10♥, Q♥",2026-10-07T02:59:45.482Z,179134198548203
"Player stacks: #1 ""Dih @ GO72Iwd2XL"" (243.39) | #5 ""Cam @ eWUSzBpS1d"" (95.75) | #10 ""rowan @ GthBpPSqaK"" (70.69)",2026-10-07T02:59:45.482Z,179134198548201
"-- starting hand #274 (id: roy7q7l6zpin)  No Limit Texas Hold'em (dealer: ""rowan @ GthBpPSqaK"") --",2026-10-07T02:59:45.482Z,179134198548200
"""Cam @ eWUSzBpS1d"" shows a A♣.",2026-10-07T02:59:42.319Z,179134198231900
"""Cam @ eWUSzBpS1d"" shows a 2♦.",2026-10-07T02:59:42.231Z,179134198223100
"""rowan @ GthBpPSqaK"" shows a 4♥, 3♥.",2026-10-07T02:59:41.263Z,179134198126300
"Undealt cards:  [2♥, A♥, 3♦, 5♦, 4♠]",2026-10-07T02:59:38.222Z,179134197822200
"-- ending hand #273 --",2026-10-07T02:59:38.155Z,179134197815502
"""rowan @ GthBpPSqaK"" collected 1.00 from pot",2026-10-07T02:59:38.155Z,179134197815501
"Uncalled bet of 1.00 returned to ""rowan @ GthBpPSqaK""",2026-10-07T02:59:38.155Z,179134197815500
"""Dih @ GO72Iwd2XL"" folds",2026-10-07T02:59:37.288Z,179134197728800
"""rowan @ GthBpPSqaK"" raises to 1.50",2026-10-07T02:59:36.022Z,179134197602200
"""Cam @ eWUSzBpS1d"" folds",2026-10-07T02:59:33.986Z,179134197398600
"""Dih @ GO72Iwd2XL"" posts a big blind of 0.50",2026-10-07T02:59:32.952Z,179134197295206
"""rowan @ GthBpPSqaK"" posts a small blind of 0.25",2026-10-07T02:59:32.952Z,179134197295205
"Your hand is 2♦, A♣",2026-10-07T02:59:32.952Z,179134197295203
"Player stacks: #1 ""Dih @ GO72Iwd2XL"" (243.89) | #5 ""Cam @ eWUSzBpS1d"" (95.75) | #10 ""rowan @ GthBpPSqaK"" (70.19)",2026-10-07T02:59:32.952Z,179134197295201
"-- starting hand #273 (id: tg38wp4lovzp)  No Limit Texas Hold'em (dealer: ""Cam @ eWUSzBpS1d"") --",2026-10-07T02:59:32.952Z,179134197295200
"""Cam @ eWUSzBpS1d"" shows a 3♣.",2026-10-07T02:59:29.770Z,179134196977000
"""Cam @ eWUSzBpS1d"" shows a 7♠.",2026-10-07T02:59:29.650Z,179134196965000
"""Dih @ GO72Iwd2XL"" shows a A♥, A♠.",2026-10-07T02:59:26.483Z,179134196648300
"""rowan @ GthBpPSqaK"" shows a 8♠, 4♦.",2026-10-07T02:59:26.053Z,179134196605300
"Undealt cards:  [7♣, 9♦, J♥, K♥, 6♠]",2026-10-07T02:59:25.000Z,179134196500000
"-- ending hand #272 --",2026-10-07T02:59:24.943Z,179134196494302
"""Dih @ GO72Iwd2XL"" collected 1.25 from pot",2026-10-07T02:59:24.943Z,179134196494301
"Uncalled bet of 1.50 returned to ""Dih @ GO72Iwd2XL""",2026-10-07T02:59:24.943Z,179134196494300
"""rowan @ GthBpPSqaK"" folds",2026-10-07T02:59:24.132Z,179134196413200
"""Cam @ eWUSzBpS1d"" folds",2026-10-07T02:59:23.235Z,179134196323500
"""Dih @ GO72Iwd2XL"" raises to 2.00",2026-10-07T02:59:22.401Z,179134196240100
"""rowan @ GthBpPSqaK"" posts a big blind of 0.50",2026-10-07T02:59:19.581Z,179134195958106
"""Cam @ eWUSzBpS1d"" posts a small blind of 0.25",2026-10-07T02:59:19.581Z,179134195958105
"Your hand is 7♠, 3♣",2026-10-07T02:59:19.581Z,179134195958103
"Player stacks: #1 ""Dih @ GO72Iwd2XL"" (243.14) | #5 ""Cam @ eWUSzBpS1d"" (96.00) | #10 ""rowan @ GthBpPSqaK"" (70.69)",2026-10-07T02:59:19.581Z,179134195958101
"-- starting hand #272 (id: tql9mrrdz52x)  No Limit Texas Hold'em (dealer: ""Dih @ GO72Iwd2XL"") --",2026-10-07T02:59:19.581Z,179134195958100
"Undealt cards: J♥, 7♠, Q♠, 2♥ [K♣]",2026-10-07T02:59:13.860Z,179134195386000
"-- ending hand #271 --",2026-10-07T02:59:13.673Z,179134195367302
"""rowan @ GthBpPSqaK"" collected 9.00 from pot",2026-10-07T02:59:13.673Z,179134195367301
"Uncalled bet of 6.75 returned to ""rowan @ GthBpPSqaK""",2026-10-07T02:59:13.673Z,179134195367300
"""Dih @ GO72Iwd2XL"" folds",2026-10-07T02:59:12.825Z,179134195282500
"""rowan @ GthBpPSqaK"" bets 6.75",2026-10-07T02:59:11.225Z,179134195122500
"""Dih @ GO72Iwd2XL"" checks",2026-10-07T02:59:07.654Z,179134194765400
"Turn: J♥, 7♠, Q♠ [2♥]",2026-10-07T02:59:05.444Z,179134194544400
"""Cam @ eWUSzBpS1d"" folds",2026-10-07T02:59:04.628Z,179134194462800
"""Dih @ GO72Iwd2XL"" calls 2.25",2026-10-07T02:59:03.790Z,179134194379000
"""rowan @ GthBpPSqaK"" bets 2.25",2026-10-07T02:59:02.169Z,179134194216900
"""Cam @ eWUSzBpS1d"" checks",2026-10-07T02:58:59.916Z,179134193991600
"""Dih @ GO72Iwd2XL"" checks",2026-10-07T02:58:58.864Z,179134193886400
"Flop:  [J♥, 7♠, Q♠]",2026-10-07T02:58:56.769Z,179134193676900
"""Cam @ eWUSzBpS1d"" calls 1.50",2026-10-07T02:58:55.963Z,179134193596300
"""Dih @ GO72Iwd2XL"" calls 1.50",2026-10-07T02:58:53.248Z,179134193324800
"""rowan @ GthBpPSqaK"" raises to 1.50",2026-10-07T02:58:52.335Z,179134193233500
"""Cam @ eWUSzBpS1d"" posts a big blind of 0.50",2026-10-07T02:58:50.283Z,179134193028306
"""Dih @ GO72Iwd2XL"" posts a small blind of 0.25",2026-10-07T02:58:50.283Z,179134193028305
"Your hand is 5♠, 7♦",2026-10-07T02:58:50.283Z,179134193028303
"Player stacks: #1 ""Dih @ GO72Iwd2XL"" (246.89) | #5 ""Cam @ eWUSzBpS1d"" (97.50) | #10 ""rowan @ GthBpPSqaK"" (65.44)",2026-10-07T02:58:50.283Z,179134193028301
"-- starting hand #271 (id: gpeq8defuld3)  No Limit Texas Hold'em (dealer: ""rowan @ GthBpPSqaK"") --",2026-10-07T02:58:50.283Z,179134193028300
"-- ending hand #270 --",2026-10-07T02:58:44.272Z,179134192427202
"""rowan @ GthBpPSqaK"" collected 15.00 from pot with Pair, 7's (combination: 6♥, Q♣, K♦, 7♦, 7♠)",2026-10-07T02:58:44.272Z,179134192427201
"""rowan @ GthBpPSqaK"" shows a K♦, 7♦.",2026-10-07T02:58:44.272Z,179134192427200
"""Cam @ eWUSzBpS1d"" checks",2026-10-07T02:58:43.419Z,179134192341900
"""Dih @ GO72Iwd2XL"" folds",2026-10-07T02:58:42.548Z,179134192254800
"""rowan @ GthBpPSqaK"" checks",2026-10-07T02:58:40.334Z,179134192033400
"River: 6♥, 7♠, 3♣, 4♠ [Q♣]",2026-10-07T02:58:39.468Z,179134191946800
"""Cam @ eWUSzBpS1d"" checks",2026-10-07T02:58:38.620Z,179134191862000
"""Dih @ GO72Iwd2XL"" checks",2026-10-07T02:58:37.510Z,179134191751000
"""rowan @ GthBpPSqaK"" checks",2026-10-07T02:58:35.014Z,179134191501400
"Turn: 6♥, 7♠, 3♣ [4♠]",2026-10-07T02:58:33.668Z,179134191366800
"""Dih @ GO72Iwd2XL"" calls 2.50",2026-10-07T02:58:32.810Z,179134191281000
"""rowan @ GthBpPSqaK"" calls 2.50",2026-10-07T02:58:30.858Z,179134191085800
"""Cam @ eWUSzBpS1d"" bets 2.50",2026-10-07T02:58:28.997Z,179134190899700
"""Dih @ GO72Iwd2XL"" checks",2026-10-07T02:58:26.380Z,179134190638000
"""rowan @ GthBpPSqaK"" checks",2026-10-07T02:58:23.894Z,179134190389400
"Flop:  [6♥, 7♠, 3♣]",2026-10-07T02:58:17.591Z,179134189759100
"""Dih @ GO72Iwd2XL"" calls 2.50",2026-10-07T02:58:16.782Z,179134189678200
"""rowan @ GthBpPSqaK"" calls 2.50",2026-10-07T02:58:04.652Z,179134188465200
"""Cam @ eWUSzBpS1d"" raises to 2.50",2026-10-07T02:58:03.040Z,179134188304000
"""Dih @ GO72Iwd2XL"" posts a big blind of 0.50",2026-10-07T02:58:01.497Z,179134188149706
"""rowan @ GthBpPSqaK"" posts a small blind of 0.25",2026-10-07T02:58:01.497Z,179134188149705
"Your hand is 6♣, 8♣",2026-10-07T02:58:01.497Z,179134188149703
"Player stacks: #1 ""Dih @ GO72Iwd2XL"" (251.89) | #5 ""Cam @ eWUSzBpS1d"" (102.50) | #10 ""rowan @ GthBpPSqaK"" (55.44)",2026-10-07T02:58:01.497Z,179134188149701
"-- starting hand #270 (id: yjyuu3ufqeaw)  No Limit Texas Hold'em (dealer: ""Cam @ eWUSzBpS1d"") --",2026-10-07T02:58:01.497Z,179134188149700
"Undealt cards: 2♠, 8♦, 3♥, 5♦ [2♥]",2026-10-07T02:57:56.043Z,179134187604300
"-- ending hand #269 --",2026-10-07T02:57:55.553Z,179134187555302
"""Cam @ eWUSzBpS1d"" collected 10.00 from pot",2026-10-07T02:57:55.553Z,179134187555301
"Uncalled bet of 5.00 returned to ""Cam @ eWUSzBpS1d""",2026-10-07T02:57:55.553Z,179134187555300
"""rowan @ GthBpPSqaK"" folds",2026-10-07T02:57:54.722Z,179134187472200
"""Cam @ eWUSzBpS1d"" bets 5.00",2026-10-07T02:57:53.629Z,179134187362900
"Turn: 2♠, 8♦, 3♥ [5♦]",2026-10-07T02:57:51.351Z,179134187135100
"""rowan @ GthBpPSqaK"" calls 2.50",2026-10-07T02:57:50.479Z,179134187047900
"""Cam @ eWUSzBpS1d"" bets 2.50",2026-10-07T02:57:48.528Z,179134186852800
"Flop:  [2♠, 8♦, 3♥]",2026-10-07T02:57:44.149Z,179134186414900
"""rowan @ GthBpPSqaK"" calls 2.50",2026-10-07T02:57:43.277Z,179134186327700
"""Cam @ eWUSzBpS1d"" raises to 2.50",2026-10-07T02:57:41.094Z,179134186109400
"""Dih @ GO72Iwd2XL"" folds",2026-10-07T02:57:38.904Z,179134185890400
"""rowan @ GthBpPSqaK"" posts a big blind of 0.50",2026-10-07T02:57:29.265Z,179134184926506
"""Cam @ eWUSzBpS1d"" posts a small blind of 0.25",2026-10-07T02:57:29.265Z,179134184926505
"Your hand is 9♥, 9♦",2026-10-07T02:57:29.265Z,179134184926503
"Player stacks: #1 ""Dih @ GO72Iwd2XL"" (251.89) | #5 ""Cam @ eWUSzBpS1d"" (97.50) | #10 ""rowan @ GthBpPSqaK"" (60.44)",2026-10-07T02:57:29.265Z,179134184926501
"-- starting hand #269 (id: 7vcjquufb4th)  No Limit Texas Hold'em (dealer: ""Dih @ GO72Iwd2XL"") --",2026-10-07T02:57:29.265Z,179134184926500
"Undealt cards: 9♠, 7♦, Q♦ [9♥, 6♣]",2026-10-07T02:57:23.403Z,179134184340300
"-- ending hand #268 --",2026-10-07T02:57:23.360Z,179134184336002
"""rowan @ GthBpPSqaK"" collected 10.25 from pot",2026-10-07T02:57:23.360Z,179134184336001
"Uncalled bet of 3.50 returned to ""rowan @ GthBpPSqaK""",2026-10-07T02:57:23.360Z,179134184336000
"""Cam @ eWUSzBpS1d"" folds",2026-10-07T02:57:22.547Z,179134184254700
"""rowan @ GthBpPSqaK"" raises to 6.00",2026-10-07T02:57:15.456Z,179134183545600
"""Cam @ eWUSzBpS1d"" bets 2.50",2026-10-07T02:57:10.317Z,179134183031700
"Flop:  [9♠, 7♦, Q♦]",2026-10-07T02:57:03.580Z,179134182358000
"""rowan @ GthBpPSqaK"" calls 2.50",2026-10-07T02:57:02.753Z,179134182275300
"""Cam @ eWUSzBpS1d"" raises to 2.50",2026-10-07T02:57:00.727Z,179134182072700
"""Dih @ GO72Iwd2XL"" folds",2026-10-07T02:56:58.182Z,179134181818200
"""rowan @ GthBpPSqaK"" raises to 1.50",2026-10-07T02:56:50.715Z,179134181071500
"""Cam @ eWUSzBpS1d"" posts a big blind of 0.50",2026-10-07T02:56:47.760Z,179134180776006
"""Dih @ GO72Iwd2XL"" posts a small blind of 0.25",2026-10-07T02:56:47.760Z,179134180776005
"Your hand is 7♠, K♠",2026-10-07T02:56:47.760Z,179134180776003
"Player stacks: #1 ""Dih @ GO72Iwd2XL"" (252.14) | #5 ""Cam @ eWUSzBpS1d"" (102.50) | #10 ""rowan @ GthBpPSqaK"" (55.19)",2026-10-07T02:56:47.760Z,179134180776001
"-- starting hand #268 (id: eizjl2qamijk)  No Limit Texas Hold'em (dealer: ""rowan @ GthBpPSqaK"") --",2026-10-07T02:56:47.760Z,179134180776000
"-- ending hand #267 --",2026-10-07T02:56:44.848Z,179134180484802
"""rowan @ GthBpPSqaK"" collected 7.50 from pot",2026-10-07T02:56:44.848Z,179134180484801
"Uncalled bet of 2.50 returned to ""rowan @ GthBpPSqaK""",2026-10-07T02:56:44.848Z,179134180484800
"""Dih @ GO72Iwd2XL"" folds",2026-10-07T02:56:44.044Z,179134180404400
"""rowan @ GthBpPSqaK"" bets 2.50",2026-10-07T02:56:41.819Z,179134180181900
"River: 9♠, 3♣, 8♥, 9♣ [A♣]",2026-10-07T02:56:34.951Z,179134179495100
"""Dih @ GO72Iwd2XL"" checks",2026-10-07T02:56:34.111Z,179134179411100
"""rowan @ GthBpPSqaK"" checks",2026-10-07T02:56:31.043Z,179134179104300
"Turn: 9♠, 3♣, 8♥ [9♣]",2026-10-07T02:56:29.947Z,179134178994700
"""rowan @ GthBpPSqaK"" calls 2.25",2026-10-07T02:56:29.072Z,179134178907200
"""Dih @ GO72Iwd2XL"" bets 2.25",2026-10-07T02:56:26.872Z,179134178687200
"""rowan @ GthBpPSqaK"" checks",2026-10-07T02:56:23.640Z,179134178364000
"Flop:  [9♠, 3♣, 8♥]",2026-10-07T02:56:21.946Z,179134178194600
"""Dih @ GO72Iwd2XL"" calls 1.50",2026-10-07T02:56:21.109Z,179134178110900
"""rowan @ GthBpPSqaK"" raises to 1.50",2026-10-07T02:56:18.801Z,179134177880100
"""Cam @ eWUSzBpS1d"" folds",2026-10-07T02:56:16.518Z,179134177651800
"""Dih @ GO72Iwd2XL"" posts a big blind of 0.50",2026-10-07T02:56:15.395Z,179134177539506
"""rowan @ GthBpPSqaK"" posts a small blind of 0.25",2026-10-07T02:56:15.395Z,179134177539505
"Your hand is K♠, 4♣",2026-10-07T02:56:15.395Z,179134177539503
"Player stacks: #1 ""Dih @ GO72Iwd2XL"" (255.89) | #5 ""Cam @ eWUSzBpS1d"" (102.50) | #10 ""rowan @ GthBpPSqaK"" (51.44)",2026-10-07T02:56:15.395Z,179134177539501
"-- starting hand #267 (id: zrjldwn7ztk3)  No Limit Texas Hold'em (dealer: ""Cam @ eWUSzBpS1d"") --",2026-10-07T02:56:15.395Z,179134177539500
"""Dih @ GO72Iwd2XL"" shows a 8♥.",2026-10-07T02:56:13.075Z,179134177307500
"""Dih @ GO72Iwd2XL"" shows a K♣.",2026-10-07T02:56:11.416Z,179134177141600
"Undealt cards: 4♠, 4♣, J♠ [4♦, K♠]",2026-10-07T02:56:09.293Z,179134176929300
"-- ending hand #266 --",2026-10-07T02:56:08.792Z,179134176879202
"""Cam @ eWUSzBpS1d"" collected 1.50 from pot",2026-10-07T02:56:08.792Z,179134176879201
"Uncalled bet of 2.50 returned to ""Cam @ eWUSzBpS1d""",2026-10-07T02:56:08.792Z,179134176879200
"""Dih @ GO72Iwd2XL"" folds",2026-10-07T02:56:07.956Z,179134176795600
"""rowan @ GthBpPSqaK"" folds",2026-10-07T02:56:02.358Z,179134176235800
"""Cam @ eWUSzBpS1d"" bets 2.50",2026-10-07T02:56:00.979Z,179134176097900
"Flop:  [4♠, 4♣, J♠]",2026-10-07T02:55:58.895Z,179134175889500
"""rowan @ GthBpPSqaK"" checks",2026-10-07T02:55:58.069Z,179134175806900
"""Cam @ eWUSzBpS1d"" calls 0.50",2026-10-07T02:55:56.473Z,179134175647300
"""Dih @ GO72Iwd2XL"" calls 0.50",2026-10-07T02:55:54.545Z,179134175454500
"""rowan @ GthBpPSqaK"" posts a big blind of 0.50",2026-10-07T02:55:52.066Z,179134175206606
"""Cam @ eWUSzBpS1d"" posts a small blind of 0.25",2026-10-07T02:55:52.066Z,179134175206605
"Your hand is 9♦, J♥",2026-10-07T02:55:52.066Z,179134175206603
"Player stacks: #1 ""Dih @ GO72Iwd2XL"" (256.39) | #5 ""Cam @ eWUSzBpS1d"" (101.50) | #10 ""rowan @ GthBpPSqaK"" (51.94)",2026-10-07T02:55:52.066Z,179134175206601
"-- starting hand #266 (id: atndqctdvuzi)  No Limit Texas Hold'em (dealer: ""Dih @ GO72Iwd2XL"") --",2026-10-07T02:55:52.066Z,179134175206600
"Undealt cards: 3♥, Q♠, 5♥, J♦ [4♥]",2026-10-07T02:55:46.736Z,179134174673600
"-- ending hand #265 --",2026-10-07T02:55:46.065Z,179134174606502
"""Dih @ GO72Iwd2XL"" collected 4.00 from pot",2026-10-07T02:55:46.065Z,179134174606501
"Uncalled bet of 2.50 returned to ""Dih @ GO72Iwd2XL""",2026-10-07T02:55:46.065Z,179134174606500
"""Cam @ eWUSzBpS1d"" folds",2026-10-07T02:55:45.145Z,179134174514500
"""Dih @ GO72Iwd2XL"" bets 2.50",2026-10-07T02:55:36.004Z,179134173600400
"Turn: 3♥, Q♠, 5♥ [J♦]",2026-10-07T02:55:30.287Z,179134173028700
"""Cam @ eWUSzBpS1d"" checks",2026-10-07T02:55:29.476Z,179134172947600
"""Dih @ GO72Iwd2XL"" checks",2026-10-07T02:55:28.602Z,179134172860200
"Flop:  [3♥, Q♠, 5♥]",2026-10-07T02:55:17.038Z,179134171703800
"""Cam @ eWUSzBpS1d"" calls 2.00",2026-10-07T02:55:16.227Z,179134171622700
"""Dih @ GO72Iwd2XL"" raises to 2.00",2026-10-07T02:55:14.952Z,179134171495200
"""rowan @ GthBpPSqaK"" folds",2026-10-07T02:55:11.976Z,179134171197600
"""Cam @ eWUSzBpS1d"" posts a big blind of 0.50",2026-10-07T02:55:10.592Z,179134171059206
"""Dih @ GO72Iwd2XL"" posts a small blind of 0.25",2026-10-07T02:55:10.592Z,179134171059205
"Your hand is 9♣, 6♦",2026-10-07T02:55:10.592Z,179134171059203
"Player stacks: #1 ""Dih @ GO72Iwd2XL"" (254.39) | #5 ""Cam @ eWUSzBpS1d"" (103.50) | #10 ""rowan @ GthBpPSqaK"" (51.94)",2026-10-07T02:55:10.592Z,179134171059201
"-- starting hand #265 (id: x4s5amihylbd)  No Limit Texas Hold'em (dealer: ""rowan @ GthBpPSqaK"") --",2026-10-07T02:55:10.592Z,179134171059200
"Undealt cards: 8♥, 5♥, 10♥, 9♥ [K♥]",2026-10-07T02:55:04.754Z,179134170475400
"-- ending hand #264 --",2026-10-07T02:55:04.626Z,179134170462602
"""Cam @ eWUSzBpS1d"" collected 5.25 from pot",2026-10-07T02:55:04.626Z,179134170462601
"Uncalled bet of 2.50 returned to ""Cam @ eWUSzBpS1d""",2026-10-07T02:55:04.626Z,179134170462600
"""Dih @ GO72Iwd2XL"" folds",2026-10-07T02:55:03.797Z,179134170379700
"""Cam @ eWUSzBpS1d"" bets 2.50",2026-10-07T02:55:01.441Z,179134170144100
"""Dih @ GO72Iwd2XL"" checks",2026-10-07T02:54:59.753Z,179134169975300
"Turn: 8♥, 5♥, 10♥ [9♥]",2026-10-07T02:54:57.811Z,179134169781100
"""Cam @ eWUSzBpS1d"" checks",2026-10-07T02:54:57.003Z,179134169700300
"""Dih @ GO72Iwd2XL"" checks",2026-10-07T02:54:53.570Z,179134169357000
"Flop:  [8♥, 5♥, 10♥]",2026-10-07T02:54:51.760Z,179134169176000
"""Dih @ GO72Iwd2XL"" calls 2.50",2026-10-07T02:54:50.955Z,179134169095500
"""rowan @ GthBpPSqaK"" folds",2026-10-07T02:54:49.669Z,179134168966900
"""Cam @ eWUSzBpS1d"" raises to 2.50",2026-10-07T02:54:47.122Z,179134168712200
"""Dih @ GO72Iwd2XL"" posts a big blind of 0.50",2026-10-07T02:54:45.737Z,179134168573706
"""rowan @ GthBpPSqaK"" posts a small blind of 0.25",2026-10-07T02:54:45.737Z,179134168573705
"Your hand is 9♦, 8♦",2026-10-07T02:54:45.737Z,179134168573703
"Player stacks: #1 ""Dih @ GO72Iwd2XL"" (256.89) | #5 ""Cam @ eWUSzBpS1d"" (100.75) | #10 ""rowan @ GthBpPSqaK"" (52.19)",2026-10-07T02:54:45.737Z,179134168573701
"-- starting hand #264 (id: wabvzfgep25q)  No Limit Texas Hold'em (dealer: ""Cam @ eWUSzBpS1d"") --",2026-10-07T02:54:45.737Z,179134168573700
"Undealt cards: 10♠, K♠, 6♥, 9♠ [3♥]",2026-10-07T02:54:39.819Z,179134167981900
"-- ending hand #263 --",2026-10-07T02:54:39.704Z,179134167970402
"""Cam @ eWUSzBpS1d"" collected 1.25 from pot",2026-10-07T02:54:39.704Z,179134167970401
"Uncalled bet of 2.50 returned to ""Cam @ eWUSzBpS1d""",2026-10-07T02:54:39.704Z,179134167970400
"""rowan @ GthBpPSqaK"" folds",2026-10-07T02:54:38.823Z,179134167882300
"""Cam @ eWUSzBpS1d"" bets 2.50",2026-10-07T02:54:37.138Z,179134167713800
"Turn: 10♠, K♠, 6♥ [9♠]",2026-10-07T02:54:28.896Z,179134166889600
"""rowan @ GthBpPSqaK"" checks",2026-10-07T02:54:28.062Z,179134166806200
"""Cam @ eWUSzBpS1d"" checks",2026-10-07T02:54:27.138Z,179134166713800
"Flop:  [10♠, K♠, 6♥]",2026-10-07T02:54:26.156Z,179134166615600
"""rowan @ GthBpPSqaK"" checks",2026-10-07T02:54:25.316Z,179134166531600
"""Cam @ eWUSzBpS1d"" calls 0.50",2026-10-07T02:54:22.819Z,179134166281900
"""Dih @ GO72Iwd2XL"" folds",2026-10-07T02:54:21.573Z,179134166157300
"""rowan @ GthBpPSqaK"" posts a missing small blind of 0.25",2026-10-07T02:54:18.153Z,179134165815309
"""rowan @ GthBpPSqaK"" posts a big blind of 0.50",2026-10-07T02:54:18.153Z,179134165815308
"""Cam @ eWUSzBpS1d"" posts a small blind of 0.25",2026-10-07T02:54:18.153Z,179134165815307
"Your hand is 8♥, 6♠",2026-10-07T02:54:18.153Z,179134165815305
"Player stacks: #1 ""Dih @ GO72Iwd2XL"" (256.89) | #5 ""Cam @ eWUSzBpS1d"" (100.00) | #10 ""rowan @ GthBpPSqaK"" (52.94)",2026-10-07T02:54:18.153Z,179134165815303
"-- starting hand #263 (id: qh9rs2csxye0)  No Limit Texas Hold'em (dealer: ""Dih @ GO72Iwd2XL"") --",2026-10-07T02:54:18.153Z,179134165815302
"The player ""rowan @ GthBpPSqaK"" joined the game with a stack of 52.94.",2026-10-07T02:54:18.153Z,179134165815301
"The player ""Cam @ eWUSzBpS1d"" rebought. New stack 100.00.",2026-10-07T02:54:18.153Z,179134165815300
"The player ""rowan @ GthBpPSqaK"" sit back with the stack of 52.94.",2026-10-07T02:54:17.661Z,179134165766100
"Waiting for the game owner to approve or reject pending rebuy requests.",2026-10-07T02:54:16.293Z,179134165629301
"The player ""Cam @ eWUSzBpS1d"" requested a rebuy of 100.00.",2026-10-07T02:54:16.293Z,179134165629300
"Asking to busted players the rebuy decision.",2026-10-07T02:54:14.090Z,179134165409000
"-- ending hand #262 --",2026-10-07T02:54:06.082Z,179134164608202
"""Dih @ GO72Iwd2XL"" collected 48.70 from pot with Pair, A's on the second run  (combination: 10♣, J♥, K♦, A♥, A♦)",2026-10-07T02:54:06.082Z,179134164608201
"""Dih @ GO72Iwd2XL"" collected 48.70 from pot with Two Pair, K's & 3's (combination: A♥, 3♦, 3♥, K♦, K♣)",2026-10-07T02:54:06.082Z,179134164608200
"River (second run): 10♣, A♦, J♥, 3♠ [5♥]",2026-10-07T02:54:02.052Z,179134164205200
"Turn (second run): 10♣, A♦, J♥ [3♠]",2026-10-07T02:53:57.923Z,179134163792300
"Flop (second run):  [10♣, A♦, J♥]",2026-10-07T02:53:53.901Z,179134163390100
"River: 6♣, 3♦, 3♥, 4♣ [K♣]",2026-10-07T02:53:49.809Z,179134162980900
"Turn: 6♣, 3♦, 3♥ [4♣]",2026-10-07T02:53:45.781Z,179134162578100
"Flop:  [6♣, 3♦, 3♥]",2026-10-07T02:53:41.770Z,179134162177000
"""Cam @ eWUSzBpS1d"" shows a Q♠, Q♥.",2026-10-07T02:53:37.706Z,179134161770601
"""Dih @ GO72Iwd2XL"" shows a A♥, K♦.",2026-10-07T02:53:37.706Z,179134161770600
"All players in hand choose to run it twice.",2026-10-07T02:53:36.874Z,179134161687401
"""Cam @ eWUSzBpS1d"" chooses to  run it twice.",2026-10-07T02:53:36.874Z,179134161687400
"""Dih @ GO72Iwd2XL"" chooses to  run it twice.",2026-10-07T02:53:36.207Z,179134161620700
"Remaining players decide whether to run it twice.",2026-10-07T02:53:35.252Z,179134161525201
"""Dih @ GO72Iwd2XL"" calls 48.70",2026-10-07T02:53:35.252Z,179134161525200
"""Cam @ eWUSzBpS1d"" raises to 48.70 and go all in",2026-10-07T02:53:34.391Z,179134161439100
"""Dih @ GO72Iwd2XL"" raises to 6.00",2026-10-07T02:53:27.308Z,179134160730800
"""Cam @ eWUSzBpS1d"" raises to 2.50",2026-10-07T02:53:23.382Z,179134160338200
"""Dih @ GO72Iwd2XL"" posts a big blind of 0.50",2026-10-07T02:53:20.248Z,179134160024805
"""Cam @ eWUSzBpS1d"" posts a small blind of 0.25",2026-10-07T02:53:20.248Z,179134160024804
"Your hand is Q♠, Q♥",2026-10-07T02:53:20.248Z,179134160024803
"Player stacks: #1 ""Dih @ GO72Iwd2XL"" (208.19) | #5 ""Cam @ eWUSzBpS1d"" (48.70)",2026-10-07T02:53:20.248Z,179134160024801
"-- starting hand #262 (id: 2aklacmgpgtf)  No Limit Texas Hold'em (dealer: ""Cam @ eWUSzBpS1d"") --",2026-10-07T02:53:20.248Z,179134160024800
"Undealt cards: K♦, 10♥, 8♥ [Q♣, 10♠]",2026-10-07T02:53:14.488Z,179134159448800
"-- ending hand #261 --",2026-10-07T02:53:14.341Z,179134159434102
"""Cam @ eWUSzBpS1d"" collected 1.00 from pot",2026-10-07T02:53:14.341Z,179134159434101
"Uncalled bet of 2.00 returned to ""Cam @ eWUSzBpS1d""",2026-10-07T02:53:14.341Z,179134159434100
"""Dih @ GO72Iwd2XL"" folds",2026-10-07T02:53:13.503Z,179134159350300
"""Cam @ eWUSzBpS1d"" bets 2.00",2026-10-07T02:53:12.561Z,179134159256100
"Flop:  [K♦, 10♥, 8♥]",2026-10-07T02:53:08.087Z,179134158808700
"""Cam @ eWUSzBpS1d"" checks",2026-10-07T02:53:07.237Z,179134158723700
"""Dih @ GO72Iwd2XL"" calls 0.50",2026-10-07T02:53:05.972Z,179134158597200
"""Cam @ eWUSzBpS1d"" posts a big blind of 0.50",2026-10-07T02:53:04.489Z,179134158448905
"""Dih @ GO72Iwd2XL"" posts a small blind of 0.25",2026-10-07T02:53:04.489Z,179134158448904
"Your hand is 4♥, K♣",2026-10-07T02:53:04.489Z,179134158448903
"Player stacks: #1 ""Dih @ GO72Iwd2XL"" (208.69) | #5 ""Cam @ eWUSzBpS1d"" (48.20)",2026-10-07T02:53:04.489Z,179134158448901
"-- starting hand #261 (id: pjfufmxmhwpg)  No Limit Texas Hold'em (dealer: ""Dih @ GO72Iwd2XL"") --",2026-10-07T02:53:04.489Z,179134158448900
"Undealt cards:  [3♦, 7♦, 7♠, 10♦, A♠]",2026-10-07T02:52:58.616Z,179134157861600
"-- ending hand #260 --",2026-10-07T02:52:58.576Z,179134157857602
"""Cam @ eWUSzBpS1d"" collected 1.00 from pot",2026-10-07T02:52:58.576Z,179134157857601
"Uncalled bet of 2.00 returned to ""Cam @ eWUSzBpS1d""",2026-10-07T02:52:58.576Z,179134157857600
"""Dih @ GO72Iwd2XL"" folds",2026-10-07T02:52:57.758Z,179134157775800
"""Cam @ eWUSzBpS1d"" raises to 2.50",2026-10-07T02:52:51.348Z,179134157134800
"""Dih @ GO72Iwd2XL"" posts a big blind of 0.50",2026-10-07T02:52:48.832Z,179134156883205
"""Cam @ eWUSzBpS1d"" posts a small blind of 0.25",2026-10-07T02:52:48.832Z,179134156883204
"Your hand is 3♥, K♥",2026-10-07T02:52:48.832Z,179134156883203
"Player stacks: #1 ""Dih @ GO72Iwd2XL"" (209.19) | #5 ""Cam @ eWUSzBpS1d"" (47.70)",2026-10-07T02:52:48.832Z,179134156883201
"-- starting hand #260 (id: q4grx1as9who)  No Limit Texas Hold'em (dealer: ""Cam @ eWUSzBpS1d"") --",2026-10-07T02:52:48.832Z,179134156883200
"""Cam @ eWUSzBpS1d"" shows a 3♣.",2026-10-07T02:52:43.262Z,179134156326200
"""Cam @ eWUSzBpS1d"" shows a 5♥.",2026-10-07T02:52:43.196Z,179134156319600
"Undealt cards: Q♥, A♣, 2♣ [4♣, A♥]",2026-10-07T02:52:42.886Z,179134156288600
"""Dih @ GO72Iwd2XL"" shows a K♠, K♣.",2026-10-07T02:52:42.027Z,179134156202700
"-- ending hand #259 --",2026-10-07T02:52:41.501Z,179134156150102
"""Dih @ GO72Iwd2XL"" collected 1.00 from pot",2026-10-07T02:52:41.501Z,179134156150101
"Uncalled bet of 208.19 returned to ""Dih @ GO72Iwd2XL""",2026-10-07T02:52:41.501Z,179134156150100
"""Cam @ eWUSzBpS1d"" folds",2026-10-07T02:52:40.662Z,179134156066200
"""Dih @ GO72Iwd2XL"" bets 208.19 and go all in",2026-10-07T02:52:37.977Z,179134155797700
"""Cam @ eWUSzBpS1d"" checks",2026-10-07T02:52:35.887Z,179134155588700
"Flop:  [Q♥, A♣, 2♣]",2026-10-07T02:52:35.019Z,179134155501900
"""Cam @ eWUSzBpS1d"" checks",2026-10-07T02:52:34.202Z,179134155420200
"""Dih @ GO72Iwd2XL"" calls 0.50",2026-10-07T02:52:33.352Z,179134155335200
"""Cam @ eWUSzBpS1d"" posts a big blind of 0.50",2026-10-07T02:52:30.772Z,179134155077205
"""Dih @ GO72Iwd2XL"" posts a small blind of 0.25",2026-10-07T02:52:30.772Z,179134155077204
"Your hand is 5♥, 3♣",2026-10-07T02:52:30.772Z,179134155077203
"Player stacks: #1 ""Dih @ GO72Iwd2XL"" (208.69) | #5 ""Cam @ eWUSzBpS1d"" (48.20)",2026-10-07T02:52:30.772Z,179134155077201
"-- starting hand #259 (id: s2jlj5riivxm)  No Limit Texas Hold'em (dealer: ""Dih @ GO72Iwd2XL"") --",2026-10-07T02:52:30.772Z,179134155077200
"-- ending hand #258 --",2026-10-07T02:52:22.766Z,179134154276602
"""Cam @ eWUSzBpS1d"" collected 24.10 from pot with Two Pair, Q's & 4's on the second run  (combination: K♣, 4♠, 4♦, Q♦, Q♣)",2026-10-07T02:52:22.766Z,179134154276601
"""Cam @ eWUSzBpS1d"" collected 24.10 from pot with Two Pair, K's & Q's (combination: 9♣, Q♦, Q♣, K♣, K♥)",2026-10-07T02:52:22.766Z,179134154276600
"River (second run): 4♠, K♣, 4♦, 7♦ [9♠]",2026-10-07T02:52:18.757Z,179134153875700
"Turn (second run): 4♠, K♣, 4♦ [7♦]",2026-10-07T02:52:14.742Z,179134153474200
"River: 4♠, K♣, 4♦, 9♣ [K♥]",2026-10-07T02:52:10.738Z,179134153073800
"Turn: 4♠, K♣, 4♦ [9♣]",2026-10-07T02:52:06.734Z,179134152673400
"""Cam @ eWUSzBpS1d"" shows a Q♦, Q♣.",2026-10-07T02:52:02.698Z,179134152269801
"""Dih @ GO72Iwd2XL"" shows a 8♦, 2♦.",2026-10-07T02:52:02.698Z,179134152269800
"All players in hand choose to run it twice.",2026-10-07T02:52:01.878Z,179134152187801
"""Cam @ eWUSzBpS1d"" chooses to  run it twice.",2026-10-07T02:52:01.878Z,179134152187800
"""Dih @ GO72Iwd2XL"" chooses to  run it twice.",2026-10-07T02:52:00.821Z,179134152082100
"Remaining players decide whether to run it twice.",2026-10-07T02:51:58.308Z,179134151830801
"""Dih @ GO72Iwd2XL"" calls 0.25",2026-10-07T02:51:58.308Z,179134151830800
"""Cam @ eWUSzBpS1d"" bets 0.25 and go all in",2026-10-07T02:51:45.781Z,179134150578100
"""Dih @ GO72Iwd2XL"" checks",2026-10-07T02:51:43.858Z,179134150385800
"Flop:  [4♠, K♣, 4♦]",2026-10-07T02:51:41.852Z,179134150185200
"""Dih @ GO72Iwd2XL"" calls 23.85",2026-10-07T02:51:40.992Z,179134150099200
"""Cam @ eWUSzBpS1d"" raises to 23.85",2026-10-07T02:51:38.379Z,179134149837900
"""Dih @ GO72Iwd2XL"" posts a big blind of 0.50",2026-10-07T02:51:33.050Z,179134149305005
"""Cam @ eWUSzBpS1d"" posts a small blind of 0.25",2026-10-07T02:51:33.050Z,179134149305004
"Your hand is Q♦, Q♣",2026-10-07T02:51:33.050Z,179134149305003
"Player stacks: #1 ""Dih @ GO72Iwd2XL"" (232.79) | #5 ""Cam @ eWUSzBpS1d"" (24.10)",2026-10-07T02:51:33.050Z,179134149305001
"-- starting hand #258 (id: tbhx19pgbllw)  No Limit Texas Hold'em (dealer: ""Cam @ eWUSzBpS1d"") --",2026-10-07T02:51:33.050Z,179134149305000
"-- ending hand #257 --",2026-10-07T02:51:27.044Z,179134148704403
"""Dih @ GO72Iwd2XL"" collected 24.00 from pot with Straight, K High (combination: 9♣, 10♦, J♣, Q♦, K♣)",2026-10-07T02:51:27.044Z,179134148704402
"""Dih @ GO72Iwd2XL"" shows a 9♣, K♣.",2026-10-07T02:51:27.044Z,179134148704401
"""Cam @ eWUSzBpS1d"" shows a 9♠, 4♣.",2026-10-07T02:51:27.044Z,179134148704400
"""Dih @ GO72Iwd2XL"" calls 10.00",2026-10-07T02:51:26.228Z,179134148622800
"""Cam @ eWUSzBpS1d"" bets 10.00",2026-10-07T02:50:44.156Z,179134144415600
"River: 8♦, Q♦, 10♦, 4♥ [J♣]",2026-10-07T02:50:37.554Z,179134143755400
"""Dih @ GO72Iwd2XL"" checks",2026-10-07T02:50:36.740Z,179134143674000
"""Cam @ eWUSzBpS1d"" checks",2026-10-07T02:50:34.304Z,179134143430400
"Turn: 8♦, Q♦, 10♦ [4♥]",2026-10-07T02:50:25.556Z,179134142555600
"""Dih @ GO72Iwd2XL"" checks",2026-10-07T02:50:24.752Z,179134142475200
"""Cam @ eWUSzBpS1d"" checks",2026-10-07T02:50:12.681Z,179134141268100
"Flop:  [8♦, Q♦, 10♦]",2026-10-07T02:50:12.063Z,179134141206300
"""Cam @ eWUSzBpS1d"" calls 2.00",2026-10-07T02:50:11.233Z,179134141123300
"""Dih @ GO72Iwd2XL"" raises to 2.00",2026-10-07T02:49:56.558Z,179134139655800
"""Cam @ eWUSzBpS1d"" posts a big blind of 0.50",2026-10-07T02:49:52.341Z,179134139234105
"""Dih @ GO72Iwd2XL"" posts a small blind of 0.25",2026-10-07T02:49:52.341Z,179134139234104
"Your hand is 9♠, 4♣",2026-10-07T02:49:52.341Z,179134139234103
"Player stacks: #1 ""Dih @ GO72Iwd2XL"" (220.79) | #5 ""Cam @ eWUSzBpS1d"" (36.10)",2026-10-07T02:49:52.341Z,179134139234101
"-- starting hand #257 (id: 7v0hagh8wjmd)  No Limit Texas Hold'em (dealer: ""Dih @ GO72Iwd2XL"") --",2026-10-07T02:49:52.341Z,179134139234100
"-- ending hand #256 --",2026-10-07T02:49:46.323Z,179134138632303
"""Dih @ GO72Iwd2XL"" collected 1.00 from pot with Two Pair, Q's & 10's (combination: A♦, 10♣, 10♠, Q♣, Q♥)",2026-10-07T02:49:46.323Z,179134138632302
"""Dih @ GO72Iwd2XL"" shows a 3♦, Q♣.",2026-10-07T02:49:46.323Z,179134138632301
"""Cam @ eWUSzBpS1d"" shows a 3♠, 6♠.",2026-10-07T02:49:46.323Z,179134138632300
"""Cam @ eWUSzBpS1d"" checks",2026-10-07T02:49:45.471Z,179134138547100
"""Dih @ GO72Iwd2XL"" checks",2026-10-07T02:49:44.582Z,179134138458200
"River: Q♥, 10♣, A♦, K♥ [10♠]",2026-10-07T02:49:43.160Z,179134138316000
"""Cam @ eWUSzBpS1d"" checks",2026-10-07T02:49:42.346Z,179134138234600
"""Dih @ GO72Iwd2XL"" checks",2026-10-07T02:49:41.299Z,179134138129900
"Turn: Q♥, 10♣, A♦ [K♥]",2026-10-07T02:49:39.969Z,179134137996900
"""Cam @ eWUSzBpS1d"" checks",2026-10-07T02:49:39.164Z,179134137916400
"""Dih @ GO72Iwd2XL"" checks",2026-10-07T02:49:38.315Z,179134137831500
"Flop:  [Q♥, 10♣, A♦]",2026-10-07T02:49:36.508Z,179134137650800
"""Dih @ GO72Iwd2XL"" checks",2026-10-07T02:49:35.674Z,179134137567400
"""Cam @ eWUSzBpS1d"" calls 0.50",2026-10-07T02:49:33.146Z,179134137314600
"""Dih @ GO72Iwd2XL"" posts a big blind of 0.50",2026-10-07T02:49:26.302Z,179134136630205
"""Cam @ eWUSzBpS1d"" posts a small blind of 0.25",2026-10-07T02:49:26.302Z,179134136630204
"Your hand is 3♠, 6♠",2026-10-07T02:49:26.302Z,179134136630203
"Player stacks: #1 ""Dih @ GO72Iwd2XL"" (220.29) | #5 ""Cam @ eWUSzBpS1d"" (36.60)",2026-10-07T02:49:26.302Z,179134136630201
"-- starting hand #256 (id: w6uf6s0ldh0l)  No Limit Texas Hold'em (dealer: ""Cam @ eWUSzBpS1d"") --",2026-10-07T02:49:26.302Z,179134136630200
"""Dih @ GO72Iwd2XL"" shows a 7♣, 7♦.",2026-10-07T02:49:23.491Z,179134136349100
"-- ending hand #255 --",2026-10-07T02:49:22.636Z,179134136263602
"""Dih @ GO72Iwd2XL"" collected 9.00 from pot",2026-10-07T02:49:22.636Z,179134136263601
"Uncalled bet of 9.00 returned to ""Dih @ GO72Iwd2XL""",2026-10-07T02:49:22.636Z,179134136263600
"""Cam @ eWUSzBpS1d"" folds",2026-10-07T02:49:21.812Z,179134136181200
"""Dih @ GO72Iwd2XL"" bets 9.00",2026-10-07T02:48:35.736Z,179134131573600
"""Cam @ eWUSzBpS1d"" checks",2026-10-07T02:48:33.306Z,179134131330600
"River: 5♦, A♦, 3♦, A♥ [A♣]",2026-10-07T02:48:31.153Z,179134131115300
"""Cam @ eWUSzBpS1d"" calls 3.00",2026-10-07T02:48:30.283Z,179134131028300
"""Dih @ GO72Iwd2XL"" bets 3.00",2026-10-07T02:48:29.438Z,179134130943800
"""Cam @ eWUSzBpS1d"" checks",2026-10-07T02:48:27.040Z,179134130704000
"Turn: 5♦, A♦, 3♦ [A♥]",2026-10-07T02:48:26.598Z,179134130659800
"""Cam @ eWUSzBpS1d"" calls 1.00",2026-10-07T02:48:25.776Z,179134130577600
"""Dih @ GO72Iwd2XL"" bets 1.00",2026-10-07T02:48:24.880Z,179134130488000
"""Cam @ eWUSzBpS1d"" checks",2026-10-07T02:48:22.604Z,179134130260400
"Flop:  [5♦, A♦, 3♦]",2026-10-07T02:48:22.191Z,179134130219100
"""Cam @ eWUSzBpS1d"" checks",2026-10-07T02:48:21.334Z,179134130133400
"""Dih @ GO72Iwd2XL"" calls 0.50",2026-10-07T02:48:20.490Z,179134130049000
"""Cam @ eWUSzBpS1d"" posts a big blind of 0.50",2026-10-07T02:48:17.904Z,179134129790405
"""Dih @ GO72Iwd2XL"" posts a small blind of 0.25",2026-10-07T02:48:17.904Z,179134129790404
"Your hand is K♦, 3♥",2026-10-07T02:48:17.904Z,179134129790403
"Player stacks: #1 ""Dih @ GO72Iwd2XL"" (215.79) | #5 ""Cam @ eWUSzBpS1d"" (41.10)",2026-10-07T02:48:17.904Z,179134129790401
"-- starting hand #255 (id: xegrx8roxfih)  No Limit Texas Hold'em (dealer: ""Dih @ GO72Iwd2XL"") --",2026-10-07T02:48:17.904Z,179134129790400
"Undealt cards:  [4♦, 4♠, J♥, 2♦, 4♣]",2026-10-07T02:48:12.105Z,179134129210500
"-- ending hand #254 --",2026-10-07T02:48:11.983Z,179134129198302
"""Dih @ GO72Iwd2XL"" collected 0.50 from pot",2026-10-07T02:48:11.983Z,179134129198301
"Uncalled bet of 0.25 returned to ""Dih @ GO72Iwd2XL""",2026-10-07T02:48:11.983Z,179134129198300
"""Cam @ eWUSzBpS1d"" folds",2026-10-07T02:48:11.122Z,179134129112200
"""Dih @ GO72Iwd2XL"" posts a big blind of 0.50",2026-10-07T02:48:10.401Z,179134129040105
"""Cam @ eWUSzBpS1d"" posts a small blind of 0.25",2026-10-07T02:48:10.401Z,179134129040104
"Your hand is 5♣, 8♦",2026-10-07T02:48:10.401Z,179134129040103
"Player stacks: #1 ""Dih @ GO72Iwd2XL"" (215.54) | #5 ""Cam @ eWUSzBpS1d"" (41.35)",2026-10-07T02:48:10.401Z,179134129040101
"-- starting hand #254 (id: bjft6ve4ck0a)  No Limit Texas Hold'em (dealer: ""Cam @ eWUSzBpS1d"") --",2026-10-07T02:48:10.401Z,179134129040100
"-- ending hand #253 --",2026-10-07T02:48:04.380Z,179134128438002
"""Dih @ GO72Iwd2XL"" collected 4.00 from pot with Two Pair, K's & 8's (combination: A♦, 8♣, 8♠, K♥, K♣)",2026-10-07T02:48:04.380Z,179134128438001
"""Dih @ GO72Iwd2XL"" shows a 8♣, 10♠.",2026-10-07T02:48:04.380Z,179134128438000
"""Dih @ GO72Iwd2XL"" checks",2026-10-07T02:48:03.515Z,179134128351500
"""Cam @ eWUSzBpS1d"" checks",2026-10-07T02:48:01.871Z,179134128187100
"River: A♦, 8♠, K♥, K♣ [5♣]",2026-10-07T02:48:01.490Z,179134128149000
"""Dih @ GO72Iwd2XL"" checks",2026-10-07T02:48:00.627Z,179134128062700
"""Cam @ eWUSzBpS1d"" checks",2026-10-07T02:47:59.306Z,179134127930600
"Turn: A♦, 8♠, K♥ [K♣]",2026-10-07T02:47:59.169Z,179134127916900
"""Dih @ GO72Iwd2XL"" checks",2026-10-07T02:47:58.288Z,179134127828800
"""Cam @ eWUSzBpS1d"" checks",2026-10-07T02:47:57.258Z,179134127725800
"Flop:  [A♦, 8♠, K♥]",2026-10-07T02:47:56.463Z,179134127646300
"""Cam @ eWUSzBpS1d"" calls 2.00",2026-10-07T02:47:55.600Z,179134127560000
"""Dih @ GO72Iwd2XL"" raises to 2.00",2026-10-07T02:47:54.620Z,179134127462000
"""Cam @ eWUSzBpS1d"" posts a big blind of 0.50",2026-10-07T02:47:52.166Z,179134127216605
"""Dih @ GO72Iwd2XL"" posts a small blind of 0.25",2026-10-07T02:47:52.166Z,179134127216604
"Your hand is 2♦, 10♦",2026-10-07T02:47:52.166Z,179134127216603
"Player stacks: #1 ""Dih @ GO72Iwd2XL"" (213.54) | #5 ""Cam @ eWUSzBpS1d"" (43.35)",2026-10-07T02:47:52.166Z,179134127216601
"-- starting hand #253 (id: bcrm6itwfvx5)  No Limit Texas Hold'em (dealer: ""Dih @ GO72Iwd2XL"") --",2026-10-07T02:47:52.166Z,179134127216600
"Undealt cards:  [K♥, A♥, 4♥, A♣, J♣]",2026-10-07T02:47:46.906Z,179134126690600
"-- ending hand #252 --",2026-10-07T02:47:46.259Z,179134126625902
"""Dih @ GO72Iwd2XL"" collected 0.50 from pot",2026-10-07T02:47:46.259Z,179134126625901
"Uncalled bet of 0.25 returned to ""Dih @ GO72Iwd2XL""",2026-10-07T02:47:46.259Z,179134126625900
"""Cam @ eWUSzBpS1d"" folds",2026-10-07T02:47:45.374Z,179134126537400
"""Dih @ GO72Iwd2XL"" posts a big blind of 0.50",2026-10-07T02:47:44.759Z,179134126475905
"""Cam @ eWUSzBpS1d"" posts a small blind of 0.25",2026-10-07T02:47:44.759Z,179134126475904
"Your hand is 3♣, 8♠",2026-10-07T02:47:44.759Z,179134126475903
"Player stacks: #1 ""Dih @ GO72Iwd2XL"" (213.29) | #5 ""Cam @ eWUSzBpS1d"" (43.60)",2026-10-07T02:47:44.759Z,179134126475901
"-- starting hand #252 (id: 5l9ewhdwkpfu)  No Limit Texas Hold'em (dealer: ""Cam @ eWUSzBpS1d"") --",2026-10-07T02:47:44.759Z,179134126475900
"Undealt cards:  [Q♦, A♣, 8♣, 9♣, 8♥]",2026-10-07T02:47:38.973Z,179134125897300
"-- ending hand #251 --",2026-10-07T02:47:38.836Z,179134125883602
"""Dih @ GO72Iwd2XL"" collected 1.00 from pot",2026-10-07T02:47:38.836Z,179134125883601
"Uncalled bet of 1.50 returned to ""Dih @ GO72Iwd2XL""",2026-10-07T02:47:38.836Z,179134125883600
"""Cam @ eWUSzBpS1d"" folds",2026-10-07T02:47:37.978Z,179134125797800
"""Dih @ GO72Iwd2XL"" raises to 2.00",2026-10-07T02:47:37.121Z,179134125712100
"""Cam @ eWUSzBpS1d"" posts a big blind of 0.50",2026-10-07T02:47:34.674Z,179134125467405
"""Dih @ GO72Iwd2XL"" posts a small blind of 0.25",2026-10-07T02:47:34.674Z,179134125467404
"Your hand is 6♣, 2♦",2026-10-07T02:47:34.674Z,179134125467403
"Player stacks: #1 ""Dih @ GO72Iwd2XL"" (212.79) | #5 ""Cam @ eWUSzBpS1d"" (44.10)",2026-10-07T02:47:34.674Z,179134125467401
"-- starting hand #251 (id: a3wqk4x8ji8h)  No Limit Texas Hold'em (dealer: ""Dih @ GO72Iwd2XL"") --",2026-10-07T02:47:34.674Z,179134125467400
"""Dih @ GO72Iwd2XL"" shows a A♥.",2026-10-07T02:47:31.745Z,179134125174500
"Undealt cards:  [10♥, 8♥, 9♥, 8♠, 2♥]",2026-10-07T02:47:28.109Z,179134124810900
"-- ending hand #250 --",2026-10-07T02:47:28.068Z,179134124806802
"""Dih @ GO72Iwd2XL"" collected 0.50 from pot",2026-10-07T02:47:28.068Z,179134124806801
"Uncalled bet of 0.25 returned to ""Dih @ GO72Iwd2XL""",2026-10-07T02:47:28.068Z,179134124806800
"""Cam @ eWUSzBpS1d"" folds",2026-10-07T02:47:27.240Z,179134124724000
"""Dih @ GO72Iwd2XL"" posts a big blind of 0.50",2026-10-07T02:47:24.359Z,179134124435905
"""Cam @ eWUSzBpS1d"" posts a small blind of 0.25",2026-10-07T02:47:24.359Z,179134124435904
"Your hand is 2♦, 7♣",2026-10-07T02:47:24.359Z,179134124435903
"Player stacks: #1 ""Dih @ GO72Iwd2XL"" (212.54) | #5 ""Cam @ eWUSzBpS1d"" (44.35)",2026-10-07T02:47:24.359Z,179134124435901
"-- starting hand #250 (id: gsn0cairujbr)  No Limit Texas Hold'em (dealer: ""Cam @ eWUSzBpS1d"") --",2026-10-07T02:47:24.359Z,179134124435900
"-- ending hand #249 --",2026-10-07T02:47:18.342Z,179134123834203
"""Cam @ eWUSzBpS1d"" collected 12.00 from pot with Pair, 6's (combination: 4♦, 7♣, 8♥, 6♥, 6♠)",2026-10-07T02:47:18.342Z,179134123834202
"""Cam @ eWUSzBpS1d"" shows a 6♥, 8♥.",2026-10-07T02:47:18.342Z,179134123834201
"""Dih @ GO72Iwd2XL"" shows a Q♣, 8♣.",2026-10-07T02:47:18.342Z,179134123834200
"""Dih @ GO72Iwd2XL"" checks",2026-10-07T02:47:17.527Z,179134123752700
"""Cam @ eWUSzBpS1d"" checks",2026-10-07T02:47:16.205Z,179134123620500
"River: 6♠, 2♣, 4♦, 7♣ [3♥]",2026-10-07T02:47:15.192Z,179134123519200
"""Dih @ GO72Iwd2XL"" checks",2026-10-07T02:47:14.360Z,179134123436000
"""Cam @ eWUSzBpS1d"" checks",2026-10-07T02:47:12.440Z,179134123244000
"Turn: 6♠, 2♣, 4♦ [7♣]",2026-10-07T02:47:10.938Z,179134123093800
"""Dih @ GO72Iwd2XL"" calls 4.00",2026-10-07T02:47:10.115Z,179134123011500
"""Cam @ eWUSzBpS1d"" bets 4.00",2026-10-07T02:47:08.643Z,179134122864300
"Flop:  [6♠, 2♣, 4♦]",2026-10-07T02:47:06.432Z,179134122643200
"""Cam @ eWUSzBpS1d"" calls 2.00",2026-10-07T02:47:05.602Z,179134122560200
"""Dih @ GO72Iwd2XL"" raises to 2.00",2026-10-07T02:47:02.365Z,179134122236500
"""Cam @ eWUSzBpS1d"" posts a big blind of 0.50",2026-10-07T02:46:56.804Z,179134121680405
"""Dih @ GO72Iwd2XL"" posts a small blind of 0.25",2026-10-07T02:46:56.804Z,179134121680404
"Your hand is 6♥, 8♥",2026-10-07T02:46:56.804Z,179134121680403
"Player stacks: #1 ""Dih @ GO72Iwd2XL"" (218.54) | #5 ""Cam @ eWUSzBpS1d"" (38.35)",2026-10-07T02:46:56.804Z,179134121680401
"-- starting hand #249 (id: ypb5grwm7yoh)  No Limit Texas Hold'em (dealer: ""Dih @ GO72Iwd2XL"") --",2026-10-07T02:46:56.804Z,179134121680400
"Undealt cards:  [A♥, 9♦, 3♥, 5♥, 6♣]",2026-10-07T02:46:50.977Z,179134121097700
"-- ending hand #248 --",2026-10-07T02:46:50.891Z,179134121089102
"""Dih @ GO72Iwd2XL"" collected 0.50 from pot",2026-10-07T02:46:50.891Z,179134121089101
"Uncalled bet of 0.25 returned to ""Dih @ GO72Iwd2XL""",2026-10-07T02:46:50.891Z,179134121089100
"""Cam @ eWUSzBpS1d"" folds",2026-10-07T02:46:50.073Z,179134121007300
"""Dih @ GO72Iwd2XL"" posts a big blind of 0.50",2026-10-07T02:46:49.290Z,179134120929005
"""Cam @ eWUSzBpS1d"" posts a small blind of 0.25",2026-10-07T02:46:49.290Z,179134120929004
"Your hand is J♦, 4♣",2026-10-07T02:46:49.290Z,179134120929003
"Player stacks: #1 ""Dih @ GO72Iwd2XL"" (218.29) | #5 ""Cam @ eWUSzBpS1d"" (38.60)",2026-10-07T02:46:49.290Z,179134120929001
"-- starting hand #248 (id: ttaojardempx)  No Limit Texas Hold'em (dealer: ""Cam @ eWUSzBpS1d"") --",2026-10-07T02:46:49.290Z,179134120929000
"-- ending hand #247 --",2026-10-07T02:46:43.238Z,179134120323802
"""Dih @ GO72Iwd2XL"" collected 1.00 from pot with Three of a Kind, 5's (combination: 6♠, K♥, 5♥, 5♠, 5♣)",2026-10-07T02:46:43.238Z,179134120323801
"""Dih @ GO72Iwd2XL"" shows a K♥, 4♠.",2026-10-07T02:46:43.238Z,179134120323800
"""Dih @ GO72Iwd2XL"" checks",2026-10-07T02:46:42.424Z,179134120242400
"""Cam @ eWUSzBpS1d"" checks",2026-10-07T02:46:41.190Z,179134120119000
"River: 5♥, 3♠, 6♠, 5♠ [5♣]",2026-10-07T02:46:41.000Z,179134120100000
"""Dih @ GO72Iwd2XL"" checks",2026-10-07T02:46:40.181Z,179134120018100
"""Cam @ eWUSzBpS1d"" checks",2026-10-07T02:46:39.266Z,179134119926600
"Turn: 5♥, 3♠, 6♠ [5♠]",2026-10-07T02:46:38.530Z,179134119853000
"""Dih @ GO72Iwd2XL"" checks",2026-10-07T02:46:37.720Z,179134119772000
"""Cam @ eWUSzBpS1d"" checks",2026-10-07T02:46:31.622Z,179134119162200
"Flop:  [5♥, 3♠, 6♠]",2026-10-07T02:46:30.996Z,179134119099600
"""Cam @ eWUSzBpS1d"" checks",2026-10-07T02:46:30.173Z,179134119017300
"""Dih @ GO72Iwd2XL"" calls 0.50",2026-10-07T02:46:27.521Z,179134118752100
"""Cam @ eWUSzBpS1d"" posts a big blind of 0.50",2026-10-07T02:46:24.784Z,179134118478405
"""Dih @ GO72Iwd2XL"" posts a small blind of 0.25",2026-10-07T02:46:24.784Z,179134118478404
"Your hand is J♣, 2♠",2026-10-07T02:46:24.784Z,179134118478403
"Player stacks: #1 ""Dih @ GO72Iwd2XL"" (217.79) | #5 ""Cam @ eWUSzBpS1d"" (39.10)",2026-10-07T02:46:24.784Z,179134118478401
"-- starting hand #247 (id: vzzgckmd2pxm)  No Limit Texas Hold'em (dealer: ""Dih @ GO72Iwd2XL"") --",2026-10-07T02:46:24.784Z,179134118478400
"""Dih @ GO72Iwd2XL"" shows a 2♣, 4♣.",2026-10-07T02:46:21.087Z,179134118108700
"""Cam @ eWUSzBpS1d"" shows a 7♦.",2026-10-07T02:46:18.324Z,179134117832400
"""Cam @ eWUSzBpS1d"" shows a 6♥.",2026-10-07T02:46:18.257Z,179134117825700
"Undealt cards: 3♠, 7♥, A♣ [A♥, 9♥]",2026-10-07T02:46:17.612Z,179134117761200
"-- ending hand #246 --",2026-10-07T02:46:17.468Z,179134117746802
"""Dih @ GO72Iwd2XL"" collected 11.00 from pot",2026-10-07T02:46:17.468Z,179134117746801
"Uncalled bet of 6.50 returned to ""Dih @ GO72Iwd2XL""",2026-10-07T02:46:17.468Z,179134117746800
"""Cam @ eWUSzBpS1d"" folds",2026-10-07T02:46:16.647Z,179134117664700
"""Dih @ GO72Iwd2XL"" bets 6.50",2026-10-07T02:45:26.432Z,179134112643200
"Flop:  [3♠, 7♥, A♣]",2026-10-07T02:45:21.439Z,179134112143900
"""Cam @ eWUSzBpS1d"" calls 5.50",2026-10-07T02:45:20.601Z,179134112060100
"""Dih @ GO72Iwd2XL"" raises to 5.50",2026-10-07T02:45:19.706Z,179134111970600
"""Cam @ eWUSzBpS1d"" raises to 2.50",2026-10-07T02:45:16.292Z,179134111629200
"""Dih @ GO72Iwd2XL"" posts a big blind of 0.50",2026-10-07T02:45:13.597Z,179134111359705
"""Cam @ eWUSzBpS1d"" posts a small blind of 0.25",2026-10-07T02:45:13.597Z,179134111359704
"Your hand is 6♥, 7♦",2026-10-07T02:45:13.597Z,179134111359703
"Player stacks: #1 ""Dih @ GO72Iwd2XL"" (212.29) | #5 ""Cam @ eWUSzBpS1d"" (44.60)",2026-10-07T02:45:13.597Z,179134111359701
"-- starting hand #246 (id: is9jdmpsqzbq)  No Limit Texas Hold'em (dealer: ""Cam @ eWUSzBpS1d"") --",2026-10-07T02:45:13.597Z,179134111359700
"Undealt cards:  [J♥, A♠, J♦, 10♦, 6♠]",2026-10-07T02:45:08.275Z,179134110827500
"-- ending hand #245 --",2026-10-07T02:45:07.687Z,179134110768702
"""Cam @ eWUSzBpS1d"" collected 0.50 from pot",2026-10-07T02:45:07.687Z,179134110768701
"Uncalled bet of 0.25 returned to ""Cam @ eWUSzBpS1d""",2026-10-07T02:45:07.687Z,179134110768700
"""Dih @ GO72Iwd2XL"" folds",2026-10-07T02:45:06.874Z,179134110687400
"""Cam @ eWUSzBpS1d"" posts a big blind of 0.50",2026-10-07T02:45:05.589Z,179134110558905
"""Dih @ GO72Iwd2XL"" posts a small blind of 0.25",2026-10-07T02:45:05.589Z,179134110558904
"Your hand is 2♦, 9♠",2026-10-07T02:45:05.589Z,179134110558903
"Player stacks: #1 ""Dih @ GO72Iwd2XL"" (212.54) | #5 ""Cam @ eWUSzBpS1d"" (44.35)",2026-10-07T02:45:05.589Z,179134110558901
"-- starting hand #245 (id: j4a3hdyqzokw)  No Limit Texas Hold'em (dealer: ""Dih @ GO72Iwd2XL"") --",2026-10-07T02:45:05.589Z,179134110558900
"Undealt cards:  [4♥, 2♣, 4♠, Q♦, K♦]",2026-10-07T02:45:00.141Z,179134110014100
"-- ending hand #244 --",2026-10-07T02:44:59.683Z,179134109968302
"""Dih @ GO72Iwd2XL"" collected 0.50 from pot",2026-10-07T02:44:59.683Z,179134109968301
"Uncalled bet of 0.25 returned to ""Dih @ GO72Iwd2XL""",2026-10-07T02:44:59.683Z,179134109968300
"""Cam @ eWUSzBpS1d"" folds",2026-10-07T02:44:58.841Z,179134109884100
"""Dih @ GO72Iwd2XL"" posts a big blind of 0.50",2026-10-07T02:44:58.149Z,179134109814905
"""Cam @ eWUSzBpS1d"" posts a small blind of 0.25",2026-10-07T02:44:58.149Z,179134109814904
"Your hand is 8♥, 5♣",2026-10-07T02:44:58.149Z,179134109814903
"Player stacks: #1 ""Dih @ GO72Iwd2XL"" (212.29) | #5 ""Cam @ eWUSzBpS1d"" (44.60)",2026-10-07T02:44:58.149Z,179134109814901
"-- starting hand #244 (id: uxidmawiwrqm)  No Limit Texas Hold'em (dealer: ""Cam @ eWUSzBpS1d"") --",2026-10-07T02:44:58.149Z,179134109814900
"""Dih @ GO72Iwd2XL"" shows a 3♥, 7♥.",2026-10-07T02:44:53.921Z,179134109392100
"Undealt cards: K♥, 9♣, 2♠, 8♥ [6♥]",2026-10-07T02:44:52.024Z,179134109202400
"-- ending hand #243 --",2026-10-07T02:44:51.527Z,179134109152702
"""Dih @ GO72Iwd2XL"" collected 1.00 from pot",2026-10-07T02:44:51.527Z,179134109152701
"Uncalled bet of 1.00 returned to ""Dih @ GO72Iwd2XL""",2026-10-07T02:44:51.527Z,179134109152700
"""Cam @ eWUSzBpS1d"" folds",2026-10-07T02:44:50.707Z,179134109070700
"""Dih @ GO72Iwd2XL"" bets 1.00",2026-10-07T02:44:49.872Z,179134108987200
"""Cam @ eWUSzBpS1d"" checks",2026-10-07T02:44:47.342Z,179134108734200
"Turn: K♥, 9♣, 2♠ [8♥]",2026-10-07T02:44:47.274Z,179134108727400
"""Dih @ GO72Iwd2XL"" checks",2026-10-07T02:44:46.390Z,179134108639000
"""Cam @ eWUSzBpS1d"" checks",2026-10-07T02:44:45.283Z,179134108528300
"Flop:  [K♥, 9♣, 2♠]",2026-10-07T02:44:44.676Z,179134108467600
"""Cam @ eWUSzBpS1d"" checks",2026-10-07T02:44:43.825Z,179134108382500
"""Dih @ GO72Iwd2XL"" calls 0.50",2026-10-07T02:44:42.474Z,179134108247400
"""Cam @ eWUSzBpS1d"" posts a big blind of 0.50",2026-10-07T02:44:39.921Z,179134107992105
"""Dih @ GO72Iwd2XL"" posts a small blind of 0.25",2026-10-07T02:44:39.921Z,179134107992104
"Your hand is A♣, 5♥",2026-10-07T02:44:39.921Z,179134107992103
"Player stacks: #1 ""Dih @ GO72Iwd2XL"" (211.79) | #5 ""Cam @ eWUSzBpS1d"" (45.10)",2026-10-07T02:44:39.921Z,179134107992101
"-- starting hand #243 (id: sj8pmow0bc7f)  No Limit Texas Hold'em (dealer: ""Dih @ GO72Iwd2XL"") --",2026-10-07T02:44:39.921Z,179134107992100
"-- ending hand #242 --",2026-10-07T02:44:33.907Z,179134107390703
"""Dih @ GO72Iwd2XL"" collected 5.00 from pot with Two Pair, 6's & 5's (combination: 10♥, 5♥, 5♣, 6♠, 6♣)",2026-10-07T02:44:33.907Z,179134107390702
"""Dih @ GO72Iwd2XL"" shows a 9♦, 6♠.",2026-10-07T02:44:33.907Z,179134107390701
"""Cam @ eWUSzBpS1d"" shows a 4♠, 4♣.",2026-10-07T02:44:33.907Z,179134107390700
"""Cam @ eWUSzBpS1d"" checks",2026-10-07T02:44:33.093Z,179134107309300
"""Dih @ GO72Iwd2XL"" checks",2026-10-07T02:44:32.198Z,179134107219800
"River: 10♥, 5♥, 3♠, 5♣ [6♣]",2026-10-07T02:44:31.068Z,179134107106800
"""Cam @ eWUSzBpS1d"" checks",2026-10-07T02:44:30.146Z,179134107014600
"""Dih @ GO72Iwd2XL"" checks",2026-10-07T02:44:29.314Z,179134106931400
"Turn: 10♥, 5♥, 3♠ [5♣]",2026-10-07T02:44:27.498Z,179134106749800
"""Cam @ eWUSzBpS1d"" checks",2026-10-07T02:44:26.687Z,179134106668700
"""Dih @ GO72Iwd2XL"" checks",2026-10-07T02:44:25.787Z,179134106578700
"Flop:  [10♥, 5♥, 3♠]",2026-10-07T02:44:22.660Z,179134106266000
"""Dih @ GO72Iwd2XL"" calls 2.50",2026-10-07T02:44:21.721Z,179134106172100
"""Cam @ eWUSzBpS1d"" raises to 2.50",2026-10-07T02:44:20.542Z,179134106054200
"""Dih @ GO72Iwd2XL"" posts a big blind of 0.50",2026-10-07T02:44:17.072Z,179134105707205
"""Cam @ eWUSzBpS1d"" posts a small blind of 0.25",2026-10-07T02:44:17.072Z,179134105707204
"Your hand is 4♠, 4♣",2026-10-07T02:44:17.072Z,179134105707203
"Player stacks: #1 ""Dih @ GO72Iwd2XL"" (209.29) | #5 ""Cam @ eWUSzBpS1d"" (47.60)",2026-10-07T02:44:17.072Z,179134105707201
"-- starting hand #242 (id: z0ckzszs4l2j)  No Limit Texas Hold'em (dealer: ""Cam @ eWUSzBpS1d"") --",2026-10-07T02:44:17.072Z,179134105707200
"""Cam @ eWUSzBpS1d"" shows a Q♦.",2026-10-07T02:44:10.792Z,179134105079200
"""Cam @ eWUSzBpS1d"" shows a K♦.",2026-10-07T02:44:10.697Z,179134105069700
"Undealt cards:  [Q♣, J♠, Q♥, 8♠, 6♣]",2026-10-07T02:44:10.513Z,179134105051300
"-- ending hand #241 --",2026-10-07T02:44:10.457Z,179134105045702
"""Cam @ eWUSzBpS1d"" collected 0.50 from pot",2026-10-07T02:44:10.457Z,179134105045701
"Uncalled bet of 0.25 returned to ""Cam @ eWUSzBpS1d""",2026-10-07T02:44:10.457Z,179134105045700
"""Dih @ GO72Iwd2XL"" folds",2026-10-07T02:44:09.573Z,179134104957300
"""Cam @ eWUSzBpS1d"" posts a big blind of 0.50",2026-10-07T02:44:07.047Z,179134104704705
"""Dih @ GO72Iwd2XL"" posts a small blind of 0.25",2026-10-07T02:44:07.047Z,179134104704704
"Your hand is K♦, Q♦",2026-10-07T02:44:07.047Z,179134104704703
"Player stacks: #1 ""Dih @ GO72Iwd2XL"" (209.54) | #5 ""Cam @ eWUSzBpS1d"" (47.35)",2026-10-07T02:44:07.047Z,179134104704701
"-- starting hand #241 (id: lzmzsqjmyafa)  No Limit Texas Hold'em (dealer: ""Dih @ GO72Iwd2XL"") --",2026-10-07T02:44:07.047Z,179134104704700
"Undealt cards:  [5♣, A♣, K♦, 7♣, 2♣]",2026-10-07T02:44:01.844Z,179134104184400
"-- ending hand #240 --",2026-10-07T02:44:01.082Z,179134104108202
"""Dih @ GO72Iwd2XL"" collected 0.50 from pot",2026-10-07T02:44:01.082Z,179134104108201
"Uncalled bet of 0.25 returned to ""Dih @ GO72Iwd2XL""",2026-10-07T02:44:01.082Z,179134104108200
"""Cam @ eWUSzBpS1d"" folds",2026-10-07T02:44:00.223Z,179134104022300
"""Dih @ GO72Iwd2XL"" posts a big blind of 0.50",2026-10-07T02:43:59.156Z,179134103915605
"""Cam @ eWUSzBpS1d"" posts a small blind of 0.25",2026-10-07T02:43:59.156Z,179134103915604
"Your hand is J♦, 5♠",2026-10-07T02:43:59.156Z,179134103915603
"Player stacks: #1 ""Dih @ GO72Iwd2XL"" (209.29) | #5 ""Cam @ eWUSzBpS1d"" (47.60)",2026-10-07T02:43:59.156Z,179134103915601
"-- starting hand #240 (id: roj26aq6ya6q)  No Limit Texas Hold'em (dealer: ""Cam @ eWUSzBpS1d"") --",2026-10-07T02:43:59.156Z,179134103915600
"-- ending hand #239 --",2026-10-07T02:43:53.150Z,179134103315002
"""Cam @ eWUSzBpS1d"" collected 3.00 from pot with Pair, 5's (combination: 8♣, Q♦, K♣, 5♣, 5♥)",2026-10-07T02:43:53.150Z,179134103315001
"""Cam @ eWUSzBpS1d"" shows a Q♦, 5♣.",2026-10-07T02:43:53.150Z,179134103315000
"""Dih @ GO72Iwd2XL"" calls 0.50",2026-10-07T02:43:52.290Z,179134103229000
"""Cam @ eWUSzBpS1d"" bets 0.50",2026-10-07T02:43:51.344Z,179134103134400
"River: 5♥, 8♣, 3♠, 2♦ [K♣]",2026-10-07T02:43:50.992Z,179134103099200
"""Dih @ GO72Iwd2XL"" calls 0.50",2026-10-07T02:43:50.161Z,179134103016100
"""Cam @ eWUSzBpS1d"" bets 0.50",2026-10-07T02:43:48.874Z,179134102887400
"Turn: 5♥, 8♣, 3♠ [2♦]",2026-10-07T02:43:48.269Z,179134102826900
"""Dih @ GO72Iwd2XL"" checks",2026-10-07T02:43:47.458Z,179134102745800
"""Cam @ eWUSzBpS1d"" checks",2026-10-07T02:43:45.788Z,179134102578800
"Flop:  [5♥, 8♣, 3♠]",2026-10-07T02:43:44.946Z,179134102494600
"""Cam @ eWUSzBpS1d"" checks",2026-10-07T02:43:44.101Z,179134102410100
"""Dih @ GO72Iwd2XL"" calls 0.50",2026-10-07T02:43:43.266Z,179134102326600
"""Cam @ eWUSzBpS1d"" posts a big blind of 0.50",2026-10-07T02:43:39.982Z,179134101998205
"""Dih @ GO72Iwd2XL"" posts a small blind of 0.25",2026-10-07T02:43:39.982Z,179134101998204
"Your hand is Q♦, 5♣",2026-10-07T02:43:39.982Z,179134101998203
"Player stacks: #1 ""Dih @ GO72Iwd2XL"" (210.79) | #5 ""Cam @ eWUSzBpS1d"" (46.10)",2026-10-07T02:43:39.982Z,179134101998201
"-- starting hand #239 (id: eyrajc1g0gyi)  No Limit Texas Hold'em (dealer: ""Dih @ GO72Iwd2XL"") --",2026-10-07T02:43:39.982Z,179134101998200
"Undealt cards:  [10♥, 5♦, 5♠, 2♥, 8♦]",2026-10-07T02:43:34.191Z,179134101419100
"-- ending hand #238 --",2026-10-07T02:43:34.061Z,179134101406102
"""Dih @ GO72Iwd2XL"" collected 0.50 from pot",2026-10-07T02:43:34.061Z,179134101406101
"Uncalled bet of 0.25 returned to ""Dih @ GO72Iwd2XL""",2026-10-07T02:43:34.061Z,179134101406100
"""Cam @ eWUSzBpS1d"" folds",2026-10-07T02:43:33.223Z,179134101322300
"""Dih @ GO72Iwd2XL"" posts a big blind of 0.50",2026-10-07T02:43:32.374Z,179134101237405
"""Cam @ eWUSzBpS1d"" posts a small blind of 0.25",2026-10-07T02:43:32.374Z,179134101237404
"Your hand is Q♥, 8♠",2026-10-07T02:43:32.374Z,179134101237403
"Player stacks: #1 ""Dih @ GO72Iwd2XL"" (210.54) | #5 ""Cam @ eWUSzBpS1d"" (46.35)",2026-10-07T02:43:32.374Z,179134101237401
"-- starting hand #238 (id: qw0oulbtlwxl)  No Limit Texas Hold'em (dealer: ""Cam @ eWUSzBpS1d"") --",2026-10-07T02:43:32.374Z,179134101237400
"Undealt cards: 2♦, 7♦, 9♣, 4♥ [8♠]",2026-10-07T02:43:26.615Z,179134100661500
"-- ending hand #237 --",2026-10-07T02:43:26.441Z,179134100644102
"""Cam @ eWUSzBpS1d"" collected 8.00 from pot",2026-10-07T02:43:26.441Z,179134100644101
"Uncalled bet of 2.00 returned to ""Cam @ eWUSzBpS1d""",2026-10-07T02:43:26.441Z,179134100644100
"""Dih @ GO72Iwd2XL"" folds",2026-10-07T02:43:25.589Z,179134100558900
"""Cam @ eWUSzBpS1d"" bets 2.00",2026-10-07T02:43:24.392Z,179134100439200
"Turn: 2♦, 7♦, 9♣ [4♥]",2026-10-07T02:43:23.112Z,179134100311200
"""Dih @ GO72Iwd2XL"" calls 2.00",2026-10-07T02:43:22.284Z,179134100228400
"""Cam @ eWUSzBpS1d"" bets 2.00",2026-10-07T02:43:20.718Z,179134100071800
"Flop:  [2♦, 7♦, 9♣]",2026-10-07T02:43:18.435Z,179134099843500
"""Cam @ eWUSzBpS1d"" calls 2.00",2026-10-07T02:43:17.591Z,179134099759100
"""Dih @ GO72Iwd2XL"" raises to 2.00",2026-10-07T02:43:16.708Z,179134099670800
"""Cam @ eWUSzBpS1d"" posts a big blind of 0.50",2026-10-07T02:43:13.901Z,179134099390105
"""Dih @ GO72Iwd2XL"" posts a small blind of 0.25",2026-10-07T02:43:13.901Z,179134099390104
"Your hand is 8♥, 8♣",2026-10-07T02:43:13.901Z,179134099390103
"Player stacks: #1 ""Dih @ GO72Iwd2XL"" (214.54) | #5 ""Cam @ eWUSzBpS1d"" (42.35)",2026-10-07T02:43:13.901Z,179134099390101
"-- starting hand #237 (id: ngegtidh9d90)  No Limit Texas Hold'em (dealer: ""Dih @ GO72Iwd2XL"") --",2026-10-07T02:43:13.901Z,179134099390100
"Undealt cards:  [K♣, 5♦, 4♠, J♠, 8♣]",2026-10-07T02:43:08.260Z,179134098826000
"-- ending hand #236 --",2026-10-07T02:43:07.955Z,179134098795502
"""Dih @ GO72Iwd2XL"" collected 0.50 from pot",2026-10-07T02:43:07.955Z,179134098795501
"Uncalled bet of 0.25 returned to ""Dih @ GO72Iwd2XL""",2026-10-07T02:43:07.955Z,179134098795500
"""Cam @ eWUSzBpS1d"" folds",2026-10-07T02:43:07.133Z,179134098713300
"""Dih @ GO72Iwd2XL"" posts a big blind of 0.50",2026-10-07T02:43:06.016Z,179134098601605
"""Cam @ eWUSzBpS1d"" posts a small blind of 0.25",2026-10-07T02:43:06.016Z,179134098601604
"Your hand is 7♣, A♠",2026-10-07T02:43:06.016Z,179134098601603
"Player stacks: #1 ""Dih @ GO72Iwd2XL"" (214.29) | #5 ""Cam @ eWUSzBpS1d"" (42.60)",2026-10-07T02:43:06.016Z,179134098601601
"-- starting hand #236 (id: vcme0oxfntsy)  No Limit Texas Hold'em (dealer: ""Cam @ eWUSzBpS1d"") --",2026-10-07T02:43:06.016Z,179134098601600
"""Cam @ eWUSzBpS1d"" shows a 4♠.",2026-10-07T02:43:02.587Z,179134098258700
"Undealt cards: 9♣, 5♥, 10♦ [4♦, K♥]",2026-10-07T02:43:00.341Z,179134098034100
"-- ending hand #235 --",2026-10-07T02:42:59.390Z,179134097939002
"""Dih @ GO72Iwd2XL"" collected 4.00 from pot",2026-10-07T02:42:59.390Z,179134097939001
"Uncalled bet of 2.50 returned to ""Dih @ GO72Iwd2XL""",2026-10-07T02:42:59.390Z,179134097939000
"""Cam @ eWUSzBpS1d"" folds",2026-10-07T02:42:58.576Z,179134097857600
"""Dih @ GO72Iwd2XL"" bets 2.50",2026-10-07T02:42:57.706Z,179134097770600
"""Cam @ eWUSzBpS1d"" checks",2026-10-07T02:42:53.734Z,179134097373400
"Flop:  [9♣, 5♥, 10♦]",2026-10-07T02:42:53.093Z,179134097309300
"""Cam @ eWUSzBpS1d"" calls 2.00",2026-10-07T02:42:52.270Z,179134097227000
"""Dih @ GO72Iwd2XL"" raises to 2.00",2026-10-07T02:42:51.412Z,179134097141200
"""Cam @ eWUSzBpS1d"" posts a big blind of 0.50",2026-10-07T02:42:48.988Z,179134096898805
"""Dih @ GO72Iwd2XL"" posts a small blind of 0.25",2026-10-07T02:42:48.988Z,179134096898804
"Your hand is 4♠, A♣",2026-10-07T02:42:48.988Z,179134096898803
"Player stacks: #1 ""Dih @ GO72Iwd2XL"" (212.29) | #5 ""Cam @ eWUSzBpS1d"" (44.60)",2026-10-07T02:42:48.988Z,179134096898801
"-- starting hand #235 (id: d3mxiuetzkng)  No Limit Texas Hold'em (dealer: ""Dih @ GO72Iwd2XL"") --",2026-10-07T02:42:48.988Z,179134096898800
"""Dih @ GO72Iwd2XL"" shows a 9♥, 10♠.",2026-10-07T02:42:44.689Z,179134096468900
"Undealt cards:  [J♠, 8♣, 7♦, 3♠, 7♣]",2026-10-07T02:42:42.856Z,179134096285600
"-- ending hand #234 --",2026-10-07T02:42:42.383Z,179134096238302
"""Dih @ GO72Iwd2XL"" collected 0.50 from pot",2026-10-07T02:42:42.383Z,179134096238301
"Uncalled bet of 0.25 returned to ""Dih @ GO72Iwd2XL""",2026-10-07T02:42:42.383Z,179134096238300
"""Cam @ eWUSzBpS1d"" folds",2026-10-07T02:42:41.559Z,179134096155900
"""Dih @ GO72Iwd2XL"" posts a big blind of 0.50",2026-10-07T02:42:40.583Z,179134096058305
"""Cam @ eWUSzBpS1d"" posts a small blind of 0.25",2026-10-07T02:42:40.583Z,179134096058304
"Your hand is K♣, 2♦",2026-10-07T02:42:40.583Z,179134096058303
"Player stacks: #1 ""Dih @ GO72Iwd2XL"" (212.04) | #5 ""Cam @ eWUSzBpS1d"" (44.85)",2026-10-07T02:42:40.583Z,179134096058301
"-- starting hand #234 (id: rputgzkelox6)  No Limit Texas Hold'em (dealer: ""Cam @ eWUSzBpS1d"") --",2026-10-07T02:42:40.583Z,179134096058300
"Undealt cards:  [K♠, 4♠, 3♦, 10♠, 3♥]",2026-10-07T02:42:34.812Z,179134095481200
"-- ending hand #233 --",2026-10-07T02:42:34.661Z,179134095466102
"""Cam @ eWUSzBpS1d"" collected 0.50 from pot",2026-10-07T02:42:34.661Z,179134095466101
"Uncalled bet of 0.25 returned to ""Cam @ eWUSzBpS1d""",2026-10-07T02:42:34.661Z,179134095466100
"""Dih @ GO72Iwd2XL"" folds",2026-10-07T02:42:33.831Z,179134095383100
"""Cam @ eWUSzBpS1d"" posts a big blind of 0.50",2026-10-07T02:42:32.678Z,179134095267805
"""Dih @ GO72Iwd2XL"" posts a small blind of 0.25",2026-10-07T02:42:32.678Z,179134095267804
"Your hand is 10♥, 4♥",2026-10-07T02:42:32.678Z,179134095267803
"Player stacks: #1 ""Dih @ GO72Iwd2XL"" (212.29) | #5 ""Cam @ eWUSzBpS1d"" (44.60)",2026-10-07T02:42:32.678Z,179134095267801
"-- starting hand #233 (id: bngcy1lwerh0)  No Limit Texas Hold'em (dealer: ""Dih @ GO72Iwd2XL"") --",2026-10-07T02:42:32.678Z,179134095267800
"Undealt cards: 6♠, Q♦, 8♣ [4♦, 9♦]",2026-10-07T02:42:27.599Z,179134094759900
"-- ending hand #232 --",2026-10-07T02:42:26.773Z,179134094677301
"""Cam @ eWUSzBpS1d"" collected 1.00 from pot",2026-10-07T02:42:26.773Z,179134094677300
"""Dih @ GO72Iwd2XL"" folds",2026-10-07T02:42:25.916Z,179134094591600
"Flop:  [6♠, Q♦, 8♣]",2026-10-07T02:42:24.575Z,179134094457500
"""Dih @ GO72Iwd2XL"" checks",2026-10-07T02:42:23.759Z,179134094375900
"""Cam @ eWUSzBpS1d"" calls 0.50",2026-10-07T02:42:21.734Z,179134094173400
"""Dih @ GO72Iwd2XL"" posts a big blind of 0.50",2026-10-07T02:42:20.492Z,179134094049205
"""Cam @ eWUSzBpS1d"" posts a small blind of 0.25",2026-10-07T02:42:20.492Z,179134094049204
"Your hand is A♠, 3♣",2026-10-07T02:42:20.492Z,179134094049203
"Player stacks: #1 ""Dih @ GO72Iwd2XL"" (212.79) | #5 ""Cam @ eWUSzBpS1d"" (44.10)",2026-10-07T02:42:20.492Z,179134094049201
"-- starting hand #232 (id: etkb8g08mspw)  No Limit Texas Hold'em (dealer: ""Cam @ eWUSzBpS1d"") --",2026-10-07T02:42:20.492Z,179134094049200
"Undealt cards:  [J♠, 5♦, 4♦, 8♥, J♥]",2026-10-07T02:42:14.802Z,179134093480200
"-- ending hand #231 --",2026-10-07T02:42:14.569Z,179134093456902
"""Cam @ eWUSzBpS1d"" collected 0.50 from pot",2026-10-07T02:42:14.569Z,179134093456901
"Uncalled bet of 0.25 returned to ""Cam @ eWUSzBpS1d""",2026-10-07T02:42:14.569Z,179134093456900
"""Dih @ GO72Iwd2XL"" folds",2026-10-07T02:42:13.706Z,179134093370600
"""Cam @ eWUSzBpS1d"" posts a big blind of 0.50",2026-10-07T02:42:11.561Z,179134093156105
"""Dih @ GO72Iwd2XL"" posts a small blind of 0.25",2026-10-07T02:42:11.561Z,179134093156104
"Your hand is 3♣, A♦",2026-10-07T02:42:11.561Z,179134093156103
"Player stacks: #1 ""Dih @ GO72Iwd2XL"" (213.04) | #5 ""Cam @ eWUSzBpS1d"" (43.85)",2026-10-07T02:42:11.561Z,179134093156101
"-- starting hand #231 (id: efa3ihuvzsks)  No Limit Texas Hold'em (dealer: ""Dih @ GO72Iwd2XL"") --",2026-10-07T02:42:11.561Z,179134093156100
"Undealt cards:  [J♣, Q♦, J♦, 6♣, 7♥]",2026-10-07T02:42:06.277Z,179134092627700
"-- ending hand #230 --",2026-10-07T02:42:05.639Z,179134092563902
"""Dih @ GO72Iwd2XL"" collected 0.50 from pot",2026-10-07T02:42:05.639Z,179134092563901
"Uncalled bet of 0.25 returned to ""Dih @ GO72Iwd2XL""",2026-10-07T02:42:05.639Z,179134092563900
"""Cam @ eWUSzBpS1d"" folds",2026-10-07T02:42:04.825Z,179134092482500
"""Dih @ GO72Iwd2XL"" posts a big blind of 0.50",2026-10-07T02:42:02.273Z,179134092227305
"""Cam @ eWUSzBpS1d"" posts a small blind of 0.25",2026-10-07T02:42:02.273Z,179134092227304
"Your hand is 6♥, 2♣",2026-10-07T02:42:02.273Z,179134092227303
"Player stacks: #1 ""Dih @ GO72Iwd2XL"" (212.79) | #5 ""Cam @ eWUSzBpS1d"" (44.10)",2026-10-07T02:42:02.273Z,179134092227301
"-- starting hand #230 (id: xkdlkyghrl94)  No Limit Texas Hold'em (dealer: ""Cam @ eWUSzBpS1d"") --",2026-10-07T02:42:02.273Z,179134092227300
"Undealt cards:  [A♠, 7♦, 9♦, 2♦, J♠]",2026-10-07T02:41:59.536Z,179134091953600
"-- ending hand #229 --",2026-10-07T02:41:56.181Z,179134091618102
"""Dih @ GO72Iwd2XL"" collected 1.00 from pot",2026-10-07T02:41:56.181Z,179134091618101
"Uncalled bet of 1.50 returned to ""Dih @ GO72Iwd2XL""",2026-10-07T02:41:56.181Z,179134091618100
"""Cam @ eWUSzBpS1d"" folds",2026-10-07T02:41:55.335Z,179134091533500
"""Dih @ GO72Iwd2XL"" raises to 2.00",2026-10-07T02:41:54.476Z,179134091447600
"""Cam @ eWUSzBpS1d"" posts a big blind of 0.50",2026-10-07T02:41:52.180Z,179134091218005
"""Dih @ GO72Iwd2XL"" posts a small blind of 0.25",2026-10-07T02:41:52.180Z,179134091218004
"Your hand is Q♣, 4♠",2026-10-07T02:41:52.180Z,179134091218003
"Player stacks: #1 ""Dih @ GO72Iwd2XL"" (212.29) | #5 ""Cam @ eWUSzBpS1d"" (44.60)",2026-10-07T02:41:52.180Z,179134091218001
"-- starting hand #229 (id: d1wpju1sr1tr)  No Limit Texas Hold'em (dealer: ""Dih @ GO72Iwd2XL"") --",2026-10-07T02:41:52.180Z,179134091218000
"Undealt cards: K♣, 3♦, 10♣ [10♦, 6♠]",2026-10-07T02:41:46.476Z,179134090647600
"-- ending hand #228 --",2026-10-07T02:41:46.241Z,179134090624101
"""Cam @ eWUSzBpS1d"" collected 1.00 from pot",2026-10-07T02:41:46.241Z,179134090624100
"""Dih @ GO72Iwd2XL"" folds",2026-10-07T02:41:45.410Z,179134090541000
"Flop:  [K♣, 3♦, 10♣]",2026-10-07T02:41:43.577Z,179134090357700
"""Dih @ GO72Iwd2XL"" checks",2026-10-07T02:41:42.758Z,179134090275800
"""Cam @ eWUSzBpS1d"" calls 0.50",2026-10-07T02:41:40.683Z,179134090068300
"""Dih @ GO72Iwd2XL"" posts a big blind of 0.50",2026-10-07T02:41:39.496Z,179134089949605
"""Cam @ eWUSzBpS1d"" posts a small blind of 0.25",2026-10-07T02:41:39.496Z,179134089949604
"Your hand is 2♥, 9♥",2026-10-07T02:41:39.496Z,179134089949603
"Player stacks: #1 ""Dih @ GO72Iwd2XL"" (212.79) | #5 ""Cam @ eWUSzBpS1d"" (44.10)",2026-10-07T02:41:39.496Z,179134089949601
"-- starting hand #228 (id: nwaswux4ozvg)  No Limit Texas Hold'em (dealer: ""Cam @ eWUSzBpS1d"") --",2026-10-07T02:41:39.496Z,179134089949600
"""Dih @ GO72Iwd2XL"" shows a 2♠, 10♣.",2026-10-07T02:41:36.097Z,179134089609700
"Undealt cards:  [7♥, 8♦, 10♦, 2♣, 5♦]",2026-10-07T02:41:33.000Z,179134089300000
"-- ending hand #227 --",2026-10-07T02:41:32.891Z,179134089289102
"""Dih @ GO72Iwd2XL"" collected 1.00 from pot",2026-10-07T02:41:32.891Z,179134089289101
"Uncalled bet of 1.50 returned to ""Dih @ GO72Iwd2XL""",2026-10-07T02:41:32.891Z,179134089289100
"""Cam @ eWUSzBpS1d"" folds",2026-10-07T02:41:32.077Z,179134089207700
"""Dih @ GO72Iwd2XL"" raises to 2.00",2026-10-07T02:41:29.740Z,179134088974000
"""Cam @ eWUSzBpS1d"" posts a big blind of 0.50",2026-10-07T02:41:27.169Z,179134088716905
"""Dih @ GO72Iwd2XL"" posts a small blind of 0.25",2026-10-07T02:41:27.169Z,179134088716904
"Your hand is J♥, 7♠",2026-10-07T02:41:27.169Z,179134088716903
"Player stacks: #1 ""Dih @ GO72Iwd2XL"" (212.29) | #5 ""Cam @ eWUSzBpS1d"" (44.60)",2026-10-07T02:41:27.169Z,179134088716901
"-- starting hand #227 (id: 5mfzinrldpfz)  No Limit Texas Hold'em (dealer: ""Dih @ GO72Iwd2XL"") --",2026-10-07T02:41:27.169Z,179134088716900
"-- ending hand #226 --",2026-10-07T02:41:21.148Z,179134088114803
"""Cam @ eWUSzBpS1d"" collected 14.20 from pot with Pair, A's (combination: 10♣, J♠, K♥, A♥, A♣)",2026-10-07T02:41:21.148Z,179134088114802
"""Cam @ eWUSzBpS1d"" shows a K♥, A♥.",2026-10-07T02:41:21.148Z,179134088114801
"""Dih @ GO72Iwd2XL"" shows a 9♣, K♠.",2026-10-07T02:41:21.148Z,179134088114800
"""Cam @ eWUSzBpS1d"" calls 0.50",2026-10-07T02:41:20.283Z,179134088028300
"""Dih @ GO72Iwd2XL"" bets 0.50",2026-10-07T02:41:10.181Z,179134087018100
"River: A♣, J♠, 2♠, 8♥ [10♣]",2026-10-07T02:41:00.658Z,179134086065800
"""Dih @ GO72Iwd2XL"" calls 1.10",2026-10-07T02:40:59.855Z,179134085985500
"""Cam @ eWUSzBpS1d"" bets 1.10",2026-10-07T02:40:58.700Z,179134085870000
"""Dih @ GO72Iwd2XL"" checks",2026-10-07T02:40:56.781Z,179134085678100
"Turn: A♣, J♠, 2♠ [8♥]",2026-10-07T02:40:54.999Z,179134085499900
"""Dih @ GO72Iwd2XL"" calls 3.00",2026-10-07T02:40:54.114Z,179134085411400
"""Cam @ eWUSzBpS1d"" bets 3.00",2026-10-07T02:40:52.736Z,179134085273600
"""Dih @ GO72Iwd2XL"" checks",2026-10-07T02:40:48.743Z,179134084874300
"Flop:  [A♣, J♠, 2♠]",2026-10-07T02:40:46.994Z,179134084699400
"""Dih @ GO72Iwd2XL"" calls 2.50",2026-10-07T02:40:46.190Z,179134084619000
"""Cam @ eWUSzBpS1d"" raises to 2.50",2026-10-07T02:40:45.046Z,179134084504600
"""Dih @ GO72Iwd2XL"" posts a big blind of 0.50",2026-10-07T02:40:41.787Z,179134084178705
"""Cam @ eWUSzBpS1d"" posts a small blind of 0.25",2026-10-07T02:40:41.787Z,179134084178704
"Your hand is K♥, A♥",2026-10-07T02:40:41.787Z,179134084178703
"Player stacks: #1 ""Dih @ GO72Iwd2XL"" (219.39) | #5 ""Cam @ eWUSzBpS1d"" (37.50)",2026-10-07T02:40:41.787Z,179134084178701
"-- starting hand #226 (id: qg3hmxbpw1et)  No Limit Texas Hold'em (dealer: ""Cam @ eWUSzBpS1d"") --",2026-10-07T02:40:41.787Z,179134084178700
"Undealt cards:  [10♦, Q♦, 5♠, A♠, 4♣]",2026-10-07T02:40:36.885Z,179134083688500
"-- ending hand #225 --",2026-10-07T02:40:35.820Z,179134083582002
"""Dih @ GO72Iwd2XL"" collected 1.00 from pot",2026-10-07T02:40:35.820Z,179134083582001
"Uncalled bet of 1.50 returned to ""Dih @ GO72Iwd2XL""",2026-10-07T02:40:35.820Z,179134083582000
"""Cam @ eWUSzBpS1d"" folds",2026-10-07T02:40:35.016Z,179134083501600
"""Dih @ GO72Iwd2XL"" raises to 2.00",2026-10-07T02:40:34.170Z,179134083417000
"""Cam @ eWUSzBpS1d"" posts a big blind of 0.50",2026-10-07T02:40:31.215Z,179134083121505
"""Dih @ GO72Iwd2XL"" posts a small blind of 0.25",2026-10-07T02:40:31.215Z,179134083121504
"Your hand is 2♣, J♣",2026-10-07T02:40:31.215Z,179134083121503
"Player stacks: #1 ""Dih @ GO72Iwd2XL"" (218.89) | #5 ""Cam @ eWUSzBpS1d"" (38.00)",2026-10-07T02:40:31.215Z,179134083121501
"-- starting hand #225 (id: lttzttgbsn11)  No Limit Texas Hold'em (dealer: ""Dih @ GO72Iwd2XL"") --",2026-10-07T02:40:31.215Z,179134083121500
"""Dih @ GO72Iwd2XL"" shows a 2♦, 3♥.",2026-10-07T02:40:28.346Z,179134082834600
"-- ending hand #224 --",2026-10-07T02:40:27.581Z,179134082758102
"""Dih @ GO72Iwd2XL"" collected 1.00 from pot",2026-10-07T02:40:27.581Z,179134082758101
"Uncalled bet of 0.50 returned to ""Dih @ GO72Iwd2XL""",2026-10-07T02:40:27.581Z,179134082758100
"""Cam @ eWUSzBpS1d"" folds",2026-10-07T02:40:26.680Z,179134082668000
"""Dih @ GO72Iwd2XL"" bets 0.50",2026-10-07T02:40:25.826Z,179134082582600
"River: K♠, J♥, 7♥, 4♠ [Q♣]",2026-10-07T02:40:13.761Z,179134081376100
"""Cam @ eWUSzBpS1d"" checks",2026-10-07T02:40:12.876Z,179134081287600
"""Dih @ GO72Iwd2XL"" checks",2026-10-07T02:40:11.580Z,179134081158000
"Turn: K♠, J♥, 7♥ [4♠]",2026-10-07T02:40:10.589Z,179134081058900
"""Cam @ eWUSzBpS1d"" checks",2026-10-07T02:40:09.778Z,179134080977800
"""Dih @ GO72Iwd2XL"" checks",2026-10-07T02:40:08.926Z,179134080892600
"Flop:  [K♠, J♥, 7♥]",2026-10-07T02:40:07.546Z,179134080754600
"""Dih @ GO72Iwd2XL"" checks",2026-10-07T02:40:06.700Z,179134080670000
"""Cam @ eWUSzBpS1d"" calls 0.50",2026-10-07T02:40:05.009Z,179134080500900
"""Dih @ GO72Iwd2XL"" posts a big blind of 0.50",2026-10-07T02:40:02.564Z,179134080256405
"""Cam @ eWUSzBpS1d"" posts a small blind of 0.25",2026-10-07T02:40:02.564Z,179134080256404
"Your hand is 9♦, A♥",2026-10-07T02:40:02.564Z,179134080256403
"Player stacks: #1 ""Dih @ GO72Iwd2XL"" (218.39) | #5 ""Cam @ eWUSzBpS1d"" (38.50)",2026-10-07T02:40:02.564Z,179134080256401
"-- starting hand #224 (id: 1xy9daoidw5i)  No Limit Texas Hold'em (dealer: ""Cam @ eWUSzBpS1d"") --",2026-10-07T02:40:02.564Z,179134080256400
"""Dih @ GO72Iwd2XL"" shows a J♠.",2026-10-07T02:39:59.767Z,179134079976700
"Undealt cards:  [6♠, J♦, 3♠, J♥, 3♦]",2026-10-07T02:39:55.941Z,179134079594100
"-- ending hand #223 --",2026-10-07T02:39:55.870Z,179134079587002
"""Dih @ GO72Iwd2XL"" collected 1.00 from pot",2026-10-07T02:39:55.870Z,179134079587001
"Uncalled bet of 1.50 returned to ""Dih @ GO72Iwd2XL""",2026-10-07T02:39:55.870Z,179134079587000
"""Cam @ eWUSzBpS1d"" folds",2026-10-07T02:39:55.032Z,179134079503200
"""Dih @ GO72Iwd2XL"" raises to 2.00",2026-10-07T02:39:54.154Z,179134079415400
"""Cam @ eWUSzBpS1d"" posts a big blind of 0.50",2026-10-07T02:39:51.594Z,179134079159405
"""Dih @ GO72Iwd2XL"" posts a small blind of 0.25",2026-10-07T02:39:51.594Z,179134079159404
"Your hand is Q♣, 2♠",2026-10-07T02:39:51.594Z,179134079159403
"Player stacks: #1 ""Dih @ GO72Iwd2XL"" (217.89) | #5 ""Cam @ eWUSzBpS1d"" (39.00)",2026-10-07T02:39:51.594Z,179134079159401
"-- starting hand #223 (id: y4olqzjcjwmo)  No Limit Texas Hold'em (dealer: ""Dih @ GO72Iwd2XL"") --",2026-10-07T02:39:51.594Z,179134079159400
"Undealt cards: 7♣, 5♦, J♠, K♠ [4♠]",2026-10-07T02:39:45.791Z,179134078579100
"-- ending hand #222 --",2026-10-07T02:39:45.661Z,179134078566102
"""Cam @ eWUSzBpS1d"" collected 5.00 from pot",2026-10-07T02:39:45.661Z,179134078566101
"Uncalled bet of 5.00 returned to ""Cam @ eWUSzBpS1d""",2026-10-07T02:39:45.661Z,179134078566100
"""Dih @ GO72Iwd2XL"" folds",2026-10-07T02:39:44.832Z,179134078483200
"""Cam @ eWUSzBpS1d"" bets 5.00",2026-10-07T02:39:43.902Z,179134078390200
"""Dih @ GO72Iwd2XL"" checks",2026-10-07T02:39:40.765Z,179134078076500
"Turn: 7♣, 5♦, J♠ [K♠]",2026-10-07T02:39:39.856Z,179134077985600
"""Cam @ eWUSzBpS1d"" checks",2026-10-07T02:39:39.016Z,179134077901600
"""Dih @ GO72Iwd2XL"" checks",2026-10-07T02:39:38.169Z,179134077816900
"Flop:  [7♣, 5♦, J♠]",2026-10-07T02:39:36.652Z,179134077665200
"""Dih @ GO72Iwd2XL"" calls 2.50",2026-10-07T02:39:35.822Z,179134077582200
"""Cam @ eWUSzBpS1d"" raises to 2.50",2026-10-07T02:39:34.269Z,179134077426900
"""Dih @ GO72Iwd2XL"" posts a big blind of 0.50",2026-10-07T02:39:31.501Z,179134077150105
"""Cam @ eWUSzBpS1d"" posts a small blind of 0.25",2026-10-07T02:39:31.501Z,179134077150104
"Your hand is K♦, Q♣",2026-10-07T02:39:31.501Z,179134077150103
"Player stacks: #1 ""Dih @ GO72Iwd2XL"" (220.39) | #5 ""Cam @ eWUSzBpS1d"" (36.50)",2026-10-07T02:39:31.501Z,179134077150101
"-- starting hand #222 (id: srltsswts4oq)  No Limit Texas Hold'em (dealer: ""Cam @ eWUSzBpS1d"") --",2026-10-07T02:39:31.501Z,179134077150100
"""Dih @ GO72Iwd2XL"" shows a K♠, 4♦.",2026-10-07T02:39:27.290Z,179134076729000
"Undealt cards:  [4♠, 10♦, 3♣, A♣, K♦]",2026-10-07T02:39:25.860Z,179134076586000
"-- ending hand #221 --",2026-10-07T02:39:24.899Z,179134076489902
"""Cam @ eWUSzBpS1d"" collected 0.50 from pot",2026-10-07T02:39:24.899Z,179134076489901
"Uncalled bet of 0.25 returned to ""Cam @ eWUSzBpS1d""",2026-10-07T02:39:24.899Z,179134076489900
"""Dih @ GO72Iwd2XL"" folds",2026-10-07T02:39:24.094Z,179134076409400
"""Cam @ eWUSzBpS1d"" posts a big blind of 0.50",2026-10-07T02:39:22.497Z,179134076249705
"""Dih @ GO72Iwd2XL"" posts a small blind of 0.25",2026-10-07T02:39:22.497Z,179134076249704
"Your hand is Q♦, 4♥",2026-10-07T02:39:22.497Z,179134076249703
"Player stacks: #1 ""Dih @ GO72Iwd2XL"" (220.64) | #5 ""Cam @ eWUSzBpS1d"" (36.25)",2026-10-07T02:39:22.497Z,179134076249701
"-- starting hand #221 (id: smyz8nreybkb)  No Limit Texas Hold'em (dealer: ""Dih @ GO72Iwd2XL"") --",2026-10-07T02:39:22.497Z,179134076249700
"""Dih @ GO72Iwd2XL"" shows a K♦.",2026-10-07T02:39:19.028Z,179134075902800
"Undealt cards:  [5♣, 10♠, 4♣, K♠, 7♥]",2026-10-07T02:39:18.518Z,179134075851800
"-- ending hand #220 --",2026-10-07T02:39:15.887Z,179134075588702
"""Dih @ GO72Iwd2XL"" collected 0.50 from pot",2026-10-07T02:39:15.887Z,179134075588701
"Uncalled bet of 0.25 returned to ""Dih @ GO72Iwd2XL""",2026-10-07T02:39:15.887Z,179134075588700
"""Cam @ eWUSzBpS1d"" folds",2026-10-07T02:39:15.083Z,179134075508300
"""Dih @ GO72Iwd2XL"" posts a big blind of 0.50",2026-10-07T02:39:14.366Z,179134075436605
"""Cam @ eWUSzBpS1d"" posts a small blind of 0.25",2026-10-07T02:39:14.366Z,179134075436604
"Your hand is J♥, 9♠",2026-10-07T02:39:14.366Z,179134075436603
"Player stacks: #1 ""Dih @ GO72Iwd2XL"" (220.39) | #5 ""Cam @ eWUSzBpS1d"" (36.50)",2026-10-07T02:39:14.366Z,179134075436601
"-- starting hand #220 (id: gyojmuxv5qzc)  No Limit Texas Hold'em (dealer: ""Cam @ eWUSzBpS1d"") --",2026-10-07T02:39:14.366Z,179134075436600
"""Cam @ eWUSzBpS1d"" shows a K♦.",2026-10-07T02:39:10.071Z,179134075007100
"""Cam @ eWUSzBpS1d"" shows a 7♦.",2026-10-07T02:39:10.021Z,179134075002100
"-- ending hand #219 --",2026-10-07T02:39:07.837Z,179134074783702
"""Dih @ GO72Iwd2XL"" collected 1.00 from pot with Two Pair, Q's & 10's (combination: A♠, 10♦, 10♠, Q♥, Q♦)",2026-10-07T02:39:07.837Z,179134074783701
"""Dih @ GO72Iwd2XL"" shows a Q♥, 6♦.",2026-10-07T02:39:07.837Z,179134074783700
"""Dih @ GO72Iwd2XL"" checks",2026-10-07T02:39:07.028Z,179134074702800
"""Cam @ eWUSzBpS1d"" checks",2026-10-07T02:39:05.916Z,179134074591600
"River: 10♦, A♠, 5♥, 10♠ [Q♦]",2026-10-07T02:39:05.633Z,179134074563300
"""Dih @ GO72Iwd2XL"" checks",2026-10-07T02:39:04.810Z,179134074481000
"""Cam @ eWUSzBpS1d"" checks",2026-10-07T02:39:03.859Z,179134074385900
"Turn: 10♦, A♠, 5♥ [10♠]",2026-10-07T02:39:03.254Z,179134074325400
"""Dih @ GO72Iwd2XL"" checks",2026-10-07T02:39:02.421Z,179134074242100
"""Cam @ eWUSzBpS1d"" checks",2026-10-07T02:38:56.204Z,179134073620400
"Flop:  [10♦, A♠, 5♥]",2026-10-07T02:38:55.349Z,179134073534900
"""Cam @ eWUSzBpS1d"" checks",2026-10-07T02:38:54.492Z,179134073449200
"""Dih @ GO72Iwd2XL"" calls 0.50",2026-10-07T02:38:53.666Z,179134073366600
"""Cam @ eWUSzBpS1d"" posts a big blind of 0.50",2026-10-07T02:38:51.549Z,179134073154905
"""Dih @ GO72Iwd2XL"" posts a small blind of 0.25",2026-10-07T02:38:51.549Z,179134073154904
"Your hand is 7♦, K♦",2026-10-07T02:38:51.549Z,179134073154903
"Player stacks: #1 ""Dih @ GO72Iwd2XL"" (219.89) | #5 ""Cam @ eWUSzBpS1d"" (37.00)",2026-10-07T02:38:51.549Z,179134073154901
"-- starting hand #219 (id: ptfo3cutxke4)  No Limit Texas Hold'em (dealer: ""Dih @ GO72Iwd2XL"") --",2026-10-07T02:38:51.549Z,179134073154900
"-- ending hand #218 --",2026-10-07T02:38:45.584Z,179134072558402
"""Dih @ GO72Iwd2XL"" collected 0.50 from pot",2026-10-07T02:38:45.584Z,179134072558401
"Uncalled bet of 0.25 returned to ""Dih @ GO72Iwd2XL""",2026-10-07T02:38:45.584Z,179134072558400
"""Cam @ eWUSzBpS1d"" folds",2026-10-07T02:38:44.758Z,179134072475800
"""Dih @ GO72Iwd2XL"" posts a big blind of 0.50",2026-10-07T02:38:43.979Z,179134072397905
"""Cam @ eWUSzBpS1d"" posts a small blind of 0.25",2026-10-07T02:38:43.979Z,179134072397904
"Your hand is 7♥, K♣",2026-10-07T02:38:43.979Z,179134072397903
"Player stacks: #1 ""Dih @ GO72Iwd2XL"" (219.64) | #5 ""Cam @ eWUSzBpS1d"" (37.25)",2026-10-07T02:38:43.979Z,179134072397901
"-- starting hand #218 (id: f45wztmmrvrf)  No Limit Texas Hold'em (dealer: ""Cam @ eWUSzBpS1d"") --",2026-10-07T02:38:43.979Z,179134072397900
"Undealt cards:  [10♦, 8♦, 7♦, K♠, 10♠]",2026-10-07T02:38:38.245Z,179134071824500
"-- ending hand #217 --",2026-10-07T02:38:38.055Z,179134071805502
"""Dih @ GO72Iwd2XL"" collected 1.00 from pot",2026-10-07T02:38:38.055Z,179134071805501
"Uncalled bet of 1.50 returned to ""Dih @ GO72Iwd2XL""",2026-10-07T02:38:38.055Z,179134071805500
"""Cam @ eWUSzBpS1d"" folds",2026-10-07T02:38:37.202Z,179134071720200
"""Dih @ GO72Iwd2XL"" raises to 2.00",2026-10-07T02:38:36.359Z,179134071635900
"""Cam @ eWUSzBpS1d"" posts a big blind of 0.50",2026-10-07T02:38:32.918Z,179134071291805
"""Dih @ GO72Iwd2XL"" posts a small blind of 0.25",2026-10-07T02:38:32.918Z,179134071291804
"Your hand is J♦, 2♣",2026-10-07T02:38:32.918Z,179134071291803
"Player stacks: #1 ""Dih @ GO72Iwd2XL"" (219.14) | #5 ""Cam @ eWUSzBpS1d"" (37.75)",2026-10-07T02:38:32.918Z,179134071291801
"-- starting hand #217 (id: hbo70e6xrr3c)  No Limit Texas Hold'em (dealer: ""Dih @ GO72Iwd2XL"") --",2026-10-07T02:38:32.918Z,179134071291800
"""Dih @ GO72Iwd2XL"" shows a 8♣.",2026-10-07T02:38:28.756Z,179134070875600
"Undealt cards: 9♣, 9♦, J♠ [10♠, 7♦]",2026-10-07T02:38:26.350Z,179134070635000
"-- ending hand #216 --",2026-10-07T02:38:26.296Z,179134070629602
"""Cam @ eWUSzBpS1d"" collected 1.00 from pot",2026-10-07T02:38:26.296Z,179134070629601
"Uncalled bet of 1.00 returned to ""Cam @ eWUSzBpS1d""",2026-10-07T02:38:26.296Z,179134070629600
"""Dih @ GO72Iwd2XL"" folds",2026-10-07T02:38:25.418Z,179134070541800
"""Cam @ eWUSzBpS1d"" bets 1.00",2026-10-07T02:38:24.355Z,179134070435500
"""Dih @ GO72Iwd2XL"" checks",2026-10-07T02:38:22.632Z,179134070263200
"Flop:  [9♣, 9♦, J♠]",2026-10-07T02:38:21.153Z,179134070115300
"""Dih @ GO72Iwd2XL"" checks",2026-10-07T02:38:20.339Z,179134070033900
"""Cam @ eWUSzBpS1d"" calls 0.50",2026-10-07T02:38:18.844Z,179134069884400
"""Dih @ GO72Iwd2XL"" posts a big blind of 0.50",2026-10-07T02:38:17.766Z,179134069776605
"""Cam @ eWUSzBpS1d"" posts a small blind of 0.25",2026-10-07T02:38:17.766Z,179134069776604
"Your hand is J♦, 10♣",2026-10-07T02:38:17.766Z,179134069776603
"Player stacks: #1 ""Dih @ GO72Iwd2XL"" (219.64) | #5 ""Cam @ eWUSzBpS1d"" (37.25)",2026-10-07T02:38:17.766Z,179134069776601
"-- starting hand #216 (id: afj3r6rgcf5i)  No Limit Texas Hold'em (dealer: ""Cam @ eWUSzBpS1d"") --",2026-10-07T02:38:17.766Z,179134069776600
"""Dih @ GO72Iwd2XL"" shows a K♦, 9♦.",2026-10-07T02:38:11.473Z,179134069147300
"Undealt cards: 3♦, A♦, 10♦ [9♣, 4♣]",2026-10-07T02:38:11.301Z,179134069130100
"-- ending hand #215 --",2026-10-07T02:38:11.150Z,179134069115002
"""Dih @ GO72Iwd2XL"" collected 4.00 from pot",2026-10-07T02:38:11.150Z,179134069115001
"Uncalled bet of 2.50 returned to ""Dih @ GO72Iwd2XL""",2026-10-07T02:38:11.150Z,179134069115000
"""Cam @ eWUSzBpS1d"" folds",2026-10-07T02:38:10.344Z,179134069034400
"""Dih @ GO72Iwd2XL"" bets 2.50",2026-10-07T02:38:09.442Z,179134068944200
"""Cam @ eWUSzBpS1d"" checks",2026-10-07T02:38:05.770Z,179134068577000
"Flop:  [3♦, A♦, 10♦]",2026-10-07T02:38:04.980Z,179134068498000
"""Cam @ eWUSzBpS1d"" calls 2.00",2026-10-07T02:38:04.154Z,179134068415400
"""Dih @ GO72Iwd2XL"" raises to 2.00",2026-10-07T02:38:02.739Z,179134068273900
"""Cam @ eWUSzBpS1d"" posts a big blind of 0.50",2026-10-07T02:38:00.083Z,179134068008305
"""Dih @ GO72Iwd2XL"" posts a small blind of 0.25",2026-10-07T02:38:00.083Z,179134068008304
"Your hand is Q♠, 2♠",2026-10-07T02:38:00.083Z,179134068008303
"Player stacks: #1 ""Dih @ GO72Iwd2XL"" (217.64) | #5 ""Cam @ eWUSzBpS1d"" (39.25)",2026-10-07T02:38:00.083Z,179134068008301
"-- starting hand #215 (id: y383qeyuheos)  No Limit Texas Hold'em (dealer: ""Dih @ GO72Iwd2XL"") --",2026-10-07T02:38:00.083Z,179134068008300
"-- ending hand #214 --",2026-10-07T02:37:54.038Z,179134067403802
"""Cam @ eWUSzBpS1d"" collected 4.00 from pot with Two Pair, A's & 2's (combination: Q♦, 2♠, 2♥, A♣, A♥)",2026-10-07T02:37:54.038Z,179134067403801
"""Cam @ eWUSzBpS1d"" shows a Q♦, 9♦.",2026-10-07T02:37:54.038Z,179134067403800
"""Cam @ eWUSzBpS1d"" checks",2026-10-07T02:37:53.192Z,179134067319200
"""Dih @ GO72Iwd2XL"" checks",2026-10-07T02:37:52.308Z,179134067230800
"River: A♣, 2♠, 2♥, 4♣ [A♥]",2026-10-07T02:37:50.766Z,179134067076600
"""Cam @ eWUSzBpS1d"" checks",2026-10-07T02:37:49.944Z,179134066994400
"""Dih @ GO72Iwd2XL"" checks",2026-10-07T02:37:48.998Z,179134066899800
"Turn: A♣, 2♠, 2♥ [4♣]",2026-10-07T02:37:47.997Z,179134066799700
"""Cam @ eWUSzBpS1d"" checks",2026-10-07T02:37:47.187Z,179134066718700
"""Dih @ GO72Iwd2XL"" checks",2026-10-07T02:37:46.343Z,179134066634300
"Flop:  [A♣, 2♠, 2♥]",2026-10-07T02:37:44.457Z,179134066445700
"""Dih @ GO72Iwd2XL"" calls 2.00",2026-10-07T02:37:43.644Z,179134066364400
"""Cam @ eWUSzBpS1d"" raises to 2.00",2026-10-07T02:37:42.434Z,179134066243400
"""Dih @ GO72Iwd2XL"" posts a big blind of 0.50",2026-10-07T02:37:40.668Z,179134066066805
"""Cam @ eWUSzBpS1d"" posts a small blind of 0.25",2026-10-07T02:37:40.668Z,179134066066804
"Your hand is Q♦, 9♦",2026-10-07T02:37:40.668Z,179134066066803
"Player stacks: #1 ""Dih @ GO72Iwd2XL"" (219.64) | #5 ""Cam @ eWUSzBpS1d"" (37.25)",2026-10-07T02:37:40.668Z,179134066066801
"-- starting hand #214 (id: tje9emvdiclo)  No Limit Texas Hold'em (dealer: ""Cam @ eWUSzBpS1d"") --",2026-10-07T02:37:40.668Z,179134066066800
"""Cam @ eWUSzBpS1d"" shows a 6♥.",2026-10-07T02:37:35.694Z,179134065569400
"""Cam @ eWUSzBpS1d"" shows a 7♣.",2026-10-07T02:37:35.559Z,179134065555900
"-- ending hand #213 --",2026-10-07T02:37:34.156Z,179134065415602
"""Dih @ GO72Iwd2XL"" collected 4.00 from pot with Two Pair, K's & 6's (combination: A♠, 6♣, 6♦, K♣, K♥)",2026-10-07T02:37:34.156Z,179134065415601
"""Dih @ GO72Iwd2XL"" shows a 6♣, A♠.",2026-10-07T02:37:34.156Z,179134065415600
"""Dih @ GO72Iwd2XL"" checks",2026-10-07T02:37:33.263Z,179134065326300
"""Cam @ eWUSzBpS1d"" checks",2026-10-07T02:37:32.359Z,179134065235900
"River: 8♠, 6♦, Q♣, K♣ [K♥]",2026-10-07T02:37:31.551Z,179134065155100
"""Dih @ GO72Iwd2XL"" checks",2026-10-07T02:37:30.700Z,179134065070000
"""Cam @ eWUSzBpS1d"" checks",2026-10-07T02:37:29.777Z,179134064977700
"Turn: 8♠, 6♦, Q♣ [K♣]",2026-10-07T02:37:28.949Z,179134064894900
"""Dih @ GO72Iwd2XL"" checks",2026-10-07T02:37:28.094Z,179134064809400
"""Cam @ eWUSzBpS1d"" checks",2026-10-07T02:37:26.287Z,179134064628700
"Flop:  [8♠, 6♦, Q♣]",2026-10-07T02:37:25.148Z,179134064514800
"""Cam @ eWUSzBpS1d"" calls 2.00",2026-10-07T02:37:24.292Z,179134064429200
"""Dih @ GO72Iwd2XL"" raises to 2.00",2026-10-07T02:37:18.884Z,179134063888400
"""Cam @ eWUSzBpS1d"" posts a big blind of 0.50",2026-10-07T02:37:16.344Z,179134063634405
"""Dih @ GO72Iwd2XL"" posts a small blind of 0.25",2026-10-07T02:37:16.344Z,179134063634404
"Your hand is 7♣, 6♥",2026-10-07T02:37:16.344Z,179134063634403
"Player stacks: #1 ""Dih @ GO72Iwd2XL"" (217.64) | #5 ""Cam @ eWUSzBpS1d"" (39.25)",2026-10-07T02:37:16.344Z,179134063634401
"-- starting hand #213 (id: sddp2mqva2cd)  No Limit Texas Hold'em (dealer: ""Dih @ GO72Iwd2XL"") --",2026-10-07T02:37:16.344Z,179134063634400
"Undealt cards:  [9♦, K♦, 10♣, 6♥, 3♥]",2026-10-07T02:37:10.546Z,179134063054600
"-- ending hand #212 --",2026-10-07T02:37:10.343Z,179134063034302
"""Dih @ GO72Iwd2XL"" collected 0.50 from pot",2026-10-07T02:37:10.343Z,179134063034301
"Uncalled bet of 0.25 returned to ""Dih @ GO72Iwd2XL""",2026-10-07T02:37:10.343Z,179134063034300
"""Cam @ eWUSzBpS1d"" folds",2026-10-07T02:37:09.512Z,179134062951200
"""Dih @ GO72Iwd2XL"" posts a big blind of 0.50",2026-10-07T02:37:08.744Z,179134062874405
"""Cam @ eWUSzBpS1d"" posts a small blind of 0.25",2026-10-07T02:37:08.744Z,179134062874404
"Your hand is 7♠, 10♥",2026-10-07T02:37:08.744Z,179134062874403
"Player stacks: #1 ""Dih @ GO72Iwd2XL"" (217.39) | #5 ""Cam @ eWUSzBpS1d"" (39.50)",2026-10-07T02:37:08.744Z,179134062874401
"-- starting hand #212 (id: wburr2vjejyu)  No Limit Texas Hold'em (dealer: ""Cam @ eWUSzBpS1d"") --",2026-10-07T02:37:08.744Z,179134062874400
"""Dih @ GO72Iwd2XL"" shows a K♣, J♣.",2026-10-07T02:37:05.283Z,179134062528300
"Undealt cards: 5♠, 2♠, 8♠, A♦ [4♠]",2026-10-07T02:37:02.271Z,179134062227100
"-- ending hand #211 --",2026-10-07T02:37:02.126Z,179134062212602
"""Cam @ eWUSzBpS1d"" collected 4.00 from pot",2026-10-07T02:37:02.126Z,179134062212601
"Uncalled bet of 4.00 returned to ""Cam @ eWUSzBpS1d""",2026-10-07T02:37:02.126Z,179134062212600
"""Dih @ GO72Iwd2XL"" folds",2026-10-07T02:37:01.265Z,179134062126500
"""Cam @ eWUSzBpS1d"" bets 4.00",2026-10-07T02:37:00.385Z,179134062038500
"Turn: 5♠, 2♠, 8♠ [A♦]",2026-10-07T02:36:55.685Z,179134061568500
"""Dih @ GO72Iwd2XL"" checks",2026-10-07T02:36:54.878Z,179134061487800
"""Cam @ eWUSzBpS1d"" checks",2026-10-07T02:36:53.852Z,179134061385200
"Flop:  [5♠, 2♠, 8♠]",2026-10-07T02:36:52.597Z,179134061259700
"""Cam @ eWUSzBpS1d"" calls 2.00",2026-10-07T02:36:51.784Z,179134061178400
"""Dih @ GO72Iwd2XL"" raises to 2.00",2026-10-07T02:36:49.983Z,179134060998300
"""Cam @ eWUSzBpS1d"" posts a big blind of 0.50",2026-10-07T02:36:46.170Z,179134060617005
"""Dih @ GO72Iwd2XL"" posts a small blind of 0.25",2026-10-07T02:36:46.170Z,179134060617004
"Your hand is 10♠, J♠",2026-10-07T02:36:46.170Z,179134060617003
"Player stacks: #1 ""Dih @ GO72Iwd2XL"" (219.39) | #5 ""Cam @ eWUSzBpS1d"" (37.50)",2026-10-07T02:36:46.170Z,179134060617001
"-- starting hand #211 (id: d36por07srcb)  No Limit Texas Hold'em (dealer: ""Dih @ GO72Iwd2XL"") --",2026-10-07T02:36:46.170Z,179134060617000
"Undealt cards:  [2♣, J♥, 8♥, 7♠, 9♥]",2026-10-07T02:36:41.452Z,179134060145200
"-- ending hand #210 --",2026-10-07T02:36:40.267Z,179134060026702
"""Dih @ GO72Iwd2XL"" collected 0.50 from pot",2026-10-07T02:36:40.267Z,179134060026701
"Uncalled bet of 0.25 returned to ""Dih @ GO72Iwd2XL""",2026-10-07T02:36:40.267Z,179134060026700
"""Cam @ eWUSzBpS1d"" folds",2026-10-07T02:36:39.435Z,179134059943500
"""Dih @ GO72Iwd2XL"" posts a big blind of 0.50",2026-10-07T02:36:36.669Z,179134059666905
"""Cam @ eWUSzBpS1d"" posts a small blind of 0.25",2026-10-07T02:36:36.669Z,179134059666904
"Your hand is 3♣, A♥",2026-10-07T02:36:36.669Z,179134059666903
"Player stacks: #1 ""Dih @ GO72Iwd2XL"" (219.14) | #5 ""Cam @ eWUSzBpS1d"" (37.75)",2026-10-07T02:36:36.669Z,179134059666901
"-- starting hand #210 (id: skuyswjwrrzm)  No Limit Texas Hold'em (dealer: ""Cam @ eWUSzBpS1d"") --",2026-10-07T02:36:36.669Z,179134059666900
"-- ending hand #209 --",2026-10-07T02:36:30.657Z,179134059065703
"""Dih @ GO72Iwd2XL"" collected 10.00 from pot with Two Pair, K's & 7's (combination: J♣, 7♦, 7♣, K♣, K♦)",2026-10-07T02:36:30.657Z,179134059065702
"""Dih @ GO72Iwd2XL"" shows a K♣, J♣.",2026-10-07T02:36:30.657Z,179134059065701
"""Cam @ eWUSzBpS1d"" shows a 5♠, 3♠.",2026-10-07T02:36:30.657Z,179134059065700
"""Dih @ GO72Iwd2XL"" calls 0.50",2026-10-07T02:36:29.827Z,179134058982700
"""Cam @ eWUSzBpS1d"" bets 0.50",2026-10-07T02:36:28.937Z,179134058893700
"River: 7♦, 7♣, 4♥, 5♣ [K♦]",2026-10-07T02:36:28.456Z,179134058845600
"""Dih @ GO72Iwd2XL"" calls 0.50",2026-10-07T02:36:27.600Z,179134058760000
"""Cam @ eWUSzBpS1d"" bets 0.50",2026-10-07T02:36:25.945Z,179134058594500
"Turn: 7♦, 7♣, 4♥ [5♣]",2026-10-07T02:36:23.901Z,179134058390100
"""Cam @ eWUSzBpS1d"" calls 2.00",2026-10-07T02:36:23.081Z,179134058308100
"""Dih @ GO72Iwd2XL"" bets 2.00",2026-10-07T02:36:22.179Z,179134058217900
"""Cam @ eWUSzBpS1d"" checks",2026-10-07T02:36:16.728Z,179134057672800
"Flop:  [7♦, 7♣, 4♥]",2026-10-07T02:36:15.986Z,179134057598600
"""Cam @ eWUSzBpS1d"" calls 2.00",2026-10-07T02:36:15.150Z,179134057515000
"""Dih @ GO72Iwd2XL"" raises to 2.00",2026-10-07T02:36:14.311Z,179134057431100
"""Cam @ eWUSzBpS1d"" posts a big blind of 0.50",2026-10-07T02:36:11.173Z,179134057117305
"""Dih @ GO72Iwd2XL"" posts a small blind of 0.25",2026-10-07T02:36:11.173Z,179134057117304
"Your hand is 5♠, 3♠",2026-10-07T02:36:11.173Z,179134057117303
"Player stacks: #1 ""Dih @ GO72Iwd2XL"" (214.14) | #5 ""Cam @ eWUSzBpS1d"" (42.75)",2026-10-07T02:36:11.173Z,179134057117301
"-- starting hand #209 (id: jsjux0uuiejb)  No Limit Texas Hold'em (dealer: ""Dih @ GO72Iwd2XL"") --",2026-10-07T02:36:11.173Z,179134057117300
"""Dih @ GO72Iwd2XL"" shows a 7♦.",2026-10-07T02:36:08.431Z,179134056843100
"Undealt cards:  [5♦, 7♥, 3♥, 7♠, 3♦]",2026-10-07T02:36:04.587Z,179134056458700
"-- ending hand #208 --",2026-10-07T02:36:04.519Z,179134056451902
"""Dih @ GO72Iwd2XL"" collected 0.50 from pot",2026-10-07T02:36:04.519Z,179134056451901
"Uncalled bet of 0.25 returned to ""Dih @ GO72Iwd2XL""",2026-10-07T02:36:04.519Z,179134056451900
"""Cam @ eWUSzBpS1d"" folds",2026-10-07T02:36:03.711Z,179134056371100
"""Dih @ GO72Iwd2XL"" posts a big blind of 0.50",2026-10-07T02:36:02.797Z,179134056279705
"""Cam @ eWUSzBpS1d"" posts a small blind of 0.25",2026-10-07T02:36:02.797Z,179134056279704
"Your hand is Q♦, 5♥",2026-10-07T02:36:02.797Z,179134056279703
"Player stacks: #1 ""Dih @ GO72Iwd2XL"" (213.89) | #5 ""Cam @ eWUSzBpS1d"" (43.00)",2026-10-07T02:36:02.797Z,179134056279701
"-- starting hand #208 (id: fqtuuzg5by6u)  No Limit Texas Hold'em (dealer: ""Cam @ eWUSzBpS1d"") --",2026-10-07T02:36:02.797Z,179134056279700
"Undealt cards: 6♠, 9♠, K♦ [8♦, 5♥]",2026-10-07T02:35:56.885Z,179134055688500
"-- ending hand #207 --",2026-10-07T02:35:56.671Z,179134055667102
"""Cam @ eWUSzBpS1d"" collected 4.00 from pot",2026-10-07T02:35:56.671Z,179134055667101
"Uncalled bet of 2.00 returned to ""Cam @ eWUSzBpS1d""",2026-10-07T02:35:56.671Z,179134055667100
"""Dih @ GO72Iwd2XL"" folds",2026-10-07T02:35:55.850Z,179134055585000
"""Cam @ eWUSzBpS1d"" bets 2.00",2026-10-07T02:35:54.987Z,179134055498700
"Flop:  [6♠, 9♠, K♦]",2026-10-07T02:35:52.251Z,179134055225100
"""Dih @ GO72Iwd2XL"" calls 2.00",2026-10-07T02:35:51.440Z,179134055144000
"""Cam @ eWUSzBpS1d"" raises to 2.00",2026-10-07T02:35:47.470Z,179134054747000
"""Dih @ GO72Iwd2XL"" calls 0.50",2026-10-07T02:35:42.405Z,179134054240500
"""Cam @ eWUSzBpS1d"" posts a big blind of 0.50",2026-10-07T02:35:41.006Z,179134054100605
"""Dih @ GO72Iwd2XL"" posts a small blind of 0.25",2026-10-07T02:35:41.006Z,179134054100604
"Your hand is 8♥, 8♠",2026-10-07T02:35:41.006Z,179134054100603
"Player stacks: #1 ""Dih @ GO72Iwd2XL"" (215.89) | #5 ""Cam @ eWUSzBpS1d"" (41.00)",2026-10-07T02:35:41.006Z,179134054100601
"-- starting hand #207 (id: 7thqyd8l75ei)  No Limit Texas Hold'em (dealer: ""Dih @ GO72Iwd2XL"") --",2026-10-07T02:35:41.006Z,179134054100600
"""Dih @ GO72Iwd2XL"" shows a 3♣, 3♠.",2026-10-07T02:35:37.312Z,179134053731200
"Undealt cards:  [8♥, 5♠, K♠, 6♣, 4♦]",2026-10-07T02:35:34.587Z,179134053458700
"-- ending hand #206 --",2026-10-07T02:35:34.395Z,179134053439502
"""Dih @ GO72Iwd2XL"" collected 0.50 from pot",2026-10-07T02:35:34.395Z,179134053439501
"Uncalled bet of 0.25 returned to ""Dih @ GO72Iwd2XL""",2026-10-07T02:35:34.395Z,179134053439500
"""Cam @ eWUSzBpS1d"" folds",2026-10-07T02:35:33.586Z,179134053358600
"""Dih @ GO72Iwd2XL"" posts a big blind of 0.50",2026-10-07T02:35:32.876Z,179134053287605
"""Cam @ eWUSzBpS1d"" posts a small blind of 0.25",2026-10-07T02:35:32.876Z,179134053287604
"Your hand is 10♠, 2♣",2026-10-07T02:35:32.876Z,179134053287603
"Player stacks: #1 ""Dih @ GO72Iwd2XL"" (215.64) | #5 ""Cam @ eWUSzBpS1d"" (41.25)",2026-10-07T02:35:32.876Z,179134053287601
"-- starting hand #206 (id: bntzoktam8cm)  No Limit Texas Hold'em (dealer: ""Cam @ eWUSzBpS1d"") --",2026-10-07T02:35:32.876Z,179134053287600
"Undealt cards: K♠, 7♠, 6♦ [10♣, 2♥]",2026-10-07T02:35:27.105Z,179134052710500
"-- ending hand #205 --",2026-10-07T02:35:26.967Z,179134052696702
"""Dih @ GO72Iwd2XL"" collected 1.00 from pot",2026-10-07T02:35:26.967Z,179134052696701
"Uncalled bet of 1.00 returned to ""Dih @ GO72Iwd2XL""",2026-10-07T02:35:26.967Z,179134052696700
"""Cam @ eWUSzBpS1d"" folds",2026-10-07T02:35:26.100Z,179134052610000
"""Dih @ GO72Iwd2XL"" bets 1.00",2026-10-07T02:35:25.251Z,179134052525100
"""Cam @ eWUSzBpS1d"" checks",2026-10-07T02:35:22.393Z,179134052239300
"Flop:  [K♠, 7♠, 6♦]",2026-10-07T02:35:21.593Z,179134052159300
"""Cam @ eWUSzBpS1d"" checks",2026-10-07T02:35:20.790Z,179134052079000
"""Dih @ GO72Iwd2XL"" calls 0.50",2026-10-07T02:35:19.898Z,179134051989800
"""Cam @ eWUSzBpS1d"" posts a big blind of 0.50",2026-10-07T02:35:18.047Z,179134051804705
"""Dih @ GO72Iwd2XL"" posts a small blind of 0.25",2026-10-07T02:35:18.047Z,179134051804704
"Your hand is J♥, 5♥",2026-10-07T02:35:18.047Z,179134051804703
"Player stacks: #1 ""Dih @ GO72Iwd2XL"" (215.14) | #5 ""Cam @ eWUSzBpS1d"" (41.75)",2026-10-07T02:35:18.047Z,179134051804701
"-- starting hand #205 (id: 1j9uwuczmmr2)  No Limit Texas Hold'em (dealer: ""Dih @ GO72Iwd2XL"") --",2026-10-07T02:35:18.047Z,179134051804700
"""Dih @ GO72Iwd2XL"" shows a 7♥, 10♣.",2026-10-07T02:35:12.185Z,179134051218500
"Undealt cards: 7♦, 7♠, 3♣, 10♦ [3♠]",2026-10-07T02:35:11.653Z,179134051165300
"-- ending hand #204 --",2026-10-07T02:35:11.434Z,179134051143402
"""Dih @ GO72Iwd2XL"" collected 15.00 from pot",2026-10-07T02:35:11.434Z,179134051143401
"Uncalled bet of 7.50 returned to ""Dih @ GO72Iwd2XL""",2026-10-07T02:35:11.434Z,179134051143400
"""Cam @ eWUSzBpS1d"" folds",2026-10-07T02:35:10.590Z,179134051059000
"""Dih @ GO72Iwd2XL"" bets 7.50",2026-10-07T02:35:09.716Z,179134050971600
"Turn: 7♦, 7♠, 3♣ [10♦]",2026-10-07T02:34:51.718Z,179134049171800
"""Cam @ eWUSzBpS1d"" calls 5.50",2026-10-07T02:34:50.913Z,179134049091300
"""Dih @ GO72Iwd2XL"" raises to 5.50",2026-10-07T02:34:50.031Z,179134049003100
"""Cam @ eWUSzBpS1d"" bets 2.00",2026-10-07T02:34:46.163Z,179134048616300
"""Dih @ GO72Iwd2XL"" checks",2026-10-07T02:34:43.628Z,179134048362800
"Flop:  [7♦, 7♠, 3♣]",2026-10-07T02:34:37.701Z,179134047770100
"""Dih @ GO72Iwd2XL"" calls 2.00",2026-10-07T02:34:36.883Z,179134047688300
"""Cam @ eWUSzBpS1d"" raises to 2.00",2026-10-07T02:34:32.466Z,179134047246600
"""Dih @ GO72Iwd2XL"" posts a big blind of 0.50",2026-10-07T02:34:30.463Z,179134047046305
"""Cam @ eWUSzBpS1d"" posts a small blind of 0.25",2026-10-07T02:34:30.463Z,179134047046304
"Your hand is K♣, Q♠",2026-10-07T02:34:30.463Z,179134047046303
"Player stacks: #1 ""Dih @ GO72Iwd2XL"" (207.64) | #5 ""Cam @ eWUSzBpS1d"" (49.25)",2026-10-07T02:34:30.463Z,179134047046301
"-- starting hand #204 (id: c6iekvxvc16t)  No Limit Texas Hold'em (dealer: ""Cam @ eWUSzBpS1d"") --",2026-10-07T02:34:30.463Z,179134047046300
"Undealt cards:  [4♣, 2♣, 5♣, 4♥, Q♥]",2026-10-07T02:34:25.025Z,179134046502500
"-- ending hand #203 --",2026-10-07T02:34:24.450Z,179134046445002
"""Cam @ eWUSzBpS1d"" collected 0.50 from pot",2026-10-07T02:34:24.450Z,179134046445001
"Uncalled bet of 0.25 returned to ""Cam @ eWUSzBpS1d""",2026-10-07T02:34:24.450Z,179134046445000
"""Dih @ GO72Iwd2XL"" folds",2026-10-07T02:34:23.599Z,179134046359900
"""Cam @ eWUSzBpS1d"" posts a big blind of 0.50",2026-10-07T02:34:21.848Z,179134046184805
"""Dih @ GO72Iwd2XL"" posts a small blind of 0.25",2026-10-07T02:34:21.848Z,179134046184804
"Your hand is 3♥, K♣",2026-10-07T02:34:21.848Z,179134046184803
"Player stacks: #1 ""Dih @ GO72Iwd2XL"" (207.89) | #5 ""Cam @ eWUSzBpS1d"" (49.00)",2026-10-07T02:34:21.848Z,179134046184801
"-- starting hand #203 (id: q5tl6d6i3rzn)  No Limit Texas Hold'em (dealer: ""Dih @ GO72Iwd2XL"") --",2026-10-07T02:34:21.848Z,179134046184800
"Undealt cards:  [8♥, A♥, 9♣, J♦, 4♦]",2026-10-07T02:34:16.047Z,179134045604700
"-- ending hand #202 --",2026-10-07T02:34:15.873Z,179134045587302
"""Cam @ eWUSzBpS1d"" collected 1.00 from pot",2026-10-07T02:34:15.873Z,179134045587301
"Uncalled bet of 1.50 returned to ""Cam @ eWUSzBpS1d""",2026-10-07T02:34:15.873Z,179134045587300
"""Dih @ GO72Iwd2XL"" folds",2026-10-07T02:34:15.051Z,179134045505100
"""Cam @ eWUSzBpS1d"" raises to 2.00",2026-10-07T02:34:10.066Z,179134045006600
"""Dih @ GO72Iwd2XL"" posts a big blind of 0.50",2026-10-07T02:34:07.837Z,179134044783705
"""Cam @ eWUSzBpS1d"" posts a small blind of 0.25",2026-10-07T02:34:07.837Z,179134044783704
"Your hand is 7♥, J♣",2026-10-07T02:34:07.837Z,179134044783703
"Player stacks: #1 ""Dih @ GO72Iwd2XL"" (208.39) | #5 ""Cam @ eWUSzBpS1d"" (48.50)",2026-10-07T02:34:07.837Z,179134044783701
"-- starting hand #202 (id: 0dxqflb2dz1y)  No Limit Texas Hold'em (dealer: ""Cam @ eWUSzBpS1d"") --",2026-10-07T02:34:07.837Z,179134044783700
"Undealt cards:  [Q♣, A♣, 6♥, K♠, 4♣]",2026-10-07T02:34:01.972Z,179134044197200
"-- ending hand #201 --",2026-10-07T02:34:01.857Z,179134044185702
"""Dih @ GO72Iwd2XL"" collected 1.00 from pot",2026-10-07T02:34:01.857Z,179134044185701
"Uncalled bet of 1.50 returned to ""Dih @ GO72Iwd2XL""",2026-10-07T02:34:01.857Z,179134044185700
"""Cam @ eWUSzBpS1d"" folds",2026-10-07T02:34:01.025Z,179134044102500
"""Dih @ GO72Iwd2XL"" raises to 2.00",2026-10-07T02:33:52.034Z,179134043203400
"""Cam @ eWUSzBpS1d"" posts a big blind of 0.50",2026-10-07T02:33:48.249Z,179134042824905
"""Dih @ GO72Iwd2XL"" posts a small blind of 0.25",2026-10-07T02:33:48.249Z,179134042824904
"Your hand is 3♥, 7♣",2026-10-07T02:33:48.249Z,179134042824903
"Player stacks: #1 ""Dih @ GO72Iwd2XL"" (207.89) | #5 ""Cam @ eWUSzBpS1d"" (49.00)",2026-10-07T02:33:48.249Z,179134042824901
"-- starting hand #201 (id: k6gfccybvqpf)  No Limit Texas Hold'em (dealer: ""Dih @ GO72Iwd2XL"") --",2026-10-07T02:33:48.249Z,179134042824900
"""Cam @ eWUSzBpS1d"" shows a 5♦.",2026-10-07T02:33:42.687Z,179134042268700
"""Cam @ eWUSzBpS1d"" shows a 5♣.",2026-10-07T02:33:42.613Z,179134042261300
"Undealt cards:  [3♦, A♥, 8♦, A♦, A♣]",2026-10-07T02:33:41.646Z,179134042164600
"-- ending hand #200 --",2026-10-07T02:33:41.585Z,179134042158502
"""Cam @ eWUSzBpS1d"" collected 1.00 from pot",2026-10-07T02:33:41.585Z,179134042158501
"Uncalled bet of 1.50 returned to ""Cam @ eWUSzBpS1d""",2026-10-07T02:33:41.585Z,179134042158500
"""Dih @ GO72Iwd2XL"" folds",2026-10-07T02:33:40.769Z,179134042076900
"""Cam @ eWUSzBpS1d"" raises to 2.00",2026-10-07T02:33:37.880Z,179134041788000
"""Dih @ GO72Iwd2XL"" posts a big blind of 0.50",2026-10-07T02:33:35.776Z,179134041577605
"""Cam @ eWUSzBpS1d"" posts a small blind of 0.25",2026-10-07T02:33:35.776Z,179134041577604
"Your hand is 5♣, 5♦",2026-10-07T02:33:35.776Z,179134041577603
"Player stacks: #1 ""Dih @ GO72Iwd2XL"" (208.39) | #5 ""Cam @ eWUSzBpS1d"" (48.50)",2026-10-07T02:33:35.776Z,179134041577601
"-- starting hand #200 (id: e2wmb5hssyod)  No Limit Texas Hold'em (dealer: ""Cam @ eWUSzBpS1d"") --",2026-10-07T02:33:35.776Z,179134041577600
"Undealt cards: 2♦, 8♦, 9♠, 4♠ [9♣]",2026-10-07T02:33:29.693Z,179134040969300
"""Dih @ GO72Iwd2XL"" shows a 4♣, 2♣.",2026-10-07T02:33:29.563Z,179134040956300
"-- ending hand #199 --",2026-10-07T02:33:29.143Z,179134040914302
"""Dih @ GO72Iwd2XL"" collected 3.00 from pot",2026-10-07T02:33:29.143Z,179134040914301
"Uncalled bet of 2.25 returned to ""Dih @ GO72Iwd2XL""",2026-10-07T02:33:29.143Z,179134040914300
"""Cam @ eWUSzBpS1d"" folds",2026-10-07T02:33:28.328Z,179134040832800
"""Dih @ GO72Iwd2XL"" bets 2.25",2026-10-07T02:33:27.050Z,179134040705000
"""Cam @ eWUSzBpS1d"" checks",2026-10-07T02:33:22.419Z,179134040241900
"Turn: 2♦, 8♦, 9♠ [4♠]",2026-10-07T02:33:11.958Z,179134039195800
"""Dih @ GO72Iwd2XL"" checks",2026-10-07T02:33:11.128Z,179134039112800
"""Cam @ eWUSzBpS1d"" checks",2026-10-07T02:32:57.369Z,179134037736900
"Flop:  [2♦, 8♦, 9♠]",2026-10-07T02:32:56.754Z,179134037675400
"""Cam @ eWUSzBpS1d"" calls 1.50",2026-10-07T02:32:55.947Z,179134037594700
"""Dih @ GO72Iwd2XL"" raises to 1.50",2026-10-07T02:32:05.202Z,179134032520200
"""Cam @ eWUSzBpS1d"" posts a big blind of 0.50",2026-10-07T02:32:03.071Z,179134032307105
"""Dih @ GO72Iwd2XL"" posts a small blind of 0.25",2026-10-07T02:32:03.071Z,179134032307104
"Your hand is K♣, 6♠",2026-10-07T02:32:03.071Z,179134032307103
"Player stacks: #1 ""Dih @ GO72Iwd2XL"" (206.89) | #5 ""Cam @ eWUSzBpS1d"" (50.00)",2026-10-07T02:32:03.071Z,179134032307101
"-- starting hand #199 (id: wrb78sxu3hih)  No Limit Texas Hold'em (dealer: ""Dih @ GO72Iwd2XL"") --",2026-10-07T02:32:03.071Z,179134032307100
"-- ending hand #198 --",2026-10-07T02:32:00.154Z,179134032015402
"""Dih @ GO72Iwd2XL"" collected 0.50 from pot",2026-10-07T02:32:00.154Z,179134032015401
"Uncalled bet of 0.25 returned to ""Dih @ GO72Iwd2XL""",2026-10-07T02:32:00.154Z,179134032015400
"""Cam @ eWUSzBpS1d"" folds",2026-10-07T02:31:59.257Z,179134031925700
"""Dih @ GO72Iwd2XL"" posts a big blind of 0.50",2026-10-07T02:31:53.784Z,179134031378405
"""Cam @ eWUSzBpS1d"" posts a small blind of 0.25",2026-10-07T02:31:53.784Z,179134031378404
"Your hand is 5♠, 9♠",2026-10-07T02:31:53.784Z,179134031378403
"Player stacks: #1 ""Dih @ GO72Iwd2XL"" (206.64) | #5 ""Cam @ eWUSzBpS1d"" (50.25)",2026-10-07T02:31:53.784Z,179134031378401
"-- starting hand #198 (id: bxotcpxjhico)  No Limit Texas Hold'em (dealer: ""Cam @ eWUSzBpS1d"") --",2026-10-07T02:31:53.784Z,179134031378400
"Undealt cards:  [Q♠, J♠, 4♦, 7♦, 2♣]",2026-10-07T02:31:49.000Z,179134030900000
"""Cam @ eWUSzBpS1d"" shows a A♣.",2026-10-07T02:31:48.765Z,179134030876500
"""Cam @ eWUSzBpS1d"" shows a Q♣.",2026-10-07T02:31:48.420Z,179134030842000
"-- ending hand #197 --",2026-10-07T02:31:47.180Z,179134030718002
"""Cam @ eWUSzBpS1d"" collected 0.50 from pot",2026-10-07T02:31:47.180Z,179134030718001
"Uncalled bet of 0.25 returned to ""Cam @ eWUSzBpS1d""",2026-10-07T02:31:47.180Z,179134030718000
"""Dih @ GO72Iwd2XL"" folds",2026-10-07T02:31:46.320Z,179134030632000
"""Cam @ eWUSzBpS1d"" posts a big blind of 0.50",2026-10-07T02:31:42.014Z,179134030201406
"""Dih @ GO72Iwd2XL"" posts a small blind of 0.25",2026-10-07T02:31:42.014Z,179134030201405
"Your hand is A♣, Q♣",2026-10-07T02:31:42.014Z,179134030201404
"Player stacks: #1 ""Dih @ GO72Iwd2XL"" (206.89) | #5 ""Cam @ eWUSzBpS1d"" (50.00)",2026-10-07T02:31:42.014Z,179134030201402
"-- starting hand #197 (id: 55mo3tgkauil)  No Limit Texas Hold'em (dealer: ""Dih @ GO72Iwd2XL"") --",2026-10-07T02:31:42.014Z,179134030201401
"The player ""Cam @ eWUSzBpS1d"" rebought. New stack 50.00.",2026-10-07T02:31:42.014Z,179134030201400
"Waiting for the game owner to approve or reject pending rebuy requests.",2026-10-07T02:31:39.895Z,179134029989501
"The player ""Cam @ eWUSzBpS1d"" requested a rebuy of 50.00.",2026-10-07T02:31:39.895Z,179134029989500
"Asking to busted players the rebuy decision.",2026-10-07T02:31:36.270Z,179134029627000
"-- ending hand #196 --",2026-10-07T02:31:30.258Z,179134029025804
"""Cam @ eWUSzBpS1d"" shows a J♣, K♣.",2026-10-07T02:31:30.258Z,179134029025803
"""Dih @ GO72Iwd2XL"" collected 98.50 from pot with Straight, 5 High (combination: A♠, 2♣, 3♠, 4♦, 5♥)",2026-10-07T02:31:30.258Z,179134029025802
"""Dih @ GO72Iwd2XL"" shows a A♠, 3♠.",2026-10-07T02:31:30.258Z,179134029025801
"Uncalled bet of 108.39 returned to ""Dih @ GO72Iwd2XL""",2026-10-07T02:31:30.258Z,179134029025800
"""Cam @ eWUSzBpS1d"" calls 26.75 and go all in",2026-10-07T02:31:29.431Z,179134028943100
"""Dih @ GO72Iwd2XL"" raises to 135.14 and go all in",2026-10-07T02:31:20.179Z,179134028017900
"""Cam @ eWUSzBpS1d"" raises to 10.00",2026-10-07T02:31:08.751Z,179134026875100
"""Dih @ GO72Iwd2XL"" bets 5.00",2026-10-07T02:30:53.075Z,179134025307500
"River: 4♦, K♠, 5♥, 2♣ [J♥]",2026-10-07T02:30:39.258Z,179134023925800
"""Dih @ GO72Iwd2XL"" calls 10.00",2026-10-07T02:30:38.396Z,179134023839600
"""Cam @ eWUSzBpS1d"" bets 10.00",2026-10-07T02:30:28.923Z,179134022892300
"""Dih @ GO72Iwd2XL"" checks",2026-10-07T02:30:23.516Z,179134022351600
"Turn: 4♦, K♠, 5♥ [2♣]",2026-10-07T02:30:17.971Z,179134021797100
"""Dih @ GO72Iwd2XL"" calls 8.00",2026-10-07T02:30:17.151Z,179134021715100
"""Cam @ eWUSzBpS1d"" raises to 8.00",2026-10-07T02:30:07.931Z,179134020793100
"""Dih @ GO72Iwd2XL"" bets 3.50",2026-10-07T02:29:53.149Z,179134019314900
"Flop:  [4♦, K♠, 5♥]",2026-10-07T02:29:47.331Z,179134018733100
"""Cam @ eWUSzBpS1d"" calls 4.50",2026-10-07T02:29:46.400Z,179134018640000
"""Dih @ GO72Iwd2XL"" raises to 4.50",2026-10-07T02:29:44.397Z,179134018439700
"""Cam @ eWUSzBpS1d"" raises to 2.00",2026-10-07T02:29:40.315Z,179134018031500
"""Dih @ GO72Iwd2XL"" posts a big blind of 0.50",2026-10-07T02:29:35.344Z,179134017534405
"""Cam @ eWUSzBpS1d"" posts a small blind of 0.25",2026-10-07T02:29:35.344Z,179134017534404
"Your hand is J♣, K♣",2026-10-07T02:29:35.344Z,179134017534403
"Player stacks: #1 ""Dih @ GO72Iwd2XL"" (157.64) | #5 ""Cam @ eWUSzBpS1d"" (49.25)",2026-10-07T02:29:35.344Z,179134017534401
"-- starting hand #196 (id: hb3a2zu4bcum)  No Limit Texas Hold'em (dealer: ""Cam @ eWUSzBpS1d"") --",2026-10-07T02:29:35.344Z,179134017534400
"-- ending hand #195 --",2026-10-07T02:29:29.317Z,179134016931702
"""Dih @ GO72Iwd2XL"" collected 7.50 from pot with Full House, 7's over Q's (combination: Q♥, Q♠, 7♣, 7♦, 7♥)",2026-10-07T02:29:29.317Z,179134016931701
"""Dih @ GO72Iwd2XL"" shows a 8♥, 7♣.",2026-10-07T02:29:29.317Z,179134016931700
"""Dih @ GO72Iwd2XL"" checks",2026-10-07T02:29:28.379Z,179134016837900
"""Cam @ eWUSzBpS1d"" checks",2026-10-07T02:29:19.236Z,179134015923600
"River: 7♦, 7♥, 8♣, Q♥ [Q♠]",2026-10-07T02:29:17.491Z,179134015749100
"""Dih @ GO72Iwd2XL"" checks",2026-10-07T02:29:16.652Z,179134015665200
"""Cam @ eWUSzBpS1d"" checks",2026-10-07T02:29:13.232Z,179134015323200
"Turn: 7♦, 7♥, 8♣ [Q♥]",2026-10-07T02:29:11.124Z,179134015112400
"""Cam @ eWUSzBpS1d"" calls 2.25",2026-10-07T02:29:10.321Z,179134015032100
"""Dih @ GO72Iwd2XL"" bets 2.25",2026-10-07T02:29:08.271Z,179134014827100
"""Cam @ eWUSzBpS1d"" checks",2026-10-07T02:29:04.304Z,179134014430400
"Flop:  [7♦, 7♥, 8♣]",2026-10-07T02:29:01.905Z,179134014190500
"""Dih @ GO72Iwd2XL"" calls 1.50",2026-10-07T02:29:01.034Z,179134014103400
"""Cam @ eWUSzBpS1d"" raises to 1.50",2026-10-07T02:28:54.562Z,179134013456200
"""Dih @ GO72Iwd2XL"" calls 0.50",2026-10-07T02:28:40.128Z,179134012012800
"""Cam @ eWUSzBpS1d"" posts a big blind of 0.50",2026-10-07T02:28:38.419Z,179134011841905
"""Dih @ GO72Iwd2XL"" posts a small blind of 0.25",2026-10-07T02:28:38.419Z,179134011841904
"Your hand is K♥, 10♥",2026-10-07T02:28:38.419Z,179134011841903
"Player stacks: #1 ""Dih @ GO72Iwd2XL"" (153.89) | #5 ""Cam @ eWUSzBpS1d"" (53.00)",2026-10-07T02:28:38.419Z,179134011841901
"-- starting hand #195 (id: 2s6jfaurw3u1)  No Limit Texas Hold'em (dealer: ""Dih @ GO72Iwd2XL"") --",2026-10-07T02:28:38.419Z,179134011841900
"-- ending hand #194 --",2026-10-07T02:28:32.417Z,179134011241703
"""Dih @ GO72Iwd2XL"" collected 5.00 from pot with Two Pair, K's & 5's (combination: 10♠, 5♥, 5♣, K♦, K♣)",2026-10-07T02:28:32.417Z,179134011241702
"""Dih @ GO72Iwd2XL"" shows a 5♥, 5♣.",2026-10-07T02:28:32.417Z,179134011241701
"""Cam @ eWUSzBpS1d"" shows a 9♦, 8♥.",2026-10-07T02:28:32.417Z,179134011241700
"""Cam @ eWUSzBpS1d"" checks",2026-10-07T02:28:31.613Z,179134011161300
"""Dih @ GO72Iwd2XL"" checks",2026-10-07T02:28:30.734Z,179134011073400
"River: 3♦, 10♠, K♦, K♣ [4♥]",2026-10-07T02:28:29.639Z,179134010963900
"""Cam @ eWUSzBpS1d"" checks",2026-10-07T02:28:28.807Z,179134010880700
"""Dih @ GO72Iwd2XL"" checks",2026-10-07T02:28:27.873Z,179134010787300
"Turn: 3♦, 10♠, K♦ [K♣]",2026-10-07T02:28:26.177Z,179134010617700
"""Cam @ eWUSzBpS1d"" checks",2026-10-07T02:28:25.264Z,179134010526400
"""Dih @ GO72Iwd2XL"" checks",2026-10-07T02:28:24.422Z,179134010442200
"Flop:  [3♦, 10♠, K♦]",2026-10-07T02:28:19.196Z,179134009919600
"""Cam @ eWUSzBpS1d"" calls 2.50",2026-10-07T02:28:18.380Z,179134009838000
"""Dih @ GO72Iwd2XL"" raises to 2.50",2026-10-07T02:28:16.250Z,179134009625000
"""Cam @ eWUSzBpS1d"" calls 0.50",2026-10-07T02:28:12.064Z,179134009206400
"""Dih @ GO72Iwd2XL"" posts a big blind of 0.50",2026-10-07T02:27:55.989Z,179134007598905
"""Cam @ eWUSzBpS1d"" posts a small blind of 0.25",2026-10-07T02:27:55.989Z,179134007598904
"Your hand is 9♦, 8♥",2026-10-07T02:27:55.989Z,179134007598903
"Player stacks: #1 ""Dih @ GO72Iwd2XL"" (151.39) | #5 ""Cam @ eWUSzBpS1d"" (55.50)",2026-10-07T02:27:55.989Z,179134007598901
"-- starting hand #194 (id: klkddtqudhjm)  No Limit Texas Hold'em (dealer: ""Cam @ eWUSzBpS1d"") --",2026-10-07T02:27:55.989Z,179134007598900
"""Cam @ eWUSzBpS1d"" shows a A♠.",2026-10-07T02:27:54.315Z,179134007431500
"-- ending hand #193 --",2026-10-07T02:27:52.347Z,179134007234702
"""Dih @ GO72Iwd2XL"" collected 9.00 from pot",2026-10-07T02:27:52.347Z,179134007234701
"Uncalled bet of 7.75 returned to ""Dih @ GO72Iwd2XL""",2026-10-07T02:27:52.347Z,179134007234700
"""Cam @ eWUSzBpS1d"" folds",2026-10-07T02:27:51.524Z,179134007152400
"""Dih @ GO72Iwd2XL"" bets 7.75",2026-10-07T02:27:48.706Z,179134006870600
"""Cam @ eWUSzBpS1d"" checks",2026-10-07T02:27:42.540Z,179134006254000
"River: 2♠, K♥, 8♣, 2♦ [2♥]",2026-10-07T02:27:41.540Z,179134006154000
"""Cam @ eWUSzBpS1d"" calls 2.50",2026-10-07T02:27:40.732Z,179134006073200
"""Dih @ GO72Iwd2XL"" bets 2.50",2026-10-07T02:27:38.254Z,179134005825400
"""Cam @ eWUSzBpS1d"" checks",2026-10-07T02:27:34.062Z,179134005406200
"Turn: 2♠, K♥, 8♣ [2♦]",2026-10-07T02:27:33.318Z,179134005331800
"""Dih @ GO72Iwd2XL"" checks",2026-10-07T02:27:32.483Z,179134005248300
"""Cam @ eWUSzBpS1d"" checks",2026-10-07T02:27:23.538Z,179134004353800
"Flop:  [2♠, K♥, 8♣]",2026-10-07T02:27:21.040Z,179134004104000
"""Dih @ GO72Iwd2XL"" calls 2.00",2026-10-07T02:27:20.181Z,179134004018100
"""Cam @ eWUSzBpS1d"" raises to 2.00",2026-10-07T02:27:17.379Z,179134003737900
"""Dih @ GO72Iwd2XL"" calls 0.50",2026-10-07T02:27:10.604Z,179134003060400
"""Cam @ eWUSzBpS1d"" posts a big blind of 0.50",2026-10-07T02:27:02.917Z,179134002291705
"""Dih @ GO72Iwd2XL"" posts a small blind of 0.25",2026-10-07T02:27:02.917Z,179134002291704
"Your hand is 10♥, A♠",2026-10-07T02:27:02.917Z,179134002291703
"Player stacks: #1 ""Dih @ GO72Iwd2XL"" (146.89) | #5 ""Cam @ eWUSzBpS1d"" (60.00)",2026-10-07T02:27:02.917Z,179134002291701
"-- starting hand #193 (id: p8mewetlvk5o)  No Limit Texas Hold'em (dealer: ""Dih @ GO72Iwd2XL"") --",2026-10-07T02:27:02.917Z,179134002291700
"Undealt cards:  [9♠, Q♠, J♦, 6♠, 2♦]",2026-10-07T02:26:57.589Z,179134001758900
"-- ending hand #192 --",2026-10-07T02:26:56.992Z,179134001699202
"""Dih @ GO72Iwd2XL"" collected 0.50 from pot",2026-10-07T02:26:56.992Z,179134001699201
"Uncalled bet of 0.25 returned to ""Dih @ GO72Iwd2XL""",2026-10-07T02:26:56.992Z,179134001699200
"""Cam @ eWUSzBpS1d"" folds",2026-10-07T02:26:56.134Z,179134001613400
"""Dih @ GO72Iwd2XL"" posts a big blind of 0.50",2026-10-07T02:26:54.791Z,179134001479105
"""Cam @ eWUSzBpS1d"" posts a small blind of 0.25",2026-10-07T02:26:54.791Z,179134001479104
"Your hand is 10♣, 2♥",2026-10-07T02:26:54.791Z,179134001479103
"Player stacks: #1 ""Dih @ GO72Iwd2XL"" (146.64) | #5 ""Cam @ eWUSzBpS1d"" (60.25)",2026-10-07T02:26:54.791Z,179134001479101
"-- starting hand #192 (id: vc228btkhv9q)  No Limit Texas Hold'em (dealer: ""Cam @ eWUSzBpS1d"") --",2026-10-07T02:26:54.791Z,179134001479100
"Undealt cards:  [4♣, J♠, A♦, 9♦, K♠]",2026-10-07T02:26:49.099Z,179134000909900
"-- ending hand #191 --",2026-10-07T02:26:48.879Z,179134000887902
"""Cam @ eWUSzBpS1d"" collected 0.50 from pot",2026-10-07T02:26:48.879Z,179134000887901
"Uncalled bet of 0.25 returned to ""Cam @ eWUSzBpS1d""",2026-10-07T02:26:48.879Z,179134000887900
"""Dih @ GO72Iwd2XL"" folds",2026-10-07T02:26:48.075Z,179134000807500
"""Cam @ eWUSzBpS1d"" posts a big blind of 0.50",2026-10-07T02:26:46.854Z,179134000685405
"""Dih @ GO72Iwd2XL"" posts a small blind of 0.25",2026-10-07T02:26:46.854Z,179134000685404
"Your hand is 5♦, 3♠",2026-10-07T02:26:46.854Z,179134000685403
"Player stacks: #1 ""Dih @ GO72Iwd2XL"" (146.89) | #5 ""Cam @ eWUSzBpS1d"" (60.00)",2026-10-07T02:26:46.854Z,179134000685401
"-- starting hand #191 (id: vgfcnraps4ec)  No Limit Texas Hold'em (dealer: ""Dih @ GO72Iwd2XL"") --",2026-10-07T02:26:46.854Z,179134000685400
"-- ending hand #190 --",2026-10-07T02:26:40.849Z,179134000084902
"""Cam @ eWUSzBpS1d"" collected 1.00 from pot with Pair, 10's (combination: 6♠, 8♠, A♦, 10♥, 10♣)",2026-10-07T02:26:40.849Z,179134000084901
"""Cam @ eWUSzBpS1d"" shows a 4♦, A♦.",2026-10-07T02:26:40.849Z,179134000084900
"""Cam @ eWUSzBpS1d"" checks",2026-10-07T02:26:40.031Z,179134000003100
"""Dih @ GO72Iwd2XL"" checks",2026-10-07T02:26:39.178Z,179133999917800
"River: 10♥, 8♠, 5♣, 6♠ [10♣]",2026-10-07T02:26:38.000Z,179133999800000
"""Cam @ eWUSzBpS1d"" checks",2026-10-07T02:26:37.187Z,179133999718700
"""Dih @ GO72Iwd2XL"" checks",2026-10-07T02:26:36.341Z,179133999634100
"Turn: 10♥, 8♠, 5♣ [6♠]",2026-10-07T02:26:34.362Z,179133999436200
"""Cam @ eWUSzBpS1d"" checks",2026-10-07T02:26:33.498Z,179133999349800
"""Dih @ GO72Iwd2XL"" checks",2026-10-07T02:26:32.583Z,179133999258300
"Flop:  [10♥, 8♠, 5♣]",2026-10-07T02:26:30.047Z,179133999004700
"""Dih @ GO72Iwd2XL"" checks",2026-10-07T02:26:29.207Z,179133998920700
"""Cam @ eWUSzBpS1d"" calls 0.50",2026-10-07T02:26:27.399Z,179133998739900
"""Dih @ GO72Iwd2XL"" posts a big blind of 0.50",2026-10-07T02:26:26.271Z,179133998627105
"""Cam @ eWUSzBpS1d"" posts a small blind of 0.25",2026-10-07T02:26:26.271Z,179133998627104
"Your hand is 4♦, A♦",2026-10-07T02:26:26.271Z,179133998627103
"Player stacks: #1 ""Dih @ GO72Iwd2XL"" (147.39) | #5 ""Cam @ eWUSzBpS1d"" (59.50)",2026-10-07T02:26:26.271Z,179133998627101
"-- starting hand #190 (id: ptuctmmj1wwd)  No Limit Texas Hold'em (dealer: ""Cam @ eWUSzBpS1d"") --",2026-10-07T02:26:26.271Z,179133998627100
"-- ending hand #189 --",2026-10-07T02:26:20.246Z,179133998024602
"""Dih @ GO72Iwd2XL"" collected 1.00 from pot with A High (combination: 5♠, 9♦, Q♣, K♦, A♠)",2026-10-07T02:26:20.246Z,179133998024601
"""Dih @ GO72Iwd2XL"" shows a Q♣, 9♦.",2026-10-07T02:26:20.246Z,179133998024600
"""Dih @ GO72Iwd2XL"" checks",2026-10-07T02:26:19.431Z,179133997943100
"""Cam @ eWUSzBpS1d"" checks",2026-10-07T02:26:17.640Z,179133997764000
"River: K♦, 2♥, 5♠, A♠ [3♦]",2026-10-07T02:26:16.843Z,179133997684300
"""Dih @ GO72Iwd2XL"" checks",2026-10-07T02:26:16.011Z,179133997601100
"""Cam @ eWUSzBpS1d"" checks",2026-10-07T02:26:15.107Z,179133997510700
"Turn: K♦, 2♥, 5♠ [A♠]",2026-10-07T02:26:13.547Z,179133997354700
"""Dih @ GO72Iwd2XL"" checks",2026-10-07T02:26:12.723Z,179133997272300
"""Cam @ eWUSzBpS1d"" checks",2026-10-07T02:26:10.433Z,179133997043300
"Flop:  [K♦, 2♥, 5♠]",2026-10-07T02:26:09.283Z,179133996928300
"""Cam @ eWUSzBpS1d"" checks",2026-10-07T02:26:08.457Z,179133996845700
"""Dih @ GO72Iwd2XL"" calls 0.50",2026-10-07T02:26:07.604Z,179133996760400
"""Cam @ eWUSzBpS1d"" posts a big blind of 0.50",2026-10-07T02:26:06.282Z,179133996628205
"""Dih @ GO72Iwd2XL"" posts a small blind of 0.25",2026-10-07T02:26:06.282Z,179133996628204
"Your hand is Q♥, 8♣",2026-10-07T02:26:06.282Z,179133996628203
"Player stacks: #1 ""Dih @ GO72Iwd2XL"" (146.89) | #5 ""Cam @ eWUSzBpS1d"" (60.00)",2026-10-07T02:26:06.282Z,179133996628201
"-- starting hand #189 (id: zlxqhtyuzngk)  No Limit Texas Hold'em (dealer: ""Dih @ GO72Iwd2XL"") --",2026-10-07T02:26:06.282Z,179133996628200
"""Cam @ eWUSzBpS1d"" shows a 2♥.",2026-10-07T02:26:00.824Z,179133996082400
"""Cam @ eWUSzBpS1d"" shows a 2♦.",2026-10-07T02:26:00.780Z,179133996078000
"Undealt cards:  [3♥, 10♦, 10♣, 4♥, 5♥]",2026-10-07T02:26:00.095Z,179133996009500
"-- ending hand #188 --",2026-10-07T02:25:59.654Z,179133995965402
"""Cam @ eWUSzBpS1d"" collected 1.00 from pot",2026-10-07T02:25:59.654Z,179133995965401
"Uncalled bet of 0.50 returned to ""Cam @ eWUSzBpS1d""",2026-10-07T02:25:59.654Z,179133995965400
"""Dih @ GO72Iwd2XL"" folds",2026-10-07T02:25:58.778Z,179133995877800
"""Cam @ eWUSzBpS1d"" raises to 1.00",2026-10-07T02:25:54.992Z,179133995499200
"""Dih @ GO72Iwd2XL"" posts a big blind of 0.50",2026-10-07T02:25:51.652Z,179133995165205
"""Cam @ eWUSzBpS1d"" posts a small blind of 0.25",2026-10-07T02:25:51.652Z,179133995165204
"Your hand is 2♦, 2♥",2026-10-07T02:25:51.652Z,179133995165203
"Player stacks: #1 ""Dih @ GO72Iwd2XL"" (147.39) | #5 ""Cam @ eWUSzBpS1d"" (59.50)",2026-10-07T02:25:51.652Z,179133995165201
"-- starting hand #188 (id: rl9ysayxdflh)  No Limit Texas Hold'em (dealer: ""Cam @ eWUSzBpS1d"") --",2026-10-07T02:25:51.652Z,179133995165200
"Undealt cards: 3♣, 2♠, A♠ [5♠, J♦]",2026-10-07T02:25:46.684Z,179133994668400
"-- ending hand #187 --",2026-10-07T02:25:45.746Z,179133994574602
"""Cam @ eWUSzBpS1d"" collected 1.00 from pot",2026-10-07T02:25:45.746Z,179133994574601
"Uncalled bet of 0.50 returned to ""Cam @ eWUSzBpS1d""",2026-10-07T02:25:45.746Z,179133994574600
"""Dih @ GO72Iwd2XL"" folds",2026-10-07T02:25:44.913Z,179133994491300
"""Cam @ eWUSzBpS1d"" bets 0.50",2026-10-07T02:25:38.607Z,179133993860700
"Flop:  [3♣, 2♠, A♠]",2026-10-07T02:25:36.438Z,179133993643800
"""Cam @ eWUSzBpS1d"" checks",2026-10-07T02:25:35.617Z,179133993561700
"""Dih @ GO72Iwd2XL"" calls 0.50",2026-10-07T02:25:34.690Z,179133993469000
"""Cam @ eWUSzBpS1d"" posts a big blind of 0.50",2026-10-07T02:25:33.331Z,179133993333105
"""Dih @ GO72Iwd2XL"" posts a small blind of 0.25",2026-10-07T02:25:33.331Z,179133993333104
"Your hand is A♣, 9♥",2026-10-07T02:25:33.331Z,179133993333103
"Player stacks: #1 ""Dih @ GO72Iwd2XL"" (147.89) | #5 ""Cam @ eWUSzBpS1d"" (59.00)",2026-10-07T02:25:33.331Z,179133993333101
"-- starting hand #187 (id: rrejxtii3fs0)  No Limit Texas Hold'em (dealer: ""Dih @ GO72Iwd2XL"") --",2026-10-07T02:25:33.331Z,179133993333100
"Undealt cards:  [5♠, J♠, Q♣, J♥, J♣]",2026-10-07T02:25:28.081Z,179133992808100
"-- ending hand #186 --",2026-10-07T02:25:27.428Z,179133992742802
"""Dih @ GO72Iwd2XL"" collected 0.50 from pot",2026-10-07T02:25:27.428Z,179133992742801
"Uncalled bet of 0.25 returned to ""Dih @ GO72Iwd2XL""",2026-10-07T02:25:27.428Z,179133992742800
"""Cam @ eWUSzBpS1d"" folds",2026-10-07T02:25:26.616Z,179133992661600
"""Dih @ GO72Iwd2XL"" posts a big blind of 0.50",2026-10-07T02:25:25.136Z,179133992513605
"""Cam @ eWUSzBpS1d"" posts a small blind of 0.25",2026-10-07T02:25:25.136Z,179133992513604
"Your hand is 10♦, 3♣",2026-10-07T02:25:25.136Z,179133992513603
"Player stacks: #1 ""Dih @ GO72Iwd2XL"" (147.64) | #5 ""Cam @ eWUSzBpS1d"" (59.25)",2026-10-07T02:25:25.136Z,179133992513601
"-- starting hand #186 (id: ufloruhbkhzb)  No Limit Texas Hold'em (dealer: ""Cam @ eWUSzBpS1d"") --",2026-10-07T02:25:25.136Z,179133992513600
"""Dih @ GO72Iwd2XL"" shows a 6♦, 6♥.",2026-10-07T02:25:19.987Z,179133991998700
"-- ending hand #185 --",2026-10-07T02:25:18.624Z,179133991862402
"""Cam @ eWUSzBpS1d"" collected 12.00 from pot with Two Pair, 8's & 3's (combination: J♠, 3♠, 3♦, 8♣, 8♦)",2026-10-07T02:25:18.624Z,179133991862401
"""Cam @ eWUSzBpS1d"" shows a 8♣, 8♦.",2026-10-07T02:25:18.624Z,179133991862400
"""Dih @ GO72Iwd2XL"" calls 0.50",2026-10-07T02:25:17.804Z,179133991780400
"""Cam @ eWUSzBpS1d"" bets 0.50",2026-10-07T02:25:16.814Z,179133991681400
"River: 5♣, J♠, 3♠, 7♦ [3♦]",2026-10-07T02:25:14.675Z,179133991467500
"""Dih @ GO72Iwd2XL"" calls 2.00",2026-10-07T02:25:13.856Z,179133991385600
"""Cam @ eWUSzBpS1d"" bets 2.00",2026-10-07T02:25:12.142Z,179133991214200
"Turn: 5♣, J♠, 3♠ [7♦]",2026-10-07T02:25:07.873Z,179133990787300
"""Dih @ GO72Iwd2XL"" calls 1.00",2026-10-07T02:25:07.050Z,179133990705000
"""Cam @ eWUSzBpS1d"" bets 1.00",2026-10-07T02:25:05.516Z,179133990551600
"Flop:  [5♣, J♠, 3♠]",2026-10-07T02:25:00.861Z,179133990086100
"""Dih @ GO72Iwd2XL"" calls 2.50",2026-10-07T02:25:00.044Z,179133990004400
"""Cam @ eWUSzBpS1d"" raises to 2.50",2026-10-07T02:24:57.439Z,179133989743900
"""Dih @ GO72Iwd2XL"" raises to 1.50",2026-10-07T02:24:52.385Z,179133989238500
"""Cam @ eWUSzBpS1d"" posts a big blind of 0.50",2026-10-07T02:24:49.579Z,179133988957905
"""Dih @ GO72Iwd2XL"" posts a small blind of 0.25",2026-10-07T02:24:49.579Z,179133988957904
"Your hand is 8♣, 8♦",2026-10-07T02:24:49.579Z,179133988957903
"Player stacks: #1 ""Dih @ GO72Iwd2XL"" (153.64) | #5 ""Cam @ eWUSzBpS1d"" (53.25)",2026-10-07T02:24:49.579Z,179133988957901
"-- starting hand #185 (id: bchu0ajeqzbo)  No Limit Texas Hold'em (dealer: ""Dih @ GO72Iwd2XL"") --",2026-10-07T02:24:49.579Z,179133988957900
"""Dih @ GO72Iwd2XL"" shows a 7♥, 10♦.",2026-10-07T02:24:43.898Z,179133988389800
"Undealt cards:  [5♦, 3♦, J♠, 8♣, 8♦]",2026-10-07T02:24:43.132Z,179133988313200
"""Cam @ eWUSzBpS1d"" shows a 5♠.",2026-10-07T02:24:42.522Z,179133988252200
"""Cam @ eWUSzBpS1d"" shows a J♣.",2026-10-07T02:24:42.497Z,179133988249700
"-- ending hand #184 --",2026-10-07T02:24:42.250Z,179133988225002
"""Dih @ GO72Iwd2XL"" collected 0.50 from pot",2026-10-07T02:24:42.250Z,179133988225001
"Uncalled bet of 0.25 returned to ""Dih @ GO72Iwd2XL""",2026-10-07T02:24:42.250Z,179133988225000
"""Cam @ eWUSzBpS1d"" folds",2026-10-07T02:24:41.376Z,179133988137600
"""Dih @ GO72Iwd2XL"" posts a big blind of 0.50",2026-10-07T02:24:40.251Z,179133988025105
"""Cam @ eWUSzBpS1d"" posts a small blind of 0.25",2026-10-07T02:24:40.251Z,179133988025104
"Your hand is 5♠, J♣",2026-10-07T02:24:40.251Z,179133988025103
"Player stacks: #1 ""Dih @ GO72Iwd2XL"" (153.39) | #5 ""Cam @ eWUSzBpS1d"" (53.50)",2026-10-07T02:24:40.251Z,179133988025101
"-- starting hand #184 (id: x0jtx5gsv9gz)  No Limit Texas Hold'em (dealer: ""Cam @ eWUSzBpS1d"") --",2026-10-07T02:24:40.251Z,179133988025100
"-- ending hand #183 --",2026-10-07T02:24:37.338Z,179133987733802
"""Cam @ eWUSzBpS1d"" collected 0.50 from pot",2026-10-07T02:24:37.338Z,179133987733801
"Uncalled bet of 0.25 returned to ""Cam @ eWUSzBpS1d""",2026-10-07T02:24:37.338Z,179133987733800
"""Dih @ GO72Iwd2XL"" folds",2026-10-07T02:24:36.517Z,179133987651700
"""Cam @ eWUSzBpS1d"" posts a big blind of 0.50",2026-10-07T02:24:34.483Z,179133987448305
"""Dih @ GO72Iwd2XL"" posts a small blind of 0.25",2026-10-07T02:24:34.483Z,179133987448304
"Your hand is Q♥, 9♥",2026-10-07T02:24:34.483Z,179133987448303
"Player stacks: #1 ""Dih @ GO72Iwd2XL"" (153.64) | #5 ""Cam @ eWUSzBpS1d"" (53.25)",2026-10-07T02:24:34.483Z,179133987448301
"-- starting hand #183 (id: btt82xwewoym)  No Limit Texas Hold'em (dealer: ""Dih @ GO72Iwd2XL"") --",2026-10-07T02:24:34.483Z,179133987448300
"""Cam @ eWUSzBpS1d"" shows a 5♣, J♠.",2026-10-07T02:24:33.173Z,179133987317300
"Undealt cards:  [A♣, 10♠, 10♣, 4♥, 8♣]",2026-10-07T02:24:28.237Z,179133986823700
"""Dih @ GO72Iwd2XL"" shows a A♦, K♠.",2026-10-07T02:24:27.969Z,179133986796900
"-- ending hand #182 --",2026-10-07T02:24:27.168Z,179133986716802
"""Dih @ GO72Iwd2XL"" collected 0.50 from pot",2026-10-07T02:24:27.168Z,179133986716801
"Uncalled bet of 0.25 returned to ""Dih @ GO72Iwd2XL""",2026-10-07T02:24:27.168Z,179133986716800
"""Cam @ eWUSzBpS1d"" folds",2026-10-07T02:24:26.349Z,179133986634900
"""Dih @ GO72Iwd2XL"" posts a big blind of 0.50",2026-10-07T02:24:23.931Z,179133986393105
"""Cam @ eWUSzBpS1d"" posts a small blind of 0.25",2026-10-07T02:24:23.931Z,179133986393104
"Your hand is 5♣, J♠",2026-10-07T02:24:23.931Z,179133986393103
"Player stacks: #1 ""Dih @ GO72Iwd2XL"" (153.39) | #5 ""Cam @ eWUSzBpS1d"" (53.50)",2026-10-07T02:24:23.931Z,179133986393101
"-- starting hand #182 (id: ghpxwapdkj5a)  No Limit Texas Hold'em (dealer: ""Cam @ eWUSzBpS1d"") --",2026-10-07T02:24:23.931Z,179133986393100
"Undealt cards:  [5♠, 7♠, A♣, Q♥, 5♦]",2026-10-07T02:24:18.590Z,179133985859000
"-- ending hand #181 --",2026-10-07T02:24:18.016Z,179133985801602
"""Cam @ eWUSzBpS1d"" collected 0.50 from pot",2026-10-07T02:24:18.016Z,179133985801601
"Uncalled bet of 0.25 returned to ""Cam @ eWUSzBpS1d""",2026-10-07T02:24:18.016Z,179133985801600
"""Dih @ GO72Iwd2XL"" folds",2026-10-07T02:24:17.203Z,179133985720300
"""Cam @ eWUSzBpS1d"" posts a big blind of 0.50",2026-10-07T02:24:14.510Z,179133985451005
"""Dih @ GO72Iwd2XL"" posts a small blind of 0.25",2026-10-07T02:24:14.510Z,179133985451004
"Your hand is 6♦, 9♠",2026-10-07T02:24:14.510Z,179133985451003
"Player stacks: #1 ""Dih @ GO72Iwd2XL"" (153.64) | #5 ""Cam @ eWUSzBpS1d"" (53.25)",2026-10-07T02:24:14.510Z,179133985451001
"-- starting hand #181 (id: 3qqj7jeycwby)  No Limit Texas Hold'em (dealer: ""Dih @ GO72Iwd2XL"") --",2026-10-07T02:24:14.510Z,179133985451000
"Undealt cards:  [K♥, 7♥, 5♦, 4♠, 5♣]",2026-10-07T02:24:11.186Z,179133985118600
"-- ending hand #180 --",2026-10-07T02:24:08.604Z,179133984860402
"""Dih @ GO72Iwd2XL"" collected 0.50 from pot",2026-10-07T02:24:08.604Z,179133984860401
"Uncalled bet of 0.25 returned to ""Dih @ GO72Iwd2XL""",2026-10-07T02:24:08.604Z,179133984860400
"""Cam @ eWUSzBpS1d"" folds",2026-10-07T02:24:07.773Z,179133984777300
"""Dih @ GO72Iwd2XL"" posts a big blind of 0.50",2026-10-07T02:24:05.413Z,179133984541305
"""Cam @ eWUSzBpS1d"" posts a small blind of 0.25",2026-10-07T02:24:05.413Z,179133984541304
"Your hand is 4♣, A♥",2026-10-07T02:24:05.413Z,179133984541303
"Player stacks: #1 ""Dih @ GO72Iwd2XL"" (153.39) | #5 ""Cam @ eWUSzBpS1d"" (53.50)",2026-10-07T02:24:05.413Z,179133984541301
"-- starting hand #180 (id: lzmd8kudzrdu)  No Limit Texas Hold'em (dealer: ""Cam @ eWUSzBpS1d"") --",2026-10-07T02:24:05.413Z,179133984541300
"-- ending hand #179 --",2026-10-07T02:24:02.488Z,179133984248802
"""Cam @ eWUSzBpS1d"" collected 1.00 from pot",2026-10-07T02:24:02.488Z,179133984248801
"Uncalled bet of 0.50 returned to ""Cam @ eWUSzBpS1d""",2026-10-07T02:24:02.488Z,179133984248800
"""Dih @ GO72Iwd2XL"" folds",2026-10-07T02:24:01.658Z,179133984165800
"""Cam @ eWUSzBpS1d"" bets 0.50",2026-10-07T02:24:00.457Z,179133984045700
"River: 8♦, 5♦, A♥, 2♠ [7♥]",2026-10-07T02:23:57.698Z,179133983769800
"""Dih @ GO72Iwd2XL"" checks",2026-10-07T02:23:56.889Z,179133983688900
"""Cam @ eWUSzBpS1d"" checks",2026-10-07T02:23:54.444Z,179133983444400
"Turn: 8♦, 5♦, A♥ [2♠]",2026-10-07T02:23:53.366Z,179133983336600
"""Dih @ GO72Iwd2XL"" checks",2026-10-07T02:23:52.506Z,179133983250600
"""Cam @ eWUSzBpS1d"" checks",2026-10-07T02:23:51.056Z,179133983105600
"Flop:  [8♦, 5♦, A♥]",2026-10-07T02:23:49.487Z,179133982948700
"""Cam @ eWUSzBpS1d"" checks",2026-10-07T02:23:48.682Z,179133982868200
"""Dih @ GO72Iwd2XL"" calls 0.50",2026-10-07T02:23:46.665Z,179133982666500
"""Cam @ eWUSzBpS1d"" posts a big blind of 0.50",2026-10-07T02:23:45.361Z,179133982536105
"""Dih @ GO72Iwd2XL"" posts a small blind of 0.25",2026-10-07T02:23:45.361Z,179133982536104
"Your hand is 10♥, 7♣",2026-10-07T02:23:45.361Z,179133982536103
"Player stacks: #1 ""Dih @ GO72Iwd2XL"" (153.89) | #5 ""Cam @ eWUSzBpS1d"" (53.00)",2026-10-07T02:23:45.361Z,179133982536101
"-- starting hand #179 (id: qi8gdkv3c3pz)  No Limit Texas Hold'em (dealer: ""Dih @ GO72Iwd2XL"") --",2026-10-07T02:23:45.361Z,179133982536100
"""Dih @ GO72Iwd2XL"" shows a J♦, A♥.",2026-10-07T02:23:39.720Z,179133981972000
"""Cam @ eWUSzBpS1d"" shows a Q♠, 2♠.",2026-10-07T02:23:39.320Z,179133981932000
"Undealt cards: 5♠, 4♠, 3♦, 10♠ [4♥]",2026-10-07T02:23:38.373Z,179133981837300
"-- ending hand #178 --",2026-10-07T02:23:38.012Z,179133981801202
"""Cam @ eWUSzBpS1d"" collected 6.00 from pot",2026-10-07T02:23:38.012Z,179133981801201
"Uncalled bet of 3.00 returned to ""Cam @ eWUSzBpS1d""",2026-10-07T02:23:38.012Z,179133981801200
"""Dih @ GO72Iwd2XL"" folds",2026-10-07T02:23:37.201Z,179133981720100
"""Cam @ eWUSzBpS1d"" bets 3.00",2026-10-07T02:23:34.668Z,179133981466800
"""Dih @ GO72Iwd2XL"" checks",2026-10-07T02:23:31.234Z,179133981123400
"Turn: 5♠, 4♠, 3♦ [10♠]",2026-10-07T02:23:27.966Z,179133980796600
"""Cam @ eWUSzBpS1d"" calls 1.50",2026-10-07T02:23:27.118Z,179133980711800
"""Dih @ GO72Iwd2XL"" bets 1.50",2026-10-07T02:23:23.076Z,179133980307600
"Flop:  [5♠, 4♠, 3♦]",2026-10-07T02:23:18.545Z,179133979854500
"""Cam @ eWUSzBpS1d"" calls 1.50",2026-10-07T02:23:17.691Z,179133979769100
"""Dih @ GO72Iwd2XL"" raises to 1.50",2026-10-07T02:23:16.440Z,179133979644000
"""Cam @ eWUSzBpS1d"" calls 0.50",2026-10-07T02:23:13.466Z,179133979346600
"""Dih @ GO72Iwd2XL"" posts a big blind of 0.50",2026-10-07T02:23:10.138Z,179133979013805
"""Cam @ eWUSzBpS1d"" posts a small blind of 0.25",2026-10-07T02:23:10.138Z,179133979013804
"Your hand is Q♠, 2♠",2026-10-07T02:23:10.138Z,179133979013803
"Player stacks: #1 ""Dih @ GO72Iwd2XL"" (156.89) | #5 ""Cam @ eWUSzBpS1d"" (50.00)",2026-10-07T02:23:10.138Z,179133979013801
"-- starting hand #178 (id: vtt8vqdej0lj)  No Limit Texas Hold'em (dealer: ""Cam @ eWUSzBpS1d"") --",2026-10-07T02:23:10.138Z,179133979013800
"-- ending hand #177 --",2026-10-07T02:23:04.102Z,179133978410202
"""Dih @ GO72Iwd2XL"" collected 3.00 from pot with Two Pair, 9's & 6's (combination: K♥, 6♥, 6♦, 9♣, 9♠)",2026-10-07T02:23:04.102Z,179133978410201
"""Dih @ GO72Iwd2XL"" shows a 8♦, K♥.",2026-10-07T02:23:04.102Z,179133978410200
"""Dih @ GO72Iwd2XL"" checks",2026-10-07T02:23:03.237Z,179133978323700
"""Cam @ eWUSzBpS1d"" checks",2026-10-07T02:23:02.248Z,179133978224800
"River: 6♥, 6♦, 9♣, 5♠ [9♠]",2026-10-07T02:23:00.913Z,179133978091300
"""Dih @ GO72Iwd2XL"" checks",2026-10-07T02:23:00.108Z,179133978010800
"""Cam @ eWUSzBpS1d"" checks",2026-10-07T02:22:58.949Z,179133977894900
"Turn: 6♥, 6♦, 9♣ [5♠]",2026-10-07T02:22:57.060Z,179133977706000
"""Dih @ GO72Iwd2XL"" checks",2026-10-07T02:22:56.216Z,179133977621600
"""Cam @ eWUSzBpS1d"" checks",2026-10-07T02:22:53.326Z,179133977332600
"Flop:  [6♥, 6♦, 9♣]",2026-10-07T02:22:50.253Z,179133977025300
"""Cam @ eWUSzBpS1d"" calls 1.50",2026-10-07T02:22:49.447Z,179133976944700
"""Dih @ GO72Iwd2XL"" raises to 1.50",2026-10-07T02:22:47.610Z,179133976761000
"""Cam @ eWUSzBpS1d"" posts a big blind of 0.50",2026-10-07T02:22:44.259Z,179133976425905
"""Dih @ GO72Iwd2XL"" posts a small blind of 0.25",2026-10-07T02:22:44.259Z,179133976425904
"Your hand is J♠, Q♣",2026-10-07T02:22:44.259Z,179133976425903
"Player stacks: #1 ""Dih @ GO72Iwd2XL"" (155.39) | #5 ""Cam @ eWUSzBpS1d"" (51.50)",2026-10-07T02:22:44.259Z,179133976425901
"-- starting hand #177 (id: v1s5b6gyxl3o)  No Limit Texas Hold'em (dealer: ""Dih @ GO72Iwd2XL"") --",2026-10-07T02:22:44.259Z,179133976425900
"Undealt cards: K♦, 4♣, 7♠ [3♥, 2♥]",2026-10-07T02:22:38.829Z,179133975882900
"-- ending hand #176 --",2026-10-07T02:22:38.328Z,179133975832802
"""Cam @ eWUSzBpS1d"" collected 3.00 from pot",2026-10-07T02:22:38.328Z,179133975832801
"Uncalled bet of 1.50 returned to ""Cam @ eWUSzBpS1d""",2026-10-07T02:22:38.328Z,179133975832800
"""Dih @ GO72Iwd2XL"" folds",2026-10-07T02:22:37.511Z,179133975751100
"""Cam @ eWUSzBpS1d"" bets 1.50",2026-10-07T02:22:32.164Z,179133975216400
"""Dih @ GO72Iwd2XL"" checks",2026-10-07T02:22:26.305Z,179133974630500
"Flop:  [K♦, 4♣, 7♠]",2026-10-07T02:22:24.490Z,179133974449000
"""Dih @ GO72Iwd2XL"" calls 1.50",2026-10-07T02:22:23.656Z,179133974365600
"""Cam @ eWUSzBpS1d"" raises to 1.50",2026-10-07T02:22:19.688Z,179133973968800
"""Dih @ GO72Iwd2XL"" posts a big blind of 0.50",2026-10-07T02:22:11.176Z,179133973117605
"""Cam @ eWUSzBpS1d"" posts a small blind of 0.25",2026-10-07T02:22:11.176Z,179133973117604
"Your hand is Q♠, K♣",2026-10-07T02:22:11.176Z,179133973117603
"Player stacks: #1 ""Dih @ GO72Iwd2XL"" (156.89) | #5 ""Cam @ eWUSzBpS1d"" (50.00)",2026-10-07T02:22:11.176Z,179133973117601
"-- starting hand #176 (id: g3hmifzagfrc)  No Limit Texas Hold'em (dealer: ""Cam @ eWUSzBpS1d"") --",2026-10-07T02:22:11.176Z,179133973117600
"Undealt cards:  [4♣, 2♦, 2♣, 9♠, 9♥]",2026-10-07T02:22:05.926Z,179133972592600
"-- ending hand #175 --",2026-10-07T02:22:05.262Z,179133972526202
"""Dih @ GO72Iwd2XL"" collected 1.00 from pot",2026-10-07T02:22:05.262Z,179133972526201
"Uncalled bet of 1.00 returned to ""Dih @ GO72Iwd2XL""",2026-10-07T02:22:05.262Z,179133972526200
"""Cam @ eWUSzBpS1d"" folds",2026-10-07T02:22:04.435Z,179133972443500
"""Dih @ GO72Iwd2XL"" raises to 1.50",2026-10-07T02:22:03.452Z,179133972345200
"""Cam @ eWUSzBpS1d"" posts a big blind of 0.50",2026-10-07T02:22:01.158Z,179133972115805
"""Dih @ GO72Iwd2XL"" posts a small blind of 0.25",2026-10-07T02:22:01.158Z,179133972115804
"Your hand is 10♠, 3♣",2026-10-07T02:22:01.158Z,179133972115803
"Player stacks: #1 ""Dih @ GO72Iwd2XL"" (156.39) | #5 ""Cam @ eWUSzBpS1d"" (50.50)",2026-10-07T02:22:01.158Z,179133972115801
"-- starting hand #175 (id: ektcpjhlp1hd)  No Limit Texas Hold'em (dealer: ""Dih @ GO72Iwd2XL"") --",2026-10-07T02:22:01.158Z,179133972115800
"-- ending hand #174 --",2026-10-07T02:21:55.140Z,179133971514002
"""Cam @ eWUSzBpS1d"" collected 1.00 from pot with Pair, 4's (combination: 9♣, Q♠, K♦, 4♥, 4♦)",2026-10-07T02:21:55.140Z,179133971514001
"""Cam @ eWUSzBpS1d"" shows a K♦, 9♣.",2026-10-07T02:21:55.140Z,179133971514000
"""Cam @ eWUSzBpS1d"" checks",2026-10-07T02:21:54.299Z,179133971429900
"""Dih @ GO72Iwd2XL"" checks",2026-10-07T02:21:53.456Z,179133971345600
"River: 4♥, 4♦, 2♠, 8♠ [Q♠]",2026-10-07T02:21:52.471Z,179133971247100
"""Cam @ eWUSzBpS1d"" checks",2026-10-07T02:21:51.642Z,179133971164200
"""Dih @ GO72Iwd2XL"" checks",2026-10-07T02:21:50.773Z,179133971077300
"Turn: 4♥, 4♦, 2♠ [8♠]",2026-10-07T02:21:49.819Z,179133970981900
"""Cam @ eWUSzBpS1d"" checks",2026-10-07T02:21:48.999Z,179133970899900
"""Dih @ GO72Iwd2XL"" checks",2026-10-07T02:21:48.078Z,179133970807800
"Flop:  [4♥, 4♦, 2♠]",2026-10-07T02:21:46.815Z,179133970681500
"""Dih @ GO72Iwd2XL"" checks",2026-10-07T02:21:45.973Z,179133970597300
"""Cam @ eWUSzBpS1d"" calls 0.50",2026-10-07T02:21:43.804Z,179133970380400
"""Dih @ GO72Iwd2XL"" posts a big blind of 0.50",2026-10-07T02:21:42.288Z,179133970228805
"""Cam @ eWUSzBpS1d"" posts a small blind of 0.25",2026-10-07T02:21:42.288Z,179133970228804
"Your hand is K♦, 9♣",2026-10-07T02:21:42.288Z,179133970228803
"Player stacks: #1 ""Dih @ GO72Iwd2XL"" (156.89) | #5 ""Cam @ eWUSzBpS1d"" (50.00)",2026-10-07T02:21:42.288Z,179133970228801
"-- starting hand #174 (id: ed3723itqisi)  No Limit Texas Hold'em (dealer: ""Cam @ eWUSzBpS1d"") --",2026-10-07T02:21:42.288Z,179133970228800
"-- ending hand #173 --",2026-10-07T02:21:36.277Z,179133969627703
"""Cam @ eWUSzBpS1d"" collected 3.00 from pot with Two Pair, 7's & 3's (combination: A♦, 3♦, 3♣, 7♣, 7♦)",2026-10-07T02:21:36.277Z,179133969627702
"""Cam @ eWUSzBpS1d"" shows a 7♣, 5♠.",2026-10-07T02:21:36.277Z,179133969627701
"""Dih @ GO72Iwd2XL"" shows a 6♣, 6♥.",2026-10-07T02:21:36.277Z,179133969627700
"""Dih @ GO72Iwd2XL"" checks",2026-10-07T02:21:35.467Z,179133969546700
"""Cam @ eWUSzBpS1d"" checks",2026-10-07T02:21:34.276Z,179133969427600
"River: 7♦, 3♦, 9♣, A♦ [3♣]",2026-10-07T02:21:32.657Z,179133969265700
"""Dih @ GO72Iwd2XL"" checks",2026-10-07T02:21:31.820Z,179133969182000
"""Cam @ eWUSzBpS1d"" checks",2026-10-07T02:21:28.961Z,179133968896100
"Turn: 7♦, 3♦, 9♣ [A♦]",2026-10-07T02:21:27.461Z,179133968746100
"""Dih @ GO72Iwd2XL"" checks",2026-10-07T02:21:26.640Z,179133968664000
"""Cam @ eWUSzBpS1d"" checks",2026-10-07T02:21:23.744Z,179133968374400
"Flop:  [7♦, 3♦, 9♣]",2026-10-07T02:21:17.651Z,179133967765100
"""Cam @ eWUSzBpS1d"" calls 1.50",2026-10-07T02:21:16.846Z,179133967684600
"""Dih @ GO72Iwd2XL"" raises to 1.50",2026-10-07T02:21:15.120Z,179133967512000
"""Cam @ eWUSzBpS1d"" posts a big blind of 0.50",2026-10-07T02:21:12.820Z,179133967282005
"""Dih @ GO72Iwd2XL"" posts a small blind of 0.25",2026-10-07T02:21:12.820Z,179133967282004
"Your hand is 7♣, 5♠",2026-10-07T02:21:12.820Z,179133967282003
"Player stacks: #1 ""Dih @ GO72Iwd2XL"" (158.39) | #5 ""Cam @ eWUSzBpS1d"" (48.50)",2026-10-07T02:21:12.820Z,179133967282001
"-- starting hand #173 (id: t4y2rz4fvqyw)  No Limit Texas Hold'em (dealer: ""Dih @ GO72Iwd2XL"") --",2026-10-07T02:21:12.820Z,179133967282000
"-- ending hand #172 --",2026-10-07T02:21:06.764Z,179133966676403
"""Dih @ GO72Iwd2XL"" collected 3.00 from pot with A High (combination: 8♦, 9♥, J♠, K♦, A♠)",2026-10-07T02:21:06.764Z,179133966676402
"""Dih @ GO72Iwd2XL"" shows a A♠, 9♥.",2026-10-07T02:21:06.764Z,179133966676401
"""Cam @ eWUSzBpS1d"" shows a 4♠, 2♥.",2026-10-07T02:21:06.764Z,179133966676400
"""Cam @ eWUSzBpS1d"" checks",2026-10-07T02:21:05.951Z,179133966595100
"""Dih @ GO72Iwd2XL"" checks",2026-10-07T02:21:00.525Z,179133966052500
"River: 8♦, 7♠, 5♦, K♦ [J♠]",2026-10-07T02:20:58.815Z,179133965881500
"""Cam @ eWUSzBpS1d"" checks",2026-10-07T02:20:58.001Z,179133965800100
"""Dih @ GO72Iwd2XL"" checks",2026-10-07T02:20:57.138Z,179133965713800
"Turn: 8♦, 7♠, 5♦ [K♦]",2026-10-07T02:20:54.811Z,179133965481100
"""Cam @ eWUSzBpS1d"" checks",2026-10-07T02:20:53.998Z,179133965399800
"""Dih @ GO72Iwd2XL"" checks",2026-10-07T02:20:53.052Z,179133965305200
"Flop:  [8♦, 7♠, 5♦]",2026-10-07T02:20:48.607Z,179133964860700
"""Cam @ eWUSzBpS1d"" calls 1.50",2026-10-07T02:20:47.798Z,179133964779800
"""Dih @ GO72Iwd2XL"" raises to 1.50",2026-10-07T02:20:46.123Z,179133964612300
"""Cam @ eWUSzBpS1d"" calls 0.50",2026-10-07T02:20:43.170Z,179133964317000
"""Dih @ GO72Iwd2XL"" posts a big blind of 0.50",2026-10-07T02:20:40.984Z,179133964098405
"""Cam @ eWUSzBpS1d"" posts a small blind of 0.25",2026-10-07T02:20:40.984Z,179133964098404
"Your hand is 4♠, 2♥",2026-10-07T02:20:40.984Z,179133964098403
"Player stacks: #1 ""Dih @ GO72Iwd2XL"" (156.89) | #5 ""Cam @ eWUSzBpS1d"" (50.00)",2026-10-07T02:20:40.984Z,179133964098401
"-- starting hand #172 (id: yjlwxiofppr4)  No Limit Texas Hold'em (dealer: ""Cam @ eWUSzBpS1d"") --",2026-10-07T02:20:40.984Z,179133964098400
"Undealt cards:  [A♣, 2♦, 10♥, J♥, 2♥]",2026-10-07T02:20:36.550Z,179133963655000
"-- ending hand #171 --",2026-10-07T02:20:35.060Z,179133963506002
"""Cam @ eWUSzBpS1d"" collected 0.50 from pot",2026-10-07T02:20:35.060Z,179133963506001
"Uncalled bet of 0.25 returned to ""Cam @ eWUSzBpS1d""",2026-10-07T02:20:35.060Z,179133963506000
"""Dih @ GO72Iwd2XL"" folds",2026-10-07T02:20:34.207Z,179133963420700
"""Cam @ eWUSzBpS1d"" posts a big blind of 0.50",2026-10-07T02:20:32.660Z,179133963266005
"""Dih @ GO72Iwd2XL"" posts a small blind of 0.25",2026-10-07T02:20:32.660Z,179133963266004
"Your hand is 8♦, 4♥",2026-10-07T02:20:32.660Z,179133963266003
"Player stacks: #1 ""Dih @ GO72Iwd2XL"" (157.14) | #5 ""Cam @ eWUSzBpS1d"" (49.75)",2026-10-07T02:20:32.660Z,179133963266001
"-- starting hand #171 (id: szhwgnto5eap)  No Limit Texas Hold'em (dealer: ""Dih @ GO72Iwd2XL"") --",2026-10-07T02:20:32.660Z,179133963266000
"""Dih @ GO72Iwd2XL"" shows a A♠, 9♣.",2026-10-07T02:20:27.700Z,179133962770000
"-- ending hand #170 --",2026-10-07T02:20:26.137Z,179133962613702
"""Cam @ eWUSzBpS1d"" collected 4.00 from pot with Pair, 7's (combination: Q♥, K♣, A♥, 7♠, 7♥)",2026-10-07T02:20:26.137Z,179133962613701
"""Cam @ eWUSzBpS1d"" shows a A♥, Q♥.",2026-10-07T02:20:26.137Z,179133962613700
"""Cam @ eWUSzBpS1d"" checks",2026-10-07T02:20:25.299Z,179133962529900
"""Dih @ GO72Iwd2XL"" checks",2026-10-07T02:20:24.358Z,179133962435800
"River: J♥, 4♦, K♣, 7♠ [7♥]",2026-10-07T02:20:22.850Z,179133962285000
"""Cam @ eWUSzBpS1d"" checks",2026-10-07T02:20:22.036Z,179133962203600
"""Dih @ GO72Iwd2XL"" checks",2026-10-07T02:20:20.967Z,179133962096700
"Turn: J♥, 4♦, K♣ [7♠]",2026-10-07T02:20:19.689Z,179133961968900
"""Dih @ GO72Iwd2XL"" calls 0.50",2026-10-07T02:20:18.867Z,179133961886700
"""Cam @ eWUSzBpS1d"" bets 0.50",2026-10-07T02:20:17.485Z,179133961748500
"""Dih @ GO72Iwd2XL"" checks",2026-10-07T02:20:15.026Z,179133961502600
"Flop:  [J♥, 4♦, K♣]",2026-10-07T02:20:13.427Z,179133961342700
"""Dih @ GO72Iwd2XL"" calls 1.50",2026-10-07T02:20:12.605Z,179133961260500
"""Cam @ eWUSzBpS1d"" raises to 1.50",2026-10-07T02:20:11.392Z,179133961139200
"""Dih @ GO72Iwd2XL"" posts a big blind of 0.50",2026-10-07T02:20:05.347Z,179133960534705
"""Cam @ eWUSzBpS1d"" posts a small blind of 0.25",2026-10-07T02:20:05.347Z,179133960534704
"Your hand is A♥, Q♥",2026-10-07T02:20:05.347Z,179133960534703
"Player stacks: #1 ""Dih @ GO72Iwd2XL"" (159.14) | #5 ""Cam @ eWUSzBpS1d"" (47.75)",2026-10-07T02:20:05.347Z,179133960534701
"-- starting hand #170 (id: 1wftewet0imh)  No Limit Texas Hold'em (dealer: ""Cam @ eWUSzBpS1d"") --",2026-10-07T02:20:05.347Z,179133960534700
"""Cam @ eWUSzBpS1d"" shows a A♣.",2026-10-07T02:20:04.747Z,179133960474700
"""Dih @ GO72Iwd2XL"" shows a A♠, J♥.",2026-10-07T02:20:03.125Z,179133960312500
"""Cam @ eWUSzBpS1d"" shows a 10♠.",2026-10-07T02:20:01.501Z,179133960150100
"-- ending hand #169 --",2026-10-07T02:20:01.012Z,179133960101202
"""Dih @ GO72Iwd2XL"" collected 6.00 from pot",2026-10-07T02:20:01.012Z,179133960101201
"Uncalled bet of 3.50 returned to ""Dih @ GO72Iwd2XL""",2026-10-07T02:20:01.012Z,179133960101200
"""Cam @ eWUSzBpS1d"" folds",2026-10-07T02:20:00.159Z,179133960015900
"""Dih @ GO72Iwd2XL"" bets 3.50",2026-10-07T02:19:53.619Z,179133959361900
"""Cam @ eWUSzBpS1d"" checks",2026-10-07T02:19:49.686Z,179133958968600
"River: 10♣, K♦, 8♥, 2♠ [Q♦]",2026-10-07T02:19:48.680Z,179133958868000
"""Dih @ GO72Iwd2XL"" checks",2026-10-07T02:19:47.873Z,179133958787300
"""Cam @ eWUSzBpS1d"" checks",2026-10-07T02:19:43.448Z,179133958344800
"Turn: 10♣, K♦, 8♥ [2♠]",2026-10-07T02:19:41.782Z,179133958178200
"""Cam @ eWUSzBpS1d"" calls 1.50",2026-10-07T02:19:40.949Z,179133958094900
"""Dih @ GO72Iwd2XL"" bets 1.50",2026-10-07T02:19:38.570Z,179133957857000
"""Cam @ eWUSzBpS1d"" checks",2026-10-07T02:19:35.011Z,179133957501100
"Flop:  [10♣, K♦, 8♥]",2026-10-07T02:19:32.571Z,179133957257100
"""Cam @ eWUSzBpS1d"" calls 1.50",2026-10-07T02:19:31.713Z,179133957171300
"""Dih @ GO72Iwd2XL"" raises to 1.50",2026-10-07T02:19:28.734Z,179133956873400
"""Cam @ eWUSzBpS1d"" posts a big blind of 0.50",2026-10-07T02:19:26.573Z,179133956657305
"""Dih @ GO72Iwd2XL"" posts a small blind of 0.25",2026-10-07T02:19:26.573Z,179133956657304
"Your hand is 10♠, A♣",2026-10-07T02:19:26.573Z,179133956657303
"Player stacks: #1 ""Dih @ GO72Iwd2XL"" (156.14) | #5 ""Cam @ eWUSzBpS1d"" (50.75)",2026-10-07T02:19:26.573Z,179133956657301
"-- starting hand #169 (id: 7fvvqzdifhbf)  No Limit Texas Hold'em (dealer: ""Dih @ GO72Iwd2XL"") --",2026-10-07T02:19:26.573Z,179133956657300
"""Cam @ eWUSzBpS1d"" shows a J♥, 3♣.",2026-10-07T02:19:23.449Z,179133956344900
"""Dih @ GO72Iwd2XL"" shows a 2♥.",2026-10-07T02:19:21.918Z,179133956191800
"Undealt cards:  [10♥, 4♦, 10♦, 6♠, 2♣]",2026-10-07T02:19:20.350Z,179133956035000
"-- ending hand #168 --",2026-10-07T02:19:19.260Z,179133955926002
"""Dih @ GO72Iwd2XL"" collected 0.50 from pot",2026-10-07T02:19:19.260Z,179133955926001
"Uncalled bet of 0.25 returned to ""Dih @ GO72Iwd2XL""",2026-10-07T02:19:19.260Z,179133955926000
"""Cam @ eWUSzBpS1d"" folds",2026-10-07T02:19:18.456Z,179133955845600
"""Dih @ GO72Iwd2XL"" posts a big blind of 0.50",2026-10-07T02:19:17.458Z,179133955745805
"""Cam @ eWUSzBpS1d"" posts a small blind of 0.25",2026-10-07T02:19:17.458Z,179133955745804
"Your hand is J♥, 3♣",2026-10-07T02:19:17.458Z,179133955745803
"Player stacks: #1 ""Dih @ GO72Iwd2XL"" (155.89) | #5 ""Cam @ eWUSzBpS1d"" (51.00)",2026-10-07T02:19:17.458Z,179133955745801
"-- starting hand #168 (id: hzmv824pyyys)  No Limit Texas Hold'em (dealer: ""Cam @ eWUSzBpS1d"") --",2026-10-07T02:19:17.458Z,179133955745800
"""Cam @ eWUSzBpS1d"" shows a 7♣.",2026-10-07T02:19:14.846Z,179133955484600
"""Cam @ eWUSzBpS1d"" shows a 6♣.",2026-10-07T02:19:13.189Z,179133955318900
"Undealt cards: 6♥, J♠, J♥ [Q♣, 9♦]",2026-10-07T02:19:11.180Z,179133955118000
"-- ending hand #167 --",2026-10-07T02:19:10.849Z,179133955084902
"""Cam @ eWUSzBpS1d"" collected 1.00 from pot",2026-10-07T02:19:10.849Z,179133955084901
"Uncalled bet of 0.50 returned to ""Cam @ eWUSzBpS1d""",2026-10-07T02:19:10.849Z,179133955084900
"""Dih @ GO72Iwd2XL"" folds",2026-10-07T02:19:10.042Z,179133955004200
"""Cam @ eWUSzBpS1d"" bets 0.50",2026-10-07T02:19:08.114Z,179133954811400
"Flop:  [6♥, J♠, J♥]",2026-10-07T02:19:06.245Z,179133954624500
"""Cam @ eWUSzBpS1d"" checks",2026-10-07T02:19:05.410Z,179133954541000
"""Dih @ GO72Iwd2XL"" calls 0.50",2026-10-07T02:19:00.750Z,179133954075000
"""Cam @ eWUSzBpS1d"" posts a big blind of 0.50",2026-10-07T02:18:50.382Z,179133953038205
"""Dih @ GO72Iwd2XL"" posts a small blind of 0.25",2026-10-07T02:18:50.382Z,179133953038204
"Your hand is 6♣, 7♣",2026-10-07T02:18:50.382Z,179133953038203
"Player stacks: #1 ""Dih @ GO72Iwd2XL"" (156.39) | #5 ""Cam @ eWUSzBpS1d"" (50.50)",2026-10-07T02:18:50.382Z,179133953038201
"-- starting hand #167 (id: mdpz3qjg5eom)  No Limit Texas Hold'em (dealer: ""Dih @ GO72Iwd2XL"") --",2026-10-07T02:18:50.382Z,179133953038200
"""Dih @ GO72Iwd2XL"" shows a 8♦.",2026-10-07T02:18:45.853Z,179133952585300
"-- ending hand #166 --",2026-10-07T02:18:43.872Z,179133952387202
"""Cam @ eWUSzBpS1d"" collected 1.00 from pot with Flush, 8 High (combination: 3♠, 4♠, 6♠, 7♠, 8♠)",2026-10-07T02:18:43.872Z,179133952387201
"""Cam @ eWUSzBpS1d"" shows a A♦, 6♠.",2026-10-07T02:18:43.872Z,179133952387200
"""Cam @ eWUSzBpS1d"" checks",2026-10-07T02:18:42.985Z,179133952298500
"""Dih @ GO72Iwd2XL"" checks",2026-10-07T02:18:42.136Z,179133952213600
"River: 8♠, 7♠, K♦, 3♠ [4♠]",2026-10-07T02:18:40.779Z,179133952077900
"""Cam @ eWUSzBpS1d"" checks",2026-10-07T02:18:39.970Z,179133951997000
"""Dih @ GO72Iwd2XL"" checks",2026-10-07T02:18:38.991Z,179133951899100
"Turn: 8♠, 7♠, K♦ [3♠]",2026-10-07T02:18:36.159Z,179133951615900
"""Cam @ eWUSzBpS1d"" checks",2026-10-07T02:18:35.328Z,179133951532800
"""Dih @ GO72Iwd2XL"" checks",2026-10-07T02:18:33.474Z,179133951347400
"Flop:  [8♠, 7♠, K♦]",2026-10-07T02:18:31.064Z,179133951106400
"""Dih @ GO72Iwd2XL"" checks",2026-10-07T02:18:30.254Z,179133951025400
"""Cam @ eWUSzBpS1d"" calls 0.50",2026-10-07T02:18:27.310Z,179133950731000
"""Dih @ GO72Iwd2XL"" posts a big blind of 0.50",2026-10-07T02:18:24.584Z,179133950458414
"""Cam @ eWUSzBpS1d"" posts a small blind of 0.25",2026-10-07T02:18:24.584Z,179133950458413
"Your hand is A♦, 6♠",2026-10-07T02:18:24.584Z,179133950458412
"Player stacks: #1 ""Dih @ GO72Iwd2XL"" (156.89) | #5 ""Cam @ eWUSzBpS1d"" (50.00)",2026-10-07T02:18:24.584Z,179133950458410
"The player ""rowan @ GthBpPSqaK"" joined the game with a stack of 52.94.",2026-10-07T02:18:24.584Z,179133950458409
"The player ""Rayan @ nhXZL_Cydv"" joined the game with a stack of 80.74.",2026-10-07T02:18:24.584Z,179133950458408
"The player ""Jason @ fYqcH1JWT_"" joined the game with a stack of 80.50.",2026-10-07T02:18:24.584Z,179133950458407
"The player ""jt brotha jt @ bzbydISPPH"" joined the game with a stack of 48.50.",2026-10-07T02:18:24.584Z,179133950458406
"The player ""Cam @ eWUSzBpS1d"" joined the game with a stack of 50.00.",2026-10-07T02:18:24.584Z,179133950458405
"The player ""sack @ boAReb7tW9"" joined the game with a stack of 181.83.",2026-10-07T02:18:24.584Z,179133950458404
"The player ""Heech @ wzsls5Sz57"" joined the game with a stack of 21.00.",2026-10-07T02:18:24.584Z,179133950458403
"The player ""jaan @ O6Q78KIRx-"" joined the game with a stack of 81.10.",2026-10-07T02:18:24.584Z,179133950458402
"The player ""Dih @ GO72Iwd2XL"" joined the game with a stack of 156.89.",2026-10-07T02:18:24.584Z,179133950458401
"-- starting hand #166 (id: rzaqdumcp798)  No Limit Texas Hold'em (dealer: ""Cam @ eWUSzBpS1d"") --",2026-10-07T02:18:24.584Z,179133950458400
"The player ""Dih @ GO72Iwd2XL"" sit back with the stack of 156.89.",2026-10-07T02:18:22.971Z,179133950297100
"The admin approved the player ""Cam @ eWUSzBpS1d"" participation with a stack of 50.00.",2026-10-07T02:12:37.075Z,179133915707500
"The player ""Cam @ eWUSzBpS1d"" requested a seat.",2026-10-07T02:12:24.605Z,179133914460500
"The player ""jt brotha jt @ bzbydISPPH"" stand up with the stack of 48.50.",2026-10-07T00:57:17.369Z,179133463736901
"The player ""Dih @ GO72Iwd2XL"" stand up with the stack of 156.89.",2026-10-07T00:57:17.369Z,179133463736900
"-- ending hand #165 --",2026-10-07T00:57:11.361Z,179133463136103
"""Dih @ GO72Iwd2XL"" collected 1.00 from pot with Pair, 9's (combination: 10♣, K♠, A♠, 9♥, 9♠)",2026-10-07T00:57:11.361Z,179133463136102
"""Dih @ GO72Iwd2XL"" shows a 10♣, 9♥.",2026-10-07T00:57:11.361Z,179133463136101
"""jt brotha jt @ bzbydISPPH"" shows a 3♦, 3♥.",2026-10-07T00:57:11.361Z,179133463136100
"""jt brotha jt @ bzbydISPPH"" checks",2026-10-07T00:57:10.549Z,179133463054900
"""Dih @ GO72Iwd2XL"" checks",2026-10-07T00:57:09.614Z,179133462961400
"River: 9♠, 2♠, K♠, 7♣ [A♠]",2026-10-07T00:57:07.255Z,179133462725500
"""jt brotha jt @ bzbydISPPH"" checks",2026-10-07T00:57:06.439Z,179133462643900
"""Dih @ GO72Iwd2XL"" checks",2026-10-07T00:57:05.543Z,179133462554300
"Turn: 9♠, 2♠, K♠ [7♣]",2026-10-07T00:57:04.455Z,179133462445500
"""jt brotha jt @ bzbydISPPH"" checks",2026-10-07T00:57:03.556Z,179133462355600
"""Dih @ GO72Iwd2XL"" checks",2026-10-07T00:57:02.618Z,179133462261800
"Flop:  [9♠, 2♠, K♠]",2026-10-07T00:56:58.064Z,179133461806400
"""Dih @ GO72Iwd2XL"" checks",2026-10-07T00:56:57.220Z,179133461722000
"""jt brotha jt @ bzbydISPPH"" calls 0.50",2026-10-07T00:56:45.032Z,179133460503200
"""Dih @ GO72Iwd2XL"" posts a big blind of 0.50",2026-10-07T00:56:39.437Z,179133459943706
"""jt brotha jt @ bzbydISPPH"" posts a small blind of 0.25",2026-10-07T00:56:39.437Z,179133459943705
"Player stacks: #1 ""Dih @ GO72Iwd2XL"" (156.39) | #6 ""jt brotha jt @ bzbydISPPH"" (49.00)",2026-10-07T00:56:39.437Z,179133459943702
"-- starting hand #165 (id: gpfqcos2dmwh)  No Limit Texas Hold'em (dealer: ""jt brotha jt @ bzbydISPPH"") --",2026-10-07T00:56:39.437Z,179133459943701
"The player ""sack @ boAReb7tW9"" stand up with the stack of 181.83.",2026-10-07T00:56:39.437Z,179133459943700
"""Dih @ GO72Iwd2XL"" shows a 9♦.",2026-10-07T00:56:35.529Z,179133459552900
"-- ending hand #164 --",2026-10-07T00:56:32.782Z,179133459278201
"""Dih @ GO72Iwd2XL"" collected 134.50 from pot",2026-10-07T00:56:32.782Z,179133459278200
"""sack @ boAReb7tW9"" folds",2026-10-07T00:56:31.905Z,179133459190500
"Flop:  [8♦, K♦, 8♠]",2026-10-07T00:56:28.887Z,179133458888700
"""jt brotha jt @ bzbydISPPH"" folds",2026-10-07T00:56:28.072Z,179133458807200
"""sack @ boAReb7tW9"" calls 67.00",2026-10-07T00:56:27.136Z,179133458713600
"""Dih @ GO72Iwd2XL"" raises to 67.00",2026-10-07T00:56:20.370Z,179133458037000
"""jt brotha jt @ bzbydISPPH"" posts a big blind of 0.50",2026-10-07T00:56:10.588Z,179133457058806
"""sack @ boAReb7tW9"" posts a small blind of 0.25",2026-10-07T00:56:10.588Z,179133457058805
"Player stacks: #1 ""Dih @ GO72Iwd2XL"" (88.89) | #4 ""sack @ boAReb7tW9"" (248.83) | #6 ""jt brotha jt @ bzbydISPPH"" (49.50)",2026-10-07T00:56:10.588Z,179133457058801
"-- starting hand #164 (id: obd5nva0wknm)  No Limit Texas Hold'em (dealer: ""Dih @ GO72Iwd2XL"") --",2026-10-07T00:56:10.588Z,179133457058800
"-- ending hand #163 --",2026-10-07T00:56:04.551Z,179133456455103
"""sack @ boAReb7tW9"" collected 1.50 from pot with Two Pair, Q's & 6's (combination: J♥, 6♣, 6♥, Q♦, Q♥)",2026-10-07T00:56:04.551Z,179133456455102
"""sack @ boAReb7tW9"" shows a J♥, 2♠.",2026-10-07T00:56:04.551Z,179133456455101
"""Dih @ GO72Iwd2XL"" shows a 7♠, 10♦.",2026-10-07T00:56:04.551Z,179133456455100
"""jt brotha jt @ bzbydISPPH"" checks",2026-10-07T00:56:03.729Z,179133456372900
"""sack @ boAReb7tW9"" checks",2026-10-07T00:56:02.818Z,179133456281800
"""Dih @ GO72Iwd2XL"" checks",2026-10-07T00:56:01.387Z,179133456138700
"River: 6♣, 2♥, 6♥, Q♦ [Q♥]",2026-10-07T00:55:59.475Z,179133455947500
"""jt brotha jt @ bzbydISPPH"" checks",2026-10-07T00:55:58.619Z,179133455861900
"""sack @ boAReb7tW9"" checks",2026-10-07T00:55:56.147Z,179133455614700
"""Dih @ GO72Iwd2XL"" checks",2026-10-07T00:55:55.208Z,179133455520800
"Turn: 6♣, 2♥, 6♥ [Q♦]",2026-10-07T00:55:48.069Z,179133454806900
"""jt brotha jt @ bzbydISPPH"" checks",2026-10-07T00:55:47.245Z,179133454724500
"""sack @ boAReb7tW9"" checks",2026-10-07T00:55:45.317Z,179133454531700
"""Dih @ GO72Iwd2XL"" checks",2026-10-07T00:55:44.293Z,179133454429300
"Flop:  [6♣, 2♥, 6♥]",2026-10-07T00:55:34.975Z,179133453497500
"""sack @ boAReb7tW9"" checks",2026-10-07T00:55:34.162Z,179133453416200
"""Dih @ GO72Iwd2XL"" calls 0.50",2026-10-07T00:55:21.384Z,179133452138400
"""jt brotha jt @ bzbydISPPH"" calls 0.50",2026-10-07T00:55:19.924Z,179133451992400
"""sack @ boAReb7tW9"" posts a big blind of 0.50",2026-10-07T00:55:10.479Z,179133451047906
"""Dih @ GO72Iwd2XL"" posts a small blind of 0.25",2026-10-07T00:55:10.479Z,179133451047905
"Player stacks: #1 ""Dih @ GO72Iwd2XL"" (89.39) | #4 ""sack @ boAReb7tW9"" (247.83) | #6 ""jt brotha jt @ bzbydISPPH"" (50.00)",2026-10-07T00:55:10.479Z,179133451047901
"-- starting hand #163 (id: wybdgwmtfitn)  No Limit Texas Hold'em (dead button) --",2026-10-07T00:55:10.479Z,179133451047900
"""Dih @ GO72Iwd2XL"" shows a 7♥, 6♠.",2026-10-07T00:55:08.859Z,179133450885900
"-- ending hand #162 --",2026-10-07T00:55:06.832Z,179133450683202
"""Dih @ GO72Iwd2XL"" collected 1.00 from pot",2026-10-07T00:55:06.832Z,179133450683201
"Uncalled bet of 1.00 returned to ""Dih @ GO72Iwd2XL""",2026-10-07T00:55:06.832Z,179133450683200
"""sack @ boAReb7tW9"" folds",2026-10-07T00:55:06.019Z,179133450601900
"""Dih @ GO72Iwd2XL"" bets 1.00",2026-10-07T00:55:03.791Z,179133450379100
"River: 2♣, 8♠, 9♥, Q♣ [10♦]",2026-10-07T00:55:00.364Z,179133450036400
"""sack @ boAReb7tW9"" checks",2026-10-07T00:54:59.507Z,179133449950700
"""Dih @ GO72Iwd2XL"" checks",2026-10-07T00:54:57.797Z,179133449779700
"Turn: 2♣, 8♠, 9♥ [Q♣]",2026-10-07T00:54:56.677Z,179133449667700
"""sack @ boAReb7tW9"" checks",2026-10-07T00:54:55.813Z,179133449581300
"""Dih @ GO72Iwd2XL"" checks",2026-10-07T00:54:53.659Z,179133449365900
"Flop:  [2♣, 8♠, 9♥]",2026-10-07T00:54:52.004Z,179133449200400
"""Dih @ GO72Iwd2XL"" checks",2026-10-07T00:54:51.181Z,179133449118100
"""jt brotha jt @ bzbydISPPH"" folds",2026-10-07T00:54:50.082Z,179133449008200
"""sack @ boAReb7tW9"" calls 0.50",2026-10-07T00:54:48.676Z,179133448867600
"""Dih @ GO72Iwd2XL"" posts a big blind of 0.50",2026-10-07T00:54:45.279Z,179133448527908
"Dead Small Blind",2026-10-07T00:54:45.279Z,179133448527907
"Player stacks: #1 ""Dih @ GO72Iwd2XL"" (88.89) | #4 ""sack @ boAReb7tW9"" (248.33) | #6 ""jt brotha jt @ bzbydISPPH"" (50.00)",2026-10-07T00:54:45.279Z,179133448527903
"-- starting hand #162 (id: 4ni0lkbfhpec)  No Limit Texas Hold'em (dealer: ""sack @ boAReb7tW9"") --",2026-10-07T00:54:45.279Z,179133448527902
"The player ""jt brotha jt @ bzbydISPPH"" joined the game with a stack of 50.00.",2026-10-07T00:54:45.279Z,179133448527901
"The player ""Rayan @ nhXZL_Cydv"" stand up with the stack of 80.74.",2026-10-07T00:54:45.279Z,179133448527900
"""Dih @ GO72Iwd2XL"" shows a 8♥, 9♣.",2026-10-07T00:54:41.297Z,179133448129700
"-- ending hand #161 --",2026-10-07T00:54:38.739Z,179133447873903
"""Rayan @ nhXZL_Cydv"" collected 1.50 from pot with Two Pair, K's & 2's (combination: J♠, 2♦, 2♣, K♥, K♠)",2026-10-07T00:54:38.739Z,179133447873902
"""Rayan @ nhXZL_Cydv"" shows a J♠, 7♦.",2026-10-07T00:54:38.739Z,179133447873901
"""sack @ boAReb7tW9"" shows a 10♥, 7♥.",2026-10-07T00:54:38.739Z,179133447873900
"""Dih @ GO72Iwd2XL"" folds",2026-10-07T00:54:37.933Z,179133447793300
"""Rayan @ nhXZL_Cydv"" checks",2026-10-07T00:54:36.584Z,179133447658400
"""sack @ boAReb7tW9"" checks",2026-10-07T00:54:35.734Z,179133447573400
"River: K♥, 2♦, K♠, 2♣ [6♣]",2026-10-07T00:54:34.524Z,179133447452400
"""Dih @ GO72Iwd2XL"" checks",2026-10-07T00:54:33.707Z,179133447370700
"""Rayan @ nhXZL_Cydv"" checks",2026-10-07T00:54:30.798Z,179133447079800
"""sack @ boAReb7tW9"" checks",2026-10-07T00:54:29.854Z,179133446985400
"Turn: K♥, 2♦, K♠ [2♣]",2026-10-07T00:54:28.666Z,179133446866600
"""Dih @ GO72Iwd2XL"" checks",2026-10-07T00:54:27.843Z,179133446784300
"""Rayan @ nhXZL_Cydv"" checks",2026-10-07T00:54:25.349Z,179133446534900
"The admin approved the player ""jt brotha jt @ bzbydISPPH"" participation with a stack of 50.00.",2026-10-07T00:54:24.423Z,179133446442300
"""sack @ boAReb7tW9"" checks",2026-10-07T00:54:23.973Z,179133446397300
"The player ""jt brotha jt @ bzbydISPPH"" requested a seat.",2026-10-07T00:54:22.592Z,179133446259200
"Flop:  [K♥, 2♦, K♠]",2026-10-07T00:54:21.859Z,179133446185900
"""Rayan @ nhXZL_Cydv"" checks",2026-10-07T00:54:21.012Z,179133446101200
"""sack @ boAReb7tW9"" calls 0.50",2026-10-07T00:54:20.011Z,179133446001100
"""Dih @ GO72Iwd2XL"" calls 0.50",2026-10-07T00:54:18.032Z,179133445803200
"""Rayan @ nhXZL_Cydv"" posts a big blind of 0.50",2026-10-07T00:54:12.751Z,179133445275106
"""sack @ boAReb7tW9"" posts a small blind of 0.25",2026-10-07T00:54:12.751Z,179133445275105
"Player stacks: #1 ""Dih @ GO72Iwd2XL"" (89.39) | #4 ""sack @ boAReb7tW9"" (248.83) | #9 ""Rayan @ nhXZL_Cydv"" (79.74)",2026-10-07T00:54:12.751Z,179133445275101
"-- starting hand #161 (id: rcsa3bqnh3lb)  No Limit Texas Hold'em (dealer: ""Dih @ GO72Iwd2XL"") --",2026-10-07T00:54:12.751Z,179133445275100
"-- ending hand #160 --",2026-10-07T00:54:06.842Z,179133444684202
"""Rayan @ nhXZL_Cydv"" collected 1.25 from pot",2026-10-07T00:54:06.842Z,179133444684201
"Uncalled bet of 1.00 returned to ""Rayan @ nhXZL_Cydv""",2026-10-07T00:54:06.842Z,179133444684200
"""sack @ boAReb7tW9"" folds",2026-10-07T00:54:05.971Z,179133444597100
"""Dih @ GO72Iwd2XL"" folds",2026-10-07T00:54:03.854Z,179133444385400
"""Rayan @ nhXZL_Cydv"" raises to 1.50",2026-10-07T00:54:02.879Z,179133444287900
"""sack @ boAReb7tW9"" posts a big blind of 0.50",2026-10-07T00:53:59.698Z,179133443969806
"""Dih @ GO72Iwd2XL"" posts a small blind of 0.25",2026-10-07T00:53:59.698Z,179133443969805
"Player stacks: #1 ""Dih @ GO72Iwd2XL"" (89.64) | #4 ""sack @ boAReb7tW9"" (249.33) | #9 ""Rayan @ nhXZL_Cydv"" (78.99)",2026-10-07T00:53:59.698Z,179133443969801
"-- starting hand #160 (id: obcntctohbai)  No Limit Texas Hold'em (dealer: ""Rayan @ nhXZL_Cydv"") --",2026-10-07T00:53:59.698Z,179133443969800
"""sack @ boAReb7tW9"" shows a 2♥, 4♥.",2026-10-07T00:53:57.851Z,179133443785100
"-- ending hand #159 --",2026-10-07T00:53:53.094Z,179133443309402
"""Rayan @ nhXZL_Cydv"" collected 1.00 from pot",2026-10-07T00:53:53.094Z,179133443309401
"Uncalled bet of 1.00 returned to ""Rayan @ nhXZL_Cydv""",2026-10-07T00:53:53.094Z,179133443309400
"""Dih @ GO72Iwd2XL"" folds",2026-10-07T00:53:52.209Z,179133443220900
"""Rayan @ nhXZL_Cydv"" raises to 1.50",2026-10-07T00:53:51.130Z,179133443113000
"""sack @ boAReb7tW9"" folds",2026-10-07T00:53:48.322Z,179133442832200
"""Dih @ GO72Iwd2XL"" posts a big blind of 0.50",2026-10-07T00:53:46.987Z,179133442698706
"""Rayan @ nhXZL_Cydv"" posts a small blind of 0.25",2026-10-07T00:53:46.987Z,179133442698705
"Player stacks: #1 ""Dih @ GO72Iwd2XL"" (90.14) | #4 ""sack @ boAReb7tW9"" (249.33) | #9 ""Rayan @ nhXZL_Cydv"" (78.49)",2026-10-07T00:53:46.987Z,179133442698701
"-- starting hand #159 (id: bnpgibbej9vq)  No Limit Texas Hold'em (dead button) --",2026-10-07T00:53:46.987Z,179133442698700
"""Rayan @ nhXZL_Cydv"" shows a A♣.",2026-10-07T00:53:45.613Z,179133442561300
"""sack @ boAReb7tW9"" shows a K♥.",2026-10-07T00:53:43.795Z,179133442379500
"-- ending hand #158 --",2026-10-07T00:53:42.654Z,179133442265402
"""Rayan @ nhXZL_Cydv"" collected 7.50 from pot",2026-10-07T00:53:42.654Z,179133442265401
"Uncalled bet of 2.75 returned to ""Rayan @ nhXZL_Cydv""",2026-10-07T00:53:42.654Z,179133442265400
"""sack @ boAReb7tW9"" folds",2026-10-07T00:53:41.788Z,179133442178800
"""Rayan @ nhXZL_Cydv"" bets 2.75",2026-10-07T00:53:39.399Z,179133441939900
"River: 7♣, A♦, K♦, J♠ [2♠]",2026-10-07T00:53:33.898Z,179133441389800
"""sack @ boAReb7tW9"" calls 2.75",2026-10-07T00:53:33.073Z,179133441307300
"""Rayan @ nhXZL_Cydv"" raises to 2.75",2026-10-07T00:53:28.457Z,179133440845700
"""sack @ boAReb7tW9"" bets 0.50",2026-10-07T00:53:25.304Z,179133440530400
"""Rayan @ nhXZL_Cydv"" checks",2026-10-07T00:53:23.293Z,179133440329300
"Turn: 7♣, A♦, K♦ [J♠]",2026-10-07T00:53:22.359Z,179133440235900
"""Rayan @ nhXZL_Cydv"" calls 0.50",2026-10-07T00:53:21.511Z,179133440151100
"""sack @ boAReb7tW9"" bets 0.50",2026-10-07T00:53:13.664Z,179133439366400
"""Rayan @ nhXZL_Cydv"" checks",2026-10-07T00:53:11.519Z,179133439151900
"Flop:  [7♣, A♦, K♦]",2026-10-07T00:53:09.418Z,179133438941800
"""Rayan @ nhXZL_Cydv"" checks",2026-10-07T00:53:08.534Z,179133438853400
"""sack @ boAReb7tW9"" calls 0.50",2026-10-07T00:53:06.955Z,179133438695500
"""Dih @ GO72Iwd2XL"" folds",2026-10-07T00:53:03.232Z,179133438323200
"""Rayan @ nhXZL_Cydv"" posts a big blind of 0.50",2026-10-07T00:53:01.774Z,179133438177407
"Dead Small Blind",2026-10-07T00:53:01.774Z,179133438177406
"Player stacks: #1 ""Dih @ GO72Iwd2XL"" (90.14) | #4 ""sack @ boAReb7tW9"" (253.08) | #9 ""Rayan @ nhXZL_Cydv"" (74.74)",2026-10-07T00:53:01.774Z,179133438177402
"-- starting hand #158 (id: shuhixyyvbqh)  No Limit Texas Hold'em (dealer: ""sack @ boAReb7tW9"") --",2026-10-07T00:53:01.774Z,179133438177401
"The player ""Jason @ fYqcH1JWT_"" stand up with the stack of 80.50.",2026-10-07T00:53:01.774Z,179133438177400
"""sack @ boAReb7tW9"" shows a 7♠, 6♠.",2026-10-07T00:53:00.406Z,179133438040600
"-- ending hand #157 --",2026-10-07T00:52:55.158Z,179133437515802
"""Dih @ GO72Iwd2XL"" collected 7.50 from pot",2026-10-07T00:52:55.158Z,179133437515801
"Uncalled bet of 4.75 returned to ""Dih @ GO72Iwd2XL""",2026-10-07T00:52:55.158Z,179133437515800
"""Jason @ fYqcH1JWT_"" folds",2026-10-07T00:52:54.315Z,179133437431500
"""sack @ boAReb7tW9"" folds",2026-10-07T00:52:53.403Z,179133437340300
"""Dih @ GO72Iwd2XL"" bets 4.75",2026-10-07T00:52:52.359Z,179133437235900
"""Jason @ fYqcH1JWT_"" checks",2026-10-07T00:52:47.745Z,179133436774500
"""sack @ boAReb7tW9"" checks",2026-10-07T00:52:46.692Z,179133436669200
"Flop:  [4♣, 2♦, K♥]",2026-10-07T00:52:42.071Z,179133436207100
"""Jason @ fYqcH1JWT_"" calls 2.50",2026-10-07T00:52:41.235Z,179133436123500
"""sack @ boAReb7tW9"" calls 2.50",2026-10-07T00:52:38.882Z,179133435888200
"""Dih @ GO72Iwd2XL"" raises to 2.50",2026-10-07T00:52:36.694Z,179133435669400
"""Rayan @ nhXZL_Cydv"" folds",2026-10-07T00:52:31.409Z,179133435140900
"""Jason @ fYqcH1JWT_"" posts a big blind of 0.50",2026-10-07T00:52:30.175Z,179133435017507
"""sack @ boAReb7tW9"" posts a small blind of 0.25",2026-10-07T00:52:30.175Z,179133435017506
"Player stacks: #1 ""Dih @ GO72Iwd2XL"" (85.14) | #4 ""sack @ boAReb7tW9"" (255.58) | #8 ""Jason @ fYqcH1JWT_"" (83.00) | #9 ""Rayan @ nhXZL_Cydv"" (74.74)",2026-10-07T00:52:30.175Z,179133435017501
"-- starting hand #157 (id: 38g6gm7udnxr)  No Limit Texas Hold'em (dealer: ""Dih @ GO72Iwd2XL"") --",2026-10-07T00:52:30.175Z,179133435017500
"-- ending hand #156 --",2026-10-07T00:52:24.205Z,179133434420502
"""Jason @ fYqcH1JWT_"" collected 1.25 from pot",2026-10-07T00:52:24.205Z,179133434420501
"Uncalled bet of 1.25 returned to ""Jason @ fYqcH1JWT_""",2026-10-07T00:52:24.205Z,179133434420500
"""sack @ boAReb7tW9"" folds",2026-10-07T00:52:23.354Z,179133434335400
"""Jason @ fYqcH1JWT_"" bets 1.25",2026-10-07T00:52:22.433Z,179133434243300
"""sack @ boAReb7tW9"" checks",2026-10-07T00:52:19.557Z,179133433955700
"Turn: Q♥, 3♦, A♣ [5♥]",2026-10-07T00:52:18.252Z,179133433825200
"""Jason @ fYqcH1JWT_"" checks",2026-10-07T00:52:17.436Z,179133433743600
"""sack @ boAReb7tW9"" checks",2026-10-07T00:52:16.455Z,179133433645500
"Flop:  [Q♥, 3♦, A♣]",2026-10-07T00:52:14.651Z,179133433465100
"""sack @ boAReb7tW9"" checks",2026-10-07T00:52:13.836Z,179133433383600
"""Dih @ GO72Iwd2XL"" folds",2026-10-07T00:52:12.929Z,179133433292900
"""Rayan @ nhXZL_Cydv"" folds",2026-10-07T00:52:10.705Z,179133433070500
"""Jason @ fYqcH1JWT_"" calls 0.50",2026-10-07T00:52:07.889Z,179133432788900
"""sack @ boAReb7tW9"" posts a big blind of 0.50",2026-10-07T00:52:05.489Z,179133432548907
"""Dih @ GO72Iwd2XL"" posts a small blind of 0.25",2026-10-07T00:52:05.489Z,179133432548906
"Player stacks: #1 ""Dih @ GO72Iwd2XL"" (85.39) | #4 ""sack @ boAReb7tW9"" (256.08) | #8 ""Jason @ fYqcH1JWT_"" (82.25) | #9 ""Rayan @ nhXZL_Cydv"" (74.74)",2026-10-07T00:52:05.489Z,179133432548901
"-- starting hand #156 (id: 5osc2lilyywa)  No Limit Texas Hold'em (dealer: ""Rayan @ nhXZL_Cydv"") --",2026-10-07T00:52:05.489Z,179133432548900
"-- ending hand #155 --",2026-10-07T00:51:59.528Z,179133431952802
"""Rayan @ nhXZL_Cydv"" collected 4.50 from pot",2026-10-07T00:51:59.528Z,179133431952801
"Uncalled bet of 1.75 returned to ""Rayan @ nhXZL_Cydv""",2026-10-07T00:51:59.528Z,179133431952800
"""sack @ boAReb7tW9"" folds",2026-10-07T00:51:58.722Z,179133431872200
"""Dih @ GO72Iwd2XL"" folds",2026-10-07T00:51:53.778Z,179133431377800
"""Rayan @ nhXZL_Cydv"" bets 1.75",2026-10-07T00:51:52.889Z,179133431288900
"Flop:  [Q♦, 8♣, 6♦]",2026-10-07T00:51:44.993Z,179133430499300
"""sack @ boAReb7tW9"" calls 1.50",2026-10-07T00:51:44.174Z,179133430417400
"""Dih @ GO72Iwd2XL"" calls 1.50",2026-10-07T00:51:39.010Z,179133429901000
"""Rayan @ nhXZL_Cydv"" raises to 1.50",2026-10-07T00:51:37.530Z,179133429753000
"""Jason @ fYqcH1JWT_"" folds",2026-10-07T00:51:34.667Z,179133429466700
"""sack @ boAReb7tW9"" calls 0.50",2026-10-07T00:51:32.785Z,179133429278500
"""Dih @ GO72Iwd2XL"" posts a big blind of 0.50",2026-10-07T00:51:30.440Z,179133429044007
"""Rayan @ nhXZL_Cydv"" posts a small blind of 0.25",2026-10-07T00:51:30.440Z,179133429044006
"Player stacks: #1 ""Dih @ GO72Iwd2XL"" (86.89) | #4 ""sack @ boAReb7tW9"" (257.58) | #8 ""Jason @ fYqcH1JWT_"" (82.25) | #9 ""Rayan @ nhXZL_Cydv"" (71.74)",2026-10-07T00:51:30.440Z,179133429044001
"-- starting hand #155 (id: 8tphlmjg1pyi)  No Limit Texas Hold'em (dealer: ""Jason @ fYqcH1JWT_"") --",2026-10-07T00:51:30.440Z,179133429044000
"""Jason @ fYqcH1JWT_"" shows a J♠, 10♠.",2026-10-07T00:51:28.419Z,179133428841900
"""Dih @ GO72Iwd2XL"" shows a 3♦, 3♥.",2026-10-07T00:51:26.299Z,179133428629900
"-- ending hand #154 --",2026-10-07T00:51:23.101Z,179133428310102
"""Jason @ fYqcH1JWT_"" collected 4.50 from pot",2026-10-07T00:51:23.101Z,179133428310101
"Uncalled bet of 2.25 returned to ""Jason @ fYqcH1JWT_""",2026-10-07T00:51:23.101Z,179133428310100
"""Dih @ GO72Iwd2XL"" folds",2026-10-07T00:51:22.280Z,179133428228000
"""Jason @ fYqcH1JWT_"" bets 2.25",2026-10-07T00:51:21.248Z,179133428124800
"Turn: 9♣, 6♦, Q♠ [5♠]",2026-10-07T00:51:18.375Z,179133427837500
"""Dih @ GO72Iwd2XL"" checks",2026-10-07T00:51:17.496Z,179133427749600
"""Jason @ fYqcH1JWT_"" checks",2026-10-07T00:51:15.601Z,179133427560100
"Flop:  [9♣, 6♦, Q♠]",2026-10-07T00:51:13.572Z,179133427357200
"""Rayan @ nhXZL_Cydv"" folds",2026-10-07T00:51:12.762Z,179133427276200
"""Jason @ fYqcH1JWT_"" calls 2.00",2026-10-07T00:51:06.376Z,179133426637600
"""sack @ boAReb7tW9"" folds",2026-10-07T00:51:04.510Z,179133426451000
"""Dih @ GO72Iwd2XL"" raises to 2.00",2026-10-07T00:51:03.570Z,179133426357000
"""Rayan @ nhXZL_Cydv"" posts a big blind of 0.50",2026-10-07T00:50:59.250Z,179133425925007
"""Jason @ fYqcH1JWT_"" posts a small blind of 0.25",2026-10-07T00:50:59.250Z,179133425925006
"Player stacks: #1 ""Dih @ GO72Iwd2XL"" (88.89) | #4 ""sack @ boAReb7tW9"" (257.58) | #8 ""Jason @ fYqcH1JWT_"" (79.75) | #9 ""Rayan @ nhXZL_Cydv"" (72.24)",2026-10-07T00:50:59.250Z,179133425925001
"-- starting hand #154 (id: bp3jetj7and8)  No Limit Texas Hold'em (dealer: ""sack @ boAReb7tW9"") --",2026-10-07T00:50:59.250Z,179133425925000
"-- ending hand #153 --",2026-10-07T00:50:53.225Z,179133425322502
"""sack @ boAReb7tW9"" collected 1.00 from pot with A High (combination: 7♣, J♦, Q♠, K♦, A♠)",2026-10-07T00:50:53.225Z,179133425322501
"""sack @ boAReb7tW9"" shows a 7♣, Q♠.",2026-10-07T00:50:53.225Z,179133425322500
"""Jason @ fYqcH1JWT_"" checks",2026-10-07T00:50:52.403Z,179133425240300
"""sack @ boAReb7tW9"" checks",2026-10-07T00:50:51.443Z,179133425144300
"River: J♦, 6♣, A♠, 2♥ [K♦]",2026-10-07T00:50:50.777Z,179133425077700
"""Jason @ fYqcH1JWT_"" checks",2026-10-07T00:50:49.940Z,179133424994000
"""sack @ boAReb7tW9"" checks",2026-10-07T00:50:49.058Z,179133424905800
"Turn: J♦, 6♣, A♠ [2♥]",2026-10-07T00:50:48.073Z,179133424807300
"""Jason @ fYqcH1JWT_"" checks",2026-10-07T00:50:47.221Z,179133424722100
"""sack @ boAReb7tW9"" checks",2026-10-07T00:50:46.339Z,179133424633900
"Flop:  [J♦, 6♣, A♠]",2026-10-07T00:50:44.373Z,179133424437300
"""Jason @ fYqcH1JWT_"" checks",2026-10-07T00:50:43.472Z,179133424347200
"""sack @ boAReb7tW9"" calls 0.50",2026-10-07T00:50:42.007Z,179133424200700
"""Dih @ GO72Iwd2XL"" folds",2026-10-07T00:50:39.842Z,179133423984200
"""Rayan @ nhXZL_Cydv"" folds",2026-10-07T00:50:37.303Z,179133423730300
"""Jason @ fYqcH1JWT_"" posts a big blind of 0.50",2026-10-07T00:50:36.158Z,179133423615807
"""sack @ boAReb7tW9"" posts a small blind of 0.25",2026-10-07T00:50:36.158Z,179133423615806
"Player stacks: #1 ""Dih @ GO72Iwd2XL"" (88.89) | #4 ""sack @ boAReb7tW9"" (257.08) | #8 ""Jason @ fYqcH1JWT_"" (80.25) | #9 ""Rayan @ nhXZL_Cydv"" (72.24)",2026-10-07T00:50:36.158Z,179133423615801
"-- starting hand #153 (id: ag1edaliqwak)  No Limit Texas Hold'em (dealer: ""Dih @ GO72Iwd2XL"") --",2026-10-07T00:50:36.158Z,179133423615800
"-- ending hand #152 --",2026-10-07T00:50:30.065Z,179133423006503
"""Rayan @ nhXZL_Cydv"" collected 3.75 from pot with Two Pair, 10's & 7's (combination: A♦, 7♠, 7♦, 10♥, 10♦)",2026-10-07T00:50:30.065Z,179133423006502
"""Rayan @ nhXZL_Cydv"" shows a 10♥, A♦.",2026-10-07T00:50:30.065Z,179133423006501
"""sack @ boAReb7tW9"" shows a 6♣, Q♦.",2026-10-07T00:50:30.065Z,179133423006500
"""Rayan @ nhXZL_Cydv"" checks",2026-10-07T00:50:29.186Z,179133422918600
"""sack @ boAReb7tW9"" checks",2026-10-07T00:50:27.201Z,179133422720100
"River: 7♠, 7♦, 10♦, 8♦ [6♥]",2026-10-07T00:50:25.458Z,179133422545800
"""sack @ boAReb7tW9"" calls 1.25",2026-10-07T00:50:24.602Z,179133422460200
"""Rayan @ nhXZL_Cydv"" bets 1.25",2026-10-07T00:50:21.343Z,179133422134300
"""sack @ boAReb7tW9"" checks",2026-10-07T00:50:18.648Z,179133421864800
"Turn: 7♠, 7♦, 10♦ [8♦]",2026-10-07T00:50:17.550Z,179133421755000
"""Rayan @ nhXZL_Cydv"" checks",2026-10-07T00:50:16.716Z,179133421671600
"""sack @ boAReb7tW9"" checks",2026-10-07T00:50:15.621Z,179133421562100
"Flop:  [7♠, 7♦, 10♦]",2026-10-07T00:50:13.744Z,179133421374400
"""sack @ boAReb7tW9"" checks",2026-10-07T00:50:12.867Z,179133421286700
"""Dih @ GO72Iwd2XL"" folds",2026-10-07T00:50:10.880Z,179133421088000
"""Rayan @ nhXZL_Cydv"" calls 0.50",2026-10-07T00:50:09.766Z,179133420976600
"""Jason @ fYqcH1JWT_"" folds",2026-10-07T00:50:06.052Z,179133420605200
"""sack @ boAReb7tW9"" posts a big blind of 0.50",2026-10-07T00:50:04.063Z,179133420406307
"""Dih @ GO72Iwd2XL"" posts a small blind of 0.25",2026-10-07T00:50:04.063Z,179133420406306
"Player stacks: #1 ""Dih @ GO72Iwd2XL"" (89.14) | #4 ""sack @ boAReb7tW9"" (258.83) | #8 ""Jason @ fYqcH1JWT_"" (80.25) | #9 ""Rayan @ nhXZL_Cydv"" (70.24)",2026-10-07T00:50:04.063Z,179133420406301
"-- starting hand #152 (id: 9qjqqehgidcy)  No Limit Texas Hold'em (dealer: ""Rayan @ nhXZL_Cydv"") --",2026-10-07T00:50:04.063Z,179133420406300
"""Jason @ fYqcH1JWT_"" shows a A♣, 6♣.",2026-10-07T00:49:58.949Z,179133419894900
"-- ending hand #151 --",2026-10-07T00:49:57.483Z,179133419748302
"""Rayan @ nhXZL_Cydv"" collected 4.50 from pot with A High (combination: 9♦, 10♦, J♠, Q♠, A♥)",2026-10-07T00:49:57.483Z,179133419748301
"""Rayan @ nhXZL_Cydv"" shows a 10♦, A♥.",2026-10-07T00:49:57.483Z,179133419748300
"""Jason @ fYqcH1JWT_"" checks",2026-10-07T00:49:56.633Z,179133419663300
"""Rayan @ nhXZL_Cydv"" checks",2026-10-07T00:49:55.647Z,179133419564700
"River: 9♦, Q♠, J♠, 3♦ [2♣]",2026-10-07T00:49:54.798Z,179133419479800
"""Jason @ fYqcH1JWT_"" checks",2026-10-07T00:49:53.993Z,179133419399300
"""Rayan @ nhXZL_Cydv"" checks",2026-10-07T00:49:53.084Z,179133419308400
"Turn: 9♦, Q♠, J♠ [3♦]",2026-10-07T00:49:52.085Z,179133419208500
"""Jason @ fYqcH1JWT_"" checks",2026-10-07T00:49:51.249Z,179133419124900
"""Rayan @ nhXZL_Cydv"" checks",2026-10-07T00:49:50.000Z,179133419000000
"Flop:  [9♦, Q♠, J♠]",2026-10-07T00:49:47.880Z,179133418788000
"""Jason @ fYqcH1JWT_"" calls 2.00",2026-10-07T00:49:47.020Z,179133418702000
"""Dih @ GO72Iwd2XL"" folds",2026-10-07T00:49:44.669Z,179133418466900
"""Rayan @ nhXZL_Cydv"" raises to 2.00",2026-10-07T00:49:43.554Z,179133418355400
"""Jason @ fYqcH1JWT_"" calls 0.50",2026-10-07T00:49:40.730Z,179133418073000
"""sack @ boAReb7tW9"" folds",2026-10-07T00:49:38.907Z,179133417890700
"""Dih @ GO72Iwd2XL"" posts a big blind of 0.50",2026-10-07T00:49:36.976Z,179133417697607
"""Rayan @ nhXZL_Cydv"" posts a small blind of 0.25",2026-10-07T00:49:36.976Z,179133417697606
"Player stacks: #1 ""Dih @ GO72Iwd2XL"" (89.64) | #4 ""sack @ boAReb7tW9"" (258.83) | #8 ""Jason @ fYqcH1JWT_"" (82.25) | #9 ""Rayan @ nhXZL_Cydv"" (67.74)",2026-10-07T00:49:36.976Z,179133417697601
"-- starting hand #151 (id: chq5fsfstcct)  No Limit Texas Hold'em (dealer: ""Jason @ fYqcH1JWT_"") --",2026-10-07T00:49:36.976Z,179133417697600
"-- ending hand #150 --",2026-10-07T00:49:30.970Z,179133417097002
"""Rayan @ nhXZL_Cydv"" collected 4.25 from pot with Pair, 3's (combination: J♥, K♠, A♦, 3♦, 3♥)",2026-10-07T00:49:30.970Z,179133417097001
"""Rayan @ nhXZL_Cydv"" shows a J♥, A♦.",2026-10-07T00:49:30.970Z,179133417097000
"""sack @ boAReb7tW9"" checks",2026-10-07T00:49:30.166Z,179133417016600
"""Rayan @ nhXZL_Cydv"" checks",2026-10-07T00:49:29.284Z,179133416928400
"River: K♠, 8♠, 9♣, 3♦ [3♥]",2026-10-07T00:49:27.153Z,179133416715300
"""sack @ boAReb7tW9"" checks",2026-10-07T00:49:26.323Z,179133416632300
"""Rayan @ nhXZL_Cydv"" checks",2026-10-07T00:49:23.005Z,179133416300500
"Turn: K♠, 8♠, 9♣ [3♦]",2026-10-07T00:49:20.545Z,179133416054500
"""sack @ boAReb7tW9"" checks",2026-10-07T00:49:19.731Z,179133415973100
"""Rayan @ nhXZL_Cydv"" checks",2026-10-07T00:49:14.345Z,179133415434500
"Flop:  [K♠, 8♠, 9♣]",2026-10-07T00:49:13.139Z,179133415313900
"""Rayan @ nhXZL_Cydv"" calls 2.00",2026-10-07T00:49:12.312Z,179133415231200
"""Jason @ fYqcH1JWT_"" folds",2026-10-07T00:49:10.998Z,179133415099800
"""sack @ boAReb7tW9"" raises to 2.00",2026-10-07T00:49:08.579Z,179133414857900
"""Dih @ GO72Iwd2XL"" folds",2026-10-07T00:49:05.289Z,179133414528900
"""Rayan @ nhXZL_Cydv"" posts a big blind of 0.50",2026-10-07T00:49:03.635Z,179133414363507
"""Jason @ fYqcH1JWT_"" posts a small blind of 0.25",2026-10-07T00:49:03.635Z,179133414363506
"Player stacks: #1 ""Dih @ GO72Iwd2XL"" (89.64) | #4 ""sack @ boAReb7tW9"" (260.83) | #8 ""Jason @ fYqcH1JWT_"" (82.50) | #9 ""Rayan @ nhXZL_Cydv"" (65.49)",2026-10-07T00:49:03.635Z,179133414363501
"-- starting hand #150 (id: 2idn98pxtc0m)  No Limit Texas Hold'em (dealer: ""sack @ boAReb7tW9"") --",2026-10-07T00:49:03.635Z,179133414363500
"-- ending hand #149 --",2026-10-07T00:48:57.654Z,179133413765402
"""sack @ boAReb7tW9"" collected 9.00 from pot",2026-10-07T00:48:57.654Z,179133413765401
"Uncalled bet of 4.50 returned to ""sack @ boAReb7tW9""",2026-10-07T00:48:57.654Z,179133413765400
"""Rayan @ nhXZL_Cydv"" folds",2026-10-07T00:48:56.813Z,179133413681300
"""sack @ boAReb7tW9"" bets 4.50",2026-10-07T00:48:55.765Z,179133413576500
"Turn: 6♠, 3♣, 8♠ [A♦]",2026-10-07T00:48:51.289Z,179133413128900
"""Rayan @ nhXZL_Cydv"" calls 2.25",2026-10-07T00:48:50.475Z,179133413047500
"""sack @ boAReb7tW9"" bets 2.25",2026-10-07T00:48:47.789Z,179133412778900
"Flop:  [6♠, 3♣, 8♠]",2026-10-07T00:48:42.603Z,179133412260300
"""Rayan @ nhXZL_Cydv"" calls 2.00",2026-10-07T00:48:41.780Z,179133412178000
"""Jason @ fYqcH1JWT_"" folds",2026-10-07T00:48:40.565Z,179133412056500
"""sack @ boAReb7tW9"" raises to 2.00",2026-10-07T00:48:39.296Z,179133411929600
"""Dih @ GO72Iwd2XL"" folds",2026-10-07T00:48:35.854Z,179133411585400
"""Rayan @ nhXZL_Cydv"" calls 0.50",2026-10-07T00:48:34.893Z,179133411489300
"""Jason @ fYqcH1JWT_"" posts a big blind of 0.50",2026-10-07T00:48:33.593Z,179133411359307
"""sack @ boAReb7tW9"" posts a small blind of 0.25",2026-10-07T00:48:33.593Z,179133411359306
"Player stacks: #1 ""Dih @ GO72Iwd2XL"" (89.64) | #4 ""sack @ boAReb7tW9"" (256.08) | #8 ""Jason @ fYqcH1JWT_"" (83.00) | #9 ""Rayan @ nhXZL_Cydv"" (69.74)",2026-10-07T00:48:33.593Z,179133411359301
"-- starting hand #149 (id: hbm5xcrwi7te)  No Limit Texas Hold'em (dealer: ""Dih @ GO72Iwd2XL"") --",2026-10-07T00:48:33.593Z,179133411359300
"""sack @ boAReb7tW9"" shows a 10♣, K♦.",2026-10-07T00:48:29.285Z,179133410928500
"""Dih @ GO72Iwd2XL"" shows a 3♠, 3♦.",2026-10-07T00:48:28.625Z,179133410862500
"-- ending hand #148 --",2026-10-07T00:48:26.573Z,179133410657302
"""Rayan @ nhXZL_Cydv"" collected 15.00 from pot with Pair, A's (combination: 7♠, 8♦, 10♥, A♠, A♦)",2026-10-07T00:48:26.573Z,179133410657301
"""Rayan @ nhXZL_Cydv"" shows a A♠, 6♣.",2026-10-07T00:48:26.573Z,179133410657300
"""sack @ boAReb7tW9"" calls 3.75",2026-10-07T00:48:25.756Z,179133410575600
"""Dih @ GO72Iwd2XL"" folds",2026-10-07T00:48:23.626Z,179133410362600
"""Rayan @ nhXZL_Cydv"" bets 3.75",2026-10-07T00:48:22.497Z,179133410249700
"""sack @ boAReb7tW9"" checks",2026-10-07T00:48:20.277Z,179133410027700
"""Dih @ GO72Iwd2XL"" checks",2026-10-07T00:48:16.145Z,179133409614500
"River: 8♦, A♦, 7♠, 10♥ [4♦]",2026-10-07T00:48:14.176Z,179133409417600
"""Dih @ GO72Iwd2XL"" calls 0.50",2026-10-07T00:48:13.365Z,179133409336500
"""Rayan @ nhXZL_Cydv"" calls 0.50",2026-10-07T00:48:06.392Z,179133408639200
"""sack @ boAReb7tW9"" bets 0.50",2026-10-07T00:48:03.447Z,179133408344700
"""Dih @ GO72Iwd2XL"" checks",2026-10-07T00:48:01.780Z,179133408178000
"Turn: 8♦, A♦, 7♠ [10♥]",2026-10-07T00:48:00.270Z,179133408027000
"""Rayan @ nhXZL_Cydv"" checks",2026-10-07T00:47:59.440Z,179133407944000
"""sack @ boAReb7tW9"" checks",2026-10-07T00:47:57.678Z,179133407767800
"""Dih @ GO72Iwd2XL"" checks",2026-10-07T00:47:55.335Z,179133407533500
"Flop:  [8♦, A♦, 7♠]",2026-10-07T00:47:52.650Z,179133407265000
"""sack @ boAReb7tW9"" calls 2.00",2026-10-07T00:47:51.809Z,179133407180900
"""Dih @ GO72Iwd2XL"" calls 2.00",2026-10-07T00:47:50.470Z,179133407047000
"""Rayan @ nhXZL_Cydv"" raises to 2.00",2026-10-07T00:47:42.352Z,179133406235200
"""Jason @ fYqcH1JWT_"" folds",2026-10-07T00:47:38.317Z,179133405831700
"""sack @ boAReb7tW9"" posts a big blind of 0.50",2026-10-07T00:47:37.273Z,179133405727307
"""Dih @ GO72Iwd2XL"" posts a small blind of 0.25",2026-10-07T00:47:37.273Z,179133405727306
"Player stacks: #1 ""Dih @ GO72Iwd2XL"" (92.14) | #4 ""sack @ boAReb7tW9"" (262.33) | #8 ""Jason @ fYqcH1JWT_"" (83.00) | #9 ""Rayan @ nhXZL_Cydv"" (60.99)",2026-10-07T00:47:37.273Z,179133405727301
"-- starting hand #148 (id: lyvppq1tttge)  No Limit Texas Hold'em (dealer: ""Rayan @ nhXZL_Cydv"") --",2026-10-07T00:47:37.273Z,179133405727300
"-- ending hand #147 --",2026-10-07T00:47:31.349Z,179133405134902
"""Rayan @ nhXZL_Cydv"" collected 1.00 from pot",2026-10-07T00:47:31.349Z,179133405134901
"Uncalled bet of 1.00 returned to ""Rayan @ nhXZL_Cydv""",2026-10-07T00:47:31.349Z,179133405134900
"""Dih @ GO72Iwd2XL"" folds",2026-10-07T00:47:30.525Z,179133405052500
"""Rayan @ nhXZL_Cydv"" raises to 1.50",2026-10-07T00:47:29.569Z,179133404956900
"""Jason @ fYqcH1JWT_"" folds",2026-10-07T00:47:26.923Z,179133404692300
"""sack @ boAReb7tW9"" folds",2026-10-07T00:47:26.006Z,179133404600600
"""Dih @ GO72Iwd2XL"" posts a big blind of 0.50",2026-10-07T00:47:24.232Z,179133404423207
"""Rayan @ nhXZL_Cydv"" posts a small blind of 0.25",2026-10-07T00:47:24.232Z,179133404423206
"Player stacks: #1 ""Dih @ GO72Iwd2XL"" (92.64) | #4 ""sack @ boAReb7tW9"" (262.33) | #8 ""Jason @ fYqcH1JWT_"" (83.00) | #9 ""Rayan @ nhXZL_Cydv"" (60.49)",2026-10-07T00:47:24.232Z,179133404423201
"-- starting hand #147 (id: tbh7ig2xaota)  No Limit Texas Hold'em (dealer: ""Jason @ fYqcH1JWT_"") --",2026-10-07T00:47:24.232Z,179133404423200
"""Rayan @ nhXZL_Cydv"" shows a 5♠.",2026-10-07T00:47:18.790Z,179133403879000
"-- ending hand #146 --",2026-10-07T00:47:17.617Z,179133403761702
"""Jason @ fYqcH1JWT_"" collected 4.50 from pot with Two Pair, K's & 6's (combination: 10♥, 6♣, 6♦, K♣, K♦)",2026-10-07T00:47:17.617Z,179133403761701
"""Jason @ fYqcH1JWT_"" shows a 9♥, 6♣.",2026-10-07T00:47:17.617Z,179133403761700
"""Rayan @ nhXZL_Cydv"" checks",2026-10-07T00:47:16.713Z,179133403671300
"""Jason @ fYqcH1JWT_"" checks",2026-10-07T00:47:15.854Z,179133403585400
"River: K♣, 5♣, 6♦, K♦ [10♥]",2026-10-07T00:47:14.412Z,179133403441200
"""Jason @ fYqcH1JWT_"" calls 1.50",2026-10-07T00:47:13.532Z,179133403353200
"""sack @ boAReb7tW9"" folds",2026-10-07T00:47:11.926Z,179133403192600
"""Rayan @ nhXZL_Cydv"" bets 1.50",2026-10-07T00:47:09.816Z,179133402981600
"""Jason @ fYqcH1JWT_"" checks",2026-10-07T00:47:06.651Z,179133402665100
"Turn: K♣, 5♣, 6♦ [K♦]",2026-10-07T00:47:05.257Z,179133402525700
"""sack @ boAReb7tW9"" checks",2026-10-07T00:47:04.446Z,179133402444600
"""Rayan @ nhXZL_Cydv"" checks",2026-10-07T00:47:03.298Z,179133402329800
"""Jason @ fYqcH1JWT_"" checks",2026-10-07T00:47:02.373Z,179133402237300
"Flop:  [K♣, 5♣, 6♦]",2026-10-07T00:47:00.443Z,179133402044300
"""Rayan @ nhXZL_Cydv"" checks",2026-10-07T00:46:59.619Z,179133401961900
"""Jason @ fYqcH1JWT_"" calls 0.50",2026-10-07T00:46:58.733Z,179133401873300
"""sack @ boAReb7tW9"" calls 0.50",2026-10-07T00:46:57.451Z,179133401745100
"""Dih @ GO72Iwd2XL"" folds",2026-10-07T00:46:55.111Z,179133401511100
"""Rayan @ nhXZL_Cydv"" posts a big blind of 0.50",2026-10-07T00:46:53.239Z,179133401323907
"""Jason @ fYqcH1JWT_"" posts a small blind of 0.25",2026-10-07T00:46:53.239Z,179133401323906
"Player stacks: #1 ""Dih @ GO72Iwd2XL"" (92.64) | #4 ""sack @ boAReb7tW9"" (262.83) | #8 ""Jason @ fYqcH1JWT_"" (80.50) | #9 ""Rayan @ nhXZL_Cydv"" (62.49)",2026-10-07T00:46:53.239Z,179133401323901
"-- starting hand #146 (id: 46qpsnne4vfi)  No Limit Texas Hold'em (dealer: ""sack @ boAReb7tW9"") --",2026-10-07T00:46:53.239Z,179133401323900
"-- ending hand #145 --",2026-10-07T00:46:47.296Z,179133400729602
"""Dih @ GO72Iwd2XL"" collected 1.75 from pot",2026-10-07T00:46:47.296Z,179133400729601
"Uncalled bet of 1.50 returned to ""Dih @ GO72Iwd2XL""",2026-10-07T00:46:47.296Z,179133400729600
"""Rayan @ nhXZL_Cydv"" folds",2026-10-07T00:46:46.484Z,179133400648400
"""Jason @ fYqcH1JWT_"" folds",2026-10-07T00:46:44.650Z,179133400465000
"""sack @ boAReb7tW9"" folds",2026-10-07T00:46:42.470Z,179133400247000
"""Dih @ GO72Iwd2XL"" raises to 2.00",2026-10-07T00:46:41.061Z,179133400106100
"""Rayan @ nhXZL_Cydv"" calls 0.50",2026-10-07T00:46:36.081Z,179133399608100
"""Jason @ fYqcH1JWT_"" posts a big blind of 0.50",2026-10-07T00:46:34.821Z,179133399482107
"""sack @ boAReb7tW9"" posts a small blind of 0.25",2026-10-07T00:46:34.821Z,179133399482106
"Player stacks: #1 ""Dih @ GO72Iwd2XL"" (91.39) | #4 ""sack @ boAReb7tW9"" (263.08) | #8 ""Jason @ fYqcH1JWT_"" (81.00) | #9 ""Rayan @ nhXZL_Cydv"" (62.99)",2026-10-07T00:46:34.821Z,179133399482101
"-- starting hand #145 (id: 1aqfsxzxijrc)  No Limit Texas Hold'em (dealer: ""Dih @ GO72Iwd2XL"") --",2026-10-07T00:46:34.821Z,179133399482100
"""Dih @ GO72Iwd2XL"" shows a Q♠, A♠.",2026-10-07T00:46:31.860Z,179133399186000
"""sack @ boAReb7tW9"" shows a 5♥, 9♥.",2026-10-07T00:46:31.498Z,179133399149800
"-- ending hand #144 --",2026-10-07T00:46:30.480Z,179133399048001
"""Dih @ GO72Iwd2XL"" collected 22.50 from pot",2026-10-07T00:46:30.480Z,179133399048000
"""sack @ boAReb7tW9"" folds",2026-10-07T00:46:29.663Z,179133398966300
"""Dih @ GO72Iwd2XL"" checks",2026-10-07T00:46:28.755Z,179133398875500
"River: J♦, 7♥, 6♥, 3♠ [K♠]",2026-10-07T00:46:25.761Z,179133398576100
"""sack @ boAReb7tW9"" checks",2026-10-07T00:46:24.873Z,179133398487300
"""Dih @ GO72Iwd2XL"" checks",2026-10-07T00:46:22.899Z,179133398289900
"Turn: J♦, 7♥, 6♥ [3♠]",2026-10-07T00:46:20.407Z,179133398040700
"""Rayan @ nhXZL_Cydv"" folds",2026-10-07T00:46:19.569Z,179133397956900
"""sack @ boAReb7tW9"" calls 6.75",2026-10-07T00:46:18.657Z,179133397865700
"""Dih @ GO72Iwd2XL"" bets 6.75",2026-10-07T00:46:15.195Z,179133397519500
"Flop:  [J♦, 7♥, 6♥]",2026-10-07T00:46:10.356Z,179133397035600
"""Rayan @ nhXZL_Cydv"" calls 3.00",2026-10-07T00:46:09.543Z,179133396954300
"""sack @ boAReb7tW9"" calls 3.00",2026-10-07T00:46:07.930Z,179133396793000
"""Dih @ GO72Iwd2XL"" raises to 3.00",2026-10-07T00:46:03.963Z,179133396396300
"""Rayan @ nhXZL_Cydv"" raises to 1.00",2026-10-07T00:45:59.981Z,179133395998100
"""Jason @ fYqcH1JWT_"" folds",2026-10-07T00:45:57.941Z,179133395794100
"""sack @ boAReb7tW9"" posts a big blind of 0.50",2026-10-07T00:45:56.485Z,179133395648507
"""Dih @ GO72Iwd2XL"" posts a small blind of 0.25",2026-10-07T00:45:56.485Z,179133395648506
"Player stacks: #1 ""Dih @ GO72Iwd2XL"" (78.64) | #4 ""sack @ boAReb7tW9"" (272.83) | #8 ""Jason @ fYqcH1JWT_"" (81.00) | #9 ""Rayan @ nhXZL_Cydv"" (65.99)",2026-10-07T00:45:56.485Z,179133395648501
"-- starting hand #144 (id: flv8h2lyco9z)  No Limit Texas Hold'em (dealer: ""Rayan @ nhXZL_Cydv"") --",2026-10-07T00:45:56.485Z,179133395648500
"-- ending hand #143 --",2026-10-07T00:45:50.550Z,179133395055002
"""Dih @ GO72Iwd2XL"" collected 2.00 from pot",2026-10-07T00:45:50.550Z,179133395055001
"Uncalled bet of 2.00 returned to ""Dih @ GO72Iwd2XL""",2026-10-07T00:45:50.550Z,179133395055000
"""Rayan @ nhXZL_Cydv"" folds",2026-10-07T00:45:49.688Z,179133394968800
"""Dih @ GO72Iwd2XL"" bets 2.00",2026-10-07T00:45:48.652Z,179133394865200
"""Rayan @ nhXZL_Cydv"" checks",2026-10-07T00:45:41.640Z,179133394164000
"Flop:  [6♥, 8♠, 8♦]",2026-10-07T00:45:40.144Z,179133394014400
"""Dih @ GO72Iwd2XL"" calls 1.00",2026-10-07T00:45:39.338Z,179133393933800
"""Rayan @ nhXZL_Cydv"" raises to 1.00",2026-10-07T00:45:38.396Z,179133393839600
"""Jason @ fYqcH1JWT_"" folds",2026-10-07T00:45:35.431Z,179133393543100
"""sack @ boAReb7tW9"" folds",2026-10-07T00:45:34.541Z,179133393454100
"""Dih @ GO72Iwd2XL"" posts a big blind of 0.50",2026-10-07T00:45:33.381Z,179133393338107
"""Rayan @ nhXZL_Cydv"" posts a small blind of 0.25",2026-10-07T00:45:33.381Z,179133393338106
"Player stacks: #1 ""Dih @ GO72Iwd2XL"" (77.64) | #4 ""sack @ boAReb7tW9"" (272.83) | #8 ""Jason @ fYqcH1JWT_"" (81.00) | #9 ""Rayan @ nhXZL_Cydv"" (66.99)",2026-10-07T00:45:33.381Z,179133393338101
"-- starting hand #143 (id: fhmyar1v7mwh)  No Limit Texas Hold'em (dealer: ""Jason @ fYqcH1JWT_"") --",2026-10-07T00:45:33.381Z,179133393338100
"""sack @ boAReb7tW9"" shows a A♠, K♦.",2026-10-07T00:45:28.351Z,179133392835100
"""Rayan @ nhXZL_Cydv"" shows a 8♠.",2026-10-07T00:45:27.556Z,179133392755600
"-- ending hand #142 --",2026-10-07T00:45:26.053Z,179133392605302
"""sack @ boAReb7tW9"" collected 7.50 from pot",2026-10-07T00:45:26.053Z,179133392605301
"Uncalled bet of 2.50 returned to ""sack @ boAReb7tW9""",2026-10-07T00:45:26.053Z,179133392605300
"""Rayan @ nhXZL_Cydv"" folds",2026-10-07T00:45:25.195Z,179133392519500
"""Jason @ fYqcH1JWT_"" folds",2026-10-07T00:45:24.216Z,179133392421600
"""sack @ boAReb7tW9"" bets 2.50",2026-10-07T00:45:17.537Z,179133391753700
"""Rayan @ nhXZL_Cydv"" checks",2026-10-07T00:45:13.419Z,179133391341900
"""Jason @ fYqcH1JWT_"" checks",2026-10-07T00:45:12.499Z,179133391249900
"Flop:  [10♣, Q♥, 5♦]",2026-10-07T00:45:10.155Z,179133391015500
"""Rayan @ nhXZL_Cydv"" calls 2.50",2026-10-07T00:45:09.320Z,179133390932000
"""Jason @ fYqcH1JWT_"" calls 2.50",2026-10-07T00:45:07.934Z,179133390793400
"""sack @ boAReb7tW9"" raises to 2.50",2026-10-07T00:45:04.633Z,179133390463300
"""Dih @ GO72Iwd2XL"" folds",2026-10-07T00:45:00.093Z,179133390009300
"""Rayan @ nhXZL_Cydv"" posts a big blind of 0.50",2026-10-07T00:44:58.093Z,179133389809308
"""Jason @ fYqcH1JWT_"" posts a small blind of 0.25",2026-10-07T00:44:58.093Z,179133389809307
"Player stacks: #1 ""Dih @ GO72Iwd2XL"" (77.64) | #4 ""sack @ boAReb7tW9"" (267.83) | #8 ""Jason @ fYqcH1JWT_"" (83.50) | #9 ""Rayan @ nhXZL_Cydv"" (69.49)",2026-10-07T00:44:58.093Z,179133389809302
"-- starting hand #142 (id: zdcxs1pg9vku)  No Limit Texas Hold'em (dealer: ""sack @ boAReb7tW9"") --",2026-10-07T00:44:58.093Z,179133389809301
"The player ""Heech @ wzsls5Sz57"" stand up with the stack of 21.00.",2026-10-07T00:44:58.093Z,179133389809300
"-- ending hand #141 --",2026-10-07T00:44:55.173Z,179133389517302
"""Dih @ GO72Iwd2XL"" collected 11.49 from pot",2026-10-07T00:44:55.173Z,179133389517301
"Uncalled bet of 8.61 returned to ""Dih @ GO72Iwd2XL""",2026-10-07T00:44:55.173Z,179133389517300
"""Rayan @ nhXZL_Cydv"" folds",2026-10-07T00:44:54.370Z,179133389437000
"""Dih @ GO72Iwd2XL"" bets 8.61",2026-10-07T00:44:53.455Z,179133389345500
"""Rayan @ nhXZL_Cydv"" checks",2026-10-07T00:44:49.961Z,179133388996100
"River: 4♣, 10♦, 7♥, 9♣ [5♠]",2026-10-07T00:44:48.772Z,179133388877200
"""Dih @ GO72Iwd2XL"" calls 2.87",2026-10-07T00:44:47.949Z,179133388794900
"""Rayan @ nhXZL_Cydv"" bets 2.87",2026-10-07T00:44:42.609Z,179133388260900
"Turn: 4♣, 10♦, 7♥ [9♣]",2026-10-07T00:44:39.166Z,179133387916600
"""Dih @ GO72Iwd2XL"" checks",2026-10-07T00:44:38.315Z,179133387831500
"""Rayan @ nhXZL_Cydv"" checks",2026-10-07T00:44:34.707Z,179133387470700
"Flop:  [4♣, 10♦, 7♥]",2026-10-07T00:44:33.277Z,179133387327700
"""Rayan @ nhXZL_Cydv"" calls 2.50",2026-10-07T00:44:32.435Z,179133387243500
"""Jason @ fYqcH1JWT_"" folds",2026-10-07T00:44:30.301Z,179133387030100
"""sack @ boAReb7tW9"" folds",2026-10-07T00:44:27.523Z,179133386752300
"""Heech @ wzsls5Sz57"" folds",2026-10-07T00:44:26.200Z,179133386620000
"""Dih @ GO72Iwd2XL"" raises to 2.50",2026-10-07T00:44:25.296Z,179133386529600
"""Rayan @ nhXZL_Cydv"" calls 0.50",2026-10-07T00:44:21.454Z,179133386145400
"""Jason @ fYqcH1JWT_"" posts a big blind of 0.50",2026-10-07T00:44:19.993Z,179133385999308
"""sack @ boAReb7tW9"" posts a small blind of 0.25",2026-10-07T00:44:19.993Z,179133385999307
"Player stacks: #1 ""Dih @ GO72Iwd2XL"" (71.52) | #3 ""Heech @ wzsls5Sz57"" (21.00) | #4 ""sack @ boAReb7tW9"" (268.08) | #8 ""Jason @ fYqcH1JWT_"" (84.00) | #9 ""Rayan @ nhXZL_Cydv"" (74.86)",2026-10-07T00:44:19.993Z,179133385999301
"-- starting hand #141 (id: 6bbvhknseyy6)  No Limit Texas Hold'em (dealer: ""Heech @ wzsls5Sz57"") --",2026-10-07T00:44:19.993Z,179133385999300
"""Dih @ GO72Iwd2XL"" shows a 7♣.",2026-10-07T00:44:17.778Z,179133385777800
"""Dih @ GO72Iwd2XL"" shows a J♥.",2026-10-07T00:44:17.306Z,179133385730600
"""sack @ boAReb7tW9"" shows a J♦, 6♦.",2026-10-07T00:44:15.330Z,179133385533000
"-- ending hand #140 --",2026-10-07T00:44:12.984Z,179133385298401
"""Heech @ wzsls5Sz57"" collected 21.00 from pot with Pair, 9's (combination: Q♦, K♠, A♦, 9♣, 9♠)",2026-10-07T00:44:12.984Z,179133385298400
"River: 4♦, Q♦, K♠, J♣ [A♦]",2026-10-07T00:44:08.970Z,179133384897000
"Turn: 4♦, Q♦, K♠ [J♣]",2026-10-07T00:44:04.962Z,179133384496200
"Flop:  [4♦, Q♦, K♠]",2026-10-07T00:44:00.927Z,179133384092700
"""Rayan @ nhXZL_Cydv"" shows a 5♠, 5♣.",2026-10-07T00:43:56.911Z,179133383691101
"""Heech @ wzsls5Sz57"" shows a 9♣, 9♠.",2026-10-07T00:43:56.911Z,179133383691100
"Some players choose to not run it twice.",2026-10-07T00:43:56.087Z,179133383608701
"""Rayan @ nhXZL_Cydv"" chooses to not run it twice.",2026-10-07T00:43:56.087Z,179133383608700
"Remaining players decide whether to run it twice.",2026-10-07T00:43:55.452Z,179133383545201
"""Rayan @ nhXZL_Cydv"" calls 10.00",2026-10-07T00:43:55.452Z,179133383545200
"""Jason @ fYqcH1JWT_"" folds",2026-10-07T00:43:52.337Z,179133383233700
"""sack @ boAReb7tW9"" folds",2026-10-07T00:43:46.009Z,179133382600900
"""Heech @ wzsls5Sz57"" raises to 10.00 and go all in",2026-10-07T00:43:44.550Z,179133382455000
"""Dih @ GO72Iwd2XL"" folds",2026-10-07T00:43:41.902Z,179133382190200
"""Rayan @ nhXZL_Cydv"" calls 0.50",2026-10-07T00:43:40.952Z,179133382095200
"""Jason @ fYqcH1JWT_"" calls 0.50",2026-10-07T00:43:39.401Z,179133381940100
"""sack @ boAReb7tW9"" posts a big blind of 0.50",2026-10-07T00:43:33.493Z,179133381349308
"""Heech @ wzsls5Sz57"" posts a small blind of 0.25",2026-10-07T00:43:33.493Z,179133381349307
"Player stacks: #1 ""Dih @ GO72Iwd2XL"" (71.52) | #3 ""Heech @ wzsls5Sz57"" (10.00) | #4 ""sack @ boAReb7tW9"" (268.58) | #8 ""Jason @ fYqcH1JWT_"" (84.50) | #9 ""Rayan @ nhXZL_Cydv"" (84.86)",2026-10-07T00:43:33.493Z,179133381349301
"-- starting hand #140 (id: 6p7ade8pk7aa)  No Limit Texas Hold'em (dealer: ""Dih @ GO72Iwd2XL"") --",2026-10-07T00:43:33.493Z,179133381349300
"""Rayan @ nhXZL_Cydv"" shows a 5♣.",2026-10-07T00:43:32.157Z,179133381215700
"-- ending hand #139 --",2026-10-07T00:43:26.979Z,179133380697901
"""Heech @ wzsls5Sz57"" collected 10.00 from pot with Two Pair, 7's & 3's (combination: 5♠, 3♣, 3♥, 7♦, 7♥)",2026-10-07T00:43:26.979Z,179133380697900
"River: 4♦, 7♦, 5♠, 3♥ [7♥]",2026-10-07T00:43:22.880Z,179133380288000
"Turn: 4♦, 7♦, 5♠ [3♥]",2026-10-07T00:43:18.871Z,179133379887100
"Flop:  [4♦, 7♦, 5♠]",2026-10-07T00:43:14.807Z,179133379480700
"""Heech @ wzsls5Sz57"" shows a 3♣.",2026-10-07T00:43:10.764Z,179133379076401
"""Dih @ GO72Iwd2XL"" shows a Q♦, 10♣.",2026-10-07T00:43:10.764Z,179133379076400
"""Heech @ wzsls5Sz57"" shows a 2♠.",2026-10-07T00:43:10.279Z,179133379027900
"Some players choose to not run it twice.",2026-10-07T00:43:09.887Z,179133378988701
"""Dih @ GO72Iwd2XL"" chooses to not run it twice.",2026-10-07T00:43:09.887Z,179133378988700
"Remaining players decide whether to run it twice.",2026-10-07T00:43:09.012Z,179133378901201
"""Heech @ wzsls5Sz57"" calls 5.00 and go all in",2026-10-07T00:43:09.012Z,179133378901200
"""Dih @ GO72Iwd2XL"" raises to 5.00",2026-10-07T00:43:06.814Z,179133378681400
"""Rayan @ nhXZL_Cydv"" folds",2026-10-07T00:43:00.793Z,179133378079300
"""Jason @ fYqcH1JWT_"" folds",2026-10-07T00:42:53.818Z,179133377381800
"""sack @ boAReb7tW9"" folds",2026-10-07T00:42:52.720Z,179133377272000
"""Heech @ wzsls5Sz57"" posts a big blind of 0.50",2026-10-07T00:42:51.182Z,179133377118208
"""Dih @ GO72Iwd2XL"" posts a small blind of 0.25",2026-10-07T00:42:51.182Z,179133377118207
"Player stacks: #1 ""Dih @ GO72Iwd2XL"" (76.52) | #3 ""Heech @ wzsls5Sz57"" (5.00) | #4 ""sack @ boAReb7tW9"" (268.58) | #8 ""Jason @ fYqcH1JWT_"" (84.50) | #9 ""Rayan @ nhXZL_Cydv"" (84.86)",2026-10-07T00:42:51.182Z,179133377118201
"-- starting hand #139 (id: jd7poq0wxfmi)  No Limit Texas Hold'em (dealer: ""Rayan @ nhXZL_Cydv"") --",2026-10-07T00:42:51.182Z,179133377118200
"-- ending hand #138 --",2026-10-07T00:42:45.187Z,179133376518702
"""Dih @ GO72Iwd2XL"" collected 0.50 from pot",2026-10-07T00:42:45.187Z,179133376518701
"Uncalled bet of 0.25 returned to ""Dih @ GO72Iwd2XL""",2026-10-07T00:42:45.187Z,179133376518700
"""Rayan @ nhXZL_Cydv"" folds",2026-10-07T00:42:44.324Z,179133376432400
"""Jason @ fYqcH1JWT_"" folds",2026-10-07T00:42:43.271Z,179133376327100
"""sack @ boAReb7tW9"" folds",2026-10-07T00:42:42.232Z,179133376223200
"""Heech @ wzsls5Sz57"" folds",2026-10-07T00:42:41.325Z,179133376132500
"""Dih @ GO72Iwd2XL"" posts a big blind of 0.50",2026-10-07T00:42:33.307Z,179133375330709
"""Rayan @ nhXZL_Cydv"" posts a small blind of 0.25",2026-10-07T00:42:33.307Z,179133375330708
"Player stacks: #1 ""Dih @ GO72Iwd2XL"" (76.27) | #3 ""Heech @ wzsls5Sz57"" (5.00) | #4 ""sack @ boAReb7tW9"" (268.58) | #8 ""Jason @ fYqcH1JWT_"" (84.50) | #9 ""Rayan @ nhXZL_Cydv"" (85.11)",2026-10-07T00:42:33.307Z,179133375330702
"-- starting hand #138 (id: rsgqk8pjwyyt)  No Limit Texas Hold'em (dealer: ""Jason @ fYqcH1JWT_"") --",2026-10-07T00:42:33.307Z,179133375330701
"The player ""Heech @ wzsls5Sz57"" rebought. New stack 5.00.",2026-10-07T00:42:33.307Z,179133375330700
"Waiting for the game owner to approve or reject pending rebuy requests.",2026-10-07T00:42:30.307Z,179133375030701
"The player ""Heech @ wzsls5Sz57"" requested a rebuy of 5.00.",2026-10-07T00:42:30.307Z,179133375030700
"Asking to busted players the rebuy decision.",2026-10-07T00:42:27.449Z,179133374744900
"-- ending hand #137 --",2026-10-07T00:42:21.427Z,179133374142701
"""Rayan @ nhXZL_Cydv"" collected 29.27 from pot with Straight, A High (combination: 10♣, J♣, Q♦, K♠, A♦)",2026-10-07T00:42:21.427Z,179133374142700
"River: K♠, A♦, 7♣, Q♦ [2♣]",2026-10-07T00:42:17.385Z,179133373738500
"Turn: K♠, A♦, 7♣ [Q♦]",2026-10-07T00:42:13.355Z,179133373335500
"Flop:  [K♠, A♦, 7♣]",2026-10-07T00:42:09.218Z,179133372921800
"""Rayan @ nhXZL_Cydv"" shows a J♣, 10♣.",2026-10-07T00:42:05.210Z,179133372521001
"""Heech @ wzsls5Sz57"" shows a J♥.",2026-10-07T00:42:05.210Z,179133372521000
"""Heech @ wzsls5Sz57"" shows a 4♥.",2026-10-07T00:42:04.780Z,179133372478000
"Some players choose to not run it twice.",2026-10-07T00:42:04.360Z,179133372436001
"""Rayan @ nhXZL_Cydv"" chooses to not run it twice.",2026-10-07T00:42:04.360Z,179133372436000
"Remaining players decide whether to run it twice.",2026-10-07T00:42:03.666Z,179133372366601
"""Rayan @ nhXZL_Cydv"" calls 14.51",2026-10-07T00:42:03.666Z,179133372366600
"""Jason @ fYqcH1JWT_"" folds",2026-10-07T00:41:54.017Z,179133371401700
"""sack @ boAReb7tW9"" folds",2026-10-07T00:41:53.097Z,179133371309700
"""Heech @ wzsls5Sz57"" raises to 14.51 and go all in",2026-10-07T00:41:51.385Z,179133371138500
"""Dih @ GO72Iwd2XL"" folds",2026-10-07T00:41:49.313Z,179133370931300
"""Rayan @ nhXZL_Cydv"" posts a big blind of 0.50",2026-10-07T00:41:32.010Z,179133369201008
"""Jason @ fYqcH1JWT_"" posts a small blind of 0.25",2026-10-07T00:41:32.010Z,179133369201007
"Player stacks: #1 ""Dih @ GO72Iwd2XL"" (76.27) | #3 ""Heech @ wzsls5Sz57"" (14.51) | #4 ""sack @ boAReb7tW9"" (268.58) | #8 ""Jason @ fYqcH1JWT_"" (84.75) | #9 ""Rayan @ nhXZL_Cydv"" (70.35)",2026-10-07T00:41:32.010Z,179133369201001
"-- starting hand #137 (id: qoczx775klbj)  No Limit Texas Hold'em (dealer: ""sack @ boAReb7tW9"") --",2026-10-07T00:41:32.010Z,179133369201000
"""Jason @ fYqcH1JWT_"" shows a 2♦.",2026-10-07T00:41:29.305Z,179133368930500
"-- ending hand #136 --",2026-10-07T00:41:28.360Z,179133368836002
"""Dih @ GO72Iwd2XL"" collected 16.49 from pot",2026-10-07T00:41:28.360Z,179133368836001
"Uncalled bet of 59.78 returned to ""Dih @ GO72Iwd2XL""",2026-10-07T00:41:28.360Z,179133368836000
"""Heech @ wzsls5Sz57"" folds",2026-10-07T00:41:27.522Z,179133368752200
"""Dih @ GO72Iwd2XL"" bets 59.78 and go all in",2026-10-07T00:41:25.949Z,179133368594900
"River: K♦, 2♥, Q♦, 10♥ [2♣]",2026-10-07T00:41:20.154Z,179133368015400
"""Rayan @ nhXZL_Cydv"" folds",2026-10-07T00:41:19.335Z,179133367933500
"""Heech @ wzsls5Sz57"" calls 4.12",2026-10-07T00:41:18.388Z,179133367838800
"""Dih @ GO72Iwd2XL"" bets 4.12",2026-10-07T00:41:11.799Z,179133367179900
"""Rayan @ nhXZL_Cydv"" checks",2026-10-07T00:41:08.757Z,179133366875700
"Turn: K♦, 2♥, Q♦ [10♥]",2026-10-07T00:41:07.000Z,179133366700000
"""Heech @ wzsls5Sz57"" checks",2026-10-07T00:41:06.167Z,179133366616700
"""Dih @ GO72Iwd2XL"" checks",2026-10-07T00:41:04.833Z,179133366483300
"""Rayan @ nhXZL_Cydv"" checks",2026-10-07T00:41:02.376Z,179133366237600
"Flop:  [K♦, 2♥, Q♦]",2026-10-07T00:41:01.118Z,179133366111800
"""Rayan @ nhXZL_Cydv"" calls 2.50",2026-10-07T00:41:00.260Z,179133366026000
"""Jason @ fYqcH1JWT_"" folds",2026-10-07T00:40:58.926Z,179133365892600
"""sack @ boAReb7tW9"" folds",2026-10-07T00:40:57.788Z,179133365778800
"""Heech @ wzsls5Sz57"" calls 2.50",2026-10-07T00:40:56.837Z,179133365683700
"""Dih @ GO72Iwd2XL"" raises to 2.50",2026-10-07T00:40:49.990Z,179133364999000
"""Rayan @ nhXZL_Cydv"" calls 0.50",2026-10-07T00:40:45.230Z,179133364523000
"""Jason @ fYqcH1JWT_"" posts a big blind of 0.50",2026-10-07T00:40:44.172Z,179133364417208
"""sack @ boAReb7tW9"" posts a small blind of 0.25",2026-10-07T00:40:44.172Z,179133364417207
"Player stacks: #1 ""Dih @ GO72Iwd2XL"" (66.40) | #3 ""Heech @ wzsls5Sz57"" (21.13) | #4 ""sack @ boAReb7tW9"" (268.83) | #8 ""Jason @ fYqcH1JWT_"" (85.25) | #9 ""Rayan @ nhXZL_Cydv"" (72.85)",2026-10-07T00:40:44.172Z,179133364417201
"-- starting hand #136 (id: pz6zlz2rnrhf)  No Limit Texas Hold'em (dealer: ""Heech @ wzsls5Sz57"") --",2026-10-07T00:40:44.172Z,179133364417200
"-- ending hand #135 --",2026-10-07T00:40:38.156Z,179133363815602
"""sack @ boAReb7tW9"" collected 4.25 from pot with Pair, Q's (combination: 8♣, J♦, A♥, Q♣, Q♦)",2026-10-07T00:40:38.156Z,179133363815601
"""sack @ boAReb7tW9"" shows a 5♦, Q♣.",2026-10-07T00:40:38.156Z,179133363815600
"""Jason @ fYqcH1JWT_"" calls 0.50",2026-10-07T00:40:37.282Z,179133363728200
"""sack @ boAReb7tW9"" bets 0.50",2026-10-07T00:40:36.052Z,179133363605200
"River: J♦, Q♦, A♥, 8♣ [7♣]",2026-10-07T00:40:33.867Z,179133363386700
"""Jason @ fYqcH1JWT_"" calls 0.50",2026-10-07T00:40:32.984Z,179133363298400
"""sack @ boAReb7tW9"" bets 0.50",2026-10-07T00:40:31.574Z,179133363157400
"Turn: J♦, Q♦, A♥ [8♣]",2026-10-07T00:40:28.864Z,179133362886400
"""Jason @ fYqcH1JWT_"" calls 0.50",2026-10-07T00:40:27.974Z,179133362797400
"""sack @ boAReb7tW9"" bets 0.50",2026-10-07T00:40:26.435Z,179133362643500
"Flop:  [J♦, Q♦, A♥]",2026-10-07T00:40:22.064Z,179133362206400
"""sack @ boAReb7tW9"" checks",2026-10-07T00:40:21.167Z,179133362116700
"""Heech @ wzsls5Sz57"" folds",2026-10-07T00:40:20.291Z,179133362029100
"""Dih @ GO72Iwd2XL"" folds",2026-10-07T00:40:00.711Z,179133360071100
"""Rayan @ nhXZL_Cydv"" folds",2026-10-07T00:39:59.583Z,179133359958300
"""Jason @ fYqcH1JWT_"" calls 0.50",2026-10-07T00:39:58.735Z,179133359873500
"""sack @ boAReb7tW9"" posts a big blind of 0.50",2026-10-07T00:39:57.413Z,179133359741308
"""Heech @ wzsls5Sz57"" posts a small blind of 0.25",2026-10-07T00:39:57.413Z,179133359741307
"Player stacks: #1 ""Dih @ GO72Iwd2XL"" (66.40) | #3 ""Heech @ wzsls5Sz57"" (21.38) | #4 ""sack @ boAReb7tW9"" (266.58) | #8 ""Jason @ fYqcH1JWT_"" (87.25) | #9 ""Rayan @ nhXZL_Cydv"" (72.85)",2026-10-07T00:39:57.413Z,179133359741301
"-- starting hand #135 (id: uuslchopc6gg)  No Limit Texas Hold'em (dealer: ""Dih @ GO72Iwd2XL"") --",2026-10-07T00:39:57.413Z,179133359741300
"-- ending hand #134 --",2026-10-07T00:39:51.492Z,179133359149202
"""Jason @ fYqcH1JWT_"" collected 13.00 from pot",2026-10-07T00:39:51.492Z,179133359149201
"Uncalled bet of 7.00 returned to ""Jason @ fYqcH1JWT_""",2026-10-07T00:39:51.492Z,179133359149200
"""Dih @ GO72Iwd2XL"" folds",2026-10-07T00:39:50.669Z,179133359066900
"""Jason @ fYqcH1JWT_"" bets 7.00",2026-10-07T00:39:48.549Z,179133358854900
"""Dih @ GO72Iwd2XL"" checks",2026-10-07T00:39:44.512Z,179133358451200
"Turn: 10♠, 10♥, 3♥ [6♦]",2026-10-07T00:39:39.611Z,179133357961100
"""Jason @ fYqcH1JWT_"" calls 3.50",2026-10-07T00:39:38.781Z,179133357878100
"""Heech @ wzsls5Sz57"" folds",2026-10-07T00:39:36.900Z,179133357690000
"""Dih @ GO72Iwd2XL"" bets 3.50",2026-10-07T00:39:35.570Z,179133357557000
"Flop:  [10♠, 10♥, 3♥]",2026-10-07T00:39:31.001Z,179133357100100
"""Jason @ fYqcH1JWT_"" calls 2.00",2026-10-07T00:39:30.183Z,179133357018300
"""Heech @ wzsls5Sz57"" calls 2.00",2026-10-07T00:39:28.634Z,179133356863400
"""Dih @ GO72Iwd2XL"" raises to 2.00",2026-10-07T00:39:27.344Z,179133356734400
"""Rayan @ nhXZL_Cydv"" folds",2026-10-07T00:39:25.200Z,179133356520000
"""Jason @ fYqcH1JWT_"" calls 0.50",2026-10-07T00:39:24.230Z,179133356423000
"""sack @ boAReb7tW9"" folds",2026-10-07T00:39:23.387Z,179133356338700
"""Heech @ wzsls5Sz57"" posts a big blind of 0.50",2026-10-07T00:39:21.960Z,179133356196008
"""Dih @ GO72Iwd2XL"" posts a small blind of 0.25",2026-10-07T00:39:21.960Z,179133356196007
"Player stacks: #1 ""Dih @ GO72Iwd2XL"" (71.90) | #3 ""Heech @ wzsls5Sz57"" (23.38) | #4 ""sack @ boAReb7tW9"" (266.58) | #8 ""Jason @ fYqcH1JWT_"" (79.75) | #9 ""Rayan @ nhXZL_Cydv"" (72.85)",2026-10-07T00:39:21.960Z,179133356196001
"-- starting hand #134 (id: uvlrqfh8obyx)  No Limit Texas Hold'em (dealer: ""Rayan @ nhXZL_Cydv"") --",2026-10-07T00:39:21.960Z,179133356196000
"""Rayan @ nhXZL_Cydv"" shows a 7♠, 7♣.",2026-10-07T00:39:17.386Z,179133355738600
"-- ending hand #133 --",2026-10-07T00:39:15.275Z,179133355527502
"""Heech @ wzsls5Sz57"" collected 6.00 from pot",2026-10-07T00:39:15.275Z,179133355527501
"Uncalled bet of 17.38 returned to ""Heech @ wzsls5Sz57""",2026-10-07T00:39:15.275Z,179133355527500
"""Dih @ GO72Iwd2XL"" folds",2026-10-07T00:39:14.449Z,179133355444900
"""Rayan @ nhXZL_Cydv"" folds",2026-10-07T00:39:12.555Z,179133355255500
"""sack @ boAReb7tW9"" folds",2026-10-07T00:39:11.654Z,179133355165400
"""Heech @ wzsls5Sz57"" bets 17.38 and go all in",2026-10-07T00:39:10.181Z,179133355018100
"""Dih @ GO72Iwd2XL"" checks",2026-10-07T00:39:07.321Z,179133354732100
"""Rayan @ nhXZL_Cydv"" checks",2026-10-07T00:39:05.775Z,179133354577500
"Flop:  [5♠, Q♠, A♦]",2026-10-07T00:39:04.477Z,179133354447700
"""sack @ boAReb7tW9"" calls 1.50",2026-10-07T00:39:03.610Z,179133354361000
"""Heech @ wzsls5Sz57"" calls 1.50",2026-10-07T00:39:02.560Z,179133354256000
"""Dih @ GO72Iwd2XL"" calls 1.50",2026-10-07T00:38:59.649Z,179133353964900
"""Rayan @ nhXZL_Cydv"" raises to 1.50",2026-10-07T00:38:58.525Z,179133353852500
"""Jason @ fYqcH1JWT_"" folds",2026-10-07T00:38:56.429Z,179133353642900
"""sack @ boAReb7tW9"" calls 0.50",2026-10-07T00:38:55.491Z,179133353549100
"""Heech @ wzsls5Sz57"" calls 0.50",2026-10-07T00:38:54.347Z,179133353434700
"""Dih @ GO72Iwd2XL"" posts a big blind of 0.50",2026-10-07T00:38:48.853Z,179133352885308
"""Rayan @ nhXZL_Cydv"" posts a small blind of 0.25",2026-10-07T00:38:48.853Z,179133352885307
"Player stacks: #1 ""Dih @ GO72Iwd2XL"" (73.40) | #3 ""Heech @ wzsls5Sz57"" (18.88) | #4 ""sack @ boAReb7tW9"" (268.08) | #8 ""Jason @ fYqcH1JWT_"" (79.75) | #9 ""Rayan @ nhXZL_Cydv"" (74.35)",2026-10-07T00:38:48.853Z,179133352885301
"-- starting hand #133 (id: 2pmbfkfjco0t)  No Limit Texas Hold'em (dealer: ""Jason @ fYqcH1JWT_"") --",2026-10-07T00:38:48.853Z,179133352885300
"-- ending hand #132 --",2026-10-07T00:38:40.838Z,179133352083804
"""sack @ boAReb7tW9"" collected 9.43 from pot with Straight, Q High on the second run  (combination: 8♣, 9♥, 10♦, J♦, Q♠)",2026-10-07T00:38:40.838Z,179133352083803
"""Heech @ wzsls5Sz57"" collected 9.44 from pot with Straight, Q High on the second run  (combination: 8♣, 9♥, 10♦, J♣, Q♠)",2026-10-07T00:38:40.838Z,179133352083802
"""sack @ boAReb7tW9"" collected 9.44 from pot with Straight, K High (combination: 9♥, 10♦, J♦, Q♠, K♣)",2026-10-07T00:38:40.838Z,179133352083801
"""Heech @ wzsls5Sz57"" collected 9.44 from pot with Straight, K High (combination: 9♥, 10♦, J♣, Q♠, K♣)",2026-10-07T00:38:40.838Z,179133352083800
"River (second run): 10♦, Q♠, 9♥, 4♥ [8♣]",2026-10-07T00:38:36.823Z,179133351682300
"Turn (second run): 10♦, Q♠, 9♥ [4♥]",2026-10-07T00:38:32.782Z,179133351278200
"River: 10♦, Q♠, 9♥, K♣ [5♦]",2026-10-07T00:38:28.627Z,179133350862700
"Turn: 10♦, Q♠, 9♥ [K♣]",2026-10-07T00:38:24.611Z,179133350461100
"""sack @ boAReb7tW9"" shows a J♦, 6♦.",2026-10-07T00:38:20.574Z,179133350057401
"""Heech @ wzsls5Sz57"" shows a 9♣, J♣.",2026-10-07T00:38:20.574Z,179133350057400
"All players in hand choose to run it twice.",2026-10-07T00:38:19.735Z,179133349973501
"""sack @ boAReb7tW9"" chooses to  run it twice.",2026-10-07T00:38:19.735Z,179133349973500
"""Heech @ wzsls5Sz57"" chooses to  run it twice.",2026-10-07T00:38:19.620Z,179133349962000
"Remaining players decide whether to run it twice.",2026-10-07T00:38:18.080Z,179133349808001
"""Rayan @ nhXZL_Cydv"" folds",2026-10-07T00:38:18.080Z,179133349808000
"""sack @ boAReb7tW9"" calls 15.75",2026-10-07T00:38:17.100Z,179133349710000
"""Heech @ wzsls5Sz57"" bets 15.75 and go all in",2026-10-07T00:38:14.001Z,179133349400100
"""Rayan @ nhXZL_Cydv"" checks",2026-10-07T00:38:10.995Z,179133349099500
"Flop:  [10♦, Q♠, 9♥]",2026-10-07T00:38:09.373Z,179133348937300
"""sack @ boAReb7tW9"" calls 2.00",2026-10-07T00:38:08.497Z,179133348849700
"""Heech @ wzsls5Sz57"" calls 2.00",2026-10-07T00:38:07.163Z,179133348716300
"""Rayan @ nhXZL_Cydv"" raises to 2.00",2026-10-07T00:38:05.281Z,179133348528100
"""Jason @ fYqcH1JWT_"" folds",2026-10-07T00:38:01.263Z,179133348126300
"""sack @ boAReb7tW9"" calls 0.50",2026-10-07T00:37:59.953Z,179133347995300
"""Heech @ wzsls5Sz57"" calls 0.50",2026-10-07T00:37:56.883Z,179133347688300
"""Dih @ GO72Iwd2XL"" folds",2026-10-07T00:37:52.984Z,179133347298400
"""Rayan @ nhXZL_Cydv"" posts a big blind of 0.50",2026-10-07T00:37:51.511Z,179133347151109
"""Jason @ fYqcH1JWT_"" posts a small blind of 0.25",2026-10-07T00:37:51.511Z,179133347151108
"Player stacks: #1 ""Dih @ GO72Iwd2XL"" (73.40) | #3 ""Heech @ wzsls5Sz57"" (17.75) | #4 ""sack @ boAReb7tW9"" (266.96) | #8 ""Jason @ fYqcH1JWT_"" (80.00) | #9 ""Rayan @ nhXZL_Cydv"" (76.35)",2026-10-07T00:37:51.511Z,179133347151102
"-- starting hand #132 (id: skic2pdohnti)  No Limit Texas Hold'em (dealer: ""sack @ boAReb7tW9"") --",2026-10-07T00:37:51.511Z,179133347151101
"The player ""jaan @ O6Q78KIRx-"" stand up with the stack of 81.10.",2026-10-07T00:37:51.511Z,179133347151100
"""sack @ boAReb7tW9"" shows a 9♥, 8♦.",2026-10-07T00:37:45.951Z,179133346595100
"""Dih @ GO72Iwd2XL"" shows a 4♦, 8♥.",2026-10-07T00:37:44.738Z,179133346473800
"""Jason @ fYqcH1JWT_"" shows a A♠, 7♥.",2026-10-07T00:37:44.587Z,179133346458700
"""Rayan @ nhXZL_Cydv"" shows a 6♥, 7♣.",2026-10-07T00:37:43.937Z,179133346393700
"-- ending hand #131 --",2026-10-07T00:37:43.500Z,179133346350001
"""Heech @ wzsls5Sz57"" collected 17.75 from pot with A High (combination: 9♠, J♥, Q♣, K♦, A♥)",2026-10-07T00:37:43.500Z,179133346350000
"River: 9♠, J♥, K♦, 8♣ [5♦]",2026-10-07T00:37:39.459Z,179133345945900
"Turn: 9♠, J♥, K♦ [8♣]",2026-10-07T00:37:35.309Z,179133345530900
"Flop:  [9♠, J♥, K♦]",2026-10-07T00:37:31.304Z,179133345130400
"""Heech @ wzsls5Sz57"" shows a A♥, Q♣.",2026-10-07T00:37:27.268Z,179133344726801
"""jaan @ O6Q78KIRx-"" shows a A♣.",2026-10-07T00:37:27.268Z,179133344726800
"""jaan @ O6Q78KIRx-"" shows a 10♥.",2026-10-07T00:37:26.664Z,179133344666400
"Some players choose to not run it twice.",2026-10-07T00:37:26.444Z,179133344644401
"""Heech @ wzsls5Sz57"" chooses to not run it twice.",2026-10-07T00:37:26.444Z,179133344644400
"Remaining players decide whether to run it twice.",2026-10-07T00:37:25.620Z,179133344562001
"""jaan @ O6Q78KIRx-"" calls 8.25",2026-10-07T00:37:25.620Z,179133344562000
"""Rayan @ nhXZL_Cydv"" folds",2026-10-07T00:37:24.478Z,179133344447800
"""Jason @ fYqcH1JWT_"" folds",2026-10-07T00:37:23.532Z,179133344353200
"""sack @ boAReb7tW9"" folds",2026-10-07T00:37:02.130Z,179133342213000
"""Heech @ wzsls5Sz57"" raises to 8.25 and go all in",2026-10-07T00:37:01.170Z,179133342117000
"""jaan @ O6Q78KIRx-"" calls 0.50",2026-10-07T00:36:57.788Z,179133341778800
"""Dih @ GO72Iwd2XL"" folds",2026-10-07T00:36:54.357Z,179133341435700
"""Rayan @ nhXZL_Cydv"" calls 0.50",2026-10-07T00:36:52.378Z,179133341237800
"""Jason @ fYqcH1JWT_"" posts a big blind of 0.50",2026-10-07T00:36:51.192Z,179133341119209
"""sack @ boAReb7tW9"" posts a small blind of 0.25",2026-10-07T00:36:51.192Z,179133341119208
"Player stacks: #1 ""Dih @ GO72Iwd2XL"" (73.40) | #2 ""jaan @ O6Q78KIRx-"" (89.35) | #3 ""Heech @ wzsls5Sz57"" (8.25) | #4 ""sack @ boAReb7tW9"" (267.21) | #8 ""Jason @ fYqcH1JWT_"" (80.50) | #9 ""Rayan @ nhXZL_Cydv"" (76.85)",2026-10-07T00:36:51.192Z,179133341119201
"-- starting hand #131 (id: l0ihewnqo60t)  No Limit Texas Hold'em (dealer: ""Heech @ wzsls5Sz57"") --",2026-10-07T00:36:51.192Z,179133341119200
"-- ending hand #130 --",2026-10-07T00:36:45.258Z,179133340525802
"""Dih @ GO72Iwd2XL"" collected 1.25 from pot",2026-10-07T00:36:45.258Z,179133340525801
"Uncalled bet of 2.00 returned to ""Dih @ GO72Iwd2XL""",2026-10-07T00:36:45.258Z,179133340525800
"""sack @ boAReb7tW9"" folds",2026-10-07T00:36:44.417Z,179133340441700
"""Heech @ wzsls5Sz57"" folds",2026-10-07T00:36:31.611Z,179133339161100
"""jaan @ O6Q78KIRx-"" folds",2026-10-07T00:36:28.256Z,179133338825600
"""Dih @ GO72Iwd2XL"" raises to 2.50",2026-10-07T00:36:21.422Z,179133338142200
"""Rayan @ nhXZL_Cydv"" folds",2026-10-07T00:36:18.021Z,179133337802100
"""Jason @ fYqcH1JWT_"" folds",2026-10-07T00:36:17.168Z,179133337716800
"""sack @ boAReb7tW9"" posts a big blind of 0.50",2026-10-07T00:36:15.593Z,179133337559309
"""Heech @ wzsls5Sz57"" posts a small blind of 0.25",2026-10-07T00:36:15.593Z,179133337559308
"Player stacks: #1 ""Dih @ GO72Iwd2XL"" (72.65) | #2 ""jaan @ O6Q78KIRx-"" (89.35) | #3 ""Heech @ wzsls5Sz57"" (8.50) | #4 ""sack @ boAReb7tW9"" (267.71) | #8 ""Jason @ fYqcH1JWT_"" (80.50) | #9 ""Rayan @ nhXZL_Cydv"" (76.85)",2026-10-07T00:36:15.593Z,179133337559301
"-- starting hand #130 (id: hpiohzdhfvi1)  No Limit Texas Hold'em (dealer: ""jaan @ O6Q78KIRx-"") --",2026-10-07T00:36:15.593Z,179133337559300
"""Jason @ fYqcH1JWT_"" shows a 10♠.",2026-10-07T00:36:12.810Z,179133337281000
"""jaan @ O6Q78KIRx-"" shows a 8♥, 5♥.",2026-10-07T00:36:09.549Z,179133336954900
"-- ending hand #129 --",2026-10-07T00:36:08.565Z,179133336856501
"""Heech @ wzsls5Sz57"" collected 8.50 from pot with Pair, 5's (combination: 10♥, Q♦, K♣, 5♦, 5♠)",2026-10-07T00:36:08.565Z,179133336856500
"River: Q♦, 5♠, K♣, 4♥ [10♥]",2026-10-07T00:36:04.474Z,179133336447400
"""Heech @ wzsls5Sz57"" shows a 5♦, 6♥.",2026-10-07T00:36:00.402Z,179133336040201
"""Dih @ GO72Iwd2XL"" shows a A♠, 8♦.",2026-10-07T00:36:00.402Z,179133336040200
"Some players choose to not run it twice.",2026-10-07T00:35:59.573Z,179133335957301
"""Dih @ GO72Iwd2XL"" chooses to not run it twice.",2026-10-07T00:35:59.573Z,179133335957300
"Remaining players decide whether to run it twice.",2026-10-07T00:35:58.258Z,179133335825801
"""jaan @ O6Q78KIRx-"" folds",2026-10-07T00:35:58.258Z,179133335825800
"""Dih @ GO72Iwd2XL"" calls 3.50",2026-10-07T00:35:56.135Z,179133335613500
"""Heech @ wzsls5Sz57"" bets 3.50 and go all in",2026-10-07T00:35:55.145Z,179133335514500
"""jaan @ O6Q78KIRx-"" checks",2026-10-07T00:35:50.892Z,179133335089200
"Turn: Q♦, 5♠, K♣ [4♥]",2026-10-07T00:35:49.403Z,179133334940300
"""Dih @ GO72Iwd2XL"" checks",2026-10-07T00:35:48.576Z,179133334857600
"""Heech @ wzsls5Sz57"" checks",2026-10-07T00:35:47.234Z,179133334723400
"""jaan @ O6Q78KIRx-"" checks",2026-10-07T00:35:44.815Z,179133334481500
"Flop:  [Q♦, 5♠, K♣]",2026-10-07T00:35:42.359Z,179133334235900
"""Heech @ wzsls5Sz57"" checks",2026-10-07T00:35:41.441Z,179133334144100
"""jaan @ O6Q78KIRx-"" calls 0.50",2026-10-07T00:35:36.890Z,179133333689000
"""Dih @ GO72Iwd2XL"" calls 0.50",2026-10-07T00:35:34.767Z,179133333476700
"""Rayan @ nhXZL_Cydv"" folds",2026-10-07T00:35:31.938Z,179133333193800
"""Jason @ fYqcH1JWT_"" folds",2026-10-07T00:35:30.775Z,179133333077500
"""sack @ boAReb7tW9"" folds",2026-10-07T00:35:29.802Z,179133332980200
"""Heech @ wzsls5Sz57"" posts a big blind of 0.50",2026-10-07T00:35:27.981Z,179133332798109
"""jaan @ O6Q78KIRx-"" posts a small blind of 0.25",2026-10-07T00:35:27.981Z,179133332798108
"Player stacks: #1 ""Dih @ GO72Iwd2XL"" (76.65) | #2 ""jaan @ O6Q78KIRx-"" (89.85) | #3 ""Heech @ wzsls5Sz57"" (4.00) | #4 ""sack @ boAReb7tW9"" (267.71) | #8 ""Jason @ fYqcH1JWT_"" (80.50) | #9 ""Rayan @ nhXZL_Cydv"" (76.85)",2026-10-07T00:35:27.981Z,179133332798101
"-- starting hand #129 (id: fym5cqjseqey)  No Limit Texas Hold'em (dealer: ""Dih @ GO72Iwd2XL"") --",2026-10-07T00:35:27.981Z,179133332798100
"""sack @ boAReb7tW9"" shows a J♣, J♦.",2026-10-07T00:35:23.313Z,179133332331300
"""Dih @ GO72Iwd2XL"" shows a Q♠.",2026-10-07T00:35:22.717Z,179133332271700
"-- ending hand #128 --",2026-10-07T00:35:20.930Z,179133332093002
"""Rayan @ nhXZL_Cydv"" collected 33.00 from pot with Flush, A High (combination: 4♠, 8♠, 10♠, K♠, A♠)",2026-10-07T00:35:20.930Z,179133332093001
"""Rayan @ nhXZL_Cydv"" shows a K♠, 4♠.",2026-10-07T00:35:20.930Z,179133332093000
"""Dih @ GO72Iwd2XL"" calls 6.00",2026-10-07T00:35:20.012Z,179133332001200
"""Rayan @ nhXZL_Cydv"" bets 6.00",2026-10-07T00:35:16.327Z,179133331632700
"""Dih @ GO72Iwd2XL"" checks",2026-10-07T00:35:10.727Z,179133331072700
"River: 8♠, A♠, Q♣, 4♥ [10♠]",2026-10-07T00:35:05.918Z,179133330591800
"""Rayan @ nhXZL_Cydv"" checks",2026-10-07T00:35:05.011Z,179133330501100
"""Dih @ GO72Iwd2XL"" checks",2026-10-07T00:35:03.591Z,179133330359100
"Turn: 8♠, A♠, Q♣ [4♥]",2026-10-07T00:35:00.625Z,179133330062500
"""Jason @ fYqcH1JWT_"" folds",2026-10-07T00:34:59.786Z,179133329978600
"""sack @ boAReb7tW9"" folds",2026-10-07T00:34:58.048Z,179133329804800
"""Dih @ GO72Iwd2XL"" calls 5.25",2026-10-07T00:34:57.092Z,179133329709200
"""Rayan @ nhXZL_Cydv"" bets 5.25",2026-10-07T00:34:54.948Z,179133329494800
"""Jason @ fYqcH1JWT_"" checks",2026-10-07T00:34:51.769Z,179133329176900
"""sack @ boAReb7tW9"" checks",2026-10-07T00:34:50.305Z,179133329030500
"""Dih @ GO72Iwd2XL"" checks",2026-10-07T00:34:48.533Z,179133328853300
"Flop:  [8♠, A♠, Q♣]",2026-10-07T00:34:46.067Z,179133328606700
"""jaan @ O6Q78KIRx-"" folds",2026-10-07T00:34:45.224Z,179133328522400
"""Dih @ GO72Iwd2XL"" calls 2.50",2026-10-07T00:34:44.273Z,179133328427300
"""Rayan @ nhXZL_Cydv"" calls 2.50",2026-10-07T00:34:42.025Z,179133328202500
"""Jason @ fYqcH1JWT_"" calls 2.50",2026-10-07T00:34:37.619Z,179133327761900
"""sack @ boAReb7tW9"" raises to 2.50",2026-10-07T00:34:35.340Z,179133327534000
"""Heech @ wzsls5Sz57"" folds",2026-10-07T00:34:30.956Z,179133327095600
"""jaan @ O6Q78KIRx-"" posts a big blind of 0.50",2026-10-07T00:34:26.901Z,179133326690110
"""Dih @ GO72Iwd2XL"" posts a small blind of 0.25",2026-10-07T00:34:26.901Z,179133326690109
"Player stacks: #1 ""Dih @ GO72Iwd2XL"" (90.40) | #2 ""jaan @ O6Q78KIRx-"" (90.35) | #3 ""Heech @ wzsls5Sz57"" (4.00) | #4 ""sack @ boAReb7tW9"" (270.21) | #8 ""Jason @ fYqcH1JWT_"" (83.00) | #9 ""Rayan @ nhXZL_Cydv"" (57.60)",2026-10-07T00:34:26.901Z,179133326690102
"-- starting hand #128 (id: imkezphkhgg1)  No Limit Texas Hold'em (dealer: ""Rayan @ nhXZL_Cydv"") --",2026-10-07T00:34:26.901Z,179133326690101
"The player ""Heech @ wzsls5Sz57"" rebought. New stack 4.00.",2026-10-07T00:34:26.901Z,179133326690100
"Waiting for the game owner to approve or reject pending rebuy requests.",2026-10-07T00:34:24.621Z,179133326462101
"The player ""Heech @ wzsls5Sz57"" requested a rebuy of 4.00.",2026-10-07T00:34:24.621Z,179133326462100
"Asking to busted players the rebuy decision.",2026-10-07T00:34:16.454Z,179133325645400
"""Jason @ fYqcH1JWT_"" shows a 2♠.",2026-10-07T00:34:12.046Z,179133325204600
"""Heech @ wzsls5Sz57"" shows a 10♠, Q♣.",2026-10-07T00:34:11.348Z,179133325134800
"-- ending hand #127 --",2026-10-07T00:34:09.418Z,179133324941803
"""Dih @ GO72Iwd2XL"" collected 25.00 from pot with Pair, 2's (combination: 7♠, J♥, A♠, 2♣, 2♦)",2026-10-07T00:34:09.418Z,179133324941802
"""Dih @ GO72Iwd2XL"" shows a 2♣, 2♦.",2026-10-07T00:34:09.418Z,179133324941801
"""Rayan @ nhXZL_Cydv"" shows a 10♣, 9♣.",2026-10-07T00:34:09.418Z,179133324941800
"""sack @ boAReb7tW9"" checks",2026-10-07T00:34:08.587Z,179133324858700
"""jaan @ O6Q78KIRx-"" checks",2026-10-07T00:34:07.637Z,179133324763700
"""Dih @ GO72Iwd2XL"" checks",2026-10-07T00:34:06.727Z,179133324672700
"""Rayan @ nhXZL_Cydv"" checks",2026-10-07T00:34:05.819Z,179133324581900
"River: A♠, J♥, 7♠, 4♥ [6♣]",2026-10-07T00:34:03.129Z,179133324312900
"""sack @ boAReb7tW9"" checks",2026-10-07T00:34:02.265Z,179133324226500
"""jaan @ O6Q78KIRx-"" checks",2026-10-07T00:34:00.687Z,179133324068700
"""Dih @ GO72Iwd2XL"" checks",2026-10-07T00:33:59.689Z,179133323968900
"""Rayan @ nhXZL_Cydv"" checks",2026-10-07T00:33:58.095Z,179133323809500
"Turn: A♠, J♥, 7♠ [4♥]",2026-10-07T00:33:56.980Z,179133323698000
"""sack @ boAReb7tW9"" checks",2026-10-07T00:33:56.108Z,179133323610800
"""jaan @ O6Q78KIRx-"" checks",2026-10-07T00:33:52.821Z,179133323282100
"""Dih @ GO72Iwd2XL"" checks",2026-10-07T00:33:47.520Z,179133322752000
"""Rayan @ nhXZL_Cydv"" checks",2026-10-07T00:33:45.457Z,179133322545700
"Flop:  [A♠, J♥, 7♠]",2026-10-07T00:33:44.266Z,179133322426600
"""jaan @ O6Q78KIRx-"" calls 5.00",2026-10-07T00:33:43.430Z,179133322343000
"""Dih @ GO72Iwd2XL"" calls 5.00",2026-10-07T00:33:41.502Z,179133322150200
"""Rayan @ nhXZL_Cydv"" calls 5.00",2026-10-07T00:33:39.040Z,179133321904000
"""Jason @ fYqcH1JWT_"" folds",2026-10-07T00:33:28.563Z,179133320856300
"""sack @ boAReb7tW9"" calls 5.00",2026-10-07T00:33:27.449Z,179133320744900
"""Heech @ wzsls5Sz57"" raises to 5.00 and go all in",2026-10-07T00:33:24.544Z,179133320454400
"""jaan @ O6Q78KIRx-"" calls 0.50",2026-10-07T00:33:22.347Z,179133320234700
"""Dih @ GO72Iwd2XL"" posts a big blind of 0.50",2026-10-07T00:33:20.807Z,179133320080710
"""Rayan @ nhXZL_Cydv"" posts a small blind of 0.25",2026-10-07T00:33:20.807Z,179133320080709
"Player stacks: #1 ""Dih @ GO72Iwd2XL"" (70.40) | #2 ""jaan @ O6Q78KIRx-"" (95.35) | #3 ""Heech @ wzsls5Sz57"" (5.00) | #4 ""sack @ boAReb7tW9"" (275.21) | #8 ""Jason @ fYqcH1JWT_"" (83.00) | #9 ""Rayan @ nhXZL_Cydv"" (62.60)",2026-10-07T00:33:20.807Z,179133320080702
"-- starting hand #127 (id: we7qeemsszjj)  No Limit Texas Hold'em (dealer: ""Jason @ fYqcH1JWT_"") --",2026-10-07T00:33:20.807Z,179133320080701
"The player ""Heech @ wzsls5Sz57"" rebought. New stack 5.00.",2026-10-07T00:33:20.807Z,179133320080700
"Waiting for the game owner to approve or reject pending rebuy requests.",2026-10-07T00:33:15.809Z,179133319580901
"The player ""Heech @ wzsls5Sz57"" requested a rebuy of 5.00.",2026-10-07T00:33:15.809Z,179133319580900
"Asking to busted players the rebuy decision.",2026-10-07T00:33:11.502Z,179133319150200
"""Dih @ GO72Iwd2XL"" shows a Q♥.",2026-10-07T00:33:10.437Z,179133319043700
"""jaan @ O6Q78KIRx-"" shows a Q♣, 10♠.",2026-10-07T00:33:06.346Z,179133318634600
"""Jason @ fYqcH1JWT_"" shows a 10♥.",2026-10-07T00:33:06.304Z,179133318630400
"-- ending hand #126 --",2026-10-07T00:33:03.961Z,179133318396105
"""Heech @ wzsls5Sz57"" shows a 5♥, A♣.",2026-10-07T00:33:03.961Z,179133318396104
"""sack @ boAReb7tW9"" collected 11.00 from pot with Straight, J High (combination: 7♦, 8♥, 9♥, 10♦, J♠)",2026-10-07T00:33:03.961Z,179133318396103
"""sack @ boAReb7tW9"" collected 20.25 from pot with Straight, J High (combination: 7♦, 8♥, 9♥, 10♦, J♠)",2026-10-07T00:33:03.961Z,179133318396102
"""sack @ boAReb7tW9"" shows a 10♦, 9♦.",2026-10-07T00:33:03.961Z,179133318396101
"Uncalled bet of 7.00 returned to ""sack @ boAReb7tW9""",2026-10-07T00:33:03.961Z,179133318396100
"""Rayan @ nhXZL_Cydv"" folds",2026-10-07T00:33:03.150Z,179133318315000
"""sack @ boAReb7tW9"" bets 7.00",2026-10-07T00:32:55.483Z,179133317548300
"""Rayan @ nhXZL_Cydv"" checks",2026-10-07T00:32:49.825Z,179133316982500
"River: 6♣, 7♦, J♠, 8♥ [9♥]",2026-10-07T00:32:48.236Z,179133316823600
"""jaan @ O6Q78KIRx-"" folds",2026-10-07T00:32:47.433Z,179133316743300
"""Rayan @ nhXZL_Cydv"" calls 5.50",2026-10-07T00:32:45.197Z,179133316519700
"""sack @ boAReb7tW9"" bets 5.50",2026-10-07T00:32:35.018Z,179133315501800
"""jaan @ O6Q78KIRx-"" checks",2026-10-07T00:32:26.355Z,179133314635500
"""Rayan @ nhXZL_Cydv"" checks",2026-10-07T00:32:24.257Z,179133314425700
"Turn: 6♣, 7♦, J♠ [8♥]",2026-10-07T00:32:22.558Z,179133314255800
"""sack @ boAReb7tW9"" checks",2026-10-07T00:32:21.657Z,179133314165700
"""jaan @ O6Q78KIRx-"" checks",2026-10-07T00:32:18.424Z,179133313842400
"""Rayan @ nhXZL_Cydv"" checks",2026-10-07T00:32:12.922Z,179133313292200
"Flop:  [6♣, 7♦, J♠]",2026-10-07T00:32:11.550Z,179133313155000
"""jaan @ O6Q78KIRx-"" calls 5.00",2026-10-07T00:32:10.621Z,179133313062100
"""Rayan @ nhXZL_Cydv"" calls 5.00",2026-10-07T00:32:06.555Z,179133312655500
"""Jason @ fYqcH1JWT_"" folds",2026-10-07T00:32:02.395Z,179133312239500
"""sack @ boAReb7tW9"" calls 5.00",2026-10-07T00:32:01.467Z,179133312146700
"""Heech @ wzsls5Sz57"" raises to 5.00 and go all in",2026-10-07T00:32:00.546Z,179133312054600
"""jaan @ O6Q78KIRx-"" raises to 2.25",2026-10-07T00:31:58.122Z,179133311812200
"""Dih @ GO72Iwd2XL"" folds",2026-10-07T00:31:55.159Z,179133311515900
"""Rayan @ nhXZL_Cydv"" posts a big blind of 0.50",2026-10-07T00:31:53.557Z,179133311355710
"""Jason @ fYqcH1JWT_"" posts a small blind of 0.25",2026-10-07T00:31:53.557Z,179133311355709
"Player stacks: #1 ""Dih @ GO72Iwd2XL"" (70.40) | #2 ""jaan @ O6Q78KIRx-"" (100.35) | #3 ""Heech @ wzsls5Sz57"" (5.00) | #4 ""sack @ boAReb7tW9"" (254.46) | #8 ""Jason @ fYqcH1JWT_"" (83.25) | #9 ""Rayan @ nhXZL_Cydv"" (73.10)",2026-10-07T00:31:53.557Z,179133311355702
"-- starting hand #126 (id: pjs7mxnptbrp)  No Limit Texas Hold'em (dealer: ""sack @ boAReb7tW9"") --",2026-10-07T00:31:53.557Z,179133311355701
"The player ""Heech @ wzsls5Sz57"" rebought. New stack 5.00.",2026-10-07T00:31:53.557Z,179133311355700
"Waiting for the game owner to approve or reject pending rebuy requests.",2026-10-07T00:31:51.741Z,179133311174101
"The player ""Heech @ wzsls5Sz57"" requested a rebuy of 5.00.",2026-10-07T00:31:51.741Z,179133311174100
"Asking to busted players the rebuy decision.",2026-10-07T00:31:49.069Z,179133310906900
"-- ending hand #125 --",2026-10-07T00:31:42.990Z,179133310299003
"""sack @ boAReb7tW9"" collected 7.00 from pot with Pair, 9's (combination: 10♣, Q♠, K♣, 9♥, 9♣)",2026-10-07T00:31:42.990Z,179133310299002
"""sack @ boAReb7tW9"" collected 11.75 from pot with Pair, 9's (combination: 10♣, Q♠, K♣, 9♥, 9♣)",2026-10-07T00:31:42.990Z,179133310299001
"""sack @ boAReb7tW9"" shows a K♣, 9♥.",2026-10-07T00:31:42.990Z,179133310299000
"""Rayan @ nhXZL_Cydv"" checks",2026-10-07T00:31:42.168Z,179133310216800
"""sack @ boAReb7tW9"" checks",2026-10-07T00:31:39.863Z,179133309986300
"River: 10♣, Q♠, 9♣, 5♦ [2♦]",2026-10-07T00:31:37.790Z,179133309779000
"""Rayan @ nhXZL_Cydv"" checks",2026-10-07T00:31:36.970Z,179133309697000
"""sack @ boAReb7tW9"" checks",2026-10-07T00:31:34.436Z,179133309443600
"Turn: 10♣, Q♠, 9♣ [5♦]",2026-10-07T00:31:24.305Z,179133308430500
"""Rayan @ nhXZL_Cydv"" calls 3.50",2026-10-07T00:31:23.466Z,179133308346600
"""sack @ boAReb7tW9"" bets 3.50",2026-10-07T00:31:17.877Z,179133307787700
"Flop:  [10♣, Q♠, 9♣]",2026-10-07T00:31:09.774Z,179133306977400
"""Rayan @ nhXZL_Cydv"" calls 3.75",2026-10-07T00:31:08.921Z,179133306892100
"""Jason @ fYqcH1JWT_"" folds",2026-10-07T00:30:59.671Z,179133305967100
"""sack @ boAReb7tW9"" calls 3.75",2026-10-07T00:30:58.703Z,179133305870300
"""Heech @ wzsls5Sz57"" raises to 3.75 and go all in",2026-10-07T00:30:57.034Z,179133305703400
"""jaan @ O6Q78KIRx-"" folds",2026-10-07T00:30:54.763Z,179133305476300
"""Dih @ GO72Iwd2XL"" folds",2026-10-07T00:30:53.844Z,179133305384400
"""Rayan @ nhXZL_Cydv"" calls 0.50",2026-10-07T00:30:52.338Z,179133305233800
"""Jason @ fYqcH1JWT_"" posts a big blind of 0.50",2026-10-07T00:30:50.668Z,179133305066809
"""sack @ boAReb7tW9"" posts a small blind of 0.25",2026-10-07T00:30:50.668Z,179133305066808
"Player stacks: #1 ""Dih @ GO72Iwd2XL"" (70.40) | #2 ""jaan @ O6Q78KIRx-"" (100.35) | #3 ""Heech @ wzsls5Sz57"" (3.75) | #4 ""sack @ boAReb7tW9"" (242.96) | #8 ""Jason @ fYqcH1JWT_"" (83.75) | #9 ""Rayan @ nhXZL_Cydv"" (80.35)",2026-10-07T00:30:50.668Z,179133305066801
"-- starting hand #125 (id: cqrzdvtmjvto)  No Limit Texas Hold'em (dealer: ""Heech @ wzsls5Sz57"") --",2026-10-07T00:30:50.668Z,179133305066800
"-- ending hand #124 --",2026-10-07T00:30:44.743Z,179133304474302
"""Dih @ GO72Iwd2XL"" collected 10.25 from pot",2026-10-07T00:30:44.743Z,179133304474301
"Uncalled bet of 5.12 returned to ""Dih @ GO72Iwd2XL""",2026-10-07T00:30:44.743Z,179133304474300
"""Jason @ fYqcH1JWT_"" folds",2026-10-07T00:30:43.931Z,179133304393100
"""sack @ boAReb7tW9"" folds",2026-10-07T00:30:43.097Z,179133304309700
"""jaan @ O6Q78KIRx-"" folds",2026-10-07T00:30:42.176Z,179133304217600
"""Dih @ GO72Iwd2XL"" bets 5.12",2026-10-07T00:30:41.186Z,179133304118600
"""Jason @ fYqcH1JWT_"" checks",2026-10-07T00:30:36.221Z,179133303622100
"""sack @ boAReb7tW9"" checks",2026-10-07T00:30:35.335Z,179133303533500
"Turn: 8♥, Q♠, 7♥ [J♦]",2026-10-07T00:30:33.294Z,179133303329400
"""jaan @ O6Q78KIRx-"" checks",2026-10-07T00:30:32.475Z,179133303247500
"""Dih @ GO72Iwd2XL"" checks",2026-10-07T00:30:30.006Z,179133303000600
"""Jason @ fYqcH1JWT_"" checks",2026-10-07T00:30:28.235Z,179133302823500
"""sack @ boAReb7tW9"" checks",2026-10-07T00:30:27.136Z,179133302713600
"Flop:  [8♥, Q♠, 7♥]",2026-10-07T00:30:25.858Z,179133302585800
"""Jason @ fYqcH1JWT_"" calls 2.50",2026-10-07T00:30:25.033Z,179133302503300
"""sack @ boAReb7tW9"" calls 2.50",2026-10-07T00:30:23.350Z,179133302335000
"""Heech @ wzsls5Sz57"" folds",2026-10-07T00:30:21.994Z,179133302199400
"""jaan @ O6Q78KIRx-"" calls 2.50",2026-10-07T00:30:21.111Z,179133302111100
"""Dih @ GO72Iwd2XL"" raises to 2.50",2026-10-07T00:30:19.343Z,179133301934300
"""Rayan @ nhXZL_Cydv"" folds",2026-10-07T00:30:15.521Z,179133301552100
"""Jason @ fYqcH1JWT_"" calls 0.50",2026-10-07T00:30:13.748Z,179133301374800
"""sack @ boAReb7tW9"" posts a big blind of 0.50",2026-10-07T00:30:11.788Z,179133301178810
"""Heech @ wzsls5Sz57"" posts a small blind of 0.25",2026-10-07T00:30:11.788Z,179133301178809
"Player stacks: #1 ""Dih @ GO72Iwd2XL"" (62.65) | #2 ""jaan @ O6Q78KIRx-"" (102.85) | #3 ""Heech @ wzsls5Sz57"" (4.00) | #4 ""sack @ boAReb7tW9"" (245.46) | #8 ""Jason @ fYqcH1JWT_"" (86.25) | #9 ""Rayan @ nhXZL_Cydv"" (80.35)",2026-10-07T00:30:11.788Z,179133301178802
"-- starting hand #124 (id: qhe6l2mdqoyb)  No Limit Texas Hold'em (dealer: ""jaan @ O6Q78KIRx-"") --",2026-10-07T00:30:11.788Z,179133301178801
"The player ""Heech @ wzsls5Sz57"" rebought. New stack 4.00.",2026-10-07T00:30:11.788Z,179133301178800
"Waiting for the game owner to approve or reject pending rebuy requests.",2026-10-07T00:30:10.235Z,179133301023501
"The player ""Heech @ wzsls5Sz57"" requested a rebuy of 4.00.",2026-10-07T00:30:10.235Z,179133301023500
"""Rayan @ nhXZL_Cydv"" shows a J♦, 10♠.",2026-10-07T00:30:06.186Z,179133300618600
"Asking to busted players the rebuy decision.",2026-10-07T00:30:05.518Z,179133300551800
"-- ending hand #123 --",2026-10-07T00:29:59.509Z,179133299950902
"""Jason @ fYqcH1JWT_"" collected 66.00 from pot with Pair, K's (combination: 8♠, 9♦, A♥, K♦, K♥)",2026-10-07T00:29:59.509Z,179133299950901
"""Jason @ fYqcH1JWT_"" collected 20.25 from pot with Pair, K's (combination: 8♠, 9♦, A♥, K♦, K♥)",2026-10-07T00:29:59.509Z,179133299950900
"River: 7♥, 4♦, 8♠, 9♦ [K♥]",2026-10-07T00:29:55.490Z,179133299549000
"Turn: 7♥, 4♦, 8♠ [9♦]",2026-10-07T00:29:51.427Z,179133299142700
"Flop:  [7♥, 4♦, 8♠]",2026-10-07T00:29:47.306Z,179133298730600
"""Jason @ fYqcH1JWT_"" shows a K♦, A♥.",2026-10-07T00:29:43.300Z,179133298330002
"""Heech @ wzsls5Sz57"" shows a A♦, 3♠.",2026-10-07T00:29:43.300Z,179133298330001
"""Dih @ GO72Iwd2XL"" shows a 5♣, 5♠.",2026-10-07T00:29:43.300Z,179133298330000
"Some players choose to not run it twice.",2026-10-07T00:29:42.481Z,179133298248101
"""Dih @ GO72Iwd2XL"" chooses to not run it twice.",2026-10-07T00:29:42.481Z,179133298248100
"Remaining players decide whether to run it twice.",2026-10-07T00:29:41.318Z,179133298131801
"""sack @ boAReb7tW9"" folds",2026-10-07T00:29:41.318Z,179133298131800
"""Dih @ GO72Iwd2XL"" calls 38.00",2026-10-07T00:29:40.310Z,179133298031000
"""Jason @ fYqcH1JWT_"" raises to 38.00 and go all in",2026-10-07T00:29:21.817Z,179133296181700
"""sack @ boAReb7tW9"" calls 5.00",2026-10-07T00:29:02.821Z,179133294282100
"""Heech @ wzsls5Sz57"" raises to 5.00 and go all in",2026-10-07T00:29:00.820Z,179133294082000
"""jaan @ O6Q78KIRx-"" folds",2026-10-07T00:28:55.484Z,179133293548400
"""Dih @ GO72Iwd2XL"" calls 2.25",2026-10-07T00:28:53.608Z,179133293360800
"""Rayan @ nhXZL_Cydv"" folds",2026-10-07T00:28:52.058Z,179133293205800
"""Jason @ fYqcH1JWT_"" raises to 2.25",2026-10-07T00:28:49.610Z,179133292961000
"""sack @ boAReb7tW9"" calls 0.50",2026-10-07T00:28:46.440Z,179133292644000
"""Heech @ wzsls5Sz57"" posts a big blind of 0.50",2026-10-07T00:28:42.819Z,179133292281910
"""jaan @ O6Q78KIRx-"" posts a small blind of 0.25",2026-10-07T00:28:42.819Z,179133292281909
"Player stacks: #1 ""Dih @ GO72Iwd2XL"" (100.65) | #2 ""jaan @ O6Q78KIRx-"" (103.10) | #3 ""Heech @ wzsls5Sz57"" (5.00) | #4 ""sack @ boAReb7tW9"" (250.46) | #8 ""Jason @ fYqcH1JWT_"" (38.00) | #9 ""Rayan @ nhXZL_Cydv"" (80.35)",2026-10-07T00:28:42.819Z,179133292281902
"-- starting hand #123 (id: c5zsxwhaljkw)  No Limit Texas Hold'em (dealer: ""Dih @ GO72Iwd2XL"") --",2026-10-07T00:28:42.819Z,179133292281901
"The player ""Heech @ wzsls5Sz57"" rebought. New stack 5.00.",2026-10-07T00:28:42.819Z,179133292281900
"Waiting for the game owner to approve or reject pending rebuy requests.",2026-10-07T00:28:40.561Z,179133292056101
"The player ""Heech @ wzsls5Sz57"" requested a rebuy of 5.00.",2026-10-07T00:28:40.561Z,179133292056100
"Asking to busted players the rebuy decision.",2026-10-07T00:28:36.350Z,179133291635000
"""Rayan @ nhXZL_Cydv"" shows a 4♣, 9♥.",2026-10-07T00:28:30.046Z,179133291004600
"-- ending hand #122 --",2026-10-07T00:28:29.769Z,179133290976901
"""Jason @ fYqcH1JWT_"" collected 19.00 from pot with Two Pair, A's & 9's (combination: 6♦, 9♣, 9♦, A♠, A♥)",2026-10-07T00:28:29.769Z,179133290976900
"River: 9♣, A♥, 9♦, 4♦ [6♦]",2026-10-07T00:28:25.747Z,179133290574700
"Turn: 9♣, A♥, 9♦ [4♦]",2026-10-07T00:28:21.734Z,179133290173400
"""Jason @ fYqcH1JWT_"" shows a A♠, 2♦.",2026-10-07T00:28:17.681Z,179133289768102
"""Heech @ wzsls5Sz57"" shows a 6♣, Q♥.",2026-10-07T00:28:17.681Z,179133289768101
"Uncalled bet of 9.50 returned to ""Jason @ fYqcH1JWT_""",2026-10-07T00:28:17.681Z,179133289768100
"Some players choose to not run it twice.",2026-10-07T00:28:16.814Z,179133289681401
"""Heech @ wzsls5Sz57"" chooses to not run it twice.",2026-10-07T00:28:16.814Z,179133289681400
"""Jason @ fYqcH1JWT_"" chooses to  run it twice.",2026-10-07T00:28:16.578Z,179133289657800
"Remaining players decide whether to run it twice.",2026-10-07T00:28:15.200Z,179133289520001
"""jaan @ O6Q78KIRx-"" folds",2026-10-07T00:28:15.200Z,179133289520000
"""Jason @ fYqcH1JWT_"" bets 9.50",2026-10-07T00:28:09.138Z,179133288913800
"""jaan @ O6Q78KIRx-"" checks",2026-10-07T00:28:04.081Z,179133288408100
"Flop:  [9♣, A♥, 9♦]",2026-10-07T00:28:01.191Z,179133288119100
"""jaan @ O6Q78KIRx-"" calls 6.25",2026-10-07T00:28:00.372Z,179133288037200
"""Dih @ GO72Iwd2XL"" folds",2026-10-07T00:27:54.524Z,179133287452400
"""Rayan @ nhXZL_Cydv"" folds",2026-10-07T00:27:53.617Z,179133287361700
"""Jason @ fYqcH1JWT_"" calls 6.25",2026-10-07T00:27:50.686Z,179133287068600
"""sack @ boAReb7tW9"" folds",2026-10-07T00:27:42.843Z,179133286284300
"""Heech @ wzsls5Sz57"" raises to 6.25 and go all in",2026-10-07T00:27:41.925Z,179133286192500
"""jaan @ O6Q78KIRx-"" posts a big blind of 0.50",2026-10-07T00:27:38.760Z,179133285876009
"""Dih @ GO72Iwd2XL"" posts a small blind of 0.25",2026-10-07T00:27:38.760Z,179133285876008
"Player stacks: #1 ""Dih @ GO72Iwd2XL"" (100.90) | #2 ""jaan @ O6Q78KIRx-"" (109.35) | #3 ""Heech @ wzsls5Sz57"" (6.25) | #4 ""sack @ boAReb7tW9"" (250.46) | #8 ""Jason @ fYqcH1JWT_"" (25.25) | #9 ""Rayan @ nhXZL_Cydv"" (80.35)",2026-10-07T00:27:38.760Z,179133285876001
"-- starting hand #122 (id: uflz9btufadr)  No Limit Texas Hold'em (dealer: ""Rayan @ nhXZL_Cydv"") --",2026-10-07T00:27:38.760Z,179133285876000
"-- ending hand #121 --",2026-10-07T00:27:32.854Z,179133285285402
"""Dih @ GO72Iwd2XL"" collected 10.00 from pot",2026-10-07T00:27:32.854Z,179133285285401
"Uncalled bet of 7.50 returned to ""Dih @ GO72Iwd2XL""",2026-10-07T00:27:32.854Z,179133285285400
"""Rayan @ nhXZL_Cydv"" folds",2026-10-07T00:27:32.018Z,179133285201800
"""Jason @ fYqcH1JWT_"" folds",2026-10-07T00:27:30.979Z,179133285097900
"""jaan @ O6Q78KIRx-"" folds",2026-10-07T00:27:30.059Z,179133285005900
"""Dih @ GO72Iwd2XL"" bets 7.50",2026-10-07T00:27:29.027Z,179133284902700
"""Rayan @ nhXZL_Cydv"" checks",2026-10-07T00:27:25.768Z,179133284576800
"Turn: 8♦, J♠, J♦ [3♥]",2026-10-07T00:27:24.476Z,179133284447600
"""Jason @ fYqcH1JWT_"" checks",2026-10-07T00:27:23.654Z,179133284365400
"""jaan @ O6Q78KIRx-"" checks",2026-10-07T00:27:22.753Z,179133284275300
"""Dih @ GO72Iwd2XL"" checks",2026-10-07T00:27:19.742Z,179133283974200
"""Rayan @ nhXZL_Cydv"" checks",2026-10-07T00:27:18.172Z,179133283817200
"Flop:  [8♦, J♠, J♦]",2026-10-07T00:27:16.630Z,179133283663000
"""Rayan @ nhXZL_Cydv"" calls 2.50",2026-10-07T00:27:15.806Z,179133283580600
"""Jason @ fYqcH1JWT_"" calls 2.50",2026-10-07T00:27:01.278Z,179133282127800
"""jaan @ O6Q78KIRx-"" calls 2.50",2026-10-07T00:26:59.593Z,179133281959300
"""Dih @ GO72Iwd2XL"" raises to 2.50",2026-10-07T00:26:58.588Z,179133281858800
"""Rayan @ nhXZL_Cydv"" calls 0.50",2026-10-07T00:26:56.495Z,179133281649500
"""Jason @ fYqcH1JWT_"" calls 0.50",2026-10-07T00:26:55.515Z,179133281551500
"""sack @ boAReb7tW9"" folds",2026-10-07T00:26:54.531Z,179133281453100
"""Heech @ wzsls5Sz57"" folds",2026-10-07T00:26:53.409Z,179133281340900
"""jaan @ O6Q78KIRx-"" calls 0.50",2026-10-07T00:26:52.073Z,179133281207300
"""Dih @ GO72Iwd2XL"" posts a big blind of 0.50",2026-10-07T00:26:50.065Z,179133281006509
"""Rayan @ nhXZL_Cydv"" posts a small blind of 0.25",2026-10-07T00:26:50.065Z,179133281006508
"Player stacks: #1 ""Dih @ GO72Iwd2XL"" (93.40) | #2 ""jaan @ O6Q78KIRx-"" (111.85) | #3 ""Heech @ wzsls5Sz57"" (6.25) | #4 ""sack @ boAReb7tW9"" (250.46) | #8 ""Jason @ fYqcH1JWT_"" (27.75) | #9 ""Rayan @ nhXZL_Cydv"" (82.85)",2026-10-07T00:26:50.065Z,179133281006501
"-- starting hand #121 (id: 0rwsgg6v4jfw)  No Limit Texas Hold'em (dealer: ""Jason @ fYqcH1JWT_"") --",2026-10-07T00:26:50.065Z,179133281006500
"-- ending hand #120 --",2026-10-07T00:26:44.062Z,179133280406201
"""Heech @ wzsls5Sz57"" collected 6.25 from pot with Pair, 6's (combination: J♦, K♦, A♥, 6♠, 6♥)",2026-10-07T00:26:44.062Z,179133280406200
"River: 6♠, K♦, J♦, 6♥ [2♦]",2026-10-07T00:26:40.058Z,179133280005800
"Turn: 6♠, K♦, J♦ [6♥]",2026-10-07T00:26:36.056Z,179133279605600
"Flop:  [6♠, K♦, J♦]",2026-10-07T00:26:32.001Z,179133279200100
"""Rayan @ nhXZL_Cydv"" shows a 9♥, 3♦.",2026-10-07T00:26:27.996Z,179133278799601
"""Heech @ wzsls5Sz57"" shows a A♥, 7♠.",2026-10-07T00:26:27.996Z,179133278799600
"Some players choose to not run it twice.",2026-10-07T00:26:27.166Z,179133278716601
"""Rayan @ nhXZL_Cydv"" chooses to not run it twice.",2026-10-07T00:26:27.166Z,179133278716600
"Remaining players decide whether to run it twice.",2026-10-07T00:26:26.660Z,179133278666001
"""Rayan @ nhXZL_Cydv"" calls 3.00",2026-10-07T00:26:26.660Z,179133278666000
"""Jason @ fYqcH1JWT_"" folds",2026-10-07T00:26:14.994Z,179133277499400
"""sack @ boAReb7tW9"" folds",2026-10-07T00:26:13.959Z,179133277395900
"""Heech @ wzsls5Sz57"" raises to 3.00 and go all in",2026-10-07T00:26:13.053Z,179133277305300
"""jaan @ O6Q78KIRx-"" folds",2026-10-07T00:26:11.167Z,179133277116700
"""Dih @ GO72Iwd2XL"" folds",2026-10-07T00:26:10.293Z,179133277029300
"""Rayan @ nhXZL_Cydv"" posts a big blind of 0.50",2026-10-07T00:26:08.242Z,179133276824209
"""Jason @ fYqcH1JWT_"" posts a small blind of 0.25",2026-10-07T00:26:08.242Z,179133276824208
"Player stacks: #1 ""Dih @ GO72Iwd2XL"" (93.40) | #2 ""jaan @ O6Q78KIRx-"" (111.85) | #3 ""Heech @ wzsls5Sz57"" (3.00) | #4 ""sack @ boAReb7tW9"" (250.46) | #8 ""Jason @ fYqcH1JWT_"" (28.00) | #9 ""Rayan @ nhXZL_Cydv"" (85.85)",2026-10-07T00:26:08.242Z,179133276824201
"-- starting hand #120 (id: o7nhbdfdbw9n)  No Limit Texas Hold'em (dealer: ""sack @ boAReb7tW9"") --",2026-10-07T00:26:08.242Z,179133276824200
"""sack @ boAReb7tW9"" shows a K♠.",2026-10-07T00:26:06.608Z,179133276660800
"""Heech @ wzsls5Sz57"" shows a 8♦, 3♥.",2026-10-07T00:26:05.858Z,179133276585800
"-- ending hand #119 --",2026-10-07T00:26:03.892Z,179133276389202
"""Rayan @ nhXZL_Cydv"" collected 14.49 from pot",2026-10-07T00:26:03.892Z,179133276389201
"Uncalled bet of 14.49 returned to ""Rayan @ nhXZL_Cydv""",2026-10-07T00:26:03.892Z,179133276389200
"""jaan @ O6Q78KIRx-"" folds",2026-10-07T00:26:03.086Z,179133276308600
"""Rayan @ nhXZL_Cydv"" bets 14.49",2026-10-07T00:26:02.066Z,179133276206600
"River: J♠, 9♠, 5♠, 2♠ [J♣]",2026-10-07T00:25:58.360Z,179133275836000
"""jaan @ O6Q78KIRx-"" checks",2026-10-07T00:25:57.491Z,179133275749100
"""Rayan @ nhXZL_Cydv"" checks",2026-10-07T00:25:54.616Z,179133275461600
"Turn: J♠, 9♠, 5♠ [2♠]",2026-10-07T00:25:53.574Z,179133275357400
"""Dih @ GO72Iwd2XL"" folds",2026-10-07T00:25:52.705Z,179133275270500
"""Rayan @ nhXZL_Cydv"" calls 3.87",2026-10-07T00:25:51.753Z,179133275175300
"""jaan @ O6Q78KIRx-"" bets 3.87",2026-10-07T00:25:49.364Z,179133274936400
"""Dih @ GO72Iwd2XL"" checks",2026-10-07T00:25:44.110Z,179133274411000
"""Rayan @ nhXZL_Cydv"" checks",2026-10-07T00:25:41.732Z,179133274173200
"Flop:  [J♠, 9♠, 5♠]",2026-10-07T00:25:40.050Z,179133274005000
"""Rayan @ nhXZL_Cydv"" calls 2.00",2026-10-07T00:25:39.151Z,179133273915100
"""Jason @ fYqcH1JWT_"" folds",2026-10-07T00:25:34.180Z,179133273418000
"""sack @ boAReb7tW9"" folds",2026-10-07T00:25:33.294Z,179133273329400
"""Heech @ wzsls5Sz57"" folds",2026-10-07T00:25:32.417Z,179133273241700
"""jaan @ O6Q78KIRx-"" calls 2.00",2026-10-07T00:25:31.493Z,179133273149300
"""Dih @ GO72Iwd2XL"" raises to 2.00",2026-10-07T00:25:21.064Z,179133272106400
"""Rayan @ nhXZL_Cydv"" calls 0.50",2026-10-07T00:25:18.016Z,179133271801600
"""Jason @ fYqcH1JWT_"" posts a big blind of 0.50",2026-10-07T00:25:16.655Z,179133271665509
"""sack @ boAReb7tW9"" posts a small blind of 0.25",2026-10-07T00:25:16.655Z,179133271665508
"Player stacks: #1 ""Dih @ GO72Iwd2XL"" (95.40) | #2 ""jaan @ O6Q78KIRx-"" (117.72) | #3 ""Heech @ wzsls5Sz57"" (3.00) | #4 ""sack @ boAReb7tW9"" (250.71) | #8 ""Jason @ fYqcH1JWT_"" (28.50) | #9 ""Rayan @ nhXZL_Cydv"" (77.23)",2026-10-07T00:25:16.655Z,179133271665501
"-- starting hand #119 (id: lvwlsww7hisf)  No Limit Texas Hold'em (dealer: ""Heech @ wzsls5Sz57"") --",2026-10-07T00:25:16.655Z,179133271665500
"-- ending hand #118 --",2026-10-07T00:25:10.649Z,179133271064902
"""Heech @ wzsls5Sz57"" collected 3.00 from pot with Two Pair, 9's & 8's (combination: A♥, 8♠, 8♦, 9♥, 9♠)",2026-10-07T00:25:10.649Z,179133271064901
"""Heech @ wzsls5Sz57"" shows a 8♠, 7♦.",2026-10-07T00:25:10.649Z,179133271064900
"""jaan @ O6Q78KIRx-"" checks",2026-10-07T00:25:09.807Z,179133270980700
"""sack @ boAReb7tW9"" checks",2026-10-07T00:25:08.839Z,179133270883900
"River: 8♦, 2♣, A♥, 9♥ [9♠]",2026-10-07T00:25:08.520Z,179133270852000
"""jaan @ O6Q78KIRx-"" checks",2026-10-07T00:25:07.680Z,179133270768000
"""sack @ boAReb7tW9"" checks",2026-10-07T00:25:06.768Z,179133270676800
"Turn: 8♦, 2♣, A♥ [9♥]",2026-10-07T00:25:06.125Z,179133270612500
"""jaan @ O6Q78KIRx-"" checks",2026-10-07T00:25:05.272Z,179133270527200
"""sack @ boAReb7tW9"" checks",2026-10-07T00:25:04.142Z,179133270414200
"Flop:  [8♦, 2♣, A♥]",2026-10-07T00:24:59.889Z,179133269988900
"""jaan @ O6Q78KIRx-"" calls 1.00",2026-10-07T00:24:59.060Z,179133269906000
"""sack @ boAReb7tW9"" calls 1.00",2026-10-07T00:24:50.832Z,179133269083200
"""Heech @ wzsls5Sz57"" raises to 1.00 and go all in",2026-10-07T00:24:48.954Z,179133268895400
"""jaan @ O6Q78KIRx-"" calls 0.50",2026-10-07T00:24:46.230Z,179133268623000
"""Dih @ GO72Iwd2XL"" folds",2026-10-07T00:24:09.177Z,179133264917700
"""Rayan @ nhXZL_Cydv"" folds",2026-10-07T00:24:05.203Z,179133264520300
"""Jason @ fYqcH1JWT_"" folds",2026-10-07T00:24:02.775Z,179133264277500
"""sack @ boAReb7tW9"" posts a big blind of 0.50",2026-10-07T00:24:00.513Z,179133264051310
"""Heech @ wzsls5Sz57"" posts a small blind of 0.25",2026-10-07T00:24:00.513Z,179133264051309
"Player stacks: #1 ""Dih @ GO72Iwd2XL"" (95.40) | #2 ""jaan @ O6Q78KIRx-"" (118.72) | #3 ""Heech @ wzsls5Sz57"" (1.00) | #4 ""sack @ boAReb7tW9"" (251.71) | #8 ""Jason @ fYqcH1JWT_"" (28.50) | #9 ""Rayan @ nhXZL_Cydv"" (77.23)",2026-10-07T00:24:00.513Z,179133264051302
"-- starting hand #118 (id: kvdbgm00mry5)  No Limit Texas Hold'em (dealer: ""jaan @ O6Q78KIRx-"") --",2026-10-07T00:24:00.513Z,179133264051301
"The player ""Heech @ wzsls5Sz57"" rebought. New stack 1.00.",2026-10-07T00:24:00.513Z,179133264051300
"Waiting for the game owner to approve or reject pending rebuy requests.",2026-10-07T00:23:55.901Z,179133263590101
"The player ""Heech @ wzsls5Sz57"" requested a rebuy of 1.00.",2026-10-07T00:23:55.901Z,179133263590100
"Asking to busted players the rebuy decision.",2026-10-07T00:23:53.490Z,179133263349000
"""Heech @ wzsls5Sz57"" shows a 5♣, 3♠.",2026-10-07T00:23:49.262Z,179133262926200
"-- ending hand #117 --",2026-10-07T00:23:46.979Z,179133262697904
"""Rayan @ nhXZL_Cydv"" collected 24.96 from pot with Straight, J High (combination: 7♣, 8♦, 9♦, 10♦, J♥)",2026-10-07T00:23:46.979Z,179133262697903
"""Rayan @ nhXZL_Cydv"" collected 6.25 from pot with Straight, J High (combination: 7♣, 8♦, 9♦, 10♦, J♥)",2026-10-07T00:23:46.979Z,179133262697902
"""Rayan @ nhXZL_Cydv"" shows a 8♦, 9♥.",2026-10-07T00:23:46.979Z,179133262697901
"""sack @ boAReb7tW9"" shows a 7♥, 10♠.",2026-10-07T00:23:46.979Z,179133262697900
"""Rayan @ nhXZL_Cydv"" calls 9.36",2026-10-07T00:23:46.158Z,179133262615800
"""sack @ boAReb7tW9"" bets 9.36",2026-10-07T00:23:45.036Z,179133262503600
"River: J♥, 2♠, 9♦, 7♣ [10♦]",2026-10-07T00:23:41.151Z,179133262115100
"""Jason @ fYqcH1JWT_"" folds",2026-10-07T00:23:40.324Z,179133262032400
"""sack @ boAReb7tW9"" calls 3.12",2026-10-07T00:23:39.378Z,179133261937800
"""Rayan @ nhXZL_Cydv"" bets 3.12",2026-10-07T00:23:36.402Z,179133261640200
"""Jason @ fYqcH1JWT_"" checks",2026-10-07T00:23:34.227Z,179133261422700
"""sack @ boAReb7tW9"" checks",2026-10-07T00:23:33.270Z,179133261327000
"Turn: J♥, 2♠, 9♦ [7♣]",2026-10-07T00:23:31.871Z,179133261187100
"""Rayan @ nhXZL_Cydv"" checks",2026-10-07T00:23:30.981Z,179133261098100
"""Jason @ fYqcH1JWT_"" checks",2026-10-07T00:23:29.454Z,179133260945400
"""sack @ boAReb7tW9"" checks",2026-10-07T00:23:28.143Z,179133260814300
"Flop:  [J♥, 2♠, 9♦]",2026-10-07T00:23:26.463Z,179133260646300
"""Rayan @ nhXZL_Cydv"" calls 1.50",2026-10-07T00:23:25.579Z,179133260557900
"""Jason @ fYqcH1JWT_"" calls 1.50",2026-10-07T00:23:20.544Z,179133260054400
"""sack @ boAReb7tW9"" calls 1.50",2026-10-07T00:23:19.513Z,179133259951300
"""Heech @ wzsls5Sz57"" raises to 1.50 and go all in",2026-10-07T00:23:18.011Z,179133259801100
"""jaan @ O6Q78KIRx-"" folds",2026-10-07T00:23:11.981Z,179133259198100
"""Dih @ GO72Iwd2XL"" folds",2026-10-07T00:23:10.991Z,179133259099100
"""Rayan @ nhXZL_Cydv"" calls 0.50",2026-10-07T00:23:10.060Z,179133259006000
"""Jason @ fYqcH1JWT_"" calls 0.50",2026-10-07T00:23:07.792Z,179133258779200
"""sack @ boAReb7tW9"" calls 0.50",2026-10-07T00:23:06.905Z,179133258690500
"""Heech @ wzsls5Sz57"" posts a big blind of 0.50",2026-10-07T00:23:02.992Z,179133258299210
"""jaan @ O6Q78KIRx-"" posts a small blind of 0.25",2026-10-07T00:23:02.992Z,179133258299209
"Player stacks: #1 ""Dih @ GO72Iwd2XL"" (95.40) | #2 ""jaan @ O6Q78KIRx-"" (118.97) | #3 ""Heech @ wzsls5Sz57"" (1.50) | #4 ""sack @ boAReb7tW9"" (265.69) | #8 ""Jason @ fYqcH1JWT_"" (30.00) | #9 ""Rayan @ nhXZL_Cydv"" (60.00)",2026-10-07T00:23:02.992Z,179133258299202
"-- starting hand #117 (id: p4aoo3oiedil)  No Limit Texas Hold'em (dealer: ""Dih @ GO72Iwd2XL"") --",2026-10-07T00:23:02.992Z,179133258299201
"The player ""Heech @ wzsls5Sz57"" rebought. New stack 1.50.",2026-10-07T00:23:02.992Z,179133258299200
"""Rayan @ nhXZL_Cydv"" shows a 6♦, 4♥.",2026-10-07T00:23:01.592Z,179133258159200
"Waiting for the game owner to approve or reject pending rebuy requests.",2026-10-07T00:23:00.846Z,179133258084601
"The player ""Heech @ wzsls5Sz57"" requested a rebuy of 1.50.",2026-10-07T00:23:00.846Z,179133258084600
"Asking to busted players the rebuy decision.",2026-10-07T00:22:58.493Z,179133257849300
"-- ending hand #116 --",2026-10-07T00:22:52.385Z,179133257238501
"""sack @ boAReb7tW9"" collected 6.25 from pot with Full House, A's over 7's (combination: 7♥, 7♦, A♠, A♦, A♣)",2026-10-07T00:22:52.385Z,179133257238500
"River: 8♠, A♦, J♥, A♣ [7♦]",2026-10-07T00:22:48.382Z,179133256838200
"""sack @ boAReb7tW9"" shows a 7♥, A♠.",2026-10-07T00:22:44.321Z,179133256432102
"""Heech @ wzsls5Sz57"" shows a 3♠, 4♦.",2026-10-07T00:22:44.321Z,179133256432101
"Uncalled bet of 6.25 returned to ""sack @ boAReb7tW9""",2026-10-07T00:22:44.321Z,179133256432100
"Some players choose to not run it twice.",2026-10-07T00:22:43.504Z,179133256350401
"""Heech @ wzsls5Sz57"" chooses to not run it twice.",2026-10-07T00:22:43.504Z,179133256350400
"""sack @ boAReb7tW9"" chooses to  run it twice.",2026-10-07T00:22:39.063Z,179133255906300
"Remaining players decide whether to run it twice.",2026-10-07T00:22:37.470Z,179133255747001
"""jaan @ O6Q78KIRx-"" folds",2026-10-07T00:22:37.470Z,179133255747000
"""sack @ boAReb7tW9"" bets 6.25",2026-10-07T00:22:35.713Z,179133255571300
"""jaan @ O6Q78KIRx-"" checks",2026-10-07T00:22:32.223Z,179133255222300
"Turn: 8♠, A♦, J♥ [A♣]",2026-10-07T00:22:30.677Z,179133255067700
"""sack @ boAReb7tW9"" checks",2026-10-07T00:22:29.774Z,179133254977400
"""jaan @ O6Q78KIRx-"" checks",2026-10-07T00:22:24.800Z,179133254480000
"Flop:  [8♠, A♦, J♥]",2026-10-07T00:22:22.671Z,179133254267100
"""jaan @ O6Q78KIRx-"" calls 2.00",2026-10-07T00:22:21.835Z,179133254183500
"""Dih @ GO72Iwd2XL"" folds",2026-10-07T00:22:15.524Z,179133253552400
"""Rayan @ nhXZL_Cydv"" folds",2026-10-07T00:22:14.546Z,179133253454600
"""Jason @ fYqcH1JWT_"" folds",2026-10-07T00:22:13.328Z,179133253332800
"""sack @ boAReb7tW9"" calls 2.00",2026-10-07T00:22:12.354Z,179133253235400
"""Heech @ wzsls5Sz57"" raises to 2.00 and go all in",2026-10-07T00:22:11.131Z,179133253113100
"""jaan @ O6Q78KIRx-"" posts a big blind of 0.50",2026-10-07T00:22:04.401Z,179133252440111
"""Dih @ GO72Iwd2XL"" posts a small blind of 0.25",2026-10-07T00:22:04.401Z,179133252440110
"Player stacks: #1 ""Dih @ GO72Iwd2XL"" (95.65) | #2 ""jaan @ O6Q78KIRx-"" (120.97) | #3 ""Heech @ wzsls5Sz57"" (2.00) | #4 ""sack @ boAReb7tW9"" (261.44) | #8 ""Jason @ fYqcH1JWT_"" (30.00) | #9 ""Rayan @ nhXZL_Cydv"" (60.00)",2026-10-07T00:22:04.401Z,179133252440103
"-- starting hand #116 (id: djackbewq5gv)  No Limit Texas Hold'em (dealer: ""Rayan @ nhXZL_Cydv"") --",2026-10-07T00:22:04.401Z,179133252440102
"The player ""Jason @ fYqcH1JWT_"" joined the game with a stack of 30.00.",2026-10-07T00:22:04.401Z,179133252440101
"The player ""Heech @ wzsls5Sz57"" rebought. New stack 2.00.",2026-10-07T00:22:04.401Z,179133252440100
"Waiting for the game owner to approve or reject pending rebuy requests.",2026-10-07T00:22:02.937Z,179133252293701
"The player ""Heech @ wzsls5Sz57"" requested a rebuy of 2.00.",2026-10-07T00:22:02.937Z,179133252293700
"Asking to busted players the rebuy decision.",2026-10-07T00:22:00.771Z,179133252077100
"-- ending hand #115 --",2026-10-07T00:21:54.765Z,179133251476501
"""sack @ boAReb7tW9"" collected 4.00 from pot with Pair, K's (combination: 7♠, 10♣, A♥, K♦, K♥)",2026-10-07T00:21:54.765Z,179133251476500
"River: A♥, 7♠, 3♥, K♥ [5♣]",2026-10-07T00:21:50.726Z,179133251072600
"The admin approved the player ""Jason @ fYqcH1JWT_"" participation with a stack of 30.00.",2026-10-07T00:21:50.229Z,179133251022900
"The player ""Jason @ fYqcH1JWT_"" requested a seat.",2026-10-07T00:21:48.677Z,179133250867700
"""sack @ boAReb7tW9"" shows a 10♣.",2026-10-07T00:21:46.720Z,179133250672002
"""Heech @ wzsls5Sz57"" shows a Q♦, 7♥.",2026-10-07T00:21:46.720Z,179133250672001
"Uncalled bet of 2.00 returned to ""sack @ boAReb7tW9""",2026-10-07T00:21:46.720Z,179133250672000
"""sack @ boAReb7tW9"" shows a K♦.",2026-10-07T00:21:46.054Z,179133250605400
"Some players choose to not run it twice.",2026-10-07T00:21:45.888Z,179133250588801
"""Heech @ wzsls5Sz57"" chooses to not run it twice.",2026-10-07T00:21:45.888Z,179133250588800
"Remaining players decide whether to run it twice.",2026-10-07T00:21:44.253Z,179133250425301
"""Dih @ GO72Iwd2XL"" folds",2026-10-07T00:21:44.253Z,179133250425300
"""Rayan @ nhXZL_Cydv"" folds",2026-10-07T00:21:43.358Z,179133250335800
"""sack @ boAReb7tW9"" bets 2.00",2026-10-07T00:21:40.994Z,179133250099400
"""Dih @ GO72Iwd2XL"" checks",2026-10-07T00:21:38.773Z,179133249877300
"""Rayan @ nhXZL_Cydv"" checks",2026-10-07T00:21:36.543Z,179133249654300
"Turn: A♥, 7♠, 3♥ [K♥]",2026-10-07T00:21:35.449Z,179133249544900
"""sack @ boAReb7tW9"" checks",2026-10-07T00:21:34.575Z,179133249457500
"""Dih @ GO72Iwd2XL"" checks",2026-10-07T00:21:33.454Z,179133249345400
"""Rayan @ nhXZL_Cydv"" checks",2026-10-07T00:21:32.527Z,179133249252700
"Flop:  [A♥, 7♠, 3♥]",2026-10-07T00:21:30.845Z,179133249084500
"""Dih @ GO72Iwd2XL"" calls 1.00",2026-10-07T00:21:29.993Z,179133248999300
"""Rayan @ nhXZL_Cydv"" calls 1.00",2026-10-07T00:21:28.279Z,179133248827900
"""sack @ boAReb7tW9"" calls 1.00",2026-10-07T00:21:27.085Z,179133248708500
"""Heech @ wzsls5Sz57"" raises to 1.00 and go all in",2026-10-07T00:21:26.036Z,179133248603600
"""jaan @ O6Q78KIRx-"" folds",2026-10-07T00:21:23.495Z,179133248349500
"""Dih @ GO72Iwd2XL"" posts a big blind of 0.50",2026-10-07T00:21:16.562Z,179133247656209
"""Rayan @ nhXZL_Cydv"" posts a small blind of 0.25",2026-10-07T00:21:16.562Z,179133247656208
"Player stacks: #1 ""Dih @ GO72Iwd2XL"" (96.65) | #2 ""jaan @ O6Q78KIRx-"" (120.97) | #3 ""Heech @ wzsls5Sz57"" (1.00) | #4 ""sack @ boAReb7tW9"" (258.44) | #9 ""Rayan @ nhXZL_Cydv"" (61.00)",2026-10-07T00:21:16.562Z,179133247656202
"-- starting hand #115 (id: 9iuu3x66jnhp)  No Limit Texas Hold'em (dealer: ""sack @ boAReb7tW9"") --",2026-10-07T00:21:16.562Z,179133247656201
"The player ""Heech @ wzsls5Sz57"" joined the game with a stack of 1.00.",2026-10-07T00:21:16.562Z,179133247656200
"""Dih @ GO72Iwd2XL"" shows a Q♥.",2026-10-07T00:21:14.540Z,179133247454000
"-- ending hand #114 --",2026-10-07T00:21:12.902Z,179133247290202
"""Dih @ GO72Iwd2XL"" collected 25.73 from pot",2026-10-07T00:21:12.902Z,179133247290201
"Uncalled bet of 70.92 returned to ""Dih @ GO72Iwd2XL""",2026-10-07T00:21:12.902Z,179133247290200
"""jaan @ O6Q78KIRx-"" folds",2026-10-07T00:21:12.005Z,179133247200500
"""Dih @ GO72Iwd2XL"" bets 70.92 and go all in",2026-10-07T00:21:03.860Z,179133246386000
"River: J♣, 6♦, 9♠, 8♥ [10♥]",2026-10-07T00:20:58.161Z,179133245816100
"""jaan @ O6Q78KIRx-"" calls 6.43",2026-10-07T00:20:57.348Z,179133245734800
"""Dih @ GO72Iwd2XL"" bets 6.43",2026-10-07T00:20:37.545Z,179133243754500
"Turn: J♣, 6♦, 9♠ [8♥]",2026-10-07T00:20:34.276Z,179133243427600
"""jaan @ O6Q78KIRx-"" checks",2026-10-07T00:20:33.421Z,179133243342100
"""Dih @ GO72Iwd2XL"" checks",2026-10-07T00:20:27.280Z,179133242728000
"The admin approved the player ""Heech @ wzsls5Sz57"" participation with a stack of 1.00.",2026-10-07T00:20:25.051Z,179133242505100
"Flop:  [J♣, 6♦, 9♠]",2026-10-07T00:20:23.939Z,179133242393900
"The player ""Heech @ wzsls5Sz57"" requested a seat.",2026-10-07T00:20:23.493Z,179133242349300
"""Dih @ GO72Iwd2XL"" calls 6.06",2026-10-07T00:20:23.128Z,179133242312800
"""Rayan @ nhXZL_Cydv"" folds",2026-10-07T00:20:21.387Z,179133242138700
"""sack @ boAReb7tW9"" folds",2026-10-07T00:20:18.971Z,179133241897100
"""jaan @ O6Q78KIRx-"" raises to 6.06",2026-10-07T00:20:17.205Z,179133241720500
"""Dih @ GO72Iwd2XL"" raises to 2.00",2026-10-07T00:20:10.885Z,179133241088500
"""Rayan @ nhXZL_Cydv"" posts a big blind of 0.50",2026-10-07T00:20:07.081Z,179133240708107
"""sack @ boAReb7tW9"" posts a small blind of 0.25",2026-10-07T00:20:07.081Z,179133240708106
"Player stacks: #1 ""Dih @ GO72Iwd2XL"" (83.41) | #2 ""jaan @ O6Q78KIRx-"" (133.46) | #4 ""sack @ boAReb7tW9"" (258.69) | #9 ""Rayan @ nhXZL_Cydv"" (61.50)",2026-10-07T00:20:07.081Z,179133240708101
"-- starting hand #114 (id: 8hgxiwkipsj9)  No Limit Texas Hold'em (dealer: ""jaan @ O6Q78KIRx-"") --",2026-10-07T00:20:07.081Z,179133240708100
"-- ending hand #113 --",2026-10-07T00:20:01.155Z,179133240115502
"""sack @ boAReb7tW9"" collected 0.50 from pot",2026-10-07T00:20:01.155Z,179133240115501
"Uncalled bet of 0.25 returned to ""sack @ boAReb7tW9""",2026-10-07T00:20:01.155Z,179133240115500
"""jaan @ O6Q78KIRx-"" folds",2026-10-07T00:20:00.223Z,179133240022300
"""Dih @ GO72Iwd2XL"" folds",2026-10-07T00:19:57.957Z,179133239795700
"""Rayan @ nhXZL_Cydv"" folds",2026-10-07T00:19:48.794Z,179133238879400
"""sack @ boAReb7tW9"" posts a big blind of 0.50",2026-10-07T00:19:45.075Z,179133238507509
"""jaan @ O6Q78KIRx-"" posts a small blind of 0.25",2026-10-07T00:19:45.075Z,179133238507508
"Player stacks: #1 ""Dih @ GO72Iwd2XL"" (83.41) | #2 ""jaan @ O6Q78KIRx-"" (133.71) | #4 ""sack @ boAReb7tW9"" (258.44) | #9 ""Rayan @ nhXZL_Cydv"" (61.50)",2026-10-07T00:19:45.075Z,179133238507503
"-- starting hand #113 (id: 4ihwjzx9joxf)  No Limit Texas Hold'em (dealer: ""Dih @ GO72Iwd2XL"") --",2026-10-07T00:19:45.075Z,179133238507502
"The player ""Jason @ fYqcH1JWT_"" quits the game with a stack of 0.00.",2026-10-07T00:19:45.075Z,179133238507501
"The player ""Heech @ wzsls5Sz57"" quits the game with a stack of 0.00.",2026-10-07T00:19:45.075Z,179133238507500
"Asking to busted players the rebuy decision.",2026-10-07T00:19:27.874Z,179133236787400
"""Jason @ fYqcH1JWT_"" shows a J♠, 9♠.",2026-10-07T00:19:22.871Z,179133236287100
"-- ending hand #112 --",2026-10-07T00:19:21.343Z,179133236134306
"""sack @ boAReb7tW9"" collected 1.00 from pot with Flush, A High (combination: 4♥, 8♥, J♥, Q♥, A♥)",2026-10-07T00:19:21.343Z,179133236134305
"""sack @ boAReb7tW9"" collected 26.01 from pot with Flush, A High (combination: 4♥, 8♥, J♥, Q♥, A♥)",2026-10-07T00:19:21.343Z,179133236134304
"""sack @ boAReb7tW9"" collected 173.70 from pot with Flush, A High (combination: 4♥, 8♥, J♥, Q♥, A♥)",2026-10-07T00:19:21.343Z,179133236134303
"""sack @ boAReb7tW9"" shows a A♥, 4♥.",2026-10-07T00:19:21.343Z,179133236134302
"""Heech @ wzsls5Sz57"" shows a 2♣, 10♠.",2026-10-07T00:19:21.343Z,179133236134301
"""Dih @ GO72Iwd2XL"" shows a Q♠, Q♦.",2026-10-07T00:19:21.343Z,179133236134300
"""sack @ boAReb7tW9"" checks",2026-10-07T00:19:20.528Z,179133236052800
"""Dih @ GO72Iwd2XL"" checks",2026-10-07T00:19:17.542Z,179133235754200
"River: 9♦, 8♥, J♥, 5♦ [Q♥]",2026-10-07T00:19:13.541Z,179133235354100
"""sack @ boAReb7tW9"" calls 0.50",2026-10-07T00:19:12.724Z,179133235272400
"""Dih @ GO72Iwd2XL"" bets 0.50",2026-10-07T00:19:08.296Z,179133234829600
"Turn: 9♦, 8♥, J♥ [5♦]",2026-10-07T00:19:04.259Z,179133234425900
"""Dih @ GO72Iwd2XL"" calls 46.97",2026-10-07T00:19:03.448Z,179133234344800
"""Rayan @ nhXZL_Cydv"" folds",2026-10-07T00:19:00.988Z,179133234098800
"""Jason @ fYqcH1JWT_"" calls 38.30 and go all in",2026-10-07T00:18:50.785Z,179133233078500
"""sack @ boAReb7tW9"" calls 46.97",2026-10-07T00:18:21.606Z,179133230160600
"""Heech @ wzsls5Sz57"" raises to 46.97 and go all in",2026-10-07T00:17:50.695Z,179133227069500
"""Dih @ GO72Iwd2XL"" bets 14.75",2026-10-07T00:17:47.958Z,179133226795800
"Flop:  [9♦, 8♥, J♥]",2026-10-07T00:17:39.459Z,179133225945900
"""Rayan @ nhXZL_Cydv"" calls 4.00",2026-10-07T00:17:38.571Z,179133225857100
"""Jason @ fYqcH1JWT_"" calls 4.00",2026-10-07T00:17:31.702Z,179133225170200
"""sack @ boAReb7tW9"" calls 4.00",2026-10-07T00:17:30.038Z,179133225003800
"""Heech @ wzsls5Sz57"" calls 4.00",2026-10-07T00:17:27.908Z,179133224790800
"""jaan @ O6Q78KIRx-"" folds",2026-10-07T00:17:24.202Z,179133224420200
"""Dih @ GO72Iwd2XL"" raises to 4.00",2026-10-07T00:17:08.374Z,179133222837400
"""Rayan @ nhXZL_Cydv"" calls 0.50",2026-10-07T00:17:03.429Z,179133222342900
"""Jason @ fYqcH1JWT_"" calls 0.50",2026-10-07T00:17:00.802Z,179133222080200
"""sack @ boAReb7tW9"" calls 0.50",2026-10-07T00:16:58.895Z,179133221889500
"""Heech @ wzsls5Sz57"" calls 0.50",2026-10-07T00:16:56.498Z,179133221649800
"""jaan @ O6Q78KIRx-"" posts a big blind of 0.50",2026-10-07T00:16:51.000Z,179133221100009
"""Dih @ GO72Iwd2XL"" posts a small blind of 0.25",2026-10-07T00:16:51.000Z,179133221100008
"Player stacks: #1 ""Dih @ GO72Iwd2XL"" (134.88) | #2 ""jaan @ O6Q78KIRx-"" (134.21) | #3 ""Heech @ wzsls5Sz57"" (50.97) | #4 ""sack @ boAReb7tW9"" (109.20) | #7 ""Jason @ fYqcH1JWT_"" (42.30) | #9 ""Rayan @ nhXZL_Cydv"" (65.50)",2026-10-07T00:16:51.000Z,179133221100001
"-- starting hand #112 (id: i9tsnoul08fj)  No Limit Texas Hold'em (dealer: ""Rayan @ nhXZL_Cydv"") --",2026-10-07T00:16:51.000Z,179133221100000
"-- ending hand #111 --",2026-10-07T00:16:44.953Z,179133220495303
"""sack @ boAReb7tW9"" collected 23.37 from pot with Flush, K High (combination: 6♥, 8♥, J♥, Q♥, K♥)",2026-10-07T00:16:44.953Z,179133220495302
"""sack @ boAReb7tW9"" shows a 10♦, K♥.",2026-10-07T00:16:44.953Z,179133220495301
"""Heech @ wzsls5Sz57"" shows a 8♦, 10♥.",2026-10-07T00:16:44.953Z,179133220495300
"""sack @ boAReb7tW9"" calls 7.01",2026-10-07T00:16:44.132Z,179133220413200
"""Heech @ wzsls5Sz57"" bets 7.01",2026-10-07T00:16:42.964Z,179133220296400
"River: 8♥, 6♥, Q♥, J♥ [5♦]",2026-10-07T00:16:41.077Z,179133220107700
"""sack @ boAReb7tW9"" checks",2026-10-07T00:16:40.224Z,179133220022400
"""Heech @ wzsls5Sz57"" checks",2026-10-07T00:16:38.495Z,179133219849500
"Turn: 8♥, 6♥, Q♥ [J♥]",2026-10-07T00:16:34.942Z,179133219494200
"""sack @ boAReb7tW9"" calls 2.30",2026-10-07T00:16:34.095Z,179133219409500
"""Heech @ wzsls5Sz57"" bets 2.30",2026-10-07T00:16:30.627Z,179133219062700
"Flop:  [8♥, 6♥, Q♥]",2026-10-07T00:16:25.387Z,179133218538700
"""Dih @ GO72Iwd2XL"" folds",2026-10-07T00:16:24.571Z,179133218457100
"""Rayan @ nhXZL_Cydv"" folds",2026-10-07T00:16:14.705Z,179133217470500
"""Jason @ fYqcH1JWT_"" folds",2026-10-07T00:16:13.811Z,179133217381100
"""sack @ boAReb7tW9"" calls 2.00",2026-10-07T00:16:12.496Z,179133217249600
"""Heech @ wzsls5Sz57"" raises to 2.00",2026-10-07T00:16:10.790Z,179133217079000
"""jaan @ O6Q78KIRx-"" folds",2026-10-07T00:16:00.826Z,179133216082600
"""Dih @ GO72Iwd2XL"" posts a big blind of 0.50",2026-10-07T00:15:58.897Z,179133215889709
"""Rayan @ nhXZL_Cydv"" posts a small blind of 0.25",2026-10-07T00:15:58.897Z,179133215889708
"Player stacks: #1 ""Dih @ GO72Iwd2XL"" (135.38) | #2 ""jaan @ O6Q78KIRx-"" (134.21) | #3 ""Heech @ wzsls5Sz57"" (62.28) | #4 ""sack @ boAReb7tW9"" (97.14) | #7 ""Jason @ fYqcH1JWT_"" (42.30) | #9 ""Rayan @ nhXZL_Cydv"" (65.75)",2026-10-07T00:15:58.897Z,179133215889701
"-- starting hand #111 (id: b0gpxnyilulr)  No Limit Texas Hold'em (dealer: ""Jason @ fYqcH1JWT_"") --",2026-10-07T00:15:58.897Z,179133215889700
"-- ending hand #110 --",2026-10-07T00:15:52.779Z,179133215277901
"""Rayan @ nhXZL_Cydv"" collected 65.75 from pot with Two Pair, Q's & 4's (combination: 10♥, 4♦, 4♥, Q♠, Q♣)",2026-10-07T00:15:52.779Z,179133215277900
"River: 5♠, 4♦, 10♥, 4♥ [9♥]",2026-10-07T00:15:48.769Z,179133214876900
"Turn: 5♠, 4♦, 10♥ [4♥]",2026-10-07T00:15:44.750Z,179133214475000
"""Rayan @ nhXZL_Cydv"" shows a Q♠, Q♣.",2026-10-07T00:15:40.735Z,179133214073501
"""Heech @ wzsls5Sz57"" shows a 9♠, 10♣.",2026-10-07T00:15:40.735Z,179133214073500
"Some players choose to not run it twice.",2026-10-07T00:15:39.913Z,179133213991301
"""Rayan @ nhXZL_Cydv"" chooses to not run it twice.",2026-10-07T00:15:39.913Z,179133213991300
"""Heech @ wzsls5Sz57"" chooses to  run it twice.",2026-10-07T00:15:39.613Z,179133213961300
"Remaining players decide whether to run it twice.",2026-10-07T00:15:38.996Z,179133213899601
"""Heech @ wzsls5Sz57"" calls 25.25",2026-10-07T00:15:38.996Z,179133213899600
"""jaan @ O6Q78KIRx-"" folds",2026-10-07T00:15:27.790Z,179133212779000
"""Rayan @ nhXZL_Cydv"" raises to 25.25 and go all in",2026-10-07T00:15:25.930Z,179133212593000
"""Heech @ wzsls5Sz57"" bets 11.40",2026-10-07T00:15:23.589Z,179133212358900
"""jaan @ O6Q78KIRx-"" checks",2026-10-07T00:15:19.498Z,179133211949800
"""Rayan @ nhXZL_Cydv"" checks",2026-10-07T00:15:13.714Z,179133211371400
"Flop:  [5♠, 4♦, 10♥]",2026-10-07T00:15:10.649Z,179133211064900
"""Heech @ wzsls5Sz57"" calls 5.00",2026-10-07T00:15:09.837Z,179133210983700
"""jaan @ O6Q78KIRx-"" calls 5.00",2026-10-07T00:15:07.861Z,179133210786100
"""Rayan @ nhXZL_Cydv"" raises to 5.00",2026-10-07T00:15:03.351Z,179133210335100
"""Jason @ fYqcH1JWT_"" folds",2026-10-07T00:14:58.906Z,179133209890600
"""sack @ boAReb7tW9"" folds",2026-10-07T00:14:58.012Z,179133209801200
"""Heech @ wzsls5Sz57"" calls 2.25",2026-10-07T00:14:57.102Z,179133209710200
"""jaan @ O6Q78KIRx-"" raises to 2.25",2026-10-07T00:14:42.270Z,179133208227000
"""Dih @ GO72Iwd2XL"" folds",2026-10-07T00:14:27.042Z,179133206704200
"""Rayan @ nhXZL_Cydv"" posts a big blind of 0.50",2026-10-07T00:14:24.482Z,179133206448210
"""Jason @ fYqcH1JWT_"" posts a small blind of 0.25",2026-10-07T00:14:24.482Z,179133206448209
"Player stacks: #1 ""Dih @ GO72Iwd2XL"" (135.38) | #2 ""jaan @ O6Q78KIRx-"" (139.21) | #3 ""Heech @ wzsls5Sz57"" (92.53) | #4 ""sack @ boAReb7tW9"" (97.14) | #7 ""Jason @ fYqcH1JWT_"" (42.55) | #9 ""Rayan @ nhXZL_Cydv"" (30.25)",2026-10-07T00:14:24.482Z,179133206448202
"-- starting hand #110 (id: ri44fktqu9ea)  No Limit Texas Hold'em (dealer: ""sack @ boAReb7tW9"") --",2026-10-07T00:14:24.482Z,179133206448201
"The player ""30min30buckfih @ Rd4XHpxbuy"" quits the game with a stack of 0.00.",2026-10-07T00:14:24.482Z,179133206448200
"Asking to busted players the rebuy decision.",2026-10-07T00:14:23.075Z,179133206307500
"-- ending hand #109 --",2026-10-07T00:14:17.072Z,179133205707201
"""Dih @ GO72Iwd2XL"" collected 53.51 from pot with Full House, 10's over 8's (combination: 8♦, 8♠, 10♥, 10♣, 10♦)",2026-10-07T00:14:17.072Z,179133205707200
"River: 8♠, 3♣, J♣, 10♣ [10♦]",2026-10-07T00:14:13.069Z,179133205306900
"Turn: 8♠, 3♣, J♣ [10♣]",2026-10-07T00:14:09.055Z,179133204905500
"Flop:  [8♠, 3♣, J♣]",2026-10-07T00:14:05.044Z,179133204504400
"""30min30buckfih @ Rd4XHpxbuy"" shows a 8♣, K♣.",2026-10-07T00:14:00.966Z,179133204096601
"""Dih @ GO72Iwd2XL"" shows a 8♦, 10♥.",2026-10-07T00:14:00.966Z,179133204096600
"Some players choose to not run it twice.",2026-10-07T00:14:00.084Z,179133204008401
"""30min30buckfih @ Rd4XHpxbuy"" chooses to not run it twice.",2026-10-07T00:14:00.084Z,179133204008400
"Remaining players decide whether to run it twice.",2026-10-07T00:13:58.574Z,179133203857401
"""Jason @ fYqcH1JWT_"" folds",2026-10-07T00:13:58.574Z,179133203857400
"""sack @ boAReb7tW9"" folds",2026-10-07T00:13:57.594Z,179133203759400
"""Heech @ wzsls5Sz57"" folds",2026-10-07T00:13:56.738Z,179133203673800
"""jaan @ O6Q78KIRx-"" folds",2026-10-07T00:13:48.188Z,179133202818800
"""Dih @ GO72Iwd2XL"" calls 26.38",2026-10-07T00:13:44.409Z,179133202440900
"""Rayan @ nhXZL_Cydv"" folds",2026-10-07T00:13:43.448Z,179133202344800
"""30min30buckfih @ Rd4XHpxbuy"" raises to 26.38 and go all in",2026-10-07T00:13:41.486Z,179133202148600
"""Jason @ fYqcH1JWT_"" posts a big blind of 0.50",2026-10-07T00:13:39.492Z,179133201949210
"""sack @ boAReb7tW9"" posts a small blind of 0.25",2026-10-07T00:13:39.492Z,179133201949209
"Player stacks: #1 ""Dih @ GO72Iwd2XL"" (108.25) | #2 ""jaan @ O6Q78KIRx-"" (139.21) | #3 ""Heech @ wzsls5Sz57"" (92.53) | #4 ""sack @ boAReb7tW9"" (97.39) | #7 ""Jason @ fYqcH1JWT_"" (43.05) | #8 ""30min30buckfih @ Rd4XHpxbuy"" (26.38) | #9 ""Rayan @ nhXZL_Cydv"" (30.25)",2026-10-07T00:13:39.492Z,179133201949201
"-- starting hand #109 (id: kr1pq671dbsf)  No Limit Texas Hold'em (dealer: ""Heech @ wzsls5Sz57"") --",2026-10-07T00:13:39.492Z,179133201949200
"-- ending hand #108 --",2026-10-07T00:13:33.487Z,179133201348702
"""Jason @ fYqcH1JWT_"" collected 33.00 from pot",2026-10-07T00:13:33.487Z,179133201348701
"Uncalled bet of 10.05 returned to ""Jason @ fYqcH1JWT_""",2026-10-07T00:13:33.487Z,179133201348700
"""Rayan @ nhXZL_Cydv"" folds",2026-10-07T00:13:32.589Z,179133201258900
"""Jason @ fYqcH1JWT_"" bets 10.05 and go all in",2026-10-07T00:13:21.883Z,179133200188300
"Turn: 2♦, 3♦, 5♦ [8♥]",2026-10-07T00:13:16.476Z,179133199647600
"""Heech @ wzsls5Sz57"" folds",2026-10-07T00:13:15.647Z,179133199564700
"""Rayan @ nhXZL_Cydv"" calls 8.25",2026-10-07T00:13:14.180Z,179133199418000
"""Jason @ fYqcH1JWT_"" bets 8.25",2026-10-07T00:13:00.644Z,179133198064400
"""Heech @ wzsls5Sz57"" checks",2026-10-07T00:12:57.277Z,179133197727700
"Flop:  [2♦, 3♦, 5♦]",2026-10-07T00:12:52.380Z,179133197238000
"""jaan @ O6Q78KIRx-"" folds",2026-10-07T00:12:51.537Z,179133197153700
"""Rayan @ nhXZL_Cydv"" calls 5.00",2026-10-07T00:12:50.609Z,179133197060900
"""30min30buckfih @ Rd4XHpxbuy"" folds",2026-10-07T00:12:44.887Z,179133196488700
"""Jason @ fYqcH1JWT_"" calls 5.00",2026-10-07T00:12:43.901Z,179133196390100
"""sack @ boAReb7tW9"" folds",2026-10-07T00:12:38.474Z,179133195847400
"""Heech @ wzsls5Sz57"" raises to 5.00",2026-10-07T00:12:36.632Z,179133195663200
"""jaan @ O6Q78KIRx-"" calls 0.50",2026-10-07T00:12:27.952Z,179133194795200
"""Dih @ GO72Iwd2XL"" folds",2026-10-07T00:12:24.510Z,179133194451000
"""Rayan @ nhXZL_Cydv"" calls 0.50",2026-10-07T00:12:23.575Z,179133194357500
"""30min30buckfih @ Rd4XHpxbuy"" calls 0.50",2026-10-07T00:12:20.751Z,179133194075100
"""Jason @ fYqcH1JWT_"" calls 0.50",2026-10-07T00:12:13.305Z,179133193330500
"""sack @ boAReb7tW9"" posts a big blind of 0.50",2026-10-07T00:12:10.413Z,179133193041310
"""Heech @ wzsls5Sz57"" posts a small blind of 0.25",2026-10-07T00:12:10.413Z,179133193041309
"Player stacks: #1 ""Dih @ GO72Iwd2XL"" (108.25) | #2 ""jaan @ O6Q78KIRx-"" (139.71) | #3 ""Heech @ wzsls5Sz57"" (97.53) | #4 ""sack @ boAReb7tW9"" (97.89) | #7 ""Jason @ fYqcH1JWT_"" (23.30) | #8 ""30min30buckfih @ Rd4XHpxbuy"" (26.88) | #9 ""Rayan @ nhXZL_Cydv"" (43.50)",2026-10-07T00:12:10.413Z,179133193041301
"-- starting hand #108 (id: ejr89yjiguqz)  No Limit Texas Hold'em (dealer: ""jaan @ O6Q78KIRx-"") --",2026-10-07T00:12:10.413Z,179133193041300
"-- ending hand #107 --",2026-10-07T00:12:07.477Z,179133192747702
"""Rayan @ nhXZL_Cydv"" collected 9.75 from pot",2026-10-07T00:12:07.477Z,179133192747701
"Uncalled bet of 9.75 returned to ""Rayan @ nhXZL_Cydv""",2026-10-07T00:12:07.477Z,179133192747700
"""Dih @ GO72Iwd2XL"" folds",2026-10-07T00:12:06.644Z,179133192664400
"""Rayan @ nhXZL_Cydv"" bets 9.75",2026-10-07T00:12:05.627Z,179133192562700
"River: 9♦, 7♠, 10♠, 4♦ [8♣]",2026-10-07T00:12:02.619Z,179133192261900
"""Dih @ GO72Iwd2XL"" checks",2026-10-07T00:12:01.733Z,179133192173300
"""Rayan @ nhXZL_Cydv"" checks",2026-10-07T00:11:59.056Z,179133191905600
"Turn: 9♦, 7♠, 10♠ [4♦]",2026-10-07T00:11:57.582Z,179133191758200
"""Dih @ GO72Iwd2XL"" checks",2026-10-07T00:11:56.745Z,179133191674500
"""Rayan @ nhXZL_Cydv"" checks",2026-10-07T00:11:51.156Z,179133191115600
"Flop:  [9♦, 7♠, 10♠]",2026-10-07T00:11:49.898Z,179133190989800
"""Rayan @ nhXZL_Cydv"" calls 4.50",2026-10-07T00:11:49.071Z,179133190907100
"""Heech @ wzsls5Sz57"" folds",2026-10-07T00:11:45.385Z,179133190538500
"""jaan @ O6Q78KIRx-"" folds",2026-10-07T00:11:43.521Z,179133190352100
"""Dih @ GO72Iwd2XL"" raises to 4.50",2026-10-07T00:11:34.267Z,179133189426700
"""Rayan @ nhXZL_Cydv"" raises to 1.50",2026-10-07T00:11:30.525Z,179133189052500
"""30min30buckfih @ Rd4XHpxbuy"" folds",2026-10-07T00:11:28.428Z,179133188842800
"""Jason @ fYqcH1JWT_"" folds",2026-10-07T00:11:27.551Z,179133188755100
"""sack @ boAReb7tW9"" folds",2026-10-07T00:11:26.249Z,179133188624900
"""Heech @ wzsls5Sz57"" posts a big blind of 0.50",2026-10-07T00:11:24.487Z,179133188448710
"""jaan @ O6Q78KIRx-"" posts a small blind of 0.25",2026-10-07T00:11:24.487Z,179133188448709
"Player stacks: #1 ""Dih @ GO72Iwd2XL"" (112.75) | #2 ""jaan @ O6Q78KIRx-"" (139.96) | #3 ""Heech @ wzsls5Sz57"" (98.03) | #4 ""sack @ boAReb7tW9"" (97.89) | #7 ""Jason @ fYqcH1JWT_"" (23.30) | #8 ""30min30buckfih @ Rd4XHpxbuy"" (26.88) | #9 ""Rayan @ nhXZL_Cydv"" (38.25)",2026-10-07T00:11:24.487Z,179133188448701
"-- starting hand #107 (id: mvckrezkj0ab)  No Limit Texas Hold'em (dealer: ""Dih @ GO72Iwd2XL"") --",2026-10-07T00:11:24.487Z,179133188448700
"""jaan @ O6Q78KIRx-"" shows a J♠.",2026-10-07T00:11:20.164Z,179133188016400
"""30min30buckfih @ Rd4XHpxbuy"" shows a Q♠.",2026-10-07T00:11:19.283Z,179133187928300
"-- ending hand #106 --",2026-10-07T00:11:17.148Z,179133187714802
"""jaan @ O6Q78KIRx-"" collected 18.74 from pot",2026-10-07T00:11:17.148Z,179133187714801
"Uncalled bet of 14.05 returned to ""jaan @ O6Q78KIRx-""",2026-10-07T00:11:17.148Z,179133187714800
"""Dih @ GO72Iwd2XL"" folds",2026-10-07T00:11:16.299Z,179133187629900
"""jaan @ O6Q78KIRx-"" bets 14.05",2026-10-07T00:11:14.205Z,179133187420500
"""Dih @ GO72Iwd2XL"" checks",2026-10-07T00:11:09.175Z,179133186917500
"Flop:  [J♣, 7♣, J♥]",2026-10-07T00:11:06.071Z,179133186607100
"""Dih @ GO72Iwd2XL"" calls 7.12",2026-10-07T00:11:05.229Z,179133186522900
"""Rayan @ nhXZL_Cydv"" folds",2026-10-07T00:11:01.747Z,179133186174700
"""30min30buckfih @ Rd4XHpxbuy"" folds",2026-10-07T00:10:53.577Z,179133185357700
"""Heech @ wzsls5Sz57"" folds",2026-10-07T00:10:52.486Z,179133185248600
"""jaan @ O6Q78KIRx-"" raises to 7.12",2026-10-07T00:10:50.935Z,179133185093500
"""Dih @ GO72Iwd2XL"" calls 1.50",2026-10-07T00:10:41.911Z,179133184191100
"""Rayan @ nhXZL_Cydv"" calls 1.50",2026-10-07T00:10:29.885Z,179133182988500
"""30min30buckfih @ Rd4XHpxbuy"" calls 1.50",2026-10-07T00:10:26.091Z,179133182609100
"""Jason @ fYqcH1JWT_"" folds",2026-10-07T00:10:25.040Z,179133182504000
"""sack @ boAReb7tW9"" folds",2026-10-07T00:10:24.075Z,179133182407500
"""Heech @ wzsls5Sz57"" raises to 1.50",2026-10-07T00:10:20.092Z,179133182009200
"""jaan @ O6Q78KIRx-"" posts a big blind of 0.50",2026-10-07T00:10:15.179Z,179133181517910
"""Dih @ GO72Iwd2XL"" posts a small blind of 0.25",2026-10-07T00:10:15.179Z,179133181517909
"Player stacks: #1 ""Dih @ GO72Iwd2XL"" (119.87) | #2 ""jaan @ O6Q78KIRx-"" (128.34) | #3 ""Heech @ wzsls5Sz57"" (99.53) | #4 ""sack @ boAReb7tW9"" (97.89) | #7 ""Jason @ fYqcH1JWT_"" (23.30) | #8 ""30min30buckfih @ Rd4XHpxbuy"" (28.38) | #9 ""Rayan @ nhXZL_Cydv"" (39.75)",2026-10-07T00:10:15.179Z,179133181517901
"-- starting hand #106 (id: qdunuiikwslb)  No Limit Texas Hold'em (dealer: ""Rayan @ nhXZL_Cydv"") --",2026-10-07T00:10:15.179Z,179133181517900
"""Dih @ GO72Iwd2XL"" shows a 9♠.",2026-10-07T00:10:13.381Z,179133181338100
"-- ending hand #105 --",2026-10-07T00:10:11.552Z,179133181155202
"""Dih @ GO72Iwd2XL"" collected 40.61 from pot",2026-10-07T00:10:11.552Z,179133181155201
"Uncalled bet of 30.45 returned to ""Dih @ GO72Iwd2XL""",2026-10-07T00:10:11.552Z,179133181155200
"""30min30buckfih @ Rd4XHpxbuy"" folds",2026-10-07T00:10:10.662Z,179133181066200
"""Dih @ GO72Iwd2XL"" bets 30.45",2026-10-07T00:09:49.028Z,179133178902800
"River: 9♣, Q♣, 5♠, 7♥ [6♣]",2026-10-07T00:09:36.339Z,179133177633900
"""30min30buckfih @ Rd4XHpxbuy"" calls 11.00",2026-10-07T00:09:35.428Z,179133177542800
"""Heech @ wzsls5Sz57"" folds",2026-10-07T00:09:29.457Z,179133176945700
"""Dih @ GO72Iwd2XL"" bets 11.00",2026-10-07T00:09:25.284Z,179133176528400
"Turn: 9♣, Q♣, 5♠ [7♥]",2026-10-07T00:09:17.322Z,179133175732200
"""30min30buckfih @ Rd4XHpxbuy"" calls 4.12",2026-10-07T00:09:16.468Z,179133175646800
"""Heech @ wzsls5Sz57"" calls 4.12",2026-10-07T00:09:15.451Z,179133175545100
"""Dih @ GO72Iwd2XL"" bets 4.12",2026-10-07T00:09:13.668Z,179133175366800
"Flop:  [9♣, Q♣, 5♠]",2026-10-07T00:09:07.509Z,179133174750900
"""30min30buckfih @ Rd4XHpxbuy"" calls 2.00",2026-10-07T00:09:06.654Z,179133174665400
"""Heech @ wzsls5Sz57"" calls 2.00",2026-10-07T00:09:04.781Z,179133174478100
"""Dih @ GO72Iwd2XL"" raises to 2.00",2026-10-07T00:09:03.252Z,179133174325200
"""Rayan @ nhXZL_Cydv"" folds",2026-10-07T00:08:56.007Z,179133173600700
"""30min30buckfih @ Rd4XHpxbuy"" calls 0.50",2026-10-07T00:08:33.654Z,179133171365400
"""Jason @ fYqcH1JWT_"" folds",2026-10-07T00:08:25.976Z,179133170597600
"""sack @ boAReb7tW9"" folds",2026-10-07T00:08:25.116Z,179133170511600
"""Heech @ wzsls5Sz57"" calls 0.50",2026-10-07T00:08:06.215Z,179133168621500
"""jaan @ O6Q78KIRx-"" folds",2026-10-07T00:08:03.781Z,179133168378100
"""Dih @ GO72Iwd2XL"" posts a big blind of 0.50",2026-10-07T00:07:59.299Z,179133167929910
"""Rayan @ nhXZL_Cydv"" posts a small blind of 0.25",2026-10-07T00:07:59.299Z,179133167929909
"Player stacks: #1 ""Dih @ GO72Iwd2XL"" (96.38) | #2 ""jaan @ O6Q78KIRx-"" (128.34) | #3 ""Heech @ wzsls5Sz57"" (105.65) | #4 ""sack @ boAReb7tW9"" (97.89) | #7 ""Jason @ fYqcH1JWT_"" (23.30) | #8 ""30min30buckfih @ Rd4XHpxbuy"" (45.50) | #9 ""Rayan @ nhXZL_Cydv"" (40.00)",2026-10-07T00:07:59.299Z,179133167929901
"-- starting hand #105 (id: ir9b2obnvji9)  No Limit Texas Hold'em (dealer: ""30min30buckfih @ Rd4XHpxbuy"") --",2026-10-07T00:07:59.299Z,179133167929900
"""30min30buckfih @ Rd4XHpxbuy"" shows a 7♥, 7♠.",2026-10-07T00:07:57.324Z,179133167732400
"-- ending hand #104 --",2026-10-07T00:07:55.597Z,179133167559702
"""jaan @ O6Q78KIRx-"" collected 18.49 from pot",2026-10-07T00:07:55.597Z,179133167559701
"Uncalled bet of 13.24 returned to ""jaan @ O6Q78KIRx-""",2026-10-07T00:07:55.597Z,179133167559700
"""30min30buckfih @ Rd4XHpxbuy"" folds",2026-10-07T00:07:54.776Z,179133167477600
"""jaan @ O6Q78KIRx-"" raises to 13.74",2026-10-07T00:07:39.300Z,179133165930000
"""30min30buckfih @ Rd4XHpxbuy"" bets 0.50",2026-10-07T00:07:19.666Z,179133163966600
"River: 9♥, 5♥, 5♣, 5♠ [Q♣]",2026-10-07T00:07:18.552Z,179133163855200
"""jaan @ O6Q78KIRx-"" calls 4.37",2026-10-07T00:07:17.701Z,179133163770100
"""Dih @ GO72Iwd2XL"" folds",2026-10-07T00:07:15.137Z,179133163513700
"""30min30buckfih @ Rd4XHpxbuy"" bets 4.37",2026-10-07T00:07:12.584Z,179133163258400
"Turn: 9♥, 5♥, 5♣ [5♠]",2026-10-07T00:07:09.014Z,179133162901400
"""jaan @ O6Q78KIRx-"" checks",2026-10-07T00:07:08.161Z,179133162816100
"""Dih @ GO72Iwd2XL"" checks",2026-10-07T00:06:59.046Z,179133161904600
"""30min30buckfih @ Rd4XHpxbuy"" checks",2026-10-07T00:06:52.490Z,179133161249000
"Flop:  [9♥, 5♥, 5♣]",2026-10-07T00:06:50.958Z,179133161095800
"""Dih @ GO72Iwd2XL"" calls 2.75",2026-10-07T00:06:50.091Z,179133161009100
"""Rayan @ nhXZL_Cydv"" folds",2026-10-07T00:06:49.041Z,179133160904100
"""30min30buckfih @ Rd4XHpxbuy"" calls 2.75",2026-10-07T00:06:45.687Z,179133160568700
"""Jason @ fYqcH1JWT_"" folds",2026-10-07T00:06:43.978Z,179133160397800
"""sack @ boAReb7tW9"" folds",2026-10-07T00:06:43.139Z,179133160313900
"""Heech @ wzsls5Sz57"" folds",2026-10-07T00:06:42.270Z,179133160227000
"""jaan @ O6Q78KIRx-"" raises to 2.75",2026-10-07T00:06:21.344Z,179133158134400
"""Dih @ GO72Iwd2XL"" calls 0.50",2026-10-07T00:06:16.087Z,179133157608700
"""Rayan @ nhXZL_Cydv"" posts a big blind of 0.50",2026-10-07T00:06:14.880Z,179133157488010
"""30min30buckfih @ Rd4XHpxbuy"" posts a small blind of 0.25",2026-10-07T00:06:14.880Z,179133157488009
"Player stacks: #1 ""Dih @ GO72Iwd2XL"" (99.13) | #2 ""jaan @ O6Q78KIRx-"" (117.47) | #3 ""Heech @ wzsls5Sz57"" (105.65) | #4 ""sack @ boAReb7tW9"" (97.89) | #7 ""Jason @ fYqcH1JWT_"" (23.30) | #8 ""30min30buckfih @ Rd4XHpxbuy"" (53.12) | #9 ""Rayan @ nhXZL_Cydv"" (40.50)",2026-10-07T00:06:14.880Z,179133157488001
"-- starting hand #104 (id: jyyn4zhlnesl)  No Limit Texas Hold'em (dealer: ""Jason @ fYqcH1JWT_"") --",2026-10-07T00:06:14.880Z,179133157488000
"""30min30buckfih @ Rd4XHpxbuy"" shows a 4♥, 5♥.",2026-10-07T00:06:09.852Z,179133156985200
"-- ending hand #103 --",2026-10-07T00:06:08.231Z,179133156823102
"""30min30buckfih @ Rd4XHpxbuy"" collected 24.49 from pot",2026-10-07T00:06:08.231Z,179133156823101
"Uncalled bet of 28.63 returned to ""30min30buckfih @ Rd4XHpxbuy""",2026-10-07T00:06:08.231Z,179133156823100
"""Heech @ wzsls5Sz57"" folds",2026-10-07T00:06:07.407Z,179133156740700
"""30min30buckfih @ Rd4XHpxbuy"" bets 28.63 and go all in",2026-10-07T00:06:05.861Z,179133156586100
"Turn: 2♠, 8♠, 9♠ [A♥]",2026-10-07T00:05:56.984Z,179133155698400
"""Heech @ wzsls5Sz57"" calls 6.12",2026-10-07T00:05:56.094Z,179133155609400
"""30min30buckfih @ Rd4XHpxbuy"" bets 6.12",2026-10-07T00:05:46.619Z,179133154661900
"Flop:  [2♠, 8♠, 9♠]",2026-10-07T00:05:37.069Z,179133153706900
"""Heech @ wzsls5Sz57"" calls 6.00",2026-10-07T00:05:36.249Z,179133153624900
"""30min30buckfih @ Rd4XHpxbuy"" raises to 6.00",2026-10-07T00:05:30.657Z,179133153065700
"""Jason @ fYqcH1JWT_"" folds",2026-10-07T00:05:21.699Z,179133152169900
"""sack @ boAReb7tW9"" folds",2026-10-07T00:05:20.058Z,179133152005800
"""Heech @ wzsls5Sz57"" raises to 2.00",2026-10-07T00:05:19.112Z,179133151911200
"""jaan @ O6Q78KIRx-"" folds",2026-10-07T00:05:12.711Z,179133151271100
"""Dih @ GO72Iwd2XL"" folds",2026-10-07T00:05:06.265Z,179133150626500
"""Rayan @ nhXZL_Cydv"" folds",2026-10-07T00:04:58.411Z,179133149841100
"""30min30buckfih @ Rd4XHpxbuy"" posts a big blind of 0.50",2026-10-07T00:04:57.293Z,179133149729310
"""Jason @ fYqcH1JWT_"" posts a small blind of 0.25",2026-10-07T00:04:57.293Z,179133149729309
"Player stacks: #1 ""Dih @ GO72Iwd2XL"" (99.13) | #2 ""jaan @ O6Q78KIRx-"" (117.47) | #3 ""Heech @ wzsls5Sz57"" (117.77) | #4 ""sack @ boAReb7tW9"" (97.89) | #7 ""Jason @ fYqcH1JWT_"" (23.55) | #8 ""30min30buckfih @ Rd4XHpxbuy"" (40.75) | #9 ""Rayan @ nhXZL_Cydv"" (40.50)",2026-10-07T00:04:57.293Z,179133149729301
"-- starting hand #103 (id: 3wayr3dhuz98)  No Limit Texas Hold'em (dealer: ""sack @ boAReb7tW9"") --",2026-10-07T00:04:57.293Z,179133149729300
"-- ending hand #102 --",2026-10-07T00:04:54.296Z,179133149429602
"""Heech @ wzsls5Sz57"" collected 8.00 from pot",2026-10-07T00:04:54.296Z,179133149429601
"Uncalled bet of 4.00 returned to ""Heech @ wzsls5Sz57""",2026-10-07T00:04:54.296Z,179133149429600
"""jaan @ O6Q78KIRx-"" folds",2026-10-07T00:04:53.441Z,179133149344100
"""Heech @ wzsls5Sz57"" bets 4.00",2026-10-07T00:04:48.494Z,179133148849400
"""jaan @ O6Q78KIRx-"" checks",2026-10-07T00:04:45.486Z,179133148548600
"River: 4♦, 10♥, 7♦, 5♦ [3♣]",2026-10-07T00:04:29.692Z,179133146969200
"""jaan @ O6Q78KIRx-"" calls 3.00",2026-10-07T00:04:28.883Z,179133146888300
"""Jason @ fYqcH1JWT_"" folds",2026-10-07T00:04:26.523Z,179133146652300
"""sack @ boAReb7tW9"" folds",2026-10-07T00:04:25.636Z,179133146563600
"""Heech @ wzsls5Sz57"" raises to 3.00",2026-10-07T00:04:24.388Z,179133146438800
"""jaan @ O6Q78KIRx-"" bets 1.50",2026-10-07T00:04:22.607Z,179133146260700
"""Jason @ fYqcH1JWT_"" checks",2026-10-07T00:04:18.346Z,179133145834600
"""sack @ boAReb7tW9"" checks",2026-10-07T00:04:17.368Z,179133145736800
"Turn: 4♦, 10♥, 7♦ [5♦]",2026-10-07T00:04:14.648Z,179133145464800
"""Heech @ wzsls5Sz57"" checks",2026-10-07T00:04:13.820Z,179133145382000
"""jaan @ O6Q78KIRx-"" checks",2026-10-07T00:04:12.313Z,179133145231300
"""Jason @ fYqcH1JWT_"" checks",2026-10-07T00:04:08.570Z,179133144857000
"""sack @ boAReb7tW9"" checks",2026-10-07T00:04:07.716Z,179133144771600
"Flop:  [4♦, 10♥, 7♦]",2026-10-07T00:04:05.828Z,179133144582800
"""Jason @ fYqcH1JWT_"" checks",2026-10-07T00:04:05.021Z,179133144502100
"""sack @ boAReb7tW9"" calls 0.50",2026-10-07T00:04:01.935Z,179133144193500
"""Heech @ wzsls5Sz57"" calls 0.50",2026-10-07T00:04:01.015Z,179133144101500
"""jaan @ O6Q78KIRx-"" calls 0.50",2026-10-07T00:03:49.799Z,179133142979900
"""Dih @ GO72Iwd2XL"" folds",2026-10-07T00:03:37.549Z,179133141754900
"""Rayan @ nhXZL_Cydv"" folds",2026-10-07T00:03:36.664Z,179133141666400
"""30min30buckfih @ Rd4XHpxbuy"" folds",2026-10-07T00:03:35.714Z,179133141571400
"""Jason @ fYqcH1JWT_"" posts a big blind of 0.50",2026-10-07T00:03:34.796Z,179133141479610
"""sack @ boAReb7tW9"" posts a small blind of 0.25",2026-10-07T00:03:34.796Z,179133141479609
"Player stacks: #1 ""Dih @ GO72Iwd2XL"" (99.13) | #2 ""jaan @ O6Q78KIRx-"" (120.97) | #3 ""Heech @ wzsls5Sz57"" (113.27) | #4 ""sack @ boAReb7tW9"" (98.39) | #7 ""Jason @ fYqcH1JWT_"" (24.05) | #8 ""30min30buckfih @ Rd4XHpxbuy"" (40.75) | #9 ""Rayan @ nhXZL_Cydv"" (40.50)",2026-10-07T00:03:34.796Z,179133141479601
"-- starting hand #102 (id: 3hgrkoumhifw)  No Limit Texas Hold'em (dealer: ""Heech @ wzsls5Sz57"") --",2026-10-07T00:03:34.796Z,179133141479600
"-- ending hand #101 --",2026-10-07T00:03:28.879Z,179133140887902
"""Dih @ GO72Iwd2XL"" collected 13.00 from pot",2026-10-07T00:03:28.879Z,179133140887901
"Uncalled bet of 8.00 returned to ""Dih @ GO72Iwd2XL""",2026-10-07T00:03:28.879Z,179133140887900
"""Rayan @ nhXZL_Cydv"" folds",2026-10-07T00:03:28.038Z,179133140803800
"""Heech @ wzsls5Sz57"" folds",2026-10-07T00:03:27.168Z,179133140716800
"""Dih @ GO72Iwd2XL"" bets 8.00",2026-10-07T00:03:25.693Z,179133140569300
"""Rayan @ nhXZL_Cydv"" checks",2026-10-07T00:03:18.357Z,179133139835700
"""Heech @ wzsls5Sz57"" checks",2026-10-07T00:03:16.689Z,179133139668900
"Flop:  [A♠, 4♦, 4♥]",2026-10-07T00:03:14.060Z,179133139406000
"""Rayan @ nhXZL_Cydv"" calls 4.00",2026-10-07T00:03:13.194Z,179133139319400
"""Jason @ fYqcH1JWT_"" folds",2026-10-07T00:03:10.322Z,179133139032200
"""sack @ boAReb7tW9"" folds",2026-10-07T00:03:09.108Z,179133138910800
"""Heech @ wzsls5Sz57"" calls 4.00",2026-10-07T00:03:04.303Z,179133138430300
"""jaan @ O6Q78KIRx-"" folds",2026-10-07T00:03:00.404Z,179133138040400
"""Dih @ GO72Iwd2XL"" raises to 4.00",2026-10-07T00:02:59.467Z,179133137946700
"""Rayan @ nhXZL_Cydv"" raises to 1.50",2026-10-07T00:02:56.942Z,179133137694200
"""30min30buckfih @ Rd4XHpxbuy"" folds",2026-10-07T00:02:54.736Z,179133137473600
"""Jason @ fYqcH1JWT_"" calls 0.50",2026-10-07T00:02:53.644Z,179133137364400
"""sack @ boAReb7tW9"" posts a big blind of 0.50",2026-10-07T00:02:51.152Z,179133137115210
"""Heech @ wzsls5Sz57"" posts a small blind of 0.25",2026-10-07T00:02:51.152Z,179133137115209
"Player stacks: #1 ""Dih @ GO72Iwd2XL"" (90.13) | #2 ""jaan @ O6Q78KIRx-"" (120.97) | #3 ""Heech @ wzsls5Sz57"" (117.27) | #4 ""sack @ boAReb7tW9"" (98.89) | #7 ""Jason @ fYqcH1JWT_"" (24.55) | #8 ""30min30buckfih @ Rd4XHpxbuy"" (40.75) | #9 ""Rayan @ nhXZL_Cydv"" (44.50)",2026-10-07T00:02:51.152Z,179133137115201
"-- starting hand #101 (id: xwaospnslx0t)  No Limit Texas Hold'em (dealer: ""jaan @ O6Q78KIRx-"") --",2026-10-07T00:02:51.152Z,179133137115200
"""Rayan @ nhXZL_Cydv"" shows a K♣, Q♣.",2026-10-07T00:02:46.160Z,179133136616000
"-- ending hand #100 --",2026-10-07T00:02:44.547Z,179133136454702
"""Heech @ wzsls5Sz57"" collected 50.00 from pot with Flush, A High (combination: 4♥, 8♥, J♥, K♥, A♥)",2026-10-07T00:02:44.547Z,179133136454701
"""Heech @ wzsls5Sz57"" shows a J♥, 8♥.",2026-10-07T00:02:44.547Z,179133136454700
"""Rayan @ nhXZL_Cydv"" folds",2026-10-07T00:02:43.709Z,179133136370900
"""30min30buckfih @ Rd4XHpxbuy"" calls 15.00",2026-10-07T00:02:41.465Z,179133136146500
"""Heech @ wzsls5Sz57"" bets 15.00",2026-10-07T00:02:15.375Z,179133133537500
"River: Q♦, K♥, 4♥, A♥ [6♦]",2026-10-07T00:02:12.045Z,179133133204500
"""jaan @ O6Q78KIRx-"" folds",2026-10-07T00:02:11.239Z,179133133123900
"""Rayan @ nhXZL_Cydv"" calls 4.00",2026-10-07T00:02:10.358Z,179133133035800
"""30min30buckfih @ Rd4XHpxbuy"" calls 4.00",2026-10-07T00:02:07.616Z,179133132761600
"""Heech @ wzsls5Sz57"" bets 4.00",2026-10-07T00:02:06.529Z,179133132652900
"""jaan @ O6Q78KIRx-"" checks",2026-10-07T00:02:03.782Z,179133132378200
"Turn: Q♦, K♥, 4♥ [A♥]",2026-10-07T00:02:00.494Z,179133132049400
"""Rayan @ nhXZL_Cydv"" checks",2026-10-07T00:01:59.671Z,179133131967100
"""30min30buckfih @ Rd4XHpxbuy"" checks",2026-10-07T00:01:58.249Z,179133131824900
"""Heech @ wzsls5Sz57"" checks",2026-10-07T00:01:57.336Z,179133131733600
"""jaan @ O6Q78KIRx-"" checks",2026-10-07T00:01:55.943Z,179133131594300
"Flop:  [Q♦, K♥, 4♥]",2026-10-07T00:01:53.492Z,179133131349200
"""30min30buckfih @ Rd4XHpxbuy"" calls 2.00",2026-10-07T00:01:52.618Z,179133131261800
"""Heech @ wzsls5Sz57"" calls 2.00",2026-10-07T00:01:51.622Z,179133131162200
"""jaan @ O6Q78KIRx-"" calls 2.00",2026-10-07T00:01:49.943Z,179133130994300
"""Dih @ GO72Iwd2XL"" folds",2026-10-07T00:01:48.448Z,179133130844800
"""Rayan @ nhXZL_Cydv"" raises to 2.00",2026-10-07T00:01:47.543Z,179133130754300
"""30min30buckfih @ Rd4XHpxbuy"" calls 0.50",2026-10-07T00:01:37.514Z,179133129751400
"""Jason @ fYqcH1JWT_"" folds",2026-10-07T00:01:36.113Z,179133129611300
"""sack @ boAReb7tW9"" folds",2026-10-07T00:01:35.180Z,179133129518000
"""Heech @ wzsls5Sz57"" posts a big blind of 0.50",2026-10-07T00:01:34.273Z,179133129427310
"""jaan @ O6Q78KIRx-"" posts a small blind of 0.25",2026-10-07T00:01:34.273Z,179133129427309
"Player stacks: #1 ""Dih @ GO72Iwd2XL"" (90.13) | #2 ""jaan @ O6Q78KIRx-"" (122.97) | #3 ""Heech @ wzsls5Sz57"" (88.27) | #4 ""sack @ boAReb7tW9"" (98.89) | #7 ""Jason @ fYqcH1JWT_"" (24.55) | #8 ""30min30buckfih @ Rd4XHpxbuy"" (61.75) | #9 ""Rayan @ nhXZL_Cydv"" (50.50)",2026-10-07T00:01:34.273Z,179133129427301
"-- starting hand #100 (id: 8agklkwpwcqb)  No Limit Texas Hold'em (dealer: ""Dih @ GO72Iwd2XL"") --",2026-10-07T00:01:34.273Z,179133129427300
"-- ending hand #99 --",2026-10-07T00:01:28.367Z,179133128836702
"""sack @ boAReb7tW9"" collected 8.50 from pot",2026-10-07T00:01:28.367Z,179133128836701
"Uncalled bet of 4.25 returned to ""sack @ boAReb7tW9""",2026-10-07T00:01:28.367Z,179133128836700
"""Heech @ wzsls5Sz57"" folds",2026-10-07T00:01:27.525Z,179133128752500
"""Dih @ GO72Iwd2XL"" folds",2026-10-07T00:01:26.255Z,179133128625500
"""Jason @ fYqcH1JWT_"" folds",2026-10-07T00:01:23.399Z,179133128339900
"""sack @ boAReb7tW9"" bets 4.25",2026-10-07T00:01:20.957Z,179133128095700
"""Heech @ wzsls5Sz57"" checks",2026-10-07T00:01:16.828Z,179133127682800
"""Dih @ GO72Iwd2XL"" checks",2026-10-07T00:01:14.868Z,179133127486800
"Flop:  [9♠, 2♥, Q♣]",2026-10-07T00:01:12.958Z,179133127295800
"""Heech @ wzsls5Sz57"" calls 2.00",2026-10-07T00:01:12.127Z,179133127212700
"""jaan @ O6Q78KIRx-"" folds",2026-10-07T00:01:10.683Z,179133127068300
"""Dih @ GO72Iwd2XL"" calls 2.00",2026-10-07T00:01:09.831Z,179133126983100
"""Rayan @ nhXZL_Cydv"" folds",2026-10-07T00:01:07.364Z,179133126736400
"""30min30buckfih @ Rd4XHpxbuy"" folds",2026-10-07T00:01:06.436Z,179133126643600
"""Jason @ fYqcH1JWT_"" calls 2.00",2026-10-07T00:01:05.514Z,179133126551400
"""sack @ boAReb7tW9"" raises to 2.00",2026-10-07T00:01:03.792Z,179133126379200
"""Heech @ wzsls5Sz57"" calls 0.50",2026-10-07T00:00:58.198Z,179133125819800
"""jaan @ O6Q78KIRx-"" posts a big blind of 0.50",2026-10-07T00:00:55.320Z,179133125532010
"""Dih @ GO72Iwd2XL"" posts a small blind of 0.25",2026-10-07T00:00:55.320Z,179133125532009
"Player stacks: #1 ""Dih @ GO72Iwd2XL"" (92.13) | #2 ""jaan @ O6Q78KIRx-"" (123.47) | #3 ""Heech @ wzsls5Sz57"" (90.27) | #4 ""sack @ boAReb7tW9"" (92.39) | #7 ""Jason @ fYqcH1JWT_"" (26.55) | #8 ""30min30buckfih @ Rd4XHpxbuy"" (61.75) | #9 ""Rayan @ nhXZL_Cydv"" (50.50)",2026-10-07T00:00:55.320Z,179133125532001
"-- starting hand #99 (id: xkxahklt6pog)  No Limit Texas Hold'em (dealer: ""Rayan @ nhXZL_Cydv"") --",2026-10-07T00:00:55.320Z,179133125532000
"""Heech @ wzsls5Sz57"" shows a 4♣, 5♦.",2026-10-07T00:00:51.355Z,179133125135500
"-- ending hand #98 --",2026-10-07T00:00:48.682Z,179133124868202
"""Dih @ GO72Iwd2XL"" collected 14.25 from pot",2026-10-07T00:00:48.682Z,179133124868201
"Uncalled bet of 7.62 returned to ""Dih @ GO72Iwd2XL""",2026-10-07T00:00:48.682Z,179133124868200
"""Jason @ fYqcH1JWT_"" folds",2026-10-07T00:00:47.852Z,179133124785200
"""Dih @ GO72Iwd2XL"" bets 7.62",2026-10-07T00:00:41.054Z,179133124105400
"Flop:  [5♠, 8♥, 10♣]",2026-10-07T00:00:35.458Z,179133123545800
"""Jason @ fYqcH1JWT_"" calls 6.50",2026-10-07T00:00:34.590Z,179133123459000
"""Heech @ wzsls5Sz57"" folds",2026-10-07T00:00:33.104Z,179133123310400
"""jaan @ O6Q78KIRx-"" folds",2026-10-07T00:00:32.221Z,179133123222100
"""Dih @ GO72Iwd2XL"" raises to 6.50",2026-10-07T00:00:30.056Z,179133123005600
"""Rayan @ nhXZL_Cydv"" folds",2026-10-07T00:00:25.039Z,179133122503900
"""30min30buckfih @ Rd4XHpxbuy"" folds",2026-10-07T00:00:24.044Z,179133122404400
"""Jason @ fYqcH1JWT_"" raises to 2.00",2026-10-07T00:00:23.053Z,179133122305300
"""sack @ boAReb7tW9"" folds",2026-10-07T00:00:17.769Z,179133121776900
"""Heech @ wzsls5Sz57"" calls 0.50",2026-10-07T00:00:16.798Z,179133121679800
"""jaan @ O6Q78KIRx-"" calls 0.50",2026-10-07T00:00:13.462Z,179133121346200
"""Dih @ GO72Iwd2XL"" posts a big blind of 0.50",2026-10-07T00:00:12.302Z,179133121230210
"""Rayan @ nhXZL_Cydv"" posts a small blind of 0.25",2026-10-07T00:00:12.302Z,179133121230209
"Player stacks: #1 ""Dih @ GO72Iwd2XL"" (84.38) | #2 ""jaan @ O6Q78KIRx-"" (123.97) | #3 ""Heech @ wzsls5Sz57"" (90.77) | #4 ""sack @ boAReb7tW9"" (92.39) | #7 ""Jason @ fYqcH1JWT_"" (33.05) | #8 ""30min30buckfih @ Rd4XHpxbuy"" (61.75) | #9 ""Rayan @ nhXZL_Cydv"" (50.75)",2026-10-07T00:00:12.302Z,179133121230201
"-- starting hand #98 (id: 8vslrnlpnj62)  No Limit Texas Hold'em (dealer: ""30min30buckfih @ Rd4XHpxbuy"") --",2026-10-07T00:00:12.302Z,179133121230200
"-- ending hand #97 --",2026-10-07T00:00:06.290Z,179133120629002
"""Rayan @ nhXZL_Cydv"" collected 27.50 from pot with Straight, Q High (combination: 8♠, 9♦, 10♦, J♣, Q♣)",2026-10-07T00:00:06.290Z,179133120629001
"""Rayan @ nhXZL_Cydv"" shows a 10♦, J♣.",2026-10-07T00:00:06.290Z,179133120629000
"""30min30buckfih @ Rd4XHpxbuy"" calls 8.75",2026-10-07T00:00:05.475Z,179133120547500
"""Rayan @ nhXZL_Cydv"" raises to 8.75",2026-10-06T23:59:46.630Z,179133118663000
"""30min30buckfih @ Rd4XHpxbuy"" bets 0.50",2026-10-06T23:59:44.384Z,179133118438400
"River: 8♠, 2♣, Q♥, Q♣ [9♦]",2026-10-06T23:59:42.754Z,179133118275400
"""Rayan @ nhXZL_Cydv"" checks",2026-10-06T23:59:41.915Z,179133118191500
"""30min30buckfih @ Rd4XHpxbuy"" checks",2026-10-06T23:59:39.394Z,179133117939400
"Turn: 8♠, 2♣, Q♥ [Q♣]",2026-10-06T23:59:37.491Z,179133117749100
"""30min30buckfih @ Rd4XHpxbuy"" calls 2.00",2026-10-06T23:59:36.582Z,179133117658200
"""jaan @ O6Q78KIRx-"" folds",2026-10-06T23:59:34.593Z,179133117459300
"""Rayan @ nhXZL_Cydv"" bets 2.00",2026-10-06T23:59:33.189Z,179133117318900
"""30min30buckfih @ Rd4XHpxbuy"" checks",2026-10-06T23:59:28.028Z,179133116802800
"Flop:  [8♠, 2♣, Q♥]",2026-10-06T23:59:26.687Z,179133116668700
"""30min30buckfih @ Rd4XHpxbuy"" calls 2.00",2026-10-06T23:59:25.825Z,179133116582500
"""jaan @ O6Q78KIRx-"" calls 2.00",2026-10-06T23:59:24.612Z,179133116461200
"""Rayan @ nhXZL_Cydv"" raises to 2.00",2026-10-06T23:59:23.267Z,179133116326700
"""30min30buckfih @ Rd4XHpxbuy"" calls 0.50",2026-10-06T23:59:20.514Z,179133116051400
"""Jason @ fYqcH1JWT_"" folds",2026-10-06T23:59:19.201Z,179133115920100
"""sack @ boAReb7tW9"" folds",2026-10-06T23:59:18.320Z,179133115832000
"""Heech @ wzsls5Sz57"" folds",2026-10-06T23:59:17.417Z,179133115741700
"""jaan @ O6Q78KIRx-"" calls 0.50",2026-10-06T23:59:14.992Z,179133115499200
"""Dih @ GO72Iwd2XL"" folds",2026-10-06T23:59:13.874Z,179133115387400
"""Rayan @ nhXZL_Cydv"" posts a big blind of 0.50",2026-10-06T23:59:12.279Z,179133115227910
"""30min30buckfih @ Rd4XHpxbuy"" posts a small blind of 0.25",2026-10-06T23:59:12.279Z,179133115227909
"Player stacks: #1 ""Dih @ GO72Iwd2XL"" (84.38) | #2 ""jaan @ O6Q78KIRx-"" (125.97) | #3 ""Heech @ wzsls5Sz57"" (90.77) | #4 ""sack @ boAReb7tW9"" (92.39) | #7 ""Jason @ fYqcH1JWT_"" (33.05) | #8 ""30min30buckfih @ Rd4XHpxbuy"" (74.50) | #9 ""Rayan @ nhXZL_Cydv"" (36.00)",2026-10-06T23:59:12.279Z,179133115227901
"-- starting hand #97 (id: 521kqtcthfyr)  No Limit Texas Hold'em (dealer: ""Jason @ fYqcH1JWT_"") --",2026-10-06T23:59:12.279Z,179133115227900
"-- ending hand #96 --",2026-10-06T23:59:06.274Z,179133114627402
"""jaan @ O6Q78KIRx-"" collected 14.25 from pot",2026-10-06T23:59:06.274Z,179133114627401
"Uncalled bet of 10.68 returned to ""jaan @ O6Q78KIRx-""",2026-10-06T23:59:06.274Z,179133114627400
"""30min30buckfih @ Rd4XHpxbuy"" folds",2026-10-06T23:59:05.462Z,179133114546200
"""jaan @ O6Q78KIRx-"" bets 10.68",2026-10-06T23:58:58.632Z,179133113863200
"""30min30buckfih @ Rd4XHpxbuy"" checks",2026-10-06T23:58:52.932Z,179133113293200
"Turn: 10♠, 4♣, 6♥ [J♦]",2026-10-06T23:58:51.157Z,179133113115700
"""30min30buckfih @ Rd4XHpxbuy"" calls 4.75",2026-10-06T23:58:50.316Z,179133113031600
"""jaan @ O6Q78KIRx-"" bets 4.75",2026-10-06T23:58:46.121Z,179133112612100
"""30min30buckfih @ Rd4XHpxbuy"" checks",2026-10-06T23:58:41.842Z,179133112184200
"Flop:  [10♠, 4♣, 6♥]",2026-10-06T23:58:40.058Z,179133112005800
"""30min30buckfih @ Rd4XHpxbuy"" calls 2.25",2026-10-06T23:58:39.194Z,179133111919400
"""Jason @ fYqcH1JWT_"" folds",2026-10-06T23:58:37.825Z,179133111782500
"""sack @ boAReb7tW9"" folds",2026-10-06T23:58:36.897Z,179133111689700
"""Heech @ wzsls5Sz57"" folds",2026-10-06T23:58:34.642Z,179133111464200
"""jaan @ O6Q78KIRx-"" raises to 2.25",2026-10-06T23:58:29.819Z,179133110981900
"""Dih @ GO72Iwd2XL"" folds",2026-10-06T23:58:24.914Z,179133110491400
"""Rayan @ nhXZL_Cydv"" folds",2026-10-06T23:58:23.995Z,179133110399500
"""30min30buckfih @ Rd4XHpxbuy"" posts a big blind of 0.50",2026-10-06T23:58:21.449Z,179133110144910
"""Jason @ fYqcH1JWT_"" posts a small blind of 0.25",2026-10-06T23:58:21.449Z,179133110144909
"Player stacks: #1 ""Dih @ GO72Iwd2XL"" (84.38) | #2 ""jaan @ O6Q78KIRx-"" (118.72) | #3 ""Heech @ wzsls5Sz57"" (90.77) | #4 ""sack @ boAReb7tW9"" (92.39) | #7 ""Jason @ fYqcH1JWT_"" (33.30) | #8 ""30min30buckfih @ Rd4XHpxbuy"" (81.50) | #9 ""Rayan @ nhXZL_Cydv"" (36.00)",2026-10-06T23:58:21.449Z,179133110144901
"-- starting hand #96 (id: awnsbrenw3ec)  No Limit Texas Hold'em (dealer: ""sack @ boAReb7tW9"") --",2026-10-06T23:58:21.449Z,179133110144900
"""Dih @ GO72Iwd2XL"" shows a Q♥, 3♦.",2026-10-06T23:58:19.837Z,179133109983700
"-- ending hand #95 --",2026-10-06T23:58:17.786Z,179133109778602
"""30min30buckfih @ Rd4XHpxbuy"" collected 20.00 from pot",2026-10-06T23:58:17.786Z,179133109778601
"Uncalled bet of 15.00 returned to ""30min30buckfih @ Rd4XHpxbuy""",2026-10-06T23:58:17.786Z,179133109778600
"""Heech @ wzsls5Sz57"" folds",2026-10-06T23:58:16.922Z,179133109692200
"""30min30buckfih @ Rd4XHpxbuy"" bets 15.00",2026-10-06T23:58:13.024Z,179133109302400
"River: Q♣, 10♥, 8♦, J♠ [3♣]",2026-10-06T23:58:07.357Z,179133108735700
"""Heech @ wzsls5Sz57"" checks",2026-10-06T23:58:06.551Z,179133108655100
"""30min30buckfih @ Rd4XHpxbuy"" checks",2026-10-06T23:58:04.344Z,179133108434400
"Turn: Q♣, 10♥, 8♦ [J♠]",2026-10-06T23:58:03.085Z,179133108308500
"""30min30buckfih @ Rd4XHpxbuy"" calls 6.00",2026-10-06T23:58:02.223Z,179133108222300
"""Jason @ fYqcH1JWT_"" folds",2026-10-06T23:58:01.283Z,179133108128300
"""Heech @ wzsls5Sz57"" bets 6.00",2026-10-06T23:57:58.651Z,179133107865100
"""30min30buckfih @ Rd4XHpxbuy"" checks",2026-10-06T23:57:55.484Z,179133107548400
"""Jason @ fYqcH1JWT_"" checks",2026-10-06T23:57:54.303Z,179133107430300
"Flop:  [Q♣, 10♥, 8♦]",2026-10-06T23:57:52.583Z,179133107258300
"""sack @ boAReb7tW9"" folds",2026-10-06T23:57:51.731Z,179133107173100
"""Heech @ wzsls5Sz57"" calls 2.50",2026-10-06T23:57:50.112Z,179133107011200
"""30min30buckfih @ Rd4XHpxbuy"" calls 2.50",2026-10-06T23:57:48.883Z,179133106888300
"""Jason @ fYqcH1JWT_"" raises to 2.50",2026-10-06T23:57:47.756Z,179133106775600
"""sack @ boAReb7tW9"" calls 0.50",2026-10-06T23:57:44.151Z,179133106415100
"""Heech @ wzsls5Sz57"" calls 0.50",2026-10-06T23:57:43.268Z,179133106326800
"""jaan @ O6Q78KIRx-"" folds",2026-10-06T23:57:36.159Z,179133105615900
"""Dih @ GO72Iwd2XL"" folds",2026-10-06T23:57:35.281Z,179133105528100
"""Rayan @ nhXZL_Cydv"" folds",2026-10-06T23:57:34.300Z,179133105430000
"""30min30buckfih @ Rd4XHpxbuy"" calls 0.50",2026-10-06T23:57:32.264Z,179133105226400
"""Jason @ fYqcH1JWT_"" posts a big blind of 0.50",2026-10-06T23:57:30.451Z,179133105045110
"""sack @ boAReb7tW9"" posts a small blind of 0.25",2026-10-06T23:57:30.451Z,179133105045109
"Player stacks: #1 ""Dih @ GO72Iwd2XL"" (84.38) | #2 ""jaan @ O6Q78KIRx-"" (118.72) | #3 ""Heech @ wzsls5Sz57"" (99.27) | #4 ""sack @ boAReb7tW9"" (92.89) | #7 ""Jason @ fYqcH1JWT_"" (35.80) | #8 ""30min30buckfih @ Rd4XHpxbuy"" (70.00) | #9 ""Rayan @ nhXZL_Cydv"" (36.00)",2026-10-06T23:57:30.451Z,179133105045101
"-- starting hand #95 (id: mdvzcbykyyhm)  No Limit Texas Hold'em (dealer: ""Heech @ wzsls5Sz57"") --",2026-10-06T23:57:30.451Z,179133105045100
"""jaan @ O6Q78KIRx-"" shows a 6♥.",2026-10-06T23:57:29.026Z,179133104902600
"""Dih @ GO72Iwd2XL"" shows a 6♦.",2026-10-06T23:57:26.949Z,179133104694900
"-- ending hand #94 --",2026-10-06T23:57:23.083Z,179133104308302
"""Dih @ GO72Iwd2XL"" collected 2.50 from pot",2026-10-06T23:57:23.083Z,179133104308301
"Uncalled bet of 2.50 returned to ""Dih @ GO72Iwd2XL""",2026-10-06T23:57:23.083Z,179133104308300
"""Rayan @ nhXZL_Cydv"" folds",2026-10-06T23:57:22.198Z,179133104219800
"""sack @ boAReb7tW9"" folds",2026-10-06T23:57:20.957Z,179133104095700
"""Heech @ wzsls5Sz57"" folds",2026-10-06T23:57:19.993Z,179133103999300
"""jaan @ O6Q78KIRx-"" folds",2026-10-06T23:57:17.386Z,179133103738600
"""Dih @ GO72Iwd2XL"" bets 2.50",2026-10-06T23:57:16.006Z,179133103600600
"""Rayan @ nhXZL_Cydv"" checks",2026-10-06T23:57:12.943Z,179133103294300
"""sack @ boAReb7tW9"" checks",2026-10-06T23:57:11.757Z,179133103175700
"""Heech @ wzsls5Sz57"" checks",2026-10-06T23:57:10.831Z,179133103083100
"Turn: 6♠, 10♦, J♦ [A♥]",2026-10-06T23:57:07.361Z,179133102736100
"""jaan @ O6Q78KIRx-"" checks",2026-10-06T23:57:06.553Z,179133102655300
"""Dih @ GO72Iwd2XL"" checks",2026-10-06T23:57:04.424Z,179133102442400
"""Rayan @ nhXZL_Cydv"" checks",2026-10-06T23:57:01.657Z,179133102165700
"""sack @ boAReb7tW9"" checks",2026-10-06T23:57:00.630Z,179133102063000
"""Heech @ wzsls5Sz57"" checks",2026-10-06T23:56:58.317Z,179133101831700
"Flop:  [6♠, 10♦, J♦]",2026-10-06T23:56:55.151Z,179133101515100
"""sack @ boAReb7tW9"" checks",2026-10-06T23:56:54.347Z,179133101434700
"""Heech @ wzsls5Sz57"" calls 0.50",2026-10-06T23:56:50.078Z,179133101007800
"""jaan @ O6Q78KIRx-"" calls 0.50",2026-10-06T23:56:48.734Z,179133100873400
"""Dih @ GO72Iwd2XL"" calls 0.50",2026-10-06T23:56:45.140Z,179133100514000
"""Rayan @ nhXZL_Cydv"" calls 0.50",2026-10-06T23:56:43.676Z,179133100367600
"""30min30buckfih @ Rd4XHpxbuy"" folds",2026-10-06T23:56:42.249Z,179133100224900
"""Jason @ fYqcH1JWT_"" folds",2026-10-06T23:56:41.370Z,179133100137000
"""sack @ boAReb7tW9"" posts a big blind of 0.50",2026-10-06T23:56:39.900Z,179133099990010
"""Heech @ wzsls5Sz57"" posts a small blind of 0.25",2026-10-06T23:56:39.900Z,179133099990009
"Player stacks: #1 ""Dih @ GO72Iwd2XL"" (82.38) | #2 ""jaan @ O6Q78KIRx-"" (119.22) | #3 ""Heech @ wzsls5Sz57"" (99.77) | #4 ""sack @ boAReb7tW9"" (93.39) | #7 ""Jason @ fYqcH1JWT_"" (35.80) | #8 ""30min30buckfih @ Rd4XHpxbuy"" (70.00) | #9 ""Rayan @ nhXZL_Cydv"" (36.50)",2026-10-06T23:56:39.900Z,179133099990001
"-- starting hand #94 (id: 8o68djacefpo)  No Limit Texas Hold'em (dealer: ""jaan @ O6Q78KIRx-"") --",2026-10-06T23:56:39.900Z,179133099990000
"""Jason @ fYqcH1JWT_"" shows a 7♥.",2026-10-06T23:56:36.332Z,179133099633200
"-- ending hand #93 --",2026-10-06T23:56:33.337Z,179133099333703
"""30min30buckfih @ Rd4XHpxbuy"" collected 18.00 from pot with Straight, Q High (combination: 8♣, 9♠, 10♠, J♥, Q♥)",2026-10-06T23:56:33.337Z,179133099333702
"""30min30buckfih @ Rd4XHpxbuy"" shows a J♥, Q♠.",2026-10-06T23:56:33.337Z,179133099333701
"""Heech @ wzsls5Sz57"" shows a Q♣, 4♥.",2026-10-06T23:56:33.337Z,179133099333700
"""30min30buckfih @ Rd4XHpxbuy"" calls 4.50",2026-10-06T23:56:32.513Z,179133099251300
"""Heech @ wzsls5Sz57"" bets 4.50",2026-10-06T23:56:30.133Z,179133099013300
"River: Q♥, 6♠, 8♣, 9♠ [10♠]",2026-10-06T23:56:24.275Z,179133098427500
"""Jason @ fYqcH1JWT_"" folds",2026-10-06T23:56:23.467Z,179133098346700
"""sack @ boAReb7tW9"" folds",2026-10-06T23:56:17.308Z,179133097730800
"""Heech @ wzsls5Sz57"" calls 3.00",2026-10-06T23:56:16.324Z,179133097632400
"""jaan @ O6Q78KIRx-"" folds",2026-10-06T23:56:14.787Z,179133097478700
"""Rayan @ nhXZL_Cydv"" folds",2026-10-06T23:56:12.173Z,179133097217300
"""30min30buckfih @ Rd4XHpxbuy"" bets 3.00",2026-10-06T23:56:11.325Z,179133097132500
"""Jason @ fYqcH1JWT_"" checks",2026-10-06T23:56:08.549Z,179133096854900
"""sack @ boAReb7tW9"" checks",2026-10-06T23:56:07.570Z,179133096757000
"""Heech @ wzsls5Sz57"" checks",2026-10-06T23:56:05.568Z,179133096556800
"""jaan @ O6Q78KIRx-"" checks",2026-10-06T23:56:03.579Z,179133096357900
"Turn: Q♥, 6♠, 8♣ [9♠]",2026-10-06T23:56:00.983Z,179133096098300
"""Rayan @ nhXZL_Cydv"" checks",2026-10-06T23:56:00.158Z,179133096015800
"""30min30buckfih @ Rd4XHpxbuy"" checks",2026-10-06T23:55:56.475Z,179133095647500
"""Jason @ fYqcH1JWT_"" checks",2026-10-06T23:55:53.790Z,179133095379000
"""sack @ boAReb7tW9"" checks",2026-10-06T23:55:52.867Z,179133095286700
"""Heech @ wzsls5Sz57"" checks",2026-10-06T23:55:50.736Z,179133095073600
"""jaan @ O6Q78KIRx-"" checks",2026-10-06T23:55:49.100Z,179133094910000
"Flop:  [Q♥, 6♠, 8♣]",2026-10-06T23:55:47.371Z,179133094737100
"""Heech @ wzsls5Sz57"" checks",2026-10-06T23:55:46.549Z,179133094654900
"""jaan @ O6Q78KIRx-"" calls 0.50",2026-10-06T23:55:45.033Z,179133094503300
"""Dih @ GO72Iwd2XL"" folds",2026-10-06T23:55:42.989Z,179133094298900
"""Rayan @ nhXZL_Cydv"" calls 0.50",2026-10-06T23:55:37.897Z,179133093789700
"""30min30buckfih @ Rd4XHpxbuy"" calls 0.50",2026-10-06T23:55:36.767Z,179133093676700
"""Jason @ fYqcH1JWT_"" calls 0.50",2026-10-06T23:55:35.736Z,179133093573600
"""sack @ boAReb7tW9"" calls 0.50",2026-10-06T23:55:34.051Z,179133093405100
"""Heech @ wzsls5Sz57"" posts a big blind of 0.50",2026-10-06T23:55:31.761Z,179133093176110
"""jaan @ O6Q78KIRx-"" posts a small blind of 0.25",2026-10-06T23:55:31.761Z,179133093176109
"Player stacks: #1 ""Dih @ GO72Iwd2XL"" (82.38) | #2 ""jaan @ O6Q78KIRx-"" (119.72) | #3 ""Heech @ wzsls5Sz57"" (107.77) | #4 ""sack @ boAReb7tW9"" (93.89) | #7 ""Jason @ fYqcH1JWT_"" (36.30) | #8 ""30min30buckfih @ Rd4XHpxbuy"" (60.00) | #9 ""Rayan @ nhXZL_Cydv"" (37.00)",2026-10-06T23:55:31.761Z,179133093176101
"-- starting hand #93 (id: zkrtr4awjrcu)  No Limit Texas Hold'em (dealer: ""Dih @ GO72Iwd2XL"") --",2026-10-06T23:55:31.761Z,179133093176100
"""sack @ boAReb7tW9"" shows a Q♠, Q♣.",2026-10-06T23:55:26.910Z,179133092691000
"-- ending hand #92 --",2026-10-06T23:55:25.155Z,179133092515502
"""sack @ boAReb7tW9"" collected 16.50 from pot",2026-10-06T23:55:25.155Z,179133092515501
"Uncalled bet of 8.25 returned to ""sack @ boAReb7tW9""",2026-10-06T23:55:25.155Z,179133092515500
"""Dih @ GO72Iwd2XL"" folds",2026-10-06T23:55:24.275Z,179133092427500
"""sack @ boAReb7tW9"" bets 8.25",2026-10-06T23:55:19.759Z,179133091975900
"""Dih @ GO72Iwd2XL"" checks",2026-10-06T23:55:13.224Z,179133091322400
"Turn: 6♥, 7♦, A♣ [2♣]",2026-10-06T23:55:10.861Z,179133091086100
"""sack @ boAReb7tW9"" checks",2026-10-06T23:55:09.983Z,179133090998300
"""Dih @ GO72Iwd2XL"" checks",2026-10-06T23:55:06.921Z,179133090692100
"Flop:  [6♥, 7♦, A♣]",2026-10-06T23:55:04.454Z,179133090445400
"""Heech @ wzsls5Sz57"" folds",2026-10-06T23:55:03.542Z,179133090354200
"""Dih @ GO72Iwd2XL"" calls 6.50",2026-10-06T23:55:01.401Z,179133090140100
"""Rayan @ nhXZL_Cydv"" folds",2026-10-06T23:55:00.226Z,179133090022600
"""sack @ boAReb7tW9"" raises to 6.50",2026-10-06T23:54:59.175Z,179133089917500
"""Heech @ wzsls5Sz57"" calls 2.50",2026-10-06T23:54:53.490Z,179133089349000
"""jaan @ O6Q78KIRx-"" folds",2026-10-06T23:54:50.248Z,179133089024800
"""Dih @ GO72Iwd2XL"" raises to 2.50",2026-10-06T23:54:49.300Z,179133088930000
"""Rayan @ nhXZL_Cydv"" calls 0.50",2026-10-06T23:54:41.913Z,179133088191300
"""30min30buckfih @ Rd4XHpxbuy"" folds",2026-10-06T23:54:40.792Z,179133088079200
"""Jason @ fYqcH1JWT_"" folds",2026-10-06T23:54:39.854Z,179133087985400
"""sack @ boAReb7tW9"" calls 0.50",2026-10-06T23:54:38.986Z,179133087898600
"""Heech @ wzsls5Sz57"" calls 0.50",2026-10-06T23:54:36.903Z,179133087690300
"""jaan @ O6Q78KIRx-"" posts a big blind of 0.50",2026-10-06T23:54:35.014Z,179133087501411
"""Dih @ GO72Iwd2XL"" posts a small blind of 0.25",2026-10-06T23:54:35.014Z,179133087501410
"Player stacks: #1 ""Dih @ GO72Iwd2XL"" (88.88) | #2 ""jaan @ O6Q78KIRx-"" (120.22) | #3 ""Heech @ wzsls5Sz57"" (110.27) | #4 ""sack @ boAReb7tW9"" (83.89) | #7 ""Jason @ fYqcH1JWT_"" (36.30) | #8 ""30min30buckfih @ Rd4XHpxbuy"" (60.00) | #9 ""Rayan @ nhXZL_Cydv"" (37.50)",2026-10-06T23:54:35.014Z,179133087501402
"-- starting hand #92 (id: xwpfeh6bxo8t)  No Limit Texas Hold'em (dealer: ""Rayan @ nhXZL_Cydv"") --",2026-10-06T23:54:35.014Z,179133087501401
"The player ""30min30buckfih @ Rd4XHpxbuy"" joined the game with a stack of 60.00.",2026-10-06T23:54:35.014Z,179133087501400
"""Dih @ GO72Iwd2XL"" shows a Q♦.",2026-10-06T23:54:29.885Z,179133086988500
"-- ending hand #91 --",2026-10-06T23:54:28.406Z,179133086840602
"""Dih @ GO72Iwd2XL"" collected 6.50 from pot",2026-10-06T23:54:28.406Z,179133086840601
"Uncalled bet of 4.75 returned to ""Dih @ GO72Iwd2XL""",2026-10-06T23:54:28.406Z,179133086840600
"""Rayan @ nhXZL_Cydv"" folds",2026-10-06T23:54:27.600Z,179133086760000
"""Dih @ GO72Iwd2XL"" bets 4.75",2026-10-06T23:54:25.885Z,179133086588500
"""Rayan @ nhXZL_Cydv"" checks",2026-10-06T23:54:21.916Z,179133086191600
"Flop:  [Q♣, 10♣, 9♦]",2026-10-06T23:54:20.379Z,179133086037900
"""Rayan @ nhXZL_Cydv"" calls 2.50",2026-10-06T23:54:19.567Z,179133085956700
"""Jason @ fYqcH1JWT_"" folds",2026-10-06T23:54:17.093Z,179133085709300
"The admin approved the player ""30min30buckfih @ Rd4XHpxbuy"" participation with a stack of 60.00.",2026-10-06T23:54:17.008Z,179133085700800
"""sack @ boAReb7tW9"" folds",2026-10-06T23:54:16.088Z,179133085608800
"The player ""30min30buckfih @ Rd4XHpxbuy"" requested a seat.",2026-10-06T23:54:15.306Z,179133085530600
"""Heech @ wzsls5Sz57"" folds",2026-10-06T23:54:15.136Z,179133085513600
"""Dih @ GO72Iwd2XL"" raises to 2.50",2026-10-06T23:54:10.757Z,179133085075700
"""Rayan @ nhXZL_Cydv"" calls 0.50",2026-10-06T23:54:07.334Z,179133084733400
"""Jason @ fYqcH1JWT_"" calls 0.50",2026-10-06T23:54:05.817Z,179133084581700
"""sack @ boAReb7tW9"" calls 0.50",2026-10-06T23:54:04.310Z,179133084431000
"""Heech @ wzsls5Sz57"" calls 0.50",2026-10-06T23:54:03.104Z,179133084310400
"""jaan @ O6Q78KIRx-"" folds",2026-10-06T23:53:58.587Z,179133083858700
"""Dih @ GO72Iwd2XL"" posts a big blind of 0.50",2026-10-06T23:53:57.144Z,179133083714410
"""Rayan @ nhXZL_Cydv"" posts a small blind of 0.25",2026-10-06T23:53:57.144Z,179133083714409
"Player stacks: #1 ""Dih @ GO72Iwd2XL"" (84.88) | #2 ""jaan @ O6Q78KIRx-"" (120.22) | #3 ""Heech @ wzsls5Sz57"" (110.77) | #4 ""sack @ boAReb7tW9"" (84.39) | #7 ""Jason @ fYqcH1JWT_"" (36.80) | #9 ""Rayan @ nhXZL_Cydv"" (40.00)",2026-10-06T23:53:57.144Z,179133083714402
"-- starting hand #91 (id: xg5wscwmz8nw)  No Limit Texas Hold'em (dealer: ""Jason @ fYqcH1JWT_"") --",2026-10-06T23:53:57.144Z,179133083714401
"The player ""Rayan @ nhXZL_Cydv"" rebought. New stack 40.00.",2026-10-06T23:53:57.144Z,179133083714400
"Waiting for the game owner to approve or reject pending rebuy requests.",2026-10-06T23:53:54.033Z,179133083403301
"The player ""Rayan @ nhXZL_Cydv"" requested a rebuy of 40.00.",2026-10-06T23:53:54.033Z,179133083403300
"""Jason @ fYqcH1JWT_"" shows a 3♠.",2026-10-06T23:53:52.169Z,179133083216900
"Asking to busted players the rebuy decision.",2026-10-06T23:53:50.981Z,179133083098100
"-- ending hand #90 --",2026-10-06T23:53:44.968Z,179133082496801
"""Dih @ GO72Iwd2XL"" collected 31.51 from pot with Flush, Q High (combination: 3♥, 5♥, 8♥, 10♥, Q♥)",2026-10-06T23:53:44.968Z,179133082496800
"River: Q♠, 10♥, 8♥, 5♥ [Q♥]",2026-10-06T23:53:40.964Z,179133082096400
"Turn: Q♠, 10♥, 8♥ [5♥]",2026-10-06T23:53:36.950Z,179133081695000
"Flop:  [Q♠, 10♥, 8♥]",2026-10-06T23:53:32.946Z,179133081294600
"""Rayan @ nhXZL_Cydv"" shows a A♠, J♠.",2026-10-06T23:53:28.944Z,179133080894401
"""Dih @ GO72Iwd2XL"" shows a 3♥, 3♦.",2026-10-06T23:53:28.944Z,179133080894400
"Some players choose to not run it twice.",2026-10-06T23:53:28.114Z,179133080811401
"""Rayan @ nhXZL_Cydv"" chooses to not run it twice.",2026-10-06T23:53:28.114Z,179133080811400
"Remaining players decide whether to run it twice.",2026-10-06T23:53:27.159Z,179133080715901
"""Dih @ GO72Iwd2XL"" calls 15.63",2026-10-06T23:53:27.159Z,179133080715900
"""Rayan @ nhXZL_Cydv"" raises to 15.63 and go all in",2026-10-06T23:53:25.128Z,179133080512800
"""Jason @ fYqcH1JWT_"" folds",2026-10-06T23:53:20.487Z,179133080048700
"""sack @ boAReb7tW9"" folds",2026-10-06T23:53:19.426Z,179133079942600
"""Heech @ wzsls5Sz57"" folds",2026-10-06T23:53:16.816Z,179133079681600
"""jaan @ O6Q78KIRx-"" folds",2026-10-06T23:53:15.802Z,179133079580200
"""Dih @ GO72Iwd2XL"" raises to 2.00",2026-10-06T23:53:13.942Z,179133079394200
"""Rayan @ nhXZL_Cydv"" posts a big blind of 0.50",2026-10-06T23:53:09.842Z,179133078984212
"""Jason @ fYqcH1JWT_"" posts a small blind of 0.25",2026-10-06T23:53:09.842Z,179133078984211
"Player stacks: #1 ""Dih @ GO72Iwd2XL"" (69.00) | #2 ""jaan @ O6Q78KIRx-"" (120.22) | #3 ""Heech @ wzsls5Sz57"" (110.77) | #4 ""sack @ boAReb7tW9"" (84.39) | #7 ""Jason @ fYqcH1JWT_"" (37.05) | #9 ""Rayan @ nhXZL_Cydv"" (15.63)",2026-10-06T23:53:09.842Z,179133078984204
"-- starting hand #90 (id: wtojnwl1weej)  No Limit Texas Hold'em (dealer: ""sack @ boAReb7tW9"") --",2026-10-06T23:53:09.842Z,179133078984203
"The game's big blind was changed from 0.20 to 0.50.",2026-10-06T23:53:09.842Z,179133078984202
"The game's small blind was changed from 0.10 to 0.25.",2026-10-06T23:53:09.842Z,179133078984201
"Game Config Changes
* Blind Schedule: L1: 10/20 » L1: 25/50
* Restart Blind Schedule at Level: none » 1",2026-10-06T23:53:09.842Z,179133078984200
"""jaan @ O6Q78KIRx-"" shows a 9♥, 6♦.",2026-10-06T23:53:07.548Z,179133078754800
"""Heech @ wzsls5Sz57"" shows a 6♥, 9♠.",2026-10-06T23:53:06.477Z,179133078647700
"-- ending hand #89 --",2026-10-06T23:53:02.534Z,179133078253402
"""Jason @ fYqcH1JWT_"" collected 0.80 from pot",2026-10-06T23:53:02.534Z,179133078253401
"Uncalled bet of 0.80 returned to ""Jason @ fYqcH1JWT_""",2026-10-06T23:53:02.534Z,179133078253400
"""sack @ boAReb7tW9"" folds",2026-10-06T23:53:01.656Z,179133078165600
"""Heech @ wzsls5Sz57"" folds",2026-10-06T23:53:00.663Z,179133078066300
"""jaan @ O6Q78KIRx-"" folds",2026-10-06T23:52:50.844Z,179133077084400
"""Jason @ fYqcH1JWT_"" bets 0.80",2026-10-06T23:52:46.915Z,179133076691500
"""sack @ boAReb7tW9"" checks",2026-10-06T23:52:44.487Z,179133076448700
"Turn: Q♠, 8♠, 5♠ [3♥]",2026-10-06T23:52:42.156Z,179133076215600
"""Heech @ wzsls5Sz57"" checks",2026-10-06T23:52:41.281Z,179133076128100
"""jaan @ O6Q78KIRx-"" checks",2026-10-06T23:51:55.346Z,179133071534600
"""Jason @ fYqcH1JWT_"" checks",2026-10-06T23:51:54.103Z,179133071410300
"""sack @ boAReb7tW9"" checks",2026-10-06T23:51:53.191Z,179133071319100
"Flop:  [Q♠, 8♠, 5♠]",2026-10-06T23:51:51.517Z,179133071151700
"""Jason @ fYqcH1JWT_"" checks",2026-10-06T23:51:50.698Z,179133071069800
"""sack @ boAReb7tW9"" calls 0.20",2026-10-06T23:51:49.740Z,179133070974000
"""Heech @ wzsls5Sz57"" calls 0.20",2026-10-06T23:51:48.648Z,179133070864800
"""jaan @ O6Q78KIRx-"" calls 0.20",2026-10-06T23:51:44.843Z,179133070484300
"""Dih @ GO72Iwd2XL"" folds",2026-10-06T23:51:42.883Z,179133070288300
"""Rayan @ nhXZL_Cydv"" folds",2026-10-06T23:50:42.047Z,179133064204700
"""Jason @ fYqcH1JWT_"" posts a big blind of 0.20",2026-10-06T23:50:31.463Z,179133063146309
"""sack @ boAReb7tW9"" posts a small blind of 0.10",2026-10-06T23:50:31.463Z,179133063146308
"Player stacks: #1 ""Dih @ GO72Iwd2XL"" (69.00) | #2 ""jaan @ O6Q78KIRx-"" (120.42) | #3 ""Heech @ wzsls5Sz57"" (110.97) | #4 ""sack @ boAReb7tW9"" (84.59) | #7 ""Jason @ fYqcH1JWT_"" (36.45) | #9 ""Rayan @ nhXZL_Cydv"" (15.63)",2026-10-06T23:50:31.463Z,179133063146301
"-- starting hand #89 (id: 1jcbkkbbhcef)  No Limit Texas Hold'em (dealer: ""Heech @ wzsls5Sz57"") --",2026-10-06T23:50:31.463Z,179133063146300
"-- ending hand #88 --",2026-10-06T23:50:25.460Z,179133062546002
"""Jason @ fYqcH1JWT_"" collected 4.00 from pot",2026-10-06T23:50:25.460Z,179133062546001
"Uncalled bet of 2.60 returned to ""Jason @ fYqcH1JWT_""",2026-10-06T23:50:25.460Z,179133062546000
"""sack @ boAReb7tW9"" folds",2026-10-06T23:50:24.570Z,179133062457000
"""jaan @ O6Q78KIRx-"" folds",2026-10-06T23:50:23.734Z,179133062373400
"""Jason @ fYqcH1JWT_"" bets 2.60",2026-10-06T23:50:20.029Z,179133062002900
"""sack @ boAReb7tW9"" checks",2026-10-06T23:50:14.356Z,179133061435600
"""Heech @ wzsls5Sz57"" folds",2026-10-06T23:50:11.754Z,179133061175400
"Flop:  [J♣, 7♠, K♠]",2026-10-06T23:50:09.217Z,179133060921700
"""sack @ boAReb7tW9"" calls 1.00",2026-10-06T23:50:08.401Z,179133060840100
"""Heech @ wzsls5Sz57"" calls 1.00",2026-10-06T23:50:07.282Z,179133060728200
"""jaan @ O6Q78KIRx-"" calls 1.00",2026-10-06T23:50:05.440Z,179133060544000
"""Dih @ GO72Iwd2XL"" folds",2026-10-06T23:50:00.266Z,179133060026600
"""Rayan @ nhXZL_Cydv"" folds",2026-10-06T23:49:59.242Z,179133059924200
"""Jason @ fYqcH1JWT_"" raises to 1.00",2026-10-06T23:49:34.769Z,179133057476900
"""sack @ boAReb7tW9"" posts a big blind of 0.20",2026-10-06T23:49:28.339Z,179133056833909
"""Heech @ wzsls5Sz57"" posts a small blind of 0.10",2026-10-06T23:49:28.339Z,179133056833908
"Player stacks: #1 ""Dih @ GO72Iwd2XL"" (69.00) | #2 ""jaan @ O6Q78KIRx-"" (121.42) | #3 ""Heech @ wzsls5Sz57"" (111.97) | #4 ""sack @ boAReb7tW9"" (85.59) | #7 ""Jason @ fYqcH1JWT_"" (33.45) | #9 ""Rayan @ nhXZL_Cydv"" (15.63)",2026-10-06T23:49:28.339Z,179133056833901
"-- starting hand #88 (id: wz6chfnpkzfg)  No Limit Texas Hold'em (dealer: ""jaan @ O6Q78KIRx-"") --",2026-10-06T23:49:28.339Z,179133056833900
"-- ending hand #87 --",2026-10-06T23:49:25.339Z,179133056533901
"""Heech @ wzsls5Sz57"" collected 2.30 from pot",2026-10-06T23:49:25.339Z,179133056533900
"""Dih @ GO72Iwd2XL"" folds",2026-10-06T23:49:24.466Z,179133056446600
"""Heech @ wzsls5Sz57"" checks",2026-10-06T23:49:23.424Z,179133056342400
"River: 2♥, 2♣, Q♠, 5♣ [2♠]",2026-10-06T23:49:22.317Z,179133056231700
"""Dih @ GO72Iwd2XL"" checks",2026-10-06T23:49:21.450Z,179133056145000
"""Heech @ wzsls5Sz57"" checks",2026-10-06T23:49:19.425Z,179133055942500
"Turn: 2♥, 2♣, Q♠ [5♣]",2026-10-06T23:49:18.359Z,179133055835900
"""Dih @ GO72Iwd2XL"" checks",2026-10-06T23:49:17.547Z,179133055754700
"""Heech @ wzsls5Sz57"" checks",2026-10-06T23:49:14.443Z,179133055444300
"Flop:  [2♥, 2♣, Q♠]",2026-10-06T23:49:12.688Z,179133055268800
"""Rayan @ nhXZL_Cydv"" folds",2026-10-06T23:49:11.872Z,179133055187200
"""Heech @ wzsls5Sz57"" calls 1.00",2026-10-06T23:48:57.102Z,179133053710200
"""jaan @ O6Q78KIRx-"" folds",2026-10-06T23:48:54.881Z,179133053488100
"""Dih @ GO72Iwd2XL"" raises to 1.00",2026-10-06T23:48:51.666Z,179133053166600
"""Rayan @ nhXZL_Cydv"" calls 0.20",2026-10-06T23:48:48.515Z,179133052851500
"""Jason @ fYqcH1JWT_"" folds",2026-10-06T23:48:47.267Z,179133052726700
"""sack @ boAReb7tW9"" folds",2026-10-06T23:48:46.437Z,179133052643700
"""Heech @ wzsls5Sz57"" posts a big blind of 0.20",2026-10-06T23:48:45.440Z,179133052544009
"""jaan @ O6Q78KIRx-"" posts a small blind of 0.10",2026-10-06T23:48:45.440Z,179133052544008
"Player stacks: #1 ""Dih @ GO72Iwd2XL"" (70.00) | #2 ""jaan @ O6Q78KIRx-"" (121.52) | #3 ""Heech @ wzsls5Sz57"" (110.67) | #4 ""sack @ boAReb7tW9"" (85.59) | #7 ""Jason @ fYqcH1JWT_"" (33.45) | #9 ""Rayan @ nhXZL_Cydv"" (15.83)",2026-10-06T23:48:45.440Z,179133052544001
"-- starting hand #87 (id: f8pnlcbgedb6)  No Limit Texas Hold'em (dealer: ""Dih @ GO72Iwd2XL"") --",2026-10-06T23:48:45.440Z,179133052544000
"""Jason @ fYqcH1JWT_"" shows a 6♥, 10♣.",2026-10-06T23:48:40.853Z,179133052085300
"""jaan @ O6Q78KIRx-"" shows a 6♦, 10♥.",2026-10-06T23:48:39.962Z,179133051996200
"-- ending hand #86 --",2026-10-06T23:48:38.396Z,179133051839602
"""Heech @ wzsls5Sz57"" collected 17.00 from pot with Three of a Kind, 5's (combination: 10♠, J♠, 5♥, 5♣, 5♠)",2026-10-06T23:48:38.396Z,179133051839601
"""Heech @ wzsls5Sz57"" shows a 5♥, 5♣.",2026-10-06T23:48:38.396Z,179133051839600
"""jaan @ O6Q78KIRx-"" calls 4.00",2026-10-06T23:48:37.590Z,179133051759000
"""Rayan @ nhXZL_Cydv"" folds",2026-10-06T23:48:35.139Z,179133051513900
"""Heech @ wzsls5Sz57"" bets 4.00",2026-10-06T23:48:27.328Z,179133050732800
"""jaan @ O6Q78KIRx-"" checks",2026-10-06T23:48:21.920Z,179133050192000
"River: 5♠, J♠, 10♠, 2♦ [6♣]",2026-10-06T23:48:19.356Z,179133049935600
"""jaan @ O6Q78KIRx-"" calls 1.80",2026-10-06T23:48:18.490Z,179133049849000
"""Rayan @ nhXZL_Cydv"" calls 1.80",2026-10-06T23:48:16.215Z,179133049621500
"""Heech @ wzsls5Sz57"" bets 1.80",2026-10-06T23:48:13.193Z,179133049319300
"""jaan @ O6Q78KIRx-"" checks",2026-10-06T23:48:10.692Z,179133049069200
"Turn: 5♠, J♠, 10♠ [2♦]",2026-10-06T23:48:09.277Z,179133048927700
"""jaan @ O6Q78KIRx-"" calls 0.90",2026-10-06T23:48:08.413Z,179133048841300
"""Rayan @ nhXZL_Cydv"" calls 0.90",2026-10-06T23:48:06.600Z,179133048660000
"""sack @ boAReb7tW9"" folds",2026-10-06T23:48:05.272Z,179133048527200
"""Heech @ wzsls5Sz57"" bets 0.90",2026-10-06T23:48:03.395Z,179133048339500
"""jaan @ O6Q78KIRx-"" checks",2026-10-06T23:47:59.951Z,179133047995100
"Flop:  [5♠, J♠, 10♠]",2026-10-06T23:47:58.162Z,179133047816200
"""jaan @ O6Q78KIRx-"" checks",2026-10-06T23:47:57.251Z,179133047725100
"""Dih @ GO72Iwd2XL"" folds",2026-10-06T23:47:46.872Z,179133046687200
"""Rayan @ nhXZL_Cydv"" calls 0.20",2026-10-06T23:47:43.576Z,179133046357600
"""Jason @ fYqcH1JWT_"" folds",2026-10-06T23:47:42.415Z,179133046241500
"""sack @ boAReb7tW9"" calls 0.20",2026-10-06T23:47:41.575Z,179133046157500
"""Heech @ wzsls5Sz57"" calls 0.20",2026-10-06T23:47:39.637Z,179133045963700
"""jaan @ O6Q78KIRx-"" posts a big blind of 0.20",2026-10-06T23:47:37.558Z,179133045755809
"""Dih @ GO72Iwd2XL"" posts a small blind of 0.10",2026-10-06T23:47:37.558Z,179133045755808
"Player stacks: #1 ""Dih @ GO72Iwd2XL"" (70.10) | #2 ""jaan @ O6Q78KIRx-"" (128.42) | #3 ""Heech @ wzsls5Sz57"" (100.57) | #4 ""sack @ boAReb7tW9"" (85.79) | #7 ""Jason @ fYqcH1JWT_"" (33.45) | #9 ""Rayan @ nhXZL_Cydv"" (18.73)",2026-10-06T23:47:37.558Z,179133045755801
"-- starting hand #86 (id: mf2rkkir3xau)  No Limit Texas Hold'em (dealer: ""Rayan @ nhXZL_Cydv"") --",2026-10-06T23:47:37.558Z,179133045755800
"-- ending hand #85 --",2026-10-06T23:47:31.611Z,179133045161102
"""Heech @ wzsls5Sz57"" collected 5.40 from pot",2026-10-06T23:47:31.611Z,179133045161101
"Uncalled bet of 2.70 returned to ""Heech @ wzsls5Sz57""",2026-10-06T23:47:31.611Z,179133045161100
"""Rayan @ nhXZL_Cydv"" folds",2026-10-06T23:47:30.799Z,179133045079900
"""Heech @ wzsls5Sz57"" bets 2.70",2026-10-06T23:47:29.683Z,179133044968300
"""Rayan @ nhXZL_Cydv"" checks",2026-10-06T23:47:26.845Z,179133044684500
"Turn: 3♠, 6♦, 9♠ [Q♠]",2026-10-06T23:47:25.746Z,179133044574600
"""Rayan @ nhXZL_Cydv"" calls 1.80",2026-10-06T23:47:24.860Z,179133044486000
"""Heech @ wzsls5Sz57"" raises to 1.80",2026-10-06T23:47:20.459Z,179133044045900
"""Rayan @ nhXZL_Cydv"" bets 0.90",2026-10-06T23:47:18.115Z,179133043811500
"Flop:  [3♠, 6♦, 9♠]",2026-10-06T23:47:13.350Z,179133043335000
"""Heech @ wzsls5Sz57"" calls 0.80",2026-10-06T23:47:12.531Z,179133043253100
"""Dih @ GO72Iwd2XL"" folds",2026-10-06T23:47:08.463Z,179133042846300
"""Rayan @ nhXZL_Cydv"" raises to 0.80",2026-10-06T23:47:07.565Z,179133042756500
"""Jason @ fYqcH1JWT_"" folds",2026-10-06T23:47:04.120Z,179133042412000
"""sack @ boAReb7tW9"" folds",2026-10-06T23:47:03.250Z,179133042325000
"""Heech @ wzsls5Sz57"" calls 0.20",2026-10-06T23:47:02.367Z,179133042236700
"""jaan @ O6Q78KIRx-"" folds",2026-10-06T23:46:57.922Z,179133041792200
"""Dih @ GO72Iwd2XL"" posts a big blind of 0.20",2026-10-06T23:46:55.323Z,179133041532310
"""Rayan @ nhXZL_Cydv"" posts a small blind of 0.10",2026-10-06T23:46:55.323Z,179133041532309
"Player stacks: #1 ""Dih @ GO72Iwd2XL"" (70.30) | #2 ""jaan @ O6Q78KIRx-"" (128.42) | #3 ""Heech @ wzsls5Sz57"" (97.77) | #4 ""sack @ boAReb7tW9"" (85.79) | #7 ""Jason @ fYqcH1JWT_"" (33.45) | #9 ""Rayan @ nhXZL_Cydv"" (21.33)",2026-10-06T23:46:55.323Z,179133041532302
"-- starting hand #85 (id: lk2yc2g36rb5)  No Limit Texas Hold'em (dead button) --",2026-10-06T23:46:55.323Z,179133041532301
"The player ""30min30buckfih @ Rd4XHpxbuy"" quits the game with a stack of 0.00.",2026-10-06T23:46:55.323Z,179133041532300
"Asking to busted players the rebuy decision.",2026-10-06T23:46:54.239Z,179133041423900
"""Rayan @ nhXZL_Cydv"" shows a 8♥, 2♠.",2026-10-06T23:46:48.244Z,179133040824400
"""Heech @ wzsls5Sz57"" shows a K♥, 7♥.",2026-10-06T23:46:47.355Z,179133040735500
"""Dih @ GO72Iwd2XL"" shows a J♣, 6♣.",2026-10-06T23:46:47.231Z,179133040723100
"-- ending hand #84 --",2026-10-06T23:46:46.688Z,179133040668801
"""sack @ boAReb7tW9"" collected 43.58 from pot with Pair, 8's (combination: 5♠, 6♦, 10♣, 8♣, 8♠)",2026-10-06T23:46:46.688Z,179133040668800
"River: 5♠, 8♠, 6♦, 4♣ [2♦]",2026-10-06T23:46:42.680Z,179133040268000
"Turn: 5♠, 8♠, 6♦ [4♣]",2026-10-06T23:46:38.602Z,179133039860200
"""30min30buckfih @ Rd4XHpxbuy"" shows a 10♦, Q♦.",2026-10-06T23:46:34.599Z,179133039459901
"""sack @ boAReb7tW9"" shows a 8♣, 10♣.",2026-10-06T23:46:34.599Z,179133039459900
"Some players choose to not run it twice.",2026-10-06T23:46:33.780Z,179133039378001
"""30min30buckfih @ Rd4XHpxbuy"" chooses to not run it twice.",2026-10-06T23:46:33.780Z,179133039378000
"Remaining players decide whether to run it twice.",2026-10-06T23:46:31.703Z,179133039170301
"""sack @ boAReb7tW9"" calls 16.59",2026-10-06T23:46:31.703Z,179133039170300
"""Heech @ wzsls5Sz57"" folds",2026-10-06T23:46:18.022Z,179133037802200
"""jaan @ O6Q78KIRx-"" folds",2026-10-06T23:46:08.236Z,179133036823600
"""Dih @ GO72Iwd2XL"" folds",2026-10-06T23:46:07.289Z,179133036728900
"""30min30buckfih @ Rd4XHpxbuy"" bets 16.59 and go all in",2026-10-06T23:45:40.927Z,179133034092700
"Flop:  [5♠, 8♠, 6♦]",2026-10-06T23:45:37.195Z,179133033719500
"""Jason @ fYqcH1JWT_"" folds",2026-10-06T23:45:36.339Z,179133033633900
"""sack @ boAReb7tW9"" calls 2.00",2026-10-06T23:45:35.470Z,179133033547000
"""Heech @ wzsls5Sz57"" calls 2.00",2026-10-06T23:45:34.494Z,179133033449400
"""jaan @ O6Q78KIRx-"" calls 2.00",2026-10-06T23:45:33.234Z,179133033323400
"""Dih @ GO72Iwd2XL"" calls 2.00",2026-10-06T23:45:16.456Z,179133031645600
"""Rayan @ nhXZL_Cydv"" folds",2026-10-06T23:45:12.867Z,179133031286700
"""30min30buckfih @ Rd4XHpxbuy"" raises to 2.00",2026-10-06T23:45:11.846Z,179133031184600
"""Jason @ fYqcH1JWT_"" calls 0.20",2026-10-06T23:45:08.915Z,179133030891500
"""sack @ boAReb7tW9"" calls 0.20",2026-10-06T23:45:06.785Z,179133030678500
"""Heech @ wzsls5Sz57"" calls 0.20",2026-10-06T23:45:05.837Z,179133030583700
"""jaan @ O6Q78KIRx-"" calls 0.20",2026-10-06T23:45:04.558Z,179133030455800
"""Dih @ GO72Iwd2XL"" calls 0.20",2026-10-06T23:45:02.441Z,179133030244100
"""Rayan @ nhXZL_Cydv"" posts a big blind of 0.20",2026-10-06T23:45:00.317Z,179133030031710
"""30min30buckfih @ Rd4XHpxbuy"" posts a small blind of 0.10",2026-10-06T23:45:00.317Z,179133030031709
"Player stacks: #1 ""Dih @ GO72Iwd2XL"" (72.30) | #2 ""jaan @ O6Q78KIRx-"" (130.42) | #3 ""Heech @ wzsls5Sz57"" (99.77) | #4 ""sack @ boAReb7tW9"" (60.80) | #7 ""Jason @ fYqcH1JWT_"" (33.65) | #8 ""30min30buckfih @ Rd4XHpxbuy"" (18.59) | #9 ""Rayan @ nhXZL_Cydv"" (21.53)",2026-10-06T23:45:00.317Z,179133030031701
"-- starting hand #84 (id: nl7fv5tqpzdl)  No Limit Texas Hold'em (dealer: ""Jason @ fYqcH1JWT_"") --",2026-10-06T23:45:00.317Z,179133030031700
"""Jason @ fYqcH1JWT_"" shows a 4♣.",2026-10-06T23:44:57.569Z,179133029756900
"""30min30buckfih @ Rd4XHpxbuy"" shows a 5♥.",2026-10-06T23:44:56.171Z,179133029617100
"-- ending hand #83 --",2026-10-06T23:44:52.927Z,179133029292702
"""Heech @ wzsls5Sz57"" collected 26.24 from pot",2026-10-06T23:44:52.927Z,179133029292701
"Uncalled bet of 7.87 returned to ""Heech @ wzsls5Sz57""",2026-10-06T23:44:52.927Z,179133029292700
"""jaan @ O6Q78KIRx-"" folds",2026-10-06T23:44:52.102Z,179133029210200
"""Rayan @ nhXZL_Cydv"" folds",2026-10-06T23:44:33.654Z,179133027365400
"""30min30buckfih @ Rd4XHpxbuy"" folds",2026-10-06T23:44:32.729Z,179133027272900
"""Jason @ fYqcH1JWT_"" folds",2026-10-06T23:44:31.827Z,179133027182700
"""Heech @ wzsls5Sz57"" raises to 15.74",2026-10-06T23:44:30.485Z,179133027048500
"""jaan @ O6Q78KIRx-"" bets 7.87",2026-10-06T23:44:28.716Z,179133026871600
"""Rayan @ nhXZL_Cydv"" checks",2026-10-06T23:44:19.970Z,179133025997000
"""30min30buckfih @ Rd4XHpxbuy"" checks",2026-10-06T23:44:18.905Z,179133025890500
"""Jason @ fYqcH1JWT_"" checks",2026-10-06T23:44:18.037Z,179133025803700
"Flop:  [5♣, 4♥, A♦]",2026-10-06T23:44:16.379Z,179133025637900
"""Rayan @ nhXZL_Cydv"" calls 2.10",2026-10-06T23:44:15.520Z,179133025552000
"""30min30buckfih @ Rd4XHpxbuy"" calls 2.10",2026-10-06T23:44:14.523Z,179133025452300
"""Jason @ fYqcH1JWT_"" calls 2.10",2026-10-06T23:44:09.052Z,179133024905200
"""sack @ boAReb7tW9"" folds",2026-10-06T23:44:07.110Z,179133024711000
"""Heech @ wzsls5Sz57"" calls 2.10",2026-10-06T23:44:06.161Z,179133024616100
"""jaan @ O6Q78KIRx-"" raises to 2.10",2026-10-06T23:44:02.961Z,179133024296100
"""Dih @ GO72Iwd2XL"" folds",2026-10-06T23:43:30.918Z,179133021091800
"""Rayan @ nhXZL_Cydv"" raises to 0.60",2026-10-06T23:43:29.978Z,179133020997800
"""30min30buckfih @ Rd4XHpxbuy"" posts a big blind of 0.20",2026-10-06T23:43:25.549Z,179133020554910
"""Jason @ fYqcH1JWT_"" posts a small blind of 0.10",2026-10-06T23:43:25.549Z,179133020554909
"Player stacks: #1 ""Dih @ GO72Iwd2XL"" (72.30) | #2 ""jaan @ O6Q78KIRx-"" (140.39) | #3 ""Heech @ wzsls5Sz57"" (83.50) | #4 ""sack @ boAReb7tW9"" (60.80) | #7 ""Jason @ fYqcH1JWT_"" (35.75) | #8 ""30min30buckfih @ Rd4XHpxbuy"" (20.69) | #9 ""Rayan @ nhXZL_Cydv"" (23.63)",2026-10-06T23:43:25.549Z,179133020554901
"-- starting hand #83 (id: 8pcywbsqqjzn)  No Limit Texas Hold'em (dealer: ""sack @ boAReb7tW9"") --",2026-10-06T23:43:25.549Z,179133020554900
"""Jason @ fYqcH1JWT_"" shows a 2♥, 5♥.",2026-10-06T23:43:21.797Z,179133020179700
"""Rayan @ nhXZL_Cydv"" shows a A♦, K♣.",2026-10-06T23:43:19.433Z,179133019943300
"-- ending hand #82 --",2026-10-06T23:43:18.145Z,179133019814502
"""Rayan @ nhXZL_Cydv"" collected 3.20 from pot",2026-10-06T23:43:18.145Z,179133019814501
"Uncalled bet of 1.60 returned to ""Rayan @ nhXZL_Cydv""",2026-10-06T23:43:18.145Z,179133019814500
"""Jason @ fYqcH1JWT_"" folds",2026-10-06T23:43:17.242Z,179133019724200
"""sack @ boAReb7tW9"" folds",2026-10-06T23:43:16.320Z,179133019632000
"""Heech @ wzsls5Sz57"" folds",2026-10-06T23:43:15.378Z,179133019537800
"""Rayan @ nhXZL_Cydv"" bets 1.60",2026-10-06T23:43:07.271Z,179133018727100
"""Jason @ fYqcH1JWT_"" checks",2026-10-06T23:43:04.858Z,179133018485800
"""sack @ boAReb7tW9"" checks",2026-10-06T23:43:04.022Z,179133018402200
"Turn: Q♣, 4♠, 8♠ [K♠]",2026-10-06T23:43:02.316Z,179133018231600
"""Heech @ wzsls5Sz57"" checks",2026-10-06T23:43:01.456Z,179133018145600
"""Rayan @ nhXZL_Cydv"" checks",2026-10-06T23:42:59.977Z,179133017997700
"""Jason @ fYqcH1JWT_"" checks",2026-10-06T23:42:58.739Z,179133017873900
"""sack @ boAReb7tW9"" checks",2026-10-06T23:42:57.836Z,179133017783600
"Flop:  [Q♣, 4♠, 8♠]",2026-10-06T23:42:56.494Z,179133017649400
"""Jason @ fYqcH1JWT_"" calls 0.80",2026-10-06T23:42:55.667Z,179133017566700
"""sack @ boAReb7tW9"" calls 0.80",2026-10-06T23:42:54.306Z,179133017430600
"""Heech @ wzsls5Sz57"" calls 0.80",2026-10-06T23:42:53.310Z,179133017331000
"""jaan @ O6Q78KIRx-"" folds",2026-10-06T23:42:52.017Z,179133017201700
"""Dih @ GO72Iwd2XL"" folds",2026-10-06T23:42:51.118Z,179133017111800
"""Rayan @ nhXZL_Cydv"" raises to 0.80",2026-10-06T23:42:47.079Z,179133016707900
"""30min30buckfih @ Rd4XHpxbuy"" folds",2026-10-06T23:42:43.913Z,179133016391300
"""Jason @ fYqcH1JWT_"" posts a big blind of 0.20",2026-10-06T23:42:42.899Z,179133016289910
"""sack @ boAReb7tW9"" posts a small blind of 0.10",2026-10-06T23:42:42.899Z,179133016289909
"Player stacks: #1 ""Dih @ GO72Iwd2XL"" (72.30) | #2 ""jaan @ O6Q78KIRx-"" (140.39) | #3 ""Heech @ wzsls5Sz57"" (84.30) | #4 ""sack @ boAReb7tW9"" (61.60) | #7 ""Jason @ fYqcH1JWT_"" (36.55) | #8 ""30min30buckfih @ Rd4XHpxbuy"" (20.69) | #9 ""Rayan @ nhXZL_Cydv"" (21.23)",2026-10-06T23:42:42.899Z,179133016289901
"-- starting hand #82 (id: nzqyqgpgybia)  No Limit Texas Hold'em (dealer: ""Heech @ wzsls5Sz57"") --",2026-10-06T23:42:42.899Z,179133016289900
"""Rayan @ nhXZL_Cydv"" shows a K♦, 10♦.",2026-10-06T23:42:40.194Z,179133016019400
"""sack @ boAReb7tW9"" shows a A♥, 10♥.",2026-10-06T23:42:38.530Z,179133015853000
"""Jason @ fYqcH1JWT_"" shows a 6♣, 2♦.",2026-10-06T23:42:36.583Z,179133015658300
"-- ending hand #81 --",2026-10-06T23:42:34.888Z,179133015488802
"""sack @ boAReb7tW9"" collected 6.70 from pot",2026-10-06T23:42:34.888Z,179133015488801
"Uncalled bet of 5.02 returned to ""sack @ boAReb7tW9""",2026-10-06T23:42:34.888Z,179133015488800
"""Rayan @ nhXZL_Cydv"" folds",2026-10-06T23:42:34.065Z,179133015406500
"""sack @ boAReb7tW9"" bets 5.02",2026-10-06T23:42:30.147Z,179133015014700
"Flop:  [2♥, 6♦, 8♣]",2026-10-06T23:42:23.048Z,179133014304800
"""Heech @ wzsls5Sz57"" folds",2026-10-06T23:42:22.200Z,179133014220000
"""jaan @ O6Q78KIRx-"" folds",2026-10-06T23:42:20.426Z,179133014042600
"""Rayan @ nhXZL_Cydv"" calls 2.50",2026-10-06T23:42:04.973Z,179133012497300
"""sack @ boAReb7tW9"" raises to 2.50",2026-10-06T23:42:02.374Z,179133012237400
"""Heech @ wzsls5Sz57"" calls 0.85",2026-10-06T23:41:58.326Z,179133011832600
"""jaan @ O6Q78KIRx-"" calls 0.85",2026-10-06T23:41:56.214Z,179133011621400
"""Dih @ GO72Iwd2XL"" folds",2026-10-06T23:41:54.836Z,179133011483600
"""Rayan @ nhXZL_Cydv"" raises to 0.85",2026-10-06T23:41:53.880Z,179133011388000
"""30min30buckfih @ Rd4XHpxbuy"" folds",2026-10-06T23:41:49.709Z,179133010970900
"""Jason @ fYqcH1JWT_"" folds",2026-10-06T23:41:48.685Z,179133010868500
"""sack @ boAReb7tW9"" posts a big blind of 0.20",2026-10-06T23:41:46.672Z,179133010667210
"""Heech @ wzsls5Sz57"" posts a small blind of 0.10",2026-10-06T23:41:46.672Z,179133010667209
"Player stacks: #1 ""Dih @ GO72Iwd2XL"" (72.30) | #2 ""jaan @ O6Q78KIRx-"" (141.24) | #3 ""Heech @ wzsls5Sz57"" (85.15) | #4 ""sack @ boAReb7tW9"" (57.40) | #7 ""Jason @ fYqcH1JWT_"" (36.55) | #8 ""30min30buckfih @ Rd4XHpxbuy"" (20.69) | #9 ""Rayan @ nhXZL_Cydv"" (23.73)",2026-10-06T23:41:46.672Z,179133010667201
"-- starting hand #81 (id: zip8xwoh68vr)  No Limit Texas Hold'em (dealer: ""jaan @ O6Q78KIRx-"") --",2026-10-06T23:41:46.672Z,179133010667200
"-- ending hand #80 --",2026-10-06T23:41:40.768Z,179133010076802
"""Rayan @ nhXZL_Cydv"" collected 3.60 from pot",2026-10-06T23:41:40.768Z,179133010076801
"Uncalled bet of 3.60 returned to ""Rayan @ nhXZL_Cydv""",2026-10-06T23:41:40.768Z,179133010076800
"""30min30buckfih @ Rd4XHpxbuy"" folds",2026-10-06T23:41:39.875Z,179133009987500
"""Heech @ wzsls5Sz57"" folds",2026-10-06T23:41:38.872Z,179133009887200
"""Rayan @ nhXZL_Cydv"" bets 3.60",2026-10-06T23:41:32.300Z,179133009230000
"""30min30buckfih @ Rd4XHpxbuy"" checks",2026-10-06T23:41:29.120Z,179133008912000
"""Heech @ wzsls5Sz57"" checks",2026-10-06T23:41:28.023Z,179133008802300
"Turn: 9♠, A♥, 9♥ [6♥]",2026-10-06T23:41:24.763Z,179133008476300
"""sack @ boAReb7tW9"" folds",2026-10-06T23:41:23.883Z,179133008388300
"""Heech @ wzsls5Sz57"" calls 0.90",2026-10-06T23:41:22.886Z,179133008288600
"""Rayan @ nhXZL_Cydv"" calls 0.90",2026-10-06T23:41:21.426Z,179133008142600
"""30min30buckfih @ Rd4XHpxbuy"" bets 0.90",2026-10-06T23:41:15.783Z,179133007578300
"""sack @ boAReb7tW9"" checks",2026-10-06T23:41:12.990Z,179133007299000
"""Heech @ wzsls5Sz57"" checks",2026-10-06T23:41:11.384Z,179133007138400
"Flop:  [9♠, A♥, 9♥]",2026-10-06T23:41:08.804Z,179133006880400
"""Heech @ wzsls5Sz57"" checks",2026-10-06T23:41:07.995Z,179133006799500
"""jaan @ O6Q78KIRx-"" folds",2026-10-06T23:41:06.380Z,179133006638000
"""Dih @ GO72Iwd2XL"" folds",2026-10-06T23:41:05.508Z,179133006550800
"""Rayan @ nhXZL_Cydv"" calls 0.20",2026-10-06T23:41:03.956Z,179133006395600
"""30min30buckfih @ Rd4XHpxbuy"" calls 0.20",2026-10-06T23:40:51.705Z,179133005170500
"""Jason @ fYqcH1JWT_"" folds",2026-10-06T23:40:50.665Z,179133005066500
"""sack @ boAReb7tW9"" calls 0.20",2026-10-06T23:40:47.684Z,179133004768400
"""Heech @ wzsls5Sz57"" posts a big blind of 0.20",2026-10-06T23:40:45.876Z,179133004587610
"""jaan @ O6Q78KIRx-"" posts a small blind of 0.10",2026-10-06T23:40:45.876Z,179133004587609
"Player stacks: #1 ""Dih @ GO72Iwd2XL"" (72.30) | #2 ""jaan @ O6Q78KIRx-"" (141.34) | #3 ""Heech @ wzsls5Sz57"" (86.25) | #4 ""sack @ boAReb7tW9"" (57.60) | #7 ""Jason @ fYqcH1JWT_"" (36.55) | #8 ""30min30buckfih @ Rd4XHpxbuy"" (21.79) | #9 ""Rayan @ nhXZL_Cydv"" (21.23)",2026-10-06T23:40:45.876Z,179133004587601
"-- starting hand #80 (id: q04twt59d29t)  No Limit Texas Hold'em (dealer: ""Dih @ GO72Iwd2XL"") --",2026-10-06T23:40:45.876Z,179133004587600
"""jaan @ O6Q78KIRx-"" shows a 2♣, J♣.",2026-10-06T23:40:44.539Z,179133004453900
"-- ending hand #79 --",2026-10-06T23:40:42.184Z,179133004218402
"""Jason @ fYqcH1JWT_"" collected 14.20 from pot",2026-10-06T23:40:42.184Z,179133004218401
"Uncalled bet of 7.10 returned to ""Jason @ fYqcH1JWT_""",2026-10-06T23:40:42.184Z,179133004218400
"""Rayan @ nhXZL_Cydv"" folds",2026-10-06T23:40:41.356Z,179133004135600
"""Jason @ fYqcH1JWT_"" bets 7.10",2026-10-06T23:40:38.517Z,179133003851700
"River: 8♣, Q♣, K♥, 4♣ [J♥]",2026-10-06T23:40:31.171Z,179133003117100
"""Rayan @ nhXZL_Cydv"" checks",2026-10-06T23:40:30.367Z,179133003036700
"""Jason @ fYqcH1JWT_"" checks",2026-10-06T23:40:23.649Z,179133002364900
"Turn: 8♣, Q♣, K♥ [4♣]",2026-10-06T23:40:20.163Z,179133002016300
"""Jason @ fYqcH1JWT_"" calls 3.35",2026-10-06T23:40:19.353Z,179133001935300
"""sack @ boAReb7tW9"" folds",2026-10-06T23:40:14.504Z,179133001450400
"""Rayan @ nhXZL_Cydv"" bets 3.35",2026-10-06T23:40:03.241Z,179133000324100
"""Jason @ fYqcH1JWT_"" checks",2026-10-06T23:39:59.833Z,179132999983300
"""sack @ boAReb7tW9"" checks",2026-10-06T23:39:58.328Z,179132999832800
"Flop:  [8♣, Q♣, K♥]",2026-10-06T23:39:52.936Z,179132999293600
"""Jason @ fYqcH1JWT_"" calls 2.40",2026-10-06T23:39:52.081Z,179132999208100
"""sack @ boAReb7tW9"" calls 2.40",2026-10-06T23:39:49.531Z,179132998953100
"""jaan @ O6Q78KIRx-"" folds",2026-10-06T23:39:48.247Z,179132998824700
"""Dih @ GO72Iwd2XL"" folds",2026-10-06T23:39:24.526Z,179132996452600
"""Rayan @ nhXZL_Cydv"" raises to 2.40",2026-10-06T23:39:23.640Z,179132996364000
"""30min30buckfih @ Rd4XHpxbuy"" folds",2026-10-06T23:39:18.666Z,179132995866600
"""Jason @ fYqcH1JWT_"" calls 0.80",2026-10-06T23:39:17.686Z,179132995768600
"""sack @ boAReb7tW9"" raises to 0.80",2026-10-06T23:39:16.088Z,179132995608800
"""Heech @ wzsls5Sz57"" folds",2026-10-06T23:39:12.496Z,179132995249600
"""jaan @ O6Q78KIRx-"" posts a big blind of 0.20",2026-10-06T23:39:07.539Z,179132994753910
"""Dih @ GO72Iwd2XL"" posts a small blind of 0.10",2026-10-06T23:39:07.539Z,179132994753909
"Player stacks: #1 ""Dih @ GO72Iwd2XL"" (72.40) | #2 ""jaan @ O6Q78KIRx-"" (141.54) | #3 ""Heech @ wzsls5Sz57"" (86.25) | #4 ""sack @ boAReb7tW9"" (60.00) | #7 ""Jason @ fYqcH1JWT_"" (28.10) | #8 ""30min30buckfih @ Rd4XHpxbuy"" (21.79) | #9 ""Rayan @ nhXZL_Cydv"" (26.98)",2026-10-06T23:39:07.539Z,179132994753901
"-- starting hand #79 (id: dbfjrxja4qhz)  No Limit Texas Hold'em (dealer: ""Rayan @ nhXZL_Cydv"") --",2026-10-06T23:39:07.539Z,179132994753900
"-- ending hand #78 --",2026-10-06T23:39:01.628Z,179132994162802
"""30min30buckfih @ Rd4XHpxbuy"" collected 1.00 from pot",2026-10-06T23:39:01.628Z,179132994162801
"Uncalled bet of 1.00 returned to ""30min30buckfih @ Rd4XHpxbuy""",2026-10-06T23:39:01.628Z,179132994162800
"""Jason @ fYqcH1JWT_"" folds",2026-10-06T23:39:00.727Z,179132994072700
"""Heech @ wzsls5Sz57"" folds",2026-10-06T23:38:59.714Z,179132993971400
"""Dih @ GO72Iwd2XL"" folds",2026-10-06T23:38:41.068Z,179132992106800
"""Rayan @ nhXZL_Cydv"" folds",2026-10-06T23:38:40.184Z,179132992018400
"""30min30buckfih @ Rd4XHpxbuy"" bets 1.00",2026-10-06T23:38:26.122Z,179132990612200
"""Jason @ fYqcH1JWT_"" checks",2026-10-06T23:38:23.319Z,179132990331900
"""Heech @ wzsls5Sz57"" checks",2026-10-06T23:38:22.385Z,179132990238500
"""Dih @ GO72Iwd2XL"" checks",2026-10-06T23:38:21.474Z,179132990147400
"""Rayan @ nhXZL_Cydv"" checks",2026-10-06T23:38:14.870Z,179132989487000
"Turn: K♥, 8♠, 9♦ [5♦]",2026-10-06T23:38:12.868Z,179132989286800
"""30min30buckfih @ Rd4XHpxbuy"" checks",2026-10-06T23:38:12.056Z,179132989205600
"""Jason @ fYqcH1JWT_"" checks",2026-10-06T23:38:06.806Z,179132988680600
"""Heech @ wzsls5Sz57"" checks",2026-10-06T23:38:05.955Z,179132988595500
"""Dih @ GO72Iwd2XL"" checks",2026-10-06T23:38:03.993Z,179132988399300
"""Rayan @ nhXZL_Cydv"" checks",2026-10-06T23:37:56.297Z,179132987629700
"Flop:  [K♥, 8♠, 9♦]",2026-10-06T23:37:54.639Z,179132987463900
"""Dih @ GO72Iwd2XL"" checks",2026-10-06T23:37:53.787Z,179132987378700
"""Rayan @ nhXZL_Cydv"" calls 0.20",2026-10-06T23:37:48.532Z,179132986853200
"""30min30buckfih @ Rd4XHpxbuy"" calls 0.20",2026-10-06T23:37:47.168Z,179132986716800
"""Jason @ fYqcH1JWT_"" calls 0.20",2026-10-06T23:37:46.029Z,179132986602900
"""sack @ boAReb7tW9"" folds",2026-10-06T23:37:45.178Z,179132986517800
"""Heech @ wzsls5Sz57"" calls 0.20",2026-10-06T23:37:44.261Z,179132986426100
"""jaan @ O6Q78KIRx-"" folds",2026-10-06T23:37:41.845Z,179132986184500
"""Dih @ GO72Iwd2XL"" posts a big blind of 0.20",2026-10-06T23:37:40.298Z,179132986029810
"""Rayan @ nhXZL_Cydv"" posts a small blind of 0.10",2026-10-06T23:37:40.298Z,179132986029809
"Player stacks: #1 ""Dih @ GO72Iwd2XL"" (72.60) | #2 ""jaan @ O6Q78KIRx-"" (141.54) | #3 ""Heech @ wzsls5Sz57"" (86.45) | #4 ""sack @ boAReb7tW9"" (60.00) | #7 ""Jason @ fYqcH1JWT_"" (28.30) | #8 ""30min30buckfih @ Rd4XHpxbuy"" (20.99) | #9 ""Rayan @ nhXZL_Cydv"" (27.18)",2026-10-06T23:37:40.298Z,179132986029801
"-- starting hand #78 (id: vq9vq6rsyrjd)  No Limit Texas Hold'em (dealer: ""30min30buckfih @ Rd4XHpxbuy"") --",2026-10-06T23:37:40.298Z,179132986029800
"""sack @ boAReb7tW9"" shows a 10♦, 8♦.",2026-10-06T23:37:37.256Z,179132985725600
"""Rayan @ nhXZL_Cydv"" shows a 4♣, 3♦.",2026-10-06T23:37:36.122Z,179132985612200
"-- ending hand #77 --",2026-10-06T23:37:32.955Z,179132985295502
"""sack @ boAReb7tW9"" collected 4.60 from pot",2026-10-06T23:37:32.955Z,179132985295501
"Uncalled bet of 3.45 returned to ""sack @ boAReb7tW9""",2026-10-06T23:37:32.955Z,179132985295500
"""Heech @ wzsls5Sz57"" folds",2026-10-06T23:37:32.135Z,179132985213500
"""jaan @ O6Q78KIRx-"" folds",2026-10-06T23:37:30.350Z,179132985035000
"""30min30buckfih @ Rd4XHpxbuy"" folds",2026-10-06T23:37:29.251Z,179132984925100
"""sack @ boAReb7tW9"" bets 3.45",2026-10-06T23:37:28.106Z,179132984810600
"""Heech @ wzsls5Sz57"" checks",2026-10-06T23:37:23.751Z,179132984375100
"""jaan @ O6Q78KIRx-"" checks",2026-10-06T23:37:22.837Z,179132984283700
"""30min30buckfih @ Rd4XHpxbuy"" checks",2026-10-06T23:37:14.844Z,179132983484400
"Flop:  [10♣, 4♠, 4♥]",2026-10-06T23:37:11.171Z,179132983117100
"""Rayan @ nhXZL_Cydv"" folds",2026-10-06T23:37:10.367Z,179132983036700
"""30min30buckfih @ Rd4XHpxbuy"" calls 1.10",2026-10-06T23:36:53.769Z,179132981376900
"""Jason @ fYqcH1JWT_"" folds",2026-10-06T23:36:50.887Z,179132981088700
"""sack @ boAReb7tW9"" calls 1.10",2026-10-06T23:36:49.448Z,179132980944800
"""Heech @ wzsls5Sz57"" calls 1.10",2026-10-06T23:36:47.793Z,179132980779300
"""jaan @ O6Q78KIRx-"" raises to 1.10",2026-10-06T23:36:45.767Z,179132980576700
"""Dih @ GO72Iwd2XL"" folds",2026-10-06T23:36:40.604Z,179132980060400
"""Rayan @ nhXZL_Cydv"" posts a big blind of 0.20",2026-10-06T23:36:39.147Z,179132979914710
"""30min30buckfih @ Rd4XHpxbuy"" posts a small blind of 0.10",2026-10-06T23:36:39.147Z,179132979914709
"Player stacks: #1 ""Dih @ GO72Iwd2XL"" (72.60) | #2 ""jaan @ O6Q78KIRx-"" (142.64) | #3 ""Heech @ wzsls5Sz57"" (87.55) | #4 ""sack @ boAReb7tW9"" (56.50) | #7 ""Jason @ fYqcH1JWT_"" (28.30) | #8 ""30min30buckfih @ Rd4XHpxbuy"" (22.09) | #9 ""Rayan @ nhXZL_Cydv"" (27.38)",2026-10-06T23:36:39.147Z,179132979914701
"-- starting hand #77 (id: dmsyvwffc84e)  No Limit Texas Hold'em (dealer: ""Jason @ fYqcH1JWT_"") --",2026-10-06T23:36:39.147Z,179132979914700
"""30min30buckfih @ Rd4XHpxbuy"" shows a Q♣, 4♠.",2026-10-06T23:36:36.111Z,179132979611100
"-- ending hand #76 --",2026-10-06T23:36:32.543Z,179132979254302
"""jaan @ O6Q78KIRx-"" collected 5.50 from pot",2026-10-06T23:36:32.543Z,179132979254301
"Uncalled bet of 4.12 returned to ""jaan @ O6Q78KIRx-""",2026-10-06T23:36:32.543Z,179132979254300
"""Dih @ GO72Iwd2XL"" folds",2026-10-06T23:36:31.687Z,179132979168700
"""Rayan @ nhXZL_Cydv"" folds",2026-10-06T23:36:29.093Z,179132978909300
"""sack @ boAReb7tW9"" folds",2026-10-06T23:36:28.166Z,179132978816600
"""jaan @ O6Q78KIRx-"" bets 4.12",2026-10-06T23:36:21.709Z,179132978170900
"""Dih @ GO72Iwd2XL"" checks",2026-10-06T23:36:11.454Z,179132977145400
"""Rayan @ nhXZL_Cydv"" checks",2026-10-06T23:36:08.610Z,179132976861000
"Turn: 5♠, K♥, 2♠ [5♣]",2026-10-06T23:36:05.756Z,179132976575600
"""sack @ boAReb7tW9"" checks",2026-10-06T23:36:04.889Z,179132976488900
"""jaan @ O6Q78KIRx-"" checks",2026-10-06T23:36:00.721Z,179132976072100
"""Dih @ GO72Iwd2XL"" checks",2026-10-06T23:35:52.521Z,179132975252100
"""Rayan @ nhXZL_Cydv"" checks",2026-10-06T23:35:49.772Z,179132974977200
"Flop:  [5♠, K♥, 2♠]",2026-10-06T23:35:48.184Z,179132974818400
"""Dih @ GO72Iwd2XL"" calls 1.30",2026-10-06T23:35:47.354Z,179132974735400
"""Rayan @ nhXZL_Cydv"" calls 1.30",2026-10-06T23:35:45.069Z,179132974506900
"""30min30buckfih @ Rd4XHpxbuy"" folds",2026-10-06T23:35:43.009Z,179132974300900
"""Jason @ fYqcH1JWT_"" folds",2026-10-06T23:35:42.005Z,179132974200500
"""sack @ boAReb7tW9"" calls 1.30",2026-10-06T23:35:40.994Z,179132974099400
"""Heech @ wzsls5Sz57"" folds",2026-10-06T23:35:39.420Z,179132973942000
"""jaan @ O6Q78KIRx-"" raises to 1.30",2026-10-06T23:35:37.808Z,179132973780800
"""Dih @ GO72Iwd2XL"" calls 0.20",2026-10-06T23:35:34.161Z,179132973416100
"""Rayan @ nhXZL_Cydv"" calls 0.20",2026-10-06T23:35:30.382Z,179132973038200
"""30min30buckfih @ Rd4XHpxbuy"" posts a big blind of 0.20",2026-10-06T23:35:26.759Z,179132972675910
"""Jason @ fYqcH1JWT_"" posts a small blind of 0.10",2026-10-06T23:35:26.759Z,179132972675909
"Player stacks: #1 ""Dih @ GO72Iwd2XL"" (73.90) | #2 ""jaan @ O6Q78KIRx-"" (138.44) | #3 ""Heech @ wzsls5Sz57"" (87.55) | #4 ""sack @ boAReb7tW9"" (57.80) | #7 ""Jason @ fYqcH1JWT_"" (28.40) | #8 ""30min30buckfih @ Rd4XHpxbuy"" (22.29) | #9 ""Rayan @ nhXZL_Cydv"" (28.68)",2026-10-06T23:35:26.759Z,179132972675901
"-- starting hand #76 (id: xhorpfitcids)  No Limit Texas Hold'em (dealer: ""sack @ boAReb7tW9"") --",2026-10-06T23:35:26.759Z,179132972675900
"-- ending hand #75 --",2026-10-06T23:35:20.846Z,179132972084602
"""Dih @ GO72Iwd2XL"" collected 3.50 from pot",2026-10-06T23:35:20.846Z,179132972084601
"Uncalled bet of 3.40 returned to ""Dih @ GO72Iwd2XL""",2026-10-06T23:35:20.846Z,179132972084600
"""Rayan @ nhXZL_Cydv"" folds",2026-10-06T23:35:20.037Z,179132972003700
"""Heech @ wzsls5Sz57"" folds",2026-10-06T23:35:13.901Z,179132971390100
"""jaan @ O6Q78KIRx-"" folds",2026-10-06T23:35:11.261Z,179132971126100
"""Dih @ GO72Iwd2XL"" bets 3.40",2026-10-06T23:35:07.938Z,179132970793800
"""Rayan @ nhXZL_Cydv"" checks",2026-10-06T23:35:02.944Z,179132970294400
"Flop:  [9♦, Q♦, 10♣]",2026-10-06T23:35:01.155Z,179132970115500
"""Rayan @ nhXZL_Cydv"" calls 0.80",2026-10-06T23:35:00.306Z,179132970030600
"""Jason @ fYqcH1JWT_"" folds",2026-10-06T23:34:59.264Z,179132969926400
"""sack @ boAReb7tW9"" folds",2026-10-06T23:34:58.341Z,179132969834100
"""Heech @ wzsls5Sz57"" calls 0.80",2026-10-06T23:34:57.423Z,179132969742300
"""jaan @ O6Q78KIRx-"" calls 0.80",2026-10-06T23:34:33.374Z,179132967337400
"""Dih @ GO72Iwd2XL"" raises to 0.80",2026-10-06T23:34:23.111Z,179132966311100
"""Rayan @ nhXZL_Cydv"" calls 0.20",2026-10-06T23:34:20.711Z,179132966071100
"""30min30buckfih @ Rd4XHpxbuy"" folds",2026-10-06T23:34:19.253Z,179132965925300
"""Jason @ fYqcH1JWT_"" posts a big blind of 0.20",2026-10-06T23:34:14.539Z,179132965453910
"""sack @ boAReb7tW9"" posts a small blind of 0.10",2026-10-06T23:34:14.539Z,179132965453909
"Player stacks: #1 ""Dih @ GO72Iwd2XL"" (71.20) | #2 ""jaan @ O6Q78KIRx-"" (139.24) | #3 ""Heech @ wzsls5Sz57"" (88.35) | #4 ""sack @ boAReb7tW9"" (57.90) | #7 ""Jason @ fYqcH1JWT_"" (28.60) | #8 ""30min30buckfih @ Rd4XHpxbuy"" (22.29) | #9 ""Rayan @ nhXZL_Cydv"" (29.48)",2026-10-06T23:34:14.539Z,179132965453901
"-- starting hand #75 (id: 2rsq9hmcjcbv)  No Limit Texas Hold'em (dealer: ""Heech @ wzsls5Sz57"") --",2026-10-06T23:34:14.539Z,179132965453900
"-- ending hand #74 --",2026-10-06T23:34:08.594Z,179132964859402
"""Dih @ GO72Iwd2XL"" collected 2.20 from pot",2026-10-06T23:34:08.594Z,179132964859401
"Uncalled bet of 2.20 returned to ""Dih @ GO72Iwd2XL""",2026-10-06T23:34:08.594Z,179132964859400
"""Heech @ wzsls5Sz57"" folds",2026-10-06T23:34:07.771Z,179132964777100
"""Dih @ GO72Iwd2XL"" bets 2.20",2026-10-06T23:34:06.910Z,179132964691000
"""Heech @ wzsls5Sz57"" checks",2026-10-06T23:34:03.973Z,179132964397300
"Turn: A♠, 7♥, 9♠ [Q♠]",2026-10-06T23:34:02.842Z,179132964284200
"""Dih @ GO72Iwd2XL"" checks",2026-10-06T23:34:02.028Z,179132964202800
"""Heech @ wzsls5Sz57"" checks",2026-10-06T23:33:56.586Z,179132963658600
"Flop:  [A♠, 7♥, 9♠]",2026-10-06T23:33:53.801Z,179132963380100
"""sack @ boAReb7tW9"" folds",2026-10-06T23:33:52.909Z,179132963290900
"""Heech @ wzsls5Sz57"" calls 1.00",2026-10-06T23:33:52.053Z,179132963205300
"""jaan @ O6Q78KIRx-"" folds",2026-10-06T23:33:49.015Z,179132962901500
"""Dih @ GO72Iwd2XL"" raises to 1.00",2026-10-06T23:33:36.027Z,179132961602700
"""Rayan @ nhXZL_Cydv"" folds",2026-10-06T23:33:32.820Z,179132961282000
"""30min30buckfih @ Rd4XHpxbuy"" folds",2026-10-06T23:33:31.934Z,179132961193400
"""Jason @ fYqcH1JWT_"" folds",2026-10-06T23:33:31.020Z,179132961102000
"""sack @ boAReb7tW9"" posts a big blind of 0.20",2026-10-06T23:33:29.029Z,179132960902912
"""Heech @ wzsls5Sz57"" posts a small blind of 0.10",2026-10-06T23:33:29.029Z,179132960902911
"Player stacks: #1 ""Dih @ GO72Iwd2XL"" (70.00) | #2 ""jaan @ O6Q78KIRx-"" (139.24) | #3 ""Heech @ wzsls5Sz57"" (89.35) | #4 ""sack @ boAReb7tW9"" (58.10) | #7 ""Jason @ fYqcH1JWT_"" (28.60) | #8 ""30min30buckfih @ Rd4XHpxbuy"" (22.29) | #9 ""Rayan @ nhXZL_Cydv"" (29.48)",2026-10-06T23:33:29.029Z,179132960902903
"-- starting hand #74 (id: 6mizu1s1ayoy)  No Limit Texas Hold'em (dealer: ""jaan @ O6Q78KIRx-"") --",2026-10-06T23:33:29.029Z,179132960902902
"The player ""Dih @ GO72Iwd2XL"" rebought. New stack 70.00.",2026-10-06T23:33:29.029Z,179132960902901
"The player ""Dih @ GO72Iwd2XL"" requested a rebuy of 70.00.",2026-10-06T23:33:29.029Z,179132960902900
"Asking to busted players the rebuy decision.",2026-10-06T23:33:27.187Z,179132960718700
"""jaan @ O6Q78KIRx-"" shows a 6♥, K♣.",2026-10-06T23:33:26.565Z,179132960656500
"""Jason @ fYqcH1JWT_"" shows a 8♥, A♦.",2026-10-06T23:33:21.316Z,179132960131600
"-- ending hand #73 --",2026-10-06T23:33:20.183Z,179132960018301
"""Heech @ wzsls5Sz57"" collected 45.06 from pot with Pair, 8's (combination: Q♣, K♦, A♠, 8♣, 8♠)",2026-10-06T23:33:20.183Z,179132960018300
"River: 8♣, A♠, Q♣, 5♣ [8♠]",2026-10-06T23:33:16.180Z,179132959618000
"Turn: 8♣, A♠, Q♣ [5♣]",2026-10-06T23:33:12.117Z,179132959211700
"Flop:  [8♣, A♠, Q♣]",2026-10-06T23:33:08.113Z,179132958811300
"""Heech @ wzsls5Sz57"" shows a K♦, 2♦.",2026-10-06T23:33:04.019Z,179132958401901
"""Dih @ GO72Iwd2XL"" shows a 10♦, J♠.",2026-10-06T23:33:04.019Z,179132958401900
"Some players choose to not run it twice.",2026-10-06T23:33:03.177Z,179132958317701
"""Dih @ GO72Iwd2XL"" chooses to not run it twice.",2026-10-06T23:33:03.177Z,179132958317700
"Remaining players decide whether to run it twice.",2026-10-06T23:33:01.585Z,179132958158501
"""Jason @ fYqcH1JWT_"" folds",2026-10-06T23:33:01.585Z,179132958158500
"""Heech @ wzsls5Sz57"" calls 22.33",2026-10-06T23:32:42.976Z,179132956297600
"""jaan @ O6Q78KIRx-"" folds",2026-10-06T23:32:28.822Z,179132954882200
"""Dih @ GO72Iwd2XL"" raises to 22.33 and go all in",2026-10-06T23:32:19.004Z,179132953900400
"""Rayan @ nhXZL_Cydv"" folds",2026-10-06T23:32:16.080Z,179132953608000
"""30min30buckfih @ Rd4XHpxbuy"" folds",2026-10-06T23:32:14.723Z,179132953472300
"""Jason @ fYqcH1JWT_"" checks",2026-10-06T23:32:13.854Z,179132953385400
"""sack @ boAReb7tW9"" folds",2026-10-06T23:32:12.532Z,179132953253200
"""Jason @ fYqcH1JWT_"" posts a missed big blind of 0.20",2026-10-06T23:32:10.796Z,179132953079613
"""Jason @ fYqcH1JWT_"" posts a missing small blind of 0.10",2026-10-06T23:32:10.796Z,179132953079612
"""Heech @ wzsls5Sz57"" posts a big blind of 0.20",2026-10-06T23:32:10.796Z,179132953079611
"""jaan @ O6Q78KIRx-"" posts a small blind of 0.10",2026-10-06T23:32:10.796Z,179132953079610
"Player stacks: #1 ""Dih @ GO72Iwd2XL"" (22.33) | #2 ""jaan @ O6Q78KIRx-"" (139.34) | #3 ""Heech @ wzsls5Sz57"" (66.62) | #4 ""sack @ boAReb7tW9"" (58.10) | #7 ""Jason @ fYqcH1JWT_"" (28.90) | #8 ""30min30buckfih @ Rd4XHpxbuy"" (22.29) | #9 ""Rayan @ nhXZL_Cydv"" (29.48)",2026-10-06T23:32:10.796Z,179132953079602
"-- starting hand #73 (id: wtmbxjcl99hy)  No Limit Texas Hold'em (dealer: ""Dih @ GO72Iwd2XL"") --",2026-10-06T23:32:10.796Z,179132953079601
"The player ""Jason @ fYqcH1JWT_"" joined the game with a stack of 28.90.",2026-10-06T23:32:10.796Z,179132953079600
"""Dih @ GO72Iwd2XL"" shows a 9♦.",2026-10-06T23:32:08.493Z,179132952849300
"-- ending hand #72 --",2026-10-06T23:32:04.116Z,179132952411602
"""Dih @ GO72Iwd2XL"" collected 1.80 from pot",2026-10-06T23:32:04.116Z,179132952411601
"Uncalled bet of 1.80 returned to ""Dih @ GO72Iwd2XL""",2026-10-06T23:32:04.116Z,179132952411600
"""jaan @ O6Q78KIRx-"" folds",2026-10-06T23:32:03.282Z,179132952328200
"The player ""Jason @ fYqcH1JWT_"" sit back with the stack of 28.90.",2026-10-06T23:31:36.881Z,179132949688100
"""Dih @ GO72Iwd2XL"" bets 1.80",2026-10-06T23:31:34.506Z,179132949450600
"Turn: 5♦, A♦, 3♣ [10♠]",2026-10-06T23:31:31.091Z,179132949109100
"""Heech @ wzsls5Sz57"" folds",2026-10-06T23:31:30.211Z,179132949021100
"""jaan @ O6Q78KIRx-"" calls 0.60",2026-10-06T23:31:26.938Z,179132948693800
"""Dih @ GO72Iwd2XL"" bets 0.60",2026-10-06T23:31:20.505Z,179132948050500
"Flop:  [5♦, A♦, 3♣]",2026-10-06T23:31:15.945Z,179132947594500
"""jaan @ O6Q78KIRx-"" checks",2026-10-06T23:31:15.078Z,179132947507800
"""Dih @ GO72Iwd2XL"" calls 0.20",2026-10-06T23:31:07.663Z,179132946766300
"""Rayan @ nhXZL_Cydv"" folds",2026-10-06T23:31:06.118Z,179132946611800
"""30min30buckfih @ Rd4XHpxbuy"" folds",2026-10-06T23:31:05.194Z,179132946519400
"""sack @ boAReb7tW9"" folds",2026-10-06T23:31:04.311Z,179132946431100
"""Heech @ wzsls5Sz57"" calls 0.20",2026-10-06T23:31:01.280Z,179132946128000
"""jaan @ O6Q78KIRx-"" posts a big blind of 0.20",2026-10-06T23:30:59.496Z,179132945949609
"""Dih @ GO72Iwd2XL"" posts a small blind of 0.10",2026-10-06T23:30:59.496Z,179132945949608
"Player stacks: #1 ""Dih @ GO72Iwd2XL"" (21.33) | #2 ""jaan @ O6Q78KIRx-"" (140.14) | #3 ""Heech @ wzsls5Sz57"" (66.82) | #4 ""sack @ boAReb7tW9"" (58.10) | #8 ""30min30buckfih @ Rd4XHpxbuy"" (22.29) | #9 ""Rayan @ nhXZL_Cydv"" (29.48)",2026-10-06T23:30:59.496Z,179132945949601
"-- starting hand #72 (id: omoldzbajjcy)  No Limit Texas Hold'em (dealer: ""Rayan @ nhXZL_Cydv"") --",2026-10-06T23:30:59.496Z,179132945949600
"""sack @ boAReb7tW9"" shows a J♥, 9♥.",2026-10-06T23:30:57.445Z,179132945744500
"""30min30buckfih @ Rd4XHpxbuy"" shows a K♦.",2026-10-06T23:30:56.648Z,179132945664800
"-- ending hand #71 --",2026-10-06T23:30:55.172Z,179132945517201
"""sack @ boAReb7tW9"" collected 15.20 from pot",2026-10-06T23:30:55.172Z,179132945517200
"""Dih @ GO72Iwd2XL"" folds",2026-10-06T23:30:54.362Z,179132945436200
"River: J♠, Q♣, 7♠, 10♥ [9♣]",2026-10-06T23:30:47.489Z,179132944748900
"""sack @ boAReb7tW9"" calls 0.20",2026-10-06T23:30:46.639Z,179132944663900
"""Dih @ GO72Iwd2XL"" bets 0.20",2026-10-06T23:30:42.524Z,179132944252400
"Turn: J♠, Q♣, 7♠ [10♥]",2026-10-06T23:30:35.563Z,179132943556300
"""sack @ boAReb7tW9"" calls 3.90",2026-10-06T23:30:34.690Z,179132943469000
"""Dih @ GO72Iwd2XL"" bets 3.90",2026-10-06T23:30:26.130Z,179132942613000
"Flop:  [J♠, Q♣, 7♠]",2026-10-06T23:30:21.555Z,179132942155500
"""Rayan @ nhXZL_Cydv"" folds",2026-10-06T23:30:20.684Z,179132942068400
"""sack @ boAReb7tW9"" calls 3.00",2026-10-06T23:30:18.126Z,179132941812600
"""Heech @ wzsls5Sz57"" folds",2026-10-06T23:30:12.559Z,179132941255900
"""Dih @ GO72Iwd2XL"" raises to 3.00",2026-10-06T23:30:10.939Z,179132941093900
"""Rayan @ nhXZL_Cydv"" calls 0.80",2026-10-06T23:30:05.966Z,179132940596600
"""30min30buckfih @ Rd4XHpxbuy"" folds",2026-10-06T23:30:03.925Z,179132940392500
"""sack @ boAReb7tW9"" raises to 0.80",2026-10-06T23:30:02.932Z,179132940293200
"""Heech @ wzsls5Sz57"" calls 0.20",2026-10-06T23:29:58.657Z,179132939865700
"""jaan @ O6Q78KIRx-"" folds",2026-10-06T23:29:56.765Z,179132939676500
"""Dih @ GO72Iwd2XL"" posts a big blind of 0.20",2026-10-06T23:29:53.642Z,179132939364210
"""Rayan @ nhXZL_Cydv"" posts a small blind of 0.10",2026-10-06T23:29:53.642Z,179132939364209
"Player stacks: #1 ""Dih @ GO72Iwd2XL"" (28.43) | #2 ""jaan @ O6Q78KIRx-"" (140.14) | #3 ""Heech @ wzsls5Sz57"" (67.02) | #4 ""sack @ boAReb7tW9"" (50.00) | #8 ""30min30buckfih @ Rd4XHpxbuy"" (22.29) | #9 ""Rayan @ nhXZL_Cydv"" (30.28)",2026-10-06T23:29:53.642Z,179132939364202
"-- starting hand #71 (id: pdzp79rpmzyn)  No Limit Texas Hold'em (dealer: ""30min30buckfih @ Rd4XHpxbuy"") --",2026-10-06T23:29:53.642Z,179132939364201
"The player ""sack @ boAReb7tW9"" joined the game with a stack of 50.00.",2026-10-06T23:29:53.642Z,179132939364200
"""Heech @ wzsls5Sz57"" shows a J♠, 9♦.",2026-10-06T23:29:50.595Z,179132939059500
"""Rayan @ nhXZL_Cydv"" shows a 4♥, J♦.",2026-10-06T23:29:50.149Z,179132939014900
"""Dih @ GO72Iwd2XL"" shows a 4♦, K♥.",2026-10-06T23:29:47.412Z,179132938741200
"-- ending hand #70 --",2026-10-06T23:29:45.590Z,179132938559002
"""Dih @ GO72Iwd2XL"" collected 0.50 from pot",2026-10-06T23:29:45.590Z,179132938559001
"Uncalled bet of 7.93 returned to ""Dih @ GO72Iwd2XL""",2026-10-06T23:29:45.590Z,179132938559000
"""Rayan @ nhXZL_Cydv"" folds",2026-10-06T23:29:44.760Z,179132938476000
"""30min30buckfih @ Rd4XHpxbuy"" folds",2026-10-06T23:29:43.273Z,179132938327300
"""Heech @ wzsls5Sz57"" folds",2026-10-06T23:29:42.303Z,179132938230300
"""jaan @ O6Q78KIRx-"" folds",2026-10-06T23:29:38.258Z,179132937825800
"""Dih @ GO72Iwd2XL"" raises to 8.13",2026-10-06T23:29:36.305Z,179132937630500
"The admin approved the player ""sack @ boAReb7tW9"" participation with a stack of 50.00.",2026-10-06T23:29:31.820Z,179132937182000
"The player ""sack @ boAReb7tW9"" requested a seat.",2026-10-06T23:29:30.232Z,179132937023200
"""Rayan @ nhXZL_Cydv"" posts a big blind of 0.20",2026-10-06T23:29:28.264Z,179132936826408
"""30min30buckfih @ Rd4XHpxbuy"" posts a small blind of 0.10",2026-10-06T23:29:28.264Z,179132936826407
"Player stacks: #1 ""Dih @ GO72Iwd2XL"" (28.13) | #2 ""jaan @ O6Q78KIRx-"" (140.14) | #3 ""Heech @ wzsls5Sz57"" (67.02) | #8 ""30min30buckfih @ Rd4XHpxbuy"" (22.39) | #9 ""Rayan @ nhXZL_Cydv"" (30.48)",2026-10-06T23:29:28.264Z,179132936826401
"-- starting hand #70 (id: zyai2qjpdbh6)  No Limit Texas Hold'em (dealer: ""Heech @ wzsls5Sz57"") --",2026-10-06T23:29:28.264Z,179132936826400
"""Dih @ GO72Iwd2XL"" shows a 2♦.",2026-10-06T23:29:23.162Z,179132936316200
"""Rayan @ nhXZL_Cydv"" shows a 2♣.",2026-10-06T23:29:22.588Z,179132936258800
"-- ending hand #69 --",2026-10-06T23:29:21.254Z,179132936125402
"""Heech @ wzsls5Sz57"" collected 1.40 from pot with Two Pair, 6's & 4's (combination: 9♥, 4♥, 4♣, 6♥, 6♠)",2026-10-06T23:29:21.254Z,179132936125401
"""Heech @ wzsls5Sz57"" shows a 3♠, 4♥.",2026-10-06T23:29:21.254Z,179132936125400
"""Dih @ GO72Iwd2XL"" calls 0.20",2026-10-06T23:29:20.394Z,179132936039400
"""Rayan @ nhXZL_Cydv"" calls 0.20",2026-10-06T23:29:11.389Z,179132935138900
"""30min30buckfih @ Rd4XHpxbuy"" folds",2026-10-06T23:29:05.487Z,179132934548700
"""Heech @ wzsls5Sz57"" bets 0.20",2026-10-06T23:29:04.547Z,179132934454700
"River: 9♥, 2♥, 6♥, 4♣ [6♠]",2026-10-06T23:29:02.209Z,179132934220900
"""Dih @ GO72Iwd2XL"" checks",2026-10-06T23:29:01.383Z,179132934138300
"""Rayan @ nhXZL_Cydv"" checks",2026-10-06T23:29:00.290Z,179132934029000
"""30min30buckfih @ Rd4XHpxbuy"" checks",2026-10-06T23:28:59.104Z,179132933910400
"""Heech @ wzsls5Sz57"" checks",2026-10-06T23:28:58.202Z,179132933820200
"Turn: 9♥, 2♥, 6♥ [4♣]",2026-10-06T23:28:54.720Z,179132933472000
"""Dih @ GO72Iwd2XL"" checks",2026-10-06T23:28:53.887Z,179132933388700
"""Rayan @ nhXZL_Cydv"" checks",2026-10-06T23:28:46.803Z,179132932680300
"""30min30buckfih @ Rd4XHpxbuy"" checks",2026-10-06T23:28:45.931Z,179132932593100
"""Heech @ wzsls5Sz57"" checks",2026-10-06T23:28:45.051Z,179132932505100
"Flop:  [9♥, 2♥, 6♥]",2026-10-06T23:28:41.050Z,179132932105000
"""30min30buckfih @ Rd4XHpxbuy"" checks",2026-10-06T23:28:40.184Z,179132932018400
"""Heech @ wzsls5Sz57"" calls 0.20",2026-10-06T23:28:37.675Z,179132931767500
"""jaan @ O6Q78KIRx-"" folds",2026-10-06T23:28:35.620Z,179132931562000
"""Dih @ GO72Iwd2XL"" calls 0.20",2026-10-06T23:28:34.106Z,179132931410600
"""Rayan @ nhXZL_Cydv"" calls 0.20",2026-10-06T23:28:31.540Z,179132931154000
"""30min30buckfih @ Rd4XHpxbuy"" posts a big blind of 0.20",2026-10-06T23:28:21.666Z,179132930166608
"""Heech @ wzsls5Sz57"" posts a small blind of 0.10",2026-10-06T23:28:21.666Z,179132930166607
"Player stacks: #1 ""Dih @ GO72Iwd2XL"" (28.53) | #2 ""jaan @ O6Q78KIRx-"" (140.14) | #3 ""Heech @ wzsls5Sz57"" (66.02) | #8 ""30min30buckfih @ Rd4XHpxbuy"" (22.59) | #9 ""Rayan @ nhXZL_Cydv"" (30.88)",2026-10-06T23:28:21.666Z,179132930166601
"-- starting hand #69 (id: tlyqmn5l2jpo)  No Limit Texas Hold'em (dealer: ""jaan @ O6Q78KIRx-"") --",2026-10-06T23:28:21.666Z,179132930166600
"-- ending hand #68 --",2026-10-06T23:28:15.756Z,179132929575602
"""jaan @ O6Q78KIRx-"" collected 0.40 from pot",2026-10-06T23:28:15.756Z,179132929575601
"Uncalled bet of 0.40 returned to ""jaan @ O6Q78KIRx-""",2026-10-06T23:28:15.756Z,179132929575600
"""Heech @ wzsls5Sz57"" folds",2026-10-06T23:28:14.906Z,179132929490600
"""jaan @ O6Q78KIRx-"" bets 0.40",2026-10-06T23:28:13.981Z,179132929398100
"Turn: 10♥, 3♦, J♣ [9♠]",2026-10-06T23:28:11.025Z,179132929102500
"""Heech @ wzsls5Sz57"" checks",2026-10-06T23:28:10.193Z,179132929019300
"""jaan @ O6Q78KIRx-"" checks",2026-10-06T23:28:09.279Z,179132928927900
"Flop:  [10♥, 3♦, J♣]",2026-10-06T23:28:07.350Z,179132928735000
"""Heech @ wzsls5Sz57"" checks",2026-10-06T23:28:06.538Z,179132928653800
"""jaan @ O6Q78KIRx-"" calls 0.20",2026-10-06T23:28:04.310Z,179132928431000
"""Dih @ GO72Iwd2XL"" folds",2026-10-06T23:28:01.405Z,179132928140500
"""Rayan @ nhXZL_Cydv"" folds",2026-10-06T23:28:00.369Z,179132928036900
"""30min30buckfih @ Rd4XHpxbuy"" folds",2026-10-06T23:27:59.292Z,179132927929200
"""Heech @ wzsls5Sz57"" posts a big blind of 0.20",2026-10-06T23:27:58.328Z,179132927832809
"""jaan @ O6Q78KIRx-"" posts a small blind of 0.10",2026-10-06T23:27:58.328Z,179132927832808
"Player stacks: #1 ""Dih @ GO72Iwd2XL"" (28.53) | #2 ""jaan @ O6Q78KIRx-"" (139.94) | #3 ""Heech @ wzsls5Sz57"" (66.22) | #8 ""30min30buckfih @ Rd4XHpxbuy"" (22.59) | #9 ""Rayan @ nhXZL_Cydv"" (30.88)",2026-10-06T23:27:58.328Z,179132927832802
"-- starting hand #68 (id: hr2tpxhnw7km)  No Limit Texas Hold'em (dealer: ""Dih @ GO72Iwd2XL"") --",2026-10-06T23:27:58.328Z,179132927832801
"The player ""sack @ boAReb7tW9"" quits the game with a stack of 0.00.",2026-10-06T23:27:58.328Z,179132927832800
"Asking to busted players the rebuy decision.",2026-10-06T23:27:57.176Z,179132927717600
"-- ending hand #67 --",2026-10-06T23:27:51.156Z,179132927115604
"""sack @ boAReb7tW9"" shows a A♣, K♠.",2026-10-06T23:27:51.156Z,179132927115603
"""Heech @ wzsls5Sz57"" collected 21.63 from pot with Straight, J High (combination: 7♠, 8♠, 9♥, 10♣, J♠)",2026-10-06T23:27:51.156Z,179132927115602
"""Heech @ wzsls5Sz57"" shows a 10♣, 8♦.",2026-10-06T23:27:51.156Z,179132927115601
"Uncalled bet of 10.81 returned to ""Heech @ wzsls5Sz57""",2026-10-06T23:27:51.156Z,179132927115600
"""30min30buckfih @ Rd4XHpxbuy"" folds",2026-10-06T23:27:50.311Z,179132927031100
"""Heech @ wzsls5Sz57"" bets 10.81",2026-10-06T23:27:45.197Z,179132926519700
"River: 9♥, K♣, 8♠, J♠ [7♠]",2026-10-06T23:27:40.146Z,179132926014600
"""Heech @ wzsls5Sz57"" calls 3.61",2026-10-06T23:27:39.296Z,179132925929600
"""30min30buckfih @ Rd4XHpxbuy"" calls 3.61",2026-10-06T23:27:31.640Z,179132925164000
"""sack @ boAReb7tW9"" bets 3.61 and go all in",2026-10-06T23:27:13.360Z,179132923336000
"""Heech @ wzsls5Sz57"" checks",2026-10-06T23:27:11.236Z,179132923123600
"Turn: 9♥, K♣, 8♠ [J♠]",2026-10-06T23:27:07.824Z,179132922782400
"""Heech @ wzsls5Sz57"" calls 2.70",2026-10-06T23:27:06.958Z,179132922695800
"""30min30buckfih @ Rd4XHpxbuy"" calls 2.70",2026-10-06T23:27:04.673Z,179132922467300
"""sack @ boAReb7tW9"" bets 2.70",2026-10-06T23:27:01.419Z,179132922141900
"""Heech @ wzsls5Sz57"" checks",2026-10-06T23:26:57.853Z,179132921785300
"Flop:  [9♥, K♣, 8♠]",2026-10-06T23:26:55.798Z,179132921579800
"""Heech @ wzsls5Sz57"" calls 0.80",2026-10-06T23:26:54.985Z,179132921498500
"""jaan @ O6Q78KIRx-"" folds",2026-10-06T23:26:52.499Z,179132921249900
"""Dih @ GO72Iwd2XL"" folds",2026-10-06T23:26:51.610Z,179132921161000
"""Rayan @ nhXZL_Cydv"" folds",2026-10-06T23:26:50.626Z,179132921062600
"""30min30buckfih @ Rd4XHpxbuy"" calls 0.80",2026-10-06T23:26:44.966Z,179132920496600
"""sack @ boAReb7tW9"" raises to 0.80",2026-10-06T23:26:43.394Z,179132920339400
"""Heech @ wzsls5Sz57"" calls 0.20",2026-10-06T23:26:39.962Z,179132919996200
"""jaan @ O6Q78KIRx-"" posts a big blind of 0.20",2026-10-06T23:26:37.982Z,179132919798210
"""Dih @ GO72Iwd2XL"" posts a small blind of 0.10",2026-10-06T23:26:37.982Z,179132919798209
"Player stacks: #1 ""Dih @ GO72Iwd2XL"" (28.63) | #2 ""jaan @ O6Q78KIRx-"" (140.14) | #3 ""Heech @ wzsls5Sz57"" (51.70) | #5 ""sack @ boAReb7tW9"" (7.11) | #8 ""30min30buckfih @ Rd4XHpxbuy"" (29.70) | #9 ""Rayan @ nhXZL_Cydv"" (30.88)",2026-10-06T23:26:37.982Z,179132919798202
"-- starting hand #67 (id: e4u0t8dtpvnq)  No Limit Texas Hold'em (dealer: ""Rayan @ nhXZL_Cydv"") --",2026-10-06T23:26:37.982Z,179132919798201
"The player ""Jason @ fYqcH1JWT_"" stand up with the stack of 28.90.",2026-10-06T23:26:37.982Z,179132919798200
"""Dih @ GO72Iwd2XL"" shows a 9♠.",2026-10-06T23:26:34.575Z,179132919457500
"""Heech @ wzsls5Sz57"" shows a 5♥.",2026-10-06T23:26:31.707Z,179132919170700
"-- ending hand #66 --",2026-10-06T23:26:30.616Z,179132919061602
"""jaan @ O6Q78KIRx-"" collected 14.00 from pot",2026-10-06T23:26:30.616Z,179132919061601
"Uncalled bet of 7.00 returned to ""jaan @ O6Q78KIRx-""",2026-10-06T23:26:30.616Z,179132919061600
"""Dih @ GO72Iwd2XL"" folds",2026-10-06T23:26:29.792Z,179132918979200
"""jaan @ O6Q78KIRx-"" bets 7.00",2026-10-06T23:26:26.061Z,179132918606100
"""Dih @ GO72Iwd2XL"" checks",2026-10-06T23:26:15.650Z,179132917565000
"Turn: 6♥, 9♣, 5♠ [5♦]",2026-10-06T23:26:12.800Z,179132917280000
"""Dih @ GO72Iwd2XL"" calls 4.20",2026-10-06T23:26:11.922Z,179132917192200
"""Jason @ fYqcH1JWT_"" folds",2026-10-06T23:25:51.982Z,179132915198200
"""sack @ boAReb7tW9"" folds",2026-10-06T23:25:50.856Z,179132915085600
"""Heech @ wzsls5Sz57"" folds",2026-10-06T23:25:46.988Z,179132914698800
"""jaan @ O6Q78KIRx-"" bets 4.20",2026-10-06T23:25:45.706Z,179132914570600
"""Dih @ GO72Iwd2XL"" checks",2026-10-06T23:25:36.778Z,179132913677800
"Flop:  [6♥, 9♣, 5♠]",2026-10-06T23:25:34.881Z,179132913488100
"""Dih @ GO72Iwd2XL"" calls 1.10",2026-10-06T23:25:34.065Z,179132913406500
"""Rayan @ nhXZL_Cydv"" folds",2026-10-06T23:25:31.600Z,179132913160000
"""30min30buckfih @ Rd4XHpxbuy"" folds",2026-10-06T23:25:30.751Z,179132913075100
"""Jason @ fYqcH1JWT_"" calls 1.10",2026-10-06T23:25:29.835Z,179132912983500
"""sack @ boAReb7tW9"" calls 1.10",2026-10-06T23:25:26.932Z,179132912693200
"""Heech @ wzsls5Sz57"" calls 1.10",2026-10-06T23:25:17.781Z,179132911778100
"""jaan @ O6Q78KIRx-"" raises to 1.10",2026-10-06T23:25:09.948Z,179132910994800
"""Dih @ GO72Iwd2XL"" posts a big blind of 0.20",2026-10-06T23:25:05.439Z,179132910543911
"""Rayan @ nhXZL_Cydv"" posts a small blind of 0.10",2026-10-06T23:25:05.439Z,179132910543910
"Player stacks: #1 ""Dih @ GO72Iwd2XL"" (33.93) | #2 ""jaan @ O6Q78KIRx-"" (131.44) | #3 ""Heech @ wzsls5Sz57"" (52.80) | #5 ""sack @ boAReb7tW9"" (8.21) | #7 ""Jason @ fYqcH1JWT_"" (30.00) | #8 ""30min30buckfih @ Rd4XHpxbuy"" (29.70) | #9 ""Rayan @ nhXZL_Cydv"" (30.98)",2026-10-06T23:25:05.439Z,179132910543902
"-- starting hand #66 (id: dvfnsbx5ygsy)  No Limit Texas Hold'em (dealer: ""30min30buckfih @ Rd4XHpxbuy"") --",2026-10-06T23:25:05.439Z,179132910543901
"The player ""Jason @ fYqcH1JWT_"" joined the game with a stack of 30.00.",2026-10-06T23:25:05.439Z,179132910543900
"""30min30buckfih @ Rd4XHpxbuy"" shows a 5♥, 9♥.",2026-10-06T23:25:01.164Z,179132910116400
"-- ending hand #65 --",2026-10-06T23:24:58.781Z,179132909878102
"""sack @ boAReb7tW9"" collected 2.70 from pot",2026-10-06T23:24:58.781Z,179132909878101
"Uncalled bet of 5.51 returned to ""sack @ boAReb7tW9""",2026-10-06T23:24:58.781Z,179132909878100
"""Heech @ wzsls5Sz57"" folds",2026-10-06T23:24:57.977Z,179132909797700
"""Dih @ GO72Iwd2XL"" folds",2026-10-06T23:24:56.315Z,179132909631500
"""Rayan @ nhXZL_Cydv"" folds",2026-10-06T23:24:50.590Z,179132909059000
"""30min30buckfih @ Rd4XHpxbuy"" folds",2026-10-06T23:24:44.036Z,179132908403600
"""sack @ boAReb7tW9"" raises to 6.31 and go all in",2026-10-06T23:24:41.737Z,179132908173700
"""Heech @ wzsls5Sz57"" calls 0.80",2026-10-06T23:24:38.859Z,179132907885900
"""jaan @ O6Q78KIRx-"" folds",2026-10-06T23:24:36.889Z,179132907688900
"""Dih @ GO72Iwd2XL"" raises to 0.80",2026-10-06T23:24:33.002Z,179132907300200
"""Rayan @ nhXZL_Cydv"" posts a big blind of 0.20",2026-10-06T23:24:29.804Z,179132906980409
"""30min30buckfih @ Rd4XHpxbuy"" posts a small blind of 0.10",2026-10-06T23:24:29.804Z,179132906980408
"Player stacks: #1 ""Dih @ GO72Iwd2XL"" (34.73) | #2 ""jaan @ O6Q78KIRx-"" (131.44) | #3 ""Heech @ wzsls5Sz57"" (53.60) | #5 ""sack @ boAReb7tW9"" (6.31) | #8 ""30min30buckfih @ Rd4XHpxbuy"" (29.80) | #9 ""Rayan @ nhXZL_Cydv"" (31.18)",2026-10-06T23:24:29.804Z,179132906980401
"-- starting hand #65 (id: b054pznwh30q)  No Limit Texas Hold'em (dealer: ""sack @ boAReb7tW9"") --",2026-10-06T23:24:29.804Z,179132906980400
"-- ending hand #64 --",2026-10-06T23:24:23.702Z,179132906370203
"""jaan @ O6Q78KIRx-"" collected 2.80 from pot with Pair, K's (combination: 9♦, J♦, Q♥, K♠, K♦)",2026-10-06T23:24:23.702Z,179132906370202
"""jaan @ O6Q78KIRx-"" shows a 9♦, K♠.",2026-10-06T23:24:23.702Z,179132906370201
"""sack @ boAReb7tW9"" shows a 5♣, K♥.",2026-10-06T23:24:23.702Z,179132906370200
"""jaan @ O6Q78KIRx-"" checks",2026-10-06T23:24:22.888Z,179132906288800
"""sack @ boAReb7tW9"" checks",2026-10-06T23:24:16.959Z,179132905695900
"River: K♦, 8♦, Q♥, 3♣ [J♦]",2026-10-06T23:24:14.795Z,179132905479500
"""jaan @ O6Q78KIRx-"" checks",2026-10-06T23:24:13.907Z,179132905390700
"""sack @ boAReb7tW9"" checks",2026-10-06T23:24:08.619Z,179132904861900
"Turn: K♦, 8♦, Q♥ [3♣]",2026-10-06T23:24:02.050Z,179132904205000
"""Heech @ wzsls5Sz57"" folds",2026-10-06T23:24:01.104Z,179132904110400
"""jaan @ O6Q78KIRx-"" calls 1.00",2026-10-06T23:23:56.452Z,179132903645200
"The admin approved the player ""Jason @ fYqcH1JWT_"" participation with a stack of 30.00.",2026-10-06T23:23:53.676Z,179132903367600
"""30min30buckfih @ Rd4XHpxbuy"" folds",2026-10-06T23:23:52.753Z,179132903275300
"The player ""Jason @ fYqcH1JWT_"" requested a seat.",2026-10-06T23:23:52.125Z,179132903212500
"""sack @ boAReb7tW9"" bets 1.00",2026-10-06T23:23:51.846Z,179132903184600
"Flop:  [K♦, 8♦, Q♥]",2026-10-06T23:23:47.153Z,179132902715300
"""30min30buckfih @ Rd4XHpxbuy"" checks",2026-10-06T23:23:46.321Z,179132902632100
"""sack @ boAReb7tW9"" calls 0.20",2026-10-06T23:23:45.076Z,179132902507600
"""Heech @ wzsls5Sz57"" calls 0.20",2026-10-06T23:23:43.849Z,179132902384900
"""jaan @ O6Q78KIRx-"" calls 0.20",2026-10-06T23:23:41.311Z,179132902131100
"""Dih @ GO72Iwd2XL"" folds",2026-10-06T23:23:38.548Z,179132901854800
"""Rayan @ nhXZL_Cydv"" folds",2026-10-06T23:23:24.955Z,179132900495500
"""30min30buckfih @ Rd4XHpxbuy"" posts a big blind of 0.20",2026-10-06T23:23:23.556Z,179132900355610
"""sack @ boAReb7tW9"" posts a small blind of 0.10",2026-10-06T23:23:23.556Z,179132900355609
"Player stacks: #1 ""Dih @ GO72Iwd2XL"" (34.73) | #2 ""jaan @ O6Q78KIRx-"" (129.84) | #3 ""Heech @ wzsls5Sz57"" (53.80) | #5 ""sack @ boAReb7tW9"" (7.51) | #8 ""30min30buckfih @ Rd4XHpxbuy"" (30.00) | #9 ""Rayan @ nhXZL_Cydv"" (31.18)",2026-10-06T23:23:23.556Z,179132900355602
"-- starting hand #64 (id: j0f2xwnszbjj)  No Limit Texas Hold'em (dealer: ""Heech @ wzsls5Sz57"") --",2026-10-06T23:23:23.556Z,179132900355601
"The player ""30min30buckfih @ Rd4XHpxbuy"" joined the game with a stack of 30.00.",2026-10-06T23:23:23.556Z,179132900355600
"-- ending hand #63 --",2026-10-06T23:23:17.551Z,179132899755101
"""Rayan @ nhXZL_Cydv"" collected 31.18 from pot with Pair, A's (combination: 8♠, 10♥, K♣, A♥, A♦)",2026-10-06T23:23:17.551Z,179132899755100
"River: A♦, 8♠, 6♣, K♣ [5♦]",2026-10-06T23:23:13.548Z,179132899354800
"Turn: A♦, 8♠, 6♣ [K♣]",2026-10-06T23:23:09.523Z,179132898952300
"The admin approved the player ""30min30buckfih @ Rd4XHpxbuy"" participation with a stack of 30.00.",2026-10-06T23:23:06.267Z,179132898626700
"Flop:  [A♦, 8♠, 6♣]",2026-10-06T23:23:05.440Z,179132898544000
"The player ""30min30buckfih @ Rd4XHpxbuy"" requested a seat.",2026-10-06T23:23:04.806Z,179132898480600
"""Rayan @ nhXZL_Cydv"" shows a 10♥.",2026-10-06T23:23:01.411Z,179132898141102
"""Dih @ GO72Iwd2XL"" shows a J♣, J♥.",2026-10-06T23:23:01.411Z,179132898141101
"Uncalled bet of 34.73 returned to ""Dih @ GO72Iwd2XL""",2026-10-06T23:23:01.411Z,179132898141100
"""Rayan @ nhXZL_Cydv"" shows a A♥.",2026-10-06T23:23:00.928Z,179132898092800
"Some players choose to not run it twice.",2026-10-06T23:23:00.598Z,179132898059801
"""Dih @ GO72Iwd2XL"" chooses to not run it twice.",2026-10-06T23:23:00.598Z,179132898059800
"Remaining players decide whether to run it twice.",2026-10-06T23:22:59.848Z,179132897984801
"""jaan @ O6Q78KIRx-"" folds",2026-10-06T23:22:59.848Z,179132897984800
"""Dih @ GO72Iwd2XL"" raises to 49.37 and go all in",2026-10-06T23:22:57.842Z,179132897784200
"""Rayan @ nhXZL_Cydv"" raises to 14.64 and go all in",2026-10-06T23:22:52.413Z,179132897241300
"""sack @ boAReb7tW9"" folds",2026-10-06T23:22:44.698Z,179132896469800
"""Heech @ wzsls5Sz57"" folds",2026-10-06T23:22:32.300Z,179132895230000
"""jaan @ O6Q78KIRx-"" calls 1.60",2026-10-06T23:22:19.995Z,179132893999500
"""Dih @ GO72Iwd2XL"" raises to 1.60",2026-10-06T23:22:16.532Z,179132893653200
"""Rayan @ nhXZL_Cydv"" raises to 0.60",2026-10-06T23:22:09.133Z,179132892913300
"""sack @ boAReb7tW9"" posts a big blind of 0.20",2026-10-06T23:22:06.884Z,179132892688408
"""Heech @ wzsls5Sz57"" posts a small blind of 0.10",2026-10-06T23:22:06.884Z,179132892688407
"Player stacks: #1 ""Dih @ GO72Iwd2XL"" (49.37) | #2 ""jaan @ O6Q78KIRx-"" (131.44) | #3 ""Heech @ wzsls5Sz57"" (53.90) | #5 ""sack @ boAReb7tW9"" (7.71) | #9 ""Rayan @ nhXZL_Cydv"" (14.64)",2026-10-06T23:22:06.884Z,179132892688401
"-- starting hand #63 (id: iusczbmttt8o)  No Limit Texas Hold'em (dealer: ""jaan @ O6Q78KIRx-"") --",2026-10-06T23:22:06.884Z,179132892688400
"-- ending hand #62 --",2026-10-06T23:22:03.948Z,179132892394802
"""Heech @ wzsls5Sz57"" collected 16.49 from pot",2026-10-06T23:22:03.948Z,179132892394801
"Uncalled bet of 0.20 returned to ""Heech @ wzsls5Sz57""",2026-10-06T23:22:03.948Z,179132892394800
"""sack @ boAReb7tW9"" folds",2026-10-06T23:22:03.117Z,179132892311700
"""Heech @ wzsls5Sz57"" bets 0.20",2026-10-06T23:21:57.326Z,179132891732600
"River: 8♠, 7♦, A♥, 10♥ [10♦]",2026-10-06T23:21:42.853Z,179132890285300
"""Heech @ wzsls5Sz57"" calls 4.12",2026-10-06T23:21:42.004Z,179132890200400
"""Dih @ GO72Iwd2XL"" folds",2026-10-06T23:21:38.858Z,179132889885800
"""sack @ boAReb7tW9"" bets 4.12",2026-10-06T23:21:36.575Z,179132889657500
"""Heech @ wzsls5Sz57"" checks",2026-10-06T23:21:32.813Z,179132889281300
"Turn: 8♠, 7♦, A♥ [10♥]",2026-10-06T23:21:27.047Z,179132888704700
"""Dih @ GO72Iwd2XL"" calls 1.65",2026-10-06T23:21:26.242Z,179132888624200
"""Rayan @ nhXZL_Cydv"" folds",2026-10-06T23:21:25.281Z,179132888528100
"""sack @ boAReb7tW9"" calls 1.65",2026-10-06T23:21:24.162Z,179132888416200
"""Heech @ wzsls5Sz57"" bets 1.65",2026-10-06T23:21:19.653Z,179132887965300
"Flop:  [8♠, 7♦, A♥]",2026-10-06T23:21:13.895Z,179132887389500
"""Heech @ wzsls5Sz57"" calls 0.80",2026-10-06T23:21:13.086Z,179132887308600
"""jaan @ O6Q78KIRx-"" folds",2026-10-06T23:21:09.814Z,179132886981400
"""Dih @ GO72Iwd2XL"" calls 0.80",2026-10-06T23:20:57.932Z,179132885793200
"""Rayan @ nhXZL_Cydv"" calls 0.80",2026-10-06T23:20:56.903Z,179132885690300
"""sack @ boAReb7tW9"" raises to 0.80",2026-10-06T23:20:55.541Z,179132885554100
"""Heech @ wzsls5Sz57"" posts a big blind of 0.20",2026-10-06T23:20:51.867Z,179132885186708
"""jaan @ O6Q78KIRx-"" posts a small blind of 0.10",2026-10-06T23:20:51.867Z,179132885186707
"Player stacks: #1 ""Dih @ GO72Iwd2XL"" (51.82) | #2 ""jaan @ O6Q78KIRx-"" (131.54) | #3 ""Heech @ wzsls5Sz57"" (43.98) | #5 ""sack @ boAReb7tW9"" (14.28) | #9 ""Rayan @ nhXZL_Cydv"" (15.44)",2026-10-06T23:20:51.867Z,179132885186701
"-- starting hand #62 (id: sjfxgpppj2vu)  No Limit Texas Hold'em (dealer: ""Dih @ GO72Iwd2XL"") --",2026-10-06T23:20:51.867Z,179132885186700
"-- ending hand #61 --",2026-10-06T23:20:48.913Z,179132884891302
"""Heech @ wzsls5Sz57"" collected 11.00 from pot",2026-10-06T23:20:48.913Z,179132884891301
"Uncalled bet of 8.25 returned to ""Heech @ wzsls5Sz57""",2026-10-06T23:20:48.913Z,179132884891300
"""Dih @ GO72Iwd2XL"" folds",2026-10-06T23:20:48.094Z,179132884809400
"""Heech @ wzsls5Sz57"" bets 8.25",2026-10-06T23:20:35.876Z,179132883587600
"""Dih @ GO72Iwd2XL"" checks",2026-10-06T23:20:29.608Z,179132882960800
"River: 8♦, 4♥, K♦, 4♣ [K♠]",2026-10-06T23:20:26.692Z,179132882669200
"""Dih @ GO72Iwd2XL"" calls 2.75",2026-10-06T23:20:25.884Z,179132882588400
"""Heech @ wzsls5Sz57"" bets 2.75",2026-10-06T23:20:22.588Z,179132882258800
"""Dih @ GO72Iwd2XL"" checks",2026-10-06T23:20:18.711Z,179132881871100
"Turn: 8♦, 4♥, K♦ [4♣]",2026-10-06T23:20:15.037Z,179132881503700
"""Heech @ wzsls5Sz57"" calls 1.65",2026-10-06T23:20:14.204Z,179132881420400
"""Dih @ GO72Iwd2XL"" bets 1.65",2026-10-06T23:20:11.970Z,179132881197000
"Flop:  [8♦, 4♥, K♦]",2026-10-06T23:20:06.873Z,179132880687300
"""Heech @ wzsls5Sz57"" calls 1.00",2026-10-06T23:20:06.045Z,179132880604500
"""jaan @ O6Q78KIRx-"" folds",2026-10-06T23:20:05.073Z,179132880507300
"""Dih @ GO72Iwd2XL"" raises to 1.00",2026-10-06T23:19:47.984Z,179132878798400
"""Rayan @ nhXZL_Cydv"" folds",2026-10-06T23:19:43.609Z,179132878360900
"""sack @ boAReb7tW9"" folds",2026-10-06T23:19:42.745Z,179132878274500
"""Heech @ wzsls5Sz57"" calls 0.20",2026-10-06T23:19:39.082Z,179132877908200
"""jaan @ O6Q78KIRx-"" posts a big blind of 0.20",2026-10-06T23:19:35.968Z,179132877596808
"""Dih @ GO72Iwd2XL"" posts a small blind of 0.10",2026-10-06T23:19:35.968Z,179132877596807
"Player stacks: #1 ""Dih @ GO72Iwd2XL"" (57.22) | #2 ""jaan @ O6Q78KIRx-"" (131.74) | #3 ""Heech @ wzsls5Sz57"" (38.38) | #5 ""sack @ boAReb7tW9"" (14.28) | #9 ""Rayan @ nhXZL_Cydv"" (15.44)",2026-10-06T23:19:35.968Z,179132877596801
"-- starting hand #61 (id: 234yvvukzwf6)  No Limit Texas Hold'em (dealer: ""Rayan @ nhXZL_Cydv"") --",2026-10-06T23:19:35.968Z,179132877596800
"-- ending hand #60 --",2026-10-06T23:19:30.056Z,179132877005602
"""jaan @ O6Q78KIRx-"" collected 2.00 from pot",2026-10-06T23:19:30.056Z,179132877005601
"Uncalled bet of 1.50 returned to ""jaan @ O6Q78KIRx-""",2026-10-06T23:19:30.056Z,179132877005600
"""Rayan @ nhXZL_Cydv"" folds",2026-10-06T23:19:29.172Z,179132876917200
"""sack @ boAReb7tW9"" folds",2026-10-06T23:19:28.235Z,179132876823500
"""jaan @ O6Q78KIRx-"" bets 1.50",2026-10-06T23:19:27.314Z,179132876731400
"""Rayan @ nhXZL_Cydv"" checks",2026-10-06T23:19:22.136Z,179132876213600
"Turn: K♠, 3♠, K♦ [2♣]",2026-10-06T23:19:18.241Z,179132875824100
"""sack @ boAReb7tW9"" checks",2026-10-06T23:19:17.378Z,179132875737800
"""jaan @ O6Q78KIRx-"" checks",2026-10-06T23:19:16.387Z,179132875638700
"""Rayan @ nhXZL_Cydv"" checks",2026-10-06T23:19:14.346Z,179132875434600
"Flop:  [K♠, 3♠, K♦]",2026-10-06T23:19:11.329Z,179132875132900
"""sack @ boAReb7tW9"" calls 0.60",2026-10-06T23:19:10.516Z,179132875051600
"""jaan @ O6Q78KIRx-"" calls 0.60",2026-10-06T23:19:09.569Z,179132874956900
"""Dih @ GO72Iwd2XL"" folds",2026-10-06T23:18:44.659Z,179132872465900
"""Rayan @ nhXZL_Cydv"" raises to 0.60",2026-10-06T23:18:43.793Z,179132872379300
"""sack @ boAReb7tW9"" calls 0.20",2026-10-06T23:18:41.373Z,179132872137300
"""Heech @ wzsls5Sz57"" folds",2026-10-06T23:18:40.501Z,179132872050100
"""jaan @ O6Q78KIRx-"" calls 0.20",2026-10-06T23:18:37.935Z,179132871793500
"""Dih @ GO72Iwd2XL"" posts a big blind of 0.20",2026-10-06T23:18:32.661Z,179132871266108
"""Rayan @ nhXZL_Cydv"" posts a small blind of 0.10",2026-10-06T23:18:32.661Z,179132871266107
"Player stacks: #1 ""Dih @ GO72Iwd2XL"" (57.42) | #2 ""jaan @ O6Q78KIRx-"" (130.34) | #3 ""Heech @ wzsls5Sz57"" (38.38) | #5 ""sack @ boAReb7tW9"" (14.88) | #9 ""Rayan @ nhXZL_Cydv"" (16.04)",2026-10-06T23:18:32.661Z,179132871266101
"-- starting hand #60 (id: cesjvurubekj)  No Limit Texas Hold'em (dealer: ""sack @ boAReb7tW9"") --",2026-10-06T23:18:32.661Z,179132871266100
"-- ending hand #59 --",2026-10-06T23:18:26.652Z,179132870665204
"""Heech @ wzsls5Sz57"" collected 11.20 from pot with Pair, K's (combination: 7♣, 8♥, 9♠, K♣, K♥)",2026-10-06T23:18:26.652Z,179132870665203
"""Dih @ GO72Iwd2XL"" collected 11.20 from pot with Pair, K's (combination: 7♣, 8♥, 9♣, K♦, K♥)",2026-10-06T23:18:26.652Z,179132870665202
"""Heech @ wzsls5Sz57"" shows a 9♠, K♣.",2026-10-06T23:18:26.652Z,179132870665201
"""Dih @ GO72Iwd2XL"" shows a K♦, 9♣.",2026-10-06T23:18:26.652Z,179132870665200
"""Heech @ wzsls5Sz57"" calls 3.00",2026-10-06T23:18:25.832Z,179132870583200
"""Dih @ GO72Iwd2XL"" bets 3.00",2026-10-06T23:18:24.099Z,179132870409900
"River: K♥, 5♣, 3♣, 7♣ [8♥]",2026-10-06T23:18:10.438Z,179132869043800
"""Heech @ wzsls5Sz57"" calls 4.60",2026-10-06T23:18:09.602Z,179132868960200
"""Dih @ GO72Iwd2XL"" bets 4.60",2026-10-06T23:18:07.735Z,179132868773500
"Turn: K♥, 5♣, 3♣ [7♣]",2026-10-06T23:18:00.949Z,179132868094900
"""Rayan @ nhXZL_Cydv"" folds",2026-10-06T23:18:00.129Z,179132868012900
"""sack @ boAReb7tW9"" folds",2026-10-06T23:17:59.044Z,179132867904400
"""Heech @ wzsls5Sz57"" calls 2.40",2026-10-06T23:17:58.157Z,179132867815700
"""Dih @ GO72Iwd2XL"" bets 2.40",2026-10-06T23:17:54.852Z,179132867485200
"""Rayan @ nhXZL_Cydv"" checks",2026-10-06T23:17:43.145Z,179132866314500
"""sack @ boAReb7tW9"" checks",2026-10-06T23:17:42.105Z,179132866210500
"Flop:  [K♥, 5♣, 3♣]",2026-10-06T23:17:39.682Z,179132865968200
"""Dih @ GO72Iwd2XL"" calls 0.60",2026-10-06T23:17:38.865Z,179132865886500
"""Rayan @ nhXZL_Cydv"" calls 0.60",2026-10-06T23:17:33.767Z,179132865376700
"""sack @ boAReb7tW9"" calls 0.60",2026-10-06T23:17:32.589Z,179132865258900
"""Heech @ wzsls5Sz57"" raises to 0.60",2026-10-06T23:17:30.673Z,179132865067300
"""jaan @ O6Q78KIRx-"" folds",2026-10-06T23:17:27.610Z,179132864761000
"""Dih @ GO72Iwd2XL"" calls 0.20",2026-10-06T23:17:25.821Z,179132864582100
"""Rayan @ nhXZL_Cydv"" posts a big blind of 0.20",2026-10-06T23:17:24.070Z,179132864407008
"""sack @ boAReb7tW9"" posts a small blind of 0.10",2026-10-06T23:17:24.070Z,179132864407007
"Player stacks: #1 ""Dih @ GO72Iwd2XL"" (56.82) | #2 ""jaan @ O6Q78KIRx-"" (130.34) | #3 ""Heech @ wzsls5Sz57"" (37.78) | #5 ""sack @ boAReb7tW9"" (15.48) | #9 ""Rayan @ nhXZL_Cydv"" (16.64)",2026-10-06T23:17:24.070Z,179132864407001
"-- starting hand #59 (id: wqbyvo17ttdh)  No Limit Texas Hold'em (dealer: ""Heech @ wzsls5Sz57"") --",2026-10-06T23:17:24.070Z,179132864407000
"""jaan @ O6Q78KIRx-"" shows a 7♠, 9♥.",2026-10-06T23:17:21.289Z,179132864128900
"""Dih @ GO72Iwd2XL"" shows a Q♦, Q♥.",2026-10-06T23:17:17.315Z,179132863731500
"-- ending hand #58 --",2026-10-06T23:17:16.763Z,179132863676302
"""Dih @ GO72Iwd2XL"" collected 5.60 from pot",2026-10-06T23:17:16.763Z,179132863676301
"Uncalled bet of 51.22 returned to ""Dih @ GO72Iwd2XL""",2026-10-06T23:17:16.763Z,179132863676300
"""jaan @ O6Q78KIRx-"" folds",2026-10-06T23:17:15.911Z,179132863591100
"""Dih @ GO72Iwd2XL"" bets 51.22 and go all in",2026-10-06T23:17:13.499Z,179132863349900
"Turn: 7♣, Q♣, 9♠ [Q♠]",2026-10-06T23:17:01.450Z,179132862145000
"""Heech @ wzsls5Sz57"" folds",2026-10-06T23:17:00.604Z,179132862060400
"""jaan @ O6Q78KIRx-"" calls 1.50",2026-10-06T23:16:59.660Z,179132861966000
"""Dih @ GO72Iwd2XL"" bets 1.50",2026-10-06T23:16:48.461Z,179132860846100
"""Heech @ wzsls5Sz57"" checks",2026-10-06T23:16:35.973Z,179132859597300
"Flop:  [7♣, Q♣, 9♠]",2026-10-06T23:16:32.923Z,179132859292300
"""sack @ boAReb7tW9"" folds",2026-10-06T23:16:32.111Z,179132859211100
"""Heech @ wzsls5Sz57"" calls 0.80",2026-10-06T23:16:30.488Z,179132859048800
"""jaan @ O6Q78KIRx-"" calls 0.80",2026-10-06T23:16:29.543Z,179132858954300
"""Dih @ GO72Iwd2XL"" raises to 0.80",2026-10-06T23:16:16.968Z,179132857696800
"""Rayan @ nhXZL_Cydv"" folds",2026-10-06T23:16:10.534Z,179132857053400
"""sack @ boAReb7tW9"" posts a big blind of 0.20",2026-10-06T23:16:08.207Z,179132856820709
"""Heech @ wzsls5Sz57"" posts a small blind of 0.10",2026-10-06T23:16:08.207Z,179132856820708
"Player stacks: #1 ""Dih @ GO72Iwd2XL"" (53.52) | #2 ""jaan @ O6Q78KIRx-"" (132.64) | #3 ""Heech @ wzsls5Sz57"" (38.58) | #5 ""sack @ boAReb7tW9"" (15.68) | #9 ""Rayan @ nhXZL_Cydv"" (16.64)",2026-10-06T23:16:08.207Z,179132856820702
"-- starting hand #58 (id: kh19o4rrpxwj)  No Limit Texas Hold'em (dealer: ""jaan @ O6Q78KIRx-"") --",2026-10-06T23:16:08.207Z,179132856820701
"The player ""rowan @ GthBpPSqaK"" stand up with the stack of 52.94.",2026-10-06T23:16:08.207Z,179132856820700
"-- ending hand #57 --",2026-10-06T23:16:02.203Z,179132856220302
"""sack @ boAReb7tW9"" collected 7.50 from pot with Flush, A High (combination: 7♠, 8♠, 9♠, K♠, A♠)",2026-10-06T23:16:02.203Z,179132856220301
"""sack @ boAReb7tW9"" shows a 7♠, 8♠.",2026-10-06T23:16:02.203Z,179132856220300
"""Heech @ wzsls5Sz57"" calls 2.50",2026-10-06T23:16:01.335Z,179132856133500
"""Dih @ GO72Iwd2XL"" folds",2026-10-06T23:15:57.634Z,179132855763400
"""Rayan @ nhXZL_Cydv"" folds",2026-10-06T23:15:52.929Z,179132855292900
"""sack @ boAReb7tW9"" bets 2.50",2026-10-06T23:15:48.360Z,179132854836000
"""Heech @ wzsls5Sz57"" checks",2026-10-06T23:15:45.627Z,179132854562700
"River: J♣, K♠, A♠, 9♠ [5♥]",2026-10-06T23:15:43.545Z,179132854354500
"""Dih @ GO72Iwd2XL"" checks",2026-10-06T23:15:42.680Z,179132854268000
"""Rayan @ nhXZL_Cydv"" checks",2026-10-06T23:15:31.759Z,179132853175900
"""sack @ boAReb7tW9"" checks",2026-10-06T23:15:30.572Z,179132853057200
"""Heech @ wzsls5Sz57"" checks",2026-10-06T23:15:29.730Z,179132852973000
"Turn: J♣, K♠, A♠ [9♠]",2026-10-06T23:15:25.733Z,179132852573300
"""Dih @ GO72Iwd2XL"" checks",2026-10-06T23:15:24.887Z,179132852488700
"""Rayan @ nhXZL_Cydv"" checks",2026-10-06T23:15:18.506Z,179132851850600
"""sack @ boAReb7tW9"" checks",2026-10-06T23:15:17.434Z,179132851743400
"""Heech @ wzsls5Sz57"" checks",2026-10-06T23:15:16.413Z,179132851641300
"Flop:  [J♣, K♠, A♠]",2026-10-06T23:15:13.725Z,179132851372500
"""sack @ boAReb7tW9"" calls 0.60",2026-10-06T23:15:12.816Z,179132851281600
"""Heech @ wzsls5Sz57"" calls 0.60",2026-10-06T23:15:11.959Z,179132851195900
"""jaan @ O6Q78KIRx-"" folds",2026-10-06T23:15:09.758Z,179132850975800
"""Dih @ GO72Iwd2XL"" calls 0.60",2026-10-06T23:15:08.833Z,179132850883300
"""rowan @ GthBpPSqaK"" folds",2026-10-06T23:15:07.808Z,179132850780800
"""Rayan @ nhXZL_Cydv"" raises to 0.60",2026-10-06T23:15:06.979Z,179132850697900
"""sack @ boAReb7tW9"" calls 0.20",2026-10-06T23:15:02.555Z,179132850255500
"""Heech @ wzsls5Sz57"" posts a big blind of 0.20",2026-10-06T23:14:59.246Z,179132849924609
"""jaan @ O6Q78KIRx-"" posts a small blind of 0.10",2026-10-06T23:14:59.246Z,179132849924608
"Player stacks: #1 ""Dih @ GO72Iwd2XL"" (54.12) | #2 ""jaan @ O6Q78KIRx-"" (132.74) | #3 ""Heech @ wzsls5Sz57"" (41.68) | #5 ""sack @ boAReb7tW9"" (11.28) | #9 ""Rayan @ nhXZL_Cydv"" (17.24) | #10 ""rowan @ GthBpPSqaK"" (52.94)",2026-10-06T23:14:59.246Z,179132849924601
"-- starting hand #57 (id: h8ow1fvtnmyl)  No Limit Texas Hold'em (dealer: ""Dih @ GO72Iwd2XL"") --",2026-10-06T23:14:59.246Z,179132849924600
"""rowan @ GthBpPSqaK"" shows a 8♥.",2026-10-06T23:14:56.880Z,179132849688000
"""Dih @ GO72Iwd2XL"" shows a 4♠, 7♦.",2026-10-06T23:14:52.651Z,179132849265100
"-- ending hand #56 --",2026-10-06T23:14:51.881Z,179132849188102
"""jaan @ O6Q78KIRx-"" collected 19.70 from pot",2026-10-06T23:14:51.881Z,179132849188101
"Uncalled bet of 13.17 returned to ""jaan @ O6Q78KIRx-""",2026-10-06T23:14:51.881Z,179132849188100
"""rowan @ GthBpPSqaK"" folds",2026-10-06T23:14:51.070Z,179132849107000
"""jaan @ O6Q78KIRx-"" bets 13.17",2026-10-06T23:14:50.028Z,179132849002800
"Turn: 4♥, 7♥, K♠ [7♠]",2026-10-06T23:14:36.069Z,179132847606900
"""rowan @ GthBpPSqaK"" calls 5.75",2026-10-06T23:14:35.260Z,179132847526000
"""Rayan @ nhXZL_Cydv"" folds",2026-10-06T23:14:33.776Z,179132847377600
"""jaan @ O6Q78KIRx-"" bets 5.75",2026-10-06T23:14:31.524Z,179132847152400
"Flop:  [4♥, 7♥, K♠]",2026-10-06T23:14:19.179Z,179132845917900
"""rowan @ GthBpPSqaK"" calls 2.70",2026-10-06T23:14:18.334Z,179132845833400
"""Rayan @ nhXZL_Cydv"" calls 2.70",2026-10-06T23:14:15.744Z,179132845574400
"""jaan @ O6Q78KIRx-"" raises to 2.70",2026-10-06T23:14:00.254Z,179132844025400
"""Dih @ GO72Iwd2XL"" folds",2026-10-06T23:13:53.651Z,179132843365100
"""rowan @ GthBpPSqaK"" calls 0.60",2026-10-06T23:13:48.039Z,179132842803900
"""Rayan @ nhXZL_Cydv"" raises to 0.60",2026-10-06T23:13:47.116Z,179132842711600
"""sack @ boAReb7tW9"" folds",2026-10-06T23:13:44.900Z,179132842490000
"""Heech @ wzsls5Sz57"" folds",2026-10-06T23:13:44.023Z,179132842402300
"""jaan @ O6Q78KIRx-"" posts a big blind of 0.20",2026-10-06T23:13:41.766Z,179132842176609
"""Dih @ GO72Iwd2XL"" posts a small blind of 0.10",2026-10-06T23:13:41.766Z,179132842176608
"Player stacks: #1 ""Dih @ GO72Iwd2XL"" (54.22) | #2 ""jaan @ O6Q78KIRx-"" (121.49) | #3 ""Heech @ wzsls5Sz57"" (41.68) | #5 ""sack @ boAReb7tW9"" (11.28) | #9 ""Rayan @ nhXZL_Cydv"" (19.94) | #10 ""rowan @ GthBpPSqaK"" (61.39)",2026-10-06T23:13:41.766Z,179132842176601
"-- starting hand #56 (id: ewor3qhyftgd)  No Limit Texas Hold'em (dealer: ""rowan @ GthBpPSqaK"") --",2026-10-06T23:13:41.766Z,179132842176600
"""jaan @ O6Q78KIRx-"" shows a A♠.",2026-10-06T23:13:37.970Z,179132841797000
"""rowan @ GthBpPSqaK"" shows a 4♣.",2026-10-06T23:13:35.020Z,179132841502000
"-- ending hand #55 --",2026-10-06T23:13:34.388Z,179132841438802
"""jaan @ O6Q78KIRx-"" collected 7.64 from pot",2026-10-06T23:13:34.388Z,179132841438801
"Uncalled bet of 5.93 returned to ""jaan @ O6Q78KIRx-""",2026-10-06T23:13:34.388Z,179132841438800
"""rowan @ GthBpPSqaK"" folds",2026-10-06T23:13:33.584Z,179132841358400
"""jaan @ O6Q78KIRx-"" bets 5.93",2026-10-06T23:13:31.139Z,179132841113900
"""rowan @ GthBpPSqaK"" checks",2026-10-06T23:13:19.770Z,179132839977000
"Turn: 2♦, K♠, 4♥ [K♦]",2026-10-06T23:13:19.156Z,179132839915600
"""rowan @ GthBpPSqaK"" calls 2.37",2026-10-06T23:13:18.324Z,179132839832400
"""Rayan @ nhXZL_Cydv"" folds",2026-10-06T23:13:16.523Z,179132839652300
"""jaan @ O6Q78KIRx-"" bets 2.37",2026-10-06T23:13:13.942Z,179132839394200
"""rowan @ GthBpPSqaK"" checks",2026-10-06T23:13:06.670Z,179132838667000
"Flop:  [2♦, K♠, 4♥]",2026-10-06T23:13:05.614Z,179132838561400
"""Dih @ GO72Iwd2XL"" folds",2026-10-06T23:13:04.809Z,179132838480900
"""rowan @ GthBpPSqaK"" calls 0.90",2026-10-06T23:13:03.868Z,179132838386800
"""Rayan @ nhXZL_Cydv"" calls 0.90",2026-10-06T23:13:02.331Z,179132838233100
"""sack @ boAReb7tW9"" folds",2026-10-06T23:13:01.203Z,179132838120300
"""Heech @ wzsls5Sz57"" folds",2026-10-06T23:13:00.332Z,179132838033200
"""jaan @ O6Q78KIRx-"" raises to 0.90",2026-10-06T23:12:56.778Z,179132837677800
"""Dih @ GO72Iwd2XL"" posts a big blind of 0.20",2026-10-06T23:12:52.298Z,179132837229809
"""rowan @ GthBpPSqaK"" posts a small blind of 0.10",2026-10-06T23:12:52.298Z,179132837229808
"Player stacks: #1 ""Dih @ GO72Iwd2XL"" (54.42) | #2 ""jaan @ O6Q78KIRx-"" (117.12) | #3 ""Heech @ wzsls5Sz57"" (41.68) | #5 ""sack @ boAReb7tW9"" (11.28) | #9 ""Rayan @ nhXZL_Cydv"" (20.84) | #10 ""rowan @ GthBpPSqaK"" (64.66)",2026-10-06T23:12:52.298Z,179132837229801
"-- starting hand #55 (id: ikcwlllm7dsq)  No Limit Texas Hold'em (dealer: ""Rayan @ nhXZL_Cydv"") --",2026-10-06T23:12:52.298Z,179132837229800
"""jaan @ O6Q78KIRx-"" shows a J♥, 3♠.",2026-10-06T23:12:49.548Z,179132836954800
"-- ending hand #54 --",2026-10-06T23:12:45.690Z,179132836569003
"""rowan @ GthBpPSqaK"" collected 6.40 from pot with Two Pair, 7's & 2's (combination: J♠, 2♥, 2♠, 7♣, 7♥)",2026-10-06T23:12:45.690Z,179132836569002
"""rowan @ GthBpPSqaK"" shows a 8♥, 2♥.",2026-10-06T23:12:45.690Z,179132836569001
"""Rayan @ nhXZL_Cydv"" shows a A♣, 10♦.",2026-10-06T23:12:45.690Z,179132836569000
"""rowan @ GthBpPSqaK"" checks",2026-10-06T23:12:44.807Z,179132836480700
"""Rayan @ nhXZL_Cydv"" checks",2026-10-06T23:12:43.804Z,179132836380400
"River: 7♣, J♠, 3♥, 7♥ [2♠]",2026-10-06T23:12:41.965Z,179132836196500
"""sack @ boAReb7tW9"" folds",2026-10-06T23:12:41.135Z,179132836113500
"""Heech @ wzsls5Sz57"" folds",2026-10-06T23:12:40.222Z,179132836022200
"""rowan @ GthBpPSqaK"" calls 1.60",2026-10-06T23:12:39.168Z,179132835916800
"""Rayan @ nhXZL_Cydv"" bets 1.60",2026-10-06T23:12:38.289Z,179132835828900
"Turn: 7♣, J♠, 3♥ [7♥]",2026-10-06T23:12:34.074Z,179132835407400
"""sack @ boAReb7tW9"" checks",2026-10-06T23:12:33.200Z,179132835320000
"""Heech @ wzsls5Sz57"" checks",2026-10-06T23:12:32.308Z,179132835230800
"""rowan @ GthBpPSqaK"" checks",2026-10-06T23:12:30.520Z,179132835052000
"""Rayan @ nhXZL_Cydv"" checks",2026-10-06T23:12:29.568Z,179132834956800
"Flop:  [7♣, J♠, 3♥]",2026-10-06T23:12:27.872Z,179132834787200
"""sack @ boAReb7tW9"" calls 0.80",2026-10-06T23:12:27.057Z,179132834705700
"""Heech @ wzsls5Sz57"" calls 0.80",2026-10-06T23:12:26.106Z,179132834610600
"""rowan @ GthBpPSqaK"" calls 0.80",2026-10-06T23:12:24.412Z,179132834441200
"""Rayan @ nhXZL_Cydv"" raises to 0.80",2026-10-06T23:12:23.239Z,179132834323900
"""sack @ boAReb7tW9"" calls 0.20",2026-10-06T23:12:19.872Z,179132833987200
"""Heech @ wzsls5Sz57"" calls 0.20",2026-10-06T23:12:16.041Z,179132833604100
"""jaan @ O6Q78KIRx-"" folds",2026-10-06T23:12:14.838Z,179132833483800
"""Dih @ GO72Iwd2XL"" folds",2026-10-06T23:12:11.270Z,179132833127000
"""rowan @ GthBpPSqaK"" posts a big blind of 0.20",2026-10-06T23:12:09.658Z,179132832965809
"""Rayan @ nhXZL_Cydv"" posts a small blind of 0.10",2026-10-06T23:12:09.658Z,179132832965808
"Player stacks: #1 ""Dih @ GO72Iwd2XL"" (54.42) | #2 ""jaan @ O6Q78KIRx-"" (117.12) | #3 ""Heech @ wzsls5Sz57"" (42.48) | #5 ""sack @ boAReb7tW9"" (12.08) | #9 ""Rayan @ nhXZL_Cydv"" (23.24) | #10 ""rowan @ GthBpPSqaK"" (60.66)",2026-10-06T23:12:09.658Z,179132832965801
"-- starting hand #54 (id: p7lh6mydx46n)  No Limit Texas Hold'em (dealer: ""sack @ boAReb7tW9"") --",2026-10-06T23:12:09.658Z,179132832965800
"""rowan @ GthBpPSqaK"" shows a 9♥, 9♠.",2026-10-06T23:12:08.341Z,179132832834100
"-- ending hand #53 --",2026-10-06T23:12:02.982Z,179132832298202
"""rowan @ GthBpPSqaK"" collected 3.20 from pot",2026-10-06T23:12:02.982Z,179132832298201
"Uncalled bet of 2.40 returned to ""rowan @ GthBpPSqaK""",2026-10-06T23:12:02.982Z,179132832298200
"""Rayan @ nhXZL_Cydv"" folds",2026-10-06T23:12:02.019Z,179132832201900
"""sack @ boAReb7tW9"" folds",2026-10-06T23:12:01.113Z,179132832111300
"""Heech @ wzsls5Sz57"" folds",2026-10-06T23:11:55.540Z,179132831554000
"""rowan @ GthBpPSqaK"" bets 2.40",2026-10-06T23:11:53.430Z,179132831343000
"""Rayan @ nhXZL_Cydv"" checks",2026-10-06T23:11:50.820Z,179132831082000
"""sack @ boAReb7tW9"" checks",2026-10-06T23:11:49.968Z,179132830996800
"Flop:  [3♦, 7♣, 8♣]",2026-10-06T23:11:47.468Z,179132830746800
"""Rayan @ nhXZL_Cydv"" calls 0.80",2026-10-06T23:11:46.663Z,179132830666300
"""sack @ boAReb7tW9"" calls 0.80",2026-10-06T23:11:43.877Z,179132830387700
"""Heech @ wzsls5Sz57"" calls 0.80",2026-10-06T23:11:42.765Z,179132830276500
"""jaan @ O6Q78KIRx-"" folds",2026-10-06T23:11:36.112Z,179132829611200
"""Dih @ GO72Iwd2XL"" folds",2026-10-06T23:11:34.536Z,179132829453600
"""rowan @ GthBpPSqaK"" raises to 0.80",2026-10-06T23:11:33.667Z,179132829366700
"""Rayan @ nhXZL_Cydv"" posts a big blind of 0.20",2026-10-06T23:11:31.086Z,179132829108609
"""sack @ boAReb7tW9"" posts a small blind of 0.10",2026-10-06T23:11:31.086Z,179132829108608
"Player stacks: #1 ""Dih @ GO72Iwd2XL"" (54.42) | #2 ""jaan @ O6Q78KIRx-"" (117.12) | #3 ""Heech @ wzsls5Sz57"" (43.28) | #5 ""sack @ boAReb7tW9"" (12.88) | #9 ""Rayan @ nhXZL_Cydv"" (24.04) | #10 ""rowan @ GthBpPSqaK"" (58.26)",2026-10-06T23:11:31.086Z,179132829108601
"-- starting hand #53 (id: joyy9aj1stfz)  No Limit Texas Hold'em (dealer: ""Heech @ wzsls5Sz57"") --",2026-10-06T23:11:31.086Z,179132829108600
"""Dih @ GO72Iwd2XL"" shows a A♥, 9♥.",2026-10-06T23:11:27.936Z,179132828793600
"""rowan @ GthBpPSqaK"" shows a 3♣, 3♠.",2026-10-06T23:11:27.263Z,179132828726300
"""jaan @ O6Q78KIRx-"" shows a 5♠.",2026-10-06T23:11:27.086Z,179132828708600
"-- ending hand #52 --",2026-10-06T23:11:26.083Z,179132828608302
"""Heech @ wzsls5Sz57"" collected 13.30 from pot",2026-10-06T23:11:26.083Z,179132828608301
"Uncalled bet of 9.97 returned to ""Heech @ wzsls5Sz57""",2026-10-06T23:11:26.083Z,179132828608300
"""Dih @ GO72Iwd2XL"" folds",2026-10-06T23:11:25.269Z,179132828526900
"""Heech @ wzsls5Sz57"" bets 9.97",2026-10-06T23:11:14.108Z,179132827410800
"River: 5♣, A♣, J♣, 9♣ [5♥]",2026-10-06T23:11:08.712Z,179132826871200
"""Dih @ GO72Iwd2XL"" checks",2026-10-06T23:11:07.880Z,179132826788000
"""Heech @ wzsls5Sz57"" checks",2026-10-06T23:11:03.045Z,179132826304500
"Turn: 5♣, A♣, J♣ [9♣]",2026-10-06T23:11:01.043Z,179132826104300
"""rowan @ GthBpPSqaK"" folds",2026-10-06T23:11:00.210Z,179132826021000
"""sack @ boAReb7tW9"" folds",2026-10-06T23:10:59.218Z,179132825921800
"""Heech @ wzsls5Sz57"" calls 4.15",2026-10-06T23:10:58.269Z,179132825826900
"""jaan @ O6Q78KIRx-"" folds",2026-10-06T23:10:56.755Z,179132825675500
"""Dih @ GO72Iwd2XL"" bets 4.15",2026-10-06T23:10:55.621Z,179132825562100
"""rowan @ GthBpPSqaK"" checks",2026-10-06T23:10:51.634Z,179132825163400
"""sack @ boAReb7tW9"" checks",2026-10-06T23:10:50.244Z,179132825024400
"""Heech @ wzsls5Sz57"" checks",2026-10-06T23:10:45.889Z,179132824588900
"Flop:  [5♣, A♣, J♣]",2026-10-06T23:10:41.628Z,179132824162800
"""rowan @ GthBpPSqaK"" calls 1.00",2026-10-06T23:10:40.808Z,179132824080800
"""sack @ boAReb7tW9"" calls 1.00",2026-10-06T23:10:39.918Z,179132823991800
"""Heech @ wzsls5Sz57"" calls 1.00",2026-10-06T23:10:39.052Z,179132823905200
"""jaan @ O6Q78KIRx-"" calls 1.00",2026-10-06T23:10:38.176Z,179132823817600
"""Dih @ GO72Iwd2XL"" raises to 1.00",2026-10-06T23:10:35.686Z,179132823568600
"""rowan @ GthBpPSqaK"" calls 0.20",2026-10-06T23:10:33.198Z,179132823319800
"""Rayan @ nhXZL_Cydv"" folds",2026-10-06T23:10:31.831Z,179132823183100
"""sack @ boAReb7tW9"" posts a big blind of 0.20",2026-10-06T23:10:30.681Z,179132823068109
"""Heech @ wzsls5Sz57"" posts a small blind of 0.10",2026-10-06T23:10:30.681Z,179132823068108
"Player stacks: #1 ""Dih @ GO72Iwd2XL"" (59.57) | #2 ""jaan @ O6Q78KIRx-"" (118.12) | #3 ""Heech @ wzsls5Sz57"" (35.13) | #5 ""sack @ boAReb7tW9"" (13.88) | #9 ""Rayan @ nhXZL_Cydv"" (24.04) | #10 ""rowan @ GthBpPSqaK"" (59.26)",2026-10-06T23:10:30.681Z,179132823068101
"-- starting hand #52 (id: pydtdkwaylo4)  No Limit Texas Hold'em (dealer: ""jaan @ O6Q78KIRx-"") --",2026-10-06T23:10:30.681Z,179132823068100
"""Rayan @ nhXZL_Cydv"" shows a A♦, 2♦.",2026-10-06T23:10:29.417Z,179132822941700
"""Dih @ GO72Iwd2XL"" shows a 4♣, 4♦.",2026-10-06T23:10:27.270Z,179132822727000
"""jaan @ O6Q78KIRx-"" shows a 5♦, K♦.",2026-10-06T23:10:25.240Z,179132822524000
"""Heech @ wzsls5Sz57"" shows a K♠, 7♠.",2026-10-06T23:10:25.168Z,179132822516800
"-- ending hand #51 --",2026-10-06T23:10:21.936Z,179132822193602
"""jaan @ O6Q78KIRx-"" collected 9.80 from pot",2026-10-06T23:10:21.936Z,179132822193601
"Uncalled bet of 5.10 returned to ""jaan @ O6Q78KIRx-""",2026-10-06T23:10:21.936Z,179132822193600
"""Dih @ GO72Iwd2XL"" folds",2026-10-06T23:10:21.094Z,179132822109400
"""Rayan @ nhXZL_Cydv"" folds",2026-10-06T23:10:20.199Z,179132822019900
"""sack @ boAReb7tW9"" folds",2026-10-06T23:10:19.231Z,179132821923100
"""jaan @ O6Q78KIRx-"" bets 5.10",2026-10-06T23:10:04.303Z,179132820430300
"Turn: 5♠, 8♥, 9♥ [K♥]",2026-10-06T23:09:55.582Z,179132819558200
"""Dih @ GO72Iwd2XL"" checks",2026-10-06T23:09:54.763Z,179132819476300
"""Rayan @ nhXZL_Cydv"" checks",2026-10-06T23:09:51.312Z,179132819131200
"""sack @ boAReb7tW9"" checks",2026-10-06T23:09:48.385Z,179132818838500
"""jaan @ O6Q78KIRx-"" checks",2026-10-06T23:09:44.901Z,179132818490100
"Flop:  [5♠, 8♥, 9♥]",2026-10-06T23:09:38.886Z,179132817888600
"""Rayan @ nhXZL_Cydv"" calls 2.40",2026-10-06T23:09:38.078Z,179132817807800
"""sack @ boAReb7tW9"" calls 2.40",2026-10-06T23:09:35.053Z,179132817505300
"""Heech @ wzsls5Sz57"" folds",2026-10-06T23:09:34.123Z,179132817412300
"""jaan @ O6Q78KIRx-"" calls 2.40",2026-10-06T23:09:26.548Z,179132816654800
"""Dih @ GO72Iwd2XL"" raises to 2.40",2026-10-06T23:09:22.637Z,179132816263700
"""rowan @ GthBpPSqaK"" folds",2026-10-06T23:09:18.953Z,179132815895300
"""Rayan @ nhXZL_Cydv"" raises to 0.60",2026-10-06T23:09:17.966Z,179132815796600
"""sack @ boAReb7tW9"" calls 0.20",2026-10-06T23:09:15.550Z,179132815555000
"""Heech @ wzsls5Sz57"" posts a big blind of 0.20",2026-10-06T23:09:12.669Z,179132815266909
"""jaan @ O6Q78KIRx-"" posts a small blind of 0.10",2026-10-06T23:09:12.669Z,179132815266908
"Player stacks: #1 ""Dih @ GO72Iwd2XL"" (61.97) | #2 ""jaan @ O6Q78KIRx-"" (110.72) | #3 ""Heech @ wzsls5Sz57"" (35.33) | #5 ""sack @ boAReb7tW9"" (16.28) | #9 ""Rayan @ nhXZL_Cydv"" (26.44) | #10 ""rowan @ GthBpPSqaK"" (59.26)",2026-10-06T23:09:12.669Z,179132815266901
"-- starting hand #51 (id: wauskdkwhq7z)  No Limit Texas Hold'em (dealer: ""Dih @ GO72Iwd2XL"") --",2026-10-06T23:09:12.669Z,179132815266900
"-- ending hand #50 --",2026-10-06T23:09:06.750Z,179132814675002
"""rowan @ GthBpPSqaK"" collected 7.10 from pot",2026-10-06T23:09:06.750Z,179132814675001
"Uncalled bet of 3.55 returned to ""rowan @ GthBpPSqaK""",2026-10-06T23:09:06.750Z,179132814675000
"""Rayan @ nhXZL_Cydv"" folds",2026-10-06T23:09:05.857Z,179132814585700
"""sack @ boAReb7tW9"" folds",2026-10-06T23:09:05.021Z,179132814502100
"""Heech @ wzsls5Sz57"" folds",2026-10-06T23:09:04.135Z,179132814413500
"""jaan @ O6Q78KIRx-"" folds",2026-10-06T23:09:02.092Z,179132814209200
"""rowan @ GthBpPSqaK"" bets 3.55",2026-10-06T23:08:59.837Z,179132813983700
"""Rayan @ nhXZL_Cydv"" checks",2026-10-06T23:08:57.309Z,179132813730900
"""sack @ boAReb7tW9"" checks",2026-10-06T23:08:55.416Z,179132813541600
"""Heech @ wzsls5Sz57"" checks",2026-10-06T23:08:49.972Z,179132812997200
"""jaan @ O6Q78KIRx-"" checks",2026-10-06T23:08:44.041Z,179132812404100
"Flop:  [J♣, K♠, K♦]",2026-10-06T23:08:39.852Z,179132811985200
"""Rayan @ nhXZL_Cydv"" calls 1.40",2026-10-06T23:08:39.050Z,179132811905000
"""sack @ boAReb7tW9"" calls 1.40",2026-10-06T23:08:35.835Z,179132811583500
"""Heech @ wzsls5Sz57"" calls 1.40",2026-10-06T23:08:34.933Z,179132811493300
"""jaan @ O6Q78KIRx-"" calls 1.40",2026-10-06T23:08:33.980Z,179132811398000
"""Dih @ GO72Iwd2XL"" folds",2026-10-06T23:08:27.416Z,179132810741600
"""rowan @ GthBpPSqaK"" raises to 1.40",2026-10-06T23:08:26.482Z,179132810648200
"""Rayan @ nhXZL_Cydv"" raises to 0.60",2026-10-06T23:08:23.086Z,179132810308600
"""sack @ boAReb7tW9"" calls 0.20",2026-10-06T23:08:08.083Z,179132808808300
"""Heech @ wzsls5Sz57"" calls 0.20",2026-10-06T23:08:07.068Z,179132808706800
"""jaan @ O6Q78KIRx-"" posts a big blind of 0.20",2026-10-06T23:08:04.125Z,179132808412509
"""Dih @ GO72Iwd2XL"" posts a small blind of 0.10",2026-10-06T23:08:04.125Z,179132808412508
"Player stacks: #1 ""Dih @ GO72Iwd2XL"" (62.07) | #2 ""jaan @ O6Q78KIRx-"" (112.12) | #3 ""Heech @ wzsls5Sz57"" (36.73) | #5 ""sack @ boAReb7tW9"" (17.68) | #9 ""Rayan @ nhXZL_Cydv"" (27.84) | #10 ""rowan @ GthBpPSqaK"" (53.56)",2026-10-06T23:08:04.125Z,179132808412501
"-- starting hand #50 (id: js298t6gutur)  No Limit Texas Hold'em (dealer: ""rowan @ GthBpPSqaK"") --",2026-10-06T23:08:04.125Z,179132808412500
"""sack @ boAReb7tW9"" shows a 5♥.",2026-10-06T23:08:02.085Z,179132808208500
"-- ending hand #49 --",2026-10-06T23:07:57.472Z,179132807747202
"""Dih @ GO72Iwd2XL"" collected 6.24 from pot",2026-10-06T23:07:57.472Z,179132807747201
"Uncalled bet of 4.68 returned to ""Dih @ GO72Iwd2XL""",2026-10-06T23:07:57.472Z,179132807747200
"""sack @ boAReb7tW9"" folds",2026-10-06T23:07:56.618Z,179132807661800
"""Dih @ GO72Iwd2XL"" bets 4.68",2026-10-06T23:07:49.754Z,179132806975400
"Turn: 7♥, 5♣, 10♠ [2♦]",2026-10-06T23:07:43.654Z,179132806365400
"""sack @ boAReb7tW9"" calls 1.87",2026-10-06T23:07:42.776Z,179132806277600
"""Heech @ wzsls5Sz57"" folds",2026-10-06T23:07:39.138Z,179132805913800
"""Dih @ GO72Iwd2XL"" bets 1.87",2026-10-06T23:07:33.941Z,179132805394100
"Flop:  [7♥, 5♣, 10♠]",2026-10-06T23:07:28.298Z,179132804829800
"""Heech @ wzsls5Sz57"" calls 0.80",2026-10-06T23:07:27.452Z,179132804745200
"""Dih @ GO72Iwd2XL"" calls 0.80",2026-10-06T23:07:18.288Z,179132803828800
"""rowan @ GthBpPSqaK"" folds",2026-10-06T23:07:14.113Z,179132803411300
"""Rayan @ nhXZL_Cydv"" folds",2026-10-06T23:07:13.271Z,179132803327100
"""sack @ boAReb7tW9"" raises to 0.80",2026-10-06T23:07:10.646Z,179132803064600
"""Heech @ wzsls5Sz57"" calls 0.20",2026-10-06T23:07:07.696Z,179132802769600
"""jaan @ O6Q78KIRx-"" folds",2026-10-06T23:07:02.350Z,179132802235000
"""Dih @ GO72Iwd2XL"" posts a big blind of 0.20",2026-10-06T23:07:00.792Z,179132802079210
"""rowan @ GthBpPSqaK"" posts a small blind of 0.10",2026-10-06T23:07:00.792Z,179132802079209
"Player stacks: #1 ""Dih @ GO72Iwd2XL"" (58.50) | #2 ""jaan @ O6Q78KIRx-"" (112.12) | #3 ""Heech @ wzsls5Sz57"" (37.53) | #5 ""sack @ boAReb7tW9"" (20.35) | #9 ""Rayan @ nhXZL_Cydv"" (27.84) | #10 ""rowan @ GthBpPSqaK"" (53.66)",2026-10-06T23:07:00.792Z,179132802079202
"-- starting hand #49 (id: cm1v0yq59nfa)  No Limit Texas Hold'em (dealer: ""Rayan @ nhXZL_Cydv"") --",2026-10-06T23:07:00.792Z,179132802079201
"The player ""Heech @ wzsls5Sz57"" joined the game with a stack of 37.53.",2026-10-06T23:07:00.792Z,179132802079200
"""jaan @ O6Q78KIRx-"" shows a 6♠, A♣.",2026-10-06T23:06:56.585Z,179132801658500
"-- ending hand #48 --",2026-10-06T23:06:54.283Z,179132801428302
"""Dih @ GO72Iwd2XL"" collected 1.90 from pot with Pair, J's (combination: 8♣, Q♠, K♦, J♣, J♥)",2026-10-06T23:06:54.283Z,179132801428301
"""Dih @ GO72Iwd2XL"" shows a J♣, K♦.",2026-10-06T23:06:54.283Z,179132801428300
"""jaan @ O6Q78KIRx-"" checks",2026-10-06T23:06:53.421Z,179132801342100
"""Dih @ GO72Iwd2XL"" checks",2026-10-06T23:06:52.417Z,179132801241700
"River: 6♦, 8♣, 7♣, Q♠ [J♥]",2026-10-06T23:06:51.183Z,179132801118300
"""jaan @ O6Q78KIRx-"" checks",2026-10-06T23:06:50.366Z,179132801036600
"""Dih @ GO72Iwd2XL"" checks",2026-10-06T23:06:49.169Z,179132800916900
"Turn: 6♦, 8♣, 7♣ [Q♠]",2026-10-06T23:06:46.587Z,179132800658700
"""jaan @ O6Q78KIRx-"" checks",2026-10-06T23:06:45.770Z,179132800577000
"The player ""Heech @ wzsls5Sz57"" sit back with the stack of 37.53.",2026-10-06T23:06:43.896Z,179132800389600
"""Dih @ GO72Iwd2XL"" checks",2026-10-06T23:06:41.661Z,179132800166100
"Flop:  [6♦, 8♣, 7♣]",2026-10-06T23:06:39.077Z,179132799907700
"""rowan @ GthBpPSqaK"" folds",2026-10-06T23:06:38.192Z,179132799819200
"""Rayan @ nhXZL_Cydv"" folds",2026-10-06T23:06:37.284Z,179132799728400
"""sack @ boAReb7tW9"" folds",2026-10-06T23:06:32.654Z,179132799265400
"""jaan @ O6Q78KIRx-"" calls 0.80",2026-10-06T23:06:29.809Z,179132798980900
"""Dih @ GO72Iwd2XL"" raises to 0.80",2026-10-06T23:06:26.345Z,179132798634500
"""rowan @ GthBpPSqaK"" posts a big blind of 0.20",2026-10-06T23:06:23.148Z,179132798314809
"""Rayan @ nhXZL_Cydv"" posts a small blind of 0.10",2026-10-06T23:06:23.148Z,179132798314808
"Player stacks: #1 ""Dih @ GO72Iwd2XL"" (57.40) | #2 ""jaan @ O6Q78KIRx-"" (112.92) | #5 ""sack @ boAReb7tW9"" (20.35) | #9 ""Rayan @ nhXZL_Cydv"" (27.94) | #10 ""rowan @ GthBpPSqaK"" (53.86)",2026-10-06T23:06:23.148Z,179132798314802
"-- starting hand #48 (id: x7justwqfky0)  No Limit Texas Hold'em (dealer: ""sack @ boAReb7tW9"") --",2026-10-06T23:06:23.148Z,179132798314801
"The player ""Heech @ wzsls5Sz57"" stand up with the stack of 37.53.",2026-10-06T23:06:23.148Z,179132798314800
"""Dih @ GO72Iwd2XL"" shows a J♣, 8♣.",2026-10-06T23:06:19.045Z,179132797904500
"""rowan @ GthBpPSqaK"" shows a 3♠, Q♦.",2026-10-06T23:06:16.308Z,179132797630800
"""jaan @ O6Q78KIRx-"" shows a K♦, A♥.",2026-10-06T23:06:15.513Z,179132797551300
"-- ending hand #47 --",2026-10-06T23:06:15.114Z,179132797511402
"""Dih @ GO72Iwd2XL"" collected 5.70 from pot",2026-10-06T23:06:15.114Z,179132797511401
"Uncalled bet of 2.85 returned to ""Dih @ GO72Iwd2XL""",2026-10-06T23:06:15.114Z,179132797511400
"""jaan @ O6Q78KIRx-"" folds",2026-10-06T23:06:14.288Z,179132797428800
"""Dih @ GO72Iwd2XL"" bets 2.85",2026-10-06T23:06:06.078Z,179132796607800
"Turn: 2♣, 9♣, 3♥ [Q♥]",2026-10-06T23:06:00.784Z,179132796078400
"""jaan @ O6Q78KIRx-"" checks",2026-10-06T23:05:59.972Z,179132795997200
"""Dih @ GO72Iwd2XL"" checks",2026-10-06T23:05:57.585Z,179132795758500
"Flop:  [2♣, 9♣, 3♥]",2026-10-06T23:05:53.863Z,179132795386300
"""Dih @ GO72Iwd2XL"" calls 2.70",2026-10-06T23:05:52.994Z,179132795299400
"""Rayan @ nhXZL_Cydv"" folds",2026-10-06T23:05:50.684Z,179132795068400
"""sack @ boAReb7tW9"" folds",2026-10-06T23:05:37.860Z,179132793786000
"""Heech @ wzsls5Sz57"" folds",2026-10-06T23:05:36.881Z,179132793688101
"The admin ""Dih @ GO72Iwd2XL"" forced the player ""Heech @ wzsls5Sz57"" to away mode in the next hand.",2026-10-06T23:05:36.881Z,179132793688100
"""jaan @ O6Q78KIRx-"" raises to 2.70",2026-10-06T23:04:59.585Z,179132789958500
"""Dih @ GO72Iwd2XL"" raises to 0.80",2026-10-06T23:04:55.516Z,179132789551600
"""rowan @ GthBpPSqaK"" folds",2026-10-06T23:04:53.430Z,179132789343000
"""Rayan @ nhXZL_Cydv"" posts a big blind of 0.20",2026-10-06T23:04:51.991Z,179132789199109
"""sack @ boAReb7tW9"" posts a small blind of 0.10",2026-10-06T23:04:51.991Z,179132789199108
"Player stacks: #1 ""Dih @ GO72Iwd2XL"" (54.40) | #2 ""jaan @ O6Q78KIRx-"" (115.62) | #3 ""Heech @ wzsls5Sz57"" (37.53) | #5 ""sack @ boAReb7tW9"" (20.45) | #9 ""Rayan @ nhXZL_Cydv"" (28.14) | #10 ""rowan @ GthBpPSqaK"" (53.86)",2026-10-06T23:04:51.991Z,179132789199101
"-- starting hand #47 (id: whgcpe77dika)  No Limit Texas Hold'em (dealer: ""Heech @ wzsls5Sz57"") --",2026-10-06T23:04:51.991Z,179132789199100
"-- ending hand #46 --",2026-10-06T23:04:45.986Z,179132788598601
"""Rayan @ nhXZL_Cydv"" collected 28.14 from pot with Full House, 9's over 10's (combination: 10♥, 10♠, 9♦, 9♥, 9♣)",2026-10-06T23:04:45.986Z,179132788598600
"River: A♥, 9♥, 3♥, 10♠ [9♣]",2026-10-06T23:04:41.979Z,179132788197900
"Turn: A♥, 9♥, 3♥ [10♠]",2026-10-06T23:04:37.973Z,179132787797300
"""Rayan @ nhXZL_Cydv"" shows a 10♥, 9♦.",2026-10-06T23:04:33.941Z,179132787394101
"""jaan @ O6Q78KIRx-"" shows a K♦, A♣.",2026-10-06T23:04:33.941Z,179132787394100
"Some players choose to not run it twice.",2026-10-06T23:04:33.073Z,179132787307301
"""jaan @ O6Q78KIRx-"" chooses to not run it twice.",2026-10-06T23:04:33.073Z,179132787307300
"Remaining players decide whether to run it twice.",2026-10-06T23:04:32.417Z,179132787241701
"""jaan @ O6Q78KIRx-"" calls 11.37",2026-10-06T23:04:32.417Z,179132787241700
"""Dih @ GO72Iwd2XL"" folds",2026-10-06T23:04:30.463Z,179132787046300
"""Rayan @ nhXZL_Cydv"" raises to 11.37 and go all in",2026-10-06T23:04:24.908Z,179132786490800
"""jaan @ O6Q78KIRx-"" bets 5.00",2026-10-06T23:04:18.200Z,179132785820000
"""Dih @ GO72Iwd2XL"" checks",2026-10-06T23:04:08.922Z,179132784892200
"""Rayan @ nhXZL_Cydv"" checks",2026-10-06T23:04:05.491Z,179132784549100
"Flop:  [A♥, 9♥, 3♥]",2026-10-06T23:04:03.698Z,179132784369800
"""Dih @ GO72Iwd2XL"" calls 1.60",2026-10-06T23:04:02.851Z,179132784285100
"""rowan @ GthBpPSqaK"" folds",2026-10-06T23:03:53.329Z,179132783332900
"""Rayan @ nhXZL_Cydv"" calls 1.60",2026-10-06T23:03:52.473Z,179132783247300
"""sack @ boAReb7tW9"" folds",2026-10-06T23:03:38.109Z,179132781810900
"""Heech @ wzsls5Sz57"" folds",2026-10-06T23:03:36.117Z,179132781611700
"""jaan @ O6Q78KIRx-"" raises to 1.60",2026-10-06T23:03:32.184Z,179132781218400
"""Dih @ GO72Iwd2XL"" calls 0.20",2026-10-06T23:03:21.964Z,179132780196400
"""rowan @ GthBpPSqaK"" checks",2026-10-06T23:03:18.306Z,179132779830600
"""Rayan @ nhXZL_Cydv"" calls 0.20",2026-10-06T23:03:17.351Z,179132779735100
"""rowan @ GthBpPSqaK"" posts a missed big blind of 0.20",2026-10-06T23:03:16.352Z,179132779635212
"""rowan @ GthBpPSqaK"" posts a missing small blind of 0.10",2026-10-06T23:03:16.352Z,179132779635211
"""sack @ boAReb7tW9"" posts a big blind of 0.20",2026-10-06T23:03:16.352Z,179132779635210
"""Heech @ wzsls5Sz57"" posts a small blind of 0.10",2026-10-06T23:03:16.352Z,179132779635209
"Player stacks: #1 ""Dih @ GO72Iwd2XL"" (56.00) | #2 ""jaan @ O6Q78KIRx-"" (128.59) | #3 ""Heech @ wzsls5Sz57"" (37.63) | #5 ""sack @ boAReb7tW9"" (20.65) | #9 ""Rayan @ nhXZL_Cydv"" (12.97) | #10 ""rowan @ GthBpPSqaK"" (54.16)",2026-10-06T23:03:16.352Z,179132779635202
"-- starting hand #46 (id: yc1svf6c5ysa)  No Limit Texas Hold'em (dealer: ""jaan @ O6Q78KIRx-"") --",2026-10-06T23:03:16.352Z,179132779635201
"The player ""rowan @ GthBpPSqaK"" joined the game with a stack of 54.16.",2026-10-06T23:03:16.352Z,179132779635200
"""sack @ boAReb7tW9"" shows a 8♠.",2026-10-06T23:03:12.177Z,179132779217700
"""sack @ boAReb7tW9"" shows a 5♠.",2026-10-06T23:03:11.853Z,179132779185300
"""Rayan @ nhXZL_Cydv"" shows a 10♣, 10♥.",2026-10-06T23:03:10.122Z,179132779012200
"-- ending hand #45 --",2026-10-06T23:03:09.019Z,179132778901902
"""sack @ boAReb7tW9"" collected 4.30 from pot",2026-10-06T23:03:09.019Z,179132778901901
"Uncalled bet of 3.22 returned to ""sack @ boAReb7tW9""",2026-10-06T23:03:09.019Z,179132778901900
"""Heech @ wzsls5Sz57"" folds",2026-10-06T23:03:08.151Z,179132778815100
"""Rayan @ nhXZL_Cydv"" folds",2026-10-06T23:03:06.101Z,179132778610100
"The player ""rowan @ GthBpPSqaK"" sit back with the stack of 54.16.",2026-10-06T23:03:05.646Z,179132778564600
"""sack @ boAReb7tW9"" bets 3.22",2026-10-06T23:03:05.054Z,179132778505400
"""Heech @ wzsls5Sz57"" checks",2026-10-06T23:02:57.082Z,179132777708200
"Flop:  [K♠, Q♣, 5♥]",2026-10-06T23:02:54.652Z,179132777465200
"""sack @ boAReb7tW9"" calls 1.40",2026-10-06T23:02:53.823Z,179132777382300
"""Heech @ wzsls5Sz57"" calls 1.40",2026-10-06T23:02:52.581Z,179132777258100
"""jaan @ O6Q78KIRx-"" folds",2026-10-06T23:02:49.954Z,179132776995400
"""Dih @ GO72Iwd2XL"" folds",2026-10-06T23:02:41.740Z,179132776174000
"""Rayan @ nhXZL_Cydv"" raises to 1.40",2026-10-06T23:02:40.868Z,179132776086800
"""sack @ boAReb7tW9"" raises to 0.70",2026-10-06T23:02:37.595Z,179132775759500
"""Heech @ wzsls5Sz57"" posts a big blind of 0.20",2026-10-06T23:02:29.822Z,179132774982208
"""jaan @ O6Q78KIRx-"" posts a small blind of 0.10",2026-10-06T23:02:29.822Z,179132774982207
"Player stacks: #1 ""Dih @ GO72Iwd2XL"" (56.00) | #2 ""jaan @ O6Q78KIRx-"" (128.69) | #3 ""Heech @ wzsls5Sz57"" (39.03) | #5 ""sack @ boAReb7tW9"" (17.75) | #9 ""Rayan @ nhXZL_Cydv"" (14.37)",2026-10-06T23:02:29.822Z,179132774982201
"-- starting hand #45 (id: gmeti5vanozu)  No Limit Texas Hold'em (dealer: ""Dih @ GO72Iwd2XL"") --",2026-10-06T23:02:29.822Z,179132774982200
"-- ending hand #44 --",2026-10-06T23:02:23.817Z,179132774381702
"""Dih @ GO72Iwd2XL"" collected 2.00 from pot with Two Pair, K's & 5's (combination: A♥, 5♥, 5♠, K♠, K♣)",2026-10-06T23:02:23.817Z,179132774381701
"""Dih @ GO72Iwd2XL"" shows a 5♥, 5♠.",2026-10-06T23:02:23.817Z,179132774381700
"""Rayan @ nhXZL_Cydv"" checks",2026-10-06T23:02:23.000Z,179132774300000
"""Heech @ wzsls5Sz57"" checks",2026-10-06T23:02:22.058Z,179132774205800
"""Dih @ GO72Iwd2XL"" checks",2026-10-06T23:02:20.692Z,179132774069200
"River: K♠, 3♦, K♣, 8♦ [A♥]",2026-10-06T23:02:19.057Z,179132773905700
"""Rayan @ nhXZL_Cydv"" checks",2026-10-06T23:02:18.229Z,179132773822900
"""Heech @ wzsls5Sz57"" checks",2026-10-06T23:02:16.870Z,179132773687000
"""Dih @ GO72Iwd2XL"" checks",2026-10-06T23:02:15.321Z,179132773532100
"Turn: K♠, 3♦, K♣ [8♦]",2026-10-06T23:02:08.186Z,179132772818600
"""Rayan @ nhXZL_Cydv"" checks",2026-10-06T23:02:07.359Z,179132772735900
"""Heech @ wzsls5Sz57"" checks",2026-10-06T23:02:06.421Z,179132772642100
"""Dih @ GO72Iwd2XL"" checks",2026-10-06T23:02:04.974Z,179132772497400
"Flop:  [K♠, 3♦, K♣]",2026-10-06T23:02:03.095Z,179132772309500
"""Heech @ wzsls5Sz57"" calls 0.60",2026-10-06T23:02:02.261Z,179132772226100
"""jaan @ O6Q78KIRx-"" folds",2026-10-06T23:01:57.596Z,179132771759600
"""Dih @ GO72Iwd2XL"" calls 0.60",2026-10-06T23:01:56.740Z,179132771674000
"""Rayan @ nhXZL_Cydv"" raises to 0.60",2026-10-06T23:01:52.612Z,179132771261200
"""sack @ boAReb7tW9"" folds",2026-10-06T23:01:49.812Z,179132770981200
"""Heech @ wzsls5Sz57"" calls 0.20",2026-10-06T23:01:48.853Z,179132770885300
"""jaan @ O6Q78KIRx-"" posts a big blind of 0.20",2026-10-06T23:01:41.567Z,179132770156708
"""Dih @ GO72Iwd2XL"" posts a small blind of 0.10",2026-10-06T23:01:41.567Z,179132770156707
"Player stacks: #1 ""Dih @ GO72Iwd2XL"" (54.60) | #2 ""jaan @ O6Q78KIRx-"" (128.89) | #3 ""Heech @ wzsls5Sz57"" (39.63) | #5 ""sack @ boAReb7tW9"" (17.75) | #9 ""Rayan @ nhXZL_Cydv"" (14.97)",2026-10-06T23:01:41.567Z,179132770156701
"-- starting hand #44 (id: ln5shgn5qtxv)  No Limit Texas Hold'em (dealer: ""Rayan @ nhXZL_Cydv"") --",2026-10-06T23:01:41.567Z,179132770156700
"""Dih @ GO72Iwd2XL"" shows a Q♥, 7♥.",2026-10-06T23:01:39.439Z,179132769943900
"-- ending hand #43 --",2026-10-06T23:01:37.951Z,179132769795102
"""Dih @ GO72Iwd2XL"" collected 9.20 from pot",2026-10-06T23:01:37.951Z,179132769795101
"Uncalled bet of 45.40 returned to ""Dih @ GO72Iwd2XL""",2026-10-06T23:01:37.951Z,179132769795100
"""Rayan @ nhXZL_Cydv"" folds",2026-10-06T23:01:37.131Z,179132769713100
"""Dih @ GO72Iwd2XL"" bets 45.40 and go all in",2026-10-06T23:01:35.653Z,179132769565300
"""Rayan @ nhXZL_Cydv"" checks",2026-10-06T23:01:24.840Z,179132768484000
"River: 4♣, 8♥, 8♠, 6♦ [2♠]",2026-10-06T23:01:13.334Z,179132767333400
"""sack @ boAReb7tW9"" folds",2026-10-06T23:01:12.481Z,179132767248100
"""jaan @ O6Q78KIRx-"" folds",2026-10-06T23:01:10.959Z,179132767095900
"""Dih @ GO72Iwd2XL"" calls 2.40",2026-10-06T23:01:10.079Z,179132767007900
"""Rayan @ nhXZL_Cydv"" bets 2.40",2026-10-06T23:01:07.923Z,179132766792300
"Turn: 4♣, 8♥, 8♠ [6♦]",2026-10-06T23:01:03.927Z,179132766392700
"""sack @ boAReb7tW9"" checks",2026-10-06T23:01:03.036Z,179132766303600
"""jaan @ O6Q78KIRx-"" checks",2026-10-06T23:01:02.122Z,179132766212200
"""Dih @ GO72Iwd2XL"" checks",2026-10-06T23:00:59.964Z,179132765996400
"""Rayan @ nhXZL_Cydv"" checks",2026-10-06T23:00:58.672Z,179132765867200
"Flop:  [4♣, 8♥, 8♠]",2026-10-06T23:00:56.949Z,179132765694900
"""Dih @ GO72Iwd2XL"" calls 1.10",2026-10-06T23:00:56.084Z,179132765608400
"""Rayan @ nhXZL_Cydv"" calls 1.10",2026-10-06T23:00:53.888Z,179132765388800
"""sack @ boAReb7tW9"" calls 1.10",2026-10-06T23:00:46.681Z,179132764668100
"""Heech @ wzsls5Sz57"" folds",2026-10-06T23:00:44.649Z,179132764464900
"""jaan @ O6Q78KIRx-"" raises to 1.10",2026-10-06T23:00:34.053Z,179132763405300
"""Dih @ GO72Iwd2XL"" posts a big blind of 0.20",2026-10-06T23:00:29.722Z,179132762972208
"""Rayan @ nhXZL_Cydv"" posts a small blind of 0.10",2026-10-06T23:00:29.722Z,179132762972207
"Player stacks: #1 ""Dih @ GO72Iwd2XL"" (48.90) | #2 ""jaan @ O6Q78KIRx-"" (129.99) | #3 ""Heech @ wzsls5Sz57"" (39.63) | #5 ""sack @ boAReb7tW9"" (18.85) | #9 ""Rayan @ nhXZL_Cydv"" (18.47)",2026-10-06T23:00:29.722Z,179132762972201
"-- starting hand #43 (id: a0xcvdkskrvi)  No Limit Texas Hold'em (dealer: ""sack @ boAReb7tW9"") --",2026-10-06T23:00:29.722Z,179132762972200
"-- ending hand #42 --",2026-10-06T23:00:23.715Z,179132762371502
"""Heech @ wzsls5Sz57"" collected 21.00 from pot with Full House, 10's over 9's (combination: 9♦, 9♣, 10♦, 10♥, 10♣)",2026-10-06T23:00:23.715Z,179132762371501
"""Heech @ wzsls5Sz57"" shows a 10♦, 9♦.",2026-10-06T23:00:23.715Z,179132762371500
"""Rayan @ nhXZL_Cydv"" calls 6.30",2026-10-06T23:00:22.899Z,179132762289900
"""Heech @ wzsls5Sz57"" bets 6.30",2026-10-06T23:00:06.892Z,179132760689200
"""Rayan @ nhXZL_Cydv"" checks",2026-10-06T23:00:01.650Z,179132760165000
"River: 9♣, 3♣, K♦, 10♥ [10♣]",2026-10-06T22:59:59.550Z,179132759955000
"""Rayan @ nhXZL_Cydv"" calls 2.10",2026-10-06T22:59:58.630Z,179132759863000
"""Heech @ wzsls5Sz57"" bets 2.10",2026-10-06T22:59:45.648Z,179132758564800
"""Rayan @ nhXZL_Cydv"" checks",2026-10-06T22:59:42.913Z,179132758291300
"Turn: 9♣, 3♣, K♦ [10♥]",2026-10-06T22:59:40.742Z,179132758074200
"""Rayan @ nhXZL_Cydv"" calls 1.05",2026-10-06T22:59:39.923Z,179132757992300
"""Heech @ wzsls5Sz57"" bets 1.05",2026-10-06T22:59:37.457Z,179132757745700
"""Rayan @ nhXZL_Cydv"" checks",2026-10-06T22:59:34.791Z,179132757479100
"Flop:  [9♣, 3♣, K♦]",2026-10-06T22:59:33.287Z,179132757328700
"""Rayan @ nhXZL_Cydv"" calls 1.00",2026-10-06T22:59:32.395Z,179132757239500
"""sack @ boAReb7tW9"" folds",2026-10-06T22:59:30.402Z,179132757040200
"""Heech @ wzsls5Sz57"" raises to 1.00",2026-10-06T22:59:28.964Z,179132756896400
"""jaan @ O6Q78KIRx-"" folds",2026-10-06T22:59:23.408Z,179132756340800
"""Dih @ GO72Iwd2XL"" folds",2026-10-06T22:59:21.942Z,179132756194200
"""Rayan @ nhXZL_Cydv"" posts a big blind of 0.20",2026-10-06T22:59:19.540Z,179132755954008
"""sack @ boAReb7tW9"" posts a small blind of 0.10",2026-10-06T22:59:19.540Z,179132755954007
"Player stacks: #1 ""Dih @ GO72Iwd2XL"" (48.90) | #2 ""jaan @ O6Q78KIRx-"" (129.99) | #3 ""Heech @ wzsls5Sz57"" (29.08) | #5 ""sack @ boAReb7tW9"" (18.95) | #9 ""Rayan @ nhXZL_Cydv"" (28.92)",2026-10-06T22:59:19.540Z,179132755954001
"-- starting hand #42 (id: nk70rhpdhsyr)  No Limit Texas Hold'em (dealer: ""Heech @ wzsls5Sz57"") --",2026-10-06T22:59:19.540Z,179132755954000
"-- ending hand #41 --",2026-10-06T22:59:13.504Z,179132755350403
"""Rayan @ nhXZL_Cydv"" collected 4.80 from pot with Pair, 9's (combination: 5♦, 7♠, J♦, 9♠, 9♦)",2026-10-06T22:59:13.504Z,179132755350402
"""Rayan @ nhXZL_Cydv"" shows a J♦, 9♠.",2026-10-06T22:59:13.504Z,179132755350401
"""Heech @ wzsls5Sz57"" shows a 7♣, 6♥.",2026-10-06T22:59:13.504Z,179132755350400
"""Rayan @ nhXZL_Cydv"" checks",2026-10-06T22:59:12.688Z,179132755268800
"""Heech @ wzsls5Sz57"" checks",2026-10-06T22:59:11.640Z,179132755164000
"River: 5♦, 9♦, 4♣, 7♠ [2♠]",2026-10-06T22:59:09.701Z,179132754970100
"""Heech @ wzsls5Sz57"" calls 1.20",2026-10-06T22:59:08.899Z,179132754889900
"""Rayan @ nhXZL_Cydv"" bets 1.20",2026-10-06T22:59:07.126Z,179132754712600
"""Heech @ wzsls5Sz57"" checks",2026-10-06T22:59:00.937Z,179132754093700
"Turn: 5♦, 9♦, 4♣ [7♠]",2026-10-06T22:58:58.844Z,179132753884400
"""sack @ boAReb7tW9"" folds",2026-10-06T22:58:57.918Z,179132753791800
"""Heech @ wzsls5Sz57"" calls 0.80",2026-10-06T22:58:56.050Z,179132753605000
"""jaan @ O6Q78KIRx-"" folds",2026-10-06T22:58:47.206Z,179132752720600
"""Rayan @ nhXZL_Cydv"" bets 0.80",2026-10-06T22:58:44.927Z,179132752492700
"""sack @ boAReb7tW9"" checks",2026-10-06T22:58:40.370Z,179132752037000
"""Heech @ wzsls5Sz57"" checks",2026-10-06T22:58:37.542Z,179132751754200
"Flop:  [5♦, 9♦, 4♣]",2026-10-06T22:58:33.449Z,179132751344900
"""sack @ boAReb7tW9"" checks",2026-10-06T22:58:32.627Z,179132751262700
"""Heech @ wzsls5Sz57"" calls 0.20",2026-10-06T22:58:29.807Z,179132750980700
"""jaan @ O6Q78KIRx-"" calls 0.20",2026-10-06T22:58:24.789Z,179132750478900
"""Dih @ GO72Iwd2XL"" folds",2026-10-06T22:58:23.679Z,179132750367900
"""Rayan @ nhXZL_Cydv"" calls 0.20",2026-10-06T22:58:22.650Z,179132750265000
"""sack @ boAReb7tW9"" posts a big blind of 0.20",2026-10-06T22:58:09.800Z,179132748980008
"""Heech @ wzsls5Sz57"" posts a small blind of 0.10",2026-10-06T22:58:09.800Z,179132748980007
"Player stacks: #1 ""Dih @ GO72Iwd2XL"" (48.90) | #2 ""jaan @ O6Q78KIRx-"" (130.19) | #3 ""Heech @ wzsls5Sz57"" (31.28) | #5 ""sack @ boAReb7tW9"" (19.15) | #9 ""Rayan @ nhXZL_Cydv"" (26.32)",2026-10-06T22:58:09.800Z,179132748980001
"-- starting hand #41 (id: nypzfvdlyr0p)  No Limit Texas Hold'em (dealer: ""jaan @ O6Q78KIRx-"") --",2026-10-06T22:58:09.800Z,179132748980000
"""sack @ boAReb7tW9"" shows a 10♣, K♦.",2026-10-06T22:58:06.375Z,179132748637500
"-- ending hand #40 --",2026-10-06T22:58:03.193Z,179132748319302
"""sack @ boAReb7tW9"" collected 4.90 from pot",2026-10-06T22:58:03.193Z,179132748319301
"Uncalled bet of 2.45 returned to ""sack @ boAReb7tW9""",2026-10-06T22:58:03.193Z,179132748319300
"""jaan @ O6Q78KIRx-"" folds",2026-10-06T22:58:02.365Z,179132748236500
"""sack @ boAReb7tW9"" bets 2.45",2026-10-06T22:57:31.455Z,179132745145500
"""jaan @ O6Q78KIRx-"" checks",2026-10-06T22:57:26.292Z,179132744629200
"Flop:  [2♠, 2♥, A♦]",2026-10-06T22:57:20.835Z,179132744083500
"""sack @ boAReb7tW9"" calls 2.35",2026-10-06T22:57:19.979Z,179132743997900
"""Heech @ wzsls5Sz57"" folds",2026-10-06T22:57:18.328Z,179132743832800
"""jaan @ O6Q78KIRx-"" raises to 2.35",2026-10-06T22:57:15.595Z,179132743559500
"""Dih @ GO72Iwd2XL"" folds",2026-10-06T22:57:09.585Z,179132742958500
"""Rayan @ nhXZL_Cydv"" folds",2026-10-06T22:57:05.034Z,179132742503400
"""sack @ boAReb7tW9"" raises to 0.80",2026-10-06T22:57:03.907Z,179132742390700
"""Heech @ wzsls5Sz57"" posts a big blind of 0.20",2026-10-06T22:57:00.410Z,179132742041009
"""jaan @ O6Q78KIRx-"" posts a small blind of 0.10",2026-10-06T22:57:00.410Z,179132742041008
"Player stacks: #1 ""Dih @ GO72Iwd2XL"" (48.90) | #2 ""jaan @ O6Q78KIRx-"" (132.54) | #3 ""Heech @ wzsls5Sz57"" (31.48) | #5 ""sack @ boAReb7tW9"" (16.60) | #9 ""Rayan @ nhXZL_Cydv"" (26.32)",2026-10-06T22:57:00.410Z,179132742041002
"-- starting hand #40 (id: gdwwo4zv7trs)  No Limit Texas Hold'em (dealer: ""Dih @ GO72Iwd2XL"") --",2026-10-06T22:57:00.410Z,179132742041001
"The player ""Heech @ wzsls5Sz57"" joined the game with a stack of 31.48.",2026-10-06T22:57:00.410Z,179132742041000
"-- ending hand #39 --",2026-10-06T22:56:54.378Z,179132741437802
"""Rayan @ nhXZL_Cydv"" collected 16.14 from pot",2026-10-06T22:56:54.378Z,179132741437801
"Uncalled bet of 10.18 returned to ""Rayan @ nhXZL_Cydv""",2026-10-06T22:56:54.378Z,179132741437800
"""jaan @ O6Q78KIRx-"" folds",2026-10-06T22:56:53.571Z,179132741357100
"""Rayan @ nhXZL_Cydv"" raises to 15.18 and go all in",2026-10-06T22:56:45.672Z,179132740567200
"""jaan @ O6Q78KIRx-"" bets 5.00",2026-10-06T22:56:41.252Z,179132740125200
"Turn: 2♦, A♠, 2♣ [7♥]",2026-10-06T22:56:30.760Z,179132739076000
"""Rayan @ nhXZL_Cydv"" calls 1.92",2026-10-06T22:56:29.884Z,179132738988400
"""jaan @ O6Q78KIRx-"" bets 1.92",2026-10-06T22:56:27.297Z,179132738729700
"Flop:  [2♦, A♠, 2♣]",2026-10-06T22:56:20.147Z,179132738014700
"""Rayan @ nhXZL_Cydv"" calls 1.10",2026-10-06T22:56:19.262Z,179132737926200
"""jaan @ O6Q78KIRx-"" raises to 1.10",2026-10-06T22:56:18.093Z,179132737809300
"""Dih @ GO72Iwd2XL"" folds",2026-10-06T22:56:14.105Z,179132737410500
"""Rayan @ nhXZL_Cydv"" calls 0.20",2026-10-06T22:56:10.728Z,179132737072800
"""sack @ boAReb7tW9"" folds",2026-10-06T22:56:09.420Z,179132736942000
"The player ""Heech @ wzsls5Sz57"" sit back with the stack of 31.48.",2026-10-06T22:56:08.110Z,179132736811000
"""jaan @ O6Q78KIRx-"" posts a big blind of 0.20",2026-10-06T22:56:07.340Z,179132736734008
"""Dih @ GO72Iwd2XL"" posts a small blind of 0.10",2026-10-06T22:56:07.340Z,179132736734007
"Player stacks: #1 ""Dih @ GO72Iwd2XL"" (49.00) | #2 ""jaan @ O6Q78KIRx-"" (140.56) | #5 ""sack @ boAReb7tW9"" (16.60) | #9 ""Rayan @ nhXZL_Cydv"" (18.20)",2026-10-06T22:56:07.340Z,179132736734002
"-- starting hand #39 (id: eity2hn0ebgt)  No Limit Texas Hold'em (dealer: ""Rayan @ nhXZL_Cydv"") --",2026-10-06T22:56:07.340Z,179132736734001
"The player ""Heech @ wzsls5Sz57"" stand up with the stack of 31.48.",2026-10-06T22:56:07.340Z,179132736734000
"-- ending hand #38 --",2026-10-06T22:56:01.304Z,179132736130402
"""Rayan @ nhXZL_Cydv"" collected 18.20 from pot with Straight, A High (combination: 10♠, J♣, Q♦, K♦, A♦)",2026-10-06T22:56:01.304Z,179132736130401
"""jaan @ O6Q78KIRx-"" collected 18.20 from pot with Straight, A High (combination: 10♠, J♣, Q♦, K♦, A♣)",2026-10-06T22:56:01.304Z,179132736130400
"River: J♣, Q♦, 10♠, K♠ [K♦]",2026-10-06T22:55:57.279Z,179132735727900
"""Rayan @ nhXZL_Cydv"" shows a A♦.",2026-10-06T22:55:53.173Z,179132735317301
"""jaan @ O6Q78KIRx-"" shows a 8♣, A♣.",2026-10-06T22:55:53.173Z,179132735317300
"""Rayan @ nhXZL_Cydv"" shows a Q♠.",2026-10-06T22:55:52.432Z,179132735243200
"Some players choose to not run it twice.",2026-10-06T22:55:52.358Z,179132735235801
"""jaan @ O6Q78KIRx-"" chooses to not run it twice.",2026-10-06T22:55:52.358Z,179132735235800
"Remaining players decide whether to run it twice.",2026-10-06T22:55:51.390Z,179132735139001
"""jaan @ O6Q78KIRx-"" calls 15.20",2026-10-06T22:55:51.390Z,179132735139000
"""Rayan @ nhXZL_Cydv"" raises to 15.20 and go all in",2026-10-06T22:55:49.161Z,179132734916100
"""jaan @ O6Q78KIRx-"" bets 4.70",2026-10-06T22:55:46.917Z,179132734691700
"""Rayan @ nhXZL_Cydv"" checks",2026-10-06T22:55:40.250Z,179132734025000
"Turn: J♣, Q♦, 10♠ [K♠]",2026-10-06T22:55:38.665Z,179132733866500
"""Rayan @ nhXZL_Cydv"" calls 1.60",2026-10-06T22:55:37.785Z,179132733778500
"""jaan @ O6Q78KIRx-"" bets 1.60",2026-10-06T22:55:33.624Z,179132733362400
"""Rayan @ nhXZL_Cydv"" checks",2026-10-06T22:55:25.548Z,179132732554800
"Flop:  [J♣, Q♦, 10♠]",2026-10-06T22:55:23.252Z,179132732325200
"""Dih @ GO72Iwd2XL"" folds",2026-10-06T22:55:22.433Z,179132732243300
"""Rayan @ nhXZL_Cydv"" calls 1.30",2026-10-06T22:55:21.523Z,179132732152300
"""sack @ boAReb7tW9"" folds",2026-10-06T22:55:19.308Z,179132731930800
"""Heech @ wzsls5Sz57"" folds",2026-10-06T22:55:18.447Z,179132731844700
"""jaan @ O6Q78KIRx-"" raises to 1.30",2026-10-06T22:54:32.558Z,179132727255800
"""Dih @ GO72Iwd2XL"" posts a big blind of 0.20",2026-10-06T22:54:27.370Z,179132726737009
"""Rayan @ nhXZL_Cydv"" posts a small blind of 0.10",2026-10-06T22:54:27.370Z,179132726737008
"Player stacks: #1 ""Dih @ GO72Iwd2XL"" (49.20) | #2 ""jaan @ O6Q78KIRx-"" (140.46) | #3 ""Heech @ wzsls5Sz57"" (31.48) | #5 ""sack @ boAReb7tW9"" (16.60) | #9 ""Rayan @ nhXZL_Cydv"" (18.10)",2026-10-06T22:54:27.370Z,179132726737002
"-- starting hand #38 (id: dbefpukv8ipl)  No Limit Texas Hold'em (dealer: ""sack @ boAReb7tW9"") --",2026-10-06T22:54:27.370Z,179132726737001
"The player ""Barbie's Men @ 1MAe7RP1K5"" quits the game with a stack of 0.00.",2026-10-06T22:54:27.370Z,179132726737000
"Asking to busted players the rebuy decision.",2026-10-06T22:54:25.813Z,179132726581300
"-- ending hand #37 --",2026-10-06T22:54:19.807Z,179132725980704
"""Barbie's Men @ 1MAe7RP1K5"" shows a Q♣, 6♦.",2026-10-06T22:54:19.807Z,179132725980703
"""jaan @ O6Q78KIRx-"" collected 11.72 from pot with Flush, A High (combination: 3♦, 5♦, 9♦, J♦, A♦)",2026-10-06T22:54:19.807Z,179132725980702
"""jaan @ O6Q78KIRx-"" shows a J♦, 3♦.",2026-10-06T22:54:19.807Z,179132725980701
"Uncalled bet of 6.14 returned to ""jaan @ O6Q78KIRx-""",2026-10-06T22:54:19.807Z,179132725980700
"""sack @ boAReb7tW9"" folds",2026-10-06T22:54:18.973Z,179132725897300
"""Barbie's Men @ 1MAe7RP1K5"" calls 1.86 and go all in",2026-10-06T22:54:16.745Z,179132725674500
"""jaan @ O6Q78KIRx-"" bets 8.00",2026-10-06T22:54:15.681Z,179132725568100
"""sack @ boAReb7tW9"" checks",2026-10-06T22:54:08.478Z,179132724847800
"River: 8♠, 7♥, A♦, 5♦ [9♦]",2026-10-06T22:53:43.564Z,179132722356400
"""Barbie's Men @ 1MAe7RP1K5"" calls 1.60",2026-10-06T22:53:42.738Z,179132722273800
"""jaan @ O6Q78KIRx-"" calls 1.60",2026-10-06T22:53:41.856Z,179132722185600
"""Rayan @ nhXZL_Cydv"" folds",2026-10-06T22:53:40.850Z,179132722085000
"""sack @ boAReb7tW9"" bets 1.60",2026-10-06T22:53:39.945Z,179132721994500
"Turn: 8♠, 7♥, A♦ [5♦]",2026-10-06T22:53:35.686Z,179132721568600
"""Barbie's Men @ 1MAe7RP1K5"" checks",2026-10-06T22:53:34.853Z,179132721485300
"""jaan @ O6Q78KIRx-"" checks",2026-10-06T22:53:33.933Z,179132721393300
"""Rayan @ nhXZL_Cydv"" checks",2026-10-06T22:53:32.368Z,179132721236800
"""sack @ boAReb7tW9"" checks",2026-10-06T22:53:31.186Z,179132721118600
"Flop:  [8♠, 7♥, A♦]",2026-10-06T22:53:25.462Z,179132720546200
"""Barbie's Men @ 1MAe7RP1K5"" calls 0.80",2026-10-06T22:53:24.611Z,179132720461100
"""jaan @ O6Q78KIRx-"" calls 0.80",2026-10-06T22:53:23.590Z,179132720359000
"""Rayan @ nhXZL_Cydv"" calls 0.80",2026-10-06T22:53:20.538Z,179132720053800
"""sack @ boAReb7tW9"" raises to 0.80",2026-10-06T22:53:16.950Z,179132719695000
"""Barbie's Men @ 1MAe7RP1K5"" calls 0.20",2026-10-06T22:53:13.779Z,179132719377900
"""Heech @ wzsls5Sz57"" folds",2026-10-06T22:53:12.777Z,179132719277700
"""jaan @ O6Q78KIRx-"" calls 0.20",2026-10-06T22:53:10.941Z,179132719094100
"""Dih @ GO72Iwd2XL"" folds",2026-10-06T22:53:09.455Z,179132718945500
"""Rayan @ nhXZL_Cydv"" posts a big blind of 0.20",2026-10-06T22:53:07.981Z,179132718798110
"""sack @ boAReb7tW9"" posts a small blind of 0.10",2026-10-06T22:53:07.981Z,179132718798109
"Player stacks: #1 ""Dih @ GO72Iwd2XL"" (49.20) | #2 ""jaan @ O6Q78KIRx-"" (133.00) | #3 ""Heech @ wzsls5Sz57"" (31.48) | #4 ""Barbie's Men @ 1MAe7RP1K5"" (4.26) | #5 ""sack @ boAReb7tW9"" (19.00) | #9 ""Rayan @ nhXZL_Cydv"" (18.90)",2026-10-06T22:53:07.981Z,179132718798102
"-- starting hand #37 (id: nwduvidbxdjz)  No Limit Texas Hold'em (dealer: ""Barbie's Men @ 1MAe7RP1K5"") --",2026-10-06T22:53:07.981Z,179132718798101
"The player ""rowan @ GthBpPSqaK"" stand up with the stack of 54.16.",2026-10-06T22:53:07.981Z,179132718798100
"""sack @ boAReb7tW9"" shows a Q♠, 3♠.",2026-10-06T22:53:02.685Z,179132718268500
"-- ending hand #36 --",2026-10-06T22:53:01.377Z,179132718137702
"""jaan @ O6Q78KIRx-"" collected 2.50 from pot",2026-10-06T22:53:01.377Z,179132718137701
"Uncalled bet of 1.87 returned to ""jaan @ O6Q78KIRx-""",2026-10-06T22:53:01.377Z,179132718137700
"""Rayan @ nhXZL_Cydv"" folds",2026-10-06T22:53:00.517Z,179132718051700
"""jaan @ O6Q78KIRx-"" bets 1.87",2026-10-06T22:52:59.640Z,179132717964000
"""Rayan @ nhXZL_Cydv"" checks",2026-10-06T22:52:53.971Z,179132717397100
"Flop:  [Q♣, 3♣, J♠]",2026-10-06T22:52:52.163Z,179132717216300
"""Rayan @ nhXZL_Cydv"" calls 1.10",2026-10-06T22:52:51.336Z,179132717133600
"""sack @ boAReb7tW9"" folds",2026-10-06T22:52:48.912Z,179132716891200
"""Barbie's Men @ 1MAe7RP1K5"" folds",2026-10-06T22:52:47.750Z,179132716775000
"""Heech @ wzsls5Sz57"" folds",2026-10-06T22:52:46.814Z,179132716681400
"""jaan @ O6Q78KIRx-"" raises to 1.10",2026-10-06T22:52:45.649Z,179132716564900
"""Dih @ GO72Iwd2XL"" folds",2026-10-06T22:52:38.179Z,179132715817900
"""rowan @ GthBpPSqaK"" folds",2026-10-06T22:52:37.247Z,179132715724700
"""Rayan @ nhXZL_Cydv"" calls 0.20",2026-10-06T22:52:35.083Z,179132715508300
"""sack @ boAReb7tW9"" posts a big blind of 0.20",2026-10-06T22:52:32.468Z,179132715246810
"""Barbie's Men @ 1MAe7RP1K5"" posts a small blind of 0.10",2026-10-06T22:52:32.468Z,179132715246809
"Player stacks: #1 ""Dih @ GO72Iwd2XL"" (49.20) | #2 ""jaan @ O6Q78KIRx-"" (131.60) | #3 ""Heech @ wzsls5Sz57"" (31.48) | #4 ""Barbie's Men @ 1MAe7RP1K5"" (4.36) | #5 ""sack @ boAReb7tW9"" (19.20) | #9 ""Rayan @ nhXZL_Cydv"" (20.00) | #10 ""rowan @ GthBpPSqaK"" (54.16)",2026-10-06T22:52:32.468Z,179132715246801
"-- starting hand #36 (id: j4piojuwvd1x)  No Limit Texas Hold'em (dealer: ""Heech @ wzsls5Sz57"") --",2026-10-06T22:52:32.468Z,179132715246800
"""jaan @ O6Q78KIRx-"" shows a A♥.",2026-10-06T22:52:27.464Z,179132714746400
"""rowan @ GthBpPSqaK"" shows a A♠.",2026-10-06T22:52:26.709Z,179132714670900
"""sack @ boAReb7tW9"" shows a A♦.",2026-10-06T22:52:25.200Z,179132714520000
"-- ending hand #35 --",2026-10-06T22:52:24.454Z,179132714445402
"""rowan @ GthBpPSqaK"" collected 4.80 from pot",2026-10-06T22:52:24.454Z,179132714445401
"Uncalled bet of 2.40 returned to ""rowan @ GthBpPSqaK""",2026-10-06T22:52:24.454Z,179132714445400
"""sack @ boAReb7tW9"" folds",2026-10-06T22:52:23.620Z,179132714362000
"""Barbie's Men @ 1MAe7RP1K5"" folds",2026-10-06T22:52:14.454Z,179132713445400
"""Heech @ wzsls5Sz57"" folds",2026-10-06T22:52:13.561Z,179132713356100
"""jaan @ O6Q78KIRx-"" folds",2026-10-06T22:52:12.393Z,179132713239300
"""Dih @ GO72Iwd2XL"" folds",2026-10-06T22:52:10.828Z,179132713082800
"""rowan @ GthBpPSqaK"" bets 2.40",2026-10-06T22:52:01.142Z,179132712114200
"""sack @ boAReb7tW9"" checks",2026-10-06T22:51:58.038Z,179132711803800
"""Barbie's Men @ 1MAe7RP1K5"" checks",2026-10-06T22:51:57.064Z,179132711706400
"""Heech @ wzsls5Sz57"" checks",2026-10-06T22:51:56.189Z,179132711618900
"Turn: J♣, J♦, 5♥ [5♠]",2026-10-06T22:51:52.112Z,179132711211200
"""jaan @ O6Q78KIRx-"" checks",2026-10-06T22:51:51.217Z,179132711121700
"""Dih @ GO72Iwd2XL"" checks",2026-10-06T22:51:47.263Z,179132710726300
"""rowan @ GthBpPSqaK"" checks",2026-10-06T22:51:44.595Z,179132710459500
"""sack @ boAReb7tW9"" checks",2026-10-06T22:51:42.866Z,179132710286600
"""Barbie's Men @ 1MAe7RP1K5"" checks",2026-10-06T22:51:40.466Z,179132710046600
"""Heech @ wzsls5Sz57"" checks",2026-10-06T22:51:38.419Z,179132709841900
"Flop:  [J♣, J♦, 5♥]",2026-10-06T22:51:35.096Z,179132709509600
"""sack @ boAReb7tW9"" calls 0.80",2026-10-06T22:51:34.180Z,179132709418000
"""Barbie's Men @ 1MAe7RP1K5"" calls 0.80",2026-10-06T22:51:33.197Z,179132709319700
"""Heech @ wzsls5Sz57"" calls 0.80",2026-10-06T22:51:32.282Z,179132709228200
"""jaan @ O6Q78KIRx-"" calls 0.80",2026-10-06T22:51:30.384Z,179132709038400
"""Dih @ GO72Iwd2XL"" calls 0.80",2026-10-06T22:51:24.923Z,179132708492300
"""rowan @ GthBpPSqaK"" raises to 0.80",2026-10-06T22:51:23.579Z,179132708357900
"""Rayan @ nhXZL_Cydv"" folds",2026-10-06T22:51:16.236Z,179132707623600
"""sack @ boAReb7tW9"" calls 0.20",2026-10-06T22:51:14.969Z,179132707496900
"""Barbie's Men @ 1MAe7RP1K5"" posts a big blind of 0.20",2026-10-06T22:51:13.125Z,179132707312511
"""Heech @ wzsls5Sz57"" posts a small blind of 0.10",2026-10-06T22:51:13.125Z,179132707312510
"Player stacks: #1 ""Dih @ GO72Iwd2XL"" (50.00) | #2 ""jaan @ O6Q78KIRx-"" (132.40) | #3 ""Heech @ wzsls5Sz57"" (32.28) | #4 ""Barbie's Men @ 1MAe7RP1K5"" (5.16) | #5 ""sack @ boAReb7tW9"" (20.00) | #9 ""Rayan @ nhXZL_Cydv"" (20.00) | #10 ""rowan @ GthBpPSqaK"" (50.16)",2026-10-06T22:51:13.125Z,179132707312502
"-- starting hand #35 (id: flit8imoxfbn)  No Limit Texas Hold'em (dealer: ""jaan @ O6Q78KIRx-"") --",2026-10-06T22:51:13.125Z,179132707312501
"The admin updated the player ""Rayan @ nhXZL_Cydv"" stack from 50.00 to 20.00.",2026-10-06T22:51:13.125Z,179132707312500
"""sack @ boAReb7tW9"" shows a 4♦, 6♦.",2026-10-06T22:51:09.969Z,179132706996900
"""rowan @ GthBpPSqaK"" shows a A♥, 9♣.",2026-10-06T22:51:09.657Z,179132706965700
"-- ending hand #34 --",2026-10-06T22:51:04.109Z,179132706410902
"""Barbie's Men @ 1MAe7RP1K5"" collected 5.16 from pot with Flush, K High on the second run  (combination: 7♦, 9♦, J♦, Q♦, K♦)",2026-10-06T22:51:04.109Z,179132706410901
"""Heech @ wzsls5Sz57"" collected 5.16 from pot with Pair, J's (combination: 7♠, 8♠, Q♦, J♠, J♦)",2026-10-06T22:51:04.109Z,179132706410900
"River (second run): J♦, Q♦, 2♣, 7♠ [7♦]",2026-10-06T22:51:00.100Z,179132706010000
"River: J♦, Q♦, 2♣, 7♠ [8♠]",2026-10-06T22:50:56.062Z,179132705606200
"""Barbie's Men @ 1MAe7RP1K5"" shows a 9♦, K♦.",2026-10-06T22:50:52.058Z,179132705205802
"""Heech @ wzsls5Sz57"" shows a 6♥, J♠.",2026-10-06T22:50:52.058Z,179132705205801
"Uncalled bet of 5.16 returned to ""Heech @ wzsls5Sz57""",2026-10-06T22:50:52.058Z,179132705205800
"All players in hand choose to run it twice.",2026-10-06T22:50:51.135Z,179132705113501
"""Barbie's Men @ 1MAe7RP1K5"" chooses to  run it twice.",2026-10-06T22:50:51.135Z,179132705113500
"""Heech @ wzsls5Sz57"" chooses to  run it twice.",2026-10-06T22:50:48.844Z,179132704884400
"Remaining players decide whether to run it twice.",2026-10-06T22:50:47.360Z,179132704736001
"""jaan @ O6Q78KIRx-"" folds",2026-10-06T22:50:47.360Z,179132704736000
"""rowan @ GthBpPSqaK"" folds",2026-10-06T22:50:45.677Z,179132704567700
"""Heech @ wzsls5Sz57"" bets 5.16",2026-10-06T22:50:44.672Z,179132704467200
"""jaan @ O6Q78KIRx-"" checks",2026-10-06T22:50:41.598Z,179132704159800
"Turn: J♦, Q♦, 2♣ [7♠]",2026-10-06T22:50:39.636Z,179132703963600
"""rowan @ GthBpPSqaK"" checks",2026-10-06T22:50:38.767Z,179132703876700
"""Heech @ wzsls5Sz57"" checks",2026-10-06T22:50:37.273Z,179132703727300
"WARNING: the admin queued the stack change for the player ""Rayan @ nhXZL_Cydv"" removing 30.00 chips in the next hand.",2026-10-06T22:50:37.231Z,179132703723100
"""jaan @ O6Q78KIRx-"" checks",2026-10-06T22:50:34.807Z,179132703480700
"Flop:  [J♦, Q♦, 2♣]",2026-10-06T22:50:30.598Z,179132703059800
"""Heech @ wzsls5Sz57"" calls 2.58",2026-10-06T22:50:29.742Z,179132702974200
"""jaan @ O6Q78KIRx-"" calls 2.58",2026-10-06T22:50:23.733Z,179132702373300
"""Dih @ GO72Iwd2XL"" folds",2026-10-06T22:50:17.173Z,179132701717300
"""rowan @ GthBpPSqaK"" calls 2.58",2026-10-06T22:50:14.102Z,179132701410200
"""Rayan @ nhXZL_Cydv"" folds",2026-10-06T22:50:13.202Z,179132701320200
"""sack @ boAReb7tW9"" folds",2026-10-06T22:50:12.100Z,179132701210000
"""Barbie's Men @ 1MAe7RP1K5"" raises to 2.58 and go all in",2026-10-06T22:50:09.988Z,179132700998800
"""Heech @ wzsls5Sz57"" posts a big blind of 0.20",2026-10-06T22:50:06.893Z,179132700689312
"""jaan @ O6Q78KIRx-"" posts a small blind of 0.10",2026-10-06T22:50:06.893Z,179132700689311
"Player stacks: #1 ""Dih @ GO72Iwd2XL"" (50.00) | #2 ""jaan @ O6Q78KIRx-"" (134.98) | #3 ""Heech @ wzsls5Sz57"" (29.70) | #4 ""Barbie's Men @ 1MAe7RP1K5"" (2.58) | #5 ""sack @ boAReb7tW9"" (20.00) | #9 ""Rayan @ nhXZL_Cydv"" (50.00) | #10 ""rowan @ GthBpPSqaK"" (52.74)",2026-10-06T22:50:06.893Z,179132700689303
"-- starting hand #34 (id: zodp2zs4rgu5)  No Limit Texas Hold'em (dealer: ""Dih @ GO72Iwd2XL"") --",2026-10-06T22:50:06.893Z,179132700689302
"The player ""Dih @ GO72Iwd2XL"" rebought. New stack 50.00.",2026-10-06T22:50:06.893Z,179132700689301
"The player ""Dih @ GO72Iwd2XL"" requested a rebuy of 50.00.",2026-10-06T22:50:06.893Z,179132700689300
"""Heech @ wzsls5Sz57"" shows a 6♣, 6♠.",2026-10-06T22:50:03.569Z,179132700356900
"The player ""Rayan @ nhXZL_Cydv"" rebought. New stack 50.00.",2026-10-06T22:50:02.638Z,179132700263800
"The player ""Rayan @ nhXZL_Cydv"" requested a rebuy of 20.00.",2026-10-06T22:49:59.858Z,179132699985800
"Asking to busted players the rebuy decision.",2026-10-06T22:49:56.877Z,179132699687700
"""rowan @ GthBpPSqaK"" shows a 3♠, 9♦.",2026-10-06T22:49:51.084Z,179132699108400
"-- ending hand #33 --",2026-10-06T22:49:50.269Z,179132699026903
"""jaan @ O6Q78KIRx-"" collected 65.20 from pot with Two Pair, A's & 9's (combination: 8♥, 9♠, 9♥, A♠, A♣)",2026-10-06T22:49:50.269Z,179132699026902
"""jaan @ O6Q78KIRx-"" collected 0.06 from pot with Two Pair, A's & 9's (combination: 8♥, 9♠, 9♥, A♠, A♣)",2026-10-06T22:49:50.269Z,179132699026901
"""jaan @ O6Q78KIRx-"" collected 69.72 from pot with Two Pair, A's & 9's (combination: 8♥, 9♠, 9♥, A♠, A♣)",2026-10-06T22:49:50.269Z,179132699026900
"River: 5♣, 9♠, 9♥, 3♣ [8♥]",2026-10-06T22:49:46.265Z,179132698626500
"Turn: 5♣, 9♠, 9♥ [3♣]",2026-10-06T22:49:42.154Z,179132698215400
"Flop:  [5♣, 9♠, 9♥]",2026-10-06T22:49:38.136Z,179132697813600
"""Rayan @ nhXZL_Cydv"" shows a J♠, J♦.",2026-10-06T22:49:34.115Z,179132697411502
"""jaan @ O6Q78KIRx-"" shows a A♠, A♣.",2026-10-06T22:49:34.115Z,179132697411501
"""Dih @ GO72Iwd2XL"" shows a Q♥, K♦.",2026-10-06T22:49:34.115Z,179132697411500
"""Barbie's Men @ 1MAe7RP1K5"" shows a K♣, Q♦.",2026-10-06T22:49:33.570Z,179132697357000
"Some players choose to not run it twice.",2026-10-06T22:49:33.306Z,179132697330601
"""Rayan @ nhXZL_Cydv"" chooses to not run it twice.",2026-10-06T22:49:33.306Z,179132697330600
"Remaining players decide whether to run it twice.",2026-10-06T22:49:32.656Z,179132697265601
"""Rayan @ nhXZL_Cydv"" calls 17.40 and go all in",2026-10-06T22:49:32.656Z,179132697265600
"""Barbie's Men @ 1MAe7RP1K5"" calls 50.00",2026-10-06T22:49:31.534Z,179132697153400
"""Heech @ wzsls5Sz57"" folds",2026-10-06T22:49:15.135Z,179132695513500
"""jaan @ O6Q78KIRx-"" raises to 50.00 and go all in",2026-10-06T22:49:13.019Z,179132695301900
"""Dih @ GO72Iwd2XL"" raises to 17.38 and go all in",2026-10-06T22:49:06.013Z,179132694601300
"""rowan @ GthBpPSqaK"" folds",2026-10-06T22:49:01.538Z,179132694153800
"""Rayan @ nhXZL_Cydv"" raises to 1.20",2026-10-06T22:49:00.632Z,179132694063200
"""sack @ boAReb7tW9"" folds",2026-10-06T22:48:54.352Z,179132693435200
"""Barbie's Men @ 1MAe7RP1K5"" raises to 0.60",2026-10-06T22:48:49.293Z,179132692929300
"""Heech @ wzsls5Sz57"" calls 0.20",2026-10-06T22:48:45.688Z,179132692568800
"""jaan @ O6Q78KIRx-"" posts a big blind of 0.20",2026-10-06T22:48:40.863Z,179132692086313
"""Dih @ GO72Iwd2XL"" posts a small blind of 0.10",2026-10-06T22:48:40.863Z,179132692086312
"Player stacks: #1 ""Dih @ GO72Iwd2XL"" (17.38) | #2 ""jaan @ O6Q78KIRx-"" (50.00) | #3 ""Heech @ wzsls5Sz57"" (29.90) | #4 ""Barbie's Men @ 1MAe7RP1K5"" (52.58) | #5 ""sack @ boAReb7tW9"" (20.00) | #9 ""Rayan @ nhXZL_Cydv"" (17.40) | #10 ""rowan @ GthBpPSqaK"" (52.74)",2026-10-06T22:48:40.863Z,179132692086304
"-- starting hand #33 (id: lydicqrmwgux)  No Limit Texas Hold'em (dealer: ""rowan @ GthBpPSqaK"") --",2026-10-06T22:48:40.863Z,179132692086303
"The player ""sack @ boAReb7tW9"" joined the game with a stack of 20.00.",2026-10-06T22:48:40.863Z,179132692086302
"The player ""jaan @ O6Q78KIRx-"" rebought. New stack 50.00.",2026-10-06T22:48:40.863Z,179132692086301
"Game Config Changes
* Show All Hands when Bets Finish in All-in: off » on",2026-10-06T22:48:40.863Z,179132692086300
"Waiting for the game owner to approve or reject pending rebuy requests.",2026-10-06T22:48:39.684Z,179132691968401
"The player ""jaan @ O6Q78KIRx-"" requested a rebuy of 50.00.",2026-10-06T22:48:39.684Z,179132691968400
"The admin approved the player ""sack @ boAReb7tW9"" participation with a stack of 20.00.",2026-10-06T22:48:35.459Z,179132691545900
"The player ""sack @ boAReb7tW9"" requested a seat.",2026-10-06T22:48:34.113Z,179132691411300
"""Dih @ GO72Iwd2XL"" shows a 10♥.",2026-10-06T22:48:33.164Z,179132691316400
"Asking to busted players the rebuy decision.",2026-10-06T22:48:32.810Z,179132691281000
"""Heech @ wzsls5Sz57"" shows a 8♠, K♣.",2026-10-06T22:48:25.019Z,179132690501900
"-- ending hand #32 --",2026-10-06T22:48:24.229Z,179132690422902
"""Barbie's Men @ 1MAe7RP1K5"" collected 11.43 from pot with Two Pair, K's & J's on the second run  (combination: 10♠, J♠, J♦, K♥, K♠)",2026-10-06T22:48:24.229Z,179132690422901
"""Barbie's Men @ 1MAe7RP1K5"" collected 11.43 from pot with Full House, K's over J's (combination: J♠, J♦, K♥, K♠, K♦)",2026-10-06T22:48:24.229Z,179132690422900
"River (second run): 10♠, K♥, K♠, 6♥ [8♦]",2026-10-06T22:48:20.225Z,179132690022500
"Turn (second run): 10♠, K♥, K♠ [6♥]",2026-10-06T22:48:16.161Z,179132689616100
"River: 10♠, K♥, K♠, K♦ [4♥]",2026-10-06T22:48:12.157Z,179132689215700
"Turn: 10♠, K♥, K♠ [K♦]",2026-10-06T22:48:08.110Z,179132688811000
"""Barbie's Men @ 1MAe7RP1K5"" shows a J♠, J♦.",2026-10-06T22:48:05.021Z,179132688502100
"Uncalled bet of 0.17 returned to ""Barbie's Men @ 1MAe7RP1K5""",2026-10-06T22:48:04.108Z,179132688410800
"All players in hand choose to run it twice.",2026-10-06T22:48:03.264Z,179132688326401
"""jaan @ O6Q78KIRx-"" chooses to  run it twice.",2026-10-06T22:48:03.264Z,179132688326400
"""Barbie's Men @ 1MAe7RP1K5"" chooses to  run it twice.",2026-10-06T22:48:02.098Z,179132688209800
"Remaining players decide whether to run it twice.",2026-10-06T22:48:01.091Z,179132688109101
"""jaan @ O6Q78KIRx-"" calls 0.03 and go all in",2026-10-06T22:48:01.091Z,179132688109100
"""Barbie's Men @ 1MAe7RP1K5"" bets 0.20",2026-10-06T22:47:59.162Z,179132687916200
"""jaan @ O6Q78KIRx-"" checks",2026-10-06T22:47:57.122Z,179132687712200
"Flop:  [10♠, K♥, K♠]",2026-10-06T22:47:52.381Z,179132687238100
"""jaan @ O6Q78KIRx-"" calls 10.40",2026-10-06T22:47:51.574Z,179132687157400
"""Dih @ GO72Iwd2XL"" folds",2026-10-06T22:47:50.169Z,179132687016900
"""rowan @ GthBpPSqaK"" folds",2026-10-06T22:47:43.951Z,179132686395100
"""Rayan @ nhXZL_Cydv"" folds",2026-10-06T22:47:43.036Z,179132686303600
"""Barbie's Men @ 1MAe7RP1K5"" raises to 10.40",2026-10-06T22:47:41.701Z,179132686170100
"""Heech @ wzsls5Sz57"" folds",2026-10-06T22:47:39.075Z,179132685907500
"""jaan @ O6Q78KIRx-"" raises to 2.80",2026-10-06T22:47:37.013Z,179132685701300
"""Dih @ GO72Iwd2XL"" calls 0.60",2026-10-06T22:47:25.263Z,179132684526300
"""rowan @ GthBpPSqaK"" calls 0.60",2026-10-06T22:47:24.208Z,179132684420800
"""Rayan @ nhXZL_Cydv"" calls 0.60",2026-10-06T22:47:23.081Z,179132684308100
"""Barbie's Men @ 1MAe7RP1K5"" raises to 0.60",2026-10-06T22:47:20.744Z,179132684074400
"""Heech @ wzsls5Sz57"" calls 0.20",2026-10-06T22:47:17.744Z,179132683774400
"""jaan @ O6Q78KIRx-"" calls 0.20",2026-10-06T22:47:14.625Z,179132683462500
"""Dih @ GO72Iwd2XL"" posts a big blind of 0.20",2026-10-06T22:47:13.454Z,179132683345409
"""rowan @ GthBpPSqaK"" posts a small blind of 0.10",2026-10-06T22:47:13.454Z,179132683345408
"Player stacks: #1 ""Dih @ GO72Iwd2XL"" (17.98) | #2 ""jaan @ O6Q78KIRx-"" (10.43) | #3 ""Heech @ wzsls5Sz57"" (30.10) | #4 ""Barbie's Men @ 1MAe7RP1K5"" (40.15) | #9 ""Rayan @ nhXZL_Cydv"" (18.00) | #10 ""rowan @ GthBpPSqaK"" (53.34)",2026-10-06T22:47:13.454Z,179132683345401
"-- starting hand #32 (id: tox5qkiqhgbr)  No Limit Texas Hold'em (dealer: ""Rayan @ nhXZL_Cydv"") --",2026-10-06T22:47:13.454Z,179132683345400
"-- ending hand #31 --",2026-10-06T22:47:07.447Z,179132682744702
"""Heech @ wzsls5Sz57"" collected 30.10 from pot with Flush, K High (combination: 3♠, 4♠, 5♠, 6♠, K♠)",2026-10-06T22:47:07.447Z,179132682744701
"""Heech @ wzsls5Sz57"" shows a 4♠, K♠.",2026-10-06T22:47:07.447Z,179132682744700
"""jaan @ O6Q78KIRx-"" folds",2026-10-06T22:47:06.629Z,179132682662900
"""Barbie's Men @ 1MAe7RP1K5"" calls 9.85",2026-10-06T22:47:04.966Z,179132682496600
"""Heech @ wzsls5Sz57"" bets 9.85 and go all in",2026-10-06T22:46:42.884Z,179132680288400
"""jaan @ O6Q78KIRx-"" checks",2026-10-06T22:46:39.891Z,179132679989100
"River: 6♥, A♥, 5♠, 6♠ [3♠]",2026-10-06T22:46:33.850Z,179132679385000
"""Dih @ GO72Iwd2XL"" folds",2026-10-06T22:46:33.014Z,179132679301400
"""Rayan @ nhXZL_Cydv"" folds",2026-10-06T22:46:30.474Z,179132679047400
"""Barbie's Men @ 1MAe7RP1K5"" calls 2.40",2026-10-06T22:46:29.507Z,179132678950700
"""Heech @ wzsls5Sz57"" calls 2.40",2026-10-06T22:46:28.624Z,179132678862400
"""jaan @ O6Q78KIRx-"" bets 2.40",2026-10-06T22:46:27.373Z,179132678737300
"""Dih @ GO72Iwd2XL"" checks",2026-10-06T22:46:22.676Z,179132678267600
"""Rayan @ nhXZL_Cydv"" checks",2026-10-06T22:46:18.292Z,179132677829200
"Turn: 6♥, A♥, 5♠ [6♠]",2026-10-06T22:46:12.387Z,179132677238700
"""Barbie's Men @ 1MAe7RP1K5"" checks",2026-10-06T22:46:11.568Z,179132677156800
"""Heech @ wzsls5Sz57"" checks",2026-10-06T22:46:10.607Z,179132677060700
"""jaan @ O6Q78KIRx-"" checks",2026-10-06T22:46:08.188Z,179132676818800
"""Dih @ GO72Iwd2XL"" checks",2026-10-06T22:46:01.591Z,179132676159100
"""Rayan @ nhXZL_Cydv"" checks",2026-10-06T22:46:00.192Z,179132676019200
"Flop:  [6♥, A♥, 5♠]",2026-10-06T22:45:58.804Z,179132675880400
"""rowan @ GthBpPSqaK"" folds",2026-10-06T22:45:57.989Z,179132675798900
"""Rayan @ nhXZL_Cydv"" calls 0.60",2026-10-06T22:45:56.991Z,179132675699100
"""Barbie's Men @ 1MAe7RP1K5"" calls 0.60",2026-10-06T22:45:55.317Z,179132675531700
"""Heech @ wzsls5Sz57"" calls 0.60",2026-10-06T22:45:54.473Z,179132675447300
"""jaan @ O6Q78KIRx-"" calls 0.60",2026-10-06T22:45:52.544Z,179132675254400
"""Dih @ GO72Iwd2XL"" raises to 0.60",2026-10-06T22:45:50.682Z,179132675068200
"""rowan @ GthBpPSqaK"" posts a big blind of 0.20",2026-10-06T22:45:47.195Z,179132674719509
"""Rayan @ nhXZL_Cydv"" posts a small blind of 0.10",2026-10-06T22:45:47.195Z,179132674719508
"Player stacks: #1 ""Dih @ GO72Iwd2XL"" (18.58) | #2 ""jaan @ O6Q78KIRx-"" (13.43) | #3 ""Heech @ wzsls5Sz57"" (12.85) | #4 ""Barbie's Men @ 1MAe7RP1K5"" (53.00) | #9 ""Rayan @ nhXZL_Cydv"" (18.60) | #10 ""rowan @ GthBpPSqaK"" (53.54)",2026-10-06T22:45:47.195Z,179132674719501
"-- starting hand #31 (id: 2nc3fw8btjib)  No Limit Texas Hold'em (dealer: ""Barbie's Men @ 1MAe7RP1K5"") --",2026-10-06T22:45:47.195Z,179132674719500
"""Barbie's Men @ 1MAe7RP1K5"" shows a 7♥.",2026-10-06T22:45:43.630Z,179132674363000
"""Dih @ GO72Iwd2XL"" shows a 4♠.",2026-10-06T22:45:42.841Z,179132674284100
"""rowan @ GthBpPSqaK"" shows a J♥, J♠.",2026-10-06T22:45:39.694Z,179132673969400
"-- ending hand #30 --",2026-10-06T22:45:39.189Z,179132673918902
"""Dih @ GO72Iwd2XL"" collected 3.50 from pot",2026-10-06T22:45:39.189Z,179132673918901
"Uncalled bet of 3.50 returned to ""Dih @ GO72Iwd2XL""",2026-10-06T22:45:39.189Z,179132673918900
"""rowan @ GthBpPSqaK"" folds",2026-10-06T22:45:38.383Z,179132673838300
"""Heech @ wzsls5Sz57"" folds",2026-10-06T22:45:28.823Z,179132672882300
"""jaan @ O6Q78KIRx-"" folds",2026-10-06T22:45:27.490Z,179132672749000
"""Dih @ GO72Iwd2XL"" bets 3.50",2026-10-06T22:45:25.738Z,179132672573800
"""rowan @ GthBpPSqaK"" checks",2026-10-06T22:45:20.138Z,179132672013800
"Flop:  [10♠, A♥, 5♦]",2026-10-06T22:45:08.925Z,179132670892500
"""Rayan @ nhXZL_Cydv"" folds",2026-10-06T22:45:08.095Z,179132670809500
"""Barbie's Men @ 1MAe7RP1K5"" folds",2026-10-06T22:45:07.068Z,179132670706800
"""Heech @ wzsls5Sz57"" calls 0.80",2026-10-06T22:45:06.181Z,179132670618100
"""jaan @ O6Q78KIRx-"" calls 0.80",2026-10-06T22:45:05.141Z,179132670514100
"""Dih @ GO72Iwd2XL"" calls 0.80",2026-10-06T22:44:43.262Z,179132668326200
"""rowan @ GthBpPSqaK"" raises to 0.80",2026-10-06T22:44:41.537Z,179132668153700
"""Rayan @ nhXZL_Cydv"" posts a big blind of 0.20",2026-10-06T22:44:39.134Z,179132667913409
"""Barbie's Men @ 1MAe7RP1K5"" posts a small blind of 0.10",2026-10-06T22:44:39.134Z,179132667913408
"Player stacks: #1 ""Dih @ GO72Iwd2XL"" (15.88) | #2 ""jaan @ O6Q78KIRx-"" (14.23) | #3 ""Heech @ wzsls5Sz57"" (13.65) | #4 ""Barbie's Men @ 1MAe7RP1K5"" (53.10) | #9 ""Rayan @ nhXZL_Cydv"" (18.80) | #10 ""rowan @ GthBpPSqaK"" (54.34)",2026-10-06T22:44:39.134Z,179132667913401
"-- starting hand #30 (id: 69xm6t4uz5pd)  No Limit Texas Hold'em (dealer: ""Heech @ wzsls5Sz57"") --",2026-10-06T22:44:39.134Z,179132667913400
"""Dih @ GO72Iwd2XL"" shows a K♥, A♥.",2026-10-06T22:44:34.060Z,179132667406000
"-- ending hand #29 --",2026-10-06T22:44:32.596Z,179132667259602
"""Barbie's Men @ 1MAe7RP1K5"" collected 9.60 from pot with Pair, 6's (combination: 7♦, 8♠, J♦, 6♥, 6♦)",2026-10-06T22:44:32.596Z,179132667259601
"""Barbie's Men @ 1MAe7RP1K5"" shows a 6♥, 4♦.",2026-10-06T22:44:32.596Z,179132667259600
"""Dih @ GO72Iwd2XL"" checks",2026-10-06T22:44:31.784Z,179132667178400
"""Barbie's Men @ 1MAe7RP1K5"" checks",2026-10-06T22:44:30.845Z,179132667084500
"River: 2♥, J♦, 6♦, 7♦ [8♠]",2026-10-06T22:44:29.471Z,179132666947100
"""Dih @ GO72Iwd2XL"" checks",2026-10-06T22:44:28.666Z,179132666866600
"""Barbie's Men @ 1MAe7RP1K5"" checks",2026-10-06T22:44:25.165Z,179132666516500
"Turn: 2♥, J♦, 6♦ [7♦]",2026-10-06T22:44:23.266Z,179132666326600
"""Rayan @ nhXZL_Cydv"" folds",2026-10-06T22:44:22.456Z,179132666245600
"""Barbie's Men @ 1MAe7RP1K5"" calls 2.80",2026-10-06T22:44:21.568Z,179132666156800
"""Heech @ wzsls5Sz57"" folds",2026-10-06T22:44:20.642Z,179132666064200
"""jaan @ O6Q78KIRx-"" folds",2026-10-06T22:44:15.585Z,179132665558500
"""Dih @ GO72Iwd2XL"" bets 2.80",2026-10-06T22:44:14.596Z,179132665459600
"""Rayan @ nhXZL_Cydv"" checks",2026-10-06T22:44:07.895Z,179132664789500
"""Barbie's Men @ 1MAe7RP1K5"" checks",2026-10-06T22:44:06.689Z,179132664668900
"""Heech @ wzsls5Sz57"" checks",2026-10-06T22:44:04.802Z,179132664480200
"Flop:  [2♥, J♦, 6♦]",2026-10-06T22:44:00.609Z,179132664060900
"""Rayan @ nhXZL_Cydv"" calls 0.80",2026-10-06T22:43:59.793Z,179132663979300
"""Barbie's Men @ 1MAe7RP1K5"" calls 0.80",2026-10-06T22:43:58.546Z,179132663854600
"""Heech @ wzsls5Sz57"" calls 0.80",2026-10-06T22:43:57.594Z,179132663759400
"""jaan @ O6Q78KIRx-"" calls 0.80",2026-10-06T22:43:45.759Z,179132662575900
"""Dih @ GO72Iwd2XL"" raises to 0.80",2026-10-06T22:43:43.809Z,179132662380900
"""rowan @ GthBpPSqaK"" folds",2026-10-06T22:43:41.801Z,179132662180100
"""Rayan @ nhXZL_Cydv"" calls 0.20",2026-10-06T22:43:40.864Z,179132662086400
"""Barbie's Men @ 1MAe7RP1K5"" posts a big blind of 0.20",2026-10-06T22:43:39.418Z,179132661941809
"""Heech @ wzsls5Sz57"" posts a small blind of 0.10",2026-10-06T22:43:39.418Z,179132661941808
"Player stacks: #1 ""Dih @ GO72Iwd2XL"" (19.48) | #2 ""jaan @ O6Q78KIRx-"" (15.03) | #3 ""Heech @ wzsls5Sz57"" (14.45) | #4 ""Barbie's Men @ 1MAe7RP1K5"" (47.10) | #9 ""Rayan @ nhXZL_Cydv"" (19.60) | #10 ""rowan @ GthBpPSqaK"" (54.34)",2026-10-06T22:43:39.418Z,179132661941801
"-- starting hand #29 (id: ae1bgehabgqd)  No Limit Texas Hold'em (dealer: ""jaan @ O6Q78KIRx-"") --",2026-10-06T22:43:39.418Z,179132661941800
"-- ending hand #28 --",2026-10-06T22:43:33.413Z,179132661341303
"""Barbie's Men @ 1MAe7RP1K5"" collected 10.50 from pot with Two Pair, K's & Q's (combination: A♥, Q♥, Q♦, K♣, K♦)",2026-10-06T22:43:33.413Z,179132661341302
"""Barbie's Men @ 1MAe7RP1K5"" shows a Q♥, K♣.",2026-10-06T22:43:33.413Z,179132661341301
"""Heech @ wzsls5Sz57"" shows a A♦, 10♠.",2026-10-06T22:43:33.413Z,179132661341300
"""jaan @ O6Q78KIRx-"" folds",2026-10-06T22:43:32.578Z,179132661257800
"""Barbie's Men @ 1MAe7RP1K5"" calls 3.15",2026-10-06T22:43:31.634Z,179132661163400
"""Heech @ wzsls5Sz57"" bets 3.15",2026-10-06T22:43:29.551Z,179132660955100
"""jaan @ O6Q78KIRx-"" checks",2026-10-06T22:43:26.163Z,179132660616300
"River: K♦, 9♠, A♥, 8♦ [Q♦]",2026-10-06T22:43:24.128Z,179132660412800
"""Barbie's Men @ 1MAe7RP1K5"" checks",2026-10-06T22:43:23.216Z,179132660321600
"""Heech @ wzsls5Sz57"" checks",2026-10-06T22:43:22.282Z,179132660228200
"""jaan @ O6Q78KIRx-"" checks",2026-10-06T22:42:54.909Z,179132657490900
"Turn: K♦, 9♠, A♥ [8♦]",2026-10-06T22:42:52.371Z,179132657237100
"""Heech @ wzsls5Sz57"" calls 0.80",2026-10-06T22:42:51.560Z,179132657156000
"""jaan @ O6Q78KIRx-"" calls 0.80",2026-10-06T22:42:24.524Z,179132654452400
"""Barbie's Men @ 1MAe7RP1K5"" bets 0.80",2026-10-06T22:42:21.994Z,179132654199400
"""Heech @ wzsls5Sz57"" checks",2026-10-06T22:42:18.209Z,179132653820900
"""jaan @ O6Q78KIRx-"" checks",2026-10-06T22:42:14.618Z,179132653461800
"Flop:  [K♦, 9♠, A♥]",2026-10-06T22:42:12.159Z,179132653215900
"""Heech @ wzsls5Sz57"" calls 0.60",2026-10-06T22:42:11.305Z,179132653130500
"""jaan @ O6Q78KIRx-"" calls 0.60",2026-10-06T22:41:34.691Z,179132649469100
"""Dih @ GO72Iwd2XL"" folds",2026-10-06T22:41:32.992Z,179132649299200
"""rowan @ GthBpPSqaK"" folds",2026-10-06T22:41:31.958Z,179132649195800
"""Rayan @ nhXZL_Cydv"" folds",2026-10-06T22:41:31.093Z,179132649109300
"""Barbie's Men @ 1MAe7RP1K5"" raises to 0.60",2026-10-06T22:41:30.153Z,179132649015300
"""Heech @ wzsls5Sz57"" posts a big blind of 0.20",2026-10-06T22:41:24.909Z,179132648490909
"""jaan @ O6Q78KIRx-"" posts a small blind of 0.10",2026-10-06T22:41:24.909Z,179132648490908
"Player stacks: #1 ""Dih @ GO72Iwd2XL"" (19.48) | #2 ""jaan @ O6Q78KIRx-"" (16.43) | #3 ""Heech @ wzsls5Sz57"" (19.00) | #4 ""Barbie's Men @ 1MAe7RP1K5"" (41.15) | #9 ""Rayan @ nhXZL_Cydv"" (19.60) | #10 ""rowan @ GthBpPSqaK"" (54.34)",2026-10-06T22:41:24.909Z,179132648490901
"-- starting hand #28 (id: p5ylwsuopbgz)  No Limit Texas Hold'em (dealer: ""Dih @ GO72Iwd2XL"") --",2026-10-06T22:41:24.909Z,179132648490900
"-- ending hand #27 --",2026-10-06T22:41:18.903Z,179132647890303
"""Barbie's Men @ 1MAe7RP1K5"" collected 19.80 from pot with Flush, Q High (combination: 2♦, 4♦, 5♦, 6♦, Q♦)",2026-10-06T22:41:18.903Z,179132647890302
"""Barbie's Men @ 1MAe7RP1K5"" shows a 2♦, 5♦.",2026-10-06T22:41:18.903Z,179132647890301
"""Dih @ GO72Iwd2XL"" shows a Q♠, K♣.",2026-10-06T22:41:18.903Z,179132647890300
"""Barbie's Men @ 1MAe7RP1K5"" calls 5.15",2026-10-06T22:41:18.100Z,179132647810000
"""Dih @ GO72Iwd2XL"" bets 5.15",2026-10-06T22:41:16.346Z,179132647634600
"River: 4♣, 6♦, 4♦, Q♦ [J♥]",2026-10-06T22:41:10.618Z,179132647061800
"""Rayan @ nhXZL_Cydv"" folds",2026-10-06T22:41:09.737Z,179132646973700
"""Barbie's Men @ 1MAe7RP1K5"" calls 2.85",2026-10-06T22:41:08.770Z,179132646877000
"""jaan @ O6Q78KIRx-"" folds",2026-10-06T22:41:07.789Z,179132646778900
"""Dih @ GO72Iwd2XL"" bets 2.85",2026-10-06T22:41:04.194Z,179132646419400
"Turn: 4♣, 6♦, 4♦ [Q♦]",2026-10-06T22:41:01.056Z,179132646105600
"""Rayan @ nhXZL_Cydv"" checks",2026-10-06T22:41:00.206Z,179132646020600
"""Barbie's Men @ 1MAe7RP1K5"" checks",2026-10-06T22:40:58.935Z,179132645893500
"""jaan @ O6Q78KIRx-"" checks",2026-10-06T22:40:58.037Z,179132645803700
"""Dih @ GO72Iwd2XL"" checks",2026-10-06T22:40:56.910Z,179132645691000
"Flop:  [4♣, 6♦, 4♦]",2026-10-06T22:40:54.436Z,179132645443600
"""Barbie's Men @ 1MAe7RP1K5"" calls 0.95",2026-10-06T22:40:53.507Z,179132645350700
"""jaan @ O6Q78KIRx-"" calls 0.95",2026-10-06T22:40:52.598Z,179132645259800
"""Dih @ GO72Iwd2XL"" calls 0.95",2026-10-06T22:40:40.184Z,179132644018400
"""rowan @ GthBpPSqaK"" folds",2026-10-06T22:40:36.442Z,179132643644200
"""Rayan @ nhXZL_Cydv"" raises to 0.95",2026-10-06T22:40:35.538Z,179132643553800
"""Barbie's Men @ 1MAe7RP1K5"" calls 0.20",2026-10-06T22:40:31.816Z,179132643181600
"""Heech @ wzsls5Sz57"" folds",2026-10-06T22:40:29.405Z,179132642940500
"""jaan @ O6Q78KIRx-"" posts a big blind of 0.20",2026-10-06T22:40:26.971Z,179132642697109
"""Dih @ GO72Iwd2XL"" posts a small blind of 0.10",2026-10-06T22:40:26.971Z,179132642697108
"Player stacks: #1 ""Dih @ GO72Iwd2XL"" (28.43) | #2 ""jaan @ O6Q78KIRx-"" (17.38) | #3 ""Heech @ wzsls5Sz57"" (19.00) | #4 ""Barbie's Men @ 1MAe7RP1K5"" (30.30) | #9 ""Rayan @ nhXZL_Cydv"" (20.55) | #10 ""rowan @ GthBpPSqaK"" (54.34)",2026-10-06T22:40:26.971Z,179132642697101
"-- starting hand #27 (id: 53ahabll5tnl)  No Limit Texas Hold'em (dealer: ""rowan @ GthBpPSqaK"") --",2026-10-06T22:40:26.971Z,179132642697100
"""rowan @ GthBpPSqaK"" shows a 7♦, 2♠.",2026-10-06T22:40:21.538Z,179132642153800
"-- ending hand #26 --",2026-10-06T22:40:20.368Z,179132642036803
"""Barbie's Men @ 1MAe7RP1K5"" collected 0.90 from pot with Two Pair, J's & 7's (combination: K♦, 7♠, 7♣, J♠, J♥)",2026-10-06T22:40:20.368Z,179132642036802
"""Barbie's Men @ 1MAe7RP1K5"" shows a 3♣, J♠.",2026-10-06T22:40:20.368Z,179132642036801
"""Heech @ wzsls5Sz57"" shows a A♠, 3♠.",2026-10-06T22:40:20.368Z,179132642036800
"""Rayan @ nhXZL_Cydv"" checks",2026-10-06T22:40:19.454Z,179132641945400
"""Barbie's Men @ 1MAe7RP1K5"" checks",2026-10-06T22:40:18.573Z,179132641857300
"""Heech @ wzsls5Sz57"" checks",2026-10-06T22:40:17.588Z,179132641758800
"""Dih @ GO72Iwd2XL"" folds",2026-10-06T22:40:16.178Z,179132641617800
"River: J♥, 7♠, 2♣, 7♣ [K♦]",2026-10-06T22:40:14.566Z,179132641456600
"""Rayan @ nhXZL_Cydv"" checks",2026-10-06T22:40:13.730Z,179132641373000
"""Barbie's Men @ 1MAe7RP1K5"" checks",2026-10-06T22:40:12.610Z,179132641261000
"""Heech @ wzsls5Sz57"" checks",2026-10-06T22:40:11.674Z,179132641167400
"""Dih @ GO72Iwd2XL"" checks",2026-10-06T22:40:09.682Z,179132640968200
"Turn: J♥, 7♠, 2♣ [7♣]",2026-10-06T22:40:07.776Z,179132640777600
"""Rayan @ nhXZL_Cydv"" checks",2026-10-06T22:40:06.965Z,179132640696500
"""Barbie's Men @ 1MAe7RP1K5"" checks",2026-10-06T22:40:05.878Z,179132640587800
"""Heech @ wzsls5Sz57"" checks",2026-10-06T22:40:04.939Z,179132640493900
"""Dih @ GO72Iwd2XL"" checks",2026-10-06T22:40:00.307Z,179132640030700
"Flop:  [J♥, 7♠, 2♣]",2026-10-06T22:39:54.790Z,179132639479000
"""Dih @ GO72Iwd2XL"" checks",2026-10-06T22:39:53.929Z,179132639392900
"""rowan @ GthBpPSqaK"" folds",2026-10-06T22:39:53.042Z,179132639304200
"""Rayan @ nhXZL_Cydv"" calls 0.20",2026-10-06T22:39:52.160Z,179132639216000
"""Barbie's Men @ 1MAe7RP1K5"" calls 0.20",2026-10-06T22:39:50.739Z,179132639073900
"""Heech @ wzsls5Sz57"" calls 0.20",2026-10-06T22:39:49.822Z,179132638982200
"""jaan @ O6Q78KIRx-"" folds",2026-10-06T22:39:46.198Z,179132638619800
"""Dih @ GO72Iwd2XL"" posts a big blind of 0.20",2026-10-06T22:39:43.691Z,179132638369109
"""rowan @ GthBpPSqaK"" posts a small blind of 0.10",2026-10-06T22:39:43.691Z,179132638369108
"Player stacks: #1 ""Dih @ GO72Iwd2XL"" (28.63) | #2 ""jaan @ O6Q78KIRx-"" (17.38) | #3 ""Heech @ wzsls5Sz57"" (19.20) | #4 ""Barbie's Men @ 1MAe7RP1K5"" (29.60) | #9 ""Rayan @ nhXZL_Cydv"" (20.75) | #10 ""rowan @ GthBpPSqaK"" (54.44)",2026-10-06T22:39:43.691Z,179132638369101
"-- starting hand #26 (id: vu1wyedvbwv1)  No Limit Texas Hold'em (dealer: ""Rayan @ nhXZL_Cydv"") --",2026-10-06T22:39:43.691Z,179132638369100
"""Dih @ GO72Iwd2XL"" shows a 2♦.",2026-10-06T22:39:37.580Z,179132637758000
"-- ending hand #25 --",2026-10-06T22:39:35.181Z,179132637518102
"""Barbie's Men @ 1MAe7RP1K5"" collected 19.20 from pot with Flush, K High on the second run  (combination: 5♥, 9♥, 10♥, J♥, K♥)",2026-10-06T22:39:35.181Z,179132637518101
"""Heech @ wzsls5Sz57"" collected 19.20 from pot with Three of a Kind, 2's (combination: 10♥, Q♣, 2♥, 2♠, 2♣)",2026-10-06T22:39:35.181Z,179132637518100
"River (second run): 10♥, 2♣, 4♥, K♥ [J♥]",2026-10-06T22:39:31.176Z,179132637117600
"Turn (second run): 10♥, 2♣, 4♥ [K♥]",2026-10-06T22:39:27.101Z,179132636710100
"River: 10♥, 2♣, 4♥, Q♣ [5♠]",2026-10-06T22:39:23.067Z,179132636306700
"Turn: 10♥, 2♣, 4♥ [Q♣]",2026-10-06T22:39:19.049Z,179132635904900
"""Heech @ wzsls5Sz57"" shows a 2♥, 2♠.",2026-10-06T22:39:17.773Z,179132635777300
"""Barbie's Men @ 1MAe7RP1K5"" shows a 5♥, 9♥.",2026-10-06T22:39:16.945Z,179132635694500
"Uncalled bet of 10.40 returned to ""Barbie's Men @ 1MAe7RP1K5""",2026-10-06T22:39:14.973Z,179132635497300
"All players in hand choose to run it twice.",2026-10-06T22:39:14.161Z,179132635416101
"""Heech @ wzsls5Sz57"" chooses to  run it twice.",2026-10-06T22:39:14.161Z,179132635416100
"""Barbie's Men @ 1MAe7RP1K5"" chooses to  run it twice.",2026-10-06T22:39:13.802Z,179132635380200
"Remaining players decide whether to run it twice.",2026-10-06T22:39:12.966Z,179132635296601
"""Heech @ wzsls5Sz57"" calls 15.50 and go all in",2026-10-06T22:39:12.966Z,179132635296600
"""Dih @ GO72Iwd2XL"" folds",2026-10-06T22:39:12.063Z,179132635206300
"""rowan @ GthBpPSqaK"" folds",2026-10-06T22:39:05.878Z,179132634587800
"""Rayan @ nhXZL_Cydv"" folds",2026-10-06T22:39:04.995Z,179132634499500
"""Barbie's Men @ 1MAe7RP1K5"" raises to 25.90 and go all in",2026-10-06T22:39:04.146Z,179132634414600
"""Heech @ wzsls5Sz57"" raises to 6.00",2026-10-06T22:39:00.738Z,179132634073800
"""jaan @ O6Q78KIRx-"" folds",2026-10-06T22:38:56.904Z,179132633690400
"The player ""rowan @ GthBpPSqaK"" passed the room ownership to ""Dih @ GO72Iwd2XL"".",2026-10-06T22:38:52.374Z,179132633237400
"""Dih @ GO72Iwd2XL"" bets 2.60",2026-10-06T22:38:51.518Z,179132633151800
"""rowan @ GthBpPSqaK"" checks",2026-10-06T22:38:47.412Z,179132632741200
"""Rayan @ nhXZL_Cydv"" checks",2026-10-06T22:38:46.415Z,179132632641500
"Flop:  [10♥, 2♣, 4♥]",2026-10-06T22:38:45.061Z,179132632506100
"""rowan @ GthBpPSqaK"" calls 0.80",2026-10-06T22:38:44.252Z,179132632425200
"""Rayan @ nhXZL_Cydv"" calls 0.80",2026-10-06T22:38:41.897Z,179132632189700
"""Barbie's Men @ 1MAe7RP1K5"" calls 0.80",2026-10-06T22:38:35.561Z,179132631556100
"The player ""Dih @ GO72Iwd2XL"" passed the room ownership to ""rowan @ GthBpPSqaK"".",2026-10-06T22:38:34.760Z,179132631476000
"""Heech @ wzsls5Sz57"" calls 0.80",2026-10-06T22:38:34.617Z,179132631461700
"""jaan @ O6Q78KIRx-"" calls 0.80",2026-10-06T22:38:33.028Z,179132631302800
"""Dih @ GO72Iwd2XL"" raises to 0.80",2026-10-06T22:38:31.635Z,179132631163500
"""rowan @ GthBpPSqaK"" posts a big blind of 0.20",2026-10-06T22:38:26.379Z,179132630637909
"""Rayan @ nhXZL_Cydv"" posts a small blind of 0.10",2026-10-06T22:38:26.379Z,179132630637908
"Player stacks: #1 ""Dih @ GO72Iwd2XL"" (32.03) | #2 ""jaan @ O6Q78KIRx-"" (18.18) | #3 ""Heech @ wzsls5Sz57"" (16.30) | #4 ""Barbie's Men @ 1MAe7RP1K5"" (26.70) | #9 ""Rayan @ nhXZL_Cydv"" (21.55) | #10 ""rowan @ GthBpPSqaK"" (55.24)",2026-10-06T22:38:26.379Z,179132630637901
"-- starting hand #25 (id: lbs0n5vkco8z)  No Limit Texas Hold'em (dealer: ""Barbie's Men @ 1MAe7RP1K5"") --",2026-10-06T22:38:26.379Z,179132630637900
"""Heech @ wzsls5Sz57"" shows a A♠, 10♣.",2026-10-06T22:38:23.508Z,179132630350800
"""rowan @ GthBpPSqaK"" shows a 2♥, 4♦.",2026-10-06T22:38:22.136Z,179132630213600
"-- ending hand #24 --",2026-10-06T22:38:22.053Z,179132630205302
"""Heech @ wzsls5Sz57"" collected 8.50 from pot",2026-10-06T22:38:22.053Z,179132630205301
"Uncalled bet of 7.80 returned to ""Heech @ wzsls5Sz57""",2026-10-06T22:38:22.053Z,179132630205300
"""rowan @ GthBpPSqaK"" folds",2026-10-06T22:38:21.228Z,179132630122800
"""Heech @ wzsls5Sz57"" raises to 8.00 and go all in",2026-10-06T22:38:13.638Z,179132629363800
"""rowan @ GthBpPSqaK"" bets 0.20",2026-10-06T22:38:06.648Z,179132628664800
"River: 2♠, J♠, 3♥, Q♣ [6♥]",2026-10-06T22:38:03.714Z,179132628371400
"""rowan @ GthBpPSqaK"" calls 2.40",2026-10-06T22:38:02.887Z,179132628288700
"""Heech @ wzsls5Sz57"" bets 2.40",2026-10-06T22:37:57.177Z,179132627717700
"""rowan @ GthBpPSqaK"" checks",2026-10-06T22:37:49.501Z,179132626950100
"Turn: 2♠, J♠, 3♥ [Q♣]",2026-10-06T22:37:47.663Z,179132626766300
"""Heech @ wzsls5Sz57"" checks",2026-10-06T22:37:46.845Z,179132626684500
"""rowan @ GthBpPSqaK"" checks",2026-10-06T22:37:44.985Z,179132626498500
"Flop:  [2♠, J♠, 3♥]",2026-10-06T22:37:41.673Z,179132626167300
"""rowan @ GthBpPSqaK"" calls 1.50",2026-10-06T22:37:40.863Z,179132626086300
"""Rayan @ nhXZL_Cydv"" folds",2026-10-06T22:37:39.708Z,179132625970800
"""Barbie's Men @ 1MAe7RP1K5"" folds",2026-10-06T22:37:38.834Z,179132625883400
"""Heech @ wzsls5Sz57"" raises to 1.50",2026-10-06T22:37:28.075Z,179132624807500
"""jaan @ O6Q78KIRx-"" folds",2026-10-06T22:37:22.501Z,179132624250100
"""Dih @ GO72Iwd2XL"" folds",2026-10-06T22:37:21.645Z,179132624164500
"""rowan @ GthBpPSqaK"" calls 0.20",2026-10-06T22:37:16.948Z,179132623694800
"""Rayan @ nhXZL_Cydv"" posts a big blind of 0.20",2026-10-06T22:37:14.153Z,179132623415309
"""Barbie's Men @ 1MAe7RP1K5"" posts a small blind of 0.10",2026-10-06T22:37:14.153Z,179132623415308
"Player stacks: #1 ""Dih @ GO72Iwd2XL"" (32.03) | #2 ""jaan @ O6Q78KIRx-"" (18.18) | #3 ""Heech @ wzsls5Sz57"" (11.90) | #4 ""Barbie's Men @ 1MAe7RP1K5"" (26.80) | #9 ""Rayan @ nhXZL_Cydv"" (21.75) | #10 ""rowan @ GthBpPSqaK"" (59.34)",2026-10-06T22:37:14.153Z,179132623415301
"-- starting hand #24 (id: h4bxmv37uvlp)  No Limit Texas Hold'em (dealer: ""Heech @ wzsls5Sz57"") --",2026-10-06T22:37:14.153Z,179132623415300
"-- ending hand #23 --",2026-10-06T22:37:11.246Z,179132623124602
"""Heech @ wzsls5Sz57"" collected 2.00 from pot",2026-10-06T22:37:11.246Z,179132623124601
"Uncalled bet of 1.50 returned to ""Heech @ wzsls5Sz57""",2026-10-06T22:37:11.246Z,179132623124600
"""Rayan @ nhXZL_Cydv"" folds",2026-10-06T22:37:10.422Z,179132623042200
"""Heech @ wzsls5Sz57"" bets 1.50",2026-10-06T22:37:09.517Z,179132622951700
"River: 10♥, 3♦, 6♣, K♣ [7♣]",2026-10-06T22:37:06.175Z,179132622617500
"""jaan @ O6Q78KIRx-"" folds",2026-10-06T22:37:05.372Z,179132622537200
"""Rayan @ nhXZL_Cydv"" calls 0.60",2026-10-06T22:37:04.477Z,179132622447700
"""Barbie's Men @ 1MAe7RP1K5"" folds",2026-10-06T22:36:56.676Z,179132621667600
"""Heech @ wzsls5Sz57"" bets 0.60",2026-10-06T22:36:50.918Z,179132621091800
"Turn: 10♥, 3♦, 6♣ [K♣]",2026-10-06T22:36:48.307Z,179132620830700
"""jaan @ O6Q78KIRx-"" checks",2026-10-06T22:36:47.493Z,179132620749300
"""Rayan @ nhXZL_Cydv"" checks",2026-10-06T22:36:46.228Z,179132620622800
"""Barbie's Men @ 1MAe7RP1K5"" checks",2026-10-06T22:36:44.619Z,179132620461900
"""Heech @ wzsls5Sz57"" checks",2026-10-06T22:36:43.718Z,179132620371800
"Flop:  [10♥, 3♦, 6♣]",2026-10-06T22:36:40.478Z,179132620047800
"""Barbie's Men @ 1MAe7RP1K5"" checks",2026-10-06T22:36:39.655Z,179132619965500
"""Heech @ wzsls5Sz57"" calls 0.20",2026-10-06T22:36:38.737Z,179132619873700
"""jaan @ O6Q78KIRx-"" calls 0.20",2026-10-06T22:36:37.446Z,179132619744600
"""Dih @ GO72Iwd2XL"" folds",2026-10-06T22:36:36.134Z,179132619613400
"""rowan @ GthBpPSqaK"" folds",2026-10-06T22:36:35.116Z,179132619511600
"""Rayan @ nhXZL_Cydv"" calls 0.20",2026-10-06T22:36:34.226Z,179132619422600
"""Barbie's Men @ 1MAe7RP1K5"" posts a big blind of 0.20",2026-10-06T22:36:33.277Z,179132619327709
"""Heech @ wzsls5Sz57"" posts a small blind of 0.10",2026-10-06T22:36:33.277Z,179132619327708
"Player stacks: #1 ""Dih @ GO72Iwd2XL"" (32.03) | #2 ""jaan @ O6Q78KIRx-"" (18.38) | #3 ""Heech @ wzsls5Sz57"" (10.70) | #4 ""Barbie's Men @ 1MAe7RP1K5"" (27.00) | #9 ""Rayan @ nhXZL_Cydv"" (22.55) | #10 ""rowan @ GthBpPSqaK"" (59.34)",2026-10-06T22:36:33.277Z,179132619327701
"-- starting hand #23 (id: zppzgzlbado1)  No Limit Texas Hold'em (dealer: ""jaan @ O6Q78KIRx-"") --",2026-10-06T22:36:33.277Z,179132619327700
"""Rayan @ nhXZL_Cydv"" shows a Q♦, K♠.",2026-10-06T22:36:28.724Z,179132618872400
"-- ending hand #22 --",2026-10-06T22:36:26.770Z,179132618677002
"""Barbie's Men @ 1MAe7RP1K5"" collected 10.05 from pot with Three of a Kind, 9's (combination: Q♣, K♣, 9♣, 9♠, 9♥)",2026-10-06T22:36:26.770Z,179132618677001
"""Barbie's Men @ 1MAe7RP1K5"" shows a 9♣, 9♠.",2026-10-06T22:36:26.770Z,179132618677000
"""Heech @ wzsls5Sz57"" calls 0.20",2026-10-06T22:36:25.896Z,179132618589600
"""Rayan @ nhXZL_Cydv"" calls 0.20",2026-10-06T22:36:24.632Z,179132618463200
"""Barbie's Men @ 1MAe7RP1K5"" bets 0.20",2026-10-06T22:36:18.580Z,179132617858000
"""Heech @ wzsls5Sz57"" checks",2026-10-06T22:36:17.238Z,179132617723800
"River: Q♣, 3♣, 7♥, 9♥ [K♣]",2026-10-06T22:36:11.860Z,179132617186000
"""Rayan @ nhXZL_Cydv"" checks",2026-10-06T22:36:11.042Z,179132617104200
"""Barbie's Men @ 1MAe7RP1K5"" checks",2026-10-06T22:36:08.230Z,179132616823000
"""Heech @ wzsls5Sz57"" checks",2026-10-06T22:36:06.966Z,179132616696600
"Turn: Q♣, 3♣, 7♥ [9♥]",2026-10-06T22:36:05.053Z,179132616505300
"""Barbie's Men @ 1MAe7RP1K5"" calls 2.05",2026-10-06T22:36:04.187Z,179132616418700
"""Heech @ wzsls5Sz57"" calls 2.05",2026-10-06T22:36:03.315Z,179132616331500
"""rowan @ GthBpPSqaK"" folds",2026-10-06T22:36:01.183Z,179132616118300
"""Rayan @ nhXZL_Cydv"" raises to 2.05",2026-10-06T22:36:00.178Z,179132616017800
"""Barbie's Men @ 1MAe7RP1K5"" bets 0.20",2026-10-06T22:35:55.919Z,179132615591900
"""Heech @ wzsls5Sz57"" checks",2026-10-06T22:35:53.319Z,179132615331900
"Flop:  [Q♣, 3♣, 7♥]",2026-10-06T22:35:51.480Z,179132615148000
"""Heech @ wzsls5Sz57"" calls 0.80",2026-10-06T22:35:50.599Z,179132615059900
"""jaan @ O6Q78KIRx-"" folds",2026-10-06T22:35:49.310Z,179132614931000
"""Dih @ GO72Iwd2XL"" folds",2026-10-06T22:35:48.472Z,179132614847200
"""rowan @ GthBpPSqaK"" calls 0.80",2026-10-06T22:35:47.549Z,179132614754900
"""Rayan @ nhXZL_Cydv"" calls 0.80",2026-10-06T22:35:46.602Z,179132614660200
"""Barbie's Men @ 1MAe7RP1K5"" raises to 0.80",2026-10-06T22:35:37.922Z,179132613792200
"""Heech @ wzsls5Sz57"" posts a big blind of 0.20",2026-10-06T22:35:34.586Z,179132613458610
"""jaan @ O6Q78KIRx-"" posts a small blind of 0.10",2026-10-06T22:35:34.586Z,179132613458609
"Player stacks: #1 ""Dih @ GO72Iwd2XL"" (32.03) | #2 ""jaan @ O6Q78KIRx-"" (18.48) | #3 ""Heech @ wzsls5Sz57"" (13.75) | #4 ""Barbie's Men @ 1MAe7RP1K5"" (20.00) | #9 ""Rayan @ nhXZL_Cydv"" (25.60) | #10 ""rowan @ GthBpPSqaK"" (60.14)",2026-10-06T22:35:34.586Z,179132613458602
"-- starting hand #22 (id: nbdnthlyk8g3)  No Limit Texas Hold'em (dealer: ""Dih @ GO72Iwd2XL"") --",2026-10-06T22:35:34.586Z,179132613458601
"The player ""Barbie's Men @ 1MAe7RP1K5"" rebought. New stack 20.00.",2026-10-06T22:35:34.586Z,179132613458600
"Waiting for the game owner to approve or reject pending rebuy requests.",2026-10-06T22:35:32.601Z,179132613260101
"The player ""Barbie's Men @ 1MAe7RP1K5"" requested a rebuy of 20.00.",2026-10-06T22:35:32.601Z,179132613260100
"Asking to busted players the rebuy decision.",2026-10-06T22:35:30.142Z,179132613014200
"""Rayan @ nhXZL_Cydv"" shows a 4♦.",2026-10-06T22:35:27.380Z,179132612738000
"-- ending hand #21 --",2026-10-06T22:35:21.581Z,179132612158103
"""rowan @ GthBpPSqaK"" collected 22.60 from pot with Full House, A's over 5's on the second run  (combination: 5♣, 5♠, A♦, A♠, A♥)",2026-10-06T22:35:21.581Z,179132612158102
"""rowan @ GthBpPSqaK"" collected 22.60 from pot with Two Pair, A's & 5's (combination: 9♣, 5♣, 5♠, A♦, A♠)",2026-10-06T22:35:21.581Z,179132612158101
"""rowan @ GthBpPSqaK"" shows a A♦, A♠.",2026-10-06T22:35:21.581Z,179132612158100
"River (second run): 6♦, 5♣, 3♣, 5♠ [A♥]",2026-10-06T22:35:17.578Z,179132611757800
"River: 6♦, 5♣, 3♣, 5♠ [9♣]",2026-10-06T22:35:13.557Z,179132611355700
"""Barbie's Men @ 1MAe7RP1K5"" shows a 7♣, 7♦.",2026-10-06T22:35:10.972Z,179132611097200
"Uncalled bet of 14.94 returned to ""rowan @ GthBpPSqaK""",2026-10-06T22:35:09.550Z,179132610955000
"All players in hand choose to run it twice.",2026-10-06T22:35:08.720Z,179132610872001
"""rowan @ GthBpPSqaK"" chooses to  run it twice.",2026-10-06T22:35:08.720Z,179132610872000
"""Barbie's Men @ 1MAe7RP1K5"" chooses to  run it twice.",2026-10-06T22:35:08.448Z,179132610844800
"Remaining players decide whether to run it twice.",2026-10-06T22:35:07.697Z,179132610769701
"""Barbie's Men @ 1MAe7RP1K5"" calls 3.10 and go all in",2026-10-06T22:35:07.697Z,179132610769700
"""rowan @ GthBpPSqaK"" bets 18.04 and go all in",2026-10-06T22:35:06.754Z,179132610675400
"""Barbie's Men @ 1MAe7RP1K5"" checks",2026-10-06T22:35:04.122Z,179132610412200
"Turn: 6♦, 5♣, 3♣ [5♠]",2026-10-06T22:35:01.325Z,179132610132500
"""Barbie's Men @ 1MAe7RP1K5"" calls 13.00",2026-10-06T22:35:00.500Z,179132610050000
"""rowan @ GthBpPSqaK"" bets 13.00",2026-10-06T22:34:59.271Z,179132609927100
"""Barbie's Men @ 1MAe7RP1K5"" checks",2026-10-06T22:34:55.011Z,179132609501100
"Flop:  [6♦, 5♣, 3♣]",2026-10-06T22:34:51.467Z,179132609146700
"""Barbie's Men @ 1MAe7RP1K5"" calls 5.70",2026-10-06T22:34:50.608Z,179132609060800
"""Heech @ wzsls5Sz57"" folds",2026-10-06T22:34:49.087Z,179132608908700
"""rowan @ GthBpPSqaK"" raises to 5.70",2026-10-06T22:34:48.037Z,179132608803700
"""Barbie's Men @ 1MAe7RP1K5"" raises to 2.40",2026-10-06T22:34:42.873Z,179132608287300
"""Heech @ wzsls5Sz57"" calls 1.30",2026-10-06T22:34:39.348Z,179132607934800
"""jaan @ O6Q78KIRx-"" folds",2026-10-06T22:34:37.546Z,179132607754600
"""Dih @ GO72Iwd2XL"" folds",2026-10-06T22:34:32.233Z,179132607223300
"""rowan @ GthBpPSqaK"" raises to 1.30",2026-10-06T22:34:31.288Z,179132607128800
"""Rayan @ nhXZL_Cydv"" folds",2026-10-06T22:34:26.772Z,179132606677200
"""Barbie's Men @ 1MAe7RP1K5"" calls 0.20",2026-10-06T22:34:25.873Z,179132606587300
"""Heech @ wzsls5Sz57"" calls 0.20",2026-10-06T22:34:18.749Z,179132605874900
"""jaan @ O6Q78KIRx-"" posts a big blind of 0.20",2026-10-06T22:34:09.129Z,179132604912909
"""Dih @ GO72Iwd2XL"" posts a small blind of 0.10",2026-10-06T22:34:09.129Z,179132604912908
"Player stacks: #1 ""Dih @ GO72Iwd2XL"" (32.13) | #2 ""jaan @ O6Q78KIRx-"" (18.68) | #3 ""Heech @ wzsls5Sz57"" (15.05) | #4 ""Barbie's Men @ 1MAe7RP1K5"" (21.80) | #9 ""Rayan @ nhXZL_Cydv"" (25.60) | #10 ""rowan @ GthBpPSqaK"" (36.74)",2026-10-06T22:34:09.129Z,179132604912901
"-- starting hand #21 (id: t5knktiqkbku)  No Limit Texas Hold'em (dealer: ""rowan @ GthBpPSqaK"") --",2026-10-06T22:34:09.129Z,179132604912900
"-- ending hand #20 --",2026-10-06T22:34:01.123Z,179132604112303
"""Barbie's Men @ 1MAe7RP1K5"" collected 21.80 from pot with Full House, J's over 5's on the second run  (combination: 5♣, 5♥, J♥, J♠, J♦)",2026-10-06T22:34:01.123Z,179132604112302
"""Rayan @ nhXZL_Cydv"" collected 21.80 from pot with Three of a Kind, 5's (combination: J♠, A♦, 5♦, 5♠, 5♥)",2026-10-06T22:34:01.123Z,179132604112301
"""Rayan @ nhXZL_Cydv"" shows a 5♦, 5♠.",2026-10-06T22:34:01.123Z,179132604112300
"River (second run): J♠, 6♦, A♦, 5♥ [J♦]",2026-10-06T22:33:57.118Z,179132603711800
"""Barbie's Men @ 1MAe7RP1K5"" shows a J♥, 5♣.",2026-10-06T22:33:54.448Z,179132603444800
"River: J♠, 6♦, A♦, 5♥ [7♦]",2026-10-06T22:33:53.107Z,179132603310700
"All players in hand choose to run it twice.",2026-10-06T22:33:48.295Z,179132602829501
"""Barbie's Men @ 1MAe7RP1K5"" chooses to  run it twice.",2026-10-06T22:33:48.295Z,179132602829500
"""Rayan @ nhXZL_Cydv"" chooses to  run it twice.",2026-10-06T22:33:47.014Z,179132602701400
"Remaining players decide whether to run it twice.",2026-10-06T22:33:45.951Z,179132602595101
"""jaan @ O6Q78KIRx-"" folds",2026-10-06T22:33:45.951Z,179132602595100
"""Rayan @ nhXZL_Cydv"" calls 16.90",2026-10-06T22:33:35.479Z,179132601547900
"""Barbie's Men @ 1MAe7RP1K5"" bets 16.90 and go all in",2026-10-06T22:33:34.348Z,179132601434800
"""jaan @ O6Q78KIRx-"" checks",2026-10-06T22:33:31.900Z,179132601190000
"Turn: J♠, 6♦, A♦ [5♥]",2026-10-06T22:33:30.497Z,179132601049700
"""jaan @ O6Q78KIRx-"" calls 0.60",2026-10-06T22:33:29.685Z,179132600968500
"""Rayan @ nhXZL_Cydv"" calls 0.60",2026-10-06T22:33:23.276Z,179132600327600
"""Barbie's Men @ 1MAe7RP1K5"" bets 0.60",2026-10-06T22:33:17.282Z,179132599728200
"""jaan @ O6Q78KIRx-"" checks",2026-10-06T22:33:13.815Z,179132599381500
"Flop:  [J♠, 6♦, A♦]",2026-10-06T22:33:07.794Z,179132598779400
"""Rayan @ nhXZL_Cydv"" calls 2.50",2026-10-06T22:33:06.925Z,179132598692500
"""Barbie's Men @ 1MAe7RP1K5"" calls 2.50",2026-10-06T22:32:59.057Z,179132597905700
"""Heech @ wzsls5Sz57"" folds",2026-10-06T22:32:54.531Z,179132597453100
"""jaan @ O6Q78KIRx-"" raises to 2.50",2026-10-06T22:32:52.518Z,179132597251800
"""Dih @ GO72Iwd2XL"" folds",2026-10-06T22:32:42.952Z,179132596295200
"""rowan @ GthBpPSqaK"" folds",2026-10-06T22:32:40.433Z,179132596043300
"""Rayan @ nhXZL_Cydv"" raises to 0.60",2026-10-06T22:32:39.574Z,179132595957400
"""Barbie's Men @ 1MAe7RP1K5"" calls 0.20",2026-10-06T22:32:37.257Z,179132595725700
"""Heech @ wzsls5Sz57"" calls 0.20",2026-10-06T22:32:31.283Z,179132595128300
"""jaan @ O6Q78KIRx-"" calls 0.20",2026-10-06T22:32:27.413Z,179132594741300
"""Dih @ GO72Iwd2XL"" posts a big blind of 0.20",2026-10-06T22:32:25.633Z,179132594563310
"""rowan @ GthBpPSqaK"" posts a small blind of 0.10",2026-10-06T22:32:25.633Z,179132594563309
"Player stacks: #1 ""Dih @ GO72Iwd2XL"" (32.33) | #2 ""jaan @ O6Q78KIRx-"" (21.78) | #3 ""Heech @ wzsls5Sz57"" (15.25) | #4 ""Barbie's Men @ 1MAe7RP1K5"" (20.00) | #9 ""Rayan @ nhXZL_Cydv"" (23.80) | #10 ""rowan @ GthBpPSqaK"" (36.84)",2026-10-06T22:32:25.633Z,179132594563302
"-- starting hand #20 (id: 99xlcx8m3oaa)  No Limit Texas Hold'em (dealer: ""Rayan @ nhXZL_Cydv"") --",2026-10-06T22:32:25.633Z,179132594563301
"The player ""Barbie's Men @ 1MAe7RP1K5"" joined the game with a stack of 20.00.",2026-10-06T22:32:25.633Z,179132594563300
"-- ending hand #19 --",2026-10-06T22:32:19.700Z,179132593970002
"""Heech @ wzsls5Sz57"" collected 4.50 from pot",2026-10-06T22:32:19.700Z,179132593970001
"Uncalled bet of 3.30 returned to ""Heech @ wzsls5Sz57""",2026-10-06T22:32:19.700Z,179132593970000
"""jaan @ O6Q78KIRx-"" folds",2026-10-06T22:32:18.833Z,179132593883300
"""Dih @ GO72Iwd2XL"" folds",2026-10-06T22:32:00.957Z,179132592095700
"The admin approved the player ""Barbie's Men @ 1MAe7RP1K5"" participation with a stack of 20.00.",2026-10-06T22:31:58.927Z,179132591892700
"""Heech @ wzsls5Sz57"" bets 3.30",2026-10-06T22:31:43.030Z,179132590303000
"The player ""Barbie's Men @ 1MAe7RP1K5"" requested a seat.",2026-10-06T22:31:43.014Z,179132590301400
"""jaan @ O6Q78KIRx-"" checks",2026-10-06T22:31:39.341Z,179132589934100
"""Dih @ GO72Iwd2XL"" checks",2026-10-06T22:31:37.102Z,179132589710200
"Turn: 9♣, 7♠, 5♥ [K♠]",2026-10-06T22:31:30.638Z,179132589063800
"""Heech @ wzsls5Sz57"" checks",2026-10-06T22:31:29.824Z,179132588982400
"""jaan @ O6Q78KIRx-"" checks",2026-10-06T22:31:28.074Z,179132588807400
"""Dih @ GO72Iwd2XL"" checks",2026-10-06T22:31:24.266Z,179132588426600
"Flop:  [9♣, 7♠, 5♥]",2026-10-06T22:31:16.222Z,179132587622200
"""jaan @ O6Q78KIRx-"" calls 1.40",2026-10-06T22:31:15.410Z,179132587541000
"""Dih @ GO72Iwd2XL"" calls 1.40",2026-10-06T22:31:12.289Z,179132587228900
"""rowan @ GthBpPSqaK"" folds",2026-10-06T22:31:02.084Z,179132586208400
"""Rayan @ nhXZL_Cydv"" folds",2026-10-06T22:31:01.190Z,179132586119000
"""Heech @ wzsls5Sz57"" raises to 1.40",2026-10-06T22:30:59.889Z,179132585988900
"""jaan @ O6Q78KIRx-"" calls 0.20",2026-10-06T22:30:54.454Z,179132585445400
"""Dih @ GO72Iwd2XL"" calls 0.20",2026-10-06T22:30:52.620Z,179132585262000
"""rowan @ GthBpPSqaK"" posts a big blind of 0.20",2026-10-06T22:30:51.350Z,179132585135008
"""Rayan @ nhXZL_Cydv"" posts a small blind of 0.10",2026-10-06T22:30:51.350Z,179132585135007
"Player stacks: #1 ""Dih @ GO72Iwd2XL"" (33.73) | #2 ""jaan @ O6Q78KIRx-"" (23.18) | #3 ""Heech @ wzsls5Sz57"" (12.15) | #9 ""Rayan @ nhXZL_Cydv"" (23.90) | #10 ""rowan @ GthBpPSqaK"" (37.04)",2026-10-06T22:30:51.350Z,179132585135001
"-- starting hand #19 (id: gm4m0keoklas)  No Limit Texas Hold'em (dealer: ""Heech @ wzsls5Sz57"") --",2026-10-06T22:30:51.350Z,179132585135000
"-- ending hand #18 --",2026-10-06T22:30:45.384Z,179132584538402
"""Rayan @ nhXZL_Cydv"" collected 9.60 from pot",2026-10-06T22:30:45.384Z,179132584538401
"Uncalled bet of 4.40 returned to ""Rayan @ nhXZL_Cydv""",2026-10-06T22:30:45.384Z,179132584538400
"""Heech @ wzsls5Sz57"" folds",2026-10-06T22:30:44.569Z,179132584456900
"""jaan @ O6Q78KIRx-"" folds",2026-10-06T22:30:40.218Z,179132584021800
"""Dih @ GO72Iwd2XL"" folds",2026-10-06T22:30:37.243Z,179132583724300
"""Rayan @ nhXZL_Cydv"" bets 4.40",2026-10-06T22:30:35.565Z,179132583556500
"""Heech @ wzsls5Sz57"" checks",2026-10-06T22:30:30.213Z,179132583021300
"Flop:  [2♦, J♦, 7♣]",2026-10-06T22:30:27.148Z,179132582714800
"""Heech @ wzsls5Sz57"" calls 2.40",2026-10-06T22:30:26.343Z,179132582634300
"""jaan @ O6Q78KIRx-"" calls 2.40",2026-10-06T22:30:25.171Z,179132582517100
"""Dih @ GO72Iwd2XL"" calls 2.40",2026-10-06T22:30:14.788Z,179132581478800
"""Rayan @ nhXZL_Cydv"" raises to 2.40",2026-10-06T22:30:10.121Z,179132581012100
"""Heech @ wzsls5Sz57"" calls 0.60",2026-10-06T22:30:03.322Z,179132580332200
"""jaan @ O6Q78KIRx-"" calls 0.60",2026-10-06T22:29:57.449Z,179132579744900
"""Dih @ GO72Iwd2XL"" raises to 0.60",2026-10-06T22:29:41.666Z,179132578166600
"""rowan @ GthBpPSqaK"" folds",2026-10-06T22:29:38.645Z,179132577864500
"""Rayan @ nhXZL_Cydv"" posts a big blind of 0.20",2026-10-06T22:29:36.053Z,179132577605308
"""Heech @ wzsls5Sz57"" posts a small blind of 0.10",2026-10-06T22:29:36.053Z,179132577605307
"Player stacks: #1 ""Dih @ GO72Iwd2XL"" (36.13) | #2 ""jaan @ O6Q78KIRx-"" (25.58) | #3 ""Heech @ wzsls5Sz57"" (14.55) | #9 ""Rayan @ nhXZL_Cydv"" (16.70) | #10 ""rowan @ GthBpPSqaK"" (37.04)",2026-10-06T22:29:36.053Z,179132577605301
"-- starting hand #18 (id: hk5u9oy0p9ay)  No Limit Texas Hold'em (dealer: ""jaan @ O6Q78KIRx-"") --",2026-10-06T22:29:36.053Z,179132577605300
"-- ending hand #17 --",2026-10-06T22:29:33.085Z,179132577308502
"""Dih @ GO72Iwd2XL"" collected 10.60 from pot",2026-10-06T22:29:33.085Z,179132577308501
"Uncalled bet of 25.53 returned to ""Dih @ GO72Iwd2XL""",2026-10-06T22:29:33.085Z,179132577308500
"""Heech @ wzsls5Sz57"" folds",2026-10-06T22:29:32.279Z,179132577227900
"""Dih @ GO72Iwd2XL"" raises to 28.71 and go all in",2026-10-06T22:29:30.508Z,179132577050800
"""Heech @ wzsls5Sz57"" bets 3.18",2026-10-06T22:29:11.685Z,179132575168500
"River: Q♥, A♥, 10♦, J♦ [8♣]",2026-10-06T22:29:08.818Z,179132574881800
"""Dih @ GO72Iwd2XL"" calls 1.27",2026-10-06T22:29:07.988Z,179132574798800
"""Heech @ wzsls5Sz57"" bets 1.27",2026-10-06T22:29:03.824Z,179132574382400
"Turn: Q♥, A♥, 10♦ [J♦]",2026-10-06T22:29:00.291Z,179132574029100
"""Dih @ GO72Iwd2XL"" checks",2026-10-06T22:28:59.447Z,179132573944700
"""Heech @ wzsls5Sz57"" checks",2026-10-06T22:28:56.533Z,179132573653300
"Flop:  [Q♥, A♥, 10♦]",2026-10-06T22:28:54.243Z,179132573424300
"""Heech @ wzsls5Sz57"" calls 0.80",2026-10-06T22:28:53.408Z,179132573340800
"""jaan @ O6Q78KIRx-"" folds",2026-10-06T22:28:51.628Z,179132573162800
"""Dih @ GO72Iwd2XL"" raises to 0.80",2026-10-06T22:28:50.766Z,179132573076600
"""rowan @ GthBpPSqaK"" folds",2026-10-06T22:28:48.619Z,179132572861900
"""Rayan @ nhXZL_Cydv"" folds",2026-10-06T22:28:47.716Z,179132572771600
"""Heech @ wzsls5Sz57"" posts a big blind of 0.20",2026-10-06T22:28:46.883Z,179132572688308
"""jaan @ O6Q78KIRx-"" posts a small blind of 0.10",2026-10-06T22:28:46.883Z,179132572688307
"Player stacks: #1 ""Dih @ GO72Iwd2XL"" (30.78) | #2 ""jaan @ O6Q78KIRx-"" (25.68) | #3 ""Heech @ wzsls5Sz57"" (19.80) | #9 ""Rayan @ nhXZL_Cydv"" (16.70) | #10 ""rowan @ GthBpPSqaK"" (37.04)",2026-10-06T22:28:46.883Z,179132572688301
"-- starting hand #17 (id: oaisgtzfilvm)  No Limit Texas Hold'em (dealer: ""Dih @ GO72Iwd2XL"") --",2026-10-06T22:28:46.883Z,179132572688300
"""Heech @ wzsls5Sz57"" shows a Q♠.",2026-10-06T22:28:42.391Z,179132572239100
"-- ending hand #16 --",2026-10-06T22:28:40.276Z,179132572027602
"""jaan @ O6Q78KIRx-"" collected 7.80 from pot",2026-10-06T22:28:40.276Z,179132572027601
"Uncalled bet of 5.65 returned to ""jaan @ O6Q78KIRx-""",2026-10-06T22:28:40.276Z,179132572027600
"""Dih @ GO72Iwd2XL"" folds",2026-10-06T22:28:39.439Z,179132571943900
"""Rayan @ nhXZL_Cydv"" folds",2026-10-06T22:28:35.206Z,179132571520600
"""jaan @ O6Q78KIRx-"" bets 5.65",2026-10-06T22:28:28.114Z,179132570811400
"""Dih @ GO72Iwd2XL"" checks",2026-10-06T22:28:13.139Z,179132569313900
"Flop:  [7♦, 4♠, Q♦]",2026-10-06T22:28:10.050Z,179132569005000
"""Dih @ GO72Iwd2XL"" calls 2.60",2026-10-06T22:28:09.205Z,179132568920500
"""Rayan @ nhXZL_Cydv"" calls 2.60",2026-10-06T22:28:06.712Z,179132568671200
"""jaan @ O6Q78KIRx-"" raises to 2.60",2026-10-06T22:27:48.995Z,179132566899500
"""Dih @ GO72Iwd2XL"" calls 0.80",2026-10-06T22:27:42.324Z,179132566232400
"""rowan @ GthBpPSqaK"" folds",2026-10-06T22:27:41.329Z,179132566132900
"""Rayan @ nhXZL_Cydv"" raises to 0.80",2026-10-06T22:27:40.352Z,179132566035200
"""Heech @ wzsls5Sz57"" folds",2026-10-06T22:27:37.438Z,179132565743800
"""jaan @ O6Q78KIRx-"" posts a big blind of 0.20",2026-10-06T22:27:34.661Z,179132565466108
"""Dih @ GO72Iwd2XL"" posts a small blind of 0.10",2026-10-06T22:27:34.661Z,179132565466107
"Player stacks: #1 ""Dih @ GO72Iwd2XL"" (33.38) | #2 ""jaan @ O6Q78KIRx-"" (20.48) | #3 ""Heech @ wzsls5Sz57"" (19.80) | #9 ""Rayan @ nhXZL_Cydv"" (19.30) | #10 ""rowan @ GthBpPSqaK"" (37.04)",2026-10-06T22:27:34.661Z,179132565466101
"-- starting hand #16 (id: w0kgdfejfkfz)  No Limit Texas Hold'em (dealer: ""rowan @ GthBpPSqaK"") --",2026-10-06T22:27:34.661Z,179132565466100
"""Dih @ GO72Iwd2XL"" shows a A♣, A♦.",2026-10-06T22:27:29.505Z,179132564950500
"""Rayan @ nhXZL_Cydv"" shows a J♠, Q♣.",2026-10-06T22:27:29.177Z,179132564917700
"""rowan @ GthBpPSqaK"" shows a J♦, K♠.",2026-10-06T22:27:27.817Z,179132564781700
"-- ending hand #15 --",2026-10-06T22:27:26.657Z,179132564665702
"""Dih @ GO72Iwd2XL"" collected 6.20 from pot",2026-10-06T22:27:26.657Z,179132564665701
"Uncalled bet of 3.30 returned to ""Dih @ GO72Iwd2XL""",2026-10-06T22:27:26.657Z,179132564665700
"""rowan @ GthBpPSqaK"" folds",2026-10-06T22:27:25.796Z,179132564579600
"""Dih @ GO72Iwd2XL"" bets 3.30",2026-10-06T22:27:24.107Z,179132564410700
"""rowan @ GthBpPSqaK"" checks",2026-10-06T22:27:19.335Z,179132563933500
"Flop:  [3♥, 7♥, 5♣]",2026-10-06T22:27:17.956Z,179132563795600
"""rowan @ GthBpPSqaK"" calls 2.60",2026-10-06T22:27:17.145Z,179132563714500
"""Rayan @ nhXZL_Cydv"" folds",2026-10-06T22:27:15.310Z,179132563531000
"""Heech @ wzsls5Sz57"" folds",2026-10-06T22:27:13.483Z,179132563348300
"""Dih @ GO72Iwd2XL"" raises to 2.60",2026-10-06T22:27:11.323Z,179132563132300
"""rowan @ GthBpPSqaK"" calls 0.80",2026-10-06T22:27:06.674Z,179132562667400
"""Rayan @ nhXZL_Cydv"" raises to 0.80",2026-10-06T22:27:04.838Z,179132562483800
"""Heech @ wzsls5Sz57"" calls 0.20",2026-10-06T22:27:00.719Z,179132562071900
"""jaan @ O6Q78KIRx-"" folds",2026-10-06T22:26:57.276Z,179132561727600
"""Dih @ GO72Iwd2XL"" posts a big blind of 0.20",2026-10-06T22:26:49.970Z,179132560997009
"""rowan @ GthBpPSqaK"" posts a small blind of 0.10",2026-10-06T22:26:49.970Z,179132560997008
"Player stacks: #1 ""Dih @ GO72Iwd2XL"" (29.78) | #2 ""jaan @ O6Q78KIRx-"" (20.48) | #3 ""Heech @ wzsls5Sz57"" (20.00) | #9 ""Rayan @ nhXZL_Cydv"" (20.10) | #10 ""rowan @ GthBpPSqaK"" (39.64)",2026-10-06T22:26:49.970Z,179132560997002
"-- starting hand #15 (id: nsubi9nr9tqc)  No Limit Texas Hold'em (dealer: ""Rayan @ nhXZL_Cydv"") --",2026-10-06T22:26:49.970Z,179132560997001
"The player ""Heech @ wzsls5Sz57"" joined the game with a stack of 20.00.",2026-10-06T22:26:49.970Z,179132560997000
"The admin approved the player ""Heech @ wzsls5Sz57"" participation with a stack of 20.00.",2026-10-06T22:26:47.995Z,179132560799500
"""rowan @ GthBpPSqaK"" shows a K♣.",2026-10-06T22:26:46.509Z,179132560650900
"The player ""Heech @ wzsls5Sz57"" requested a seat.",2026-10-06T22:26:46.107Z,179132560610700
"""Rayan @ nhXZL_Cydv"" shows a 4♠.",2026-10-06T22:26:44.543Z,179132560454300
"-- ending hand #14 --",2026-10-06T22:26:42.662Z,179132560266202
"""rowan @ GthBpPSqaK"" collected 2.10 from pot",2026-10-06T22:26:42.662Z,179132560266201
"Uncalled bet of 1.05 returned to ""rowan @ GthBpPSqaK""",2026-10-06T22:26:42.662Z,179132560266200
"""jaan @ O6Q78KIRx-"" folds",2026-10-06T22:26:41.823Z,179132560182300
"""rowan @ GthBpPSqaK"" bets 1.05",2026-10-06T22:26:39.488Z,179132559948800
"Flop:  [2♦, 4♥, 2♠]",2026-10-06T22:26:31.958Z,179132559195800
"""jaan @ O6Q78KIRx-"" calls 1.00",2026-10-06T22:26:31.113Z,179132559111300
"""rowan @ GthBpPSqaK"" raises to 1.00",2026-10-06T22:26:27.282Z,179132558728200
"""Rayan @ nhXZL_Cydv"" folds",2026-10-06T22:26:25.034Z,179132558503400
"""jaan @ O6Q78KIRx-"" calls 0.20",2026-10-06T22:26:24.066Z,179132558406600
"""Dih @ GO72Iwd2XL"" folds",2026-10-06T22:26:22.923Z,179132558292300
"""rowan @ GthBpPSqaK"" posts a big blind of 0.20",2026-10-06T22:26:21.456Z,179132558145607
"""Rayan @ nhXZL_Cydv"" posts a small blind of 0.10",2026-10-06T22:26:21.456Z,179132558145606
"Player stacks: #1 ""Dih @ GO72Iwd2XL"" (29.78) | #2 ""jaan @ O6Q78KIRx-"" (21.48) | #9 ""Rayan @ nhXZL_Cydv"" (20.20) | #10 ""rowan @ GthBpPSqaK"" (38.54)",2026-10-06T22:26:21.456Z,179132558145601
"-- starting hand #14 (id: rficfse0r6qz)  No Limit Texas Hold'em (dealer: ""jaan @ O6Q78KIRx-"") --",2026-10-06T22:26:21.456Z,179132558145600
"-- ending hand #13 --",2026-10-06T22:26:15.447Z,179132557544703
"""Rayan @ nhXZL_Cydv"" collected 0.40 from pot with Pair, 6's (combination: 10♠, Q♠, A♦, 6♠, 6♦)",2026-10-06T22:26:15.447Z,179132557544702
"""Rayan @ nhXZL_Cydv"" shows a 5♥, 6♠.",2026-10-06T22:26:15.447Z,179132557544701
"""jaan @ O6Q78KIRx-"" shows a 4♣, 7♦.",2026-10-06T22:26:15.447Z,179132557544700
"""Rayan @ nhXZL_Cydv"" checks",2026-10-06T22:26:14.592Z,179132557459200
"""jaan @ O6Q78KIRx-"" checks",2026-10-06T22:26:13.575Z,179132557357500
"River: 9♥, 6♦, 10♠, A♦ [Q♠]",2026-10-06T22:26:12.848Z,179132557284800
"""Rayan @ nhXZL_Cydv"" checks",2026-10-06T22:26:11.981Z,179132557198100
"""jaan @ O6Q78KIRx-"" checks",2026-10-06T22:26:11.060Z,179132557106000
"Turn: 9♥, 6♦, 10♠ [A♦]",2026-10-06T22:26:07.925Z,179132556792500
"""Rayan @ nhXZL_Cydv"" checks",2026-10-06T22:26:07.065Z,179132556706500
"""jaan @ O6Q78KIRx-"" checks",2026-10-06T22:26:06.055Z,179132556605500
"Flop:  [9♥, 6♦, 10♠]",2026-10-06T22:26:04.606Z,179132556460600
"""Rayan @ nhXZL_Cydv"" checks",2026-10-06T22:26:03.782Z,179132556378200
"""jaan @ O6Q78KIRx-"" calls 0.20",2026-10-06T22:26:02.617Z,179132556261700
"""Dih @ GO72Iwd2XL"" folds",2026-10-06T22:26:01.577Z,179132556157700
"""rowan @ GthBpPSqaK"" folds",2026-10-06T22:26:00.556Z,179132556055600
"""Rayan @ nhXZL_Cydv"" posts a big blind of 0.20",2026-10-06T22:25:59.280Z,179132555928008
"""jaan @ O6Q78KIRx-"" posts a small blind of 0.10",2026-10-06T22:25:59.280Z,179132555928007
"Player stacks: #1 ""Dih @ GO72Iwd2XL"" (29.78) | #2 ""jaan @ O6Q78KIRx-"" (21.68) | #9 ""Rayan @ nhXZL_Cydv"" (20.00) | #10 ""rowan @ GthBpPSqaK"" (38.54)",2026-10-06T22:25:59.280Z,179132555928002
"-- starting hand #13 (id: lpswfglqtlrx)  No Limit Texas Hold'em (dealer: ""Dih @ GO72Iwd2XL"") --",2026-10-06T22:25:59.280Z,179132555928001
"The player ""Rayan @ nhXZL_Cydv"" joined the game with a stack of 20.00.",2026-10-06T22:25:59.280Z,179132555928000
"-- ending hand #12 --",2026-10-06T22:25:53.274Z,179132555327403
"""jaan @ O6Q78KIRx-"" collected 0.40 from pot with Two Pair, K's & 10's (combination: 8♠, 10♦, 10♣, K♣, K♠)",2026-10-06T22:25:53.274Z,179132555327402
"""jaan @ O6Q78KIRx-"" shows a 10♦, 6♥.",2026-10-06T22:25:53.274Z,179132555327401
"""Dih @ GO72Iwd2XL"" shows a 4♥, 5♠.",2026-10-06T22:25:53.274Z,179132555327400
"""jaan @ O6Q78KIRx-"" checks",2026-10-06T22:25:52.416Z,179132555241600
"""Dih @ GO72Iwd2XL"" checks",2026-10-06T22:25:50.138Z,179132555013800
"River: 8♠, 5♦, K♣, K♠ [10♣]",2026-10-06T22:25:49.167Z,179132554916700
"""jaan @ O6Q78KIRx-"" checks",2026-10-06T22:25:48.318Z,179132554831800
"""Dih @ GO72Iwd2XL"" checks",2026-10-06T22:25:47.073Z,179132554707300
"Turn: 8♠, 5♦, K♣ [K♠]",2026-10-06T22:25:46.069Z,179132554606900
"""jaan @ O6Q78KIRx-"" checks",2026-10-06T22:25:45.201Z,179132554520100
"""Dih @ GO72Iwd2XL"" checks",2026-10-06T22:25:44.048Z,179132554404800
"Flop:  [8♠, 5♦, K♣]",2026-10-06T22:25:42.113Z,179132554211300
"""jaan @ O6Q78KIRx-"" checks",2026-10-06T22:25:41.294Z,179132554129400
"""Dih @ GO72Iwd2XL"" calls 0.20",2026-10-06T22:25:40.455Z,179132554045500
"""rowan @ GthBpPSqaK"" folds",2026-10-06T22:25:38.615Z,179132553861500
"The admin approved the player ""Rayan @ nhXZL_Cydv"" participation with a stack of 20.00.",2026-10-06T22:25:37.609Z,179132553760900
"""jaan @ O6Q78KIRx-"" posts a big blind of 0.20",2026-10-06T22:25:37.465Z,179132553746506
"""Dih @ GO72Iwd2XL"" posts a small blind of 0.10",2026-10-06T22:25:37.465Z,179132553746505
"Player stacks: #1 ""Dih @ GO72Iwd2XL"" (29.98) | #2 ""jaan @ O6Q78KIRx-"" (21.48) | #10 ""rowan @ GthBpPSqaK"" (38.54)",2026-10-06T22:25:37.465Z,179132553746501
"-- starting hand #12 (id: m6b99gsu6rxa)  No Limit Texas Hold'em (dealer: ""rowan @ GthBpPSqaK"") --",2026-10-06T22:25:37.465Z,179132553746500
"The player ""Rayan @ nhXZL_Cydv"" requested a seat.",2026-10-06T22:25:36.018Z,179132553601800
"""rowan @ GthBpPSqaK"" shows a 6♣, A♣.",2026-10-06T22:25:33.838Z,179132553383800
"-- ending hand #11 --",2026-10-06T22:25:30.856Z,179132553085602
"""Dih @ GO72Iwd2XL"" collected 5.60 from pot",2026-10-06T22:25:30.856Z,179132553085601
"Uncalled bet of 3.80 returned to ""Dih @ GO72Iwd2XL""",2026-10-06T22:25:30.856Z,179132553085600
"""jaan @ O6Q78KIRx-"" folds",2026-10-06T22:25:29.988Z,179132552998800
"""Dih @ GO72Iwd2XL"" bets 3.80",2026-10-06T22:25:26.774Z,179132552677400
"Turn: 5♥, Q♠, 8♥ [2♣]",2026-10-06T22:25:20.850Z,179132552085000
"""rowan @ GthBpPSqaK"" folds",2026-10-06T22:25:20.028Z,179132552002800
"""jaan @ O6Q78KIRx-"" calls 1.60",2026-10-06T22:25:18.892Z,179132551889200
"""Dih @ GO72Iwd2XL"" bets 1.60",2026-10-06T22:25:16.180Z,179132551618000
"""rowan @ GthBpPSqaK"" checks",2026-10-06T22:25:12.341Z,179132551234100
"Flop:  [5♥, Q♠, 8♥]",2026-10-06T22:25:11.008Z,179132551100800
"""jaan @ O6Q78KIRx-"" calls 0.80",2026-10-06T22:25:10.177Z,179132551017700
"""Dih @ GO72Iwd2XL"" calls 0.80",2026-10-06T22:25:08.684Z,179132550868400
"""rowan @ GthBpPSqaK"" raises to 0.80",2026-10-06T22:25:06.596Z,179132550659600
"""jaan @ O6Q78KIRx-"" calls 0.20",2026-10-06T22:25:01.106Z,179132550110600
"""Dih @ GO72Iwd2XL"" posts a big blind of 0.20",2026-10-06T22:24:59.869Z,179132549986906
"""rowan @ GthBpPSqaK"" posts a small blind of 0.10",2026-10-06T22:24:59.869Z,179132549986905
"Player stacks: #1 ""Dih @ GO72Iwd2XL"" (26.78) | #2 ""jaan @ O6Q78KIRx-"" (23.88) | #10 ""rowan @ GthBpPSqaK"" (39.34)",2026-10-06T22:24:59.869Z,179132549986901
"-- starting hand #11 (id: 6ml1m4kamfsr)  No Limit Texas Hold'em (dealer: ""jaan @ O6Q78KIRx-"") --",2026-10-06T22:24:59.869Z,179132549986900
"""Dih @ GO72Iwd2XL"" shows a 8♠.",2026-10-06T22:24:55.691Z,179132549569100
"""rowan @ GthBpPSqaK"" shows a 2♠, 6♠.",2026-10-06T22:24:53.900Z,179132549390000
"""jaan @ O6Q78KIRx-"" shows a Q♦.",2026-10-06T22:24:53.274Z,179132549327400
"-- ending hand #10 --",2026-10-06T22:24:51.864Z,179132549186402
"""rowan @ GthBpPSqaK"" collected 13.41 from pot",2026-10-06T22:24:51.864Z,179132549186401
"Uncalled bet of 6.70 returned to ""rowan @ GthBpPSqaK""",2026-10-06T22:24:51.864Z,179132549186400
"""jaan @ O6Q78KIRx-"" folds",2026-10-06T22:24:51.059Z,179132549105900
"""Dih @ GO72Iwd2XL"" folds",2026-10-06T22:24:36.957Z,179132547695700
"""rowan @ GthBpPSqaK"" bets 6.70",2026-10-06T22:24:25.968Z,179132546596800
"""jaan @ O6Q78KIRx-"" checks",2026-10-06T22:24:23.576Z,179132546357600
"Turn: 4♠, Q♠, 2♣ [5♠]",2026-10-06T22:24:11.196Z,179132545119600
"""Dih @ GO72Iwd2XL"" calls 3.87",2026-10-06T22:24:10.368Z,179132545036800
"""rowan @ GthBpPSqaK"" calls 3.87",2026-10-06T22:24:08.314Z,179132544831400
"""jaan @ O6Q78KIRx-"" raises to 3.87",2026-10-06T22:24:06.387Z,179132544638700
"""Dih @ GO72Iwd2XL"" calls 0.90",2026-10-06T22:23:59.474Z,179132543947400
"""rowan @ GthBpPSqaK"" bets 0.90",2026-10-06T22:23:57.643Z,179132543764300
"""jaan @ O6Q78KIRx-"" checks",2026-10-06T22:23:55.050Z,179132543505000
"Flop:  [4♠, Q♠, 2♣]",2026-10-06T22:23:51.262Z,179132543126200
"""rowan @ GthBpPSqaK"" calls 0.60",2026-10-06T22:23:50.414Z,179132543041400
"""jaan @ O6Q78KIRx-"" calls 0.60",2026-10-06T22:23:48.915Z,179132542891500
"""Dih @ GO72Iwd2XL"" raises to 0.60",2026-10-06T22:23:47.702Z,179132542770200
"""rowan @ GthBpPSqaK"" posts a big blind of 0.20",2026-10-06T22:23:44.682Z,179132542468206
"""jaan @ O6Q78KIRx-"" posts a small blind of 0.10",2026-10-06T22:23:44.682Z,179132542468205
"Player stacks: #1 ""Dih @ GO72Iwd2XL"" (31.25) | #2 ""jaan @ O6Q78KIRx-"" (28.35) | #10 ""rowan @ GthBpPSqaK"" (30.40)",2026-10-06T22:23:44.682Z,179132542468201
"-- starting hand #10 (id: z0nmwpcvsfbj)  No Limit Texas Hold'em (dealer: ""Dih @ GO72Iwd2XL"") --",2026-10-06T22:23:44.682Z,179132542468200
"""jaan @ O6Q78KIRx-"" shows a 8♦, 4♠.",2026-10-06T22:23:42.344Z,179132542234400
"-- ending hand #9 --",2026-10-06T22:23:41.056Z,179132542105601
"""jaan @ O6Q78KIRx-"" collected 0.40 from pot",2026-10-06T22:23:41.056Z,179132542105600
"""Dih @ GO72Iwd2XL"" folds",2026-10-06T22:23:40.206Z,179132542020600
"River: Q♣, 10♦, 5♦, 6♥ [K♣]",2026-10-06T22:23:36.563Z,179132541656300
"""jaan @ O6Q78KIRx-"" checks",2026-10-06T22:23:35.714Z,179132541571400
"""Dih @ GO72Iwd2XL"" checks",2026-10-06T22:23:34.785Z,179132541478500
"Turn: Q♣, 10♦, 5♦ [6♥]",2026-10-06T22:23:33.359Z,179132541335900
"""jaan @ O6Q78KIRx-"" checks",2026-10-06T22:23:32.480Z,179132541248000
"""Dih @ GO72Iwd2XL"" checks",2026-10-06T22:23:31.641Z,179132541164100
"Flop:  [Q♣, 10♦, 5♦]",2026-10-06T22:23:29.957Z,179132540995700
"""jaan @ O6Q78KIRx-"" checks",2026-10-06T22:23:29.074Z,179132540907400
"""Dih @ GO72Iwd2XL"" calls 0.20",2026-10-06T22:23:28.220Z,179132540822000
"""rowan @ GthBpPSqaK"" folds",2026-10-06T22:23:27.203Z,179132540720300
"""jaan @ O6Q78KIRx-"" posts a big blind of 0.20",2026-10-06T22:23:26.158Z,179132540615806
"""Dih @ GO72Iwd2XL"" posts a small blind of 0.10",2026-10-06T22:23:26.158Z,179132540615805
"Player stacks: #1 ""Dih @ GO72Iwd2XL"" (31.45) | #2 ""jaan @ O6Q78KIRx-"" (28.15) | #10 ""rowan @ GthBpPSqaK"" (30.40)",2026-10-06T22:23:26.158Z,179132540615801
"-- starting hand #9 (id: 36z43orfvoap)  No Limit Texas Hold'em (dealer: ""rowan @ GthBpPSqaK"") --",2026-10-06T22:23:26.158Z,179132540615800
"-- ending hand #8 --",2026-10-06T22:23:20.243Z,179132540024302
"""Dih @ GO72Iwd2XL"" collected 2.60 from pot",2026-10-06T22:23:20.243Z,179132540024301
"Uncalled bet of 1.70 returned to ""Dih @ GO72Iwd2XL""",2026-10-06T22:23:20.243Z,179132540024300
"""jaan @ O6Q78KIRx-"" folds",2026-10-06T22:23:19.429Z,179132539942900
"""Dih @ GO72Iwd2XL"" bets 1.70",2026-10-06T22:23:16.887Z,179132539688700
"Turn: K♣, A♠, 10♥ [10♠]",2026-10-06T22:23:11.504Z,179132539150400
"""jaan @ O6Q78KIRx-"" calls 0.65",2026-10-06T22:23:10.653Z,179132539065300
"""Dih @ GO72Iwd2XL"" bets 0.65",2026-10-06T22:23:06.725Z,179132538672500
"Flop:  [K♣, A♠, 10♥]",2026-10-06T22:22:58.234Z,179132537823400
"""jaan @ O6Q78KIRx-"" calls 0.60",2026-10-06T22:22:57.398Z,179132537739800
"""Dih @ GO72Iwd2XL"" raises to 0.60",2026-10-06T22:22:52.417Z,179132537241700
"""rowan @ GthBpPSqaK"" folds",2026-10-06T22:22:47.789Z,179132536778900
"""jaan @ O6Q78KIRx-"" calls 0.20",2026-10-06T22:22:45.394Z,179132536539400
"""Dih @ GO72Iwd2XL"" posts a big blind of 0.20",2026-10-06T22:22:44.269Z,179132536426906
"""rowan @ GthBpPSqaK"" posts a small blind of 0.10",2026-10-06T22:22:44.269Z,179132536426905
"Player stacks: #1 ""Dih @ GO72Iwd2XL"" (30.10) | #2 ""jaan @ O6Q78KIRx-"" (29.40) | #10 ""rowan @ GthBpPSqaK"" (30.50)",2026-10-06T22:22:44.269Z,179132536426901
"-- starting hand #8 (id: 86icgimtplbz)  No Limit Texas Hold'em (dealer: ""jaan @ O6Q78KIRx-"") --",2026-10-06T22:22:44.269Z,179132536426900
"""jaan @ O6Q78KIRx-"" shows a 9♣, 10♣.",2026-10-06T22:22:40.030Z,179132536003000
"""Dih @ GO72Iwd2XL"" shows a 10♦, 10♠.",2026-10-06T22:22:37.966Z,179132535796600
"-- ending hand #7 --",2026-10-06T22:22:36.947Z,179132535694702
"""Dih @ GO72Iwd2XL"" collected 1.80 from pot",2026-10-06T22:22:36.947Z,179132535694701
"Uncalled bet of 1.10 returned to ""Dih @ GO72Iwd2XL""",2026-10-06T22:22:36.947Z,179132535694700
"""rowan @ GthBpPSqaK"" folds",2026-10-06T22:22:36.122Z,179132535612200
"""jaan @ O6Q78KIRx-"" folds",2026-10-06T22:22:35.132Z,179132535513200
"""Dih @ GO72Iwd2XL"" bets 1.10",2026-10-06T22:22:32.318Z,179132535231800
"""rowan @ GthBpPSqaK"" checks",2026-10-06T22:22:29.036Z,179132534903600
"""jaan @ O6Q78KIRx-"" checks",2026-10-06T22:22:24.837Z,179132534483700
"Flop:  [9♠, A♦, 2♥]",2026-10-06T22:22:23.544Z,179132534354400
"""rowan @ GthBpPSqaK"" calls 0.60",2026-10-06T22:22:22.660Z,179132534266000
"""jaan @ O6Q78KIRx-"" calls 0.60",2026-10-06T22:22:21.274Z,179132534127400
"""Dih @ GO72Iwd2XL"" raises to 0.60",2026-10-06T22:22:19.775Z,179132533977500
"""rowan @ GthBpPSqaK"" posts a big blind of 0.20",2026-10-06T22:22:15.727Z,179132533572707
"""jaan @ O6Q78KIRx-"" posts a small blind of 0.10",2026-10-06T22:22:15.727Z,179132533572706
"Player stacks: #1 ""Dih @ GO72Iwd2XL"" (28.90) | #2 ""jaan @ O6Q78KIRx-"" (30.00) | #10 ""rowan @ GthBpPSqaK"" (31.10)",2026-10-06T22:22:15.727Z,179132533572702
"-- starting hand #7 (id: i0u3n6zh32sf)  No Limit Texas Hold'em (dealer: ""Dih @ GO72Iwd2XL"") --",2026-10-06T22:22:15.727Z,179132533572701
"The player ""jaan @ O6Q78KIRx-"" joined the game with a stack of 30.00.",2026-10-06T22:22:15.727Z,179132533572700
"The admin approved the player ""jaan @ O6Q78KIRx-"" participation with a stack of 30.00.",2026-10-06T22:22:12.132Z,179132533213200
"The player ""jaan @ O6Q78KIRx-"" requested a seat.",2026-10-06T22:22:10.277Z,179132533027700
"-- ending hand #6 --",2026-10-06T22:22:09.800Z,179132532980002
"""Dih @ GO72Iwd2XL"" collected 0.20 from pot",2026-10-06T22:22:09.800Z,179132532980001
"Uncalled bet of 0.10 returned to ""Dih @ GO72Iwd2XL""",2026-10-06T22:22:09.800Z,179132532980000
"""rowan @ GthBpPSqaK"" folds",2026-10-06T22:22:08.957Z,179132532895700
"""Dih @ GO72Iwd2XL"" posts a big blind of 0.20",2026-10-06T22:22:07.523Z,179132532752305
"""rowan @ GthBpPSqaK"" posts a small blind of 0.10",2026-10-06T22:22:07.523Z,179132532752304
"Player stacks: #1 ""Dih @ GO72Iwd2XL"" (28.80) | #10 ""rowan @ GthBpPSqaK"" (31.20)",2026-10-06T22:22:07.523Z,179132532752301
"-- starting hand #6 (id: rqjm47qudpph)  No Limit Texas Hold'em (dealer: ""rowan @ GthBpPSqaK"") --",2026-10-06T22:22:07.523Z,179132532752300
"-- ending hand #5 --",2026-10-06T22:22:01.610Z,179132532161002
"""rowan @ GthBpPSqaK"" collected 0.20 from pot",2026-10-06T22:22:01.610Z,179132532161001
"Uncalled bet of 0.10 returned to ""rowan @ GthBpPSqaK""",2026-10-06T22:22:01.610Z,179132532161000
"""Dih @ GO72Iwd2XL"" folds",2026-10-06T22:22:00.703Z,179132532070300
"""rowan @ GthBpPSqaK"" posts a big blind of 0.20",2026-10-06T22:21:59.348Z,179132531934805
"""Dih @ GO72Iwd2XL"" posts a small blind of 0.10",2026-10-06T22:21:59.348Z,179132531934804
"Player stacks: #1 ""Dih @ GO72Iwd2XL"" (28.90) | #10 ""rowan @ GthBpPSqaK"" (31.10)",2026-10-06T22:21:59.348Z,179132531934801
"-- starting hand #5 (id: ipzhwqv5bvmb)  No Limit Texas Hold'em (dealer: ""Dih @ GO72Iwd2XL"") --",2026-10-06T22:21:59.348Z,179132531934800
"-- ending hand #4 --",2026-10-06T22:21:53.389Z,179132531338902
"""rowan @ GthBpPSqaK"" collected 0.40 from pot",2026-10-06T22:21:53.389Z,179132531338901
"Uncalled bet of 0.40 returned to ""rowan @ GthBpPSqaK""",2026-10-06T22:21:53.389Z,179132531338900
"""Dih @ GO72Iwd2XL"" folds",2026-10-06T22:21:52.575Z,179132531257500
"""rowan @ GthBpPSqaK"" raises to 0.60",2026-10-06T22:21:47.124Z,179132530712400
"""Dih @ GO72Iwd2XL"" posts a big blind of 0.20",2026-10-06T22:21:45.241Z,179132530524105
"""rowan @ GthBpPSqaK"" posts a small blind of 0.10",2026-10-06T22:21:45.241Z,179132530524104
"Player stacks: #1 ""Dih @ GO72Iwd2XL"" (29.10) | #10 ""rowan @ GthBpPSqaK"" (30.90)",2026-10-06T22:21:45.241Z,179132530524101
"-- starting hand #4 (id: lamol0y7lqns)  No Limit Texas Hold'em (dealer: ""rowan @ GthBpPSqaK"") --",2026-10-06T22:21:45.241Z,179132530524100
"""rowan @ GthBpPSqaK"" shows a 3♥, J♦.",2026-10-06T22:21:39.669Z,179132529966900
"-- ending hand #3 --",2026-10-06T22:21:38.629Z,179132529862902
"""rowan @ GthBpPSqaK"" collected 0.40 from pot",2026-10-06T22:21:38.629Z,179132529862901
"Uncalled bet of 0.40 returned to ""rowan @ GthBpPSqaK""",2026-10-06T22:21:38.629Z,179132529862900
"""Dih @ GO72Iwd2XL"" folds",2026-10-06T22:21:37.785Z,179132529778500
"""rowan @ GthBpPSqaK"" bets 0.40",2026-10-06T22:21:35.052Z,179132529505200
"Flop:  [Q♦, J♣, 3♦]",2026-10-06T22:21:32.409Z,179132529240900
"""rowan @ GthBpPSqaK"" checks",2026-10-06T22:21:31.594Z,179132529159400
"""Dih @ GO72Iwd2XL"" calls 0.20",2026-10-06T22:21:30.741Z,179132529074100
"""rowan @ GthBpPSqaK"" posts a big blind of 0.20",2026-10-06T22:21:25.607Z,179132528560705
"""Dih @ GO72Iwd2XL"" posts a small blind of 0.10",2026-10-06T22:21:25.607Z,179132528560704
"Player stacks: #1 ""Dih @ GO72Iwd2XL"" (29.30) | #10 ""rowan @ GthBpPSqaK"" (30.70)",2026-10-06T22:21:25.607Z,179132528560701
"-- starting hand #3 (id: 3glmhuiin1vo)  No Limit Texas Hold'em (dealer: ""Dih @ GO72Iwd2XL"") --",2026-10-06T22:21:25.607Z,179132528560700
"-- ending hand #2 --",2026-10-06T22:21:19.666Z,179132527966602
"""rowan @ GthBpPSqaK"" collected 1.20 from pot",2026-10-06T22:21:19.666Z,179132527966601
"Uncalled bet of 0.60 returned to ""rowan @ GthBpPSqaK""",2026-10-06T22:21:19.666Z,179132527966600
"""Dih @ GO72Iwd2XL"" folds",2026-10-06T22:21:18.822Z,179132527882200
"""rowan @ GthBpPSqaK"" bets 0.60",2026-10-06T22:21:16.918Z,179132527691800
"""Dih @ GO72Iwd2XL"" checks",2026-10-06T22:21:12.224Z,179132527222400
"Flop:  [Q♣, 4♠, 9♥]",2026-10-06T22:21:10.460Z,179132527046000
"""Dih @ GO72Iwd2XL"" calls 0.60",2026-10-06T22:21:09.655Z,179132526965500
"""rowan @ GthBpPSqaK"" raises to 0.60",2026-10-06T22:21:08.673Z,179132526867300
"""Dih @ GO72Iwd2XL"" posts a big blind of 0.20",2026-10-06T22:21:06.187Z,179132526618705
"""rowan @ GthBpPSqaK"" posts a small blind of 0.10",2026-10-06T22:21:06.187Z,179132526618704
"Player stacks: #1 ""Dih @ GO72Iwd2XL"" (29.90) | #10 ""rowan @ GthBpPSqaK"" (30.10)",2026-10-06T22:21:06.187Z,179132526618701
"-- starting hand #2 (id: 14ujalxl6qfo)  No Limit Texas Hold'em (dealer: ""rowan @ GthBpPSqaK"") --",2026-10-06T22:21:06.187Z,179132526618700
"-- ending hand #1 --",2026-10-06T22:21:00.277Z,179132526027702
"""rowan @ GthBpPSqaK"" collected 0.20 from pot",2026-10-06T22:21:00.277Z,179132526027701
"Uncalled bet of 0.10 returned to ""rowan @ GthBpPSqaK""",2026-10-06T22:21:00.277Z,179132526027700
"""Dih @ GO72Iwd2XL"" folds",2026-10-06T22:20:59.458Z,179132525945800
"""rowan @ GthBpPSqaK"" posts a big blind of 0.20",2026-10-06T22:20:56.642Z,179132525664207
"""Dih @ GO72Iwd2XL"" posts a small blind of 0.10",2026-10-06T22:20:56.642Z,179132525664206
"Player stacks: #1 ""Dih @ GO72Iwd2XL"" (30.00) | #10 ""rowan @ GthBpPSqaK"" (30.00)",2026-10-06T22:20:56.642Z,179132525664203
"The player ""rowan @ GthBpPSqaK"" joined the game with a stack of 30.00.",2026-10-06T22:20:56.642Z,179132525664202
"The player ""Dih @ GO72Iwd2XL"" joined the game with a stack of 30.00.",2026-10-06T22:20:56.642Z,179132525664201
"-- starting hand #1 (id: o8zrkcvevett)  No Limit Texas Hold'em (dealer: ""Dih @ GO72Iwd2XL"") --",2026-10-06T22:20:56.642Z,179132525664200
"The admin approved the player ""rowan @ GthBpPSqaK"" participation with a stack of 30.00.",2026-10-06T22:20:31.970Z,179132523197000
"The player ""rowan @ GthBpPSqaK"" requested a seat.",2026-10-06T22:20:28.198Z,179132522819800
"The admin approved the player ""Dih @ GO72Iwd2XL"" participation with a stack of 30.00.",2026-10-06T16:42:20.923Z,179130494092301
"The player ""Dih @ GO72Iwd2XL"" requested a seat.",2026-10-06T16:42:20.923Z,179130494092300
"Game Config Changes
* Allow Straddle: off » on
* Allow Rebuy: off » on
* Show All Hands when Bets Finish in All-in: on » off
* Rabbit Hunt: off » on
* Allow Run it Twice: no » ask players",2026-10-06T16:42:14.196Z,179130493419600
"Game Config Changes
* Cents Mode: off » on",2026-10-06T16:41:36.617Z,179130489661700
"The game's ante was changed from 0 to 0.",2026-10-06T16:41:16.795Z,179130487679501
"Game Config Changes
* Nit Minimum Players: off » 3
* Allow Rebuy: off » off
* Blind Schedule: L1: 10/20 » L1: 10/20
* Decision Limit Time: 20s » 45s
* Max Time Bank: 10s » 15s
* Hands to Full Refill Time Bank: 10 » 5
* Restart Blind Schedule at Level: none » 1",2026-10-06T16:41:16.795Z,179130487679500
